system,system_label,method,kcut,temperature_K,coanion,salt,quantity,x_Cl,x_I,x_coanion,mu_ex,mu_ex_units,mu_ex_kBT,mu_ex_eV,mu_ex_kJ_mol,mu_ex_raw_kBT,mu_ex_reference_kBT,reference_x_Cl,reference_x_coanion,source_s0_csv,source_split,mu_ex_std_split1_to3,mu_ex_se_split1_to3,mu_ex_kBT_std_split1_to3,mu_ex_kBT_se_split1_to3,mu_ex_uncertainty_n_splits
NaClIWater,NaCl/NaI/water,"BC S-loss, fixed kappa_D",0.005,298.15,I,NaCl,neutral ion-pair NaCl: mu_Na + mu_Cl,0.0,0.0,0.0,0.0,kJ/mol,0.0,0.0,0.0,0.014426048259867806,0.014426048259867806,0.0,0.0,NaClIWater/data/S0_NaClIWater_matrix_BC_s_loss_split0.csv,0,0.0,0.0,0.0,0.0,3
NaClIWater,NaCl/NaI/water,"BC S-loss, fixed kappa_D",0.005,298.15,I,NaCl,neutral ion-pair NaCl: mu_Na + mu_Cl,0.0,0.0025,0.0025,-0.014059492230678176,kJ/mol,-0.005671535271804709,-0.0001457163687064167,-0.014059492230678176,0.008754512988063097,0.014426048259867806,0.0,0.0,NaClIWater/data/S0_NaClIWater_matrix_BC_s_loss_split0.csv,0,0.11833001583955059,0.06831786649817721,0.047733790633123684,0.027559116871475196,3
NaClIWater,NaCl/NaI/water,"BC S-loss, fixed kappa_D",0.005,298.15,I,NaCl,neutral ion-pair NaCl: mu_Na + mu_Cl,0.0,0.005,0.005,0.013344129281417007,kJ/mol,0.0053829611090747045,0.00013830215419829986,0.013344129281417007,0.01980900936894251,0.014426048259867806,0.0,0.0,NaClIWater/data/S0_NaClIWater_matrix_BC_s_loss_split0.csv,0,0.184718044821105,0.10664701290164633,0.07451441982063431,0.043020920341952006,3
NaClIWater,NaCl/NaI/water,"BC S-loss, fixed kappa_D",0.005,298.15,I,NaCl,neutral ion-pair NaCl: mu_Na + mu_Cl,0.0,0.0075,0.0075,0.07946351149832438,kJ/mol,0.03205521941260511,0.0008235812609882488,0.07946351149832438,0.04648126767247292,0.014426048259867806,0.0,0.0,NaClIWater/data/S0_NaClIWater_matrix_BC_s_loss_split0.csv,0,0.2151432210326936,0.1242129965775488,0.0867877976356861,0.05010695832733814,3
NaClIWater,NaCl/NaI/water,"BC S-loss, fixed kappa_D",0.005,298.15,I,NaCl,neutral ion-pair NaCl: mu_Na + mu_Cl,0.0,0.01,0.01,0.1806729199228873,kJ/mol,0.07288263481996148,0.0018725428616335194,0.1806729199228873,0.08730868307982928,0.014426048259867806,0.0,0.0,NaClIWater/data/S0_NaClIWater_matrix_BC_s_loss_split0.csv,0,0.2233369639545773,0.12894365625916895,0.09009311629350807,0.052015284944189145,3
NaClIWater,NaCl/NaI/water,"BC S-loss, fixed kappa_D",0.005,298.15,I,NaCl,neutral ion-pair NaCl: mu_Na + mu_Cl,0.0,0.0125,0.0125,0.3127170385559242,kJ/mol,0.12614863219556588,0.0032410837136467303,0.3127170385559242,0.1405746804554337,0.014426048259867806,0.0,0.0,NaClIWater/data/S0_NaClIWater_matrix_BC_s_loss_split0.csv,0,0.22061707987986873,0.1273733304564714,0.08899592741841698,0.051381822651803445,3
NaClIWater,NaCl/NaI/water,"BC S-loss, fixed kappa_D",0.005,298.15,I,NaCl,neutral ion-pair NaCl: mu_Na + mu_Cl,0.0,0.015,0.015,0.47096399011514856,kJ/mol,0.18998473329353704,0.004881197791860358,0.47096399011514856,0.20441078155340486,0.014426048259867806,0.0,0.0,NaClIWater/data/S0_NaClIWater_matrix_BC_s_loss_split0.csv,0,0.2157127614739985,0.12454182090465057,0.08701754766140408,0.050239604566532745,3
NaClIWater,NaCl/NaI/water,"BC S-loss, fixed kappa_D",0.005,298.15,I,NaCl,neutral ion-pair NaCl: mu_Na + mu_Cl,0.0,0.0175,0.0175,0.6506511976523524,kJ/mol,0.262469736216732,0.006743524464525308,0.6506511976523524,0.2768957844765998,0.014426048259867806,0.0,0.0,NaClIWater/data/S0_NaClIWater_matrix_BC_s_loss_split0.csv,0,0.2145558360072447,0.12387386967498794,0.08655084918582004,0.049970156076023904,3
NaClIWater,NaCl/NaI/water,"BC S-loss, fixed kappa_D",0.005,298.15,I,NaCl,neutral ion-pair NaCl: mu_Na + mu_Cl,0.0,0.02,0.02,0.8471136263593634,kJ/mol,0.3417217871240132,0.008779714052934649,0.8471136263593634,0.356147835383881,0.014426048259867806,0.0,0.0,NaClIWater/data/S0_NaClIWater_matrix_BC_s_loss_split0.csv,0,0.2202346873403801,0.12715255602086153,0.0888416720057889,0.05129276324779866,3
NaClIWater,NaCl/NaI/water,"BC S-loss, fixed kappa_D",0.005,298.15,I,NaCl,neutral ion-pair NaCl: mu_Na + mu_Cl,0.0,0.0225,0.0225,1.0559853415617935,kJ/mol,0.4259796878089363,0.01094451683282216,1.0559853415617935,0.4404057360688041,0.014426048259867806,0.0,0.0,NaClIWater/data/S0_NaClIWater_matrix_BC_s_loss_split0.csv,0,0.23342643252335143,0.13476881365333096,0.09416316206206758,0.05436512696428108,3
NaClIWater,NaCl/NaI/water,"BC S-loss, fixed kappa_D",0.005,298.15,I,NaCl,neutral ion-pair NaCl: mu_Na + mu_Cl,0.0,0.025,0.025,1.273367106650993,kJ/mol,0.5136705039438438,0.013197520064522905,1.273367106650993,0.5280965522037117,0.014426048259867806,0.0,0.0,NaClIWater/data/S0_NaClIWater_matrix_BC_s_loss_split0.csv,0,0.2532307599577325,0.14620284742869036,0.10215213774736115,0.0589775642267347,3
NaClIWater,NaCl/NaI/water,"BC S-loss, fixed kappa_D",0.005,298.15,I,NaCl,neutral ion-pair NaCl: mu_Na + mu_Cl,0.0,0.0275,0.0275,1.4959548120258104,kJ/mol,0.6034613727313191,0.015504479065157284,1.4959548120258104,0.6178874209911869,0.014426048259867806,0.0,0.0,NaClIWater/data/S0_NaClIWater_matrix_BC_s_loss_split0.csv,0,0.2779148997053928,0.1604542421567164,0.11210960754328558,0.06472651209385924,3
NaClIWater,NaCl/NaI/water,"BC S-loss, fixed kappa_D",0.005,298.15,I,NaCl,neutral ion-pair NaCl: mu_Na + mu_Cl,0.0,0.03,0.03,1.7211257818478738,kJ/mol,0.6942943186570415,0.017838211715115904,1.7211257818478738,0.7087203669169093,0.014426048259867806,0.0,0.0,NaClIWater/data/S0_NaClIWater_matrix_BC_s_loss_split0.csv,0,0.30531015086047686,0.17627089778562158,0.12316072736018624,0.07110687909499364,3
NaClIWater,NaCl/NaI/water,"BC S-loss, fixed kappa_D",0.005,298.15,I,NaCl,neutral ion-pair NaCl: mu_Na + mu_Cl,0.0,0.0325,0.0325,1.946982290836891,kJ/mol,0.7854038079672468,0.020179049477860644,1.946982290836891,0.7998298562271147,0.014426048259867806,0.0,0.0,NaClIWater/data/S0_NaClIWater_matrix_BC_s_loss_split0.csv,0,0.33300241985325657,0.19225903674307446,0.13433166282300116,0.07755642169154976,3
NaClIWater,NaCl/NaI/water,"BC S-loss, fixed kappa_D",0.005,298.15,I,NaCl,neutral ion-pair NaCl: mu_Na + mu_Cl,0.0,0.034999999999999996,0.034999999999999996,2.172353853945326,kJ/mol,0.8763176723130858,0.022514861130730424,2.172353853945326,0.8907437205729536,0.014426048259867806,0.0,0.0,NaClIWater/data/S0_NaClIWater_matrix_BC_s_loss_split0.csv,0,0.3585096496698739,0.20698564274398015,0.14462116341216974,0.08349706762653306,3
NaClIWater,NaCl/NaI/water,"BC S-loss, fixed kappa_D",0.005,298.15,I,NaCl,neutral ion-pair NaCl: mu_Na + mu_Cl,0.0,0.0375,0.0375,2.3967618784598406,kJ/mol,0.9668428495689853,0.02484068640978876,2.3967618784598406,0.9812688978288531,0.014426048259867806,0.0,0.0,NaClIWater/data/S0_NaClIWater_matrix_BC_s_loss_split0.csv,0,0.37950271591811763,0.2191059951935193,0.1530896709326937,0.08838636272314195,3
NaClIWater,NaCl/NaI/water,"BC S-loss, fixed kappa_D",0.005,298.15,I,NaCl,neutral ion-pair NaCl: mu_Na + mu_Cl,0.0,0.04,0.04,2.6203520105971623,kJ/mol,1.0570380927568772,0.02715803483170021,2.6203520105971623,1.071464141016745,0.014426048259867806,0.0,0.0,NaClIWater/data/S0_NaClIWater_matrix_BC_s_loss_split0.csv,0,0.3940377981382747,0.22749782882602035,0.15895305704491228,0.09177159027339404,3
NaClIWater,NaCl/NaI/water,"BC S-loss, fixed kappa_D",0.005,298.15,I,NaCl,neutral ion-pair NaCl: mu_Na + mu_Cl,0.0,0.0425,0.0425,2.843800866930198,kJ/mol,1.1471763459273552,0.02947391903308017,2.843800866930198,1.1616023941872229,0.014426048259867806,0.0,0.0,NaClIWater/data/S0_NaClIWater_matrix_BC_s_loss_split0.csv,0,0.4007544097800677,0.2313756663654517,0.16166250765724105,0.09333589231377806,3
NaClIWater,NaCl/NaI/water,"BC S-loss, fixed kappa_D",0.005,298.15,I,NaCl,neutral ion-pair NaCl: mu_Na + mu_Cl,0.0,0.045,0.045,3.0682047729818103,kJ/mol,1.2376998618140365,0.031799701627278416,3.0682047729818103,1.2521259100739042,0.014426048259867806,0.0,0.0,NaClIWater/data/S0_NaClIWater_matrix_BC_s_loss_split0.csv,0,0.3990086708252569,0.23036776350995686,0.16095828449646654,0.09292930888233533,3
NaClIWater,NaCl/NaI/water,"BC S-loss, fixed kappa_D",0.005,298.15,I,NaCl,neutral ion-pair NaCl: mu_Na + mu_Cl,0.0,0.0475,0.0475,3.2949585755946362,kJ/mol,1.3291713152942914,0.034149839183100994,3.2949585755946362,1.3435973635541592,0.014426048259867806,0.0,0.0,NaClIWater/data/S0_NaClIWater_matrix_BC_s_loss_split0.csv,0,0.38892825387117314,0.22454783206797294,0.1568918901081376,0.09058157498760243,3
NaClIWater,NaCl/NaI/water,"BC S-loss, fixed kappa_D",0.005,298.15,I,NaCl,neutral ion-pair NaCl: mu_Na + mu_Cl,0.0,0.05,0.05,3.525632568130966,kJ/mol,1.4222241555741928,0.03654060664439385,3.525632568130966,1.4366502038340605,0.014426048259867806,0.0,0.0,NaClIWater/data/S0_NaClIWater_matrix_BC_s_loss_split0.csv,0,0.37138725984931636,0.21442053444760031,0.14981593283562675,0.086496269151544,3
NaClIWater,NaCl/NaI/water,"BC S-loss, fixed kappa_D",0.005,298.15,I,NaCl,neutral ion-pair NaCl: mu_Na + mu_Cl,0.0,0.052500000000000005,0.052500000000000005,3.7618550791130416,kJ/mol,1.5175152429795942,0.038988880447050185,3.7618550791130416,1.5319412912394619,0.014426048259867806,0.0,0.0,NaClIWater/data/S0_NaClIWater_matrix_BC_s_loss_split0.csv,0,0.3479077879275625,0.20086465501314546,0.14034442056600116,0.08102788899304282,3
NaClIWater,NaCl/NaI/water,"BC S-loss, fixed kappa_D",0.005,298.15,I,NaCl,neutral ion-pair NaCl: mu_Na + mu_Cl,0.0,0.055,0.055,4.005207376148991,kJ/mol,1.6156824536774665,0.041511049274959085,4.005207376148991,1.6301085019373343,0.014426048259867806,0.0,0.0,NaClIWater/data/S0_NaClIWater_matrix_BC_s_loss_split0.csv,0,0.32050355857487967,0.18504281581943977,0.12928967898499114,0.07464543096542493,3
NaClIWater,NaCl/NaI/water,"BC S-loss, fixed kappa_D",0.005,298.15,I,NaCl,neutral ion-pair NaCl: mu_Na + mu_Cl,0.0,0.0575,0.0575,4.257136265099095,kJ/mol,1.7173094225767667,0.044122108214196494,4.257136265099095,1.7317354708366344,0.014426048259867806,0.0,0.0,NaClIWater/data/S0_NaClIWater_matrix_BC_s_loss_split0.csv,0,0.29149353275393275,0.16829386960251808,0.11758716640630383,0.06788898217792484,3
NaClIWater,NaCl/NaI/water,"BC S-loss, fixed kappa_D",0.005,298.15,I,NaCl,neutral ion-pair NaCl: mu_Na + mu_Cl,0.0,0.06,0.06,4.518888286941512,kJ/mol,1.8228989986431179,0.04683497675159743,4.518888286941512,1.8373250469029856,0.014426048259867806,0.0,0.0,NaClIWater/data/S0_NaClIWater_matrix_BC_s_loss_split0.csv,0,0.2633330107851221,0.15203538466330488,0.10622733982095663,0.06133038324092716,3
NaClIWater,NaCl/NaI/water,"BC S-loss, fixed kappa_D",0.005,298.15,I,NaCl,neutral ion-pair NaCl: mu_Na + mu_Cl,0.0,0.0625,0.0625,4.791467706532894,kJ/mol,1.9328562977557624,0.04966006335894235,4.791467706532894,1.94728234601563,0.014426048259867806,0.0,0.0,NaClIWater/data/S0_NaClIWater_matrix_BC_s_loss_split0.csv,0,0.23853042001804153,0.13771560220733078,0.09622208742210442,0.055553848075139696,3
NaClIWater,NaCl/NaI/water,"BC S-loss, fixed kappa_D",0.005,298.15,I,NaCl,neutral ion-pair NaCl: mu_Na + mu_Cl,0.0,0.065,0.065,5.075618783166366,kJ/mol,2.0474815507312236,0.05260508174023926,5.075618783166366,2.0619075989910916,0.014426048259867806,0.0,0.0,NaClIWater/data/S0_NaClIWater_matrix_BC_s_loss_split0.csv,0,0.21970297238404865,0.1268455702476914,0.08862718060880928,0.05116892658201362,3
NaClIWater,NaCl/NaI/water,"BC S-loss, fixed kappa_D",0.005,298.15,I,NaCl,neutral ion-pair NaCl: mu_Na + mu_Cl,0.0,0.0675,0.0675,5.371831121480006,kJ/mol,2.1669722618554705,0.05567510628998206,5.371831121480006,2.1813983101153385,0.014426048259867806,0.0,0.0,NaClIWater/data/S0_NaClIWater_matrix_BC_s_loss_split0.csv,0,0.20968729149899318,0.12106301419258725,0.08458690045653033,0.04883626974849387,3
NaClIWater,NaCl/NaI/water,"BC S-loss, fixed kappa_D",0.005,298.15,I,NaCl,neutral ion-pair NaCl: mu_Na + mu_Cl,0.0,0.07,0.07,5.6803653720869605,kJ/mol,2.2914335764013067,0.05887283846141144,5.6803653720869605,2.3058596246611747,0.014426048259867806,0.0,0.0,NaClIWater/data/S0_NaClIWater_matrix_BC_s_loss_split0.csv,0,0.2113469799412905,0.12202123576151852,0.08525641123161772,0.049222811974715924,3
NaClIWater,NaCl/NaI/water,"BC S-loss, fixed kappa_D",0.005,298.15,I,NaCl,neutral ion-pair NaCl: mu_Na + mu_Cl,0.0,0.07250000000000001,0.07250000000000001,6.001295261111311,kJ/mol,2.4208952351521345,0.06219904237195806,6.001295261111311,2.4353212834120024,0.014426048259867806,0.0,0.0,NaClIWater/data/S0_NaClIWater_matrix_BC_s_loss_split0.csv,0,0.2267458838310413,0.13091179706749131,0.09146825907967027,0.052809224001954064,3
NaClIWater,NaCl/NaI/water,"BC S-loss, fixed kappa_D",0.005,298.15,I,NaCl,neutral ion-pair NaCl: mu_Na + mu_Cl,0.0,0.07500000000000001,0.07500000000000001,6.334560926761676,kJ/mol,2.555333090133356,0.06565309759787397,6.334560926761676,2.569759138393224,0.014426048259867806,0.0,0.0,NaClIWater/data/S0_NaClIWater_matrix_BC_s_loss_split0.csv,0,0.25620640414136486,0.14792083639912307,0.10335249908807785,0.0596705931699223,3
NaClIWater,NaCl/NaI/water,"BC S-loss, fixed kappa_D",0.005,298.15,I,NaCl,neutral ion-pair NaCl: mu_Na + mu_Cl,0.0,0.07750000000000001,0.07750000000000001,6.680027936237695,kJ/mol,2.6946929117642417,0.06923361084136559,6.680027936237695,2.7091189600241097,0.014426048259867806,0.0,0.0,NaClIWater/data/S0_NaClIWater_matrix_BC_s_loss_split0.csv,0,0.29823776856323536,0.17218765596249724,0.12030776048226664,0.06945971790003767,3
NaClIWater,NaCl/NaI/water,"BC S-loss, fixed kappa_D",0.005,298.15,I,NaCl,neutral ion-pair NaCl: mu_Na + mu_Cl,0.0,0.08,0.08,7.03754608765286,kJ/mol,2.838914109286374,0.0729390253695783,7.03754608765286,2.853340157546242,0.014426048259867806,0.0,0.0,NaClIWater/data/S0_NaClIWater_matrix_BC_s_loss_split0.csv,0,0.35022549339253833,0.20220278288725152,0.1412793724176465,0.0815676836962696,3
NaClIWater,NaCl/NaI/water,"BC S-loss, fixed kappa_D",0.005,298.15,I,NaCl,neutral ion-pair NaCl: mu_Na + mu_Cl,0.0,0.0825,0.0825,7.407002274552378,kJ/mol,2.9879510560699076,0.07676816891671479,7.407002274552378,3.0023771043297756,0.014426048259867806,0.0,0.0,NaClIWater/data/S0_NaClIWater_matrix_BC_s_loss_split0.csv,0,0.4090916825019921,0.23618919301576208,0.1650257255841211,0.09527764708920564,3
NaClIWater,NaCl/NaI/water,"BC S-loss, fixed kappa_D",0.005,298.15,I,NaCl,neutral ion-pair NaCl: mu_Na + mu_Cl,0.0,0.085,0.085,7.788362195600692,kJ/mol,3.1417899151119633,0.08072068597448379,7.788362195600692,3.156215963371831,0.014426048259867806,0.0,0.0,NaClIWater/data/S0_NaClIWater_matrix_BC_s_loss_split0.csv,0,0.4716778279844015,0.2723233209575722,0.19027269224592264,0.10985399008761826,3
NaClIWater,NaCl/NaI/water,"BC S-loss, fixed kappa_D",0.005,298.15,I,NaCl,neutral ion-pair NaCl: mu_Na + mu_Cl,0.0,0.0875,0.0875,8.181696556072236,kJ/mol,3.300459208598923,0.0847973093514156,8.181696556072236,3.314885256858791,0.014426048259867806,0.0,0.0,NaClIWater/data/S0_NaClIWater_matrix_BC_s_loss_split0.csv,0,0.5350186894617368,0.3088931843822146,0.21582410791023307,0.12460610679958391,3
NaClIWater,NaCl/NaI/water,"BC S-loss, fixed kappa_D",0.005,298.15,I,NaCl,neutral ion-pair NaCl: mu_Na + mu_Cl,0.0,0.09,0.09,8.587188530752785,kJ/mol,3.464032828406923,0.08899993752038426,8.587188530752785,3.478458876666791,0.014426048259867806,0.0,0.0,NaClIWater/data/S0_NaClIWater_matrix_BC_s_loss_split0.csv,0,0.5966586302933802,0.34448102081419646,0.24068937991598874,0.13896207828558022,3
NaClIWater,NaCl/NaI/water,"BC S-loss, fixed kappa_D",0.005,298.15,I,NaCl,neutral ion-pair NaCl: mu_Na + mu_Cl,0.0,0.0925,0.0925,9.005120574942108,kJ/mol,3.6326247157202567,0.0933314979242823,9.005120574942108,3.6470507639801246,0.014426048259867806,0.0,0.0,NaClIWater/data/S0_NaClIWater_matrix_BC_s_loss_split0.csv,0,0.6550649077992017,0.37820190085454647,0.26425020683164896,0.15256492804766683,3
NaClIWater,NaCl/NaI/water,"BC S-loss, fixed kappa_D",0.005,298.15,I,NaCl,neutral ion-pair NaCl: mu_Na + mu_Cl,0.0,0.095,0.095,9.435840123688788,kJ/mol,3.806375024258588,0.09779559147364125,9.435840123688788,3.820801072518456,0.014426048259867806,0.0,0.0,NaClIWater/data/S0_NaClIWater_matrix_BC_s_loss_split0.csv,0,0.7101385950526193,0.40999870901557245,0.28646668198460956,0.16539161595767327,3
NaClIWater,NaCl/NaI/water,"BC S-loss, fixed kappa_D",0.005,298.15,I,NaCl,neutral ion-pair NaCl: mu_Na + mu_Cl,0.0,0.0975,0.0975,9.8797051654792,kJ/mol,3.9854281649504237,0.10239592845766765,9.8797051654792,3.9998542132102917,0.014426048259867806,0.0,0.0,NaClIWater/data/S0_NaClIWater_matrix_BC_s_loss_split0.csv,0,0.763781627466659,0.44096952821996604,0.30810603747704557,0.17788510367632118,3
NaClIWater,NaCl/NaI/water,"BC S-loss, fixed kappa_D",0.005,298.15,I,NaCl,neutral ion-pair NaCl: mu_Na + mu_Cl,0.0,0.1,0.1,10.337012093373046,kJ/mol,4.169903701409075,0.10713558077395646,10.337012093373046,4.184329749668943,0.014426048259867806,0.0,0.0,NaClIWater/data/S0_NaClIWater_matrix_BC_s_loss_split0.csv,0,0.8204006235020685,0.4736585208222561,0.3309458831699299,0.19107169473535748,3
NaClIWater,NaCl/NaI/water,"BC S-loss, fixed kappa_D",0.005,298.15,I,NaCl,neutral ion-pair NaCl: mu_Na + mu_Cl,0.0025,0.0,0.0,-0.07185415884944495,kJ/mol,-0.02898564113512285,-0.000744715878226998,-0.07185415884944495,-0.014559592875255045,0.014426048259867806,0.0,0.0,NaClIWater/data/S0_NaClIWater_matrix_BC_s_loss_split0.csv,0,0.17299583511911945,0.09987919197470774,0.06978573369900933,0.040290812136718576,3
NaClIWater,NaCl/NaI/water,"BC S-loss, fixed kappa_D",0.005,298.15,I,NaCl,neutral ion-pair NaCl: mu_Na + mu_Cl,0.0025,0.0025,0.0025,-0.03650126451838707,kJ/mol,-0.01472444422493345,-0.00037830894825674477,-0.03650126451838707,-0.00029839596506564347,0.014426048259867806,0.0,0.0,NaClIWater/data/S0_NaClIWater_matrix_BC_s_loss_split0.csv,0,0.25897488811544217,0.14951922136680376,0.1044692929417096,0.06031537440194591,3
NaClIWater,NaCl/NaI/water,"BC S-loss, fixed kappa_D",0.005,298.15,I,NaCl,neutral ion-pair NaCl: mu_Na + mu_Cl,0.0025,0.005,0.005,0.03131005007543796,kJ/mol,0.012630331910376004,0.0003245058019274438,0.03131005007543796,0.02705638017024381,0.014426048259867806,0.0,0.0,NaClIWater/data/S0_NaClIWater_matrix_BC_s_loss_split0.csv,0,0.30051980418777247,0.17350518984462407,0.12122832328238228,0.06999120508049039,3
NaClIWater,NaCl/NaI/water,"BC S-loss, fixed kappa_D",0.005,298.15,I,NaCl,neutral ion-pair NaCl: mu_Na + mu_Cl,0.0025,0.0075,0.0075,0.1295151963198612,kJ/mol,0.0522458416072806,0.0013423304192201613,0.1295151963198612,0.0666718898671484,0.014426048259867806,0.0,0.0,NaClIWater/data/S0_NaClIWater_matrix_BC_s_loss_split0.csv,0,0.31131171551877085,0.17973590275664655,0.12558173126893757,0.07250464635342035,3
NaClIWater,NaCl/NaI/water,"BC S-loss, fixed kappa_D",0.005,298.15,I,NaCl,neutral ion-pair NaCl: mu_Na + mu_Cl,0.0025,0.01,0.01,0.25532629951555824,kJ/mol,0.10299746888170597,0.0026462706184702256,0.25532629951555824,0.11742351714157377,0.014426048259867806,0.0,0.0,NaClIWater/data/S0_NaClIWater_matrix_BC_s_loss_split0.csv,0,0.3034300742560868,0.17518543505197987,0.12240231300207548,0.0706690083611811,3
NaClIWater,NaCl/NaI/water,"BC S-loss, fixed kappa_D",0.005,298.15,I,NaCl,neutral ion-pair NaCl: mu_Na + mu_Cl,0.0025,0.0125,0.0125,0.40544944587456583,kJ/mol,0.1635564638809402,0.00420218738895528,0.40544944587456583,0.177982512140808,0.014426048259867806,0.0,0.0,NaClIWater/data/S0_NaClIWater_matrix_BC_s_loss_split0.csv,0,0.28684780080087274,0.16561165500883604,0.11571309924919577,0.06680698900028907,3
NaClIWater,NaCl/NaI/water,"BC S-loss, fixed kappa_D",0.005,298.15,I,NaCl,neutral ion-pair NaCl: mu_Na + mu_Cl,0.0025,0.015,0.015,0.5763033627759184,kJ/mol,0.23247815750495457,0.0059729634555196745,0.5763033627759184,0.2469042057648224,0.014426048259867806,0.0,0.0,NaClIWater/data/S0_NaClIWater_matrix_BC_s_loss_split0.csv,0,0.26924340850251277,0.15544775437645814,0.10861156740006017,0.06270691767553192,3
NaClIWater,NaCl/NaI/water,"BC S-loss, fixed kappa_D",0.005,298.15,I,NaCl,neutral ion-pair NaCl: mu_Na + mu_Cl,0.0025,0.0175,0.0175,0.7642293284152586,kJ/mol,0.30828663800511175,0.007920678838786444,0.7642293284152586,0.32271268626497956,0.014426048259867806,0.0,0.0,NaClIWater/data/S0_NaClIWater_matrix_BC_s_loss_split0.csv,0,0.25583740030025093,0.14770779193212394,0.10320364461552844,0.059584652000125825,3
NaClIWater,NaCl/NaI/water,"BC S-loss, fixed kappa_D",0.005,298.15,I,NaCl,neutral ion-pair NaCl: mu_Na + mu_Cl,0.0025,0.02,0.02,0.9656830649836685,kJ/mol,0.3895521598204383,0.010008599687807873,0.9656830649836685,0.4039782080803061,0.014426048259867806,0.0,0.0,NaClIWater/data/S0_NaClIWater_matrix_BC_s_loss_split0.csv,0,0.2493314325809634,0.14395156971805426,0.10057916680425673,0.0580694090293059,3
NaClIWater,NaCl/NaI/water,"BC S-loss, fixed kappa_D",0.005,298.15,I,NaCl,neutral ion-pair NaCl: mu_Na + mu_Cl,0.0025,0.0225,0.0225,1.1774007658131473,kJ/mol,0.47495811817359185,0.012202899030171466,1.1774007658131473,0.48938416643345967,0.014426048259867806,0.0,0.0,NaClIWater/data/S0_NaClIWater_matrix_BC_s_loss_split0.csv,0,0.2501924887704155,0.1444487007408218,0.10092651295796966,0.058269949424654036,3
NaClIWater,NaCl/NaI/water,"BC S-loss, fixed kappa_D",0.005,298.15,I,NaCl,neutral ion-pair NaCl: mu_Na + mu_Cl,0.0025,0.025,0.025,1.3965331391025608,kJ/mol,0.563355121700741,0.014474046037321386,1.3965331391025608,0.5777811699606088,0.014426048259867806,0.0,0.0,NaClIWater/data/S0_NaClIWater_matrix_BC_s_loss_split0.csv,0,0.25735248629777174,0.148582527240638,0.10381482342154583,0.05993751624830295,3
NaClIWater,NaCl/NaI/water,"BC S-loss, fixed kappa_D",0.005,298.15,I,NaCl,neutral ion-pair NaCl: mu_Na + mu_Cl,0.0025,0.0275,0.0275,1.6207433389319044,kJ/mol,0.6538004973776665,0.01679782100799798,1.6207433389319044,0.6682265456375344,0.014426048259867806,0.0,0.0,NaClIWater/data/S0_NaClIWater_matrix_BC_s_loss_split0.csv,0,0.26899935163934136,0.15530684808080855,0.10851311597058522,0.06265007671622246,3
NaClIWater,NaCl/NaI/water,"BC S-loss, fixed kappa_D",0.005,298.15,I,NaCl,neutral ion-pair NaCl: mu_Na + mu_Cl,0.0025,0.03,0.03,1.8482667616146997,kJ/mol,0.7455824120965711,0.01915593511375846,1.8482667616146997,0.7600084603564389,0.014426048259867806,0.0,0.0,NaClIWater/data/S0_NaClIWater_matrix_BC_s_loss_split0.csv,0,0.2830982564692975,0.16344685457966263,0.11420055010582615,0.06593371834520208,3
NaClIWater,NaCl/NaI/water,"BC S-loss, fixed kappa_D",0.005,298.15,I,NaCl,neutral ion-pair NaCl: mu_Na + mu_Cl,0.0025,0.0325,0.0325,2.0779328199727476,kJ/mol,0.8382286563095598,0.021536256073432014,2.0779328199727476,0.8526547045694276,0.014426048259867806,0.0,0.0,NaClIWater/data/S0_NaClIWater_matrix_BC_s_loss_split0.csv,0,0.29761440365599223,0.17182775606549708,0.1200562979115971,0.06931453591717049,3
NaClIWater,NaCl/NaI/water,"BC S-loss, fixed kappa_D",0.005,298.15,I,NaCl,neutral ion-pair NaCl: mu_Na + mu_Cl,0.0025,0.034999999999999996,0.034999999999999996,2.3091508372167704,kJ/mol,0.9315009536841976,0.02393266195349497,2.3091508372167704,0.9459270019440654,0.014426048259867806,0.0,0.0,NaClIWater/data/S0_NaClIWater_matrix_BC_s_loss_split0.csv,0,0.3106136296018482,0.17933286266459378,0.1253001265825366,0.07234206181192168,3
NaClIWater,NaCl/NaI/water,"BC S-loss, fixed kappa_D",0.005,298.15,I,NaCl,neutral ion-pair NaCl: mu_Na + mu_Cl,0.0025,0.0375,0.0375,2.5418640220622124,kJ/mol,1.0253763948743855,0.026344564153760082,2.5418640220622124,1.0398024431342532,0.014426048259867806,0.0,0.0,NaClIWater/data/S0_NaClIWater_matrix_BC_s_loss_split0.csv,0,0.32037027420466263,0.1849658640524162,0.1292359126757628,0.07461438897231862,3
NaClIWater,NaCl/NaI/water,"BC S-loss, fixed kappa_D",0.005,298.15,I,NaCl,neutral ion-pair NaCl: mu_Na + mu_Cl,0.0025,0.04,0.04,2.7764770083337673,kJ/mol,1.120018207326127,0.028776156408298448,2.7764770083337673,1.1344442555859946,0.014426048259867806,0.0,0.0,NaClIWater/data/S0_NaClIWater_matrix_BC_s_loss_split0.csv,0,0.32550469153926503,0.18793022128268078,0.13130711329493042,0.07581019720734077,3
NaClIWater,NaCl/NaI/water,"BC S-loss, fixed kappa_D",0.005,298.15,I,NaCl,neutral ion-pair NaCl: mu_Na + mu_Cl,0.0025,0.0425,0.0425,3.0137635798859392,kJ/mol,1.2157385319298297,0.031235458421633673,3.0137635798859392,1.2301645801896974,0.014426048259867806,0.0,0.0,NaClIWater/data/S0_NaClIWater_matrix_BC_s_loss_split0.csv,0,0.3251195989979806,0.1877078880003073,0.13115176871384823,0.07572050897163582,3
NaClIWater,NaCl/NaI/water,"BC S-loss, fixed kappa_D",0.005,298.15,I,NaCl,neutral ion-pair NaCl: mu_Na + mu_Cl,0.0025,0.045,0.045,3.2547619197708078,kJ/mol,1.3129561670106296,0.03373323020286989,3.2547619197708078,1.3273822152704973,0.014426048259867806,0.0,0.0,NaClIWater/data/S0_NaClIWater_matrix_BC_s_loss_split0.csv,0,0.3189008899547101,0.18411751466016313,0.1286431697470206,0.07427216868284908,3
NaClIWater,NaCl/NaI/water,"BC S-loss, fixed kappa_D",0.005,298.15,I,NaCl,neutral ion-pair NaCl: mu_Na + mu_Cl,0.0025,0.0475,0.0475,3.500664974925923,kJ/mol,1.4121523419417283,0.03628183577575328,3.500664974925923,1.426578390201596,0.014426048259867806,0.0,0.0,NaClIWater/data/S0_NaClIWater_matrix_BC_s_loss_split0.csv,0,0.3071631453096932,0.1773407246296835,0.12390821689997612,0.07153844238200775,3
NaClIWater,NaCl/NaI/water,"BC S-loss, fixed kappa_D",0.005,298.15,I,NaCl,neutral ion-pair NaCl: mu_Na + mu_Cl,0.0025,0.05,0.05,3.7527133277321405,kJ/mol,1.5138275020176755,0.03889413287060961,3.7527133277321405,1.5282535502775432,0.014426048259867806,0.0,0.0,NaClIWater/data/S0_NaClIWater_matrix_BC_s_loss_split0.csv,0,0.2908350483328852,0.1679136934447691,0.11732153678336792,0.06773562084361805,3
NaClIWater,NaCl/NaI/water,"BC S-loss, fixed kappa_D",0.005,298.15,I,NaCl,neutral ion-pair NaCl: mu_Na + mu_Cl,0.0025,0.052500000000000005,0.052500000000000005,4.012097342581147,kJ/mol,1.6184618348244086,0.04158245874498334,4.012097342581147,1.6328878830842763,0.014426048259867806,0.0,0.0,NaClIWater/data/S0_NaClIWater_matrix_BC_s_loss_split0.csv,0,0.27139034450345717,0.15668728845453628,0.1094776316259853,0.0632069400895053,3
NaClIWater,NaCl/NaI/water,"BC S-loss, fixed kappa_D",0.005,298.15,I,NaCl,neutral ion-pair NaCl: mu_Na + mu_Cl,0.0025,0.055,0.055,4.2798743443280065,kJ/mol,1.7264818604033954,0.044357771798786416,4.2798743443280065,1.740907908663263,0.014426048259867806,0.0,0.0,NaClIWater/data/S0_NaClIWater_matrix_BC_s_loss_split0.csv,0,0.25073555149030674,0.14476223814833789,0.10114558199119882,0.05839642898996,3
NaClIWater,NaCl/NaI/water,"BC S-loss, fixed kappa_D",0.005,298.15,I,NaCl,neutral ion-pair NaCl: mu_Na + mu_Cl,0.0025,0.0575,0.0575,4.556905262343898,kJ/mol,1.8382348737504344,0.04722899493617661,4.556905262343898,1.852660922010302,0.014426048259867806,0.0,0.0,NaClIWater/data/S0_NaClIWater_matrix_BC_s_loss_split0.csv,0,0.2310652846369311,0.13340560428550968,0.09321068573503782,0.053815214500473704,3
NaClIWater,NaCl/NaI/water,"BC S-loss, fixed kappa_D",0.005,298.15,I,NaCl,neutral ion-pair NaCl: mu_Na + mu_Cl,0.0025,0.06,0.06,4.8438136673754135,kJ/mol,1.9539724204708526,0.05020259101252123,4.8438136673754135,1.9683984687307203,0.014426048259867806,0.0,0.0,NaClIWater/data/S0_NaClIWater_matrix_BC_s_loss_split0.csv,0,0.21468691238822257,0.12394954665882991,0.0866037248022235,0.05000068382738801,3
NaClIWater,NaCl/NaI/water,"BC S-loss, fixed kappa_D",0.005,298.15,I,NaCl,neutral ion-pair NaCl: mu_Na + mu_Cl,0.0025,0.0625,0.0625,5.140968433842443,kJ/mol,2.0738433028292658,0.053282383141777245,5.140968433842443,2.0882693510891337,0.014426048259867806,0.0,0.0,NaClIWater/data/S0_NaClIWater_matrix_BC_s_loss_split0.csv,0,0.20379997963225946,0.11766397310152525,0.08221198560466696,0.04746511201946811,3
NaClIWater,NaCl/NaI/water,"BC S-loss, fixed kappa_D",0.005,298.15,I,NaCl,neutral ion-pair NaCl: mu_Na + mu_Cl,0.0025,0.065,0.065,5.448489618306113,kJ/mol,2.1978959510968297,0.05646961562251817,5.448489618306113,2.2123219993566976,0.014426048259867806,0.0,0.0,NaClIWater/data/S0_NaClIWater_matrix_BC_s_loss_split0.csv,0,0.20021706574325854,0.11559537680322732,0.08076665442457148,0.046630649673571826,3
NaClIWater,NaCl/NaI/water,"BC S-loss, fixed kappa_D",0.005,298.15,I,NaCl,neutral ion-pair NaCl: mu_Na + mu_Cl,0.0025,0.0675,0.0675,5.766275537424517,kJ/mol,2.326089346675524,0.05976323458116894,5.766275537424517,2.340515394935392,0.014426048259867806,0.0,0.0,NaClIWater/data/S0_NaClIWater_matrix_BC_s_loss_split0.csv,0,0.20507491088847876,0.11840005500550174,0.0827262870794383,0.04776204411437197,3
NaClIWater,NaCl/NaI/water,"BC S-loss, fixed kappa_D",0.005,298.15,I,NaCl,neutral ion-pair NaCl: mu_Na + mu_Cl,0.0025,0.07,0.07,6.094047619402407,kJ/mol,2.458311114969129,0.06316035282452503,6.094047619402407,2.472737163228997,0.014426048259867806,0.0,0.0,NaClIWater/data/S0_NaClIWater_matrix_BC_s_loss_split0.csv,0,0.21867021498236275,0.1262493074838205,0.08821057096638592,0.0509283968928135,3
NaClIWater,NaCl/NaI/water,"BC S-loss, fixed kappa_D",0.005,298.15,I,NaCl,neutral ion-pair NaCl: mu_Na + mu_Cl,0.0025,0.07250000000000001,0.07250000000000001,6.431408449253705,kJ/mol,2.594400940578332,0.06665685143650535,6.431408449253705,2.6088269888382,0.014426048259867806,0.0,0.0,NaClIWater/data/S0_NaClIWater_matrix_BC_s_loss_split0.csv,0,0.24050337861794863,0.13885469038608714,0.09701796995510001,0.056013351069808016,3
NaClIWater,NaCl/NaI/water,"BC S-loss, fixed kappa_D",0.005,298.15,I,NaCl,neutral ion-pair NaCl: mu_Na + mu_Cl,0.0025,0.07500000000000001,0.07500000000000001,6.777907594192092,kJ/mol,2.734177120964147,0.07024806201025056,6.777907594192092,2.748603169224015,0.014426048259867806,0.0,0.0,NaClIWater/data/S0_NaClIWater_matrix_BC_s_loss_split0.csv,0,0.26943825264597837,0.15556024769513802,0.10869016664205548,0.06275229696905602,3
NaClIWater,NaCl/NaI/water,"BC S-loss, fixed kappa_D",0.005,298.15,I,NaCl,neutral ion-pair NaCl: mu_Na + mu_Cl,0.0025,0.07750000000000001,0.07750000000000001,7.133109334235765,kJ/mol,2.877463888666065,0.07392946862637471,7.133109334235765,2.8918899369259328,0.014426048259867806,0.0,0.0,NaClIWater/data/S0_NaClIWater_matrix_BC_s_loss_split0.csv,0,0.3038426939769846,0.17542366115891314,0.12256876192231511,0.07076510769008779,3
NaClIWater,NaCl/NaI/water,"BC S-loss, fixed kappa_D",0.005,298.15,I,NaCl,neutral ion-pair NaCl: mu_Na + mu_Cl,0.0025,0.08,0.08,7.4966563433230435,kJ/mol,3.024117099974689,0.07769736786121939,7.4966563433230435,3.038543148234557,0.014426048259867806,0.0,0.0,NaClIWater/data/S0_NaClIWater_matrix_BC_s_loss_split0.csv,0,0.34169010908999203,0.1972748764625395,0.13783623717947108,0.07957978863965273,3
NaClIWater,NaCl/NaI/water,"BC S-loss, fixed kappa_D",0.005,298.15,I,NaCl,neutral ion-pair NaCl: mu_Na + mu_Cl,0.0025,0.0825,0.0825,7.8683236769905465,kJ/mol,3.174046013315763,0.08154942832970846,7.8683236769905465,3.188472061575631,0.014426048259867806,0.0,0.0,NaClIWater/data/S0_NaClIWater_matrix_BC_s_loss_split0.csv,0,0.3806792792429321,0.21978528434581956,0.15356429123097445,0.0886603848801172,3
NaClIWater,NaCl/NaI/water,"BC S-loss, fixed kappa_D",0.005,298.15,I,NaCl,neutral ion-pair NaCl: mu_Na + mu_Cl,0.0025,0.085,0.085,8.248058085572943,kJ/mol,3.327229148016288,0.08548509813795135,8.248058085572943,3.341655196276156,0.014426048259867806,0.0,0.0,NaClIWater/data/S0_NaClIWater_matrix_BC_s_loss_split0.csv,0,0.4184179364085203,0.24157370821922694,0.16878789402639716,0.09744973605209042,3
NaClIWater,NaCl/NaI/water,"BC S-loss, fixed kappa_D",0.005,298.15,I,NaCl,neutral ion-pair NaCl: mu_Na + mu_Cl,0.0025,0.0875,0.0875,8.635998653092315,kJ/mol,3.483722609938698,0.08950581879025776,8.635998653092315,3.498148658198566,0.014426048259867806,0.0,0.0,NaClIWater/data/S0_NaClIWater_matrix_BC_s_loss_split0.csv,0,0.4526843093166885,0.2613574078419099,0.18261079313234274,0.10543039057188915,3
NaClIWater,NaCl/NaI/water,"BC S-loss, fixed kappa_D",0.005,298.15,I,NaCl,neutral ion-pair NaCl: mu_Na + mu_Cl,0.0025,0.09,0.09,9.032475993090591,kJ/mol,3.6436597670833177,0.09361501685452822,9.032475993090591,3.6580858153431857,0.014426048259867806,0.0,0.0,NaClIWater/data/S0_NaClIWater_matrix_BC_s_loss_split0.csv,0,0.4817690651603706,0.27814949945757433,0.19434345146258705,0.11220424401716561,3
NaClIWater,NaCl/NaI/water,"BC S-loss, fixed kappa_D",0.005,298.15,I,NaCl,neutral ion-pair NaCl: mu_Na + mu_Cl,0.0025,0.0925,0.0925,9.437988632662787,kJ/mol,3.8072417230146947,0.09781785920000628,9.437988632662787,3.8216677712745626,0.014426048259867806,0.0,0.0,NaClIWater/data/S0_NaClIWater_matrix_BC_s_loss_split0.csv,0,0.504905430987567,0.29150728649597585,0.20367655629293063,0.11759271460333948,3
NaClIWater,NaCl/NaI/water,"BC S-loss, fixed kappa_D",0.005,298.15,I,NaCl,neutral ion-pair NaCl: mu_Na + mu_Cl,0.0025,0.095,0.095,9.853156699696669,kJ/mol,3.974718634504553,0.10212077299934208,9.853156699696669,3.989144682764421,0.014426048259867806,0.0,0.0,NaClIWater/data/S0_NaClIWater_matrix_BC_s_loss_split0.csv,0,0.5228025706778292,0.30184020491387303,0.2108961811095546,0.12176096693466543,3
NaClIWater,NaCl/NaI/water,"BC S-loss, fixed kappa_D",0.005,298.15,I,NaCl,neutral ion-pair NaCl: mu_Na + mu_Cl,0.0025,0.0975,0.0975,10.278654516898897,kJ/mol,4.1463625202682675,0.10653074711490264,10.278654516898897,4.160788568528135,0.014426048259867806,0.0,0.0,NaClIWater/data/S0_NaClIWater_matrix_BC_s_loss_split0.csv,0,0.5382775881880362,0.3107747104391052,0.21713873284619747,0.12536510586024635,3
NaClIWater,NaCl/NaI/water,"BC S-loss, fixed kappa_D",0.005,298.15,I,NaCl,neutral ion-pair NaCl: mu_Na + mu_Cl,0.0025,0.1,0.1,10.715125103828042,kJ/mol,4.32243277147353,0.1110544459747871,10.715125103828042,4.336858819733398,0.014426048259867806,0.0,0.0,NaClIWater/data/S0_NaClIWater_matrix_BC_s_loss_split0.csv,0,0.5568713517288362,0.32150982482463436,0.2246393725582875,0.12969560221711593,3
NaClIWater,NaCl/NaI/water,"BC S-loss, fixed kappa_D",0.005,298.15,I,NaCl,neutral ion-pair NaCl: mu_Na + mu_Cl,0.005,0.0,0.0,-0.10469449542818704,kJ/mol,-0.0422332836664698,-0.0010850819821257573,-0.10469449542818704,-0.027807235406601995,0.014426048259867806,0.0,0.0,NaClIWater/data/S0_NaClIWater_matrix_BC_s_loss_split0.csv,0,0.27058223991807445,0.1562207290546322,0.10915164590871285,0.06301873214788609,3
NaClIWater,NaCl/NaI/water,"BC S-loss, fixed kappa_D",0.005,298.15,I,NaCl,neutral ion-pair NaCl: mu_Na + mu_Cl,0.005,0.0025,0.0025,-0.027567401634918973,kJ/mol,-0.011120564538119743,-0.0002857159842619695,-0.027567401634918973,0.0033054837217480646,0.014426048259867806,0.0,0.0,NaClIWater/data/S0_NaClIWater_matrix_BC_s_loss_split0.csv,0,0.33379527454585967,0.19271679161327712,0.13465149680283028,0.0777410779259001,3
NaClIWater,NaCl/NaI/water,"BC S-loss, fixed kappa_D",0.005,298.15,I,NaCl,neutral ion-pair NaCl: mu_Na + mu_Cl,0.005,0.005,0.005,0.07440553123889936,kJ/mol,0.03001485316219201,0.0007711589896644001,0.07440553123889936,0.044440901422059816,0.014426048259867806,0.0,0.0,NaClIWater/data/S0_NaClIWater_matrix_BC_s_loss_split0.csv,0,0.3589800052197469,0.20725720264731412,0.14481090270343466,0.08360661365742071,3
NaClIWater,NaCl/NaI/water,"BC S-loss, fixed kappa_D",0.005,298.15,I,NaCl,neutral ion-pair NaCl: mu_Na + mu_Cl,0.005,0.0075,0.0075,0.19977167369964152,kJ/mol,0.08058698529828241,0.0020704874958710207,0.19977167369964152,0.09501303355815022,0.014426048259867806,0.0,0.0,NaClIWater/data/S0_NaClIWater_matrix_BC_s_loss_split0.csv,0,0.35819622548629687,0.2068046872072214,0.1444947295208863,0.08342407098536588,3
NaClIWater,NaCl/NaI/water,"BC S-loss, fixed kappa_D",0.005,298.15,I,NaCl,neutral ion-pair NaCl: mu_Na + mu_Cl,0.005,0.01,0.01,0.34648311968782164,kJ/mol,0.13976971587256423,0.0035910444837270457,0.34648311968782164,0.15419576413243205,0.014426048259867806,0.0,0.0,NaClIWater/data/S0_NaClIWater_matrix_BC_s_loss_split0.csv,0,0.3419559897432769,0.19742838272928584,0.13794349222669858,0.07964171237004147,3
NaClIWater,NaCl/NaI/water,"BC S-loss, fixed kappa_D",0.005,298.15,I,NaCl,neutral ion-pair NaCl: mu_Na + mu_Cl,0.005,0.0125,0.0125,0.5120854601551001,kJ/mol,0.20657294742911939,0.005307391796009142,0.5120854601551001,0.2209989956889872,0.014426048259867806,0.0,0.0,NaClIWater/data/S0_NaClIWater_matrix_BC_s_loss_split0.csv,0,0.3188957899577954,0.18411457017557153,0.1286411124314424,0.0742709808911462,3
NaClIWater,NaCl/NaI/water,"BC S-loss, fixed kappa_D",0.005,298.15,I,NaCl,neutral ion-pair NaCl: mu_Na + mu_Cl,0.005,0.015,0.015,0.6939058949378162,kJ/mol,0.2799184845285983,0.007191827811084294,0.6939058949378162,0.2943445327884661,0.014426048259867806,0.0,0.0,NaClIWater/data/S0_NaClIWater_matrix_BC_s_loss_split0.csv,0,0.2956343502842631,0.17068457171831944,0.11925755337989108,0.06885338054677628,3
NaClIWater,NaCl/NaI/water,"BC S-loss, fixed kappa_D",0.005,298.15,I,NaCl,neutral ion-pair NaCl: mu_Na + mu_Cl,0.005,0.0175,0.0175,0.8892315482479594,kJ/mol,0.35871196540691447,0.009216235552742091,0.8892315482479594,0.3731380136667823,0.014426048259867806,0.0,0.0,NaClIWater/data/S0_NaClIWater_matrix_BC_s_loss_split0.csv,0,0.2766618355749189,0.15973078524367543,0.11160412716766376,0.0644346728629239,3
NaClIWater,NaCl/NaI/water,"BC S-loss, fixed kappa_D",0.005,298.15,I,NaCl,neutral ion-pair NaCl: mu_Na + mu_Cl,0.005,0.02,0.02,1.0954698333352706,kJ/mol,0.4419075523511507,0.011353744752796047,1.0954698333352706,0.4563336006110185,0.014426048259867806,0.0,0.0,NaClIWater/data/S0_NaClIWater_matrix_BC_s_loss_split0.csv,0,0.26430677672000896,0.1525975886879395,0.106620152573763,0.06155717378950105,3
NaClIWater,NaCl/NaI/water,"BC S-loss, fixed kappa_D",0.005,298.15,I,NaCl,neutral ion-pair NaCl: mu_Na + mu_Cl,0.005,0.0225,0.0225,1.3102840873624562,kJ/mol,0.5285626461918216,0.013580137607505094,1.3102840873624562,0.5429886944516894,0.014426048259867806,0.0,0.0,NaClIWater/data/S0_NaClIWater_matrix_BC_s_loss_split0.csv,0,0.2589501926443129,0.14950496342989952,0.10445933090088584,0.060309622814994635,3
NaClIWater,NaCl/NaI/water,"BC S-loss, fixed kappa_D",0.005,298.15,I,NaCl,neutral ion-pair NaCl: mu_Na + mu_Cl,0.005,0.025,0.025,1.5316993684000446,kJ/mol,0.6178805643297984,0.01587494528615707,1.5316993684000446,0.6323066125896663,0.014426048259867806,0.0,0.0,NaClIWater/data/S0_NaClIWater_matrix_BC_s_loss_split0.csv,0,0.25957615195961314,0.14986636120908986,0.10471184004397516,0.06045540903673009,3
NaClIWater,NaCl/NaI/water,"BC S-loss, fixed kappa_D",0.005,298.15,I,NaCl,neutral ion-pair NaCl: mu_Na + mu_Cl,0.005,0.0275,0.0275,1.7581751852369643,kJ/mol,0.7092398796113728,0.018222201722437603,1.7581751852369643,0.7236659278712406,0.014426048259867806,0.0,0.0,NaClIWater/data/S0_NaClIWater_matrix_BC_s_loss_split0.csv,0,0.2644687002283327,0.1526910752690583,0.10668547178115145,0.06159488585147002,3
NaClIWater,NaCl/NaI/water,"BC S-loss, fixed kappa_D",0.005,298.15,I,NaCl,neutral ion-pair NaCl: mu_Na + mu_Cl,0.005,0.03,0.03,1.988643918072984,kJ/mol,0.8022099190609818,0.020610841816846914,1.988643918072984,0.8166359673208496,0.014426048259867806,0.0,0.0,NaClIWater/data/S0_NaClIWater_matrix_BC_s_loss_split0.csv,0,0.2717517487313996,0.15689594528282513,0.10962342044911813,0.06329111130578588,3
NaClIWater,NaCl/NaI/water,"BC S-loss, fixed kappa_D",0.005,298.15,I,NaCl,neutral ion-pair NaCl: mu_Na + mu_Cl,0.005,0.0325,0.0325,2.2225156437215206,kJ/mol,0.8965527103460927,0.02303475144640288,2.2225156437215206,0.9109787586059606,0.014426048259867806,0.0,0.0,NaClIWater/data/S0_NaClIWater_matrix_BC_s_loss_split0.csv,0,0.27966371226727194,0.1614639195600795,0.11281507058318334,0.06513381136984754,3
NaClIWater,NaCl/NaI/water,"BC S-loss, fixed kappa_D",0.005,298.15,I,NaCl,neutral ion-pair NaCl: mu_Na + mu_Cl,0.005,0.034999999999999996,0.034999999999999996,2.459651939071448,kJ/mol,0.9922124142127479,0.02549249595665515,2.459651939071448,1.0066384624726157,0.014426048259867806,0.0,0.0,NaClIWater/data/S0_NaClIWater_matrix_BC_s_loss_split0.csv,0,0.28666434973804905,0.16550573948833167,0.11563909592415504,0.06676426316065587,3
NaClIWater,NaCl/NaI/water,"BC S-loss, fixed kappa_D",0.005,298.15,I,NaCl,neutral ion-pair NaCl: mu_Na + mu_Cl,0.005,0.0375,0.0375,2.7003128470251516,kJ/mol,1.0892939307859917,0.027986770502366202,2.7003128470251516,1.1037199790458594,0.014426048259867806,0.0,0.0,NaClIWater/data/S0_NaClIWater_matrix_BC_s_loss_split0.csv,0,0.2914970101408695,0.16829587727280207,0.11758856916839092,0.06788979206299343,3
NaClIWater,NaCl/NaI/water,"BC S-loss, fixed kappa_D",0.005,298.15,I,NaCl,neutral ion-pair NaCl: mu_Na + mu_Cl,0.005,0.04,0.04,2.9450825249485733,kJ/mol,1.1880329064925135,0.030523629447998246,2.9450825249485733,1.2024589547523812,0.014426048259867806,0.0,0.0,NaClIWater/data/S0_NaClIWater_matrix_BC_s_loss_split0.csv,0,0.29325903901363287,0.16931318511681193,0.11829936360803721,0.06830016942406171,3
NaClIWater,NaCl/NaI/water,"BC S-loss, fixed kappa_D",0.005,298.15,I,NaCl,neutral ion-pair NaCl: mu_Na + mu_Cl,0.005,0.0425,0.0425,3.194780025345131,kJ/mol,1.2887597433899678,0.033111561674559205,3.194780025345131,1.3031857916498355,0.014426048259867806,0.0,0.0,NaClIWater/data/S0_NaClIWater_matrix_BC_s_loss_split0.csv,0,0.29147543889308736,0.1682834231070883,0.11757986742506722,0.06788476810914307,3
NaClIWater,NaCl/NaI/water,"BC S-loss, fixed kappa_D",0.005,298.15,I,NaCl,neutral ion-pair NaCl: mu_Na + mu_Cl,0.005,0.045,0.045,3.4503621978111587,kJ/mol,1.391860430257066,0.035760484229285794,3.4503621978111587,1.4062864785169338,0.014426048259867806,0.0,0.0,NaClIWater/data/S0_NaClIWater_matrix_BC_s_loss_split0.csv,0,0.28615193283645957,0.16520989545226164,0.11543238927475757,0.06664492102098296,3
NaClIWater,NaCl/NaI/water,"BC S-loss, fixed kappa_D",0.005,298.15,I,NaCl,neutral ion-pair NaCl: mu_Na + mu_Cl,0.005,0.0475,0.0475,3.7128257923302903,kJ/mol,1.4977370515074269,0.0384807276977881,3.7128257923302903,1.5121630997672946,0.014426048259867806,0.0,0.0,NaClIWater/data/S0_NaClIWater_matrix_BC_s_loss_split0.csv,0,0.2777873657291478,0.16038061038120052,0.11205816091685274,0.06469680937023933,3
NaClIWater,NaCl/NaI/water,"BC S-loss, fixed kappa_D",0.005,298.15,I,NaCl,neutral ion-pair NaCl: mu_Na + mu_Cl,0.005,0.05,0.05,3.9831155080131704,kJ/mol,1.606770694469053,0.041282083196392705,3.9831155080131704,1.6211967427289207,0.014426048259867806,0.0,0.0,NaClIWater/data/S0_NaClIWater_matrix_BC_s_loss_split0.csv,0,0.26733485631906834,0.15434585125958403,0.10784166612276742,0.06226241496583752,3
NaClIWater,NaCl/NaI/water,"BC S-loss, fixed kappa_D",0.005,298.15,I,NaCl,neutral ion-pair NaCl: mu_Na + mu_Cl,0.005,0.052500000000000005,0.052500000000000005,4.262043990754457,kJ/mol,1.7192891768027405,0.04417297320628677,4.262043990754457,1.7337152250626082,0.014426048259867806,0.0,0.0,NaClIWater/data/S0_NaClIWater_matrix_BC_s_loss_split0.csv,0,0.25610860401150204,0.14786437146781997,0.10331304696014866,0.05964781547324228,3
NaClIWater,NaCl/NaI/water,"BC S-loss, fixed kappa_D",0.005,298.15,I,NaCl,neutral ion-pair NaCl: mu_Na + mu_Cl,0.005,0.055,0.055,4.5502287184305334,kJ/mol,1.8355415862776638,0.04715979743468779,4.5502287184305334,1.8499676345375315,0.014426048259867806,0.0,0.0,NaClIWater/data/S0_NaClIWater_matrix_BC_s_loss_split0.csv,0,0.24563824507081747,0.14181930691490374,0.09908935174653531,0.05720926390468768,3
NaClIWater,NaCl/NaI/water,"BC S-loss, fixed kappa_D",0.005,298.15,I,NaCl,neutral ion-pair NaCl: mu_Na + mu_Cl,0.005,0.0575,0.0575,4.848049354877588,kJ/mol,1.9556810775599405,0.050246490819972685,4.848049354877588,1.9701071258198082,0.014426048259867806,0.0,0.0,NaClIWater/data/S0_NaClIWater_matrix_BC_s_loss_split0.csv,0,0.2374796490654272,0.13710893931498228,0.09579821119509979,0.055309123021375486,3
NaClIWater,NaCl/NaI/water,"BC S-loss, fixed kappa_D",0.005,298.15,I,NaCl,neutral ion-pair NaCl: mu_Na + mu_Cl,0.005,0.06,0.06,5.155627622031251,kJ/mol,2.0797567527252325,0.05343431492110539,5.155627622031251,2.0941828009851005,0.014426048259867806,0.0,0.0,NaClIWater/data/S0_NaClIWater_matrix_BC_s_loss_split0.csv,0,0.2330064149947551,0.13452631642013152,0.09399372889982209,0.054267304682448995,3
NaClIWater,NaCl/NaI/water,"BC S-loss, fixed kappa_D",0.005,298.15,I,NaCl,neutral ion-pair NaCl: mu_Na + mu_Cl,0.005,0.0625,0.0625,5.472830135442133,kJ/mol,2.207714805092828,0.0567218873056845,5.472830135442133,2.222140853352696,0.014426048259867806,0.0,0.0,NaClIWater/data/S0_NaClIWater_matrix_BC_s_loss_split0.csv,0,0.23322806755471215,0.1346542875852893,0.09408314253519788,0.05431892766890243,3
NaClIWater,NaCl/NaI/water,"BC S-loss, fixed kappa_D",0.005,298.15,I,NaCl,neutral ion-pair NaCl: mu_Na + mu_Cl,0.005,0.065,0.065,5.799293028419179,kJ/mol,2.3394084524931658,0.06010543676120505,5.799293028419179,2.3538345007530337,0.014426048259867806,0.0,0.0,NaClIWater/data/S0_NaClIWater_matrix_BC_s_loss_split0.csv,0,0.2386864086976609,0.13780566231349956,0.09628501254656477,0.05559017791268567,3
NaClIWater,NaCl/NaI/water,"BC S-loss, fixed kappa_D",0.005,298.15,I,NaCl,neutral ion-pair NaCl: mu_Na + mu_Cl,0.005,0.0675,0.0675,6.134465717208182,kJ/mol,2.474615591941954,0.06357925688917021,6.134465717208182,2.489041640201822,0.014426048259867806,0.0,0.0,NaClIWater/data/S0_NaClIWater_matrix_BC_s_loss_split0.csv,0,0.24944467187190622,0.14401694845316293,0.10062484701960167,0.05809578251393194,3
NaClIWater,NaCl/NaI/water,"BC S-loss, fixed kappa_D",0.005,298.15,I,NaCl,neutral ion-pair NaCl: mu_Na + mu_Cl,0.005,0.07,0.07,6.477669852862394,kJ/mol,2.6130625805568632,0.06713631709817491,6.477669852862394,2.627488628816731,0.014426048259867806,0.0,0.0,NaClIWater/data/S0_NaClIWater_matrix_BC_s_loss_split0.csv,0,0.26512707958783377,0.15307119076949516,0.106951059022737,0.06174822271689276,3
NaClIWater,NaCl/NaI/water,"BC S-loss, fixed kappa_D",0.005,298.15,I,NaCl,neutral ion-pair NaCl: mu_Na + mu_Cl,0.005,0.07250000000000001,0.07250000000000001,6.828168500779239,kJ/mol,2.754452142268251,0.07076897959927919,6.828168500779239,2.768878190528119,0.014426048259867806,0.0,0.0,NaClIWater/data/S0_NaClIWater_matrix_BC_s_loss_split0.csv,0,0.2849521161280832,0.16451718095270235,0.11494838866722436,0.06636548313993572,3
NaClIWater,NaCl/NaI/water,"BC S-loss, fixed kappa_D",0.005,298.15,I,NaCl,neutral ion-pair NaCl: mu_Na + mu_Cl,0.005,0.07500000000000001,0.07500000000000001,7.185239899358789,kJ/mol,2.8984931217267866,0.07446976386063396,7.185239899358789,2.9129191699866546,0.014426048259867806,0.0,0.0,NaClIWater/data/S0_NaClIWater_matrix_BC_s_loss_split0.csv,0,0.3077460669606839,0.17767727460179947,0.12414336484486987,0.07167420511129155,3
NaClIWater,NaCl/NaI/water,"BC S-loss, fixed kappa_D",0.005,298.15,I,NaCl,neutral ion-pair NaCl: mu_Na + mu_Cl,0.005,0.07750000000000001,0.07750000000000001,7.548249835873994,kJ/mol,3.044929680400589,0.07823209673051677,7.548249835873994,3.059355728660457,0.014426048259867806,0.0,0.0,NaClIWater/data/S0_NaClIWater_matrix_BC_s_loss_split0.csv,0,0.33196909505961136,0.1916624463953031,0.13391482429723986,0.07731575985649287,3
NaClIWater,NaCl/NaI/water,"BC S-loss, fixed kappa_D",0.005,298.15,I,NaCl,neutral ion-pair NaCl: mu_Na + mu_Cl,0.005,0.08,0.08,7.916716742974735,kJ/mol,3.1935675562091266,0.08205098711505343,7.916716742974735,3.2079936044689945,0.014426048259867806,0.0,0.0,NaClIWater/data/S0_NaClIWater_matrix_BC_s_loss_split0.csv,0,0.35579206875033415,0.20541664666853926,0.1435249036194071,0.08286414174007978,3
NaClIWater,NaCl/NaI/water,"BC S-loss, fixed kappa_D",0.005,298.15,I,NaCl,neutral ion-pair NaCl: mu_Na + mu_Cl,0.005,0.0825,0.0825,8.290364068410968,kJ/mol,3.344295189231537,0.08592356875215046,8.290364068410968,3.358721237491405,0.014426048259867806,0.0,0.0,NaClIWater/data/S0_NaClIWater_matrix_BC_s_loss_split0.csv,0,0.3772402280233381,0.2177997471984301,0.15217699359792664,0.08785942821823091,3
NaClIWater,NaCl/NaI/water,"BC S-loss, fixed kappa_D",0.005,298.15,I,NaCl,neutral ion-pair NaCl: mu_Na + mu_Cl,0.005,0.085,0.085,8.66915524375101,kJ/mol,3.497097827928666,0.089849462636721,8.66915524375101,3.511523876188534,0.014426048259867806,0.0,0.0,NaClIWater/data/S0_NaClIWater_matrix_BC_s_loss_split0.csv,0,0.39439850204269794,0.22770608132233683,0.15909856336071992,0.09185559838399439,3
NaClIWater,NaCl/NaI/water,"BC S-loss, fixed kappa_D",0.005,298.15,I,NaCl,neutral ion-pair NaCl: mu_Na + mu_Cl,0.005,0.0875,0.0875,9.05330766153156,kJ/mol,3.652063167461867,0.09383092188363662,9.05330766153156,3.666489215721735,0.014426048259867806,0.0,0.0,NaClIWater/data/S0_NaClIWater_matrix_BC_s_loss_split0.csv,0,0.4056660139543281,0.23421138235761382,0.16364382646011208,0.09447980725796612,3
NaClIWater,NaCl/NaI/water,"BC S-loss, fixed kappa_D",0.005,298.15,I,NaCl,neutral ion-pair NaCl: mu_Na + mu_Cl,0.005,0.09,0.09,9.443283370697223,kJ/mol,3.80937759627559,0.09787273529275352,9.443283370697223,3.8238036445354577,0.014426048259867806,0.0,0.0,NaClIWater/data/S0_NaClIWater_matrix_BC_s_loss_split0.csv,0,0.41005315753296906,0.23674430088371573,0.1654135802421471,0.09550157508042341,3
NaClIWater,NaCl/NaI/water,"BC S-loss, fixed kappa_D",0.005,298.15,I,NaCl,neutral ion-pair NaCl: mu_Na + mu_Cl,0.005,0.0925,0.0925,9.839755642757206,kJ/mol,3.9693127090369336,0.10198188083154491,9.839755642757206,3.9837387572968015,0.014426048259867806,0.0,0.0,NaClIWater/data/S0_NaClIWater_matrix_BC_s_loss_split0.csv,0,0.40753087873947286,0.2352880625433194,0.1643961044394703,0.09491413515185403,3
NaClIWater,NaCl/NaI/water,"BC S-loss, fixed kappa_D",0.005,298.15,I,NaCl,neutral ion-pair NaCl: mu_Na + mu_Cl,0.005,0.095,0.095,10.243552075526356,kJ/mol,4.132202354943348,0.10616693594693061,10.243552075526356,4.1466284032032155,0.014426048259867806,0.0,0.0,NaClIWater/data/S0_NaClIWater_matrix_BC_s_loss_split0.csv,0,0.3994664903581342,0.23063208574050384,0.1611429668154461,0.09303593526891274,3
NaClIWater,NaCl/NaI/water,"BC S-loss, fixed kappa_D",0.005,298.15,I,NaCl,neutral ion-pair NaCl: mu_Na + mu_Cl,0.005,0.0975,0.0975,10.65557636797579,kJ/mol,4.298411082052878,0.11043726681873524,10.65557636797579,4.3128371303127455,0.014426048259867806,0.0,0.0,NaClIWater/data/S0_NaClIWater_matrix_BC_s_loss_split0.csv,0,0.3891969803631441,0.22470298138045075,0.15700029315375807,0.09064416151517239,3
NaClIWater,NaCl/NaI/water,"BC S-loss, fixed kappa_D",0.005,298.15,I,NaCl,neutral ion-pair NaCl: mu_Na + mu_Cl,0.005,0.1,0.1,11.076712277625363,kJ/mol,4.4682953941327535,0.11480203294820514,11.076712277625363,4.482721442392621,0.014426048259867806,0.0,0.0,NaClIWater/data/S0_NaClIWater_matrix_BC_s_loss_split0.csv,0,0.38271481096266335,0.22096049913215043,0.15438541547614043,0.0891344611841019,3
NaClIWater,NaCl/NaI/water,"BC S-loss, fixed kappa_D",0.005,298.15,I,NaCl,neutral ion-pair NaCl: mu_Na + mu_Cl,0.0075,0.0,0.0,-0.10376908054347495,kJ/mol,-0.041859975507570195,-0.001075490732716844,-0.10376908054347495,-0.02743392724770239,0.014426048259867806,0.0,0.0,NaClIWater/data/S0_NaClIWater_matrix_BC_s_loss_split0.csv,0,0.31379388526295693,0.18116898412662674,0.1265830272634003,0.0730827448653619,3
NaClIWater,NaCl/NaI/water,"BC S-loss, fixed kappa_D",0.005,298.15,I,NaCl,neutral ion-pair NaCl: mu_Na + mu_Cl,0.0075,0.0025,0.0025,0.00814151207877115,kJ/mol,0.0032842489730759896,8.438082659267822e-05,0.00814151207877115,0.017710297232943796,0.014426048259867806,0.0,0.0,NaClIWater/data/S0_NaClIWater_matrix_BC_s_loss_split0.csv,0,0.3610744967192338,0.2084664578783583,0.1456558110558085,0.08409442172210431,3
NaClIWater,NaCl/NaI/water,"BC S-loss, fixed kappa_D",0.005,298.15,I,NaCl,neutral ion-pair NaCl: mu_Na + mu_Cl,0.0075,0.005,0.005,0.13861996374813554,kJ/mol,0.05591866341078508,0.0014366946840027595,0.13861996374813554,0.07034471167065288,0.014426048259867806,0.0,0.0,NaClIWater/data/S0_NaClIWater_matrix_BC_s_loss_split0.csv,0,0.37644662088371206,0.21734155790273615,0.1518568560843881,0.08767459673861173,3
NaClIWater,NaCl/NaI/water,"BC S-loss, fixed kappa_D",0.005,298.15,I,NaCl,neutral ion-pair NaCl: mu_Na + mu_Cl,0.0075,0.0075,0.0075,0.28675212120003496,kJ/mol,0.11567450253303845,0.0029719763085722657,0.28675212120003496,0.13010055079290625,0.014426048259867806,0.0,0.0,NaClIWater/data/S0_NaClIWater_matrix_BC_s_loss_split0.csv,0,0.3702989405662435,0.21379219301655394,0.14937690978275553,0.08624279907378835,3
NaClIWater,NaCl/NaI/water,"BC S-loss, fixed kappa_D",0.005,298.15,I,NaCl,neutral ion-pair NaCl: mu_Na + mu_Cl,0.0075,0.01,0.01,0.45113127743386217,kJ/mol,0.18198430712864,0.004675646209619798,0.45113127743386217,0.19641035538850782,0.014426048259867806,0.0,0.0,NaClIWater/data/S0_NaClIWater_matrix_BC_s_loss_split0.csv,0,0.35159245882821427,0.20299200074951193,0.14183080006215673,0.08188605059526619,3
NaClIWater,NaCl/NaI/water,"BC S-loss, fixed kappa_D",0.005,298.15,I,NaCl,neutral ion-pair NaCl: mu_Na + mu_Cl,0.0075,0.0125,0.0125,0.6300216163976137,kJ/mol,0.25414785689071256,0.006529713921509027,0.6300216163976137,0.2685739051505804,0.014426048259867806,0.0,0.0,NaClIWater/data/S0_NaClIWater_matrix_BC_s_loss_split0.csv,0,0.32762448913336395,0.1891540869942613,0.132162230010866,0.07630389907347472,3
NaClIWater,NaCl/NaI/water,"BC S-loss, fixed kappa_D",0.005,298.15,I,NaCl,neutral ion-pair NaCl: mu_Na + mu_Cl,0.0075,0.015,0.015,0.8215195339289741,kJ/mol,0.3313972465512004,0.008514449977383265,0.8215195339289741,0.3458232948110682,0.014426048259867806,0.0,0.0,NaClIWater/data/S0_NaClIWater_matrix_BC_s_loss_split0.csv,0,0.303927519812251,0.17547263537773847,0.12260298027876643,0.07078486366739618,3
NaClIWater,NaCl/NaI/water,"BC S-loss, fixed kappa_D",0.005,298.15,I,NaCl,neutral ion-pair NaCl: mu_Na + mu_Cl,0.0075,0.0175,0.0175,1.0237046626159276,kJ/mol,0.4129578086233001,0.010609951171545617,1.0237046626159276,0.42738385688316793,0.014426048259867806,0.0,0.0,NaClIWater/data/S0_NaClIWater_matrix_BC_s_loss_split0.csv,0,0.2842107074542275,0.16408912845527224,0.11464930777755894,0.06619280870777791,3
NaClIWater,NaCl/NaI/water,"BC S-loss, fixed kappa_D",0.005,298.15,I,NaCl,neutral ion-pair NaCl: mu_Na + mu_Cl,0.0075,0.02,0.02,1.2347734153174765,kJ/mol,0.4981019842508233,0.012797524640518532,1.2347734153174765,0.5125280325106911,0.014426048259867806,0.0,0.0,NaClIWater/data/S0_NaClIWater_matrix_BC_s_loss_split0.csv,0,0.270379201173483,0.1561035045807864,0.10906974100186417,0.06297144432786905,3
NaClIWater,NaCl/NaI/water,"BC S-loss, fixed kappa_D",0.005,298.15,I,NaCl,neutral ion-pair NaCl: mu_Na + mu_Cl,0.0075,0.0225,0.0225,1.453149193702368,kJ/mol,0.5861937808318708,0.015060830094057563,1.453149193702368,0.6006198290917386,0.014426048259867806,0.0,0.0,NaClIWater/data/S0_NaClIWater_matrix_BC_s_loss_split0.csv,0,0.26273925278948207,0.1516925783246886,0.1059878205438777,0.06119209672182954,3
NaClIWater,NaCl/NaI/water,"BC S-loss, fixed kappa_D",0.005,298.15,I,NaCl,neutral ion-pair NaCl: mu_Na + mu_Cl,0.0075,0.025,0.025,1.6775650078277726,kJ/mol,0.6767221003814032,0.017386736106743683,1.6775650078277726,0.691148148641271,0.014426048259867806,0.0,0.0,NaClIWater/data/S0_NaClIWater_matrix_BC_s_loss_split0.csv,0,0.2604404973672759,0.1503653912628768,0.10506051305336635,0.060656715492561256,3
NaClIWater,NaCl/NaI/water,"BC S-loss, fixed kappa_D",0.005,298.15,I,NaCl,neutral ion-pair NaCl: mu_Na + mu_Cl,0.0075,0.0275,0.0275,1.9071160252787132,kJ/mol,0.7693219376152738,0.019765864751434492,1.9071160252787132,0.7837479858751416,0.014426048259867806,0.0,0.0,NaClIWater/data/S0_NaClIWater_matrix_BC_s_loss_split0.csv,0,0.26203179830082274,0.15128412928522175,0.10570243661821414,0.06102733023552529,3
NaClIWater,NaCl/NaI/water,"BC S-loss, fixed kappa_D",0.005,298.15,I,NaCl,neutral ion-pair NaCl: mu_Na + mu_Cl,0.0075,0.03,0.03,2.141281412524424,kJ/mol,0.8637831906541255,0.022192817968971212,2.141281412524424,0.8782092389139933,0.014426048259867806,0.0,0.0,NaClIWater/data/S0_NaClIWater_matrix_BC_s_loss_split0.csv,0,0.26592358836574137,0.15353105532683203,0.10727236704397182,0.06193372998944547,3
NaClIWater,NaCl/NaI/water,"BC S-loss, fixed kappa_D",0.005,298.15,I,NaCl,neutral ion-pair NaCl: mu_Na + mu_Cl,0.0075,0.0325,0.0325,2.3799166432342145,kJ/mol,0.960047558232964,0.024666097849490143,2.3799166432342145,0.9744736064928318,0.014426048259867806,0.0,0.0,NaClIWater/data/S0_NaClIWater_matrix_BC_s_loss_split0.csv,0,0.2706579221879289,0.15626442423350553,0.10918217579243027,0.06303635858446865,3
NaClIWater,NaCl/NaI/water,"BC S-loss, fixed kappa_D",0.005,298.15,I,NaCl,neutral ion-pair NaCl: mu_Na + mu_Cl,0.0075,0.034999999999999996,0.034999999999999996,2.6232191180904447,kJ/mol,1.058194670889957,0.02718775030689358,2.6232191180904447,1.0726207191498247,0.014426048259867806,0.0,0.0,NaClIWater/data/S0_NaClIWater_matrix_BC_s_loss_split0.csv,0,0.2750294545633593,0.15878832962723147,0.11094563208603604,0.0640544905502861,3
NaClIWater,NaCl/NaI/water,"BC S-loss, fixed kappa_D",0.005,298.15,I,NaCl,neutral ion-pair NaCl: mu_Na + mu_Cl,0.0075,0.0375,0.0375,2.8716713870892203,kJ/mol,1.1584191871005611,0.029762776619463697,2.8716713870892203,1.1728452353604288,0.014426048259867806,0.0,0.0,NaClIWater/data/S0_NaClIWater_matrix_BC_s_loss_split0.csv,0,0.2781407034038045,0.16058460998277838,0.11220069572904891,0.06477910188242969,3
NaClIWater,NaCl/NaI/water,"BC S-loss, fixed kappa_D",0.005,298.15,I,NaCl,neutral ion-pair NaCl: mu_Na + mu_Cl,0.0075,0.04,0.04,3.1259674115038547,kJ/mol,1.26100104768869,0.03239836918896799,3.1259674115038547,1.2754270959485576,0.014426048259867806,0.0,0.0,NaClIWater/data/S0_NaClIWater_matrix_BC_s_loss_split0.csv,0,0.2794398719407593,0.16133468528731196,0.11272477441272145,0.06508167885152458,3
NaClIWater,NaCl/NaI/water,"BC S-loss, fixed kappa_D",0.005,298.15,I,NaCl,neutral ion-pair NaCl: mu_Na + mu_Cl,0.0075,0.0425,0.0425,3.386928066695815,kJ/mol,1.3662713900446513,0.035103035789006753,3.386928066695815,1.380697438304519,0.014426048259867806,0.0,0.0,NaClIWater/data/S0_NaClIWater_matrix_BC_s_loss_split0.csv,0,0.27874846975731754,0.16093550405058354,0.1124458659140321,0.064920650954727,3
NaClIWater,NaCl/NaI/water,"BC S-loss, fixed kappa_D",0.005,298.15,I,NaCl,neutral ion-pair NaCl: mu_Na + mu_Cl,0.0075,0.045,0.045,3.6554124728457458,kJ/mol,1.4745767793450033,0.037885680572799174,3.6554124728457458,1.489002827604871,0.014426048259867806,0.0,0.0,NaClIWater/data/S0_NaClIWater_matrix_BC_s_loss_split0.csv,0,0.2762667258174977,0.15950266851886885,0.11144474168711564,0.06434265161282453,3
NaClIWater,NaCl/NaI/water,"BC S-loss, fixed kappa_D",0.005,298.15,I,NaCl,neutral ion-pair NaCl: mu_Na + mu_Cl,0.0075,0.0475,0.0475,3.9322316972285103,kJ/mol,1.5862443964424908,0.040754709660291155,3.9322316972285103,1.6006704447023585,0.014426048259867806,0.0,0.0,NaClIWater/data/S0_NaClIWater_matrix_BC_s_loss_split0.csv,0,0.2725433585182798,0.15735298140637355,0.10994275223963615,0.06347547760100226,3
NaClIWater,NaCl/NaI/water,"BC S-loss, fixed kappa_D",0.005,298.15,I,NaCl,neutral ion-pair NaCl: mu_Na + mu_Cl,0.0075,0.05,0.05,4.218070925695955,kJ/mol,1.7015506421958881,0.043717224502415775,4.218070925695955,1.7159766904557558,0.014426048259867806,0.0,0.0,NaClIWater/data/S0_NaClIWater_matrix_BC_s_loss_split0.csv,0,0.2684029115203608,0.15496249321755962,0.10827251473713975,0.06251116552932537,3
NaClIWater,NaCl/NaI/water,"BC S-loss, fixed kappa_D",0.005,298.15,I,NaCl,neutral ion-pair NaCl: mu_Na + mu_Cl,0.0075,0.052500000000000005,0.052500000000000005,4.513425403280487,kJ/mol,1.8206952962006027,0.04677835795223473,4.513425403280487,1.8351213444604704,0.014426048259867806,0.0,0.0,NaClIWater/data/S0_NaClIWater_matrix_BC_s_loss_split0.csv,0,0.2648332488085197,0.15290154748996201,0.10683252902169003,0.06167978938888125,3
NaClIWater,NaCl/NaI/water,"BC S-loss, fixed kappa_D",0.005,298.15,I,NaCl,neutral ion-pair NaCl: mu_Na + mu_Cl,0.0075,0.055,0.055,4.818554317392453,kJ/mol,1.9437829134800793,0.04994079629796034,4.818554317392453,1.958208961739947,0.014426048259867806,0.0,0.0,NaClIWater/data/S0_NaClIWater_matrix_BC_s_loss_split0.csv,0,0.2628465512135492,0.1517545270987074,0.10603110424052348,0.0612170865757395,3
NaClIWater,NaCl/NaI/water,"BC S-loss, fixed kappa_D",0.005,298.15,I,NaCl,neutral ion-pair NaCl: mu_Na + mu_Cl,0.0075,0.0575,0.0575,5.133455454837943,kJ/mol,2.0708126012419514,0.05320451660145408,5.133455454837943,2.0852386495018194,0.014426048259867806,0.0,0.0,NaClIWater/data/S0_NaClIWater_matrix_BC_s_loss_split0.csv,0,0.26333747522974466,0.15203796221160948,0.10622914075762856,0.061331423012199494,3
NaClIWater,NaCl/NaI/water,"BC S-loss, fixed kappa_D",0.005,298.15,I,NaCl,neutral ion-pair NaCl: mu_Na + mu_Cl,0.0075,0.06,0.06,5.457861946438546,kJ/mol,2.201676705672449,0.05656675295858803,5.457861946438546,2.216102753932317,0.014426048259867806,0.0,0.0,NaClIWater/data/S0_NaClIWater_matrix_BC_s_loss_split0.csv,0,0.26696612650132767,0.15413296500005322,0.10769292219000161,0.062176537616214854,3
NaClIWater,NaCl/NaI/water,"BC S-loss, fixed kappa_D",0.005,298.15,I,NaCl,neutral ion-pair NaCl: mu_Na + mu_Cl,0.0075,0.0625,0.0625,5.7912608710187525,kJ/mol,2.3361683167003666,0.0600221893159869,5.7912608710187525,2.3505943649602346,0.014426048259867806,0.0,0.0,NaClIWater/data/S0_NaClIWater_matrix_BC_s_loss_split0.csv,0,0.27408398242422544,0.15824246103319123,0.11056423292185388,0.06383428964017683,3
NaClIWater,NaCl/NaI/water,"BC S-loss, fixed kappa_D",0.005,298.15,I,NaCl,neutral ion-pair NaCl: mu_Na + mu_Cl,0.0075,0.065,0.065,6.132931964767043,kJ/mol,2.4739968831774117,0.06356336066528456,6.132931964767043,2.4884229314372797,0.014426048259867806,0.0,0.0,NaClIWater/data/S0_NaClIWater_matrix_BC_s_loss_split0.csv,0,0.28469995352326466,0.1643715948049308,0.11484666741840566,0.06630675434954793,3
NaClIWater,NaCl/NaI/water,"BC S-loss, fixed kappa_D",0.005,298.15,I,NaCl,neutral ion-pair NaCl: mu_Na + mu_Cl,0.0075,0.0675,0.0675,6.482003302402399,kJ/mol,2.6148106744077277,0.06718123013774857,6.482003302402399,2.6292367226675957,0.014426048259867806,0.0,0.0,NaClIWater/data/S0_NaClIWater_matrix_BC_s_loss_split0.csv,0,0.2984676231924631,0.17232036259455638,0.1204004827951116,0.0695132511523186,3
NaClIWater,NaCl/NaI/water,"BC S-loss, fixed kappa_D",0.005,298.15,I,NaCl,neutral ion-pair NaCl: mu_Na + mu_Cl,0.0075,0.07,0.07,6.837519651065944,kJ/mol,2.7582243537971474,0.0708658974424452,6.837519651065944,2.7726504020570153,0.014426048259867806,0.0,0.0,NaClIWater/data/S0_NaClIWater_matrix_BC_s_loss_split0.csv,0,0.3146785952180723,0.18167977165736732,0.12693991523868617,0.07328879423396374,3
NaClIWater,NaCl/NaI/water,"BC S-loss, fixed kappa_D",0.005,298.15,I,NaCl,neutral ion-pair NaCl: mu_Na + mu_Cl,0.0075,0.07250000000000001,0.07250000000000001,7.198518310346537,kJ/mol,2.903849572374855,0.07460738489271534,7.198518310346537,2.918275620634723,0.014426048259867806,0.0,0.0,NaClIWater/data/S0_NaClIWater_matrix_BC_s_loss_split0.csv,0,0.3322660160493268,0.19183387380864336,0.13403460087511904,0.07738491289597403,3
NaClIWater,NaCl/NaI/water,"BC S-loss, fixed kappa_D",0.005,298.15,I,NaCl,neutral ion-pair NaCl: mu_Na + mu_Cl,0.0075,0.07500000000000001,0.07500000000000001,7.564106713309578,kJ/mol,3.0513262726957477,0.07839644168416271,7.564106713309578,3.0657523209556157,0.014426048259867806,0.0,0.0,NaClIWater/data/S0_NaClIWater_matrix_BC_s_loss_split0.csv,0,0.3498375307930601,0.20197879257600726,0.14112287006813193,0.08147732702264855,3
NaClIWater,NaCl/NaI/water,"BC S-loss, fixed kappa_D",0.005,298.15,I,NaCl,neutral ion-pair NaCl: mu_Na + mu_Cl,0.0075,0.07750000000000001,0.07750000000000001,7.933535875782638,kJ/mol,3.2003523179484623,0.08222530514285609,7.933535875782638,3.2147783662083302,0.014426048259867806,0.0,0.0,NaClIWater/data/S0_NaClIWater_matrix_BC_s_loss_split0.csv,0,0.3657564566956605,0.2111695887310833,0.1475444924329028,0.08518485242358313,3
NaClIWater,NaCl/NaI/water,"BC S-loss, fixed kappa_D",0.005,298.15,I,NaCl,neutral ion-pair NaCl: mu_Na + mu_Cl,0.0075,0.08,0.08,8.30626397183852,kJ/mol,3.350709138016322,0.08608835963877937,8.30626397183852,3.36513518627619,0.014426048259867806,0.0,0.0,NaClIWater/data/S0_NaClIWater_matrix_BC_s_loss_split0.csv,0,0.37827806855351576,0.21839894470790405,0.15259565375128314,0.08810114177047025,3
NaClIWater,NaCl/NaI/water,"BC S-loss, fixed kappa_D",0.005,298.15,I,NaCl,neutral ion-pair NaCl: mu_Na + mu_Cl,0.0075,0.0825,0.0825,8.68200487380642,kJ/mol,3.502281310297245,0.08998263966759623,8.68200487380642,3.516707358557113,0.014426048259867806,0.0,0.0,NaClIWater/data/S0_NaClIWater_matrix_BC_s_loss_split0.csv,0,0.38573491123334785,0.2227041548364098,0.15560371020034075,0.08983784397107125,3
NaClIWater,NaCl/NaI/water,"BC S-loss, fixed kappa_D",0.005,298.15,I,NaCl,neutral ion-pair NaCl: mu_Na + mu_Cl,0.0075,0.085,0.085,9.060757349591764,kJ/mol,3.6550683377698814,0.09390813245954631,9.060757349591764,3.6694943860297493,0.014426048259867806,0.0,0.0,NaClIWater/data/S0_NaClIWater_matrix_BC_s_loss_split0.csv,0,0.3867571528268273,0.223294346295582,0.1560160778135237,0.09007592452354751,3
NaClIWater,NaCl/NaI/water,"BC S-loss, fixed kappa_D",0.005,298.15,I,NaCl,neutral ion-pair NaCl: mu_Na + mu_Cl,0.0075,0.0875,0.0875,9.442811776913738,kJ/mol,3.809187357486513,0.09786784756761335,9.442811776913738,3.823613405746381,0.014426048259867806,0.0,0.0,NaClIWater/data/S0_NaClIWater_matrix_BC_s_loss_split0.csv,0,0.3805118388765024,0.21968861260518818,0.15349674654809767,0.08862138793927596,3
NaClIWater,NaCl/NaI/water,"BC S-loss, fixed kappa_D",0.005,298.15,I,NaCl,neutral ion-pair NaCl: mu_Na + mu_Cl,0.0075,0.09,0.09,9.828732556922413,kJ/mol,3.964866046306131,0.10186763459751091,9.828732556922413,3.979292094565999,0.014426048259867806,0.0,0.0,NaClIWater/data/S0_NaClIWater_matrix_BC_s_loss_split0.csv,0,0.3669477256012117,0.21185736815438053,0.14802504489562224,0.08546229951729395,3
NaClIWater,NaCl/NaI/water,"BC S-loss, fixed kappa_D",0.005,298.15,I,NaCl,neutral ion-pair NaCl: mu_Na + mu_Cl,0.0075,0.0925,0.0925,10.219315881185862,kJ/mol,4.1224255842889646,0.10591574549334838,10.219315881185862,4.136851632548832,0.014426048259867806,0.0,0.0,NaClIWater/data/S0_NaClIWater_matrix_BC_s_loss_split0.csv,0,0.34704174531994103,0.20036464508050553,0.13999506291385955,0.08082618725853541,3
NaClIWater,NaCl/NaI/water,"BC S-loss, fixed kappa_D",0.005,298.15,I,NaCl,neutral ion-pair NaCl: mu_Na + mu_Cl,0.0075,0.095,0.095,10.615524006612075,kJ/mol,4.282254141498672,0.11002215334519862,10.615524006612075,4.29668018975854,0.014426048259867806,0.0,0.0,NaClIWater/data/S0_NaClIWater_matrix_BC_s_loss_split0.csv,0,0.32306491157796935,0.18652161366526326,0.13032291714624344,0.07524197129596095,3
NaClIWater,NaCl/NaI/water,"BC S-loss, fixed kappa_D",0.005,298.15,I,NaCl,neutral ion-pair NaCl: mu_Na + mu_Cl,0.0075,0.0975,0.0975,11.018398635945106,kJ/mol,4.444771936088137,0.11419765464120248,11.018398635945106,4.4591979843480045,0.014426048259867806,0.0,0.0,NaClIWater/data/S0_NaClIWater_matrix_BC_s_loss_split0.csv,0,0.29892435915455945,0.17258405922522127,0.12058472800656236,0.0696196251747466,3
NaClIWater,NaCl/NaI/water,"BC S-loss, fixed kappa_D",0.005,298.15,I,NaCl,neutral ion-pair NaCl: mu_Na + mu_Cl,0.0075,0.1,0.1,11.428957310111784,kJ/mol,4.610389439442978,0.11845279544991173,11.428957310111784,4.624815487702845,0.014426048259867806,0.0,0.0,NaClIWater/data/S0_NaClIWater_matrix_BC_s_loss_split0.csv,0,0.2806537279745794,0.16203550539519543,0.11321443842033625,0.06536438649813345,3
NaClIWater,NaCl/NaI/water,"BC S-loss, fixed kappa_D",0.005,298.15,I,NaCl,neutral ion-pair NaCl: mu_Na + mu_Cl,0.01,0.0,0.0,-0.07368505381488547,kJ/mol,-0.029724215843589738,-0.0007636917673607967,-0.07368505381488547,-0.015298167583721933,0.014426048259867806,0.0,0.0,NaClIWater/data/S0_NaClIWater_matrix_BC_s_loss_split0.csv,0,0.32052618770544317,0.18505588075406215,0.12929880747342115,0.0746507013006773,3
NaClIWater,NaCl/NaI/water,"BC S-loss, fixed kappa_D",0.005,298.15,I,NaCl,neutral ion-pair NaCl: mu_Na + mu_Cl,0.01,0.0025,0.0025,0.06672267793604322,kJ/mol,0.02691562505492287,0.0006915318263054361,0.06672267793604322,0.041341673314790675,0.014426048259867806,0.0,0.0,NaClIWater/data/S0_NaClIWater_matrix_BC_s_loss_split0.csv,0,0.3570035209090691,0.20611607889849526,0.14401359791473697,0.08314628952303993,3
NaClIWater,NaCl/NaI/water,"BC S-loss, fixed kappa_D",0.005,298.15,I,NaCl,neutral ion-pair NaCl: mu_Na + mu_Cl,0.01,0.005,0.005,0.22067549416948054,kJ/mol,0.0890194914773798,0.0022871403280628755,0.22067549416948054,0.1034455397372476,0.014426048259867806,0.0,0.0,NaClIWater/data/S0_NaClIWater_matrix_BC_s_loss_split0.csv,0,0.3673644965269578,0.21209799096055043,0.14819316839303226,0.08555936566378072,3
NaClIWater,NaCl/NaI/water,"BC S-loss, fixed kappa_D",0.005,298.15,I,NaCl,neutral ion-pair NaCl: mu_Na + mu_Cl,0.01,0.0075,0.0075,0.38772302302756007,kJ/mol,0.15640570546305468,0.0040184659625310815,0.38772302302756007,0.1708317537229225,0.014426048259867806,0.0,0.0,NaClIWater/data/S0_NaClIWater_matrix_BC_s_loss_split0.csv,0,0.3603245621491093,0.2080334829524223,0.14535329085833465,0.08391976160465749,3
NaClIWater,NaCl/NaI/water,"BC S-loss, fixed kappa_D",0.005,298.15,I,NaCl,neutral ion-pair NaCl: mu_Na + mu_Cl,0.01,0.01,0.01,0.5670019335337174,kJ/mol,0.22872600321945133,0.005876560934666486,0.5670019335337174,0.24315205147931915,0.014426048259867806,0.0,0.0,NaClIWater/data/S0_NaClIWater_matrix_BC_s_loss_split0.csv,0,0.3433173444514697,0.19821436123652353,0.13849265652924048,0.07995877252794338,3
NaClIWater,NaCl/NaI/water,"BC S-loss, fixed kappa_D",0.005,298.15,I,NaCl,neutral ion-pair NaCl: mu_Na + mu_Cl,0.01,0.0125,0.0125,0.7573772013509816,kJ/mol,0.3055225210872094,0.007849661546174502,0.7573772013509816,0.3199485693470772,0.014426048259867806,0.0,0.0,NaClIWater/data/S0_NaClIWater_matrix_BC_s_loss_split0.csv,0,0.32231326559983686,0.18608765065745317,0.13001970657455655,0.07506691259077639,3
NaClIWater,NaCl/NaI/water,"BC S-loss, fixed kappa_D",0.005,298.15,I,NaCl,neutral ion-pair NaCl: mu_Na + mu_Cl,0.01,0.015,0.015,0.9575803546917211,kJ/mol,0.38628356331183034,0.009924621013396973,0.9575803546917211,0.40070961157169815,0.014426048259867806,0.0,0.0,NaClIWater/data/S0_NaClIWater_matrix_BC_s_loss_split0.csv,0,0.3017537397252483,0.1742176028593484,0.1217260872705196,0.07027858925303437,3
NaClIWater,NaCl/NaI/water,"BC S-loss, fixed kappa_D",0.005,298.15,I,NaCl,neutral ion-pair NaCl: mu_Na + mu_Cl,0.01,0.0175,0.0175,1.1663373888274011,kJ/mol,0.4704952021756002,0.012088235207784237,1.1663373888274011,0.484921250435468,0.014426048259867806,0.0,0.0,NaClIWater/data/S0_NaClIWater_matrix_BC_s_loss_split0.csv,0,0.2845438562079483,0.16428147197791312,0.11478369847079908,0.06627039921069669,3
NaClIWater,NaCl/NaI/water,"BC S-loss, fixed kappa_D",0.005,298.15,I,NaCl,neutral ion-pair NaCl: mu_Na + mu_Cl,0.01,0.02,0.02,1.382480002386516,kJ/mol,0.5576861502146564,0.014328395538882432,1.382480002386516,0.5721121984745242,0.014426048259867806,0.0,0.0,NaClIWater/data/S0_NaClIWater_matrix_BC_s_loss_split0.csv,0,0.2721307851885226,0.15711478208337773,0.10977632203337179,0.06337938907661425,3
NaClIWater,NaCl/NaI/water,"BC S-loss, fixed kappa_D",0.005,298.15,I,NaCl,neutral ion-pair NaCl: mu_Na + mu_Cl,0.01,0.0225,0.0225,1.6050350911278601,kJ/mol,0.6474638616004164,0.01663501649193222,1.6050350911278601,0.6618899098602842,0.014426048259867806,0.0,0.0,NaClIWater/data/S0_NaClIWater_matrix_BC_s_loss_split0.csv,0,0.2647233735574918,0.15283811098420377,0.10678820584475883,0.06165419939074868,3
NaClIWater,NaCl/NaI/water,"BC S-loss, fixed kappa_D",0.005,298.15,I,NaCl,neutral ion-pair NaCl: mu_Na + mu_Cl,0.01,0.025,0.025,1.8332889505058063,kJ/mol,0.7395404311626395,0.019000701040567947,1.8332889505058063,0.7539664794225073,0.014426048259867806,0.0,0.0,NaClIWater/data/S0_NaClIWater_matrix_BC_s_loss_split0.csv,0,0.261656869249944,0.1510676638967699,0.10555119194297302,0.06094000908156134,3
NaClIWater,NaCl/NaI/water,"BC S-loss, fixed kappa_D",0.005,298.15,I,NaCl,neutral ion-pair NaCl: mu_Na + mu_Cl,0.01,0.0275,0.0275,2.0668242980038576,kJ/mol,0.8337475290305315,0.021421124356265864,2.0668242980038576,0.8481735772903993,0.014426048259867806,0.0,0.0,NaClIWater/data/S0_NaClIWater_matrix_BC_s_loss_split0.csv,0,0.2618110795413774,0.15115669725004077,0.10561339967372105,0.060975924731654384,3
NaClIWater,NaCl/NaI/water,"BC S-loss, fixed kappa_D",0.005,298.15,I,NaCl,neutral ion-pair NaCl: mu_Na + mu_Cl,0.01,0.03,0.03,2.3055299367964337,kJ/mol,0.930040298909993,0.023895133965140758,2.3055299367964337,0.9444663471698608,0.014426048259867806,0.0,0.0,NaClIWater/data/S0_NaClIWater_matrix_BC_s_loss_split0.csv,0,0.2639593329731174,0.1523969919471434,0.10647999534524202,0.06147625397588558,3
NaClIWater,NaCl/NaI/water,"BC S-loss, fixed kappa_D",0.005,298.15,I,NaCl,neutral ion-pair NaCl: mu_Na + mu_Cl,0.01,0.0325,0.0325,2.5495845418597383,kJ/mol,1.0284908174744272,0.026424581702826803,2.5495845418597383,1.0429168657342949,0.014426048259867806,0.0,0.0,NaClIWater/data/S0_NaClIWater_matrix_BC_s_loss_split0.csv,0,0.2669905044764314,0.15414703963054166,0.10770275615437164,0.06218221525819109,3
NaClIWater,NaCl/NaI/water,"BC S-loss, fixed kappa_D",0.005,298.15,I,NaCl,neutral ion-pair NaCl: mu_Na + mu_Cl,0.01,0.034999999999999996,0.034999999999999996,2.7994175602967526,kJ/mol,1.1292723217335334,0.029013918474902315,2.7994175602967526,1.1436983699934011,0.014426048259867806,0.0,0.0,NaClIWater/data/S0_NaClIWater_matrix_BC_s_loss_split0.csv,0,0.27002417809694373,0.15589853191197792,0.10892652630620794,0.06288875928478001,3
NaClIWater,NaCl/NaI/water,"BC S-loss, fixed kappa_D",0.005,298.15,I,NaCl,neutral ion-pair NaCl: mu_Na + mu_Cl,0.01,0.0375,0.0375,3.0556515023657758,kJ/mol,1.232635929496481,0.03166959614554799,3.0556515023657758,1.2470619777563487,0.014426048259867806,0.0,0.0,NaClIWater/data/S0_NaClIWater_matrix_BC_s_loss_split0.csv,0,0.2724646554155859,0.15730754214884715,0.10991100376567961,0.0634571476110171,3
NaClIWater,NaCl/NaI/water,"BC S-loss, fixed kappa_D",0.005,298.15,I,NaCl,neutral ion-pair NaCl: mu_Na + mu_Cl,0.01,0.04,0.04,3.319030885210853,kJ/mol,1.3388819755956836,0.034399331091208296,3.319030885210853,1.3533080238555513,0.014426048259867806,0.0,0.0,NaClIWater/data/S0_NaClIWater_matrix_BC_s_loss_split0.csv,0,0.2740239919116406,0.15820782549460155,0.11054003302170694,0.06382031782131263,3
NaClIWater,NaCl/NaI/water,"BC S-loss, fixed kappa_D",0.005,298.15,I,NaCl,neutral ion-pair NaCl: mu_Na + mu_Cl,0.01,0.0425,0.0425,3.5903437162576175,kJ/mol,1.4483283386455028,0.03721129043333349,3.5903437162576175,1.4627543869053705,0.014426048259867806,0.0,0.0,NaClIWater/data/S0_NaClIWater_matrix_BC_s_loss_split0.csv,0,0.27472228136075366,0.15861098309601923,0.11082171981206848,0.06398294976555502,3
NaClIWater,NaCl/NaI/water,"BC S-loss, fixed kappa_D",0.005,298.15,I,NaCl,neutral ion-pair NaCl: mu_Na + mu_Cl,0.01,0.045,0.045,3.8703416567122932,kJ/mol,1.5612782353605683,0.0401132645913549,3.8703416567122932,1.575704283620436,0.014426048259867806,0.0,0.0,NaClIWater/data/S0_NaClIWater_matrix_BC_s_loss_split0.csv,0,0.2748620616188451,0.15869168526565572,0.11087810653294435,0.06401550465403143,3
NaClIWater,NaCl/NaI/water,"BC S-loss, fixed kappa_D",0.005,298.15,I,NaCl,neutral ion-pair NaCl: mu_Na + mu_Cl,0.01,0.0475,0.0475,4.159664864275597,kJ/mol,1.6779899024481217,0.04311188833230517,4.159664864275597,1.6924159507079894,0.014426048259867806,0.0,0.0,NaClIWater/data/S0_NaClIWater_matrix_BC_s_loss_split0.csv,0,0.27497319374475787,0.15875584742846707,0.11092293672749234,0.06404138737892154,3
NaClIWater,NaCl/NaI/water,"BC S-loss, fixed kappa_D",0.005,298.15,I,NaCl,neutral ion-pair NaCl: mu_Na + mu_Cl,0.01,0.05,0.05,4.4587769938908375,kJ/mol,1.7986503762051906,0.04621196710104414,4.4587769938908375,1.8130764244650583,0.014426048259867806,0.0,0.0,NaClIWater/data/S0_NaClIWater_matrix_BC_s_loss_split0.csv,0,0.2757300630384043,0.1591928261188952,0.11122825436091958,0.06421766259676909,3
NaClIWater,NaCl/NaI/water,"BC S-loss, fixed kappa_D",0.005,298.15,I,NaCl,neutral ion-pair NaCl: mu_Na + mu_Cl,0.01,0.052500000000000005,0.052500000000000005,4.767914992446006,kJ/mol,1.923355239929574,0.04941595667901311,4.767914992446006,1.9377812881894416,0.014426048259867806,0.0,0.0,NaClIWater/data/S0_NaClIWater_matrix_BC_s_loss_split0.csv,0,0.2778501132646347,0.16041683768770487,0.11208347298750886,0.06471142330104639,3
NaClIWater,NaCl/NaI/water,"BC S-loss, fixed kappa_D",0.005,298.15,I,NaCl,neutral ion-pair NaCl: mu_Na + mu_Cl,0.01,0.055,0.055,5.087057188353691,kJ/mol,2.052095751401398,0.052723632456036285,5.087057188353691,2.066521799661266,0.014426048259867806,0.0,0.0,NaClIWater/data/S0_NaClIWater_matrix_BC_s_loss_split0.csv,0,0.2819880151055101,0.1628058564294145,0.1137526837852206,0.0656751426044395,3
NaClIWater,NaCl/NaI/water,"BC S-loss, fixed kappa_D",0.005,298.15,I,NaCl,neutral ion-pair NaCl: mu_Na + mu_Cl,0.01,0.0575,0.0575,5.415911848726703,kJ/mol,2.1847542268997646,0.05613197083380327,5.415911848726703,2.1991802751596325,0.014426048259867806,0.0,0.0,NaClIWater/data/S0_NaClIWater_matrix_BC_s_loss_split0.csv,0,0.2886400189806288,0.16664639265736475,0.11643607191808626,0.06722439746528973,3
NaClIWater,NaCl/NaI/water,"BC S-loss, fixed kappa_D",0.005,298.15,I,NaCl,neutral ion-pair NaCl: mu_Na + mu_Cl,0.01,0.06,0.06,5.753926921002825,kJ/mol,2.3211079709299054,0.05963525019069493,5.753926921002825,2.3355340191897733,0.014426048259867806,0.0,0.0,NaClIWater/data/S0_NaClIWater_matrix_BC_s_loss_split0.csv,0,0.29806722660915264,0.17208919351939947,0.12023896463302591,0.0694199985979594,3
NaClIWater,NaCl/NaI/water,"BC S-loss, fixed kappa_D",0.005,298.15,I,NaCl,neutral ion-pair NaCl: mu_Na + mu_Cl,0.01,0.0625,0.0625,6.100320193594041,kJ/mol,2.4608414428920136,0.06322536347488494,6.100320193594041,2.4752674911518815,0.014426048259867806,0.0,0.0,NaClIWater/data/S0_NaClIWater_matrix_BC_s_loss_split0.csv,0,0.31023832408905794,0.17911617992575596,0.12514873004427132,0.07225465297979985,3
NaClIWater,NaCl/NaI/water,"BC S-loss, fixed kappa_D",0.005,298.15,I,NaCl,neutral ion-pair NaCl: mu_Na + mu_Cl,0.01,0.065,0.065,6.454127696107325,kJ/mol,2.603565781510353,0.0668923198372795,6.454127696107325,2.617991829770221,0.014426048259867806,0.0,0.0,NaClIWater/data/S0_NaClIWater_matrix_BC_s_loss_split0.csv,0,0.3247885508693517,0.18751675727412867,0.13101822540322366,0.07564340770529825,3
NaClIWater,NaCl/NaI/water,"BC S-loss, fixed kappa_D",0.005,298.15,I,NaCl,neutral ion-pair NaCl: mu_Na + mu_Cl,0.01,0.0675,0.0675,6.814266882638066,kJ/mol,2.748844292686686,0.07062489948020811,6.814266882638066,2.763270340946554,0.014426048259867806,0.0,0.0,NaClIWater/data/S0_NaClIWater_matrix_BC_s_loss_split0.csv,0,0.34099570835650567,0.19687396401213567,0.1375561190793209,0.07941806237912613,3
NaClIWater,NaCl/NaI/water,"BC S-loss, fixed kappa_D",0.005,298.15,I,NaCl,neutral ion-pair NaCl: mu_Na + mu_Cl,0.01,0.07,0.07,7.179610107776446,kJ/mol,2.896222089387333,0.074411415182567,7.179610107776446,2.910648137647201,0.014426048259867806,0.0,0.0,NaClIWater/data/S0_NaClIWater_matrix_BC_s_loss_split0.csv,0,0.3577817501476266,0.20656538975886765,0.14432753205287022,0.08332753948219897,3
NaClIWater,NaCl/NaI/water,"BC S-loss, fixed kappa_D",0.005,298.15,I,NaCl,neutral ion-pair NaCl: mu_Na + mu_Cl,0.01,0.07250000000000001,0.07250000000000001,7.54906313881848,kJ/mol,3.0452577631122995,0.07824052602154552,7.54906313881848,3.0596838113721674,0.014426048259867806,0.0,0.0,NaClIWater/data/S0_NaClIWater_matrix_BC_s_loss_split0.csv,0,0.373752544057781,0.21578613192206736,0.15077007773617165,0.08704714496671952,3
NaClIWater,NaCl/NaI/water,"BC S-loss, fixed kappa_D",0.005,298.15,I,NaCl,neutral ion-pair NaCl: mu_Na + mu_Cl,0.01,0.07500000000000001,0.07500000000000001,7.921643034927632,kJ/mol,3.19555479999515,0.08210204453325787,7.921643034927632,3.209980848255018,0.014426048259867806,0.0,0.0,NaClIWater/data/S0_NaClIWater_matrix_BC_s_loss_split0.csv,0,0.38728546969847266,0.22359937018364387,0.15622919843858346,0.09019896977379563,3
NaClIWater,NaCl/NaI/water,"BC S-loss, fixed kappa_D",0.005,298.15,I,NaCl,neutral ion-pair NaCl: mu_Na + mu_Cl,0.01,0.07750000000000001,0.07750000000000001,8.296549652057541,kJ/mol,3.3467904255638765,0.08598767780904382,8.296549652057541,3.3612164738237444,0.014426048259867806,0.0,0.0,NaClIWater/data/S0_NaClIWater_matrix_BC_s_loss_split0.csv,0,0.3966670498140711,0.22901582798880865,0.1600136852221654,0.09238394423704124,3
NaClIWater,NaCl/NaI/water,"BC S-loss, fixed kappa_D",0.005,298.15,I,NaCl,neutral ion-pair NaCl: mu_Na + mu_Cl,0.01,0.08,0.08,8.673225329840893,kJ/mol,3.498739682160619,0.08989164610648002,8.673225329840893,3.513165730420487,0.014426048259867806,0.0,0.0,NaClIWater/data/S0_NaClIWater_matrix_BC_s_loss_split0.csv,0,0.40027511900383134,0.23109894770677153,0.16146916393626748,0.09322426526442784,3
NaClIWater,NaCl/NaI/water,"BC S-loss, fixed kappa_D",0.005,298.15,I,NaCl,neutral ion-pair NaCl: mu_Na + mu_Cl,0.01,0.0825,0.0825,9.05139794886531,kJ/mol,3.651292798051084,0.09381112910659795,9.05139794886531,3.665718846310952,0.014426048259867806,0.0,0.0,NaClIWater/data/S0_NaClIWater_matrix_BC_s_loss_split0.csv,0,0.39679455563383426,0.22908944350817215,0.16006512049040175,0.09241364040300334,3
NaClIWater,NaCl/NaI/water,"BC S-loss, fixed kappa_D",0.005,298.15,I,NaCl,neutral ion-pair NaCl: mu_Na + mu_Cl,0.01,0.085,0.085,9.431103478199205,kJ/mol,3.804464282994007,0.09774649960252191,9.431103478199205,3.818890331253875,0.014426048259867806,0.0,0.0,NaClIWater/data/S0_NaClIWater_matrix_BC_s_loss_split0.csv,0,0.3854524613574605,0.22254108232453365,0.155489771204015,0.08977206126087138,3
NaClIWater,NaCl/NaI/water,"BC S-loss, fixed kappa_D",0.005,298.15,I,NaCl,neutral ion-pair NaCl: mu_Na + mu_Cl,0.01,0.0875,0.0875,9.812685318714923,kJ/mol,3.95839266334069,0.10170131669349303,9.812685318714923,3.9728187116005578,0.014426048259867806,0.0,0.0,NaClIWater/data/S0_NaClIWater_matrix_BC_s_loss_split0.csv,0,0.3662569326844929,0.21145853867795864,0.14774638217236008,0.08530141351900543,3
NaClIWater,NaCl/NaI/water,"BC S-loss, fixed kappa_D",0.005,298.15,I,NaCl,neutral ion-pair NaCl: mu_Na + mu_Cl,0.01,0.09,0.09,10.196769105381458,kJ/mol,4.113330317394395,0.10568206462903619,10.196769105381458,4.127756365654262,0.014426048259867806,0.0,0.0,NaClIWater/data/S0_NaClIWater_matrix_BC_s_loss_split0.csv,0,0.34022242010892323,0.1964275058342328,0.13724417811449274,0.07923796317911133,3
NaClIWater,NaCl/NaI/water,"BC S-loss, fixed kappa_D",0.005,298.15,I,NaCl,neutral ion-pair NaCl: mu_Na + mu_Cl,0.01,0.0925,0.0925,10.58421307027624,kJ/mol,4.26962345207488,0.10969763835782943,10.58421307027624,4.284049500334747,0.014426048259867806,0.0,0.0,NaClIWater/data/S0_NaClIWater_matrix_BC_s_loss_split0.csv,0,0.30956416052775837,0.17872695141216183,0.12487677552741253,0.0720976399662841,3
NaClIWater,NaCl/NaI/water,"BC S-loss, fixed kappa_D",0.005,298.15,I,NaCl,neutral ion-pair NaCl: mu_Na + mu_Cl,0.01,0.095,0.095,10.976035553831789,kJ/mol,4.427682861284726,0.11375859223471708,10.976035553831789,4.442108909544594,0.014426048259867806,0.0,0.0,NaClIWater/data/S0_NaClIWater_matrix_BC_s_loss_split0.csv,0,0.2778471128756458,0.16041510541231443,0.11208226264422622,0.06471072450902635,3
NaClIWater,NaCl/NaI/water,"BC S-loss, fixed kappa_D",0.005,298.15,I,NaCl,neutral ion-pair NaCl: mu_Na + mu_Cl,0.01,0.0975,0.0975,11.373322618693997,kJ/mol,4.5879466577596215,0.11787618250582456,11.373322618693997,4.602372706019489,0.014426048259867806,0.0,0.0,NaClIWater/data/S0_NaClIWater_matrix_BC_s_loss_split0.csv,0,0.2500925737762488,0.1443910147920436,0.10088620770339138,0.058246679175073514,3
NaClIWater,NaCl/NaI/water,"BC S-loss, fixed kappa_D",0.005,298.15,I,NaCl,neutral ion-pair NaCl: mu_Na + mu_Cl,0.01,0.1,0.1,11.777119989300308,kJ/mol,4.750836681985285,0.12206124734120749,11.777119989300308,4.765262730245152,0.014426048259867806,0.0,0.0,NaClIWater/data/S0_NaClIWater_matrix_BC_s_loss_split0.csv,0,0.23289903283404026,0.13446431930073663,0.09395041142419326,0.05424229532623408,3
NaClIWater,NaCl/NaI/water,"BC S-loss, fixed kappa_D",0.005,298.15,I,NaCl,neutral ion-pair NaCl: mu_Na + mu_Cl,0.0125,0.0,0.0,-0.018429388028393844,kJ/mol,-0.007434331377397784,-0.00019100714712294575,-0.018429388028393844,0.006991716882470023,0.014426048259867806,0.0,0.0,NaClIWater/data/S0_NaClIWater_matrix_BC_s_loss_split0.csv,0,0.3054573279394962,0.17635587051181195,0.12322009792500921,0.07114115670657611,3
NaClIWater,NaCl/NaI/water,"BC S-loss, fixed kappa_D",0.005,298.15,I,NaCl,neutral ion-pair NaCl: mu_Na + mu_Cl,0.0125,0.0025,0.0025,0.1449288164386192,kJ/mol,0.058463625915236225,0.0015020813345074657,0.1449288164386192,0.07288967417510403,0.014426048259867806,0.0,0.0,NaClIWater/data/S0_NaClIWater_matrix_BC_s_loss_split0.csv,0,0.33483741552425417,0.19331847198768673,0.13507189173745393,0.07798379305457102,3
NaClIWater,NaCl/NaI/water,"BC S-loss, fixed kappa_D",0.005,298.15,I,NaCl,neutral ion-pair NaCl: mu_Na + mu_Cl,0.0125,0.005,0.005,0.31796682762251066,kJ/mol,0.12826637324710338,0.0032954939431704125,0.31796682762251066,0.1426924215069712,0.014426048259867806,0.0,0.0,NaClIWater/data/S0_NaClIWater_matrix_BC_s_loss_split0.csv,0,0.34350357752012345,0.19832188294884276,0.13856778210279008,0.08000214629805527,3
NaClIWater,NaCl/NaI/water,"BC S-loss, fixed kappa_D",0.005,298.15,I,NaCl,neutral ion-pair NaCl: mu_Na + mu_Cl,0.0125,0.0075,0.0075,0.5006235976198524,kJ/mol,0.201949284171396,0.005188597961932827,0.5006235976198524,0.2163753324312638,0.014426048259867806,0.0,0.0,NaClIWater/data/S0_NaClIWater_matrix_BC_s_loss_split0.csv,0,0.33853799142343033,0.19545500047923273,0.1365646872377332,0.07884565893850233,3
NaClIWater,NaCl/NaI/water,"BC S-loss, fixed kappa_D",0.005,298.15,I,NaCl,neutral ion-pair NaCl: mu_Na + mu_Cl,0.0125,0.01,0.01,0.6924840260819244,kJ/mol,0.2793449090938842,0.007177091178846239,0.6924840260819244,0.293770957353752,0.014426048259867806,0.0,0.0,NaClIWater/data/S0_NaClIWater_matrix_BC_s_loss_split0.csv,0,0.32589282628879324,0.18815431098480273,0.13146368508899275,0.07590059397479017,3
NaClIWater,NaCl/NaI/water,"BC S-loss, fixed kappa_D",0.005,298.15,I,NaCl,neutral ion-pair NaCl: mu_Na + mu_Cl,0.0125,0.0125,0.0125,0.8929011445066578,kJ/mol,0.36019226386101355,0.009254268237896213,0.8929011445066578,0.37461831212088137,0.014426048259867806,0.0,0.0,NaClIWater/data/S0_NaClIWater_matrix_BC_s_loss_split0.csv,0,0.3102494544384338,0.1791226060359643,0.12515321997662712,0.07225724524345412,3
NaClIWater,NaCl/NaI/water,"BC S-loss, fixed kappa_D",0.005,298.15,I,NaCl,neutral ion-pair NaCl: mu_Na + mu_Cl,0.0125,0.015,0.015,1.1011148831721995,kJ/mol,0.44418473980116246,0.011412251571528031,1.1011148831721995,0.4586107880610303,0.014426048259867806,0.0,0.0,NaClIWater/data/S0_NaClIWater_matrix_BC_s_loss_split0.csv,0,0.2949890937975319,0.17031203271200882,0.11899725984554341,0.06870310000465234,3
NaClIWater,NaCl/NaI/water,"BC S-loss, fixed kappa_D",0.005,298.15,I,NaCl,neutral ion-pair NaCl: mu_Na + mu_Cl,0.0125,0.0175,0.0175,1.3163608608154787,kJ/mol,0.5310139889865764,0.013643118926211173,1.3163608608154787,0.5454400372464442,0.014426048259867806,0.0,0.0,NaClIWater/data/S0_NaClIWater_matrix_BC_s_loss_split0.csv,0,0.2822367992425108,0.162949492017882,0.11385304217547494,0.06573308454806828,3
NaClIWater,NaCl/NaI/water,"BC S-loss, fixed kappa_D",0.005,298.15,I,NaCl,neutral ion-pair NaCl: mu_Na + mu_Cl,0.0125,0.02,0.02,1.5379635669230565,kJ/mol,0.6204075135460245,0.015939869128828832,1.5379635669230565,0.6348335618058923,0.014426048259867806,0.0,0.0,NaClIWater/data/S0_NaClIWater_matrix_BC_s_loss_split0.csv,0,0.2729915603137355,0.15761175083363116,0.11012355480704798,0.06357986401196766,3
NaClIWater,NaCl/NaI/water,"BC S-loss, fixed kappa_D",0.005,298.15,I,NaCl,neutral ion-pair NaCl: mu_Na + mu_Cl,0.0125,0.0225,0.0225,1.7654095290776555,kJ/mol,0.7121581810398778,0.018297180412787384,1.7654095290776555,0.7265842292997456,0.014426048259867806,0.0,0.0,NaClIWater/data/S0_NaClIWater_matrix_BC_s_loss_split0.csv,0,0.26735377739818256,0.154356775349704,0.10784929880009439,0.062266821694146886,3
NaClIWater,NaCl/NaI/water,"BC S-loss, fixed kappa_D",0.005,298.15,I,NaCl,neutral ion-pair NaCl: mu_Na + mu_Cl,0.0125,0.025,0.025,1.9983974786356313,kJ/mol,0.8061444610664202,0.020711930348625174,1.9983974786356313,0.8205705093262881,0.014426048259867806,0.0,0.0,NaClIWater/data/S0_NaClIWater_matrix_BC_s_loss_split0.csv,0,0.2648221876153584,0.15289516130711278,0.10682806698663692,0.0616772132317422,3
NaClIWater,NaCl/NaI/water,"BC S-loss, fixed kappa_D",0.005,298.15,I,NaCl,neutral ion-pair NaCl: mu_Na + mu_Cl,0.0125,0.0275,0.0275,2.2368640762651935,kJ/mol,0.9023408028270561,0.023183462470427685,2.2368640762651935,0.9167668510869239,0.014426048259867806,0.0,0.0,NaClIWater/data/S0_NaClIWater_matrix_BC_s_loss_split0.csv,0,0.264594479974926,0.15276369423961259,0.10673621075931496,0.06162418001417112,3
NaClIWater,NaCl/NaI/water,"BC S-loss, fixed kappa_D",0.005,298.15,I,NaCl,neutral ion-pair NaCl: mu_Na + mu_Cl,0.0125,0.03,0.03,2.4809853365242143,kJ/mol,1.0008182097945244,0.02571360104053611,2.4809853365242143,1.0152442580543921,0.014426048259867806,0.0,0.0,NaClIWater/data/S0_NaClIWater_matrix_BC_s_loss_split0.csv,0,0.2658101678744827,0.1534655719756722,0.10722661373324296,0.061907314303179854,3
NaClIWater,NaCl/NaI/water,"BC S-loss, fixed kappa_D",0.005,298.15,I,NaCl,neutral ion-pair NaCl: mu_Na + mu_Cl,0.0125,0.0325,0.0325,2.73115540838672,kJ/mol,1.1017356798737181,0.028306431125201925,2.73115540838672,1.1161617281335858,0.014426048259867806,0.0,0.0,NaClIWater/data/S0_NaClIWater_matrix_BC_s_loss_split0.csv,0,0.26771310746738175,0.15456423466188407,0.10799425091701637,0.06235050983787139,3
NaClIWater,NaCl/NaI/water,"BC S-loss, fixed kappa_D",0.005,298.15,I,NaCl,neutral ion-pair NaCl: mu_Na + mu_Cl,0.0125,0.034999999999999996,0.034999999999999996,2.9879457311006,kJ/mol,1.2053237290603018,0.03096787527488232,2.9879457311006,1.2197497773201695,0.014426048259867806,0.0,0.0,NaClIWater/data/S0_NaClIWater_matrix_BC_s_loss_split0.csv,0,0.26974522559632635,0.15573747861065537,0.10881399813517224,0.06282379111494113,3
NaClIWater,NaCl/NaI/water,"BC S-loss, fixed kappa_D",0.005,298.15,I,NaCl,neutral ion-pair NaCl: mu_Na + mu_Cl,0.0125,0.0375,0.0375,3.2520487286454993,kJ/mol,1.31186167804091,0.03370510995841869,3.2520487286454993,1.3262877263007777,0.014426048259867806,0.0,0.0,NaClIWater/data/S0_NaClIWater_matrix_BC_s_loss_split0.csv,0,0.2715925791211384,0.156804048665494,0.10955921215169283,0.06325404062798318,3
NaClIWater,NaCl/NaI/water,"BC S-loss, fixed kappa_D",0.005,298.15,I,NaCl,neutral ion-pair NaCl: mu_Na + mu_Cl,0.0125,0.04,0.04,3.524211049299448,kJ/mol,1.4216507213377203,0.036525873639902784,3.524211049299448,1.436076769597588,0.014426048259867806,0.0,0.0,NaClIWater/data/S0_NaClIWater_matrix_BC_s_loss_split0.csv,0,0.27319804827253974,0.1577309667122312,0.11020685111123507,0.06362795515561258,3
NaClIWater,NaCl/NaI/water,"BC S-loss, fixed kappa_D",0.005,298.15,I,NaCl,neutral ion-pair NaCl: mu_Na + mu_Cl,0.0125,0.0425,0.0425,3.8051618710327655,kJ/mol,1.5349850060301744,0.03943772371644628,3.8051618710327655,1.5494110542900421,0.014426048259867806,0.0,0.0,NaClIWater/data/S0_NaClIWater_matrix_BC_s_loss_split0.csv,0,0.2747462548147876,0.15862482417615914,0.11083139059447737,0.06398853319438207,3
NaClIWater,NaCl/NaI/water,"BC S-loss, fixed kappa_D",0.005,298.15,I,NaCl,neutral ion-pair NaCl: mu_Na + mu_Cl,0.0125,0.045,0.045,4.095541942869075,kJ/mol,1.6521230073624866,0.042447301083711864,4.095541942869075,1.6665490556223543,0.014426048259867806,0.0,0.0,NaClIWater/data/S0_NaClIWater_matrix_BC_s_loss_split0.csv,0,0.27662255506524863,0.1597081066308434,0.11158828158857499,0.06442552441357154,3
NaClIWater,NaCl/NaI/water,"BC S-loss, fixed kappa_D",0.005,298.15,I,NaCl,neutral ion-pair NaCl: mu_Na + mu_Cl,0.0125,0.0475,0.0475,4.39583881806889,kJ/mol,1.7732614021042388,0.04555965887516322,4.39583881806889,1.7876874503641065,0.014426048259867806,0.0,0.0,NaClIWater/data/S0_NaClIWater_matrix_BC_s_loss_split0.csv,0,0.2793491310859725,0.16128229603037428,0.11268816996427664,0.06506054526336141,3
NaClIWater,NaCl/NaI/water,"BC S-loss, fixed kappa_D",0.005,298.15,I,NaCl,neutral ion-pair NaCl: mu_Na + mu_Cl,0.0125,0.05,0.05,4.706333172654207,kJ/mol,1.8985134136871578,0.04877770609277832,4.706333172654207,1.9129394619470255,0.014426048259867806,0.0,0.0,NaClIWater/data/S0_NaClIWater_matrix_BC_s_loss_split0.csv,0,0.2835045144358764,0.16368140772602738,0.11436443272328489,0.06602833601850738,3
NaClIWater,NaCl/NaI/water,"BC S-loss, fixed kappa_D",0.005,298.15,I,NaCl,neutral ion-pair NaCl: mu_Na + mu_Cl,0.0125,0.052500000000000005,0.052500000000000005,5.0270602404886935,kJ/mol,2.0278932552917253,0.05210180790982122,5.0270602404886935,2.042319303551593,0.014426048259867806,0.0,0.0,NaClIWater/data/S0_NaClIWater_matrix_BC_s_loss_split0.csv,0,0.2896354101374552,0.16722108200970742,0.11683760818714611,0.06745622453832084,3
NaClIWater,NaCl/NaI/water,"BC S-loss, fixed kappa_D",0.005,298.15,I,NaCl,neutral ion-pair NaCl: mu_Na + mu_Cl,0.0125,0.055,0.055,5.357789280942279,kJ/mol,2.161307847196383,0.055529572868181276,5.357789280942279,2.175733895456251,0.014426048259867806,0.0,0.0,NaClIWater/data/S0_NaClIWater_matrix_BC_s_loss_split0.csv,0,0.2981695545916038,0.17214827260761328,0.12028024327611214,0.06944383083365703,3
NaClIWater,NaCl/NaI/water,"BC S-loss, fixed kappa_D",0.005,298.15,I,NaCl,neutral ion-pair NaCl: mu_Na + mu_Cl,0.0125,0.0575,0.0575,5.698022701406051,kJ/mol,2.2985564628040303,0.05905584378388084,5.698022701406051,2.312982511063898,0.014426048259867806,0.0,0.0,NaClIWater/data/S0_NaClIWater_matrix_BC_s_loss_split0.csv,0,0.3093356876215518,0.17859504251826092,0.12478461059535491,0.07204442851795079,3
NaClIWater,NaCl/NaI/water,"BC S-loss, fixed kappa_D",0.005,298.15,I,NaCl,neutral ion-pair NaCl: mu_Na + mu_Cl,0.0125,0.06,0.06,6.047015076197303,kJ/mol,2.4393384007818852,0.06267289486413574,6.047015076197303,2.453764449041753,0.014426048259867806,0.0,0.0,NaClIWater/data/S0_NaClIWater_matrix_BC_s_loss_split0.csv,0,0.3230940351098962,0.18653842814426097,0.13033466544666916,0.07524875418037426,3
NaClIWater,NaCl/NaI/water,"BC S-loss, fixed kappa_D",0.005,298.15,I,NaCl,neutral ion-pair NaCl: mu_Na + mu_Cl,0.0125,0.0625,0.0625,6.403810909132646,kJ/mol,2.5832682183118694,0.06637082308884601,6.403810909132646,2.5976942665717373,0.014426048259867806,0.0,0.0,NaClIWater/data/S0_NaClIWater_matrix_BC_s_loss_split0.csv,0,0.33908087249119795,0.1957684330098463,0.1367836829933211,0.07897209619694238,3
NaClIWater,NaCl/NaI/water,"BC S-loss, fixed kappa_D",0.005,298.15,I,NaCl,neutral ion-pair NaCl: mu_Na + mu_Cl,0.0125,0.065,0.065,6.767298672662306,kJ/mol,2.7298975302317947,0.0701381082867556,6.767298672662306,2.7443235784916626,0.014426048259867806,0.0,0.0,NaClIWater/data/S0_NaClIWater_matrix_BC_s_loss_split0.csv,0,0.35657399854222027,0.20586809404437212,0.1438403305439355,0.08304625355986592,3
NaClIWater,NaCl/NaI/water,"BC S-loss, fixed kappa_D",0.005,298.15,I,NaCl,neutral ion-pair NaCl: mu_Na + mu_Cl,0.0125,0.0675,0.0675,7.136277501476919,kJ/mol,2.878741912933255,0.07396230436597762,7.136277501476919,2.893167961193123,0.014426048259867806,0.0,0.0,NaClIWater/data/S0_NaClIWater_matrix_BC_s_loss_split0.csv,0,0.3744892385943932,0.21621146271109093,0.1510672569642965,0.08721872147407495,3
NaClIWater,NaCl/NaI/water,"BC S-loss, fixed kappa_D",0.005,298.15,I,NaCl,neutral ion-pair NaCl: mu_Na + mu_Cl,0.0125,0.07,0.07,7.5095319974657455,kJ/mol,3.029311080341814,0.07783081461275286,7.5095319974657455,3.043737128601682,0.014426048259867806,0.0,0.0,NaClIWater/data/S0_NaClIWater_matrix_BC_s_loss_split0.csv,0,0.3914180443145179,0.2259853132506638,0.15789626025800838,0.09116144836399635,3
NaClIWater,NaCl/NaI/water,"BC S-loss, fixed kappa_D",0.005,298.15,I,NaCl,neutral ion-pair NaCl: mu_Na + mu_Cl,0.0125,0.07250000000000001,0.07250000000000001,7.885909965182926,kJ/mol,3.1811402420508212,0.08173169736278395,7.885909965182926,3.195566290310689,0.014426048259867806,0.0,0.0,NaClIWater/data/S0_NaClIWater_matrix_BC_s_loss_split0.csv,0,0.405712343192168,0.23423813055555204,0.16366251546411115,0.09449059735945586,3
NaClIWater,NaCl/NaI/water,"BC S-loss, fixed kappa_D",0.005,298.15,I,NaCl,neutral ion-pair NaCl: mu_Na + mu_Cl,0.0125,0.07500000000000001,0.07500000000000001,8.264397582110039,kJ/mol,3.333820426663711,0.08565444508610652,8.264397582110039,3.3482464749235787,0.014426048259867806,0.0,0.0,NaClIWater/data/S0_NaClIWater_matrix_BC_s_loss_split0.csv,0,0.41561699405042385,0.2399565833947953,0.16765800660816105,0.09679739524701785,3
NaClIWater,NaCl/NaI/water,"BC S-loss, fixed kappa_D",0.005,298.15,I,NaCl,neutral ion-pair NaCl: mu_Na + mu_Cl,0.0125,0.07750000000000001,0.07750000000000001,8.64418653963815,kJ/mol,3.4870255661610368,0.08959068025433226,8.64418653963815,3.5014516144209047,0.014426048259867806,0.0,0.0,NaClIWater/data/S0_NaClIWater_matrix_BC_s_loss_split0.csv,0,0.4194448998888167,0.24216662586102397,0.16920216642726318,0.09768891633424827,3
NaClIWater,NaCl/NaI/water,"BC S-loss, fixed kappa_D",0.005,298.15,I,NaCl,neutral ion-pair NaCl: mu_Na + mu_Cl,0.0125,0.08,0.08,9.02472806715247,kJ/mol,3.640534288970708,0.09353471526083013,9.02472806715247,3.654960337230576,0.014426048259867806,0.0,0.0,NaClIWater/data/S0_NaClIWater_matrix_BC_s_loss_split0.csv,0,0.415786044302235,0.24005418460318503,0.16772620071148425,0.09683676713092863,3
NaClIWater,NaCl/NaI/water,"BC S-loss, fixed kappa_D",0.005,298.15,I,NaCl,neutral ion-pair NaCl: mu_Na + mu_Cl,0.0125,0.0825,0.0825,9.405769438921835,kJ/mol,3.7942446466812987,0.09748393078797335,9.405769438921835,3.8086706949411666,0.014426048259867806,0.0,0.0,NaClIWater/data/S0_NaClIWater_matrix_BC_s_loss_split0.csv,0,0.4037394352456794,0.2330990716215605,0.1628666533644745,0.09403110616199283,3
NaClIWater,NaCl/NaI/water,"BC S-loss, fixed kappa_D",0.005,298.15,I,NaCl,neutral ion-pair NaCl: mu_Na + mu_Cl,0.0125,0.085,0.085,9.787369526703943,kJ/mol,3.9481803878923167,0.10143893699853379,9.787369526703943,3.9626064361521847,0.014426048259867806,0.0,0.0,NaClIWater/data/S0_NaClIWater_matrix_BC_s_loss_split0.csv,0,0.3831557534131076,0.22121507737461155,0.1545632896567649,0.08923715689016733,3
NaClIWater,NaCl/NaI/water,"BC S-loss, fixed kappa_D",0.005,298.15,I,NaCl,neutral ion-pair NaCl: mu_Na + mu_Cl,0.0125,0.0875,0.0875,10.16989117405138,kJ/mol,4.102487882043916,0.10540349450093346,10.16989117405138,4.116913930303784,0.014426048259867806,0.0,0.0,NaClIWater/data/S0_NaClIWater_matrix_BC_s_loss_split0.csv,0,0.3548781867997987,0.2048890166783901,0.14315624779374206,0.08265129819989375,3
NaClIWater,NaCl/NaI/water,"BC S-loss, fixed kappa_D",0.005,298.15,I,NaCl,neutral ion-pair NaCl: mu_Na + mu_Cl,0.0125,0.09,0.09,10.553969472223853,kJ/mol,4.257423322064059,0.10938418555224418,10.553969472223853,4.271849370323927,0.014426048259867806,0.0,0.0,NaClIWater/data/S0_NaClIWater_matrix_BC_s_loss_split0.csv,0,0.32096919775968913,0.18531165272813477,0.12947751571602326,0.07475387855265003,3
NaClIWater,NaCl/NaI/water,"BC S-loss, fixed kappa_D",0.005,298.15,I,NaCl,neutral ion-pair NaCl: mu_Na + mu_Cl,0.0125,0.0925,0.0925,10.940456473619037,kJ/mol,4.413330422017774,0.11338984105327654,10.940456473619037,4.427756470277641,0.014426048259867806,0.0,0.0,NaClIWater/data/S0_NaClIWater_matrix_BC_s_loss_split0.csv,0,0.2849101346203692,0.16449294291792269,0.11493145351779947,0.06635570562685648,3
NaClIWater,NaCl/NaI/water,"BC S-loss, fixed kappa_D",0.005,298.15,I,NaCl,neutral ion-pair NaCl: mu_Na + mu_Cl,0.0125,0.095,0.095,11.330344253382348,kJ/mol,4.570609380510188,0.11743074313835679,11.330344253382348,4.585035428770055,0.014426048259867806,0.0,0.0,NaClIWater/data/S0_NaClIWater_matrix_BC_s_loss_split0.csv,0,0.25175105791845487,0.145348541057993,0.10155523266929474,0.0586329409192324,3
NaClIWater,NaCl/NaI/water,"BC S-loss, fixed kappa_D",0.005,298.15,I,NaCl,neutral ion-pair NaCl: mu_Na + mu_Cl,0.0125,0.0975,0.0975,11.72466956683718,kJ/mol,4.729678419927172,0.12151763701922393,11.72466956683718,4.7441044681870395,0.014426048259867806,0.0,0.0,NaClIWater/data/S0_NaClIWater_matrix_BC_s_loss_split0.csv,0,0.22815155850459537,0.1317233637186608,0.09203530185482442,0.05313660630083134,3
NaClIWater,NaCl/NaI/water,"BC S-loss, fixed kappa_D",0.005,298.15,I,NaCl,neutral ion-pair NaCl: mu_Na + mu_Cl,0.0125,0.1,0.1,12.124404496781002,kJ/mol,4.890929674051548,0.12566059762411896,12.124404496781002,4.905355722311415,0.014426048259867806,0.0,0.0,NaClIWater/data/S0_NaClIWater_matrix_BC_s_loss_split0.csv,0,0.22220991668126572,0.1282929552125331,0.08963847054537553,0.051752795099118905,3
NaClIWater,NaCl/NaI/water,"BC S-loss, fixed kappa_D",0.005,298.15,I,NaCl,neutral ion-pair NaCl: mu_Na + mu_Cl,0.015,0.0,0.0,0.05859076962770674,kJ/mol,0.02363525019919542,0.0006072505357792579,0.05859076962770674,0.038061298459063225,0.014426048259867806,0.0,0.0,NaClIWater/data/S0_NaClIWater_matrix_BC_s_loss_split0.csv,0,0.28009175068122366,0.16171104765359803,0.11298773933412994,0.06523350171968718,3
NaClIWater,NaCl/NaI/water,"BC S-loss, fixed kappa_D",0.005,298.15,I,NaCl,neutral ion-pair NaCl: mu_Na + mu_Cl,0.015,0.0025,0.0025,0.2401071956825269,kJ/mol,0.09685815155942369,0.0024885357224206928,0.2401071956825269,0.1112841998192915,0.014426048259867806,0.0,0.0,NaClIWater/data/S0_NaClIWater_matrix_BC_s_loss_split0.csv,0,0.30489200399110555,0.17602948057802925,0.12299204881337077,0.0710094924905832,3
NaClIWater,NaCl/NaI/water,"BC S-loss, fixed kappa_D",0.005,298.15,I,NaCl,neutral ion-pair NaCl: mu_Na + mu_Cl,0.015,0.005,0.005,0.4284835132822779,kJ/mol,0.17284830199376405,0.004440918674845307,0.4284835132822779,0.18727435025363187,0.014426048259867806,0.0,0.0,NaClIWater/data/S0_NaClIWater_matrix_BC_s_loss_split0.csv,0,0.31393878732755226,0.18125264337262698,0.1266414800977435,0.07311649262500486,3
NaClIWater,NaCl/NaI/water,"BC S-loss, fixed kappa_D",0.005,298.15,I,NaCl,neutral ion-pair NaCl: mu_Na + mu_Cl,0.015,0.0075,0.0075,0.6239751760063287,kJ/mol,0.2517087503152126,0.00646704698283429,0.6239751760063287,0.26613479857508043,0.014426048259867806,0.0,0.0,NaClIWater/data/S0_NaClIWater_matrix_BC_s_loss_split0.csv,0,0.31275219978690144,0.18056756673661517,0.12616281607635016,0.07284013582340201,3
NaClIWater,NaCl/NaI/water,"BC S-loss, fixed kappa_D",0.005,298.15,I,NaCl,neutral ion-pair NaCl: mu_Na + mu_Cl,0.015,0.01,0.01,0.8265244406211968,kJ/mol,0.3334162031657995,0.008566322179945018,0.8265244406211968,0.3478422514256673,0.014426048259867806,0.0,0.0,NaClIWater/data/S0_NaClIWater_matrix_BC_s_loss_split0.csv,0,0.30587178337314924,0.17659515646799862,0.1233872873634318,0.07123768357385506,3
NaClIWater,NaCl/NaI/water,"BC S-loss, fixed kappa_D",0.005,298.15,I,NaCl,neutral ion-pair NaCl: mu_Na + mu_Cl,0.015,0.0125,0.0125,1.0358664673658748,kJ/mol,0.4178638253895116,0.010735999395478757,1.0358664673658748,0.43228987364937943,0.014426048259867806,0.0,0.0,NaClIWater/data/S0_NaClIWater_matrix_BC_s_loss_split0.csv,0,0.2967563316471814,0.17133234796022606,0.11971015556279313,0.06911469053891059,3
NaClIWater,NaCl/NaI/water,"BC S-loss, fixed kappa_D",0.005,298.15,I,NaCl,neutral ion-pair NaCl: mu_Na + mu_Cl,0.015,0.015,0.015,1.251632023218254,kJ/mol,0.5049026700632279,0.012972251798828438,1.251632023218254,0.5193287183230957,0.014426048259867806,0.0,0.0,NaClIWater/data/S0_NaClIWater_matrix_BC_s_loss_split0.csv,0,0.28779639998537954,0.16615932900336408,0.11609575984927037,0.0670279182007504,3
NaClIWater,NaCl/NaI/water,"BC S-loss, fixed kappa_D",0.005,298.15,I,NaCl,neutral ion-pair NaCl: mu_Na + mu_Cl,0.015,0.0175,0.0175,1.4734408807217343,kJ/mol,0.5943793551589179,0.015271138610103208,1.4734408807217343,0.6088054034187858,0.014426048259867806,0.0,0.0,NaClIWater/data/S0_NaClIWater_matrix_BC_s_loss_split0.csv,0,0.28040552941552493,0.16189220789031286,0.11311431624956421,0.06530658093588636,3
NaClIWater,NaCl/NaI/water,"BC S-loss, fixed kappa_D",0.005,298.15,I,NaCl,neutral ion-pair NaCl: mu_Na + mu_Cl,0.015,0.02,0.02,1.7009808802040007,kJ/mol,0.686167956883395,0.017629424522283443,1.7009808802040007,0.7005940051432629,0.014426048259867806,0.0,0.0,NaClIWater/data/S0_NaClIWater_matrix_BC_s_loss_split0.csv,0,0.2751819955823605,0.15887639922561425,0.11100716643987098,0.06409001742603711,3
NaClIWater,NaCl/NaI/water,"BC S-loss, fixed kappa_D",0.005,298.15,I,NaCl,neutral ion-pair NaCl: mu_Na + mu_Cl,0.015,0.0225,0.0225,1.9340687746092777,kJ/mol,0.7801945542071345,0.020045210313469397,1.9340687746092777,0.7946206024670023,0.014426048259867806,0.0,0.0,NaClIWater/data/S0_NaClIWater_matrix_BC_s_loss_split0.csv,0,0.272122698004741,0.15711011294564445,0.10977305970018685,0.06337750556767174,3
NaClIWater,NaCl/NaI/water,"BC S-loss, fixed kappa_D",0.005,298.15,I,NaCl,neutral ion-pair NaCl: mu_Na + mu_Cl,0.015,0.025,0.025,2.172690304020281,kJ/mol,0.8764533947443087,0.022518348190033066,2.172690304020281,0.8908794430041765,0.014426048259867806,0.0,0.0,NaClIWater/data/S0_NaClIWater_matrix_BC_s_loss_split0.csv,0,0.2708535675488861,0.1563773801353199,0.10926109824192048,0.06308192448192694,3
NaClIWater,NaCl/NaI/water,"BC S-loss, fixed kappa_D",0.005,298.15,I,NaCl,neutral ion-pair NaCl: mu_Na + mu_Cl,0.015,0.0275,0.0275,2.4170183783110506,kJ/mol,0.975014229552308,0.0250506302365352,2.4170183783110506,0.9894402778121758,0.014426048259867806,0.0,0.0,NaClIWater/data/S0_NaClIWater_matrix_BC_s_loss_split0.csv,0,0.2708377589452337,0.15636825303374566,0.10925472112305012,0.06307824265063049,3
NaClIWater,NaCl/NaI/water,"BC S-loss, fixed kappa_D",0.005,298.15,I,NaCl,neutral ion-pair NaCl: mu_Na + mu_Cl,0.015,0.03,0.03,2.667409697991247,kJ/mol,1.0760209499956865,0.02764575339324438,2.667409697991247,1.0904469982555542,0.014426048259867806,0.0,0.0,NaClIWater/data/S0_NaClIWater_matrix_BC_s_loss_split0.csv,0,0.2715376633142671,0.1567723430096141,0.10953705936476855,0.06324125071048915,3
NaClIWater,NaCl/NaI/water,"BC S-loss, fixed kappa_D",0.005,298.15,I,NaCl,neutral ion-pair NaCl: mu_Na + mu_Cl,0.015,0.0325,0.0325,2.92438152827359,kJ/mol,1.1796822185105182,0.030309078736308948,2.92438152827359,1.194108266770386,0.014426048259867806,0.0,0.0,NaClIWater/data/S0_NaClIWater_matrix_BC_s_loss_split0.csv,0,0.2725260909980156,0.15734301199890077,0.10993578660043468,0.06347145598733422,3
NaClIWater,NaCl/NaI/water,"BC S-loss, fixed kappa_D",0.005,298.15,I,NaCl,neutral ion-pair NaCl: mu_Na + mu_Cl,0.015,0.034999999999999996,0.034999999999999996,3.1885715756186963,kJ/mol,1.2862552829849279,0.033047215627448175,3.1885715756186963,1.3006813312447956,0.014426048259867806,0.0,0.0,NaClIWater/data/S0_NaClIWater_matrix_BC_s_loss_split0.csv,0,0.2735531214950906,0.15793596833285295,0.11035008603556436,0.06371065187773145,3
NaClIWater,NaCl/NaI/water,"BC S-loss, fixed kappa_D",0.005,298.15,I,NaCl,neutral ion-pair NaCl: mu_Na + mu_Cl,0.015,0.0375,0.0375,3.460684920239279,kJ/mol,1.3960245695724522,0.03586747170811577,3.460684920239279,1.41045061783232,0.014426048259867806,0.0,0.0,NaClIWater/data/S0_NaClIWater_matrix_BC_s_loss_split0.csv,0,0.27457670971064985,0.15852693726464542,0.11076299686997419,0.06394904605912928,3
NaClIWater,NaCl/NaI/water,"BC S-loss, fixed kappa_D",0.005,298.15,I,NaCl,neutral ion-pair NaCl: mu_Na + mu_Cl,0.015,0.04,0.04,3.741432713455542,kJ/mol,1.5092769534837995,0.03877721754236063,3.741432713455542,1.5237030017436672,0.014426048259867806,0.0,0.0,NaClIWater/data/S0_NaClIWater_matrix_BC_s_loss_split0.csv,0,0.2757626237938678,0.15921162507982708,0.1112413892216997,0.06422524601217626,3
NaClIWater,NaCl/NaI/water,"BC S-loss, fixed kappa_D",0.005,298.15,I,NaCl,neutral ion-pair NaCl: mu_Na + mu_Cl,0.015,0.0425,0.0425,4.031467736782058,kJ/mol,1.6262757638153509,0.04178321873382629,4.031467736782058,1.6407018120752186,0.014426048259867806,0.0,0.0,NaClIWater/data/S0_NaClIWater_matrix_BC_s_loss_split0.csv,0,0.2774574474886532,0.16019013199624038,0.11192507339796678,0.06461997125538475,3
NaClIWater,NaCl/NaI/water,"BC S-loss, fixed kappa_D",0.005,298.15,I,NaCl,neutral ion-pair NaCl: mu_Na + mu_Cl,0.015,0.045,0.045,4.331322023635556,kJ/mol,1.7472356204295632,0.04489098942030978,4.331322023635556,1.7616616686894309,0.014426048259867806,0.0,0.0,NaClIWater/data/S0_NaClIWater_matrix_BC_s_loss_split0.csv,0,0.28013868626545074,0.16173814592578611,0.1130066729355059,0.06524443303953834,3
NaClIWater,NaCl/NaI/water,"BC S-loss, fixed kappa_D",0.005,298.15,I,NaCl,neutral ion-pair NaCl: mu_Na + mu_Cl,0.015,0.0475,0.0475,4.641351469354463,kJ/mol,1.8723000898885735,0.048104218197067894,4.641351469354463,1.8867261381484413,0.014426048259867806,0.0,0.0,NaClIWater/data/S0_NaClIWater_matrix_BC_s_loss_split0.csv,0,0.2843475521620125,0.1641681357841491,0.11470451031078199,0.06622467990519419,3
NaClIWater,NaCl/NaI/water,"BC S-loss, fixed kappa_D",0.005,298.15,I,NaCl,neutral ion-pair NaCl: mu_Na + mu_Cl,0.015,0.05,0.05,4.961691780549244,kJ/mol,2.0015239156223186,0.05142431156400561,4.961691780549244,2.0159499638821865,0.014426048259867806,0.0,0.0,NaClIWater/data/S0_NaClIWater_matrix_BC_s_loss_split0.csv,0,0.2906111429642905,0.16778442161993795,0.11723121437522573,0.0676834731769633,3
NaClIWater,NaCl/NaI/water,"BC S-loss, fixed kappa_D",0.005,298.15,I,NaCl,neutral ion-pair NaCl: mu_Na + mu_Cl,0.015,0.052500000000000005,0.052500000000000005,5.2922292565792635,kJ/mol,2.134861231309084,0.05485009109702332,5.2922292565792635,2.1492872795689517,0.014426048259867806,0.0,0.0,NaClIWater/data/S0_NaClIWater_matrix_BC_s_loss_split0.csv,0,0.29936045415034046,0.1728358387884277,0.12076064674600522,0.06972119190631942,3
NaClIWater,NaCl/NaI/water,"BC S-loss, fixed kappa_D",0.005,298.15,I,NaCl,neutral ion-pair NaCl: mu_Na + mu_Cl,0.015,0.055,0.055,5.63258882714349,kJ/mol,2.2721607352939586,0.05837766946638112,5.63258882714349,2.2865867835538265,0.014426048259867806,0.0,0.0,NaClIWater/data/S0_NaClIWater_matrix_BC_s_loss_split0.csv,0,0.31084937836138365,0.1794689722743727,0.12539522656076146,0.07239696780994974,3
NaClIWater,NaCl/NaI/water,"BC S-loss, fixed kappa_D",0.005,298.15,I,NaCl,neutral ion-pair NaCl: mu_Na + mu_Cl,0.015,0.0575,0.0575,5.982140525636302,kJ/mol,2.413168301911149,0.062000517528304044,5.982140525636302,2.427594350171017,0.014426048259867806,0.0,0.0,NaClIWater/data/S0_NaClIWater_matrix_BC_s_loss_split0.csv,0,0.3250793020206059,0.1876846225295725,0.1311355130963067,0.07571112378647236,3
NaClIWater,NaCl/NaI/water,"BC S-loss, fixed kappa_D",0.005,298.15,I,NaCl,neutral ion-pair NaCl: mu_Na + mu_Cl,0.015,0.06,0.06,6.34002429469804,kJ/mol,2.557536987930342,0.06570972141639686,6.34002429469804,2.5719630361902097,0.014426048259867806,0.0,0.0,NaClIWater/data/S0_NaClIWater_matrix_BC_s_loss_split0.csv,0,0.34173551004905095,0.19730108871847363,0.1378545517200286,0.07959036254457372,3
NaClIWater,NaCl/NaI/water,"BC S-loss, fixed kappa_D",0.005,298.15,I,NaCl,neutral ion-pair NaCl: mu_Na + mu_Cl,0.015,0.0625,0.0625,6.705191704941071,kJ/mol,2.7048438617012045,0.0694944149257708,6.705191704941071,2.7192699099610724,0.014426048259867806,0.0,0.0,NaClIWater/data/S0_NaClIWater_matrix_BC_s_loss_split0.csv,0,0.3601445648940913,0.20792956148878428,0.1452806807836666,0.08387784015850201,3
NaClIWater,NaCl/NaI/water,"BC S-loss, fixed kappa_D",0.005,298.15,I,NaCl,neutral ion-pair NaCl: mu_Na + mu_Cl,0.015,0.065,0.065,7.076461988784243,kJ/mol,2.8546126069475557,0.0733423602628136,7.076461988784243,2.8690386552074236,0.014426048259867806,0.0,0.0,NaClIWater/data/S0_NaClIWater_matrix_BC_s_loss_split0.csv,0,0.37926350239532974,0.21896788520174393,0.15299317328471862,0.08833064978010736,3
NaClIWater,NaCl/NaI/water,"BC S-loss, fixed kappa_D",0.005,298.15,I,NaCl,neutral ion-pair NaCl: mu_Na + mu_Cl,0.015,0.0675,0.0675,7.452588727039449,kJ/mol,3.0063404238333264,0.07724063920295521,7.452588727039449,3.0207664720931944,0.014426048259867806,0.0,0.0,NaClIWater/data/S0_NaClIWater_matrix_BC_s_loss_split0.csv,0,0.3977101883085992,0.22961808427942654,0.1604344825502642,0.09262689168769336,3
NaClIWater,NaCl/NaI/water,"BC S-loss, fixed kappa_D",0.005,298.15,I,NaCl,neutral ion-pair NaCl: mu_Na + mu_Cl,0.015,0.07,0.07,7.832332733485412,kJ/mol,3.1595274302683967,0.08117640848604422,7.832332733485412,3.1739534785282646,0.014426048259867806,0.0,0.0,NaClIWater/data/S0_NaClIWater_matrix_BC_s_loss_split0.csv,0,0.4138398286987765,0.23893053650062723,0.16694110618172117,0.09638349259283062,3
NaClIWater,NaCl/NaI/water,"BC S-loss, fixed kappa_D",0.005,298.15,I,NaCl,neutral ion-pair NaCl: mu_Na + mu_Cl,0.015,0.07250000000000001,0.07250000000000001,8.214536146230309,kJ/mol,3.313706550027564,0.08513766771920928,8.214536146230309,3.328132598287432,0.014426048259867806,0.0,0.0,NaClIWater/data/S0_NaClIWater_matrix_BC_s_loss_split0.csv,0,0.42586748537250185,0.24587470731892297,0.17179300822362728,0.09918473954280681,3
NaClIWater,NaCl/NaI/water,"BC S-loss, fixed kappa_D",0.005,298.15,I,NaCl,neutral ion-pair NaCl: mu_Na + mu_Cl,0.015,0.07500000000000001,0.07500000000000001,8.598192513900454,kJ/mol,3.468471785200552,0.08911398576901775,8.598192513900454,3.48289783346042,0.014426048259867806,0.0,0.0,NaClIWater/data/S0_NaClIWater_matrix_BC_s_loss_split0.csv,0,0.432032032320385,0.2494338101587154,0.1742797584473179,0.10062046545386195,3
NaClIWater,NaCl/NaI/water,"BC S-loss, fixed kappa_D",0.005,298.15,I,NaCl,neutral ion-pair NaCl: mu_Na + mu_Cl,0.015,0.07750000000000001,0.07750000000000001,8.982507774471243,kJ/mol,3.623502814775289,0.09309713276252295,8.982507774471243,3.6379288630351567,0.014426048259867806,0.0,0.0,NaClIWater/data/S0_NaClIWater_matrix_BC_s_loss_split0.csv,0,0.4307938614312317,0.24871895186256,0.17378028593756173,0.1003320948659014,3
NaClIWater,NaCl/NaI/water,"BC S-loss, fixed kappa_D",0.005,298.15,I,NaCl,neutral ion-pair NaCl: mu_Na + mu_Cl,0.015,0.08,0.08,9.366947451254903,kJ/mol,3.7785840332848823,0.09708156923920797,9.366947451254903,3.7930100815447503,0.014426048259867806,0.0,0.0,NaClIWater/data/S0_NaClIWater_matrix_BC_s_loss_split0.csv,0,0.42105652081951467,0.24309709563919407,0.16985228698661645,0.09806426361419658,3
NaClIWater,NaCl/NaI/water,"BC S-loss, fixed kappa_D",0.005,298.15,I,NaCl,neutral ion-pair NaCl: mu_Na + mu_Cl,0.015,0.0825,0.0825,9.751266123296402,kJ/mol,3.933616439031399,0.10106475159011552,9.751266123296402,3.948042487291267,0.014426048259867806,0.0,0.0,NaClIWater/data/S0_NaClIWater_matrix_BC_s_loss_split0.csv,0,0.40240123167195313,0.23232645942803912,0.1623268281243649,0.09371943791430021,3
NaClIWater,NaCl/NaI/water,"BC S-loss, fixed kappa_D",0.005,298.15,I,NaCl,neutral ion-pair NaCl: mu_Na + mu_Cl,0.015,0.085,0.085,10.1355161831456,kJ/mol,4.088621166931354,0.1050472228257604,10.1355161831456,4.103047215191221,0.014426048259867806,0.0,0.0,NaClIWater/data/S0_NaClIWater_matrix_BC_s_loss_split0.csv,0,0.37532321478227104,0.21669295908765993,0.1514036791684407,0.08741295492419897,3
NaClIWater,NaCl/NaI/water,"BC S-loss, fixed kappa_D",0.005,298.15,I,NaCl,neutral ion-pair NaCl: mu_Na + mu_Cl,0.015,0.0875,0.0875,10.52003409802218,kJ/mol,4.243733946332074,0.10903247018313779,10.52003409802218,4.258159994591941,0.014426048259867806,0.0,0.0,NaClIWater/data/S0_NaClIWater_matrix_BC_s_loss_split0.csv,0,0.3414614177012918,0.19714284142771207,0.13774398411256877,0.07952652630664311,3
NaClIWater,NaCl/NaI/water,"BC S-loss, fixed kappa_D",0.005,298.15,I,NaCl,neutral ion-pair NaCl: mu_Na + mu_Cl,0.015,0.09,0.09,10.905403663596568,kJ/mol,4.399190277753922,0.11302654427800007,10.905403663596568,4.4136163260137895,0.014426048259867806,0.0,0.0,NaClIWater/data/S0_NaClIWater_matrix_BC_s_loss_split0.csv,0,0.3038218741678677,0.17541164083651503,0.12256036330593399,0.07076025874665932,3
NaClIWater,NaCl/NaI/water,"BC S-loss, fixed kappa_D",0.005,298.15,I,NaCl,neutral ion-pair NaCl: mu_Na + mu_Cl,0.015,0.0925,0.0925,11.292397114434882,kJ/mol,4.555301677111411,0.11703744875762824,11.292397114434882,4.569727725371279,0.014426048259867806,0.0,0.0,NaClIWater/data/S0_NaClIWater_matrix_BC_s_loss_split0.csv,0,0.2670132246253962,0.1541601571146625,0.10771192135921083,0.062187506791672176,3
NaClIWater,NaCl/NaI/water,"BC S-loss, fixed kappa_D",0.005,298.15,I,NaCl,neutral ion-pair NaCl: mu_Na + mu_Cl,0.015,0.095,0.095,11.681896277635808,kJ/mol,4.712423869448646,0.12107432311586308,11.681896277635808,4.726849917708513,0.014426048259867806,0.0,0.0,NaClIWater/data/S0_NaClIWater_matrix_BC_s_loss_split0.csv,0,0.23752180280790341,0.13713327678954826,0.09581521582324488,0.05531894064801253,3
NaClIWater,NaCl/NaI/water,"BC S-loss, fixed kappa_D",0.005,298.15,I,NaCl,neutral ion-pair NaCl: mu_Na + mu_Cl,0.015,0.0975,0.0975,12.074797179506767,kJ/mol,4.870918307706003,0.1251464540109737,12.074797179506767,4.885344355965871,0.014426048259867806,0.0,0.0,NaClIWater/data/S0_NaClIWater_matrix_BC_s_loss_split0.csv,0,0.2239186152138007,0.12927947277025606,0.09032775176813622,0.052150751798627146,3
NaClIWater,NaCl/NaI/water,"BC S-loss, fixed kappa_D",0.005,298.15,I,NaCl,neutral ion-pair NaCl: mu_Na + mu_Cl,0.015,0.1,0.1,12.471902583913025,kJ/mol,5.031108823178533,0.12926216150412986,12.471902583913025,5.0455348714384005,0.014426048259867806,0.0,0.0,NaClIWater/data/S0_NaClIWater_matrix_BC_s_loss_split0.csv,0,0.23644779373625416,0.13651319736291945,0.09538196544462842,0.0550688034252918,3
NaClIWater,NaCl/NaI/water,"BC S-loss, fixed kappa_D",0.005,298.15,I,NaCl,neutral ion-pair NaCl: mu_Na + mu_Cl,0.0175,0.0,0.0,0.1544937581271365,kJ/mol,0.06232207992403825,0.0016012149694120126,0.1544937581271365,0.07674812818390606,0.014426048259867806,0.0,0.0,NaClIWater/data/S0_NaClIWater_matrix_BC_s_loss_split0.csv,0,0.25290399752286535,0.14601419104895877,0.10202032326612365,0.05890146110050913,3
NaClIWater,NaCl/NaI/water,"BC S-loss, fixed kappa_D",0.005,298.15,I,NaCl,neutral ion-pair NaCl: mu_Na + mu_Cl,0.0175,0.0025,0.0025,0.35012608840174153,kJ/mol,0.14123927289610982,0.0036288011938268023,0.35012608840174153,0.15566532115597764,0.014426048259867806,0.0,0.0,NaClIWater/data/S0_NaClIWater_matrix_BC_s_loss_split0.csv,0,0.27468594475598335,0.15859000414747368,0.11080706179083769,0.06397448695305163,3
NaClIWater,NaCl/NaI/water,"BC S-loss, fixed kappa_D",0.005,298.15,I,NaCl,neutral ion-pair NaCl: mu_Na + mu_Cl,0.0175,0.005,0.005,0.5507212676036893,kJ/mol,0.22215845657156152,0.005707823722786998,0.5507212676036893,0.23658450483142934,0.014426048259867806,0.0,0.0,NaClIWater/data/S0_NaClIWater_matrix_BC_s_loss_split0.csv,0,0.2851892293005123,0.1646540783066327,0.11504403904340976,0.06642070691037445,3
NaClIWater,NaCl/NaI/water,"BC S-loss, fixed kappa_D",0.005,298.15,I,NaCl,neutral ion-pair NaCl: mu_Na + mu_Cl,0.0175,0.0075,0.0075,0.7567813696246377,kJ/mol,0.3052821652765887,0.00784348618549302,0.7567813696246377,0.3197082135364565,0.014426048259867806,0.0,0.0,NaClIWater/data/S0_NaClIWater_matrix_BC_s_loss_split0.csv,0,0.2884692872417536,0.1665478206419659,0.11636719951052257,0.0671846339622431,3
NaClIWater,NaCl/NaI/water,"BC S-loss, fixed kappa_D",0.005,298.15,I,NaCl,neutral ion-pair NaCl: mu_Na + mu_Cl,0.0175,0.01,0.01,0.9685208307158302,kJ/mol,0.390696901620427,0.010038011057076801,0.9685208307158302,0.4051229498802948,0.014426048259867806,0.0,0.0,NaClIWater/data/S0_NaClIWater_matrix_BC_s_loss_split0.csv,0,0.2877457085194733,0.16613006227187752,0.11607531114229369,0.06701611213427283,3
NaClIWater,NaCl/NaI/water,"BC S-loss, fixed kappa_D",0.005,298.15,I,NaCl,neutral ion-pair NaCl: mu_Na + mu_Cl,0.0175,0.0125,0.0125,1.1859593087934335,kJ/mol,0.4784105955171216,0.012291602077482366,1.1859593087934335,0.49283664377698944,0.014426048259867806,0.0,0.0,NaClIWater/data/S0_NaClIWater_matrix_BC_s_loss_split0.csv,0,0.28535137311440034,0.1647476920812284,0.11510944712106172,0.06645847028161397,3
NaClIWater,NaCl/NaI/water,"BC S-loss, fixed kappa_D",0.005,298.15,I,NaCl,neutral ion-pair NaCl: mu_Na + mu_Cl,0.0175,0.015,0.015,1.4090115156582839,kJ/mol,0.5683888420947264,0.014603375296815102,1.4090115156582839,0.5828148903545942,0.014426048259867806,0.0,0.0,NaClIWater/data/S0_NaClIWater_matrix_BC_s_loss_split0.csv,0,0.28278961027251054,0.16326865761486334,0.11407604363270006,0.06586183449942688,3
NaClIWater,NaCl/NaI/water,"BC S-loss, fixed kappa_D",0.005,298.15,I,NaCl,neutral ion-pair NaCl: mu_Na + mu_Cl,0.0175,0.0175,0.0175,1.6375686536764655,kJ/mol,0.6605877528821558,0.01697220310705916,1.6375686536764655,0.6750138011420236,0.014426048259867806,0.0,0.0,NaClIWater/data/S0_NaClIWater_matrix_BC_s_loss_split0.csv,0,0.2808589943757408,0.16215401600716156,0.11329724195372157,0.0654121931404233,3
NaClIWater,NaCl/NaI/water,"BC S-loss, fixed kappa_D",0.005,298.15,I,NaCl,neutral ion-pair NaCl: mu_Na + mu_Cl,0.0175,0.02,0.02,1.8715669226626455,kJ/mol,0.7549815911745896,0.01939742426588964,1.8715669226626455,0.7694076394344574,0.014426048259867806,0.0,0.0,NaClIWater/data/S0_NaClIWater_matrix_BC_s_loss_split0.csv,0,0.2798199943569016,0.1615541490665967,0.11287811406790836,0.06517020954272418,3
NaClIWater,NaCl/NaI/water,"BC S-loss, fixed kappa_D",0.005,298.15,I,NaCl,neutral ion-pair NaCl: mu_Na + mu_Cl,0.0175,0.0225,0.0225,2.1110396180902655,kJ/mol,0.8515837882147014,0.02187938385657162,2.1110396180902655,0.8660098364745692,0.014426048259867806,0.0,0.0,NaClIWater/data/S0_NaClIWater_matrix_BC_s_loss_split0.csv,0,0.279575780850568,0.16141315233297526,0.11277959944929358,0.06511333210114782,3
NaClIWater,NaCl/NaI/water,"BC S-loss, fixed kappa_D",0.005,298.15,I,NaCl,neutral ion-pair NaCl: mu_Na + mu_Cl,0.0175,0.025,0.025,2.356150582948874,kJ/mol,0.9504604375198824,0.024419779992030044,2.356150582948874,0.9648864857797502,0.014426048259867806,0.0,0.0,NaClIWater/data/S0_NaClIWater_matrix_BC_s_loss_split0.csv,0,0.2798415002802953,0.16156656551725723,0.11288678945967064,0.06517521828249345,3
NaClIWater,NaCl/NaI/water,"BC S-loss, fixed kappa_D",0.005,298.15,I,NaCl,neutral ion-pair NaCl: mu_Na + mu_Cl,0.0175,0.0275,0.0275,2.607208087463752,kJ/mol,1.0517358938980619,0.027021807668006662,2.607208087463752,1.0661619421579296,0.014426048259867806,0.0,0.0,NaClIWater/data/S0_NaClIWater_matrix_BC_s_loss_split0.csv,0,0.2802852625611054,0.16182277178953916,0.11306580114704999,0.06527857072839001,3
NaClIWater,NaCl/NaI/water,"BC S-loss, fixed kappa_D",0.005,298.15,I,NaCl,neutral ion-pair NaCl: mu_Na + mu_Cl,0.0175,0.03,0.03,2.86465955106621,kJ/mol,1.155590644314511,0.02969010406013695,2.86465955106621,1.1700166925743787,0.014426048259867806,0.0,0.0,NaClIWater/data/S0_NaClIWater_matrix_BC_s_loss_split0.csv,0,0.28063450944957496,0.1620244095746107,0.113206685754689,0.06535991049453507,3
NaClIWater,NaCl/NaI/water,"BC S-loss, fixed kappa_D",0.005,298.15,I,NaCl,neutral ion-pair NaCl: mu_Na + mu_Cl,0.0175,0.0325,0.0325,3.1290687733958555,kJ/mol,1.2622521229816321,0.0324305125399178,3.1290687733958555,1.2766781712414998,0.014426048259867806,0.0,0.0,NaClIWater/data/S0_NaClIWater_matrix_BC_s_loss_split0.csv,0,0.28074806760236687,0.16208997240469378,0.11325249459745475,0.06538635824223714,3
NaClIWater,NaCl/NaI/water,"BC S-loss, fixed kappa_D",0.005,298.15,I,NaCl,neutral ion-pair NaCl: mu_Na + mu_Cl,0.0175,0.034999999999999996,0.034999999999999996,3.4010784662234514,kJ/mol,1.3719795969069164,0.035249694345452554,3.4010784662234514,1.386405645166784,0.014426048259867806,0.0,0.0,NaClIWater/data/S0_NaClIWater_matrix_BC_s_loss_split0.csv,0,0.2806563512621512,0.1620370199509812,0.11321549664262115,0.06536499746305449,3
NaClIWater,NaCl/NaI/water,"BC S-loss, fixed kappa_D",0.005,298.15,I,NaCl,neutral ion-pair NaCl: mu_Na + mu_Cl,0.0175,0.0375,0.0375,3.681361775648344,kJ/mol,1.4850446101676942,0.03815462614443277,3.681361775648344,1.4994706584275619,0.014426048259867806,0.0,0.0,NaClIWater/data/S0_NaClIWater_matrix_BC_s_loss_split0.csv,0,0.28057216187334055,0.16198841318468843,0.11318153502577773,0.06534538971442783,3
NaClIWater,NaCl/NaI/water,"BC S-loss, fixed kappa_D",0.005,298.15,I,NaCl,neutral ion-pair NaCl: mu_Na + mu_Cl,0.0175,0.04,0.04,3.97056713467798,kJ/mol,1.6017087376923342,0.041152028471401536,3.97056713467798,1.616134785952202,0.014426048259867806,0.0,0.0,NaClIWater/data/S0_NaClIWater_matrix_BC_s_loss_split0.csv,0,0.2808746076738867,0.16216303034904903,0.1133035402872382,0.06541582948497458,3
NaClIWater,NaCl/NaI/water,"BC S-loss, fixed kappa_D",0.005,298.15,I,NaCl,neutral ion-pair NaCl: mu_Na + mu_Cl,0.0175,0.0425,0.0425,4.269261128390756,kJ/mol,1.722200537326588,0.04424777356689447,4.269261128390756,1.7366265855864558,0.014426048259867806,0.0,0.0,NaClIWater/data/S0_NaClIWater_matrix_BC_s_loss_split0.csv,0,0.28206966571925335,0.1628529974332387,0.11378562127173943,0.06569415907114758,3
NaClIWater,NaCl/NaI/water,"BC S-loss, fixed kappa_D",0.005,298.15,I,NaCl,neutral ion-pair NaCl: mu_Na + mu_Cl,0.0175,0.045,0.045,4.577874081478965,kJ/mol,1.8466936000956953,0.04744632143206218,4.577874081478965,1.861119648355563,0.014426048259867806,0.0,0.0,NaClIWater/data/S0_NaClIWater_matrix_BC_s_loss_split0.csv,0,0.2847323280125565,0.16439028622503832,0.11485972714025867,0.06631429438347532,3
NaClIWater,NaCl/NaI/water,"BC S-loss, fixed kappa_D",0.005,298.15,I,NaCl,neutral ion-pair NaCl: mu_Na + mu_Cl,0.0175,0.0475,0.0475,4.8966528041795945,kJ/mol,1.9752874881276146,0.050750230074754654,4.8966528041795945,1.9897135363874823,0.014426048259867806,0.0,0.0,NaClIWater/data/S0_NaClIWater_matrix_BC_s_loss_split0.csv,0,0.2894361279535525,0.16710602638718652,0.11675721865980743,0.06740981162307182,3
NaClIWater,NaCl/NaI/water,"BC S-loss, fixed kappa_D",0.005,298.15,I,NaCl,neutral ion-pair NaCl: mu_Na + mu_Cl,0.0175,0.05,0.05,5.225624349987246,kJ/mol,2.107993114679123,0.05415977988468512,5.225624349987246,2.122419162938991,0.014426048259867806,0.0,0.0,NaClIWater/data/S0_NaClIWater_matrix_BC_s_loss_split0.csv,0,0.29667554949294545,0.1712857083617322,0.11967756840889279,0.06909587633683412,3
NaClIWater,NaCl/NaI/water,"BC S-loss, fixed kappa_D",0.005,298.15,I,NaCl,neutral ion-pair NaCl: mu_Na + mu_Cl,0.0175,0.052500000000000005,0.052500000000000005,5.564573822364787,kJ/mol,2.2447237914637492,0.05767274361619456,5.564573822364787,2.259149839723617,0.014426048259867806,0.0,0.0,NaClIWater/data/S0_NaClIWater_matrix_BC_s_loss_split0.csv,0,0.3067858989638633,0.17712292135036783,0.12375603743848279,0.07145058152894945,3
NaClIWater,NaCl/NaI/water,"BC S-loss, fixed kappa_D",0.005,298.15,I,NaCl,neutral ion-pair NaCl: mu_Na + mu_Cl,0.0175,0.055,0.055,5.913038244545247,kJ/mol,2.385292755757718,0.061284322853225597,5.913038244545247,2.399718804017586,0.014426048259867806,0.0,0.0,NaClIWater/data/S0_NaClIWater_matrix_BC_s_loss_split0.csv,0,0.3198652625316266,0.18467429542704494,0.12903219326191037,0.07449677151389178,3
NaClIWater,NaCl/NaI/water,"BC S-loss, fixed kappa_D",0.005,298.15,I,NaCl,neutral ion-pair NaCl: mu_Na + mu_Cl,0.0175,0.0575,0.0575,6.270317350560579,kJ/mol,2.529417523451911,0.06498725985045439,6.270317350560579,2.543843571711779,0.014426048259867806,0.0,0.0,NaClIWater/data/S0_NaClIWater_matrix_BC_s_loss_split0.csv,0,0.3357053123250195,0.1938195524392374,0.135421997362683,0.07818592663154184,3
NaClIWater,NaCl/NaI/water,"BC S-loss, fixed kappa_D",0.005,298.15,I,NaCl,neutral ion-pair NaCl: mu_Na + mu_Cl,0.0175,0.06,0.06,6.635500954482156,kJ/mol,2.6767309296791058,0.06877212119547949,6.635500954482156,2.6911569779389737,0.014426048259867806,0.0,0.0,NaClIWater/data/S0_NaClIWater_matrix_BC_s_loss_split0.csv,0,0.3537409315634897,0.20423242206156977,0.14269748419972722,0.08238643091539488,3
NaClIWater,NaCl/NaI/water,"BC S-loss, fixed kappa_D",0.005,298.15,I,NaCl,neutral ion-pair NaCl: mu_Na + mu_Cl,0.0175,0.0625,0.0625,7.007511364840857,kJ/mol,2.8267982385982804,0.07262773740330886,7.007511364840857,2.8412242868581483,0.014426048259867806,0.0,0.0,NaClIWater/data/S0_NaClIWater_matrix_BC_s_loss_split0.csv,0,0.3730302330894181,0.21536910549004437,0.15047870077411166,0.08687891839923852,3
NaClIWater,NaCl/NaI/water,"BC S-loss, fixed kappa_D",0.005,298.15,I,NaCl,neutral ion-pair NaCl: mu_Na + mu_Cl,0.0175,0.065,0.065,7.385158208820718,kJ/mol,2.979139259225182,0.07654177112908656,7.385158208820718,2.99356530748505,0.014426048259867806,0.0,0.0,NaClIWater/data/S0_NaClIWater_matrix_BC_s_loss_split0.csv,0,0.39227470366665257,0.22647990575822255,0.15824183274752926,0.09136096473384576,3
NaClIWater,NaCl/NaI/water,"BC S-loss, fixed kappa_D",0.005,298.15,I,NaCl,neutral ion-pair NaCl: mu_Na + mu_Cl,0.0175,0.0675,0.0675,7.767202124047488,kJ/mol,3.133254038410382,0.08050137728696427,7.767202124047488,3.14768008667025,0.014426048259867806,0.0,0.0,NaClIWater/data/S0_NaClIWater_matrix_BC_s_loss_split0.csv,0,0.409884615147304,0.23664699289198216,0.16534559100971885,0.09546232147877895,3
NaClIWater,NaCl/NaI/water,"BC S-loss, fixed kappa_D",0.005,298.15,I,NaCl,neutral ion-pair NaCl: mu_Na + mu_Cl,0.0175,0.07,0.07,8.15242304838776,kJ/mol,3.288650408633895,0.08449391082399416,8.15242304838776,3.3030764568937627,0.014426048259867806,0.0,0.0,NaClIWater/data/S0_NaClIWater_matrix_BC_s_loss_split0.csv,0,0.4240896920920606,0.2448482978898967,0.17107585449356597,0.09877069064370557,3
NaClIWater,NaCl/NaI/water,"BC S-loss, fixed kappa_D",0.005,298.15,I,NaCl,neutral ion-pair NaCl: mu_Na + mu_Cl,0.0175,0.07250000000000001,0.07250000000000001,8.539688410773778,kJ/mol,3.4448714958740125,0.08850763346822532,8.539688410773778,3.4592975441338805,0.014426048259867806,0.0,0.0,NaClIWater/data/S0_NaClIWater_matrix_BC_s_loss_split0.csv,0,0.4330908149967384,0.25004509862192137,0.17470686656726903,0.10086705644188881,3
NaClIWater,NaCl/NaI/water,"BC S-loss, fixed kappa_D",0.005,298.15,I,NaCl,neutral ion-pair NaCl: mu_Na + mu_Cl,0.0175,0.07500000000000001,0.07500000000000001,8.928016391192903,kJ/mol,3.6015212383995663,0.09253236937229302,8.928016391192903,3.615947286659434,0.014426048259867806,0.0,0.0,NaClIWater/data/S0_NaClIWater_matrix_BC_s_loss_split0.csv,0,0.4352455571541512,0.25128913958653787,0.1755760797612384,0.1013688969134102,3
NaClIWater,NaCl/NaI/water,"BC S-loss, fixed kappa_D",0.005,298.15,I,NaCl,neutral ion-pair NaCl: mu_Na + mu_Cl,0.0175,0.07750000000000001,0.07750000000000001,9.316629566041732,kJ/mol,3.758286027061982,0.0965600611083346,9.316629566041732,3.77271207532185,0.014426048259867806,0.0,0.0,NaClIWater/data/S0_NaClIWater_matrix_BC_s_loss_split0.csv,0,0.42927806804683377,0.24784380814404197,0.1731688217748929,0.09997906586698475,3
NaClIWater,NaCl/NaI/water,"BC S-loss, fixed kappa_D",0.005,298.15,I,NaCl,neutral ion-pair NaCl: mu_Na + mu_Cl,0.0175,0.08,0.08,9.704994725312671,kJ/mol,3.9149507673673964,0.10058518234404801,9.704994725312671,3.9293768156272644,0.014426048259867806,0.0,0.0,NaClIWater/data/S0_NaClIWater_matrix_BC_s_loss_split0.csv,0,0.4145018796525142,0.23931277179698496,0.1672081745277359,0.09653768457429425,3
NaClIWater,NaCl/NaI/water,"BC S-loss, fixed kappa_D",0.005,298.15,I,NaCl,neutral ion-pair NaCl: mu_Na + mu_Cl,0.0175,0.0825,0.0825,10.092845382221535,kJ/mol,4.0714079597581305,0.10460497113854217,10.092845382221535,4.085834008017998,0.014426048259867806,0.0,0.0,NaClIWater/data/S0_NaClIWater_matrix_BC_s_loss_split0.csv,0,0.39104280089735544,0.22576866636275342,0.15774488876883702,0.09107405399397564,3
NaClIWater,NaCl/NaI/water,"BC S-loss, fixed kappa_D",0.005,298.15,I,NaCl,neutral ion-pair NaCl: mu_Na + mu_Cl,0.0175,0.085,0.085,10.480184451645378,kJ/mol,4.227658780082342,0.1086194577023889,10.480184451645378,4.242084828342209,0.014426048259867806,0.0,0.0,NaClIWater/data/S0_NaClIWater_matrix_BC_s_loss_split0.csv,0,0.3600496323329351,0.20787475214904585,0.1452423854199221,0.0838557303199354,3
NaClIWater,NaCl/NaI/water,"BC S-loss, fixed kappa_D",0.005,298.15,I,NaCl,neutral ion-pair NaCl: mu_Na + mu_Cl,0.0175,0.0875,0.0875,10.867265701649776,kJ/mol,4.383805597224422,0.11263127215624992,10.867265701649776,4.398231645484289,0.014426048259867806,0.0,0.0,NaClIWater/data/S0_NaClIWater_matrix_BC_s_loss_split0.csv,0,0.3238880276595116,0.18699683995651598,0.130654958432846,0.075433675422163,3
NaClIWater,NaCl/NaI/water,"BC S-loss, fixed kappa_D",0.005,298.15,I,NaCl,neutral ion-pair NaCl: mu_Na + mu_Cl,0.0175,0.09,0.09,11.254553835254775,kJ/mol,4.540035870270791,0.11664523080753499,11.254553835254775,4.5544619185306585,0.014426048259867806,0.0,0.0,NaClIWater/data/S0_NaClIWater_matrix_BC_s_loss_split0.csv,0,0.2863419445568657,0.16531959877018731,0.11550903913925158,0.06668917484088192,3
NaClIWater,NaCl/NaI/water,"BC S-loss, fixed kappa_D",0.005,298.15,I,NaCl,neutral ion-pair NaCl: mu_Na + mu_Cl,0.0175,0.0925,0.0925,11.642664317504648,kJ/mol,4.6965978750233,0.12066771250192687,11.642664317504648,4.711023923283167,0.014426048259867806,0.0,0.0,NaClIWater/data/S0_NaClIWater_matrix_BC_s_loss_split0.csv,0,0.25292461514354714,0.14602609463780944,0.10202864032060911,0.05890626295415518,3
NaClIWater,NaCl/NaI/water,"BC S-loss, fixed kappa_D",0.005,298.15,I,NaCl,neutral ion-pair NaCl: mu_Na + mu_Cl,0.0175,0.095,0.095,12.03228531149868,kJ/mol,4.853769213348807,0.12470584954735388,12.03228531149868,4.868195261608674,0.014426048259867806,0.0,0.0,NaClIWater/data/S0_NaClIWater_matrix_BC_s_loss_split0.csv,0,0.23148244664586357,0.13364645288366253,0.09337896699362823,0.05391237173042044,3
NaClIWater,NaCl/NaI/water,"BC S-loss, fixed kappa_D",0.005,298.15,I,NaCl,neutral ion-pair NaCl: mu_Na + mu_Cl,0.0175,0.0975,0.0975,12.424085205439873,kJ/mol,5.0118195100108816,0.1287665692993869,12.424085205439873,5.026245558270749,0.014426048259867806,0.0,0.0,NaClIWater/data/S0_NaClIWater_matrix_BC_s_loss_split0.csv,0,0.23284705167353892,0.1344343079637284,0.09392944246027787,0.0542301888892729,3
NaClIWater,NaCl/NaI/water,"BC S-loss, fixed kappa_D",0.005,298.15,I,NaCl,neutral ion-pair NaCl: mu_Na + mu_Cl,0.02,0.0,0.0,0.2668606350305898,kJ/mol,0.10765036741011717,0.0027658155820518004,0.2668606350305898,0.12207641566998498,0.014426048259867806,0.0,0.0,NaClIWater/data/S0_NaClIWater_matrix_BC_s_loss_split0.csv,0,0.22956835336513567,0.13254135061278022,0.09260683046287302,0.05346657849653778,3
NaClIWater,NaCl/NaI/water,"BC S-loss, fixed kappa_D",0.005,298.15,I,NaCl,neutral ion-pair NaCl: mu_Na + mu_Cl,0.02,0.0025,0.0025,0.4732947034430466,kJ/mol,0.19092493245797026,0.004905353933281731,0.4732947034430466,0.20535098071783808,0.014426048259867806,0.0,0.0,NaClIWater/data/S0_NaClIWater_matrix_BC_s_loss_split0.csv,0,0.24916460720944364,0.14385525304489966,0.10051187020753173,0.058030555321071174,3
NaClIWater,NaCl/NaI/water,"BC S-loss, fixed kappa_D",0.005,298.15,I,NaCl,neutral ion-pair NaCl: mu_Na + mu_Cl,0.02,0.005,0.005,0.6835887167158768,kJ/mol,0.2757565817207896,0.007084897793902201,0.6835887167158768,0.2901826299806574,0.014426048259867806,0.0,0.0,NaClIWater/data/S0_NaClIWater_matrix_BC_s_loss_split0.csv,0,0.2614370621820574,0.1509407582269558,0.10546252277071154,0.06088881591108735,3
NaClIWater,NaCl/NaI/water,"BC S-loss, fixed kappa_D",0.005,298.15,I,NaCl,neutral ion-pair NaCl: mu_Na + mu_Cl,0.02,0.0075,0.0075,0.8984256108153352,kJ/mol,0.3624208084637264,0.009311525296425316,0.8984256108153352,0.3768468567235942,0.014426048259867806,0.0,0.0,NaClIWater/data/S0_NaClIWater_matrix_BC_s_loss_split0.csv,0,0.26909842756554336,0.15536404959347147,0.10855308274895968,0.0626731515464756,3
NaClIWater,NaCl/NaI/water,"BC S-loss, fixed kappa_D",0.005,298.15,I,NaCl,neutral ion-pair NaCl: mu_Na + mu_Cl,0.02,0.01,0.01,1.1182137333016842,kJ/mol,0.4510823382368349,0.011589468665079039,1.1182137333016842,0.46550838649670273,0.014426048259867806,0.0,0.0,NaClIWater/data/S0_NaClIWater_matrix_BC_s_loss_split0.csv,0,0.27416679770688174,0.15829027445892585,0.11059764023051932,0.06385357735882771,3
NaClIWater,NaCl/NaI/water,"BC S-loss, fixed kappa_D",0.005,298.15,I,NaCl,neutral ion-pair NaCl: mu_Na + mu_Cl,0.02,0.0125,0.0125,1.3431691132290255,kJ/mol,0.5418283161787854,0.013920966883233632,1.3431691132290255,0.5562543644386532,0.014426048259867806,0.0,0.0,NaClIWater/data/S0_NaClIWater_matrix_BC_s_loss_split0.csv,0,0.2779737685085027,0.16048823007603877,0.11213335495092801,0.06474022266605414,3
NaClIWater,NaCl/NaI/water,"BC S-loss, fixed kappa_D",0.005,298.15,I,NaCl,neutral ion-pair NaCl: mu_Na + mu_Cl,0.02,0.015,0.015,1.5733953411168846,kJ/mol,0.634700530234382,0.01630709359096727,1.5733953411168846,0.6491265784942498,0.014426048259867806,0.0,0.0,NaClIWater/data/S0_NaClIWater_matrix_BC_s_loss_split0.csv,0,0.2812599300998153,0.1623854963553837,0.11345897760274123,0.06550557126092238,3
NaClIWater,NaCl/NaI/water,"BC S-loss, fixed kappa_D",0.005,298.15,I,NaCl,neutral ion-pair NaCl: mu_Na + mu_Cl,0.02,0.0175,0.0175,1.8089561367963616,kJ/mol,0.7297246846939128,0.01874850919779192,1.8089561367963616,0.7441507329537806,0.014426048259867806,0.0,0.0,NaClIWater/data/S0_NaClIWater_matrix_BC_s_loss_split0.csv,0,0.2843119834282137,0.1641476001661156,0.11469016204521136,0.06621639593020458,3
NaClIWater,NaCl/NaI/water,"BC S-loss, fixed kappa_D",0.005,298.15,I,NaCl,neutral ion-pair NaCl: mu_Na + mu_Cl,0.02,0.02,0.02,2.0499364523510817,kJ/mol,0.8269350488418433,0.02124609417001011,2.0499364523510817,0.8413610971017111,0.014426048259867806,0.0,0.0,NaClIWater/data/S0_NaClIWater_matrix_BC_s_loss_split0.csv,0,0.28711174792514566,0.16576404495208683,0.11581957431960682,0.06686846241085287,3
NaClIWater,NaCl/NaI/water,"BC S-loss, fixed kappa_D",0.005,298.15,I,NaCl,neutral ion-pair NaCl: mu_Na + mu_Cl,0.02,0.0225,0.0225,2.296488939832682,kJ/mol,0.926393201822069,0.023801430634648568,2.296488939832682,0.9408192500819368,0.014426048259867806,0.0,0.0,NaClIWater/data/S0_NaClIWater_matrix_BC_s_loss_split0.csv,0,0.2894764060988039,0.16712928098518984,0.11677346668055577,0.06741919242222467,3
NaClIWater,NaCl/NaI/water,"BC S-loss, fixed kappa_D",0.005,298.15,I,NaCl,neutral ion-pair NaCl: mu_Na + mu_Cl,0.02,0.025,0.025,2.5488637421302975,kJ/mol,1.0282000501392805,0.026417111140062843,2.5488637421302975,1.0426260983991482,0.014426048259867806,0.0,0.0,NaClIWater/data/S0_NaClIWater_matrix_BC_s_loss_split0.csv,0,0.29117829013488383,0.16811186419155014,0.11745999896641507,0.0678155620222729,3
NaClIWater,NaCl/NaI/water,"BC S-loss, fixed kappa_D",0.005,298.15,I,NaCl,neutral ion-pair NaCl: mu_Na + mu_Cl,0.02,0.0275,0.0275,2.8074207803014124,kJ/mol,1.132500784312388,0.029096866005147604,2.8074207803014124,1.1469268325722557,0.014426048259867806,0.0,0.0,NaClIWater/data/S0_NaClIWater_matrix_BC_s_loss_split0.csv,0,0.29203948245518996,0.16860907380950294,0.11780740003469588,0.06801613412256159,3
NaClIWater,NaCl/NaI/water,"BC S-loss, fixed kappa_D",0.005,298.15,I,NaCl,neutral ion-pair NaCl: mu_Na + mu_Cl,0.02,0.03,0.03,3.07262493166527,kJ/mol,1.2394829337393165,0.03184551334379649,3.07262493166527,1.2539089819991842,0.014426048259867806,0.0,0.0,NaClIWater/data/S0_NaClIWater_matrix_BC_s_loss_split0.csv,0,0.2920000530322418,0.16858630922154982,0.11779149438466756,0.0680069509912361,3
NaClIWater,NaCl/NaI/water,"BC S-loss, fixed kappa_D",0.005,298.15,I,NaCl,neutral ion-pair NaCl: mu_Na + mu_Cl,0.02,0.0325,0.0325,3.3450256395339224,kJ/mol,1.349368141355176,0.034668747734656336,3.3450256395339224,1.3637941896150436,0.014426048259867806,0.0,0.0,NaClIWater/data/S0_NaClIWater_matrix_BC_s_loss_split0.csv,0,0.2911597786474557,0.1681011765793004,0.11745253151651294,0.06781125068806175,3
NaClIWater,NaCl/NaI/water,"BC S-loss, fixed kappa_D",0.005,298.15,I,NaCl,neutral ion-pair NaCl: mu_Na + mu_Cl,0.02,0.034999999999999996,0.034999999999999996,3.625223517908902,kJ/mol,1.4623986921186645,0.03757279410319825,3.625223517908902,1.4768247403785322,0.014426048259867806,0.0,0.0,NaClIWater/data/S0_NaClIWater_matrix_BC_s_loss_split0.csv,0,0.2897934501656171,0.16731232646250943,0.11690136081628588,0.06749303213591623,3
NaClIWater,NaCl/NaI/water,"BC S-loss, fixed kappa_D",0.005,298.15,I,NaCl,neutral ion-pair NaCl: mu_Na + mu_Cl,0.02,0.0375,0.0375,3.913827321310016,kJ/mol,1.5788201548365577,0.040563961745419874,3.913827321310016,1.5932462030964254,0.014426048259867806,0.0,0.0,NaClIWater/data/S0_NaClIWater_matrix_BC_s_loss_split0.csv,0,0.2883406625476243,0.16647355914018594,0.11631531289345211,0.06715467720991013,3
NaClIWater,NaCl/NaI/water,"BC S-loss, fixed kappa_D",0.005,298.15,I,NaCl,neutral ion-pair NaCl: mu_Na + mu_Cl,0.02,0.04,0.04,4.2114052370684085,kJ/mol,1.6988617336960843,0.04364813950803637,4.2114052370684085,1.713287781955952,0.014426048259867806,0.0,0.0,NaClIWater/data/S0_NaClIWater_matrix_BC_s_loss_split0.csv,0,0.2873725009680794,0.16591459079161666,0.1159247609121214,0.06692919191835629,3
NaClIWater,NaCl/NaI/water,"BC S-loss, fixed kappa_D",0.005,298.15,I,NaCl,neutral ion-pair NaCl: mu_Na + mu_Cl,0.02,0.0425,0.0425,4.518434734759042,kJ/mol,1.8227160377538998,0.04683027601447521,4.518434734759042,1.8371420860137675,0.014426048259867806,0.0,0.0,NaClIWater/data/S0_NaClIWater_matrix_BC_s_loss_split0.csv,0,0.28753930471035244,0.16601089497711982,0.11599204878370663,0.06696804058912922,3
NaClIWater,NaCl/NaI/water,"BC S-loss, fixed kappa_D",0.005,298.15,I,NaCl,neutral ion-pair NaCl: mu_Na + mu_Cl,0.02,0.045,0.045,4.835255232018572,kJ/mol,1.9505199865421314,0.05011388908064873,4.835255232018572,1.9649460348019991,0.014426048259867806,0.0,0.0,NaClIWater/data/S0_NaClIWater_matrix_BC_s_loss_split0.csv,0,0.28950481152618546,0.16714568086633505,0.11678492530087158,0.06742580805974854,3
NaClIWater,NaCl/NaI/water,"BC S-loss, fixed kappa_D",0.005,298.15,I,NaCl,neutral ion-pair NaCl: mu_Na + mu_Cl,0.02,0.0475,0.0475,5.162027546519729,kJ/mol,2.0823384531791143,0.05350064546428257,5.162027546519729,2.096764501438982,0.014426048259867806,0.0,0.0,NaClIWater/data/S0_NaClIWater_matrix_BC_s_loss_split0.csv,0,0.293871857563002,0.16966699607125457,0.11854657182586885,0.06844289515517268,3
NaClIWater,NaCl/NaI/water,"BC S-loss, fixed kappa_D",0.005,298.15,I,NaCl,neutral ion-pair NaCl: mu_Na + mu_Cl,0.02,0.05,0.05,5.498703557655367,kJ/mol,2.2181520260306127,0.056990046430428265,5.498703557655367,2.2325780742904806,0.014426048259867806,0.0,0.0,NaClIWater/data/S0_NaClIWater_matrix_BC_s_loss_split0.csv,0,0.3011038034490415,0.17384236197532427,0.12146390593036506,0.07012721878571965,3
NaClIWater,NaCl/NaI/water,"BC S-loss, fixed kappa_D",0.005,298.15,I,NaCl,neutral ion-pair NaCl: mu_Na + mu_Cl,0.02,0.052500000000000005,0.052500000000000005,5.845008730526824,kJ/mol,2.3578499589661432,0.06057924662536606,5.845008730526824,2.372276007226011,0.014426048259867806,0.0,0.0,NaClIWater/data/S0_NaClIWater_matrix_BC_s_loss_split0.csv,0,0.31144554256240603,0.17981316783631418,0.12563571649015637,0.07253581473542328,3
NaClIWater,NaCl/NaI/water,"BC S-loss, fixed kappa_D",0.005,298.15,I,NaCl,neutral ion-pair NaCl: mu_Na + mu_Cl,0.02,0.055,0.055,6.200439208196785,kJ/mol,2.5012289983869964,0.06426302393992955,6.200439208196785,2.5156550466468643,0.014426048259867806,0.0,0.0,NaClIWater/data/S0_NaClIWater_matrix_BC_s_loss_split0.csv,0,0.32484993351036756,0.18755219655844274,0.1310429868816532,0.07565770375153508,3
NaClIWater,NaCl/NaI/water,"BC S-loss, fixed kappa_D",0.005,298.15,I,NaCl,neutral ion-pair NaCl: mu_Na + mu_Cl,0.02,0.0575,0.0575,6.564274109632749,kJ/mol,2.6479983441607393,0.06803390696870792,6.564274109632749,2.6624243924206072,0.014426048259867806,0.0,0.0,NaClIWater/data/S0_NaClIWater_matrix_BC_s_loss_split0.csv,0,0.34091925440169474,0.19682982330074497,0.13752527790139876,0.07940025621675068,3
NaClIWater,NaCl/NaI/water,"BC S-loss, fixed kappa_D",0.005,298.15,I,NaCl,neutral ion-pair NaCl: mu_Na + mu_Cl,0.02,0.06,0.06,6.9356025749638315,kJ/mol,2.797790559554905,0.07188245531438042,6.9356025749638315,2.812216607814773,0.014426048259867806,0.0,0.0,NaClIWater/data/S0_NaClIWater_matrix_BC_s_loss_split0.csv,0,0.3588739459362553,0.2071959692914402,0.1447681188704658,0.08358191239993919,3
NaClIWater,NaCl/NaI/water,"BC S-loss, fixed kappa_D",0.005,298.15,I,NaCl,neutral ion-pair NaCl: mu_Na + mu_Cl,0.02,0.0625,0.0625,7.313364011438973,kJ/mol,2.950177806273632,0.07579767670767978,7.313364011438973,2.9646038545335,0.014426048259867806,0.0,0.0,NaClIWater/data/S0_NaClIWater_matrix_BC_s_loss_split0.csv,0,0.3775597844366304,0.21798424317966567,0.15230590120280899,0.08793385305861032,3
NaClIWater,NaCl/NaI/water,"BC S-loss, fixed kappa_D",0.005,298.15,I,NaCl,neutral ion-pair NaCl: mu_Na + mu_Cl,0.02,0.065,0.065,7.696399014964003,kJ/mol,3.1046923859743,0.07976755477193365,7.696399014964003,3.119118434234168,0.014426048259867806,0.0,0.0,NaClIWater/data/S0_NaClIWater_matrix_BC_s_loss_split0.csv,0,0.3954999369842061,0.22834199508231143,0.1595428772105994,0.09211212310482698,3
NaClIWater,NaCl/NaI/water,"BC S-loss, fixed kappa_D",0.005,298.15,I,NaCl,neutral ion-pair NaCl: mu_Na + mu_Cl,0.02,0.0675,0.0675,8.083507620881429,kJ/mol,3.2608502383673756,0.08377965274985398,8.083507620881429,3.2752762866272436,0.014426048259867806,0.0,0.0,NaClIWater/data/S0_NaClIWater_matrix_BC_s_loss_split0.csv,0,0.410992633556977,0.23728670761907392,0.1657925606007371,0.09572037949247292,3
NaClIWater,NaCl/NaI/water,"BC S-loss, fixed kappa_D",0.005,298.15,I,NaCl,neutral ion-pair NaCl: mu_Na + mu_Cl,0.02,0.07,0.07,8.473510920644282,kJ/mol,3.418175797102618,0.08782175211536014,8.473510920644282,3.432601845362486,0.014426048259867806,0.0,0.0,NaClIWater/data/S0_NaClIWater_matrix_BC_s_loss_split0.csv,0,0.42225058665027815,0.24378648986801552,0.17033396771625578,0.09834236211311731,3
NaClIWater,NaCl/NaI/water,"BC S-loss, fixed kappa_D",0.005,298.15,I,NaCl,neutral ion-pair NaCl: mu_Na + mu_Cl,0.02,0.07250000000000001,0.07250000000000001,8.865311733446074,kJ/mol,3.5762264644288826,0.0918824813907122,8.865311733446074,3.5906525126887505,0.014426048259867806,0.0,0.0,NaClIWater/data/S0_NaClIWater_matrix_BC_s_loss_split0.csv,0,0.4275751744459942,0.24686064206519595,0.17248188223519764,0.0995824611388247,3
NaClIWater,NaCl/NaI/water,"BC S-loss, fixed kappa_D",0.005,298.15,I,NaCl,neutral ion-pair NaCl: mu_Na + mu_Cl,0.02,0.07500000000000001,0.07500000000000001,9.257949922795973,kJ/mol,3.7346149256491543,0.09595188946241251,9.257949922795973,3.7490409739090222,0.014426048259867806,0.0,0.0,NaClIWater/data/S0_NaClIWater_matrix_BC_s_loss_split0.csv,0,0.4255559863285374,0.2456948632620378,0.17166735092491464,0.09911219126756943,3
NaClIWater,NaCl/NaI/water,"BC S-loss, fixed kappa_D",0.005,298.15,I,NaCl,neutral ion-pair NaCl: mu_Na + mu_Cl,0.02,0.07750000000000001,0.07750000000000001,9.650648159238461,kJ/mol,3.89302760959369,0.1000219198783725,9.650648159238461,3.907453657853558,0.014426048259867806,0.0,0.0,NaClIWater/data/S0_NaClIWater_matrix_BC_s_loss_split0.csv,0,0.4152837955877155,0.2397642111726571,0.16752359586254081,0.09671979316685202,3
NaClIWater,NaCl/NaI/water,"BC S-loss, fixed kappa_D",0.005,298.15,I,NaCl,neutral ion-pair NaCl: mu_Na + mu_Cl,0.02,0.08,0.08,10.042844400651726,kJ/mol,4.0512377910247785,0.1040867474824836,10.042844400651726,4.065663839284646,0.014426048259867806,0.0,0.0,NaClIWater/data/S0_NaClIWater_matrix_BC_s_loss_split0.csv,0,0.3965620065833376,0.22895518125126813,0.15997131126026165,0.09235947961872948,3
NaClIWater,NaCl/NaI/water,"BC S-loss, fixed kappa_D",0.005,298.15,I,NaCl,neutral ion-pair NaCl: mu_Na + mu_Cl,0.02,0.0825,0.0825,10.434208066697337,kJ/mol,4.209112115336234,0.1081429460509753,10.434208066697337,4.223538163596102,0.014426048259867806,0.0,0.0,NaClIWater/data/S0_NaClIWater_matrix_BC_s_loss_split0.csv,0,0.3700987801543565,0.21367663034886986,0.149296165982239,0.08619618161882474,3
NaClIWater,NaCl/NaI/water,"BC S-loss, fixed kappa_D",0.005,298.15,I,NaCl,neutral ion-pair NaCl: mu_Na + mu_Cl,0.02,0.085,0.085,10.824637817465323,kJ/mol,4.36660970246892,0.11218946526969377,10.824637817465323,4.381035750728787,0.014426048259867806,0.0,0.0,NaClIWater/data/S0_NaClIWater_matrix_BC_s_loss_split0.csv,0,0.33766305818604997,0.19494985753910823,0.13621174314595086,0.0786418865721029,3
NaClIWater,NaCl/NaI/water,"BC S-loss, fixed kappa_D",0.005,298.15,I,NaCl,neutral ion-pair NaCl: mu_Na + mu_Cl,0.02,0.0875,0.0875,11.214239908113905,kJ/mol,4.52377341527078,0.11622740639575115,11.214239908113905,4.538199463530647,0.014426048259867806,0.0,0.0,NaClIWater/data/S0_NaClIWater_matrix_BC_s_loss_split0.csv,0,0.30220754234801034,0.174479605925759,0.12190914918621365,0.0703842800993387,3
NaClIWater,NaCl/NaI/water,"BC S-loss, fixed kappa_D",0.005,298.15,I,NaCl,neutral ion-pair NaCl: mu_Na + mu_Cl,0.02,0.09,0.09,11.603287250606737,kJ/mol,4.680713345187691,0.12025959796233111,11.603287250606737,4.695139393447558,0.014426048259867806,0.0,0.0,NaClIWater/data/S0_NaClIWater_matrix_BC_s_loss_split0.csv,0,0.2680463026833326,0.154756605009506,0.10812866035290879,0.06242811116186551,3
NaClIWater,NaCl/NaI/water,"BC S-loss, fixed kappa_D",0.005,298.15,I,NaCl,neutral ion-pair NaCl: mu_Na + mu_Cl,0.02,0.0925,0.0925,11.992160484032812,kJ/mol,4.837583040298319,0.12428998501559364,11.992160484032812,4.852009088558186,0.014426048259867806,0.0,0.0,NaClIWater/data/S0_NaClIWater_matrix_BC_s_loss_split0.csv,0,0.24140054026139315,0.13937266690243644,0.09737988088487061,0.05622230044253374,3
NaClIWater,NaCl/NaI/water,"BC S-loss, fixed kappa_D",0.005,298.15,I,NaCl,neutral ion-pair NaCl: mu_Na + mu_Cl,0.02,0.095,0.095,12.381273490121835,kJ/mol,4.994549458611521,0.1283228571373911,12.381273490121835,5.008975506871389,0.014426048259867806,0.0,0.0,NaClIWater/data/S0_NaClIWater_matrix_BC_s_loss_split0.csv,0,0.23177291083294277,0.13381415246026265,0.09349613892666718,0.05398002097750195,3
NaClIWater,NaCl/NaI/water,"BC S-loss, fixed kappa_D",0.005,298.15,I,NaCl,neutral ion-pair NaCl: mu_Na + mu_Cl,0.0225,0.0,0.0,0.39366924310971163,kJ/mol,0.1588043836213063,0.0040800941908969435,0.39366924310971163,0.17323043188117412,0.014426048259867806,0.0,0.0,NaClIWater/data/S0_NaClIWater_matrix_BC_s_loss_split0.csv,0,0.21328600845196788,0.12314073439412446,0.08603860652081487,0.04967441263549276,3
NaClIWater,NaCl/NaI/water,"BC S-loss, fixed kappa_D",0.005,298.15,I,NaCl,neutral ion-pair NaCl: mu_Na + mu_Cl,0.0225,0.0025,0.0025,0.6082822323269553,kJ/mol,0.24537828815230434,0.006304401082843469,0.6082822323269553,0.25980433641217215,0.014426048259867806,0.0,0.0,NaClIWater/data/S0_NaClIWater_matrix_BC_s_loss_split0.csv,0,0.2310014692963223,0.13336876048143076,0.09318494291664815,0.053800351877346726,3
NaClIWater,NaCl/NaI/water,"BC S-loss, fixed kappa_D",0.005,298.15,I,NaCl,neutral ion-pair NaCl: mu_Na + mu_Cl,0.0225,0.005,0.005,0.8263154335649912,kJ/mol,0.33333189066916896,0.008564155974454478,0.8263154335649912,0.3477579389290368,0.014426048259867806,0.0,0.0,NaClIWater/data/S0_NaClIWater_matrix_BC_s_loss_split0.csv,0,0.2448156503695686,0.14134438164270374,0.09875752078237345,0.05701768120820337,3
NaClIWater,NaCl/NaI/water,"BC S-loss, fixed kappa_D",0.005,298.15,I,NaCl,neutral ion-pair NaCl: mu_Na + mu_Cl,0.0225,0.0075,0.0075,1.0485720417039013,kJ/mol,0.4229891963363668,0.010867683394053529,1.0485720417039013,0.4374152445962346,0.014426048259867806,0.0,0.0,NaClIWater/data/S0_NaClIWater_matrix_BC_s_loss_split0.csv,0,0.25623941648730825,0.14793989608594005,0.10336581611840513,0.05967828176096657,3
NaClIWater,NaCl/NaI/water,"BC S-loss, fixed kappa_D",0.005,298.15,I,NaCl,neutral ion-pair NaCl: mu_Na + mu_Cl,0.0225,0.01,0.01,1.275583937185175,kJ/mol,0.5145647633068379,0.013220495893961015,1.275583937185175,0.5289908115667057,0.014426048259867806,0.0,0.0,NaClIWater/data/S0_NaClIWater_matrix_BC_s_loss_split0.csv,0,0.2662303739253596,0.15370817805226109,0.10739612294451976,0.062005180491940634,3
NaClIWater,NaCl/NaI/water,"BC S-loss, fixed kappa_D",0.005,298.15,I,NaCl,neutral ion-pair NaCl: mu_Na + mu_Cl,0.0225,0.0125,0.0125,1.5076857976616949,kJ/mol,0.6081935990247962,0.01562606216361928,1.5076857976616949,0.622619647284664,0.014426048259867806,0.0,0.0,NaClIWater/data/S0_NaClIWater_matrix_BC_s_loss_split0.csv,0,0.27526099066366627,0.1589220070570708,0.11103903269667267,0.06410841541797963,3
NaClIWater,NaCl/NaI/water,"BC S-loss, fixed kappa_D",0.005,298.15,I,NaCl,neutral ion-pair NaCl: mu_Na + mu_Cl,0.0225,0.015,0.015,1.7450876409714264,kJ/mol,0.7039604237316406,0.018086558884533588,1.7450876409714264,0.7183864719915084,0.014426048259867806,0.0,0.0,NaClIWater/data/S0_NaClIWater_matrix_BC_s_loss_split0.csv,0,0.2834371439669999,0.16364251136768612,0.11433725578230848,0.0660126454043189,3
NaClIWater,NaCl/NaI/water,"BC S-loss, fixed kappa_D",0.005,298.15,I,NaCl,neutral ion-pair NaCl: mu_Na + mu_Cl,0.0225,0.0175,0.0175,1.987941240479782,kJ/mol,0.8019264621132369,0.02060355907678968,1.987941240479782,0.8163525103731047,0.014426048259867806,0.0,0.0,NaClIWater/data/S0_NaClIWater_matrix_BC_s_loss_split0.csv,0,0.29062760462790715,0.16779392576585833,0.11723785493551787,0.06768730710623555,3
NaClIWater,NaCl/NaI/water,"BC S-loss, fixed kappa_D",0.005,298.15,I,NaCl,neutral ion-pair NaCl: mu_Na + mu_Cl,0.0225,0.02,0.02,2.236396549282834,kJ/mol,0.9021522045670715,0.023178616894711013,2.236396549282834,0.9165782528269393,0.014426048259867806,0.0,0.0,NaClIWater/data/S0_NaClIWater_matrix_BC_s_loss_split0.csv,0,0.2965845304665312,0.17123315850233056,0.11964085174727768,0.06907467796236688,3
NaClIWater,NaCl/NaI/water,"BC S-loss, fixed kappa_D",0.005,298.15,I,NaCl,neutral ion-pair NaCl: mu_Na + mu_Cl,0.0225,0.0225,0.0225,2.4906451664446045,kJ/mol,1.0047149412848397,0.025813718122662976,2.4906451664446045,1.0191409895447074,0.014426048259867806,0.0,0.0,NaClIWater/data/S0_NaClIWater_matrix_BC_s_loss_split0.csv,0,0.30104657529475726,0.17380932128504306,0.12144082035300285,0.07011389032141518,3
NaClIWater,NaCl/NaI/water,"BC S-loss, fixed kappa_D",0.005,298.15,I,NaCl,neutral ion-pair NaCl: mu_Na + mu_Cl,0.0225,0.025,0.025,2.7509489131031812,kJ/mol,1.1097202897237872,0.02851157634552237,2.7509489131031812,1.124146337983655,0.014426048259867806,0.0,0.0,NaClIWater/data/S0_NaClIWater_matrix_BC_s_loss_split0.csv,0,0.3038219936957372,0.17541170984596266,0.12256041152293332,0.07076028658475686,3
NaClIWater,NaCl/NaI/water,"BC S-loss, fixed kappa_D",0.005,298.15,I,NaCl,neutral ion-pair NaCl: mu_Na + mu_Cl,0.0225,0.0275,0.0275,3.0176526954002507,kJ/mol,1.2173073834540271,0.03127576626354767,3.0176526954002507,1.2317334317138948,0.014426048259867806,0.0,0.0,NaClIWater/data/S0_NaClIWater_matrix_BC_s_loss_split0.csv,0,0.30485073933137496,0.1760056564156258,0.12297540283716477,0.07099988193173976,3
NaClIWater,NaCl/NaI/water,"BC S-loss, fixed kappa_D",0.005,298.15,I,NaCl,neutral ion-pair NaCl: mu_Na + mu_Cl,0.0225,0.03,0.03,3.2911819487985903,kJ/mol,1.3276478412078319,0.03411069720459637,3.2911819487985903,1.3420738894676996,0.014426048259867806,0.0,0.0,NaClIWater/data/S0_NaClIWater_matrix_BC_s_loss_split0.csv,0,0.30424435697487456,0.17565556139886843,0.12273079095028674,0.07085865519300374,3
NaClIWater,NaCl/NaI/water,"BC S-loss, fixed kappa_D",0.005,298.15,I,NaCl,neutral ion-pair NaCl: mu_Na + mu_Cl,0.0225,0.0325,0.0325,3.5720260185825885,kJ/mol,1.4409390626490701,0.0370214408751508,3.5720260185825885,1.4553651109089378,0.014426048259867806,0.0,0.0,NaClIWater/data/S0_NaClIWater_matrix_BC_s_loss_split0.csv,0,0.3023023747017571,0.17453435741072257,0.12194740412674471,0.07040636659955214,3
NaClIWater,NaCl/NaI/water,"BC S-loss, fixed kappa_D",0.005,298.15,I,NaCl,neutral ion-pair NaCl: mu_Na + mu_Cl,0.0225,0.034999999999999996,0.034999999999999996,3.8607097454478168,kJ/mol,1.5573927661291709,0.04001343686570635,3.8607097454478168,1.5718188143890386,0.014426048259867806,0.0,0.0,NaClIWater/data/S0_NaClIWater_matrix_BC_s_loss_split0.csv,0,0.2995047357353227,0.1729191398003563,0.12081884928169234,0.0697547951559659,3
NaClIWater,NaCl/NaI/water,"BC S-loss, fixed kappa_D",0.005,298.15,I,NaCl,neutral ion-pair NaCl: mu_Na + mu_Cl,0.0225,0.0375,0.0375,4.157756292660284,kJ/mol,1.6772199933321013,0.043092107381426104,4.157756292660284,1.691646041591969,0.014426048259867806,0.0,0.0,NaClIWater/data/S0_NaClIWater_matrix_BC_s_loss_split0.csv,0,0.2964815505837901,0.17117370303930887,0.11959931013057702,0.06905069389878218,3
NaClIWater,NaCl/NaI/water,"BC S-loss, fixed kappa_D",0.005,298.15,I,NaCl,neutral ion-pair NaCl: mu_Na + mu_Cl,0.0225,0.04,0.04,4.463644747980335,kJ/mol,1.8006140060831468,0.04626241781704721,4.463644747980335,1.8150400543430145,0.014426048259867806,0.0,0.0,NaClIWater/data/S0_NaClIWater_matrix_BC_s_loss_split0.csv,0,0.2939635652429581,0.16971994352496397,0.11858356628719313,0.06846425391737679,3
NaClIWater,NaCl/NaI/water,"BC S-loss, fixed kappa_D",0.005,298.15,I,NaCl,neutral ion-pair NaCl: mu_Na + mu_Cl,0.0225,0.0425,0.0425,4.778766326070418,kJ/mol,1.9277326185992447,0.04952842282682469,4.778766326070418,1.9421586668591124,0.014426048259867806,0.0,0.0,NaClIWater/data/S0_NaClIWater_matrix_BC_s_loss_split0.csv,0,0.29271832040558604,0.16900100108290023,0.1180812401788733,0.06817423580351735,3
NaClIWater,NaCl/NaI/water,"BC S-loss, fixed kappa_D",0.005,298.15,I,NaCl,neutral ion-pair NaCl: mu_Na + mu_Cl,0.0225,0.045,0.045,5.103382985599349,kJ/mol,2.0586815038169113,0.05289283742104089,5.103382985599349,2.073107552076779,0.014426048259867806,0.0,0.0,NaClIWater/data/S0_NaClIWater_matrix_BC_s_loss_split0.csv,0,0.2934773290346148,0.16943921491918726,0.11838742081047164,0.0683510092735913,3
NaClIWater,NaCl/NaI/water,"BC S-loss, fixed kappa_D",0.005,298.15,I,NaCl,neutral ion-pair NaCl: mu_Na + mu_Cl,0.0225,0.0475,0.0475,5.437592017075729,kJ/mol,2.193499908285175,0.056356669944761954,5.437592017075729,2.207925956545043,0.014426048259867806,0.0,0.0,NaClIWater/data/S0_NaClIWater_matrix_BC_s_loss_split0.csv,0,0.29685854733541167,0.1713913622153412,0.1197513889069009,0.06913849662123081,3
NaClIWater,NaCl/NaI/water,"BC S-loss, fixed kappa_D",0.005,298.15,I,NaCl,neutral ion-pair NaCl: mu_Na + mu_Cl,0.0225,0.05,0.05,5.781299662977492,kJ/mol,2.33215001064572,0.05991894866974689,5.781299662977492,2.3465760589055877,0.014426048259867806,0.0,0.0,NaClIWater/data/S0_NaClIWater_matrix_BC_s_loss_split0.csv,0,0.30328725363598724,0.17510297752851955,0.12234469981298256,0.07063574537094944,3
NaClIWater,NaCl/NaI/water,"BC S-loss, fixed kappa_D",0.005,298.15,I,NaCl,neutral ion-pair NaCl: mu_Na + mu_Cl,0.0225,0.052500000000000005,0.052500000000000005,6.134206119651756,kJ/mol,2.4745108714674453,0.06357656635009334,6.134206119651756,2.4889369197273132,0.014426048259867806,0.0,0.0,NaClIWater/data/S0_NaClIWater_matrix_BC_s_loss_split0.csv,0,0.31291928488566434,0.1806640333633635,0.12623021744586485,0.07287905002223508,3
NaClIWater,NaCl/NaI/water,"BC S-loss, fixed kappa_D",0.005,298.15,I,NaCl,neutral ion-pair NaCl: mu_Na + mu_Cl,0.0225,0.055,0.055,6.495803413255915,kJ/mol,2.620377576410757,0.06732425820791832,6.495803413255915,2.634803624670625,0.014426048259867806,0.0,0.0,NaClIWater/data/S0_NaClIWater_matrix_BC_s_loss_split0.csv,0,0.32557434548134506,0.1879704360048908,0.13133521137861984,0.07582641964352257,3
NaClIWater,NaCl/NaI/water,"BC S-loss, fixed kappa_D",0.005,298.15,I,NaCl,neutral ion-pair NaCl: mu_Na + mu_Cl,0.0225,0.0575,0.0575,6.865386666264514,kJ/mol,2.7694657810852354,0.07115471870247347,6.865386666264514,2.7838918293451034,0.014426048259867806,0.0,0.0,NaClIWater/data/S0_NaClIWater_matrix_BC_s_loss_split0.csv,0,0.3406914923865946,0.19669832484001573,0.13743339973958293,0.07934721033529366,3
NaClIWater,NaCl/NaI/water,"BC S-loss, fixed kappa_D",0.005,298.15,I,NaCl,neutral ion-pair NaCl: mu_Na + mu_Cl,0.0225,0.06,0.06,7.242078290263238,kJ/mol,2.9214214703127905,0.07505885227078578,7.242078290263238,2.9358475185726585,0.014426048259867806,0.0,0.0,NaClIWater/data/S0_NaClIWater_matrix_BC_s_loss_split0.csv,0,0.3573199451632922,0.20629876652684906,0.14414124202088494,0.08321998488208492,3
NaClIWater,NaCl/NaI/water,"BC S-loss, fixed kappa_D",0.005,298.15,I,NaCl,neutral ion-pair NaCl: mu_Na + mu_Cl,0.0225,0.0625,0.0625,7.624863658653856,kJ/mol,3.0758353483347163,0.07902614304919098,7.624863658653856,3.090261396594584,0.014426048259867806,0.0,0.0,NaClIWater/data/S0_NaClIWater_matrix_BC_s_loss_split0.csv,0,0.37415444151024235,0.21601816752443254,0.15093220134205176,0.08714074707421639,3
NaClIWater,NaCl/NaI/water,"BC S-loss, fixed kappa_D",0.005,298.15,I,NaCl,neutral ion-pair NaCl: mu_Na + mu_Cl,0.0225,0.065,0.065,8.012635932863995,kJ/mol,3.2322609215009988,0.08304511946425917,8.012635932863995,3.2466869697608667,0.014426048259867806,0.0,0.0,NaClIWater/data/S0_NaClIWater_matrix_BC_s_loss_split0.csv,0,0.3896177796870101,0.2249459299833596,0.15717004168866247,0.09074216587749398,3
NaClIWater,NaCl/NaI/water,"BC S-loss, fixed kappa_D",0.005,298.15,I,NaCl,neutral ion-pair NaCl: mu_Na + mu_Cl,0.0225,0.0675,0.0675,8.40424700573467,kJ/mol,3.390235048601333,0.08710388222380061,8.40424700573467,3.4046610968612008,0.014426048259867806,0.0,0.0,NaClIWater/data/S0_NaClIWater_matrix_BC_s_loss_split0.csv,0,0.4019873278264949,0.23208749193144518,0.16215986119411363,0.09362303951217386,3
NaClIWater,NaCl/NaI/water,"BC S-loss, fixed kappa_D",0.005,298.15,I,NaCl,neutral ion-pair NaCl: mu_Na + mu_Cl,0.0225,0.07,0.07,8.798560975767217,kJ/mol,3.5492995121333184,0.09119065853838038,8.798560975767217,3.5637255603931863,0.014426048259867806,0.0,0.0,NaClIWater/data/S0_NaClIWater_matrix_BC_s_loss_split0.csv,0,0.40955850514319,0.23645871319332148,0.16521403971608215,0.09538637030398556,3
NaClIWater,NaCl/NaI/water,"BC S-loss, fixed kappa_D",0.005,298.15,I,NaCl,neutral ion-pair NaCl: mu_Na + mu_Cl,0.0225,0.07250000000000001,0.07250000000000001,9.194506291595728,kJ/mol,3.709022053145664,0.0952943425606918,9.194506291595728,3.723448101405532,0.014426048259867806,0.0,0.0,NaClIWater/data/S0_NaClIWater_matrix_BC_s_loss_split0.csv,0,0.41083570792402385,0.23719610656264564,0.16572925751356002,0.09568383143805069,3
NaClIWater,NaCl/NaI/water,"BC S-loss, fixed kappa_D",0.005,298.15,I,NaCl,neutral ion-pair NaCl: mu_Na + mu_Cl,0.0225,0.07500000000000001,0.07500000000000001,9.59112263796574,kJ/mol,3.86901528482892,0.09940498132448282,9.59112263796574,3.883441333088788,0.014426048259867806,0.0,0.0,NaClIWater/data/S0_NaClIWater_matrix_BC_s_loss_split0.csv,0,0.40473840301559927,0.2336758259324355,0.16326963242300205,0.09426376622991149,3
NaClIWater,NaCl/NaI/water,"BC S-loss, fixed kappa_D",0.005,298.15,I,NaCl,neutral ion-pair NaCl: mu_Na + mu_Cl,0.0225,0.07750000000000001,0.07750000000000001,9.98759887112574,kJ/mol,4.02895199548001,0.10351416791718293,9.98759887112574,4.043378043739877,0.014426048259867806,0.0,0.0,NaClIWater/data/S0_NaClIWater_matrix_BC_s_loss_split0.csv,0,0.3908060511163361,0.2256319788129513,0.15764938498309466,0.09101891485756866,3
NaClIWater,NaCl/NaI/water,"BC S-loss, fixed kappa_D",0.005,298.15,I,NaCl,neutral ion-pair NaCl: mu_Na + mu_Cl,0.0225,0.08,0.08,10.383298752145228,kJ/mol,4.188575529205786,0.10761530818695066,10.383298752145228,4.2030015774656535,0.014426048259867806,0.0,0.0,NaClIWater/data/S0_NaClIWater_matrix_BC_s_loss_split0.csv,0,0.3693797700980126,0.21326150969928967,0.14900612059308627,0.0860287238353202,3
NaClIWater,NaCl/NaI/water,"BC S-loss, fixed kappa_D",0.005,298.15,I,NaCl,neutral ion-pair NaCl: mu_Na + mu_Cl,0.0225,0.0825,0.0825,10.777771916046191,kJ/mol,4.347704210820826,0.11170373442971027,10.777771916046191,4.362130259080693,0.014426048259867806,0.0,0.0,NaClIWater/data/S0_NaClIWater_matrix_BC_s_loss_split0.csv,0,0.3417330275278768,0.1972996554342055,0.13785355028226873,0.07958978436421346,3
NaClIWater,NaCl/NaI/water,"BC S-loss, fixed kappa_D",0.005,298.15,I,NaCl,neutral ion-pair NaCl: mu_Na + mu_Cl,0.0225,0.085,0.085,11.17074837171746,kJ/mol,4.506229127137871,0.11577664838478086,11.17074837171746,4.520655175397739,0.014426048259867806,0.0,0.0,NaClIWater/data/S0_NaClIWater_matrix_BC_s_loss_split0.csv,0,0.3101293361273492,0.179053255696725,0.1251047647958191,0.07222926963177098,3
NaClIWater,NaCl/NaI/water,"BC S-loss, fixed kappa_D",0.005,298.15,I,NaCl,neutral ion-pair NaCl: mu_Na + mu_Cl,0.0225,0.0875,0.0875,11.562115804545265,kJ/mol,4.664104970952145,0.11983288599321895,11.562115804545265,4.678531019212013,0.014426048259867806,0.0,0.0,NaClIWater/data/S0_NaClIWater_matrix_BC_s_loss_split0.csv,0,0.2778456319921271,0.16041425042381627,0.11208166526254454,0.06471037961055162,3
NaClIWater,NaCl/NaI/water,"BC S-loss, fixed kappa_D",0.005,298.15,I,NaCl,neutral ion-pair NaCl: mu_Na + mu_Cl,0.0225,0.09,0.09,11.95188002495888,kJ/mol,4.821334086164414,0.12387250747588041,11.95188002495888,4.835760134424281,0.014426048259867806,0.0,0.0,NaClIWater/data/S0_NaClIWater_matrix_BC_s_loss_split0.csv,0,0.24943331387275974,0.14401039090929826,0.10062026525436253,0.05809313723053776,3
NaClIWater,NaCl/NaI/water,"BC S-loss, fixed kappa_D",0.005,298.15,I,NaCl,neutral ion-pair NaCl: mu_Na + mu_Cl,0.0225,0.0925,0.0925,12.340109952921958,kJ/mol,4.977944274774802,0.1278962271378532,12.340109952921958,4.992370323034669,0.014426048259867806,0.0,0.0,NaClIWater/data/S0_NaClIWater_matrix_BC_s_loss_split0.csv,0,0.2319853510954726,0.13393680490302096,0.09358183636312613,0.054029498415510385,3
NaClIWater,NaCl/NaI/water,"BC S-loss, fixed kappa_D",0.005,298.15,I,NaCl,neutral ion-pair NaCl: mu_Na + mu_Cl,0.025,0.0,0.0,0.5332297824872213,kJ/mol,0.21510247096648888,0.00552653725435448,0.5332297824872213,0.2295285192263567,0.014426048259867806,0.0,0.0,NaClIWater/data/S0_NaClIWater_matrix_BC_s_loss_split0.csv,0,0.20523983083312866,0.1184952715799401,0.08279281503562327,0.047800454047784,3
NaClIWater,NaCl/NaI/water,"BC S-loss, fixed kappa_D",0.005,298.15,I,NaCl,neutral ion-pair NaCl: mu_Na + mu_Cl,0.025,0.0025,0.0025,0.754040942720016,kJ/mol,0.30417668951726856,0.007815083662080724,0.754040942720016,0.3186027377771364,0.014426048259867806,0.0,0.0,NaClIWater/data/S0_NaClIWater_matrix_BC_s_loss_split0.csv,0,0.22100277012111702,0.1275960088210799,0.08915151310894835,0.05147165009211378,3
NaClIWater,NaCl/NaI/water,"BC S-loss, fixed kappa_D",0.005,298.15,I,NaCl,neutral ion-pair NaCl: mu_Na + mu_Cl,0.025,0.005,0.005,0.9783663469318902,kJ/mol,0.394668538118555,0.010140052642043429,0.9783663469318902,0.40909458637842283,0.014426048259867806,0.0,0.0,NaClIWater/data/S0_NaClIWater_matrix_BC_s_loss_split0.csv,0,0.23578581022247316,0.1361310010030389,0.09511492430358584,0.054914627150626165,3
NaClIWater,NaCl/NaI/water,"BC S-loss, fixed kappa_D",0.005,298.15,I,NaCl,neutral ion-pair NaCl: mu_Na + mu_Cl,0.025,0.0075,0.0075,1.207074846030429,kJ/mol,0.4869285072779327,0.012510449199339744,1.207074846030429,0.5013545555378005,0.014426048259867806,0.0,0.0,NaClIWater/data/S0_NaClIWater_matrix_BC_s_loss_split0.csv,0,0.250040753579644,0.14436109638758435,0.10086530367158046,0.05823461022668033,3
NaClIWater,NaCl/NaI/water,"BC S-loss, fixed kappa_D",0.005,298.15,I,NaCl,neutral ion-pair NaCl: mu_Na + mu_Cl,0.025,0.01,0.01,1.4407600971428869,kJ/mol,0.5811960755826321,0.014932426156519796,1.4407600971428869,0.5956221238424999,0.014426048259867806,0.0,0.0,NaClIWater/data/S0_NaClIWater_matrix_BC_s_loss_split0.csv,0,0.2638134590850642,0.15231277161860815,0.10642115048173242,0.06144227987809789,3
NaClIWater,NaCl/NaI/water,"BC S-loss, fixed kappa_D",0.005,298.15,I,NaCl,neutral ion-pair NaCl: mu_Na + mu_Cl,0.025,0.0125,0.0125,1.6798086885934242,kJ/mol,0.67762719100575,0.017409990219221072,1.6798086885934242,0.6920532392656178,0.014426048259867806,0.0,0.0,NaClIWater/data/S0_NaClIWater_matrix_BC_s_loss_split0.csv,0,0.2768594407902299,0.1598448726679285,0.11168384021349367,0.06448069521139173,3
NaClIWater,NaCl/NaI/water,"BC S-loss, fixed kappa_D",0.005,298.15,I,NaCl,neutral ion-pair NaCl: mu_Na + mu_Cl,0.025,0.015,0.015,1.9244676366847684,kJ/mol,0.7763214988012288,0.019945701531014493,1.9244676366847684,0.7907475470610966,0.014426048259867806,0.0,0.0,NaClIWater/data/S0_NaClIWater_matrix_BC_s_loss_split0.csv,0,0.28876724756282973,0.16671984811354706,0.11648739534994948,0.0672540290624917,3
NaClIWater,NaCl/NaI/water,"BC S-loss, fixed kappa_D",0.005,298.15,I,NaCl,neutral ion-pair NaCl: mu_Na + mu_Cl,0.025,0.0175,0.0175,2.174906975239076,kJ/mol,0.8773475898401997,0.022541322368283545,2.174906975239076,0.8917736381000675,0.014426048259867806,0.0,0.0,NaClIWater/data/S0_NaClIWater_matrix_BC_s_loss_split0.csv,0,0.2990680565037668,0.17266702292846797,0.12064269486419286,0.06965309235560363,3
NaClIWater,NaCl/NaI/water,"BC S-loss, fixed kappa_D",0.005,298.15,I,NaCl,neutral ion-pair NaCl: mu_Na + mu_Cl,0.025,0.02,0.02,2.4312737749000597,kJ/mol,0.9807647917519664,0.025198377010838158,2.4312737749000597,0.9951908400118342,0.014426048259867806,0.0,0.0,NaClIWater/data/S0_NaClIWater_matrix_BC_s_loss_split0.csv,0,0.3073266888763379,0.17743514655191006,0.12397418963152887,0.07157653175632891,3
NaClIWater,NaCl/NaI/water,"BC S-loss, fixed kappa_D",0.005,298.15,I,NaCl,neutral ion-pair NaCl: mu_Na + mu_Cl,0.025,0.0225,0.0225,2.693734754097623,kJ/mol,1.086640357993492,0.02791859337344249,2.693734754097623,1.1010664062533597,0.014426048259867806,0.0,0.0,NaClIWater/data/S0_NaClIWater_matrix_BC_s_loss_split0.csv,0,0.31321482341420737,0.18083466261237374,0.12634943634518966,0.07294788108585275,3
NaClIWater,NaCl/NaI/water,"BC S-loss, fixed kappa_D",0.005,298.15,I,NaCl,neutral ion-pair NaCl: mu_Na + mu_Cl,0.025,0.025,0.025,2.9625055616196514,kJ/mol,1.1950612803057832,0.030704206498285206,2.9625055616196514,1.2094873285656509,0.014426048259867806,0.0,0.0,NaClIWater/data/S0_NaClIWater_matrix_BC_s_loss_split0.csv,0,0.3165668960504754,0.18276998265126626,0.12770164721300195,0.0737285803943853,3
NaClIWater,NaCl/NaI/water,"BC S-loss, fixed kappa_D",0.005,298.15,I,NaCl,neutral ion-pair NaCl: mu_Na + mu_Cl,0.025,0.0275,0.0275,3.237865854874436,kJ/mol,1.3061403712164275,0.03355811483015714,3.237865854874436,1.3205664194762952,0.014426048259867806,0.0,0.0,NaClIWater/data/S0_NaClIWater_matrix_BC_s_loss_split0.csv,0,0.31741742803230927,0.18326103751993242,0.1280447479491895,0.07392666969678234,3
NaClIWater,NaCl/NaI/water,"BC S-loss, fixed kappa_D",0.005,298.15,I,NaCl,neutral ion-pair NaCl: mu_Na + mu_Cl,0.025,0.03,0.03,3.520160293209604,kJ/mol,1.4200166647399366,0.0364838905114766,3.520160293209604,1.4344427129998043,0.014426048259867806,0.0,0.0,NaClIWater/data/S0_NaClIWater_matrix_BC_s_loss_split0.csv,0,0.3160176005775086,0.18245284676208423,0.12748006391550723,0.0736006492179288,3
NaClIWater,NaCl/NaI/water,"BC S-loss, fixed kappa_D",0.005,298.15,I,NaCl,neutral ion-pair NaCl: mu_Na + mu_Cl,0.025,0.0325,0.0325,3.809786564961514,kJ/mol,1.5368505865438835,0.0394856552914007,3.809786564961514,1.5512766348037512,0.014426048259867806,0.0,0.0,NaClIWater/data/S0_NaClIWater_matrix_BC_s_loss_split0.csv,0,0.3128294461486372,0.18061216494435725,0.12619397690762452,0.07285812653772644,3
NaClIWater,NaCl/NaI/water,"BC S-loss, fixed kappa_D",0.005,298.15,I,NaCl,neutral ion-pair NaCl: mu_Na + mu_Cl,0.025,0.034999999999999996,0.034999999999999996,4.107172396963718,kJ/mol,1.6568146796890977,0.042567842246171494,4.107172396963718,1.6712407279489654,0.014426048259867806,0.0,0.0,NaClIWater/data/S0_NaClIWater_matrix_BC_s_loss_split0.csv,0,0.30849776295982934,0.17811126648925485,0.12444659559480585,0.07184927546639366,3
NaClIWater,NaCl/NaI/water,"BC S-loss, fixed kappa_D",0.005,298.15,I,NaCl,neutral ion-pair NaCl: mu_Na + mu_Cl,0.025,0.0375,0.0375,4.412744208915505,kJ/mol,1.7800809599443868,0.0457348709045391,4.412744208915505,1.7945070082042545,0.014426048259867806,0.0,0.0,NaClIWater/data/S0_NaClIWater_matrix_BC_s_loss_split0.csv,0,0.3038021798552662,0.17540027031983305,0.12255241870973213,0.07075567193190357,3
NaClIWater,NaCl/NaI/water,"BC S-loss, fixed kappa_D",0.005,298.15,I,NaCl,neutral ion-pair NaCl: mu_Na + mu_Cl,0.025,0.04,0.04,4.726890561118681,kJ/mol,1.9068061707696684,0.048990768410249075,4.726890561118681,1.9212322190295361,0.014426048259867806,0.0,0.0,NaClIWater/data/S0_NaClIWater_matrix_BC_s_loss_split0.csv,0,0.29959392080203984,0.17297063082263314,0.12085482613230024,0.06977556640034896,3
NaClIWater,NaCl/NaI/water,"BC S-loss, fixed kappa_D",0.005,298.15,I,NaCl,neutral ion-pair NaCl: mu_Na + mu_Cl,0.025,0.0425,0.0425,5.049923784906685,kJ/mol,2.037116305205446,0.05233877184946322,5.049923784906685,2.051542353465314,0.014426048259867806,0.0,0.0,NaClIWater/data/S0_NaClIWater_matrix_BC_s_loss_split0.csv,0,0.2967228970678141,0.17131304449682808,0.11969666820542132,0.06910690360950132,3
NaClIWater,NaCl/NaI/water,"BC S-loss, fixed kappa_D",0.005,298.15,I,NaCl,neutral ion-pair NaCl: mu_Na + mu_Cl,0.025,0.045,0.045,5.382043239025207,kJ/mol,2.1710917836637362,0.05578094742998019,5.382043239025207,2.185517831923604,0.014426048259867806,0.0,0.0,NaClIWater/data/S0_NaClIWater_matrix_BC_s_loss_split0.csv,0,0.29596015051818914,0.17087267257107866,0.11938897971364167,0.06892925957594578,3
NaClIWater,NaCl/NaI/water,"BC S-loss, fixed kappa_D",0.005,298.15,I,NaCl,neutral ion-pair NaCl: mu_Na + mu_Cl,0.025,0.0475,0.0475,5.723303373127555,kJ/mol,2.3087545708872343,0.05931785948268953,5.723303373127555,2.3231806191471023,0.014426048259867806,0.0,0.0,NaClIWater/data/S0_NaClIWater_matrix_BC_s_loss_split0.csv,0,0.29791888987536624,0.1720035512662172,0.12017912626874003,0.06938545090223108,3
NaClIWater,NaCl/NaI/water,"BC S-loss, fixed kappa_D",0.005,298.15,I,NaCl,neutral ion-pair NaCl: mu_Na + mu_Cl,0.025,0.05,0.05,6.073589371924808,kJ/mol,2.4500583509101728,0.06294831803097622,6.073589371924808,2.4644843991700407,0.014426048259867806,0.0,0.0,NaClIWater/data/S0_NaClIWater_matrix_BC_s_loss_split0.csv,0,0.30297633740673,0.17492346995986247,0.12221927761907429,0.07056333283353415,3
NaClIWater,NaCl/NaI/water,"BC S-loss, fixed kappa_D",0.005,298.15,I,NaCl,neutral ion-pair NaCl: mu_Na + mu_Cl,0.025,0.052500000000000005,0.052500000000000005,6.432602509029633,kJ/mol,2.5948826188654786,0.06666922699400857,6.432602509029633,2.6093086671253465,0.014426048259867806,0.0,0.0,NaClIWater/data/S0_NaClIWater_matrix_BC_s_loss_split0.csv,0,0.3112008148870169,0.1796718742470501,0.1255369944580815,0.07247881754362992,3
NaClIWater,NaCl/NaI/water,"BC S-loss, fixed kappa_D",0.005,298.15,I,NaCl,neutral ion-pair NaCl: mu_Na + mu_Cl,0.025,0.055,0.055,6.7998565754681675,kJ/mol,2.7430312402626957,0.07047554717087223,6.7998565754681675,2.7574572885225637,0.014426048259867806,0.0,0.0,NaClIWater/data/S0_NaClIWater_matrix_BC_s_loss_split0.csv,0,0.32229381228899734,0.18607641928320334,0.1300118591973705,0.07506238190544558,3
NaClIWater,NaCl/NaI/water,"BC S-loss, fixed kappa_D",0.005,298.15,I,NaCl,neutral ion-pair NaCl: mu_Na + mu_Cl,0.025,0.0575,0.0575,7.174685889929117,kJ/mol,2.8942356822860695,0.07436037926095196,7.174685889929117,2.9086617305459375,0.014426048259867806,0.0,0.0,NaClIWater/data/S0_NaClIWater_matrix_BC_s_loss_split0.csv,0,0.33556124273923277,0.1937363738251014,0.13536388034650804,0.07815237275660872,3
NaClIWater,NaCl/NaI/water,"BC S-loss, fixed kappa_D",0.005,298.15,I,NaCl,neutral ion-pair NaCl: mu_Na + mu_Cl,0.025,0.06,0.06,7.556264506249783,kJ/mol,3.0481627620071206,0.07831516293549612,7.556264506249783,3.0625888102669885,0.014426048259867806,0.0,0.0,NaClIWater/data/S0_NaClIWater_matrix_BC_s_loss_split0.csv,0,0.349927110722989,0.2020305115726657,0.14115900620476468,0.08149819023086095,3
NaClIWater,NaCl/NaI/water,"BC S-loss, fixed kappa_D",0.005,298.15,I,NaCl,neutral ion-pair NaCl: mu_Na + mu_Cl,0.025,0.0625,0.0625,7.943635368746149,kJ/mol,3.204426407512302,0.08232997901131967,7.943635368746149,3.21885245577217,0.014426048259867806,0.0,0.0,NaClIWater/data/S0_NaClIWater_matrix_BC_s_loss_split0.csv,0,0.3639963573139508,0.21015339487925272,0.14683447634117877,0.0847749244418973,3
NaClIWater,NaCl/NaI/water,"BC S-loss, fixed kappa_D",0.005,298.15,I,NaCl,neutral ion-pair NaCl: mu_Na + mu_Cl,0.025,0.065,0.065,8.335747387785014,kJ/mol,3.36260261402031,0.08639393371203141,8.335747387785014,3.377028662280178,0.014426048259867806,0.0,0.0,NaClIWater/data/S0_NaClIWater_matrix_BC_s_loss_split0.csv,0,0.3761657031122333,0.21717936995175274,0.1517435351320182,0.08760917085625614,3
NaClIWater,NaCl/NaI/water,"BC S-loss, fixed kappa_D",0.005,298.15,I,NaCl,neutral ion-pair NaCl: mu_Na + mu_Cl,0.025,0.0675,0.0675,8.731497777804217,kJ/mol,3.5222465228470305,0.09049559747069225,8.731497777804217,3.5366725711068985,0.014426048259867806,0.0,0.0,NaClIWater/data/S0_NaClIWater_matrix_BC_s_loss_split0.csv,0,0.38477562112628366,0.22215030843486533,0.1552167369306921,0.08961442484967042,3
NaClIWater,NaCl/NaI/water,"BC S-loss, fixed kappa_D",0.005,298.15,I,NaCl,neutral ion-pair NaCl: mu_Na + mu_Cl,0.025,0.07,0.07,9.129776518640359,kJ/mol,3.682910356903091,0.09462346573900504,9.129776518640359,3.697336405162959,0.014426048259867806,0.0,0.0,NaClIWater/data/S0_NaClIWater_matrix_BC_s_loss_split0.csv,0,0.38829339640534594,0.22418129693918054,0.1566357914915635,0.09043371638238429,3
NaClIWater,NaCl/NaI/water,"BC S-loss, fixed kappa_D",0.005,298.15,I,NaCl,neutral ion-pair NaCl: mu_Na + mu_Cl,0.025,0.07250000000000001,0.07250000000000001,9.529509570474712,kJ/mol,3.8441608534066423,0.09876640687866711,9.529509570474712,3.85858690166651,0.014426048259867806,0.0,0.0,NaClIWater/data/S0_NaClIWater_matrix_BC_s_loss_split0.csv,0,0.3855145573378366,0.2225769334555194,0.15551482044030077,0.08978652344418397,3
NaClIWater,NaCl/NaI/water,"BC S-loss, fixed kappa_D",0.005,298.15,I,NaCl,neutral ion-pair NaCl: mu_Na + mu_Cl,0.025,0.07500000000000001,0.07500000000000001,9.929697438407501,kJ/mol,4.005594820657368,0.1029140618550173,9.929697438407501,4.020020868917236,0.014426048259867806,0.0,0.0,NaClIWater/data/S0_NaClIWater_matrix_BC_s_loss_split0.csv,0,0.37576565641878995,0.21694840288560482,0.15158215811391484,0.08751599979141315,3
NaClIWater,NaCl/NaI/water,"BC S-loss, fixed kappa_D",0.005,298.15,I,NaCl,neutral ion-pair NaCl: mu_Na + mu_Cl,0.025,0.07750000000000001,0.07750000000000001,10.329445887804166,kJ/mol,4.166851528467581,0.10705716257916721,10.329445887804166,4.181277576727449,0.014426048259867806,0.0,0.0,NaClIWater/data/S0_NaClIWater_matrix_BC_s_loss_split0.csv,0,0.35908390410937857,0.2073171886992115,0.14485281504333866,0.08363081175814666,3
NaClIWater,NaCl/NaI/water,"BC S-loss, fixed kappa_D",0.005,298.15,I,NaCl,neutral ion-pair NaCl: mu_Na + mu_Cl,0.025,0.08,0.08,10.727986047403936,kJ/mol,4.327620817664858,0.11118774026203938,10.727986047403936,4.3420468659247256,0.014426048259867806,0.0,0.0,NaClIWater/data/S0_NaClIWater_matrix_BC_s_loss_split0.csv,0,0.3363385338656147,0.19418514306615672,0.13567743605445315,0.07833340422899676,3
NaClIWater,NaCl/NaI/water,"BC S-loss, fixed kappa_D",0.005,298.15,I,NaCl,neutral ion-pair NaCl: mu_Na + mu_Cl,0.025,0.0825,0.0825,11.124681748270207,kJ/mol,4.487646060591275,0.11529920147722807,11.124681748270207,4.502072108851142,0.014426048259867806,0.0,0.0,NaClIWater/data/S0_NaClIWater_matrix_BC_s_loss_split0.csv,0,0.3092521167334327,0.17854679284350897,0.12475089847887981,0.07202496481842893,3
NaClIWater,NaCl/NaI/water,"BC S-loss, fixed kappa_D",0.005,298.15,I,NaCl,neutral ion-pair NaCl: mu_Na + mu_Cl,0.025,0.085,0.085,11.519022733449344,kJ/mol,4.646721421910622,0.11938625778407187,11.519022733449344,4.66114747017049,0.014426048259867806,0.0,0.0,NaClIWater/data/S0_NaClIWater_matrix_BC_s_loss_split0.csv,0,0.2803122822515458,0.16183837161508835,0.11307670076738166,0.06528486362712257,3
NaClIWater,NaCl/NaI/water,"BC S-loss, fixed kappa_D",0.005,298.15,I,NaCl,neutral ion-pair NaCl: mu_Na + mu_Cl,0.025,0.0875,0.0875,11.91060324130543,kJ/mol,4.8046832192229765,0.12344470375956007,11.91060324130543,4.819109267482844,0.014426048259867806,0.0,0.0,NaClIWater/data/S0_NaClIWater_matrix_BC_s_loss_split0.csv,0,0.2527482616792951,0.145924276917751,0.10195750013457688,0.05886519014859927,3
NaClIWater,NaCl/NaI/water,"BC S-loss, fixed kappa_D",0.005,298.15,I,NaCl,neutral ion-pair NaCl: mu_Na + mu_Cl,0.025,0.09,0.09,12.29908643086823,kJ/mol,4.961395572411733,0.12747104829304592,12.29908643086823,4.9758216206716,0.014426048259867806,0.0,0.0,NaClIWater/data/S0_NaClIWater_matrix_BC_s_loss_split0.csv,0,0.23129453269710817,0.13353796071476412,0.09330316336068431,0.05386860648253472,3
NaClIWater,NaCl/NaI/water,"BC S-loss, fixed kappa_D",0.005,298.15,I,NaCl,neutral ion-pair NaCl: mu_Na + mu_Cl,0.0275,0.0,0.0,0.6841257476711374,kJ/mol,0.27597321756757826,0.007090463727536188,0.6841257476711374,0.2903992658274461,0.014426048259867806,0.0,0.0,NaClIWater/data/S0_NaClIWater_matrix_BC_s_loss_split0.csv,0,0.20514993264431963,0.11844336883643154,0.08275655051480443,0.047779516716927206,3
NaClIWater,NaCl/NaI/water,"BC S-loss, fixed kappa_D",0.005,298.15,I,NaCl,neutral ion-pair NaCl: mu_Na + mu_Cl,0.0275,0.0025,0.0025,0.9097373415676714,kJ/mol,0.36698390924250446,0.009428763124219584,0.9097373415676714,0.3814099575023723,0.014426048259867806,0.0,0.0,NaClIWater/data/S0_NaClIWater_matrix_BC_s_loss_split0.csv,0,0.21861273447973537,0.1262161211001554,0.08818738359284901,0.05091500965646017,3
NaClIWater,NaCl/NaI/water,"BC S-loss, fixed kappa_D",0.005,298.15,I,NaCl,neutral ion-pair NaCl: mu_Na + mu_Cl,0.0275,0.005,0.005,1.1393665768899703,kJ/mol,0.4596152992102161,0.01180870244002108,1.1393665768899703,0.4740413474700839,0.014426048259867806,0.0,0.0,NaClIWater/data/S0_NaClIWater_matrix_BC_s_loss_split0.csv,0,0.23359677154213726,0.13486715893168047,0.09423187604813181,0.05440479900263235,3
NaClIWater,NaCl/NaI/water,"BC S-loss, fixed kappa_D",0.005,298.15,I,NaCl,neutral ion-pair NaCl: mu_Na + mu_Cl,0.0275,0.0075,0.0075,1.3739000123400948,kJ/mol,0.554225021222115,0.014239470208394778,1.3739000123400948,0.5686510694819829,0.014426048259867806,0.0,0.0,NaClIWater/data/S0_NaClIWater_matrix_BC_s_loss_split0.csv,0,0.24961838025986452,0.14411723903771115,0.10069492019387764,0.05813623927996314,3
NaClIWater,NaCl/NaI/water,"BC S-loss, fixed kappa_D",0.005,298.15,I,NaCl,neutral ion-pair NaCl: mu_Na + mu_Cl,0.0275,0.01,0.01,1.6139404105876844,kJ/mol,0.6510562269998492,0.016727313624187445,1.6139404105876844,0.665482275259717,0.014426048259867806,0.0,0.0,NaClIWater/data/S0_NaClIWater_matrix_BC_s_loss_split0.csv,0,0.26594674857611755,0.1535444268805272,0.10728170976758476,0.06193912401343837,3
NaClIWater,NaCl/NaI/water,"BC S-loss, fixed kappa_D",0.005,298.15,I,NaCl,neutral ion-pair NaCl: mu_Na + mu_Cl,0.0275,0.0125,0.0125,1.8598707782400843,kJ/mol,0.7502634196682295,0.019276202271157672,1.8598707782400843,0.7646894679280973,0.014426048259867806,0.0,0.0,NaClIWater/data/S0_NaClIWater_matrix_BC_s_loss_split0.csv,0,0.28174625094135436,0.1626662738241588,0.11365515722010922,0.0656188356158193,3
NaClIWater,NaCl/NaI/water,"BC S-loss, fixed kappa_D",0.005,298.15,I,NaCl,neutral ion-pair NaCl: mu_Na + mu_Cl,0.0275,0.015,0.015,2.111918764403723,kJ/mol,0.8519384318422267,0.021888495566031452,2.111918764403723,0.8663644801020945,0.014426048259867806,0.0,0.0,NaClIWater/data/S0_NaClIWater_matrix_BC_s_loss_split0.csv,0,0.29618868296797185,0.17100461584247928,0.11948116866530716,0.06898248489200617,3
NaClIWater,NaCl/NaI/water,"BC S-loss, fixed kappa_D",0.005,298.15,I,NaCl,neutral ion-pair NaCl: mu_Na + mu_Cl,0.0275,0.0175,0.0175,2.3702173486909666,kJ/mol,0.9561349068931368,0.024565571745370107,2.3702173486909666,0.9705609551530047,0.014426048259867806,0.0,0.0,NaClIWater/data/S0_NaClIWater_matrix_BC_s_loss_split0.csv,0,0.30853701639504405,0.17813392947064266,0.12446243025218219,0.07185841761009241,3
NaClIWater,NaCl/NaI/water,"BC S-loss, fixed kappa_D",0.005,298.15,I,NaCl,neutral ion-pair NaCl: mu_Na + mu_Cl,0.0275,0.02,0.02,2.634858288515946,kJ/mol,1.0628898593448244,0.027308381807756636,2.634858288515946,1.077315907604692,0.014426048259867806,0.0,0.0,NaClIWater/data/S0_NaClIWater_matrix_BC_s_loss_split0.csv,0,0.31820922412539976,0.1837181812074215,0.12836415489478614,0.0741110793828036,3
NaClIWater,NaCl/NaI/water,"BC S-loss, fixed kappa_D",0.005,298.15,I,NaCl,neutral ion-pair NaCl: mu_Na + mu_Cl,0.0275,0.0225,0.0225,2.9059355264277134,kJ/mol,1.1722411851946501,0.030117899399101592,2.9059355264277134,1.1866672334545179,0.014426048259867806,0.0,0.0,NaClIWater/data/S0_NaClIWater_matrix_BC_s_loss_split0.csv,0,0.3248271355757532,0.1875390341647562,0.13103379029843604,0.07565239410173902,3
NaClIWater,NaCl/NaI/water,"BC S-loss, fixed kappa_D",0.005,298.15,I,NaCl,neutral ion-pair NaCl: mu_Na + mu_Cl,0.0275,0.025,0.025,3.1835766086204877,kJ/mol,1.2842403359977226,0.032995446442555476,3.1835766086204877,1.2986663842575903,0.014426048259867806,0.0,0.0,NaClIWater/data/S0_NaClIWater_matrix_BC_s_loss_split0.csv,0,0.32825041333049376,0.1895154644979665,0.13241472498744497,0.07644967711617162,3
NaClIWater,NaCl/NaI/water,"BC S-loss, fixed kappa_D",0.005,298.15,I,NaCl,neutral ion-pair NaCl: mu_Na + mu_Cl,0.0275,0.0275,0.0275,3.4679610980036606,kJ/mol,1.3989597466156576,0.035942883976531455,3.4679610980036606,1.4133857948755253,0.014426048259867806,0.0,0.0,NaClIWater/data/S0_NaClIWater_matrix_BC_s_loss_split0.csv,0,0.3285930480115732,0.1897132847233214,0.13255294226067238,0.07652947689607613,3
NaClIWater,NaCl/NaI/water,"BC S-loss, fixed kappa_D",0.005,298.15,I,NaCl,neutral ion-pair NaCl: mu_Na + mu_Cl,0.0275,0.03,0.03,3.7593259035559696,kJ/mol,1.5164949850538336,0.038962667389569106,3.7593259035559696,1.5309210333137013,0.014426048259867806,0.0,0.0,NaClIWater/data/S0_NaClIWater_matrix_BC_s_loss_split0.csv,0,0.3262195694456765,0.18834295623438516,0.13159549179357924,0.07597669261116416,3
NaClIWater,NaCl/NaI/water,"BC S-loss, fixed kappa_D",0.005,298.15,I,NaCl,neutral ion-pair NaCl: mu_Na + mu_Cl,0.0275,0.0325,0.0325,4.057958351131783,kJ/mol,1.6369619572561362,0.042057774604302274,4.057958351131783,1.651388005516004,0.014426048259867806,0.0,0.0,NaClIWater/data/S0_NaClIWater_matrix_BC_s_loss_split0.csv,0,0.3217196952188231,0.18574495263819188,0.1297802629803653,0.07492866976721434,3
NaClIWater,NaCl/NaI/water,"BC S-loss, fixed kappa_D",0.005,298.15,I,NaCl,neutral ion-pair NaCl: mu_Na + mu_Cl,0.0275,0.034999999999999996,0.034999999999999996,4.364178624528441,kJ/mol,1.7604898239113214,0.04523152409194609,4.364178624528441,1.774915872171189,0.014426048259867806,0.0,0.0,NaClIWater/data/S0_NaClIWater_matrix_BC_s_loss_split0.csv,0,0.3158625553812594,0.1823633313762932,0.12741751938795098,0.07356453911810787,3
NaClIWater,NaCl/NaI/water,"BC S-loss, fixed kappa_D",0.005,298.15,I,NaCl,neutral ion-pair NaCl: mu_Na + mu_Cl,0.0275,0.0375,0.0375,4.678313855049939,kJ/mol,1.8872105483007569,0.04848730632954812,4.678313855049939,1.9016365965606246,0.014426048259867806,0.0,0.0,NaClIWater/data/S0_NaClIWater_matrix_BC_s_loss_split0.csv,0,0.3095342018460223,0.17870965475919695,0.12486469033134869,0.07209066257508343,3
NaClIWater,NaCl/NaI/water,"BC S-loss, fixed kappa_D",0.005,298.15,I,NaCl,neutral ion-pair NaCl: mu_Na + mu_Cl,0.0275,0.04,0.04,5.00066661924751,kJ/mol,2.017246188430136,0.051828257302076956,5.00066661924751,2.031672236690004,0.014426048259867806,0.0,0.0,NaClIWater/data/S0_NaClIWater_matrix_BC_s_loss_split0.csv,0,0.3036640031096997,0.17532049393858448,0.12249667883852174,0.07072349050225567,3
NaClIWater,NaCl/NaI/water,"BC S-loss, fixed kappa_D",0.005,298.15,I,NaCl,neutral ion-pair NaCl: mu_Na + mu_Cl,0.0275,0.0425,0.0425,5.331480869169456,kJ/mol,2.150695153447092,0.05525690539434436,5.331480869169456,2.16512120170696,0.014426048259867806,0.0,0.0,NaClIWater/data/S0_NaClIWater_matrix_BC_s_loss_split0.csv,0,0.29914593067127393,0.17271198360004114,0.12067410894946222,0.06967122928619024,3
NaClIWater,NaCl/NaI/water,"BC S-loss, fixed kappa_D",0.005,298.15,I,NaCl,neutral ion-pair NaCl: mu_Na + mu_Cl,0.0275,0.045,0.045,5.670908366729435,kJ/mol,2.2876186634179048,0.05877482350774698,5.670908366729435,2.3020447116777727,0.014426048259867806,0.0,0.0,NaClIWater/data/S0_NaClIWater_matrix_BC_s_loss_split0.csv,0,0.2967592254159987,0.17133401867843168,0.11971132289598313,0.06911536449904207,3
NaClIWater,NaCl/NaI/water,"BC S-loss, fixed kappa_D",0.005,298.15,I,NaCl,neutral ion-pair NaCl: mu_Na + mu_Cl,0.0275,0.0475,0.0475,6.018978527576509,kJ/mol,2.428028584481725,0.062382316514003826,6.018978527576509,2.442454632741593,0.014426048259867806,0.0,0.0,NaClIWater/data/S0_NaClIWater_matrix_BC_s_loss_split0.csv,0,0.29709049567166335,0.1715252776497142,0.11984495581164446,0.06919251749887174,3
NaClIWater,NaCl/NaI/water,"BC S-loss, fixed kappa_D",0.005,298.15,I,NaCl,neutral ion-pair NaCl: mu_Na + mu_Cl,0.0275,0.05,0.05,6.3755742085457765,kJ/mol,2.5718776616181946,0.06607817030976548,6.3755742085457765,2.5863037098780626,0.014426048259867806,0.0,0.0,NaClIWater/data/S0_NaClIWater_matrix_BC_s_loss_split0.csv,0,0.3004586044524388,0.17346985616095487,0.12120363558727391,0.06997695163307391,3
NaClIWater,NaCl/NaI/water,"BC S-loss, fixed kappa_D",0.005,298.15,I,NaCl,neutral ion-pair NaCl: mu_Na + mu_Cl,0.0275,0.052500000000000005,0.052500000000000005,6.740415442274738,kJ/mol,2.719052957265607,0.06985948323779212,6.740415442274738,2.7334790055254747,0.014426048259867806,0.0,0.0,NaClIWater/data/S0_NaClIWater_matrix_BC_s_loss_split0.csv,0,0.30684731360698925,0.17715837911110877,0.12378081182641797,0.07146488502849282,3
NaClIWater,NaCl/NaI/water,"BC S-loss, fixed kappa_D",0.005,298.15,I,NaCl,neutral ion-pair NaCl: mu_Na + mu_Cl,0.0275,0.055,0.055,7.113052445886017,kJ/mol,2.869373031055287,0.07372159362705588,7.113052445886017,2.883799079315155,0.014426048259867806,0.0,0.0,NaClIWater/data/S0_NaClIWater_matrix_BC_s_loss_split0.csv,0,0.3158573907196201,0.1823603495575055,0.12741543598691668,0.07356333626595989,3
NaClIWater,NaCl/NaI/water,"BC S-loss, fixed kappa_D",0.005,298.15,I,NaCl,neutral ion-pair NaCl: mu_Na + mu_Cl,0.0275,0.0575,0.0575,7.492868476543442,kJ/mol,3.0225890917299436,0.07765810938849425,7.492868476543442,3.0370151399898115,0.014426048259867806,0.0,0.0,NaClIWater/data/S0_NaClIWater_matrix_BC_s_loss_split0.csv,0,0.32669414515038214,0.1886169526452478,0.13178693347612502,0.07608722151811609,3
NaClIWater,NaCl/NaI/water,"BC S-loss, fixed kappa_D",0.005,298.15,I,NaCl,neutral ion-pair NaCl: mu_Na + mu_Cl,0.0275,0.06,0.06,7.879092337819631,kJ/mol,3.178390042155509,0.08166103763437603,7.879092337819631,3.192816090415377,0.014426048259867806,0.0,0.0,NaClIWater/data/S0_NaClIWater_matrix_BC_s_loss_split0.csv,0,0.33820342809854737,0.19526184025355056,0.13642972591291477,0.07876773898128821,3
NaClIWater,NaCl/NaI/water,"BC S-loss, fixed kappa_D",0.005,298.15,I,NaCl,neutral ion-pair NaCl: mu_Na + mu_Cl,0.0275,0.0625,0.0625,8.270819556236383,kJ/mol,3.3364110218413017,0.08572100415767636,8.270819556236383,3.3508370701011696,0.014426048259867806,0.0,0.0,NaClIWater/data/S0_NaClIWater_matrix_BC_s_loss_split0.csv,0,0.34896028518718664,0.20147231458931078,0.14076899317740793,0.08127301610452907,3
NaClIWater,NaCl/NaI/water,"BC S-loss, fixed kappa_D",0.005,298.15,I,NaCl,neutral ion-pair NaCl: mu_Na + mu_Cl,0.0275,0.065,0.065,8.667040577126516,kJ/mol,3.496244781022551,0.08982754566159201,8.667040577126516,3.510670829282419,0.014426048259867806,0.0,0.0,NaClIWater/data/S0_NaClIWater_matrix_BC_s_loss_split0.csv,0,0.35740540794639086,0.2063481084876768,0.14417571731919712,0.08323988920484585,3
NaClIWater,NaCl/NaI/water,"BC S-loss, fixed kappa_D",0.005,298.15,I,NaCl,neutral ion-pair NaCl: mu_Na + mu_Cl,0.0275,0.0675,0.0675,9.066673758900976,kJ/mol,3.6574549903978055,0.09396945172102276,9.066673758900976,3.6718810386576735,0.014426048259867806,0.0,0.0,NaClIWater/data/S0_NaClIWater_matrix_BC_s_loss_split0.csv,0,0.3620188431921037,0.209011676568678,0.14603675613133527,0.08431436046400616,3
NaClIWater,NaCl/NaI/water,"BC S-loss, fixed kappa_D",0.005,298.15,I,NaCl,neutral ion-pair NaCl: mu_Na + mu_Cl,0.0275,0.07,0.07,9.468600526026265,kJ/mol,3.819590421680273,0.09813512911750877,9.468600526026265,3.834016469940141,0.014426048259867806,0.0,0.0,NaClIWater/data/S0_NaClIWater_matrix_BC_s_loss_split0.csv,0,0.3615172658527765,0.208722090756798,0.1458344221120939,0.08419754286353094,3
NaClIWater,NaCl/NaI/water,"BC S-loss, fixed kappa_D",0.005,298.15,I,NaCl,neutral ion-pair NaCl: mu_Na + mu_Cl,0.0275,0.07250000000000001,0.07250000000000001,9.87169983309774,kJ/mol,3.9821988502483676,0.10231295903417958,9.87169983309774,3.9966248985082355,0.014426048259867806,0.0,0.0,NaClIWater/data/S0_NaClIWater_matrix_BC_s_loss_split0.csv,0,0.355057196473901,0.2049923679619206,0.14322845948275698,0.08269298963798515,3
NaClIWater,NaCl/NaI/water,"BC S-loss, fixed kappa_D",0.005,298.15,I,NaCl,neutral ion-pair NaCl: mu_Na + mu_Cl,0.0275,0.07500000000000001,0.07500000000000001,10.274879054781255,kJ/mol,4.144839516007783,0.10649161720743905,10.274879054781255,4.159265564267651,0.014426048259867806,0.0,0.0,NaClIWater/data/S0_NaClIWater_matrix_BC_s_loss_split0.csv,0,0.3424187564252584,0.19769556119769982,0.1381301702031441,0.07974949094999408,3
NaClIWater,NaCl/NaI/water,"BC S-loss, fixed kappa_D",0.005,298.15,I,NaCl,neutral ion-pair NaCl: mu_Na + mu_Cl,0.0275,0.07750000000000001,0.07750000000000001,10.677098613598268,kJ/mol,4.307093058128086,0.11066032917597114,10.677098613598268,4.321519106387954,0.014426048259867806,0.0,0.0,NaClIWater/data/S0_NaClIWater_matrix_BC_s_loss_split0.csv,0,0.3241311323739714,0.1871371965288506,0.1307530257698581,0.07549029462558565,3
NaClIWater,NaCl/NaI/water,"BC S-loss, fixed kappa_D",0.005,298.15,I,NaCl,neutral ion-pair NaCl: mu_Na + mu_Cl,0.0275,0.08,0.08,11.07738801909346,kJ/mol,4.4685679851700435,0.1148090365149983,11.07738801909346,4.482994033429911,0.014426048259867806,0.0,0.0,NaClIWater/data/S0_NaClIWater_matrix_BC_s_loss_split0.csv,0,0.30148532858136745,0.17406263561317528,0.12161781143488536,0.07021607617018422,3
NaClIWater,NaCl/NaI/water,"BC S-loss, fixed kappa_D",0.005,298.15,I,NaCl,neutral ion-pair NaCl: mu_Na + mu_Cl,0.0275,0.0825,0.0825,11.474851541279017,kJ/mol,4.628902963727259,0.11892845563738776,11.474851541279017,4.643329011987126,0.014426048259867806,0.0,0.0,NaClIWater/data/S0_NaClIWater_matrix_BC_s_loss_split0.csv,0,0.27638799691980154,0.1595726844224289,0.11149366189866236,0.06437089571012984,3
NaClIWater,NaCl/NaI/water,"BC S-loss, fixed kappa_D",0.005,298.15,I,NaCl,neutral ion-pair NaCl: mu_Na + mu_Cl,0.0275,0.085,0.085,11.868662418021911,kJ/mol,4.7877644817125296,0.12301001775745136,11.868662418021911,4.802190529972397,0.014426048259867806,0.0,0.0,NaClIWater/data/S0_NaClIWater_matrix_BC_s_loss_split0.csv,0,0.2511362229577826,0.14499356592794166,0.10130721104030752,0.05848974556497177,3
NaClIWater,NaCl/NaI/water,"BC S-loss, fixed kappa_D",0.005,298.15,I,NaCl,neutral ion-pair NaCl: mu_Na + mu_Cl,0.0275,0.0875,0.0875,12.258045272785441,kJ/mol,4.944839755754688,0.12704568666367777,12.258045272785441,4.959265804014556,0.014426048259867806,0.0,0.0,NaClIWater/data/S0_NaClIWater_matrix_BC_s_loss_split0.csv,0,0.22865769647039494,0.13201558260946228,0.09223947561005937,0.053254486073377696,3
NaClIWater,NaCl/NaI/water,"BC S-loss, fixed kappa_D",0.005,298.15,I,NaCl,neutral ion-pair NaCl: mu_Na + mu_Cl,0.03,0.0,0.0,0.8451631209465923,kJ/mol,0.34093496210466867,0.008759498488871031,0.8451631209465923,0.3553610103645365,0.014426048259867806,0.0,0.0,NaClIWater/data/S0_NaClIWater_matrix_BC_s_loss_split0.csv,0,0.2117996065326567,0.12228255984588617,0.08543899874159103,0.04932822892274968,3
NaClIWater,NaCl/NaI/water,"BC S-loss, fixed kappa_D",0.005,298.15,I,NaCl,neutral ion-pair NaCl: mu_Na + mu_Cl,0.03,0.0025,0.0025,1.074694338617837,kJ/mol,0.433526812197391,0.011138421923305941,1.074694338617837,0.4479528604572588,0.014426048259867806,0.0,0.0,NaClIWater/data/S0_NaClIWater_matrix_BC_s_loss_split0.csv,0,0.22242956847067452,0.12841977123227624,0.08972707707900487,0.05180395210516177,3
NaClIWater,NaCl/NaI/water,"BC S-loss, fixed kappa_D",0.005,298.15,I,NaCl,neutral ion-pair NaCl: mu_Na + mu_Cl,0.03,0.005,0.005,1.3090395865185225,kJ/mol,0.5280606202070738,0.013567239265171336,1.3090395865185225,0.5424866684669416,0.014426048259867806,0.0,0.0,NaClIWater/data/S0_NaClIWater_matrix_BC_s_loss_split0.csv,0,0.23676122006598946,0.13669415413876324,0.09550840020166249,0.055141800566300345,3
NaClIWater,NaCl/NaI/water,"BC S-loss, fixed kappa_D",0.005,298.15,I,NaCl,neutral ion-pair NaCl: mu_Na + mu_Cl,0.03,0.0075,0.0075,1.5490622707356967,kJ/mol,0.6248846802254406,0.016054899087976082,1.5490622707356967,0.6393107284853085,0.014426048259867806,0.0,0.0,NaClIWater/data/S0_NaClIWater_matrix_BC_s_loss_split0.csv,0,0.2534759955695695,0.14634443427519936,0.10225106467869098,0.059034679717168075,3
NaClIWater,NaCl/NaI/water,"BC S-loss, fixed kappa_D",0.005,298.15,I,NaCl,neutral ion-pair NaCl: mu_Na + mu_Cl,0.03,0.01,0.01,1.7953308749365564,kJ/mol,0.7242283159803371,0.01860729330974209,1.7953308749365564,0.7386543642402049,0.014426048259867806,0.0,0.0,NaClIWater/data/S0_NaClIWater_matrix_BC_s_loss_split0.csv,0,0.2711752576235207,0.1565631079865058,0.10939086655609184,0.06315684625304606,3
NaClIWater,NaCl/NaI/water,"BC S-loss, fixed kappa_D",0.005,298.15,I,NaCl,neutral ion-pair NaCl: mu_Na + mu_Cl,0.03,0.0125,0.0125,2.0481805211766,kJ/mol,0.8262267141859725,0.021227895225820248,2.0481805211766,0.8406527624458403,0.014426048259867806,0.0,0.0,NaClIWater/data/S0_NaClIWater_matrix_BC_s_loss_split0.csv,0,0.28853391866222444,0.16658513560997287,0.11639327153181991,0.06719968665075744,3
NaClIWater,NaCl/NaI/water,"BC S-loss, fixed kappa_D",0.005,298.15,I,NaCl,neutral ion-pair NaCl: mu_Na + mu_Cl,0.03,0.015,0.015,2.307775872581222,kJ/mol,0.9309462991988113,0.02391841144924456,2.307775872581222,0.9453723474586792,0.014426048259867806,0.0,0.0,NaClIWater/data/S0_NaClIWater_matrix_BC_s_loss_split0.csv,0,0.30439037936311775,0.17573986746402834,0.12278969571809811,0.07089266387655618,3
NaClIWater,NaCl/NaI/water,"BC S-loss, fixed kappa_D",0.005,298.15,I,NaCl,neutral ion-pair NaCl: mu_Na + mu_Cl,0.03,0.0175,0.0175,2.5741714505362405,kJ/mol,1.038409064698118,0.026679407054359672,2.5741714505362405,1.0528351129579856,0.014426048259867806,0.0,0.0,NaClIWater/data/S0_NaClIWater_matrix_BC_s_loss_split0.csv,0,0.3178005951628671,0.18348225916590463,0.12819931582833466,0.07401590950341487,3
NaClIWater,NaCl/NaI/water,"BC S-loss, fixed kappa_D",0.005,298.15,I,NaCl,neutral ion-pair NaCl: mu_Na + mu_Cl,0.03,0.02,0.02,2.847365896237387,kJ/mol,1.1486144625484247,0.02951086795815172,2.847365896237387,1.1630405108082924,0.014426048259867806,0.0,0.0,NaClIWater/data/S0_NaClIWater_matrix_BC_s_loss_split0.csv,0,0.3280754973684542,0.1894144767201974,0.13234416468327237,0.07640893910556347,3
NaClIWater,NaCl/NaI/water,"BC S-loss, fixed kappa_D",0.005,298.15,I,NaCl,neutral ion-pair NaCl: mu_Na + mu_Cl,0.03,0.0225,0.0225,3.1273473727674985,kJ/mol,1.2615577177911423,0.03241267147961935,3.1273473727674985,1.27598376605101,0.014426048259867806,0.0,0.0,NaClIWater/data/S0_NaClIWater_matrix_BC_s_loss_split0.csv,0,0.33480772628062944,0.19330133089488796,0.1350599152315,0.07797687841563455,3
NaClIWater,NaCl/NaI/water,"BC S-loss, fixed kappa_D",0.005,298.15,I,NaCl,neutral ion-pair NaCl: mu_Na + mu_Cl,0.03,0.025,0.025,3.4141280586986773,kJ/mol,1.3772437432069105,0.035384943840767846,3.4141280586986773,1.3916697914667782,0.014426048259867806,0.0,0.0,NaClIWater/data/S0_NaClIWater_matrix_BC_s_loss_split0.csv,0,0.3378859063461323,0.1950785189843202,0.13630163908098367,0.07869378801439314,3
NaClIWater,NaCl/NaI/water,"BC S-loss, fixed kappa_D",0.005,298.15,I,NaCl,neutral ion-pair NaCl: mu_Na + mu_Cl,0.03,0.0275,0.0275,3.7077665463230596,kJ/mol,1.4956961746601012,0.03842829230791268,3.7077665463230596,1.510122222919969,0.014426048259867806,0.0,0.0,NaClIWater/data/S0_NaClIWater_matrix_BC_s_loss_split0.csv,0,0.3374924209567217,0.1948513400888218,0.13614290886310912,0.07860214508037475,3
NaClIWater,NaCl/NaI/water,"BC S-loss, fixed kappa_D",0.005,298.15,I,NaCl,neutral ion-pair NaCl: mu_Na + mu_Cl,0.03,0.03,0.03,4.0083778238905285,kJ/mol,1.6169613978881476,0.04154390865028291,4.0083778238905285,1.6313874461480153,0.014426048259867806,0.0,0.0,NaClIWater/data/S0_NaClIWater_matrix_BC_s_loss_split0.csv,0,0.3340815626824458,0.19288208014600094,0.1347669841360787,0.07780775456883907,3
NaClIWater,NaCl/NaI/water,"BC S-loss, fixed kappa_D",0.005,298.15,I,NaCl,neutral ion-pair NaCl: mu_Na + mu_Cl,0.03,0.0325,0.0325,4.316131372171567,kJ/mol,1.7411077806636495,0.04473354941228536,4.316131372171567,1.7555338289235172,0.014426048259867806,0.0,0.0,NaClIWater/data/S0_NaClIWater_matrix_BC_s_loss_split0.csv,0,0.3283373675608761,0.18956566754628493,0.13244980192881342,0.07646992879771304,3
NaClIWater,NaCl/NaI/water,"BC S-loss, fixed kappa_D",0.005,298.15,I,NaCl,neutral ion-pair NaCl: mu_Na + mu_Cl,0.03,0.034999999999999996,0.034999999999999996,4.631238652199278,kJ/mol,1.8682206254063647,0.04799940623308885,4.631238652199278,1.8826466736662324,0.014426048259867806,0.0,0.0,NaClIWater/data/S0_NaClIWater_matrix_BC_s_loss_split0.csv,0,0.3211133440890172,0.185394875650175,0.12953566369019404,0.07478745030119037,3
NaClIWater,NaCl/NaI/water,"BC S-loss, fixed kappa_D",0.005,298.15,I,NaCl,neutral ion-pair NaCl: mu_Na + mu_Cl,0.03,0.0375,0.0375,4.9539319123411225,kJ/mol,1.9983936200522632,0.051343886197400934,4.9539319123411225,2.012819668312131,0.014426048259867806,0.0,0.0,NaClIWater/data/S0_NaClIWater_matrix_BC_s_loss_split0.csv,0,0.31335894312256846,0.18091787016479155,0.12640757358058344,0.07298144663435728,3
NaClIWater,NaCl/NaI/water,"BC S-loss, fixed kappa_D",0.005,298.15,I,NaCl,neutral ion-pair NaCl: mu_Na + mu_Cl,0.03,0.04,0.04,5.2844367045847624,kJ/mol,2.1317177512481362,0.054769326986843225,5.2844367045847624,2.146143799508004,0.014426048259867806,0.0,0.0,NaClIWater/data/S0_NaClIWater_matrix_BC_s_loss_split0.csv,0,0.3060391895789035,0.17669180848595487,0.1234548182660475,0.07127667255865885,3
NaClIWater,NaCl/NaI/water,"BC S-loss, fixed kappa_D",0.005,298.15,I,NaCl,neutral ion-pair NaCl: mu_Na + mu_Cl,0.03,0.0425,0.0425,5.622940796812371,kJ/mol,2.2682687637043313,0.05827767467837929,5.622940796812371,2.282694811964199,0.014426048259867806,0.0,0.0,NaClIWater/data/S0_NaClIWater_matrix_BC_s_loss_split0.csv,0,0.3000536155450384,0.1732360357062484,0.12104026490252064,0.0698826295242539,3
NaClIWater,NaCl/NaI/water,"BC S-loss, fixed kappa_D",0.005,298.15,I,NaCl,neutral ion-pair NaCl: mu_Na + mu_Cl,0.03,0.045,0.045,5.969562256665635,kJ/mol,2.4080942853709413,0.06187015295688525,5.969562256665635,2.422520333630809,0.014426048259867806,0.0,0.0,NaClIWater/data/S0_NaClIWater_matrix_BC_s_loss_split0.csv,0,0.2961582468574241,0.17098704354586144,0.11946889087663061,0.06897539630740872,3
NaClIWater,NaCl/NaI/water,"BC S-loss, fixed kappa_D",0.005,298.15,I,NaCl,neutral ion-pair NaCl: mu_Na + mu_Cl,0.03,0.0475,0.0475,6.324319379252723,kJ/mol,2.551201696411458,0.06554695143779554,6.324319379252723,2.565627744671326,0.014426048259867806,0.0,0.0,NaClIWater/data/S0_NaClIWater_matrix_BC_s_loss_split0.csv,0,0.29489144791515653,0.17025565683553415,0.1189578699403496,0.06868035823228534,3
NaClIWater,NaCl/NaI/water,"BC S-loss, fixed kappa_D",0.005,298.15,I,NaCl,neutral ion-pair NaCl: mu_Na + mu_Cl,0.03,0.05,0.05,6.687104848768069,kJ/mol,2.6975477061176187,0.06930695787116292,6.687104848768069,2.7119737543774867,0.014426048259867806,0.0,0.0,NaClIWater/data/S0_NaClIWater_matrix_BC_s_loss_split0.csv,0,0.2965041373672631,0.17118674352482713,0.1196084215363833,0.06905595437137714,3
NaClIWater,NaCl/NaI/water,"BC S-loss, fixed kappa_D",0.005,298.15,I,NaCl,neutral ion-pair NaCl: mu_Na + mu_Cl,0.03,0.052500000000000005,0.052500000000000005,7.057666074647397,kJ/mol,2.847030420603704,0.07314755434026665,7.057666074647397,2.861456468863572,0.014426048259867806,0.0,0.0,NaClIWater/data/S0_NaClIWater_matrix_BC_s_loss_split0.csv,0,0.30089982856121616,0.1737245970189304,0.12138162338759019,0.07007971293749897,3
NaClIWater,NaCl/NaI/water,"BC S-loss, fixed kappa_D",0.005,298.15,I,NaCl,neutral ion-pair NaCl: mu_Na + mu_Cl,0.03,0.055,0.055,7.435593078442828,kJ/mol,2.999484456427007,0.07706449171791974,7.435593078442828,3.013910504686875,0.014426048259867806,0.0,0.0,NaClIWater/data/S0_NaClIWater_matrix_BC_s_loss_split0.csv,0,0.30759785213034385,0.17759170272960473,0.12408357565588017,0.07163968580693371,3
NaClIWater,NaCl/NaI/water,"BC S-loss, fixed kappa_D",0.005,298.15,I,NaCl,neutral ion-pair NaCl: mu_Na + mu_Cl,0.03,0.0575,0.0575,7.8203146680597735,kJ/mol,3.154679397292381,0.08105185001522841,7.8203146680597735,3.169105445552249,0.014426048259867806,0.0,0.0,NaClIWater/data/S0_NaClIWater_matrix_BC_s_loss_split0.csv,0,0.3157371378245126,0.18229092151614434,0.12736692651552542,0.07353532930959389,3
NaClIWater,NaCl/NaI/water,"BC S-loss, fixed kappa_D",0.005,298.15,I,NaCl,neutral ion-pair NaCl: mu_Na + mu_Cl,0.03,0.06,0.06,8.211102941455055,kJ/mol,3.3123216108235938,0.08510208505913397,8.211102941455055,3.3267476590834617,0.014426048259867806,0.0,0.0,NaClIWater/data/S0_NaClIWater_matrix_BC_s_loss_split0.csv,0,0.3241331845659762,0.187138381362457,0.13075385361478628,0.07549077258207779,3
NaClIWater,NaCl/NaI/water,"BC S-loss, fixed kappa_D",0.005,298.15,I,NaCl,neutral ion-pair NaCl: mu_Na + mu_Cl,0.03,0.0625,0.0625,8.60708550259723,kJ/mol,3.4720591764262085,0.08920615510191965,8.60708550259723,3.4864852246860765,0.014426048259867806,0.0,0.0,NaClIWater/data/S0_NaClIWater_matrix_BC_s_loss_split0.csv,0,0.33138999161957183,0.19132810086830765,0.1336812166012917,0.07718088639035244,3
NaClIWater,NaCl/NaI/water,"BC S-loss, fixed kappa_D",0.005,298.15,I,NaCl,neutral ion-pair NaCl: mu_Na + mu_Cl,0.03,0.065,0.065,9.007264162596451,kJ/mol,3.63348942923838,0.09335371464476339,9.007264162596451,3.647915477498248,0.014426048259867806,0.0,0.0,NaClIWater/data/S0_NaClIWater_matrix_BC_s_loss_split0.csv,0,0.33605850746541727,0.19402346974862253,0.13556447467720723,0.0782681859474358,3
NaClIWater,NaCl/NaI/water,"BC S-loss, fixed kappa_D",0.005,298.15,I,NaCl,neutral ion-pair NaCl: mu_Na + mu_Cl,0.03,0.0675,0.0675,9.410538391842072,kJ/mol,3.7961684206165818,0.09753335750201586,9.410538391842072,3.8105944688764497,0.014426048259867806,0.0,0.0,NaClIWater/data/S0_NaClIWater_matrix_BC_s_loss_split0.csv,0,0.33682699997554194,0.19446715910621323,0.1358744810633397,0.0784471682179199,3
NaClIWater,NaCl/NaI/water,"BC S-loss, fixed kappa_D",0.005,298.15,I,NaCl,neutral ion-pair NaCl: mu_Na + mu_Cl,0.03,0.07,0.07,9.815731408456669,kJ/mol,3.959621442099406,0.10173288718897311,9.815731408456669,3.9740474903592737,0.014426048259867806,0.0,0.0,NaClIWater/data/S0_NaClIWater_matrix_BC_s_loss_split0.csv,0,0.3327245192829388,0.19209859077399355,0.13421955899586768,0.07749169851677706,3
NaClIWater,NaCl/NaI/water,"BC S-loss, fixed kappa_D",0.005,298.15,I,NaCl,neutral ion-pair NaCl: mu_Na + mu_Cl,0.03,0.07250000000000001,0.07250000000000001,10.221616589472356,kJ/mol,4.123353679556055,0.10593959065442961,10.221616589472356,4.137779727815922,0.014426048259867806,0.0,0.0,NaClIWater/data/S0_NaClIWater_matrix_BC_s_loss_split0.csv,0,0.3233115961764698,0.18666403708461243,0.13042242859220796,0.07529942425607601,3
NaClIWater,NaCl/NaI/water,"BC S-loss, fixed kappa_D",0.005,298.15,I,NaCl,neutral ion-pair NaCl: mu_Na + mu_Cl,0.03,0.07500000000000001,0.07500000000000001,10.626941847039298,kJ/mol,4.286860046438079,0.11014049092227653,10.626941847039298,4.3012860946979465,0.014426048259867806,0.0,0.0,NaClIWater/data/S0_NaClIWater_matrix_BC_s_loss_split0.csv,0,0.3088184543365622,0.17829641774193833,0.12457596103878231,0.07192396464029731,3
NaClIWater,NaCl/NaI/water,"BC S-loss, fixed kappa_D",0.005,298.15,I,NaCl,neutral ion-pair NaCl: mu_Na + mu_Cl,0.03,0.07750000000000001,0.07750000000000001,11.030449734347844,kJ/mol,4.449633294416995,0.11432255547470051,11.030449734347844,4.464059342676863,0.014426048259867806,0.0,0.0,NaClIWater/data/S0_NaClIWater_matrix_BC_s_loss_split0.csv,0,0.290170529386994,0.1675300332524772,0.11705347286053422,0.06758085406560999,3
NaClIWater,NaCl/NaI/water,"BC S-loss, fixed kappa_D",0.005,298.15,I,NaCl,neutral ion-pair NaCl: mu_Na + mu_Cl,0.03,0.08,0.08,11.430891381425008,kJ/mol,4.61116963502125,0.11847284068653607,11.430891381425008,4.625595683281118,0.014426048259867806,0.0,0.0,NaClIWater/data/S0_NaClIWater_matrix_BC_s_loss_split0.csv,0,0.26883187539031395,0.1552101556233497,0.1084455568128317,0.06261107141830724,3
NaClIWater,NaCl/NaI/water,"BC S-loss, fixed kappa_D",0.005,298.15,I,NaCl,neutral ion-pair NaCl: mu_Na + mu_Cl,0.03,0.0825,0.0825,11.827032777199912,kJ/mol,4.770971273792877,0.1225785569342861,11.827032777199912,4.785397322052744,0.014426048259867806,0.0,0.0,NaClIWater/data/S0_NaClIWater_matrix_BC_s_loss_split0.csv,0,0.24647303053533162,0.14230127052755656,0.09942610040919722,0.05740368583572478,3
NaClIWater,NaCl/NaI/water,"BC S-loss, fixed kappa_D",0.005,298.15,I,NaCl,neutral ion-pair NaCl: mu_Na + mu_Cl,0.03,0.085,0.085,12.21765250856134,kJ/mol,4.92854549823358,0.1266270451631044,12.21765250856134,4.942971546493448,0.014426048259867806,0.0,0.0,NaClIWater/data/S0_NaClIWater_matrix_BC_s_loss_split0.csv,0,0.22482020298233485,0.12980000471111733,0.09069144817665319,0.052360732017987716,3
NaClIWater,NaCl/NaI/water,"BC S-loss, fixed kappa_D",0.005,298.15,I,NaCl,neutral ion-pair NaCl: mu_Na + mu_Cl,0.0325,0.0,0.0,1.0153296564624572,kJ/mol,0.4095793692016157,0.010523150349399657,1.0153296564624572,0.4240054174614835,0.014426048259867806,0.0,0.0,NaClIWater/data/S0_NaClIWater_matrix_BC_s_loss_split0.csv,0,0.2234197147320848,0.12899143244283856,0.09012649758108962,0.052034557639560254,3
NaClIWater,NaCl/NaI/water,"BC S-loss, fixed kappa_D",0.005,298.15,I,NaCl,neutral ion-pair NaCl: mu_Na + mu_Cl,0.0325,0.0025,0.0025,1.2483461961450721,kJ/mol,0.5035771823545083,0.012938196600998708,1.2483461961450721,0.5180032306143761,0.014426048259867806,0.0,0.0,NaClIWater/data/S0_NaClIWater_matrix_BC_s_loss_split0.csv,0,0.23061908950263307,0.13314799340461161,0.09303069264561765,0.05371129544184469,3
NaClIWater,NaCl/NaI/water,"BC S-loss, fixed kappa_D",0.005,298.15,I,NaCl,neutral ion-pair NaCl: mu_Na + mu_Cl,0.0325,0.005,0.005,1.4871602882237065,kJ/mol,0.5999137017966943,0.015413330248975399,1.4871602882237065,0.6143397500565622,0.014426048259867806,0.0,0.0,NaClIWater/data/S0_NaClIWater_matrix_BC_s_loss_split0.csv,0,0.24345242052427798,0.14055732052455788,0.09820760005804802,0.05670018432998113,3
NaClIWater,NaCl/NaI/water,"BC S-loss, fixed kappa_D",0.005,298.15,I,NaCl,neutral ion-pair NaCl: mu_Na + mu_Cl,0.0325,0.0075,0.0075,1.7325786411002857,kJ/mol,0.6989143500313848,0.017956912236741118,1.7325786411002857,0.7133403982912526,0.014426048259867806,0.0,0.0,NaClIWater/data/S0_NaClIWater_matrix_BC_s_loss_split0.csv,0,0.2598617769663034,0.15003126688358978,0.10482705987363719,0.060521931236401455,3
NaClIWater,NaCl/NaI/water,"BC S-loss, fixed kappa_D",0.005,298.15,I,NaCl,neutral ion-pair NaCl: mu_Na + mu_Cl,0.0325,0.01,0.01,1.9851012931666907,kJ/mol,0.8007808402734155,0.020574125097027718,1.9851012931666907,0.8152068885332833,0.014426048259867806,0.0,0.0,NaClIWater/data/S0_NaClIWater_matrix_BC_s_loss_split0.csv,0,0.2778677661594405,0.16042702959127295,0.11209059408504908,0.06471553466862816,3
NaClIWater,NaCl/NaI/water,"BC S-loss, fixed kappa_D",0.005,298.15,I,NaCl,neutral ion-pair NaCl: mu_Na + mu_Cl,0.0325,0.0125,0.0125,2.2449820126640008,kJ/mol,0.9056155414779755,0.023267598952315893,2.2449820126640008,0.9200415897378433,0.014426048259867806,0.0,0.0,NaClIWater/data/S0_NaClIWater_matrix_BC_s_loss_split0.csv,0,0.29573533528648316,0.1707428754365353,0.11929829027085538,0.06887690000174047,3
NaClIWater,NaCl/NaI/water,"BC S-loss, fixed kappa_D",0.005,298.15,I,NaCl,neutral ion-pair NaCl: mu_Na + mu_Cl,0.0325,0.015,0.015,2.5122909661406343,kJ/mol,1.0134467585118216,0.02603806102763429,2.5122909661406343,1.0278728067716894,0.014426048259867806,0.0,0.0,NaClIWater/data/S0_NaClIWater_matrix_BC_s_loss_split0.csv,0,0.3120375308440414,0.18015495243007346,0.12587452187264836,0.07267368908728897,3
NaClIWater,NaCl/NaI/water,"BC S-loss, fixed kappa_D",0.005,298.15,I,NaCl,neutral ion-pair NaCl: mu_Na + mu_Cl,0.0325,0.0175,0.0175,2.7869758020355553,kJ/mol,1.124253372993146,0.028884968737287412,2.7869758020355553,1.1386794212530138,0.014426048259867806,0.0,0.0,NaClIWater/data/S0_NaClIWater_matrix_BC_s_loss_split0.csv,0,0.3256767041143887,0.18802953278923243,0.1313765023860158,0.07585025901775774,3
NaClIWater,NaCl/NaI/water,"BC S-loss, fixed kappa_D",0.005,298.15,I,NaCl,neutral ion-pair NaCl: mu_Na + mu_Cl,0.0325,0.02,0.02,3.0689177037223794,kJ/mol,1.2379874548348333,0.03180709063371978,3.0689177037223794,1.252413503094701,0.014426048259867806,0.0,0.0,NaClIWater/data/S0_NaClIWater_matrix_BC_s_loss_split0.csv,0,0.3358940222458264,0.193928504162814,0.13549812208713516,0.07822987726169627,3
NaClIWater,NaCl/NaI/water,"BC S-loss, fixed kappa_D",0.005,298.15,I,NaCl,neutral ion-pair NaCl: mu_Na + mu_Cl,0.0325,0.0225,0.0225,3.3579795405887083,kJ/mol,1.3545936861710388,0.034803005458286414,3.3579795405887083,1.3690197344309065,0.014426048259867806,0.0,0.0,NaClIWater/data/S0_NaClIWater_matrix_BC_s_loss_split0.csv,0,0.34227371379788896,0.19761182079774411,0.1380716606664165,0.07971571045321423,3
NaClIWater,NaCl/NaI/water,"BC S-loss, fixed kappa_D",0.005,298.15,I,NaCl,neutral ion-pair NaCl: mu_Na + mu_Cl,0.0325,0.025,0.025,3.654043937854091,kJ/mol,1.474024718548744,0.037871496707111874,3.654043937854091,1.4884507668086118,0.014426048259867806,0.0,0.0,NaClIWater/data/S0_NaClIWater_matrix_BC_s_loss_split0.csv,0,0.3447381460702204,0.1990346614335743,0.13906580144534186,0.08028967789953918,3
NaClIWater,NaCl/NaI/water,"BC S-loss, fixed kappa_D",0.005,298.15,I,NaCl,neutral ion-pair NaCl: mu_Na + mu_Cl,0.0325,0.0275,0.0275,3.957039875896763,kJ/mol,1.5962519029752813,0.04101182831368533,3.957039875896763,1.610677951235149,0.014426048259867806,0.0,0.0,NaClIWater/data/S0_NaClIWater_matrix_BC_s_loss_split0.csv,0,0.3435282137702879,0.19833610669450705,0.13857772025414578,0.08000788409241573,3
NaClIWater,NaCl/NaI/water,"BC S-loss, fixed kappa_D",0.005,298.15,I,NaCl,neutral ion-pair NaCl: mu_Na + mu_Cl,0.0325,0.03,0.03,4.266957237580865,kJ/mol,1.7212711582440228,0.044223895421282584,4.266957237580865,1.7356972065038905,0.014426048259867806,0.0,0.0,NaClIWater/data/S0_NaClIWater_matrix_BC_s_loss_split0.csv,0,0.33916559608065044,0.19581734819702343,0.13681786010427577,0.07899182836115218,3
NaClIWater,NaCl/NaI/water,"BC S-loss, fixed kappa_D",0.005,298.15,I,NaCl,neutral ion-pair NaCl: mu_Na + mu_Cl,0.0325,0.0325,0.0325,4.583849525974675,kJ/mol,1.8491040672495644,0.0475082525501307,4.583849525974675,1.8635301155094322,0.014426048259867806,0.0,0.0,NaClIWater/data/S0_NaClIWater_matrix_BC_s_loss_split0.csv,0,0.3323966605997271,0.19190930147498514,0.13408730229303004,0.07741534007379162,3
NaClIWater,NaCl/NaI/water,"BC S-loss, fixed kappa_D",0.005,298.15,I,NaCl,neutral ion-pair NaCl: mu_Na + mu_Cl,0.0325,0.034999999999999996,0.034999999999999996,4.907825701981861,kJ/mol,1.9797945843252678,0.05086602900041726,4.907825701981861,1.9942206325851355,0.014426048259867806,0.0,0.0,NaClIWater/data/S0_NaClIWater_matrix_BC_s_loss_split0.csv,0,0.324121083275151,0.18713139467894155,0.13074897200906227,0.07548795418569895,3
NaClIWater,NaCl/NaI/water,"BC S-loss, fixed kappa_D",0.005,298.15,I,NaCl,neutral ion-pair NaCl: mu_Na + mu_Cl,0.0325,0.0375,0.0375,5.239032725715876,kJ/mol,2.1134019925130323,0.05429874790638678,5.239032725715876,2.1278280407729,0.014426048259867806,0.0,0.0,NaClIWater/data/S0_NaClIWater_matrix_BC_s_loss_split0.csv,0,0.3153108931954772,0.18204482906483013,0.12719498136926208,0.0734360567331129,3
NaClIWater,NaCl/NaI/water,"BC S-loss, fixed kappa_D",0.005,298.15,I,NaCl,neutral ion-pair NaCl: mu_Na + mu_Cl,0.0325,0.04,0.04,5.57763086444133,kJ/mol,2.2499909428990597,0.05780807032118673,5.57763086444133,2.2644169911589276,0.014426048259867806,0.0,0.0,NaClIWater/data/S0_NaClIWater_matrix_BC_s_loss_split0.csv,0,0.30692687926422046,0.17720431636472947,0.12381290825095495,0.07148341590783928,3
NaClIWater,NaCl/NaI/water,"BC S-loss, fixed kappa_D",0.005,298.15,I,NaCl,neutral ion-pair NaCl: mu_Na + mu_Cl,0.0325,0.0425,0.0425,5.92376416379225,kJ/mol,2.3896195428374933,0.061395489172610944,5.92376416379225,2.4040455910973613,0.014426048259867806,0.0,0.0,NaClIWater/data/S0_NaClIWater_matrix_BC_s_loss_split0.csv,0,0.2998383573602461,0.1731117563353133,0.12095343072902648,0.06983249579081219,3
NaClIWater,NaCl/NaI/water,"BC S-loss, fixed kappa_D",0.005,298.15,I,NaCl,neutral ion-pair NaCl: mu_Na + mu_Cl,0.0325,0.045,0.045,6.277528618811363,kJ/mol,2.532326516292316,0.0650619993791679,6.277528618811363,2.546752564552184,0.014426048259867806,0.0,0.0,NaClIWater/data/S0_NaClIWater_matrix_BC_s_loss_split0.csv,0,0.2947492012785522,0.1701735307015993,0.1189004882935902,0.06864722892308225,3
NaClIWater,NaCl/NaI/water,"BC S-loss, fixed kappa_D",0.005,298.15,I,NaCl,neutral ion-pair NaCl: mu_Na + mu_Cl,0.0325,0.0475,0.0475,6.63894055646564,kJ/mol,2.6781184494878034,0.06880777015794592,6.63894055646564,2.6925444977476714,0.014426048259867806,0.0,0.0,NaClIWater/data/S0_NaClIWater_matrix_BC_s_loss_split0.csv,0,0.29212978861326505,0.16866121209417706,0.11784382912846264,0.06803716646965417,3
NaClIWater,NaCl/NaI/water,"BC S-loss, fixed kappa_D",0.005,298.15,I,NaCl,neutral ion-pair NaCl: mu_Na + mu_Cl,0.0325,0.05,0.05,7.007907536971668,kJ/mol,2.826958052635426,0.0726318434381028,7.007907536971668,2.841384100895294,0.014426048259867806,0.0,0.0,NaClIWater/data/S0_NaClIWater_matrix_BC_s_loss_split0.csv,0,0.29215476169042426,0.16867563030699742,0.1178539031542972,0.06804298271118157,3
NaClIWater,NaCl/NaI/water,"BC S-loss, fixed kappa_D",0.005,298.15,I,NaCl,neutral ion-pair NaCl: mu_Na + mu_Cl,0.0325,0.052500000000000005,0.052500000000000005,7.384203741210993,kJ/mol,2.9787542313290443,0.07653187876940137,7.384203741210993,2.993180279588912,0.014426048259867806,0.0,0.0,NaClIWater/data/S0_NaClIWater_matrix_BC_s_loss_split0.csv,0,0.29465250551769945,0.17011770337804147,0.11886148166310083,0.06862470843446904,3
NaClIWater,NaCl/NaI/water,"BC S-loss, fixed kappa_D",0.005,298.15,I,NaCl,neutral ion-pair NaCl: mu_Na + mu_Cl,0.0325,0.055,0.055,7.767451346447111,kJ/mol,3.1333545735937864,0.08050396029511829,7.767451346447111,3.1477806218536544,0.014426048259867806,0.0,0.0,NaClIWater/data/S0_NaClIWater_matrix_BC_s_loss_split0.csv,0,0.29908087836969643,0.17267442563621396,0.12064786714663918,0.06965607857426634,3
NaClIWater,NaCl/NaI/water,"BC S-loss, fixed kappa_D",0.005,298.15,I,NaCl,neutral ion-pair NaCl: mu_Na + mu_Cl,0.0325,0.0575,0.0575,8.157108844538982,kJ/mol,3.290540637506467,0.08454247567885886,8.157108844538982,3.304966685766335,0.014426048259867806,0.0,0.0,NaClIWater/data/S0_NaClIWater_matrix_BC_s_loss_split0.csv,0,0.30454725231695584,0.17583043810615534,0.12285297755475967,0.07092919966198755,3
NaClIWater,NaCl/NaI/water,"BC S-loss, fixed kappa_D",0.005,298.15,I,NaCl,neutral ion-pair NaCl: mu_Na + mu_Cl,0.0325,0.06,0.06,8.552466676442737,kJ/mol,3.450026190173417,0.08864007085935553,8.552466676442737,3.4644522384332848,0.014426048259867806,0.0,0.0,NaClIWater/data/S0_NaClIWater_matrix_BC_s_loss_split0.csv,0,0.3098846884259224,0.17891200828044962,0.12500607502487707,0.07217229106595133,3
NaClIWater,NaCl/NaI/water,"BC S-loss, fixed kappa_D",0.005,298.15,I,NaCl,neutral ion-pair NaCl: mu_Na + mu_Cl,0.0325,0.0625,0.0625,8.952649967381792,kJ/mol,3.6114583110856704,0.09278767839850843,8.952649967381792,3.6258843593455383,0.014426048259867806,0.0,0.0,NaClIWater/data/S0_NaClIWater_matrix_BC_s_loss_split0.csv,0,0.3137836168892126,0.18116305567828128,0.12657888504809683,0.07308035335624141,3
NaClIWater,NaCl/NaI/water,"BC S-loss, fixed kappa_D",0.005,298.15,I,NaCl,neutral ion-pair NaCl: mu_Na + mu_Cl,0.0325,0.065,0.065,9.356627607758059,kJ/mol,3.774421055317289,0.09697461159839804,9.356627607758059,3.788847103577157,0.014426048259867806,0.0,0.0,NaClIWater/data/S0_NaClIWater_matrix_BC_s_loss_split0.csv,0,0.31496696324309603,0.18184626101424048,0.1270562415894783,0.07335595528390744,3
NaClIWater,NaCl/NaI/water,"BC S-loss, fixed kappa_D",0.005,298.15,I,NaCl,neutral ion-pair NaCl: mu_Na + mu_Cl,0.0325,0.0675,0.0675,9.76322646233163,kJ/mol,3.938441185443864,0.10118871176905486,9.76322646233163,3.952867233703732,0.014426048259867806,0.0,0.0,NaClIWater/data/S0_NaClIWater_matrix_BC_s_loss_split0.csv,0,0.3123891283399845,0.18035794733900262,0.12601635470466008,0.07275557631103086,3
NaClIWater,NaCl/NaI/water,"BC S-loss, fixed kappa_D",0.005,298.15,I,NaCl,neutral ion-pair NaCl: mu_Na + mu_Cl,0.0325,0.07,0.07,10.171149133359892,kJ/mol,4.102995337112112,0.10541653233042327,10.171149133359892,4.11742138537198,0.014426048259867806,0.0,0.0,NaClIWater/data/S0_NaClIWater_matrix_BC_s_loss_split0.csv,0,0.3054321038452175,0.17634130737419007,0.1232099226400094,0.0711352820030424,3
NaClIWater,NaCl/NaI/water,"BC S-loss, fixed kappa_D",0.005,298.15,I,NaCl,neutral ion-pair NaCl: mu_Na + mu_Cl,0.0325,0.07250000000000001,0.07250000000000001,10.578993493262887,kJ/mol,4.267517898428316,0.10964354125417232,10.578993493262887,4.281943946688184,0.014426048259867806,0.0,0.0,NaClIWater/data/S0_NaClIWater_matrix_BC_s_loss_split0.csv,0,0.29405938875624005,0.16977526725615202,0.1186222210569763,0.06848657125911656,3
NaClIWater,NaCl/NaI/water,"BC S-loss, fixed kappa_D",0.005,298.15,I,NaCl,neutral ion-pair NaCl: mu_Na + mu_Cl,0.0325,0.07500000000000001,0.07500000000000001,10.985272119586787,kJ/mol,4.431408849934267,0.11385432249289806,10.985272119586787,4.445834898194135,0.014426048259867806,0.0,0.0,NaClIWater/data/S0_NaClIWater_matrix_BC_s_loss_split0.csv,0,0.2788669864272906,0.16100392968189595,0.1124936750000946,0.0649482535434349,3
NaClIWater,NaCl/NaI/water,"BC S-loss, fixed kappa_D",0.005,298.15,I,NaCl,neutral ion-pair NaCl: mu_Na + mu_Cl,0.0325,0.07750000000000001,0.07750000000000001,11.388429840910735,kJ/mol,4.594040842546343,0.11803275783063327,11.388429840910735,4.60846689080621,0.014426048259867806,0.0,0.0,NaClIWater/data/S0_NaClIWater_matrix_BC_s_loss_split0.csv,0,0.26095152801232424,0.15066043494335957,0.10526666049317535,0.06077573477242773,3
NaClIWater,NaCl/NaI/water,"BC S-loss, fixed kappa_D",0.005,298.15,I,NaCl,neutral ion-pair NaCl: mu_Na + mu_Cl,0.0325,0.08,0.08,11.786857833571148,kJ/mol,4.754764884110031,0.12216217298509946,11.786857833571148,4.769190932369899,0.014426048259867806,0.0,0.0,NaClIWater/data/S0_NaClIWater_matrix_BC_s_loss_split0.csv,0,0.24155369057477138,0.13946108827709183,0.09744166102528824,0.056257969223234436,3
NaClIWater,NaCl/NaI/water,"BC S-loss, fixed kappa_D",0.005,298.15,I,NaCl,neutral ion-pair NaCl: mu_Na + mu_Cl,0.0325,0.0825,0.0825,12.178903026699262,kJ/mol,4.912914133349336,0.12622543508405215,12.178903026699262,4.927340181609203,0.014426048259867806,0.0,0.0,NaClIWater/data/S0_NaClIWater_matrix_BC_s_loss_split0.csv,0,0.22168019808601225,0.12798712203896875,0.08942478447138269,0.05162942338677706,3
NaClIWater,NaCl/NaI/water,"BC S-loss, fixed kappa_D",0.005,298.15,I,NaCl,neutral ion-pair NaCl: mu_Na + mu_Cl,0.034999999999999996,0.0,0.0,1.193765030594839,kJ/mol,0.48155938821832367,0.012372502683092534,1.193765030594839,0.4959854364781915,0.014426048259867806,0.0,0.0,NaClIWater/data/S0_NaClIWater_matrix_BC_s_loss_split0.csv,0,0.2379582838257162,0.13738527922267862,0.09599129028222139,0.05542059728430003,3
NaClIWater,NaCl/NaI/water,"BC S-loss, fixed kappa_D",0.005,298.15,I,NaCl,neutral ion-pair NaCl: mu_Na + mu_Cl,0.034999999999999996,0.0025,0.0025,1.430206877511238,kJ/mol,0.5769389547428483,0.014823049742517469,1.430206877511238,0.5913650030027161,0.014426048259867806,0.0,0.0,NaClIWater/data/S0_NaClIWater_matrix_BC_s_loss_split0.csv,0,0.24120342971575753,0.1392588650758536,0.0973003673865397,0.05617639330286819,3
NaClIWater,NaCl/NaI/water,"BC S-loss, fixed kappa_D",0.005,298.15,I,NaCl,neutral ion-pair NaCl: mu_Na + mu_Cl,0.034999999999999996,0.005,0.005,1.6735235243728013,kJ/mol,0.6750917843223873,0.017344849082405744,1.6735235243728013,0.6895178325822551,0.014426048259867806,0.0,0.0,NaClIWater/data/S0_NaClIWater_matrix_BC_s_loss_split0.csv,0,0.2517926005635471,0.14537252571531983,0.10157199078353257,0.05864261622099872,3
NaClIWater,NaCl/NaI/water,"BC S-loss, fixed kappa_D",0.005,298.15,I,NaCl,neutral ion-pair NaCl: mu_Na + mu_Cl,0.034999999999999996,0.0075,0.0075,1.9244387511948424,kJ/mol,0.7763098465258642,0.019945402154007752,1.9244387511948424,0.790735894785732,0.014426048259867806,0.0,0.0,NaClIWater/data/S0_NaClIWater_matrix_BC_s_loss_split0.csv,0,0.26703854985955355,0.15417477864542056,0.1077221374435785,0.06219340505073192,3
NaClIWater,NaCl/NaI/water,"BC S-loss, fixed kappa_D",0.005,298.15,I,NaCl,neutral ion-pair NaCl: mu_Na + mu_Cl,0.034999999999999996,0.01,0.01,2.1833588894751133,kJ/mol,0.8807570536328789,0.02262892028653596,2.1833588894751133,0.8951831018927467,0.014426048259867806,0.0,0.0,NaClIWater/data/S0_NaClIWater_matrix_BC_s_loss_split0.csv,0,0.28446034316515184,0.16423325570017375,0.1147500096888641,0.06625094898337786,3
NaClIWater,NaCl/NaI/water,"BC S-loss, fixed kappa_D",0.005,298.15,I,NaCl,neutral ion-pair NaCl: mu_Na + mu_Cl,0.034999999999999996,0.0125,0.0125,2.4504330909557024,kJ/mol,0.9884935727783627,0.025396949328865045,2.4504330909557024,1.0029196210382305,0.014426048259867806,0.0,0.0,NaClIWater/data/S0_NaClIWater_matrix_BC_s_loss_split0.csv,0,0.3019779934206487,0.17434707579075456,0.12181655019211217,0.07033081804516753,3
NaClIWater,NaCl/NaI/water,"BC S-loss, fixed kappa_D",0.005,298.15,I,NaCl,neutral ion-pair NaCl: mu_Na + mu_Cl,0.034999999999999996,0.015,0.015,2.725616684743985,kJ/mol,1.0995013839272396,0.028249026299818073,2.725616684743985,1.1139274321871073,0.014426048259867806,0.0,0.0,NaClIWater/data/S0_NaClIWater_matrix_BC_s_loss_split0.csv,0,0.3179549203737526,0.18357135886795212,0.12826156991706747,0.07405185191830291,3
NaClIWater,NaCl/NaI/water,"BC S-loss, fixed kappa_D",0.005,298.15,I,NaCl,neutral ion-pair NaCl: mu_Na + mu_Cl,0.034999999999999996,0.0175,0.0175,3.008733806885257,kJ/mol,1.2137095443594044,0.031183328497945695,3.008733806885257,1.228135592619272,0.014426048259867806,0.0,0.0,NaClIWater/data/S0_NaClIWater_matrix_BC_s_loss_split0.csv,0,0.3311851336643108,0.19120982607269205,0.13359857783312654,0.07713317487530678,3
NaClIWater,NaCl/NaI/water,"BC S-loss, fixed kappa_D",0.005,298.15,I,NaCl,neutral ion-pair NaCl: mu_Na + mu_Cl,0.034999999999999996,0.02,0.02,3.299535829428999,kJ/mol,1.331017758689519,0.03419727907612469,3.299535829428999,1.3454438069493868,0.014426048259867806,0.0,0.0,NaClIWater/data/S0_NaClIWater_matrix_BC_s_loss_split0.csv,0,0.340872484797103,0.19680282085694406,0.13750641125545346,0.07938936355363545,3
NaClIWater,NaCl/NaI/water,"BC S-loss, fixed kappa_D",0.005,298.15,I,NaCl,neutral ion-pair NaCl: mu_Na + mu_Cl,0.034999999999999996,0.0225,0.0225,3.5977526192496816,kJ/mol,1.451317056442379,0.03728807830179903,3.5977526192496816,1.4657431047022467,0.014426048259867806,0.0,0.0,NaClIWater/data/S0_NaClIWater_matrix_BC_s_loss_split0.csv,0,0.3466108478562529,0.20011586631385203,0.13982124083524247,0.08072583103465474,3
NaClIWater,NaCl/NaI/water,"BC S-loss, fixed kappa_D",0.005,298.15,I,NaCl,neutral ion-pair NaCl: mu_Na + mu_Cl,0.034999999999999996,0.025,0.025,3.903134290886782,kJ/mol,1.5745066349588255,0.04045313629467273,3.903134290886782,1.5889326832186932,0.014426048259867806,0.0,0.0,NaClIWater/data/S0_NaClIWater_matrix_BC_s_loss_split0.csv,0,0.3483597349485935,0.20112558674739717,0.14052673394038973,0.08113314766882293,3
NaClIWater,NaCl/NaI/water,"BC S-loss, fixed kappa_D",0.005,298.15,I,NaCl,neutral ion-pair NaCl: mu_Na + mu_Cl,0.034999999999999996,0.0275,0.0275,4.215481838065096,kJ/mol,1.700506216011835,0.043690390500046306,4.215481838065096,1.7149322642717026,0.014426048259867806,0.0,0.0,NaClIWater/data/S0_NaClIWater_matrix_BC_s_loss_split0.csv,0,0.346408356672175,0.19999895797421616,0.13973955681181666,0.08067867074174136,3
NaClIWater,NaCl/NaI/water,"BC S-loss, fixed kappa_D",0.005,298.15,I,NaCl,neutral ion-pair NaCl: mu_Na + mu_Cl,0.034999999999999996,0.03,0.03,4.534665807500539,kJ/mol,1.8292635787349147,0.04699849922917565,4.534665807500539,1.8436896269947824,0.014426048259867806,0.0,0.0,NaClIWater/data/S0_NaClIWater_matrix_BC_s_loss_split0.csv,0,0.3413241499783038,0.1970635898708939,0.13768861093693519,0.07949455658878518,3
NaClIWater,NaCl/NaI/water,"BC S-loss, fixed kappa_D",0.005,298.15,I,NaCl,neutral ion-pair NaCl: mu_Na + mu_Cl,0.034999999999999996,0.0325,0.0325,4.860632925878375,kJ/mol,1.9607572329150031,0.050376910343061354,4.860632925878375,1.9751832811748709,0.014426048259867806,0.0,0.0,NaClIWater/data/S0_NaClIWater_matrix_BC_s_loss_split0.csv,0,0.3338857342292305,0.1927690185358221,0.1346879878280036,0.07776214602910692,3
NaClIWater,NaCl/NaI/water,"BC S-loss, fixed kappa_D",0.005,298.15,I,NaCl,neutral ion-pair NaCl: mu_Na + mu_Cl,0.034999999999999996,0.034999999999999996,0.034999999999999996,5.193401326633027,kJ/mol,2.0949944934971385,0.05382581178150758,5.193401326633027,2.1094205417570064,0.014426048259867806,0.0,0.0,NaClIWater/data/S0_NaClIWater_matrix_BC_s_loss_split0.csv,0,0.3250038719253264,0.18764107294375787,0.13110508493866685,0.07569355608146806,3
NaClIWater,NaCl/NaI/water,"BC S-loss, fixed kappa_D",0.005,298.15,I,NaCl,neutral ion-pair NaCl: mu_Na + mu_Cl,0.034999999999999996,0.0375,0.0375,5.533045645079901,kJ/mol,2.2320054680283716,0.057345977085049064,5.533045645079901,2.2464315162882396,0.014426048259867806,0.0,0.0,NaClIWater/data/S0_NaClIWater_matrix_BC_s_loss_split0.csv,0,0.3156366253449986,0.18223289060904,0.12732638023807333,0.07351191990539228,3
NaClIWater,NaCl/NaI/water,"BC S-loss, fixed kappa_D",0.005,298.15,I,NaCl,neutral ion-pair NaCl: mu_Na + mu_Cl,0.034999999999999996,0.04,0.04,5.879673765273943,kJ/mol,2.3718336764461836,0.060938524393122855,5.879673765273943,2.3862597247060515,0.014426048259867806,0.0,0.0,NaClIWater/data/S0_NaClIWater_matrix_BC_s_loss_split0.csv,0,0.30670577270081717,0.17707666043082898,0.12372371486810767,0.07143192008424247,3
NaClIWater,NaCl/NaI/water,"BC S-loss, fixed kappa_D",0.005,298.15,I,NaCl,neutral ion-pair NaCl: mu_Na + mu_Cl,0.034999999999999996,0.0425,0.0425,6.233397373712877,kJ/mol,2.5145241725761904,0.06460461125470829,6.233397373712877,2.5289502208360584,0.014426048259867806,0.0,0.0,NaClIWater/data/S0_NaClIWater_matrix_BC_s_loss_split0.csv,0,0.29902002663206106,0.17263929286910953,0.12062331983222088,0.06964190617567906,3
NaClIWater,NaCl/NaI/water,"BC S-loss, fixed kappa_D",0.005,298.15,I,NaCl,neutral ion-pair NaCl: mu_Na + mu_Cl,0.034999999999999996,0.045,0.045,6.594298682999373,kJ/mol,2.6601101206086915,0.0683450897433886,6.594298682999373,2.6745361688685594,0.014426048259867806,0.0,0.0,NaClIWater/data/S0_NaClIWater_matrix_BC_s_loss_split0.csv,0,0.29320706512566097,0.1692831779786005,0.11827839757782727,0.06828806468087616,3
NaClIWater,NaCl/NaI/water,"BC S-loss, fixed kappa_D",0.005,298.15,I,NaCl,neutral ion-pair NaCl: mu_Na + mu_Cl,0.034999999999999996,0.0475,0.0475,6.962395738573639,kJ/mol,2.8085987999922573,0.07216014688697213,6.962395738573639,2.823024848252125,0.014426048259867806,0.0,0.0,NaClIWater/data/S0_NaClIWater_matrix_BC_s_loss_split0.csv,0,0.28965322561053913,0.1672313677778882,0.1168447948680249,0.06746037377046078,3
NaClIWater,NaCl/NaI/water,"BC S-loss, fixed kappa_D",0.005,298.15,I,NaCl,neutral ion-pair NaCl: mu_Na + mu_Cl,0.034999999999999996,0.05,0.05,7.337608613911179,kJ/mol,2.9599579687301367,0.07604895430540637,7.337608613911179,2.9743840169900047,0.014426048259867806,0.0,0.0,NaClIWater/data/S0_NaClIWater_matrix_BC_s_loss_split0.csv,0,0.2884506351160909,0.1665370518321936,0.11635967532779565,0.06718028987332028,3
NaClIWater,NaCl/NaI/water,"BC S-loss, fixed kappa_D",0.005,298.15,I,NaCl,neutral ion-pair NaCl: mu_Na + mu_Cl,0.034999999999999996,0.052500000000000005,0.052500000000000005,7.719728552040577,kJ/mol,3.1141034152087665,0.08000934838514695,7.719728552040577,3.1285294634686345,0.014426048259867806,0.0,0.0,NaClIWater/data/S0_NaClIWater_matrix_BC_s_loss_split0.csv,0,0.28935830565561876,0.16706109566252553,0.11672582549848806,0.06739168677293336,3
NaClIWater,NaCl/NaI/water,"BC S-loss, fixed kappa_D",0.005,298.15,I,NaCl,neutral ion-pair NaCl: mu_Na + mu_Cl,0.034999999999999996,0.055,0.055,8.10839175054978,kJ/mol,3.270888383188442,0.08403755857989381,8.10839175054978,3.28531443144831,0.014426048259867806,0.0,0.0,NaClIWater/data/S0_NaClIWater_matrix_BC_s_loss_split0.csv,0,0.29179223902873047,0.16846632775068118,0.11770766316007181,0.06795855101114925,3
NaClIWater,NaCl/NaI/water,"BC S-loss, fixed kappa_D",0.005,298.15,I,NaCl,neutral ion-pair NaCl: mu_Na + mu_Cl,0.034999999999999996,0.0575,0.0575,8.503059028230378,kJ/mol,3.4300953694200276,0.08812799667020953,8.503059028230378,3.4445214176798955,0.014426048259867806,0.0,0.0,NaClIWater/data/S0_NaClIWater_matrix_BC_s_loss_split0.csv,0,0.29486212846722565,0.17023872924437874,0.11894604260829812,0.06867352971894163,3
NaClIWater,NaCl/NaI/water,"BC S-loss, fixed kappa_D",0.005,298.15,I,NaCl,neutral ion-pair NaCl: mu_Na + mu_Cl,0.034999999999999996,0.06,0.06,8.903002133321962,kJ/mol,3.5914306004529477,0.09227311485847166,8.903002133321962,3.6058566487128156,0.014426048259867806,0.0,0.0,NaClIWater/data/S0_NaClIWater_matrix_BC_s_loss_split0.csv,0,0.29746473775749466,0.17174134641871097,0.11999592336830717,0.06927967865834986,3
NaClIWater,NaCl/NaI/water,"BC S-loss, fixed kappa_D",0.005,298.15,I,NaCl,neutral ion-pair NaCl: mu_Na + mu_Cl,0.034999999999999996,0.0625,0.0625,9.307296916424363,kJ/mol,3.754521278619018,0.09646333501109439,9.307296916424363,3.768947326878886,0.014426048259867806,0.0,0.0,NaClIWater/data/S0_NaClIWater_matrix_BC_s_loss_split0.csv,0,0.29843051778082164,0.17229893977515678,0.12038551464068292,0.06950460928432993,3
NaClIWater,NaCl/NaI/water,"BC S-loss, fixed kappa_D",0.005,298.15,I,NaCl,neutral ion-pair NaCl: mu_Na + mu_Cl,0.034999999999999996,0.065,0.065,9.714823121667708,kJ/mol,3.918915497791389,0.1006870464941585,9.714823121667708,3.933341546051257,0.014426048259867806,0.0,0.0,NaClIWater/data/S0_NaClIWater_matrix_BC_s_loss_split0.csv,0,0.2967072667486097,0.1713040203278279,0.11969036300568711,0.06910326330073749,3
NaClIWater,NaCl/NaI/water,"BC S-loss, fixed kappa_D",0.005,298.15,I,NaCl,neutral ion-pair NaCl: mu_Na + mu_Cl,0.034999999999999996,0.0675,0.0675,10.124270104669334,kJ/mol,4.084084549982382,0.10493066543585884,10.124270104669334,4.09851059824225,0.014426048259867806,0.0,0.0,NaClIWater/data/S0_NaClIWater_matrix_BC_s_loss_split0.csv,0,0.2915544051322715,0.16832901428653815,0.1176117220470882,0.06790315938374182,3
NaClIWater,NaCl/NaI/water,"BC S-loss, fixed kappa_D",0.005,298.15,I,NaCl,neutral ion-pair NaCl: mu_Na + mu_Cl,0.034999999999999996,0.07,0.07,10.534147443647159,kJ/mol,4.2494272058184,0.10917874470294464,10.534147443647159,4.263853254078268,0.014426048259867806,0.0,0.0,NaClIWater/data/S0_NaClIWater_matrix_BC_s_loss_split0.csv,0,0.2827092488146709,0.16322226090554715,0.11404362618581414,0.06584311827774085,3
NaClIWater,NaCl/NaI/water,"BC S-loss, fixed kappa_D",0.005,298.15,I,NaCl,neutral ion-pair NaCl: mu_Na + mu_Cl,0.034999999999999996,0.07250000000000001,0.07250000000000001,10.942799166632577,kJ/mol,4.414275453732953,0.11341412135539032,10.942799166632577,4.428701501992821,0.014426048259867806,0.0,0.0,NaClIWater/data/S0_NaClIWater_matrix_BC_s_loss_split0.csv,0,0.27046705091171513,0.15615422465080295,0.10910517918702971,0.06299190457361396,3
NaClIWater,NaCl/NaI/water,"BC S-loss, fixed kappa_D",0.005,298.15,I,NaCl,neutral ion-pair NaCl: mu_Na + mu_Cl,0.034999999999999996,0.07500000000000001,0.07500000000000001,11.348420180699698,kJ/mol,4.57790112744307,0.11761808692335764,11.348420180699698,4.592327175702938,0.014426048259867806,0.0,0.0,NaClIWater/data/S0_NaClIWater_matrix_BC_s_loss_split0.csv,0,0.25559411240142754,0.14756732959824767,0.10310550338277656,0.05952799013297792,3
NaClIWater,NaCl/NaI/water,"BC S-loss, fixed kappa_D",0.005,298.15,I,NaCl,neutral ion-pair NaCl: mu_Na + mu_Cl,0.034999999999999996,0.07750000000000001,0.07750000000000001,11.749073510100834,kJ/mol,4.739522859734815,0.1217705660678803,11.749073510100834,4.753948907994682,0.014426048259867806,0.0,0.0,NaClIWater/data/S0_NaClIWater_matrix_BC_s_loss_split0.csv,0,0.23900670812896585,0.13799058727638475,0.09641421988153696,0.05566477580231314,3
NaClIWater,NaCl/NaI/water,"BC S-loss, fixed kappa_D",0.005,298.15,I,NaCl,neutral ion-pair NaCl: mu_Na + mu_Cl,0.034999999999999996,0.08,0.08,12.142707048415463,kJ/mol,4.8983128402040474,0.125850290204653,12.142707048415463,4.912738888463915,0.014426048259867806,0.0,0.0,NaClIWater/data/S0_NaClIWater_matrix_BC_s_loss_split0.csv,0,0.2213097666860864,0.12777325337050527,0.08927535412809592,0.05154314973785535,3
NaClIWater,NaCl/NaI/water,"BC S-loss, fixed kappa_D",0.005,298.15,I,NaCl,neutral ion-pair NaCl: mu_Na + mu_Cl,0.0375,0.0,0.0,1.3797416060949317,kJ/mol,0.5565814935954073,0.014300014061291222,1.3797416060949317,0.5710075418552751,0.014426048259867806,0.0,0.0,NaClIWater/data/S0_NaClIWater_matrix_BC_s_loss_split0.csv,0,0.25331709809865566,0.1462526947775937,0.10218696616104168,0.0589976724207486,3
NaClIWater,NaCl/NaI/water,"BC S-loss, fixed kappa_D",0.005,298.15,I,NaCl,neutral ion-pair NaCl: mu_Na + mu_Cl,0.0375,0.0025,0.0025,1.6198513235708907,kJ/mol,0.6534406624348411,0.016788575920259063,1.6198513235708907,0.6678667106947089,0.014426048259867806,0.0,0.0,NaClIWater/data/S0_NaClIWater_matrix_BC_s_loss_split0.csv,0,0.2522768969982088,0.14565213439223937,0.10176735376436631,0.058755409090572766,3
NaClIWater,NaCl/NaI/water,"BC S-loss, fixed kappa_D",0.005,298.15,I,NaCl,neutral ion-pair NaCl: mu_Na + mu_Cl,0.0375,0.005,0.005,1.8679271776419422,kJ/mol,0.7535133345742374,0.01935970096701567,1.8679271776419422,0.7679393828341052,0.014426048259867806,0.0,0.0,NaClIWater/data/S0_NaClIWater_matrix_BC_s_loss_split0.csv,0,0.2600606183724837,0.150146068022974,0.10490727159324582,0.06056824149430966,3
NaClIWater,NaCl/NaI/water,"BC S-loss, fixed kappa_D",0.005,298.15,I,NaCl,neutral ion-pair NaCl: mu_Na + mu_Cl,0.0375,0.0075,0.0075,2.1245908996552054,kJ/mol,0.8570503136135355,0.022019832992896227,2.1245908996552054,0.8714763618734033,0.014426048259867806,0.0,0.0,NaClIWater/data/S0_NaClIWater_matrix_BC_s_loss_split0.csv,0,0.27348065284948647,0.15789412854080562,0.11032085251326497,0.06369377389576254,3
NaClIWater,NaCl/NaI/water,"BC S-loss, fixed kappa_D",0.005,298.15,I,NaCl,neutral ion-pair NaCl: mu_Na + mu_Cl,0.0375,0.01,0.01,2.390138212517953,kJ/mol,0.964170892829602,0.024772036949855192,2.390138212517953,0.9785969410894698,0.014426048259867806,0.0,0.0,NaClIWater/data/S0_NaClIWater_matrix_BC_s_loss_split0.csv,0,0.28963709729141623,0.167222056088501,0.11683828877738657,0.06745661747727937,3
NaClIWater,NaCl/NaI/water,"BC S-loss, fixed kappa_D",0.005,298.15,I,NaCl,neutral ion-pair NaCl: mu_Na + mu_Cl,0.0375,0.0125,0.0125,2.6645997191046624,kJ/mol,1.0748874172829248,0.0276166300143359,2.6645997191046624,1.0893134655427925,0.014426048259867806,0.0,0.0,NaClIWater/data/S0_NaClIWater_matrix_BC_s_loss_split0.csv,0,0.30616376950218627,0.1767637347381978,0.12350507324094004,0.07130568728194119,3
NaClIWater,NaCl/NaI/water,"BC S-loss, fixed kappa_D",0.005,298.15,I,NaCl,neutral ion-pair NaCl: mu_Na + mu_Cl,0.0375,0.015,0.015,2.9478055601391753,kJ/mol,1.1891313665134355,0.030551851718996662,2.9478055601391753,1.2035574147733032,0.014426048259867806,0.0,0.0,NaClIWater/data/S0_NaClIWater_matrix_BC_s_loss_split0.csv,0,0.3212614319940316,0.1854803742419988,0.12959540167808406,0.07482194004457951,3
NaClIWater,NaCl/NaI/water,"BC S-loss, fixed kappa_D",0.005,298.15,I,NaCl,neutral ion-pair NaCl: mu_Na + mu_Cl,0.0375,0.0175,0.0175,3.239450030833,kJ/mol,1.3067794205987469,0.03357453365697439,3.239450030833,1.3212054688586146,0.014426048259867806,0.0,0.0,NaClIWater/data/S0_NaClIWater_matrix_BC_s_loss_split0.csv,0,0.33365317771511127,0.19263475196979354,0.13459417558707243,0.07770798350655203,3
NaClIWater,NaCl/NaI/water,"BC S-loss, fixed kappa_D",0.005,298.15,I,NaCl,neutral ion-pair NaCl: mu_Na + mu_Cl,0.0375,0.02,0.02,3.539152621225532,kJ/mol,1.4276780835499974,0.03668073212043055,3.539152621225532,1.442104131809865,0.014426048259867806,0.0,0.0,NaClIWater/data/S0_NaClIWater_matrix_BC_s_loss_split0.csv,0,0.3425319372874255,0.19776090619893913,0.13817582684858634,0.07977585082653045,3
NaClIWater,NaCl/NaI/water,"BC S-loss, fixed kappa_D",0.005,298.15,I,NaCl,neutral ion-pair NaCl: mu_Na + mu_Cl,0.0375,0.0225,0.0225,3.846512390792187,kJ/mol,1.5516656177816635,0.039866291653652304,3.846512390792187,1.5660916660415312,0.014426048259867806,0.0,0.0,NaClIWater/data/S0_NaClIWater_matrix_BC_s_loss_split0.csv,0,0.347515044557619,0.20063790452278613,0.1401859896754074,0.08093641887571057,3
NaClIWater,NaCl/NaI/water,"BC S-loss, fixed kappa_D",0.005,298.15,I,NaCl,neutral ion-pair NaCl: mu_Na + mu_Cl,0.0375,0.025,0.025,4.161153165739235,kJ/mol,1.6785902764948946,0.04312731349000387,4.161153165739235,1.6930163247547623,0.014426048259867806,0.0,0.0,NaClIWater/data/S0_NaClIWater_matrix_BC_s_loss_split0.csv,0,0.3486000418508567,0.20126432800210692,0.14062367265267606,0.08118911526045634,3
NaClIWater,NaCl/NaI/water,"BC S-loss, fixed kappa_D",0.005,298.15,I,NaCl,neutral ion-pair NaCl: mu_Na + mu_Cl,0.0375,0.0275,0.0275,4.482757720781522,kJ/mol,1.808324092451305,0.04646050982108818,4.482757720781522,1.8227501407111728,0.014426048259867806,0.0,0.0,NaClIWater/data/S0_NaClIWater_matrix_BC_s_loss_split0.csv,0,0.34611345271290545,0.19982869509394677,0.1396205938948527,0.08060998746960864,3
NaClIWater,NaCl/NaI/water,"BC S-loss, fixed kappa_D",0.005,298.15,I,NaCl,neutral ion-pair NaCl: mu_Na + mu_Cl,0.0375,0.03,0.03,4.8110898438683405,kJ/mol,1.9407717787831176,0.04986343248151571,4.8110898438683405,1.9551978270429853,0.014426048259867806,0.0,0.0,NaClIWater/data/S0_NaClIWater_matrix_BC_s_loss_split0.csv,0,0.3406477892025382,0.19667309279493633,0.13741577007374617,0.07933703184297708,3
NaClIWater,NaCl/NaI/water,"BC S-loss, fixed kappa_D",0.005,298.15,I,NaCl,neutral ion-pair NaCl: mu_Na + mu_Cl,0.0375,0.0325,0.0325,5.146003922518467,kJ/mol,2.075874596077149,0.05333457230426574,5.146003922518467,2.090300644337017,0.014426048259867806,0.0,0.0,NaClIWater/data/S0_NaClIWater_matrix_BC_s_loss_split0.csv,0,0.3329865716414224,0.19224988677370586,0.13432526972637032,0.077552730635489,3
NaClIWater,NaCl/NaI/water,"BC S-loss, fixed kappa_D",0.005,298.15,I,NaCl,neutral ion-pair NaCl: mu_Na + mu_Cl,0.0375,0.034999999999999996,0.034999999999999996,5.487442404086749,kJ/mol,2.213609327857896,0.056873332798204494,5.487442404086749,2.228035376117764,0.014426048259867806,0.0,0.0,NaClIWater/data/S0_NaClIWater_matrix_BC_s_loss_split0.csv,0,0.3240210279759236,0.18707362772499875,0.1307086101560601,0.07546465125900316,3
NaClIWater,NaCl/NaI/water,"BC S-loss, fixed kappa_D",0.005,298.15,I,NaCl,neutral ion-pair NaCl: mu_Na + mu_Cl,0.0375,0.0375,0.0375,5.835422135879193,kJ/mol,2.3539827702520375,0.0604798885733544,5.835422135879193,2.3684088185119054,0.014426048259867806,0.0,0.0,NaClIWater/data/S0_NaClIWater_matrix_BC_s_loss_split0.csv,0,0.31466467808871523,0.1816717365989867,0.12693430113195053,0.07328555292792867,3
NaClIWater,NaCl/NaI/water,"BC S-loss, fixed kappa_D",0.005,298.15,I,NaCl,neutral ion-pair NaCl: mu_Na + mu_Cl,0.0375,0.04,0.04,6.190011131876585,kJ/mol,2.497022359790331,0.06415494454495274,6.190011131876585,2.511448408050199,0.014426048259867806,0.0,0.0,NaClIWater/data/S0_NaClIWater_matrix_BC_s_loss_split0.csv,0,0.30577250300841796,0.17653783692269578,0.12334723811548366,0.07121456112977137,3
NaClIWater,NaCl/NaI/water,"BC S-loss, fixed kappa_D",0.005,298.15,I,NaCl,neutral ion-pair NaCl: mu_Na + mu_Cl,0.0375,0.0425,0.0425,6.551297738121074,kJ/mol,2.6427637348646855,0.06789941635520336,6.551297738121074,2.6571897831245535,0.014426048259867806,0.0,0.0,NaClIWater/data/S0_NaClIWater_matrix_BC_s_loss_split0.csv,0,0.2980694882707432,0.1720904992903276,0.12023987697703332,0.06942052534001768,3
NaClIWater,NaCl/NaI/water,"BC S-loss, fixed kappa_D",0.005,298.15,I,NaCl,neutral ion-pair NaCl: mu_Na + mu_Cl,0.0375,0.045,0.045,6.919354450726302,kJ/mol,2.791236140077882,0.07171405537337705,6.919354450726302,2.8056621883377497,0.014426048259867806,0.0,0.0,NaClIWater/data/S0_NaClIWater_matrix_BC_s_loss_split0.csv,0,0.29208971722346516,0.1686380768664893,0.11782766451192368,0.06802783382394406,3
NaClIWater,NaCl/NaI/water,"BC S-loss, fixed kappa_D",0.005,298.15,I,NaCl,neutral ion-pair NaCl: mu_Na + mu_Cl,0.0375,0.0475,0.0475,7.294198766435535,kJ/mol,2.9424466335366395,0.07559904294043916,7.294198766435535,2.9568726817965074,0.014426048259867806,0.0,0.0,NaClIWater/data/S0_NaClIWater_matrix_BC_s_loss_split0.csv,0,0.2881246348751551,0.16634883550533344,0.1162281683121263,0.06710436426242326,3
NaClIWater,NaCl/NaI/water,"BC S-loss, fixed kappa_D",0.005,298.15,I,NaCl,neutral ion-pair NaCl: mu_Na + mu_Cl,0.0375,0.05,0.05,7.675753435977458,kJ/mol,3.0963640532359724,0.07955357842411104,7.675753435977458,3.1107901014958403,0.014426048259867806,0.0,0.0,NaClIWater/data/S0_NaClIWater_matrix_BC_s_loss_split0.csv,0,0.28618089647543105,0.16522661761701854,0.11544407307509208,0.06665166666625125,3
NaClIWater,NaCl/NaI/water,"BC S-loss, fixed kappa_D",0.005,298.15,I,NaCl,neutral ion-pair NaCl: mu_Na + mu_Cl,0.0375,0.052500000000000005,0.052500000000000005,8.063808337548856,kJ/mol,3.252903636995373,0.08357548406536353,8.063808337548856,3.267329685255241,0.014426048259867806,0.0,0.0,NaClIWater/data/S0_NaClIWater_matrix_BC_s_loss_split0.csv,0,0.2859551645856841,0.16509629124970845,0.11535301385661748,0.06659909360195274,3
NaClIWater,NaCl/NaI/water,"BC S-loss, fixed kappa_D",0.005,298.15,I,NaCl,neutral ion-pair NaCl: mu_Na + mu_Cl,0.0375,0.055,0.055,8.457985909247748,kJ/mol,3.4119130780594307,0.08766084671083263,8.457985909247748,3.4263391263192986,0.014426048259867806,0.0,0.0,NaClIWater/data/S0_NaClIWater_matrix_BC_s_loss_split0.csv,0,0.28684063076568583,0.1656075153870908,0.11571020688958579,0.06680531909568965,3
NaClIWater,NaCl/NaI/water,"BC S-loss, fixed kappa_D",0.005,298.15,I,NaCl,neutral ion-pair NaCl: mu_Na + mu_Cl,0.0375,0.0575,0.0575,8.8577117430552,kJ/mol,3.573160662843732,0.0918037130409175,8.8577117430552,3.5875867111036,0.014426048259867806,0.0,0.0,NaClIWater/data/S0_NaClIWater_matrix_BC_s_loss_split0.csv,0,0.2879808375531355,0.1662658140827567,0.11617016112591766,0.06707087379785076,3
NaClIWater,NaCl/NaI/water,"BC S-loss, fixed kappa_D",0.005,298.15,I,NaCl,neutral ion-pair NaCl: mu_Na + mu_Cl,0.0375,0.06,0.06,9.262191492517521,kJ/mol,3.736325955598806,0.09599585023477175,9.262191492517521,3.750752003858674,0.014426048259867806,0.0,0.0,NaClIWater/data/S0_NaClIWater_matrix_BC_s_loss_split0.csv,0,0.28837766893669187,0.16649492478887584,0.11633024110262477,0.06716329601549448,3
NaClIWater,NaCl/NaI/water,"BC S-loss, fixed kappa_D",0.005,298.15,I,NaCl,neutral ion-pair NaCl: mu_Na + mu_Cl,0.0375,0.0625,0.0625,9.670394815007937,kJ/mol,3.9009933207914527,0.10022657954357328,9.670394815007937,3.9154193690513206,0.014426048259867806,0.0,0.0,NaClIWater/data/S0_NaClIWater_matrix_BC_s_loss_split0.csv,0,0.28704616301904107,0.16572617948889257,0.1157931176665378,0.06685318765508161,3
NaClIWater,NaCl/NaI/water,"BC S-loss, fixed kappa_D",0.005,298.15,I,NaCl,neutral ion-pair NaCl: mu_Na + mu_Cl,0.0375,0.065,0.065,10.081046609204785,kJ/mol,4.066648388343275,0.10448268547338559,10.081046609204785,4.081074436603142,0.014426048259867806,0.0,0.0,NaClIWater/data/S0_NaClIWater_matrix_BC_s_loss_split0.csv,0,0.28319442158698566,0.16350237553624655,0.1142393426772747,0.06595611524677046,3
NaClIWater,NaCl/NaI/water,"BC S-loss, fixed kappa_D",0.005,298.15,I,NaCl,neutral ion-pair NaCl: mu_Na + mu_Cl,0.0375,0.0675,0.0675,10.492625391816471,kJ/mol,4.232677398808899,0.10874839896109735,10.492625391816471,4.247103447068766,0.014426048259867806,0.0,0.0,NaClIWater/data/S0_NaClIWater_matrix_BC_s_loss_split0.csv,0,0.2763926770005697,0.1595753864683202,0.11149554982197592,0.06437198570316313,3
NaClIWater,NaCl/NaI/water,"BC S-loss, fixed kappa_D",0.005,298.15,I,NaCl,neutral ion-pair NaCl: mu_Na + mu_Cl,0.0375,0.07,0.07,10.903368294450887,kJ/mol,4.398369219090389,0.11300544916332457,10.903368294450887,4.412795267350257,0.014426048259867806,0.0,0.0,NaClIWater/data/S0_NaClIWater_matrix_BC_s_loss_split0.csv,0,0.26667745955887445,0.1539663030631217,0.10757647525727727,0.062109306948260154,3
NaClIWater,NaCl/NaI/water,"BC S-loss, fixed kappa_D",0.005,298.15,I,NaCl,neutral ion-pair NaCl: mu_Na + mu_Cl,0.0375,0.07250000000000001,0.07250000000000001,11.311281878447138,kJ/mol,4.562919705091221,0.11723317554424284,11.311281878447138,4.577345753351088,0.014426048259867806,0.0,0.0,NaClIWater/data/S0_NaClIWater_matrix_BC_s_loss_split0.csv,0,0.25451530339097017,0.1469444789256559,0.10267031673065853,0.059276735002229845,3
NaClIWater,NaCl/NaI/water,"BC S-loss, fixed kappa_D",0.005,298.15,I,NaCl,neutral ion-pair NaCl: mu_Na + mu_Cl,0.0375,0.07500000000000001,0.07500000000000001,11.714157781996132,kJ/mol,4.725438013693614,0.12140869004656452,11.714157781996132,4.739864061953481,0.014426048259867806,0.0,0.0,NaClIWater/data/S0_NaClIWater_matrix_BC_s_loss_split0.csv,0,0.24055048623876163,0.1388818879836444,0.09703697295525321,0.056024322457061876,3
NaClIWater,NaCl/NaI/water,"BC S-loss, fixed kappa_D",0.005,298.15,I,NaCl,neutral ion-pair NaCl: mu_Na + mu_Cl,0.04,0.0,0.0,1.5726546809430726,kJ/mol,0.6344017512862327,0.01629941718920236,1.5726546809430726,0.6488277995461005,0.014426048259867806,0.0,0.0,NaClIWater/data/S0_NaClIWater_matrix_BC_s_loss_split0.csv,0,0.2675785252074499,0.15448653355788428,0.10793996104497548,0.06231916556563432,3
NaClIWater,NaCl/NaI/water,"BC S-loss, fixed kappa_D",0.005,298.15,I,NaCl,neutral ion-pair NaCl: mu_Na + mu_Cl,0.04,0.0025,0.0025,1.8169082246186128,kJ/mol,0.7329325207827565,0.01883092678031062,1.8169082246186128,0.7473585690426243,0.014426048259867806,0.0,0.0,NaClIWater/data/S0_NaClIWater_matrix_BC_s_loss_split0.csv,0,0.26218705010124455,0.15137376395398744,0.10576506448895487,0.061063488453556226,3
NaClIWater,NaCl/NaI/water,"BC S-loss, fixed kappa_D",0.005,298.15,I,NaCl,neutral ion-pair NaCl: mu_Na + mu_Cl,0.04,0.005,0.005,2.070168184270317,kJ/mol,0.8350964375539663,0.021455781295230736,2.070168184270317,0.8495224858138342,0.014426048259867806,0.0,0.0,NaClIWater/data/S0_NaClIWater_matrix_BC_s_loss_split0.csv,0,0.2668484652596681,0.15406503325050788,0.1076454581798335,0.062149134257167477,3
NaClIWater,NaCl/NaI/water,"BC S-loss, fixed kappa_D",0.005,298.15,I,NaCl,neutral ion-pair NaCl: mu_Na + mu_Cl,0.04,0.0075,0.0075,2.3329418314433736,kJ/mol,0.941098132635871,0.024179238233045908,2.3329418314433736,0.9555241808957389,0.014426048259867806,0.0,0.0,NaClIWater/data/S0_NaClIWater_matrix_BC_s_loss_split0.csv,0,0.27801385417325736,0.1605113735453755,0.11214952532591874,0.06474955863640794,3
NaClIWater,NaCl/NaI/water,"BC S-loss, fixed kappa_D",0.005,298.15,I,NaCl,neutral ion-pair NaCl: mu_Na + mu_Cl,0.04,0.01,0.01,2.6054049911905293,kJ/mol,1.051008533055703,0.027003119892015093,2.6054049911905293,1.0654345813155708,0.014426048259867806,0.0,0.0,NaClIWater/data/S0_NaClIWater_matrix_BC_s_loss_split0.csv,0,0.29245372842332323,0.1688482388307154,0.11797450497567974,0.06811261220522155,3
NaClIWater,NaCl/NaI/water,"BC S-loss, fixed kappa_D",0.005,298.15,I,NaCl,neutral ion-pair NaCl: mu_Na + mu_Cl,0.04,0.0125,0.0125,2.8874640377890866,kJ/mol,1.1647898706224127,0.029926455909901506,2.8874640377890866,1.1792159188822804,0.014426048259867806,0.0,0.0,NaClIWater/data/S0_NaClIWater_matrix_BC_s_loss_split0.csv,0,0.3075735224202018,0.1775776559649049,0.12407376116137639,0.07163401940589,3
NaClIWater,NaCl/NaI/water,"BC S-loss, fixed kappa_D",0.005,298.15,I,NaCl,neutral ion-pair NaCl: mu_Na + mu_Cl,0.04,0.015,0.015,3.1788221791833657,kJ/mol,1.282322420769525,0.032946170253808305,3.1788221791833657,1.2967484690293927,0.014426048259867806,0.0,0.0,NaClIWater/data/S0_NaClIWater_matrix_BC_s_loss_split0.csv,0,0.32145283867602803,0.18559088294137413,0.12967261426374438,0.07486651875169532,3
NaClIWater,NaCl/NaI/water,"BC S-loss, fixed kappa_D",0.005,298.15,I,NaCl,neutral ion-pair NaCl: mu_Na + mu_Cl,0.04,0.0175,0.0175,3.4790462016856365,kJ/mol,1.4034314270641703,0.03605777298025714,3.4790462016856365,1.417857475324038,0.014426048259867806,0.0,0.0,NaClIWater/data/S0_NaClIWater_matrix_BC_s_loss_split0.csv,0,0.33277458852003156,0.19212749826150718,0.13423975669856877,0.07750335966586855,3
NaClIWater,NaCl/NaI/water,"BC S-loss, fixed kappa_D",0.005,298.15,I,NaCl,neutral ion-pair NaCl: mu_Na + mu_Cl,0.04,0.02,0.02,3.787630051437351,kJ/mol,1.5279127496795968,0.03925601921059752,3.787630051437351,1.5423387979394645,0.014426048259867806,0.0,0.0,NaClIWater/data/S0_NaClIWater_matrix_BC_s_loss_split0.csv,0,0.3407411445766591,0.19672699154531534,0.13745342920740827,0.07935877435393433,3
NaClIWater,NaCl/NaI/water,"BC S-loss, fixed kappa_D",0.005,298.15,I,NaCl,neutral ion-pair NaCl: mu_Na + mu_Cl,0.04,0.0225,0.0225,4.104052033289457,kJ/mol,1.6555559391635462,0.042535501955626394,4.104052033289457,1.6699819874234139,0.014426048259867806,0.0,0.0,NaClIWater/data/S0_NaClIWater_matrix_BC_s_loss_split0.csv,0,0.3450025993049253,0.1991873435798192,0.1391724806784012,0.08035126918346293,3
NaClIWater,NaCl/NaI/water,"BC S-loss, fixed kappa_D",0.005,298.15,I,NaCl,neutral ion-pair NaCl: mu_Na + mu_Cl,0.04,0.025,0.025,4.42782293288489,kJ/mol,1.7861636486676373,0.04589115086582752,4.42782293288489,1.800589696927505,0.014426048259867806,0.0,0.0,NaClIWater/data/S0_NaClIWater_matrix_BC_s_loss_split0.csv,0,0.34559279764563,0.19952809475070035,0.13941056400685628,0.08048872665723603,3
NaClIWater,NaCl/NaI/water,"BC S-loss, fixed kappa_D",0.005,298.15,I,NaCl,neutral ion-pair NaCl: mu_Na + mu_Cl,0.04,0.0275,0.0275,4.7585230057118375,kJ/mol,1.919566555163354,0.04931861559589379,4.7585230057118375,1.9339926034232218,0.014426048259867806,0.0,0.0,NaClIWater/data/S0_NaClIWater_matrix_BC_s_loss_split0.csv,0,0.3428640340024382,0.1979526423267487,0.13830979315419267,0.07985319630913461,3
NaClIWater,NaCl/NaI/water,"BC S-loss, fixed kappa_D",0.005,298.15,I,NaCl,neutral ion-pair NaCl: mu_Na + mu_Cl,0.04,0.03,0.03,5.095826485369399,kJ/mol,2.055633245965035,0.052814519815001404,5.095826485369399,2.0700592942249028,0.014426048259867806,0.0,0.0,NaClIWater/data/S0_NaClIWater_matrix_BC_s_loss_split0.csv,0,0.3374147969246846,0.1948065238330296,0.13611159568135162,0.07858406640645786,3
NaClIWater,NaCl/NaI/water,"BC S-loss, fixed kappa_D",0.005,298.15,I,NaCl,neutral ion-pair NaCl: mu_Na + mu_Cl,0.04,0.0325,0.0325,5.439512997005718,kJ/mol,2.194274822858945,0.056376579498760286,5.439512997005718,2.208700871118813,0.014426048259867806,0.0,0.0,NaClIWater/data/S0_NaClIWater_matrix_BC_s_loss_split0.csv,0,0.3300098098158706,0.1905312525324101,0.13312445753398253,0.07685944139296771,3
NaClIWater,NaCl/NaI/water,"BC S-loss, fixed kappa_D",0.005,298.15,I,NaCl,neutral ion-pair NaCl: mu_Na + mu_Cl,0.04,0.034999999999999996,0.034999999999999996,5.789465978314265,kJ/mol,2.335444265140354,0.06000358656399384,5.789465978314265,2.349870313400222,0.014426048259867806,0.0,0.0,NaClIWater/data/S0_NaClIWater_matrix_BC_s_loss_split0.csv,0,0.3214956599761279,0.18561560583051384,0.12968988818160104,0.07487649185281983,3
NaClIWater,NaCl/NaI/water,"BC S-loss, fixed kappa_D",0.005,298.15,I,NaCl,neutral ion-pair NaCl: mu_Na + mu_Cl,0.04,0.0375,0.0375,6.145658888765488,kJ/mol,2.4791308664802547,0.06369526593749697,6.145658888765488,2.4935569147401226,0.014426048259867806,0.0,0.0,NaClIWater/data/S0_NaClIWater_matrix_BC_s_loss_split0.csv,0,0.3127176893615963,0.1805476421332754,0.12614889472761637,0.07283209832896308,3
NaClIWater,NaCl/NaI/water,"BC S-loss, fixed kappa_D",0.005,298.15,I,NaCl,neutral ion-pair NaCl: mu_Na + mu_Cl,0.04,0.04,0.04,6.508130575892892,kJ/mol,2.625350297797119,0.06745202024558239,6.508130575892892,2.639776346056987,0.014426048259867806,0.0,0.0,NaClIWater/data/S0_NaClIWater_matrix_BC_s_loss_split0.csv,0,0.30444401804513116,0.17577083577152777,0.1228113333186587,0.07090515635106447,3
NaClIWater,NaCl/NaI/water,"BC S-loss, fixed kappa_D",0.005,298.15,I,NaCl,neutral ion-pair NaCl: mu_Na + mu_Cl,0.04,0.0425,0.0425,6.876951643512103,kJ/mol,2.7741310403493076,0.071274581245234,6.876951643512103,2.7885570886091755,0.014426048259867806,0.0,0.0,NaClIWater/data/S0_NaClIWater_matrix_BC_s_loss_split0.csv,0,0.2973004776959398,0.17164651082795518,0.11992966160596386,0.06924142241202397,3
NaClIWater,NaCl/NaI/water,"BC S-loss, fixed kappa_D",0.005,298.15,I,NaCl,neutral ion-pair NaCl: mu_Na + mu_Cl,0.04,0.045,0.045,7.252184027986255,kJ/mol,2.9254980789842358,0.07516359086162083,7.252184027986255,2.9399241272441037,0.014426048259867806,0.0,0.0,NaClIWater/data/S0_NaClIWater_matrix_BC_s_loss_split0.csv,0,0.29171710189018984,0.16842294730351862,0.11767735317984888,0.06794105153590842,3
NaClIWater,NaCl/NaI/water,"BC S-loss, fixed kappa_D",0.005,298.15,I,NaCl,neutral ion-pair NaCl: mu_Na + mu_Cl,0.04,0.0475,0.0475,7.633836197755235,kJ/mol,3.0794548298320694,0.07911913686393746,7.633836197755235,3.0938808780919373,0.014426048259867806,0.0,0.0,NaClIWater/data/S0_NaClIWater_matrix_BC_s_loss_split0.csv,0,0.2878852908847639,0.16621065018805214,0.116131618034113,0.06704862093342194,3
NaClIWater,NaCl/NaI/water,"BC S-loss, fixed kappa_D",0.005,298.15,I,NaCl,neutral ion-pair NaCl: mu_Na + mu_Cl,0.04,0.05,0.05,8.021816466682205,kJ/mol,3.2359643071218795,0.08314026899233795,8.021816466682205,3.2503903553817475,0.014426048259867806,0.0,0.0,NaClIWater/data/S0_NaClIWater_matrix_BC_s_loss_split0.csv,0,0.28572745907246944,0.164964825410358,0.11526115848740588,0.06654606087981191,3
NaClIWater,NaCl/NaI/water,"BC S-loss, fixed kappa_D",0.005,298.15,I,NaCl,neutral ion-pair NaCl: mu_Na + mu_Cl,0.04,0.052500000000000005,0.052500000000000005,8.415886853886773,kJ/mol,3.394930510448032,0.08722452074880493,8.415886853886773,3.4093565587078998,0.014426048259867806,0.0,0.0,NaClIWater/data/S0_NaClIWater_matrix_BC_s_loss_split0.csv,0,0.2848873700014136,0.16447979975904067,0.1149222703739677,0.06635040373629321,3
NaClIWater,NaCl/NaI/water,"BC S-loss, fixed kappa_D",0.005,298.15,I,NaCl,neutral ion-pair NaCl: mu_Na + mu_Cl,0.04,0.055,0.055,8.815619744716496,kJ/mol,3.556180942003047,0.0913674602197716,8.815619744716496,3.570606990262915,0.014426048259867806,0.0,0.0,NaClIWater/data/S0_NaClIWater_matrix_BC_s_loss_split0.csv,0,0.2847546293513651,0.16440316190900275,0.11486872339898452,0.06631948837587238,3
NaClIWater,NaCl/NaI/water,"BC S-loss, fixed kappa_D",0.005,298.15,I,NaCl,neutral ion-pair NaCl: mu_Na + mu_Cl,0.04,0.0575,0.0575,9.220359314814083,kJ/mol,3.7194510452216187,0.09556229026475194,9.220359314814083,3.7338770934814867,0.014426048259867806,0.0,0.0,NaClIWater/data/S0_NaClIWater_matrix_BC_s_loss_split0.csv,0,0.28453519468204175,0.1642764712435994,0.11478020445061109,0.0662683819372006,3
NaClIWater,NaCl/NaI/water,"BC S-loss, fixed kappa_D",0.005,298.15,I,NaCl,neutral ion-pair NaCl: mu_Na + mu_Cl,0.04,0.06,0.06,9.629189346226363,kJ/mol,3.8843712219452367,0.09979951495381556,9.629189346226363,3.8987972702051046,0.014426048259867806,0.0,0.0,NaClIWater/data/S0_NaClIWater_matrix_BC_s_loss_split0.csv,0,0.2833698133976135,0.1636036380453262,0.11431009493660514,0.06599696408274065,3
NaClIWater,NaCl/NaI/water,"BC S-loss, fixed kappa_D",0.005,298.15,I,NaCl,neutral ion-pair NaCl: mu_Na + mu_Cl,0.04,0.0625,0.0625,10.040908625857302,kJ/mol,4.050456908269931,0.10406668459052072,10.040908625857302,4.064882956529798,0.014426048259867806,0.0,0.0,NaClIWater/data/S0_NaClIWater_matrix_BC_s_loss_split0.csv,0,0.2804874432680355,0.1619395008751102,0.11314735992540537,0.06532565871102827,3
NaClIWater,NaCl/NaI/water,"BC S-loss, fixed kappa_D",0.005,298.15,I,NaCl,neutral ion-pair NaCl: mu_Na + mu_Cl,0.04,0.065,0.065,10.454014725035778,kJ/mol,4.217102031297633,0.1083482275989809,10.454014725035778,4.2315280795575,0.014426048259867806,0.0,0.0,NaClIWater/data/S0_NaClIWater_matrix_BC_s_loss_split0.csv,0,0.275364349713819,0.15898168143249966,0.11108072726778431,0.06413248778983469,3
NaClIWater,NaCl/NaI/water,"BC S-loss, fixed kappa_D",0.005,298.15,I,NaCl,neutral ion-pair NaCl: mu_Na + mu_Cl,0.04,0.0675,0.0675,10.866696507480267,kJ/mol,4.383575986883172,0.11262537287439045,10.866696507480267,4.39800203514304,0.014426048259867806,0.0,0.0,NaClIWater/data/S0_NaClIWater_matrix_BC_s_loss_split0.csv,0,0.2678413818600318,0.15463829391701073,0.10804599622406215,0.062380385004823576,3
NaClIWater,NaCl/NaI/water,"BC S-loss, fixed kappa_D",0.005,298.15,I,NaCl,neutral ion-pair NaCl: mu_Na + mu_Cl,0.04,0.07,0.07,11.276835344446134,kJ/mol,4.549024129819176,0.11687616237713884,11.276835344446134,4.5634501780790435,0.014426048259867806,0.0,0.0,NaClIWater/data/S0_NaClIWater_matrix_BC_s_loss_split0.csv,0,0.2581320918670357,0.14903263272591427,0.10412931276523141,0.06011908675553709,3
NaClIWater,NaCl/NaI/water,"BC S-loss, fixed kappa_D",0.005,298.15,I,NaCl,neutral ion-pair NaCl: mu_Na + mu_Cl,0.04,0.07250000000000001,0.07250000000000001,11.6820146682301,kJ/mol,4.712471627676351,0.12107555014790705,11.6820146682301,4.726897675936218,0.014426048259867806,0.0,0.0,NaClIWater/data/S0_NaClIWater_matrix_BC_s_loss_split0.csv,0,0.2466480459128978,0.14240231570290673,0.09949670081714145,0.05744444700025628,3
NaClIWater,NaCl/NaI/water,"BC S-loss, fixed kappa_D",0.005,298.15,I,NaCl,neutral ion-pair NaCl: mu_Na + mu_Cl,0.0425,0.0,0.0,1.7720203611526726,kJ/mol,0.7148249606556897,0.018365696859063974,1.7720203611526726,0.7292510089155575,0.014426048259867806,0.0,0.0,NaClIWater/data/S0_NaClIWater_matrix_BC_s_loss_split0.csv,0,0.27919601680425965,0.1611938954586106,0.11262640435886914,0.06502488487445274,3
NaClIWater,NaCl/NaI/water,"BC S-loss, fixed kappa_D",0.005,298.15,I,NaCl,neutral ion-pair NaCl: mu_Na + mu_Cl,0.0425,0.0025,0.0025,2.0210620902824403,kJ/mol,0.8152872624043056,0.020946832495383205,2.0210620902824403,0.8297133106641734,0.014426048259867806,0.0,0.0,NaClIWater/data/S0_NaClIWater_matrix_BC_s_loss_split0.csv,0,0.2696791575454329,0.1556993342036872,0.10878734658369135,0.06280840383451933,3
NaClIWater,NaCl/NaI/water,"BC S-loss, fixed kappa_D",0.005,298.15,I,NaCl,neutral ion-pair NaCl: mu_Na + mu_Cl,0.0425,0.005,0.005,2.280048928197043,kJ/mol,0.9197613758406902,0.02363104192090759,2.280048928197043,0.934187424100558,0.014426048259867806,0.0,0.0,NaClIWater/data/S0_NaClIWater_matrix_BC_s_loss_split0.csv,0,0.27117277291149555,0.15656167343734922,0.10938986423455282,0.0631562675624357,3
NaClIWater,NaCl/NaI/water,"BC S-loss, fixed kappa_D",0.005,298.15,I,NaCl,neutral ion-pair NaCl: mu_Na + mu_Cl,0.0425,0.0075,0.0075,2.54936740399292,kJ/mol,1.0284032250457464,0.02642233122742255,2.54936740399292,1.0428292733056141,0.014426048259867806,0.0,0.0,NaClIWater/data/S0_NaClIWater_matrix_BC_s_loss_split0.csv,0,0.2799035016019299,0.16160236199699307,0.11291180051105004,0.06518965841974007,3
NaClIWater,NaCl/NaI/water,"BC S-loss, fixed kappa_D",0.005,298.15,I,NaCl,neutral ion-pair NaCl: mu_Na + mu_Cl,0.0425,0.01,0.01,2.8290708510187588,kJ/mol,1.141234324449959,0.029321253176135546,2.8290708510187588,1.1556603727098267,0.014426048259867806,0.0,0.0,NaClIWater/data/S0_NaClIWater_matrix_BC_s_loss_split0.csv,0,0.2924062376582148,0.168820820024696,0.11795534741685912,0.06810155158347944,3
NaClIWater,NaCl/NaI/water,"BC S-loss, fixed kappa_D",0.005,298.15,I,NaCl,neutral ion-pair NaCl: mu_Na + mu_Cl,0.0425,0.0125,0.0125,3.1189427477402227,kJ/mol,1.2581673302503693,0.032325563679478364,3.1189427477402227,1.272593378510237,0.014426048259867806,0.0,0.0,NaClIWater/data/S0_NaClIWater_matrix_BC_s_loss_split0.csv,0,0.3059171781302831,0.17662136514324964,0.12340559940216084,0.07124825603434469,3
NaClIWater,NaCl/NaI/water,"BC S-loss, fixed kappa_D",0.005,298.15,I,NaCl,neutral ion-pair NaCl: mu_Na + mu_Cl,0.0425,0.015,0.015,3.4185647062394935,kJ/mol,1.3790334666623136,0.035430926452249885,3.4185647062394935,1.3934595149221813,0.014426048259867806,0.0,0.0,NaClIWater/data/S0_NaClIWater_matrix_BC_s_loss_split0.csv,0,0.3184332887840189,0.18384754499839115,0.12845454155980016,0.0741632641481806,3
NaClIWater,NaCl/NaI/water,"BC S-loss, fixed kappa_D",0.005,298.15,I,NaCl,neutral ion-pair NaCl: mu_Na + mu_Cl,0.0425,0.0175,0.0175,3.7273852200351536,kJ/mol,1.5036102584775366,0.03863162553255962,3.7273852200351536,1.5180363067374043,0.014426048259867806,0.0,0.0,NaClIWater/data/S0_NaClIWater_matrix_BC_s_loss_split0.csv,0,0.3286229353791061,0.1897305402030119,0.13256499868891042,0.07653643767816481,3
NaClIWater,NaCl/NaI/water,"BC S-loss, fixed kappa_D",0.005,298.15,I,NaCl,neutral ion-pair NaCl: mu_Na + mu_Cl,0.0425,0.02,0.02,4.044785466728335,kJ/mol,1.6316480755526033,0.04192124727819646,4.044785466728335,1.646074123812471,0.014426048259867806,0.0,0.0,NaClIWater/data/S0_NaClIWater_matrix_BC_s_loss_split0.csv,0,0.3357131446081463,0.193824074410009,0.1354251568701023,0.07818775077400085,3
NaClIWater,NaCl/NaI/water,"BC S-loss, fixed kappa_D",0.005,298.15,I,NaCl,neutral ion-pair NaCl: mu_Na + mu_Cl,0.0425,0.0225,0.0225,4.370138792335971,kJ/mol,1.7628941285186046,0.04529329687829886,4.370138792335971,1.7773201767784723,0.014426048259867806,0.0,0.0,NaClIWater/data/S0_NaClIWater_matrix_BC_s_loss_split0.csv,0,0.33939216630144575,0.19594815857498996,0.13690925750168506,0.07904459667314967,3
NaClIWater,NaCl/NaI/water,"BC S-loss, fixed kappa_D",0.005,298.15,I,NaCl,neutral ion-pair NaCl: mu_Na + mu_Cl,0.0425,0.025,0.025,4.702861021058526,kJ/mol,1.897112763512823,0.048741719777353865,4.702861021058526,1.9115388117726908,0.014426048259867806,0.0,0.0,NaClIWater/data/S0_NaClIWater_matrix_BC_s_loss_split0.csv,0,0.3397264521396025,0.19614115859363604,0.13704410688961915,0.07912245200357347,3
NaClIWater,NaCl/NaI/water,"BC S-loss, fixed kappa_D",0.005,298.15,I,NaCl,neutral ion-pair NaCl: mu_Na + mu_Cl,0.0425,0.0275,0.0275,5.042449319969194,kJ/mol,2.034101140017734,0.052261304479316095,5.042449319969194,2.048527188277602,0.014426048259867806,0.0,0.0,NaClIWater/data/S0_NaClIWater_matrix_BC_s_loss_split0.csv,0,0.3370827648755221,0.19461482504006603,0.13597765546165533,0.0785067359845609,3
NaClIWater,NaCl/NaI/water,"BC S-loss, fixed kappa_D",0.005,298.15,I,NaCl,neutral ion-pair NaCl: mu_Na + mu_Cl,0.0425,0.03,0.03,5.38850805339257,kJ/mol,2.173699660399865,0.05584795050936009,5.38850805339257,2.188125708659733,0.014426048259867806,0.0,0.0,NaClIWater/data/S0_NaClIWater_matrix_BC_s_loss_split0.csv,0,0.3320489347945745,0.19170854188777608,0.13394703128348828,0.07733435456867319,3
NaClIWater,NaCl/NaI/water,"BC S-loss, fixed kappa_D",0.005,298.15,I,NaCl,neutral ion-pair NaCl: mu_Na + mu_Cl,0.0425,0.0325,0.0325,5.740760784407858,kJ/mol,2.315796811261648,0.0594987928006958,5.740760784407858,2.3302228595215158,0.014426048259867806,0.0,0.0,NaClIWater/data/S0_NaClIWater_matrix_BC_s_loss_split0.csv,0,0.3253516685404187,0.18784187341310463,0.13124538451261628,0.07577455807825495,3
NaClIWater,NaCl/NaI/water,"BC S-loss, fixed kappa_D",0.005,298.15,I,NaCl,neutral ion-pair NaCl: mu_Na + mu_Cl,0.0425,0.034999999999999996,0.034999999999999996,6.099048331670624,kJ/mol,2.460328379572146,0.06321218155494533,6.099048331670624,2.4747544278320137,0.014426048259867806,0.0,0.0,NaClIWater/data/S0_NaClIWater_matrix_BC_s_loss_split0.csv,0,0.3177738463258372,0.1834668157176449,0.1281885254690383,0.07400967968657046,3
NaClIWater,NaCl/NaI/water,"BC S-loss, fixed kappa_D",0.005,298.15,I,NaCl,neutral ion-pair NaCl: mu_Na + mu_Cl,0.0425,0.0375,0.0375,6.463313473786452,kJ/mol,2.6072712824808963,0.06698752371414685,6.463313473786452,2.6216973307407643,0.014426048259867806,0.0,0.0,NaClIWater/data/S0_NaClIWater_matrix_BC_s_loss_split0.csv,0,0.31007593967586655,0.17902242724108772,0.12508322490995386,0.07221683357286837,3
NaClIWater,NaCl/NaI/water,"BC S-loss, fixed kappa_D",0.005,298.15,I,NaCl,neutral ion-pair NaCl: mu_Na + mu_Cl,0.0425,0.04,0.04,6.833573547854151,kJ/mol,2.7566325136947696,0.07082499896466743,6.833573547854151,2.7710585619546375,0.014426048259867806,0.0,0.0,NaClIWater/data/S0_NaClIWater_matrix_BC_s_loss_split0.csv,0,0.30292619749835514,0.1748945216702651,0.12219905140789913,0.07055165522506748,3
NaClIWater,NaCl/NaI/water,"BC S-loss, fixed kappa_D",0.005,298.15,I,NaCl,neutral ion-pair NaCl: mu_Na + mu_Cl,0.0425,0.0425,0.0425,7.209882727182183,kJ/mol,2.9084339264802064,0.07472516877328417,7.209882727182183,2.9228599747400743,0.014426048259867806,0.0,0.0,NaClIWater/data/S0_NaClIWater_matrix_BC_s_loss_split0.csv,0,0.2968424051473888,0.1713820425187409,0.11974487722161153,0.06913473709797611,3
NaClIWater,NaCl/NaI/water,"BC S-loss, fixed kappa_D",0.005,298.15,I,NaCl,neutral ion-pair NaCl: mu_Na + mu_Cl,0.0425,0.045,0.045,7.5922861844616705,kJ/mol,3.0626937432955152,0.07868850132194893,7.5922861844616705,3.077119791555383,0.014426048259867806,0.0,0.0,NaClIWater/data/S0_NaClIWater_matrix_BC_s_loss_split0.csv,0,0.2921458365551609,0.16867047737775057,0.1178503027952927,0.06804090404294115,3
NaClIWater,NaCl/NaI/water,"BC S-loss, fixed kappa_D",0.005,298.15,I,NaCl,neutral ion-pair NaCl: mu_Na + mu_Cl,0.0425,0.0475,0.0475,7.980768655701181,kJ/mol,3.2194058067159212,0.0827148384105385,7.980768655701181,3.233831854975789,0.014426048259867806,0.0,0.0,NaClIWater/data/S0_NaClIWater_matrix_BC_s_loss_split0.csv,0,0.2889277834544642,0.1668125335537968,0.11655215479907151,0.06729141794787487,3
NaClIWater,NaCl/NaI/water,"BC S-loss, fixed kappa_D",0.005,298.15,I,NaCl,neutral ion-pair NaCl: mu_Na + mu_Cl,0.0425,0.05,0.05,8.375200074212904,kJ/mol,3.3785176484306554,0.08680283199282712,8.375200074212904,3.3929436966905233,0.014426048259867806,0.0,0.0,NaClIWater/data/S0_NaClIWater_matrix_BC_s_loss_split0.csv,0,0.2870322293008203,0.165718134852927,0.11578749686793065,0.06684994248549271,3
NaClIWater,NaCl/NaI/water,"BC S-loss, fixed kappa_D",0.005,298.15,I,NaCl,neutral ion-pair NaCl: mu_Na + mu_Cl,0.0425,0.052500000000000005,0.052500000000000005,8.775280968444799,kJ/mol,3.539908462976588,0.09094937826489513,8.775280968444799,3.5543345112364557,0.014426048259867806,0.0,0.0,NaClIWater/data/S0_NaClIWater_matrix_BC_s_loss_split0.csv,0,0.2860631732122499,0.16515865005933103,0.11539658404572366,0.06662424886236183,3
NaClIWater,NaCl/NaI/water,"BC S-loss, fixed kappa_D",0.005,298.15,I,NaCl,neutral ion-pair NaCl: mu_Na + mu_Cl,0.0425,0.055,0.055,9.180490223645485,kJ/mol,3.7033680350312435,0.09514907625293745,9.180490223645485,3.7177940832911114,0.014426048259867806,0.0,0.0,NaClIWater/data/S0_NaClIWater_matrix_BC_s_loss_split0.csv,0,0.2854274308905066,0.1647916040587373,0.11514012848229484,0.06647618417378102,3
NaClIWater,NaCl/NaI/water,"BC S-loss, fixed kappa_D",0.005,298.15,I,NaCl,neutral ion-pair NaCl: mu_Na + mu_Cl,0.0425,0.0575,0.0575,9.590037591662949,kJ/mol,3.8685775820814206,0.09939373561201137,9.590037591662949,3.8830036303412885,0.014426048259867806,0.0,0.0,NaClIWater/data/S0_NaClIWater_matrix_BC_s_loss_split0.csv,0,0.2844194414074647,0.16420964105936275,0.11473351010569302,0.06624142294459252,3
NaClIWater,NaCl/NaI/water,"BC S-loss, fixed kappa_D",0.005,298.15,I,NaCl,neutral ion-pair NaCl: mu_Na + mu_Cl,0.0425,0.06,0.06,10.002823030145473,kJ/mol,4.035093352041634,0.1036719552065506,10.002823030145473,4.049519400301501,0.014426048259867806,0.0,0.0,NaClIWater/data/S0_NaClIWater_matrix_BC_s_loss_split0.csv,0,0.2823434171970654,0.16301104792264454,0.11389605137381205,0.06575791592030583,3
NaClIWater,NaCl/NaI/water,"BC S-loss, fixed kappa_D",0.005,298.15,I,NaCl,neutral ion-pair NaCl: mu_Na + mu_Cl,0.0425,0.0625,0.0625,10.417404574044633,kJ/mol,4.2023336627644285,0.10796879012195859,10.417404574044633,4.216759711024296,0.014426048259867806,0.0,0.0,NaClIWater/data/S0_NaClIWater_matrix_BC_s_loss_split0.csv,0,0.2786525958477194,0.16088015122306878,0.11240719081460386,0.06489832187566118,3
NaClIWater,NaCl/NaI/water,"BC S-loss, fixed kappa_D",0.005,298.15,I,NaCl,neutral ion-pair NaCl: mu_Na + mu_Cl,0.0425,0.065,0.065,10.831976037318626,kJ/mol,4.3695699070088425,0.11226552055904905,10.831976037318626,4.38399595526871,0.014426048259867806,0.0,0.0,NaClIWater/data/S0_NaClIWater_matrix_BC_s_loss_split0.csv,0,0.27306729563656423,0.1576554766426535,0.11015410609209432,0.06359750280461325,3
NaClIWater,NaCl/NaI/water,"BC S-loss, fixed kappa_D",0.005,298.15,I,NaCl,neutral ion-pair NaCl: mu_Na + mu_Cl,0.0425,0.0675,0.0675,11.244355388569073,kJ/mol,4.535921863225119,0.11653953135601114,11.244355388569073,4.5503479114849865,0.014426048259867806,0.0,0.0,NaClIWater/data/S0_NaClIWater_matrix_BC_s_loss_split0.csv,0,0.26561463553939824,0.1533526813293759,0.1071477368778762,0.061861774729501016,3
NaClIWater,NaCl/NaI/water,"BC S-loss, fixed kappa_D",0.005,298.15,I,NaCl,neutral ion-pair NaCl: mu_Na + mu_Cl,0.0425,0.07,0.07,11.65198423188392,kJ/mol,4.700357486129091,0.1207643066077253,11.65198423188392,4.714783534388959,0.014426048259867806,0.0,0.0,NaClIWater/data/S0_NaClIWater_matrix_BC_s_loss_split0.csv,0,0.25652304699699485,0.14810365023705802,0.10348023137703988,0.05974433944133874,3
NaClIWater,NaCl/NaI/water,"BC S-loss, fixed kappa_D",0.005,298.15,I,NaCl,neutral ion-pair NaCl: mu_Na + mu_Cl,0.045,0.0,0.0,1.9774786868355902,kJ/mol,0.7977059155207573,0.020495122349529993,1.9774786868355902,0.8121319637806251,0.014426048259867806,0.0,0.0,NaClIWater/data/S0_NaClIWater_matrix_BC_s_loss_split0.csv,0,0.2871216833536756,0.16576978117442312,0.11582358222632377,0.06687077637687479,3
NaClIWater,NaCl/NaI/water,"BC S-loss, fixed kappa_D",0.005,298.15,I,NaCl,neutral ion-pair NaCl: mu_Na + mu_Cl,0.045,0.0025,0.0025,2.2320618816009703,kJ/mol,0.9004036193233173,0.023133691229986653,2.2320618816009703,0.9148296675831851,0.014426048259867806,0.0,0.0,NaClIWater/data/S0_NaClIWater_matrix_BC_s_loss_split0.csv,0,0.27398825855933756,0.15818719483403035,0.11052561834977989,0.06381199550659526,3
NaClIWater,NaCl/NaI/water,"BC S-loss, fixed kappa_D",0.005,298.15,I,NaCl,neutral ion-pair NaCl: mu_Na + mu_Cl,0.045,0.005,0.005,2.4973909459907335,kJ/mol,1.0074361580972229,0.025883633200919583,2.4973909459907335,1.0218622063570906,0.014426048259867806,0.0,0.0,NaClIWater/data/S0_NaClIWater_matrix_BC_s_loss_split0.csv,0,0.2725351971111828,0.1573482694157891,0.10993945996510315,0.06347357680541439,3
NaClIWater,NaCl/NaI/water,"BC S-loss, fixed kappa_D",0.005,298.15,I,NaCl,neutral ion-pair NaCl: mu_Na + mu_Cl,0.045,0.0075,0.0075,2.773730789178429,kJ/mol,1.1189103949991908,0.028747693852437806,2.773730789178429,1.1333364432590585,0.014426048259867806,0.0,0.0,NaClIWater/data/S0_NaClIWater_matrix_BC_s_loss_split0.csv,0,0.2788898913141542,0.16101715382449241,0.11250291472736282,0.06495358810246044,3
NaClIWater,NaCl/NaI/water,"BC S-loss, fixed kappa_D",0.005,298.15,I,NaCl,neutral ion-pair NaCl: mu_Na + mu_Cl,0.045,0.01,0.01,3.0610152974503433,kJ/mol,1.2347996600575661,0.03172518796418444,3.0610152974503433,1.2492257083174338,0.014426048259867806,0.0,0.0,NaClIWater/data/S0_NaClIWater_matrix_BC_s_loss_split0.csv,0,0.28944623313870826,0.1671118606185564,0.11676129504557567,0.06741216512549243,3
NaClIWater,NaCl/NaI/water,"BC S-loss, fixed kappa_D",0.005,298.15,I,NaCl,neutral ion-pair NaCl: mu_Na + mu_Cl,0.045,0.0125,0.0125,3.358912050673687,kJ/mol,1.3549698565014816,0.034812670244264154,3.358912050673687,1.3693959047613493,0.014426048259867806,0.0,0.0,NaClIWater/data/S0_NaClIWater_matrix_BC_s_loss_split0.csv,0,0.30133215142945763,0.17397419874328646,0.12155602046792621,0.07018040113877687,3
NaClIWater,NaCl/NaI/water,"BC S-loss, fixed kappa_D",0.005,298.15,I,NaCl,neutral ion-pair NaCl: mu_Na + mu_Cl,0.045,0.015,0.015,3.6668918623880447,kJ/mol,1.4792075129177187,0.03800465606150283,3.6668918623880447,1.4936335611775864,0.014426048259867806,0.0,0.0,NaClIWater/data/S0_NaClIWater_matrix_BC_s_loss_split0.csv,0,0.31249936171679404,0.18042159060877727,0.12606082234790372,0.07278124971682781,3
NaClIWater,NaCl/NaI/water,"BC S-loss, fixed kappa_D",0.005,298.15,I,NaCl,neutral ion-pair NaCl: mu_Na + mu_Cl,0.045,0.0175,0.0175,3.984299203151675,kJ/mol,1.6072481917085653,0.04129435133199877,3.984299203151675,1.621674239968433,0.014426048259867806,0.0,0.0,NaClIWater/data/S0_NaClIWater_matrix_BC_s_loss_split0.csv,0,0.32162392319515914,0.18568965863454867,0.12974162898125985,0.07490636441743093,3
NaClIWater,NaCl/NaI/water,"BC S-loss, fixed kappa_D",0.005,298.15,I,NaCl,neutral ion-pair NaCl: mu_Na + mu_Cl,0.045,0.02,0.02,4.3104196881146075,kJ/mol,1.7388037132720997,0.04467435197852865,4.3104196881146075,1.7532297615319674,0.014426048259867806,0.0,0.0,NaClIWater/data/S0_NaClIWater_matrix_BC_s_loss_split0.csv,0,0.3279688985669434,0.18935293187344984,0.1323011632111864,0.07638411219407909,3
NaClIWater,NaCl/NaI/water,"BC S-loss, fixed kappa_D",0.005,298.15,I,NaCl,neutral ion-pair NaCl: mu_Na + mu_Cl,0.045,0.0225,0.0225,4.644541138414074,kJ/mol,1.8735867878916135,0.048137276787315386,4.644541138414074,1.8880128361514812,0.014426048259867806,0.0,0.0,NaClIWater/data/S0_NaClIWater_matrix_BC_s_loss_split0.csv,0,0.3312632944819519,0.19125495224179723,0.13363010755175714,0.07715137856684563,3
NaClIWater,NaCl/NaI/water,"BC S-loss, fixed kappa_D",0.005,298.15,I,NaCl,neutral ion-pair NaCl: mu_Na + mu_Cl,0.045,0.025,0.025,4.986005177992067,kJ/mol,2.011331829657328,0.05167630217135866,4.986005177992067,2.025757877917196,0.014426048259867806,0.0,0.0,NaClIWater/data/S0_NaClIWater_matrix_BC_s_loss_split0.csv,0,0.3316015190903404,0.19145022631049688,0.1337665458217029,0.07723015123872658,3
NaClIWater,NaCl/NaI/water,"BC S-loss, fixed kappa_D",0.005,298.15,I,NaCl,neutral ion-pair NaCl: mu_Na + mu_Cl,0.045,0.0275,0.0275,5.334246921938718,kJ/mol,2.1518109665637497,0.05528557351112794,5.334246921938718,2.1662370148236176,0.014426048259867806,0.0,0.0,NaClIWater/data/S0_NaClIWater_matrix_BC_s_loss_split0.csv,0,0.32935468989193434,0.190153018867974,0.13286018513389114,0.07670686365163557,3
NaClIWater,NaCl/NaI/water,"BC S-loss, fixed kappa_D",0.005,298.15,I,NaCl,neutral ion-pair NaCl: mu_Na + mu_Cl,0.045,0.03,0.03,5.6888209948153285,kJ/mol,2.294844536182939,0.058960474815478385,5.6888209948153285,2.3092705844428068,0.014426048259867806,0.0,0.0,NaClIWater/data/S0_NaClIWater_matrix_BC_s_loss_split0.csv,0,0.32508656652056916,0.1876888166905818,0.13113844356257823,0.07571281569196309,3
NaClIWater,NaCl/NaI/water,"BC S-loss, fixed kappa_D",0.005,298.15,I,NaCl,neutral ion-pair NaCl: mu_Na + mu_Cl,0.045,0.0325,0.0325,6.049412855741781,kJ/mol,2.4403056541533013,0.06269774609791057,6.049412855741781,2.454731702413169,0.014426048259867806,0.0,0.0,NaClIWater/data/S0_NaClIWater_matrix_BC_s_loss_split0.csv,0,0.3194714332334155,0.184446917975708,0.1288733243127886,0.07440504848335046,3
NaClIWater,NaCl/NaI/water,"BC S-loss, fixed kappa_D",0.005,298.15,I,NaCl,neutral ion-pair NaCl: mu_Na + mu_Cl,0.045,0.034999999999999996,0.034999999999999996,6.41583516743389,kJ/mol,2.5881187494657607,0.06649544574429456,6.41583516743389,2.6025447977256286,0.014426048259867806,0.0,0.0,NaClIWater/data/S0_NaClIWater_matrix_BC_s_loss_split0.csv,0,0.3132151020559747,0.1808348234862731,0.12634954874801238,0.07294794598165269,3
NaClIWater,NaCl/NaI/water,"BC S-loss, fixed kappa_D",0.005,298.15,I,NaCl,neutral ion-pair NaCl: mu_Na + mu_Cl,0.045,0.0375,0.0375,6.7880096863086985,kJ/mol,2.738252259014534,0.07035276281703771,6.7880096863086985,2.752678307274402,0.014426048259867806,0.0,0.0,NaClIWater/data/S0_NaClIWater_matrix_BC_s_loss_split0.csv,0,0.3069822523065395,0.17723628600561822,0.12383524548458105,0.07149631231568626,3
NaClIWater,NaCl/NaI/water,"BC S-loss, fixed kappa_D",0.005,298.15,I,NaCl,neutral ion-pair NaCl: mu_Na + mu_Cl,0.045,0.04,0.04,7.165935840535415,kJ/mol,2.890705952125678,0.07426969138953154,7.165935840535415,2.905132000385546,0.014426048259867806,0.0,0.0,NaClIWater/data/S0_NaClIWater_matrix_BC_s_loss_split0.csv,0,0.301333423467269,0.17397493315465926,0.12155653360219855,0.07018069739698712,3
NaClIWater,NaCl/NaI/water,"BC S-loss, fixed kappa_D",0.005,298.15,I,NaCl,neutral ion-pair NaCl: mu_Na + mu_Cl,0.045,0.0425,0.0425,7.549647773214662,kJ/mol,3.04549360197082,0.07824658533007778,7.549647773214662,3.059919650230688,0.014426048259867806,0.0,0.0,NaClIWater/data/S0_NaClIWater_matrix_BC_s_loss_split0.csv,0,0.2966738425144687,0.17128472283724916,0.11967687982153255,0.06909547878073631,3
NaClIWater,NaCl/NaI/water,"BC S-loss, fixed kappa_D",0.005,298.15,I,NaCl,neutral ion-pair NaCl: mu_Na + mu_Cl,0.045,0.045,0.045,7.939162128202837,kJ/mol,3.202621922605991,0.08228361714009225,7.939162128202837,3.217047970865859,0.014426048259867806,0.0,0.0,NaClIWater/data/S0_NaClIWater_matrix_BC_s_loss_split0.csv,0,0.2932153309087698,0.16928795023070345,0.11828173195716885,0.0682899897856866,3
NaClIWater,NaCl/NaI/water,"BC S-loss, fixed kappa_D",0.005,298.15,I,NaCl,neutral ion-pair NaCl: mu_Na + mu_Cl,0.045,0.0475,0.0475,8.334419231675273,kJ/mol,3.3620668418815107,0.08638016834396467,8.334419231675273,3.3764928901413787,0.014426048259867806,0.0,0.0,NaClIWater/data/S0_NaClIWater_matrix_BC_s_loss_split0.csv,0,0.2909534072331786,0.16798202798771447,0.11736928222585867,0.06776318668769267,3
NaClIWater,NaCl/NaI/water,"BC S-loss, fixed kappa_D",0.005,298.15,I,NaCl,neutral ion-pair NaCl: mu_Na + mu_Cl,0.045,0.05,0.05,8.735220566291233,kJ/mol,3.523748278804298,0.09053418145444425,8.735220566291233,3.538174327064166,0.014426048259867806,0.0,0.0,NaClIWater/data/S0_NaClIWater_matrix_BC_s_loss_split0.csv,0,0.2896645576563999,0.16723791033761637,0.11684936616382603,0.06746301300932211,3
NaClIWater,NaCl/NaI/water,"BC S-loss, fixed kappa_D",0.005,298.15,I,NaCl,neutral ion-pair NaCl: mu_Na + mu_Cl,0.045,0.052500000000000005,0.052500000000000005,9.14116554814568,kJ/mol,3.6875046396475355,0.09474150471191933,9.14116554814568,3.7019306879074034,0.014426048259867806,0.0,0.0,NaClIWater/data/S0_NaClIWater_matrix_BC_s_loss_split0.csv,0,0.2889313184573581,0.16681457448866918,0.11655358080317414,0.06729224125172739,3
NaClIWater,NaCl/NaI/water,"BC S-loss, fixed kappa_D",0.005,298.15,I,NaCl,neutral ion-pair NaCl: mu_Na + mu_Cl,0.045,0.055,0.055,9.551590565456031,kJ/mol,3.8530682264339435,0.09899526026492822,9.551590565456031,3.8674942746938115,0.014426048259867806,0.0,0.0,NaClIWater/data/S0_NaClIWater_matrix_BC_s_loss_split0.csv,0,0.28820190588622946,0.16639344794437777,0.11625933908683182,0.06712236071759034,3
NaClIWater,NaCl/NaI/water,"BC S-loss, fixed kappa_D",0.005,298.15,I,NaCl,neutral ion-pair NaCl: mu_Na + mu_Cl,0.045,0.0575,0.0575,9.965513113487491,kJ/mol,4.020042701218547,0.10328526516946113,9.965513113487491,4.034468749478415,0.014426048259867806,0.0,0.0,NaClIWater/data/S0_NaClIWater_matrix_BC_s_loss_split0.csv,0,0.28688436417363694,0.16563276488194392,0.11572784874760474,0.06681550462716589,3
NaClIWater,NaCl/NaI/water,"BC S-loss, fixed kappa_D",0.005,298.15,I,NaCl,neutral ion-pair NaCl: mu_Na + mu_Cl,0.045,0.06,0.06,10.381583566045501,kJ/mol,4.187883630927904,0.10759753153570273,10.381583566045501,4.202309679187771,0.014426048259867806,0.0,0.0,NaClIWater/data/S0_NaClIWater_matrix_BC_s_loss_split0.csv,0,0.28446295661672144,0.16423476457714098,0.11475106394335043,0.06625155765748933,3
NaClIWater,NaCl/NaI/water,"BC S-loss, fixed kappa_D",0.005,298.15,I,NaCl,neutral ion-pair NaCl: mu_Na + mu_Cl,0.045,0.0625,0.0625,10.798046789212599,kJ/mol,4.355883002516001,0.1119138686824499,10.798046789212599,4.370309050775869,0.014426048259867806,0.0,0.0,NaClIWater/data/S0_NaClIWater_matrix_BC_s_loss_split0.csv,0,0.28060838559869217,0.16200932696227124,0.113196147511964,0.065353826237261,3
NaClIWater,NaCl/NaI/water,"BC S-loss, fixed kappa_D",0.005,298.15,I,NaCl,neutral ion-pair NaCl: mu_Na + mu_Cl,0.045,0.065,0.065,11.21271537704349,kJ/mol,4.523158426365281,0.1162116057446383,11.21271537704349,4.537584474625149,0.014426048259867806,0.0,0.0,NaClIWater/data/S0_NaClIWater_matrix_BC_s_loss_split0.csv,0,0.2752357359333314,0.15890742623171364,0.11102884505322701,0.06410253357929387,3
NaClIWater,NaCl/NaI/water,"BC S-loss, fixed kappa_D",0.005,298.15,I,NaCl,neutral ion-pair NaCl: mu_Na + mu_Cl,0.045,0.0675,0.0675,11.622955816048206,kJ/mol,4.688647555102021,0.12046344827831491,11.622955816048206,4.703073603361888,0.014426048259867806,0.0,0.0,NaClIWater/data/S0_NaClIWater_matrix_BC_s_loss_split0.csv,0,0.2684521098732304,0.15499089789983259,0.10829236112910318,0.06252262384906788,3
NaClIWater,NaCl/NaI/water,"BC S-loss, fixed kappa_D",0.005,298.15,I,NaCl,neutral ion-pair NaCl: mu_Na + mu_Cl,0.045,0.07,0.07,12.02568840856188,kJ/mol,4.85110805268405,0.12463747746642184,12.02568840856188,4.8655341009439175,0.014426048259867806,0.0,0.0,NaClIWater/data/S0_NaClIWater_matrix_BC_s_loss_split0.csv,0,0.2603527996261771,0.15031475894844604,0.10502513618315377,0.06063629064702094,3
NaClIWater,NaCl/NaI/water,"BC S-loss, fixed kappa_D",0.005,298.15,I,NaCl,neutral ion-pair NaCl: mu_Na + mu_Cl,0.0475,0.0,0.0,2.1887993606674607,kJ/mol,0.8829517149873842,0.022685306797029625,2.1887993606674607,0.897377763247252,0.014426048259867806,0.0,0.0,NaClIWater/data/S0_NaClIWater_matrix_BC_s_loss_split0.csv,0,0.2908624525625588,0.1679295152841481,0.11733259152507847,0.06774200330172046,3
NaClIWater,NaCl/NaI/water,"BC S-loss, fixed kappa_D",0.005,298.15,I,NaCl,neutral ion-pair NaCl: mu_Na + mu_Cl,0.0475,0.0025,0.0025,2.449733176065062,kJ/mol,0.9882112302922758,0.025389695222202135,2.449733176065062,1.0026372785521436,0.014426048259867806,0.0,0.0,NaClIWater/data/S0_NaClIWater_matrix_BC_s_loss_split0.csv,0,0.2748699469934624,0.15869623788881368,0.1108812874572296,0.06401734116152379,3
NaClIWater,NaCl/NaI/water,"BC S-loss, fixed kappa_D",0.005,298.15,I,NaCl,neutral ion-pair NaCl: mu_Na + mu_Cl,0.0475,0.005,0.005,2.7220526029267784,kJ/mol,1.0980636495193228,0.028212087194788182,2.7220526029267784,1.1124896977791905,0.014426048259867806,0.0,0.0,NaClIWater/data/S0_NaClIWater_matrix_BC_s_loss_split0.csv,0,0.27092732251053475,0.1564199625822818,0.10929085065826653,0.06309910204751337,3
NaClIWater,NaCl/NaI/water,"BC S-loss, fixed kappa_D",0.005,298.15,I,NaCl,neutral ion-pair NaCl: mu_Na + mu_Cl,0.0475,0.0075,0.0075,3.0059046123735675,kJ/mol,1.2125682601508017,0.03115400596311702,3.0059046123735675,1.2269943084106694,0.014426048259867806,0.0,0.0,NaClIWater/data/S0_NaClIWater_matrix_BC_s_loss_split0.csv,0,0.2751711620612006,0.15887014448925632,0.11100279624666855,0.06408749429381527,3
NaClIWater,NaCl/NaI/water,"BC S-loss, fixed kappa_D",0.005,298.15,I,NaCl,neutral ion-pair NaCl: mu_Na + mu_Cl,0.0475,0.01,0.01,3.3011111815264966,kJ/mol,1.331653248566385,0.03421360645006644,3.3011111815264966,1.3460792968262527,0.014426048259867806,0.0,0.0,NaClIWater/data/S0_NaClIWater_matrix_BC_s_loss_split0.csv,0,0.2839465885793794,0.1639366393517806,0.11454276342374642,0.06613129529642361,3
NaClIWater,NaCl/NaI/water,"BC S-loss, fixed kappa_D",0.005,298.15,I,NaCl,neutral ion-pair NaCl: mu_Na + mu_Cl,0.0475,0.0125,0.0125,3.607235229455028,kJ/mol,1.4551422983050293,0.037386358631010815,3.607235229455028,1.469568346564897,0.014426048259867806,0.0,0.0,NaClIWater/data/S0_NaClIWater_matrix_BC_s_loss_split0.csv,0,0.29433616848728805,0.1699350661083788,0.1187338727426421,0.06855103338989119,3
NaClIWater,NaCl/NaI/water,"BC S-loss, fixed kappa_D",0.005,298.15,I,NaCl,neutral ion-pair NaCl: mu_Na + mu_Cl,0.0475,0.015,0.015,3.9236513878492922,kJ/mol,1.5827831386325504,0.04066578102015228,3.9236513878492922,1.597209186892418,0.014426048259867806,0.0,0.0,NaClIWater/data/S0_NaClIWater_matrix_BC_s_loss_split0.csv,0,0.30428411610220046,0.1756785163417328,0.12274682960156276,0.07086791511263539,3
NaClIWater,NaCl/NaI/water,"BC S-loss, fixed kappa_D",0.005,298.15,I,NaCl,neutral ion-pair NaCl: mu_Na + mu_Cl,0.0475,0.0175,0.0175,4.249617588935112,kJ/mol,1.7142764227812082,0.04404418262697618,4.249617588935112,1.7287024710410759,0.014426048259867806,0.0,0.0,NaClIWater/data/S0_NaClIWater_matrix_BC_s_loss_split0.csv,0,0.3124946525597246,0.1804188717756756,0.12605892269534288,0.07278015295191044,3
NaClIWater,NaCl/NaI/water,"BC S-loss, fixed kappa_D",0.005,298.15,I,NaCl,neutral ion-pair NaCl: mu_Na + mu_Cl,0.0475,0.02,0.02,4.584343569203715,kJ/mol,1.8493033620429555,0.04751337294737823,4.584343569203715,1.8637294103028232,0.014426048259867806,0.0,0.0,NaClIWater/data/S0_NaClIWater_matrix_BC_s_loss_split0.csv,0,0.3182758190600703,0.18375662981088023,0.1283910189887881,0.07412658937470717,3
NaClIWater,NaCl/NaI/water,"BC S-loss, fixed kappa_D",0.005,298.15,I,NaCl,neutral ion-pair NaCl: mu_Na + mu_Cl,0.0475,0.0225,0.0225,4.927052660307986,kJ/mol,1.987550651936173,0.05106530238117557,4.927052660307986,2.0019767001960407,0.014426048259867806,0.0,0.0,NaClIWater/data/S0_NaClIWater_matrix_BC_s_loss_split0.csv,0,0.32139831043696876,0.18555940104787483,0.12965061781991397,0.07485381909892862,3
NaClIWater,NaCl/NaI/water,"BC S-loss, fixed kappa_D",0.005,298.15,I,NaCl,neutral ion-pair NaCl: mu_Na + mu_Cl,0.0475,0.025,0.025,5.277033691216225,kJ/mol,2.128731409298625,0.054692600160024085,5.277033691216225,2.143157457558493,0.014426048259867806,0.0,0.0,NaClIWater/data/S0_NaClIWater_matrix_BC_s_loss_split0.csv,0,0.321979789596951,0.18589511819741875,0.12988518387049036,0.07498924587137165,3
NaClIWater,NaCl/NaI/water,"BC S-loss, fixed kappa_D",0.005,298.15,I,NaCl,neutral ion-pair NaCl: mu_Na + mu_Cl,0.0475,0.0275,0.0275,5.63368038816661,kJ/mol,2.2726010660500324,0.05838898269917081,5.63368038816661,2.2870271143099004,0.014426048259867806,0.0,0.0,NaClIWater/data/S0_NaClIWater_matrix_BC_s_loss_split0.csv,0,0.3203873913434405,0.18497574663709737,0.129242817651756,0.07461837556206705,3
NaClIWater,NaCl/NaI/water,"BC S-loss, fixed kappa_D",0.005,298.15,I,NaCl,neutral ion-pair NaCl: mu_Na + mu_Cl,0.0475,0.03,0.03,5.996516365200842,kJ/mol,2.4189674502597778,0.06214951260608358,5.996516365200842,2.4333934985196457,0.014426048259867806,0.0,0.0,NaClIWater/data/S0_NaClIWater_matrix_BC_s_loss_split0.csv,0,0.3171506989222016,0.18310704139641107,0.1279371506383356,0.07386454836039677,3
NaClIWater,NaCl/NaI/water,"BC S-loss, fixed kappa_D",0.005,298.15,I,NaCl,neutral ion-pair NaCl: mu_Na + mu_Cl,0.0475,0.0325,0.0325,6.365204526108409,kJ/mol,2.56769457884849,0.0659706961247366,6.365204526108409,2.582120627108358,0.014426048259867806,0.0,0.0,NaClIWater/data/S0_NaClIWater_matrix_BC_s_loss_split0.csv,0,0.31288134846131993,0.18064213075855617,0.12621491406468816,0.07287021461099319,3
NaClIWater,NaCl/NaI/water,"BC S-loss, fixed kappa_D",0.005,298.15,I,NaCl,neutral ion-pair NaCl: mu_Na + mu_Cl,0.0475,0.034999999999999996,0.034999999999999996,6.739540506608603,kJ/mol,2.7187000121940756,0.06985041516861656,6.739540506608603,2.7331260604539436,0.014426048259867806,0.0,0.0,NaClIWater/data/S0_NaClIWater_matrix_BC_s_loss_split0.csv,0,0.3081989588712025,0.1779387518682512,0.12432605938338351,0.07177968385228187,3
NaClIWater,NaCl/NaI/water,"BC S-loss, fixed kappa_D",0.005,298.15,I,NaCl,neutral ion-pair NaCl: mu_Na + mu_Cl,0.0475,0.0375,0.0375,7.119430547994697,kJ/mol,2.8719459284603315,0.0737876979972043,7.119430547994697,2.8863719767201994,0.014426048259867806,0.0,0.0,NaClIWater/data/S0_NaClIWater_matrix_BC_s_loss_split0.csv,0,0.3036650992065776,0.17532112677041198,0.12249712099902105,0.07072374578373897,3
NaClIWater,NaCl/NaI/water,"BC S-loss, fixed kappa_D",0.005,298.15,I,NaCl,neutral ion-pair NaCl: mu_Na + mu_Cl,0.0475,0.04,0.04,7.504854963891161,kJ/mol,3.0274243862528345,0.0777823405755953,7.504854963891161,3.0418504345127024,0.014426048259867806,0.0,0.0,NaClIWater/data/S0_NaClIWater_matrix_BC_s_loss_split0.csv,0,0.2997275509213322,0.17304778220797842,0.12090873191513388,0.06980668891857884,3
NaClIWater,NaCl/NaI/water,"BC S-loss, fixed kappa_D",0.005,298.15,I,NaCl,neutral ion-pair NaCl: mu_Na + mu_Cl,0.0475,0.0425,0.0425,7.8958190064954366,kJ/mol,3.1851375042841643,0.08183439733898012,7.8958190064954366,3.1995635525440322,0.014426048259867806,0.0,0.0,NaClIWater/data/S0_NaClIWater_matrix_BC_s_loss_split0.csv,0,0.29667697007137817,0.17128652853307275,0.11967814146377663,0.06909620719022555,3
NaClIWater,NaCl/NaI/water,"BC S-loss, fixed kappa_D",0.005,298.15,I,NaCl,neutral ion-pair NaCl: mu_Na + mu_Cl,0.0475,0.045,0.045,8.292293528024187,kJ/mol,3.3450735244709855,0.08594356619187238,8.292293528024187,3.3594995727308534,0.014426048259867806,0.0,0.0,NaClIWater/data/S0_NaClIWater_matrix_BC_s_loss_split0.csv,0,0.29461829443279686,0.1700979515989637,0.1188476810669251,0.068616740656552,3
NaClIWater,NaCl/NaI/water,"BC S-loss, fixed kappa_D",0.005,298.15,I,NaCl,neutral ion-pair NaCl: mu_Na + mu_Cl,0.0475,0.0475,0.0475,8.694148287468463,kJ/mol,3.507179908182176,0.09010849728133508,8.694148287468463,3.521605956442044,0.014426048259867806,0.0,0.0,NaClIWater/data/S0_NaClIWater_matrix_BC_s_loss_split0.csv,0,0.293460530471019,0.1694295162639732,0.11838064434625892,0.06834709688015395,3
NaClIWater,NaCl/NaI/water,"BC S-loss, fixed kappa_D",0.005,298.15,I,NaCl,neutral ion-pair NaCl: mu_Na + mu_Cl,0.0475,0.05,0.05,9.101081064219247,kJ/mol,3.671334740997512,0.09432605831148066,9.101081064219247,3.68576078925738,0.014426048259867806,0.0,0.0,NaClIWater/data/S0_NaClIWater_matrix_BC_s_loss_split0.csv,0,0.29293020272889186,0.1691233313992974,0.11816671254518561,0.06822358329721605,3
NaClIWater,NaCl/NaI/water,"BC S-loss, fixed kappa_D",0.005,298.15,I,NaCl,neutral ion-pair NaCl: mu_Na + mu_Cl,0.0475,0.052500000000000005,0.052500000000000005,9.512545918317958,kJ/mol,3.837317793218755,0.09859059101336243,9.512545918317958,3.851743841478623,0.014426048259867806,0.0,0.0,NaClIWater/data/S0_NaClIWater_matrix_BC_s_loss_split0.csv,0,0.2926137543203663,0.1689406298254505,0.11803905869530126,0.06814988231262223,3
NaClIWater,NaCl/NaI/water,"BC S-loss, fixed kappa_D",0.005,298.15,I,NaCl,neutral ion-pair NaCl: mu_Na + mu_Cl,0.0475,0.055,0.055,9.92768396499207,kJ/mol,4.004782594631912,0.10289319367359441,9.92768396499207,4.01920864289178,0.014426048259867806,0.0,0.0,NaClIWater/data/S0_NaClIWater_matrix_BC_s_loss_split0.csv,0,0.29203037322623393,0.16860381459371304,0.11780372541313225,0.06801401257881266,3
NaClIWater,NaCl/NaI/water,"BC S-loss, fixed kappa_D",0.005,298.15,I,NaCl,neutral ion-pair NaCl: mu_Na + mu_Cl,0.0475,0.0575,0.0575,10.34525992708286,kJ/mol,4.173230840044931,0.10722106354660356,10.34525992708286,4.187656888304798,0.014426048259867806,0.0,0.0,NaClIWater/data/S0_NaClIWater_matrix_BC_s_loss_split0.csv,0,0.2907280960591391,0.16785194452073132,0.11727839272218891,0.06771071160828242,3
NaClIWater,NaCl/NaI/water,"BC S-loss, fixed kappa_D",0.005,298.15,I,NaCl,neutral ion-pair NaCl: mu_Na + mu_Cl,0.0475,0.06,0.06,10.763607485589716,kJ/mol,4.341990343945632,0.11155693045293448,10.763607485589716,4.3564163922054995,0.014426048259867806,0.0,0.0,NaClIWater/data/S0_NaClIWater_matrix_BC_s_loss_split0.csv,0,0.2883830247379425,0.1664980169621696,0.11633240160850918,0.06716454338414843,3
NaClIWater,NaCl/NaI/water,"BC S-loss, fixed kappa_D",0.005,298.15,I,NaCl,neutral ion-pair NaCl: mu_Na + mu_Cl,0.0475,0.0625,0.0625,11.180586108139986,kJ/mol,4.510197625302643,0.11587860933786942,11.180586108139986,4.524623673562511,0.014426048259867806,0.0,0.0,NaClIWater/data/S0_NaClIWater_matrix_BC_s_loss_split0.csv,0,0.28486577567374954,0.16446733226815086,0.1149135593203247,0.0663453744071275,3
NaClIWater,NaCl/NaI/water,"BC S-loss, fixed kappa_D",0.005,298.15,I,NaCl,neutral ion-pair NaCl: mu_Na + mu_Cl,0.0475,0.065,0.065,11.593551589935142,kJ/mol,4.676786023916956,0.12015869494985054,11.593551589935142,4.691212072176824,0.014426048259867806,0.0,0.0,NaClIWater/data/S0_NaClIWater_matrix_BC_s_loss_split0.csv,0,0.2802262347537057,0.16178869206904728,0.11304198959779989,0.06526482312402064,3
NaClIWater,NaCl/NaI/water,"BC S-loss, fixed kappa_D",0.005,298.15,I,NaCl,neutral ion-pair NaCl: mu_Na + mu_Cl,0.0475,0.0675,0.0675,11.9993420319455,kJ/mol,4.840480044089402,0.12436441651470886,11.9993420319455,4.854906092349269,0.014426048259867806,0.0,0.0,NaClIWater/data/S0_NaClIWater_matrix_BC_s_loss_split0.csv,0,0.27455322925703374,0.15851338081842947,0.11075352496169337,0.0639435774503336,3
NaClIWater,NaCl/NaI/water,"BC S-loss, fixed kappa_D",0.005,298.15,I,NaCl,neutral ion-pair NaCl: mu_Na + mu_Cl,0.05,0.0,0.0,2.4058873851558253,kJ/mol,0.9705240374988335,0.024935265621934377,2.4058873851558253,0.9849500857587014,0.014426048259867806,0.0,0.0,NaClIWater/data/S0_NaClIWater_matrix_BC_s_loss_split0.csv,0,0.2904700034412715,0.16770293467832964,0.11717427933305538,0.06765060171503993,3
NaClIWater,NaCl/NaI/water,"BC S-loss, fixed kappa_D",0.005,298.15,I,NaCl,neutral ion-pair NaCl: mu_Na + mu_Cl,0.05,0.0025,0.0025,2.673990807808576,kJ/mol,1.078675739787821,0.027713961790027497,2.673990807808576,1.0931017880476888,0.014426048259867806,0.0,0.0,NaClIWater/data/S0_NaClIWater_matrix_BC_s_loss_split0.csv,0,0.27257153484032154,0.15736924901348912,0.10995411843989907,0.06348203987978372,3
NaClIWater,NaCl/NaI/water,"BC S-loss, fixed kappa_D",0.005,298.15,I,NaCl,neutral ion-pair NaCl: mu_Na + mu_Cl,0.05,0.005,0.005,2.9539473882929657,kJ/mol,1.1916089520788358,0.030615507282163897,2.9539473882929657,1.2060350003387035,0.014426048259867806,0.0,0.0,NaClIWater/data/S0_NaClIWater_matrix_BC_s_loss_split0.csv,0,0.26678239730246245,0.1540268888976304,0.10761880666614576,0.06213374699856555,3
NaClIWater,NaCl/NaI/water,"BC S-loss, fixed kappa_D",0.005,298.15,I,NaCl,neutral ion-pair NaCl: mu_Na + mu_Cl,0.05,0.0075,0.0075,3.2457934629452305,kJ/mol,1.309338332284783,0.03364027869793063,3.2457934629452305,1.3237643805446506,0.014426048259867806,0.0,0.0,NaClIWater/data/S0_NaClIWater_matrix_BC_s_loss_split0.csv,0,0.26933861328730946,0.15550272088458864,0.10864997257758433,0.06272909091511378,3
NaClIWater,NaCl/NaI/water,"BC S-loss, fixed kappa_D",0.005,298.15,I,NaCl,neutral ion-pair NaCl: mu_Na + mu_Cl,0.05,0.01,0.01,3.5492499317963984,kJ/mol,1.4317512927465625,0.036785383369988274,3.5492499317963984,1.4461773410064303,0.014426048259867806,0.0,0.0,NaClIWater/data/S0_NaClIWater_matrix_BC_s_loss_split0.csv,0,0.27662507945637793,0.15970956408874143,0.11158929991648435,0.06442611234546412,3
NaClIWater,NaCl/NaI/water,"BC S-loss, fixed kappa_D",0.005,298.15,I,NaCl,neutral ion-pair NaCl: mu_Na + mu_Cl,0.05,0.0125,0.0125,3.863789105011734,kJ/mol,1.5586349657829548,0.04004535217859485,3.863789105011734,1.5730610140428225,0.014426048259867806,0.0,0.0,NaClIWater/data/S0_NaClIWater_matrix_BC_s_loss_split0.csv,0,0.28574416985082784,0.1649744733827416,0.11526789953945246,0.06654995282802562,3
NaClIWater,NaCl/NaI/water,"BC S-loss, fixed kappa_D",0.005,298.15,I,NaCl,neutral ion-pair NaCl: mu_Na + mu_Cl,0.05,0.015,0.015,4.188706235049761,kJ/mol,1.6897050594384877,0.04341288093019102,4.188706235049761,1.7041311076983554,0.014426048259867806,0.0,0.0,NaClIWater/data/S0_NaClIWater_matrix_BC_s_loss_split0.csv,0,0.29467193539776,0.17012892122452475,0.11886931958841727,0.06862923366276037,3
NaClIWater,NaCl/NaI/water,"BC S-loss, fixed kappa_D",0.005,298.15,I,NaCl,neutral ion-pair NaCl: mu_Na + mu_Cl,0.05,0.0175,0.0175,4.523191654831833,kJ/mol,1.8246349576932073,0.04687957801684206,4.523191654831833,1.839061005953075,0.014426048259867806,0.0,0.0,NaClIWater/data/S0_NaClIWater_matrix_BC_s_loss_split0.csv,0,0.3021607448738469,0.17445258739145336,0.12189027129780954,0.07037338094538685,3
NaClIWater,NaCl/NaI/water,"BC S-loss, fixed kappa_D",0.005,298.15,I,NaCl,neutral ion-pair NaCl: mu_Na + mu_Cl,0.05,0.02,0.02,4.866399517636834,kJ/mol,1.9630834498238072,0.050436676855042606,4.866399517636834,1.977509498083675,0.014426048259867806,0.0,0.0,NaClIWater/data/S0_NaClIWater_matrix_BC_s_loss_split0.csv,0,0.3075711327005387,0.17757627625961414,0.12407279715932454,0.07163346283904586,3
NaClIWater,NaCl/NaI/water,"BC S-loss, fixed kappa_D",0.005,298.15,I,NaCl,neutral ion-pair NaCl: mu_Na + mu_Cl,0.05,0.0225,0.0225,5.21750941851368,kJ/mol,2.10471958820139,0.05407567454665241,5.21750941851368,2.119145636461258,0.014426048259867806,0.0,0.0,NaClIWater/data/S0_NaClIWater_matrix_BC_s_loss_split0.csv,0,0.3107153966539855,0.1793916178995399,0.1253411789488835,0.07236576340668295,3
NaClIWater,NaCl/NaI/water,"BC S-loss, fixed kappa_D",0.005,298.15,I,NaCl,neutral ion-pair NaCl: mu_Na + mu_Cl,0.05,0.025,0.025,5.575777577552359,kJ/mol,2.249243335390402,0.05778886235611935,5.575777577552359,2.26366938365027,0.014426048259867806,0.0,0.0,NaClIWater/data/S0_NaClIWater_matrix_BC_s_loss_split0.csv,0,0.31172991522558346,0.17997735046994984,0.12575043113013668,0.0726020452636959,3
NaClIWater,NaCl/NaI/water,"BC S-loss, fixed kappa_D",0.005,298.15,I,NaCl,neutral ion-pair NaCl: mu_Na + mu_Cl,0.05,0.0275,0.0275,5.940574857313422,kJ/mol,2.396400900206914,0.061569719733370214,5.940574857313422,2.410826948466782,0.014426048259867806,0.0,0.0,NaClIWater/data/S0_NaClIWater_matrix_BC_s_loss_split0.csv,0,0.31097092570399754,0.1795391476653501,0.12544425820639404,0.07242527624375453,3
NaClIWater,NaCl/NaI/water,"BC S-loss, fixed kappa_D",0.005,298.15,I,NaCl,neutral ion-pair NaCl: mu_Na + mu_Cl,0.05,0.03,0.03,6.311409570486343,kJ/mol,2.545993938224359,0.06541315069853226,6.311409570486343,2.5604199864842268,0.014426048259867806,0.0,0.0,NaClIWater/data/S0_NaClIWater_matrix_BC_s_loss_split0.csv,0,0.3089259778696616,0.1783584964827175,0.1246193355433884,0.0719490069222076,3
NaClIWater,NaCl/NaI/water,"BC S-loss, fixed kappa_D",0.005,298.15,I,NaCl,neutral ion-pair NaCl: mu_Na + mu_Cl,0.05,0.0325,0.0325,6.687933807871688,kJ/mol,2.6978821044527734,0.0693155494268467,6.687933807871688,2.7123081527126414,0.014426048259867806,0.0,0.0,NaClIWater/data/S0_NaClIWater_matrix_BC_s_loss_split0.csv,0,0.3061362167405165,0.17674782714383083,0.12349395858209732,0.07129927023066639,3
NaClIWater,NaCl/NaI/water,"BC S-loss, fixed kappa_D",0.005,298.15,I,NaCl,neutral ion-pair NaCl: mu_Na + mu_Cl,0.05,0.034999999999999996,0.034999999999999996,7.069932832609689,kJ/mol,2.851978775018811,0.07327469032759382,7.069932832609689,2.8664048232786787,0.014426048259867806,0.0,0.0,NaClIWater/data/S0_NaClIWater_matrix_BC_s_loss_split0.csv,0,0.3031278514643621,0.17501094664182237,0.12228039770135987,0.07059862052949462,3
NaClIWater,NaCl/NaI/water,"BC S-loss, fixed kappa_D",0.005,298.15,I,NaCl,neutral ion-pair NaCl: mu_Na + mu_Cl,0.05,0.0375,0.0375,7.457297913605068,kJ/mol,3.0082400882927685,0.07728944648238212,7.457297913605068,3.0226661365526364,0.014426048259867806,0.0,0.0,NaClIWater/data/S0_NaClIWater_matrix_BC_s_loss_split0.csv,0,0.30035331628136874,0.17340906800704506,0.12116116281755132,0.06995242996804134,3
NaClIWater,NaCl/NaI/water,"BC S-loss, fixed kappa_D",0.005,298.15,I,NaCl,neutral ion-pair NaCl: mu_Na + mu_Cl,0.05,0.04,0.04,7.849983775770038,kJ/mol,3.166647780509989,0.0813593486479931,7.849983775770038,3.181073828769857,0.014426048259867806,0.0,0.0,NaClIWater/data/S0_NaClIWater_matrix_BC_s_loss_split0.csv,0,0.2981438153655467,0.17213341205852048,0.12026986018929377,0.06943783615568741,3
NaClIWater,NaCl/NaI/water,"BC S-loss, fixed kappa_D",0.005,298.15,I,NaCl,neutral ion-pair NaCl: mu_Na + mu_Cl,0.05,0.0425,0.0425,8.247952573045561,kJ/mol,3.327186584742249,0.08548400457766546,8.247952573045561,3.341612633002117,0.014426048259867806,0.0,0.0,NaClIWater/data/S0_NaClIWater_matrix_BC_s_loss_split0.csv,0,0.29667571372712176,0.1712858031823781,0.11967763466021318,0.06909591458705178,3
NaClIWater,NaCl/NaI/water,"BC S-loss, fixed kappa_D",0.005,298.15,I,NaCl,neutral ion-pair NaCl: mu_Na + mu_Cl,0.05,0.045,0.045,8.651106933806453,kJ/mol,3.4898172217184595,0.08966240508561894,8.651106933806453,3.5042432699783275,0.014426048259867806,0.0,0.0,NaClIWater/data/S0_NaClIWater_matrix_BC_s_loss_split0.csv,0,0.2959541077379227,0.1708691837702652,0.1193865420835439,0.06892785220955266,3
NaClIWater,NaCl/NaI/water,"BC S-loss, fixed kappa_D",0.005,298.15,I,NaCl,neutral ion-pair NaCl: mu_Na + mu_Cl,0.05,0.0475,0.0475,9.059215160828296,kJ/mol,3.654446225831251,0.09389214879934116,9.059215160828296,3.668872274091119,0.014426048259867806,0.0,0.0,NaClIWater/data/S0_NaClIWater_matrix_BC_s_loss_split0.csv,0,0.29581776313470387,0.17079046517689425,0.11933154129023056,0.06889609748672756,3
NaClIWater,NaCl/NaI/water,"BC S-loss, fixed kappa_D",0.005,298.15,I,NaCl,neutral ion-pair NaCl: mu_Na + mu_Cl,0.05,0.05,0.05,9.471832038552693,kJ/mol,3.8208939991476676,0.0981686213847297,9.471832038552693,3.8353200474075355,0.014426048259867806,0.0,0.0,NaClIWater/data/S0_NaClIWater_matrix_BC_s_loss_split0.csv,0,0.29596953433485135,0.1708780903201546,0.11939276510263824,0.06893144507130194,3
NaClIWater,NaCl/NaI/water,"BC S-loss, fixed kappa_D",0.005,298.15,I,NaCl,neutral ion-pair NaCl: mu_Na + mu_Cl,0.05,0.052500000000000005,0.052500000000000005,9.888218951503204,kJ/mol,3.9888625875411896,0.10248416763181466,9.888218951503204,4.0032886358010575,0.014426048259867806,0.0,0.0,NaClIWater/data/S0_NaClIWater_matrix_BC_s_loss_split0.csv,0,0.2960339090842379,0.17091525709904196,0.11941873358398641,0.06894643798099877,3
NaClIWater,NaCl/NaI/water,"BC S-loss, fixed kappa_D",0.005,298.15,I,NaCl,neutral ion-pair NaCl: mu_Na + mu_Cl,0.05,0.055,0.055,10.307267083815278,kJ/mol,4.157904699731124,0.10682729547397685,10.307267083815278,4.1723307479909915,0.014426048259867806,0.0,0.0,NaClIWater/data/S0_NaClIWater_matrix_BC_s_loss_split0.csv,0,0.29563736747901287,0.1706863136965204,0.11925877050254127,0.068854083252866,3
NaClIWater,NaCl/NaI/water,"BC S-loss, fixed kappa_D",0.005,298.15,I,NaCl,neutral ion-pair NaCl: mu_Na + mu_Cl,0.05,0.0575,0.0575,10.727427413116565,kJ/mol,4.327395467132074,0.11118195042564594,10.727427413116565,4.341821515391941,0.014426048259867806,0.0,0.0,NaClIWater/data/S0_NaClIWater_matrix_BC_s_loss_split0.csv,0,0.2944972681936978,0.17002807706724085,0.11879885963208221,0.06858855358800324,3
NaClIWater,NaCl/NaI/water,"BC S-loss, fixed kappa_D",0.005,298.15,I,NaCl,neutral ion-pair NaCl: mu_Na + mu_Cl,0.05,0.06,0.06,11.146650964574869,kJ/mol,4.496508342608396,0.1155268963591425,11.146650964574869,4.510934390868264,0.014426048259867806,0.0,0.0,NaClIWater/data/S0_NaClIWater_matrix_BC_s_loss_split0.csv,0,0.29249167297639184,0.16887014612864382,0.11798981163594664,0.06812144950964703,3
NaClIWater,NaCl/NaI/water,"BC S-loss, fixed kappa_D",0.005,298.15,I,NaCl,neutral ion-pair NaCl: mu_Na + mu_Cl,0.05,0.0625,0.0625,11.562342464972696,kJ/mol,4.664196404738502,0.11983523516300922,11.562342464972696,4.678622452998369,0.014426048259867806,0.0,0.0,NaClIWater/data/S0_NaClIWater_matrix_BC_s_loss_split0.csv,0,0.2896693375574443,0.16724067001477105,0.11685129435418479,0.06746412625054479,3
NaClIWater,NaCl/NaI/water,"BC S-loss, fixed kappa_D",0.005,298.15,I,NaCl,neutral ion-pair NaCl: mu_Na + mu_Cl,0.05,0.065,0.065,11.97133004735734,kJ/mol,4.829180136808373,0.12407409275283499,11.97133004735734,4.84360618506824,0.014426048259867806,0.0,0.0,NaClIWater/data/S0_NaClIWater_matrix_BC_s_loss_split0.csv,0,0.28615712359062784,0.165212892335578,0.11543448320139951,0.06664612995009335,3
NaClIWater,NaCl/NaI/water,"BC S-loss, fixed kappa_D",0.005,298.15,I,NaCl,neutral ion-pair NaCl: mu_Na + mu_Cl,0.052500000000000005,0.0,0.0,2.628786099482747,kJ/mol,1.0604403658841923,0.027245448003213827,2.628786099482747,1.07486641414406,0.014426048259867806,0.0,0.0,NaClIWater/data/S0_NaClIWater_matrix_BC_s_loss_split0.csv,0,0.2864761600046287,0.16539708809508272,0.11556318104093082,0.06672043368239086,3
NaClIWater,NaCl/NaI/water,"BC S-loss, fixed kappa_D",0.005,298.15,I,NaCl,neutral ion-pair NaCl: mu_Na + mu_Cl,0.052500000000000005,0.0025,0.0025,2.9048491334799134,kJ/mol,1.1718029392166736,0.030106639729638122,2.9048491334799134,1.1862289874765413,0.014426048259867806,0.0,0.0,NaClIWater/data/S0_NaClIWater_matrix_BC_s_loss_split0.csv,0,0.2677524573848488,0.15458695334732628,0.10801012449489486,0.06235967445233254,3
NaClIWater,NaCl/NaI/water,"BC S-loss, fixed kappa_D",0.005,298.15,I,NaCl,neutral ion-pair NaCl: mu_Na + mu_Cl,0.052500000000000005,0.005,0.005,3.1930597194999955,kJ/mol,1.2880657798300543,0.03309373196088927,3.1930597194999955,1.302491828089922,0.014426048259867806,0.0,0.0,NaClIWater/data/S0_NaClIWater_matrix_BC_s_loss_split0.csv,0,0.2608821936443486,0.15062040472734475,0.10523869132422713,0.06075958676520647,3
NaClIWater,NaCl/NaI/water,"BC S-loss, fixed kappa_D",0.005,298.15,I,NaCl,neutral ion-pair NaCl: mu_Na + mu_Cl,0.052500000000000005,0.0075,0.0075,3.493353501629526,kJ/mol,1.40920292684131,0.03620605769492614,3.493353501629526,1.4236289751011777,0.014426048259867806,0.0,0.0,NaClIWater/data/S0_NaClIWater_matrix_BC_s_loss_split0.csv,0,0.26227407518234086,0.15142400790798466,0.10580017001117928,0.06108375663626253,3
NaClIWater,NaCl/NaI/water,"BC S-loss, fixed kappa_D",0.005,298.15,I,NaCl,neutral ion-pair NaCl: mu_Na + mu_Cl,0.052500000000000005,0.01,0.01,3.805363214595449,kJ/mol,1.5350662271083453,0.039439810495423444,3.805363214595449,1.549492275368213,0.014426048259867806,0.0,0.0,NaClIWater/data/S0_NaClIWater_matrix_BC_s_loss_split0.csv,0,0.2684375208438954,0.15498247491981879,0.10828647598096974,0.06251922605720883,3
NaClIWater,NaCl/NaI/water,"BC S-loss, fixed kappa_D",0.005,298.15,I,NaCl,neutral ion-pair NaCl: mu_Na + mu_Cl,0.052500000000000005,0.0125,0.0125,4.128486022355735,kJ/mol,1.665412499311423,0.04278874240708319,4.128486022355735,1.6798385475712907,0.014426048259867806,0.0,0.0,NaClIWater/data/S0_NaClIWater_matrix_BC_s_loss_split0.csv,0,0.27656223803675173,0.15967328257820398,0.11156394997339297,0.06441147654899639,3
NaClIWater,NaCl/NaI/water,"BC S-loss, fixed kappa_D",0.005,298.15,I,NaCl,neutral ion-pair NaCl: mu_Na + mu_Cl,0.052500000000000005,0.015,0.015,4.461955246868766,kJ/mol,1.7999324690127605,0.04624490737194265,4.461955246868766,1.8143585172726282,0.014426048259867806,0.0,0.0,NaClIWater/data/S0_NaClIWater_matrix_BC_s_loss_split0.csv,0,0.2846974935417413,0.1643701745339361,0.1148456750730388,0.06630618141868325,3
NaClIWater,NaCl/NaI/water,"BC S-loss, fixed kappa_D",0.005,298.15,I,NaCl,neutral ion-pair NaCl: mu_Na + mu_Cl,0.052500000000000005,0.0175,0.0175,4.804912356545492,kJ/mol,1.938279808470974,0.04979940733710464,4.804912356545492,1.9527058567308417,0.014426048259867806,0.0,0.0,NaClIWater/data/S0_NaClIWater_matrix_BC_s_loss_split0.csv,0,0.291663756195039,0.16839214815206313,0.11765583376885726,0.0679286272981796,3
NaClIWater,NaCl/NaI/water,"BC S-loss, fixed kappa_D",0.005,298.15,I,NaCl,neutral ion-pair NaCl: mu_Na + mu_Cl,0.052500000000000005,0.02,0.02,5.156475138009938,kJ/mol,2.0800986368194567,0.053443098805246336,5.156475138009938,2.0945246850793247,0.014426048259867806,0.0,0.0,NaClIWater/data/S0_NaClIWater_matrix_BC_s_loss_split0.csv,0,0.29688028829651913,0.17140391436508903,0.11976015911180884,0.06914356010139526,3
NaClIWater,NaCl/NaI/water,"BC S-loss, fixed kappa_D",0.005,298.15,I,NaCl,neutral ion-pair NaCl: mu_Na + mu_Cl,0.052500000000000005,0.0225,0.0225,5.515798223397584,kJ/mol,2.2250479365034774,0.05716722015586128,5.515798223397584,2.2394739847633454,0.014426048259867806,0.0,0.0,NaClIWater/data/S0_NaClIWater_matrix_BC_s_loss_split0.csv,0,0.30019957396696223,0.17332030484043662,0.12109914386660921,0.06991662331002005,3
NaClIWater,NaCl/NaI/water,"BC S-loss, fixed kappa_D",0.005,298.15,I,NaCl,neutral ion-pair NaCl: mu_Na + mu_Cl,0.052500000000000005,0.025,0.025,5.882122568039154,kJ/mol,2.3728215123529655,0.06096390444531607,5.882122568039154,2.3872475606128334,0.014426048259867806,0.0,0.0,NaClIWater/data/S0_NaClIWater_matrix_BC_s_loss_split0.csv,0,0.30177143029876663,0.1742278165167313,0.12173322356748123,0.07028270939600618,3
NaClIWater,NaCl/NaI/water,"BC S-loss, fixed kappa_D",0.005,298.15,I,NaCl,neutral ion-pair NaCl: mu_Na + mu_Cl,0.052500000000000005,0.0275,0.0275,6.254811044253756,kJ/mol,2.523162349956907,0.06482654831052058,6.254811044253756,2.537588398216775,0.014426048259867806,0.0,0.0,NaClIWater/data/S0_NaClIWater_matrix_BC_s_loss_split0.csv,0,0.30193416979318716,0.17432177420764278,0.1217988719399528,0.07032061150152451,3
NaClIWater,NaCl/NaI/water,"BC S-loss, fixed kappa_D",0.005,298.15,I,NaCl,neutral ion-pair NaCl: mu_Na + mu_Cl,0.052500000000000005,0.03,0.03,6.633368026424666,kJ/mol,2.6758705161939105,0.06875001495393462,6.633368026424666,2.6902965644537784,0.014426048259867806,0.0,0.0,NaClIWater/data/S0_NaClIWater_matrix_BC_s_loss_split0.csv,0,0.3011256011640864,0.17385494689197317,0.12147269902955339,0.07013229548390304,3
NaClIWater,NaCl/NaI/water,"BC S-loss, fixed kappa_D",0.005,298.15,I,NaCl,neutral ion-pair NaCl: mu_Na + mu_Cl,0.052500000000000005,0.0325,0.0325,7.01744162223742,kJ/mol,2.830804059303513,0.07273065726872119,7.01744162223742,2.845230107563381,0.014426048259867806,0.0,0.0,NaClIWater/data/S0_NaClIWater_matrix_BC_s_loss_split0.csv,0,0.29980856862362065,0.17309455780020377,0.12094141408804822,0.06982555797990864,3
NaClIWater,NaCl/NaI/water,"BC S-loss, fixed kappa_D",0.005,298.15,I,NaCl,neutral ion-pair NaCl: mu_Na + mu_Cl,0.052500000000000005,0.034999999999999996,0.034999999999999996,7.406808081030038,kJ/mol,2.9878727192855177,0.07676615624268379,7.406808081030038,3.0022987675453856,0.014426048259867806,0.0,0.0,NaClIWater/data/S0_NaClIWater_matrix_BC_s_loss_split0.csv,0,0.2984085459223382,0.17228625431674677,0.12037665129282275,0.06949949202805693,3
NaClIWater,NaCl/NaI/water,"BC S-loss, fixed kappa_D",0.005,298.15,I,NaCl,neutral ion-pair NaCl: mu_Na + mu_Cl,0.052500000000000005,0.0375,0.0375,7.801338755748191,kJ/mol,3.147024600502851,0.08085517854306089,7.801338755748191,3.161450648762719,0.014426048259867806,0.0,0.0,NaClIWater/data/S0_NaClIWater_matrix_BC_s_loss_split0.csv,0,0.29726313228966894,0.1716249494475917,0.11991459663879196,0.06923272464917193,3
NaClIWater,NaCl/NaI/water,"BC S-loss, fixed kappa_D",0.005,298.15,I,NaCl,neutral ion-pair NaCl: mu_Na + mu_Cl,0.052500000000000005,0.04,0.04,8.200950873152392,kJ/mol,3.308226312606871,0.08499686628567815,8.200950873152392,3.322652360866739,0.014426048259867806,0.0,0.0,NaClIWater/data/S0_NaClIWater_matrix_BC_s_loss_split0.csv,0,0.29658495744729313,0.1712334050197884,0.11964102398937664,0.06907477740638908,3
NaClIWater,NaCl/NaI/water,"BC S-loss, fixed kappa_D",0.005,298.15,I,NaCl,neutral ion-pair NaCl: mu_Na + mu_Cl,0.052500000000000005,0.0425,0.0425,8.605544141387469,kJ/mol,3.471437398318983,0.08919018001870427,8.605544141387469,3.485863446578851,0.014426048259867806,0.0,0.0,NaClIWater/data/S0_NaClIWater_matrix_BC_s_loss_split0.csv,0,0.29644075397614056,0.17115014910690038,0.11958285296445319,0.0690411923494905,3
NaClIWater,NaCl/NaI/water,"BC S-loss, fixed kappa_D",0.005,298.15,I,NaCl,neutral ion-pair NaCl: mu_Na + mu_Cl,0.052500000000000005,0.045,0.045,9.014925945002426,kJ/mol,3.6365801574416046,0.09343312342366517,9.014925945002426,3.6510062057014725,0.014426048259867806,0.0,0.0,NaClIWater/data/S0_NaClIWater_matrix_BC_s_loss_split0.csv,0,0.2967501137428628,0.17132875805149392,0.11970764728844852,0.06911324238604252,3
NaClIWater,NaCl/NaI/water,"BC S-loss, fixed kappa_D",0.005,298.15,I,NaCl,neutral ion-pair NaCl: mu_Na + mu_Cl,0.052500000000000005,0.0475,0.0475,9.428728464509808,kJ/mol,3.803506213265071,0.09772188432020812,9.428728464509808,3.817932261524939,0.014426048259867806,0.0,0.0,NaClIWater/data/S0_NaClIWater_matrix_BC_s_loss_split0.csv,0,0.29730735083275145,0.17165047903534356,0.11993243419811836,0.06924302316885071,3
NaClIWater,NaCl/NaI/water,"BC S-loss, fixed kappa_D",0.005,298.15,I,NaCl,neutral ion-pair NaCl: mu_Na + mu_Cl,0.052500000000000005,0.05,0.05,9.846321489197374,kJ/mol,3.9719613416520865,0.10204993103457127,9.846321489197374,3.9863873899119544,0.014426048259867806,0.0,0.0,NaClIWater/data/S0_NaClIWater_matrix_BC_s_loss_split0.csv,0,0.29782812586946494,0.17195114864297734,0.12014251248124093,0.06936431192216243,3
NaClIWater,NaCl/NaI/water,"BC S-loss, fixed kappa_D",0.005,298.15,I,NaCl,neutral ion-pair NaCl: mu_Na + mu_Cl,0.052500000000000005,0.052500000000000005,0.052500000000000005,10.266724999741957,kJ/mol,4.1415502072614325,0.10640710638222117,10.266724999741957,4.1559762555213,0.014426048259867806,0.0,0.0,NaClIWater/data/S0_NaClIWater_matrix_BC_s_loss_split0.csv,0,0.2980182135830176,0.1720608958355666,0.12021919300102539,0.06940858344090159,3
NaClIWater,NaCl/NaI/water,"BC S-loss, fixed kappa_D",0.005,298.15,I,NaCl,neutral ion-pair NaCl: mu_Na + mu_Cl,0.052500000000000005,0.055,0.055,10.688525700701957,kJ/mol,4.311702693134758,0.11077876258809738,10.688525700701957,4.326128741394625,0.014426048259867806,0.0,0.0,NaClIWater/data/S0_NaClIWater_matrix_BC_s_loss_split0.csv,0,0.29765422567988353,0.17185074732171038,0.1200723619350617,0.06932381048544205,3
NaClIWater,NaCl/NaI/water,"BC S-loss, fixed kappa_D",0.005,298.15,I,NaCl,neutral ion-pair NaCl: mu_Na + mu_Cl,0.052500000000000005,0.0575,0.0575,11.109801638046344,kJ/mol,4.481643491750358,0.11514498000235564,11.109801638046344,4.496069540010225,0.014426048259867806,0.0,0.0,NaClIWater/data/S0_NaClIWater_matrix_BC_s_loss_split0.csv,0,0.2966550509772692,0.17127387353818851,0.11966929940082535,0.06909110222280045,3
NaClIWater,NaCl/NaI/water,"BC S-loss, fixed kappa_D",0.005,298.15,I,NaCl,neutral ion-pair NaCl: mu_Na + mu_Cl,0.052500000000000005,0.06,0.06,11.52805881959088,kJ/mol,4.650366537995183,0.11947991021747839,11.52805881959088,4.66479258625505,0.014426048259867806,0.0,0.0,NaClIWater/data/S0_NaClIWater_matrix_BC_s_loss_split0.csv,0,0.2951099964962642,0.17038183591766765,0.11904603144476371,0.06873125830059099,3
NaClIWater,NaCl/NaI/water,"BC S-loss, fixed kappa_D",0.005,298.15,I,NaCl,neutral ion-pair NaCl: mu_Na + mu_Cl,0.052500000000000005,0.0625,0.0625,11.940183379127227,kJ/mol,4.816615712391904,0.1237512802844094,11.940183379127227,4.831041760651772,0.014426048259867806,0.0,0.0,NaClIWater/data/S0_NaClIWater_matrix_BC_s_loss_split0.csv,0,0.2932226198288832,0.169292158490693,0.1182846722744177,0.06829168737864173,3
NaClIWater,NaCl/NaI/water,"BC S-loss, fixed kappa_D",0.005,298.15,I,NaCl,neutral ion-pair NaCl: mu_Na + mu_Cl,0.055,0.0,0.0,2.8576754933767456,kJ/mol,1.152773307181973,0.029617719402949664,2.8576754933767456,1.1671993554418407,0.014426048259867806,0.0,0.0,NaClIWater/data/S0_NaClIWater_matrix_BC_s_loss_split0.csv,0,0.2797875310130862,0.1615354063463061,0.11286501850254443,0.06516264881453612,3
NaClIWater,NaCl/NaI/water,"BC S-loss, fixed kappa_D",0.005,298.15,I,NaCl,neutral ion-pair NaCl: mu_Na + mu_Cl,0.055,0.0025,0.0025,3.1424274961981684,kJ/mol,1.2676409710507153,0.0325689659453019,3.1424274961981684,1.282067019310583,0.014426048259867806,0.0,0.0,NaClIWater/data/S0_NaClIWater_matrix_BC_s_loss_split0.csv,0,0.2613663984412196,0.15089996049716115,0.10543401733879251,0.06087235829229553,3
NaClIWater,NaCl/NaI/water,"BC S-loss, fixed kappa_D",0.005,298.15,I,NaCl,neutral ion-pair NaCl: mu_Na + mu_Cl,0.055,0.005,0.005,3.439455627400909,kJ/mol,1.3874607693190146,0.035647445592530864,3.439455627400909,1.4018868175788823,0.014426048259867806,0.0,0.0,NaClIWater/data/S0_NaClIWater_matrix_BC_s_loss_split0.csv,0,0.2542313331874405,0.14678052865220623,0.10255576444107133,0.059210598207000385,3
NaClIWater,NaCl/NaI/water,"BC S-loss, fixed kappa_D",0.005,298.15,I,NaCl,neutral ion-pair NaCl: mu_Na + mu_Cl,0.055,0.0075,0.0075,3.748606412568012,kJ/mol,1.512170791104543,0.03885156769439391,3.748606412568012,1.5265968393644107,0.014426048259867806,0.0,0.0,NaClIWater/data/S0_NaClIWater_matrix_BC_s_loss_split0.csv,0,0.25502265082711006,0.14723739610448394,0.10287497838073223,0.059394896460992684,3
NaClIWater,NaCl/NaI/water,"BC S-loss, fixed kappa_D",0.005,298.15,I,NaCl,neutral ion-pair NaCl: mu_Na + mu_Cl,0.055,0.01,0.01,4.06943823738291,kJ/mol,1.6415928911989353,0.04217675524103015,4.06943823738291,1.656018939458803,0.014426048259867806,0.0,0.0,NaClIWater/data/S0_NaClIWater_matrix_BC_s_loss_split0.csv,0,0.26045480333112586,0.15037365081495657,0.10506628401416916,0.060660047358334246,3
NaClIWater,NaCl/NaI/water,"BC S-loss, fixed kappa_D",0.005,298.15,I,NaCl,neutral ion-pair NaCl: mu_Na + mu_Cl,0.055,0.0125,0.0125,4.401288668120994,kJ/mol,1.775459846848147,0.045616142590688476,4.401288668120994,1.7898858951080148,0.014426048259867806,0.0,0.0,NaClIWater/data/S0_NaClIWater_matrix_BC_s_loss_split0.csv,0,0.2678731741658356,0.1546566492133247,0.10805882109574177,0.06238778944794013,3
NaClIWater,NaCl/NaI/water,"BC S-loss, fixed kappa_D",0.005,298.15,I,NaCl,neutral ion-pair NaCl: mu_Na + mu_Cl,0.055,0.015,0.015,4.743345761355043,kJ/mol,1.9134441237635533,0.04916131454274364,4.743345761355043,1.927870172023421,0.014426048259867806,0.0,0.0,NaClIWater/data/S0_NaClIWater_matrix_BC_s_loss_split0.csv,0,0.2754423724286439,0.15902672786790673,0.11111220127636634,0.06415065931716199,3
NaClIWater,NaCl/NaI/water,"BC S-loss, fixed kappa_D",0.005,298.15,I,NaCl,neutral ion-pair NaCl: mu_Na + mu_Cl,0.055,0.0175,0.0175,5.094719180291647,kJ/mol,2.055186564128872,0.05280304340658403,5.094719180291647,2.06961261238874,0.014426048259867806,0.0,0.0,NaClIWater/data/S0_NaClIWater_matrix_BC_s_loss_split0.csv,0,0.2820698916974108,0.16285312790178874,0.11378571243030106,0.06569421170156767,3
NaClIWater,NaCl/NaI/water,"BC S-loss, fixed kappa_D",0.005,298.15,I,NaCl,neutral ion-pair NaCl: mu_Na + mu_Cl,0.055,0.02,0.02,5.454506984955567,kJ/mol,2.200323329457002,0.05653198123309266,5.454506984955567,2.21474937771687,0.014426048259867806,0.0,0.0,NaClIWater/data/S0_NaClIWater_matrix_BC_s_loss_split0.csv,0,0.2872376367499407,0.1658367268989702,0.11587035729942113,0.06689778197791892,3
NaClIWater,NaCl/NaI/water,"BC S-loss, fixed kappa_D",0.005,298.15,I,NaCl,neutral ion-pair NaCl: mu_Na + mu_Cl,0.055,0.0225,0.0225,5.821854196708073,kJ/mol,2.348509525250572,0.06033926679310753,5.821854196708073,2.36293557351044,0.014426048259867806,0.0,0.0,NaClIWater/data/S0_NaClIWater_matrix_BC_s_loss_split0.csv,0,0.29083413199188257,0.16791316439504456,0.11732116713557186,0.06773540742736349,3
NaClIWater,NaCl/NaI/water,"BC S-loss, fixed kappa_D",0.005,298.15,I,NaCl,neutral ion-pair NaCl: mu_Na + mu_Cl,0.055,0.025,0.025,6.195999653907026,kJ/mol,2.499438102362279,0.06421701120211765,6.195999653907026,2.513864150622147,0.014426048259867806,0.0,0.0,NaClIWater/data/S0_NaClIWater_matrix_BC_s_loss_split0.csv,0,0.29301477407298526,0.16917215868757543,0.11820082824105405,0.06824328000340928,3
NaClIWater,NaCl/NaI/water,"BC S-loss, fixed kappa_D",0.005,298.15,I,NaCl,neutral ion-pair NaCl: mu_Na + mu_Cl,0.055,0.0275,0.0275,6.576308260965405,kJ/mol,2.6528528661185424,0.06815863215820173,6.576308260965405,2.6672789143784104,0.014426048259867806,0.0,0.0,NaClIWater/data/S0_NaClIWater_matrix_BC_s_loss_split0.csv,0,0.2940906482933019,0.16979331495828942,0.1186348310121666,0.06849385162014016,3
NaClIWater,NaCl/NaI/water,"BC S-loss, fixed kappa_D",0.005,298.15,I,NaCl,neutral ion-pair NaCl: mu_Na + mu_Cl,0.055,0.03,0.03,6.962286450280361,kJ/mol,2.8085547135914153,0.07215901419363036,6.962286450280361,2.822980761851283,0.014426048259867806,0.0,0.0,NaClIWater/data/S0_NaClIWater_matrix_BC_s_loss_split0.csv,0,0.29444018736426497,0.16999512143500223,0.11877583348489579,0.06857525943572675,3
NaClIWater,NaCl/NaI/water,"BC S-loss, fixed kappa_D",0.005,298.15,I,NaCl,neutral ion-pair NaCl: mu_Na + mu_Cl,0.055,0.0325,0.0325,7.353579490413069,kJ/mol,2.966400547730569,0.07621448077611603,7.353579490413069,2.980826595990437,0.014426048259867806,0.0,0.0,NaClIWater/data/S0_NaClIWater_matrix_BC_s_loss_split0.csv,0,0.29443876368128885,0.16999429947125275,0.11877525917765311,0.0685749278592856,3
NaClIWater,NaCl/NaI/water,"BC S-loss, fixed kappa_D",0.005,298.15,I,NaCl,neutral ion-pair NaCl: mu_Na + mu_Cl,0.055,0.034999999999999996,0.034999999999999996,7.749950171348471,kJ/mol,3.126294679093942,0.08032257339709759,7.749950171348471,3.14072072735381,0.014426048259867806,0.0,0.0,NaClIWater/data/S0_NaClIWater_matrix_BC_s_loss_split0.csv,0,0.2944036201438436,0.16997400934044843,0.11876108243435925,0.06856674291272866,3
NaClIWater,NaCl/NaI/water,"BC S-loss, fixed kappa_D",0.005,298.15,I,NaCl,neutral ion-pair NaCl: mu_Na + mu_Cl,0.055,0.0375,0.0375,8.151239308802413,kJ/mol,3.288172893464728,0.08448164222772903,8.151239308802413,3.302598941724596,0.014426048259867806,0.0,0.0,NaClIWater/data/S0_NaClIWater_matrix_BC_s_loss_split0.csv,0,0.2945537464565359,0.1700606848074938,0.11882164270664301,0.06860170740223388,3
NaClIWater,NaCl/NaI/water,"BC S-loss, fixed kappa_D",0.005,298.15,I,NaCl,neutral ion-pair NaCl: mu_Na + mu_Cl,0.055,0.04,0.04,8.55730941304747,kJ/mol,3.4519797281117124,0.0886902622874004,8.55730941304747,3.4664057763715803,0.014426048259867806,0.0,0.0,NaClIWater/data/S0_NaClIWater_matrix_BC_s_loss_split0.csv,0,0.29498601041668565,0.1703102525212472,0.11899601602372259,0.06870238188378926,3
NaClIWater,NaCl/NaI/water,"BC S-loss, fixed kappa_D",0.005,298.15,I,NaCl,neutral ion-pair NaCl: mu_Na + mu_Cl,0.055,0.0425,0.0425,8.967973726347028,kJ/mol,3.6176398458126733,0.09294649796856902,8.967973726347028,3.632065894072541,0.014426048259867806,0.0,0.0,NaClIWater/data/S0_NaClIWater_matrix_BC_s_loss_split0.csv,0,0.2956699663249458,0.17070513464899506,0.11927192072884388,0.06886167553956173,3
NaClIWater,NaCl/NaI/water,"BC S-loss, fixed kappa_D",0.005,298.15,I,NaCl,neutral ion-pair NaCl: mu_Na + mu_Cl,0.055,0.045,0.045,9.382913595264924,kJ/mol,3.785024703219601,0.09724704666109574,9.382913595264924,3.799450751479469,0.014426048259867806,0.0,0.0,NaClIWater/data/S0_NaClIWater_matrix_BC_s_loss_split0.csv,0,0.2964639676396968,0.17116355152180346,0.1195922172508364,0.0690465988227546,3
NaClIWater,NaCl/NaI/water,"BC S-loss, fixed kappa_D",0.005,298.15,I,NaCl,neutral ion-pair NaCl: mu_Na + mu_Cl,0.055,0.0475,0.0475,9.80158778377089,kJ/mol,3.9539159681775575,0.1015862988488152,9.80158778377089,3.9683420164374255,0.014426048259867806,0.0,0.0,NaClIWater/data/S0_NaClIWater_matrix_BC_s_loss_split0.csv,0,0.2971541650847868,0.17156203720252017,0.11987063976354943,0.06920734613541793,3
NaClIWater,NaCl/NaI/water,"BC S-loss, fixed kappa_D",0.005,298.15,I,NaCl,neutral ion-pair NaCl: mu_Na + mu_Cl,0.055,0.05,0.05,10.223137844068924,kJ/mol,4.123967346746895,0.10595535734728401,10.223137844068924,4.138393395006762,0.014426048259867806,0.0,0.0,NaClIWater/data/S0_NaClIWater_matrix_BC_s_loss_split0.csv,0,0.29751498803621873,0.1717703584306592,0.12001619410237965,0.06929138197212327,3
NaClIWater,NaCl/NaI/water,"BC S-loss, fixed kappa_D",0.005,298.15,I,NaCl,neutral ion-pair NaCl: mu_Na + mu_Cl,0.055,0.052500000000000005,0.052500000000000005,10.64629397513437,kJ/mol,4.294666606964937,0.11034106159627301,10.64629397513437,4.309092655224805,0.014426048259867806,0.0,0.0,NaClIWater/data/S0_NaClIWater_matrix_BC_s_loss_split0.csv,0,0.2973840423905835,0.17169475692690248,0.1199633712240194,0.0692608846690826,3
NaClIWater,NaCl/NaI/water,"BC S-loss, fixed kappa_D",0.005,298.15,I,NaCl,neutral ion-pair NaCl: mu_Na + mu_Cl,0.055,0.055,0.055,11.069285959456348,kJ/mol,4.465299651132639,0.11472506458414956,11.069285959456348,4.479725699392507,0.014426048259867806,0.0,0.0,NaClIWater/data/S0_NaClIWater_matrix_BC_s_loss_split0.csv,0,0.2967352505571198,0.17132017678720418,0.11970165154686623,0.069109780743026,3
NaClIWater,NaCl/NaI/water,"BC S-loss, fixed kappa_D",0.005,298.15,I,NaCl,neutral ion-pair NaCl: mu_Na + mu_Cl,0.055,0.0575,0.0575,11.489763725966041,kJ/mol,4.634918471260851,0.11908300954064545,11.489763725966041,4.649344519520718,0.014426048259867806,0.0,0.0,NaClIWater/data/S0_NaClIWater_matrix_BC_s_loss_split0.csv,0,0.2957219248967224,0.17073513294439696,0.11929288058057001,0.06887377671559798,3
NaClIWater,NaCl/NaI/water,"BC S-loss, fixed kappa_D",0.005,298.15,I,NaCl,neutral ion-pair NaCl: mu_Na + mu_Cl,0.055,0.06,0.06,11.904731858249692,kJ/mol,4.802314729981079,0.12338385116231622,11.904731858249692,4.816740778240947,0.014426048259867806,0.0,0.0,NaClIWater/data/S0_NaClIWater_matrix_BC_s_loss_split0.csv,0,0.29465088668971207,0.1701167687472672,0.11886082863524783,0.06862433140866231,3
NaClIWater,NaCl/NaI/water,"BC S-loss, fixed kappa_D",0.005,298.15,I,NaCl,neutral ion-pair NaCl: mu_Na + mu_Cl,0.0575,0.0,0.0,3.09286422725362,kJ/mol,1.247647373601187,0.03205527886092341,3.09286422725362,1.2620734218610548,0.014426048259867806,0.0,0.0,NaClIWater/data/S0_NaClIWater_matrix_BC_s_loss_split0.csv,0,0.27155270839130147,0.15678102928888984,0.10954312848047111,0.06324475471607376,3
NaClIWater,NaCl/NaI/water,"BC S-loss, fixed kappa_D",0.005,298.15,I,NaCl,neutral ion-pair NaCl: mu_Na + mu_Cl,0.0575,0.0025,0.0025,3.386949064121583,kJ/mol,1.3662798603107824,0.035103253411989506,3.386949064121583,1.3807059085706501,0.014426048259867806,0.0,0.0,NaClIWater/data/S0_NaClIWater_matrix_BC_s_loss_split0.csv,0,0.254519013710341,0.14694662107954345,0.10267181345663122,0.05927759913737308,3
NaClIWater,NaCl/NaI/water,"BC S-loss, fixed kappa_D",0.005,298.15,I,NaCl,neutral ion-pair NaCl: mu_Na + mu_Cl,0.0575,0.005,0.005,3.6932863334831403,kJ/mol,1.489854922606514,0.03827821547736221,3.6932863334831403,1.5042809708663818,0.014426048259867806,0.0,0.0,NaClIWater/data/S0_NaClIWater_matrix_BC_s_loss_split0.csv,0,0.2479139253847752,0.14313317155675676,0.1000073508432452,0.057739270930288966,3
NaClIWater,NaCl/NaI/water,"BC S-loss, fixed kappa_D",0.005,298.15,I,NaCl,neutral ion-pair NaCl: mu_Na + mu_Cl,0.0575,0.0075,0.0075,4.011645663550108,kJ/mol,1.618279629555965,0.04157777742170765,4.011645663550108,1.6327056778158326,0.014426048259867806,0.0,0.0,NaClIWater/data/S0_NaClIWater_matrix_BC_s_loss_split0.csv,0,0.2486563038368383,0.14356178395589597,0.1003068229370323,0.057912171224251734,3
NaClIWater,NaCl/NaI/water,"BC S-loss, fixed kappa_D",0.005,298.15,I,NaCl,neutral ion-pair NaCl: mu_Na + mu_Cl,0.0575,0.01,0.01,4.341524695754942,kJ/mol,1.7513513319959806,0.044996732665367745,4.341524695754942,1.7657773802558483,0.014426048259867806,0.0,0.0,NaClIWater/data/S0_NaClIWater_matrix_BC_s_loss_split0.csv,0,0.25373881623872363,0.14649617385928407,0.10235708534222634,0.05909589077579988,3
NaClIWater,NaCl/NaI/water,"BC S-loss, fixed kappa_D",0.005,298.15,I,NaCl,neutral ion-pair NaCl: mu_Na + mu_Cl,0.0575,0.0125,0.0125,4.682215831980047,kJ/mol,1.8887845880616372,0.0485277474706436,4.682215831980047,1.903210636321505,0.014426048259867806,0.0,0.0,NaClIWater/data/S0_NaClIWater_matrix_BC_s_loss_split0.csv,0,0.2607267692416461,0.15053067040660584,0.10517599382651063,0.060723388348022336,3
NaClIWater,NaCl/NaI/water,"BC S-loss, fixed kappa_D",0.005,298.15,I,NaCl,neutral ion-pair NaCl: mu_Na + mu_Cl,0.0575,0.015,0.015,5.032876483879114,kJ/mol,2.030239501443218,0.052162089024704976,5.032876483879114,2.044665549703086,0.014426048259867806,0.0,0.0,NaClIWater/data/S0_NaClIWater_matrix_BC_s_loss_split0.csv,0,0.2679390359935852,0.15469467455730526,0.10808538945774362,0.06240312869889383,3
NaClIWater,NaCl/NaI/water,"BC S-loss, fixed kappa_D",0.005,298.15,I,NaCl,neutral ion-pair NaCl: mu_Na + mu_Cl,0.0575,0.0175,0.0175,5.3925986149759195,kJ/mol,2.175349774352831,0.055890346192654754,5.3925986149759195,2.189775822612699,0.014426048259867806,0.0,0.0,NaClIWater/data/S0_NaClIWater_matrix_BC_s_loss_split0.csv,0,0.2743853885717223,0.15841647795358393,0.11068581879199908,0.06390448727503481,3
NaClIWater,NaCl/NaI/water,"BC S-loss, fixed kappa_D",0.005,298.15,I,NaCl,neutral ion-pair NaCl: mu_Na + mu_Cl,0.0575,0.02,0.02,5.760473389628593,kJ/mol,2.323748786622793,0.0597030995568275,5.760473389628593,2.3381748348826608,0.014426048259867806,0.0,0.0,NaClIWater/data/S0_NaClIWater_matrix_BC_s_loss_split0.csv,0,0.27960999170329875,0.16143290397800858,0.1127933999518124,0.06512129982499201,3
NaClIWater,NaCl/NaI/water,"BC S-loss, fixed kappa_D",0.005,298.15,I,NaCl,neutral ion-pair NaCl: mu_Na + mu_Cl,0.0575,0.0225,0.0225,6.135646983675534,kJ/mol,2.4750921094665603,0.06359149985337353,6.135646983675534,2.4895181577264283,0.014426048259867806,0.0,0.0,NaClIWater/data/S0_NaClIWater_matrix_BC_s_loss_split0.csv,0,0.28352873236792436,0.1636953899556145,0.11437420212701338,0.06603397638637985,3
NaClIWater,NaCl/NaI/water,"BC S-loss, fixed kappa_D",0.005,298.15,I,NaCl,neutral ion-pair NaCl: mu_Na + mu_Cl,0.0575,0.025,0.025,6.517364027659508,kJ/mol,2.6290750302778982,0.06754771822954808,6.517364027659508,2.643501078537766,0.014426048259867806,0.0,0.0,NaClIWater/data/S0_NaClIWater_matrix_BC_s_loss_split0.csv,0,0.28629043798470194,0.16528986143688354,0.115488261622115,0.06667717893577002,3
NaClIWater,NaCl/NaI/water,"BC S-loss, fixed kappa_D",0.005,298.15,I,NaCl,neutral ion-pair NaCl: mu_Na + mu_Cl,0.0575,0.0275,0.0275,6.904995746801855,kJ/mol,2.7854439041685928,0.07156523789399216,6.904995746801855,2.7998699524284607,0.014426048259867806,0.0,0.0,NaClIWater/data/S0_NaClIWater_matrix_BC_s_loss_split0.csv,0,0.2881661036117617,0.16637277749157622,0.11624489661201667,0.06711402235086805,3
NaClIWater,NaCl/NaI/water,"BC S-loss, fixed kappa_D",0.005,298.15,I,NaCl,neutral ion-pair NaCl: mu_Na + mu_Cl,0.0575,0.03,0.03,7.298050591399564,kJ/mol,2.9440004422223214,0.0756389642930344,7.298050591399564,2.9584264904821893,0.014426048259867806,0.0,0.0,NaClIWater/data/S0_NaClIWater_matrix_BC_s_loss_split0.csv,0,0.28946290348534137,0.1671214852476725,0.11676801978764832,0.06741604765713831,3
NaClIWater,NaCl/NaI/water,"BC S-loss, fixed kappa_D",0.005,298.15,I,NaCl,neutral ion-pair NaCl: mu_Na + mu_Cl,0.0575,0.0325,0.0325,7.69616600618477,kJ/mol,3.1045983912916775,0.07976513980611344,7.69616600618477,3.1190244395515454,0.014426048259867806,0.0,0.0,NaClIWater/data/S0_NaClIWater_matrix_BC_s_loss_split0.csv,0,0.29045937343783446,0.16769679744298377,0.11716999123797751,0.06764812598219241,3
NaClIWater,NaCl/NaI/water,"BC S-loss, fixed kappa_D",0.005,298.15,I,NaCl,neutral ion-pair NaCl: mu_Na + mu_Cl,0.0575,0.034999999999999996,0.034999999999999996,8.099080903787184,kJ/mol,3.2671324299180107,0.08394105845331977,8.099080903787184,3.2815584781778786,0.014426048259867806,0.0,0.0,NaClIWater/data/S0_NaClIWater_matrix_BC_s_loss_split0.csv,0,0.29135962169857615,0.16821655601866048,0.11753314729513832,0.06785779422955204,3
NaClIWater,NaCl/NaI/water,"BC S-loss, fixed kappa_D",0.005,298.15,I,NaCl,neutral ion-pair NaCl: mu_Na + mu_Cl,0.0575,0.0375,0.0375,8.506589370549962,kJ/mol,3.4315194934679343,0.088164586089988,8.506589370549962,3.445945541727802,0.014426048259867806,0.0,0.0,NaClIWater/data/S0_NaClIWater_matrix_BC_s_loss_split0.csv,0,0.29226602709117183,0.16873986941607053,0.11789878711130757,0.06806889647584381,3
NaClIWater,NaCl/NaI/water,"BC S-loss, fixed kappa_D",0.005,298.15,I,NaCl,neutral ion-pair NaCl: mu_Na + mu_Cl,0.0575,0.04,0.04,8.918477090969846,kJ/mol,3.597673128041402,0.09243350149245089,8.918477090969846,3.6120991763012698,0.014426048259867806,0.0,0.0,NaClIWater/data/S0_NaClIWater_matrix_BC_s_loss_split0.csv,0,0.29317113019164404,0.16926243093477253,0.11826390158875275,0.06827969541768181,3
NaClIWater,NaCl/NaI/water,"BC S-loss, fixed kappa_D",0.005,298.15,I,NaCl,neutral ion-pair NaCl: mu_Na + mu_Cl,0.0575,0.0425,0.0425,9.334442867285595,kJ/mol,3.765471831830337,0.09674468296589112,9.334442867285595,3.7798978800902048,0.014426048259867806,0.0,0.0,NaClIWater/data/S0_NaClIWater_matrix_BC_s_loss_split0.csv,0,0.2939700327328208,0.1697236775319772,0.1185861752432117,0.06846576019883642,3
NaClIWater,NaCl/NaI/water,"BC S-loss, fixed kappa_D",0.005,298.15,I,NaCl,neutral ion-pair NaCl: mu_Na + mu_Cl,0.0575,0.045,0.045,9.754008449305372,kJ/mol,3.934722680880783,0.1010931737963574,9.754008449305372,3.949148729140651,0.014426048259867806,0.0,0.0,NaClIWater/data/S0_NaClIWater_matrix_BC_s_loss_split0.csv,0,0.2944943413036645,0.17002638722649221,0.1187976789379442,0.06858787191392482,3
NaClIWater,NaCl/NaI/water,"BC S-loss, fixed kappa_D",0.005,298.15,I,NaCl,neutral ion-pair NaCl: mu_Na + mu_Cl,0.0575,0.0475,0.0475,10.176420567235542,kJ/mol,4.10512180958126,0.10547116689258475,10.176420567235542,4.119547857841128,0.014426048259867806,0.0,0.0,NaClIWater/data/S0_NaClIWater_matrix_BC_s_loss_split0.csv,0,0.2945669901664508,0.17006833106697825,0.11882698515903595,0.06860479186856107,3
NaClIWater,NaCl/NaI/water,"BC S-loss, fixed kappa_D",0.005,298.15,I,NaCl,neutral ion-pair NaCl: mu_Na + mu_Cl,0.0575,0.05,0.05,10.600549609869734,kJ/mol,4.276213537904692,0.10986695465942377,10.600549609869734,4.290639586164559,0.014426048259867806,0.0,0.0,NaClIWater/data/S0_NaClIWater_matrix_BC_s_loss_split0.csv,0,0.2940733833014547,0.16978334701059888,0.11862786639291696,0.06848983059534157,3
NaClIWater,NaCl/NaI/water,"BC S-loss, fixed kappa_D",0.005,298.15,I,NaCl,neutral ion-pair NaCl: mu_Na + mu_Cl,0.0575,0.052500000000000005,0.052500000000000005,11.024789749669637,kJ/mol,4.4473500823198835,0.11426389386724622,11.024789749669637,4.461776130579751,0.014426048259867806,0.0,0.0,NaClIWater/data/S0_NaClIWater_matrix_BC_s_loss_split0.csv,0,0.2930370937846789,0.16918504497912998,0.11820983191131802,0.06824847827485987,3
NaClIWater,NaCl/NaI/water,"BC S-loss, fixed kappa_D",0.005,298.15,I,NaCl,neutral ion-pair NaCl: mu_Na + mu_Cl,0.0575,0.055,0.055,11.446965489515131,kJ/mol,4.617653857175235,0.11863943707726321,11.446965489515131,4.632079905435102,0.014426048259867806,0.0,0.0,NaClIWater/data/S0_NaClIWater_matrix_BC_s_loss_split0.csv,0,0.29167718421719485,0.16839990082426953,0.11766125057197051,0.06793175469091518,3
NaClIWater,NaCl/NaI/water,"BC S-loss, fixed kappa_D",0.005,298.15,I,NaCl,neutral ion-pair NaCl: mu_Na + mu_Cl,0.0575,0.0575,0.0575,11.864249557352121,kJ/mol,4.785984353772798,0.12296428167951491,11.864249557352121,4.800410402032665,0.014426048259867806,0.0,0.0,NaClIWater/data/S0_NaClIWater_matrix_BC_s_loss_split0.csv,0,0.2904110645973898,0.1676689063209488,0.11715050367128405,0.0676368748303161,3
NaClIWater,NaCl/NaI/water,"BC S-loss, fixed kappa_D",0.005,298.15,I,NaCl,neutral ion-pair NaCl: mu_Na + mu_Cl,0.06,0.0,0.0,3.3347744509266453,kJ/mol,1.3452328584580289,0.0345625016516351,3.3347744509266453,1.3596589067178966,0.014426048259867806,0.0,0.0,NaClIWater/data/S0_NaClIWater_matrix_BC_s_loss_split0.csv,0,0.2630132932145728,0.1518507956378836,0.1060983672059692,0.06125592086694608,3
NaClIWater,NaCl/NaI/water,"BC S-loss, fixed kappa_D",0.005,298.15,I,NaCl,neutral ion-pair NaCl: mu_Na + mu_Cl,0.06,0.0025,0.0025,3.6387319339380477,kJ/mol,1.4678479257551638,0.03771279896955093,3.6387319339380477,1.4822739740150315,0.014426048259867806,0.0,0.0,NaClIWater/data/S0_NaClIWater_matrix_BC_s_loss_split0.csv,0,0.24831560749900736,0.14336508283353736,0.10016938758266246,0.05783282288541013,3
NaClIWater,NaCl/NaI/water,"BC S-loss, fixed kappa_D",0.005,298.15,I,NaCl,neutral ion-pair NaCl: mu_Na + mu_Cl,0.06,0.005,0.005,3.9547835114423577,kJ/mol,1.595341695808533,0.04098844274403746,3.9547835114423577,1.6097677440684006,0.014426048259867806,0.0,0.0,NaClIWater/data/S0_NaClIWater_matrix_BC_s_loss_split0.csv,0,0.24294872849356403,0.1402665137950365,0.098004412981911,0.05658287421687757,3
NaClIWater,NaCl/NaI/water,"BC S-loss, fixed kappa_D",0.005,298.15,I,NaCl,neutral ion-pair NaCl: mu_Na + mu_Cl,0.06,0.0075,0.0075,4.28263384967253,kJ/mol,1.727595032318669,0.044386372056294476,4.28263384967253,1.7420210805785368,0.014426048259867806,0.0,0.0,NaClIWater/data/S0_NaClIWater_matrix_BC_s_loss_split0.csv,0,0.24414367620305186,0.14095641717677682,0.09848644945742019,0.05686117810577202,3
NaClIWater,NaCl/NaI/water,"BC S-loss, fixed kappa_D",0.005,298.15,I,NaCl,neutral ion-pair NaCl: mu_Na + mu_Cl,0.06,0.01,0.01,4.621732231703852,kJ/mol,1.8643857785809033,0.047900879127610096,4.621732231703852,1.878811826840771,0.014426048259867806,0.0,0.0,NaClIWater/data/S0_NaClIWater_matrix_BC_s_loss_split0.csv,0,0.24922922472604292,0.14389255998550263,0.1005379366200704,0.058045604771367186,3
NaClIWater,NaCl/NaI/water,"BC S-loss, fixed kappa_D",0.005,298.15,I,NaCl,neutral ion-pair NaCl: mu_Na + mu_Cl,0.06,0.0125,0.0125,4.971338152975823,kJ/mol,2.0054152184207887,0.05152428916903773,4.971338152975823,2.0198412666806567,0.014426048259867806,0.0,0.0,NaClIWater/data/S0_NaClIWater_matrix_BC_s_loss_split0.csv,0,0.2560417363207513,0.14782576538856493,0.10328607283758316,0.05963224195631794,3
NaClIWater,NaCl/NaI/water,"BC S-loss, fixed kappa_D",0.005,298.15,I,NaCl,neutral ion-pair NaCl: mu_Na + mu_Cl,0.06,0.015,0.015,5.330589899864125,kJ/mol,2.150335740478375,0.0552476711482086,5.330589899864125,2.164761788738243,0.014426048259867806,0.0,0.0,NaClIWater/data/S0_NaClIWater_matrix_BC_s_loss_split0.csv,0,0.263083688279553,0.15189143824759951,0.1061267642552684,0.06127231591100317,3
NaClIWater,NaCl/NaI/water,"BC S-loss, fixed kappa_D",0.005,298.15,I,NaCl,neutral ion-pair NaCl: mu_Na + mu_Cl,0.06,0.0175,0.0175,5.698571858407821,kJ/mol,2.298777990242873,0.0590615353951307,5.698571858407821,2.313204038502741,0.014426048259867806,0.0,0.0,NaClIWater/data/S0_NaClIWater_matrix_BC_s_loss_split0.csv,0,0.2694751758919555,0.15558156534114229,0.10870506131168303,0.06276089641057497,3
NaClIWater,NaCl/NaI/water,"BC S-loss, fixed kappa_D",0.005,298.15,I,NaCl,neutral ion-pair NaCl: mu_Na + mu_Cl,0.06,0.02,0.02,6.07437635089744,kJ/mol,2.450375814651268,0.06295647449326225,6.07437635089744,2.464801862911136,0.014426048259867806,0.0,0.0,NaClIWater/data/S0_NaClIWater_matrix_BC_s_loss_split0.csv,0,0.2748162078890367,0.1586652116024075,0.11085960934672426,0.064004825298588,3
NaClIWater,NaCl/NaI/water,"BC S-loss, fixed kappa_D",0.005,298.15,I,NaCl,neutral ion-pair NaCl: mu_Na + mu_Cl,0.06,0.0225,0.0225,6.457156032878306,kJ/mol,2.6047873988013417,0.06692370633618339,6.457156032878306,2.6192134470612096,0.014426048259867806,0.0,0.0,NaClIWater/data/S0_NaClIWater_matrix_BC_s_loss_split0.csv,0,0.27903611901947795,0.16110157842952405,0.11256190231915154,0.06498764460445851,3
NaClIWater,NaCl/NaI/water,"BC S-loss, fixed kappa_D",0.005,298.15,I,NaCl,neutral ion-pair NaCl: mu_Na + mu_Cl,0.06,0.025,0.025,6.846163285519849,kJ/mol,2.761711156654433,0.07095548240073413,6.846163285519849,2.776137204914301,0.014426048259867806,0.0,0.0,NaClIWater/data/S0_NaClIWater_matrix_BC_s_loss_split0.csv,0,0.2822609019387261,0.1629634077160301,0.11386276509359229,0.06573869807746063,3
NaClIWater,NaCl/NaI/water,"BC S-loss, fixed kappa_D",0.005,298.15,I,NaCl,neutral ion-pair NaCl: mu_Na + mu_Cl,0.06,0.0275,0.0275,7.240773673824606,kJ/mol,2.92089519397034,0.07504533087421805,7.240773673824606,2.935321242230208,0.014426048259867806,0.0,0.0,NaClIWater/data/S0_NaClIWater_matrix_BC_s_loss_split0.csv,0,0.2847063320764678,0.16437527746433966,0.11484924049778025,0.0663082399176175,3
NaClIWater,NaCl/NaI/water,"BC S-loss, fixed kappa_D",0.005,298.15,I,NaCl,neutral ion-pair NaCl: mu_Na + mu_Cl,0.06,0.03,0.03,7.640491257916268,kJ/mol,3.082139450856783,0.07918811170202389,7.640491257916268,3.096565499116651,0.014426048259867806,0.0,0.0,NaClIWater/data/S0_NaClIWater_matrix_BC_s_loss_split0.csv,0,0.286596861645608,0.16546677521999373,0.11561187153436737,0.06674854515188344,3
NaClIWater,NaCl/NaI/water,"BC S-loss, fixed kappa_D",0.005,298.15,I,NaCl,neutral ion-pair NaCl: mu_Na + mu_Cl,0.06,0.0325,0.0325,8.04493444785931,kJ/mol,3.2452899956679264,0.08337986998316183,8.04493444785931,3.2597160439277943,0.014426048259867806,0.0,0.0,NaClIWater/data/S0_NaClIWater_matrix_BC_s_loss_split0.csv,0,0.28810854843348793,0.1663395479939066,0.11622167911466358,0.06710061772252132,3
NaClIWater,NaCl/NaI/water,"BC S-loss, fixed kappa_D",0.005,298.15,I,NaCl,neutral ion-pair NaCl: mu_Na + mu_Cl,0.06,0.034999999999999996,0.034999999999999996,8.453802033338343,kJ/mol,3.410225321531406,0.08761748389269997,8.453802033338343,3.424651369791274,0.014426048259867806,0.0,0.0,NaClIWater/data/S0_NaClIWater_matrix_BC_s_loss_split0.csv,0,0.2893345401052834,0.16704737461564195,0.11671623858348648,0.0673861517649765,3
NaClIWater,NaCl/NaI/water,"BC S-loss, fixed kappa_D",0.005,298.15,I,NaCl,neutral ion-pair NaCl: mu_Na + mu_Cl,0.06,0.0375,0.0375,8.86682002760867,kJ/mol,3.5768349034395572,0.09189811375813405,8.86682002760867,3.591260951699425,0.014426048259867806,0.0,0.0,NaClIWater/data/S0_NaClIWater_matrix_BC_s_loss_split0.csv,0,0.29027226273160284,0.16758876902637268,0.11709451162941723,0.06760454780987181,3
NaClIWater,NaCl/NaI/water,"BC S-loss, fixed kappa_D",0.005,298.15,I,NaCl,neutral ion-pair NaCl: mu_Na + mu_Cl,0.06,0.04,0.04,9.283670957603857,kJ/mol,3.7449906742001526,0.09621846920299504,9.283670957603857,3.7594167224600206,0.014426048259867806,0.0,0.0,NaClIWater/data/S0_NaClIWater_matrix_BC_s_loss_split0.csv,0,0.2908320290864473,0.1679119502820254,0.11732031883307596,0.06773491765968913,3
NaClIWater,NaCl/NaI/water,"BC S-loss, fixed kappa_D",0.005,298.15,I,NaCl,neutral ion-pair NaCl: mu_Na + mu_Cl,0.06,0.0425,0.0425,9.703908189963856,kJ/mol,3.9145124639454973,0.10057392119870201,9.703908189963856,3.9289385122053653,0.014426048259867806,0.0,0.0,NaClIWater/data/S0_NaClIWater_matrix_BC_s_loss_split0.csv,0,0.29086698867902366,0.16793213421221015,0.117334421373846,0.06774305976539897,3
NaClIWater,NaCl/NaI/water,"BC S-loss, fixed kappa_D",0.005,298.15,I,NaCl,neutral ion-pair NaCl: mu_Na + mu_Cl,0.06,0.045,0.045,10.126858742434958,kJ/mol,4.085128794692844,0.10495749477570371,10.126858742434958,4.0995548429527116,0.014426048259867806,0.0,0.0,NaClIWater/data/S0_NaClIWater_matrix_BC_s_loss_split0.csv,0,0.2902238026212712,0.16756079056862774,0.11707496304113894,0.06759326142716707,3
NaClIWater,NaCl/NaI/water,"BC S-loss, fixed kappa_D",0.005,298.15,I,NaCl,neutral ion-pair NaCl: mu_Na + mu_Cl,0.06,0.0475,0.0475,10.551518770595612,kJ/mol,4.2564347201645605,0.10935878581972247,10.551518770595612,4.270860768424428,0.014426048259867806,0.0,0.0,NaClIWater/data/S0_NaClIWater_matrix_BC_s_loss_split0.csv,0,0.28881127735404377,0.16674526872535686,0.11650515676762985,0.06726428362177064,3
NaClIWater,NaCl/NaI/water,"BC S-loss, fixed kappa_D",0.005,298.15,I,NaCl,neutral ion-pair NaCl: mu_Na + mu_Cl,0.06,0.05,0.05,10.976446494950899,kJ/mol,4.427848633064634,0.11376285133928832,10.976446494950899,4.442274681324501,0.014426048259867806,0.0,0.0,NaClIWater/data/S0_NaClIWater_matrix_BC_s_loss_split0.csv,0,0.2866791772761753,0.16551430017146027,0.11564507728565047,0.06676771650132537,3
NaClIWater,NaCl/NaI/water,"BC S-loss, fixed kappa_D",0.005,298.15,I,NaCl,neutral ion-pair NaCl: mu_Na + mu_Cl,0.06,0.052500000000000005,0.052500000000000005,11.39965771614515,kJ/mol,4.598570116390277,0.11814912655722765,11.39965771614515,4.612996164650144,0.014426048259867806,0.0,0.0,NaClIWater/data/S0_NaClIWater_matrix_BC_s_loss_split0.csv,0,0.28408992824177015,0.16401939654444747,0.11460058599214079,0.06616467917185134,3
NaClIWater,NaCl/NaI/water,"BC S-loss, fixed kappa_D",0.005,298.15,I,NaCl,neutral ion-pair NaCl: mu_Na + mu_Cl,0.06,0.055,0.055,11.818529258901226,kJ/mol,4.7675409931558415,0.12249042417761304,11.818529258901226,4.781967041415709,0.014426048259867806,0.0,0.0,NaClIWater/data/S0_NaClIWater_matrix_BC_s_loss_split0.csv,0,0.2815516290985737,0.1625539088508392,0.11357664765319979,0.06557350809623018,3
NaClIWater,NaCl/NaI/water,"BC S-loss, fixed kappa_D",0.005,298.15,I,NaCl,neutral ion-pair NaCl: mu_Na + mu_Cl,0.0625,0.0,0.0,3.5839192466911354,kJ/mol,1.4457367368187004,0.03714470549834914,3.5839192466911354,1.4601627850785681,0.014426048259867806,0.0,0.0,NaClIWater/data/S0_NaClIWater_matrix_BC_s_loss_split0.csv,0,0.255347980861312,0.1474252254873059,0.10300621503805112,0.05947066598042329,3
NaClIWater,NaCl/NaI/water,"BC S-loss, fixed kappa_D",0.005,298.15,I,NaCl,neutral ion-pair NaCl: mu_Na + mu_Cl,0.0625,0.0025,0.0025,3.898172178683413,kJ/mol,1.5725049414465484,0.04040170762573325,3.898172178683413,1.586930989706416,0.014426048259867806,0.0,0.0,NaClIWater/data/S0_NaClIWater_matrix_BC_s_loss_split0.csv,0,0.24371378326947205,0.14070821837585182,0.09831303260168334,0.05676105583743033,3
NaClIWater,NaCl/NaI/water,"BC S-loss, fixed kappa_D",0.005,298.15,I,NaCl,neutral ion-pair NaCl: mu_Na + mu_Cl,0.0625,0.005,0.005,4.224245861164519,kJ/mol,1.7040415831016102,0.04378122319872091,4.224245861164519,1.718467631361478,0.014426048259867806,0.0,0.0,NaClIWater/data/S0_NaClIWater_matrix_BC_s_loss_split0.csv,0,0.24015908549554882,0.13865591265918947,0.09687908367418105,0.05593316503813271,3
NaClIWater,NaCl/NaI/water,"BC S-loss, fixed kappa_D",0.005,298.15,I,NaCl,neutral ion-pair NaCl: mu_Na + mu_Cl,0.0625,0.0075,0.0075,4.561790798439399,kJ/mol,1.8402056768088015,0.04727962994968493,4.561790798439399,1.8546317250686692,0.014426048259867806,0.0,0.0,NaClIWater/data/S0_NaClIWater_matrix_BC_s_loss_split0.csv,0,0.2422384853369602,0.1398564547173812,0.09771790412027188,0.056417458248485014,3
NaClIWater,NaCl/NaI/water,"BC S-loss, fixed kappa_D",0.005,298.15,I,NaCl,neutral ion-pair NaCl: mu_Na + mu_Cl,0.0625,0.01,0.01,4.910218193547653,kJ/mol,1.9807597045501133,0.05089082542815504,4.910218193547653,1.995185752809981,0.014426048259867806,0.0,0.0,NaClIWater/data/S0_NaClIWater_matrix_BC_s_loss_split0.csv,0,0.24764660487339607,0.14297883398755212,0.099899514963806,0.05767701185626645,3
NaClIWater,NaCl/NaI/water,"BC S-loss, fixed kappa_D",0.005,298.15,I,NaCl,neutral ion-pair NaCl: mu_Na + mu_Cl,0.0625,0.0125,0.0125,5.2687638535987755,kJ/mol,2.1253953943864277,0.054606889332944775,5.2687638535987755,2.1398214426462956,0.014426048259867806,0.0,0.0,NaClIWater/data/S0_NaClIWater_matrix_BC_s_loss_split0.csv,0,0.2545177719100385,0.1469459041258045,0.10267131252003246,0.05927730992149294,3
NaClIWater,NaCl/NaI/water,"BC S-loss, fixed kappa_D",0.005,298.15,I,NaCl,neutral ion-pair NaCl: mu_Na + mu_Cl,0.0625,0.015,0.015,5.636554518195275,kJ/mol,2.2737604770419715,0.05841877095781456,5.636554518195275,2.2881865253018394,0.014426048259867806,0.0,0.0,NaClIWater/data/S0_NaClIWater_matrix_BC_s_loss_split0.csv,0,0.2615512189005721,0.15100666663912005,0.10550857307216961,0.06091540306503043,3
NaClIWater,NaCl/NaI/water,"BC S-loss, fixed kappa_D",0.005,298.15,I,NaCl,neutral ion-pair NaCl: mu_Na + mu_Cl,0.0625,0.0175,0.0175,6.012672365524262,kJ/mol,2.425484707368511,0.06231695774999935,6.012672365524262,2.439910755628379,0.014426048259867806,0.0,0.0,NaClIWater/data/S0_NaClIWater_matrix_BC_s_loss_split0.csv,0,0.2679756751456118,0.15471582818159071,0.10810016952516271,0.062411661974796875,3
NaClIWater,NaCl/NaI/water,"BC S-loss, fixed kappa_D",0.005,298.15,I,NaCl,neutral ion-pair NaCl: mu_Na + mu_Cl,0.0625,0.02,0.02,6.396213491481246,kJ/mol,2.580203454558131,0.06629208140361698,6.396213491481246,2.594629502817999,0.014426048259867806,0.0,0.0,NaClIWater/data/S0_NaClIWater_matrix_BC_s_loss_split0.csv,0,0.2734347469416527,0.1578676247525604,0.11030233427866633,0.0636830823880321,3
NaClIWater,NaCl/NaI/water,"BC S-loss, fixed kappa_D",0.005,298.15,I,NaCl,neutral ion-pair NaCl: mu_Na + mu_Cl,0.0625,0.0225,0.0225,6.786336374904855,kJ/mol,2.737577252798669,0.07033542016642969,6.786336374904855,2.752003301058537,0.014426048259867806,0.0,0.0,NaClIWater/data/S0_NaClIWater_matrix_BC_s_loss_split0.csv,0,0.27785402203506915,0.1604190944173674,0.11208504976773867,0.06471233365553652,3
NaClIWater,NaCl/NaI/water,"BC S-loss, fixed kappa_D",0.005,298.15,I,NaCl,neutral ion-pair NaCl: mu_Na + mu_Cl,0.0625,0.025,0.025,7.182296779800363,kJ/mol,2.8973058806720684,0.07443926057590033,7.182296779800363,2.9117319289319363,0.014426048259867806,0.0,0.0,NaClIWater/data/S0_NaClIWater_matrix_BC_s_loss_split0.csv,0,0.28131952742170746,0.16241990488522112,0.11348301889154948,0.06551945150548748,3
NaClIWater,NaCl/NaI/water,"BC S-loss, fixed kappa_D",0.005,298.15,I,NaCl,neutral ion-pair NaCl: mu_Na + mu_Cl,0.0625,0.0275,0.0275,7.583466167784445,kJ/mol,3.05913578865092,0.07859708829073497,7.583466167784445,3.073561836910788,0.014426048259867806,0.0,0.0,NaClIWater/data/S0_NaClIWater_matrix_BC_s_loss_split0.csv,0,0.2839787070032767,0.1639551829324637,0.11455571984998296,0.06613877569259902,3
NaClIWater,NaCl/NaI/water,"BC S-loss, fixed kappa_D",0.005,298.15,I,NaCl,neutral ion-pair NaCl: mu_Na + mu_Cl,0.0625,0.03,0.03,7.989331442307425,kJ/mol,3.2228599959188773,0.08280358543993316,7.989331442307425,3.237286044178745,0.014426048259867806,0.0,0.0,NaClIWater/data/S0_NaClIWater_matrix_BC_s_loss_split0.csv,0,0.2859671335933707,0.16510320155951827,0.11535784209992457,0.0666018811895258,3
NaClIWater,NaCl/NaI/water,"BC S-loss, fixed kappa_D",0.005,298.15,I,NaCl,neutral ion-pair NaCl: mu_Na + mu_Cl,0.0625,0.0325,0.0325,8.399474770005929,kJ/mol,3.388309950396018,0.08705442148584552,8.399474770005929,3.402735998655886,0.014426048259867806,0.0,0.0,NaClIWater/data/S0_NaClIWater_matrix_BC_s_loss_split0.csv,0,0.2873611734184445,0.1659080508277857,0.11592019143007717,0.066926553726668,3
NaClIWater,NaCl/NaI/water,"BC S-loss, fixed kappa_D",0.005,298.15,I,NaCl,neutral ion-pair NaCl: mu_Na + mu_Cl,0.0625,0.034999999999999996,0.034999999999999996,8.813533203235972,kJ/mol,3.555339240652193,0.09134583474121881,8.813533203235972,3.569765288912061,0.014426048259867806,0.0,0.0,NaClIWater/data/S0_NaClIWater_matrix_BC_s_loss_split0.csv,0,0.28815573975784264,0.1663667939177262,0.11624071588044495,0.0671116086043697,3
NaClIWater,NaCl/NaI/water,"BC S-loss, fixed kappa_D",0.005,298.15,I,NaCl,neutral ion-pair NaCl: mu_Na + mu_Cl,0.0625,0.0375,0.0375,9.231138859437708,kJ/mol,3.7237994645346206,0.095674012372001,9.231138859437708,3.7382255127944886,0.014426048259867806,0.0,0.0,NaClIWater/data/S0_NaClIWater_matrix_BC_s_loss_split0.csv,0,0.28826592157019126,0.16643040741674547,0.11628516272281944,0.06713727000077924,3
NaClIWater,NaCl/NaI/water,"BC S-loss, fixed kappa_D",0.005,298.15,I,NaCl,neutral ion-pair NaCl: mu_Na + mu_Cl,0.0625,0.04,0.04,9.651841462836696,kJ/mol,3.893508982842192,0.10003428759864619,9.651841462836696,3.9079350311020598,0.014426048259867806,0.0,0.0,NaClIWater/data/S0_NaClIWater_matrix_BC_s_loss_split0.csv,0,0.28755128322727963,0.1660178107770922,0.11599688086299793,0.06697083039140882,3
NaClIWater,NaCl/NaI/water,"BC S-loss, fixed kappa_D",0.005,298.15,I,NaCl,neutral ion-pair NaCl: mu_Na + mu_Cl,0.0625,0.0425,0.0425,10.075016040625382,kJ/mol,4.064215684384558,0.10442018303444912,10.075016040625382,4.078641732644425,0.014426048259867806,0.0,0.0,NaClIWater/data/S0_NaClIWater_matrix_BC_s_loss_split0.csv,0,0.28586166594498524,0.16504230978433213,0.1153152969298689,0.06657731772414144,3
NaClIWater,NaCl/NaI/water,"BC S-loss, fixed kappa_D",0.005,298.15,I,NaCl,neutral ion-pair NaCl: mu_Na + mu_Cl,0.0625,0.045,0.045,10.49975946645321,kJ/mol,4.235555252096208,0.10882233843437918,10.49975946645321,4.249981300356075,0.014426048259867806,0.0,0.0,NaClIWater/data/S0_NaClIWater_matrix_BC_s_loss_split0.csv,0,0.28310265092485754,0.16344939171976317,0.11420232280922857,0.06593474181598866,3
NaClIWater,NaCl/NaI/water,"BC S-loss, fixed kappa_D",0.005,298.15,I,NaCl,neutral ion-pair NaCl: mu_Na + mu_Cl,0.0625,0.0475,0.0475,10.924780326107669,kJ/mol,4.4070067353527085,0.11322736923330014,10.924780326107669,4.421432783612576,0.014426048259867806,0.0,0.0,NaClIWater/data/S0_NaClIWater_matrix_BC_s_loss_split0.csv,0,0.2793161579439424,0.16126325897794716,0.11267486874862985,0.0650528658029272,3
NaClIWater,NaCl/NaI/water,"BC S-loss, fixed kappa_D",0.005,298.15,I,NaCl,neutral ion-pair NaCl: mu_Na + mu_Cl,0.0625,0.05,0.05,11.34828718144165,kJ/mol,4.577847476146795,0.11761670848318317,11.34828718144165,4.592273524406663,0.014426048259867806,0.0,0.0,NaClIWater/data/S0_NaClIWater_matrix_BC_s_loss_split0.csv,0,0.27476487993651477,0.158635577395202,0.1108389038839394,0.06399287099407547,3
NaClIWater,NaCl/NaI/water,"BC S-loss, fixed kappa_D",0.005,298.15,I,NaCl,neutral ion-pair NaCl: mu_Na + mu_Cl,0.0625,0.052500000000000005,0.052500000000000005,11.76788069948693,kJ/mol,4.747109594462973,0.1219654888501509,11.76788069948693,4.761535642722841,0.014426048259867806,0.0,0.0,NaClIWater/data/S0_NaClIWater_matrix_BC_s_loss_split0.csv,0,0.2699961306074732,0.15588233868638202,0.10891521207641883,0.0628822270111656,3
NaClIWater,NaCl/NaI/water,"BC S-loss, fixed kappa_D",0.005,298.15,I,NaCl,neutral ion-pair NaCl: mu_Na + mu_Cl,0.065,0.0,0.0,3.8408732393979514,kJ/mol,1.5493908097366282,0.039807845967970934,3.8408732393979514,1.563816857996496,0.014426048259867806,0.0,0.0,NaClIWater/data/S0_NaClIWater_matrix_BC_s_loss_split0.csv,0,0.24951999607771558,0.14406043690366346,0.10065523246191059,0.05811332555722844,3
NaClIWater,NaCl/NaI/water,"BC S-loss, fixed kappa_D",0.005,298.15,I,NaCl,neutral ion-pair NaCl: mu_Na + mu_Cl,0.065,0.0025,0.0025,4.165719304352727,kJ/mol,1.6804322360605364,0.043174638181881164,4.165719304352727,1.694858284320404,0.014426048259867806,0.0,0.0,NaClIWater/data/S0_NaClIWater_matrix_BC_s_loss_split0.csv,0,0.24139744842158933,0.13937088182789342,0.09737863365074474,0.05622158035157543,3
NaClIWater,NaCl/NaI/water,"BC S-loss, fixed kappa_D",0.005,298.15,I,NaCl,neutral ion-pair NaCl: mu_Na + mu_Cl,0.065,0.005,0.005,4.5020174643637985,kJ/mol,1.8160933854855477,0.046660122997082,4.5020174643637985,1.8305194337454154,0.014426048259867806,0.0,0.0,NaClIWater/data/S0_NaClIWater_matrix_BC_s_loss_split0.csv,0,0.24007185294280797,0.13860554892138244,0.09684389445883798,0.05591284853518182,3
NaClIWater,NaCl/NaI/water,"BC S-loss, fixed kappa_D",0.005,298.15,I,NaCl,neutral ion-pair NaCl: mu_Na + mu_Cl,0.065,0.0075,0.0075,4.849372971047256,kJ/mol,1.956215018307546,0.05026020913487628,4.849372971047256,1.9706410665674137,0.014426048259867806,0.0,0.0,NaClIWater/data/S0_NaClIWater_matrix_BC_s_loss_split0.csv,0,0.2433936468802542,0.14052338754535948,0.0981838910371485,0.05668649592038257,3
NaClIWater,NaCl/NaI/water,"BC S-loss, fixed kappa_D",0.005,298.15,I,NaCl,neutral ion-pair NaCl: mu_Na + mu_Cl,0.065,0.01,0.01,5.207166409337607,kJ/mol,2.100547265304074,0.053968476810496206,5.207166409337607,2.114973313563942,0.014426048259867806,0.0,0.0,NaClIWater/data/S0_NaClIWater_matrix_BC_s_loss_split0.csv,0,0.2494115498416389,0.143997825440072,0.10061148574311633,0.05808806837735641,3
NaClIWater,NaCl/NaI/water,"BC S-loss, fixed kappa_D",0.005,298.15,I,NaCl,neutral ion-pair NaCl: mu_Na + mu_Cl,0.065,0.0125,0.0125,5.574615394888807,kJ/mol,2.2487745161855206,0.057776817181604656,5.574615394888807,2.2632005644453885,0.014426048259867806,0.0,0.0,NaClIWater/data/S0_NaClIWater_matrix_BC_s_loss_split0.csv,0,0.25655244381734843,0.14812062249920246,0.10349208992077526,0.05975118597475655,3
NaClIWater,NaCl/NaI/water,"BC S-loss, fixed kappa_D",0.005,298.15,I,NaCl,neutral ion-pair NaCl: mu_Na + mu_Cl,0.065,0.015,0.015,5.950838161299745,kJ/mol,2.4005410703929098,0.061676091383446874,5.950838161299745,2.4149671186527777,0.014426048259867806,0.0,0.0,NaClIWater/data/S0_NaClIWater_matrix_BC_s_loss_split0.csv,0,0.26370606402532676,0.1522507670519591,0.10637782780269643,0.06141726751769445,3
NaClIWater,NaCl/NaI/water,"BC S-loss, fixed kappa_D",0.005,298.15,I,NaCl,neutral ion-pair NaCl: mu_Na + mu_Cl,0.065,0.0175,0.0175,6.3349148077981345,kJ/mol,2.5554758441352337,0.065656765316362,6.3349148077981345,2.5699018923951016,0.014426048259867806,0.0,0.0,NaClIWater/data/S0_NaClIWater_matrix_BC_s_loss_split0.csv,0,0.27019894656772225,0.15599943453562776,0.10899702711307616,0.06292946294460346,3
NaClIWater,NaCl/NaI/water,"BC S-loss, fixed kappa_D",0.005,298.15,I,NaCl,neutral ion-pair NaCl: mu_Na + mu_Cl,0.065,0.02,0.02,6.725942010156122,kJ/mol,2.713214440524178,0.0697094766844657,6.725942010156122,2.7276404887840457,0.014426048259867806,0.0,0.0,NaClIWater/data/S0_NaClIWater_matrix_BC_s_loss_split0.csv,0,0.2757034140277507,0.15917744030542075,0.11121750427112966,0.06421145602953507,3
NaClIWater,NaCl/NaI/water,"BC S-loss, fixed kappa_D",0.005,298.15,I,NaCl,neutral ion-pair NaCl: mu_Na + mu_Cl,0.065,0.0225,0.0225,7.123077224309707,kJ/mol,2.8734169811133077,0.07382549313388154,7.123077224309707,2.8878430293731756,0.014426048259867806,0.0,0.0,NaClIWater/data/S0_NaClIWater_matrix_BC_s_loss_split0.csv,0,0.28012560427486777,0.1617305930350015,0.11300139571995668,0.06524138623772043,3
NaClIWater,NaCl/NaI/water,"BC S-loss, fixed kappa_D",0.005,298.15,I,NaCl,neutral ion-pair NaCl: mu_Na + mu_Cl,0.065,0.025,0.025,7.525568857499925,kJ/mol,3.0357802767993065,0.07799702495458403,7.525568857499925,3.0502063250591744,0.014426048259867806,0.0,0.0,NaClIWater/data/S0_NaClIWater_matrix_BC_s_loss_split0.csv,0,0.28349908495632165,0.1636782730145449,0.11436224249590683,0.06602707149014107,3
NaClIWater,NaCl/NaI/water,"BC S-loss, fixed kappa_D",0.005,298.15,I,NaCl,neutral ion-pair NaCl: mu_Na + mu_Cl,0.065,0.0275,0.0275,7.932769501201513,kJ/mol,3.200043165925263,0.08221736223003973,7.932769501201513,3.2144692141851308,0.014426048259867806,0.0,0.0,NaClIWater/data/S0_NaClIWater_matrix_BC_s_loss_split0.csv,0,0.28589726931950155,0.16506286540219317,0.11532965916934745,0.06658560976697055,3
NaClIWater,NaCl/NaI/water,"BC S-loss, fixed kappa_D",0.005,298.15,I,NaCl,neutral ion-pair NaCl: mu_Na + mu_Cl,0.065,0.03,0.03,8.344130109924693,kJ/mol,3.3659841660357652,0.0864808145047391,8.344130109924693,3.380410214295633,0.014426048259867806,0.0,0.0,NaClIWater/data/S0_NaClIWater_matrix_BC_s_loss_split0.csv,0,0.28737039646565665,0.16591337575657636,0.11592391196540806,0.06692870177874283,3
NaClIWater,NaCl/NaI/water,"BC S-loss, fixed kappa_D",0.005,298.15,I,NaCl,neutral ion-pair NaCl: mu_Na + mu_Cl,0.065,0.0325,0.0325,8.759173933284355,kJ/mol,3.533410958192075,0.09078244060913221,8.759173933284355,3.547837006451943,0.014426048259867806,0.0,0.0,NaClIWater/data/S0_NaClIWater_matrix_BC_s_loss_split0.csv,0,0.287908930180995,0.16622429834209465,0.11614115401878267,0.06705412653673797,3
NaClIWater,NaCl/NaI/water,"BC S-loss, fixed kappa_D",0.005,298.15,I,NaCl,neutral ion-pair NaCl: mu_Na + mu_Cl,0.065,0.034999999999999996,0.034999999999999996,9.177450025249417,kJ/mol,3.7021416328146004,0.0951175668169526,9.177450025249417,3.7165676810744683,0.014426048259867806,0.0,0.0,NaClIWater/data/S0_NaClIWater_matrix_BC_s_loss_split0.csv,0,0.2874330793680092,0.1659495657471232,0.11594919796335153,0.06694330065646222,3
NaClIWater,NaCl/NaI/water,"BC S-loss, fixed kappa_D",0.005,298.15,I,NaCl,neutral ion-pair NaCl: mu_Na + mu_Cl,0.065,0.0375,0.0375,9.598467229304703,kJ/mol,3.871978059597203,0.09948110264963361,9.598467229304703,3.886404107857071,0.014426048259867806,0.0,0.0,NaClIWater/data/S0_NaClIWater_matrix_BC_s_loss_split0.csv,0,0.2858071050941803,0.16501080906243265,0.11529328733060891,0.06656461047608393,3
NaClIWater,NaCl/NaI/water,"BC S-loss, fixed kappa_D",0.005,298.15,I,NaCl,neutral ion-pair NaCl: mu_Na + mu_Cl,0.065,0.04,0.04,10.021610598356446,kJ/mol,4.042672171676917,0.10386667462967127,10.021610598356446,4.057098219936784,0.014426048259867806,0.0,0.0,NaClIWater/data/S0_NaClIWater_matrix_BC_s_loss_split0.csv,0,0.28287676498805553,0.16331897641334436,0.1141112014488719,0.06588213287405781,3
NaClIWater,NaCl/NaI/water,"BC S-loss, fixed kappa_D",0.005,298.15,I,NaCl,neutral ion-pair NaCl: mu_Na + mu_Cl,0.065,0.0425,0.0425,10.446043254139438,kJ/mol,4.213886376164789,0.10826560912505558,10.446043254139438,4.228312424424656,0.014426048259867806,0.0,0.0,NaClIWater/data/S0_NaClIWater_matrix_BC_s_loss_split0.csv,0,0.2785282366610093,0.1608083524131455,0.1123570248838412,0.0648693585620312,3
NaClIWater,NaCl/NaI/water,"BC S-loss, fixed kappa_D",0.005,298.15,I,NaCl,neutral ion-pair NaCl: mu_Na + mu_Cl,0.065,0.045,0.045,10.870597612311101,kJ/mol,4.385149674843169,0.11266580497681389,10.870597612311101,4.399575723103037,0.014426048259867806,0.0,0.0,NaClIWater/data/S0_NaClIWater_matrix_BC_s_loss_split0.csv,0,0.2727660651623802,0.15748156114729522,0.1100325910877651,0.0635273460841532,3
NaClIWater,NaCl/NaI/water,"BC S-loss, fixed kappa_D",0.005,298.15,I,NaCl,neutral ion-pair NaCl: mu_Na + mu_Cl,0.065,0.0475,0.0475,11.293660714993312,kJ/mol,4.555811407834187,0.11705054505455338,11.293660714993312,4.570237456094055,0.014426048259867806,0.0,0.0,NaClIWater/data/S0_NaClIWater_matrix_BC_s_loss_split0.csv,0,0.26580423848941326,0.15346214864360624,0.10722422184625253,0.06190593334658206,3
NaClIWater,NaCl/NaI/water,"BC S-loss, fixed kappa_D",0.005,298.15,I,NaCl,neutral ion-pair NaCl: mu_Na + mu_Cl,0.065,0.05,0.05,11.713059024023257,kJ/mol,4.724994779720716,0.12139730222264689,11.713059024023257,4.739420827980584,0.014426048259867806,0.0,0.0,NaClIWater/data/S0_NaClIWater_matrix_BC_s_loss_split0.csv,0,0.2581552548430492,0.1490460058763509,0.10413865660448973,0.06012448142364815,3
NaClIWater,NaCl/NaI/water,"BC S-loss, fixed kappa_D",0.005,298.15,I,NaCl,neutral ion-pair NaCl: mu_Na + mu_Cl,0.0675,0.0,0.0,4.106237612416851,kJ/mol,1.6564375918510654,0.042558153887057415,4.106237612416851,1.6708636401109331,0.014426048259867806,0.0,0.0,NaClIWater/data/S0_NaClIWater_matrix_BC_s_loss_split0.csv,0,0.24614474239499967,0.14211173328136414,0.09929367046530853,0.05732722737197188,3
NaClIWater,NaCl/NaI/water,"BC S-loss, fixed kappa_D",0.005,298.15,I,NaCl,neutral ion-pair NaCl: mu_Na + mu_Cl,0.0675,0.0025,0.0025,4.441845319559363,kJ/mol,1.7918202157266967,0.046036482662543676,4.441845319559363,1.8062462639865644,0.014426048259867806,0.0,0.0,NaClIWater/data/S0_NaClIWater_matrix_BC_s_loss_split0.csv,0,0.24168921023397172,0.13953933058881163,0.09749632903993385,0.05628953181620614,3
NaClIWater,NaCl/NaI/water,"BC S-loss, fixed kappa_D",0.005,298.15,I,NaCl,neutral ion-pair NaCl: mu_Na + mu_Cl,0.0675,0.005,0.005,4.788459157206843,kJ/mol,1.931642662630133,0.04962888194245352,4.788459157206843,1.9460687108900008,0.014426048259867806,0.0,0.0,NaClIWater/data/S0_NaClIWater_matrix_BC_s_loss_split0.csv,0,0.2428551113210708,0.14021246389529676,0.09796664823997507,0.056561070732954986,3
NaClIWater,NaCl/NaI/water,"BC S-loss, fixed kappa_D",0.005,298.15,I,NaCl,neutral ion-pair NaCl: mu_Na + mu_Cl,0.0675,0.0075,0.0075,5.145645534262798,kJ/mol,2.075730023883525,0.0533308578717424,5.145645534262798,2.090156072143393,0.014426048259867806,0.0,0.0,NaClIWater/data/S0_NaClIWater_matrix_BC_s_loss_split0.csv,0,0.2477042522403622,0.14301211671038808,0.09992276964965886,0.05769043795540352,3
NaClIWater,NaCl/NaI/water,"BC S-loss, fixed kappa_D",0.005,298.15,I,NaCl,neutral ion-pair NaCl: mu_Na + mu_Cl,0.0675,0.01,0.01,5.51275850490018,kJ/mol,2.2238217278757744,0.05713571569367559,5.51275850490018,2.2382477761356423,0.014426048259867806,0.0,0.0,NaClIWater/data/S0_NaClIWater_matrix_BC_s_loss_split0.csv,0,0.25458045090756026,0.14698209186189623,0.10269659694278509,0.05929190788977547,3
NaClIWater,NaCl/NaI/water,"BC S-loss, fixed kappa_D",0.005,298.15,I,NaCl,neutral ion-pair NaCl: mu_Na + mu_Cl,0.0675,0.0125,0.0125,5.8889988129345126,kJ/mol,2.3755953582943214,0.06103517170163286,5.8889988129345126,2.3900214065541894,0.014426048259867806,0.0,0.0,NaClIWater/data/S0_NaClIWater_matrix_BC_s_loss_split0.csv,0,0.2621658214469954,0.15136150758474218,0.1057565009463054,0.06105854428990234,3
NaClIWater,NaCl/NaI/water,"BC S-loss, fixed kappa_D",0.005,298.15,I,NaCl,neutral ion-pair NaCl: mu_Na + mu_Cl,0.0675,0.015,0.015,6.2734743440058,kJ/mol,2.530691040260602,0.06501997978182315,6.2734743440058,2.54511708852047,0.014426048259867806,0.0,0.0,NaClIWater/data/S0_NaClIWater_matrix_BC_s_loss_split0.csv,0,0.26951788828905493,0.15560622535510535,0.10872229129856459,0.06277084414813917,3
NaClIWater,NaCl/NaI/water,"BC S-loss, fixed kappa_D",0.005,298.15,I,NaCl,neutral ion-pair NaCl: mu_Na + mu_Cl,0.0675,0.0175,0.0175,6.66525778626396,kJ/mol,2.6887347003885065,0.06908052902417694,6.66525778626396,2.7031607486483744,0.014426048259867806,0.0,0.0,NaClIWater/data/S0_NaClIWater_matrix_BC_s_loss_split0.csv,0,0.27604536535067403,0.15937486599376025,0.1113554458807825,0.06429109665500059,3
NaClIWater,NaCl/NaI/water,"BC S-loss, fixed kappa_D",0.005,298.15,I,NaCl,neutral ion-pair NaCl: mu_Na + mu_Cl,0.0675,0.02,0.02,7.063437330170754,kJ/mol,2.849358518854073,0.07320736918876491,7.063437330170754,2.863784567113941,0.014426048259867806,0.0,0.0,NaClIWater/data/S0_NaClIWater_matrix_BC_s_loss_split0.csv,0,0.2814370553931264,0.16248775969115717,0.11353042914110839,0.06554682382583267,3
NaClIWater,NaCl/NaI/water,"BC S-loss, fixed kappa_D",0.005,298.15,I,NaCl,neutral ion-pair NaCl: mu_Na + mu_Cl,0.0675,0.0225,0.0225,7.467156468130313,kJ/mol,3.0122169843855686,0.077391623199901,7.467156468130313,3.0266430326454365,0.014426048259867806,0.0,0.0,NaClIWater/data/S0_NaClIWater_matrix_BC_s_loss_split0.csv,0,0.2855709872024026,0.16487448633405433,0.11519803844611506,0.0665096185069814,3
NaClIWater,NaCl/NaI/water,"BC S-loss, fixed kappa_D",0.005,298.15,I,NaCl,neutral ion-pair NaCl: mu_Na + mu_Cl,0.0675,0.025,0.025,7.875639407267797,kJ/mol,3.176997145662911,0.08162525053103309,7.875639407267797,3.191423193922779,0.014426048259867806,0.0,0.0,NaClIWater/data/S0_NaClIWater_matrix_BC_s_loss_split0.csv,0,0.28842536113474193,0.16652245989225828,0.11634947991857832,0.06717440355106415,3
NaClIWater,NaCl/NaI/water,"BC S-loss, fixed kappa_D",0.005,298.15,I,NaCl,neutral ion-pair NaCl: mu_Na + mu_Cl,0.0675,0.0275,0.0275,8.288199230174714,kJ/mol,3.343421903325245,0.0859011317849081,8.288199230174714,3.357847951585113,0.014426048259867806,0.0,0.0,NaClIWater/data/S0_NaClIWater_matrix_BC_s_loss_split0.csv,0,0.29000473010955713,0.1674343089950176,0.11698659018549931,0.06754223933517446,3
NaClIWater,NaCl/NaI/water,"BC S-loss, fixed kappa_D",0.005,298.15,I,NaCl,neutral ion-pair NaCl: mu_Na + mu_Cl,0.0675,0.03,0.03,8.704226751656483,kJ/mol,3.511245514833549,0.09021295320189893,8.704226751656483,3.525671563093417,0.014426048259867806,0.0,0.0,NaClIWater/data/S0_NaClIWater_matrix_BC_s_loss_split0.csv,0,0.29028859467415874,0.16759819827780373,0.11710109986082307,0.06760835152704744,3
NaClIWater,NaCl/NaI/water,"BC S-loss, fixed kappa_D",0.005,298.15,I,NaCl,neutral ion-pair NaCl: mu_Na + mu_Cl,0.0675,0.0325,0.0325,9.123158960755415,kJ/mol,3.680240864126121,0.09455487958462072,9.123158960755415,3.6946669123859888,0.014426048259867806,0.0,0.0,NaClIWater/data/S0_NaClIWater_matrix_BC_s_loss_split0.csv,0,0.28920539322528865,0.16697281162971198,0.11666414131901082,0.06735607339530744,3
NaClIWater,NaCl/NaI/water,"BC S-loss, fixed kappa_D",0.005,298.15,I,NaCl,neutral ion-pair NaCl: mu_Na + mu_Cl,0.0675,0.034999999999999996,0.034999999999999996,9.544426975801043,kJ/mol,3.850178466922405,0.09892101489003835,9.544426975801043,3.8646045151822728,0.014426048259867806,0.0,0.0,NaClIWater/data/S0_NaClIWater_matrix_BC_s_loss_split0.csv,0,0.2866321753097393,0.16548716357348597,0.1156261169059932,0.06675676972102632,3
NaClIWater,NaCl/NaI/water,"BC S-loss, fixed kappa_D",0.005,298.15,I,NaCl,neutral ion-pair NaCl: mu_Na + mu_Cl,0.0675,0.0375,0.0375,9.967384535856626,kJ/mol,4.020797624497486,0.10330466109553528,9.967384535856626,4.035223672757353,0.014426048259867806,0.0,0.0,NaClIWater/data/S0_NaClIWater_matrix_BC_s_loss_split0.csv,0,0.2824188304727834,0.16305458779768078,0.11392647274651721,0.06577547970802627,3
NaClIWater,NaCl/NaI/water,"BC S-loss, fixed kappa_D",0.005,298.15,I,NaCl,neutral ion-pair NaCl: mu_Na + mu_Cl,0.0675,0.04,0.04,10.391219164149282,kJ/mol,4.191770587413521,0.107697397472748,10.391219164149282,4.206196635673389,0.014426048259867806,0.0,0.0,NaClIWater/data/S0_NaClIWater_matrix_BC_s_loss_split0.csv,0,0.27643528801801376,0.15959998795071198,0.11151273891276489,0.06438190982935726,3
NaClIWater,NaCl/NaI/water,"BC S-loss, fixed kappa_D",0.005,298.15,I,NaCl,neutral ion-pair NaCl: mu_Na + mu_Cl,0.0675,0.0425,0.0425,10.814849182496992,kJ/mol,4.362661011607626,0.11208801321731698,10.814849182496992,4.377087059867494,0.014426048259867806,0.0,0.0,NaClIWater/data/S0_NaClIWater_matrix_BC_s_loss_split0.csv,0,0.26864006017072434,0.15509941105468497,0.10836817942496282,0.06256639756259195,3
NaClIWater,NaCl/NaI/water,"BC S-loss, fixed kappa_D",0.005,298.15,I,NaCl,neutral ion-pair NaCl: mu_Na + mu_Cl,0.0675,0.045,0.045,11.236810734322257,kJ/mol,4.532878383989004,0.11646133652493519,11.236810734322257,4.547304432248872,0.014426048259867806,0.0,0.0,NaClIWater/data/S0_NaClIWater_matrix_BC_s_loss_split0.csv,0,0.2591676474777658,0.1496305110365301,0.10454705119246652,0.06036026814895213,3
NaClIWater,NaCl/NaI/water,"BC S-loss, fixed kappa_D",0.005,298.15,I,NaCl,neutral ion-pair NaCl: mu_Na + mu_Cl,0.0675,0.0475,0.0475,11.65513979000983,kJ/mol,4.7016304239364946,0.12079701166305769,11.65513979000983,4.716056472196362,0.014426048259867806,0.0,0.0,NaClIWater/data/S0_NaClIWater_matrix_BC_s_loss_split0.csv,0,0.24842814203602295,0.14343005467877645,0.10021478350347607,0.05785903223251198,3
NaClIWater,NaCl/NaI/water,"BC S-loss, fixed kappa_D",0.005,298.15,I,NaCl,neutral ion-pair NaCl: mu_Na + mu_Cl,0.07,0.0,0.0,4.380601326213823,kJ/mol,1.7671146671374325,0.04540173340069487,4.380601326213823,1.7815407153973002,0.014426048259867806,0.0,0.0,NaClIWater/data/S0_NaClIWater_matrix_BC_s_loss_split0.csv,0,0.24540340936126986,0.14168372445478108,0.09899462008852615,0.05715457055643531,3
NaClIWater,NaCl/NaI/water,"BC S-loss, fixed kappa_D",0.005,298.15,I,NaCl,neutral ion-pair NaCl: mu_Na + mu_Cl,0.07,0.0025,0.0025,4.727009230174858,kJ/mol,1.9068540413276323,0.048991998328347115,4.727009230174858,1.9212800895875,0.014426048259867806,0.0,0.0,NaClIWater/data/S0_NaClIWater_matrix_BC_s_loss_split0.csv,0,0.24451508666232707,0.14117085110541921,0.09863627474879876,0.05694767977808085,3
NaClIWater,NaCl/NaI/water,"BC S-loss, fixed kappa_D",0.005,298.15,I,NaCl,neutral ion-pair NaCl: mu_Na + mu_Cl,0.07,0.005,0.005,5.083914829196072,kJ/mol,2.0508281379978195,0.05269106419837044,5.083914829196072,2.0652541862576874,0.014426048259867806,0.0,0.0,NaClIWater/data/S0_NaClIWater_matrix_BC_s_loss_split0.csv,0,0.2482991173545643,0.14335556224420418,0.10016273553333434,0.05782898232293988,3
NaClIWater,NaCl/NaI/water,"BC S-loss, fixed kappa_D",0.005,298.15,I,NaCl,neutral ion-pair NaCl: mu_Na + mu_Cl,0.07,0.0075,0.0075,5.450849125169869,kJ/mol,2.1988477654427743,0.05649407018790952,5.450849125169869,2.213273813702642,0.014426048259867806,0.0,0.0,NaClIWater/data/S0_NaClIWater_matrix_BC_s_loss_split0.csv,0,0.25488308746664035,0.14715681916074774,0.1028186791553713,0.05936239208807539,3
NaClIWater,NaCl/NaI/water,"BC S-loss, fixed kappa_D",0.005,298.15,I,NaCl,neutral ion-pair NaCl: mu_Na + mu_Cl,0.07,0.01,0.01,5.827139990040218,kJ/mol,2.3506417902592123,0.06039405018054822,5.827139990040218,2.36506783851908,0.014426048259867806,0.0,0.0,NaClIWater/data/S0_NaClIWater_matrix_BC_s_loss_split0.csv,0,0.262807911249315,0.1517322183049553,0.10601551705455263,0.061208087309723325,3
NaClIWater,NaCl/NaI/water,"BC S-loss, fixed kappa_D",0.005,298.15,I,NaCl,neutral ion-pair NaCl: mu_Na + mu_Cl,0.07,0.0125,0.0125,6.211968195743055,kJ/mol,2.5058797395691133,0.06438251347572077,6.211968195743055,2.520305787828981,0.014426048259867806,0.0,0.0,NaClIWater/data/S0_NaClIWater_matrix_BC_s_loss_split0.csv,0,0.27095225234461484,0.1564343558286988,0.10930090724003956,0.06310490821770716,3
NaClIWater,NaCl/NaI/water,"BC S-loss, fixed kappa_D",0.005,298.15,I,NaCl,neutral ion-pair NaCl: mu_Na + mu_Cl,0.07,0.015,0.015,6.6044244533269785,kJ/mol,2.6641948103417885,0.06845003595753951,6.6044244533269785,2.6786208586016564,0.014426048259867806,0.0,0.0,NaClIWater/data/S0_NaClIWater_matrix_BC_s_loss_split0.csv,0,0.27851073644371377,0.16079824865797906,0.1123499653757151,0.06486528275311425,3
NaClIWater,NaCl/NaI/water,"BC S-loss, fixed kappa_D",0.005,298.15,I,NaCl,neutral ion-pair NaCl: mu_Na + mu_Cl,0.07,0.0175,0.0175,7.003563302457855,kJ/mol,2.8252056081751404,0.07258681862015237,7.003563302457855,2.8396316564350084,0.014426048259867806,0.0,0.0,NaClIWater/data/S0_NaClIWater_matrix_BC_s_loss_split0.csv,0,0.2849601292079216,0.16452180730650406,0.11495162110721524,0.0663673493900346,3
NaClIWater,NaCl/NaI/water,"BC S-loss, fixed kappa_D",0.005,298.15,I,NaCl,neutral ion-pair NaCl: mu_Na + mu_Cl,0.07,0.02,0.02,7.4084497285226565,kJ/mol,2.9885349524234925,0.07678317071997752,7.4084497285226565,3.0029610006833605,0.014426048259867806,0.0,0.0,NaClIWater/data/S0_NaClIWater_matrix_BC_s_loss_split0.csv,0,0.2900008916761196,0.16743209287443916,0.11698504177889452,0.06754134536220437,3
NaClIWater,NaCl/NaI/water,"BC S-loss, fixed kappa_D",0.005,298.15,I,NaCl,neutral ion-pair NaCl: mu_Na + mu_Cl,0.07,0.0225,0.0225,7.818194613538949,kJ/mol,3.1538241769333717,0.08102987719848898,7.818194613538949,3.1682502251932396,0.014426048259867806,0.0,0.0,NaClIWater/data/S0_NaClIWater_matrix_BC_s_loss_split0.csv,0,0.29348474428376725,0.1694434961152815,0.11839041208828063,0.06835273628863955,3
NaClIWater,NaCl/NaI/water,"BC S-loss, fixed kappa_D",0.005,298.15,I,NaCl,neutral ion-pair NaCl: mu_Na + mu_Cl,0.07,0.025,0.025,8.231975576853984,kJ/mol,3.320741537086808,0.08531841468084167,8.231975576853984,3.335167585346676,0.014426048259867806,0.0,0.0,NaClIWater/data/S0_NaClIWater_matrix_BC_s_loss_split0.csv,0,0.29534297352080885,0.17051634526550352,0.11914001331768943,0.0687855187602236,3
NaClIWater,NaCl/NaI/water,"BC S-loss, fixed kappa_D",0.005,298.15,I,NaCl,neutral ion-pair NaCl: mu_Na + mu_Cl,0.07,0.0275,0.0275,8.649040401467586,kJ/mol,3.488983591964418,0.0896409869872059,8.649040401467586,3.503409640224286,0.014426048259867806,0.0,0.0,NaClIWater/data/S0_NaClIWater_matrix_BC_s_loss_split0.csv,0,0.29552718454328997,0.17062269954892068,0.11921432320700238,0.06882842159482189,3
NaClIWater,NaCl/NaI/water,"BC S-loss, fixed kappa_D",0.005,298.15,I,NaCl,neutral ion-pair NaCl: mu_Na + mu_Cl,0.07,0.03,0.03,9.06869105791498,kJ/mol,3.6582687596523407,0.09399035955198087,9.06869105791498,3.6726948079122086,0.014426048259867806,0.0,0.0,NaClIWater/data/S0_NaClIWater_matrix_BC_s_loss_split0.csv,0,0.29396982501001856,0.1697235576031614,0.11858609144877738,0.0684657118200972,3
NaClIWater,NaCl/NaI/water,"BC S-loss, fixed kappa_D",0.005,298.15,I,NaCl,neutral ion-pair NaCl: mu_Na + mu_Cl,0.07,0.0325,0.0325,9.490247293033462,kJ/mol,3.828322629116184,0.09835948204795386,9.490247293033462,3.842748677376052,0.014426048259867806,0.0,0.0,NaClIWater/data/S0_NaClIWater_matrix_BC_s_loss_split0.csv,0,0.2905679965377636,0.16775951101896808,0.11721380930284563,0.06767342435373938,3
NaClIWater,NaCl/NaI/water,"BC S-loss, fixed kappa_D",0.005,298.15,I,NaCl,neutral ion-pair NaCl: mu_Na + mu_Cl,0.07,0.034999999999999996,0.034999999999999996,9.912989818121714,kJ/mol,3.99885504256268,0.10274089957306387,9.912989818121714,4.013281090822548,0.014426048259867806,0.0,0.0,NaClIWater/data/S0_NaClIWater_matrix_BC_s_loss_split0.csv,0,0.2851913408800525,0.16465529742764864,0.115044890845,0.06642119869825186,3
NaClIWater,NaCl/NaI/water,"BC S-loss, fixed kappa_D",0.005,298.15,I,NaCl,neutral ion-pair NaCl: mu_Na + mu_Cl,0.07,0.0375,0.0375,10.336084243685447,kJ/mol,4.169529411061756,0.10712596428959387,10.336084243685447,4.1839554593216235,0.014426048259867806,0.0,0.0,NaClIWater/data/S0_NaClIWater_matrix_BC_s_loss_split0.csv,0,0.27771320860227217,0.16033779574403653,0.1120282462688816,0.06467953814018049,3
NaClIWater,NaCl/NaI/water,"BC S-loss, fixed kappa_D",0.005,298.15,I,NaCl,neutral ion-pair NaCl: mu_Na + mu_Cl,0.07,0.04,0.04,10.75848803735374,kJ/mol,4.339925181792822,0.11150387111092643,10.75848803735374,4.354351230052689,0.014426048259867806,0.0,0.0,NaClIWater/data/S0_NaClIWater_matrix_BC_s_loss_split0.csv,0,0.26806375942178545,0.15476668366215093,0.10813570232186796,0.062432176844539715,3
NaClIWater,NaCl/NaI/water,"BC S-loss, fixed kappa_D",0.005,298.15,I,NaCl,neutral ion-pair NaCl: mu_Na + mu_Cl,0.07,0.0425,0.0425,11.178843861437672,kJ/mol,4.509494810900655,0.11586055222323921,11.178843861437672,4.523920859160523,0.014426048259867806,0.0,0.0,NaClIWater/data/S0_NaClIWater_matrix_BC_s_loss_split0.csv,0,0.2563035882596295,0.14797694567596412,0.10339170271972793,0.059693227397208684,3
NaClIWater,NaCl/NaI/water,"BC S-loss, fixed kappa_D",0.005,298.15,I,NaCl,neutral ion-pair NaCl: mu_Na + mu_Cl,0.07,0.045,0.045,11.595363639812092,kJ/mol,4.677516996602368,0.12017747552340553,11.595363639812092,4.691943044862236,0.014426048259867806,0.0,0.0,NaClIWater/data/S0_NaClIWater_matrix_BC_s_loss_split0.csv,0,0.24271570184401234,0.14013197579618947,0.09791041109048318,0.05652860219955739,3
NaClIWater,NaCl/NaI/water,"BC S-loss, fixed kappa_D",0.005,298.15,I,NaCl,neutral ion-pair NaCl: mu_Na + mu_Cl,0.07250000000000001,0.0,0.0,4.664500782862982,kJ/mol,1.8816384177547214,0.0483441439246235,4.664500782862982,1.8960644660145891,0.014426048259867806,0.0,0.0,NaClIWater/data/S0_NaClIWater_matrix_BC_s_loss_split0.csv,0,0.24702860414095607,0.1426220310983185,0.09965021627687433,0.05753307919225782,3
NaClIWater,NaCl/NaI/water,"BC S-loss, fixed kappa_D",0.005,298.15,I,NaCl,neutral ion-pair NaCl: mu_Na + mu_Cl,0.07250000000000001,0.0025,0.0025,5.021619267168776,kJ/mol,2.0256983913812405,0.052045416195142025,5.021619267168776,2.0401244396411085,0.014426048259867806,0.0,0.0,NaClIWater/data/S0_NaClIWater_matrix_BC_s_loss_split0.csv,0,0.24942720255743175,0.14400686253974854,0.10061779997753277,0.05809171390229647,3
NaClIWater,NaCl/NaI/water,"BC S-loss, fixed kappa_D",0.005,298.15,I,NaCl,neutral ion-pair NaCl: mu_Na + mu_Cl,0.07250000000000001,0.005,0.005,5.38867504730076,kJ/mol,2.173767024983517,0.055849681279255485,5.38867504730076,2.1881930732433847,0.014426048259867806,0.0,0.0,NaClIWater/data/S0_NaClIWater_matrix_BC_s_loss_split0.csv,0,0.25584135161693017,0.14771007322587235,0.10320523855872,0.059585572263656544,3
NaClIWater,NaCl/NaI/water,"BC S-loss, fixed kappa_D",0.005,298.15,I,NaCl,neutral ion-pair NaCl: mu_Na + mu_Cl,0.07250000000000001,0.0075,0.0075,5.765163863283525,kJ/mol,2.325640902379105,0.05975171289060199,5.765163863283525,2.340066950638973,0.014426048259867806,0.0,0.0,NaClIWater/data/S0_NaClIWater_matrix_BC_s_loss_split0.csv,0,0.26427617055241,0.15257991820883737,0.10660780618484474,0.06155004559853556,3
NaClIWater,NaCl/NaI/water,"BC S-loss, fixed kappa_D",0.005,298.15,I,NaCl,neutral ion-pair NaCl: mu_Na + mu_Cl,0.07250000000000001,0.01,0.01,6.150383834846702,kJ/mol,2.481036888256668,0.06374423655279315,6.150383834846702,2.4954629365165357,0.014426048259867806,0.0,0.0,NaClIWater/data/S0_NaClIWater_matrix_BC_s_loss_split0.csv,0,0.2733540735993897,0.15782104797668842,0.1102697910190215,0.06366429352831585,3
NaClIWater,NaCl/NaI/water,"BC S-loss, fixed kappa_D",0.005,298.15,I,NaCl,neutral ion-pair NaCl: mu_Na + mu_Cl,0.07250000000000001,0.0125,0.0125,6.5434882184235885,kJ/mol,2.6396134101094644,0.06781847638717409,6.5434882184235885,2.6540394583693323,0.014426048259867806,0.0,0.0,NaClIWater/data/S0_NaClIWater_matrix_BC_s_loss_split0.csv,0,0.28208687095951784,0.16286293088333686,0.11379256178747202,0.0656981661797741,3
NaClIWater,NaCl/NaI/water,"BC S-loss, fixed kappa_D",0.005,298.15,I,NaCl,neutral ion-pair NaCl: mu_Na + mu_Cl,0.07250000000000001,0.015,0.015,6.943538874344939,kJ/mol,2.8009920266583426,0.07196470926123766,6.943538874344939,2.8154180749182105,0.014426048259867806,0.0,0.0,NaClIWater/data/S0_NaClIWater_matrix_BC_s_loss_split0.csv,0,0.289777860171392,0.16730332557514693,0.11689507188346498,0.06748940121885917,3
NaClIWater,NaCl/NaI/water,"BC S-loss, fixed kappa_D",0.005,298.15,I,NaCl,neutral ion-pair NaCl: mu_Na + mu_Cl,0.07250000000000001,0.0175,0.0175,7.349556357323171,kJ/mol,2.9647776341254293,0.07617278393990999,7.349556357323171,2.979203682385297,0.014426048259867806,0.0,0.0,NaClIWater/data/S0_NaClIWater_matrix_BC_s_loss_split0.csv,0,0.2959644827038146,0.1708751737596157,0.11939072729763521,0.06893026854403489,3
NaClIWater,NaCl/NaI/water,"BC S-loss, fixed kappa_D",0.005,298.15,I,NaCl,neutral ion-pair NaCl: mu_Na + mu_Cl,0.07250000000000001,0.02,0.02,7.760562551483241,kJ/mol,3.1305756650118273,0.08043256296650725,7.760562551483241,3.145001713271695,0.014426048259867806,0.0,0.0,NaClIWater/data/S0_NaClIWater_matrix_BC_s_loss_split0.csv,0,0.3003634761053679,0.1734149337841659,0.12116526124438085,0.06995479619587462,3
NaClIWater,NaCl/NaI/water,"BC S-loss, fixed kappa_D",0.005,298.15,I,NaCl,neutral ion-pair NaCl: mu_Na + mu_Cl,0.07250000000000001,0.0225,0.0225,8.175612019646811,kJ/mol,3.2980047342563807,0.08473424757517023,8.175612019646811,3.3124307825162487,0.014426048259867806,0.0,0.0,NaClIWater/data/S0_NaClIWater_matrix_BC_s_loss_split0.csv,0,0.3028123881681458,0.17482881382283244,0.12215314124130461,0.0705251489780256,3
NaClIWater,NaCl/NaI/water,"BC S-loss, fixed kappa_D",0.005,298.15,I,NaCl,neutral ion-pair NaCl: mu_Na + mu_Cl,0.07250000000000001,0.025,0.025,8.593808674013621,kJ/mol,3.4667033641127785,0.08906855047030147,8.593808674013621,3.4811294123726464,0.014426048259867806,0.0,0.0,NaClIWater/data/S0_NaClIWater_matrix_BC_s_loss_split0.csv,0,0.30321371522121604,0.17506052010495562,0.12231503475066303,0.07061861823923374,3
NaClIWater,NaCl/NaI/water,"BC S-loss, fixed kappa_D",0.005,298.15,I,NaCl,neutral ion-pair NaCl: mu_Na + mu_Cl,0.07250000000000001,0.0275,0.0275,9.014305018810088,kJ/mol,3.636329678637445,0.09342668797717124,9.014305018810088,3.6507557268973128,0.014426048259867806,0.0,0.0,NaClIWater/data/S0_NaClIWater_matrix_BC_s_loss_split0.csv,0,0.3014899429725467,0.17406529973316479,0.12161967285931709,0.07021715086408095,3
NaClIWater,NaCl/NaI/water,"BC S-loss, fixed kappa_D",0.005,298.15,I,NaCl,neutral ion-pair NaCl: mu_Na + mu_Cl,0.07250000000000001,0.03,0.03,9.436282050926707,kJ/mol,3.8065532956980044,0.09780017172670341,9.436282050926707,3.8209793439578723,0.014426048259867806,0.0,0.0,NaClIWater/data/S0_NaClIWater_matrix_BC_s_loss_split0.csv,0,0.29755579078298877,0.17179391590749055,0.12003265374499654,0.0693008849512189,3
NaClIWater,NaCl/NaI/water,"BC S-loss, fixed kappa_D",0.005,298.15,I,NaCl,neutral ion-pair NaCl: mu_Na + mu_Cl,0.07250000000000001,0.0325,0.0325,9.858908855434231,kJ/mol,3.9770390279881327,0.10218038989250999,9.858908855434231,3.9914650762480006,0.014426048259867806,0.0,0.0,NaClIWater/data/S0_NaClIWater_matrix_BC_s_loss_split0.csv,0,0.29131110605220434,0.1681885454971678,0.1175135763038737,0.06784649491247711,3
NaClIWater,NaCl/NaI/water,"BC S-loss, fixed kappa_D",0.005,298.15,I,NaCl,neutral ion-pair NaCl: mu_Na + mu_Cl,0.07250000000000001,0.034999999999999996,0.034999999999999996,10.281282026554942,kJ/mol,4.14742244572267,0.10655797933350186,10.281282026554942,4.1618484939825375,0.014426048259867806,0.0,0.0,NaClIWater/data/S0_NaClIWater_matrix_BC_s_loss_split0.csv,0,0.2826553726366644,0.1631911554796722,0.11402189278044922,0.06583057049030301,3
NaClIWater,NaCl/NaI/water,"BC S-loss, fixed kappa_D",0.005,298.15,I,NaCl,neutral ion-pair NaCl: mu_Na + mu_Cl,0.07250000000000001,0.0375,0.0375,10.702346162461764,kJ/mol,4.317277804600899,0.11092200158054766,10.702346162461764,4.331703852860766,0.014426048259867806,0.0,0.0,NaClIWater/data/S0_NaClIWater_matrix_BC_s_loss_split0.csv,0,0.27152317797252523,0.15676397989366012,0.10953121604373886,0.0632378770675197,3
NaClIWater,NaCl/NaI/water,"BC S-loss, fixed kappa_D",0.005,298.15,I,NaCl,neutral ion-pair NaCl: mu_Na + mu_Cl,0.07250000000000001,0.04,0.04,11.120797843950795,kJ/mol,4.4860793112394175,0.11525894764554324,11.120797843950795,4.500505359499285,0.014426048259867806,0.0,0.0,NaClIWater/data/S0_NaClIWater_matrix_BC_s_loss_split0.csv,0,0.2579392516454445,0.14892129637206802,0.10405152189621349,0.0600741741763691,3
NaClIWater,NaCl/NaI/water,"BC S-loss, fixed kappa_D",0.005,298.15,I,NaCl,neutral ion-pair NaCl: mu_Na + mu_Cl,0.07500000000000001,0.0,0.0,4.958380427627789,kJ/mol,2.000188130902409,0.05138999180940118,4.958380427627789,2.014614179162277,0.014426048259867806,0.0,0.0,NaClIWater/data/S0_NaClIWater_matrix_BC_s_loss_split0.csv,0,0.25037196789849286,0.1445523230637312,0.10099891402258436,0.05831175019879895,3
NaClIWater,NaCl/NaI/water,"BC S-loss, fixed kappa_D",0.005,298.15,I,NaCl,neutral ion-pair NaCl: mu_Na + mu_Cl,0.07500000000000001,0.0025,0.0025,5.325995424188901,kJ/mol,2.148482349870809,0.055200052763382246,5.325995424188901,2.162908398130677,0.014426048259867806,0.0,0.0,NaClIWater/data/S0_NaClIWater_matrix_BC_s_loss_split0.csv,0,0.25568039544752025,0.14761714513813579,0.10314030957145306,0.059548085495379766,3
NaClIWater,NaCl/NaI/water,"BC S-loss, fixed kappa_D",0.005,298.15,I,NaCl,neutral ion-pair NaCl: mu_Na + mu_Cl,0.07500000000000001,0.005,0.005,5.70294070742315,kJ/mol,2.3005403640812085,0.0591068153244123,5.70294070742315,2.3149664123410765,0.014426048259867806,0.0,0.0,NaClIWater/data/S0_NaClIWater_matrix_BC_s_loss_split0.csv,0,0.2646355459204139,0.15278740367429453,0.10675277657509867,0.0616337442923732,3
NaClIWater,NaCl/NaI/water,"BC S-loss, fixed kappa_D",0.005,298.15,I,NaCl,neutral ion-pair NaCl: mu_Na + mu_Cl,0.07500000000000001,0.0075,0.0075,6.088673453482866,kJ/mol,2.456143200860346,0.06310465351975836,6.088673453482866,2.470569249120214,0.014426048259867806,0.0,0.0,NaClIWater/data/S0_NaClIWater_matrix_BC_s_loss_split0.csv,0,0.2749268624937477,0.15872909806822447,0.11090424691138936,0.06403059680856338,3
NaClIWater,NaCl/NaI/water,"BC S-loss, fixed kappa_D",0.005,298.15,I,NaCl,neutral ion-pair NaCl: mu_Na + mu_Cl,0.07500000000000001,0.01,0.01,6.482454550457015,kJ/mol,2.614992705822241,0.0671859069942684,6.482454550457015,2.629418754082109,0.014426048259867806,0.0,0.0,NaClIWater/data/S0_NaClIWater_matrix_BC_s_loss_split0.csv,0,0.28515179502718246,0.16463246561884878,0.1150289382276704,0.06641198845034234,3
NaClIWater,NaCl/NaI/water,"BC S-loss, fixed kappa_D",0.005,298.15,I,NaCl,neutral ion-pair NaCl: mu_Na + mu_Cl,0.07500000000000001,0.0125,0.0125,6.8833979246099295,kJ/mol,2.7767314408487307,0.07134139224081082,6.8833979246099295,2.7911574891085986,0.014426048259867806,0.0,0.0,NaClIWater/data/S0_NaClIWater_matrix_BC_s_loss_split0.csv,0,0.29440322465448593,0.16997378100456134,0.11876092289574956,0.06856665080306941,3
NaClIWater,NaCl/NaI/water,"BC S-loss, fixed kappa_D",0.005,298.15,I,NaCl,neutral ion-pair NaCl: mu_Na + mu_Cl,0.07500000000000001,0.015,0.015,7.290520419704618,kJ/mol,2.940962805181814,0.07556091956303135,7.290520419704618,2.955388853441682,0.014426048259867806,0.0,0.0,NaClIWater/data/S0_NaClIWater_matrix_BC_s_loss_split0.csv,0,0.3020747544236376,0.1744029407818773,0.12185558314098277,0.07035335372870523,3
NaClIWater,NaCl/NaI/water,"BC S-loss, fixed kappa_D",0.005,298.15,I,NaCl,neutral ion-pair NaCl: mu_Na + mu_Cl,0.07500000000000001,0.0175,0.0175,7.702788200910924,kJ/mol,3.10726975454932,0.07983377401797043,7.702788200910924,3.121695802809188,0.014426048259867806,0.0,0.0,NaClIWater/data/S0_NaClIWater_matrix_BC_s_loss_split0.csv,0,0.3077661656087002,0.177688878561642,0.12415147254814025,0.07167888609595721,3
NaClIWater,NaCl/NaI/water,"BC S-loss, fixed kappa_D",0.005,298.15,I,NaCl,neutral ion-pair NaCl: mu_Na + mu_Cl,0.07500000000000001,0.02,0.02,8.11915568610467,kJ/mol,3.2752305058740525,0.08414911891054544,8.11915568610467,3.2896565541339204,0.014426048259867806,0.0,0.0,NaClIWater/data/S0_NaClIWater_matrix_BC_s_loss_split0.csv,0,0.31122353185428003,0.17968498989421466,0.12554615837943697,0.07248410833609133,3
NaClIWater,NaCl/NaI/water,"BC S-loss, fixed kappa_D",0.005,298.15,I,NaCl,neutral ion-pair NaCl: mu_Na + mu_Cl,0.07500000000000001,0.0225,0.0225,8.53859322206778,kJ/mol,3.444429701727151,0.08849628263715204,8.53859322206778,3.458855749987019,0.014426048259867806,0.0,0.0,NaClIWater/data/S0_NaClIWater_matrix_BC_s_loss_split0.csv,0,0.3122899746872168,0.18030070095088604,0.125976356571742,0.07273248337822352,3
NaClIWater,NaCl/NaI/water,"BC S-loss, fixed kappa_D",0.005,298.15,I,NaCl,neutral ion-pair NaCl: mu_Na + mu_Cl,0.07500000000000001,0.025,0.025,8.960100176145756,kJ/mol,3.6144636914432153,0.09286489437113231,8.960100176145756,3.6288897397030833,0.014426048259867806,0.0,0.0,NaClIWater/data/S0_NaClIWater_matrix_BC_s_loss_split0.csv,0,0.3108635626921368,0.17947716160155128,0.12540094845532593,0.07240027134731682,3
NaClIWater,NaCl/NaI/water,"BC S-loss, fixed kappa_D",0.005,298.15,I,NaCl,neutral ion-pair NaCl: mu_Na + mu_Cl,0.07500000000000001,0.0275,0.0275,9.382700752584377,kJ/mol,3.784938843449542,0.09724484070216022,9.382700752584377,3.79936489170941,0.014426048259867806,0.0,0.0,NaClIWater/data/S0_NaClIWater_matrix_BC_s_loss_split0.csv,0,0.306865976913784,0.17716915437631067,0.12378834051956258,0.07146923172150652,3
NaClIWater,NaCl/NaI/water,"BC S-loss, fixed kappa_D",0.005,298.15,I,NaCl,neutral ion-pair NaCl: mu_Na + mu_Cl,0.07500000000000001,0.03,0.03,9.805420673930056,kJ/mol,3.955462138649008,0.10162602395598697,9.805420673930056,3.969888186908876,0.014426048259867806,0.0,0.0,NaClIWater/data/S0_NaClIWater_matrix_BC_s_loss_split0.csv,0,0.30022634177152047,0.17333575923960393,0.12110994187732052,0.06992285754441094,3
NaClIWater,NaCl/NaI/water,"BC S-loss, fixed kappa_D",0.005,298.15,I,NaCl,neutral ion-pair NaCl: mu_Na + mu_Cl,0.07500000000000001,0.0325,0.0325,10.227243834630125,kJ/mol,4.125623684679407,0.10599791294066563,10.227243834630125,4.140049732939275,0.014426048259867806,0.0,0.0,NaClIWater/data/S0_NaClIWater_matrix_BC_s_loss_split0.csv,0,0.2908830077519509,0.16794138282827686,0.11734088339506504,0.0677467906150893,3
NaClIWater,NaCl/NaI/water,"BC S-loss, fixed kappa_D",0.005,298.15,I,NaCl,neutral ion-pair NaCl: mu_Na + mu_Cl,0.07500000000000001,0.034999999999999996,0.034999999999999996,10.647049124057599,kJ/mol,4.294971230608757,0.11034888816334387,10.647049124057599,4.309397278868625,0.014426048259867806,0.0,0.0,NaClIWater/data/S0_NaClIWater_matrix_BC_s_loss_split0.csv,0,0.2788040550699301,0.1609675962457834,0.11246828877652987,0.06493359680042608,3
NaClIWater,NaCl/NaI/water,"BC S-loss, fixed kappa_D",0.005,298.15,I,NaCl,neutral ion-pair NaCl: mu_Na + mu_Cl,0.07500000000000001,0.0375,0.0375,11.063528765353217,kJ/mol,4.462977225195287,0.11466539547200227,11.063528765353217,4.477403273455154,0.014426048259867806,0.0,0.0,NaClIWater/data/S0_NaClIWater_matrix_BC_s_loss_split0.csv,0,0.26402562688443304,0.1524352667546871,0.10650673800779083,0.06149169385930699,3
NaClIWater,NaCl/NaI/water,"BC S-loss, fixed kappa_D",0.005,298.15,I,NaCl,neutral ion-pair NaCl: mu_Na + mu_Cl,0.07750000000000001,0.0,0.0,5.262556845630523,kJ/mol,2.1228915155800863,0.05454255822860432,5.262556845630523,2.137317563839954,0.014426048259867806,0.0,0.0,NaClIWater/data/S0_NaClIWater_matrix_BC_s_loss_split0.csv,0,0.2545397584783216,0.14695859807692133,0.10268018180175896,0.05928243060368525,3
NaClIWater,NaCl/NaI/water,"BC S-loss, fixed kappa_D",0.005,298.15,I,NaCl,neutral ion-pair NaCl: mu_Na + mu_Cl,0.07750000000000001,0.0025,0.0025,5.640334976606453,kJ/mol,2.275285496784562,0.058457952648211624,5.640334976606453,2.28971154504443,0.014426048259867806,0.0,0.0,NaClIWater/data/S0_NaClIWater_matrix_BC_s_loss_split0.csv,0,0.26235302186296716,0.15146958779529587,0.10583201674336691,0.06110214335566387,3
NaClIWater,NaCl/NaI/water,"BC S-loss, fixed kappa_D",0.005,298.15,I,NaCl,neutral ion-pair NaCl: mu_Na + mu_Cl,0.07750000000000001,0.005,0.005,6.026789511562734,kJ/mol,2.431179499924369,0.062463271658316444,6.026789511562734,2.445605548184237,0.014426048259867806,0.0,0.0,NaClIWater/data/S0_NaClIWater_matrix_BC_s_loss_split0.csv,0,0.27366408346007987,0.15800003225320933,0.11039484758796887,0.06373649497206155,3
NaClIWater,NaCl/NaI/water,"BC S-loss, fixed kappa_D",0.005,298.15,I,NaCl,neutral ion-pair NaCl: mu_Na + mu_Cl,0.07750000000000001,0.0075,0.0075,6.421332313841133,kJ/mol,2.5903362733443913,0.06655241965199821,6.421332313841133,2.6047623216042592,0.014426048259867806,0.0,0.0,NaClIWater/data/S0_NaClIWater_matrix_BC_s_loss_split0.csv,0,0.2856919088165725,0.16494430046054617,0.11524681767573668,0.0665377812083343,3
NaClIWater,NaCl/NaI/water,"BC S-loss, fixed kappa_D",0.005,298.15,I,NaCl,neutral ion-pair NaCl: mu_Na + mu_Cl,0.07750000000000001,0.01,0.01,6.823175829352976,kJ/mol,2.752438121304336,0.07071723420631315,6.823175829352976,2.766864169564204,0.014426048259867806,0.0,0.0,NaClIWater/data/S0_NaClIWater_matrix_BC_s_loss_split0.csv,0,0.29693489720745003,0.17143544283451514,0.11978218809830546,0.06915627854267904,3
NaClIWater,NaCl/NaI/water,"BC S-loss, fixed kappa_D",0.005,298.15,I,NaCl,neutral ion-pair NaCl: mu_Na + mu_Cl,0.07750000000000001,0.0125,0.0125,7.231378941609384,kJ/mol,2.9171054016895397,0.07494796133619275,7.231378941609384,2.9315314499494076,0.014426048259867806,0.0,0.0,NaClIWater/data/S0_NaClIWater_matrix_BC_s_loss_split0.csv,0,0.30653701441932174,0.17697922779157962,0.12365563854428277,0.07139261620035672,3
NaClIWater,NaCl/NaI/water,"BC S-loss, fixed kappa_D",0.005,298.15,I,NaCl,neutral ion-pair NaCl: mu_Na + mu_Cl,0.07750000000000001,0.015,0.015,7.644893366662186,kJ/mol,3.083915241519288,0.07923373634412201,7.644893366662186,3.098341289779156,0.014426048259867806,0.0,0.0,NaClIWater/data/S0_NaClIWater_matrix_BC_s_loss_split0.csv,0,0.3139774159862071,0.1812749456390998,0.12665706272309496,0.0731254892579462,3
NaClIWater,NaCl/NaI/water,"BC S-loss, fixed kappa_D",0.005,298.15,I,NaCl,neutral ion-pair NaCl: mu_Na + mu_Cl,0.07750000000000001,0.0175,0.0175,8.062606641164699,kJ/mol,3.252418878135172,0.08356302935999337,8.062606641164699,3.26684492639504,0.014426048259867806,0.0,0.0,NaClIWater/data/S0_NaClIWater_matrix_BC_s_loss_split0.csv,0,0.3189283717258839,0.1841333812681481,0.12865425576861989,0.07427856920040365,3
NaClIWater,NaCl/NaI/water,"BC S-loss, fixed kappa_D",0.005,298.15,I,NaCl,neutral ion-pair NaCl: mu_Na + mu_Cl,0.07750000000000001,0.02,0.02,8.483377777197015,kJ/mol,3.4221560421955775,0.08792401487733059,8.483377777197015,3.4365820904554454,0.014426048259867806,0.0,0.0,NaClIWater/data/S0_NaClIWater_matrix_BC_s_loss_split0.csv,0,0.32118410206151043,0.1854357277846413,0.1295642071347345,0.0748039298665794,3
NaClIWater,NaCl/NaI/water,"BC S-loss, fixed kappa_D",0.005,298.15,I,NaCl,neutral ion-pair NaCl: mu_Na + mu_Cl,0.07750000000000001,0.0225,0.0225,8.906061865864217,kJ/mol,3.5926648826553893,0.09230482675161511,8.906061865864217,3.6070909309152572,0.014426048259867806,0.0,0.0,NaClIWater/data/S0_NaClIWater_matrix_BC_s_loss_split0.csv,0,0.3206172131374837,0.18510843431175383,0.12933552671903686,0.07467190116701797,3
NaClIWater,NaCl/NaI/water,"BC S-loss, fixed kappa_D",0.005,298.15,I,NaCl,neutral ion-pair NaCl: mu_Na + mu_Cl,0.07750000000000001,0.025,0.025,9.329520356034696,kJ/mol,3.763486113162317,0.09669366473190166,9.329520356034696,3.777912161422185,0.014426048259867806,0.0,0.0,NaClIWater/data/S0_NaClIWater_matrix_BC_s_loss_split0.csv,0,0.3171487308886831,0.1831059051517294,0.1279363567425578,0.07386409000445573,3
NaClIWater,NaCl/NaI/water,"BC S-loss, fixed kappa_D",0.005,298.15,I,NaCl,neutral ion-pair NaCl: mu_Na + mu_Cl,0.07750000000000001,0.0275,0.0275,9.752614369894738,kJ/mol,3.934160315581995,0.10107872518142358,9.752614369894738,3.948586363841863,0.014426048259867806,0.0,0.0,NaClIWater/data/S0_NaClIWater_matrix_BC_s_loss_split0.csv,0,0.31073008707207234,0.17940009941637683,0.12534710499677823,0.0723691848120302,3
NaClIWater,NaCl/NaI/water,"BC S-loss, fixed kappa_D",0.005,298.15,I,NaCl,neutral ion-pair NaCl: mu_Na + mu_Cl,0.07750000000000001,0.03,0.03,10.17417923803367,kJ/mol,4.104217667567055,0.10544793715234847,10.17417923803367,4.118643715826923,0.014426048259867806,0.0,0.0,NaClIWater/data/S0_NaClIWater_matrix_BC_s_loss_split0.csv,0,0.30133904864501965,0.17397818085254785,0.1215588027733394,0.07018200750355613,3
NaClIWater,NaCl/NaI/water,"BC S-loss, fixed kappa_D",0.005,298.15,I,NaCl,neutral ion-pair NaCl: mu_Na + mu_Cl,0.07750000000000001,0.0325,0.0325,10.592979415503828,kJ/mol,4.273159755900604,0.10978849512366652,10.592979415503828,4.2875858041604715,0.014426048259867806,0.0,0.0,NaClIWater/data/S0_NaClIWater_matrix_BC_s_loss_split0.csv,0,0.28899144429513585,0.16684928815729544,0.11657783529288882,0.06730624458789322,3
NaClIWater,NaCl/NaI/water,"BC S-loss, fixed kappa_D",0.005,298.15,I,NaCl,neutral ion-pair NaCl: mu_Na + mu_Cl,0.07750000000000001,0.034999999999999996,0.034999999999999996,11.007644023740779,kJ/mol,4.440433574399774,0.11408619094027019,11.007644023740779,4.454859622659641,0.014426048259867806,0.0,0.0,NaClIWater/data/S0_NaClIWater_matrix_BC_s_loss_split0.csv,0,0.27376913385624974,0.15806068312771648,0.11043722444037733,0.06376096125920698,3
NaClIWater,NaCl/NaI/water,"BC S-loss, fixed kappa_D",0.005,298.15,I,NaCl,neutral ion-pair NaCl: mu_Na + mu_Cl,0.08,0.0,0.0,5.577188787041749,kJ/mol,2.249812610885111,0.05780348851180861,5.577188787041749,2.264238659144979,0.014426048259867806,0.0,0.0,NaClIWater/data/S0_NaClIWater_matrix_BC_s_loss_split0.csv,0,0.25856894157946175,0.14928484802497888,0.10430553595393906,0.060220829260974905,3
NaClIWater,NaCl/NaI/water,"BC S-loss, fixed kappa_D",0.005,298.15,I,NaCl,neutral ion-pair NaCl: mu_Na + mu_Cl,0.08,0.0025,0.0025,5.964683536776514,kJ/mol,2.4061262319392513,0.06181958858837788,5.964683536776514,2.4205522801991193,0.014426048259867806,0.0,0.0,NaClIWater/data/S0_NaClIWater_matrix_BC_s_loss_split0.csv,0,0.2685020509984249,0.15501973142190725,0.10831250715204671,0.06253425516083744,3
NaClIWater,NaCl/NaI/water,"BC S-loss, fixed kappa_D",0.005,298.15,I,NaCl,neutral ion-pair NaCl: mu_Na + mu_Cl,0.08,0.005,0.005,6.360147938706862,kJ/mol,2.565654774470615,0.0659182882893674,6.360147938706862,2.580080822730483,0.014426048259867806,0.0,0.0,NaClIWater/data/S0_NaClIWater_matrix_BC_s_loss_split0.csv,0,0.2818907997028842,0.16274972909053909,0.1137134675336014,0.06565250109101053,3
NaClIWater,NaCl/NaI/water,"BC S-loss, fixed kappa_D",0.005,298.15,I,NaCl,neutral ion-pair NaCl: mu_Na + mu_Cl,0.08,0.0075,0.0075,6.762938501640787,kJ/mol,2.7281386570567245,0.07009291829854192,6.762938501640787,2.7425647053165925,0.014426048259867806,0.0,0.0,NaClIWater/data/S0_NaClIWater_matrix_BC_s_loss_split0.csv,0,0.2954042996816054,0.1705517519409478,0.11916475201225515,0.06879980165219052,3
NaClIWater,NaCl/NaI/water,"BC S-loss, fixed kappa_D",0.005,298.15,I,NaCl,neutral ion-pair NaCl: mu_Na + mu_Cl,0.08,0.01,0.01,7.172204630920794,kJ/mol,2.893234753678315,0.0743346628235031,7.172204630920794,2.907660801938183,0.014426048259867806,0.0,0.0,NaClIWater/data/S0_NaClIWater_matrix_BC_s_loss_split0.csv,0,0.30741560710152854,0.17748648351315974,0.12401005883947747,0.07159724085319365,3
NaClIWater,NaCl/NaI/water,"BC S-loss, fixed kappa_D",0.005,298.15,I,NaCl,neutral ion-pair NaCl: mu_Na + mu_Cl,0.08,0.0125,0.0125,7.586931084504666,kJ/mol,3.0605335203093738,0.07863299962195923,7.586931084504666,3.0749595685692417,0.014426048259867806,0.0,0.0,NaClIWater/data/S0_NaClIWater_matrix_BC_s_loss_split0.csv,0,0.3171165660634373,0.18308733478121528,0.12792338159822866,0.07385659880138454,3
NaClIWater,NaCl/NaI/water,"BC S-loss, fixed kappa_D",0.005,298.15,I,NaCl,neutral ion-pair NaCl: mu_Na + mu_Cl,0.08,0.015,0.015,8.005981113255594,kJ/mol,3.2295763975141236,0.0829761471193251,8.005981113255594,3.2440024457739915,0.014426048259867806,0.0,0.0,NaClIWater/data/S0_NaClIWater_matrix_BC_s_loss_split0.csv,0,0.32408070684371726,0.18710808333538437,0.13073268434011476,0.07547855049564763,3
NaClIWater,NaCl/NaI/water,"BC S-loss, fixed kappa_D",0.005,298.15,I,NaCl,neutral ion-pair NaCl: mu_Na + mu_Cl,0.08,0.0175,0.0175,8.42813643633625,kJ/mol,3.3998719363393235,0.08735147872448579,8.42813643633625,3.4142979845991914,0.014426048259867806,0.0,0.0,NaClIWater/data/S0_NaClIWater_matrix_BC_s_loss_split0.csv,0,0.3280692622692678,0.1894108768840037,0.13234164947259633,0.07640748694800259,3
NaClIWater,NaCl/NaI/water,"BC S-loss, fixed kappa_D",0.005,298.15,I,NaCl,neutral ion-pair NaCl: mu_Na + mu_Cl,0.08,0.02,0.02,8.85213019068901,kJ/mol,3.5709090899848497,0.09174586432709475,8.85213019068901,3.5853351382447176,0.014426048259867806,0.0,0.0,NaClIWater/data/S0_NaClIWater_matrix_BC_s_loss_split0.csv,0,0.3289462122398483,0.1899171841855842,0.1326954071053866,0.07661172901252195,3
NaClIWater,NaCl/NaI/water,"BC S-loss, fixed kappa_D",0.005,298.15,I,NaCl,neutral ion-pair NaCl: mu_Na + mu_Cl,0.08,0.0225,0.0225,9.27666920967598,kJ/mol,3.742166200905834,0.09614590119940658,9.27666920967598,3.756592249165702,0.014426048259867806,0.0,0.0,NaClIWater/data/S0_NaClIWater_matrix_BC_s_loss_split0.csv,0,0.3266389649598618,0.18858509434739695,0.13176467403803802,0.07607437002554454,3
NaClIWater,NaCl/NaI/water,"BC S-loss, fixed kappa_D",0.005,298.15,I,NaCl,neutral ion-pair NaCl: mu_Na + mu_Cl,0.08,0.025,0.025,9.700442399290582,kJ/mol,3.9131143797383534,0.10053800080959263,9.700442399290582,3.9275404279982213,0.014426048259867806,0.0,0.0,NaClIWater/data/S0_NaClIWater_matrix_BC_s_loss_split0.csv,0,0.3211202105033048,0.18539883997631232,0.12953843357051284,0.07478904949233804,3
NaClIWater,NaCl/NaI/water,"BC S-loss, fixed kappa_D",0.005,298.15,I,NaCl,neutral ion-pair NaCl: mu_Na + mu_Cl,0.08,0.0275,0.0275,10.122112617197207,kJ/mol,4.083214229340934,0.1049083046539181,10.122112617197207,4.097640277600801,0.014426048259867806,0.0,0.0,NaClIWater/data/S0_NaClIWater_matrix_BC_s_loss_split0.csv,0,0.31240409275772435,0.18036658704961298,0.12602239128276957,0.07275906153102736,3
NaClIWater,NaCl/NaI/water,"BC S-loss, fixed kappa_D",0.005,298.15,I,NaCl,neutral ion-pair NaCl: mu_Na + mu_Cl,0.08,0.03,0.03,10.540290268838413,kJ/mol,4.251905193584182,0.109242410599677,10.540290268838413,4.26633124184405,0.014426048259867806,0.0,0.0,NaClIWater/data/S0_NaClIWater_matrix_BC_s_loss_split0.csv,0,0.30055638949231267,0.17352631238004873,0.12124308162796993,0.06999972581528821,3
NaClIWater,NaCl/NaI/water,"BC S-loss, fixed kappa_D",0.005,298.15,I,NaCl,neutral ion-pair NaCl: mu_Na + mu_Cl,0.08,0.0325,0.0325,10.953487807919092,kJ/mol,4.41858720305288,0.11352490131594095,10.953487807919092,4.433013251312747,0.014426048259867806,0.0,0.0,NaClIWater/data/S0_NaClIWater_matrix_BC_s_loss_split0.csv,0,0.2857199260761833,0.1649604762329244,0.11525811971093769,0.06654430644139998,3
NaClIWater,NaCl/NaI/water,"BC S-loss, fixed kappa_D",0.005,298.15,I,NaCl,neutral ion-pair NaCl: mu_Na + mu_Cl,0.08,0.034999999999999996,0.034999999999999996,11.360055405568414,kJ/mol,4.582594724278261,0.11773867753140622,11.360055405568414,4.597020772538128,0.014426048259867806,0.0,0.0,NaClIWater/data/S0_NaClIWater_matrix_BC_s_loss_split0.csv,0,0.26815604880002636,0.15481996695952166,0.10817293143763636,0.062453671084550286,3
NaClIWater,NaCl/NaI/water,"BC S-loss, fixed kappa_D",0.005,298.15,I,NaCl,neutral ion-pair NaCl: mu_Na + mu_Cl,0.0825,0.0,0.0,5.902255227654611,kJ/mol,2.380942935747983,0.06117256475846489,5.902255227654611,2.395368984007851,0.014426048259867806,0.0,0.0,NaClIWater/data/S0_NaClIWater_matrix_BC_s_loss_split0.csv,0,0.26162051434576117,0.15104667438305358,0.10553652653984244,0.06093154200711612,3
NaClIWater,NaCl/NaI/water,"BC S-loss, fixed kappa_D",0.005,298.15,I,NaCl,neutral ion-pair NaCl: mu_Na + mu_Cl,0.0825,0.0025,0.0025,6.2989138731209415,kJ/mol,2.5409532306944644,0.06528364192149638,6.2989138731209415,2.5553792789543324,0.014426048259867806,0.0,0.0,NaClIWater/data/S0_NaClIWater_matrix_BC_s_loss_split0.csv,0,0.27334432760551136,0.15781542112449926,0.11026585952938209,0.06366202368171421,3
NaClIWater,NaCl/NaI/water,"BC S-loss, fixed kappa_D",0.005,298.15,I,NaCl,neutral ion-pair NaCl: mu_Na + mu_Cl,0.0825,0.005,0.005,6.702771049027703,kJ/mol,2.703867380106541,0.06946932659514005,6.702771049027703,2.718293428366409,0.014426048259867806,0.0,0.0,NaClIWater/data/S0_NaClIWater_matrix_BC_s_loss_split0.csv,0,0.2884470785657623,0.166534998456904,0.11635824063155595,0.06717946155106008,3
NaClIWater,NaCl/NaI/water,"BC S-loss, fixed kappa_D",0.005,298.15,I,NaCl,neutral ion-pair NaCl: mu_Na + mu_Cl,0.0825,0.0075,0.0075,7.113114865849887,kJ/mol,2.869398210985042,0.07372224056439336,7.113114865849887,2.88382425924491,0.014426048259867806,0.0,0.0,NaClIWater/data/S0_NaClIWater_matrix_BC_s_loss_split0.csv,0,0.3030710589672212,0.1749781574783101,0.12225748786610958,0.07058539352994578,3
NaClIWater,NaCl/NaI/water,"BC S-loss, fixed kappa_D",0.005,298.15,I,NaCl,neutral ion-pair NaCl: mu_Na + mu_Cl,0.0825,0.01,0.01,7.529014184361839,kJ/mol,3.0371701059979457,0.07803273325123428,7.529014184361839,3.0515961542578136,0.014426048259867806,0.0,0.0,NaClIWater/data/S0_NaClIWater_matrix_BC_s_loss_split0.csv,0,0.3154936908907216,0.18215036736338672,0.12726872112879078,0.07347863040312677,3
NaClIWater,NaCl/NaI/water,"BC S-loss, fixed kappa_D",0.005,298.15,I,NaCl,neutral ion-pair NaCl: mu_Na + mu_Cl,0.0825,0.0125,0.0125,7.949357852420681,kJ/mol,3.206734831420501,0.08238928837522508,7.949357852420681,3.221160879680369,0.014426048259867806,0.0,0.0,NaClIWater/data/S0_NaClIWater_matrix_BC_s_loss_split0.csv,0,0.3249786411777167,0.18762650596483355,0.13109490696974374,0.0756876798283705,3
NaClIWater,NaCl/NaI/water,"BC S-loss, fixed kappa_D",0.005,298.15,I,NaCl,neutral ion-pair NaCl: mu_Na + mu_Cl,0.0825,0.015,0.015,8.372894937618991,kJ/mol,3.3775877668044774,0.0867789409355737,8.372894937618991,3.3920138150643453,0.014426048259867806,0.0,0.0,NaClIWater/data/S0_NaClIWater_matrix_BC_s_loss_split0.csv,0,0.33121412868004124,0.19122656635282917,0.13361027429070285,0.07713992782823703,3
NaClIWater,NaCl/NaI/water,"BC S-loss, fixed kappa_D",0.005,298.15,I,NaCl,neutral ion-pair NaCl: mu_Na + mu_Cl,0.0825,0.0175,0.0175,8.798272207809141,kJ/mol,3.549183024451351,0.09118766566939483,8.798272207809141,3.563609072711219,0.014426048259867806,0.0,0.0,NaClIWater/data/S0_NaClIWater_matrix_BC_s_loss_split0.csv,0,0.3340704878582221,0.19287568609325415,0.13476251660231656,0.07780517523701888,3
NaClIWater,NaCl/NaI/water,"BC S-loss, fixed kappa_D",0.005,298.15,I,NaCl,neutral ion-pair NaCl: mu_Na + mu_Cl,0.0825,0.02,0.02,9.224065073641825,kJ/mol,3.7209459314917277,0.09560069774852309,9.224065073641825,3.7353719797515956,0.014426048259867806,0.0,0.0,NaClIWater/data/S0_NaClIWater_matrix_BC_s_loss_split0.csv,0,0.333503511968757,0.19254834241084745,0.13453380110515656,0.07767312628316572,3
NaClIWater,NaCl/NaI/water,"BC S-loss, fixed kappa_D",0.005,298.15,I,NaCl,neutral ion-pair NaCl: mu_Na + mu_Cl,0.0825,0.0225,0.0225,9.648798402577292,kJ/mol,3.8922814261628846,0.10000274850153801,9.648798402577292,3.9067074744227526,0.014426048259867806,0.0,0.0,NaClIWater/data/S0_NaClIWater_matrix_BC_s_loss_split0.csv,0,0.3295208756432896,0.19024896625625445,0.13292722371074858,0.0767455683920303,3
NaClIWater,NaCl/NaI/water,"BC S-loss, fixed kappa_D",0.005,298.15,I,NaCl,neutral ion-pair NaCl: mu_Na + mu_Cl,0.0825,0.025,0.025,10.070954019893417,kJ/mol,4.062577083681336,0.10437808315623444,10.070954019893417,4.077003131941203,0.014426048259867806,0.0,0.0,NaClIWater/data/S0_NaClIWater_matrix_BC_s_loss_split0.csv,0,0.32217781515292354,0.1860094483054659,0.12996506647983316,0.07503536611737929,3
NaClIWater,NaCl/NaI/water,"BC S-loss, fixed kappa_D",0.005,298.15,I,NaCl,neutral ion-pair NaCl: mu_Na + mu_Cl,0.0825,0.0275,0.0275,10.488962324236297,kJ/mol,4.231199733994046,0.10871043394092796,10.488962324236297,4.245625782253914,0.014426048259867806,0.0,0.0,NaClIWater/data/S0_NaClIWater_matrix_BC_s_loss_split0.csv,0,0.31159087119191275,0.17989707335968086,0.1256943413988464,0.07256966184223669,3
NaClIWater,NaCl/NaI/water,"BC S-loss, fixed kappa_D",0.005,298.15,I,NaCl,neutral ion-pair NaCl: mu_Na + mu_Cl,0.0825,0.03,0.03,10.90117624129857,kJ/mol,4.397484954810637,0.11298273013335347,10.90117624129857,4.411911003070505,0.014426048259867806,0.0,0.0,NaClIWater/data/S0_NaClIWater_matrix_BC_s_loss_split0.csv,0,0.2979679720692983,0.1720318888840963,0.12019892580271563,0.06939688216850172,3
NaClIWater,NaCl/NaI/water,"BC S-loss, fixed kappa_D",0.005,298.15,I,NaCl,neutral ion-pair NaCl: mu_Na + mu_Cl,0.0825,0.0325,0.0325,11.305826705370036,kJ/mol,4.560719113063219,0.11717663665945112,11.305826705370036,4.5751451613230865,0.014426048259867806,0.0,0.0,NaClIWater/data/S0_NaClIWater_matrix_BC_s_loss_split0.csv,0,0.28165661431718575,0.1626145220950658,0.1136189982132777,0.0655979592034915,3
NaClIWater,NaCl/NaI/water,"BC S-loss, fixed kappa_D",0.005,298.15,I,NaCl,neutral ion-pair NaCl: mu_Na + mu_Cl,0.085,0.0,0.0,6.2375430991813445,kJ/mol,2.516196539389718,0.0646475786713836,6.2375430991813445,2.530622587649586,0.014426048259867806,0.0,0.0,NaClIWater/data/S0_NaClIWater_matrix_BC_s_loss_split0.csv,0,0.263180734813332,0.15194746809000073,0.10616591238596212,0.06129491809479746,3
NaClIWater,NaCl/NaI/water,"BC S-loss, fixed kappa_D",0.005,298.15,I,NaCl,neutral ion-pair NaCl: mu_Na + mu_Cl,0.085,0.0025,0.0025,6.642714244614564,kJ/mol,2.679640738137369,0.06884688167951936,6.642714244614564,2.694066786397237,0.014426048259867806,0.0,0.0,NaClIWater/data/S0_NaClIWater_matrix_BC_s_loss_split0.csv,0,0.2764570029047527,0.15961252504641615,0.1115214985993909,0.06438696723678881,3
NaClIWater,NaCl/NaI/water,"BC S-loss, fixed kappa_D",0.005,298.15,I,NaCl,neutral ion-pair NaCl: mu_Na + mu_Cl,0.085,0.005,0.005,7.054231951033481,kJ/mol,2.8456451107443934,0.0731119621570997,7.054231951033481,2.8600711590042613,0.014426048259867806,0.0,0.0,NaClIWater/data/S0_NaClIWater_matrix_BC_s_loss_split0.csv,0,0.2928401816329529,0.16907135769532428,0.11813039844418878,0.06820261734123015,3
NaClIWater,NaCl/NaI/water,"BC S-loss, fixed kappa_D",0.005,298.15,I,NaCl,neutral ion-pair NaCl: mu_Na + mu_Cl,0.085,0.0075,0.0075,7.4713002991233965,kJ/mol,3.0138885869763357,0.07743457098172257,7.4713002991233965,3.0283146352362036,0.014426048259867806,0.0,0.0,NaClIWater/data/S0_NaClIWater_matrix_BC_s_loss_split0.csv,0,0.3080908468196529,0.17787633334618635,0.12428244747310882,0.0717545045041449,3
NaClIWater,NaCl/NaI/water,"BC S-loss, fixed kappa_D",0.005,298.15,I,NaCl,neutral ion-pair NaCl: mu_Na + mu_Cl,0.085,0.01,0.01,7.892887796738438,kJ/mol,3.1839550675892174,0.08180401749064004,7.892887796738438,3.1983811158490854,0.014426048259867806,0.0,0.0,NaClIWater/data/S0_NaClIWater_matrix_BC_s_loss_split0.csv,0,0.3204799882214166,0.18502920746952298,0.12928017081152085,0.07463994141891236,3
NaClIWater,NaCl/NaI/water,"BC S-loss, fixed kappa_D",0.005,298.15,I,NaCl,neutral ion-pair NaCl: mu_Na + mu_Cl,0.085,0.0125,0.0125,8.31776366965017,kJ/mol,3.355348063852601,0.0862075456078628,8.31776366965017,3.369774112112469,0.014426048259867806,0.0,0.0,NaClIWater/data/S0_NaClIWater_matrix_BC_s_loss_split0.csv,0,0.3293921371022901,0.19017463902495332,0.13287529116836783,0.07671558512470707,3
NaClIWater,NaCl/NaI/water,"BC S-loss, fixed kappa_D",0.005,298.15,I,NaCl,neutral ion-pair NaCl: mu_Na + mu_Cl,0.085,0.015,0.015,8.744535639652979,kJ/mol,3.52750593706562,0.09063072538663164,8.744535639652979,3.541931985325488,0.014426048259867806,0.0,0.0,NaClIWater/data/S0_NaClIWater_matrix_BC_s_loss_split0.csv,0,0.334658946438522,0.19321543281299725,0.13499989811933105,0.07794222751976784,3
NaClIWater,NaCl/NaI/water,"BC S-loss, fixed kappa_D",0.005,298.15,I,NaCl,neutral ion-pair NaCl: mu_Na + mu_Cl,0.085,0.0175,0.0175,9.171685528777882,kJ/mol,3.699816261135019,0.09505782202109003,9.171685528777882,3.714242309394887,0.014426048259867806,0.0,0.0,NaClIWater/data/S0_NaClIWater_matrix_BC_s_loss_split0.csv,0,0.33628106419485315,0.1941519629362723,0.13565425305044163,0.07832001951539008,3
NaClIWater,NaCl/NaI/water,"BC S-loss, fixed kappa_D",0.005,298.15,I,NaCl,neutral ion-pair NaCl: mu_Na + mu_Cl,0.085,0.02,0.02,9.59759898354659,kJ/mol,3.8716278132041655,0.09947210391646877,9.59759898354659,3.8860538614640334,0.014426048259867806,0.0,0.0,NaClIWater/data/S0_NaClIWater_matrix_BC_s_loss_split0.csv,0,0.33432732334639104,0.19302397013148592,0.13486612287104283,0.07786499234415772,3
NaClIWater,NaCl/NaI/water,"BC S-loss, fixed kappa_D",0.005,298.15,I,NaCl,neutral ion-pair NaCl: mu_Na + mu_Cl,0.085,0.0225,0.0225,10.020585780301136,kJ/mol,4.04225876473074,0.1038560531389976,10.020585780301136,4.056684812990608,0.014426048259867806,0.0,0.0,NaClIWater/data/S0_NaClIWater_matrix_BC_s_loss_split0.csv,0,0.32891247585722083,0.18989770647599274,0.13268179800195135,0.07660387179299016,3
NaClIWater,NaCl/NaI/water,"BC S-loss, fixed kappa_D",0.005,298.15,I,NaCl,neutral ion-pair NaCl: mu_Na + mu_Cl,0.085,0.025,0.025,10.438887556387794,kJ/mol,4.210999800211194,0.10819144554398008,10.438887556387794,4.225425848471062,0.014426048259867806,0.0,0.0,NaClIWater/data/S0_NaClIWater_matrix_BC_s_loss_split0.csv,0,0.3202126961425071,0.1848748863158123,0.12917234640161063,0.07457768896682548,3
NaClIWater,NaCl/NaI/water,"BC S-loss, fixed kappa_D",0.005,298.15,I,NaCl,neutral ion-pair NaCl: mu_Na + mu_Cl,0.085,0.0275,0.0275,10.850670400071982,kJ/mol,4.3771111279861,0.11245927397567357,10.850670400071982,4.391537176245968,0.014426048259867806,0.0,0.0,NaClIWater/data/S0_NaClIWater_matrix_BC_s_loss_split0.csv,0,0.30850511874451697,0.17811551335352435,0.12444956288492001,0.07185098863213983,3
NaClIWater,NaCl/NaI/water,"BC S-loss, fixed kappa_D",0.005,298.15,I,NaCl,neutral ion-pair NaCl: mu_Na + mu_Cl,0.085,0.03,0.03,11.254000512085433,kJ/mol,4.539812662218883,0.11663949601700097,11.254000512085433,4.55423871047875,0.014426048259867806,0.0,0.0,NaClIWater/data/S0_NaClIWater_matrix_BC_s_loss_split0.csv,0,0.2942298136560142,0.16987366211791324,0.11869096968704088,0.06852626329919076,3
NaClIWater,NaCl/NaI/water,"BC S-loss, fixed kappa_D",0.005,298.15,I,NaCl,neutral ion-pair NaCl: mu_Na + mu_Cl,0.0875,0.0,0.0,6.582645712322723,kJ/mol,2.6554093651952266,0.06822431521300132,6.582645712322723,2.6698354134550946,0.014426048259867806,0.0,0.0,NaClIWater/data/S0_NaClIWater_matrix_BC_s_loss_split0.csv,0,0.26327755843742634,0.15200336923543553,0.1062049705959022,0.061317468362820426,3
NaClIWater,NaCl/NaI/water,"BC S-loss, fixed kappa_D",0.005,298.15,I,NaCl,neutral ion-pair NaCl: mu_Na + mu_Cl,0.0875,0.0025,0.0025,6.995587368218753,kJ/mol,2.82198815255011,0.07250415388693908,6.995587368218753,2.836414200809978,0.014426048259867806,0.0,0.0,NaClIWater/data/S0_NaClIWater_matrix_BC_s_loss_split0.csv,0,0.277991730901495,0.16049860066846813,0.11214060089863012,0.0647444061159105,3
NaClIWater,NaCl/NaI/water,"BC S-loss, fixed kappa_D",0.005,298.15,I,NaCl,neutral ion-pair NaCl: mu_Na + mu_Cl,0.0875,0.005,0.005,7.4139221088462195,kJ/mol,2.9907424857765177,0.0768398879453116,7.4139221088462195,3.0051685340363856,0.014426048259867806,0.0,0.0,NaClIWater/data/S0_NaClIWater_matrix_BC_s_loss_split0.csv,0,0.29517081767174186,0.1704169510397021,0.11907056643054655,0.06874542358123727,3
NaClIWater,NaCl/NaI/water,"BC S-loss, fixed kappa_D",0.005,298.15,I,NaCl,neutral ion-pair NaCl: mu_Na + mu_Cl,0.0875,0.0075,0.0075,7.836752284501989,kJ/mol,3.161310257063618,0.08122221390453886,7.836752284501989,3.1757363053234857,0.014426048259867806,0.0,0.0,NaClIWater/data/S0_NaClIWater_matrix_BC_s_loss_split0.csv,0,0.31047549459152257,0.17925311037919778,0.12524440354713257,0.0723098901024311,3
NaClIWater,NaCl/NaI/water,"BC S-loss, fixed kappa_D",0.005,298.15,I,NaCl,neutral ion-pair NaCl: mu_Na + mu_Cl,0.0875,0.01,0.01,8.262924621300959,kJ/mol,3.33322624096727,0.08563917892308835,8.262924621300959,3.347652289227138,0.014426048259867806,0.0,0.0,NaClIWater/data/S0_NaClIWater_matrix_BC_s_loss_split0.csv,0,0.32231850497964987,0.18609067561479858,0.13002182011656252,0.07506813284482247,3
NaClIWater,NaCl/NaI/water,"BC S-loss, fixed kappa_D",0.005,298.15,I,NaCl,neutral ion-pair NaCl: mu_Na + mu_Cl,0.0875,0.0125,0.0125,8.691063936804884,kJ/mol,3.5059356951414706,0.0900765302393438,8.691063936804884,3.5203617434013386,0.014426048259867806,0.0,0.0,NaClIWater/data/S0_NaClIWater_matrix_BC_s_loss_split0.csv,0,0.3302752740233852,0.19068451836407888,0.13323154458887893,0.07692126813293888,3
NaClIWater,NaCl/NaI/water,"BC S-loss, fixed kappa_D",0.005,298.15,I,NaCl,neutral ion-pair NaCl: mu_Na + mu_Cl,0.0875,0.015,0.015,9.119608991490953,kJ/mol,3.678808822657846,0.09451808674589302,9.119608991490953,3.693234870917714,0.014426048259867806,0.0,0.0,NaClIWater/data/S0_NaClIWater_matrix_BC_s_loss_split0.csv,0,0.3343542016657531,0.19303948833640497,0.13487696546292366,0.07787125231749883,3
NaClIWater,NaCl/NaI/water,"BC S-loss, fixed kappa_D",0.005,298.15,I,NaCl,neutral ion-pair NaCl: mu_Na + mu_Cl,0.0875,0.0175,0.0175,9.546846916868331,kJ/mol,3.8511546601514084,0.09894609581181157,9.546846916868331,3.8655807084112763,0.014426048259867806,0.0,0.0,NaClIWater/data/S0_NaClIWater_matrix_BC_s_loss_split0.csv,0,0.3347062910535451,0.1932427672392255,0.13501899672187143,0.07795325410308566,3
NaClIWater,NaCl/NaI/water,"BC S-loss, fixed kappa_D",0.005,298.15,I,NaCl,neutral ion-pair NaCl: mu_Na + mu_Cl,0.0875,0.02,0.02,9.970942579188485,kJ/mol,4.022232923007855,0.10334153761607469,9.970942579188485,4.036658971267722,0.014426048259867806,0.0,0.0,NaClIWater/data/S0_NaClIWater_matrix_BC_s_loss_split0.csv,0,0.33153454230638324,0.19141155724624975,0.13373952769143407,0.07721455231394288,3
NaClIWater,NaCl/NaI/water,"BC S-loss, fixed kappa_D",0.005,298.15,I,NaCl,neutral ion-pair NaCl: mu_Na + mu_Cl,0.0875,0.0225,0.0225,10.389959388125423,kJ/mol,4.19126239949061,0.10768434081433044,10.389959388125423,4.205688447750478,0.014426048259867806,0.0,0.0,NaClIWater/data/S0_NaClIWater_matrix_BC_s_loss_split0.csv,0,0.32509467539956954,0.1876934983540555,0.1311417146475157,0.07571470425373228,3
NaClIWater,NaCl/NaI/water,"BC S-loss, fixed kappa_D",0.005,298.15,I,NaCl,neutral ion-pair NaCl: mu_Na + mu_Cl,0.0875,0.025,0.025,10.801868407511972,kJ/mol,4.357424625970436,0.11195347696502723,10.801868407511972,4.371850674230304,0.014426048259867806,0.0,0.0,NaClIWater/data/S0_NaClIWater_matrix_BC_s_loss_split0.csv,0,0.31574326592315394,0.18229445957554452,0.12736939856266816,0.0735367565466772,3
NaClIWater,NaCl/NaI/water,"BC S-loss, fixed kappa_D",0.005,298.15,I,NaCl,neutral ion-pair NaCl: mu_Na + mu_Cl,0.0875,0.0275,0.0275,11.204543185059652,kJ/mol,4.519861801257927,0.11612690694323648,11.204543185059652,4.534287849517795,0.014426048259867806,0.0,0.0,NaClIWater/data/S0_NaClIWater_matrix_BC_s_loss_split0.csv,0,0.30401925945910824,0.17552560128754682,0.12263998763539331,0.07080622987470671,3
NaClIWater,NaCl/NaI/water,"BC S-loss, fixed kappa_D",0.005,298.15,I,NaCl,neutral ion-pair NaCl: mu_Na + mu_Cl,0.09,0.0,0.0,6.936972201788016,kJ/mol,2.7983430607914452,0.07189665049611449,6.936972201788016,2.812769109051313,0.014426048259867806,0.0,0.0,NaClIWater/data/S0_NaClIWater_matrix_BC_s_loss_split0.csv,0,0.26274153721011545,0.15169389723555624,0.10598874206877955,0.06119262876447969,3
NaClIWater,NaCl/NaI/water,"BC S-loss, fixed kappa_D",0.005,298.15,I,NaCl,neutral ion-pair NaCl: mu_Na + mu_Cl,0.09,0.0025,0.0025,7.356860426051942,kJ/mol,2.967724062256918,0.07624848527780159,7.356860426051942,2.982150110516786,0.014426048259867806,0.0,0.0,NaClIWater/data/S0_NaClIWater_matrix_BC_s_loss_split0.csv,0,0.2789030432557516,0.16102474710151404,0.1125082201608335,0.06495665119590291,3
NaClIWater,NaCl/NaI/water,"BC S-loss, fixed kappa_D",0.005,298.15,I,NaCl,neutral ion-pair NaCl: mu_Na + mu_Cl,0.09,0.005,0.005,7.781062922326496,kJ/mol,3.1388454214450574,0.08064503433797654,7.781062922326496,3.1532714697049253,0.014426048259867806,0.0,0.0,NaClIWater/data/S0_NaClIWater_matrix_BC_s_loss_split0.csv,0,0.29634839436510785,0.1710968252606084,0.11954559551709561,0.06901968175222928,3
NaClIWater,NaCl/NaI/water,"BC S-loss, fixed kappa_D",0.005,298.15,I,NaCl,neutral ion-pair NaCl: mu_Na + mu_Cl,0.09,0.0075,0.0075,8.208561133648882,kJ/mol,3.3112962571059534,0.08507574107761684,8.208561133648882,3.3257223053658214,0.014426048259867806,0.0,0.0,NaClIWater/data/S0_NaClIWater_matrix_BC_s_loss_split0.csv,0,0.3110603220419134,0.1795907606651104,0.1254803202828433,0.07244609669330004,3
NaClIWater,NaCl/NaI/water,"BC S-loss, fixed kappa_D",0.005,298.15,I,NaCl,neutral ion-pair NaCl: mu_Na + mu_Cl,0.09,0.01,0.01,8.638057708670344,kJ/mol,3.484553223601396,0.08952715939750533,8.638057708670344,3.498979271861264,0.014426048259867806,0.0,0.0,NaClIWater/data/S0_NaClIWater_matrix_BC_s_loss_split0.csv,0,0.32179179638456623,0.18578658026564257,0.1298093482629587,0.07494546216294909,3
NaClIWater,NaCl/NaI/water,"BC S-loss, fixed kappa_D",0.005,298.15,I,NaCl,neutral ion-pair NaCl: mu_Na + mu_Cl,0.09,0.0125,0.0125,9.068008079915087,kJ/mol,3.657993249431011,0.0939832809838208,9.068008079915087,3.6724192976908787,0.014426048259867806,0.0,0.0,NaClIWater/data/S0_NaClIWater_matrix_BC_s_loss_split0.csv,0,0.32839209049848217,0.18959726184904263,0.13247187691315254,0.0764826737958636,3
NaClIWater,NaCl/NaI/water,"BC S-loss, fixed kappa_D",0.005,298.15,I,NaCl,neutral ion-pair NaCl: mu_Na + mu_Cl,0.09,0.015,0.015,9.496654988435976,kJ/mol,3.830907464321473,0.0984258931309796,9.496654988435976,3.845333512581341,0.014426048259867806,0.0,0.0,NaClIWater/data/S0_NaClIWater_matrix_BC_s_loss_split0.csv,0,0.3310789330345486,0.19114851111051073,0.13355573698171422,0.07710844069821156,3
NaClIWater,NaCl/NaI/water,"BC S-loss, fixed kappa_D",0.005,298.15,I,NaCl,neutral ion-pair NaCl: mu_Na + mu_Cl,0.09,0.0175,0.0175,9.922062482249032,kJ/mol,4.002514914040474,0.10283493111057851,9.922062482249032,4.016940962300342,0.014426048259867806,0.0,0.0,NaClIWater/data/S0_NaClIWater_matrix_BC_s_loss_split0.csv,0,0.3301711603829469,0.1906244083257455,0.13318954561947546,0.07689702001664811,3
NaClIWater,NaCl/NaI/water,"BC S-loss, fixed kappa_D",0.005,298.15,I,NaCl,neutral ion-pair NaCl: mu_Na + mu_Cl,0.09,0.02,0.02,10.342145821133597,kJ/mol,4.171974623857205,0.10718878811280776,10.342145821133597,4.186400672117072,0.014426048259867806,0.0,0.0,NaClIWater/data/S0_NaClIWater_matrix_BC_s_loss_split0.csv,0,0.32603170105308693,0.18823449036735135,0.1315197065377857,0.07593293797333116,3
NaClIWater,NaCl/NaI/water,"BC S-loss, fixed kappa_D",0.005,298.15,I,NaCl,neutral ion-pair NaCl: mu_Na + mu_Cl,0.09,0.0225,0.0225,10.754693823736073,kJ/mol,4.3383946132624445,0.11146454685786011,10.754693823736073,4.352820661522312,0.014426048259867806,0.0,0.0,NaClIWater/data/S0_NaClIWater_matrix_BC_s_loss_split0.csv,0,0.319112425246333,0.18423964461772468,0.12872850212232873,0.0743214353527038,3
NaClIWater,NaCl/NaI/water,"BC S-loss, fixed kappa_D",0.005,298.15,I,NaCl,neutral ion-pair NaCl: mu_Na + mu_Cl,0.09,0.025,0.025,11.157380511611697,kJ/mol,4.500836593122101,0.11563810027791988,11.157380511611697,4.515262641381969,0.014426048259867806,0.0,0.0,NaClIWater/data/S0_NaClIWater_matrix_BC_s_loss_split0.csv,0,0.31005818861884404,0.17901217866353739,0.1250760642142213,0.07221269934325959,3
NaClIWater,NaCl/NaI/water,"BC S-loss, fixed kappa_D",0.005,298.15,I,NaCl,neutral ion-pair NaCl: mu_Na + mu_Cl,0.0925,0.0,0.0,7.2997675874796,kJ/mol,2.9446930706380354,0.07565675970340635,7.2997675874796,2.9591191188979034,0.014426048259867806,0.0,0.0,NaClIWater/data/S0_NaClIWater_matrix_BC_s_loss_split0.csv,0,0.2635694447136482,0.15217188985558497,0.10632271619323858,0.06138544881513848,3
NaClIWater,NaCl/NaI/water,"BC S-loss, fixed kappa_D",0.005,298.15,I,NaCl,neutral ion-pair NaCl: mu_Na + mu_Cl,0.0925,0.0025,0.0025,7.725705759064218,kJ/mol,3.1165145933583935,0.08007129777053024,7.725705759064218,3.1309406416182615,0.014426048259867806,0.0,0.0,NaClIWater/data/S0_NaClIWater_matrix_BC_s_loss_split0.csv,0,0.28120273380603894,0.16235247405977526,0.11343590487776298,0.06549225021694524,3
NaClIWater,NaCl/NaI/water,"BC S-loss, fixed kappa_D",0.005,298.15,I,NaCl,neutral ion-pair NaCl: mu_Na + mu_Cl,0.0925,0.005,0.005,8.15472821813033,kJ/mol,3.2895803036320905,0.0845178022248092,8.15472821813033,3.3040063518919585,0.014426048259867806,0.0,0.0,NaClIWater/data/S0_NaClIWater_matrix_BC_s_loss_split0.csv,0,0.29829831496160536,0.17222261244189463,0.12033218462421319,0.06947381918496523,3
NaClIWater,NaCl/NaI/water,"BC S-loss, fixed kappa_D",0.005,298.15,I,NaCl,neutral ion-pair NaCl: mu_Na + mu_Cl,0.0925,0.0075,0.0075,8.585675500961152,kJ/mol,3.463422479065016,0.08898425607162608,8.585675500961152,3.477848527324884,0.014426048259867806,0.0,0.0,NaClIWater/data/S0_NaClIWater_matrix_BC_s_loss_split0.csv,0,0.3116910183561008,0.1799548933518834,0.1257347403097562,0.07259298616432544,3
NaClIWater,NaCl/NaI/water,"BC S-loss, fixed kappa_D",0.005,298.15,I,NaCl,neutral ion-pair NaCl: mu_Na + mu_Cl,0.0925,0.01,0.01,9.017083794016491,kJ/mol,3.6374506239274282,0.09345548795272407,9.017083794016491,3.651876672187296,0.014426048259867806,0.0,0.0,NaClIWater/data/S0_NaClIWater_matrix_BC_s_loss_split0.csv,0,0.32069504744488947,0.18515337197008674,0.1293669247249225,0.07469002881416807,3
NaClIWater,NaCl/NaI/water,"BC S-loss, fixed kappa_D",0.005,298.15,I,NaCl,neutral ion-pair NaCl: mu_Na + mu_Cl,0.0925,0.0125,0.0125,9.447214874207024,kJ/mol,3.8109635469245338,0.09791348245528297,9.447214874207024,3.8253895951844017,0.014426048259867806,0.0,0.0,NaClIWater/data/S0_NaClIWater_matrix_BC_s_loss_split0.csv,0,0.32551322562177726,0.1879351484375165,0.13131055590503224,0.07581218479920977,3
NaClIWater,NaCl/NaI/water,"BC S-loss, fixed kappa_D",0.005,298.15,I,NaCl,neutral ion-pair NaCl: mu_Na + mu_Cl,0.0925,0.015,0.015,9.874089943631231,kJ/mol,3.983163009975604,0.10233773078425655,9.874089943631231,3.997589058235472,0.014426048259867806,0.0,0.0,NaClIWater/data/S0_NaClIWater_matrix_BC_s_loss_split0.csv,0,0.3265967389195521,0.18856071513165734,0.13174764024527524,0.07606453556070764,3
NaClIWater,NaCl/NaI/water,"BC S-loss, fixed kappa_D",0.005,298.15,I,NaCl,neutral ion-pair NaCl: mu_Na + mu_Cl,0.0925,0.0175,0.0175,10.295523980557164,kJ/mol,4.153167585243908,0.10670558678521047,10.295523980557164,4.167593633503776,0.014426048259867806,0.0,0.0,NaClIWater/data/S0_NaClIWater_matrix_BC_s_loss_split0.csv,0,0.32444794571256835,0.18732010879517244,0.13088082683087388,0.07556408060256584,3
NaClIWater,NaCl/NaI/water,"BC S-loss, fixed kappa_D",0.005,298.15,I,NaCl,neutral ion-pair NaCl: mu_Na + mu_Cl,0.0925,0.02,0.02,10.70915709127338,kJ/mol,4.3200253023309045,0.11099259188335965,10.70915709127338,4.334451350590772,0.014426048259867806,0.0,0.0,NaClIWater/data/S0_NaClIWater_matrix_BC_s_loss_split0.csv,0,0.31963237801819355,0.18453983949052427,0.12893824870754655,0.07444253260014093,3
NaClIWater,NaCl/NaI/water,"BC S-loss, fixed kappa_D",0.005,298.15,I,NaCl,neutral ion-pair NaCl: mu_Na + mu_Cl,0.0925,0.0225,0.0225,11.112479421173328,kJ/mol,4.482723697294467,0.11517273326876422,11.112479421173328,4.497149745554334,0.014426048259867806,0.0,0.0,NaClIWater/data/S0_NaClIWater_matrix_BC_s_loss_split0.csv,0,0.3129025003292615,0.1806543427952061,0.12622344663209006,0.07287514089107956,3
NaClIWater,NaCl/NaI/water,"BC S-loss, fixed kappa_D",0.005,298.15,I,NaCl,neutral ion-pair NaCl: mu_Na + mu_Cl,0.095,0.0,0.0,7.670142326131587,kJ/mol,3.0941005570241114,0.0794954233685985,7.670142326131587,3.1085266052839793,0.014426048259867806,0.0,0.0,NaClIWater/data/S0_NaClIWater_matrix_BC_s_loss_split0.csv,0,0.26944892728986947,0.15556641070366203,0.10869447274488954,0.06275478309868641,3
NaClIWater,NaCl/NaI/water,"BC S-loss, fixed kappa_D",0.005,298.15,I,NaCl,neutral ion-pair NaCl: mu_Na + mu_Cl,0.095,0.0025,0.0025,8.101171142077938,kJ/mol,3.26797562254531,0.08396272224661061,8.101171142077938,3.2824016708051778,0.014426048259867806,0.0,0.0,NaClIWater/data/S0_NaClIWater_matrix_BC_s_loss_split0.csv,0,0.28825715174986494,0.16642534415861934,0.11628162501715493,0.06713522750546153,3
NaClIWater,NaCl/NaI/water,"BC S-loss, fixed kappa_D",0.005,298.15,I,NaCl,neutral ion-pair NaCl: mu_Na + mu_Cl,0.095,0.005,0.005,8.533876516746073,kJ/mol,3.4425270042356733,0.08844739743130957,8.533876516746073,3.456953052495541,0.014426048259867806,0.0,0.0,NaClIWater/data/S0_NaClIWater_matrix_BC_s_loss_split0.csv,0,0.3041645488957178,0.17560948418288377,0.12269859673384664,0.0708400678534757,3
NaClIWater,NaCl/NaI/water,"BC S-loss, fixed kappa_D",0.005,298.15,I,NaCl,neutral ion-pair NaCl: mu_Na + mu_Cl,0.095,0.0075,0.0075,8.966937938192201,kJ/mol,3.6172220135782065,0.09293576278082583,8.966937938192201,3.6316480618380744,0.014426048259867806,0.0,0.0,NaClIWater/data/S0_NaClIWater_matrix_BC_s_loss_split0.csv,0,0.31538229354746705,0.1820860520772717,0.1272237839467727,0.07345268590899201,3
NaClIWater,NaCl/NaI/water,"BC S-loss, fixed kappa_D",0.005,298.15,I,NaCl,neutral ion-pair NaCl: mu_Na + mu_Cl,0.095,0.01,0.01,9.398703438486313,kJ/mol,3.7913942542173937,0.09741069685406956,9.398703438486313,3.8058203024772617,0.014426048259867806,0.0,0.0,NaClIWater/data/S0_NaClIWater_matrix_BC_s_loss_split0.csv,0,0.32196880436552605,0.18588877587109842,0.12988075247805664,0.07498668740575716,3
NaClIWater,NaCl/NaI/water,"BC S-loss, fixed kappa_D",0.005,298.15,I,NaCl,neutral ion-pair NaCl: mu_Na + mu_Cl,0.095,0.0125,0.0125,9.827218438841273,kJ/mol,3.964255257953183,0.10185194186942681,9.827218438841273,3.978681306213051,0.014426048259867806,0.0,0.0,NaClIWater/data/S0_NaClIWater_matrix_BC_s_loss_split0.csv,0,0.3245286821638972,0.18736672200708054,0.13091339554842948,0.07558288416041373,3
NaClIWater,NaCl/NaI/water,"BC S-loss, fixed kappa_D",0.005,298.15,I,NaCl,neutral ion-pair NaCl: mu_Na + mu_Cl,0.095,0.015,0.015,10.250259555745048,kJ/mol,4.134908121981096,0.10623645408063,10.250259555745048,4.149334170240963,0.014426048259867806,0.0,0.0,NaClIWater/data/S0_NaClIWater_matrix_BC_s_loss_split0.csv,0,0.32375219364558894,0.18691841615201263,0.1306001636089338,0.0754020396158271,3
NaClIWater,NaCl/NaI/water,"BC S-loss, fixed kappa_D",0.005,298.15,I,NaCl,neutral ion-pair NaCl: mu_Na + mu_Cl,0.095,0.0175,0.0175,10.665370081434698,kJ/mol,4.302361821554191,0.11053877150595781,10.665370081434698,4.316787869814059,0.014426048259867806,0.0,0.0,NaClIWater/data/S0_NaClIWater_matrix_BC_s_loss_split0.csv,0,0.3203446425259191,0.18495106559579383,0.1292255729730422,0.07460841934216955,3
NaClIWater,NaCl/NaI/water,"BC S-loss, fixed kappa_D",0.005,298.15,I,NaCl,neutral ion-pair NaCl: mu_Na + mu_Cl,0.095,0.02,0.02,11.069893673846536,kJ/mol,4.465544800355853,0.11473136309996335,11.069893673846536,4.479970848615721,0.014426048259867806,0.0,0.0,NaClIWater/data/S0_NaClIWater_matrix_BC_s_loss_split0.csv,0,0.31515755298551923,0.18195629805333327,0.12713312462542728,0.07340034372540868,3
NaClIWater,NaCl/NaI/water,"BC S-loss, fixed kappa_D",0.005,298.15,I,NaCl,neutral ion-pair NaCl: mu_Na + mu_Cl,0.0975,0.0,0.0,8.047109565810123,kJ/mol,3.246167428364354,0.08340241349213784,8.047109565810123,3.260593476624222,0.014426048259867806,0.0,0.0,NaClIWater/data/S0_NaClIWater_matrix_BC_s_loss_split0.csv,0,0.2863446000313148,0.16532113190907533,0.1155101103455764,0.06668979330214192,3
NaClIWater,NaCl/NaI/water,"BC S-loss, fixed kappa_D",0.005,298.15,I,NaCl,neutral ion-pair NaCl: mu_Na + mu_Cl,0.0975,0.0025,0.0025,8.4822178521797,kJ/mol,3.4216881337149285,0.08791199310167029,8.4822178521797,3.4361141819747965,0.014426048259867806,0.0,0.0,NaClIWater/data/S0_NaClIWater_matrix_BC_s_loss_split0.csv,0,0.30510039144655826,0.17614979313153062,0.12307611136587318,0.07105802602789925,3
NaClIWater,NaCl/NaI/water,"BC S-loss, fixed kappa_D",0.005,298.15,I,NaCl,neutral ion-pair NaCl: mu_Na + mu_Cl,0.0975,0.005,0.005,8.917391222499182,kJ/mol,3.5972350936351183,0.09242224725880988,8.917391222499182,3.611661141894986,0.014426048259867806,0.0,0.0,NaClIWater/data/S0_NaClIWater_matrix_BC_s_loss_split0.csv,0,0.3185096332286262,0.18389162248403632,0.12848533856180355,0.0741810448055775,3
NaClIWater,NaCl/NaI/water,"BC S-loss, fixed kappa_D",0.005,298.15,I,NaCl,neutral ion-pair NaCl: mu_Na + mu_Cl,0.0975,0.0075,0.0075,9.351128513719114,kJ/mol,3.772202745772881,0.09691761750491423,9.351128513719114,3.7866287940327488,0.014426048259867806,0.0,0.0,NaClIWater/data/S0_NaClIWater_matrix_BC_s_loss_split0.csv,0,0.326454930518073,0.18847884201289003,0.13169043538057387,0.07603150831667335,3
NaClIWater,NaCl/NaI/water,"BC S-loss, fixed kappa_D",0.005,298.15,I,NaCl,neutral ion-pair NaCl: mu_Na + mu_Cl,0.0975,0.01,0.01,9.781569363801795,kJ/mol,3.9458406285367147,0.1013788225461667,9.781569363801795,3.9602666767965826,0.014426048259867806,0.0,0.0,NaClIWater/data/S0_NaClIWater_matrix_BC_s_loss_split0.csv,0,0.32979410077646626,0.19040671286044336,0.133037441487787,0.07680920265527293,3
NaClIWater,NaCl/NaI/water,"BC S-loss, fixed kappa_D",0.005,298.15,I,NaCl,neutral ion-pair NaCl: mu_Na + mu_Cl,0.0975,0.0125,0.0125,10.206522518831855,kJ/mol,4.11726480005542,0.10578315163610341,10.206522518831855,4.131690848315287,0.014426048259867806,0.0,0.0,NaClIWater/data/S0_NaClIWater_matrix_BC_s_loss_split0.csv,0,0.32951482864554277,0.19024547502047753,0.13292478437933847,0.07674416004338402,3
NaClIWater,NaCl/NaI/water,"BC S-loss, fixed kappa_D",0.005,298.15,I,NaCl,neutral ion-pair NaCl: mu_Na + mu_Cl,0.0975,0.015,0.015,10.623500273944725,kJ/mol,4.285471731492126,0.11010482153068324,10.623500273944725,4.299897779751993,0.014426048259867806,0.0,0.0,NaClIWater/data/S0_NaClIWater_matrix_BC_s_loss_split0.csv,0,0.3265257255425445,0.18851971553932595,0.1317189937717142,0.07604799651148583,3
NaClIWater,NaCl/NaI/water,"BC S-loss, fixed kappa_D",0.005,298.15,I,NaCl,neutral ion-pair NaCl: mu_Na + mu_Cl,0.0975,0.0175,0.0175,11.02975584017259,kJ/mol,4.449353380660134,0.11431536376835538,11.02975584017259,4.4637794289200015,0.014426048259867806,0.0,0.0,NaClIWater/data/S0_NaClIWater_matrix_BC_s_loss_split0.csv,0,0.32177195402128883,0.185775124271863,0.12980134394378734,0.07494084086712083,3
NaClIWater,NaCl/NaI/water,"BC S-loss, fixed kappa_D",0.005,298.15,I,NaCl,neutral ion-pair NaCl: mu_Na + mu_Cl,0.1,0.0,0.0,8.429627762488728,kJ/mol,3.4004735305318285,0.08736693523087524,8.429627762488728,3.4148995787916965,0.014426048259867806,0.0,0.0,NaClIWater/data/S0_NaClIWater_matrix_BC_s_loss_split0.csv,0,0.32263297714540506,0.18627223620435,0.1301486767590942,0.07514137356153663,3
NaClIWater,NaCl/NaI/water,"BC S-loss, fixed kappa_D",0.005,298.15,I,NaCl,neutral ion-pair NaCl: mu_Na + mu_Cl,0.1,0.0025,0.0025,8.867764162391396,kJ/mol,3.577215763120242,0.09190789902561392,8.867764162391396,3.59164181138011,0.014426048259867806,0.0,0.0,NaClIWater/data/S0_NaClIWater_matrix_BC_s_loss_split0.csv,0,0.33860197637448153,0.19549194220794622,0.13659049847620466,0.07886056106398194,3
NaClIWater,NaCl/NaI/water,"BC S-loss, fixed kappa_D",0.005,298.15,I,NaCl,neutral ion-pair NaCl: mu_Na + mu_Cl,0.1,0.005,0.005,9.304126279904404,kJ/mol,3.7532422582559795,0.09643047367922009,9.304126279904404,3.7676683065158474,0.014426048259867806,0.0,0.0,NaClIWater/data/S0_NaClIWater_matrix_BC_s_loss_split0.csv,0,0.3474750613510479,0.20061482020770924,0.1401698606315821,0.08092710676791626,3
NaClIWater,NaCl/NaI/water,"BC S-loss, fixed kappa_D",0.005,298.15,I,NaCl,neutral ion-pair NaCl: mu_Na + mu_Cl,0.1,0.0075,0.0075,9.73701390494735,kJ/mol,3.927867158919296,0.10091703775594851,9.73701390494735,3.942293207179164,0.014426048259867806,0.0,0.0,NaClIWater/data/S0_NaClIWater_matrix_BC_s_loss_split0.csv,0,0.3506588007353588,0.20245295299827076,0.14145416663055352,0.08166860118214425,3
NaClIWater,NaCl/NaI/water,"BC S-loss, fixed kappa_D",0.005,298.15,I,NaCl,neutral ion-pair NaCl: mu_Na + mu_Cl,0.1,0.01,0.01,10.164340194926611,kJ/mol,4.100248642291681,0.10534596265642904,10.164340194926611,4.114674690551548,0.014426048259867806,0.0,0.0,NaClIWater/data/S0_NaClIWater_matrix_BC_s_loss_split0.csv,0,0.34967372993529205,0.2018842221066814,0.14105679354650943,0.08143917772510269,3
NaClIWater,NaCl/NaI/water,"BC S-loss, fixed kappa_D",0.005,298.15,I,NaCl,neutral ion-pair NaCl: mu_Na + mu_Cl,0.1,0.0125,0.0125,10.583660010346398,kJ/mol,4.26940035021259,0.10969190629558058,10.583660010346398,4.283826398472457,0.014426048259867806,0.0,0.0,NaClIWater/data/S0_NaClIWater_matrix_BC_s_loss_split0.csv,0,0.34578774795191114,0.1996406493625104,0.13948920607444873,0.08053413067613016,3
NaClIWater,NaCl/NaI/water,"BC S-loss, fixed kappa_D",0.005,298.15,I,NaCl,neutral ion-pair NaCl: mu_Na + mu_Cl,0.1,0.015,0.015,10.992205629083898,kJ/mol,4.434205796155728,0.11392618325498917,10.992205629083898,4.448631844415596,0.014426048259867806,0.0,0.0,NaClIWater/data/S0_NaClIWater_matrix_BC_s_loss_split0.csv,0,0.340087422044502,0.1963495646653991,0.13718972050881015,0.07920652206581107,3
NaClIWater,NaCl/NaI/water,"BC S-loss, fixed kappa_D",0.005,298.15,I,NaI,neutral ion-pair NaI: mu_Na + mu_I,0.0,0.0,0.0,0.0,kJ/mol,0.0,0.0,0.0,-0.03344603912288196,-0.03344603912288196,0.0,0.0,NaClIWater/data/S0_NaClIWater_matrix_BC_s_loss_split0.csv,0,0.0,0.0,0.0,0.0,3
NaClIWater,NaCl/NaI/water,"BC S-loss, fixed kappa_D",0.005,298.15,I,NaI,neutral ion-pair NaI: mu_Na + mu_I,0.0,0.0025,0.0025,0.17544086320787625,kJ/mol,0.07077204691846395,0.0018183164149832012,0.17544086320787625,0.037326007795581984,-0.03344603912288196,0.0,0.0,NaClIWater/data/S0_NaClIWater_matrix_BC_s_loss_split0.csv,0,0.07837550334693995,0.045250117955228195,0.031616321868842945,0.018253691941762327,3
NaClIWater,NaCl/NaI/water,"BC S-loss, fixed kappa_D",0.005,298.15,I,NaI,neutral ion-pair NaI: mu_Na + mu_I,0.0,0.005,0.005,0.3571906181315954,kJ/mol,0.1440890720840316,0.003702019884940455,0.3571906181315954,0.11064303296114965,-0.03344603912288196,0.0,0.0,NaClIWater/data/S0_NaClIWater_matrix_BC_s_loss_split0.csv,0,0.12186153914257675,0.0703567924278288,0.04915839108438386,0.028381610325497922,3
NaClIWater,NaCl/NaI/water,"BC S-loss, fixed kappa_D",0.005,298.15,I,NaI,neutral ion-pair NaI: mu_Na + mu_I,0.0,0.0075,0.0075,0.5458215619928432,kJ/mol,0.22018193759509821,0.0056570418526007415,0.5458215619928432,0.18673589847221625,-0.03344603912288196,0.0,0.0,NaClIWater/data/S0_NaClIWater_matrix_BC_s_loss_split0.csv,0,0.14223732099580394,0.08212075556573861,0.05737788888523738,0.03312713959342424,3
NaClIWater,NaCl/NaI/water,"BC S-loss, fixed kappa_D",0.005,298.15,I,NaI,neutral ion-pair NaI: mu_Na + mu_I,0.0,0.01,0.01,0.7420293671806357,kJ/mol,0.29933127453187575,0.007690592454196121,0.7420293671806357,0.2658852354089938,-0.03344603912288196,0.0,0.0,NaClIWater/data/S0_NaClIWater_matrix_BC_s_loss_split0.csv,0,0.14935296843038254,0.08622897652755104,0.060248308722938175,0.034784377259408035,3
NaClIWater,NaCl/NaI/water,"BC S-loss, fixed kappa_D",0.005,298.15,I,NaI,neutral ion-pair NaI: mu_Na + mu_I,0.0,0.0125,0.0125,0.9465620457298266,kJ/mol,0.3818388275498467,0.009810424288161812,0.9465620457298266,0.34839278842696475,-0.03344603912288196,0.0,0.0,NaClIWater/data/S0_NaClIWater_matrix_BC_s_loss_split0.csv,0,0.15076994593922602,0.08704706887371746,0.06081991101048201,0.03511439199399087,3
NaClIWater,NaCl/NaI/water,"BC S-loss, fixed kappa_D",0.005,298.15,I,NaI,neutral ion-pair NaI: mu_Na + mu_I,0.0,0.015,0.015,1.1601513719338008,kJ/mol,0.4679997910733785,0.01202412166060185,1.1601513719338008,0.43455375195049656,-0.03344603912288196,0.0,0.0,NaClIWater/data/S0_NaClIWater_matrix_BC_s_loss_split0.csv,0,0.15136368366080444,0.0873898635070988,0.06105942210909656,0.03525267379124989,3
NaClIWater,NaCl/NaI/water,"BC S-loss, fixed kappa_D",0.005,298.15,I,NaI,neutral ion-pair NaI: mu_Na + mu_I,0.0,0.0175,0.0175,1.3834505438701397,kJ/mol,0.5580776622384769,0.014338454492531127,1.3834505438701397,0.524631623115595,-0.03344603912288196,0.0,0.0,NaClIWater/data/S0_NaClIWater_matrix_BC_s_loss_split0.csv,0,0.15328849265136785,0.0885011524959392,0.061835881308501144,0.035700962719040885,3
NaClIWater,NaCl/NaI/water,"BC S-loss, fixed kappa_D",0.005,298.15,I,NaI,neutral ion-pair NaI: mu_Na + mu_I,0.0,0.02,0.02,1.616981433729367,kJ/mol,0.6522829619151254,0.016758831608058244,1.616981433729367,0.6188369227922434,-0.03344603912288196,0.0,0.0,NaClIWater/data/S0_NaClIWater_matrix_BC_s_loss_split0.csv,0,0.15667972073595285,0.09045907894345777,0.06320388730622063,0.03649078135007725,3
NaClIWater,NaCl/NaI/water,"BC S-loss, fixed kappa_D",0.005,298.15,I,NaI,neutral ion-pair NaI: mu_Na + mu_I,0.0,0.0225,0.0225,1.8610941702120687,kJ/mol,0.7507569304299633,0.01928888183545041,1.8610941702120687,0.7173108913070814,-0.03344603912288196,0.0,0.0,NaClIWater/data/S0_NaClIWater_matrix_BC_s_loss_split0.csv,0,0.16081004251531433,0.0928437213346119,0.06487004034156552,0.037452735253544735,3
NaClIWater,NaCl/NaI/water,"BC S-loss, fixed kappa_D",0.005,298.15,I,NaI,neutral ion-pair NaI: mu_Na + mu_I,0.0,0.025,0.025,2.1159410387547264,kJ/mol,0.8535609990359987,0.021930183502036012,2.1159410387547264,0.8201149599131168,-0.03344603912288196,0.0,0.0,NaClIWater/data/S0_NaClIWater_matrix_BC_s_loss_split0.csv,0,0.16500286885720677,0.09526445075176886,0.06656140743338028,0.03842924649930246,3
NaClIWater,NaCl/NaI/water,"BC S-loss, fixed kappa_D",0.005,298.15,I,NaI,neutral ion-pair NaI: mu_Na + mu_I,0.0,0.0275,0.0275,2.3814658155598085,kJ/mol,0.9606724873088192,0.024682153889216348,2.3814658155598085,0.9272264481859372,-0.03344603912288196,0.0,0.0,NaClIWater/data/S0_NaClIWater_matrix_BC_s_loss_split0.csv,0,0.16897249879229306,0.09755631766337412,0.0681627381090165,0.039353775195942645,3
NaClIWater,NaCl/NaI/water,"BC S-loss, fixed kappa_D",0.005,298.15,I,NaI,neutral ion-pair NaI: mu_Na + mu_I,0.0,0.03,0.03,2.6574087239562534,kJ/mol,1.0719866025198863,0.027542100601522176,2.6574087239562534,1.0385405633970044,-0.03344603912288196,0.0,0.0,NaClIWater/data/S0_NaClIWater_matrix_BC_s_loss_split0.csv,0,0.17273201572572092,0.09972687577691165,0.06967931015465252,0.04022936847473606,3
NaClIWater,NaCl/NaI/water,"BC S-loss, fixed kappa_D",0.005,298.15,I,NaI,neutral ion-pair NaI: mu_Na + mu_I,0.0,0.0325,0.0325,2.9433262586677102,kJ/mol,1.1873244366562514,0.030505427030675488,2.9433262586677102,1.1538783975333695,-0.03344603912288196,0.0,0.0,NaClIWater/data/S0_NaClIWater_matrix_BC_s_loss_split0.csv,0,0.176340231030555,0.10181007985445173,0.0711348478109114,0.04106972353239276,3
NaClIWater,NaCl/NaI/water,"BC S-loss, fixed kappa_D",0.005,298.15,I,NaI,neutral ion-pair NaI: mu_Na + mu_I,0.0,0.034999999999999996,0.034999999999999996,3.2386242173307433,kJ/mol,1.3064462911848866,0.03356597470315137,3.2386242173307433,1.2730002520620047,-0.03344603912288196,0.0,0.0,NaClIWater/data/S0_NaClIWater_matrix_BC_s_loss_split0.csv,0,0.1796920636356788,0.10374526131129852,0.07248696185125104,0.04185036693755793,3
NaClIWater,NaCl/NaI/water,"BC S-loss, fixed kappa_D",0.005,298.15,I,NaI,neutral ion-pair NaI: mu_Na + mu_I,0.0,0.0375,0.0375,3.542601467889105,kJ/mol,1.4290693326206303,0.03671647689725432,3.542601467889105,1.3956232934977484,-0.03344603912288196,0.0,0.0,NaClIWater/data/S0_NaClIWater_matrix_BC_s_loss_split0.csv,0,0.18245013269063245,0.10533763322261959,0.07359955437383947,0.04249272252997272,3
NaClIWater,NaCl/NaI/water,"BC S-loss, fixed kappa_D",0.005,298.15,I,NaI,neutral ion-pair NaI: mu_Na + mu_I,0.0,0.04,0.04,3.8545012997689843,kJ/mol,1.5548883073569153,0.039949090860545766,3.8545012997689843,1.5214422682340334,-0.03344603912288196,0.0,0.0,NaClIWater/data/S0_NaClIWater_matrix_BC_s_loss_split0.csv,0,0.18411546135453588,0.10629911117501344,0.07427134038869046,0.04288057836648476,3
NaClIWater,NaCl/NaI/water,"BC S-loss, fixed kappa_D",0.005,298.15,I,NaI,neutral ion-pair NaI: mu_Na + mu_I,0.0,0.0425,0.0425,4.173566693923193,kJ/mol,1.6835978373504163,0.04325597064348585,4.173566693923193,1.6501517982275344,-0.03344603912288196,0.0,0.0,NaClIWater/data/S0_NaClIWater_matrix_BC_s_loss_split0.csv,0,0.18417209442755272,0.10633180829496475,0.07429418591297378,0.042893768236079516,3
NaClIWater,NaCl/NaI/water,"BC S-loss, fixed kappa_D",0.005,298.15,I,NaI,neutral ion-pair NaI: mu_Na + mu_I,0.0,0.045,0.045,4.499095553540119,kJ/mol,1.814914699938042,0.04662983952539434,4.499095553540119,1.7814686608151602,-0.03344603912288196,0.0,0.0,NaClIWater/data/S0_NaClIWater_matrix_BC_s_loss_split0.csv,0,0.18223187501696733,0.10521162209597633,0.07351151022016558,0.04244189021414853,3
NaClIWater,NaCl/NaI/water,"BC S-loss, fixed kappa_D",0.005,298.15,I,NaI,neutral ion-pair NaI: mu_Na + mu_I,0.0,0.0475,0.0475,4.830491847902752,kJ/mol,1.9485984590372416,0.05006452008319684,4.830491847902752,1.9151524199143597,-0.03344603912288196,0.0,0.0,NaClIWater/data/S0_NaClIWater_matrix_BC_s_loss_split0.csv,0,0.17813423015187152,0.10284584573006977,0.07185853890353372,0.04148754677952839,3
NaClIWater,NaCl/NaI/water,"BC S-loss, fixed kappa_D",0.005,298.15,I,NaI,neutral ion-pair NaI: mu_Na + mu_I,0.0,0.05,0.05,5.167308769593174,kJ/mol,2.084468874566165,0.05355538148432971,5.167308769593174,2.051022835443283,-0.03344603912288196,0.0,0.0,NaClIWater/data/S0_NaClIWater_matrix_BC_s_loss_split0.csv,0,0.17198984687236446,0.09929838438964214,0.06937992261203128,0.04005651699641167,3
NaClIWater,NaCl/NaI/water,"BC S-loss, fixed kappa_D",0.005,298.15,I,NaI,neutral ion-pair NaI: mu_Na + mu_I,0.0,0.052500000000000005,0.052500000000000005,5.509280387182383,kJ/mol,2.2224186709948914,0.05709966754375273,5.509280387182383,2.1889726318720095,-0.03344603912288196,0.0,0.0,NaClIWater/data/S0_NaClIWater_matrix_BC_s_loss_split0.csv,0,0.16417905394960386,0.09478882099310189,0.06622908424352061,0.03823737961617903,3
NaClIWater,NaCl/NaI/water,"BC S-loss, fixed kappa_D",0.005,298.15,I,NaI,neutral ion-pair NaI: mu_Na + mu_I,0.0,0.055,0.055,5.856338840937249,kJ/mol,2.362420474015467,0.06069667494489295,5.856338840937249,2.328974434892585,-0.03344603912288196,0.0,0.0,NaClIWater/data/S0_NaClIWater_matrix_BC_s_loss_split0.csv,0,0.1553244633706753,0.08967662073879355,0.0626571826441012,0.036175141266235375,3
NaClIWater,NaCl/NaI/water,"BC S-loss, fixed kappa_D",0.005,298.15,I,NaI,neutral ion-pair NaI: mu_Na + mu_I,0.0,0.0575,0.0575,6.208614896036714,kJ/mol,2.5045270337068097,0.06434775897332656,6.208614896036714,2.471080994583928,-0.03344603912288196,0.0,0.0,NaClIWater/data/S0_NaClIWater_matrix_BC_s_loss_split0.csv,0,0.1462564042735603,0.08444117437804677,0.05899916881456355,0.03406318599705244,3
NaClIWater,NaCl/NaI/water,"BC S-loss, fixed kappa_D",0.005,298.15,I,NaI,neutral ion-pair NaI: mu_Na + mu_I,0.0,0.06,0.06,6.566420566839778,kJ/mol,2.648864215243375,0.06805615343000682,6.566420566839778,2.615418176120493,-0.03344603912288196,0.0,0.0,NaClIWater/data/S0_NaClIWater_matrix_BC_s_loss_split0.csv,0,0.13797886291928593,0.07966213364892821,0.05566004624994108,0.03213534268551051,3
NaClIWater,NaCl/NaI/water,"BC S-loss, fixed kappa_D",0.005,298.15,I,NaI,neutral ion-pair NaI: mu_Na + mu_I,0.0,0.0625,0.0625,6.930213509545491,kJ/mol,2.7956166350560183,0.07182660158719045,6.930213509545491,2.7621705959331364,-0.03344603912288196,0.0,0.0,NaClIWater/data/S0_NaClIWater_matrix_BC_s_loss_split0.csv,0,0.1316196744469644,0.0759906544726058,0.05309477851985022,0.030654284670999087,3
NaClIWater,NaCl/NaI/water,"BC S-loss, fixed kappa_D",0.005,298.15,I,NaI,neutral ion-pair NaI: mu_Na + mu_I,0.0,0.065,0.065,7.300543920369323,kJ/mol,2.945006239797667,0.07566480582681834,7.300543920369323,2.911560200674785,-0.03344603912288196,0.0,0.0,NaClIWater/data/S0_NaClIWater_matrix_BC_s_loss_split0.csv,0,0.12831784104704205,0.07408434007034134,0.05176283393166499,0.029885286104464677,3
NaClIWater,NaCl/NaI/water,"BC S-loss, fixed kappa_D",0.005,298.15,I,NaI,neutral ion-pair NaI: mu_Na + mu_I,0.0,0.0675,0.0675,7.677985699076388,kJ/mol,3.097264538025452,0.0795767142008117,7.677985699076388,3.0638184989025703,-0.03344603912288196,0.0,0.0,NaClIWater/data/S0_NaClIWater_matrix_BC_s_loss_split0.csv,0,0.1290042171607977,0.0744806195043835,0.05203971493668419,0.030045143427246006,3
NaClIWater,NaCl/NaI/water,"BC S-loss, fixed kappa_D",0.005,298.15,I,NaI,neutral ion-pair NaI: mu_Na + mu_I,0.0,0.07,0.07,8.063054591805438,kJ/mol,3.2525995793879128,0.08356767204122661,8.063054591805438,3.219153540265031,-0.03344603912288196,0.0,0.0,NaClIWater/data/S0_NaClIWater_matrix_BC_s_loss_split0.csv,0,0.13412751999972894,0.07743855977758042,0.05410643201880846,0.03123836309094925,3
NaClIWater,NaCl/NaI/water,"BC S-loss, fixed kappa_D",0.005,298.15,I,NaI,neutral ion-pair NaI: mu_Na + mu_I,0.0,0.07250000000000001,0.07250000000000001,8.45611686967694,kJ/mol,3.4111591159905084,0.08764147548072287,8.45611686967694,3.3777130768676265,-0.03344603912288196,0.0,0.0,NaClIWater/data/S0_NaClIWater_matrix_BC_s_loss_split0.csv,0,0.14350102345749974,0.08285035452217428,0.05788766071532772,0.03342145649675218,3
NaClIWater,NaCl/NaI/water,"BC S-loss, fixed kappa_D",0.005,298.15,I,NaI,neutral ion-pair NaI: mu_Na + mu_I,0.0,0.07500000000000001,0.07500000000000001,8.857292773522138,kJ/mol,3.5729916524381227,0.09179937072769917,8.857292773522138,3.5395456133152408,-0.03344603912288196,0.0,0.0,NaClIWater/data/S0_NaClIWater_matrix_BC_s_loss_split0.csv,0,0.15639030768470918,0.09029198624041525,0.0630871393966007,0.03642337691303086,3
NaClIWater,NaCl/NaI/water,"BC S-loss, fixed kappa_D",0.005,298.15,I,NaI,neutral ion-pair NaI: mu_Na + mu_I,0.0,0.07750000000000001,0.07750000000000001,9.266359449294294,kJ/mol,3.738007290421072,0.09603904806272112,9.266359449294294,3.7045612512981902,-0.03344603912288196,0.0,0.0,NaClIWater/data/S0_NaClIWater_matrix_BC_s_loss_split0.csv,0,0.17175326018208345,0.09916179100032171,0.0692844846163517,0.04000141584391514,3
NaClIWater,NaCl/NaI/water,"BC S-loss, fixed kappa_D",0.005,298.15,I,NaI,neutral ion-pair NaI: mu_Na + mu_I,0.0,0.08,0.08,9.682658329337908,kJ/mol,3.905940366740022,0.10035368191302041,9.682658329337908,3.87249432761714,-0.03344603912288196,0.0,0.0,NaClIWater/data/S0_NaClIWater_matrix_BC_s_loss_split0.csv,0,0.188466406136082,0.1088111303158683,0.07602649174048448,0.04389391547191158,3
NaClIWater,NaCl/NaI/water,"BC S-loss, fixed kappa_D",0.005,298.15,I,NaI,neutral ion-pair NaI: mu_Na + mu_I,0.0,0.0825,0.0825,10.105011968769514,kJ/mol,4.0763159054799365,0.10473106892231954,10.105011968769514,4.042869866357054,-0.03344603912288196,0.0,0.0,NaClIWater/data/S0_NaClIWater_matrix_BC_s_loss_split0.csv,0,0.2054665004494113,0.118626139343918,0.0828842525287206,0.04785324550903776,3
NaClIWater,NaCl/NaI/water,"BC S-loss, fixed kappa_D",0.005,298.15,I,NaI,neutral ion-pair NaI: mu_Na + mu_I,0.0,0.085,0.085,10.531655068946293,kJ/mol,4.24842179319079,0.10915291305946086,10.531655068946293,4.214975754067908,-0.03344603912288196,0.0,0.0,NaClIWater/data/S0_NaClIWater_matrix_BC_s_loss_split0.csv,0,0.2218228391694688,0.12806947590689988,0.0894823252362095,0.0516626445628392,3
NaClIWater,NaCl/NaI/water,"BC S-loss, fixed kappa_D",0.005,298.15,I,NaI,neutral ion-pair NaI: mu_Na + mu_I,0.0,0.0875,0.0875,10.960184005322589,kJ/mol,4.421288418654253,0.11359430251150118,10.960184005322589,4.387842379531371,-0.03344603912288196,0.0,0.0,NaClIWater/data/S0_NaClIWater_matrix_BC_s_loss_split0.csv,0,0.23677203613366526,0.13670039879834744,0.09551276335420873,0.055144319633597436,3
NaClIWater,NaCl/NaI/water,"BC S-loss, fixed kappa_D",0.005,298.15,I,NaI,neutral ion-pair NaI: mu_Na + mu_I,0.0,0.09,0.09,11.387528463168316,kJ/mol,4.593677230861406,0.11802341570864884,11.387528463168316,4.560231191738524,-0.03344603912288196,0.0,0.0,NaClIWater/data/S0_NaClIWater_matrix_BC_s_loss_split0.csv,0,0.2497389115558699,0.14418682781390565,0.10074354197092583,0.058164311076030394,3
NaClIWater,NaCl/NaI/water,"BC S-loss, fixed kappa_D",0.005,298.15,I,NaI,neutral ion-pair NaI: mu_Na + mu_I,0.0,0.0925,0.0925,11.809947943380182,kJ/mol,4.764079329472861,0.12240148510954897,11.809947943380182,4.730633290349979,-0.03344603912288196,0.0,0.0,NaClIWater/data/S0_NaClIWater_matrix_BC_s_loss_split0.csv,0,0.2603728782576228,0.15032635135171618,0.10503323581183033,0.06064096696981768,3
NaClIWater,NaCl/NaI/water,"BC S-loss, fixed kappa_D",0.005,298.15,I,NaI,neutral ion-pair NaI: mu_Na + mu_I,0.0,0.095,0.095,12.223054891973806,kJ/mol,4.930724795150773,0.12668303692157679,12.223054891973806,4.897278756027891,-0.03344603912288196,0.0,0.0,NaClIWater/data/S0_NaClIWater_matrix_BC_s_loss_split0.csv,0,0.2686619562543609,0.15511205276446674,0.10837701220559408,0.0625714971708671,3
NaClIWater,NaCl/NaI/water,"BC S-loss, fixed kappa_D",0.005,298.15,I,NaI,neutral ion-pair NaI: mu_Na + mu_I,0.0,0.0975,0.0975,12.621865102748863,kJ/mol,5.091603021764901,0.1308164134876506,12.621865102748863,5.058156982642019,-0.03344603912288196,0.0,0.0,NaClIWater/data/S0_NaClIWater_matrix_BC_s_loss_split0.csv,0,0.27524943343500563,0.1589153344879925,0.11103437056315359,0.06410572373393739,3
NaClIWater,NaCl/NaI/water,"BC S-loss, fixed kappa_D",0.005,298.15,I,NaI,neutral ion-pair NaI: mu_Na + mu_I,0.0,0.1,0.1,13.000874900515383,kJ/mol,5.244493851755331,0.13474457323400202,13.000874900515383,5.211047812632448,-0.03344603912288196,0.0,0.0,NaClIWater/data/S0_NaClIWater_matrix_BC_s_loss_split0.csv,0,0.28215403142567785,0.16290170599655324,0.11381965401430695,0.06571380788423019,3
NaClIWater,NaCl/NaI/water,"BC S-loss, fixed kappa_D",0.005,298.15,I,NaI,neutral ion-pair NaI: mu_Na + mu_I,0.0025,0.0,0.0,0.03237849231228629,kJ/mol,0.013061336653132558,0.0003355794253820933,0.03237849231228629,-0.0203847024697494,-0.03344603912288196,0.0,0.0,NaClIWater/data/S0_NaClIWater_matrix_BC_s_loss_split0.csv,0,0.07290937774321363,0.0420942488664925,0.029411311641375205,0.01698062869336795,3
NaClIWater,NaCl/NaI/water,"BC S-loss, fixed kappa_D",0.005,298.15,I,NaI,neutral ion-pair NaI: mu_Na + mu_I,0.0025,0.0025,0.0025,0.235678864982984,kJ/mol,0.09507178307999378,0.0024426393089242993,0.235678864982984,0.06162574395711183,-0.03344603912288196,0.0,0.0,NaClIWater/data/S0_NaClIWater_matrix_BC_s_loss_split0.csv,0,0.1367351747022643,0.0789440899220428,0.05515834807519672,0.0318456871092699,3
NaClIWater,NaCl/NaI/water,"BC S-loss, fixed kappa_D",0.005,298.15,I,NaI,neutral ion-pair NaI: mu_Na + mu_I,0.0025,0.005,0.005,0.4439547860707849,kJ/mol,0.17908934312669103,0.004601267117948282,0.4439547860707849,0.14564330400380907,-0.03344603912288196,0.0,0.0,NaClIWater/data/S0_NaClIWater_matrix_BC_s_loss_split0.csv,0,0.17293584980087992,0.09984455943507471,0.06976153589423771,0.040276841527619886,3
NaClIWater,NaCl/NaI/water,"BC S-loss, fixed kappa_D",0.005,298.15,I,NaI,neutral ion-pair NaI: mu_Na + mu_I,0.0025,0.0075,0.0075,0.6572775794915989,kJ/mol,0.2651427885367673,0.006812202072751461,0.6572775794915989,0.23169674941388535,-0.03344603912288196,0.0,0.0,NaClIWater/data/S0_NaClIWater_matrix_BC_s_loss_split0.csv,0,0.18688939060157858,0.10790063997250651,0.07539033084069016,0.04352662780516741,3
NaClIWater,NaCl/NaI/water,"BC S-loss, fixed kappa_D",0.005,298.15,I,NaI,neutral ion-pair NaI: mu_Na + mu_I,0.0025,0.01,0.01,0.8759754132182868,kJ/mol,0.35336450077909926,0.009078845394697055,0.8759754132182868,0.3199184616562173,-0.03344603912288196,0.0,0.0,NaClIWater/data/S0_NaClIWater_matrix_BC_s_loss_split0.csv,0,0.18658789553873234,0.1077265717168129,0.07526870910249706,0.04345640946188231,3
NaClIWater,NaCl/NaI/water,"BC S-loss, fixed kappa_D",0.005,298.15,I,NaI,neutral ion-pair NaI: mu_Na + mu_I,0.0025,0.0125,0.0125,1.1005640252943938,kJ/mol,0.4439625262366562,0.011406542331940273,1.1005640252943938,0.41051648711377425,-0.03344603912288196,0.0,0.0,NaClIWater/data/S0_NaClIWater_matrix_BC_s_loss_split0.csv,0,0.17871894509644767,0.10318343106072002,0.07209441025491002,0.04162372716773962,3
NaClIWater,NaCl/NaI/water,"BC S-loss, fixed kappa_D",0.005,298.15,I,NaI,neutral ion-pair NaI: mu_Na + mu_I,0.0025,0.015,0.015,1.3316745407570352,kJ/mol,0.5371914578812319,0.013801834034552483,1.3316745407570352,0.50374541875835,-0.03344603912288196,0.0,0.0,NaClIWater/data/S0_NaClIWater_matrix_BC_s_loss_split0.csv,0,0.16823618250898542,0.09713120525899775,0.06786571146655558,0.03918228678396134,3
NaClIWater,NaCl/NaI/water,"BC S-loss, fixed kappa_D",0.005,298.15,I,NaI,neutral ion-pair NaI: mu_Na + mu_I,0.0025,0.0175,0.0175,1.5699824965168192,kJ/mol,0.6333238042325551,0.016271721949237872,1.5699824965168192,0.5998777651096732,-0.03344603912288196,0.0,0.0,NaClIWater/data/S0_NaClIWater_matrix_BC_s_loss_split0.csv,0,0.15832905332522584,0.09141132155785776,0.0638692205772607,0.03687491169321305,3
NaClIWater,NaCl/NaI/water,"BC S-loss, fixed kappa_D",0.005,298.15,I,NaI,neutral ion-pair NaI: mu_Na + mu_I,0.0025,0.02,0.02,1.8161419657835598,kJ/mol,0.7326234154509969,0.01882298506711777,1.8161419657835598,0.6991773763281149,-0.03344603912288196,0.0,0.0,NaClIWater/data/S0_NaClIWater_matrix_BC_s_loss_split0.csv,0,0.15062879533349993,0.08696557553350523,0.0607629714975979,0.035081517950899706,3
NaClIWater,NaCl/NaI/water,"BC S-loss, fixed kappa_D",0.005,298.15,I,NaI,neutral ion-pair NaI: mu_Na + mu_I,0.0025,0.0225,0.0225,2.070728252741696,kJ/mol,0.8353223666300621,0.021461585995893984,2.070728252741696,0.8018763275071802,-0.03344603912288196,0.0,0.0,NaClIWater/data/S0_NaClIWater_matrix_BC_s_loss_split0.csv,0,0.14564529538734833,0.08408835049808812,0.058752650267079855,0.03392085844730249,3
NaClIWater,NaCl/NaI/water,"BC S-loss, fixed kappa_D",0.005,298.15,I,NaI,neutral ion-pair NaI: mu_Na + mu_I,0.0025,0.025,0.025,2.334192016031565,kJ/mol,0.9416024514172224,0.024192195483237807,2.334192016031565,0.9081564122943405,-0.03344603912288196,0.0,0.0,NaClIWater/data/S0_NaClIWater_matrix_BC_s_loss_split0.csv,0,0.14329659982320447,0.08273233048188519,0.057805197150266226,0.033373846135265596,3
NaClIWater,NaCl/NaI/water,"BC S-loss, fixed kappa_D",0.005,298.15,I,NaI,neutral ion-pair NaI: mu_Na + mu_I,0.0025,0.0275,0.0275,2.606826925312639,kJ/mol,1.0515821348185128,0.02701785720068983,2.606826925312639,1.018136095695631,-0.03344603912288196,0.0,0.0,NaClIWater/data/S0_NaClIWater_matrix_BC_s_loss_split0.csv,0,0.14329818811092257,0.08273324748022678,0.05780583785831366,0.03337421604822925,3
NaClIWater,NaCl/NaI/water,"BC S-loss, fixed kappa_D",0.005,298.15,I,NaI,neutral ion-pair NaI: mu_Na + mu_I,0.0025,0.03,0.03,2.8887520848515926,kJ/mol,1.1653094629538348,0.029939805576987052,2.8887520848515926,1.1318634238309528,-0.03344603912288196,0.0,0.0,NaClIWater/data/S0_NaClIWater_matrix_BC_s_loss_split0.csv,0,0.14529312496589672,0.08388502481046241,0.05861058631952201,0.033838837788937835,3
NaClIWater,NaCl/NaI/water,"BC S-loss, fixed kappa_D",0.005,298.15,I,NaI,neutral ion-pair NaI: mu_Na + mu_I,0.0025,0.0325,0.0325,3.179909528593881,kJ/mol,1.2827610525802142,0.03295743983630928,3.179909528593881,1.2493150134573323,-0.03344603912288196,0.0,0.0,NaClIWater/data/S0_NaClIWater_matrix_BC_s_loss_split0.csv,0,0.14880636808310632,0.08591339666991198,0.060027812626899046,0.03465707377900458,3
NaClIWater,NaCl/NaI/water,"BC S-loss, fixed kappa_D",0.005,298.15,I,NaI,neutral ion-pair NaI: mu_Na + mu_I,0.0025,0.034999999999999996,0.034999999999999996,3.480076159910844,kJ/mol,1.4038469075315234,0.0360684477450377,3.480076159910844,1.3704008684086415,-0.03344603912288196,0.0,0.0,NaClIWater/data/S0_NaClIWater_matrix_BC_s_loss_split0.csv,0,0.15319096091318482,0.0884448425206447,0.06179653744855584,0.035678247530910506,3
NaClIWater,NaCl/NaI/water,"BC S-loss, fixed kappa_D",0.005,298.15,I,NaI,neutral ion-pair NaI: mu_Na + mu_I,0.0025,0.0375,0.0375,3.788888604997521,kJ/mol,1.528420444466211,0.03926906319907175,3.788888604997521,1.4949744053433291,-0.03344603912288196,0.0,0.0,NaClIWater/data/S0_NaClIWater_matrix_BC_s_loss_split0.csv,0,0.15766597981055094,0.09102849588566769,0.063601739734811,0.036720481556821644,3
NaClIWater,NaCl/NaI/water,"BC S-loss, fixed kappa_D",0.005,298.15,I,NaI,neutral ion-pair NaI: mu_Na + mu_I,0.0025,0.04,0.04,4.105878651891623,kJ/mol,1.6562927888065022,0.042554433523378066,4.105878651891623,1.6228467496836203,-0.03344603912288196,0.0,0.0,NaClIWater/data/S0_NaClIWater_matrix_BC_s_loss_split0.csv,0,0.1614359644358635,0.09320509752393265,0.06512253439978222,0.03759851276602493,3
NaClIWater,NaCl/NaI/water,"BC S-loss, fixed kappa_D",0.005,298.15,I,NaI,neutral ion-pair NaI: mu_Na + mu_I,0.0025,0.0425,0.0425,4.430516268644526,kJ/mol,1.7872501280730781,0.045919065323914765,4.430516268644526,1.7538040889501962,-0.03344603912288196,0.0,0.0,NaClIWater/data/S0_NaClIWater_matrix_BC_s_loss_split0.csv,0,0.16382873893179592,0.0945865665232693,0.06608776875736044,0.038155791082203794,3
NaClIWater,NaCl/NaI/water,"BC S-loss, fixed kappa_D",0.005,298.15,I,NaI,neutral ion-pair NaI: mu_Na + mu_I,0.0025,0.045,0.045,4.762256717347825,kJ/mol,1.9210727174692763,0.049357312790107244,4.762256717347825,1.8876266783463944,-0.03344603912288196,0.0,0.0,NaClIWater/data/S0_NaClIWater_matrix_BC_s_loss_split0.csv,0,0.16440066957116894,0.09491677083186911,0.06631848297811682,0.038288993999663366,3
NaClIWater,NaCl/NaI/water,"BC S-loss, fixed kappa_D",0.005,298.15,I,NaI,neutral ion-pair NaI: mu_Na + mu_I,0.0025,0.0475,0.0475,5.100587970578314,kJ/mol,2.0575540074595087,0.05286386913167008,5.100587970578314,2.0241079683366268,-0.03344603912288196,0.0,0.0,NaClIWater/data/S0_NaClIWater_matrix_BC_s_loss_split0.csv,0,0.16299147907628936,0.09410317432031093,0.06575002193661764,0.03796079286433,3
NaClIWater,NaCl/NaI/water,"BC S-loss, fixed kappa_D",0.005,298.15,I,NaI,neutral ion-pair NaI: mu_Na + mu_I,0.0025,0.05,0.05,5.445074582066442,kJ/mol,2.196518340997546,0.05643422126604491,5.445074582066442,2.163072301874664,-0.03344603912288196,0.0,0.0,NaClIWater/data/S0_NaClIWater_matrix_BC_s_loss_split0.csv,0,0.15973421005161978,0.09222258917209492,0.0644360544148843,0.03720217336195083,3
NaClIWater,NaCl/NaI/water,"BC S-loss, fixed kappa_D",0.005,298.15,I,NaI,neutral ion-pair NaI: mu_Na + mu_I,0.0025,0.052500000000000005,0.052500000000000005,5.795394311048542,kJ/mol,2.337835727623763,0.06006502940306291,5.795394311048542,2.304389688500881,-0.03344603912288196,0.0,0.0,NaClIWater/data/S0_NaClIWater_matrix_BC_s_loss_split0.csv,0,0.1550352852825402,0.08950966369176502,0.06254052951753145,0.036107791552208515,3
NaClIWater,NaCl/NaI/water,"BC S-loss, fixed kappa_D",0.005,298.15,I,NaI,neutral ion-pair NaI: mu_Na + mu_I,0.0025,0.055,0.055,6.151364176617892,kJ/mol,2.4814323536719547,0.06375439707926489,6.151364176617892,2.447986314549073,-0.03344603912288196,0.0,0.0,NaClIWater/data/S0_NaClIWater_matrix_BC_s_loss_split0.csv,0,0.14953969288160182,0.08633678193972678,0.060323632517981694,0.034827865472752795,3
NaClIWater,NaCl/NaI/water,"BC S-loss, fixed kappa_D",0.005,298.15,I,NaI,neutral ion-pair NaI: mu_Na + mu_I,0.0025,0.0575,0.0575,6.5129531841985004,kJ/mol,2.6272957160710217,0.0675020030585074,6.5129531841985004,2.59384967694814,-0.03344603912288196,0.0,0.0,NaClIWater/data/S0_NaClIWater_matrix_BC_s_loss_split0.csv,0,0.1440894379795824,0.08319007580489379,0.05812502445945736,0.03355849851832129,3
NaClIWater,NaCl/NaI/water,"BC S-loss, fixed kappa_D",0.005,298.15,I,NaI,neutral ion-pair NaI: mu_Na + mu_I,0.0025,0.06,0.06,6.880279733280606,kJ/mol,2.7754735766372547,0.07130907446503443,6.880279733280606,2.742027537514373,-0.03344603912288196,0.0,0.0,NaClIWater/data/S0_NaClIWater_matrix_BC_s_loss_split0.csv,0,0.13966877984320455,0.08063780763986073,0.056341751057139684,0.03252892513945448,3
NaClIWater,NaCl/NaI/water,"BC S-loss, fixed kappa_D",0.005,298.15,I,NaI,neutral ion-pair NaI: mu_Na + mu_I,0.0025,0.0625,0.0625,7.253592553992012,kJ/mol,2.9260662719738426,0.07517818920496211,7.253592553992012,2.8926202328509607,-0.03344603912288196,0.0,0.0,NaClIWater/data/S0_NaClIWater_matrix_BC_s_loss_split0.csv,0,0.13731065245104868,0.0792763421552161,0.0553904931837696,0.031979716150195514,3
NaClIWater,NaCl/NaI/water,"BC S-loss, fixed kappa_D",0.005,298.15,I,NaI,neutral ion-pair NaI: mu_Na + mu_I,0.0025,0.065,0.065,7.63323501743489,kJ/mol,3.0792123164229355,0.07911290606898547,7.63323501743489,3.0457662773000536,-0.03344603912288196,0.0,0.0,NaClIWater/data/S0_NaClIWater_matrix_BC_s_loss_split0.csv,0,0.13793484034967088,0.07963671720651054,0.055642287745421355,0.032125089808145636,3
NaClIWater,NaCl/NaI/water,"BC S-loss, fixed kappa_D",0.005,298.15,I,NaI,neutral ion-pair NaI: mu_Na + mu_I,0.0025,0.0675,0.0675,8.019593630745517,kJ/mol,3.2350676252068062,0.08311723092128886,8.019593630745517,3.2016215860839243,-0.03344603912288196,0.0,0.0,NaClIWater/data/S0_NaClIWater_matrix_BC_s_loss_split0.csv,0,0.14213251945555247,0.08206024836826295,0.05733561242017594,0.03310273126494063,3
NaClIWater,NaCl/NaI/water,"BC S-loss, fixed kappa_D",0.005,298.15,I,NaI,neutral ion-pair NaI: mu_Na + mu_I,0.0025,0.07,0.07,8.413032512465763,kJ/mol,3.3937790820904907,0.08719493758462704,8.413032512465763,3.360333042967609,-0.03344603912288196,0.0,0.0,NaClIWater/data/S0_NaClIWater_matrix_BC_s_loss_split0.csv,0,0.1499912238803969,0.08659747348342858,0.06050577807089069,0.034933027256756496,3
NaClIWater,NaCl/NaI/water,"BC S-loss, fixed kappa_D",0.005,298.15,I,NaI,neutral ion-pair NaI: mu_Na + mu_I,0.0025,0.07250000000000001,0.07250000000000001,8.813816545103268,kJ/mol,3.5554535394737994,0.09134877137273634,8.813816545103268,3.5220075003509175,-0.03344603912288196,0.0,0.0,NaClIWater/data/S0_NaClIWater_matrix_BC_s_loss_split0.csv,0,0.16106895211030092,0.09299320285897318,0.06497448329555569,0.037513035421145924,3
NaClIWater,NaCl/NaI/water,"BC S-loss, fixed kappa_D",0.005,298.15,I,NaI,neutral ion-pair NaI: mu_Na + mu_I,0.0025,0.07500000000000001,0.07500000000000001,9.222026672754167,kJ/mol,3.7201236498372587,0.09557957121205618,9.222026672754167,3.686677610714377,-0.03344603912288196,0.0,0.0,NaClIWater/data/S0_NaClIWater_matrix_BC_s_loss_split0.csv,0,0.17452379205883253,0.10076135832516124,0.07040210458461442,0.040646674033443325,3
NaClIWater,NaCl/NaI/water,"BC S-loss, fixed kappa_D",0.005,298.15,I,NaI,neutral ion-pair NaI: mu_Na + mu_I,0.0025,0.07750000000000001,0.07750000000000001,9.637471441201566,kJ/mol,3.8877121814198468,0.09988535281945587,9.637471441201566,3.854266142296965,-0.03344603912288196,0.0,0.0,NaClIWater/data/S0_NaClIWater_matrix_BC_s_loss_split0.csv,0,0.1893064044233159,0.1092961035531216,0.07636534323214125,0.04408955147183492,3
NaClIWater,NaCl/NaI/water,"BC S-loss, fixed kappa_D",0.005,298.15,I,NaI,neutral ion-pair NaI: mu_Na + mu_I,0.0025,0.08,0.08,10.059599284352407,kJ/mol,4.057996634966243,0.10426039961521383,10.059599284352407,4.024550595843361,-0.03344603912288196,0.0,0.0,NaClIWater/data/S0_NaClIWater_matrix_BC_s_loss_split0.csv,0,0.20433107650040083,0.11797060202131245,0.08242622766767961,0.047588804732220207,3
NaClIWater,NaCl/NaI/water,"BC S-loss, fixed kappa_D",0.005,298.15,I,NaI,neutral ion-pair NaI: mu_Na + mu_I,0.0025,0.0825,0.0825,10.487416269354355,kJ/mol,4.230576062480793,0.1086944102112284,10.487416269354355,4.197130023357911,-0.03344603912288196,0.0,0.0,NaClIWater/data/S0_NaClIWater_matrix_BC_s_loss_split0.csv,0,0.21860071302851097,0.12620918051205496,0.08818253419405717,0.05091220985476229,3
NaClIWater,NaCl/NaI/water,"BC S-loss, fixed kappa_D",0.005,298.15,I,NaI,neutral ion-pair NaI: mu_Na + mu_I,0.0025,0.085,0.085,10.91941397407915,kJ/mol,4.404841973332053,0.11317175091380706,10.91941397407915,4.371395934209171,-0.03344603912288196,0.0,0.0,NaClIWater/data/S0_NaClIWater_matrix_BC_s_loss_split0.csv,0,0.23129406661003396,0.13353769161926635,0.09330297534327686,0.05386849793063391,3
NaClIWater,NaCl/NaI/water,"BC S-loss, fixed kappa_D",0.005,298.15,I,NaI,neutral ion-pair NaI: mu_Na + mu_I,0.0025,0.0875,0.0875,11.353511895509676,kJ/mol,4.579955102057868,0.11767085882866014,11.353511895509676,4.546509062934986,-0.03344603912288196,0.0,0.0,NaClIWater/data/S0_NaClIWater_matrix_BC_s_loss_split0.csv,0,0.24182472497955357,0.13961757006365247,0.09755099507244841,0.056321093264793946,3
NaClIWater,NaCl/NaI/water,"BC S-loss, fixed kappa_D",0.005,298.15,I,NaI,neutral ion-pair NaI: mu_Na + mu_I,0.0025,0.09,0.09,11.787018309928978,kJ/mol,4.754829619543488,0.12216383620534545,11.787018309928978,4.721383580420605,-0.03344603912288196,0.0,0.0,NaClIWater/data/S0_NaClIWater_matrix_BC_s_loss_split0.csv,0,0.2498763831905518,0.14426619709919516,0.10079899740360992,0.058196328285018584,3
NaClIWater,NaCl/NaI/water,"BC S-loss, fixed kappa_D",0.005,298.15,I,NaI,neutral ion-pair NaI: mu_Na + mu_I,0.0025,0.0925,0.0925,12.2166127988666,kJ/mol,4.928126084067734,0.12661626933146408,12.2166127988666,4.8946800449448515,-0.03344603912288196,0.0,0.0,NaClIWater/data/S0_NaClIWater_matrix_BC_s_loss_split0.csv,0,0.25542653862055587,0.1474705808307523,0.10303790488112037,0.05948896211984991,3
NaClIWater,NaCl/NaI/water,"BC S-loss, fixed kappa_D",0.005,298.15,I,NaI,neutral ion-pair NaI: mu_Na + mu_I,0.0025,0.095,0.095,12.638352809872732,kJ/mol,5.098254087889477,0.13098729653029298,12.638352809872732,5.0648080487665945,-0.03344603912288196,0.0,0.0,NaClIWater/data/S0_NaClIWater_matrix_BC_s_loss_split0.csv,0,0.2588023677258967,0.149419616673459,0.10439969900059412,0.06027519432130892,3
NaClIWater,NaCl/NaI/water,"BC S-loss, fixed kappa_D",0.005,298.15,I,NaI,neutral ion-pair NaI: mu_Na + mu_I,0.0025,0.0975,0.0975,13.047705619118354,kJ/mol,5.263385150815275,0.13522993942979158,13.047705619118354,5.229939111692393,-0.03344603912288196,0.0,0.0,NaClIWater/data/S0_NaClIWater_matrix_BC_s_loss_split0.csv,0,0.26087662081232676,0.1506171872512768,0.1052364432691154,0.06075828884998256,3
NaClIWater,NaCl/NaI/water,"BC S-loss, fixed kappa_D",0.005,298.15,I,NaI,neutral ion-pair NaI: mu_Na + mu_I,0.0025,0.1,0.1,13.439606013602077,kJ/mol,5.421475988939477,0.13929170079654798,13.439606013602077,5.388029949816595,-0.03344603912288196,0.0,0.0,NaClIWater/data/S0_NaClIWater_matrix_BC_s_loss_split0.csv,0,0.2635992445710891,0.15218909481130027,0.10633473732030355,0.0613923892160854,3
NaClIWater,NaCl/NaI/water,"BC S-loss, fixed kappa_D",0.005,298.15,I,NaI,neutral ion-pair NaI: mu_Na + mu_I,0.005,0.0,0.0,0.09956197581115016,kJ/mol,0.04016284857794383,0.0010318871647996277,0.09956197581115016,0.006716809455061871,-0.03344603912288196,0.0,0.0,NaClIWater/data/S0_NaClIWater_matrix_BC_s_loss_split0.csv,0,0.10777750682767315,0.062225372579543824,0.04347695645412623,0.025101432512335417,3
NaClIWater,NaCl/NaI/water,"BC S-loss, fixed kappa_D",0.005,298.15,I,NaI,neutral ion-pair NaI: mu_Na + mu_I,0.005,0.0025,0.0025,0.32374180876098313,kJ/mol,0.13059597439367862,0.0033553474049483607,0.32374180876098313,0.09714993527079667,-0.03344603912288196,0.0,0.0,NaClIWater/data/S0_NaClIWater_matrix_BC_s_loss_split0.csv,0,0.1671038953757779,0.09647747897784044,0.06740895198275401,0.03891857657303359,3
NaClIWater,NaCl/NaI/water,"BC S-loss, fixed kappa_D",0.005,298.15,I,NaI,neutral ion-pair NaI: mu_Na + mu_I,0.005,0.005,0.005,0.5526136317851924,kJ/mol,0.22292182768243815,0.005727436695451616,0.5526136317851924,0.18947578855955619,-0.03344603912288196,0.0,0.0,NaClIWater/data/S0_NaClIWater_matrix_BC_s_loss_split0.csv,0,0.19895903441497886,0.11486905207719607,0.08025917030392851,0.04633765357990915,3
NaClIWater,NaCl/NaI/water,"BC S-loss, fixed kappa_D",0.005,298.15,I,NaI,neutral ion-pair NaI: mu_Na + mu_I,0.005,0.0075,0.0075,0.7857051085709157,kJ/mol,0.31694987012216935,0.008143259615394529,0.7857051085709157,0.2835038309992874,-0.03344603912288196,0.0,0.0,NaClIWater/data/S0_NaClIWater_matrix_BC_s_loss_split0.csv,0,0.20941231679629554,0.12090425747396442,0.08447597691109804,0.048772228009679064,3
NaClIWater,NaCl/NaI/water,"BC S-loss, fixed kappa_D",0.005,298.15,I,NaI,neutral ion-pair NaI: mu_Na + mu_I,0.005,0.01,0.01,1.0229158043217401,kJ/mol,0.41263958677243,0.010601775231464217,1.0229158043217401,0.37919354764954805,-0.03344603912288196,0.0,0.0,NaClIWater/data/S0_NaClIWater_matrix_BC_s_loss_split0.csv,0,0.20571937891927541,0.11877213879656628,0.08298626255424511,0.04791214102473438,3
NaClIWater,NaCl/NaI/water,"BC S-loss, fixed kappa_D",0.005,298.15,I,NaI,neutral ion-pair NaI: mu_Na + mu_I,0.005,0.0125,0.0125,1.2644528449295045,kJ/mol,0.5100745312766942,0.013105130252256458,1.2644528449295045,0.47662849215381226,-0.03344603912288196,0.0,0.0,NaClIWater/data/S0_NaClIWater_matrix_BC_s_loss_split0.csv,0,0.19401673830936583,0.11201561609020555,0.07826547051543087,0.045186590470336734,3
NaClIWater,NaCl/NaI/water,"BC S-loss, fixed kappa_D",0.005,298.15,I,NaI,neutral ion-pair NaI: mu_Na + mu_I,0.005,0.015,0.015,1.510758575242686,kJ/mol,0.6094331435365798,0.015657909259061853,1.510758575242686,0.5759871044136979,-0.03344603912288196,0.0,0.0,NaClIWater/data/S0_NaClIWater_matrix_BC_s_loss_split0.csv,0,0.17903004685800078,0.10336304574649807,0.07221990729170331,0.041696182915714725,3
NaClIWater,NaCl/NaI/water,"BC S-loss, fixed kappa_D",0.005,298.15,I,NaI,neutral ion-pair NaI: mu_Na + mu_I,0.005,0.0175,0.0175,1.762434534156426,kJ/mol,0.7109580816086639,0.018266346763198268,1.762434534156426,0.677512042485782,-0.03344603912288196,0.0,0.0,NaClIWater/data/S0_NaClIWater_matrix_BC_s_loss_split0.csv,0,0.16410004827166044,0.09474320704367374,0.06619721371208322,0.03821897915627443,3
NaClIWater,NaCl/NaI/water,"BC S-loss, fixed kappa_D",0.005,298.15,I,NaI,neutral ion-pair NaI: mu_Na + mu_I,0.005,0.02,0.02,2.0201660470606493,kJ/mol,0.8149258026407474,0.020937545661809054,2.0201660470606493,0.7814797635178655,-0.03344603912288196,0.0,0.0,NaClIWater/data/S0_NaClIWater_matrix_BC_s_loss_split0.csv,0,0.15133577468894777,0.08737375025468455,0.06104816375668324,0.035246173778453425,3
NaClIWater,NaCl/NaI/water,"BC S-loss, fixed kappa_D",0.005,298.15,I,NaI,neutral ion-pair NaI: mu_Na + mu_I,0.005,0.0225,0.0225,2.284651504292955,kJ/mol,0.9216180341211486,0.023678744260678286,2.284651504292955,0.8881719949982667,-0.03344603912288196,0.0,0.0,NaClIWater/data/S0_NaClIWater_matrix_BC_s_loss_split0.csv,0,0.1418490473081735,0.08189658564766593,0.057221261044176026,0.033036710467224874,3
NaClIWater,NaCl/NaI/water,"BC S-loss, fixed kappa_D",0.005,298.15,I,NaI,neutral ion-pair NaI: mu_Na + mu_I,0.005,0.025,0.025,2.556539943308239,kJ/mol,1.03129659480959,0.02649666935900541,2.556539943308239,0.9978505556867081,-0.03344603912288196,0.0,0.0,NaClIWater/data/S0_NaClIWater_matrix_BC_s_loss_split0.csv,0,0.1360191472389029,0.07853069127332393,0.05486950585049867,0.03167892397308716,3
NaClIWater,NaCl/NaI/water,"BC S-loss, fixed kappa_D",0.005,298.15,I,NaI,neutral ion-pair NaI: mu_Na + mu_I,0.005,0.0275,0.0275,2.836379915004486,kJ/mol,1.1441827676454022,0.02939700628621722,2.836379915004486,1.1107367285225203,-0.03344603912288196,0.0,0.0,NaClIWater/data/S0_NaClIWater_matrix_BC_s_loss_split0.csv,0,0.13371768581715857,0.0772019419019503,0.053941106772071055,0.03114291251524157,3
NaClIWater,NaCl/NaI/water,"BC S-loss, fixed kappa_D",0.005,298.15,I,NaI,neutral ion-pair NaI: mu_Na + mu_I,0.005,0.03,0.03,3.124581834712862,kJ/mol,1.2604421123080252,0.03238400869747693,3.124581834712862,1.2269960731851433,-0.03344603912288196,0.0,0.0,NaClIWater/data/S0_NaClIWater_matrix_BC_s_loss_split0.csv,0,0.1344543297240417,0.07762724345988618,0.0542382655763934,0.031314477230909146,3
NaClIWater,NaCl/NaI/water,"BC S-loss, fixed kappa_D",0.005,298.15,I,NaI,neutral ion-pair NaI: mu_Na + mu_I,0.005,0.0325,0.0325,3.42139511570103,kJ/mol,1.3801752409761632,0.03546026157914639,3.42139511570103,1.3467292018532813,-0.03344603912288196,0.0,0.0,NaClIWater/data/S0_NaClIWater_matrix_BC_s_loss_split0.csv,0,0.13747267085796216,0.07936988352606128,0.055455850672817844,0.032017450314091075,3
NaClIWater,NaCl/NaI/water,"BC S-loss, fixed kappa_D",0.005,298.15,I,NaI,neutral ion-pair NaI: mu_Na + mu_I,0.005,0.034999999999999996,0.034999999999999996,3.7269004491722426,kJ/mol,1.5034147041145032,0.03862660123661499,3.7269004491722426,1.4699686649916213,-0.03344603912288196,0.0,0.0,NaClIWater/data/S0_NaClIWater_matrix_BC_s_loss_split0.csv,0,0.1418536562760394,0.081899246636504,0.05722312028086743,0.033037783898029145,3
NaClIWater,NaCl/NaI/water,"BC S-loss, fixed kappa_D",0.005,298.15,I,NaI,neutral ion-pair NaI: mu_Na + mu_I,0.005,0.0375,0.0375,4.041016622868474,kJ/mol,1.6301277410672308,0.04188218596414117,4.041016622868474,1.5966817019443489,-0.03344603912288196,0.0,0.0,NaClIWater/data/S0_NaClIWater_matrix_BC_s_loss_split0.csv,0,0.1466460776929737,0.08466615243164113,0.05915636130106492,0.034153941121448594,3
NaClIWater,NaCl/NaI/water,"BC S-loss, fixed kappa_D",0.005,298.15,I,NaI,neutral ion-pair NaI: mu_Na + mu_I,0.005,0.04,0.04,4.36352038155867,kJ/mol,1.7602242916887332,0.04522470188430816,4.36352038155867,1.7267782525658513,-0.03344603912288196,0.0,0.0,NaClIWater/data/S0_NaClIWater_matrix_BC_s_loss_split0.csv,0,0.1509994229493698,0.08717955748729682,0.06091248099350445,0.03516783729860776,3
NaClIWater,NaCl/NaI/water,"BC S-loss, fixed kappa_D",0.005,298.15,I,NaI,neutral ion-pair NaI: mu_Na + mu_I,0.005,0.0425,0.0425,4.694077017227446,kJ/mol,1.8935693362867008,0.048650679992988444,4.694077017227446,1.8601232971638189,-0.03344603912288196,0.0,0.0,NaClIWater/data/S0_NaClIWater_matrix_BC_s_loss_split0.csv,0,0.1542679432921522,0.089066638587054,0.06223098724583223,0.03592907723831741,3
NaClIWater,NaCl/NaI/water,"BC S-loss, fixed kappa_D",0.005,298.15,I,NaI,neutral ion-pair NaI: mu_Na + mu_I,0.005,0.045,0.045,5.032278713219573,kJ/mol,2.0299983634757575,0.052155893568397005,5.032278713219573,1.9965523243528756,-0.03344603912288196,0.0,0.0,NaClIWater/data/S0_NaClIWater_matrix_BC_s_loss_split0.csv,0,0.15607208550654414,0.09010826058018956,0.06295877001610528,0.036349262816646126,3
NaClIWater,NaCl/NaI/water,"BC S-loss, fixed kappa_D",0.005,298.15,I,NaI,neutral ion-pair NaI: mu_Na + mu_I,0.005,0.0475,0.0475,5.377687187333151,kJ/mol,2.169334572207451,0.05573580013560785,5.377687187333151,2.135888533084569,-0.03344603912288196,0.0,0.0,NaClIWater/data/S0_NaClIWater_matrix_BC_s_loss_split0.csv,0,0.1563193637496425,0.09025102674040714,0.063058520935603,0.03640685403687005,3
NaClIWater,NaCl/NaI/water,"BC S-loss, fixed kappa_D",0.005,298.15,I,NaI,neutral ion-pair NaI: mu_Na + mu_I,0.005,0.05,0.05,5.729876908015974,kJ/mol,2.3114063049874716,0.05938598937086681,5.729876908015974,2.2779602658645897,-0.03344603912288196,0.0,0.0,NaClIWater/data/S0_NaClIWater_matrix_BC_s_loss_split0.csv,0,0.1551938508918769,0.08960121158899978,0.0626044941637286,0.036144721557909064,3
NaClIWater,NaCl/NaI/water,"BC S-loss, fixed kappa_D",0.005,298.15,I,NaI,neutral ion-pair NaI: mu_Na + mu_I,0.005,0.052500000000000005,0.052500000000000005,6.088475089591785,kJ/mol,2.4560631817681586,0.06310259762290116,6.088475089591785,2.4226171426452767,-0.03344603912288196,0.0,0.0,NaClIWater/data/S0_NaClIWater_matrix_BC_s_loss_split0.csv,0,0.1531243803776529,0.08840640223053256,0.061769679163100805,0.03566274089257307,3
NaClIWater,NaCl/NaI/water,"BC S-loss, fixed kappa_D",0.005,298.15,I,NaI,neutral ion-pair NaI: mu_Na + mu_I,0.005,0.055,0.055,6.4531948627900295,kJ/mol,2.6031894807894624,0.06688265170123486,6.4531948627900295,2.5697434416665805,-0.03344603912288196,0.0,0.0,NaClIWater/data/S0_NaClIWater_matrix_BC_s_loss_split0.csv,0,0.15073855311080944,0.08702894421578054,0.060807247286164906,0.03510708058934745,3
NaClIWater,NaCl/NaI/water,"BC S-loss, fixed kappa_D",0.005,298.15,I,NaI,neutral ion-pair NaI: mu_Na + mu_I,0.005,0.0575,0.0575,6.823858398468239,kJ/mol,2.7527134665834647,0.07072430853668266,6.823858398468239,2.719267427460583,-0.03344603912288196,0.0,0.0,NaClIWater/data/S0_NaClIWater_matrix_BC_s_loss_split0.csv,0,0.1488031408585593,0.08591153343095102,0.060026510779183105,0.03465632215687534,3
NaClIWater,NaCl/NaI/water,"BC S-loss, fixed kappa_D",0.005,298.15,I,NaI,neutral ion-pair NaI: mu_Na + mu_I,0.005,0.06,0.06,7.20040735031662,kJ/mol,2.904611602513952,0.07462696341235642,7.20040735031662,2.87116556339107,-0.03344603912288196,0.0,0.0,NaClIWater/data/S0_NaClIWater_matrix_BC_s_loss_split0.csv,0,0.14814315718488139,0.08553049167929232,0.05976027636454954,0.034502611645919105,3
NaClIWater,NaCl/NaI/water,"BC S-loss, fixed kappa_D",0.005,298.15,I,NaI,neutral ion-pair NaI: mu_Na + mu_I,0.005,0.0625,0.0625,7.58289872994532,kJ/mol,3.0589068868053664,0.07859120721195723,7.58289872994532,3.0254608476824845,-0.03344603912288196,0.0,0.0,NaClIWater/data/S0_NaClIWater_matrix_BC_s_loss_split0.csv,0,0.149529053798818,0.08633063946241762,0.06031934076033653,0.034825387625321065,3
NaClIWater,NaCl/NaI/water,"BC S-loss, fixed kappa_D",0.005,298.15,I,NaI,neutral ion-pair NaI: mu_Na + mu_I,0.005,0.065,0.065,7.971485206643936,kJ/mol,3.2156609055553176,0.08261862224117067,7.971485206643936,3.1822148664324357,-0.03344603912288196,0.0,0.0,NaClIWater/data/S0_NaClIWater_matrix_BC_s_loss_split0.csv,0,0.15353599841805957,0.08864405001696465,0.06193572400998251,0.03575860692961777,3
NaClIWater,NaCl/NaI/water,"BC S-loss, fixed kappa_D",0.005,298.15,I,NaI,neutral ion-pair NaI: mu_Na + mu_I,0.005,0.0675,0.0675,8.366379768894458,kJ/mol,3.3749595773495034,0.08671141597005771,8.366379768894458,3.3415135382266214,-0.03344603912288196,0.0,0.0,NaClIWater/data/S0_NaClIWater_matrix_BC_s_loss_split0.csv,0,0.16041073008024914,0.09261317819273625,0.0647089595199549,0.03735973519782656,3
NaClIWater,NaCl/NaI/water,"BC S-loss, fixed kappa_D",0.005,298.15,I,NaI,neutral ion-pair NaI: mu_Na + mu_I,0.005,0.07,0.07,8.767805656099506,kJ/mol,3.53689295594842,0.09087190211198504,8.767805656099506,3.503446916825538,-0.03344603912288196,0.0,0.0,NaClIWater/data/S0_NaClIWater_matrix_BC_s_loss_split0.csv,0,0.17000077399537045,0.09814999262867187,0.06857753965289094,0.03959326097895882,3
NaClIWater,NaCl/NaI/water,"BC S-loss, fixed kappa_D",0.005,298.15,I,NaI,neutral ion-pair NaI: mu_Na + mu_I,0.005,0.07250000000000001,0.07250000000000001,9.175933420667963,kJ/mol,3.7015298414187257,0.09510184831810875,9.175933420667963,3.6680838022958437,-0.03344603912288196,0.0,0.0,NaClIWater/data/S0_NaClIWater_matrix_BC_s_loss_split0.csv,0,0.1817765776071981,0.10494875601388472,0.07332784531418637,0.04233585123124074,3
NaClIWater,NaCl/NaI/water,"BC S-loss, fixed kappa_D",0.005,298.15,I,NaI,neutral ion-pair NaI: mu_Na + mu_I,0.005,0.07500000000000001,0.07500000000000001,9.590807835620375,kJ/mol,3.868888294993435,0.09940171862808711,9.590807835620375,3.835442255870553,-0.03344603912288196,0.0,0.0,NaClIWater/data/S0_NaClIWater_matrix_BC_s_loss_split0.csv,0,0.1949281441006396,0.11254181646913844,0.07863312746970276,0.04539885731185505,3
NaClIWater,NaCl/NaI/water,"BC S-loss, fixed kappa_D",0.005,298.15,I,NaI,neutral ion-pair NaI: mu_Na + mu_I,0.005,0.07750000000000001,0.07750000000000001,10.012268102721281,kJ/mol,4.03890345139512,0.10376984648564759,10.012268102721281,4.0054574122722375,-0.03344603912288196,0.0,0.0,NaClIWater/data/S0_NaClIWater_matrix_BC_s_loss_split0.csv,0,0.20849313095180888,0.12037356527921476,0.08410518151871729,0.04855814919007377,3
NaClIWater,NaCl/NaI/water,"BC S-loss, fixed kappa_D",0.005,298.15,I,NaI,neutral ion-pair NaI: mu_Na + mu_I,0.005,0.08,0.08,10.439865384915976,kJ/mol,4.2113942517956735,0.10820158002252357,10.439865384915976,4.177948212672791,-0.03344603912288196,0.0,0.0,NaClIWater/data/S0_NaClIWater_matrix_BC_s_loss_split0.csv,0,0.22148446508000938,0.12787411553526368,0.08934582666627913,0.0515838370767459,3
NaClIWater,NaCl/NaI/water,"BC S-loss, fixed kappa_D",0.005,298.15,I,NaI,neutral ion-pair NaI: mu_Na + mu_I,0.005,0.0825,0.0825,10.872782053787983,kJ/mol,4.386030868607642,0.11268844511732823,10.872782053787983,4.352584829484759,-0.03344603912288196,0.0,0.0,NaClIWater/data/S0_NaClIWater_matrix_BC_s_loss_split0.csv,0,0.2330053764269386,0.1345257168027231,0.09399330994628466,0.05426706279951138,3
NaClIWater,NaCl/NaI/water,"BC S-loss, fixed kappa_D",0.005,298.15,I,NaI,neutral ion-pair NaI: mu_Na + mu_I,0.005,0.085,0.085,11.309757194215013,kJ/mol,4.562304654400983,0.1172173733057207,11.309757194215013,4.528858615278101,-0.03344603912288196,0.0,0.0,NaClIWater/data/S0_NaClIWater_matrix_BC_s_loss_split0.csv,0,0.24234850172481617,0.1399199727085251,0.09776228423115796,0.056443081117451756,3
NaClIWater,NaCl/NaI/water,"BC S-loss, fixed kappa_D",0.005,298.15,I,NaI,neutral ion-pair NaI: mu_Na + mu_I,0.005,0.0875,0.0875,11.74902281520757,kJ/mol,4.739502409645258,0.12177004065233633,11.74902281520757,4.706056370522376,-0.03344603912288196,0.0,0.0,NaClIWater/data/S0_NaClIWater_matrix_BC_s_loss_split0.csv,0,0.2490743815256614,0.14380316122208017,0.10047547357672923,0.058009541716479755,3
NaClIWater,NaCl/NaI/water,"BC S-loss, fixed kappa_D",0.005,298.15,I,NaI,neutral ion-pair NaI: mu_Na + mu_I,0.005,0.09,0.09,12.188254926055675,kJ/mol,4.9166866470495485,0.12632236069077862,12.188254926055675,4.883240607926666,-0.03344603912288196,0.0,0.0,NaClIWater/data/S0_NaClIWater_matrix_BC_s_loss_split0.csv,0,0.25306244425805596,0.1461056703141733,0.10208423995903083,0.058938363420364806,3
NaClIWater,NaCl/NaI/water,"BC S-loss, fixed kappa_D",0.005,298.15,I,NaI,neutral ion-pair NaI: mu_Na + mu_I,0.005,0.0925,0.0925,12.624543093806341,kJ/mol,5.092683311187226,0.1308441689091069,12.624543093806341,5.059237272064344,-0.03344603912288196,0.0,0.0,NaClIWater/data/S0_NaClIWater_matrix_BC_s_loss_split0.csv,0,0.254534290820709,0.14695544132332683,0.10267797617352606,0.05928115718363126,3
NaClIWater,NaCl/NaI/water,"BC S-loss, fixed kappa_D",0.005,298.15,I,NaI,neutral ion-pair NaI: mu_Na + mu_I,0.005,0.095,0.095,13.054381396027509,kJ/mol,5.266078128882033,0.13529912898184193,13.054381396027509,5.232632089759151,-0.03344603912288196,0.0,0.0,NaClIWater/data/S0_NaClIWater_matrix_BC_s_loss_split0.csv,0,0.25407617500274865,0.1466909480325074,0.10249317433449075,0.05917446179211748,3
NaClIWater,NaCl/NaI/water,"BC S-loss, fixed kappa_D",0.005,298.15,I,NaI,neutral ion-pair NaI: mu_Na + mu_I,0.005,0.0975,0.0975,13.473682816736844,kJ/mol,5.435222416460341,0.1396448819732541,13.473682816736844,5.401776377337459,-0.03344603912288196,0.0,0.0,NaClIWater/data/S0_NaClIWater_matrix_BC_s_loss_split0.csv,0,0.25274832554093446,0.1459243137882857,0.10195752589607156,0.05886520502200516,3
NaClIWater,NaCl/NaI/water,"BC S-loss, fixed kappa_D",0.005,298.15,I,NaI,neutral ion-pair NaI: mu_Na + mu_I,0.005,0.1,0.1,13.877818143378505,kJ/mol,5.598248770614807,0.1438334494761193,13.877818143378505,5.564802731491925,-0.03344603912288196,0.0,0.0,NaClIWater/data/S0_NaClIWater_matrix_BC_s_loss_split0.csv,0,0.25246326967771326,0.14575973670892084,0.10184253565629858,0.05879881537611805,3
NaClIWater,NaCl/NaI/water,"BC S-loss, fixed kappa_D",0.005,298.15,I,NaI,neutral ion-pair NaI: mu_Na + mu_I,0.0075,0.0,0.0,0.19853121707417398,kJ/mol,0.08008659073288468,0.002057631068907995,0.19853121707417398,0.04664055161000272,-0.03344603912288196,0.0,0.0,NaClIWater/data/S0_NaClIWater_matrix_BC_s_loss_split0.csv,0,0.11681097636920874,0.06744084865106569,0.04712101701413703,0.027205331857600955,3
NaClIWater,NaCl/NaI/water,"BC S-loss, fixed kappa_D",0.005,298.15,I,NaI,neutral ion-pair NaI: mu_Na + mu_I,0.0075,0.0025,0.0025,0.4373481969964869,kJ/mol,0.17642427511808675,0.004532794647275296,0.4373481969964869,0.1429782359952048,-0.03344603912288196,0.0,0.0,NaClIWater/data/S0_NaClIWater_matrix_BC_s_loss_split0.csv,0,0.17582323962697832,0.10151159472842802,0.07092629582820136,0.04094931598903508,3
NaClIWater,NaCl/NaI/water,"BC S-loss, fixed kappa_D",0.005,298.15,I,NaI,neutral ion-pair NaI: mu_Na + mu_I,0.0075,0.005,0.005,0.6815258559692458,kJ/mol,0.2749244330703703,0.007063517748861158,0.6815258559692458,0.24147839394748835,-0.03344603912288196,0.0,0.0,NaClIWater/data/S0_NaClIWater_matrix_BC_s_loss_split0.csv,0,0.20660718131446715,0.11928471174841743,0.08334439800580401,0.04811891062409826,3
NaClIWater,NaCl/NaI/water,"BC S-loss, fixed kappa_D",0.005,298.15,I,NaI,neutral ion-pair NaI: mu_Na + mu_I,0.0075,0.0075,0.0075,0.9300141572322386,kJ/mol,0.3751634845326092,0.00963891750953394,0.9300141572322386,0.34171744540972726,-0.03344603912288196,0.0,0.0,NaClIWater/data/S0_NaClIWater_matrix_BC_s_loss_split0.csv,0,0.21648648625949307,0.12498853111783455,0.08732966472364245,0.05041980543643474,3
NaClIWater,NaCl/NaI/water,"BC S-loss, fixed kappa_D",0.005,298.15,I,NaI,neutral ion-pair NaI: mu_Na + mu_I,0.0075,0.01,0.01,1.1822314079624157,kJ/mol,0.4769067772635169,0.012252965108018543,1.1822314079624157,0.4434607381406349,-0.03344603912288196,0.0,0.0,NaClIWater/data/S0_NaClIWater_matrix_BC_s_loss_split0.csv,0,0.2124514469777366,0.12265890010232174,0.08570194821481544,0.04948004287189907,3
NaClIWater,NaCl/NaI/water,"BC S-loss, fixed kappa_D",0.005,298.15,I,NaI,neutral ion-pair NaI: mu_Na + mu_I,0.0075,0.0125,0.0125,1.4380078780915355,kJ/mol,0.5800858429249112,0.014903901416118968,1.4380078780915355,0.5466398038020293,-0.03344603912288196,0.0,0.0,NaClIWater/data/S0_NaClIWater_matrix_BC_s_loss_split0.csv,0,0.20029900697598574,0.1156426855960001,0.08079970914546777,0.04664973382557929,3
NaClIWater,NaCl/NaI/water,"BC S-loss, fixed kappa_D",0.005,298.15,I,NaI,neutral ion-pair NaI: mu_Na + mu_I,0.0075,0.015,0.015,1.6975166425376442,kJ/mol,0.6847704991521846,0.01759352022895655,1.6975166425376442,0.6513244600293027,-0.03344603912288196,0.0,0.0,NaClIWater/data/S0_NaClIWater_matrix_BC_s_loss_split0.csv,0,0.1845477494301975,0.10654869281186413,0.07444572343385797,0.042981258464554334,3
NaClIWater,NaCl/NaI/water,"BC S-loss, fixed kappa_D",0.005,298.15,I,NaI,neutral ion-pair NaI: mu_Na + mu_I,0.0075,0.0175,0.0175,1.9611960260627999,kJ/mol,0.7911375641623628,0.020326364462562193,1.9611960260627999,0.7576915250394809,-0.03344603912288196,0.0,0.0,NaClIWater/data/S0_NaClIWater_matrix_BC_s_loss_split0.csv,0,0.16850412727525024,0.09728590324192869,0.06797379916757877,0.03924469124724317,3
NaClIWater,NaCl/NaI/water,"BC S-loss, fixed kappa_D",0.005,298.15,I,NaI,neutral ion-pair NaI: mu_Na + mu_I,0.0075,0.02,0.02,2.2296682307864835,kJ/mol,0.8994380314628166,0.0231088827874828,2.2296682307864835,0.8659919923399347,-0.03344603912288196,0.0,0.0,NaClIWater/data/S0_NaClIWater_matrix_BC_s_loss_split0.csv,0,0.15439158459182598,0.0891380229247036,0.06228086358422659,0.03595787335571558,3
NaClIWater,NaCl/NaI/water,"BC S-loss, fixed kappa_D",0.005,298.15,I,NaI,neutral ion-pair NaI: mu_Na + mu_I,0.0075,0.0225,0.0225,2.5036586736775432,kJ/mol,1.0099645309620864,0.0259485936207966,2.5036586736775432,0.9765184918392045,-0.03344603912288196,0.0,0.0,NaClIWater/data/S0_NaClIWater_matrix_BC_s_loss_split0.csv,0,0.14350922714410957,0.08285509092284682,0.05789097004522404,0.03342336713925866,3
NaClIWater,NaCl/NaI/water,"BC S-loss, fixed kappa_D",0.005,298.15,I,NaI,neutral ion-pair NaI: mu_Na + mu_I,0.0075,0.025,0.025,2.7839202886005503,kJ/mol,1.1230207927593954,0.02885330057210922,2.7839202886005503,1.0895747536365135,-0.03344603912288196,0.0,0.0,NaClIWater/data/S0_NaClIWater_matrix_BC_s_loss_split0.csv,0,0.136395895316789,0.07874820687750815,0.05502148431296775,0.0317666687793047,3
NaClIWater,NaCl/NaI/water,"BC S-loss, fixed kappa_D",0.005,298.15,I,NaI,neutral ion-pair NaI: mu_Na + mu_I,0.0075,0.0275,0.0275,3.0711665387477534,kJ/mol,1.2388946246641284,0.03183039816633482,3.0711665387477534,1.2054485855412465,-0.03344603912288196,0.0,0.0,NaClIWater/data/S0_NaClIWater_matrix_BC_s_loss_split0.csv,0,0.13298731190014712,0.07678026032435467,0.053646477253168665,0.030972808083192065,3
NaClIWater,NaCl/NaI/water,"BC S-loss, fixed kappa_D",0.005,298.15,I,NaI,neutral ion-pair NaI: mu_Na + mu_I,0.0075,0.03,0.03,3.3660162089762347,kJ/mol,1.357835641675534,0.03488629965659129,3.3660162089762347,1.324389602552652,-0.03344603912288196,0.0,0.0,NaClIWater/data/S0_NaClIWater_matrix_BC_s_loss_split0.csv,0,0.13277152982045382,0.07665567848255744,0.05355943174285265,0.030922552334379367,3
NaClIWater,NaCl/NaI/water,"BC S-loss, fixed kappa_D",0.005,298.15,I,NaI,neutral ion-pair NaI: mu_Na + mu_I,0.0075,0.0325,0.0325,3.66895220786238,kJ/mol,1.4800386469187248,0.038026010037583546,3.66895220786238,1.4465926077958429,-0.03344603912288196,0.0,0.0,NaClIWater/data/S0_NaClIWater_matrix_BC_s_loss_split0.csv,0,0.13495255820299246,0.07791489580632634,0.05443924868057852,0.03143051488021299,3
NaClIWater,NaCl/NaI/water,"BC S-loss, fixed kappa_D",0.005,298.15,I,NaI,neutral ion-pair NaI: mu_Na + mu_I,0.0075,0.034999999999999996,0.034999999999999996,3.980295669934886,kJ/mol,1.6056331846031653,0.041252857634162865,3.980295669934886,1.5721871454802834,-0.03344603912288196,0.0,0.0,NaClIWater/data/S0_NaClIWater_matrix_BC_s_loss_split0.csv,0,0.13861627368786897,0.080030142927754,0.05591717485724323,0.03228379595615275,3
NaClIWater,NaCl/NaI/water,"BC S-loss, fixed kappa_D",0.005,298.15,I,NaI,neutral ion-pair NaI: mu_Na + mu_I,0.0075,0.0375,0.0375,4.3001956672287855,kJ/mol,1.7346793897103228,0.044568387469098525,4.3001956672287855,1.7012333505874409,-0.03344603912288196,0.0,0.0,NaClIWater/data/S0_NaClIWater_matrix_BC_s_loss_split0.csv,0,0.14287807801939112,0.08249069680579182,0.05763636735660087,0.03327637220844567,3
NaClIWater,NaCl/NaI/water,"BC S-loss, fixed kappa_D",0.005,298.15,I,NaI,neutral ion-pair NaI: mu_Na + mu_I,0.0075,0.04,0.04,4.628633855022614,kJ/mol,1.867169862062927,0.047972409412750494,4.628633855022614,1.833723822940045,-0.03344603912288196,0.0,0.0,NaClIWater/data/S0_NaClIWater_matrix_BC_s_loss_split0.csv,0,0.1469950729297424,0.08486764492553545,0.05929714439355162,0.03423522227779314,3
NaClIWater,NaCl/NaI/water,"BC S-loss, fixed kappa_D",0.005,298.15,I,NaI,neutral ion-pair NaI: mu_Na + mu_I,0.0075,0.0425,0.0425,4.965442457782148,kJ/mol,2.0030369217729356,0.051463184594240374,4.965442457782148,1.9695908826500534,-0.03344603912288196,0.0,0.0,NaClIWater/data/S0_NaClIWater_matrix_BC_s_loss_split0.csv,0,0.1504378264405204,0.08685531959173666,0.06068593551403746,0.0350370412050538,3
NaClIWater,NaCl/NaI/water,"BC S-loss, fixed kappa_D",0.005,298.15,I,NaI,neutral ion-pair NaI: mu_Na + mu_I,0.0075,0.045,0.045,5.310333187930614,kJ/mol,2.142164274942016,0.05503772512338401,5.310333187930614,2.108718235819134,-0.03344603912288196,0.0,0.0,NaClIWater/data/S0_NaClIWater_matrix_BC_s_loss_split0.csv,0,0.15292522958828633,0.08829142246868245,0.06168934263972082,0.035616358579173876,3
NaClIWater,NaCl/NaI/water,"BC S-loss, fixed kappa_D",0.005,298.15,I,NaI,neutral ion-pair NaI: mu_Na + mu_I,0.0075,0.0475,0.0475,5.662934037337277,kJ/mol,2.2844018551808385,0.05869217540760018,5.662934037337277,2.2509558160579566,-0.03344603912288196,0.0,0.0,NaClIWater/data/S0_NaClIWater_matrix_BC_s_loss_split0.csv,0,0.15442857564807141,0.08915937972098452,0.06229578560820832,0.03596648859027829,3
NaClIWater,NaCl/NaI/water,"BC S-loss, fixed kappa_D",0.005,298.15,I,NaI,neutral ion-pair NaI: mu_Na + mu_I,0.0075,0.05,0.05,6.022830411236257,kJ/mol,2.4295824168449935,0.06242223847493733,6.022830411236257,2.3961363777221116,-0.03344603912288196,0.0,0.0,NaClIWater/data/S0_NaClIWater_matrix_BC_s_loss_split0.csv,0,0.15515100061288836,0.08957647196889089,0.06258720855591983,0.03613474170758756,3
NaClIWater,NaCl/NaI/water,"BC S-loss, fixed kappa_D",0.005,298.15,I,NaI,neutral ion-pair NaI: mu_Na + mu_I,0.0075,0.052500000000000005,0.052500000000000005,6.389606830773159,kJ/mol,2.577538357652782,0.0662236081905121,6.389606830773159,2.5440923185299003,-0.03344603912288196,0.0,0.0,NaClIWater/data/S0_NaClIWater_matrix_BC_s_loss_split0.csv,0,0.155487601059396,0.08977080832729142,0.06272299164634401,0.036213136111395365,3
NaClIWater,NaCl/NaI/water,"BC S-loss, fixed kappa_D",0.005,298.15,I,NaI,neutral ion-pair NaI: mu_Na + mu_I,0.0075,0.055,0.055,6.762885401528333,kJ/mol,2.7281172367126767,0.07009236795465767,6.762885401528333,2.694671197589795,-0.03344603912288196,0.0,0.0,NaClIWater/data/S0_NaClIWater_matrix_BC_s_loss_split0.csv,0,0.15596996696191698,0.0900493024109598,0.06291757585928524,0.036325479359117036,3
NaClIWater,NaCl/NaI/water,"BC S-loss, fixed kappa_D",0.005,298.15,I,NaI,neutral ion-pair NaI: mu_Na + mu_I,0.0075,0.0575,0.0575,7.142357463190184,kJ/mol,2.881194541857702,0.07402531872867257,7.142357463190184,2.84774850273482,-0.03344603912288196,0.0,0.0,NaClIWater/data/S0_NaClIWater_matrix_BC_s_loss_split0.csv,0,0.15719675073005546,0.09075758634973202,0.06341245485617343,0.036611197881186726,3
NaClIWater,NaCl/NaI/water,"BC S-loss, fixed kappa_D",0.005,298.15,I,NaI,neutral ion-pair NaI: mu_Na + mu_I,0.0075,0.06,0.06,7.527805244677945,kJ/mol,3.0366824252235487,0.07802020347435246,7.527805244677945,3.003236386100667,-0.03344603912288196,0.0,0.0,NaClIWater/data/S0_NaClIWater_matrix_BC_s_loss_split0.csv,0,0.15975095819101304,0.09223225871488204,0.06444281053820282,0.037206074011567454,3
NaClIWater,NaCl/NaI/water,"BC S-loss, fixed kappa_D",0.005,298.15,I,NaI,neutral ion-pair NaI: mu_Na + mu_I,0.0075,0.0625,0.0625,7.919110988315109,kJ/mol,3.1945333838986683,0.08207580171938389,7.919110988315109,3.1610873447757863,-0.03344603912288196,0.0,0.0,NaClIWater/data/S0_NaClIWater_matrix_BC_s_loss_split0.csv,0,0.16410792908884947,0.09474775703559926,0.06620039279792257,0.03822081460233956,3
NaClIWater,NaCl/NaI/water,"BC S-loss, fixed kappa_D",0.005,298.15,I,NaI,neutral ion-pair NaI: mu_Na + mu_I,0.0075,0.065,0.065,8.316251757907246,kJ/mol,3.3547381655264625,0.08619187574686293,8.316251757907246,3.3212921264035806,-0.03344603912288196,0.0,0.0,NaClIWater/data/S0_NaClIWater_matrix_BC_s_loss_split0.csv,0,0.1705462895095809,0.09846494615764838,0.06879759813220165,0.03972031180122632,3
NaClIWater,NaCl/NaI/water,"BC S-loss, fixed kappa_D",0.005,298.15,I,NaI,neutral ion-pair NaI: mu_Na + mu_I,0.0075,0.0675,0.0675,8.719279057714537,kJ/mol,3.517317546691426,0.09036895936083056,8.719279057714537,3.4838715075685442,-0.03344603912288196,0.0,0.0,NaClIWater/data/S0_NaClIWater_matrix_BC_s_loss_split0.csv,0,0.17908196929129164,0.10339302317733552,0.07224085256532875,0.041708275675080626,3
NaClIWater,NaCl/NaI/water,"BC S-loss, fixed kappa_D",0.005,298.15,I,NaI,neutral ion-pair NaI: mu_Na + mu_I,0.0075,0.07,0.07,9.128283331358599,kJ/mol,3.6823080119394915,0.09460798994336983,9.128283331358599,3.6488619728166096,-0.03344603912288196,0.0,0.0,NaClIWater/data/S0_NaClIWater_matrix_BC_s_loss_split0.csv,0,0.18944371238836163,0.10937537834370263,0.07642073264123816,0.04412153056208728,3
NaClIWater,NaCl/NaI/water,"BC S-loss, fixed kappa_D",0.005,298.15,I,NaI,neutral ion-pair NaI: mu_Na + mu_I,0.0075,0.07250000000000001,0.07250000000000001,9.543344386019982,kJ/mol,3.849741755124607,0.09890979463762051,9.543344386019982,3.8162957160017252,-0.03344603912288196,0.0,0.0,NaClIWater/data/S0_NaClIWater_matrix_BC_s_loss_split0.csv,0,0.20109591472157207,0.11610278049743367,0.081121178108451,0.04683533401789376,3
NaClIWater,NaCl/NaI/water,"BC S-loss, fixed kappa_D",0.005,298.15,I,NaI,neutral ion-pair NaI: mu_Na + mu_I,0.0075,0.07500000000000001,0.07500000000000001,9.964469712768732,kJ/mol,4.019621798110386,0.10327445108305255,9.964469712768732,3.9861757589875038,-0.03344603912288196,0.0,0.0,NaClIWater/data/S0_NaClIWater_matrix_BC_s_loss_split0.csv,0,0.21330078003431144,0.12314926277116686,0.08604456531000176,0.04967785294403385,3
NaClIWater,NaCl/NaI/water,"BC S-loss, fixed kappa_D",0.005,298.15,I,NaI,neutral ion-pair NaI: mu_Na + mu_I,0.0075,0.07750000000000001,0.07750000000000001,10.39152351241508,kJ/mol,4.191893360120819,0.10770055182024409,10.39152351241508,4.1584473209979365,-0.03344603912288196,0.0,0.0,NaClIWater/data/S0_NaClIWater_matrix_BC_s_loss_split0.csv,0,0.22520606460799902,0.1300227820245645,0.09084710300287925,0.05245059937381,3
NaClIWater,NaCl/NaI/water,"BC S-loss, fixed kappa_D",0.005,298.15,I,NaI,neutral ion-pair NaI: mu_Na + mu_I,0.0075,0.08,0.08,10.82414993723751,kJ/mol,4.366412893802216,0.11218440874745285,10.82414993723751,4.332966854679333,-0.03344603912288196,0.0,0.0,NaClIWater/data/S0_NaClIWater_matrix_BC_s_loss_split0.csv,0,0.23594649383969318,0.13622377173269523,0.09517974334453756,0.05495205044136826,3
NaClIWater,NaCl/NaI/water,"BC S-loss, fixed kappa_D",0.005,298.15,I,NaI,neutral ion-pair NaI: mu_Na + mu_I,0.0075,0.0825,0.0825,11.261694579978348,kJ/mol,4.542916414240817,0.11671923941139539,11.261694579978348,4.509470375117934,-0.03344603912288196,0.0,0.0,NaClIWater/data/S0_NaClIWater_matrix_BC_s_loss_split0.csv,0,0.24474995784237982,0.14130645404444755,0.09873102071544818,0.05700238138743052,3
NaClIWater,NaCl/NaI/water,"BC S-loss, fixed kappa_D",0.005,298.15,I,NaI,neutral ion-pair NaI: mu_Na + mu_I,0.0075,0.085,0.085,11.703128560698067,kJ/mol,4.720988875944811,0.12129438022293472,11.703128560698067,4.687542836821929,-0.03344603912288196,0.0,0.0,NaClIWater/data/S0_NaClIWater_matrix_BC_s_loss_split0.csv,0,0.25103978097735763,0.14493788512458214,0.10126830678368928,0.05846728418194062,3
NaClIWater,NaCl/NaI/water,"BC S-loss, fixed kappa_D",0.005,298.15,I,NaI,neutral ion-pair NaI: mu_Na + mu_I,0.0075,0.0875,0.0875,12.146979666582318,kJ/mol,4.900036394955434,0.12589457277147176,12.146979666582318,4.866590355832551,-0.03344603912288196,0.0,0.0,NaClIWater/data/S0_NaClIWater_matrix_BC_s_loss_split0.csv,0,0.25452208099497475,0.14694839197715243,0.10267305078531311,0.059278313509420644,3
NaClIWater,NaCl/NaI/water,"BC S-loss, fixed kappa_D",0.005,298.15,I,NaI,neutral ion-pair NaI: mu_Na + mu_I,0.0075,0.09,0.09,12.591274851932074,kJ/mol,5.079263053604301,0.13049936787933805,12.591274851932074,5.045817014481418,-0.03344603912288196,0.0,0.0,NaClIWater/data/S0_NaClIWater_matrix_BC_s_loss_split0.csv,0,0.25524561364505,0.14736612374744085,0.10296492056822353,0.05944682460715229,3
NaClIWater,NaCl/NaI/water,"BC S-loss, fixed kappa_D",0.005,298.15,I,NaI,neutral ion-pair NaI: mu_Na + mu_I,0.0075,0.0925,0.0925,13.033498060566671,kJ/mol,5.257653886262472,0.13508268846180727,13.033498060566671,5.224207847139589,-0.03344603912288196,0.0,0.0,NaClIWater/data/S0_NaClIWater_matrix_BC_s_loss_split0.csv,0,0.2536266686223162,0.14643142540276227,0.10231184550342795,0.05906977154269153,3
NaClIWater,NaCl/NaI/water,"BC S-loss, fixed kappa_D",0.005,298.15,I,NaI,neutral ion-pair NaI: mu_Na + mu_I,0.0075,0.095,0.095,13.470566768135853,kJ/mol,5.433965416615737,0.13961258640529195,13.470566768135853,5.400519377492855,-0.03344603912288196,0.0,0.0,NaClIWater/data/S0_NaClIWater_matrix_BC_s_loss_split0.csv,0,0.25045452349707076,0.14459998656079326,0.10103221657587265,0.05833097743690465,3
NaClIWater,NaCl/NaI/water,"BC S-loss, fixed kappa_D",0.005,298.15,I,NaI,neutral ion-pair NaI: mu_Na + mu_I,0.0075,0.0975,0.0975,13.898829887885876,kJ/mol,5.606724812860179,0.14405122086213853,13.898829887885876,5.573278773737297,-0.03344603912288196,0.0,0.0,NaClIWater/data/S0_NaClIWater_matrix_BC_s_loss_split0.csv,0,0.24694947518525237,0.14257634597444227,0.09961829601574888,0.057514650020904445,3
NaClIWater,NaCl/NaI/water,"BC S-loss, fixed kappa_D",0.005,298.15,I,NaI,neutral ion-pair NaI: mu_Na + mu_I,0.0075,0.1,0.1,14.314088812334678,kJ/mol,5.77423837581831,0.1483550763322228,14.314088812334678,5.740792336695428,-0.03344603912288196,0.0,0.0,NaClIWater/data/S0_NaClIWater_matrix_BC_s_loss_split0.csv,0,0.2450411876761289,0.14147459566735862,0.09884850150687456,0.05707020895398516,3
NaClIWater,NaCl/NaI/water,"BC S-loss, fixed kappa_D",0.005,298.15,I,NaI,neutral ion-pair NaI: mu_Na + mu_I,0.01,0.0,0.0,0.3261355726258835,kJ/mol,0.13156160785820234,0.003380157019137187,0.3261355726258835,0.09811556873532037,-0.03344603912288196,0.0,0.0,NaClIWater/data/S0_NaClIWater_matrix_BC_s_loss_split0.csv,0,0.11136491871736337,0.06429656579975054,0.044924102107258265,0.025936942444727794,3
NaClIWater,NaCl/NaI/water,"BC S-loss, fixed kappa_D",0.005,298.15,I,NaI,neutral ion-pair NaI: mu_Na + mu_I,0.01,0.0025,0.0025,0.574159384171443,kJ/mol,0.23161328627932493,0.005950742683126009,0.574159384171443,0.19816724715644296,-0.03344603912288196,0.0,0.0,NaClIWater/data/S0_NaClIWater_matrix_BC_s_loss_split0.csv,0,0.1709825354438725,0.09871681286524453,0.06897357775955366,0.0398219136864499,3
NaClIWater,NaCl/NaI/water,"BC S-loss, fixed kappa_D",0.005,298.15,I,NaI,neutral ion-pair NaI: mu_Na + mu_I,0.01,0.005,0.005,0.8290455435258888,kJ/mol,0.33443320462027665,0.00859245157027999,0.8290455435258888,0.3009871654973947,-0.03344603912288196,0.0,0.0,NaClIWater/data/S0_NaClIWater_matrix_BC_s_loss_split0.csv,0,0.20253297508274526,0.11693246768379875,0.08170088172735711,0.04717002605831941,3
NaClIWater,NaCl/NaI/water,"BC S-loss, fixed kappa_D",0.005,298.15,I,NaI,neutral ion-pair NaI: mu_Na + mu_I,0.01,0.0075,0.0075,1.0891429747180663,kJ/mol,0.4393553263376893,0.0112881714840114,1.0891429747180663,0.40590928721480735,-0.03344603912288196,0.0,0.0,NaClIWater/data/S0_NaClIWater_matrix_BC_s_loss_split0.csv,0,0.21382510249028283,0.12345198048226412,0.08625607460593185,0.0497999678929752,3
NaClIWater,NaCl/NaI/water,"BC S-loss, fixed kappa_D",0.005,298.15,I,NaI,neutral ion-pair NaI: mu_Na + mu_I,0.01,0.01,0.01,1.3533467808620454,kJ/mol,0.5459339410490367,0.014026450975052285,1.3533467808620454,0.5124879019261548,-0.03344603912288196,0.0,0.0,NaClIWater/data/S0_NaClIWater_matrix_BC_s_loss_split0.csv,0,0.2115089225865619,0.12211473339135924,0.08532173815876382,0.04926052849368906,3
NaClIWater,NaCl/NaI/water,"BC S-loss, fixed kappa_D",0.005,298.15,I,NaI,neutral ion-pair NaI: mu_Na + mu_I,0.01,0.0125,0.0125,1.6210526307709432,kJ/mol,0.6539252642999429,0.016801026592020207,1.6210526307709432,0.620479225177061,-0.03344603912288196,0.0,0.0,NaClIWater/data/S0_NaClIWater_matrix_BC_s_loss_split0.csv,0,0.20103921870188438,0.116070047035205,0.08109830719176682,0.04682212948798954,3
NaClIWater,NaCl/NaI/water,"BC S-loss, fixed kappa_D",0.005,298.15,I,NaI,neutral ion-pair NaI: mu_Na + mu_I,0.01,0.015,0.015,1.892093947735787,kJ/mol,0.7632620998030244,0.01961017188898495,1.892093947735787,0.7298160606801425,-0.03344603912288196,0.0,0.0,NaClIWater/data/S0_NaClIWater_matrix_BC_s_loss_split0.csv,0,0.186706652514542,0.10779513608876475,0.07531661512684178,0.043484068017933544,3
NaClIWater,NaCl/NaI/water,"BC S-loss, fixed kappa_D",0.005,298.15,I,NaI,neutral ion-pair NaI: mu_Na + mu_I,0.01,0.0175,0.0175,2.166666215465905,kJ/mol,0.8740233047982388,0.02245591291182336,2.166666215465905,0.8405772656753568,-0.03344603912288196,0.0,0.0,NaClIWater/data/S0_NaClIWater_matrix_BC_s_loss_split0.csv,0,0.17170815929259295,0.09913575198963369,0.06926629112249438,0.03999091182533912,3
NaClIWater,NaCl/NaI/water,"BC S-loss, fixed kappa_D",0.005,298.15,I,NaI,neutral ion-pair NaI: mu_Na + mu_I,0.01,0.02,0.02,2.445243110801145,kJ/mol,0.9863999583701333,0.02534315897503347,2.445243110801145,0.9529539192472514,-0.03344603912288196,0.0,0.0,NaClIWater/data/S0_NaClIWater_matrix_BC_s_loss_split0.csv,0,0.15824279516134052,0.09136152038371877,0.06383442442595381,0.03685482212588926,3
NaClIWater,NaCl/NaI/water,"BC S-loss, fixed kappa_D",0.005,298.15,I,NaI,neutral ion-pair NaI: mu_Na + mu_I,0.01,0.0225,0.0225,2.7284893237796077,kJ/mol,1.100660193459361,0.028278799105407867,2.7284893237796077,1.067214154336479,-0.03344603912288196,0.0,0.0,NaClIWater/data/S0_NaClIWater_matrix_BC_s_loss_split0.csv,0,0.14762383447296712,0.08523066057177232,0.059550783942650766,0.03438166113974266,3
NaClIWater,NaCl/NaI/water,"BC S-loss, fixed kappa_D",0.005,298.15,I,NaI,neutral ion-pair NaI: mu_Na + mu_I,0.01,0.025,0.025,3.0171748150649402,kJ/mol,1.2171146086985134,0.031270813382889166,3.0171748150649402,1.1836685695756315,-0.03344603912288196,0.0,0.0,NaClIWater/data/S0_NaClIWater_matrix_BC_s_loss_split0.csv,0,0.1404077791036165,0.08106446906179049,0.056639860000371696,0.03270103841807732,3
NaClIWater,NaCl/NaI/water,"BC S-loss, fixed kappa_D",0.005,298.15,I,NaI,neutral ion-pair NaI: mu_Na + mu_I,0.01,0.0275,0.0275,3.312094918753249,kJ/mol,1.3360840382475252,0.03432744486451611,3.312094918753249,1.3026379991246433,-0.03344603912288196,0.0,0.0,NaClIWater/data/S0_NaClIWater_matrix_BC_s_loss_split0.csv,0,0.13654943902331637,0.0788368553778041,0.055083423146393966,0.03180242918145662,3
NaClIWater,NaCl/NaI/water,"BC S-loss, fixed kappa_D",0.005,298.15,I,NaI,neutral ion-pair NaI: mu_Na + mu_I,0.01,0.03,0.03,3.614000118708513,kJ/mol,1.4578712238865148,0.0374564717674275,3.614000118708513,1.424425184763633,-0.03344603912288196,0.0,0.0,NaClIWater/data/S0_NaClIWater_matrix_BC_s_loss_split0.csv,0,0.13558448961490224,0.07827974157710184,0.05469416694029953,0.03157769200608426,3
NaClIWater,NaCl/NaI/water,"BC S-loss, fixed kappa_D",0.005,298.15,I,NaI,neutral ion-pair NaI: mu_Na + mu_I,0.01,0.0325,0.0325,3.9235385802808707,kJ/mol,1.5827376325721085,0.04066461185209391,3.9235385802808707,1.5492915934492266,-0.03344603912288196,0.0,0.0,NaClIWater/data/S0_NaClIWater_matrix_BC_s_loss_split0.csv,0,0.1368186904593762,0.07899230776689294,0.05519203795207422,0.03186513796875409,3
NaClIWater,NaCl/NaI/water,"BC S-loss, fixed kappa_D",0.005,298.15,I,NaI,neutral ion-pair NaI: mu_Na + mu_I,0.01,0.034999999999999996,0.034999999999999996,4.241213609736261,kJ/mol,1.7108862957646866,0.04395708152037514,4.241213609736261,1.6774402566418047,-0.03344603912288196,0.0,0.0,NaClIWater/data/S0_NaClIWater_matrix_BC_s_loss_split0.csv,0,0.13949212798041974,0.08053581763932907,0.05627049049849547,0.03248778283673864,3
NaClIWater,NaCl/NaI/water,"BC S-loss, fixed kappa_D",0.005,298.15,I,NaI,neutral ion-pair NaI: mu_Na + mu_I,0.01,0.0375,0.0375,4.567357224432639,kJ/mol,1.842451147757579,0.047337321889699524,4.567357224432639,1.809005108634697,-0.03344603912288196,0.0,0.0,NaClIWater/data/S0_NaClIWater_matrix_BC_s_loss_split0.csv,0,0.1429001686238906,0.08250345082224615,0.05764527860606399,0.03328151712072202,3
NaClIWater,NaCl/NaI/water,"BC S-loss, fixed kappa_D",0.005,298.15,I,NaI,neutral ion-pair NaI: mu_Na + mu_I,0.01,0.04,0.04,4.902119985933704,kJ/mol,1.9774929244013473,0.050806893420713095,4.902119985933704,1.9440468852784654,-0.03344603912288196,0.0,0.0,NaClIWater/data/S0_NaClIWater_matrix_BC_s_loss_split0.csv,0,0.1464721987119834,0.08456576335515997,0.05908621931033493,0.034113444624219134,3
NaClIWater,NaCl/NaI/water,"BC S-loss, fixed kappa_D",0.005,298.15,I,NaI,neutral ion-pair NaI: mu_Na + mu_I,0.01,0.0425,0.0425,5.245476239504114,kJ/mol,2.116001276692344,0.0543655302208208,5.245476239504114,2.082555237569462,-0.03344603912288196,0.0,0.0,NaClIWater/data/S0_NaClIWater_matrix_BC_s_loss_split0.csv,0,0.14981715001179466,0.0864969718885322,0.060435557463383846,0.03489248537010976,3
NaClIWater,NaCl/NaI/water,"BC S-loss, fixed kappa_D",0.005,298.15,I,NaI,neutral ion-pair NaI: mu_Na + mu_I,0.01,0.045,0.045,5.597242957848772,kJ/mol,2.257902372251503,0.05801133534578184,5.597242957848772,2.224456333128621,-0.03344603912288196,0.0,0.0,NaClIWater/data/S0_NaClIWater_matrix_BC_s_loss_split0.csv,0,0.15274293559406338,0.08818617498204617,0.06161580607089533,0.0355739022213672,3
NaClIWater,NaCl/NaI/water,"BC S-loss, fixed kappa_D",0.005,298.15,I,NaI,neutral ion-pair NaI: mu_Na + mu_I,0.01,0.0475,0.0475,5.957109597149812,kJ/mol,2.4030709391139795,0.061741090235727825,5.957109597149812,2.3696248999910976,-0.03344603912288196,0.0,0.0,NaClIWater/data/S0_NaClIWater_matrix_BC_s_loss_split0.csv,0,0.15525347816460064,0.08963563741095787,0.06262854753456648,0.036158608778037234,3
NaClIWater,NaCl/NaI/water,"BC S-loss, fixed kappa_D",0.005,298.15,I,NaI,neutral ion-pair NaI: mu_Na + mu_I,0.01,0.05,0.05,6.324675714035726,kJ/mol,2.5513454402435407,0.06555064458757442,6.324675714035726,2.517899401120659,-0.03344603912288196,0.0,0.0,NaClIWater/data/S0_NaClIWater_matrix_BC_s_loss_split0.csv,0,0.15752574405190212,0.09094753073266178,0.06354516926708016,0.036687820582049065,3
NaClIWater,NaCl/NaI/water,"BC S-loss, fixed kappa_D",0.005,298.15,I,NaI,neutral ion-pair NaI: mu_Na + mu_I,0.01,0.052500000000000005,0.052500000000000005,6.699492672142685,kJ/mol,2.702544897769869,0.06943534861306944,6.699492672142685,2.6690988586469873,-0.03344603912288196,0.0,0.0,NaClIWater/data/S0_NaClIWater_matrix_BC_s_loss_split0.csv,0,0.15986959755033398,0.09230075518092246,0.06449066911659053,0.03723370517468263,3
NaClIWater,NaCl/NaI/water,"BC S-loss, fixed kappa_D",0.005,298.15,I,NaI,neutral ion-pair NaI: mu_Na + mu_I,0.01,0.055,0.055,7.081105549959091,kJ/mol,2.856485798422598,0.07339048738299425,7.081105549959091,2.823039759299716,-0.03344603912288196,0.0,0.0,NaClIWater/data/S0_NaClIWater_matrix_BC_s_loss_split0.csv,0,0.16267416965358691,0.09391997563969726,0.0656220207575275,0.03788689134912571,3
NaClIWater,NaCl/NaI/water,"BC S-loss, fixed kappa_D",0.005,298.15,I,NaI,neutral ion-pair NaI: mu_Na + mu_I,0.01,0.0575,0.0575,7.469091392577216,kJ/mol,3.0129975241140903,0.07741167727863285,7.469091392577216,2.9795514849912084,-0.03344603912288196,0.0,0.0,NaClIWater/data/S0_NaClIWater_matrix_BC_s_loss_split0.csv,0,0.16634523219057912,0.09603946458364165,0.06710291070162673,0.03874188355699162,3
NaClIWater,NaCl/NaI/water,"BC S-loss, fixed kappa_D",0.005,298.15,I,NaI,neutral ion-pair NaI: mu_Na + mu_I,0.01,0.06,0.06,7.863090214441197,kJ/mol,3.171934858307082,0.08149518731261196,7.863090214441197,3.1384888191842,-0.03344603912288196,0.0,0.0,NaClIWater/data/S0_NaClIWater_matrix_BC_s_loss_split0.csv,0,0.17123893778802154,0.09886484682765982,0.06907700929995012,0.03988162991414048,3
NaClIWater,NaCl/NaI/water,"BC S-loss, fixed kappa_D",0.005,298.15,I,NaI,neutral ion-pair NaI: mu_Na + mu_I,0.01,0.0625,0.0625,8.262825626367814,kJ/mol,3.3331863068611267,0.08563815291290666,8.262825626367814,3.299740267738245,-0.03344603912288196,0.0,0.0,NaClIWater/data/S0_NaClIWater_matrix_BC_s_loss_split0.csv,0,0.17759848226333874,0.1025365315424076,0.07164242064003212,0.04136277084191895,3
NaClIWater,NaCl/NaI/water,"BC S-loss, fixed kappa_D",0.005,298.15,I,NaI,neutral ion-pair NaI: mu_Na + mu_I,0.01,0.065,0.065,8.668112641627504,kJ/mol,3.4966772469702,0.08983865682716896,8.668112641627504,3.463231207847318,-0.03344603912288196,0.0,0.0,NaClIWater/data/S0_NaClIWater_matrix_BC_s_loss_split0.csv,0,0.18550145219528766,0.10709931336001582,0.07483044279514664,0.04320337629135681,3
NaClIWater,NaCl/NaI/water,"BC S-loss, fixed kappa_D",0.005,298.15,I,NaI,neutral ion-pair NaI: mu_Na + mu_I,0.01,0.0675,0.0675,9.078851022036964,kJ/mol,3.6623672430066945,0.09409566015983728,9.078851022036964,3.6289212038838126,-0.03344603912288196,0.0,0.0,NaClIWater/data/S0_NaClIWater_matrix_BC_s_loss_split0.csv,0,0.19482574253169987,0.11248269489574565,0.07859181914216103,0.04537500793782905,3
NaClIWater,NaCl/NaI/water,"BC S-loss, fixed kappa_D",0.005,298.15,I,NaI,neutral ion-pair NaI: mu_Na + mu_I,0.01,0.07,0.07,9.495003452189902,kJ/mol,3.8302412421052936,0.09840877616397847,9.495003452189902,3.7967952029824117,-0.03344603912288196,0.0,0.0,NaClIWater/data/S0_NaClIWater_matrix_BC_s_loss_split0.csv,0,0.20524010656917946,0.11849543077622325,0.0827929262662931,0.04780051826684116,3
NaClIWater,NaCl/NaI/water,"BC S-loss, fixed kappa_D",0.005,298.15,I,NaI,neutral ion-pair NaI: mu_Na + mu_I,0.01,0.07250000000000001,0.07250000000000001,9.916558805040742,kJ/mol,4.00029475566638,0.10277788951589173,9.916558805040742,3.9668487165434985,-0.03344603912288196,0.0,0.0,NaClIWater/data/S0_NaClIWater_matrix_BC_s_loss_split0.csv,0,0.2162220826931492,0.12483587764763121,0.0872230055265741,0.050358225720295774,3
NaClIWater,NaCl/NaI/water,"BC S-loss, fixed kappa_D",0.005,298.15,I,NaI,neutral ion-pair NaI: mu_Na + mu_I,0.01,0.07500000000000001,0.07500000000000001,10.343481733371013,kJ/mol,4.1725135247826595,0.1072026338674732,10.343481733371013,4.139067485659777,-0.03344603912288196,0.0,0.0,NaClIWater/data/S0_NaClIWater_matrix_BC_s_loss_split0.csv,0,0.22710257880467535,0.13111773500653753,0.09161214821101656,0.0528922984306703,3
NaClIWater,NaCl/NaI/water,"BC S-loss, fixed kappa_D",0.005,298.15,I,NaI,neutral ion-pair NaI: mu_Na + mu_I,0.01,0.07750000000000001,0.07750000000000001,10.775650745245427,kJ/mol,4.346848540159562,0.11168175004354453,10.775650745245427,4.31340250103668,-0.03344603912288196,0.0,0.0,NaClIWater/data/S0_NaClIWater_matrix_BC_s_loss_split0.csv,0,0.2371338060044398,0.13690926673062384,0.0956586996759985,0.0552285760082673,3
NaClIWater,NaCl/NaI/water,"BC S-loss, fixed kappa_D",0.005,298.15,I,NaI,neutral ion-pair NaI: mu_Na + mu_I,0.01,0.08,0.08,11.212787728715863,kJ/mol,4.52318761270111,0.11621235561688083,11.212787728715863,4.489741573578228,-0.03344603912288196,0.0,0.0,NaClIWater/data/S0_NaClIWater_matrix_BC_s_loss_split0.csv,0,0.2455753448390611,0.14178299144916712,0.09906397807889797,0.05719461441084693,3
NaClIWater,NaCl/NaI/water,"BC S-loss, fixed kappa_D",0.005,298.15,I,NaI,neutral ion-pair NaI: mu_Na + mu_I,0.01,0.0825,0.0825,11.65438256304312,kJ/mol,4.701324962019378,0.12078916355858384,11.65438256304312,4.667878922896496,-0.03344603912288196,0.0,0.0,NaClIWater/data/S0_NaClIWater_matrix_BC_s_loss_split0.csv,0,0.25179117265691486,0.14537170131304133,0.1015714147724863,0.058642283660866094,3
NaClIWater,NaCl/NaI/water,"BC S-loss, fixed kappa_D",0.005,298.15,I,NaI,neutral ion-pair NaI: mu_Na + mu_I,0.01,0.085,0.085,12.099616918939294,kJ/mol,4.880930477798564,0.12540369248324623,12.099616918939294,4.847484438675681,-0.03344603912288196,0.0,0.0,NaClIWater/data/S0_NaClIWater_matrix_BC_s_loss_split0.csv,0,0.25534791846076277,0.147425189460332,0.10300618986595296,0.05947065144730564,3
NaClIWater,NaCl/NaI/water,"BC S-loss, fixed kappa_D",0.005,298.15,I,NaI,neutral ion-pair NaI: mu_Na + mu_I,0.01,0.0875,0.0875,12.547291627292731,kJ/mol,5.061520420668708,0.13004351387883162,12.547291627292731,5.028074381545825,-0.03344603912288196,0.0,0.0,NaClIWater/data/S0_NaClIWater_matrix_BC_s_loss_split0.csv,0,0.2561016343444366,0.1478603475286636,0.1033102354281284,0.059646192234473545,3
NaClIWater,NaCl/NaI/water,"BC S-loss, fixed kappa_D",0.005,298.15,I,NaI,neutral ion-pair NaI: mu_Na + mu_I,0.01,0.09,0.09,12.995762021110366,kJ/mol,5.242431339439078,0.1346915819731294,12.995762021110366,5.208985300316195,-0.03344603912288196,0.0,0.0,NaClIWater/data/S0_NaClIWater_matrix_BC_s_loss_split0.csv,0,0.2542586315553666,0.1467962893722768,0.10256677647863412,0.059216956009851586,3
NaClIWater,NaCl/NaI/water,"BC S-loss, fixed kappa_D",0.005,298.15,I,NaI,neutral ion-pair NaI: mu_Na + mu_I,0.01,0.0925,0.0925,13.442885468761803,kJ/mol,5.422798906247266,0.13932568995414843,13.442885468761803,5.3893528671243836,-0.03344603912288196,0.0,0.0,NaClIWater/data/S0_NaClIWater_matrix_BC_s_loss_split0.csv,0,0.25040019666779684,0.14456862095128775,0.10101030137983455,0.058318324692572705,3
NaClIWater,NaCl/NaI/water,"BC S-loss, fixed kappa_D",0.005,298.15,I,NaI,neutral ion-pair NaI: mu_Na + mu_I,0.01,0.095,0.095,13.885984904467096,kJ/mol,5.601543204923699,0.1439180919902583,13.885984904467096,5.5680971658008165,-0.03344603912288196,0.0,0.0,NaClIWater/data/S0_NaClIWater_matrix_BC_s_loss_split0.csv,0,0.2454820000513152,0.14172909881083456,0.09902632321573115,0.05717287436546127,3
NaClIWater,NaCl/NaI/water,"BC S-loss, fixed kappa_D",0.005,298.15,I,NaI,neutral ion-pair NaI: mu_Na + mu_I,0.01,0.0975,0.0975,14.321831535546055,kJ/mol,5.777361755174595,0.14843532400345796,14.321831535546055,5.7439157160517125,-0.03344603912288196,0.0,0.0,NaClIWater/data/S0_NaClIWater_matrix_BC_s_loss_split0.csv,0,0.24087334003836747,0.13906828771175572,0.09716721071078908,0.05609951526027917,3
NaClIWater,NaCl/NaI/water,"BC S-loss, fixed kappa_D",0.005,298.15,I,NaI,neutral ion-pair NaI: mu_Na + mu_I,0.01,0.1,0.1,14.746649135301004,kJ/mol,5.948731244311358,0.15283824816197014,14.746649135301004,5.915285205188476,-0.03344603912288196,0.0,0.0,NaClIWater/data/S0_NaClIWater_matrix_BC_s_loss_split0.csv,0,0.23859504158321185,0.13775291148537733,0.09624815546781813,0.05556889846834975,3
NaClIWater,NaCl/NaI/water,"BC S-loss, fixed kappa_D",0.005,298.15,I,NaI,neutral ion-pair NaI: mu_Na + mu_I,0.0125,0.0,0.0,0.47915128319910183,kJ/mol,0.19328745011604948,0.00496605310513587,0.47915128319910183,0.1598414109931675,-0.03344603912288196,0.0,0.0,NaClIWater/data/S0_NaClIWater_matrix_BC_s_loss_split0.csv,0,0.10206906011338124,0.05892959933239276,0.04117419499189648,0.023771932562237575,3
NaClIWater,NaCl/NaI/water,"BC S-loss, fixed kappa_D",0.005,298.15,I,NaI,neutral ion-pair NaI: mu_Na + mu_I,0.0125,0.0025,0.0025,0.7318167979602984,kJ/mol,0.29521157051991254,0.007584746632915085,0.7318167979602984,0.26176553139703057,-0.03344603912288196,0.0,0.0,NaClIWater/data/S0_NaClIWater_matrix_BC_s_loss_split0.csv,0,0.15965743493609624,0.09217826303848033,0.06440508368219051,0.03718429240109307,3
NaClIWater,NaCl/NaI/water,"BC S-loss, fixed kappa_D",0.005,298.15,I,NaI,neutral ion-pair NaI: mu_Na + mu_I,0.0125,0.005,0.005,0.9935414709208858,kJ/mol,0.40079011417162186,0.010297331719129943,0.9935414709208858,0.3673440750487399,-0.03344603912288196,0.0,0.0,NaClIWater/data/S0_NaClIWater_matrix_BC_s_loss_split0.csv,0,0.19231184299742707,0.11103129432291757,0.07757772349457501,0.04478951954271124,3
NaClIWater,NaCl/NaI/water,"BC S-loss, fixed kappa_D",0.005,298.15,I,NaI,neutral ion-pair NaI: mu_Na + mu_I,0.0125,0.0075,0.0075,1.2620625204873523,kJ/mol,0.5091102852596765,0.013080356285172456,1.2620625204873523,0.47566424613679453,-0.03344603912288196,0.0,0.0,NaClIWater/data/S0_NaClIWater_matrix_BC_s_loss_split0.csv,0,0.2060185305242388,0.1189448540562204,0.08310693895217824,0.047981813575565906,3
NaClIWater,NaCl/NaI/water,"BC S-loss, fixed kappa_D",0.005,298.15,I,NaI,neutral ion-pair NaI: mu_Na + mu_I,0.0125,0.01,0.01,1.535722755891079,kJ/mol,0.6195035805592003,0.01591664475904508,1.535722755891079,0.5860575414363184,-0.03344603912288196,0.0,0.0,NaClIWater/data/S0_NaClIWater_matrix_BC_s_loss_split0.csv,0,0.2066164300402015,0.11929005150270983,0.08334812889973398,0.04812106465671304,3
NaClIWater,NaCl/NaI/water,"BC S-loss, fixed kappa_D",0.005,298.15,I,NaI,neutral ion-pair NaI: mu_Na + mu_I,0.0125,0.0125,0.0125,1.8134382520919348,kJ/mol,0.7315327496349546,0.01879496304934491,1.8134382520919348,0.6980867105120727,-0.03344603912288196,0.0,0.0,NaClIWater/data/S0_NaClIWater_matrix_BC_s_loss_split0.csv,0,0.19907188412254842,0.11493420588623933,0.08030469336311108,0.046363936330382535,3
NaClIWater,NaCl/NaI/water,"BC S-loss, fixed kappa_D",0.005,298.15,I,NaI,neutral ion-pair NaI: mu_Na + mu_I,0.0125,0.015,0.015,2.0946448069524477,kJ/mol,0.8449701959087277,0.02170946361297865,2.0946448069524477,0.8115241567858458,-0.03344603912288196,0.0,0.0,NaClIWater/data/S0_NaClIWater_matrix_BC_s_loss_split0.csv,0,0.18737957612153444,0.10818364871440589,0.07558806945176817,0.043640792245502484,3
NaClIWater,NaCl/NaI/water,"BC S-loss, fixed kappa_D",0.005,298.15,I,NaI,neutral ion-pair NaI: mu_Na + mu_I,0.0125,0.0175,0.0175,2.379227293726722,kJ/mol,0.9597694777744241,0.024658953245307202,2.379227293726722,0.9263234386515422,-0.03344603912288196,0.0,0.0,NaClIWater/data/S0_NaClIWater_matrix_BC_s_loss_split0.csv,0,0.17456862431332368,0.10078724223936009,0.0704201897123338,0.040657115486800434,3
NaClIWater,NaCl/NaI/water,"BC S-loss, fixed kappa_D",0.005,298.15,I,NaI,neutral ion-pair NaI: mu_Na + mu_I,0.0125,0.02,0.02,2.667436620185578,kJ/mol,1.0760318102865303,0.027646032422126154,2.667436620185578,1.0425857711636484,-0.03344603912288196,0.0,0.0,NaClIWater/data/S0_NaClIWater_matrix_BC_s_loss_split0.csv,0,0.16274743394508778,0.09396227479811728,0.0656515752397659,0.037903954637401815,3
NaClIWater,NaCl/NaI/water,"BC S-loss, fixed kappa_D",0.005,298.15,I,NaI,neutral ion-pair NaI: mu_Na + mu_I,0.0125,0.0225,0.0225,2.9597993396320867,kJ/mol,1.1939696026545579,0.03067615848385685,2.9597993396320867,1.160523563531676,-0.03344603912288196,0.0,0.0,NaClIWater/data/S0_NaClIWater_matrix_BC_s_loss_split0.csv,0,0.15317972060369733,0.08843835292493632,0.06179200315879073,0.03567562965749403,3
NaClIWater,NaCl/NaI/water,"BC S-loss, fixed kappa_D",0.005,298.15,I,NaI,neutral ion-pair NaI: mu_Na + mu_I,0.0125,0.025,0.025,3.2570250411874184,kJ/mol,1.3138690999052243,0.03375668580349611,3.2570250411874184,1.2804230607823424,-0.03344603912288196,0.0,0.0,NaClIWater/data/S0_NaClIWater_matrix_BC_s_loss_split0.csv,0,0.14640358215846752,0.08452614756951672,0.05905853970447803,0.034097463796326596,3
NaClIWater,NaCl/NaI/water,"BC S-loss, fixed kappa_D",0.005,298.15,I,NaI,neutral ion-pair NaI: mu_Na + mu_I,0.0125,0.0275,0.0275,3.559916446046992,kJ/mol,1.4360541161207558,0.03689593399997193,3.559916446046992,1.402608076997874,-0.03344603912288196,0.0,0.0,NaClIWater/data/S0_NaClIWater_matrix_BC_s_loss_split0.csv,0,0.14240193837104909,0.0822157974516497,0.057444294786299456,0.033165479058278206,3
NaClIWater,NaCl/NaI/water,"BC S-loss, fixed kappa_D",0.005,298.15,I,NaI,neutral ion-pair NaI: mu_Na + mu_I,0.0125,0.03,0.03,3.8692867129169524,kJ/mol,1.5608526758277717,0.04010233086938797,3.8692867129169524,1.5274066367048897,-0.03344603912288196,0.0,0.0,NaClIWater/data/S0_NaClIWater_matrix_BC_s_loss_split0.csv,0,0.14080494169692845,0.0812937709919512,0.05680007358558886,0.03279353777463028,3
NaClIWater,NaCl/NaI/water,"BC S-loss, fixed kappa_D",0.005,298.15,I,NaI,neutral ion-pair NaI: mu_Na + mu_I,0.0125,0.0325,0.0325,4.185887785112638,kJ/mol,1.688568109542436,0.043383669755030496,4.185887785112638,1.6551220704195542,-0.03344603912288196,0.0,0.0,NaClIWater/data/S0_NaClIWater_matrix_BC_s_loss_split0.csv,0,0.14107975772343176,0.08145243609883052,0.056910933121765345,0.032857542557684014,3
NaClIWater,NaCl/NaI/water,"BC S-loss, fixed kappa_D",0.005,298.15,I,NaI,neutral ion-pair NaI: mu_Na + mu_I,0.0125,0.034999999999999996,0.034999999999999996,4.510352777073245,kJ/mol,1.8194558127523017,0.04674651242567052,4.510352777073245,1.7860097736294198,-0.03344603912288196,0.0,0.0,NaClIWater/data/S0_NaClIWater_matrix_BC_s_loss_split0.csv,0,0.14267069601457377,0.08237096474948544,0.05755271039831511,0.0332280728410598,3
NaClIWater,NaCl/NaI/water,"BC S-loss, fixed kappa_D",0.005,298.15,I,NaI,neutral ion-pair NaI: mu_Na + mu_I,0.0125,0.0375,0.0375,4.843154422059131,kJ/mol,1.9537064839062366,0.050195758416293756,4.843154422059131,1.9202604447833547,-0.03344603912288196,0.0,0.0,NaClIWater/data/S0_NaClIWater_matrix_BC_s_loss_split0.csv,0,0.14508362231639724,0.08376406839937794,0.05852607390280896,0.033790044522398685,3
NaClIWater,NaCl/NaI/water,"BC S-loss, fixed kappa_D",0.005,298.15,I,NaI,neutral ion-pair NaI: mu_Na + mu_I,0.0125,0.04,0.04,5.184580544443391,kJ/mol,2.0914362300483162,0.05373439081631659,5.184580544443391,2.0579901909254343,-0.03344603912288196,0.0,0.0,NaClIWater/data/S0_NaClIWater_matrix_BC_s_loss_split0.csv,0,0.14793065080207646,0.08540780106197537,0.05967455225547167,0.03445311880846696,3
NaClIWater,NaCl/NaI/water,"BC S-loss, fixed kappa_D",0.005,298.15,I,NaI,neutral ion-pair NaI: mu_Na + mu_I,0.0125,0.0425,0.0425,5.534726453625193,kJ/mol,2.232683498557026,0.057363397438052736,5.534726453625193,2.199237459434144,-0.03344603912288196,0.0,0.0,NaClIWater/data/S0_NaClIWater_matrix_BC_s_loss_split0.csv,0,0.15095239745671488,0.08715240730645372,0.06089351112347706,0.03515688503904095,3
NaClIWater,NaCl/NaI/water,"BC S-loss, fixed kappa_D",0.005,298.15,I,NaI,neutral ion-pair NaI: mu_Na + mu_I,0.0125,0.045,0.045,5.8935031140549645,kJ/mol,2.377412372896295,0.061081855493057446,5.8935031140549645,2.343966333773413,-0.03344603912288196,0.0,0.0,NaClIWater/data/S0_NaClIWater_matrix_BC_s_loss_split0.csv,0,0.15402629165886952,0.08892712095152813,0.062133506075163644,0.03587279645819098,3
NaClIWater,NaCl/NaI/water,"BC S-loss, fixed kappa_D",0.005,298.15,I,NaI,neutral ion-pair NaI: mu_Na + mu_I,0.0125,0.0475,0.0475,6.260659010294999,kJ/mol,2.5255213928815765,0.06488715820751167,6.260659010294999,2.4920753537586946,-0.03344603912288196,0.0,0.0,NaClIWater/data/S0_NaClIWater_matrix_BC_s_loss_split0.csv,0,0.15716228094804696,0.09073768521181051,0.06339854990276098,0.036603169852590975,3
NaClIWater,NaCl/NaI/water,"BC S-loss, fixed kappa_D",0.005,298.15,I,NaI,neutral ion-pair NaI: mu_Na + mu_I,0.0125,0.05,0.05,6.635812828173259,kJ/mol,2.676856738108772,0.06877535353851272,6.635812828173259,2.64341069898589,-0.03344603912288196,0.0,0.0,NaClIWater/data/S0_NaClIWater_matrix_BC_s_loss_split0.csv,0,0.16048505490890622,0.09265608965256888,0.06473894181806247,0.037377045485709894,3
NaClIWater,NaCl/NaI/water,"BC S-loss, fixed kappa_D",0.005,298.15,I,NaI,neutral ion-pair NaI: mu_Na + mu_I,0.0125,0.052500000000000005,0.052500000000000005,7.018493472068491,kJ/mol,2.831228370745184,0.07274155892400813,7.018493472068491,2.7977823316223023,-0.03344603912288196,0.0,0.0,NaClIWater/data/S0_NaClIWater_matrix_BC_s_loss_split0.csv,0,0.16420301898933498,0.09480265721524178,0.06623875163163769,0.038242961085310785,3
NaClIWater,NaCl/NaI/water,"BC S-loss, fixed kappa_D",0.005,298.15,I,NaI,neutral ion-pair NaI: mu_Na + mu_I,0.0125,0.055,0.055,7.408183548412911,kJ/mol,2.98842757657689,0.07678041195754304,7.408183548412911,2.954981537454008,-0.03344603912288196,0.0,0.0,NaClIWater/data/S0_NaClIWater_matrix_BC_s_loss_split0.csv,0,0.168566373518643,0.09732184112730755,0.0679989090192824,0.03925918842688357,3
NaClIWater,NaCl/NaI/water,"BC S-loss, fixed kappa_D",0.005,298.15,I,NaI,neutral ion-pair NaI: mu_Na + mu_I,0.0125,0.0575,0.0575,7.804362290548943,kJ/mol,3.148244280700873,0.08088651527305046,7.804362290548943,3.114798241577991,-0.03344603912288196,0.0,0.0,NaClIWater/data/S0_NaClIWater_matrix_BC_s_loss_split0.csv,0,0.1738185070622088,0.10035416184250513,0.07011759582217873,0.04048241282286427,3
NaClIWater,NaCl/NaI/water,"BC S-loss, fixed kappa_D",0.005,298.15,I,NaI,neutral ion-pair NaI: mu_Na + mu_I,0.0125,0.06,0.06,8.206544015734922,kJ/mol,3.3104825609063533,0.08505483512362844,8.206544015734922,3.2770365217834714,-0.03344603912288196,0.0,0.0,NaClIWater/data/S0_NaClIWater_matrix_BC_s_loss_split0.csv,0,0.18014605041587958,0.10400737070105598,0.07267009805521867,0.041956100674217,3
NaClIWater,NaCl/NaI/water,"BC S-loss, fixed kappa_D",0.005,298.15,I,NaI,neutral ion-pair NaI: mu_Na + mu_I,0.0125,0.0625,0.0625,8.614308504606157,kJ/mol,3.474972902611324,0.08928101624246665,8.614308504606157,3.441526863488442,-0.03344603912288196,0.0,0.0,NaClIWater/data/S0_NaClIWater_matrix_BC_s_loss_split0.csv,0,0.18763335719910493,0.10833016928785644,0.07569044358513938,0.043699897978962406,3
NaClIWater,NaCl/NaI/water,"BC S-loss, fixed kappa_D",0.005,298.15,I,NaI,neutral ion-pair NaI: mu_Na + mu_I,0.0125,0.065,0.065,9.027320276801102,kJ/mol,3.641579974562543,0.09356158162063366,9.027320276801102,3.608133935439661,-0.03344603912288196,0.0,0.0,NaClIWater/data/S0_NaClIWater_matrix_BC_s_loss_split0.csv,0,0.19622694061476256,0.11329167698618989,0.07915705608105511,0.045701347636655475,3
NaClIWater,NaCl/NaI/water,"BC S-loss, fixed kappa_D",0.005,298.15,I,NaI,neutral ion-pair NaI: mu_Na + mu_I,0.0125,0.0675,0.0675,9.445334433044732,kJ/mol,3.8102049855054214,0.09789399305600455,9.445334433044732,3.7767589463825395,-0.03344603912288196,0.0,0.0,NaClIWater/data/S0_NaClIWater_matrix_BC_s_loss_split0.csv,0,0.20571468647778213,0.11876942961420699,0.08298436964467203,0.04791104815288281,3
NaClIWater,NaCl/NaI/water,"BC S-loss, fixed kappa_D",0.005,298.15,I,NaI,neutral ion-pair NaI: mu_Na + mu_I,0.0125,0.07,0.07,9.868187627393622,kJ/mol,3.9807820424287175,0.10227655758717447,9.868187627393622,3.9473360033058356,-0.03344603912288196,0.0,0.0,NaClIWater/data/S0_NaClIWater_matrix_BC_s_loss_split0.csv,0,0.2157235706320945,0.124548061574987,0.08702190802665721,0.0502421220245854,3
NaClIWater,NaCl/NaI/water,"BC S-loss, fixed kappa_D",0.005,298.15,I,NaI,neutral ion-pair NaI: mu_Na + mu_I,0.0125,0.07250000000000001,0.07250000000000001,10.295773680661629,kJ/mol,4.153268313131275,0.1067081747444263,10.295773680661629,4.119822274008393,-0.03344603912288196,0.0,0.0,NaClIWater/data/S0_NaClIWater_matrix_BC_s_loss_split0.csv,0,0.22573821358086732,0.130330018377299,0.09106176948015708,0.052574537122252345,3
NaClIWater,NaCl/NaI/water,"BC S-loss, fixed kappa_D",0.005,298.15,I,NaI,neutral ion-pair NaI: mu_Na + mu_I,0.0125,0.07500000000000001,0.07500000000000001,10.728004360720831,kJ/mol,4.327628205173668,0.111187930066194,10.728004360720831,4.294182166050786,-0.03344603912288196,0.0,0.0,NaClIWater/data/S0_NaClIWater_matrix_BC_s_loss_split0.csv,0,0.2351409654208427,0.13575869968323204,0.0948547968411368,0.0547644424901576,3
NaClIWater,NaCl/NaI/water,"BC S-loss, fixed kappa_D",0.005,298.15,I,NaI,neutral ion-pair NaI: mu_Na + mu_I,0.0125,0.07750000000000001,0.07750000000000001,11.164756807798614,kJ/mol,4.503812157481964,0.11571455020066425,11.164756807798614,4.470366118359082,-0.03344603912288196,0.0,0.0,NaClIWater/data/S0_NaClIWater_matrix_BC_s_loss_split0.csv,0,0.24327227855606012,0.14045331551071494,0.09813493160673283,0.05665822918005271,3
NaClIWater,NaCl/NaI/water,"BC S-loss, fixed kappa_D",0.005,298.15,I,NaI,neutral ion-pair NaI: mu_Na + mu_I,0.0125,0.08,0.08,11.605810027068891,kJ/mol,4.681731021747643,0.12028574469786692,11.605810027068891,4.6482849826247605,-0.03344603912288196,0.0,0.0,NaClIWater/data/S0_NaClIWater_matrix_BC_s_loss_split0.csv,0,0.2495079157664619,0.14405346233270924,0.10065035931925054,0.05811051204700186,3
NaClIWater,NaCl/NaI/water,"BC S-loss, fixed kappa_D",0.005,298.15,I,NaI,neutral ion-pair NaI: mu_Na + mu_I,0.0125,0.0825,0.0825,12.050773624671434,kJ/mol,4.861227314861652,0.12489746741056251,12.050773624671434,4.8277812757387695,-0.03344603912288196,0.0,0.0,NaClIWater/data/S0_NaClIWater_matrix_BC_s_loss_split0.csv,0,0.2533469490945189,0.1462699292580909,0.10219900791711378,0.05900462473185834,3
NaClIWater,NaCl/NaI/water,"BC S-loss, fixed kappa_D",0.005,298.15,I,NaI,neutral ion-pair NaI: mu_Na + mu_I,0.0125,0.085,0.085,12.499012593764828,kJ/mol,5.042044877949984,0.12954313695661315,12.499012593764828,5.008598838827101,-0.03344603912288196,0.0,0.0,NaClIWater/data/S0_NaClIWater_matrix_BC_s_loss_split0.csv,0,0.25450154806953473,0.14693653728712236,0.10266476789650346,0.05927353138133672,3
NaClIWater,NaCl/NaI/water,"BC S-loss, fixed kappa_D",0.005,298.15,I,NaI,neutral ion-pair NaI: mu_Na + mu_I,0.0125,0.0875,0.0875,12.949572389642938,kJ/mol,5.223798652016159,0.13421286017728565,12.949572389642938,5.190352612893276,-0.03344603912288196,0.0,0.0,NaClIWater/data/S0_NaClIWater_matrix_BC_s_loss_split0.csv,0,0.2529765551006362,0.1460560821860165,0.10204959266325503,0.058918359794821955,3
NaClIWater,NaCl/NaI/water,"BC S-loss, fixed kappa_D",0.005,298.15,I,NaI,neutral ion-pair NaI: mu_Na + mu_I,0.0125,0.09,0.09,13.401108703711978,kJ/mol,5.405946349082721,0.13889270429581302,13.401108703711978,5.372500309959839,-0.03344603912288196,0.0,0.0,NaClIWater/data/S0_NaClIWater_matrix_BC_s_loss_split0.csv,0,0.24912536080680855,0.14383259412377358,0.10049603838706596,0.058021414815263496,3
NaClIWater,NaCl/NaI/water,"BC S-loss, fixed kappa_D",0.005,298.15,I,NaI,neutral ion-pair NaI: mu_Na + mu_I,0.0125,0.0925,0.0925,13.851826345499942,kJ/mol,5.5877637974715935,0.14356406347405937,13.851826345499942,5.554317758348711,-0.03344603912288196,0.0,0.0,NaClIWater/data/S0_NaClIWater_matrix_BC_s_loss_split0.csv,0,0.24367340913255192,0.14068490835703268,0.09829674585833226,0.05675165268177236,3
NaClIWater,NaCl/NaI/water,"BC S-loss, fixed kappa_D",0.005,298.15,I,NaI,neutral ion-pair NaI: mu_Na + mu_I,0.0125,0.095,0.095,14.299431350684145,kJ/mol,5.768325622400037,0.1482031624472029,14.299431350684145,5.734879583277155,-0.03344603912288196,0.0,0.0,NaClIWater/data/S0_NaClIWater_matrix_BC_s_loss_split0.csv,0,0.2377225960011315,0.13724920479370992,0.09589621488487886,0.05536570547805101,3
NaClIWater,NaCl/NaI/water,"BC S-loss, fixed kappa_D",0.005,298.15,I,NaI,neutral ion-pair NaI: mu_Na + mu_I,0.0125,0.0975,0.0975,14.741099962657401,kJ/mol,5.946492733285416,0.15278073504032363,14.741099962657401,5.913046694162533,-0.03344603912288196,0.0,0.0,NaClIWater/data/S0_NaClIWater_matrix_BC_s_loss_split0.csv,0,0.23280464359077946,0.13440982364573142,0.09391233523241826,0.05422031202666307,3
NaClIWater,NaCl/NaI/water,"BC S-loss, fixed kappa_D",0.005,298.15,I,NaI,neutral ion-pair NaI: mu_Na + mu_I,0.0125,0.1,0.1,15.173467460816251,kJ/mol,6.12090781712743,0.15726190838176993,15.173467460816251,6.087461778004547,-0.03344603912288196,0.0,0.0,NaClIWater/data/S0_NaClIWater_matrix_BC_s_loss_split0.csv,0,0.23113880279391244,0.13344805001323318,0.09324034262545722,0.05383233691414067,3
NaClIWater,NaCl/NaI/water,"BC S-loss, fixed kappa_D",0.005,298.15,I,NaI,neutral ion-pair NaI: mu_Na + mu_I,0.015,0.0,0.0,0.6543415169499595,kJ/mol,0.26395839425054995,0.0067817719288427725,0.6543415169499595,0.23051235512766802,-0.03344603912288196,0.0,0.0,NaClIWater/data/S0_NaClIWater_matrix_BC_s_loss_split0.csv,0,0.09789983074454273,0.05652249363398055,0.03949234681177404,0.022800917062707805,3
NaClIWater,NaCl/NaI/water,"BC S-loss, fixed kappa_D",0.005,298.15,I,NaI,neutral ion-pair NaI: mu_Na + mu_I,0.015,0.0025,0.0025,0.9079804804099108,kJ/mol,0.3662751994356054,0.009410554541432248,0.9079804804099108,0.3328291603127234,-0.03344603912288196,0.0,0.0,NaClIWater/data/S0_NaClIWater_matrix_BC_s_loss_split0.csv,0,0.14747539275330976,0.08514495770496917,0.05949090322754162,0.03434708899275513,3
NaClIWater,NaCl/NaI/water,"BC S-loss, fixed kappa_D",0.005,298.15,I,NaI,neutral ion-pair NaI: mu_Na + mu_I,0.015,0.005,0.005,1.1734177521637188,kJ/mol,0.4733513885684129,0.012161618002664909,1.1734177521637188,0.43990534944553095,-0.03344603912288196,0.0,0.0,NaClIWater/data/S0_NaClIWater_matrix_BC_s_loss_split0.csv,0,0.1802689176950652,0.10407830815776839,0.07271966215726594,0.04198471652187614,3
NaClIWater,NaCl/NaI/water,"BC S-loss, fixed kappa_D",0.005,298.15,I,NaI,neutral ion-pair NaI: mu_Na + mu_I,0.015,0.0075,0.0075,1.4477826746032982,kJ/mol,0.5840289514157149,0.01500521004300026,1.4477826746032982,0.550582912292833,-0.03344603912288196,0.0,0.0,NaClIWater/data/S0_NaClIWater_matrix_BC_s_loss_split0.csv,0,0.19654499036695386,0.11347530309623322,0.07928535590569662,0.04577542157494923,3
NaClIWater,NaCl/NaI/water,"BC S-loss, fixed kappa_D",0.005,298.15,I,NaI,neutral ion-pair NaI: mu_Na + mu_I,0.015,0.01,0.01,1.7288514962879098,kJ/mol,0.6974108367522645,0.017918283102858368,1.7288514962879098,0.6639647976293825,-0.03344603912288196,0.0,0.0,NaClIWater/data/S0_NaClIWater_matrix_BC_s_loss_split0.csv,0,0.20053645730438682,0.11577977760702163,0.08089549552884012,0.04670503611980401,3
NaClIWater,NaCl/NaI/water,"BC S-loss, fixed kappa_D",0.005,298.15,I,NaI,neutral ion-pair NaI: mu_Na + mu_I,0.015,0.0125,0.0125,2.015030504943111,kJ/mol,0.8128541482892552,0.020884319518472694,2.015030504943111,0.7794081091663733,-0.03344603912288196,0.0,0.0,NaClIWater/data/S0_NaClIWater_matrix_BC_s_loss_split0.csv,0,0.19648815641487138,0.1134424899986993,0.07926242934771126,0.04576218492052479,3
NaClIWater,NaCl/NaI/water,"BC S-loss, fixed kappa_D",0.005,298.15,I,NaI,neutral ion-pair NaI: mu_Na + mu_I,0.015,0.015,0.015,2.3053143616496827,kJ/mol,0.9299533368754855,0.023892899686188684,2.3053143616496827,0.8965072977526036,-0.03344603912288196,0.0,0.0,NaClIWater/data/S0_NaClIWater_matrix_BC_s_loss_split0.csv,0,0.18800894753267486,0.10854701646804807,0.0758419550188131,0.04378737314597924,3
NaClIWater,NaCl/NaI/water,"BC S-loss, fixed kappa_D",0.005,298.15,I,NaI,neutral ion-pair NaI: mu_Na + mu_I,0.015,0.0175,0.0175,2.5992234284420905,kJ/mol,1.0485149187353975,0.026939052508794248,2.5992234284420905,1.0150688796125156,-0.03344603912288196,0.0,0.0,NaClIWater/data/S0_NaClIWater_matrix_BC_s_loss_split0.csv,0,0.1779088187438177,0.1027157043929515,0.07176760896591801,0.04143504835556856,3
NaClIWater,NaCl/NaI/water,"BC S-loss, fixed kappa_D",0.005,298.15,I,NaI,neutral ion-pair NaI: mu_Na + mu_I,0.015,0.02,0.02,2.8967246614563904,kJ/mol,1.1685255641244454,0.030022435510772993,2.8967246614563904,1.1350795250015635,-0.03344603912288196,0.0,0.0,NaClIWater/data/S0_NaClIWater_matrix_BC_s_loss_split0.csv,0,0.1681661987543423,0.09709080011941564,0.0678374803379772,0.03916598753427708,3
NaClIWater,NaCl/NaI/water,"BC S-loss, fixed kappa_D",0.005,298.15,I,NaI,neutral ion-pair NaI: mu_Na + mu_I,0.015,0.0225,0.0225,3.198141168707179,kJ/mol,1.2901156133473375,0.03314639747071624,3.198141168707179,1.2566695742244556,-0.03344603912288196,0.0,0.0,NaClIWater/data/S0_NaClIWater_matrix_BC_s_loss_split0.csv,0,0.1599696353513698,0.09235851203227963,0.06453102391090179,0.037257004026041325,3
NaClIWater,NaCl/NaI/water,"BC S-loss, fixed kappa_D",0.005,298.15,I,NaI,neutral ion-pair NaI: mu_Na + mu_I,0.015,0.025,0.025,3.5040557894789575,kJ/mol,1.4135201811226996,0.036316979092134716,3.5040557894789575,1.3800741419998177,-0.03344603912288196,0.0,0.0,NaClIWater/data/S0_NaClIWater_matrix_BC_s_loss_split0.csv,0,0.15383437919563517,0.08881632023921894,0.06205608945965043,0.03582809995438468,3
NaClIWater,NaCl/NaI/water,"BC S-loss, fixed kappa_D",0.005,298.15,I,NaI,neutral ion-pair NaI: mu_Na + mu_I,0.015,0.0275,0.0275,3.8152140367027556,kJ/mol,1.5390400039788894,0.03954190707207772,3.8152140367027556,1.5055939648560075,-0.03344603912288196,0.0,0.0,NaClIWater/data/S0_NaClIWater_matrix_BC_s_loss_split0.csv,0,0.14978593186945946,0.08647894808565137,0.060422964206638244,0.03488521464993771,3
NaClIWater,NaCl/NaI/water,"BC S-loss, fixed kappa_D",0.005,298.15,I,NaI,neutral ion-pair NaI: mu_Na + mu_I,0.015,0.03,0.03,4.1324314448792645,kJ/mol,1.6670040648272488,0.04282963383002425,4.1324314448792645,1.633558025704367,-0.03344603912288196,0.0,0.0,NaClIWater/data/S0_NaClIWater_matrix_BC_s_loss_split0.csv,0,0.14756932308401102,0.08519918840668463,0.059528794296075466,0.034368965411373034,3
NaClIWater,NaCl/NaI/water,"BC S-loss, fixed kappa_D",0.005,298.15,I,NaI,neutral ion-pair NaI: mu_Na + mu_I,0.015,0.0325,0.0325,4.456509833043778,kJ/mol,1.7977358138227102,0.04618846963467149,4.456509833043778,1.7642897746998283,-0.03344603912288196,0.0,0.0,NaClIWater/data/S0_NaClIWater_matrix_BC_s_loss_split0.csv,0,0.14682729916634718,0.08477078069807627,0.0592294652198539,0.03419614768864023,3
NaClIWater,NaCl/NaI/water,"BC S-loss, fixed kappa_D",0.005,298.15,I,NaI,neutral ion-pair NaI: mu_Na + mu_I,0.015,0.034999999999999996,0.034999999999999996,4.78816622673391,kJ/mol,1.9315244958085886,0.04962584593204156,4.78816622673391,1.8980784566857067,-0.03344603912288196,0.0,0.0,NaClIWater/data/S0_NaClIWater_matrix_BC_s_loss_split0.csv,0,0.14721309893689205,0.08499352229945364,0.059385095094005885,0.03428600063837582,3
NaClIWater,NaCl/NaI/water,"BC S-loss, fixed kappa_D",0.005,298.15,I,NaI,neutral ion-pair NaI: mu_Na + mu_I,0.015,0.0375,0.0375,5.127977254566655,kJ/mol,2.0686027201484634,0.05314773905661241,5.127977254566655,2.0351566810255814,-0.03344603912288196,0.0,0.0,NaClIWater/data/S0_NaClIWater_matrix_BC_s_loss_split0.csv,0,0.14844118793805544,0.08570255981486415,0.059880500615964546,0.034572023149836685,3
NaClIWater,NaCl/NaI/water,"BC S-loss, fixed kappa_D",0.005,298.15,I,NaI,neutral ion-pair NaI: mu_Na + mu_I,0.015,0.04,0.04,5.476340786099076,kJ/mol,2.2091309856135153,0.05675827263576138,5.476340786099076,2.1756849464906334,-0.03344603912288196,0.0,0.0,NaClIWater/data/S0_NaClIWater_matrix_BC_s_loss_split0.csv,0,0.15030085049430836,0.08677623649231864,0.06063068003982929,0.03500513944214551,3
NaClIWater,NaCl/NaI/water,"BC S-loss, fixed kappa_D",0.005,298.15,I,NaI,neutral ion-pair NaI: mu_Na + mu_I,0.015,0.0425,0.0425,5.833455457278179,kJ/mol,2.353189421042056,0.06045950538600664,5.833455457278179,2.319743381919174,-0.03344603912288196,0.0,0.0,NaClIWater/data/S0_NaClIWater_matrix_BC_s_loss_split0.csv,0,0.15265630648445314,0.08813615964229303,0.06158086028176867,0.035553726260607876,3
NaClIWater,NaCl/NaI/water,"BC S-loss, fixed kappa_D",0.005,298.15,I,NaI,neutral ion-pair NaI: mu_Na + mu_I,0.015,0.045,0.045,6.199317634256439,kJ/mol,2.5007765605565084,0.06425139964517257,6.199317634256439,2.4673305214336265,-0.03344603912288196,0.0,0.0,NaClIWater/data/S0_NaClIWater_matrix_BC_s_loss_split0.csv,0,0.15544508188788161,0.08974625987217187,0.06270583960578535,0.03620323337616167,3
NaClIWater,NaCl/NaI/water,"BC S-loss, fixed kappa_D",0.005,298.15,I,NaI,neutral ion-pair NaI: mu_Na + mu_I,0.015,0.0475,0.0475,6.573734305170111,kJ/mol,2.6518145440481895,0.06813195498625646,6.573734305170111,2.6183685049253076,-0.03344603912288196,0.0,0.0,NaClIWater/data/S0_NaClIWater_matrix_BC_s_loss_split0.csv,0,0.15867563009835536,0.09161141775111896,0.0640090280725059,0.036955629588227595,3
NaClIWater,NaCl/NaI/water,"BC S-loss, fixed kappa_D",0.005,298.15,I,NaI,neutral ion-pair NaI: mu_Na + mu_I,0.015,0.05,0.05,6.956349467413819,kJ/mol,2.8061597616839613,0.07209748170225794,6.956349467413819,2.7727137225610794,-0.03344603912288196,0.0,0.0,NaClIWater/data/S0_NaClIWater_matrix_BC_s_loss_split0.csv,0,0.1624201429078508,0.09377331322966516,0.06551954752273466,0.03782772839943334,3
NaClIWater,NaCl/NaI/water,"BC S-loss, fixed kappa_D",0.005,298.15,I,NaI,neutral ion-pair NaI: mu_Na + mu_I,0.015,0.052500000000000005,0.052500000000000005,7.346680809010224,kJ/mol,2.9636176510040566,0.07614298098178551,7.346680809010224,2.9301716118811747,-0.03344603912288196,0.0,0.0,NaClIWater/data/S0_NaClIWater_matrix_BC_s_loss_split0.csv,0,0.16679836151494115,0.0963010789210398,0.06728570101180593,0.038847417591778836,3
NaClIWater,NaCl/NaI/water,"BC S-loss, fixed kappa_D",0.005,298.15,I,NaI,neutral ion-pair NaI: mu_Na + mu_I,0.015,0.055,0.055,7.74416293856167,kJ/mol,3.1239601356881095,0.08026259295593263,7.74416293856167,3.0905140965652276,-0.03344603912288196,0.0,0.0,NaClIWater/data/S0_NaClIWater_matrix_BC_s_loss_split0.csv,0,0.17195070895557382,0.09927578810284754,0.06936413455426207,0.04004740175700863,3
NaClIWater,NaCl/NaI/water,"BC S-loss, fixed kappa_D",0.005,298.15,I,NaI,neutral ion-pair NaI: mu_Na + mu_I,0.015,0.0575,0.0575,8.148193084305124,kJ/mol,3.286944060346238,0.08445007033560614,8.148193084305124,3.253498021223356,-0.03344603912288196,0.0,0.0,NaClIWater/data/S0_NaClIWater_matrix_BC_s_loss_split0.csv,0,0.17800235137648482,0.10276970548359987,0.071805339604872,0.04145683215012534,3
NaClIWater,NaCl/NaI/water,"BC S-loss, fixed kappa_D",0.005,298.15,I,NaI,neutral ion-pair NaI: mu_Na + mu_I,0.015,0.06,0.06,8.558175128999217,kJ/mol,3.452328953992358,0.08869923480096986,8.558175128999217,3.418882914869476,-0.03344603912288196,0.0,0.0,NaClIWater/data/S0_NaClIWater_matrix_BC_s_loss_split0.csv,0,0.18502282711556725,0.10682297904139834,0.07463736761312224,0.04309190428304119,3
NaClIWater,NaCl/NaI/water,"BC S-loss, fixed kappa_D",0.005,298.15,I,NaI,neutral ion-pair NaI: mu_Na + mu_I,0.015,0.0625,0.0625,8.973558004987353,kJ/mol,3.6198925184381534,0.0930043749382321,8.973558004987353,3.5864464793152715,-0.03344603912288196,0.0,0.0,NaClIWater/data/S0_NaClIWater_matrix_BC_s_loss_split0.csv,0,0.19298788020500887,0.11142160458669713,0.07785043383182942,0.04494696892933587,3
NaClIWater,NaCl/NaI/water,"BC S-loss, fixed kappa_D",0.005,298.15,I,NaI,neutral ion-pair NaI: mu_Na + mu_I,0.015,0.065,0.065,9.393864919543649,kJ/mol,3.7894424176648096,0.09736054913901171,9.393864919543649,3.7559963785419277,-0.03344603912288196,0.0,0.0,NaClIWater/data/S0_NaClIWater_matrix_BC_s_loss_split0.csv,0,0.20175055071393647,0.11648073476384647,0.08138525529274566,0.04698779905133313,3
NaClIWater,NaCl/NaI/water,"BC S-loss, fixed kappa_D",0.005,298.15,I,NaI,neutral ion-pair NaI: mu_Na + mu_I,0.015,0.0675,0.0675,9.818710480136236,kJ/mol,3.960823186076406,0.10176376309118496,9.818710480136236,3.927377146953524,-0.03344603912288196,0.0,0.0,NaClIWater/data/S0_NaClIWater_matrix_BC_s_loss_split0.csv,0,0.21102734572368304,0.12183669485994063,0.08512747224082809,0.049148369013674496,3
NaClIWater,NaCl/NaI/water,"BC S-loss, fixed kappa_D",0.005,298.15,I,NaI,neutral ion-pair NaI: mu_Na + mu_I,0.015,0.07,0.07,10.247803603019017,kJ/mol,4.133917401812613,0.10621099992431482,10.247803603019017,4.1004713626897304,-0.03344603912288196,0.0,0.0,NaClIWater/data/S0_NaClIWater_matrix_BC_s_loss_split0.csv,0,0.2204029892230215,0.12724972515810967,0.08890956422039033,0.05133196083617468,3
NaClIWater,NaCl/NaI/water,"BC S-loss, fixed kappa_D",0.005,298.15,I,NaI,neutral ion-pair NaI: mu_Na + mu_I,0.015,0.07250000000000001,0.07250000000000001,10.68093502499605,kJ/mol,4.308640649051192,0.11070009077820944,10.68093502499605,4.27519460992831,-0.03344603912288196,0.0,0.0,NaClIWater/data/S0_NaClIWater_matrix_BC_s_loss_split0.csv,0,0.22935481738238023,0.1324180655556547,0.09252069101785419,0.05341684586476831,3
NaClIWater,NaCl/NaI/water,"BC S-loss, fixed kappa_D",0.005,298.15,I,NaI,neutral ion-pair NaI: mu_Na + mu_I,0.015,0.07500000000000001,0.07500000000000001,11.117949221386171,kJ/mol,4.484930189842553,0.11522942375313505,11.117949221386171,4.45148415071967,-0.03344603912288196,0.0,0.0,NaClIWater/data/S0_NaClIWater_matrix_BC_s_loss_split0.csv,0,0.23729592843147124,0.1370028681575121,0.09572409912628932,0.05526633439849756,3
NaClIWater,NaCl/NaI/water,"BC S-loss, fixed kappa_D",0.005,298.15,I,NaI,neutral ion-pair NaI: mu_Na + mu_I,0.015,0.07750000000000001,0.07750000000000001,11.558701564005002,kJ/mol,4.662727681834387,0.11979749988358891,11.558701564005002,4.629281642711504,-0.03344603912288196,0.0,0.0,NaClIWater/data/S0_NaClIWater_matrix_BC_s_loss_split0.csv,0,0.24363478018829596,0.14066260592566798,0.09828116311777056,0.05674265598231436,3
NaClIWater,NaCl/NaI/water,"BC S-loss, fixed kappa_D",0.005,298.15,I,NaI,neutral ion-pair NaI: mu_Na + mu_I,0.015,0.08,0.08,12.003002538786411,kJ/mol,4.841956675913672,0.124402354994686,12.003002538786411,4.80851063679079,-0.03344603912288196,0.0,0.0,NaClIWater/data/S0_NaClIWater_matrix_BC_s_loss_split0.csv,0,0.2478475256041341,0.1430948356255295,0.09998056547349161,0.05772380638985139,3
NaClIWater,NaCl/NaI/water,"BC S-loss, fixed kappa_D",0.005,298.15,I,NaI,neutral ion-pair NaI: mu_Na + mu_I,0.015,0.0825,0.0825,12.450551716728427,kJ/mol,5.022495980386328,0.1290408753592374,12.450551716728427,4.9890499412634455,-0.03344603912288196,0.0,0.0,NaClIWater/data/S0_NaClIWater_matrix_BC_s_loss_split0.csv,0,0.24955764759475388,0.14408217501716092,0.10067042091277452,0.058122094613423304,3
NaClIWater,NaCl/NaI/water,"BC S-loss, fixed kappa_D",0.005,298.15,I,NaI,neutral ion-pair NaI: mu_Na + mu_I,0.015,0.085,0.085,12.900864926479484,kJ/mol,5.204150282729473,0.13370804289479565,12.900864926479484,5.170704243606591,-0.03344603912288196,0.0,0.0,NaClIWater/data/S0_NaClIWater_matrix_BC_s_loss_split0.csv,0,0.24861520703075868,0.14353805670384306,0.10029024467222628,0.057902599758603276,3
NaClIWater,NaCl/NaI/water,"BC S-loss, fixed kappa_D",0.005,298.15,I,NaI,neutral ion-pair NaI: mu_Na + mu_I,0.015,0.0875,0.0875,13.353198641658668,kJ/mol,5.386619647780039,0.13839615149345263,13.353198641658668,5.353173608657157,-0.03344603912288196,0.0,0.0,NaClIWater/data/S0_NaClIWater_matrix_BC_s_loss_split0.csv,0,0.24516580972478988,0.1415465462407,0.09889877347495332,0.057099233488288124,3
NaClIWater,NaCl/NaI/water,"BC S-loss, fixed kappa_D",0.005,298.15,I,NaI,neutral ion-pair NaI: mu_Na + mu_I,0.015,0.09,0.09,13.806475942068055,kJ/mol,5.569469650824298,0.1430940396638789,13.806475942068055,5.536023611701416,-0.03344603912288196,0.0,0.0,NaClIWater/data/S0_NaClIWater_matrix_BC_s_loss_split0.csv,0,0.23969927793020515,0.13839044263756287,0.09669359939193914,0.0558260756378499,3
NaClIWater,NaCl/NaI/water,"BC S-loss, fixed kappa_D",0.005,298.15,I,NaI,neutral ion-pair NaI: mu_Na + mu_I,0.015,0.0925,0.0925,14.259218531621059,kJ/mol,5.7521039539391134,0.14778638594680163,14.259218531621059,5.718657914816231,-0.03344603912288196,0.0,0.0,NaClIWater/data/S0_NaClIWater_matrix_BC_s_loss_split0.csv,0,0.23307539510148656,0.13456614210332166,0.09402155516139418,0.054283370182058185,3
NaClIWater,NaCl/NaI/water,"BC S-loss, fixed kappa_D",0.005,298.15,I,NaI,neutral ion-pair NaI: mu_Na + mu_I,0.015,0.095,0.095,14.709489185593085,kJ/mol,5.9337410894743945,0.1524531124227906,14.709489185593085,5.900295050351512,-0.03344603912288196,0.0,0.0,NaClIWater/data/S0_NaClIWater_matrix_BC_s_loss_split0.csv,0,0.22654985405068542,0.13079861922103367,0.09138918155714175,0.05276356857303537,3
NaClIWater,NaCl/NaI/water,"BC S-loss, fixed kappa_D",0.005,298.15,I,NaI,neutral ion-pair NaI: mu_Na + mu_I,0.015,0.0975,0.0975,15.154848640057697,kJ/mol,6.113397069447571,0.1570689379027499,15.154848640057697,6.079951030324689,-0.03344603912288196,0.0,0.0,NaClIWater/data/S0_NaClIWater_matrix_BC_s_loss_split0.csv,0,0.2218796324056718,0.12810226549710982,0.0895052353695946,0.05167587173451625,3
NaClIWater,NaCl/NaI/water,"BC S-loss, fixed kappa_D",0.005,298.15,I,NaI,neutral ion-pair NaI: mu_Na + mu_I,0.015,0.1,0.1,15.592330392193935,kJ/mol,6.289875220102085,0.16160311675150751,15.592330392193935,6.256429180979203,-0.03344603912288196,0.0,0.0,NaClIWater/data/S0_NaClIWater_matrix_BC_s_loss_split0.csv,0,0.22165572583433205,0.1279729929778735,0.08941491247627018,0.05162372378774142,3
NaClIWater,NaCl/NaI/water,"BC S-loss, fixed kappa_D",0.005,298.15,I,NaI,neutral ion-pair NaI: mu_Na + mu_I,0.0175,0.0,0.0,0.8485170357513908,kJ/mol,0.34228791609489434,0.008794259366311508,0.8485170357513908,0.3088418769720124,-0.03344603912288196,0.0,0.0,NaClIWater/data/S0_NaClIWater_matrix_BC_s_loss_split0.csv,0,0.10307166217355951,0.05950845190172675,0.04157864010659823,0.02400543905808306,3
NaClIWater,NaCl/NaI/water,"BC S-loss, fixed kappa_D",0.005,298.15,I,NaI,neutral ion-pair NaI: mu_Na + mu_I,0.0175,0.0025,0.0025,1.1003684053322376,kJ/mol,0.4438836140329269,0.011404514873902372,1.1003684053322376,0.41043757491004496,-0.03344603912288196,0.0,0.0,NaClIWater/data/S0_NaClIWater_matrix_BC_s_loss_split0.csv,0,0.13836307418919366,0.07988395812903512,0.05581503533015509,0.03222482567269352,3
NaClIWater,NaCl/NaI/water,"BC S-loss, fixed kappa_D",0.005,298.15,I,NaI,neutral ion-pair NaI: mu_Na + mu_I,0.0175,0.005,0.005,1.3671357523845817,kJ/mol,0.5514963494965716,0.014169363594191964,1.3671357523845817,0.5180503103736896,-0.03344603912288196,0.0,0.0,NaClIWater/data/S0_NaClIWater_matrix_BC_s_loss_split0.csv,0,0.1694884264929177,0.09785418866021214,0.06837086099878978,0.039473935002377766,3
NaClIWater,NaCl/NaI/water,"BC S-loss, fixed kappa_D",0.005,298.15,I,NaI,neutral ion-pair NaI: mu_Na + mu_I,0.0175,0.0075,0.0075,1.6453604901173802,kJ/mol,0.6637309442920385,0.017052959801048928,1.6453604901173802,0.6302849051691566,-0.03344603912288196,0.0,0.0,NaClIWater/data/S0_NaClIWater_matrix_BC_s_loss_split0.csv,0,0.18784286888375576,0.10845113091538797,0.07577495964659173,0.04374869334979277,3
NaClIWater,NaCl/NaI/water,"BC S-loss, fixed kappa_D",0.005,298.15,I,NaI,neutral ion-pair NaI: mu_Na + mu_I,0.0175,0.01,0.01,1.9322545880370063,kJ/mol,0.77946271958854,0.020026407594627926,1.9322545880370063,0.746016680465658,-0.03344603912288196,0.0,0.0,NaClIWater/data/S0_NaClIWater_matrix_BC_s_loss_split0.csv,0,0.19513623194264923,0.1126619560407378,0.07871706915950381,0.04544732106905792,3
NaClIWater,NaCl/NaI/water,"BC S-loss, fixed kappa_D",0.005,298.15,I,NaI,neutral ion-pair NaI: mu_Na + mu_I,0.0175,0.0125,0.0125,2.225700921971625,kJ/mol,0.8978376371165319,0.02306776452911663,2.225700921971625,0.86439159799365,-0.03344603912288196,0.0,0.0,NaClIWater/data/S0_NaClIWater_matrix_BC_s_loss_split0.csv,0,0.19463695635288583,0.11237369914458809,0.07851566365557557,0.04533103954714867,3
NaClIWater,NaCl/NaI/water,"BC S-loss, fixed kappa_D",0.005,298.15,I,NaI,neutral ion-pair NaI: mu_Na + mu_I,0.0175,0.015,0.015,2.5242257278714835,kJ/mol,1.018261187155937,0.02616175611649396,2.5242257278714835,0.984815148033055,-0.03344603912288196,0.0,0.0,NaClIWater/data/S0_NaClIWater_matrix_BC_s_loss_split0.csv,0,0.18948052619965672,0.10939663280756375,0.07643558316541221,0.044130104516216774,3
NaClIWater,NaCl/NaI/water,"BC S-loss, fixed kappa_D",0.005,298.15,I,NaI,neutral ion-pair NaI: mu_Na + mu_I,0.0175,0.0175,0.0175,2.82694651503128,kJ/mol,1.140377376966759,0.029299235985121182,2.82694651503128,1.106931337843877,-0.03344603912288196,0.0,0.0,NaClIWater/data/S0_NaClIWater_matrix_BC_s_loss_split0.csv,0,0.18221276280889204,0.10520058765749925,0.07350380044228443,0.04243743897181345,3
NaClIWater,NaCl/NaI/water,"BC S-loss, fixed kappa_D",0.005,298.15,I,NaI,neutral ion-pair NaI: mu_Na + mu_I,0.0175,0.02,0.02,3.13349974204076,kJ/mol,1.2640395555962327,0.032476436293791267,3.13349974204076,1.2305935164733508,-0.03344603912288196,0.0,0.0,NaClIWater/data/S0_NaClIWater_matrix_BC_s_loss_split0.csv,0,0.17464962097065154,0.10083400568127178,0.07045286339580656,0.04067597964674885,3
NaClIWater,NaCl/NaI/water,"BC S-loss, fixed kappa_D",0.005,298.15,I,NaI,neutral ion-pair NaI: mu_Na + mu_I,0.0175,0.0225,0.0225,3.443953269666896,kJ/mol,1.3892750977693582,0.03569406036979216,3.443953269666896,1.3558290586464763,-0.03344603912288196,0.0,0.0,NaClIWater/data/S0_NaClIWater_matrix_BC_s_loss_split0.csv,0,0.167883221845936,0.0969274233251728,0.06772332873912848,0.039100082077953346,3
NaClIWater,NaCl/NaI/water,"BC S-loss, fixed kappa_D",0.005,298.15,I,NaI,neutral ion-pair NaI: mu_Na + mu_I,0.0175,0.025,0.025,3.758709050839462,kJ/mol,1.5162461494713118,0.03895627416167713,3.758709050839462,1.4828001103484298,-0.03344603912288196,0.0,0.0,NaClIWater/data/S0_NaClIWater_matrix_BC_s_loss_split0.csv,0,0.16239787166313385,0.09376045492053263,0.06551056340382869,0.03782254141596454,3
NaClIWater,NaCl/NaI/water,"BC S-loss, fixed kappa_D",0.005,298.15,I,NaI,neutral ion-pair NaI: mu_Na + mu_I,0.0175,0.0275,0.0275,4.078401669510433,kJ/mol,1.6452086989844223,0.04226965466864385,4.078401669510433,1.6117626598615404,-0.03344603912288196,0.0,0.0,NaClIWater/data/S0_NaClIWater_matrix_BC_s_loss_split0.csv,0,0.1582615988443235,0.09137237669515075,0.06384200974621478,0.03685920151258382,3
NaClIWater,NaCl/NaI/water,"BC S-loss, fixed kappa_D",0.005,298.15,I,NaI,neutral ion-pair NaI: mu_Na + mu_I,0.0175,0.03,0.03,4.403798212586863,kJ/mol,1.7764721856809307,0.045642152186246676,4.403798212586863,1.7430261465580488,-0.03344603912288196,0.0,0.0,NaClIWater/data/S0_NaClIWater_matrix_BC_s_loss_split0.csv,0,0.15533338385226295,0.08968177098123949,0.06266078112583406,0.03617721885063252,3
NaClIWater,NaCl/NaI/water,"BC S-loss, fixed kappa_D",0.005,298.15,I,NaI,neutral ion-pair NaI: mu_Na + mu_I,0.0175,0.0325,0.0325,4.735704551299797,kJ/mol,1.9103616943531205,0.04908211898123227,4.735704551299797,1.8769156552302386,-0.03344603912288196,0.0,0.0,NaClIWater/data/S0_NaClIWater_matrix_BC_s_loss_split0.csv,0,0.15342521873302153,0.0885800913359872,0.06189103598848173,0.03573280628837475,3
NaClIWater,NaCl/NaI/water,"BC S-loss, fixed kappa_D",0.005,298.15,I,NaI,neutral ion-pair NaI: mu_Na + mu_I,0.0175,0.034999999999999996,0.034999999999999996,5.074882448113532,kJ/mol,2.047184516517221,0.05259745016519446,5.074882448113532,2.013738477394339,-0.03344603912288196,0.0,0.0,NaClIWater/data/S0_NaClIWater_matrix_BC_s_loss_split0.csv,0,0.15238979748170378,0.08798229059781423,0.06147335176122294,0.03549165618733062,3
NaClIWater,NaCl/NaI/water,"BC S-loss, fixed kappa_D",0.005,298.15,I,NaI,neutral ion-pair NaI: mu_Na + mu_I,0.0175,0.0375,0.0375,5.421981048270944,kJ/mol,2.187202514414137,0.056194873654476396,5.421981048270944,2.1537564752912552,-0.03344603912288196,0.0,0.0,NaClIWater/data/S0_NaClIWater_matrix_BC_s_loss_split0.csv,0,0.15214260604384974,0.08783957455462783,0.06137363585856626,0.0354340851840893,3
NaClIWater,NaCl/NaI/water,"BC S-loss, fixed kappa_D",0.005,298.15,I,NaI,neutral ion-pair NaI: mu_Na + mu_I,0.0175,0.04,0.04,5.7774852915537895,kJ/mol,2.330611310547996,0.05987941549574316,5.7774852915537895,2.297165271425114,-0.03344603912288196,0.0,0.0,NaClIWater/data/S0_NaClIWater_matrix_BC_s_loss_split0.csv,0,0.15264751670932816,0.08813108486325852,0.061577314526428895,0.035551679117807974,3
NaClIWater,NaCl/NaI/water,"BC S-loss, fixed kappa_D",0.005,298.15,I,NaI,neutral ion-pair NaI: mu_Na + mu_I,0.0175,0.0425,0.0425,6.141682659056795,kJ/mol,2.477526873485939,0.06365405522058154,6.141682659056795,2.444080834363057,-0.03344603912288196,0.0,0.0,NaClIWater/data/S0_NaClIWater_matrix_BC_s_loss_split0.csv,0,0.15389470657065768,0.08885115026542768,0.062080425248573864,0.035842150228670565,3
NaClIWater,NaCl/NaI/water,"BC S-loss, fixed kappa_D",0.005,298.15,I,NaI,neutral ion-pair NaI: mu_Na + mu_I,0.0175,0.045,0.045,6.514648503853748,kJ/mol,2.6279796003154856,0.06751957380856766,6.514648503853748,2.5945335611926037,-0.03344603912288196,0.0,0.0,NaClIWater/data/S0_NaClIWater_matrix_BC_s_loss_split0.csv,0,0.15588786396963272,0.09000190022626323,0.06288445588531899,0.03630635753323207,3
NaClIWater,NaCl/NaI/water,"BC S-loss, fixed kappa_D",0.005,298.15,I,NaI,neutral ion-pair NaI: mu_Na + mu_I,0.0175,0.0475,0.0475,6.896249095869494,kJ/mol,2.781915544932062,0.0714745852451415,6.896249095869494,2.74846950580918,-0.03344603912288196,0.0,0.0,NaClIWater/data/S0_NaClIWater_matrix_BC_s_loss_split0.csv,0,0.15864377360261295,0.09159302539472663,0.06399617730689706,0.036948210195244045,3
NaClIWater,NaCl/NaI/water,"BC S-loss, fixed kappa_D",0.005,298.15,I,NaI,neutral ion-pair NaI: mu_Na + mu_I,0.0175,0.05,0.05,7.286160453147352,kJ/mol,2.9392040144866947,0.07551573169394032,7.286160453147352,2.9057579753638128,-0.03344603912288196,0.0,0.0,NaClIWater/data/S0_NaClIWater_matrix_BC_s_loss_split0.csv,0,0.16219752112945468,0.09364478248598068,0.06542974290904527,0.0377758796815453,3
NaClIWater,NaCl/NaI/water,"BC S-loss, fixed kappa_D",0.005,298.15,I,NaI,neutral ion-pair NaI: mu_Na + mu_I,0.0175,0.052500000000000005,0.052500000000000005,7.683900136402469,kJ/mol,3.099650395164343,0.07963801302412321,7.683900136402469,3.066204356041461,-0.03344603912288196,0.0,0.0,NaClIWater/data/S0_NaClIWater_matrix_BC_s_loss_split0.csv,0,0.16660309534004195,0.09618834194239811,0.06720693152424835,0.03880194000693353,3
NaClIWater,NaCl/NaI/water,"BC S-loss, fixed kappa_D",0.005,298.15,I,NaI,neutral ion-pair NaI: mu_Na + mu_I,0.0175,0.055,0.055,8.088868477253062,kJ/mol,3.2630127834650176,0.08383521411087713,8.088868477253062,3.2295667443421356,-0.03344603912288196,0.0,0.0,NaClIWater/data/S0_NaClIWater_matrix_BC_s_loss_split0.csv,0,0.1719215005039851,0.0992589245954602,0.06935235199763029,0.04004059909476553,3
NaClIWater,NaCl/NaI/water,"BC S-loss, fixed kappa_D",0.005,298.15,I,NaI,neutral ion-pair NaI: mu_Na + mu_I,0.0175,0.0575,0.0575,8.500395207478023,kJ/mol,3.4290207962343913,0.08810038811361665,8.500395207478023,3.3955747571115094,-0.03344603912288196,0.0,0.0,NaClIWater/data/S0_NaClIWater_matrix_BC_s_loss_split0.csv,0,0.17819436887246737,0.10288056683659451,0.0718827985901189,0.0415015531161088,3
NaClIWater,NaCl/NaI/water,"BC S-loss, fixed kappa_D",0.005,298.15,I,NaI,neutral ion-pair NaI: mu_Na + mu_I,0.0175,0.06,0.06,8.917787253216197,kJ/mol,3.597394850626581,0.09242635182795311,8.917787253216197,3.5639488115036992,-0.03344603912288196,0.0,0.0,NaClIWater/data/S0_NaClIWater_matrix_BC_s_loss_split0.csv,0,0.1854076958216805,0.1070451830924755,0.07479262190011408,0.04318154038742877,3
NaClIWater,NaCl/NaI/water,"BC S-loss, fixed kappa_D",0.005,298.15,I,NaI,neutral ion-pair NaI: mu_Na + mu_I,0.0175,0.0625,0.0625,9.34037344947767,kJ/mol,3.7678642017347985,0.09680614911894736,9.34037344947767,3.7344181626119166,-0.03344603912288196,0.0,0.0,NaClIWater/data/S0_NaClIWater_matrix_BC_s_loss_split0.csv,0,0.19345513985902127,0.11169137707372263,0.07803892425277328,0.04505579392460747,3
NaClIWater,NaCl/NaI/water,"BC S-loss, fixed kappa_D",0.005,298.15,I,NaI,neutral ion-pair NaI: mu_Na + mu_I,0.0175,0.065,0.065,9.767542223739294,kJ/mol,3.9401821439825264,0.10123344148405522,9.767542223739294,3.9067361048596445,-0.03344603912288196,0.0,0.0,NaClIWater/data/S0_NaClIWater_matrix_BC_s_loss_split0.csv,0,0.20211152172003616,0.11668914147138777,0.08153086935615551,0.0470718693700406,3
NaClIWater,NaCl/NaI/water,"BC S-loss, fixed kappa_D",0.005,298.15,I,NaI,neutral ion-pair NaI: mu_Na + mu_I,0.0175,0.0675,0.0675,10.198768818012606,kJ/mol,4.114136992382008,0.1057027901899801,10.198768818012606,4.080690953259126,-0.03344603912288196,0.0,0.0,NaClIWater/data/S0_NaClIWater_matrix_BC_s_loss_split0.csv,0,0.2110245170345583,0.121835061715513,0.08512633116049019,0.04914771021063424,3
NaClIWater,NaCl/NaI/water,"BC S-loss, fixed kappa_D",0.005,298.15,I,NaI,neutral ion-pair NaI: mu_Na + mu_I,0.0175,0.07,0.07,10.633629308970832,kJ/mol,4.289557738189762,0.11020980158104977,10.633629308970832,4.25611169906688,-0.03344603912288196,0.0,0.0,NaClIWater/data/S0_NaClIWater_matrix_BC_s_loss_split0.csv,0,0.2197278113781799,0.1268599110476395,0.08863720054615987,0.05117471159554025,3
NaClIWater,NaCl/NaI/water,"BC S-loss, fixed kappa_D",0.005,298.15,I,NaI,neutral ion-pair NaI: mu_Na + mu_I,0.0175,0.07250000000000001,0.07250000000000001,11.071799581415485,kJ/mol,4.466313634807677,0.11475111643994752,11.071799581415485,4.432867595684795,-0.03344603912288196,0.0,0.0,NaClIWater/data/S0_NaClIWater_matrix_BC_s_loss_split0.csv,0,0.227674597718444,0.1314479902803834,0.09184289804126299,0.05302552190727854,3
NaClIWater,NaCl/NaI/water,"BC S-loss, fixed kappa_D",0.005,298.15,I,NaI,neutral ion-pair NaI: mu_Na + mu_I,0.0175,0.07500000000000001,0.07500000000000001,11.513038387754841,kJ/mol,4.6443073640536126,0.11932423441157881,11.513038387754841,4.61086132493073,-0.03344603912288196,0.0,0.0,NaClIWater/data/S0_NaClIWater_matrix_BC_s_loss_split0.csv,0,0.23428775450200665,0.1352660981295665,0.09451061543393714,0.05456572926206081,3
NaClIWater,NaCl/NaI/water,"BC S-loss, fixed kappa_D",0.005,298.15,I,NaI,neutral ion-pair NaI: mu_Na + mu_I,0.0175,0.07750000000000001,0.07750000000000001,11.957154659632469,kJ/mol,4.823461849820903,0.12392717521197483,11.957154659632469,4.790015810698021,-0.03344603912288196,0.0,0.0,NaClIWater/data/S0_NaClIWater_matrix_BC_s_loss_split0.csv,0,0.23902222188435834,0.13799954414723675,0.09642047805995924,0.055668388963309876,3
NaClIWater,NaCl/NaI/water,"BC S-loss, fixed kappa_D",0.005,298.15,I,NaI,neutral ion-pair NaI: mu_Na + mu_I,0.0175,0.08,0.08,12.403960271704765,kJ/mol,5.003701203200886,0.12855798905934537,12.403960271704765,4.9702551640780035,-0.03344603912288196,0.0,0.0,NaClIWater/data/S0_NaClIWater_matrix_BC_s_loss_split0.csv,0,0.2414349274145961,0.13939252033459482,0.09739375250619858,0.056230309226841545,3
NaClIWater,NaCl/NaI/water,"BC S-loss, fixed kappa_D",0.005,298.15,I,NaI,neutral ion-pair NaI: mu_Na + mu_I,0.0175,0.0825,0.0825,12.853210435967377,kJ/mol,5.184926677825055,0.1332141389048047,12.853210435967377,5.151480638702172,-0.03344603912288196,0.0,0.0,NaClIWater/data/S0_NaClIWater_matrix_BC_s_loss_split0.csv,0,0.24125717633448543,0.13928989570064418,0.09732204852828025,0.05618891091588843,3
NaClIWater,NaCl/NaI/water,"BC S-loss, fixed kappa_D",0.005,298.15,I,NaI,neutral ion-pair NaI: mu_Na + mu_I,0.0175,0.085,0.085,13.30453474912555,kJ/mol,5.366988854687621,0.13789178578872452,13.30453474912555,5.333542815564739,-0.03344603912288196,0.0,0.0,NaClIWater/data/S0_NaClIWater_matrix_BC_s_loss_split0.csv,0,0.23846349642357095,0.13767696385204806,0.09619509074823243,0.05553826153821247,3
NaClIWater,NaCl/NaI/water,"BC S-loss, fixed kappa_D",0.005,298.15,I,NaI,neutral ion-pair NaI: mu_Na + mu_I,0.0175,0.0875,0.0875,13.75736261206393,kJ/mol,5.549657556698568,0.14258501586800776,13.75736261206393,5.516211517575686,-0.03344603912288196,0.0,0.0,NaClIWater/data/S0_NaClIWater_matrix_BC_s_loss_split0.csv,0,0.23333042352409145,0.1347133828317636,0.09412443246808344,0.05434276642276873,3
NaClIWater,NaCl/NaI/water,"BC S-loss, fixed kappa_D",0.005,298.15,I,NaI,neutral ion-pair NaI: mu_Na + mu_I,0.0175,0.09,0.09,14.210847242319343,kJ/mol,5.732591195660494,0.14728505286086602,14.210847242319343,5.699145156537612,-0.03344603912288196,0.0,0.0,NaClIWater/data/S0_NaClIWater_matrix_BC_s_loss_split0.csv,0,0.22648149746398416,0.1307591535273008,0.09136160682071634,0.05274764829153733,3
NaClIWater,NaCl/NaI/water,"BC S-loss, fixed kappa_D",0.005,298.15,I,NaI,neutral ion-pair NaI: mu_Na + mu_I,0.0175,0.0925,0.0925,14.663792756084112,kJ/mol,5.9153073574801365,0.1519795023050392,14.663792756084112,5.881861318357254,-0.03344603912288196,0.0,0.0,NaClIWater/data/S0_NaClIWater_matrix_BC_s_loss_split0.csv,0,0.21892704968030438,0.1263975910658143,0.08831417691633776,0.050988213815907846,3
NaClIWater,NaCl/NaI/water,"BC S-loss, fixed kappa_D",0.005,298.15,I,NaI,neutral ion-pair NaI: mu_Na + mu_I,0.0175,0.095,0.095,15.114588841767478,kJ/mol,6.097156449779922,0.15665167449697037,15.114588841767478,6.063710410657039,-0.03344603912288196,0.0,0.0,NaClIWater/data/S0_NaClIWater_matrix_BC_s_loss_split0.csv,0,0.21213885147261585,0.12247842300329281,0.08557584860865498,0.049407239230337616,3
NaClIWater,NaCl/NaI/water,"BC S-loss, fixed kappa_D",0.005,298.15,I,NaI,neutral ion-pair NaI: mu_Na + mu_I,0.0175,0.0975,0.0975,15.561157332378361,kJ/mol,6.27730014943998,0.16128003075357358,15.561157332378361,6.2438541103170975,-0.03344603912288196,0.0,0.0,NaClIWater/data/S0_NaClIWater_matrix_BC_s_loss_split0.csv,0,0.20825149913585098,0.12023405908522669,0.08400770834226746,0.048501873025411694,3
NaClIWater,NaCl/NaI/water,"BC S-loss, fixed kappa_D",0.005,298.15,I,NaI,neutral ion-pair NaI: mu_Na + mu_I,0.02,0.0,0.0,1.0585961293148376,kJ/mol,0.4270328677236615,0.010971575741109518,1.0585961293148376,0.39358682860077954,-0.03344603912288196,0.0,0.0,NaClIWater/data/S0_NaClIWater_matrix_BC_s_loss_split0.csv,0,0.11581314674639215,0.06686475144972714,0.0467184970789784,0.026972936864682925,3
NaClIWater,NaCl/NaI/water,"BC S-loss, fixed kappa_D",0.005,298.15,I,NaI,neutral ion-pair NaI: mu_Na + mu_I,0.02,0.0025,0.0025,1.3067957790980163,kJ/mol,0.5271554784907342,0.013543983840008877,1.3067957790980163,0.4937094393678522,-0.03344603912288196,0.0,0.0,NaClIWater/data/S0_NaClIWater_matrix_BC_s_loss_split0.csv,0,0.13441302578359657,0.0776033966187516,0.05422160375452563,0.0313048575235686,3
NaClIWater,NaCl/NaI/water,"BC S-loss, fixed kappa_D",0.005,298.15,I,NaI,neutral ion-pair NaI: mu_Na + mu_I,0.02,0.005,0.005,1.573236926710846,kJ/mol,0.6346366265829081,0.016305451741345678,1.573236926710846,0.6011905874600262,-0.03344603912288196,0.0,0.0,NaClIWater/data/S0_NaClIWater_matrix_BC_s_loss_split0.csv,0,0.16191316736902991,0.09348061076585436,0.06531503589434948,0.03770965355573274,3
NaClIWater,NaCl/NaI/water,"BC S-loss, fixed kappa_D",0.005,298.15,I,NaI,neutral ion-pair NaI: mu_Na + mu_I,0.02,0.0075,0.0075,1.8539104761377123,kJ/mol,0.7478590608870174,0.01921442809293694,1.8539104761377123,0.7144130217641355,-0.03344603912288196,0.0,0.0,NaClIWater/data/S0_NaClIWater_matrix_BC_s_loss_split0.csv,0,0.18141730066003758,0.10474132737172798,0.07318291462645322,0.04225217545966417,3
NaClIWater,NaCl/NaI/water,"BC S-loss, fixed kappa_D",0.005,298.15,I,NaI,neutral ion-pair NaI: mu_Na + mu_I,0.02,0.01,0.01,2.145484375654504,kJ/mol,0.8654786468802279,0.022236378612205954,2.145484375654504,0.832032607757346,-0.03344603912288196,0.0,0.0,NaClIWater/data/S0_NaClIWater_matrix_BC_s_loss_split0.csv,0,0.191475693181077,0.11054854300136499,0.07724042445858323,0.044594779853483986,3
NaClIWater,NaCl/NaI/water,"BC S-loss, fixed kappa_D",0.005,298.15,I,NaI,neutral ion-pair NaI: mu_Na + mu_I,0.02,0.0125,0.0125,2.4453224748624702,kJ/mol,0.986431973471798,0.02534398152556605,2.4453224748624702,0.9529859343489161,-0.03344603912288196,0.0,0.0,NaClIWater/data/S0_NaClIWater_matrix_BC_s_loss_split0.csv,0,0.1941806159011048,0.11211023086191019,0.07833157799118863,0.045224757639260926,3
NaClIWater,NaCl/NaI/water,"BC S-loss, fixed kappa_D",0.005,298.15,I,NaI,neutral ion-pair NaI: mu_Na + mu_I,0.02,0.015,0.015,2.751472925575927,kJ/mol,1.1099316739738925,0.02851700735209306,2.751472925575927,1.0764856348510106,-0.03344603912288196,0.0,0.0,NaClIWater/data/S0_NaClIWater_matrix_BC_s_loss_split0.csv,0,0.19212514962026672,0.11092350685135813,0.07750241223466577,0.04474603856652963,3
NaClIWater,NaCl/NaI/water,"BC S-loss, fixed kappa_D",0.005,298.15,I,NaI,neutral ion-pair NaI: mu_Na + mu_I,0.02,0.0175,0.0175,3.06262892548639,kJ/mol,1.2354505902740958,0.031741912040274656,3.06262892548639,1.2020045511512139,-0.03344603912288196,0.0,0.0,NaClIWater/data/S0_NaClIWater_matrix_BC_s_loss_split0.csv,0,0.18754861562282987,0.10828124371598248,0.07565625921838254,0.043680161625613265,3
NaClIWater,NaCl/NaI/water,"BC S-loss, fixed kappa_D",0.005,298.15,I,NaI,neutral ion-pair NaI: mu_Na + mu_I,0.02,0.02,0.02,3.3780657211356444,kJ/mol,1.3626963601210418,0.03501118404983572,3.3780657211356444,1.3292503209981599,-0.03344603912288196,0.0,0.0,NaClIWater/data/S0_NaClIWater_matrix_BC_s_loss_split0.csv,0,0.1820669410513266,0.10511639742651514,0.07344497660797668,0.0424034770152411,3
NaClIWater,NaCl/NaI/water,"BC S-loss, fixed kappa_D",0.005,298.15,I,NaI,neutral ion-pair NaI: mu_Na + mu_I,0.02,0.0225,0.0225,3.697558667879058,kJ/mol,1.4915783628859944,0.03832249510310248,3.697558667879058,1.4581323237631125,-0.03344603912288196,0.0,0.0,NaClIWater/data/S0_NaClIWater_matrix_BC_s_loss_split0.csv,0,0.17664495080934678,0.10198600990076458,0.07125777038486211,0.041140692913552684,3
NaClIWater,NaCl/NaI/water,"BC S-loss, fixed kappa_D",0.005,298.15,I,NaI,neutral ion-pair NaI: mu_Na + mu_I,0.02,0.025,0.025,4.0212877710871044,kJ/mol,1.6221692119173592,0.04167771082427407,4.0212877710871044,1.5887231727944773,-0.03344603912288196,0.0,0.0,NaClIWater/data/S0_NaClIWater_matrix_BC_s_loss_split0.csv,0,0.17171460944851233,0.09913947598889006,0.06926889308607921,0.039992414069715244,3
NaClIWater,NaCl/NaI/water,"BC S-loss, fixed kappa_D",0.005,298.15,I,NaI,neutral ion-pair NaI: mu_Na + mu_I,0.02,0.0275,0.0275,4.349734469003449,kJ/mol,1.7546631172147116,0.045081820969130604,4.349734469003449,1.7212170780918297,-0.03344603912288196,0.0,0.0,NaClIWater/data/S0_NaClIWater_matrix_BC_s_loss_split0.csv,0,0.1673715854706696,0.09663202992618555,0.06751693695050262,0.03898092172323168,3
NaClIWater,NaCl/NaI/water,"BC S-loss, fixed kappa_D",0.005,298.15,I,NaI,neutral ion-pair NaI: mu_Na + mu_I,0.02,0.03,0.03,4.683576456749937,kJ/mol,1.8893334579103849,0.04854184935265948,4.683576456749937,1.855887418787503,-0.03344603912288196,0.0,0.0,NaClIWater/data/S0_NaClIWater_matrix_BC_s_loss_split0.csv,0,0.16357543069764,0.09444031894609144,0.0659855853668737,0.038096795474199564,3
NaClIWater,NaCl/NaI/water,"BC S-loss, fixed kappa_D",0.005,298.15,I,NaI,neutral ion-pair NaI: mu_Na + mu_I,0.02,0.0325,0.0325,5.023586088209197,kJ/mol,2.026491798050632,0.05206580085877022,5.023586088209197,1.99304575892775,-0.03344603912288196,0.0,0.0,NaClIWater/data/S0_NaClIWater_matrix_BC_s_loss_split0.csv,0,0.1602937217704635,0.09254562341358408,0.0646617588995376,0.03733248390692271,3
NaClIWater,NaCl/NaI/water,"BC S-loss, fixed kappa_D",0.005,298.15,I,NaI,neutral ion-pair NaI: mu_Na + mu_I,0.02,0.034999999999999996,0.034999999999999996,5.37053736974966,kJ/mol,2.166450368286967,0.05566169749818072,5.37053736974966,2.133004329164085,-0.03344603912288196,0.0,0.0,NaClIWater/data/S0_NaClIWater_matrix_BC_s_loss_split0.csv,0,0.15756715751020822,0.09097144080396288,0.06356187526795526,0.036697465796151386,3
NaClIWater,NaCl/NaI/water,"BC S-loss, fixed kappa_D",0.005,298.15,I,NaI,neutral ion-pair NaI: mu_Na + mu_I,0.02,0.0375,0.0375,5.725125778208492,kJ/mol,2.309489720814875,0.05933674738037098,5.725125778208492,2.276043681691993,-0.03344603912288196,0.0,0.0,NaClIWater/data/S0_NaClIWater_matrix_BC_s_loss_split0.csv,0,0.15550729150943782,0.08978217661392353,0.06273093468440652,0.036217722026558936,3
NaClIWater,NaCl/NaI/water,"BC S-loss, fixed kappa_D",0.005,298.15,I,NaI,neutral ion-pair NaI: mu_Na + mu_I,0.02,0.04,0.04,6.087904179688577,kJ/mol,2.4558328793077324,0.06309668055871498,6.087904179688577,2.4223868401848505,-0.03344603912288196,0.0,0.0,NaClIWater/data/S0_NaClIWater_matrix_BC_s_loss_split0.csv,0,0.1542568449491581,0.0890602309557388,0.06222651022470519,0.03592649242896454,3
NaClIWater,NaCl/NaI/water,"BC S-loss, fixed kappa_D",0.005,298.15,I,NaI,neutral ion-pair NaI: mu_Na + mu_I,0.02,0.0425,0.0425,6.459237007150422,kJ/mol,2.605626854365624,0.06694527411468698,6.459237007150422,2.572180815242742,-0.03344603912288196,0.0,0.0,NaClIWater/data/S0_NaClIWater_matrix_BC_s_loss_split0.csv,0,0.15394467710702991,0.08888000076805375,0.062100583135852885,0.0358537883903174,3
NaClIWater,NaCl/NaI/water,"BC S-loss, fixed kappa_D",0.005,298.15,I,NaI,neutral ion-pair NaI: mu_Na + mu_I,0.02,0.045,0.045,6.839273688796138,kJ/mol,2.7589319246461974,0.07088407676246788,6.839273688796138,2.7254858855233155,-0.03344603912288196,0.0,0.0,NaClIWater/data/S0_NaClIWater_matrix_BC_s_loss_split0.csv,0,0.15465850802088857,0.08929213123832591,0.062388539282463885,0.03602003994907807,3
NaClIWater,NaCl/NaI/water,"BC S-loss, fixed kappa_D",0.005,298.15,I,NaI,neutral ion-pair NaI: mu_Na + mu_I,0.02,0.0475,0.0475,7.227941114494084,kJ/mol,2.9157185978546014,0.07491233076893877,7.227941114494084,2.8822725587317195,-0.03344603912288196,0.0,0.0,NaClIWater/data/S0_NaClIWater_matrix_BC_s_loss_split0.csv,0,0.15644325301529174,0.09032255424127943,0.06310849730234507,0.036435707905661696,3
NaClIWater,NaCl/NaI/water,"BC S-loss, fixed kappa_D",0.005,298.15,I,NaI,neutral ion-pair NaI: mu_Na + mu_I,0.02,0.05,0.05,7.624953799363432,kJ/mol,3.0758717106873106,0.07902707729181202,7.624953799363432,3.0424256715644287,-0.03344603912288196,0.0,0.0,NaClIWater/data/S0_NaClIWater_matrix_BC_s_loss_split0.csv,0,0.15931731538725305,0.09198189492539906,0.06426788100187694,0.03710507839668049,3
NaClIWater,NaCl/NaI/water,"BC S-loss, fixed kappa_D",0.005,298.15,I,NaI,neutral ion-pair NaI: mu_Na + mu_I,0.02,0.052500000000000005,0.052500000000000005,8.029839367621713,kJ/mol,3.239200708900411,0.0832234205010991,8.029839367621713,3.205754669777529,-0.03344603912288196,0.0,0.0,NaClIWater/data/S0_NaClIWater_matrix_BC_s_loss_split0.csv,0,0.16329005482361805,0.09427555710840464,0.06587046603619798,0.038030331297645006,3
NaClIWater,NaCl/NaI/water,"BC S-loss, fixed kappa_D",0.005,298.15,I,NaI,neutral ion-pair NaI: mu_Na + mu_I,0.02,0.055,0.055,8.441976144522428,kJ/mol,3.4054548117263965,0.0874949171920889,8.441976144522428,3.3720087726035146,-0.03344603912288196,0.0,0.0,NaClIWater/data/S0_NaClIWater_matrix_BC_s_loss_split0.csv,0,0.16836458686601,0.09720533954909101,0.06791750920063938,0.03921219221967803,3
NaClIWater,NaCl/NaI/water,"BC S-loss, fixed kappa_D",0.005,298.15,I,NaI,neutral ion-pair NaI: mu_Na + mu_I,0.02,0.0575,0.0575,8.860638985361064,kJ/mol,3.574341499086922,0.0918340517695242,8.860638985361064,3.54089545996404,-0.03344603912288196,0.0,0.0,NaClIWater/data/S0_NaClIWater_matrix_BC_s_loss_split0.csv,0,0.1745191562438231,0.10075868183611764,0.07040023451790726,0.040645594349926546,3
NaClIWater,NaCl/NaI/water,"BC S-loss, fixed kappa_D",0.005,298.15,I,NaI,neutral ion-pair NaI: mu_Na + mu_I,0.02,0.06,0.06,9.285049086356631,kJ/mol,3.7455466050760484,0.0962327525010096,9.285049086356631,3.7121005659531665,-0.03344603912288196,0.0,0.0,NaClIWater/data/S0_NaClIWater_matrix_BC_s_loss_split0.csv,0,0.18167211863019894,0.104888446595395,0.07328570703758372,0.042311522685901014,3
NaClIWater,NaCl/NaI/water,"BC S-loss, fixed kappa_D",0.005,298.15,I,NaI,neutral ion-pair NaI: mu_Na + mu_I,0.02,0.0625,0.0625,9.71442337827913,kJ/mol,3.9187542431250906,0.10068290344588604,9.71442337827913,3.8853082040022087,-0.03344603912288196,0.0,0.0,NaClIWater/data/S0_NaClIWater_matrix_BC_s_loss_split0.csv,0,0.18964412344835696,0.10949108572313952,0.07650157755206198,0.04416820639311402,3
NaClIWater,NaCl/NaI/water,"BC S-loss, fixed kappa_D",0.005,298.15,I,NaI,neutral ion-pair NaI: mu_Na + mu_I,0.02,0.065,0.065,10.148019245589824,kJ/mol,4.093664845500574,0.10517680793645923,10.148019245589824,4.060218806377692,-0.03344603912288196,0.0,0.0,NaClIWater/data/S0_NaClIWater_matrix_BC_s_loss_split0.csv,0,0.19813281037337402,0.11439203140436457,0.07992587528036092,0.046145225608332834,3
NaClIWater,NaCl/NaI/water,"BC S-loss, fixed kappa_D",0.005,298.15,I,NaI,neutral ion-pair NaI: mu_Na + mu_I,0.02,0.0675,0.0675,10.585170684156443,kJ/mol,4.270009749162231,0.10970756332631028,10.585170684156443,4.2365637100393485,-0.03344603912288196,0.0,0.0,NaClIWater/data/S0_NaClIWater_matrix_BC_s_loss_split0.csv,0,0.20671042233084388,0.11934431797701395,0.08338604496262661,0.04814295550583071,3
NaClIWater,NaCl/NaI/water,"BC S-loss, fixed kappa_D",0.005,298.15,I,NaI,neutral ion-pair NaI: mu_Na + mu_I,0.02,0.07,0.07,11.025312630360343,kJ/mol,4.447561010014258,0.11426931314372268,11.025312630360343,4.414114970891376,-0.03344603912288196,0.0,0.0,NaClIWater/data/S0_NaClIWater_matrix_BC_s_loss_split0.csv,0,0.21484680564027833,0.1240418610709459,0.08666822501346005,0.050037923041708225,3
NaClIWater,NaCl/NaI/water,"BC S-loss, fixed kappa_D",0.005,298.15,I,NaI,neutral ion-pair NaI: mu_Na + mu_I,0.02,0.07250000000000001,0.07250000000000001,11.467990998031702,kJ/mol,4.6261354517593665,0.11885735111718533,11.467990998031702,4.592689412636484,-0.03344603912288196,0.0,0.0,NaClIWater/data/S0_NaClIWater_matrix_BC_s_loss_split0.csv,0,0.22195381402847703,0.12814509427700535,0.08953515989911177,0.05169314866968837,3
NaClIWater,NaCl/NaI/water,"BC S-loss, fixed kappa_D",0.005,298.15,I,NaI,neutral ion-pair NaI: mu_Na + mu_I,0.02,0.07500000000000001,0.07500000000000001,11.912856896542669,kJ/mol,4.8055923335038315,0.12346806125015065,11.912856896542669,4.772146294380949,-0.03344603912288196,0.0,0.0,NaClIWater/data/S0_NaClIWater_matrix_BC_s_loss_split0.csv,0,0.22744425521617445,0.13131500197469226,0.09174997892265001,0.052971875029134474,3
NaClIWater,NaCl/NaI/water,"BC S-loss, fixed kappa_D",0.005,298.15,I,NaI,neutral ion-pair NaI: mu_Na + mu_I,0.02,0.07750000000000001,0.07750000000000001,12.35964453851062,kJ/mol,4.9858244378253875,0.12809868885051404,12.35964453851062,4.952378398702505,-0.03344603912288196,0.0,0.0,NaClIWater/data/S0_NaClIWater_matrix_BC_s_loss_split0.csv,0,0.23079865015971068,0.13325166279831124,0.09310312659866046,0.05375311520413243,3
NaClIWater,NaCl/NaI/water,"BC S-loss, fixed kappa_D",0.005,298.15,I,NaI,neutral ion-pair NaI: mu_Na + mu_I,0.02,0.08,0.08,12.808133415874805,kJ/mol,5.1667428127744355,0.1327469485132724,12.808133415874805,5.133296773651553,-0.03344603912288196,0.0,0.0,NaClIWater/data/S0_NaClIWater_matrix_BC_s_loss_split0.csv,0,0.23163430316268674,0.13373412728452858,0.093440225222395,0.053947739185289015,3
NaClIWater,NaCl/NaI/water,"BC S-loss, fixed kappa_D",0.005,298.15,I,NaI,neutral ion-pair NaI: mu_Na + mu_I,0.02,0.0825,0.0825,13.258096344202327,kJ/mol,5.348255813183198,0.13741048563770167,13.258096344202327,5.314809774060316,-0.03344603912288196,0.0,0.0,NaClIWater/data/S0_NaClIWater_matrix_BC_s_loss_split0.csv,0,0.22977224559678763,0.13265906784761014,0.09268907966252317,0.053514065094096425,3
NaClIWater,NaCl/NaI/water,"BC S-loss, fixed kappa_D",0.005,298.15,I,NaI,neutral ion-pair NaI: mu_Na + mu_I,0.02,0.085,0.085,13.709235926496447,kJ/mol,5.5302434704547245,0.14208621792113263,13.709235926496447,5.496797431331842,-0.03344603912288196,0.0,0.0,NaClIWater/data/S0_NaClIWater_matrix_BC_s_loss_split0.csv,0,0.22529846526792627,0.13007612957044679,0.0908843770091745,0.052472119531378335,3
NaClIWater,NaCl/NaI/water,"BC S-loss, fixed kappa_D",0.005,298.15,I,NaI,neutral ion-pair NaI: mu_Na + mu_I,0.02,0.0875,0.0875,14.161112797662565,kJ/mol,5.712528546706569,0.1467695916652474,14.161112797662565,5.679082507583686,-0.03344603912288196,0.0,0.0,NaClIWater/data/S0_NaClIWater_matrix_BC_s_loss_split0.csv,0,0.21861813841809147,0.12621924106541998,0.0881895635170234,0.05091626823626906,3
NaClIWater,NaCl/NaI/water,"BC S-loss, fixed kappa_D",0.005,298.15,I,NaI,neutral ion-pair NaI: mu_Na + mu_I,0.02,0.09,0.09,14.613069632757849,kJ/mol,5.8948458800440395,0.15145379417708685,14.613069632757849,5.861399840921157,-0.03344603912288196,0.0,0.0,NaClIWater/data/S0_NaClIWater_matrix_BC_s_loss_split0.csv,0,0.21050922538244812,0.12153755794145603,0.08491846484979734,0.049027698540200275,3
NaClIWater,NaCl/NaI/water,"BC S-loss, fixed kappa_D",0.005,298.15,I,NaI,neutral ion-pair NaI: mu_Na + mu_I,0.02,0.0925,0.0925,15.06415530985055,kJ/mol,6.076811792202288,0.15612896777247443,15.06415530985055,6.043365753079406,-0.03344603912288196,0.0,0.0,NaClIWater/data/S0_NaClIWater_matrix_BC_s_loss_split0.csv,0,0.20220127836891663,0.11674096249678048,0.08156707678041074,0.047092773736181016,3
NaClIWater,NaCl/NaI/water,"BC S-loss, fixed kappa_D",0.005,298.15,I,NaI,neutral ion-pair NaI: mu_Na + mu_I,0.02,0.095,0.095,15.51305380487754,kJ/mol,6.257895405054985,0.16078147282314603,15.51305380487754,6.224449365932102,-0.03344603912288196,0.0,0.0,NaClIWater/data/S0_NaClIWater_matrix_BC_s_loss_split0.csv,0,0.1955403939022502,0.11289529905690962,0.07888010625727275,0.04554145058134271,3
NaClIWater,NaCl/NaI/water,"BC S-loss, fixed kappa_D",0.005,298.15,I,NaI,neutral ion-pair NaI: mu_Na + mu_I,0.0225,0.0,0.0,1.2816622718335586,kJ/mol,0.5170167358807064,0.013283493393316803,1.2816622718335586,0.48357069675782444,-0.03344603912288196,0.0,0.0,NaClIWater/data/S0_NaClIWater_matrix_BC_s_loss_split0.csv,0,0.13255425083204223,0.07653023240010876,0.05347178238636239,0.030871947954815418,3
NaClIWater,NaCl/NaI/water,"BC S-loss, fixed kappa_D",0.005,298.15,I,NaI,neutral ion-pair NaI: mu_Na + mu_I,0.0225,0.0025,0.0025,1.525213309017595,kJ/mol,0.6152641174511327,0.015807722017711967,1.525213309017595,0.5818180783282508,-0.03344603912288196,0.0,0.0,NaClIWater/data/S0_NaClIWater_matrix_BC_s_loss_split0.csv,0,0.13614487824868665,0.07860328210566807,0.054920225168454614,0.03170820678496213,3
NaClIWater,NaCl/NaI/water,"BC S-loss, fixed kappa_D",0.005,298.15,I,NaI,neutral ion-pair NaI: mu_Na + mu_I,0.0225,0.005,0.005,1.7903659664870808,kJ/mol,0.7222254944750882,0.01855583565975394,1.7903659664870808,0.6887794553522063,-0.03344603912288196,0.0,0.0,NaClIWater/data/S0_NaClIWater_matrix_BC_s_loss_split0.csv,0,0.1585103177286507,0.0915159746099696,0.06394234181383732,0.03691712825883404,3
NaClIWater,NaCl/NaI/water,"BC S-loss, fixed kappa_D",0.005,298.15,I,NaI,neutral ion-pair NaI: mu_Na + mu_I,0.0225,0.0075,0.0075,2.0726165809041444,kJ/mol,0.836084109629194,0.021481157138168783,2.0726165809041444,0.8026380705063121,-0.03344603912288196,0.0,0.0,NaClIWater/data/S0_NaClIWater_matrix_BC_s_loss_split0.csv,0,0.17796668762769277,0.10274911500863447,0.07179095301068518,0.04144852604609887,3
NaClIWater,NaCl/NaI/water,"BC S-loss, fixed kappa_D",0.005,298.15,I,NaI,neutral ion-pair NaI: mu_Na + mu_I,0.0225,0.01,0.01,2.3681283866344924,kJ/mol,0.9552922290929455,0.024543921179315472,2.3681283866344924,0.9218461899700636,-0.03344603912288196,0.0,0.0,NaClIWater/data/S0_NaClIWater_matrix_BC_s_loss_split0.csv,0,0.1899194322969593,0.10965003536099036,0.07661263589043392,0.04423232595466881,3
NaClIWater,NaCl/NaI/water,"BC S-loss, fixed kappa_D",0.005,298.15,I,NaI,neutral ion-pair NaI: mu_Na + mu_I,0.0225,0.0125,0.0125,2.673769669309059,kJ/mol,1.0785865335220908,0.027711669850987164,2.673769669309059,1.0451404943992089,-0.03344603912288196,0.0,0.0,NaClIWater/data/S0_NaClIWater_matrix_BC_s_loss_split0.csv,0,0.19519962340495647,0.1126985551185652,0.07874264098731294,0.045462084970727186,3
NaClIWater,NaCl/NaI/water,"BC S-loss, fixed kappa_D",0.005,298.15,I,NaI,neutral ion-pair NaI: mu_Na + mu_I,0.0225,0.015,0.015,2.9871194738319367,kJ/mol,1.2049904206330897,0.030959311721744594,2.9871194738319367,1.1715443815102078,-0.03344603912288196,0.0,0.0,NaClIWater/data/S0_NaClIWater_matrix_BC_s_loss_split0.csv,0,0.1958093358467762,0.11305057276097809,0.07898859621547495,0.045604087287915124,3
NaClIWater,NaCl/NaI/water,"BC S-loss, fixed kappa_D",0.005,298.15,I,NaI,neutral ion-pair NaI: mu_Na + mu_I,0.0225,0.0175,0.0175,3.3064430233785336,kJ/mol,1.3338040893386802,0.03426886709678456,3.3064430233785336,1.3003580502157983,-0.03344603912288196,0.0,0.0,NaClIWater/data/S0_NaClIWater_matrix_BC_s_loss_split0.csv,0,0.1936338843449653,0.1117945752507986,0.07811102896609026,0.045097423600250874,3
NaClIWater,NaCl/NaI/water,"BC S-loss, fixed kappa_D",0.005,298.15,I,NaI,neutral ion-pair NaI: mu_Na + mu_I,0.0225,0.02,0.02,3.6306402553042743,kJ/mol,1.4645837793673293,0.0376289346302201,3.6306402553042743,1.4311377402444474,-0.03344603912288196,0.0,0.0,NaClIWater/data/S0_NaClIWater_matrix_BC_s_loss_split0.csv,0,0.19003916615725258,0.10971916373746181,0.07666093598553986,0.044260212027580105,3
NaClIWater,NaCl/NaI/water,"BC S-loss, fixed kappa_D",0.005,298.15,I,NaI,neutral ion-pair NaI: mu_Na + mu_I,0.0225,0.0225,0.0225,3.959171927949976,kJ/mol,1.5971119630843325,0.04103392547608564,3.959171927949976,1.5636659239614505,-0.03344603912288196,0.0,0.0,NaClIWater/data/S0_NaClIWater_matrix_BC_s_loss_split0.csv,0,0.1858184701713099,0.10728234377381023,0.07495832640596996,0.043277209928490594,3
NaClIWater,NaCl/NaI/water,"BC S-loss, fixed kappa_D",0.005,298.15,I,NaI,neutral ion-pair NaI: mu_Na + mu_I,0.0225,0.025,0.025,4.291968560687751,kJ/mol,1.731360612320158,0.04448311951841788,4.291968560687751,1.697914573197276,-0.03344603912288196,0.0,0.0,NaClIWater/data/S0_NaClIWater_matrix_BC_s_loss_split0.csv,0,0.18131793364075663,0.10468395779639755,0.07314283042245347,0.04222903283369466,3
NaClIWater,NaCl/NaI/water,"BC S-loss, fixed kappa_D",0.005,298.15,I,NaI,neutral ion-pair NaI: mu_Na + mu_I,0.0225,0.0275,0.0275,4.629327982609608,kJ/mol,1.8674498699770232,0.047979603538237825,4.629327982609608,1.8340038308541413,-0.03344603912288196,0.0,0.0,NaClIWater/data/S0_NaClIWater_matrix_BC_s_loss_split0.csv,0,0.17663669210060418,0.10198124173304887,0.07125443885928746,0.04113876945636535,3
NaClIWater,NaCl/NaI/water,"BC S-loss, fixed kappa_D",0.005,298.15,I,NaI,neutral ion-pair NaI: mu_Na + mu_I,0.0225,0.03,0.03,4.971807475187782,kJ/mol,2.005604540868235,0.05152915335099806,4.971807475187782,1.9721585017453531,-0.03344603912288196,0.0,0.0,NaClIWater/data/S0_NaClIWater_matrix_BC_s_loss_split0.csv,0,0.1718162166753476,0.099198138948655,0.06930988097962543,0.04001607844108766,3
NaClIWater,NaCl/NaI/water,"BC S-loss, fixed kappa_D",0.005,298.15,I,NaI,neutral ion-pair NaI: mu_Na + mu_I,0.0225,0.0325,0.0325,5.320116412197828,kJ/mol,2.1461107831510686,0.0551391210977954,5.320116412197828,2.1126647440281867,-0.03344603912288196,0.0,0.0,NaClIWater/data/S0_NaClIWater_matrix_BC_s_loss_split0.csv,0,0.16696452009353502,0.09639701062111913,0.06735272862729505,0.03888611600362461,3
NaClIWater,NaCl/NaI/water,"BC S-loss, fixed kappa_D",0.005,298.15,I,NaI,neutral ion-pair NaI: mu_Na + mu_I,0.0225,0.034999999999999996,0.034999999999999996,5.675014897321972,kJ/mol,2.289275219196605,0.058817384698159,5.675014897321972,2.255829180073723,-0.03344603912288196,0.0,0.0,NaClIWater/data/S0_NaClIWater_matrix_BC_s_loss_split0.csv,0,0.16229968722510224,0.09370376810880485,0.06547095624773051,0.03779967421372943,3
NaClIWater,NaCl/NaI/water,"BC S-loss, fixed kappa_D",0.005,298.15,I,NaI,neutral ion-pair NaI: mu_Na + mu_I,0.0225,0.0375,0.0375,6.037223250072886,kJ/mol,2.435388422622729,0.06257140973775677,6.037223250072886,2.401942383499847,-0.03344603912288196,0.0,0.0,NaClIWater/data/S0_NaClIWater_matrix_BC_s_loss_split0.csv,0,0.15812638692444786,0.09129431205681289,0.06378746587221418,0.036827710592246925,3
NaClIWater,NaCl/NaI/water,"BC S-loss, fixed kappa_D",0.005,298.15,I,NaI,neutral ion-pair NaI: mu_Na + mu_I,0.0225,0.04,0.04,6.407346300304269,kJ/mol,2.5846943790437438,0.06640746483628845,6.407346300304269,2.551248339920862,-0.03344603912288196,0.0,0.0,NaClIWater/data/S0_NaClIWater_matrix_BC_s_loss_split0.csv,0,0.15477375542076013,0.08935866935566517,0.06243502955982451,0.036046881123226925,3
NaClIWater,NaCl/NaI/water,"BC S-loss, fixed kappa_D",0.005,298.15,I,NaI,neutral ion-pair NaI: mu_Na + mu_I,0.0225,0.0425,0.0425,6.785815388250768,kJ/mol,2.7373670891500597,0.0703300205202595,6.785815388250768,2.7039210500271778,-0.03344603912288196,0.0,0.0,NaClIWater/data/S0_NaClIWater_matrix_BC_s_loss_split0.csv,0,0.15252718377940108,0.08806161061377274,0.06152877276935516,0.03552365352129452,3
NaClIWater,NaCl/NaI/water,"BC S-loss, fixed kappa_D",0.005,298.15,I,NaI,neutral ion-pair NaI: mu_Na + mu_I,0.0225,0.045,0.045,7.172849795023085,kJ/mol,2.8934950099451995,0.07434134947823168,7.172849795023085,2.8600489708223176,-0.03344603912288196,0.0,0.0,NaClIWater/data/S0_NaClIWater_matrix_BC_s_loss_split0.csv,0,0.15158241409873444,0.08751614758431765,0.06114765697372636,0.03530361621409581,3
NaClIWater,NaCl/NaI/water,"BC S-loss, fixed kappa_D",0.005,298.15,I,NaI,neutral ion-pair NaI: mu_Na + mu_I,0.0225,0.0475,0.0475,7.568438093043908,kJ/mol,3.053073531596409,0.07844133327171221,7.568438093043908,3.019627492473527,-0.03344603912288196,0.0,0.0,NaClIWater/data/S0_NaClIWater_matrix_BC_s_loss_split0.csv,0,0.1520369153203271,0.08777855398695118,0.06133100070101387,0.03540946976439949,3
NaClIWater,NaCl/NaI/water,"BC S-loss, fixed kappa_D",0.005,298.15,I,NaI,neutral ion-pair NaI: mu_Na + mu_I,0.0225,0.05,0.05,7.972338709586052,kJ/mol,3.216005204763381,0.08262746817581501,7.972338709586052,3.182559165640499,-0.03344603912288196,0.0,0.0,NaClIWater/data/S0_NaClIWater_matrix_BC_s_loss_split0.csv,0,0.15391331209674944,0.08886189217092517,0.06208793063324541,0.03584648346453105,3
NaClIWater,NaCl/NaI/water,"BC S-loss, fixed kappa_D",0.005,298.15,I,NaI,neutral ion-pair NaI: mu_Na + mu_I,0.0225,0.052500000000000005,0.052500000000000005,8.384097854590879,kJ/mol,3.3821069725987316,0.0868950509880051,8.384097854590879,3.3486609334758497,-0.03344603912288196,0.0,0.0,NaClIWater/data/S0_NaClIWater_matrix_BC_s_loss_split0.csv,0,0.1571926455650507,0.09075521623161145,0.06341079885126644,0.03661024178630789,3
NaClIWater,NaCl/NaI/water,"BC S-loss, fixed kappa_D",0.005,298.15,I,NaI,neutral ion-pair NaI: mu_Na + mu_I,0.0225,0.055,0.055,8.803082003028864,kJ/mol,3.551123273984637,0.09123751568404259,8.803082003028864,3.517677234861755,-0.03344603912288196,0.0,0.0,NaClIWater/data/S0_NaClIWater_matrix_BC_s_loss_split0.csv,0,0.1618321438773474,0.09343383183112078,0.0652823513860199,0.03769078314605033,3
NaClIWater,NaCl/NaI/water,"BC S-loss, fixed kappa_D",0.005,298.15,I,NaI,neutral ion-pair NaI: mu_Na + mu_I,0.0225,0.0575,0.0575,9.228521316975241,kJ/mol,3.7227435598008114,0.09564688345608374,9.228521316975241,3.6892975206779295,-0.03344603912288196,0.0,0.0,NaClIWater/data/S0_NaClIWater_matrix_BC_s_loss_split0.csv,0,0.16775423416387952,0.09685295225221537,0.06767129569437774,0.039070040785559756,3
NaClIWater,NaCl/NaI/water,"BC S-loss, fixed kappa_D",0.005,298.15,I,NaI,neutral ion-pair NaI: mu_Na + mu_I,0.0225,0.06,0.06,9.659559847211318,kJ/mol,3.896622544022338,0.10011428301561409,9.659559847211318,3.863176504899456,-0.03344603912288196,0.0,0.0,NaClIWater/data/S0_NaClIWater_matrix_BC_s_loss_split0.csv,0,0.17481198468769454,0.10092774641701319,0.07051836018139206,0.040713794233537694,3
NaClIWater,NaCl/NaI/water,"BC S-loss, fixed kappa_D",0.005,298.15,I,NaI,neutral ion-pair NaI: mu_Na + mu_I,0.0225,0.0625,0.0625,10.095308064347135,kJ/mol,4.0724013945358175,0.1046304950401691,10.095308064347135,4.038955355412935,-0.03344603912288196,0.0,0.0,NaClIWater/data/S0_NaClIWater_matrix_BC_s_loss_split0.csv,0,0.18274968896555918,0.10551058211858598,0.07372039401379663,0.042562489328630757,3
NaClIWater,NaCl/NaI/water,"BC S-loss, fixed kappa_D",0.005,298.15,I,NaI,neutral ion-pair NaI: mu_Na + mu_I,0.0225,0.065,0.065,10.534893232067446,kJ/mol,4.249728053477872,0.10918647425523888,10.534893232067446,4.21628201435499,-0.03344603912288196,0.0,0.0,NaClIWater/data/S0_NaClIWater_matrix_BC_s_loss_split0.csv,0,0.1911793649461515,0.11037745781516228,0.07712088699529253,0.04452576486687485,3
NaClIWater,NaCl/NaI/water,"BC S-loss, fixed kappa_D",0.005,298.15,I,NaI,neutral ion-pair NaI: mu_Na + mu_I,0.0225,0.0675,0.0675,10.977503397747427,kJ/mol,4.428274982849606,0.1137738053648718,10.977503397747427,4.394828943726724,-0.03344603912288196,0.0,0.0,NaClIWater/data/S0_NaClIWater_matrix_BC_s_loss_split0.csv,0,0.19958568748402497,0.11523085039529835,0.08051195930412618,0.04648360137722145,3
NaClIWater,NaCl/NaI/water,"BC S-loss, fixed kappa_D",0.005,298.15,I,NaI,neutral ion-pair NaI: mu_Na + mu_I,0.0225,0.07,0.07,11.422421253542913,kJ/mol,4.607752823926524,0.1183850539971445,11.422421253542913,4.574306784803642,-0.03344603912288196,0.0,0.0,NaClIWater/data/S0_NaClIWater_matrix_BC_s_loss_split0.csv,0,0.20736020621723616,0.11971947087873762,0.08364816482942236,0.04829429048148519,3
NaClIWater,NaCl/NaI/water,"BC S-loss, fixed kappa_D",0.005,298.15,I,NaI,neutral ion-pair NaI: mu_Na + mu_I,0.0225,0.07250000000000001,0.07250000000000001,11.86904483999751,kJ/mol,4.787918748999551,0.12301398128192888,11.86904483999751,4.754472709876668,-0.03344603912288196,0.0,0.0,NaClIWater/data/S0_NaClIWater_matrix_BC_s_loss_split0.csv,0,0.213857400165684,0.12347062755385119,0.08626910334141019,0.04980749003691082,3
NaClIWater,NaCl/NaI/water,"BC S-loss, fixed kappa_D",0.005,298.15,I,NaI,neutral ion-pair NaI: mu_Na + mu_I,0.0225,0.07500000000000001,0.07500000000000001,12.31689294508355,kJ/mol,4.968578639323617,0.12765559980800845,12.31689294508355,4.935132600200735,-0.03344603912288196,0.0,0.0,NaClIWater/data/S0_NaClIWater_matrix_BC_s_loss_split0.csv,0,0.21846263836505916,0.1261294630679428,0.08812683550230789,0.05088005220008733,3
NaClIWater,NaCl/NaI/water,"BC S-loss, fixed kappa_D",0.005,298.15,I,NaI,neutral ion-pair NaI: mu_Na + mu_I,0.0225,0.07750000000000001,0.07750000000000001,12.76559406277045,kJ/mol,5.1495826310543125,0.13230605918670335,12.76559406277045,5.11613659193143,-0.03344603912288196,0.0,0.0,NaClIWater/data/S0_NaClIWater_matrix_BC_s_loss_split0.csv,0,0.22066365165783847,0.12740021868501886,0.08901471426200208,0.051392669241004524,3
NaClIWater,NaCl/NaI/water,"BC S-loss, fixed kappa_D",0.005,298.15,I,NaI,neutral ion-pair NaI: mu_Na + mu_I,0.0225,0.08,0.08,13.214858829949007,kJ/mol,5.330813996428409,0.13696236038072132,13.214858829949007,5.297367957305527,-0.03344603912288196,0.0,0.0,NaClIWater/data/S0_NaClIWater_matrix_BC_s_loss_split0.csv,0,0.2201199355295541,0.12708630403199114,0.08879538164679676,0.05126603749657367,3
NaClIWater,NaCl/NaI/water,"BC S-loss, fixed kappa_D",0.005,298.15,I,NaI,neutral ion-pair NaI: mu_Na + mu_I,0.0225,0.0825,0.0825,13.664436963470784,kJ/mol,5.512171772361253,0.14162190938802155,13.664436963470784,5.47872573323837,-0.03344603912288196,0.0,0.0,NaClIWater/data/S0_NaClIWater_matrix_BC_s_loss_split0.csv,0,0.21672723054309703,0.12512752489477916,0.08742677987357401,0.050475874894390114,3
NaClIWater,NaCl/NaI/water,"BC S-loss, fixed kappa_D",0.005,298.15,I,NaI,neutral ion-pair NaI: mu_Na + mu_I,0.0225,0.085,0.085,14.114060698691151,kJ/mol,5.693547943812068,0.14628193102362275,14.114060698691151,5.660101904689186,-0.03344603912288196,0.0,0.0,NaClIWater/data/S0_NaClIWater_matrix_BC_s_loss_split0.csv,0,0.21067754167962469,0.12163473540093993,0.08498636287915635,0.04906689948572814,3
NaClIWater,NaCl/NaI/water,"BC S-loss, fixed kappa_D",0.005,298.15,I,NaI,neutral ion-pair NaI: mu_Na + mu_I,0.0225,0.0875,0.0875,14.563377672372459,kJ/mol,5.87480036905212,0.15093877329991304,14.563377672372459,5.841354329929238,-0.03344603912288196,0.0,0.0,NaClIWater/data/S0_NaClIWater_matrix_BC_s_loss_split0.csv,0,0.2025218723248295,0.11692605750352733,0.08169640292527085,0.04716744022072926,3
NaClIWater,NaCl/NaI/water,"BC S-loss, fixed kappa_D",0.005,298.15,I,NaI,neutral ion-pair NaI: mu_Na + mu_I,0.0225,0.09,0.09,15.011876912333811,kJ/mol,6.055722924225773,0.1555871403634228,15.011876912333811,6.02227688510289,-0.03344603912288196,0.0,0.0,NaClIWater/data/S0_NaClIWater_matrix_BC_s_loss_split0.csv,0,0.19325790728411496,0.11157750479350752,0.07795936152838924,0.04500985836426689,3
NaClIWater,NaCl/NaI/water,"BC S-loss, fixed kappa_D",0.005,298.15,I,NaI,neutral ion-pair NaI: mu_Na + mu_I,0.0225,0.0925,0.0925,15.458812150574369,kJ/mol,6.23601456821294,0.1602192976913557,15.458812150574369,6.202568529090057,-0.03344603912288196,0.0,0.0,NaClIWater/data/S0_NaClIWater_matrix_BC_s_loss_split0.csv,0,0.18449210076701406,0.10651656404119514,0.0744232750160276,0.04296829786447709,3
NaClIWater,NaCl/NaI/water,"BC S-loss, fixed kappa_D",0.005,298.15,I,NaI,neutral ion-pair NaI: mu_Na + mu_I,0.025,0.0,0.0,1.5150178260434384,kJ/mol,0.6111513059532295,0.015702053282893758,1.5150178260434384,0.5777052668303476,-0.03344603912288196,0.0,0.0,NaClIWater/data/S0_NaClIWater_matrix_BC_s_loss_split0.csv,0,0.15148398859658999,0.08745932159415944,0.06110795257346077,0.035280692867914465,3
NaClIWater,NaCl/NaI/water,"BC S-loss, fixed kappa_D",0.005,298.15,I,NaI,neutral ion-pair NaI: mu_Na + mu_I,0.025,0.0025,0.0025,1.7537432342093309,kJ/mol,0.707452050708044,0.018176267786884637,1.7537432342093309,0.674006011585162,-0.03344603912288196,0.0,0.0,NaClIWater/data/S0_NaClIWater_matrix_BC_s_loss_split0.csv,0,0.14319959018779507,0.08267632194276758,0.05776606390420716,0.03335125254511913,3
NaClIWater,NaCl/NaI/water,"BC S-loss, fixed kappa_D",0.005,298.15,I,NaI,neutral ion-pair NaI: mu_Na + mu_I,0.025,0.005,0.005,2.0172934059463796,kJ/mol,0.8137669922701092,0.020907772834675598,2.0172934059463796,0.7803209531472273,-0.03344603912288196,0.0,0.0,NaClIWater/data/S0_NaClIWater_matrix_BC_s_loss_split0.csv,0,0.15947159010649484,0.09207096547608246,0.06433011472251024,0.0371410090520408,3
NaClIWater,NaCl/NaI/water,"BC S-loss, fixed kappa_D",0.005,298.15,I,NaI,neutral ion-pair NaI: mu_Na + mu_I,0.025,0.0075,0.0075,2.3007452585568102,kJ/mol,0.9281101814523335,0.02384554426964769,2.3007452585568102,0.8946641423294516,-0.03344603912288196,0.0,0.0,NaClIWater/data/S0_NaClIWater_matrix_BC_s_loss_split0.csv,0,0.17752324925929086,0.10249309574726861,0.07161207198809921,0.04134524903955594,3
NaClIWater,NaCl/NaI/water,"BC S-loss, fixed kappa_D",0.005,298.15,I,NaI,neutral ion-pair NaI: mu_Na + mu_I,0.025,0.01,0.01,2.5998163539405237,kJ/mol,1.0487541021868865,0.02694519774854598,2.5998163539405237,1.0153080630640046,-0.03344603912288196,0.0,0.0,NaClIWater/data/S0_NaClIWater_matrix_BC_s_loss_split0.csv,0,0.19027763694326272,0.10985684490995862,0.07675713401687412,0.04431575198686646,3
NaClIWater,NaCl/NaI/water,"BC S-loss, fixed kappa_D",0.005,298.15,I,NaI,neutral ion-pair NaI: mu_Na + mu_I,0.025,0.0125,0.0125,2.91092259304345,kJ/mol,1.17425294520347,0.030169586702299963,2.91092259304345,1.140806906080588,-0.03344603912288196,0.0,0.0,NaClIWater/data/S0_NaClIWater_matrix_BC_s_loss_split0.csv,0,0.1973402581291983,0.11393445115284288,0.07960616330685276,0.045960639814364754,3
NaClIWater,NaCl/NaI/water,"BC S-loss, fixed kappa_D",0.005,298.15,I,NaI,neutral ion-pair NaI: mu_Na + mu_I,0.025,0.015,0.015,3.2312021045548462,kJ/mol,1.3034522446212446,0.033489049924924075,3.2312021045548462,1.2700062054983627,-0.03344603912288196,0.0,0.0,NaClIWater/data/S0_NaClIWater_matrix_BC_s_loss_split0.csv,0,0.20008177945541328,0.11551726922852219,0.08071208055086995,0.046599141432899525,3
NaClIWater,NaCl/NaI/water,"BC S-loss, fixed kappa_D",0.005,298.15,I,NaI,neutral ion-pair NaI: mu_Na + mu_I,0.025,0.0175,0.0175,3.558506746817892,kJ/mol,1.435485449858184,0.03688132349702755,3.558506746817892,1.402039410735302,-0.03344603912288196,0.0,0.0,NaClIWater/data/S0_NaClIWater_matrix_BC_s_loss_split0.csv,0,0.19997188351653267,0.11545382077862663,0.08066774902855298,0.04657354661655624,3
NaClIWater,NaCl/NaI/water,"BC S-loss, fixed kappa_D",0.005,298.15,I,NaI,neutral ion-pair NaI: mu_Na + mu_I,0.025,0.02,0.02,3.8913640144829857,kJ/mol,1.5697585589481315,0.040331145976097105,3.8913640144829857,1.5363125198252496,-0.03344603912288196,0.0,0.0,NaClIWater/data/S0_NaClIWater_matrix_BC_s_loss_split0.csv,0,0.19806075544195412,0.11435043047031285,0.07989680864848299,0.046128443980593674,3
NaClIWater,NaCl/NaI/water,"BC S-loss, fixed kappa_D",0.005,298.15,I,NaI,neutral ion-pair NaI: mu_Na + mu_I,0.025,0.0225,0.0225,4.2289133472457,kJ/mol,1.7059244257751396,0.043829598283082305,4.2289133472457,1.6724783866522577,-0.03344603912288196,0.0,0.0,NaClIWater/data/S0_NaClIWater_matrix_BC_s_loss_split0.csv,0,0.1949141031841807,0.11253370994224123,0.07862746342781256,0.04539558717574504,3
NaClIWater,NaCl/NaI/water,"BC S-loss, fixed kappa_D",0.005,298.15,I,NaI,neutral ion-pair NaI: mu_Na + mu_I,0.025,0.025,0.025,4.5708218031396655,kJ/mol,1.843848743063046,0.04737322971766389,4.5708218031396655,1.810402703940164,-0.03344603912288196,0.0,0.0,NaClIWater/data/S0_NaClIWater_matrix_BC_s_loss_split0.csv,0,0.19075147471667978,0.11013041527599317,0.07694827802129156,0.04442610902927085,3
NaClIWater,NaCl/NaI/water,"BC S-loss, fixed kappa_D",0.005,298.15,I,NaI,neutral ion-pair NaI: mu_Na + mu_I,0.025,0.0275,0.0275,4.917184756769939,kJ/mol,1.9835699844940955,0.05096302876796699,4.917184756769939,1.9501239453712136,-0.03344603912288196,0.0,0.0,NaClIWater/data/S0_NaClIWater_matrix_BC_s_loss_split0.csv,0,0.1856479829783001,0.10718391294703263,0.07488955264709724,0.04323750338029224,3
NaClIWater,NaCl/NaI/water,"BC S-loss, fixed kappa_D",0.005,298.15,I,NaI,neutral ion-pair NaI: mu_Na + mu_I,0.025,0.03,0.03,5.268417680787879,kJ/mol,2.125255749847711,0.05460330150458503,5.268417680787879,2.0918097107248292,-0.03344603912288196,0.0,0.0,NaClIWater/data/S0_NaClIWater_matrix_BC_s_loss_split0.csv,0,0.17970807774138756,0.1037545070595403,0.07249342186871698,0.04185409663038085,3
NaClIWater,NaCl/NaI/water,"BC S-loss, fixed kappa_D",0.005,298.15,I,NaI,neutral ion-pair NaI: mu_Na + mu_I,0.025,0.0325,0.0325,5.625145146975781,kJ/mol,2.2691579885424735,0.058300521157889314,5.625145146975781,2.2357119494195916,-0.03344603912288196,0.0,0.0,NaClIWater/data/S0_NaClIWater_matrix_BC_s_loss_split0.csv,0,0.17316625990980494,0.09997758677348659,0.06985448228506817,0.04033050415138606,3
NaClIWater,NaCl/NaI/water,"BC S-loss, fixed kappa_D",0.005,298.15,I,NaI,neutral ion-pair NaI: mu_Na + mu_I,0.025,0.034999999999999996,0.034999999999999996,5.98809294456674,kJ/mol,2.415569480656629,0.06206221000320511,5.98809294456674,2.382123441533747,-0.03344603912288196,0.0,0.0,NaClIWater/data/S0_NaClIWater_matrix_BC_s_loss_split0.csv,0,0.16640816897523908,0.09607580115320702,0.06712829911453928,0.038756541564020974,3
NaClIWater,NaCl/NaI/water,"BC S-loss, fixed kappa_D",0.005,298.15,I,NaI,neutral ion-pair NaI: mu_Na + mu_I,0.025,0.0375,0.0375,6.35798870321894,kJ/mol,2.564783748687539,0.06589590939051959,6.35798870321894,2.531337709564657,-0.03344603912288196,0.0,0.0,NaClIWater/data/S0_NaClIWater_matrix_BC_s_loss_split0.csv,0,0.15992782400923122,0.09233437224264075,0.06451415740549672,0.037247266144605426,3
NaClIWater,NaCl/NaI/water,"BC S-loss, fixed kappa_D",0.005,298.15,I,NaI,neutral ion-pair NaI: mu_Na + mu_I,0.025,0.04,0.04,6.735475609621829,kJ/mol,2.717060251222734,0.06980828548012141,6.735475609621829,2.6836142120998523,-0.03344603912288196,0.0,0.0,NaClIWater/data/S0_NaClIWater_matrix_BC_s_loss_split0.csv,0,0.15424642806626007,0.08905421676559351,0.0622223081014843,0.03592406633199179,3
NaClIWater,NaCl/NaI/water,"BC S-loss, fixed kappa_D",0.005,298.15,I,NaI,neutral ion-pair NaI: mu_Na + mu_I,0.025,0.0425,0.0425,7.121042815718221,kJ/mol,2.8725963099329714,0.07380440797464871,7.121042815718221,2.8391502708100895,-0.03344603912288196,0.0,0.0,NaClIWater/data/S0_NaClIWater_matrix_BC_s_loss_split0.csv,0,0.14982260186132415,0.08650011951532563,0.060437756714708045,0.03489375510845381,3
NaClIWater,NaCl/NaI/water,"BC S-loss, fixed kappa_D",0.005,298.15,I,NaI,neutral ion-pair NaI: mu_Na + mu_I,0.025,0.045,0.045,7.514975002671117,kJ/mol,3.031506763905657,0.07788722738644083,7.514975002671117,2.9980607247827753,-0.03344603912288196,0.0,0.0,NaClIWater/data/S0_NaClIWater_matrix_BC_s_loss_split0.csv,0,0.14698493739686783,0.08486179317290193,0.05929305576565141,0.034232861707374336,3
NaClIWater,NaCl/NaI/water,"BC S-loss, fixed kappa_D",0.005,298.15,I,NaI,neutral ion-pair NaI: mu_Na + mu_I,0.025,0.0475,0.0475,7.9173223057077315,kJ/mol,3.193811837463608,0.08205726333051189,7.9173223057077315,3.160365798340726,-0.03344603912288196,0.0,0.0,NaClIWater/data/S0_NaClIWater_matrix_BC_s_loss_split0.csv,0,0.1459096718091785,0.08424098829639916,0.058859298514174624,0.03398243184147126,3
NaClIWater,NaCl/NaI/water,"BC S-loss, fixed kappa_D",0.005,298.15,I,NaI,neutral ion-pair NaI: mu_Na + mu_I,0.025,0.05,0.05,8.32789056980731,kJ/mol,3.3594332093537984,0.0863125035318717,8.32789056980731,3.3259871702309165,-0.03344603912288196,0.0,0.0,NaClIWater/data/S0_NaClIWater_matrix_BC_s_loss_split0.csv,0,0.14664479212112813,0.08466541020639004,0.05915584270722507,0.034153641711155557,3
NaClIWater,NaCl/NaI/water,"BC S-loss, fixed kappa_D",0.005,298.15,I,NaI,neutral ion-pair NaI: mu_Na + mu_I,0.025,0.052500000000000005,0.052500000000000005,8.746250689812495,kJ/mol,3.528197780505839,0.09064850062895857,8.746250689812495,3.494751741382957,-0.03344603912288196,0.0,0.0,NaClIWater/data/S0_NaClIWater_matrix_BC_s_loss_split0.csv,0,0.14915616037687304,0.08611534934487865,0.06016891724855612,0.03473854057030219,3
NaClIWater,NaCl/NaI/water,"BC S-loss, fixed kappa_D",0.005,298.15,I,NaI,neutral ion-pair NaI: mu_Na + mu_I,0.025,0.055,0.055,9.171764700495823,kJ/mol,3.6998481986462366,0.09505864257812391,9.171764700495823,3.6664021595233547,-0.03344603912288196,0.0,0.0,NaClIWater/data/S0_NaClIWater_matrix_BC_s_loss_split0.csv,0,0.1533603929977348,0.08854266418026899,0.06186488558147101,0.03571770834384769,3
NaClIWater,NaCl/NaI/water,"BC S-loss, fixed kappa_D",0.005,298.15,I,NaI,neutral ion-pair NaI: mu_Na + mu_I,0.025,0.0575,0.0575,9.60362535395055,kJ/mol,3.8740588236379883,0.09953456284438289,9.60362535395055,3.8406127845151063,-0.03344603912288196,0.0,0.0,NaClIWater/data/S0_NaClIWater_matrix_BC_s_loss_split0.csv,0,0.15912246905068198,0.09186940034052914,0.06418928087519304,0.0370596985923812,3
NaClIWater,NaCl/NaI/water,"BC S-loss, fixed kappa_D",0.005,298.15,I,NaI,neutral ion-pair NaI: mu_Na + mu_I,0.025,0.06,0.06,10.040905228536747,kJ/mol,4.0504555378062586,0.10406664937977439,10.040905228536747,4.017009498683376,-0.03344603912288196,0.0,0.0,NaClIWater/data/S0_NaClIWater_matrix_BC_s_loss_split0.csv,0,0.1662224894683046,0.0959685990398954,0.06705339684527169,0.038713296718696416,3
NaClIWater,NaCl/NaI/water,"BC S-loss, fixed kappa_D",0.005,298.15,I,NaI,neutral ion-pair NaI: mu_Na + mu_I,0.025,0.0625,0.0625,10.48261094534225,kJ/mol,4.22863761661234,0.10864460653738206,10.48261094534225,4.1951915774894575,-0.03344603912288196,0.0,0.0,NaClIWater/data/S0_NaClIWater_matrix_BC_s_loss_split0.csv,0,0.1743160538682209,0.10064142062489065,0.07031830394259811,0.04059829171021694,3
NaClIWater,NaCl/NaI/water,"BC S-loss, fixed kappa_D",0.005,298.15,I,NaI,neutral ion-pair NaI: mu_Na + mu_I,0.025,0.065,0.065,10.927737907722182,kJ/mol,4.4081998103351285,0.11325802240668283,10.927737907722182,4.374753771212246,-0.03344603912288196,0.0,0.0,NaClIWater/data/S0_NaClIWater_matrix_BC_s_loss_split0.csv,0,0.18291479927340848,0.10560590859926876,0.07378699876163101,0.04260094359772225,3
NaClIWater,NaCl/NaI/water,"BC S-loss, fixed kappa_D",0.005,298.15,I,NaI,neutral ion-pair NaI: mu_Na + mu_I,0.025,0.0675,0.0675,11.375321052705086,kJ/mol,4.588752816957713,0.11789689481480538,11.375321052705086,4.555306777834831,-0.03344603912288196,0.0,0.0,NaClIWater/data/S0_NaClIWater_matrix_BC_s_loss_split0.csv,0,0.19140091755441763,0.1105053712731844,0.07721026031061021,0.04457736457453188,3
NaClIWater,NaCl/NaI/water,"BC S-loss, fixed kappa_D",0.005,298.15,I,NaI,neutral ion-pair NaI: mu_Na + mu_I,0.025,0.07,0.07,11.824477485831833,kJ/mol,4.76994048086764,0.12255207320549745,11.824477485831833,4.736494441744758,-0.03344603912288196,0.0,0.0,NaClIWater/data/S0_NaClIWater_matrix_BC_s_loss_split0.csv,0,0.19907372871645115,0.11493527086302562,0.0803054374639084,0.04636436593717818,3
NaClIWater,NaCl/NaI/water,"BC S-loss, fixed kappa_D",0.005,298.15,I,NaI,neutral ion-pair NaI: mu_Na + mu_I,0.025,0.07250000000000001,0.07250000000000001,12.274437455120651,kJ/mol,4.951452287613637,0.12721557966165165,12.274437455120651,4.918006248490754,-0.03344603912288196,0.0,0.0,NaClIWater/data/S0_NaClIWater_matrix_BC_s_loss_split0.csv,0,0.20521712721396207,0.11848216363930268,0.08278365649882949,0.04779516636410072,3
NaClIWater,NaCl/NaI/water,"BC S-loss, fixed kappa_D",0.005,298.15,I,NaI,neutral ion-pair NaI: mu_Na + mu_I,0.025,0.07500000000000001,0.07500000000000001,12.724560935986489,kJ/mol,5.133030054186716,0.13188078079588195,12.724560935986489,5.099584015063834,-0.03344603912288196,0.0,0.0,NaClIWater/data/S0_NaClIWater_matrix_BC_s_loss_split0.csv,0,0.20917559656879087,0.12076758698689197,0.08438048504710896,0.04871709575629955,3
NaClIWater,NaCl/NaI/water,"BC S-loss, fixed kappa_D",0.005,298.15,I,NaI,neutral ion-pair NaI: mu_Na + mu_I,0.025,0.07750000000000001,0.07750000000000001,13.174338047365245,kJ/mol,5.3144680968828,0.1365423920633475,13.174338047365245,5.281022057759918,-0.03344603912288196,0.0,0.0,NaClIWater/data/S0_NaClIWater_matrix_BC_s_loss_split0.csv,0,0.21042992906561045,0.12149177619158405,0.08488647707595119,0.04900923039035942,3
NaClIWater,NaCl/NaI/water,"BC S-loss, fixed kappa_D",0.005,298.15,I,NaI,neutral ion-pair NaI: mu_Na + mu_I,0.025,0.08,0.08,13.623372584416218,kJ/mol,5.495606588469722,0.14119630709024025,13.623372584416218,5.46216054934684,-0.03344603912288196,0.0,0.0,NaClIWater/data/S0_NaClIWater_matrix_BC_s_loss_split0.csv,0,0.20866827333838933,0.1204746837832535,0.0841758331615205,0.04859893993506489,3
NaClIWater,NaCl/NaI/water,"BC S-loss, fixed kappa_D",0.005,298.15,I,NaI,neutral ion-pair NaI: mu_Na + mu_I,0.025,0.0825,0.0825,14.071349036946257,kJ/mol,5.676318253569416,0.14583925584383908,14.071349036946257,5.642872214446534,-0.03344603912288196,0.0,0.0,NaClIWater/data/S0_NaClIWater_matrix_BC_s_loss_split0.csv,0,0.2038529279273308,0.11769454281393783,0.08223334470627268,0.04747744370252982,3
NaClIWater,NaCl/NaI/water,"BC S-loss, fixed kappa_D",0.005,298.15,I,NaI,neutral ion-pair NaI: mu_Na + mu_I,0.025,0.085,0.085,14.517984540463832,kJ/mol,5.856488985931491,0.15046830664027766,14.517984540463832,5.8230429468086085,-0.03344603912288196,0.0,0.0,NaClIWater/data/S0_NaClIWater_matrix_BC_s_loss_split0.csv,0,0.1962903418651612,0.11332828171517449,0.07918263185733618,0.04571611381797608,3
NaClIWater,NaCl/NaI/water,"BC S-loss, fixed kappa_D",0.005,298.15,I,NaI,neutral ion-pair NaI: mu_Na + mu_I,0.025,0.0875,0.0875,14.962968188929054,kJ/mol,6.035993367472382,0.15508023716552088,14.962968188929054,6.0025473283494994,-0.03344603912288196,0.0,0.0,NaClIWater/data/S0_NaClIWater_matrix_BC_s_loss_split0.csv,0,0.1867257185480909,0.10780614386836658,0.07532430627812904,0.04348850850619962,3
NaClIWater,NaCl/NaI/water,"BC S-loss, fixed kappa_D",0.005,298.15,I,NaI,neutral ion-pair NaI: mu_Na + mu_I,0.025,0.09,0.09,15.405890984466865,kJ/mol,6.214666410308003,0.1596708084553029,15.405890984466865,6.181220371185121,-0.03344603912288196,0.0,0.0,NaClIWater/data/S0_NaClIWater_matrix_BC_s_loss_split0.csv,0,0.17650929917219782,0.1019076913915406,0.07120304913091151,0.04110909958285391,3
NaClIWater,NaCl/NaI/water,"BC S-loss, fixed kappa_D",0.005,298.15,I,NaI,neutral ion-pair NaI: mu_Na + mu_I,0.0275,0.0,0.0,1.7562320788853245,kJ/mol,0.7084560393396633,0.018202062844238753,1.7562320788853245,0.6750100002167814,-0.03344603912288196,0.0,0.0,NaClIWater/data/S0_NaClIWater_matrix_BC_s_loss_split0.csv,0,0.17273818848988384,0.09973043962396276,0.06968180021966337,0.040230806114440375,3
NaClIWater,NaCl/NaI/water,"BC S-loss, fixed kappa_D",0.005,298.15,I,NaI,neutral ion-pair NaI: mu_Na + mu_I,0.0275,0.0025,0.0025,1.9907118101978576,kJ/mol,0.8030440973465188,0.020632274008448803,1.9907118101978576,0.7695980582236369,-0.03344603912288196,0.0,0.0,NaClIWater/data/S0_NaClIWater_matrix_BC_s_loss_split0.csv,0,0.15497392793029616,0.08947423900793015,0.06251577824047776,0.03609350139573878,3
NaClIWater,NaCl/NaI/water,"BC S-loss, fixed kappa_D",0.005,298.15,I,NaI,neutral ion-pair NaI: mu_Na + mu_I,0.0275,0.005,0.005,2.2529366576441023,kJ/mol,0.9088244091126748,0.023350043037908108,2.2529366576441023,0.8753783699897929,-0.03344603912288196,0.0,0.0,NaClIWater/data/S0_NaClIWater_matrix_BC_s_loss_split0.csv,0,0.16440424615615953,0.0949188357741762,0.06631992575624797,0.03828982698800576,3
NaClIWater,NaCl/NaI/water,"BC S-loss, fixed kappa_D",0.005,298.15,I,NaI,neutral ion-pair NaI: mu_Na + mu_I,0.0275,0.0075,0.0075,2.537658761385747,kJ/mol,1.0236800118285123,0.02630097969813505,2.537658761385747,0.9902339727056304,-0.03344603912288196,0.0,0.0,NaClIWater/data/S0_NaClIWater_matrix_BC_s_loss_split0.csv,0,0.1796080933917588,0.10369678106836738,0.07245308863646059,0.04183081022788034,3
NaClIWater,NaCl/NaI/water,"BC S-loss, fixed kappa_D",0.005,298.15,I,NaI,neutral ion-pair NaI: mu_Na + mu_I,0.0275,0.01,0.01,2.840229036049425,kJ/mol,1.1457354855824116,0.02943689961466589,2.840229036049425,1.1122894464595297,-0.03344603912288196,0.0,0.0,NaClIWater/data/S0_NaClIWater_matrix_BC_s_loss_split0.csv,0,0.1919720359848056,0.11083510665270806,0.07744064688995315,0.04471037832813321,3
NaClIWater,NaCl/NaI/water,"BC S-loss, fixed kappa_D",0.005,298.15,I,NaI,neutral ion-pair NaI: mu_Na + mu_I,0.0275,0.0125,0.0125,3.1566740934256234,kJ/mol,1.273387983627912,0.032716621520648914,3.1566740934256234,1.2399419445050301,-0.03344603912288196,0.0,0.0,NaClIWater/data/S0_NaClIWater_matrix_BC_s_loss_split0.csv,0,0.19998442897431012,0.11546106390205155,0.080672809809207,0.04657646845962915,3
NaClIWater,NaCl/NaI/water,"BC S-loss, fixed kappa_D",0.005,298.15,I,NaI,neutral ion-pair NaI: mu_Na + mu_I,0.0275,0.015,0.015,3.4837386660753973,kJ/mol,1.4053243458738656,0.03610640694654421,3.4837386660753973,1.3718783067509837,-0.03344603912288196,0.0,0.0,NaClIWater/data/S0_NaClIWater_matrix_BC_s_loss_split0.csv,0,0.20433566027434968,0.11797324846443571,0.08242807674125917,0.04758987229534911,3
NaClIWater,NaCl/NaI/water,"BC S-loss, fixed kappa_D",0.005,298.15,I,NaI,neutral ion-pair NaI: mu_Na + mu_I,0.0275,0.0175,0.0175,3.8188941451224694,kJ/mol,1.540524542990969,0.03958004870810328,3.8188941451224694,1.5070785038680872,-0.03344603912288196,0.0,0.0,NaClIWater/data/S0_NaClIWater_matrix_BC_s_loss_split0.csv,0,0.20599860713647825,0.11893335128293368,0.0830989019480985,0.04797717340909699,3
NaClIWater,NaCl/NaI/water,"BC S-loss, fixed kappa_D",0.005,298.15,I,NaI,neutral ion-pair NaI: mu_Na + mu_I,0.0275,0.02,0.02,4.16031531864912,kJ/mol,1.678252292786379,0.043118629816831344,4.16031531864912,1.644806253663497,-0.03344603912288196,0.0,0.0,NaClIWater/data/S0_NaClIWater_matrix_BC_s_loss_split0.csv,0,0.20562738404073622,0.11871902552867762,0.08294915223831754,0.04789071537384389,3
NaClIWater,NaCl/NaI/water,"BC S-loss, fixed kappa_D",0.005,298.15,I,NaI,neutral ion-pair NaI: mu_Na + mu_I,0.0275,0.0225,0.0225,4.506828729005802,kJ/mol,1.8180342277771042,0.046709988241218525,4.506828729005802,1.7845881886542223,-0.03344603912288196,0.0,0.0,NaClIWater/data/S0_NaClIWater_matrix_BC_s_loss_split0.csv,0,0.20349681171192407,0.11748893902110996,0.08208968904336517,0.047394504066879554,3
NaClIWater,NaCl/NaI/water,"BC S-loss, fixed kappa_D",0.005,298.15,I,NaI,neutral ion-pair NaI: mu_Na + mu_I,0.0275,0.025,0.025,4.857837194508491,kJ/mol,1.9596294475857303,0.05034793462925791,4.857837194508491,1.9261834084628484,-0.03344603912288196,0.0,0.0,NaClIWater/data/S0_NaClIWater_matrix_BC_s_loss_split0.csv,0,0.19965760498478594,0.11527237198372213,0.08054097049710053,0.0465003509972947,3
NaClIWater,NaCl/NaI/water,"BC S-loss, fixed kappa_D",0.005,298.15,I,NaI,neutral ion-pair NaI: mu_Na + mu_I,0.0275,0.0275,0.0275,5.213225914117142,kJ/mol,2.1029916419944223,0.05403127915201366,5.213225914117142,2.0695456028715404,-0.03344603912288196,0.0,0.0,NaClIWater/data/S0_NaClIWater_matrix_BC_s_loss_split0.csv,0,0.19413527744247056,0.11208405469061307,0.07831328866301844,0.045214198290718564,3
NaClIWater,NaCl/NaI/water,"BC S-loss, fixed kappa_D",0.005,298.15,I,NaI,neutral ion-pair NaI: mu_Na + mu_I,0.0275,0.03,0.03,5.573256148020412,kJ/mol,2.248226202175974,0.05776272958053141,5.573256148020412,2.214780163053092,-0.03344603912288196,0.0,0.0,NaClIWater/data/S0_NaClIWater_matrix_BC_s_loss_split0.csv,0,0.18708165482834874,0.1080116437755878,0.075467889356015,0.04357140623486816,3
NaClIWater,NaCl/NaI/water,"BC S-loss, fixed kappa_D",0.005,298.15,I,NaI,neutral ion-pair NaI: mu_Na + mu_I,0.0275,0.0325,0.0325,5.9384527272994365,kJ/mol,2.3955448426033965,0.061547725405659996,5.9384527272994365,2.3620988034805146,-0.03344603912288196,0.0,0.0,NaClIWater/data/S0_NaClIWater_matrix_BC_s_loss_split0.csv,0,0.1788468214295736,0.10325726049607324,0.0721459949865528,0.041653509626439655,3
NaClIWater,NaCl/NaI/water,"BC S-loss, fixed kappa_D",0.005,298.15,I,NaI,neutral ion-pair NaI: mu_Na + mu_I,0.0275,0.034999999999999996,0.034999999999999996,6.309491592692699,kJ/mol,2.5452202346987467,0.06539327225948455,6.309491592692699,2.511774195575865,-0.03344603912288196,0.0,0.0,NaClIWater/data/S0_NaClIWater_matrix_BC_s_loss_split0.csv,0,0.169975142326413,0.0981351941776995,0.06856719995411788,0.039587291351088856,3
NaClIWater,NaCl/NaI/water,"BC S-loss, fixed kappa_D",0.005,298.15,I,NaI,neutral ion-pair NaI: mu_Na + mu_I,0.0275,0.0375,0.0375,6.687093171314377,kJ/mol,2.6975429954858683,0.06930683684288397,6.687093171314377,2.6640969563629864,-0.03344603912288196,0.0,0.0,NaClIWater/data/S0_NaClIWater_matrix_BC_s_loss_split0.csv,0,0.16114378586532996,0.09303640814758367,0.06500467089224878,0.037530464238222865,3
NaClIWater,NaCl/NaI/water,"BC S-loss, fixed kappa_D",0.005,298.15,I,NaI,neutral ion-pair NaI: mu_Na + mu_I,0.0275,0.04,0.04,7.071926759110886,kJ/mol,2.8527831159078967,0.07329535591952663,7.071926759110886,2.8193370767850148,-0.03344603912288196,0.0,0.0,NaClIWater/data/S0_NaClIWater_matrix_BC_s_loss_split0.csv,0,0.15306590814866985,0.08837264327338908,0.06174609173165897,0.03564912268268063,3
NaClIWater,NaCl/NaI/water,"BC S-loss, fixed kappa_D",0.005,298.15,I,NaI,neutral ion-pair NaI: mu_Na + mu_I,0.0275,0.0425,0.0425,7.464530170462455,kJ/mol,3.0111575478416928,0.07736440354267415,7.464530170462455,2.977711508718811,-0.03344603912288196,0.0,0.0,NaClIWater/data/S0_NaClIWater_matrix_BC_s_loss_split0.csv,0,0.14638328734554734,0.0845144303538141,0.059050352869176634,0.03409273712476152,3
NaClIWater,NaCl/NaI/water,"BC S-loss, fixed kappa_D",0.005,298.15,I,NaI,neutral ion-pair NaI: mu_Na + mu_I,0.0275,0.045,0.045,7.865247812065148,kJ/mol,3.1728052233832758,0.08151754923619592,7.865247812065148,3.139359184260394,-0.03344603912288196,0.0,0.0,NaClIWater/data/S0_NaClIWater_matrix_BC_s_loss_split0.csv,0,0.14157768239827823,0.08173991304388928,0.05711179367275514,0.03297350945086754,3
NaClIWater,NaCl/NaI/water,"BC S-loss, fixed kappa_D",0.005,298.15,I,NaI,neutral ion-pair NaI: mu_Na + mu_I,0.0275,0.0475,0.0475,8.274189144175017,kJ/mol,3.3377702983024893,0.08575592747570226,8.274189144175017,3.3043242591796074,-0.03344603912288196,0.0,0.0,NaClIWater/data/S0_NaClIWater_matrix_BC_s_loss_split0.csv,0,0.1389293950705922,0.08021092364235828,0.05604348660003839,0.032356722074857354,3
NaClIWater,NaCl/NaI/water,"BC S-loss, fixed kappa_D",0.005,298.15,I,NaI,neutral ion-pair NaI: mu_Na + mu_I,0.0275,0.05,0.05,8.691208185995471,kJ/mol,3.505993884609406,0.09007802527685271,8.691208185995471,3.472547845486524,-0.03344603912288196,0.0,0.0,NaClIWater/data/S0_NaClIWater_matrix_BC_s_loss_split0.csv,0,0.13853380087392594,0.07998252722642316,0.055883905698900456,0.032264587998627844,3
NaClIWater,NaCl/NaI/water,"BC S-loss, fixed kappa_D",0.005,298.15,I,NaI,neutral ion-pair NaI: mu_Na + mu_I,0.0275,0.052500000000000005,0.052500000000000005,9.11590348143171,kJ/mol,3.6773140367398187,0.09447968184042566,9.11590348143171,3.643867997616937,-0.03344603912288196,0.0,0.0,NaClIWater/data/S0_NaClIWater_matrix_BC_s_loss_split0.csv,0,0.14035444630274088,0.08103367735484833,0.05661834579087203,0.03268861718343128,3
NaClIWater,NaCl/NaI/water,"BC S-loss, fixed kappa_D",0.005,298.15,I,NaI,neutral ion-pair NaI: mu_Na + mu_I,0.0275,0.055,0.055,9.547636739561387,kJ/mol,3.8514732710363995,0.0989542817471829,9.547636739561387,3.8180272319135176,-0.03344603912288196,0.0,0.0,NaClIWater/data/S0_NaClIWater_matrix_BC_s_loss_split0.csv,0,0.14426944698627625,0.08329400405336504,0.05819763927469774,0.03360042270144748,3
NaClIWater,NaCl/NaI/water,"BC S-loss, fixed kappa_D",0.005,298.15,I,NaI,neutral ion-pair NaI: mu_Na + mu_I,0.0275,0.0575,0.0575,9.985567330013778,kJ/mol,4.028132481027882,0.10349311247728112,9.985567330013778,3.9946864419049994,-0.03344603912288196,0.0,0.0,NaClIWater/data/S0_NaClIWater_matrix_BC_s_loss_split0.csv,0,0.15007882580694495,0.08664805047930263,0.0605411162899494,0.034953429787042724,3
NaClIWater,NaCl/NaI/water,"BC S-loss, fixed kappa_D",0.005,298.15,I,NaI,neutral ion-pair NaI: mu_Na + mu_I,0.0275,0.06,0.06,10.428698960447576,kJ/mol,4.206889766911484,0.10808584818823876,10.428698960447576,4.173443727788602,-0.03344603912288196,0.0,0.0,NaClIWater/data/S0_NaClIWater_matrix_BC_s_loss_split0.csv,0,0.1574750525569239,0.09091826398439048,0.06352472054837603,0.036676014508800654,3
NaClIWater,NaCl/NaI/water,"BC S-loss, fixed kappa_D",0.005,298.15,I,NaI,neutral ion-pair NaI: mu_Na + mu_I,0.0275,0.0625,0.0625,10.875934266718561,kJ/mol,4.387302456978451,0.11272111550215413,10.875934266718561,4.353856417855568,-0.03344603912288196,0.0,0.0,NaClIWater/data/S0_NaClIWater_matrix_BC_s_loss_split0.csv,0,0.16600679097277776,0.09584406545543918,0.06696638505242858,0.03866306043667577,3
NaClIWater,NaCl/NaI/water,"BC S-loss, fixed kappa_D",0.005,298.15,I,NaI,neutral ion-pair NaI: mu_Na + mu_I,0.0275,0.065,0.065,11.326132689217749,kJ/mol,4.568910454665848,0.11738709335168096,11.326132689217749,4.5354644155429655,-0.03344603912288196,0.0,0.0,NaClIWater/data/S0_NaClIWater_matrix_BC_s_loss_split0.csv,0,0.17506747154434865,0.10107525182247686,0.07062142241829361,0.04077329724375609,3
NaClIWater,NaCl/NaI/water,"BC S-loss, fixed kappa_D",0.005,298.15,I,NaI,neutral ion-pair NaI: mu_Na + mu_I,0.0275,0.0675,0.0675,11.778166969876619,kJ/mol,4.751259029191714,0.12207209853022506,11.778166969876619,4.717812990068832,-0.03344603912288196,0.0,0.0,NaClIWater/data/S0_NaClIWater_matrix_BC_s_loss_split0.csv,0,0.18392214619309594,0.10618750061451765,0.07419335793109579,0.04283555517360041,3
NaClIWater,NaCl/NaI/water,"BC S-loss, fixed kappa_D",0.005,298.15,I,NaI,neutral ion-pair NaI: mu_Na + mu_I,0.0275,0.07,0.07,12.230973803973693,kJ/mol,4.933919248263645,0.12676511066092647,12.230973803973693,4.900473209140762,-0.03344603912288196,0.0,0.0,NaClIWater/data/S0_NaClIWater_matrix_BC_s_loss_split0.csv,0,0.19176683896487734,0.11071663609801555,0.07735787134464171,0.04466258784476533,3
NaClIWater,NaCl/NaI/water,"BC S-loss, fixed kappa_D",0.005,298.15,I,NaI,neutral ion-pair NaI: mu_Na + mu_I,0.0275,0.07250000000000001,0.07250000000000001,12.683594665174132,kJ/mol,5.116504446714235,0.13145619531837838,12.683594665174132,5.083058407591353,-0.03344603912288196,0.0,0.0,NaClIWater/data/S0_NaClIWater_matrix_BC_s_loss_split0.csv,0,0.19780592971234096,0.11420330676672424,0.07979401310722532,0.04606909494717707,3
NaClIWater,NaCl/NaI/water,"BC S-loss, fixed kappa_D",0.005,298.15,I,NaI,neutral ion-pair NaI: mu_Na + mu_I,0.0275,0.07500000000000001,0.07500000000000001,13.135203525792797,kJ/mol,5.298681408729224,0.13613679132890869,13.135203525792797,5.265235369606342,-0.03344603912288196,0.0,0.0,NaClIWater/data/S0_NaClIWater_matrix_BC_s_loss_split0.csv,0,0.20133430732220778,0.11624041652958352,0.08121734460016067,0.046890855767769364,3
NaClIWater,NaCl/NaI/water,"BC S-loss, fixed kappa_D",0.005,298.15,I,NaI,neutral ion-pair NaI: mu_Na + mu_I,0.0275,0.07750000000000001,0.07750000000000001,13.585119088385543,kJ/mol,5.480175302015834,0.14079983754209024,13.585119088385543,5.446729262892951,-0.03344603912288196,0.0,0.0,NaClIWater/data/S0_NaClIWater_matrix_BC_s_loss_split0.csv,0,0.20181649938267637,0.11651881024549615,0.08141185868600799,0.047003158527594485,3
NaClIWater,NaCl/NaI/water,"BC S-loss, fixed kappa_D",0.005,298.15,I,NaI,neutral ion-pair NaI: mu_Na + mu_I,0.0275,0.08,0.08,14.032800151167674,kJ/mol,5.660767808233635,0.14543972479668812,14.032800151167674,5.627321769110752,-0.03344603912288196,0.0,0.0,NaClIWater/data/S0_NaClIWater_matrix_BC_s_loss_split0.csv,0,0.1989611735119693,0.11487028708541931,0.08026003320593328,0.046338151776613885,3
NaClIWater,NaCl/NaI/water,"BC S-loss, fixed kappa_D",0.005,298.15,I,NaI,neutral ion-pair NaI: mu_Na + mu_I,0.0275,0.0825,0.0825,14.477823835159652,kJ/mol,5.840288339924077,0.15005207026092648,14.477823835159652,5.806842300801194,-0.03344603912288196,0.0,0.0,NaClIWater/data/S0_NaClIWater_matrix_BC_s_loss_split0.csv,0,0.19279699772154363,0.11131139853348489,0.07777343270547417,0.04490251230830676,3
NaClIWater,NaCl/NaI/water,"BC S-loss, fixed kappa_D",0.005,298.15,I,NaI,neutral ion-pair NaI: mu_Na + mu_I,0.0275,0.085,0.085,14.919847496379829,kJ/mol,6.0185986760621235,0.15463332268018348,14.919847496379829,5.985152636939241,-0.03344603912288196,0.0,0.0,NaClIWater/data/S0_NaClIWater_matrix_BC_s_loss_split0.csv,0,0.18376911468934892,0.10609914783463481,0.07413162571794314,0.04279991406371906,3
NaClIWater,NaCl/NaI/water,"BC S-loss, fixed kappa_D",0.005,298.15,I,NaI,neutral ion-pair NaI: mu_Na + mu_I,0.0275,0.0875,0.0875,15.358556193295769,kJ/mol,6.195571770664859,0.15918021791549108,15.358556193295769,6.162125731541977,-0.03344603912288196,0.0,0.0,NaClIWater/data/S0_NaClIWater_matrix_BC_s_loss_split0.csv,0,0.1729013124473447,0.09982461928471406,0.06974760368277826,0.04026879776158336,3
NaClIWater,NaCl/NaI/water,"BC S-loss, fixed kappa_D",0.005,298.15,I,NaI,neutral ion-pair NaI: mu_Na + mu_I,0.03,0.0,0.0,2.0031819305331067,kJ/mol,0.8080744872186859,0.020761517698247186,2.0031819305331067,0.774628448095804,-0.03344603912288196,0.0,0.0,NaClIWater/data/S0_NaClIWater_matrix_BC_s_loss_split0.csv,0,0.1972687433105211,0.11389316205302856,0.07957731455400092,0.04594398397913996,3
NaClIWater,NaCl/NaI/water,"BC S-loss, fixed kappa_D",0.005,298.15,I,NaI,neutral ion-pair NaI: mu_Na + mu_I,0.03,0.0025,0.0025,2.2346768945861424,kJ/mol,0.9014585036774811,0.023160793929719144,2.2346768945861424,0.8680124645545992,-0.03344603912288196,0.0,0.0,NaClIWater/data/S0_NaClIWater_matrix_BC_s_loss_split0.csv,0,0.1707973957372264,0.09860992240577471,0.06889889324326907,0.03977879456086869,3
NaClIWater,NaCl/NaI/water,"BC S-loss, fixed kappa_D",0.005,298.15,I,NaI,neutral ion-pair NaI: mu_Na + mu_I,0.03,0.005,0.005,2.49637834197615,kJ/mol,1.0070276782395684,0.0258731382998576,2.49637834197615,0.9735816391166865,-0.03344603912288196,0.0,0.0,NaClIWater/data/S0_NaClIWater_matrix_BC_s_loss_split0.csv,0,0.1724918646992157,0.0995882245171127,0.06958243432193843,0.04017343718664061,3
NaClIWater,NaCl/NaI/water,"BC S-loss, fixed kappa_D",0.005,298.15,I,NaI,neutral ion-pair NaI: mu_Na + mu_I,0.03,0.0075,0.0075,2.7828276267392584,kJ/mol,1.1225800179302057,0.02884197592993587,2.7828276267392584,1.0891339788073238,-0.03344603912288196,0.0,0.0,NaClIWater/data/S0_NaClIWater_matrix_BC_s_loss_split0.csv,0,0.18339994345726865,0.1058860067244162,0.07398270372063893,0.04271393390848722,3
NaClIWater,NaCl/NaI/water,"BC S-loss, fixed kappa_D",0.005,298.15,I,NaI,neutral ion-pair NaI: mu_Na + mu_I,0.03,0.01,0.01,3.089107826091116,kJ/mol,1.246132058443382,0.03201634650633878,3.089107826091116,1.2126860193205,-0.03344603912288196,0.0,0.0,NaClIWater/data/S0_NaClIWater_matrix_BC_s_loss_split0.csv,0,0.1942111204300899,0.11212784265993124,0.07834388337955193,0.04523186215854496,3
NaClIWater,NaCl/NaI/water,"BC S-loss, fixed kappa_D",0.005,298.15,I,NaI,neutral ion-pair NaI: mu_Na + mu_I,0.03,0.0125,0.0125,3.4109390000043502,kJ/mol,1.3759572914224523,0.03535189157651075,3.4109390000043502,1.3425112522995704,-0.03344603912288196,0.0,0.0,NaClIWater/data/S0_NaClIWater_matrix_BC_s_loss_split0.csv,0,0.2024151744847662,0.11686445547684485,0.08165336150148292,0.04714259024311899,3
NaClIWater,NaCl/NaI/water,"BC S-loss, fixed kappa_D",0.005,298.15,I,NaI,neutral ion-pair NaI: mu_Na + mu_I,0.03,0.015,0.015,3.744738979955749,kJ/mol,1.510610686364493,0.038811484579923665,3.744738979955749,1.4771646472416111,-0.03344603912288196,0.0,0.0,NaClIWater/data/S0_NaClIWater_matrix_BC_s_loss_split0.csv,0,0.20795405253377822,0.12006232820945044,0.08388771973475198,0.04843259757056294,3
NaClIWater,NaCl/NaI/water,"BC S-loss, fixed kappa_D",0.005,298.15,I,NaI,neutral ion-pair NaI: mu_Na + mu_I,0.03,0.0175,0.0175,4.087649434668756,kJ/mol,1.6489392054223682,0.04236550100046088,4.087649434668756,1.6154931662994862,-0.03344603912288196,0.0,0.0,NaClIWater/data/S0_NaClIWater_matrix_BC_s_loss_split0.csv,0,0.21120306167685302,0.12193814451280423,0.08519835525778716,0.049189293342596786,3
NaClIWater,NaCl/NaI/water,"BC S-loss, fixed kappa_D",0.005,298.15,I,NaI,neutral ion-pair NaI: mu_Na + mu_I,0.03,0.02,0.02,4.437528506323521,kJ/mol,1.7900788328853272,0.04599174204611244,4.437528506323521,1.7566327937624453,-0.03344603912288196,0.0,0.0,NaClIWater/data/S0_NaClIWater_matrix_BC_s_loss_split0.csv,0,0.21232969235528917,0.12258860503827664,0.08565283295344002,0.04945168616252265,3
NaClIWater,NaCl/NaI/water,"BC S-loss, fixed kappa_D",0.005,298.15,I,NaI,neutral ion-pair NaI: mu_Na + mu_I,0.03,0.0225,0.0225,4.792912758848943,kJ/mol,1.9334392252929455,0.04967504027081304,4.792912758848943,1.8999931861700636,-0.03344603912288196,0.0,0.0,NaClIWater/data/S0_NaClIWater_matrix_BC_s_loss_split0.csv,0,0.21125359819090725,0.12196732178279734,0.0852187414578908,0.049201063320714375,3
NaClIWater,NaCl/NaI/water,"BC S-loss, fixed kappa_D",0.005,298.15,I,NaI,neutral ion-pair NaI: mu_Na + mu_I,0.03,0.025,0.025,5.152952445307948,kJ/mol,2.0786775985925234,0.05340658866816738,5.152952445307948,2.0452315594696415,-0.03344603912288196,0.0,0.0,NaClIWater/data/S0_NaClIWater_matrix_BC_s_loss_split0.csv,0,0.2078188602155657,0.11998427488813806,0.08383318376797312,0.04840111121546265,3
NaClIWater,NaCl/NaI/water,"BC S-loss, fixed kappa_D",0.005,298.15,I,NaI,neutral ion-pair NaI: mu_Na + mu_I,0.03,0.0275,0.0275,5.517325140710624,kJ/mol,2.225663888008407,0.05718304553863617,5.517325140710624,2.1922178488855253,-0.03344603912288196,0.0,0.0,NaClIWater/data/S0_NaClIWater_matrix_BC_s_loss_split0.csv,0,0.20198204480106138,0.11661438793736385,0.08147863895545536,0.047041714134136485,3
NaClIWater,NaCl/NaI/water,"BC S-loss, fixed kappa_D",0.005,298.15,I,NaI,neutral ion-pair NaI: mu_Na + mu_I,0.03,0.03,0.03,5.8861335405517785,kJ/mol,2.374439520436497,0.06100547524602007,5.8861335405517785,2.3409934813136153,-0.03344603912288196,0.0,0.0,NaClIWater/data/S0_NaClIWater_matrix_BC_s_loss_split0.csv,0,0.19393267524859414,0.1119670822594401,0.07823155985874436,0.04516701214357038,3
NaClIWater,NaCl/NaI/water,"BC S-loss, fixed kappa_D",0.005,298.15,I,NaI,neutral ion-pair NaI: mu_Na + mu_I,0.03,0.0325,0.0325,6.25979367523471,kJ/mol,2.5251723206508134,0.06487818964160397,6.25979367523471,2.4917262815279315,-0.03344603912288196,0.0,0.0,NaClIWater/data/S0_NaClIWater_matrix_BC_s_loss_split0.csv,0,0.18413000792201872,0.10630750963966544,0.07427720840790526,0.04288396626895804,3
NaClIWater,NaCl/NaI/water,"BC S-loss, fixed kappa_D",0.005,298.15,I,NaI,neutral ion-pair NaI: mu_Na + mu_I,0.03,0.034999999999999996,0.034999999999999996,6.638919905576067,kJ/mol,2.678110119012799,0.06880755612655776,6.638919905576067,2.644664079889917,-0.03344603912288196,0.0,0.0,NaClIWater/data/S0_NaClIWater_matrix_BC_s_loss_split0.csv,0,0.17327028610452955,0.10003764632501361,0.06989644597926781,0.040354731901528405,3
NaClIWater,NaCl/NaI/water,"BC S-loss, fixed kappa_D",0.005,298.15,I,NaI,neutral ion-pair NaI: mu_Na + mu_I,0.03,0.0375,0.0375,7.0242128596891416,kJ/mol,2.833535545719317,0.07280083619957622,7.0242128596891416,2.8000895065964353,-0.03344603912288196,0.0,0.0,NaClIWater/data/S0_NaClIWater_matrix_BC_s_loss_split0.csv,0,0.1622056985946989,0.09364950374774073,0.06543304166136198,0.03777778421708334,3
NaClIWater,NaCl/NaI/water,"BC S-loss, fixed kappa_D",0.005,298.15,I,NaI,neutral ion-pair NaI: mu_Na + mu_I,0.03,0.04,0.04,7.416355956839275,kJ/mol,2.9917242889961746,0.07686511300221355,7.416355956839275,2.9582782498732927,-0.03344603912288196,0.0,0.0,NaClIWater/data/S0_NaClIWater_matrix_BC_s_loss_split0.csv,0,0.15183450048590982,0.08766168972781241,0.06124934747669386,0.035362327253358125,3
NaClIWater,NaCl/NaI/water,"BC S-loss, fixed kappa_D",0.005,298.15,I,NaI,neutral ion-pair NaI: mu_Na + mu_I,0.03,0.0425,0.0425,7.815925383522423,kJ/mol,3.152908779857332,0.08100635828668601,7.815925383522423,3.11946274073445,-0.03344603912288196,0.0,0.0,NaClIWater/data/S0_NaClIWater_matrix_BC_s_loss_split0.csv,0,0.14298128951736125,0.08255028599192833,0.057678002405832186,0.0333004102153271,3
NaClIWater,NaCl/NaI/water,"BC S-loss, fixed kappa_D",0.005,298.15,I,NaI,neutral ion-pair NaI: mu_Na + mu_I,0.03,0.045,0.045,8.223317363994619,kJ/mol,3.317248853367013,0.08522867862802741,8.223317363994619,3.283802814244131,-0.03344603912288196,0.0,0.0,NaClIWater/data/S0_NaClIWater_matrix_BC_s_loss_split0.csv,0,0.1362914852460834,0.07868792569508017,0.054979365764941654,0.03174235162426396,3
NaClIWater,NaCl/NaI/water,"BC S-loss, fixed kappa_D",0.005,298.15,I,NaI,neutral ion-pair NaI: mu_Na + mu_I,0.03,0.0475,0.0475,8.638695405160037,kJ/mol,3.4848104674672955,0.08953376865588325,8.638695405160037,3.4513644283444136,-0.03344603912288196,0.0,0.0,NaClIWater/data/S0_NaClIWater_matrix_BC_s_loss_split0.csv,0,0.13216938177986576,0.07630802814923192,0.05331652795977066,0.0307823117698298,3
NaClIWater,NaCl/NaI/water,"BC S-loss, fixed kappa_D",0.005,298.15,I,NaI,neutral ion-pair NaI: mu_Na + mu_I,0.03,0.05,0.05,9.061958913315477,kJ/mol,3.655553043115462,0.09392058578998785,9.061958913315477,3.6221070039925802,-0.03344603912288196,0.0,0.0,NaClIWater/data/S0_NaClIWater_matrix_BC_s_loss_split0.csv,0,0.13077936182301408,0.07550549975296465,0.05275580022619038,0.030458575461905137,3
NaClIWater,NaCl/NaI/water,"BC S-loss, fixed kappa_D",0.005,298.15,I,NaI,neutral ion-pair NaI: mu_Na + mu_I,0.03,0.052500000000000005,0.052500000000000005,9.492733277184351,kJ/mol,3.829325463824976,0.09838524745805444,9.492733277184351,3.795879424702094,-0.03344603912288196,0.0,0.0,NaClIWater/data/S0_NaClIWater_matrix_BC_s_loss_split0.csv,0,0.13209695481763667,0.07626621242309237,0.0532873112523554,0.030765443495938766,3
NaClIWater,NaCl/NaI/water,"BC S-loss, fixed kappa_D",0.005,298.15,I,NaI,neutral ion-pair NaI: mu_Na + mu_I,0.03,0.055,0.055,9.930380256280293,kJ/mol,4.005870266284153,0.10292113876357689,9.930380256280293,3.972424227161271,-0.03344603912288196,0.0,0.0,NaClIWater/data/S0_NaClIWater_matrix_BC_s_loss_split0.csv,0,0.13596378538967127,0.07849872809476723,0.05484717313211337,0.03166603017211567,3
NaClIWater,NaCl/NaI/water,"BC S-loss, fixed kappa_D",0.005,298.15,I,NaI,neutral ion-pair NaI: mu_Na + mu_I,0.03,0.0575,0.0575,10.374026370439648,kJ/mol,4.184835092564548,0.10751920672259985,10.374026370439648,4.151389053441665,-0.03344603912288196,0.0,0.0,NaClIWater/data/S0_NaClIWater_matrix_BC_s_loss_split0.csv,0,0.14210484109272178,0.08204426825803192,0.057324447094395464,0.033096284961095686,3
NaClIWater,NaCl/NaI/water,"BC S-loss, fixed kappa_D",0.005,298.15,I,NaI,neutral ion-pair NaI: mu_Na + mu_I,0.03,0.06,0.06,10.82260599185846,kJ/mol,4.3657900732528425,0.1121684068812101,10.82260599185846,4.33234403412996,-0.03344603912288196,0.0,0.0,NaClIWater/data/S0_NaClIWater_matrix_BC_s_loss_split0.csv,0,0.1501068560630085,0.08666423375518637,0.060552423567860315,0.03495995804698839,3
NaClIWater,NaCl/NaI/water,"BC S-loss, fixed kappa_D",0.005,298.15,I,NaI,neutral ion-pair NaI: mu_Na + mu_I,0.03,0.0625,0.0625,11.274915111622384,kJ/mol,4.548249516624668,0.11685626056635103,11.274915111622384,4.514803477501785,-0.03344603912288196,0.0,0.0,NaClIWater/data/S0_NaClIWater_matrix_BC_s_loss_split0.csv,0,0.15939146615683158,0.09202470589217585,0.06429779308534338,0.03712234814612186,3
NaClIWater,NaCl/NaI/water,"BC S-loss, fixed kappa_D",0.005,298.15,I,NaI,neutral ion-pair NaI: mu_Na + mu_I,0.03,0.065,0.065,11.729671221725095,kJ/mol,4.731696064778691,0.12156947551920896,11.729671221725095,4.698250025655809,-0.03344603912288196,0.0,0.0,NaClIWater/data/S0_NaClIWater_matrix_BC_s_loss_split0.csv,0,0.1692171361164229,0.0976975590883143,0.06826142369380442,0.03941075134488508,3
NaClIWater,NaCl/NaI/water,"BC S-loss, fixed kappa_D",0.005,298.15,I,NaI,neutral ion-pair NaI: mu_Na + mu_I,0.03,0.0675,0.0675,12.1855745689168,kJ/mol,4.915605403160741,0.1262945807466167,12.1855745689168,4.882159364037858,-0.03344603912288196,0.0,0.0,NaClIWater/data/S0_NaClIWater_matrix_BC_s_loss_split0.csv,0,0.17872064219794254,0.10318441088272493,0.07209509485794025,0.04162412242348341,3
NaClIWater,NaCl/NaI/water,"BC S-loss, fixed kappa_D",0.005,298.15,I,NaI,neutral ion-pair NaI: mu_Na + mu_I,0.03,0.07,0.07,12.64136605748896,kJ/mol,5.0994696182840125,0.13101852664112812,12.64136605748896,5.06602357916113,-0.03344603912288196,0.0,0.0,NaClIWater/data/S0_NaClIWater_matrix_BC_s_loss_split0.csv,0,0.18698825714457243,0.10795772059771785,0.07543021315482992,0.04354965386997191,3
NaClIWater,NaCl/NaI/water,"BC S-loss, fixed kappa_D",0.005,298.15,I,NaI,neutral ion-pair NaI: mu_Na + mu_I,0.03,0.07250000000000001,0.07250000000000001,13.095877462579626,kJ/mol,5.282817453548251,0.13572920540525504,13.095877462579626,5.249371414425369,-0.03344603912288196,0.0,0.0,NaClIWater/data/S0_NaClIWater_matrix_BC_s_loss_split0.csv,0,0.19314045167709004,0.11150969176717385,0.07791198047029835,0.04498250289762362,3
NaClIWater,NaCl/NaI/water,"BC S-loss, fixed kappa_D",0.005,298.15,I,NaI,neutral ion-pair NaI: mu_Na + mu_I,0.03,0.07500000000000001,0.07500000000000001,13.548070163710452,kJ/mol,5.465229934172554,0.14041585249628952,13.548070163710452,5.431783895049672,-0.03344603912288196,0.0,0.0,NaClIWater/data/S0_NaClIWater_matrix_BC_s_loss_split0.csv,0,0.19641778098485008,0.11340185872523216,0.0792340402190652,0.045745794449458935,3
NaClIWater,NaCl/NaI/water,"BC S-loss, fixed kappa_D",0.005,298.15,I,NaI,neutral ion-pair NaI: mu_Na + mu_I,0.03,0.07750000000000001,0.07750000000000001,13.99705943134467,kJ/mol,5.646350164282486,0.14506929833873983,13.99705943134467,5.612904125159604,-0.03344603912288196,0.0,0.0,NaClIWater/data/S0_NaClIWater_matrix_BC_s_loss_split0.csv,0,0.1962626137899617,0.11331227290349395,0.07917144647781214,0.04570965593609689,3
NaClIWater,NaCl/NaI/water,"BC S-loss, fixed kappa_D",0.005,298.15,I,NaI,neutral ion-pair NaI: mu_Na + mu_I,0.03,0.08,0.08,14.442122256420054,kJ/mol,5.825886485308096,0.14968204947172126,14.442122256420054,5.792440446185213,-0.03344603912288196,0.0,0.0,NaClIWater/data/S0_NaClIWater_matrix_BC_s_loss_split0.csv,0,0.19239920518877301,0.11108173290760814,0.07761296500554243,0.04480986623855493,3
NaClIWater,NaCl/NaI/water,"BC S-loss, fixed kappa_D",0.005,298.15,I,NaI,neutral ion-pair NaI: mu_Na + mu_I,0.03,0.0825,0.0825,14.88268777934872,kJ/mol,6.003608615085928,0.15424818935252918,14.88268777934872,5.9701625759630454,-0.03344603912288196,0.0,0.0,NaClIWater/data/S0_NaClIWater_matrix_BC_s_loss_split0.csv,0,0.18492634698646743,0.10676727621289112,0.07459844796750185,0.04306943401516549,3
NaClIWater,NaCl/NaI/water,"BC S-loss, fixed kappa_D",0.005,298.15,I,NaI,neutral ion-pair NaI: mu_Na + mu_I,0.03,0.085,0.085,15.31831048612465,kJ/mol,6.179336835290616,0.15876310055386966,15.31831048612465,6.145890796167734,-0.03344603912288196,0.0,0.0,NaClIWater/data/S0_NaClIWater_matrix_BC_s_loss_split0.csv,0,0.1744600734600195,0.10072457037498414,0.0703764007914259,0.04063183394152674,3
NaClIWater,NaCl/NaI/water,"BC S-loss, fixed kappa_D",0.005,298.15,I,NaI,neutral ion-pair NaI: mu_Na + mu_I,0.0325,0.0,0.0,2.2540837091466894,kJ/mol,0.9092871244759868,0.023361931388990342,2.2540837091466894,0.8758410853531049,-0.03344603912288196,0.0,0.0,NaClIWater/data/S0_NaClIWater_matrix_BC_s_loss_split0.csv,0,0.22572989669463991,0.13032521662079677,0.09105841448604927,0.05257260011550107,3
NaClIWater,NaCl/NaI/water,"BC S-loss, fixed kappa_D",0.005,298.15,I,NaI,neutral ion-pair NaI: mu_Na + mu_I,0.0325,0.0025,0.0025,2.484449346137241,kJ/mol,1.0022155755300581,0.0257495029702568,2.484449346137241,0.9687695364071761,-0.03344603912288196,0.0,0.0,NaClIWater/data/S0_NaClIWater_matrix_BC_s_loss_split0.csv,0,0.18980656051278885,0.10958486880601565,0.07656710392565086,0.04420603806254458,3
NaClIWater,NaCl/NaI/water,"BC S-loss, fixed kappa_D",0.005,298.15,I,NaI,neutral ion-pair NaI: mu_Na + mu_I,0.0325,0.005,0.005,2.7468807502606643,kJ/mol,1.1080792113210811,0.02846941280881765,2.7468807502606643,1.0746331721981992,-0.03344603912288196,0.0,0.0,NaClIWater/data/S0_NaClIWater_matrix_BC_s_loss_split0.csv,0,0.1826397971442135,0.10544713604595031,0.07367606415247463,0.04253689547126337,3
NaClIWater,NaCl/NaI/water,"BC S-loss, fixed kappa_D",0.005,298.15,I,NaI,neutral ion-pair NaI: mu_Na + mu_I,0.0325,0.0075,0.0075,3.0358412417269807,kJ/mol,1.2246445603834906,0.03146427726233014,3.0358412417269807,1.1911985212606087,-0.03344603912288196,0.0,0.0,NaClIWater/data/S0_NaClIWater_matrix_BC_s_loss_split0.csv,0,0.18790953979760078,0.10848962338544352,0.07580185439024759,0.04376422103728226,3
NaClIWater,NaCl/NaI/water,"BC S-loss, fixed kappa_D",0.005,298.15,I,NaI,neutral ion-pair NaI: mu_Na + mu_I,0.0325,0.01,0.01,3.3462639820055933,kJ/mol,1.3498676830805398,0.03468158224995932,3.3462639820055933,1.316421643957658,-0.03344603912288196,0.0,0.0,NaClIWater/data/S0_NaClIWater_matrix_BC_s_loss_split0.csv,0,0.19615635346107502,0.11325092347400705,0.07912858154404459,0.0456849078550474,3
NaClIWater,NaCl/NaI/water,"BC S-loss, fixed kappa_D",0.005,298.15,I,NaI,neutral ion-pair NaI: mu_Na + mu_I,0.0325,0.0125,0.0125,3.673664112179139,kJ/mol,1.4819394077066255,0.03807484548451612,3.673664112179139,1.4484933685837436,-0.03344603912288196,0.0,0.0,NaClIWater/data/S0_NaClIWater_matrix_BC_s_loss_split0.csv,0,0.20395955231901422,0.11775610243517842,0.08227635650131791,0.047502276573977514,3
NaClIWater,NaCl/NaI/water,"BC S-loss, fixed kappa_D",0.005,298.15,I,NaI,neutral ion-pair NaI: mu_Na + mu_I,0.0325,0.015,0.015,4.014217210813538,kJ/mol,1.6193169800355098,0.041604429630979205,4.014217210813538,1.585870940912628,-0.03344603912288196,0.0,0.0,NaClIWater/data/S0_NaClIWater_matrix_BC_s_loss_split0.csv,0,0.2104233200611139,0.1214879604810589,0.08488381103357195,0.0490076911500741,3
NaClIWater,NaCl/NaI/water,"BC S-loss, fixed kappa_D",0.005,298.15,I,NaI,neutral ion-pair NaI: mu_Na + mu_I,0.0325,0.0175,0.0175,4.364802914804922,kJ/mol,1.760741659771736,0.04523799440471521,4.364802914804922,1.7272956206488541,-0.03344603912288196,0.0,0.0,NaClIWater/data/S0_NaClIWater_matrix_BC_s_loss_split0.csv,0,0.2152094757725063,0.12425124876941476,0.08681452449662866,0.05012238908769792,3
NaClIWater,NaCl/NaI/water,"BC S-loss, fixed kappa_D",0.005,298.15,I,NaI,neutral ion-pair NaI: mu_Na + mu_I,0.0325,0.02,0.02,4.723014133741099,kJ/mol,1.9052424375821655,0.04895059207160557,4.723014133741099,1.8717963984592836,-0.03344603912288196,0.0,0.0,NaClIWater/data/S0_NaClIWater_matrix_BC_s_loss_split0.csv,0,0.21790533078093868,0.1258077013842294,0.08790202015558511,0.050750254999138975,3
NaClIWater,NaCl/NaI/water,"BC S-loss, fixed kappa_D",0.005,298.15,I,NaI,neutral ion-pair NaI: mu_Na + mu_I,0.0325,0.0225,0.0225,5.087133826941622,kJ/mol,2.0521266670594818,0.052724426759027665,5.087133826941622,2.0186806279366,-0.03344603912288196,0.0,0.0,NaClIWater/data/S0_NaClIWater_matrix_BC_s_loss_split0.csv,0,0.21801768945139102,0.12587257169286084,0.08794734513262605,0.05077642338683457,3
NaClIWater,NaCl/NaI/water,"BC S-loss, fixed kappa_D",0.005,298.15,I,NaI,neutral ion-pair NaI: mu_Na + mu_I,0.0325,0.025,0.025,5.456082700481694,kJ/mol,2.2009589659393254,0.05654831237370672,5.456082700481694,2.1675129268164435,-0.03344603912288196,0.0,0.0,NaClIWater/data/S0_NaClIWater_matrix_BC_s_loss_split0.csv,0,0.21515637052751163,0.12422058844192171,0.08679310208213711,0.05011002085092453,3
NaClIWater,NaCl/NaI/water,"BC S-loss, fixed kappa_D",0.005,298.15,I,NaI,neutral ion-pair NaI: mu_Na + mu_I,0.0325,0.0275,0.0275,5.829342369920706,kJ/mol,2.3515302202941784,0.06041687623951475,5.829342369920706,2.3180841811712964,-0.03344603912288196,0.0,0.0,NaClIWater/data/S0_NaClIWater_matrix_BC_s_loss_split0.csv,0,0.20919904357207678,0.12078112412055078,0.08438994346167886,0.04872255657449759,3
NaClIWater,NaCl/NaI/water,"BC S-loss, fixed kappa_D",0.005,298.15,I,NaI,neutral ion-pair NaI: mu_Na + mu_I,0.0325,0.03,0.03,6.20685946607388,kJ/mol,2.5038189012374397,0.06432956522382938,6.20685946607388,2.4703728621145578,-0.03344603912288196,0.0,0.0,NaClIWater/data/S0_NaClIWater_matrix_BC_s_loss_split0.csv,0,0.20037038627867668,0.11568389645562328,0.08082850323178649,0.04666635809906647,3
NaClIWater,NaCl/NaI/water,"BC S-loss, fixed kappa_D",0.005,298.15,I,NaI,neutral ion-pair NaI: mu_Na + mu_I,0.0325,0.0325,0.0325,6.588936799798171,kJ/mol,2.6579471612926673,0.0682895177400269,6.588936799798171,2.6245011221697854,-0.03344603912288196,0.0,0.0,NaClIWater/data/S0_NaClIWater_matrix_BC_s_loss_split0.csv,0,0.1892373614410104,0.10925624156870187,0.07633749160684856,0.04407347132847482,3
NaClIWater,NaCl/NaI/water,"BC S-loss, fixed kappa_D",0.005,298.15,I,NaI,neutral ion-pair NaI: mu_Na + mu_I,0.0325,0.034999999999999996,0.034999999999999996,6.976117994463394,kJ/mol,2.8141342956567206,0.07230236804730339,6.976117994463394,2.7806882565338387,-0.03344603912288196,0.0,0.0,NaClIWater/data/S0_NaClIWater_matrix_BC_s_loss_split0.csv,0,0.1766440628262767,0.10198549722350003,0.071257412176527,0.04114048610187398,3
NaClIWater,NaCl/NaI/water,"BC S-loss, fixed kappa_D",0.005,298.15,I,NaI,neutral ion-pair NaI: mu_Na + mu_I,0.0325,0.0375,0.0375,7.3690719832729,kJ/mol,2.9726501489438326,0.07637504914976034,7.3690719832729,2.9392041098209507,-0.03344603912288196,0.0,0.0,NaClIWater/data/S0_NaClIWater_matrix_BC_s_loss_split0.csv,0,0.16360942322185174,0.09445994453909551,0.06599929779666004,0.03810471234922795,3
NaClIWater,NaCl/NaI/water,"BC S-loss, fixed kappa_D",0.005,298.15,I,NaI,neutral ion-pair NaI: mu_Na + mu_I,0.0325,0.04,0.04,7.768483405498645,kJ/mol,3.133770901524932,0.0805146568334294,7.768483405498645,3.1003248624020503,-0.03344603912288196,0.0,0.0,NaClIWater/data/S0_NaClIWater_matrix_BC_s_loss_split0.csv,0,0.15120521079867236,0.0872983691574876,0.060995494876700355,0.035215765386417394,3
NaClIWater,NaCl/NaI/water,"BC S-loss, fixed kappa_D",0.005,298.15,I,NaI,neutral ion-pair NaI: mu_Na + mu_I,0.0325,0.0425,0.0425,8.17495429394747,kJ/mol,3.297739410698333,0.08472743072866251,8.17495429394747,3.264293371575451,-0.03344603912288196,0.0,0.0,NaClIWater/data/S0_NaClIWater_matrix_BC_s_loss_split0.csv,0,0.14042843665946766,0.08107639570722197,0.05664819316452277,0.03270584957264314,3
NaClIWater,NaCl/NaI/water,"BC S-loss, fixed kappa_D",0.005,298.15,I,NaI,neutral ion-pair NaI: mu_Na + mu_I,0.0325,0.045,0.045,8.588921541725805,kJ/mol,3.464731917157686,0.0890178989134256,8.588921541725805,3.431285878034804,-0.03344603912288196,0.0,0.0,NaClIWater/data/S0_NaClIWater_matrix_BC_s_loss_split0.csv,0,0.13208559679443593,0.07625965486533996,0.05328272947741317,0.030762798206942506,3
NaClIWater,NaCl/NaI/water,"BC S-loss, fixed kappa_D",0.005,298.15,I,NaI,neutral ion-pair NaI: mu_Na + mu_I,0.0325,0.0475,0.0475,9.010593519275487,kJ/mol,3.634832476592278,0.0933882209951662,9.010593519275487,3.601386437469396,-0.03344603912288196,0.0,0.0,NaClIWater/data/S0_NaClIWater_matrix_BC_s_loss_split0.csv,0,0.1267139814858771,0.0731583513209604,0.0511158442735093,0.029511746451165586,3
NaClIWater,NaCl/NaI/water,"BC S-loss, fixed kappa_D",0.005,298.15,I,NaI,neutral ion-pair NaI: mu_Na + mu_I,0.0325,0.05,0.05,9.439907978748984,kJ/mol,3.8080159785033043,0.09783775182040699,9.439907978748984,3.7745699393804224,-0.03344603912288196,0.0,0.0,NaClIWater/data/S0_NaClIWater_matrix_BC_s_loss_split0.csv,0,0.12456361087848276,0.07191683427192383,0.05024839454295122,0.02901092411571941,3
NaClIWater,NaCl/NaI/water,"BC S-loss, fixed kappa_D",0.005,298.15,I,NaI,neutral ion-pair NaI: mu_Na + mu_I,0.0325,0.052500000000000005,0.052500000000000005,9.876512057317687,kJ/mol,3.984140079629306,0.10236283422364068,9.876512057317687,3.950694040506424,-0.03344603912288196,0.0,0.0,NaClIWater/data/S0_NaClIWater_matrix_BC_s_loss_split0.csv,0,0.12563630550486612,0.07253615480322452,0.050681114680320716,0.029260755203513462,3
NaClIWater,NaCl/NaI/water,"BC S-loss, fixed kappa_D",0.005,298.15,I,NaI,neutral ion-pair NaI: mu_Na + mu_I,0.0325,0.055,0.055,10.319763889675292,kJ/mol,4.162945854422707,0.10695681573974981,10.319763889675292,4.129499815299825,-0.03344603912288196,0.0,0.0,NaClIWater/data/S0_NaClIWater_matrix_BC_s_loss_split0.csv,0,0.1297405972014685,0.07490576871909065,0.05233676729857573,0.030216646688347504,3
NaClIWater,NaCl/NaI/water,"BC S-loss, fixed kappa_D",0.005,298.15,I,NaI,neutral ion-pair NaI: mu_Na + mu_I,0.0325,0.0575,0.0575,10.768754096616535,kJ/mol,4.3440664634448245,0.11161027131743141,10.768754096616535,4.310620424321942,-0.03344603912288196,0.0,0.0,NaClIWater/data/S0_NaClIWater_matrix_BC_s_loss_split0.csv,0,0.1365172536907255,0.07881827316736881,0.05507043972949449,0.03179493320221471,3
NaClIWater,NaCl/NaI/water,"BC S-loss, fixed kappa_D",0.005,298.15,I,NaI,neutral ion-pair NaI: mu_Na + mu_I,0.0325,0.06,0.06,11.222344329708031,kJ/mol,4.52704270211091,0.11631140280655929,11.222344329708031,4.493596662988027,-0.03344603912288196,0.0,0.0,NaClIWater/data/S0_NaClIWater_matrix_BC_s_loss_split0.csv,0,0.14543062169888205,0.08396440858626418,0.058666051876747394,0.033870860843332656,3
NaClIWater,NaCl/NaI/water,"BC S-loss, fixed kappa_D",0.005,298.15,I,NaI,neutral ion-pair NaI: mu_Na + mu_I,0.0325,0.0625,0.0625,11.679219152359398,kJ/mol,4.711343929278469,0.12104657666759525,11.679219152359398,4.677897890155586,-0.03344603912288196,0.0,0.0,NaClIWater/data/S0_NaClIWater_matrix_BC_s_loss_split0.csv,0,0.1557587752063202,0.08992737079401537,0.062832382064849,0.036276292698965984,3
NaClIWater,NaCl/NaI/water,"BC S-loss, fixed kappa_D",0.005,298.15,I,NaI,neutral ion-pair NaI: mu_Na + mu_I,0.0325,0.065,0.065,12.137946876560305,kJ/mol,4.89639260851051,0.1258009544999368,12.137946876560305,4.862946569387628,-0.03344603912288196,0.0,0.0,NaClIWater/data/S0_NaClIWater_matrix_BC_s_loss_split0.csv,0,0.16661392540777759,0.09619459468492063,0.06721130032435514,0.03880446233485123,3
NaClIWater,NaCl/NaI/water,"BC S-loss, fixed kappa_D",0.005,298.15,I,NaI,neutral ion-pair NaI: mu_Na + mu_I,0.0325,0.0675,0.0675,12.59704460135792,kJ/mol,5.081590544301778,0.13055916711823556,12.59704460135792,5.048144505178896,-0.03344603912288196,0.0,0.0,NaClIWater/data/S0_NaClIWater_matrix_BC_s_loss_split0.csv,0,0.17699919164692152,0.1021905309436963,0.07140066952887485,0.041223195772815406,3
NaClIWater,NaCl/NaI/water,"BC S-loss, fixed kappa_D",0.005,298.15,I,NaI,neutral ion-pair NaI: mu_Na + mu_I,0.0325,0.07,0.07,13.055042593670274,kJ/mol,5.26634485300628,0.13530598181250753,13.055042593670274,5.232898813883398,-0.03344603912288196,0.0,0.0,NaClIWater/data/S0_NaClIWater_matrix_BC_s_loss_split0.csv,0,0.18588919732328615,0.10732317811404272,0.07498685741765408,0.04329368231576667,3
NaClIWater,NaCl/NaI/water,"BC S-loss, fixed kappa_D",0.005,298.15,I,NaI,neutral ion-pair NaI: mu_Na + mu_I,0.0325,0.07250000000000001,0.07250000000000001,13.510543341226255,kJ/mol,5.450091784524911,0.14002691438872716,13.510543341226255,5.416645745402029,-0.03344603912288196,0.0,0.0,NaClIWater/data/S0_NaClIWater_matrix_BC_s_loss_split0.csv,0,0.19231901935701992,0.11103543759606031,0.07758061840542126,0.0447911909202676,3
NaClIWater,NaCl/NaI/water,"BC S-loss, fixed kappa_D",0.005,298.15,I,NaI,neutral ion-pair NaI: mu_Na + mu_I,0.0325,0.07500000000000001,0.07500000000000001,13.96227106356258,kJ/mol,5.632316694816632,0.1447087423141511,13.96227106356258,5.59887065569375,-0.03344603912288196,0.0,0.0,NaClIWater/data/S0_NaClIWater_matrix_BC_s_loss_split0.csv,0,0.19547160508101716,0.11285558381245349,0.07885235715940171,0.0455254296322171,3
NaClIWater,NaCl/NaI/water,"BC S-loss, fixed kappa_D",0.005,298.15,I,NaI,neutral ion-pair NaI: mu_Na + mu_I,0.0325,0.07750000000000001,0.07750000000000001,14.409108165411443,kJ/mol,5.812568751029374,0.1493398825300574,14.409108165411443,5.779122711906492,-0.03344603912288196,0.0,0.0,NaClIWater/data/S0_NaClIWater_matrix_BC_s_loss_split0.csv,0,0.1947613512961591,0.11244551859857273,0.07856584401037323,0.04536001118849913,3
NaClIWater,NaCl/NaI/water,"BC S-loss, fixed kappa_D",0.005,298.15,I,NaI,neutral ion-pair NaI: mu_Na + mu_I,0.0325,0.08,0.08,14.850115990107394,kJ/mol,5.990469303330068,0.1539106065456508,14.850115990107394,5.957023264207185,-0.03344603912288196,0.0,0.0,NaClIWater/data/S0_NaClIWater_matrix_BC_s_loss_split0.csv,0,0.1899210854318115,0.10965098979884229,0.07661330275752047,0.044232710970560744,3
NaClIWater,NaCl/NaI/water,"BC S-loss, fixed kappa_D",0.005,298.15,I,NaI,neutral ion-pair NaI: mu_Na + mu_I,0.0325,0.0825,0.0825,15.284538264546763,kJ/mol,6.165713274585611,0.15841307614255132,15.284538264546763,6.132267235462729,-0.03344603912288196,0.0,0.0,NaClIWater/data/S0_NaClIWater_matrix_BC_s_loss_split0.csv,0,0.18111716189237997,0.10456804217342662,0.07306184001157547,0.04218227299817247,3
NaClIWater,NaCl/NaI/water,"BC S-loss, fixed kappa_D",0.005,298.15,I,NaI,neutral ion-pair NaI: mu_Na + mu_I,0.034999999999999996,0.0,0.0,2.5075148309802247,kJ/mol,1.0115200872934924,0.025988559874917883,2.5075148309802247,0.9780740481706105,-0.03344603912288196,0.0,0.0,NaClIWater/data/S0_NaClIWater_matrix_BC_s_loss_split0.csv,0,0.2578738442612555,0.1488835334011995,0.1040251368546784,0.06005894076553624,3
NaClIWater,NaCl/NaI/water,"BC S-loss, fixed kappa_D",0.005,298.15,I,NaI,neutral ion-pair NaI: mu_Na + mu_I,0.034999999999999996,0.0025,0.0025,2.739107093593189,kJ/mol,1.1049433535491848,0.02838884453490209,2.739107093593189,1.071497314426303,-0.03344603912288196,0.0,0.0,NaClIWater/data/S0_NaClIWater_matrix_BC_s_loss_split0.csv,0,0.21084998486399129,0.12173429551985389,0.08505592567605358,0.04910706158524234,3
NaClIWater,NaCl/NaI/water,"BC S-loss, fixed kappa_D",0.005,298.15,I,NaI,neutral ion-pair NaI: mu_Na + mu_I,0.034999999999999996,0.005,0.005,3.0038953569657334,kJ/mol,1.211757735650441,0.031133181498262275,3.0038953569657334,1.178311696527559,-0.03344603912288196,0.0,0.0,NaClIWater/data/S0_NaClIWater_matrix_BC_s_loss_split0.csv,0,0.1936264014979227,0.11179025502704423,0.07810801041959946,0.04509568084162184,3
NaClIWater,NaCl/NaI/water,"BC S-loss, fixed kappa_D",0.005,298.15,I,NaI,neutral ion-pair NaI: mu_Na + mu_I,0.034999999999999996,0.0075,0.0075,3.2964153692704254,kJ/mol,1.3297589792426345,0.034164937785590155,3.2964153692704254,1.2963129401197526,-0.03344603912288196,0.0,0.0,NaClIWater/data/S0_NaClIWater_matrix_BC_s_loss_split0.csv,0,0.1921477376746796,0.11093654807065387,0.07751152415316333,0.04475129933512703,3
NaClIWater,NaCl/NaI/water,"BC S-loss, fixed kappa_D",0.005,298.15,I,NaI,neutral ion-pair NaI: mu_Na + mu_I,0.034999999999999996,0.01,0.01,3.611586273245484,kJ/mol,1.4568974895965676,0.03743145402214054,3.611586273245484,1.4234514504736857,-0.03344603912288196,0.0,0.0,NaClIWater/data/S0_NaClIWater_matrix_BC_s_loss_split0.csv,0,0.19706828277912544,0.11377742611126537,0.07949644968663865,0.045897296626200366,3
NaClIWater,NaCl/NaI/water,"BC S-loss, fixed kappa_D",0.005,298.15,I,NaI,neutral ion-pair NaI: mu_Na + mu_I,0.034999999999999996,0.0125,0.0125,3.944837603667383,kJ/mol,1.5913295618117729,0.04088536067388304,3.944837603667383,1.557883522688891,-0.03344603912288196,0.0,0.0,NaClIWater/data/S0_NaClIWater_matrix_BC_s_loss_split0.csv,0,0.20410331542079282,0.11783910410068985,0.08233434988323696,0.047535759068639695,3
NaClIWater,NaCl/NaI/water,"BC S-loss, fixed kappa_D",0.005,298.15,I,NaI,neutral ion-pair NaI: mu_Na + mu_I,0.034999999999999996,0.015,0.015,4.292204205805372,kJ/mol,1.7314556704897053,0.04448556180796004,4.292204205805372,1.6980096313668234,-0.03344603912288196,0.0,0.0,NaClIWater/data/S0_NaClIWater_matrix_BC_s_loss_split0.csv,0,0.2114135026733412,0.12205964267877521,0.08528324619941122,0.0492383051505952,3
NaClIWater,NaCl/NaI/water,"BC S-loss, fixed kappa_D",0.005,298.15,I,NaI,neutral ion-pair NaI: mu_Na + mu_I,0.034999999999999996,0.0175,0.0175,4.650386986308764,kJ/mol,1.875944976365589,0.04819786473126442,4.650386986308764,1.8424989372427072,-0.03344603912288196,0.0,0.0,NaClIWater/data/S0_NaClIWater_matrix_BC_s_loss_split0.csv,0,0.21782426616344688,0.12576089870549875,0.08786931905729103,0.0507313750112361,3
NaClIWater,NaCl/NaI/water,"BC S-loss, fixed kappa_D",0.005,298.15,I,NaI,neutral ion-pair NaI: mu_Na + mu_I,0.034999999999999996,0.02,0.02,5.016779010965531,kJ/mol,2.023745854025633,0.051995250474647044,5.016779010965531,1.9902998149027507,-0.03344603912288196,0.0,0.0,NaClIWater/data/S0_NaClIWater_matrix_BC_s_loss_split0.csv,0,0.22225632777323295,0.12831975066897375,0.08965719256895789,0.051763604264473954,3
NaClIWater,NaCl/NaI/water,"BC S-loss, fixed kappa_D",0.005,298.15,I,NaI,neutral ion-pair NaI: mu_Na + mu_I,0.034999999999999996,0.0225,0.0225,5.389458056299362,kJ/mol,2.17408288725513,0.05585779659566014,5.389458056299362,2.140636848132248,-0.03344603912288196,0.0,0.0,NaClIWater/data/S0_NaClIWater_matrix_BC_s_loss_split0.csv,0,0.22376136451216055,0.12918868403533387,0.09026431754972808,0.05211412803555337,3
NaClIWater,NaCl/NaI/water,"BC S-loss, fixed kappa_D",0.005,298.15,I,NaI,neutral ion-pair NaI: mu_Na + mu_I,0.034999999999999996,0.025,0.025,5.767148217687597,kJ/mol,2.326441381927712,0.05977227927473904,5.767148217687597,2.29299534280483,-0.03344603912288196,0.0,0.0,NaClIWater/data/S0_NaClIWater_matrix_BC_s_loss_split0.csv,0,0.22170253265819073,0.12800001691022822,0.08943379413629882,0.051634625119241696,3
NaClIWater,NaCl/NaI/water,"BC S-loss, fixed kappa_D",0.005,298.15,I,NaI,neutral ion-pair NaI: mu_Na + mu_I,0.034999999999999996,0.0275,0.0275,6.1491544947584,kJ/mol,2.480540978051843,0.06373149534061895,6.1491544947584,2.447094938928961,-0.03344603912288196,0.0,0.0,NaClIWater/data/S0_NaClIWater_matrix_BC_s_loss_split0.csv,0,0.21587952084204548,0.12463809947068238,0.08708481763262821,0.050278442902527365,3
NaClIWater,NaCl/NaI/water,"BC S-loss, fixed kappa_D",0.005,298.15,I,NaI,neutral ion-pair NaI: mu_Na + mu_I,0.034999999999999996,0.03,0.03,6.535275382346639,kJ/mol,2.6363003893596586,0.06773335633943134,6.535275382346639,2.6028543502367767,-0.03344603912288196,0.0,0.0,NaClIWater/data/S0_NaClIWater_matrix_BC_s_loss_split0.csv,0,0.20655608641876205,0.11925521209662789,0.08332378655707992,0.04810701059862901,3
NaClIWater,NaCl/NaI/water,"BC S-loss, fixed kappa_D",0.005,298.15,I,NaI,neutral ion-pair NaI: mu_Na + mu_I,0.034999999999999996,0.0325,0.0325,6.925699302702366,kJ/mol,2.7937956245305355,0.07177981513018494,6.925699302702366,2.7603495854076536,-0.03344603912288196,0.0,0.0,NaClIWater/data/S0_NaClIWater_matrix_BC_s_loss_split0.csv,0,0.19440910309947063,0.11224214800739309,0.07842374868863818,0.045277972416244816,3
NaClIWater,NaCl/NaI/water,"BC S-loss, fixed kappa_D",0.005,298.15,I,NaI,neutral ion-pair NaI: mu_Na + mu_I,0.034999999999999996,0.034999999999999996,0.034999999999999996,7.3208912075373425,kJ/mol,2.953214242972003,0.07587569059779753,7.3208912075373425,2.919768203849121,-0.03344603912288196,0.0,0.0,NaClIWater/data/S0_NaClIWater_matrix_BC_s_loss_split0.csv,0,0.18042877433764024,0.10417060143339084,0.07278414760040437,0.04202194720983092,3
NaClIWater,NaCl/NaI/water,"BC S-loss, fixed kappa_D",0.005,298.15,I,NaI,neutral ion-pair NaI: mu_Na + mu_I,0.034999999999999996,0.0375,0.0375,7.721475858736804,kJ/mol,3.114808270789304,0.08002745794291855,7.721475858736804,3.081362231666422,-0.03344603912288196,0.0,0.0,NaClIWater/data/S0_NaClIWater_matrix_BC_s_loss_split0.csv,0,0.1657936234839464,0.09572099314837992,0.06688039425618399,0.03861341362731613,3
NaClIWater,NaCl/NaI/water,"BC S-loss, fixed kappa_D",0.005,298.15,I,NaI,neutral ion-pair NaI: mu_Na + mu_I,0.034999999999999996,0.04,0.04,8.128124103841815,kJ/mol,3.2788483248318037,0.08424207001036166,8.128124103841815,3.2454022857089218,-0.03344603912288196,0.0,0.0,NaClIWater/data/S0_NaClIWater_matrix_BC_s_loss_split0.csv,0,0.15173592918028295,0.08760477955797435,0.06120958425996639,0.03533936994947668,3
NaClIWater,NaCl/NaI/water,"BC S-loss, fixed kappa_D",0.005,298.15,I,NaI,neutral ion-pair NaI: mu_Na + mu_I,0.034999999999999996,0.0425,0.0425,8.541447984790453,kJ/mol,3.4455813000358693,0.08852587016781399,8.541447984790453,3.4121352609129874,-0.03344603912288196,0.0,0.0,NaClIWater/data/S0_NaClIWater_matrix_BC_s_loss_split0.csv,0,0.1394084771051941,0.08048752178399961,0.056236746115585066,0.03246830050818168,3
NaClIWater,NaCl/NaI/water,"BC S-loss, fixed kappa_D",0.005,298.15,I,NaI,neutral ion-pair NaI: mu_Na + mu_I,0.034999999999999996,0.045,0.045,8.961909739697898,kJ/mol,3.615193661156499,0.09288364917574654,8.961909739697898,3.581747622033617,-0.03344603912288196,0.0,0.0,NaClIWater/data/S0_NaClIWater_matrix_BC_s_loss_split0.csv,0,0.1297644566239728,0.0749195439630962,0.05234639208118381,0.03022220355917717,3
NaClIWater,NaCl/NaI/water,"BC S-loss, fixed kappa_D",0.005,298.15,I,NaI,neutral ion-pair NaI: mu_Na + mu_I,0.034999999999999996,0.0475,0.0475,9.389748735583838,kJ/mol,3.7877819677616213,0.09731788789849816,9.389748735583838,3.7543359286387394,-0.03344603912288196,0.0,0.0,NaClIWater/data/S0_NaClIWater_matrix_BC_s_loss_split0.csv,0,0.1234689328893432,0.07128482164021814,0.04980680641694976,0.028755973092301525,3
NaClIWater,NaCl/NaI/water,"BC S-loss, fixed kappa_D",0.005,298.15,I,NaI,neutral ion-pair NaI: mu_Na + mu_I,0.034999999999999996,0.05,0.05,9.824929187035702,kJ/mol,3.9633317841784326,0.10182821544640319,9.824929187035702,3.9298857450555507,-0.03344603912288196,0.0,0.0,NaClIWater/data/S0_NaClIWater_matrix_BC_s_loss_split0.csv,0,0.12086310758135257,0.0697803476971886,0.04875562833000718,0.02814907514083899,3
NaClIWater,NaCl/NaI/water,"BC S-loss, fixed kappa_D",0.005,298.15,I,NaI,neutral ion-pair NaI: mu_Na + mu_I,0.034999999999999996,0.052500000000000005,0.052500000000000005,10.267110210022025,kJ/mol,4.141705599337805,0.1064110988054381,10.267110210022025,4.108259560214923,-0.03344603912288196,0.0,0.0,NaClIWater/data/S0_NaClIWater_matrix_BC_s_loss_split0.csv,0,0.12198455498203327,0.07042781565585361,0.049208015114969174,0.028410260772914628,3
NaClIWater,NaCl/NaI/water,"BC S-loss, fixed kappa_D",0.005,298.15,I,NaI,neutral ion-pair NaI: mu_Na + mu_I,0.034999999999999996,0.055,0.055,10.715638418948249,kJ/mol,4.322639840460236,0.11105976611111147,10.715638418948249,4.289193801337354,-0.03344603912288196,0.0,0.0,NaClIWater/data/S0_NaClIWater_matrix_BC_s_loss_split0.csv,0,0.12661258989769697,0.07309981286023104,0.05107494336761658,0.029488132302138325,3
NaClIWater,NaCl/NaI/water,"BC S-loss, fixed kappa_D",0.005,298.15,I,NaI,neutral ion-pair NaI: mu_Na + mu_I,0.034999999999999996,0.0575,0.0575,11.169561981446128,kJ/mol,4.505750542694024,0.11576435231609139,11.169561981446128,4.4723045035711415,-0.03344603912288196,0.0,0.0,NaClIWater/data/S0_NaClIWater_matrix_BC_s_loss_split0.csv,0,0.13429864972867073,0.07753736157265131,0.05417546497375598,0.031278219286071156,3
NaClIWater,NaCl/NaI/water,"BC S-loss, fixed kappa_D",0.005,298.15,I,NaI,neutral ion-pair NaI: mu_Na + mu_I,0.034999999999999996,0.06,0.06,11.627663836048734,kJ/mol,4.690546748974406,0.12051224346714663,11.627663836048734,4.657100709851524,-0.03344603912288196,0.0,0.0,NaClIWater/data/S0_NaClIWater_matrix_BC_s_loss_split0.csv,0,0.1443750121750835,0.08335495214353997,0.05824022379211671,0.033625008884042636,3
NaClIWater,NaCl/NaI/water,"BC S-loss, fixed kappa_D",0.005,298.15,I,NaI,neutral ion-pair NaI: mu_Na + mu_I,0.034999999999999996,0.0625,0.0625,12.088510768415698,kJ/mol,4.87645030714979,0.1252885853443786,12.088510768415698,4.843004268026908,-0.03344603912288196,0.0,0.0,NaClIWater/data/S0_NaClIWater_matrix_BC_s_loss_split0.csv,0,0.1559683527010178,0.09004837041699514,0.06291692467377479,0.03632510339698728,3
NaClIWater,NaCl/NaI/water,"BC S-loss, fixed kappa_D",0.005,298.15,I,NaI,neutral ion-pair NaI: mu_Na + mu_I,0.034999999999999996,0.065,0.065,12.55051421926537,kJ/mol,5.062820399625243,0.13007691369102758,12.55051421926537,5.029374360502361,-0.03344603912288196,0.0,0.0,NaClIWater/data/S0_NaClIWater_matrix_BC_s_loss_split0.csv,0,0.1680414488887693,0.0970187757509457,0.06778715680913708,0.03913693323135467,3
NaClIWater,NaCl/NaI/water,"BC S-loss, fixed kappa_D",0.005,298.15,I,NaI,neutral ion-pair NaI: mu_Na + mu_I,0.034999999999999996,0.0675,0.0675,13.011998163852349,kJ/mol,5.248980925635248,0.134859857734682,13.011998163852349,5.215534886512366,-0.03344603912288196,0.0,0.0,NaClIWater/data/S0_NaClIWater_matrix_BC_s_loss_split0.csv,0,0.17946393798127336,0.10361355290331849,0.07239493699899203,0.04179723636433405,3
NaClIWater,NaCl/NaI/water,"BC S-loss, fixed kappa_D",0.005,298.15,I,NaI,neutral ion-pair NaI: mu_Na + mu_I,0.034999999999999996,0.07,0.07,13.471269129237259,kJ/mol,5.43424874589213,0.13961986586514286,13.471269129237259,5.400802706769247,-0.03344603912288196,0.0,0.0,NaClIWater/data/S0_NaClIWater_matrix_BC_s_loss_split0.csv,0,0.18909948827581577,0.10917664045966272,0.07628187419858029,0.0440413606028395,3
NaClIWater,NaCl/NaI/water,"BC S-loss, fixed kappa_D",0.005,298.15,I,NaI,neutral ion-pair NaI: mu_Na + mu_I,0.034999999999999996,0.07250000000000001,0.07250000000000001,13.926683456301973,kJ/mol,5.617960815777327,0.14433990275608724,13.926683456301973,5.584514776654444,-0.03344603912288196,0.0,0.0,NaClIWater/data/S0_NaClIWater_matrix_BC_s_loss_split0.csv,0,0.19589661491681176,0.11310096335555773,0.07902380419568346,0.04562441462476612,3
NaClIWater,NaCl/NaI/water,"BC S-loss, fixed kappa_D",0.005,298.15,I,NaI,neutral ion-pair NaI: mu_Na + mu_I,0.034999999999999996,0.07500000000000001,0.07500000000000001,14.376707208291359,kJ/mol,5.799498352174869,0.1490040702733495,14.376707208291359,5.766052313051986,-0.03344603912288196,0.0,0.0,NaClIWater/data/S0_NaClIWater_matrix_BC_s_loss_split0.csv,0,0.1989760683178778,0.11487888660562012,0.08026604170294649,0.046341620783981886,3
NaClIWater,NaCl/NaI/water,"BC S-loss, fixed kappa_D",0.005,298.15,I,NaI,neutral ion-pair NaI: mu_Na + mu_I,0.034999999999999996,0.07750000000000001,0.07750000000000001,14.819964710473418,kJ/mol,5.978306414149689,0.15359811055304817,14.819964710473418,5.944860375026806,-0.03344603912288196,0.0,0.0,NaClIWater/data/S0_NaClIWater_matrix_BC_s_loss_split0.csv,0,0.19771505315704155,0.11415083916305911,0.07975735391781041,0.046047929754300096,3
NaClIWater,NaCl/NaI/water,"BC S-loss, fixed kappa_D",0.005,298.15,I,NaI,neutral ion-pair NaI: mu_Na + mu_I,0.034999999999999996,0.08,0.08,15.25527248805717,kJ/mol,6.153907593349464,0.15810975774331837,15.25527248805717,6.120461554226582,-0.03344603912288196,0.0,0.0,NaClIWater/data/S0_NaClIWater_matrix_BC_s_loss_split0.csv,0,0.19183985684838104,0.11075879299271207,0.07738732642701404,0.044679593744502,3
NaClIWater,NaCl/NaI/water,"BC S-loss, fixed kappa_D",0.005,298.15,I,NaI,neutral ion-pair NaI: mu_Na + mu_I,0.0375,0.0,0.0,2.762424358602432,kJ/mol,1.114349432287461,0.02863051095710034,2.762424358602432,1.080903393164579,-0.03344603912288196,0.0,0.0,NaClIWater/data/S0_NaClIWater_matrix_BC_s_loss_split0.csv,0,0.2925289222220601,0.1688916519906575,0.11800483781236834,0.06813012487664899,3
NaClIWater,NaCl/NaI/water,"BC S-loss, fixed kappa_D",0.005,298.15,I,NaI,neutral ion-pair NaI: mu_Na + mu_I,0.0375,0.0025,0.0025,2.998000978921124,kJ/mol,1.2093799703345351,0.03107209057475302,2.998000978921124,1.1759339312116532,-0.03344603912288196,0.0,0.0,NaClIWater/data/S0_NaClIWater_matrix_BC_s_loss_split0.csv,0,0.23255313630565963,0.13426461584696434,0.09381087833658816,0.05416173586054441,3
NaClIWater,NaCl/NaI/water,"BC S-loss, fixed kappa_D",0.005,298.15,I,NaI,neutral ion-pair NaI: mu_Na + mu_I,0.0375,0.005,0.005,3.2670664514618126,kJ/mol,1.3179197591762342,0.03386075768730734,3.2670664514618126,1.2844737200533523,-0.03344603912288196,0.0,0.0,NaClIWater/data/S0_NaClIWater_matrix_BC_s_loss_split0.csv,0,0.20426110534493686,0.1179302041558698,0.08239800162155259,0.04757250841689061,3
NaClIWater,NaCl/NaI/water,"BC S-loss, fixed kappa_D",0.005,298.15,I,NaI,neutral ion-pair NaI: mu_Na + mu_I,0.0375,0.0075,0.0075,3.5643956231698577,kJ/mol,1.43786099581628,0.036942357399510684,3.5643956231698577,1.404414956693398,-0.03344603912288196,0.0,0.0,NaClIWater/data/S0_NaClIWater_matrix_BC_s_loss_split0.csv,0,0.19527781338629785,0.11274369812534057,0.07877418247044775,0.04548029545450571,3
NaClIWater,NaCl/NaI/water,"BC S-loss, fixed kappa_D",0.005,298.15,I,NaI,neutral ion-pair NaI: mu_Na + mu_I,0.0375,0.01,0.01,3.8850458931366747,kJ/mol,1.5672098575100415,0.04026566326274405,3.8850458931366747,1.5337638183871596,-0.03344603912288196,0.0,0.0,NaClIWater/data/S0_NaClIWater_matrix_BC_s_loss_split0.csv,0,0.19643000205314726,0.11340891456230331,0.07923897014247706,0.04574864074206785,3
NaClIWater,NaCl/NaI/water,"BC S-loss, fixed kappa_D",0.005,298.15,I,NaI,neutral ion-pair NaI: mu_Na + mu_I,0.0375,0.0125,0.0125,4.224496515055235,kJ/mol,1.704142695742016,0.04378382104323464,4.224496515055235,1.6706966566191341,-0.03344603912288196,0.0,0.0,NaClIWater/data/S0_NaClIWater_matrix_BC_s_loss_split0.csv,0,0.20257926290104386,0.11695919196815364,0.08171955402290154,0.047180806513178374,3
NaClIWater,NaCl/NaI/water,"BC S-loss, fixed kappa_D",0.005,298.15,I,NaI,neutral ion-pair NaI: mu_Na + mu_I,0.0375,0.015,0.015,4.578758278739562,kJ/mol,1.8470502812523422,0.04745548549090017,4.578758278739562,1.8136042421294603,-0.03344603912288196,0.0,0.0,NaClIWater/data/S0_NaClIWater_matrix_BC_s_loss_split0.csv,0,0.2108298298718923,0.12172265902974003,0.08504779524383616,0.04910236747801298,3
NaClIWater,NaCl/NaI/water,"BC S-loss, fixed kappa_D",0.005,298.15,I,NaI,neutral ion-pair NaI: mu_Na + mu_I,0.0375,0.0175,0.0175,4.944450537543017,kJ/mol,1.9945688765472795,0.051245618672282944,4.944450537543017,1.9611228374243976,-0.03344603912288196,0.0,0.0,NaClIWater/data/S0_NaClIWater_matrix_BC_s_loss_split0.csv,0,0.21905420446111626,0.1264710039127448,0.08836547057705622,0.05101782822473137,3
NaClIWater,NaCl/NaI/water,"BC S-loss, fixed kappa_D",0.005,298.15,I,NaI,neutral ion-pair NaI: mu_Na + mu_I,0.0375,0.02,0.02,5.318844135323863,kJ/mol,2.145597552442035,0.05512593487719641,5.318844135323863,2.1121515133191533,-0.03344603912288196,0.0,0.0,NaClIWater/data/S0_NaClIWater_matrix_BC_s_loss_split0.csv,0,0.22544145160701204,0.1301586827718084,0.09094205704855308,0.05250542111764043,3
NaClIWater,NaCl/NaI/water,"BC S-loss, fixed kappa_D",0.005,298.15,I,NaI,neutral ion-pair NaI: mu_Na + mu_I,0.0375,0.0225,0.0225,5.699870405175916,kJ/mol,2.2993018181078133,0.059074993883996285,5.699870405175916,2.2658557789849314,-0.03344603912288196,0.0,0.0,NaClIWater/data/S0_NaClIWater_matrix_BC_s_loss_split0.csv,0,0.22857072505612416,0.13196536964002123,0.0922043917367885,0.05323423038970055,3
NaClIWater,NaCl/NaI/water,"BC S-loss, fixed kappa_D",0.005,298.15,I,NaI,neutral ion-pair NaI: mu_Na + mu_I,0.0375,0.025,0.025,6.086097985441876,kJ/mol,2.4551042687569513,0.0630779606744909,6.086097985441876,2.4216582296340694,-0.03344603912288196,0.0,0.0,NaClIWater/data/S0_NaClIWater_matrix_BC_s_loss_split0.csv,0,0.22756455766365385,0.13138445862512868,0.0917985083832429,0.05299989352627141,3
NaClIWater,NaCl/NaI/water,"BC S-loss, fixed kappa_D",0.005,298.15,I,NaI,neutral ion-pair NaI: mu_Na + mu_I,0.0375,0.0275,0.0275,6.476680635017164,kJ/mol,2.6126635345736466,0.06712606457767833,6.476680635017164,2.5792174954507647,-0.03344603912288196,0.0,0.0,NaClIWater/data/S0_NaClIWater_matrix_BC_s_loss_split0.csv,0,0.22215538060577877,0.12826146879467015,0.0896164709403661,0.05174009362124464,3
NaClIWater,NaCl/NaI/water,"BC S-loss, fixed kappa_D",0.005,298.15,I,NaI,neutral ion-pair NaI: mu_Na + mu_I,0.0375,0.03,0.03,6.871280483134823,kJ/mol,2.771843320025979,0.07121580380982095,6.871280483134823,2.738397280903097,-0.03344603912288196,0.0,0.0,NaClIWater/data/S0_NaClIWater_matrix_BC_s_loss_split0.csv,0,0.2126535234261068,0.12277556899418515,0.08578346493574161,0.04952710657266925,3
NaClIWater,NaCl/NaI/water,"BC S-loss, fixed kappa_D",0.005,298.15,I,NaI,neutral ion-pair NaI: mu_Na + mu_I,0.0375,0.0325,0.0325,7.2699721373913135,kJ/mol,2.9326737214793024,0.07534795162416685,7.2699721373913135,2.8992276823564205,-0.03344603912288196,0.0,0.0,NaClIWater/data/S0_NaClIWater_matrix_BC_s_loss_split0.csv,0,0.19984850361421297,0.11538258735880977,0.08061797813666313,0.04654481137872583,3
NaClIWater,NaCl/NaI/water,"BC S-loss, fixed kappa_D",0.005,298.15,I,NaI,neutral ion-pair NaI: mu_Na + mu_I,0.0375,0.034999999999999996,0.034999999999999996,7.673133761048261,kJ/mol,3.095307288274775,0.07952642740673355,7.673133761048261,3.0618612491518933,-0.03344603912288196,0.0,0.0,NaClIWater/data/S0_NaClIWater_matrix_BC_s_loss_split0.csv,0,0.18487483104517108,0.10673753347031611,0.07457766667089999,0.04305743592797829,3
NaClIWater,NaCl/NaI/water,"BC S-loss, fixed kappa_D",0.005,298.15,I,NaI,neutral ion-pair NaI: mu_Na + mu_I,0.0375,0.0375,0.0375,8.081331597364583,kJ/mol,3.2599724403697254,0.0837570998553474,8.081331597364583,3.2265264012468435,-0.03344603912288196,0.0,0.0,NaClIWater/data/S0_NaClIWater_matrix_BC_s_loss_split0.csv,0,0.16906403207756274,0.09760916443026438,0.06819966222031663,0.039375093341541365,3
NaClIWater,NaCl/NaI/water,"BC S-loss, fixed kappa_D",0.005,298.15,I,NaI,neutral ion-pair NaI: mu_Na + mu_I,0.0375,0.04,0.04,8.495204428772091,kJ/mol,3.4269268596941664,0.08804658948338329,8.495204428772091,3.3934808205712845,-0.03344603912288196,0.0,0.0,NaClIWater/data/S0_NaClIWater_matrix_BC_s_loss_split0.csv,0,0.15379666682468457,0.08879454699169882,0.062040876460594765,0.035819316725284704,3
NaClIWater,NaCl/NaI/water,"BC S-loss, fixed kappa_D",0.005,298.15,I,NaI,neutral ion-pair NaI: mu_Na + mu_I,0.0375,0.0425,0.0425,8.915354153239818,kJ/mol,3.5964133491534516,0.09240113452369769,8.915354153239818,3.5629673100305697,-0.03344603912288196,0.0,0.0,NaClIWater/data/S0_NaClIWater_matrix_BC_s_loss_split0.csv,0,0.1403633922565768,0.08103884230370365,0.056621954547994124,0.03269070070032717,3
NaClIWater,NaCl/NaI/water,"BC S-loss, fixed kappa_D",0.005,298.15,I,NaI,neutral ion-pair NaI: mu_Na + mu_I,0.0375,0.045,0.045,9.342248025159455,kJ/mol,3.768620397045729,0.09682557772680411,9.342248025159455,3.735174357922847,-0.03344603912288196,0.0,0.0,NaClIWater/data/S0_NaClIWater_matrix_BC_s_loss_split0.csv,0,0.1298434116365996,0.07496512866089017,0.052378242174462304,0.030240592219105224,3
NaClIWater,NaCl/NaI/water,"BC S-loss, fixed kappa_D",0.005,298.15,I,NaI,neutral ion-pair NaI: mu_Na + mu_I,0.0375,0.0475,0.0475,9.77613721627351,kJ/mol,3.9436493249104645,0.10132252230437189,9.77613721627351,3.9102032857875826,-0.03344603912288196,0.0,0.0,NaClIWater/data/S0_NaClIWater_matrix_BC_s_loss_split0.csv,0,0.12301229886851166,0.0710211838653699,0.0496226023281421,0.028649622812042592,3
NaClIWater,NaCl/NaI/water,"BC S-loss, fixed kappa_D",0.005,298.15,I,NaI,neutral ion-pair NaI: mu_Na + mu_I,0.0375,0.05,0.05,10.216995239400706,kJ/mol,4.121489447939103,0.10589169373611185,10.216995239400706,4.088043408816221,-0.03344603912288196,0.0,0.0,NaClIWater/data/S0_NaClIWater_matrix_BC_s_loss_split0.csv,0,0.1202939504149884,0.06945174465397705,0.048526032915658525,0.028016518166560093,3
NaClIWater,NaCl/NaI/water,"BC S-loss, fixed kappa_D",0.005,298.15,I,NaI,neutral ion-pair NaI: mu_Na + mu_I,0.0375,0.052500000000000005,0.052500000000000005,10.664478522484737,kJ/mol,4.30200217072551,0.11052953114858612,10.664478522484737,4.268556131602628,-0.03344603912288196,0.0,0.0,NaClIWater/data/S0_NaClIWater_matrix_BC_s_loss_split0.csv,0,0.12176111718577161,0.07029881378403481,0.049117881323381025,0.02835822200407813,3
NaClIWater,NaCl/NaI/water,"BC S-loss, fixed kappa_D",0.005,298.15,I,NaI,neutral ion-pair NaI: mu_Na + mu_I,0.0375,0.055,0.055,11.117910057838024,kJ/mol,4.484914391445211,0.11522901785156138,11.117910057838024,4.451468352322329,-0.03344603912288196,0.0,0.0,NaClIWater/data/S0_NaClIWater_matrix_BC_s_loss_split0.csv,0,0.1271654471521193,0.07341900514489522,0.05129796347156368,0.02961689301918688,3
NaClIWater,NaCl/NaI/water,"BC S-loss, fixed kappa_D",0.005,298.15,I,NaI,neutral ion-pair NaI: mu_Na + mu_I,0.0375,0.0575,0.0575,11.576285736924737,kJ/mol,4.669821057278073,0.11997974699340833,11.576285736924737,4.63637501815519,-0.03344603912288196,0.0,0.0,NaClIWater/data/S0_NaClIWater_matrix_BC_s_loss_split0.csv,0,0.13596927451111923,0.07850189724051282,0.05484938741875952,0.031667308591106884,3
NaClIWater,NaCl/NaI/water,"BC S-loss, fixed kappa_D",0.005,298.15,I,NaI,neutral ion-pair NaI: mu_Na + mu_I,0.0375,0.06,0.06,12.038301662847099,kJ/mol,4.856196182141156,0.12476820463507467,12.038301662847099,4.822750143018274,-0.03344603912288196,0.0,0.0,NaClIWater/data/S0_NaClIWater_matrix_BC_s_loss_split0.csv,0,0.1473731691531673,0.0850859388819094,0.05944966669180418,0.034323281067746673,3
NaClIWater,NaCl/NaI/water,"BC S-loss, fixed kappa_D",0.005,298.15,I,NaI,neutral ion-pair NaI: mu_Na + mu_I,0.0375,0.0625,0.0625,12.502399635897545,kJ/mol,5.043411195353743,0.12957824117461314,12.502399635897545,5.0099651562308605,-0.03344603912288196,0.0,0.0,NaClIWater/data/S0_NaClIWater_matrix_BC_s_loss_split0.csv,0,0.16035497658945197,0.09258098889981624,0.06468646881514205,0.0373467501833486,3
NaClIWater,NaCl/NaI/water,"BC S-loss, fixed kappa_D",0.005,298.15,I,NaI,neutral ion-pair NaI: mu_Na + mu_I,0.0375,0.065,0.065,12.966827011631556,kJ/mol,5.230759088111893,0.13439169173238955,12.966827011631556,5.1973130489890105,-0.03344603912288196,0.0,0.0,NaClIWater/data/S0_NaClIWater_matrix_BC_s_loss_split0.csv,0,0.17373224056333267,0.10030435585615695,0.07008279630857416,0.040462321314317,3
NaClIWater,NaCl/NaI/water,"BC S-loss, fixed kappa_D",0.005,298.15,I,NaI,neutral ion-pair NaI: mu_Na + mu_I,0.0375,0.0675,0.0675,13.42970647000514,kJ/mol,5.417482558041433,0.13918909925723713,13.42970647000514,5.384036518918551,-0.03344603912288196,0.0,0.0,NaClIWater/data/S0_NaClIWater_matrix_BC_s_loss_split0.csv,0,0.18624477215194482,0.10752846933708586,0.0751302946876081,0.04337649586218645,3
NaClIWater,NaCl/NaI/water,"BC S-loss, fixed kappa_D",0.005,298.15,I,NaI,neutral ion-pair NaI: mu_Na + mu_I,0.0375,0.07,0.07,13.889110773856922,kJ/mol,5.602804166429888,0.14395048934352417,13.889110773856922,5.569358127307006,-0.03344603912288196,0.0,0.0,NaClIWater/data/S0_NaClIWater_matrix_BC_s_loss_split0.csv,0,0.19664657160458282,0.11353395105112292,0.07932633331531516,0.04579907989342319,3
NaClIWater,NaCl/NaI/water,"BC S-loss, fixed kappa_D",0.005,298.15,I,NaI,neutral ion-pair NaI: mu_Na + mu_I,0.0375,0.07250000000000001,0.07250000000000001,14.34313746902358,kJ/mol,5.78595647191357,0.14865614444329367,14.34313746902358,5.752510432790688,-0.03344603912288196,0.0,0.0,NaClIWater/data/S0_NaClIWater_matrix_BC_s_loss_split0.csv,0,0.2037974725287033,0.11766252562461223,0.08221097425048614,0.047464528113859566,3
NaClIWater,NaCl/NaI/water,"BC S-loss, fixed kappa_D",0.005,298.15,I,NaI,neutral ion-pair NaI: mu_Na + mu_I,0.0375,0.07500000000000001,0.07500000000000001,14.78997863957945,kJ/mol,5.9662101694242295,0.15328732682837654,14.78997863957945,5.932764130301347,-0.03344603912288196,0.0,0.0,NaClIWater/data/S0_NaClIWater_matrix_BC_s_loss_split0.csv,0,0.20674944027449194,0.11936684499728238,0.08340178462377522,0.04815204280343181,3
NaClIWater,NaCl/NaI/water,"BC S-loss, fixed kappa_D",0.005,298.15,I,NaI,neutral ion-pair NaI: mu_Na + mu_I,0.04,0.0,0.0,3.0181319297408438,kJ/mol,1.2175007044091184,0.031280733177482034,3.0181319297408438,1.1840546652862365,-0.03344603912288196,0.0,0.0,NaClIWater/data/S0_NaClIWater_matrix_BC_s_loss_split0.csv,0,0.3279244743084454,0.1893272835158475,0.13228324266719646,0.07637376576318247,3
NaClIWater,NaCl/NaI/water,"BC S-loss, fixed kappa_D",0.005,298.15,I,NaI,neutral ion-pair NaI: mu_Na + mu_I,0.04,0.0025,0.0025,3.2607517979564773,kJ/mol,1.315372456649434,0.03379531091559329,3.2607517979564773,1.2819264175265521,-0.03344603912288196,0.0,0.0,NaClIWater/data/S0_NaClIWater_matrix_BC_s_loss_split0.csv,0,0.2534881511079655,0.14635145227856444,0.10225596816763854,0.05903751074783192,3
NaClIWater,NaCl/NaI/water,"BC S-loss, fixed kappa_D",0.005,298.15,I,NaI,neutral ion-pair NaI: mu_Na + mu_I,0.04,0.005,0.005,3.5362282149397744,kJ/mol,1.4264983913444302,0.036650422785101,3.5362282149397744,1.3930523522215483,-0.03344603912288196,0.0,0.0,NaClIWater/data/S0_NaClIWater_matrix_BC_s_loss_split0.csv,0,0.21353519910255267,0.12328460468331913,0.08613912889680156,0.049732449256328255,3
NaClIWater,NaCl/NaI/water,"BC S-loss, fixed kappa_D",0.005,298.15,I,NaI,neutral ion-pair NaI: mu_Na + mu_I,0.04,0.0075,0.0075,3.8397560683057126,kJ/mol,1.548940147995058,0.03979626730551899,3.8397560683057126,1.515494108872176,-0.03344603912288196,0.0,0.0,NaClIWater/data/S0_NaClIWater_matrix_BC_s_loss_split0.csv,0,0.19674699289222,0.1135919293085726,0.07936684280637858,0.04582246805899339,3
NaClIWater,NaCl/NaI/water,"BC S-loss, fixed kappa_D",0.005,298.15,I,NaI,neutral ion-pair NaI: mu_Na + mu_I,0.04,0.01,0.01,4.1666976346574645,kJ/mol,1.6808268900593974,0.04318477786097219,4.1666976346574645,1.6473808509365155,-0.03344603912288196,0.0,0.0,NaClIWater/data/S0_NaClIWater_matrix_BC_s_loss_split0.csv,0,0.19404907422432066,0.11203428523940921,0.07827851467657147,0.04519412152028261,3
NaClIWater,NaCl/NaI/water,"BC S-loss, fixed kappa_D",0.005,298.15,I,NaI,neutral ion-pair NaI: mu_Na + mu_I,0.04,0.0125,0.0125,4.512731139095138,kJ/mol,1.8204152331833503,0.04677116241100521,4.512731139095138,1.7869691940604684,-0.03344603912288196,0.0,0.0,NaClIWater/data/S0_NaClIWater_matrix_BC_s_loss_split0.csv,0,0.19943159519330053,0.11514188516976855,0.08044979917432792,0.04644771320954956,3
NaClIWater,NaCl/NaI/water,"BC S-loss, fixed kappa_D",0.005,298.15,I,NaI,neutral ion-pair NaI: mu_Na + mu_I,0.04,0.015,0.015,4.873973045899886,kJ/mol,1.9661385767068522,0.050515170944208876,4.873973045899886,1.9326925375839703,-0.03344603912288196,0.0,0.0,NaClIWater/data/S0_NaClIWater_matrix_BC_s_loss_split0.csv,0,0.20883800863269394,0.12057268050111125,0.08424430360787269,0.04863847136569786,3
NaClIWater,NaCl/NaI/water,"BC S-loss, fixed kappa_D",0.005,298.15,I,NaI,neutral ion-pair NaI: mu_Na + mu_I,0.04,0.0175,0.0175,5.247070109569237,kJ/mol,2.116644236633194,0.054382049519972504,5.247070109569237,2.083198197510312,-0.03344603912288196,0.0,0.0,NaClIWater/data/S0_NaClIWater_matrix_BC_s_loss_split0.csv,0,0.21910048191671028,0.12649772221418942,0.08838413869233269,0.0510286062661115,3
NaClIWater,NaCl/NaI/water,"BC S-loss, fixed kappa_D",0.005,298.15,I,NaI,neutral ion-pair NaI: mu_Na + mu_I,0.04,0.02,0.02,5.629258748126473,kJ/mol,2.270817396552201,0.058343155629472676,5.629258748126473,2.237371357429319,-0.03344603912288196,0.0,0.0,NaClIWater/data/S0_NaClIWater_matrix_BC_s_loss_split0.csv,0,0.22765142747139103,0.13143461293201017,0.09183355126890003,0.05302012554573873,3
NaClIWater,NaCl/NaI/water,"BC S-loss, fixed kappa_D",0.005,298.15,I,NaI,neutral ion-pair NaI: mu_Na + mu_I,0.04,0.0225,0.0225,6.018390910826777,kJ/mol,2.4277915425553362,0.062376226295555164,6.018390910826777,2.3943455034324543,-0.03344603912288196,0.0,0.0,NaClIWater/data/S0_NaClIWater_matrix_BC_s_loss_split0.csv,0,0.23261289943759372,0.1342991201072741,0.093834986512414,0.05417565472234712,3
NaClIWater,NaCl/NaI/water,"BC S-loss, fixed kappa_D",0.005,298.15,I,NaI,neutral ion-pair NaI: mu_Na + mu_I,0.04,0.025,0.025,6.412927239069284,kJ/mol,2.5869457043787016,0.06646530719058319,6.412927239069284,2.5534996652558197,-0.03344603912288196,0.0,0.0,NaClIWater/data/S0_NaClIWater_matrix_BC_s_loss_split0.csv,0,0.2328905632881908,0.13445942940616054,0.09394699484788777,0.05424032276498439,3
NaClIWater,NaCl/NaI/water,"BC S-loss, fixed kappa_D",0.005,298.15,I,NaI,neutral ion-pair NaI: mu_Na + mu_I,0.04,0.0275,0.0275,6.8118998432739275,kJ/mol,2.747889439764319,0.07060036684595161,6.8118998432739275,2.714443400641437,-0.03344603912288196,0.0,0.0,NaClIWater/data/S0_NaClIWater_matrix_BC_s_loss_split0.csv,0,0.22816567902185506,0.13173151620310178,0.09204099800731597,0.053139894976005686,3
NaClIWater,NaCl/NaI/water,"BC S-loss, fixed kappa_D",0.005,298.15,I,NaI,neutral ion-pair NaI: mu_Na + mu_I,0.04,0.03,0.03,7.2148484072648325,kJ/mol,2.9104370592587707,0.0747766344206866,7.2148484072648325,2.876991020135889,-0.03344603912288196,0.0,0.0,NaClIWater/data/S0_NaClIWater_matrix_BC_s_loss_split0.csv,0,0.21880119859456487,0.12632493090758481,0.08826340916028676,0.050958903038285645,3
NaClIWater,NaCl/NaI/water,"BC S-loss, fixed kappa_D",0.005,298.15,I,NaI,neutral ion-pair NaI: mu_Na + mu_I,0.04,0.0325,0.0325,7.621734487341846,kJ/mol,3.074573054848124,0.07899371147391321,7.621734487341846,3.041127015725242,-0.03344603912288196,0.0,0.0,NaClIWater/data/S0_NaClIWater_matrix_BC_s_loss_split0.csv,0,0.20569816441993055,0.11875989059965882,0.08297770472161958,0.04790720015776435,3
NaClIWater,NaCl/NaI/water,"BC S-loss, fixed kappa_D",0.005,298.15,I,NaI,neutral ion-pair NaI: mu_Na + mu_I,0.04,0.034999999999999996,0.034999999999999996,8.03283975144185,kJ/mol,3.240411050098063,0.08325451728808275,8.03283975144185,3.206965010975181,-0.03344603912288196,0.0,0.0,NaClIWater/data/S0_NaClIWater_matrix_BC_s_loss_split0.csv,0,0.19013009455359903,0.1097716612715694,0.07669761608739738,0.04428138929426145,3
NaClIWater,NaCl/NaI/water,"BC S-loss, fixed kappa_D",0.005,298.15,I,NaI,neutral ion-pair NaI: mu_Na + mu_I,0.04,0.0375,0.0375,8.448654462042528,kJ/mol,3.408148814664064,0.0875641330757162,8.448654462042528,3.374702775541182,-0.03344603912288196,0.0,0.0,NaClIWater/data/S0_NaClIWater_matrix_BC_s_loss_split0.csv,0,0.17357338048290535,0.10021263794595875,0.07001871287407745,0.04042532272615973,3
NaClIWater,NaCl/NaI/water,"BC S-loss, fixed kappa_D",0.005,298.15,I,NaI,neutral ion-pair NaI: mu_Na + mu_I,0.04,0.04,0.04,8.86976273578151,kJ/mol,3.5780219785431995,0.09192861277915654,8.86976273578151,3.5445759394203176,-0.03344603912288196,0.0,0.0,NaClIWater/data/S0_NaClIWater_matrix_BC_s_loss_split0.csv,0,0.15754546536476519,0.09095891683795204,0.06355312475506465,0.03669241368517845,3
NaClIWater,NaCl/NaI/water,"BC S-loss, fixed kappa_D",0.005,298.15,I,NaI,neutral ion-pair NaI: mu_Na + mu_I,0.04,0.0425,0.0425,9.296730976900404,kJ/mol,3.750259026632483,0.09635382676469817,9.296730976900404,3.716812987509601,-0.03344603912288196,0.0,0.0,NaClIWater/data/S0_NaClIWater_matrix_BC_s_loss_split0.csv,0,0.14345895784420848,0.08282606792901695,0.057870691638095384,0.033411659395444195,3
NaClIWater,NaCl/NaI/water,"BC S-loss, fixed kappa_D",0.005,298.15,I,NaI,neutral ion-pair NaI: mu_Na + mu_I,0.04,0.045,0.045,9.73000543822978,kJ/mol,3.925039975295748,0.1008444001170119,9.73000543822978,3.891593936172866,-0.03344603912288196,0.0,0.0,NaClIWater/data/S0_NaClIWater_matrix_BC_s_loss_split0.csv,0,0.13249843805388328,0.07649800887761447,0.053449267765296966,0.03085894913228259,3
NaClIWater,NaCl/NaI/water,"BC S-loss, fixed kappa_D",0.005,298.15,I,NaI,neutral ion-pair NaI: mu_Na + mu_I,0.04,0.0475,0.0475,10.169824104818293,kJ/mol,4.102460826620089,0.10540279937731613,10.169824104818293,4.069014787497206,-0.03344603912288196,0.0,0.0,NaClIWater/data/S0_NaClIWater_matrix_BC_s_loss_split0.csv,0,0.12552739586666306,0.07247327579429064,0.05063718102721499,0.029235390097066386,3
NaClIWater,NaCl/NaI/water,"BC S-loss, fixed kappa_D",0.005,298.15,I,NaI,neutral ion-pair NaI: mu_Na + mu_I,0.04,0.05,0.05,10.616147085602393,kJ/mol,4.282505488731753,0.11002861110387131,10.616147085602393,4.249059449608871,-0.03344603912288196,0.0,0.0,NaClIWater/data/S0_NaClIWater_matrix_BC_s_loss_split0.csv,0,0.12303315780284801,0.07103322677672401,0.04963101672745879,0.028654480867753154,3
NaClIWater,NaCl/NaI/water,"BC S-loss, fixed kappa_D",0.005,298.15,I,NaI,neutral ion-pair NaI: mu_Na + mu_I,0.04,0.052500000000000005,0.052500000000000005,11.068608516986068,kJ/mol,4.465026373918798,0.11471804338771108,11.068608516986068,4.431580334795916,-0.03344603912288196,0.0,0.0,NaClIWater/data/S0_NaClIWater_matrix_BC_s_loss_split0.csv,0,0.12511192462780363,0.0722334033626946,0.05046958181758852,0.029138626648272575,3
NaClIWater,NaCl/NaI/water,"BC S-loss, fixed kappa_D",0.005,298.15,I,NaI,neutral ion-pair NaI: mu_Na + mu_I,0.04,0.055,0.055,11.526491648114735,kJ/mol,4.649734348143793,0.1194636676297023,11.526491648114735,4.616288309020911,-0.03344603912288196,0.0,0.0,NaClIWater/data/S0_NaClIWater_matrix_BC_s_loss_split0.csv,0,0.1314841992100075,0.07591243780808021,0.053040128424935926,0.03062273242398908,3
NaClIWater,NaCl/NaI/water,"BC S-loss, fixed kappa_D",0.005,298.15,I,NaI,neutral ion-pair NaI: mu_Na + mu_I,0.04,0.0575,0.0575,11.988727413804689,kJ/mol,4.83619815537005,0.12425440375000109,11.988727413804689,4.802752116247167,-0.03344603912288196,0.0,0.0,NaClIWater/data/S0_NaClIWater_matrix_BC_s_loss_split0.csv,0,0.14152662218049303,0.08171043341340611,0.05709119621294662,0.032961617501902477,3
NaClIWater,NaCl/NaI/water,"BC S-loss, fixed kappa_D",0.005,298.15,I,NaI,neutral ion-pair NaI: mu_Na + mu_I,0.04,0.06,0.06,12.453915469187072,kJ/mol,5.023852902841408,0.1290757381967751,12.453915469187072,4.990406863718525,-0.03344603912288196,0.0,0.0,NaClIWater/data/S0_NaClIWater_matrix_BC_s_loss_split0.csv,0,0.15431627767051068,0.08909454445341038,0.06225048511440425,0.03594033433798609,3
NaClIWater,NaCl/NaI/water,"BC S-loss, fixed kappa_D",0.005,298.15,I,NaI,neutral ion-pair NaI: mu_Na + mu_I,0.04,0.0625,0.0625,12.920365406926134,kJ/mol,5.212016687920763,0.133910151132568,12.920365406926134,5.178570648797881,-0.03344603912288196,0.0,0.0,NaClIWater/data/S0_NaClIWater_matrix_BC_s_loss_split0.csv,0,0.16869220916624572,0.09739449237232463,0.06804967054765901,0.03928849560895628,3
NaClIWater,NaCl/NaI/water,"BC S-loss, fixed kappa_D",0.005,298.15,I,NaI,neutral ion-pair NaI: mu_Na + mu_I,0.04,0.065,0.065,13.386154810555002,kJ/mol,5.399914016541897,0.1387377181147258,13.386154810555002,5.366467977419014,-0.03344603912288196,0.0,0.0,NaClIWater/data/S0_NaClIWater_matrix_BC_s_loss_split0.csv,0,0.18333541661932515,0.10584875213715957,0.07395667388745784,0.04269890557729315,3
NaClIWater,NaCl/NaI/water,"BC S-loss, fixed kappa_D",0.005,298.15,I,NaI,neutral ion-pair NaI: mu_Na + mu_I,0.04,0.0675,0.0675,13.849199937230525,kJ/mol,5.586704316311551,0.14353684267052816,13.849199937230525,5.553258277188669,-0.03344603912288196,0.0,0.0,NaClIWater/data/S0_NaClIWater_matrix_BC_s_loss_split0.csv,0,0.19686138688037622,0.11365797470842828,0.0794129888213316,0.04584911047314855,3
NaClIWater,NaCl/NaI/water,"BC S-loss, fixed kappa_D",0.005,298.15,I,NaI,neutral ion-pair NaI: mu_Na + mu_I,0.04,0.07,0.07,14.307334227059425,kJ/mol,5.771513606814817,0.14828506998901503,14.307334227059425,5.738067567691934,-0.03344603912288196,0.0,0.0,NaClIWater/data/S0_NaClIWater_matrix_BC_s_loss_split0.csv,0,0.20791639997182124,0.1200405894926689,0.08387253086237226,0.04842382827100582,3
NaClIWater,NaCl/NaI/water,"BC S-loss, fixed kappa_D",0.005,298.15,I,NaI,neutral ion-pair NaI: mu_Na + mu_I,0.04,0.07250000000000001,0.07250000000000001,14.758389532254249,kJ/mol,5.953467267087488,0.15295992880186307,14.758389532254249,5.920021227964606,-0.03344603912288196,0.0,0.0,NaClIWater/data/S0_NaClIWater_matrix_BC_s_loss_split0.csv,0,0.21527005119601633,0.12428622200648455,0.08683896034718479,0.050136497132594375,3
NaClIWater,NaCl/NaI/water,"BC S-loss, fixed kappa_D",0.005,298.15,I,NaI,neutral ion-pair NaI: mu_Na + mu_I,0.0425,0.0,0.0,3.2743150181716105,kJ/mol,1.3208437980455003,0.03393588378730783,3.2743150181716105,1.2873977589226184,-0.03344603912288196,0.0,0.0,NaClIWater/data/S0_NaClIWater_matrix_BC_s_loss_split0.csv,0,0.36208181979367393,0.2090480361265472,0.14606216060620858,0.08432902774441288,3
NaClIWater,NaCl/NaI/water,"BC S-loss, fixed kappa_D",0.005,298.15,I,NaI,neutral ion-pair NaI: mu_Na + mu_I,0.0425,0.0025,0.0025,3.5272383560049687,kJ/mol,1.4228719231049838,0.036557249462930486,3.5272383560049687,1.3894258839821019,-0.03344603912288196,0.0,0.0,NaClIWater/data/S0_NaClIWater_matrix_BC_s_loss_split0.csv,0,0.27235992071387294,0.15724707354061968,0.10986875426298054,0.06343275484926066,3
NaClIWater,NaCl/NaI/water,"BC S-loss, fixed kappa_D",0.005,298.15,I,NaI,neutral ion-pair NaI: mu_Na + mu_I,0.0425,0.005,0.005,3.811394883760734,kJ/mol,1.5374993750384054,0.03950232434112877,3.811394883760734,1.5040533359155235,-0.03344603912288196,0.0,0.0,NaClIWater/data/S0_NaClIWater_matrix_BC_s_loss_split0.csv,0,0.22075020464390605,0.12745019007482414,0.08904962934323764,0.05141282747255465,3
NaClIWater,NaCl/NaI/water,"BC S-loss, fixed kappa_D",0.005,298.15,I,NaI,neutral ion-pair NaI: mu_Na + mu_I,0.0425,0.0075,0.0075,4.1225923912637965,kJ/mol,1.66303503531283,0.04272765922519284,4.1225923912637965,1.6295889961899481,-0.03344603912288196,0.0,0.0,NaClIWater/data/S0_NaClIWater_matrix_BC_s_loss_split0.csv,0,0.1963935742228457,0.11338788294467272,0.07922427532128139,0.045740156683094835,3
NaClIWater,NaCl/NaI/water,"BC S-loss, fixed kappa_D",0.005,298.15,I,NaI,neutral ion-pair NaI: mu_Na + mu_I,0.0425,0.01,0.01,4.456676570186987,kJ/mol,1.7978030748285356,0.0461901977433854,4.456676570186987,1.7643570357056537,-0.03344603912288196,0.0,0.0,NaClIWater/data/S0_NaClIWater_matrix_BC_s_loss_split0.csv,0,0.19013643276121897,0.10977532063744495,0.07670017289154703,0.044282865465825515,3
NaClIWater,NaCl/NaI/water,"BC S-loss, fixed kappa_D",0.005,298.15,I,NaI,neutral ion-pair NaI: mu_Na + mu_I,0.0425,0.0125,0.0125,4.809685334005606,kJ/mol,1.9402052058873545,0.049848875762563694,4.809685334005606,1.9067591667644725,-0.03344603912288196,0.0,0.0,NaClIWater/data/S0_NaClIWater_matrix_BC_s_loss_split0.csv,0,0.19505366913080396,0.11261428837909387,0.07868376369641616,0.04542809215097878,3
NaClIWater,NaCl/NaI/water,"BC S-loss, fixed kappa_D",0.005,298.15,I,NaI,neutral ion-pair NaI: mu_Na + mu_I,0.0425,0.015,0.015,5.177981152198186,kJ/mol,2.0887740652078617,0.05366599293552099,5.177981152198186,2.0553280260849798,-0.03344603912288196,0.0,0.0,NaClIWater/data/S0_NaClIWater_matrix_BC_s_loss_split0.csv,0,0.20586157600769328,0.11885423632384233,0.0830436242134912,0.047945258794141264,3
NaClIWater,NaCl/NaI/water,"BC S-loss, fixed kappa_D",0.005,298.15,I,NaI,neutral ion-pair NaI: mu_Na + mu_I,0.0425,0.0175,0.0175,5.558356510193435,kJ/mol,2.2422157559887053,0.05760830571631459,5.558356510193435,2.2087697168658234,-0.03344603912288196,0.0,0.0,NaClIWater/data/S0_NaClIWater_matrix_BC_s_loss_split0.csv,0,0.218330814871486,0.1260533547384428,0.08807365850407874,0.050849350445845036,3
NaClIWater,NaCl/NaI/water,"BC S-loss, fixed kappa_D",0.005,298.15,I,NaI,neutral ion-pair NaI: mu_Na + mu_I,0.0425,0.02,0.02,5.9481090517218895,kJ/mol,2.3994401599917747,0.06164780615586096,5.9481090517218895,2.365994120868893,-0.03344603912288196,0.0,0.0,NaClIWater/data/S0_NaClIWater_matrix_BC_s_loss_split0.csv,0,0.22917291426396533,0.13231304374127142,0.09244731212655331,0.05337448054212291,3
NaClIWater,NaCl/NaI/water,"BC S-loss, fixed kappa_D",0.005,298.15,I,NaI,neutral ion-pair NaI: mu_Na + mu_I,0.0425,0.0225,0.0225,6.345084518097052,kJ/mol,2.5595782590530707,0.06576216693622428,6.345084518097052,2.5261322199301888,-0.03344603912288196,0.0,0.0,NaClIWater/data/S0_NaClIWater_matrix_BC_s_loss_split0.csv,0,0.23610293565957224,0.13631409345951492,0.09524285126371945,0.05498848581549592,3
NaClIWater,NaCl/NaI/water,"BC S-loss, fixed kappa_D",0.005,298.15,I,NaI,neutral ion-pair NaI: mu_Na + mu_I,0.0425,0.025,0.025,6.747687252412831,kJ/mol,2.721986372428216,0.06993485023895119,6.747687252412831,2.688540333305334,-0.03344603912288196,0.0,0.0,NaClIWater/data/S0_NaClIWater_matrix_BC_s_loss_split0.csv,0,0.23784413259914516,0.13731937398128952,0.09594524219618848,0.055394011409433265,3
NaClIWater,NaCl/NaI/water,"BC S-loss, fixed kappa_D",0.005,298.15,I,NaI,neutral ion-pair NaI: mu_Na + mu_I,0.0425,0.0275,0.0275,7.1548596183462205,kJ/mol,2.8862378544309912,0.07415489443599199,7.1548596183462205,2.8527918153081093,-0.03344603912288196,0.0,0.0,NaClIWater/data/S0_NaClIWater_matrix_BC_s_loss_split0.csv,0,0.23403996869338403,0.13512303892625688,0.09441065976481357,0.05450801982958529,3
NaClIWater,NaCl/NaI/water,"BC S-loss, fixed kappa_D",0.005,298.15,I,NaI,neutral ion-pair NaI: mu_Na + mu_I,0.0425,0.03,0.03,7.566033192987936,kJ/mol,3.052103405843016,0.07841640823903617,7.566033192987936,3.018657366720134,-0.03344603912288196,0.0,0.0,NaClIWater/data/S0_NaClIWater_matrix_BC_s_loss_split0.csv,0,0.22510431113479712,0.12996403462942038,0.09080605611421312,0.05242690094158921,3
NaClIWater,NaCl/NaI/water,"BC S-loss, fixed kappa_D",0.005,298.15,I,NaI,neutral ion-pair NaI: mu_Na + mu_I,0.0425,0.0325,0.0325,7.981055887786091,kJ/mol,3.2195216748336337,0.08271781536132039,7.981055887786091,3.186075635710752,-0.03344603912288196,0.0,0.0,NaClIWater/data/S0_NaClIWater_matrix_BC_s_loss_split0.csv,0,0.212040333893833,0.12242154385266261,0.08553610706509211,0.049384294439463586,3
NaClIWater,NaCl/NaI/water,"BC S-loss, fixed kappa_D",0.005,298.15,I,NaI,neutral ion-pair NaI: mu_Na + mu_I,0.0425,0.034999999999999996,0.034999999999999996,8.400100229480088,kJ/mol,3.388562257905463,0.08706090391649468,8.400100229480088,3.355116218782581,-0.03344603912288196,0.0,0.0,NaClIWater/data/S0_NaClIWater_matrix_BC_s_loss_split0.csv,0,0.1962486948981892,0.11330423682758227,0.07916583166012611,0.04570641421959441,3
NaClIWater,NaCl/NaI/water,"BC S-loss, fixed kappa_D",0.005,298.15,I,NaI,neutral ion-pair NaI: mu_Na + mu_I,0.0425,0.0375,0.0375,8.823558784434146,kJ/mol,3.5593835145457917,0.0914497425682157,8.823558784434146,3.52593747542291,-0.03344603912288196,0.0,0.0,NaClIWater/data/S0_NaClIWater_matrix_BC_s_loss_split0.csv,0,0.17933884313349702,0.10354132935928058,0.07234447430589842,0.041768101714892425,3
NaClIWater,NaCl/NaI/water,"BC S-loss, fixed kappa_D",0.005,298.15,I,NaI,neutral ion-pair NaI: mu_Na + mu_I,0.0425,0.04,0.04,9.251933139489394,kJ/mol,3.732187782606847,0.0958895298977609,9.251933139489394,3.698741743483965,-0.03344603912288196,0.0,0.0,NaClIWater/data/S0_NaClIWater_matrix_BC_s_loss_split0.csv,0,0.16295356362407706,0.0940812838237697,0.06573472701550377,0.037951962337507666,3
NaClIWater,NaCl/NaI/water,"BC S-loss, fixed kappa_D",0.005,298.15,I,NaI,neutral ion-pair NaI: mu_Na + mu_I,0.0425,0.0425,0.0425,9.685722945926775,kJ/mol,3.9071766191446704,0.10038544442573993,9.685722945926775,3.8737305800217885,-0.03344603912288196,0.0,0.0,NaClIWater/data/S0_NaClIWater_matrix_BC_s_loss_split0.csv,0,0.1486145777546648,0.0858026664721583,0.05995044528000646,0.034612405720449664,3
NaClIWater,NaCl/NaI/water,"BC S-loss, fixed kappa_D",0.005,298.15,I,NaI,neutral ion-pair NaI: mu_Na + mu_I,0.0425,0.045,0.045,10.125321253508314,kJ/mol,4.084508578647029,0.10494155982587472,10.125321253508314,4.051062539524147,-0.03344603912288196,0.0,0.0,NaClIWater/data/S0_NaClIWater_matrix_BC_s_loss_split0.csv,0,0.13759540717312738,0.07944074537066126,0.0555053619445745,0.0320460356601677,3
NaClIWater,NaCl/NaI/water,"BC S-loss, fixed kappa_D",0.005,298.15,I,NaI,neutral ion-pair NaI: mu_Na + mu_I,0.0425,0.0475,0.0475,10.570921790238193,kJ/mol,4.264261810110405,0.10955988394744055,10.570921790238193,4.2308157709875225,-0.03344603912288196,0.0,0.0,NaClIWater/data/S0_NaClIWater_matrix_BC_s_loss_split0.csv,0,0.13082640380704275,0.07553265945510682,0.052774776748762776,0.030469531562320594,3
NaClIWater,NaCl/NaI/water,"BC S-loss, fixed kappa_D",0.005,298.15,I,NaI,neutral ion-pair NaI: mu_Na + mu_I,0.0425,0.05,0.05,11.02244295826667,kJ/mol,4.446403397333035,0.1142395710883193,11.02244295826667,4.412957358210153,-0.03344603912288196,0.0,0.0,NaClIWater/data/S0_NaClIWater_matrix_BC_s_loss_split0.csv,0,0.12883508678048053,0.07438297203377923,0.0519714885098857,0.03000575288136805,3
NaClIWater,NaCl/NaI/water,"BC S-loss, fixed kappa_D",0.005,298.15,I,NaI,neutral ion-pair NaI: mu_Na + mu_I,0.0425,0.052500000000000005,0.052500000000000005,11.479472228717563,kJ/mol,4.6307669280410275,0.11897634568799732,11.479472228717563,4.597320888918145,-0.03344603912288196,0.0,0.0,NaClIWater/data/S0_NaClIWater_matrix_BC_s_loss_split0.csv,0,0.13172166114607747,0.07604953652079251,0.053135919490788795,0.030678037421645196,3
NaClIWater,NaCl/NaI/water,"BC S-loss, fixed kappa_D",0.005,298.15,I,NaI,neutral ion-pair NaI: mu_Na + mu_I,0.0425,0.055,0.055,11.941233331927114,kJ/mol,4.8170392585798165,0.1237621622783536,11.941233331927114,4.783593219456934,-0.03344603912288196,0.0,0.0,NaClIWater/data/S0_NaClIWater_matrix_BC_s_loss_split0.csv,0,0.13916594099306806,0.08034749349437542,0.056138908150170655,0.03241181373251271,3
NaClIWater,NaCl/NaI/water,"BC S-loss, fixed kappa_D",0.005,298.15,I,NaI,neutral ion-pair NaI: mu_Na + mu_I,0.0425,0.0575,0.0575,12.406577296556762,kJ/mol,5.004756899132984,0.12858511261060815,12.406577296556762,4.971310860010101,-0.03344603912288196,0.0,0.0,NaClIWater/data/S0_NaClIWater_matrix_BC_s_loss_split0.csv,0,0.15046105816724495,0.08686873243541482,0.06069530708702055,0.035042451885238315,3
NaClIWater,NaCl/NaI/water,"BC S-loss, fixed kappa_D",0.005,298.15,I,NaI,neutral ion-pair NaI: mu_Na + mu_I,0.0425,0.06,0.06,12.87399699541486,kJ/mol,5.193311881440632,0.13342957641214073,12.87399699541486,5.15986584231775,-0.03344603912288196,0.0,0.0,NaClIWater/data/S0_NaClIWater_matrix_BC_s_loss_split0.csv,0,0.1645709336289971,0.09501507283148952,0.0663871667252714,0.03832864857957201,3
NaClIWater,NaCl/NaI/water,"BC S-loss, fixed kappa_D",0.005,298.15,I,NaI,neutral ion-pair NaI: mu_Na + mu_I,0.0425,0.0625,0.0625,13.341663550898318,kJ/mol,5.381966444589098,0.1382765987023049,13.341663550898318,5.348520405466216,-0.03344603912288196,0.0,0.0,NaClIWater/data/S0_NaClIWater_matrix_BC_s_loss_split0.csv,0,0.18020842719161198,0.10404338394931625,0.07269526056307513,0.041970628254901415,3
NaClIWater,NaCl/NaI/water,"BC S-loss, fixed kappa_D",0.005,298.15,I,NaI,neutral ion-pair NaI: mu_Na + mu_I,0.0425,0.065,0.065,13.80748175243972,kJ/mol,5.569875390157274,0.14310446415379374,13.80748175243972,5.536429351034392,-0.03344603912288196,0.0,0.0,NaClIWater/data/S0_NaClIWater_matrix_BC_s_loss_split0.csv,0,0.19592870431819576,0.11311949018008492,0.07903674891436994,0.045631888261584354,3
NaClIWater,NaCl/NaI/water,"BC S-loss, fixed kappa_D",0.005,298.15,I,NaI,neutral ion-pair NaI: mu_Na + mu_I,0.0425,0.0675,0.0675,14.26916064320565,kJ/mol,5.7561145565699245,0.14788942867221525,14.26916064320565,5.722668517447042,-0.03344603912288196,0.0,0.0,NaClIWater/data/S0_NaClIWater_matrix_BC_s_loss_split0.csv,0,0.21023039511741082,0.12137657521287853,0.08480598598803914,0.04896275883908603,3
NaClIWater,NaCl/NaI/water,"BC S-loss, fixed kappa_D",0.005,298.15,I,NaI,neutral ion-pair NaI: mu_Na + mu_I,0.0425,0.07,0.07,14.72429468271948,kJ/mol,5.939713559730875,0.152606560587401,14.72429468271948,5.906267520607993,-0.03344603912288196,0.0,0.0,NaClIWater/data/S0_NaClIWater_matrix_BC_s_loss_split0.csv,0,0.22165673638311092,0.127973576418483,0.089415320127055,0.05162395914503177,3
NaClIWater,NaCl/NaI/water,"BC S-loss, fixed kappa_D",0.005,298.15,I,NaI,neutral ion-pair NaI: mu_Na + mu_I,0.045,0.0,0.0,3.5309849827176505,kJ/mol,1.424383295294151,0.03659608051248142,3.5309849827176505,1.3909372561712692,-0.03344603912288196,0.0,0.0,NaClIWater/data/S0_NaClIWater_matrix_BC_s_loss_split0.csv,0,0.3931250067305885,0.22697082846107872,0.15858484113927682,0.09155900072115551,3
NaClIWater,NaCl/NaI/water,"BC S-loss, fixed kappa_D",0.005,298.15,I,NaI,neutral ion-pair NaI: mu_Na + mu_I,0.045,0.0025,0.0025,3.7975767865905268,kJ/mol,1.531925217436963,0.039359109855922725,3.7975767865905268,1.4984791783140812,-0.03344603912288196,0.0,0.0,NaClIWater/data/S0_NaClIWater_matrix_BC_s_loss_split0.csv,0,0.2881569167063811,0.1663674734292817,0.11624119065613657,0.06711188271624306,3
NaClIWater,NaCl/NaI/water,"BC S-loss, fixed kappa_D",0.005,298.15,I,NaI,neutral ion-pair NaI: mu_Na + mu_I,0.045,0.005,0.005,4.0927440124664045,kJ/mol,1.650994334953381,0.042418302578539624,4.0927440124664045,1.6175482958304992,-0.03344603912288196,0.0,0.0,NaClIWater/data/S0_NaClIWater_matrix_BC_s_loss_split0.csv,0,0.22561220196260967,0.13025726553557693,0.09101093696601778,0.05254518895653043,3
NaClIWater,NaCl/NaI/water,"BC S-loss, fixed kappa_D",0.005,298.15,I,NaI,neutral ion-pair NaI: mu_Na + mu_I,0.045,0.0075,0.0075,4.413109418105242,kJ/mol,1.7802282836718157,0.04573865603106242,4.413109418105242,1.7467822445489338,-0.03344603912288196,0.0,0.0,NaClIWater/data/S0_NaClIWater_matrix_BC_s_loss_split0.csv,0,0.1945214011621965,0.11230698332413733,0.07846904921679773,0.045304126688372165,3
NaClIWater,NaCl/NaI/water,"BC S-loss, fixed kappa_D",0.005,298.15,I,NaI,neutral ion-pair NaI: mu_Na + mu_I,0.045,0.01,0.01,4.755189783495691,kJ/mol,1.9182219484693523,0.049284069182021994,4.755189783495691,1.8847759093464704,-0.03344603912288196,0.0,0.0,NaClIWater/data/S0_NaClIWater_matrix_BC_s_loss_split0.csv,0,0.18535100653416356,0.10701245351706742,0.07476975369915656,0.04316833742545006,3
NaClIWater,NaCl/NaI/water,"BC S-loss, fixed kappa_D",0.005,298.15,I,NaI,neutral ion-pair NaI: mu_Na + mu_I,0.045,0.0125,0.0125,5.1155521061877725,kJ/mol,2.063590471759117,0.053018961468296766,5.1155521061877725,2.0301444326362352,-0.03344603912288196,0.0,0.0,NaClIWater/data/S0_NaClIWater_matrix_BC_s_loss_split0.csv,0,0.1901870973746053,0.10980457186562194,0.07672061076633921,0.044294665278338446,3
NaClIWater,NaCl/NaI/water,"BC S-loss, fixed kappa_D",0.005,298.15,I,NaI,neutral ion-pair NaI: mu_Na + mu_I,0.045,0.015,0.015,5.4909530503341095,kJ/mol,2.2150255065997775,0.056909718082579275,5.4909530503341095,2.1815794674768956,-0.03344603912288196,0.0,0.0,NaClIWater/data/S0_NaClIWater_matrix_BC_s_loss_split0.csv,0,0.20254483623915245,0.11693931572564334,0.08170566646394828,0.04717278852727832,3
NaClIWater,NaCl/NaI/water,"BC S-loss, fixed kappa_D",0.005,298.15,I,NaI,neutral ion-pair NaI: mu_Na + mu_I,0.045,0.0175,0.0175,5.878455895098244,kJ/mol,2.371342393151977,0.0609259020582158,5.878455895098244,2.337896354029095,-0.03344603912288196,0.0,0.0,NaClIWater/data/S0_NaClIWater_matrix_BC_s_loss_split0.csv,0,0.21723071855983833,0.1254182138367785,0.08762988465140156,0.05059313749254255,3
NaClIWater,NaCl/NaI/water,"BC S-loss, fixed kappa_D",0.005,298.15,I,NaI,neutral ion-pair NaI: mu_Na + mu_I,0.045,0.02,0.02,6.27552050380729,kJ/mol,2.5315164518256497,0.06504118673376524,6.27552050380729,2.4980704127027678,-0.03344603912288196,0.0,0.0,NaClIWater/data/S0_NaClIWater_matrix_BC_s_loss_split0.csv,0,0.23034634175810378,0.13299052242088677,0.09292066744498995,0.05364777236264465,3
NaClIWater,NaCl/NaI/water,"BC S-loss, fixed kappa_D",0.005,298.15,I,NaI,neutral ion-pair NaI: mu_Na + mu_I,0.045,0.0225,0.0225,6.68006335753607,kJ/mol,2.694707200555032,0.0692339779572535,6.68006335753607,2.66126116143215,-0.03344603912288196,0.0,0.0,NaClIWater/data/S0_NaClIWater_matrix_BC_s_loss_split0.csv,0,0.23927480859647413,0.13814537515347053,0.09652237039173388,0.05572721652848832,3
NaClIWater,NaCl/NaI/water,"BC S-loss, fixed kappa_D",0.005,298.15,I,NaI,neutral ion-pair NaI: mu_Na + mu_I,0.045,0.025,0.025,7.0904862856638085,kJ/mol,2.8602699445746684,0.07348771185741043,7.0904862856638085,2.8268239054517865,-0.03344603912288196,0.0,0.0,NaClIWater/data/S0_NaClIWater_matrix_BC_s_loss_split0.csv,0,0.24258795935881697,0.140058223637975,0.09785888035248702,0.05649885091410376,3
NaClIWater,NaCl/NaI/water,"BC S-loss, fixed kappa_D",0.005,298.15,I,NaI,neutral ion-pair NaI: mu_Na + mu_I,0.045,0.0275,0.0275,7.505674180766726,kJ/mol,3.0277548546174664,0.07779083116020047,7.505674180766726,2.9943088154945845,-0.03344603912288196,0.0,0.0,NaClIWater/data/S0_NaClIWater_matrix_BC_s_loss_split0.csv,0,0.2398916861557169,0.13850152957835637,0.09677121599570217,0.05587088760492607,3
NaClIWater,NaCl/NaI/water,"BC S-loss, fixed kappa_D",0.005,298.15,I,NaI,neutral ion-pair NaI: mu_Na + mu_I,0.045,0.03,0.03,7.924963555789269,kJ/mol,3.1968942830204647,0.08213645930686653,7.924963555789269,3.163448243897583,-0.03344603912288196,0.0,0.0,NaClIWater/data/S0_NaClIWater_matrix_BC_s_loss_split0.csv,0,0.2316352796024758,0.13373469103230365,0.09344061911376866,0.05394796659857963,3
NaClIWater,NaCl/NaI/water,"BC S-loss, fixed kappa_D",0.005,298.15,I,NaI,neutral ion-pair NaI: mu_Na + mu_I,0.045,0.0325,0.0325,8.348085251717926,kJ/mol,3.3675796522608197,0.08652180666081222,8.348085251717926,3.3341336131379378,-0.03344603912288196,0.0,0.0,NaClIWater/data/S0_NaClIWater_matrix_BC_s_loss_split0.csv,0,0.21890339325653427,0.12638393302318257,0.08830463402249678,0.0509827042235799,3
NaClIWater,NaCl/NaI/water,"BC S-loss, fixed kappa_D",0.005,298.15,I,NaI,neutral ion-pair NaI: mu_Na + mu_I,0.045,0.034999999999999996,0.034999999999999996,8.775085842284655,kJ/mol,3.5398297499703464,0.09094735592475445,8.775085842284655,3.5063837108474645,-0.03344603912288196,0.0,0.0,NaClIWater/data/S0_NaClIWater_matrix_BC_s_loss_split0.csv,0,0.20320408660503306,0.11731993410184786,0.08197160506554878,0.04732632825050028,3
NaClIWater,NaCl/NaI/water,"BC S-loss, fixed kappa_D",0.005,298.15,I,NaI,neutral ion-pair NaI: mu_Na + mu_I,0.045,0.0375,0.0375,9.206233234784658,kJ/mol,3.713752648734411,0.0954158837621435,9.206233234784658,3.680306609611529,-0.03344603912288196,0.0,0.0,NaClIWater/data/S0_NaClIWater_matrix_BC_s_loss_split0.csv,0,0.18626387679629403,0.10753949940864364,0.07513800141431644,0.04338094534292608,3
NaClIWater,NaCl/NaI/water,"BC S-loss, fixed kappa_D",0.005,298.15,I,NaI,neutral ion-pair NaI: mu_Na + mu_I,0.045,0.04,0.04,9.641912616912597,kJ/mol,3.8895037315185363,0.09993138236211507,9.641912616912597,3.8560576923956544,-0.03344603912288196,0.0,0.0,NaClIWater/data/S0_NaClIWater_matrix_BC_s_loss_split0.csv,0,0.1698390820177281,0.09805663972185426,0.06851231384392706,0.039555602840595415,3
NaClIWater,NaCl/NaI/water,"BC S-loss, fixed kappa_D",0.005,298.15,I,NaI,neutral ion-pair NaI: mu_Na + mu_I,0.045,0.0425,0.0425,10.082519203634545,kJ/mol,4.067242426243963,0.10449794783914969,10.082519203634545,4.033796387121081,-0.03344603912288196,0.0,0.0,NaClIWater/data/S0_NaClIWater_matrix_BC_s_loss_split0.csv,0,0.15555116430539226,0.08980750658447793,0.06274863277091275,0.03622794002156745,3
NaClIWater,NaCl/NaI/water,"BC S-loss, fixed kappa_D",0.005,298.15,I,NaI,neutral ion-pair NaI: mu_Na + mu_I,0.045,0.045,0.045,10.528354173077032,kJ/mol,4.247090226798213,0.10911870168456518,10.528354173077032,4.213644187675331,-0.03344603912288196,0.0,0.0,NaClIWater/data/S0_NaClIWater_matrix_BC_s_loss_split0.csv,0,0.14475195827710824,0.08357258207701393,0.05839228213662344,0.03371279981017612,3
NaClIWater,NaCl/NaI/water,"BC S-loss, fixed kappa_D",0.005,298.15,I,NaI,neutral ion-pair NaI: mu_Na + mu_I,0.045,0.0475,0.0475,10.979529791921552,kJ/mol,4.429092421050401,0.11379480746052197,10.979529791921552,4.395646381927518,-0.03344603912288196,0.0,0.0,NaClIWater/data/S0_NaClIWater_matrix_BC_s_loss_split0.csv,0,0.13842267255798732,0.07991836726330141,0.05583907704127897,0.03223870616108267,3
NaClIWater,NaCl/NaI/water,"BC S-loss, fixed kappa_D",0.005,298.15,I,NaI,neutral ion-pair NaI: mu_Na + mu_I,0.045,0.05,0.05,11.435889011194423,kJ/mol,4.613185656158259,0.11852463746910759,11.435889011194423,4.579739617035377,-0.03344603912288196,0.0,0.0,NaClIWater/data/S0_NaClIWater_matrix_BC_s_loss_split0.csv,0,0.13710871523332926,0.0791597536482064,0.055309032627855234,0.031932684876310014,3
NaClIWater,NaCl/NaI/water,"BC S-loss, fixed kappa_D",0.005,298.15,I,NaI,neutral ion-pair NaI: mu_Na + mu_I,0.045,0.052500000000000005,0.052500000000000005,11.896943845295796,kJ/mol,4.799173080948484,0.12330313409597694,11.896943845295796,4.765727041825602,-0.03344603912288196,0.0,0.0,NaClIWater/data/S0_NaClIWater_matrix_BC_s_loss_split0.csv,0,0.1408910757592981,0.08134350051604672,0.05683481967490859,0.032813598438652315,3
NaClIWater,NaCl/NaI/water,"BC S-loss, fixed kappa_D",0.005,298.15,I,NaI,neutral ion-pair NaI: mu_Na + mu_I,0.045,0.055,0.055,12.361835638436109,kJ/mol,4.986708317577769,0.1281213980009852,12.361835638436109,4.953262278454886,-0.03344603912288196,0.0,0.0,NaClIWater/data/S0_NaClIWater_matrix_BC_s_loss_split0.csv,0,0.14939365606265134,0.08625246754299412,0.060264721928888716,0.03479385342828185,3
NaClIWater,NaCl/NaI/water,"BC S-loss, fixed kappa_D",0.005,298.15,I,NaI,neutral ion-pair NaI: mu_Na + mu_I,0.045,0.0575,0.0575,12.829319022764563,kJ/mol,5.175288990314737,0.13296652185590574,12.829319022764563,5.141842951191855,-0.03344603912288196,0.0,0.0,NaClIWater/data/S0_NaClIWater_matrix_BC_s_loss_split0.csv,0,0.16182365316567618,0.09342892971645178,0.06527892627151831,0.03768880565527083,3
NaClIWater,NaCl/NaI/water,"BC S-loss, fixed kappa_D",0.005,298.15,I,NaI,neutral ion-pair NaI: mu_Na + mu_I,0.045,0.06,0.06,13.297769946330607,kJ/mol,5.364259963983119,0.13782167354838748,13.297769946330607,5.330813924860236,-0.03344603912288196,0.0,0.0,NaClIWater/data/S0_NaClIWater_matrix_BC_s_loss_split0.csv,0,0.1770395514544776,0.10221383268945326,0.07141695049182578,0.04123259559115779,3
NaClIWater,NaCl/NaI/water,"BC S-loss, fixed kappa_D",0.005,298.15,I,NaI,neutral ion-pair NaI: mu_Na + mu_I,0.045,0.0625,0.0625,13.765216813804145,kJ/mol,5.552825905986766,0.14266641893277665,13.765216813804145,5.519379866863884,-0.03344603912288196,0.0,0.0,NaClIWater/data/S0_NaClIWater_matrix_BC_s_loss_split0.csv,0,0.19363992793906362,0.11179806452147813,0.07811346692448398,0.04509883115618576,3
NaClIWater,NaCl/NaI/water,"BC S-loss, fixed kappa_D",0.005,298.15,I,NaI,neutral ion-pair NaI: mu_Na + mu_I,0.045,0.065,0.065,14.229392460323423,kJ/mol,5.740072252323689,0.14747726050109122,14.229392460323423,5.706626213200806,-0.03344603912288196,0.0,0.0,NaClIWater/data/S0_NaClIWater_matrix_BC_s_loss_split0.csv,0,0.21006589394342567,0.12128160041579619,0.08473962696203709,0.04892444643756058,3
NaClIWater,NaCl/NaI/water,"BC S-loss, fixed kappa_D",0.005,298.15,I,NaI,neutral ion-pair NaI: mu_Na + mu_I,0.045,0.0675,0.0675,14.68780357656436,kJ/mol,5.924993213343519,0.1522283569231604,14.68780357656436,5.891547174220636,-0.03344603912288196,0.0,0.0,NaClIWater/data/S0_NaClIWater_matrix_BC_s_loss_split0.csv,0,0.224709659115325,0.12973618217974195,0.09064685528307347,0.05233498629887552,3
NaClIWater,NaCl/NaI/water,"BC S-loss, fixed kappa_D",0.005,298.15,I,NaI,neutral ion-pair NaI: mu_Na + mu_I,0.045,0.07,0.07,15.137813291216206,kJ/mol,6.106525087142891,0.15689237895367117,15.137813291216206,6.073079048020008,-0.03344603912288196,0.0,0.0,NaClIWater/data/S0_NaClIWater_matrix_BC_s_loss_split0.csv,0,0.23602120702204576,0.13626690740863853,0.09520988230276144,0.05496945117701191,3
NaClIWater,NaCl/NaI/water,"BC S-loss, fixed kappa_D",0.005,298.15,I,NaI,neutral ion-pair NaI: mu_Na + mu_I,0.0475,0.0,0.0,3.788452903498668,kJ/mol,1.5282446844616406,0.03926454747124808,3.788452903498668,1.4947986453387587,-0.03344603912288196,0.0,0.0,NaClIWater/data/S0_NaClIWater_matrix_BC_s_loss_split0.csv,0,0.4194826639605963,0.2421884289580316,0.16921740028219817,0.09769771160449578,3
NaClIWater,NaCl/NaI/water,"BC S-loss, fixed kappa_D",0.005,298.15,I,NaI,neutral ion-pair NaI: mu_Na + mu_I,0.0475,0.0025,0.0025,4.072091828461797,kJ/mol,1.6426633377807842,0.04220425777452874,4.072091828461797,1.6092172986579023,-0.03344603912288196,0.0,0.0,NaClIWater/data/S0_NaClIWater_matrix_BC_s_loss_split0.csv,0,0.3002486417540041,0.1733486341404938,0.12111893758891101,0.06992805122091926,3
NaClIWater,NaCl/NaI/water,"BC S-loss, fixed kappa_D",0.005,298.15,I,NaI,neutral ion-pair NaI: mu_Na + mu_I,0.0475,0.005,0.005,4.380593251301806,kJ/mol,1.7671114097546217,0.04540164971012928,4.380593251301806,1.7336653706317398,-0.03344603912288196,0.0,0.0,NaClIWater/data/S0_NaClIWater_matrix_BC_s_loss_split0.csv,0,0.22828059147246807,0.13179786093739643,0.09208735316766792,0.05316665814031321,3
NaClIWater,NaCl/NaI/water,"BC S-loss, fixed kappa_D",0.005,298.15,I,NaI,neutral ion-pair NaI: mu_Na + mu_I,0.0475,0.0075,0.0075,4.711603128825895,kJ/mol,1.9006392900572429,0.048832325339617455,4.711603128825895,1.867193250934361,-0.03344603912288196,0.0,0.0,NaClIWater/data/S0_NaClIWater_matrix_BC_s_loss_split0.csv,0,0.19192053141365176,0.11080537047468787,0.07741987018001467,0.04469838288905735,3
NaClIWater,NaCl/NaI/water,"BC S-loss, fixed kappa_D",0.005,298.15,I,NaI,neutral ion-pair NaI: mu_Na + mu_I,0.0475,0.01,0.01,5.062503065174662,kJ/mol,2.0421907296983925,0.052469146902240034,5.062503065174662,2.0087446905755106,-0.03344603912288196,0.0,0.0,NaClIWater/data/S0_NaClIWater_matrix_BC_s_loss_split0.csv,0,0.18077949680001557,0.10437309114145409,0.07292562744785117,0.042103630637839236,3
NaClIWater,NaCl/NaI/water,"BC S-loss, fixed kappa_D",0.005,298.15,I,NaI,neutral ion-pair NaI: mu_Na + mu_I,0.0475,0.0125,0.0125,5.430564164821504,kJ/mol,2.1906649046242395,0.056283831388896026,5.430564164821504,2.1572188655013576,-0.03344603912288196,0.0,0.0,NaClIWater/data/S0_NaClIWater_matrix_BC_s_loss_split0.csv,0,0.18585733254954545,0.10730478097834587,0.0749740033127383,0.043286260994833355,3
NaClIWater,NaCl/NaI/water,"BC S-loss, fixed kappa_D",0.005,298.15,I,NaI,neutral ion-pair NaI: mu_Na + mu_I,0.0475,0.015,0.015,5.813090382998034,kJ/mol,2.3449742426275226,0.06024843626460097,5.813090382998034,2.3115282035046407,-0.03344603912288196,0.0,0.0,NaClIWater/data/S0_NaClIWater_matrix_BC_s_loss_split0.csv,0,0.1996725451273108,0.1152809976790306,0.08054699728269889,0.04650383056358226,3
NaClIWater,NaCl/NaI/water,"BC S-loss, fixed kappa_D",0.005,298.15,I,NaI,neutral ion-pair NaI: mu_Na + mu_I,0.0475,0.0175,0.0175,6.207544761408436,kJ/mol,2.5040953462610416,0.06433666780947078,6.207544761408436,2.4706493071381597,-0.03344603912288196,0.0,0.0,NaClIWater/data/S0_NaClIWater_matrix_BC_s_loss_split0.csv,0,0.2163366971328732,0.12490205032525889,0.08726924047068801,0.05038491947772591,3
NaClIWater,NaCl/NaI/water,"BC S-loss, fixed kappa_D",0.005,298.15,I,NaI,neutral ion-pair NaI: mu_Na + mu_I,0.0475,0.02,0.02,6.611653089466871,kJ/mol,2.66711080930973,0.06852495549173909,6.611653089466871,2.633664770186848,-0.03344603912288196,0.0,0.0,NaClIWater/data/S0_NaClIWater_matrix_BC_s_loss_split0.csv,0,0.23152279757576683,0.13366974950390423,0.09339524437537408,0.05392176948115311,3
NaClIWater,NaCl/NaI/water,"BC S-loss, fixed kappa_D",0.005,298.15,I,NaI,neutral ion-pair NaI: mu_Na + mu_I,0.0475,0.0225,0.0225,7.023480888412437,kJ/mol,2.833240271832774,0.07279324985188396,7.023480888412437,2.799794232709892,-0.03344603912288196,0.0,0.0,NaClIWater/data/S0_NaClIWater_matrix_BC_s_loss_split0.csv,0,0.24235843538237556,0.13992570790839107,0.09776629142347357,0.056445394671013865,3
NaClIWater,NaCl/NaI/water,"BC S-loss, fixed kappa_D",0.005,298.15,I,NaI,neutral ion-pair NaI: mu_Na + mu_I,0.0475,0.025,0.025,7.441481179072885,kJ/mol,3.0018596894624103,0.07712551758061181,7.441481179072885,2.9684136503395284,-0.03344603912288196,0.0,0.0,NaClIWater/data/S0_NaClIWater_matrix_BC_s_loss_split0.csv,0,0.24727322089916765,0.14276326064952025,0.09974889356546424,0.05759005055138811,3
NaClIWater,NaCl/NaI/water,"BC S-loss, fixed kappa_D",0.005,298.15,I,NaI,neutral ion-pair NaI: mu_Na + mu_I,0.0475,0.0275,0.0275,7.864512124738394,kJ/mol,3.1725084504590306,0.08150992437435889,7.864512124738394,3.1390624113361487,-0.03344603912288196,0.0,0.0,NaClIWater/data/S0_NaClIWater_matrix_BC_s_loss_split0.csv,0,0.24581297494017723,0.14192018725201405,0.09915983698176649,0.05724995857422229,3
NaClIWater,NaCl/NaI/water,"BC S-loss, fixed kappa_D",0.005,298.15,I,NaI,neutral ion-pair NaI: mu_Na + mu_I,0.0475,0.03,0.03,8.291825299972952,kJ/mol,3.344884643403003,0.08593871335008885,8.291825299972952,3.311438604280121,-0.03344603912288196,0.0,0.0,NaClIWater/data/S0_NaClIWater_matrix_BC_s_loss_split0.csv,0,0.23842968744161966,0.13765744422721746,0.09618145235855986,0.055530387410263705,3
NaClIWater,NaCl/NaI/water,"BC S-loss, fixed kappa_D",0.005,298.15,I,NaI,neutral ion-pair NaI: mu_Na + mu_I,0.0475,0.0325,0.0325,8.723026875628939,kJ/mol,3.5188293994059534,0.09040780275631732,8.723026875628939,3.4853833602830715,-0.03344603912288196,0.0,0.0,NaClIWater/data/S0_NaClIWater_matrix_BC_s_loss_split0.csv,0,0.2262575084410082,0.1306298334045901,0.09127125066677677,0.05269548114173738,3
NaClIWater,NaCl/NaI/water,"BC S-loss, fixed kappa_D",0.005,298.15,I,NaI,neutral ion-pair NaI: mu_Na + mu_I,0.0475,0.034999999999999996,0.034999999999999996,9.158015427035306,kJ/mol,3.694301804216511,0.09491614140040383,9.158015427035306,3.660855765093629,-0.03344603912288196,0.0,0.0,NaClIWater/data/S0_NaClIWater_matrix_BC_s_loss_split0.csv,0,0.21088580228128934,0.1217549747153726,0.08507037425941745,0.04911540347873688,3
NaClIWater,NaCl/NaI/water,"BC S-loss, fixed kappa_D",0.005,298.15,I,NaI,neutral ion-pair NaI: mu_Na + mu_I,0.0475,0.0375,0.0375,9.59690120349749,kJ/mol,3.871346331903455,0.09946487193587927,9.59690120349749,3.837900292780573,-0.03344603912288196,0.0,0.0,NaClIWater/data/S0_NaClIWater_matrix_BC_s_loss_split0.csv,0,0.19413996300152006,0.1120867598993916,0.07831517879624529,0.04521528955964589,3
NaClIWater,NaCl/NaI/water,"BC S-loss, fixed kappa_D",0.005,298.15,I,NaI,neutral ion-pair NaI: mu_Na + mu_I,0.0475,0.04,0.04,10.039912589403455,kJ/mol,4.050055111690986,0.10405636140012577,10.039912589403455,4.016609072568103,-0.03344603912288196,0.0,0.0,NaClIWater/data/S0_NaClIWater_matrix_BC_s_loss_split0.csv,0,0.17787941072520877,0.10269872566549129,0.07175574590485748,0.041428199214071856,3
NaClIWater,NaCl/NaI/water,"BC S-loss, fixed kappa_D",0.005,298.15,I,NaI,neutral ion-pair NaI: mu_Na + mu_I,0.0475,0.0425,0.0425,10.487295984745382,kJ/mol,4.230527540216173,0.10869316354910552,10.487295984745382,4.19708150109329,-0.03344603912288196,0.0,0.0,NaClIWater/data/S0_NaClIWater_matrix_BC_s_loss_split0.csv,0,0.16382016968301152,0.09458161906517688,0.06608431196134416,0.03815379530009326,3
NaClIWater,NaCl/NaI/water,"BC S-loss, fixed kappa_D",0.005,298.15,I,NaI,neutral ion-pair NaI: mu_Na + mu_I,0.0475,0.045,0.045,10.939215520065359,kJ/mol,4.412829826993795,0.11337697947601555,10.939215520065359,4.379383787870912,-0.03344603912288196,0.0,0.0,NaClIWater/data/S0_NaClIWater_matrix_BC_s_loss_split0.csv,0,0.15338722412418712,0.0885581551383489,0.061875709135946234,0.03572395732593755,3
NaClIWater,NaCl/NaI/water,"BC S-loss, fixed kappa_D",0.005,298.15,I,NaI,neutral ion-pair NaI: mu_Na + mu_I,0.0475,0.0475,0.0475,11.39565883649747,kJ/mol,4.596956986513507,0.11810768109023685,11.39565883649747,4.563510947390625,-0.03344603912288196,0.0,0.0,NaClIWater/data/S0_NaClIWater_matrix_BC_s_loss_split0.csv,0,0.14760094529428938,0.08521744549830121,0.059541550551993366,0.03437633023916108,3
NaClIWater,NaCl/NaI/water,"BC S-loss, fixed kappa_D",0.005,298.15,I,NaI,neutral ion-pair NaI: mu_Na + mu_I,0.0475,0.05,0.05,11.856354627495396,kJ/mol,4.78279957494749,0.12288245649756392,11.856354627495396,4.749353535824608,-0.03344603912288196,0.0,0.0,NaClIWater/data/S0_NaClIWater_matrix_BC_s_loss_split0.csv,0,0.14700331796526658,0.08487240519901482,0.059300470403411965,0.03423714255048133,3
NaClIWater,NaCl/NaI/water,"BC S-loss, fixed kappa_D",0.005,298.15,I,NaI,neutral ion-pair NaI: mu_Na + mu_I,0.0475,0.052500000000000005,0.052500000000000005,12.320706804940764,kJ/mol,4.9701171330577445,0.12769512767999913,12.320706804940764,4.936671093934862,-0.03344603912288196,0.0,0.0,NaClIWater/data/S0_NaClIWater_matrix_BC_s_loss_split0.csv,0,0.15163019989319054,0.08754373672561033,0.06116693354604504,0.035314745548313056,3
NaClIWater,NaCl/NaI/water,"BC S-loss, fixed kappa_D",0.005,298.15,I,NaI,neutral ion-pair NaI: mu_Na + mu_I,0.0475,0.055,0.055,12.787749094685646,kJ/mol,5.158519870244275,0.13253567991171167,12.787749094685646,5.125073831121393,-0.03344603912288196,0.0,0.0,NaClIWater/data/S0_NaClIWater_matrix_BC_s_loss_split0.csv,0,0.16102943943748393,0.09297039020668589,0.06495854406290867,0.03750383290088649,3
NaClIWater,NaCl/NaI/water,"BC S-loss, fixed kappa_D",0.005,298.15,I,NaI,neutral ion-pair NaI: mu_Na + mu_I,0.0475,0.0575,0.0575,13.256122577004453,kJ/mol,5.347459604465457,0.13739002898222455,13.256122577004453,5.314013565342575,-0.03344603912288196,0.0,0.0,NaClIWater/data/S0_NaClIWater_matrix_BC_s_loss_split0.csv,0,0.17431473961811733,0.10064066184223958,0.07031777378007904,0.04059798562074385,3
NaClIWater,NaCl/NaI/water,"BC S-loss, fixed kappa_D",0.005,298.15,I,NaI,neutral ion-pair NaI: mu_Na + mu_I,0.0475,0.06,0.06,13.724077331253262,kJ/mol,5.536230425686133,0.1422400382421074,13.724077331253262,5.502784386563251,-0.03344603912288196,0.0,0.0,NaClIWater/data/S0_NaClIWater_matrix_BC_s_loss_split0.csv,0,0.19024312597571652,0.10983691999355583,0.07674321244940269,0.044307714366139284,3
NaClIWater,NaCl/NaI/water,"BC S-loss, fixed kappa_D",0.005,298.15,I,NaI,neutral ion-pair NaI: mu_Na + mu_I,0.0475,0.0625,0.0625,14.189497929414083,kJ/mol,5.7239789798575105,0.14706378282494373,14.189497929414083,5.690532940734628,-0.03344603912288196,0.0,0.0,NaClIWater/data/S0_NaClIWater_matrix_BC_s_loss_split0.csv,0,0.2073093209861732,0.11969009227688564,0.08362763795846202,0.04828243928701062,3
NaClIWater,NaCl/NaI/water,"BC S-loss, fixed kappa_D",0.005,298.15,I,NaI,neutral ion-pair NaI: mu_Na + mu_I,0.0475,0.065,0.065,14.649951171346078,kJ/mol,5.909723725100573,0.15183604438834664,14.649951171346078,5.876277685977691,-0.03344603912288196,0.0,0.0,NaClIWater/data/S0_NaClIWater_matrix_BC_s_loss_split0.csv,0,0.2238532140257406,0.12924171337672424,0.09030136922609165,0.052135519830875804,3
NaClIWater,NaCl/NaI/water,"BC S-loss, fixed kappa_D",0.005,298.15,I,NaI,neutral ion-pair NaI: mu_Na + mu_I,0.0475,0.0675,0.0675,15.102753205622871,kJ/mol,6.092382007946815,0.15652900677241632,15.102753205622871,6.058935968823933,-0.03344603912288196,0.0,0.0,NaClIWater/data/S0_NaClIWater_matrix_BC_s_loss_split0.csv,0,0.23817460289819536,0.13751017109740532,0.09607855241298692,0.05547097809898757,3
NaClIWater,NaCl/NaI/water,"BC S-loss, fixed kappa_D",0.005,298.15,I,NaI,neutral ion-pair NaI: mu_Na + mu_I,0.05,0.0,0.0,4.04728668206204,kJ/mol,1.6326570544513246,0.04194717054838293,4.04728668206204,1.5992110153284427,-0.03344603912288196,0.0,0.0,NaClIWater/data/S0_NaClIWater_matrix_BC_s_loss_split0.csv,0,0.4399975079238226,0.25403267964258347,0.1774929951062507,0.10247562850386677,3
NaClIWater,NaCl/NaI/water,"BC S-loss, fixed kappa_D",0.005,298.15,I,NaI,neutral ion-pair NaI: mu_Na + mu_I,0.05,0.0025,0.0025,4.351281204771098,kJ/mol,1.7552870633941648,0.045097851755713236,4.351281204771098,1.721841024271283,-0.03344603912288196,0.0,0.0,NaClIWater/data/S0_NaClIWater_matrix_BC_s_loss_split0.csv,0,0.3084258501558385,0.17806974761251254,0.12441758629648725,0.07183252694020041,3
NaClIWater,NaCl/NaI/water,"BC S-loss, fixed kappa_D",0.005,298.15,I,NaI,neutral ion-pair NaI: mu_Na + mu_I,0.05,0.005,0.005,4.675371457401699,kJ/mol,1.8860235984613272,0.04845681052688633,4.675371457401699,1.8525775593384453,-0.03344603912288196,0.0,0.0,NaClIWater/data/S0_NaClIWater_matrix_BC_s_loss_split0.csv,0,0.2293548774034378,0.13241810020882844,0.09252071523007609,0.05341685984370114,3
NaClIWater,NaCl/NaI/water,"BC S-loss, fixed kappa_D",0.005,298.15,I,NaI,neutral ion-pair NaI: mu_Na + mu_I,0.05,0.0075,0.0075,5.0184377030875185,kJ/mol,2.024414962889635,0.05201244160707574,5.0184377030875185,1.9909689237667527,-0.03344603912288196,0.0,0.0,NaClIWater/data/S0_NaClIWater_matrix_BC_s_loss_split0.csv,0,0.18979211712549793,0.10957652991247521,0.07656127752885643,0.044202674190786904,3
NaClIWater,NaCl/NaI/water,"BC S-loss, fixed kappa_D",0.005,298.15,I,NaI,neutral ion-pair NaI: mu_Na + mu_I,0.05,0.01,0.01,5.378922860049033,kJ/mol,2.169833036965463,0.055748606980841935,5.378922860049033,2.136386997842581,-0.03344603912288196,0.0,0.0,NaClIWater/data/S0_NaClIWater_matrix_BC_s_loss_split0.csv,0,0.17779660567958183,0.10265091815010832,0.07172234272576289,0.041408913879629805,3
NaClIWater,NaCl/NaI/water,"BC S-loss, fixed kappa_D",0.005,298.15,I,NaI,neutral ion-pair NaI: mu_Na + mu_I,0.05,0.0125,0.0125,5.75497956175077,kJ/mol,2.321532601423849,0.059646160043257616,5.75497956175077,2.288086562300967,-0.03344603912288196,0.0,0.0,NaClIWater/data/S0_NaClIWater_matrix_BC_s_loss_split0.csv,0,0.18321397815628204,0.10577863960783165,0.07390768616334929,0.04267062250159209,3
NaClIWater,NaCl/NaI/water,"BC S-loss, fixed kappa_D",0.005,298.15,I,NaI,neutral ion-pair NaI: mu_Na + mu_I,0.05,0.015,0.015,6.144613938215367,kJ/mol,2.478709338177165,0.06368443578821825,6.144613938215367,2.4452632990542833,-0.03344603912288196,0.0,0.0,NaClIWater/data/S0_NaClIWater_matrix_BC_s_loss_split0.csv,0,0.1980429752634708,0.11434016507947928,0.07988963620528577,0.04612430296858302,3
NaClIWater,NaCl/NaI/water,"BC S-loss, fixed kappa_D",0.005,298.15,I,NaI,neutral ion-pair NaI: mu_Na + mu_I,0.05,0.0175,0.0175,6.545818759854527,kJ/mol,2.6405535399314455,0.06784263074700903,6.545818759854527,2.6071075008085636,-0.03344603912288196,0.0,0.0,NaClIWater/data/S0_NaClIWater_matrix_BC_s_loss_split0.csv,0,0.21615878993058688,0.1247993355541281,0.08719747351379356,0.050343484805843976,3
NaClIWater,NaCl/NaI/water,"BC S-loss, fixed kappa_D",0.005,298.15,I,NaI,neutral ion-pair NaI: mu_Na + mu_I,0.05,0.02,0.02,6.95668946836593,kJ/mol,2.806296916522892,0.07210100556380894,6.95668946836593,2.77285087740001,-0.03344603912288196,0.0,0.0,NaClIWater/data/S0_NaClIWater_matrix_BC_s_loss_split0.csv,0,0.23302532202205087,0.13453723239743032,0.09400135590870926,0.05427170813808311,3
NaClIWater,NaCl/NaI/water,"BC S-loss, fixed kappa_D",0.005,298.15,I,NaI,neutral ion-pair NaI: mu_Na + mu_I,0.05,0.0225,0.0225,7.375517871106114,kJ/mol,2.9752503908020977,0.07644185606943665,7.375517871106114,2.941804351679216,-0.03344603912288196,0.0,0.0,NaClIWater/data/S0_NaClIWater_matrix_BC_s_loss_split0.csv,0,0.24556233244160722,0.14177547873799431,0.09905872893690068,0.057191583817301786,3
NaClIWater,NaCl/NaI/water,"BC S-loss, fixed kappa_D",0.005,298.15,I,NaI,neutral ion-pair NaI: mu_Na + mu_I,0.05,0.025,0.025,7.800859683520108,kJ/mol,3.1468313449432097,0.08085021330930431,7.800859683520108,3.113385305820328,-0.03344603912288196,0.0,0.0,NaClIWater/data/S0_NaClIWater_matrix_BC_s_loss_split0.csv,0,0.25202947615512344,0.1455092859018809,0.10166754532068169,0.058697784658744055,3
NaClIWater,NaCl/NaI/water,"BC S-loss, fixed kappa_D",0.005,298.15,I,NaI,neutral ion-pair NaI: mu_Na + mu_I,0.05,0.0275,0.0275,8.231573752142163,kJ/mol,3.3205794428241715,0.08531425006117388,8.231573752142163,3.2871334037012896,-0.03344603912288196,0.0,0.0,NaClIWater/data/S0_NaClIWater_matrix_BC_s_loss_split0.csv,0,0.25186311467961886,0.14541323705921555,0.10160043585750111,0.05865903899211158,3
NaClIWater,NaCl/NaI/water,"BC S-loss, fixed kappa_D",0.005,298.15,I,NaI,neutral ion-pair NaI: mu_Na + mu_I,0.05,0.03,0.03,8.66683243802326,kJ/mol,3.4961608186541957,0.08982538845179988,8.66683243802326,3.462714779531314,-0.03344603912288196,0.0,0.0,NaClIWater/data/S0_NaClIWater_matrix_BC_s_loss_split0.csv,0,0.24546949075815508,0.1417218765670612,0.09902127702371981,0.05716996094514514,3
NaClIWater,NaCl/NaI/water,"BC S-loss, fixed kappa_D",0.005,298.15,I,NaI,neutral ion-pair NaI: mu_Na + mu_I,0.05,0.0325,0.0325,9.106104306802798,kJ/mol,3.6733610942273454,0.09437812055216455,9.106104306802798,3.6399150551044634,-0.03344603912288196,0.0,0.0,NaClIWater/data/S0_NaClIWater_matrix_BC_s_loss_split0.csv,0,0.2339929141382054,0.13509587196615788,0.09439167817109623,0.05449706080134293,3
NaClIWater,NaCl/NaI/water,"BC S-loss, fixed kappa_D",0.005,298.15,I,NaI,neutral ion-pair NaI: mu_Na + mu_I,0.05,0.034999999999999996,0.034999999999999996,9.549111806725227,kJ/mol,3.8520683064267773,0.09896956974102977,9.549111806725227,3.8186222673038954,-0.03344603912288196,0.0,0.0,NaClIWater/data/S0_NaClIWater_matrix_BC_s_loss_split0.csv,0,0.21907628525313086,0.12648375226395836,0.0883743778682077,0.051022970851675425,3
NaClIWater,NaCl/NaI/water,"BC S-loss, fixed kappa_D",0.005,298.15,I,NaI,neutral ion-pair NaI: mu_Na + mu_I,0.05,0.0375,0.0375,9.995767950272954,kJ/mol,4.032247364883216,0.10359883445630659,9.995767950272954,3.9988013257603336,-0.03344603912288196,0.0,0.0,NaClIWater/data/S0_NaClIWater_matrix_BC_s_loss_split0.csv,0,0.20262774675613054,0.11698718413493929,0.08173911218970635,0.04719209842604798,3
NaClIWater,NaCl/NaI/water,"BC S-loss, fixed kappa_D",0.005,298.15,I,NaI,neutral ion-pair NaI: mu_Na + mu_I,0.05,0.04,0.04,10.446097106993511,kJ/mol,4.213908100161385,0.10826616727055695,10.446097106993511,4.180462061038503,-0.03344603912288196,0.0,0.0,NaClIWater/data/S0_NaClIWater_matrix_BC_s_loss_split0.csv,0,0.18660360475624874,0.10773564143777474,0.07527504612945203,0.04346006814610063,3
NaClIWater,NaCl/NaI/water,"BC S-loss, fixed kappa_D",0.005,298.15,I,NaI,neutral ion-pair NaI: mu_Na + mu_I,0.05,0.0425,0.0425,10.900145764716994,kJ/mol,4.39706926524068,0.11297204999618772,10.900145764716994,4.363623226117798,-0.03344603912288196,0.0,0.0,NaClIWater/data/S0_NaClIWater_matrix_BC_s_loss_split0.csv,0,0.17281387063807455,0.09977413473259351,0.06971233005430218,0.0402484325226874,3
NaClIWater,NaCl/NaI/water,"BC S-loss, fixed kappa_D",0.005,298.15,I,NaI,neutral ion-pair NaI: mu_Na + mu_I,0.05,0.045,0.045,11.357889539855409,kJ/mol,4.581721023892517,0.11771622991511776,11.357889539855409,4.548274984769635,-0.03344603912288196,0.0,0.0,NaClIWater/data/S0_NaClIWater_matrix_BC_s_loss_split0.csv,0,0.16275443940052353,0.0939663193996989,0.06565440120865199,0.037905586211298914,3
NaClIWater,NaCl/NaI/water,"BC S-loss, fixed kappa_D",0.005,298.15,I,NaI,neutral ion-pair NaI: mu_Na + mu_I,0.05,0.0475,0.0475,11.819142749154278,kJ/mol,4.767788472335886,0.12249678255602704,11.819142749154278,4.734342433213004,-0.03344603912288196,0.0,0.0,NaClIWater/data/S0_NaClIWater_matrix_BC_s_loss_split0.csv,0,0.1574728558260887,0.09091699570125145,0.06352383439714032,0.03667550288914617,3
NaClIWater,NaCl/NaI/water,"BC S-loss, fixed kappa_D",0.005,298.15,I,NaI,neutral ion-pair NaI: mu_Na + mu_I,0.05,0.05,0.05,12.283476552524837,kJ/mol,4.955098618427864,0.12730926330459624,12.283476552524837,4.921652579304982,-0.03344603912288196,0.0,0.0,NaClIWater/data/S0_NaClIWater_matrix_BC_s_loss_split0.csv,0,0.1574830981536987,0.09092290911185422,0.06352796610555111,0.03667788833210936,3
NaClIWater,NaCl/NaI/water,"BC S-loss, fixed kappa_D",0.005,298.15,I,NaI,neutral ion-pair NaI: mu_Na + mu_I,0.05,0.052500000000000005,0.052500000000000005,12.750151019787697,kJ/mol,5.143352977696735,0.13214600332491958,12.750151019787697,5.109906938573853,-0.03344603912288196,0.0,0.0,NaClIWater/data/S0_NaClIWater_matrix_BC_s_loss_split0.csv,0,0.16274554755043896,0.09396118568765897,0.06565081427673768,0.037903515295192626,3
NaClIWater,NaCl/NaI/water,"BC S-loss, fixed kappa_D",0.005,298.15,I,NaI,neutral ion-pair NaI: mu_Na + mu_I,0.05,0.055,0.055,13.218065537879202,kJ/mol,5.3321075678344085,0.13699559556641816,13.218065537879202,5.298661528711526,-0.03344603912288196,0.0,0.0,NaClIWater/data/S0_NaClIWater_matrix_BC_s_loss_split0.csv,0,0.17270779429331157,0.09971289152638996,0.06966953933889417,0.04022372729162777,3
NaClIWater,NaCl/NaI/water,"BC S-loss, fixed kappa_D",0.005,298.15,I,NaI,neutral ion-pair NaI: mu_Na + mu_I,0.05,0.0575,0.0575,13.685730811934508,kJ/mol,5.520761614060582,0.14184260457551545,13.685730811934508,5.4873155749377,-0.03344603912288196,0.0,0.0,NaClIWater/data/S0_NaClIWater_matrix_BC_s_loss_split0.csv,0,0.18637930668988537,0.10760614288878113,0.07518456530881457,0.04340782901994909,3
NaClIWater,NaCl/NaI/water,"BC S-loss, fixed kappa_D",0.005,298.15,I,NaI,neutral ion-pair NaI: mu_Na + mu_I,0.05,0.06,0.06,14.151264378448998,kJ/mol,5.708555739152439,0.1466675199928318,14.151264378448998,5.675109700029557,-0.03344603912288196,0.0,0.0,NaClIWater/data/S0_NaClIWater_matrix_BC_s_loss_split0.csv,0,0.2024175999998588,0.11686585584863649,0.08165433994324832,0.04714315514673563,3
NaClIWater,NaCl/NaI/water,"BC S-loss, fixed kappa_D",0.005,298.15,I,NaI,neutral ion-pair NaI: mu_Na + mu_I,0.05,0.0625,0.0625,14.612410146230786,kJ/mol,5.894579846176091,0.1514469590808858,14.612410146230786,5.861133807053209,-0.03344603912288196,0.0,0.0,NaClIWater/data/S0_NaClIWater_matrix_BC_s_loss_split0.csv,0,0.21922337342210638,0.12656867365791097,0.08843371256712304,0.051057227756066484,3
NaClIWater,NaCl/NaI/water,"BC S-loss, fixed kappa_D",0.005,298.15,I,NaI,neutral ion-pair NaI: mu_Na + mu_I,0.05,0.065,0.065,15.066581070481647,kJ/mol,6.0777903330168845,0.15615410900977625,15.066581070481647,6.044344293894002,-0.03344603912288196,0.0,0.0,NaClIWater/data/S0_NaClIWater_matrix_BC_s_loss_split0.csv,0,0.2350491135625722,0.13570566898813397,0.0948177442189362,0.0547430501487559,3
NaClIWater,NaCl/NaI/water,"BC S-loss, fixed kappa_D",0.005,298.15,I,NaI,neutral ion-pair NaI: mu_Na + mu_I,0.052500000000000005,0.0,0.0,4.3082613338632285,kJ/mol,1.73793304297584,0.044651982213054,4.3082613338632285,1.704487003852958,-0.03344603912288196,0.0,0.0,NaClIWater/data/S0_NaClIWater_matrix_BC_s_loss_split0.csv,0,0.45396485398428527,0.26209673065045624,0.18312735903175328,0.10572863003296801,3
NaClIWater,NaCl/NaI/water,"BC S-loss, fixed kappa_D",0.005,298.15,I,NaI,neutral ion-pair NaI: mu_Na + mu_I,0.052500000000000005,0.0025,0.0025,4.635774636339149,kJ/mol,1.8700504207943864,0.048046418395870205,4.635774636339149,1.8366043816715045,-0.03344603912288196,0.0,0.0,NaClIWater/data/S0_NaClIWater_matrix_BC_s_loss_split0.csv,0,0.31288288002865966,0.18064301500937205,0.12621553189199264,0.07287057131375375,3
NaClIWater,NaCl/NaI/water,"BC S-loss, fixed kappa_D",0.005,298.15,I,NaI,neutral ion-pair NaI: mu_Na + mu_I,0.052500000000000005,0.005,0.005,4.977585335603057,kJ/mol,2.0079353035019873,0.0515890366543772,4.977585335603057,1.9744892643791052,-0.03344603912288196,0.0,0.0,NaClIWater/data/S0_NaClIWater_matrix_BC_s_loss_split0.csv,0,0.22977706027452702,0.13266184760309904,0.09269102188164263,0.05351518643482787,3
NaClIWater,NaCl/NaI/water,"BC S-loss, fixed kappa_D",0.005,298.15,I,NaI,neutral ion-pair NaI: mu_Na + mu_I,0.052500000000000005,0.0075,0.0075,5.334018497480587,kJ/mol,2.151718821175426,0.05528320605844784,5.334018497480587,2.118272782052544,-0.03344603912288196,0.0,0.0,NaClIWater/data/S0_NaClIWater_matrix_BC_s_loss_split0.csv,0,0.18952307668043628,0.10942119933909597,0.07645274783598612,0.04414001454339316,3
NaClIWater,NaCl/NaI/water,"BC S-loss, fixed kappa_D",0.005,298.15,I,NaI,neutral ion-pair NaI: mu_Na + mu_I,0.052500000000000005,0.01,0.01,5.704774148802196,kJ/mol,2.3012799660013514,0.059125817605263364,5.704774148802196,2.2678339268784695,-0.03344603912288196,0.0,0.0,NaClIWater/data/S0_NaClIWater_matrix_BC_s_loss_split0.csv,0,0.17775537612161535,0.1026271142537178,0.07170571090944892,0.04139931149600382,3
NaClIWater,NaCl/NaI/water,"BC S-loss, fixed kappa_D",0.005,298.15,I,NaI,neutral ion-pair NaI: mu_Na + mu_I,0.052500000000000005,0.0125,0.0125,6.089062910542512,kJ/mol,2.4563003060683006,0.06310868995774399,6.089062910542512,2.4228542669454187,-0.03344603912288196,0.0,0.0,NaClIWater/data/S0_NaClIWater_matrix_BC_s_loss_split0.csv,0,0.18326810712711056,0.10580989098371046,0.07392952154418994,0.0426832291645983,3
NaClIWater,NaCl/NaI/water,"BC S-loss, fixed kappa_D",0.005,298.15,I,NaI,neutral ion-pair NaI: mu_Na + mu_I,0.052500000000000005,0.015,0.015,6.48574659355063,kJ/mol,2.616320701045354,0.06722002661661008,6.48574659355063,2.5828746619224723,-0.03344603912288196,0.0,0.0,NaClIWater/data/S0_NaClIWater_matrix_BC_s_loss_split0.csv,0,0.1983103121760467,0.11449451211791928,0.07999747870089333,0.046186565862452116,3
NaClIWater,NaCl/NaI/water,"BC S-loss, fixed kappa_D",0.005,298.15,I,NaI,neutral ion-pair NaI: mu_Na + mu_I,0.052500000000000005,0.0175,0.0175,6.893475705071242,kJ/mol,2.780796771687857,0.0714458410750467,6.893475705071242,2.7473507325649753,-0.03344603912288196,0.0,0.0,NaClIWater/data/S0_NaClIWater_matrix_BC_s_loss_split0.csv,0,0.2171062790714579,0.12534636866466425,0.08757968632731032,0.0505641554766156,3
NaClIWater,NaCl/NaI/water,"BC S-loss, fixed kappa_D",0.005,298.15,I,NaI,neutral ion-pair NaI: mu_Na + mu_I,0.052500000000000005,0.02,0.02,7.310816433462906,kJ/mol,2.9491501248956795,0.07577127292256591,7.310816433462906,2.9157040857727976,-0.03344603912288196,0.0,0.0,NaClIWater/data/S0_NaClIWater_matrix_BC_s_loss_split0.csv,0,0.23511924050080693,0.13574615679480126,0.09484603310712438,0.054759382745966416,3
NaClIWater,NaCl/NaI/water,"BC S-loss, fixed kappa_D",0.005,298.15,I,NaI,neutral ion-pair NaI: mu_Na + mu_I,0.052500000000000005,0.0225,0.0225,7.736360714727907,kJ/mol,3.120812754051158,0.08018172860420236,7.736360714727907,3.087366714928276,-0.03344603912288196,0.0,0.0,NaClIWater/data/S0_NaClIWater_matrix_BC_s_loss_split0.csv,0,0.2490598845116033,0.14379479136711126,0.10046962554714033,0.05800616535502237,3
NaClIWater,NaCl/NaI/water,"BC S-loss, fixed kappa_D",0.005,298.15,I,NaI,neutral ion-pair NaI: mu_Na + mu_I,0.052500000000000005,0.025,0.025,8.168814270684324,kJ/mol,3.2952625532176163,0.08466379387186862,8.168814270684324,3.2618165140947344,-0.03344603912288196,0.0,0.0,NaClIWater/data/S0_NaClIWater_matrix_BC_s_loss_split0.csv,0,0.25695068478892785,0.14835054703134617,0.10365273851888479,0.059843936486120027,3
NaClIWater,NaCl/NaI/water,"BC S-loss, fixed kappa_D",0.005,298.15,I,NaI,neutral ion-pair NaI: mu_Na + mu_I,0.052500000000000005,0.0275,0.0275,8.607059067585052,kJ/mol,3.472048512662431,0.08920588112232508,8.607059067585052,3.4386024735395493,-0.03344603912288196,0.0,0.0,NaClIWater/data/S0_NaClIWater_matrix_BC_s_loss_split0.csv,0,0.25804753359794164,0.1489838129864906,0.10409520234375792,0.0600993930945172,3
NaClIWater,NaCl/NaI/water,"BC S-loss, fixed kappa_D",0.005,298.15,I,NaI,neutral ion-pair NaI: mu_Na + mu_I,0.052500000000000005,0.03,0.03,9.050188297889328,kJ/mol,3.6508048303446916,0.09379859195769313,9.050188297889328,3.6173587912218097,-0.03344603912288196,0.0,0.0,NaClIWater/data/S0_NaClIWater_matrix_BC_s_loss_split0.csv,0,0.2526547000419976,0.14587025908127146,0.1019197577952859,0.05884339959884978,3
NaClIWater,NaCl/NaI/water,"BC S-loss, fixed kappa_D",0.005,298.15,I,NaI,neutral ion-pair NaI: mu_Na + mu_I,0.052500000000000005,0.0325,0.0325,9.497513723183953,kJ/mol,3.831253874016245,0.09843479328947069,9.497513723183953,3.797807834893363,-0.03344603912288196,0.0,0.0,NaClIWater/data/S0_NaClIWater_matrix_BC_s_loss_split0.csv,0,0.24188811891987055,0.13965417057215948,0.09757656789987551,0.056335857743592926,3
NaClIWater,NaCl/NaI/water,"BC S-loss, fixed kappa_D",0.005,298.15,I,NaI,neutral ion-pair NaI: mu_Na + mu_I,0.052500000000000005,0.034999999999999996,0.034999999999999996,9.948546864590845,kJ/mol,4.013198593517589,0.10310942239084399,9.948546864590845,3.9797525543947065,-0.03344603912288196,0.0,0.0,NaClIWater/data/S0_NaClIWater_matrix_BC_s_loss_split0.csv,0,0.22742188465714758,0.13130208632641618,0.09174095474080277,0.05296666491531576,3
NaClIWater,NaCl/NaI/water,"BC S-loss, fixed kappa_D",0.005,298.15,I,NaI,neutral ion-pair NaI: mu_Na + mu_I,0.052500000000000005,0.0375,0.0375,10.402957049312924,kJ/mol,4.196505596945141,0.10781905207977617,10.402957049312924,4.163059557822258,-0.03344603912288196,0.0,0.0,NaClIWater/data/S0_NaClIWater_matrix_BC_s_loss_split0.csv,0,0.21123793022473658,0.12195827587831105,0.08521242107154148,0.04919741424395421,3
NaClIWater,NaCl/NaI/water,"BC S-loss, fixed kappa_D",0.005,298.15,I,NaI,neutral ion-pair NaI: mu_Na + mu_I,0.052500000000000005,0.04,0.04,10.860510618387794,kJ/mol,4.381080627335344,0.11256126065177341,10.860510618387794,4.347634588212462,-0.03344603912288196,0.0,0.0,NaClIWater/data/S0_NaClIWater_matrix_BC_s_loss_split0.csv,0,0.19538957222772965,0.11280822212252554,0.07881926547918773,0.045506324141737615,3
NaClIWater,NaCl/NaI/water,"BC S-loss, fixed kappa_D",0.005,298.15,I,NaI,neutral ion-pair NaI: mu_Na + mu_I,0.052500000000000005,0.0425,0.0425,11.320996597745129,kJ/mol,4.566838578707013,0.11733386151468041,11.320996597745129,4.53339253958413,-0.03344603912288196,0.0,0.0,NaClIWater/data/S0_NaClIWater_matrix_BC_s_loss_split0.csv,0,0.18178311417814436,0.10495252990488013,0.07333048213719995,0.04233737360171744,3
NaClIWater,NaCl/NaI/water,"BC S-loss, fixed kappa_D",0.005,298.15,I,NaI,neutral ion-pair NaI: mu_Na + mu_I,0.052500000000000005,0.045,0.045,11.78414480618178,kJ/mol,4.753670461190646,0.1221340544376517,11.78414480618178,4.720224422067764,-0.03344603912288196,0.0,0.0,NaClIWater/data/S0_NaClIWater_matrix_BC_s_loss_split0.csv,0,0.17198045498272846,0.0992929619796326,0.06937613396643397,0.04005432962085619,3
NaClIWater,NaCl/NaI/water,"BC S-loss, fixed kappa_D",0.005,298.15,I,NaI,neutral ion-pair NaI: mu_Na + mu_I,0.052500000000000005,0.0475,0.0475,12.249542658144163,kJ/mol,4.941409839648945,0.12695756327275376,12.249542658144163,4.907963800526063,-0.03344603912288196,0.0,0.0,NaClIWater/data/S0_NaClIWater_matrix_BC_s_loss_split0.csv,0,0.1670363732283493,0.09643849504784627,0.06738171385533884,0.038902850632838215,3
NaClIWater,NaCl/NaI/water,"BC S-loss, fixed kappa_D",0.005,298.15,I,NaI,neutral ion-pair NaI: mu_Na + mu_I,0.052500000000000005,0.05,0.05,12.716556854928452,kJ/mol,5.1298012442628425,0.13179782434144727,12.716556854928452,5.09635520513996,-0.03344603912288196,0.0,0.0,NaClIWater/data/S0_NaClIWater_matrix_BC_s_loss_split0.csv,0,0.16740267298329065,0.09664997830996576,0.06752947751181522,0.0389881620196813,3
NaClIWater,NaCl/NaI/water,"BC S-loss, fixed kappa_D",0.005,298.15,I,NaI,neutral ion-pair NaI: mu_Na + mu_I,0.052500000000000005,0.052500000000000005,0.052500000000000005,13.184265710500934,kJ/mol,5.318472871074986,0.1366452850411406,13.184265710500934,5.285026831952104,-0.03344603912288196,0.0,0.0,NaClIWater/data/S0_NaClIWater_matrix_BC_s_loss_split0.csv,0,0.17292722879171596,0.09983958209311322,0.0697580582183195,0.040274833690492354,3
NaClIWater,NaCl/NaI/water,"BC S-loss, fixed kappa_D",0.005,298.15,I,NaI,neutral ion-pair NaI: mu_Na + mu_I,0.052500000000000005,0.055,0.055,13.651407088065405,kJ/mol,5.50691557983763,0.14148686424573498,13.651407088065405,5.473469540714747,-0.03344603912288196,0.0,0.0,NaClIWater/data/S0_NaClIWater_matrix_BC_s_loss_split0.csv,0,0.18293093520054607,0.10561522468114527,0.07379350792130805,0.042604701662813986,3
NaClIWater,NaCl/NaI/water,"BC S-loss, fixed kappa_D",0.005,298.15,I,NaI,neutral ion-pair NaI: mu_Na + mu_I,0.052500000000000005,0.0575,0.0575,14.116345898912497,kJ/mol,5.694469783196155,0.14630561545493492,14.116345898912497,5.6610237440732725,-0.03344603912288196,0.0,0.0,NaClIWater/data/S0_NaClIWater_matrix_BC_s_loss_split0.csv,0,0.19630884943944668,0.11333896706817026,0.0791900977286941,0.045720424240814315,3
NaClIWater,NaCl/NaI/water,"BC S-loss, fixed kappa_D",0.005,298.15,I,NaI,neutral ion-pair NaI: mu_Na + mu_I,0.052500000000000005,0.06,0.06,14.577063851246757,kJ/mol,5.880321311412502,0.15108062054832772,14.577063851246757,5.84687527228962,-0.03344603912288196,0.0,0.0,NaClIWater/data/S0_NaClIWater_matrix_BC_s_loss_split0.csv,0,0.21162210661258563,0.122180080219252,0.08536739608049146,0.04928688910708915,3
NaClIWater,NaCl/NaI/water,"BC S-loss, fixed kappa_D",0.005,298.15,I,NaI,neutral ion-pair NaI: mu_Na + mu_I,0.052500000000000005,0.0625,0.0625,15.031172767347131,kJ/mol,6.063506784447188,0.15578712780802564,15.031172767347131,6.030060745324306,-0.03344603912288196,0.0,0.0,NaClIWater/data/S0_NaClIWater_matrix_BC_s_loss_split0.csv,0,0.2271878074754881,0.13116694180257393,0.0916465290694968,0.052912148228568844,3
NaClIWater,NaCl/NaI/water,"BC S-loss, fixed kappa_D",0.005,298.15,I,NaI,neutral ion-pair NaI: mu_Na + mu_I,0.055,0.0,0.0,4.572304748901319,kJ/mol,1.8444469566439772,0.04738859936742301,4.572304748901319,1.8110009175210953,-0.03344603912288196,0.0,0.0,NaClIWater/data/S0_NaClIWater_matrix_BC_s_loss_split0.csv,0,0.46111622492663623,0.26622557658909746,0.18601218957014234,0.10739418772087339,3
NaClIWater,NaCl/NaI/water,"BC S-loss, fixed kappa_D",0.005,298.15,I,NaI,neutral ion-pair NaI: mu_Na + mu_I,0.055,0.0025,0.0025,4.926289362760302,kJ/mol,1.9872427411742806,0.05105739135956355,4.926289362760302,1.9537967020513987,-0.03344603912288196,0.0,0.0,NaClIWater/data/S0_NaClIWater_matrix_BC_s_loss_split0.csv,0,0.3141421900903964,0.18137007801250896,0.126723531847901,0.07316386522504575,3
NaClIWater,NaCl/NaI/water,"BC S-loss, fixed kappa_D",0.005,298.15,I,NaI,neutral ion-pair NaI: mu_Na + mu_I,0.055,0.005,0.005,5.287783122577186,kJ/mol,2.133067681058319,0.05480401016529868,5.287783122577186,2.099621641935437,-0.03344603912288196,0.0,0.0,NaClIWater/data/S0_NaClIWater_matrix_BC_s_loss_split0.csv,0,0.2306314119346632,0.13315510776406128,0.09303566345869857,0.05371416534211505,3
NaClIWater,NaCl/NaI/water,"BC S-loss, fixed kappa_D",0.005,298.15,I,NaI,neutral ion-pair NaI: mu_Na + mu_I,0.055,0.0075,0.0075,5.65876219235024,kJ/mol,2.2827189518722215,0.05864893728119113,5.65876219235024,2.2492729127493396,-0.03344603912288196,0.0,0.0,NaClIWater/data/S0_NaClIWater_matrix_BC_s_loss_split0.csv,0,0.19229849786720207,0.1110235895083898,0.07757234012968987,0.04478641145554566,3
NaClIWater,NaCl/NaI/water,"BC S-loss, fixed kappa_D",0.005,298.15,I,NaI,neutral ion-pair NaI: mu_Na + mu_I,0.055,0.01,0.01,6.040375270632656,kJ/mol,2.4366599333920282,0.06260407812879976,6.040375270632656,2.4032138942691463,-0.03344603912288196,0.0,0.0,NaClIWater/data/S0_NaClIWater_matrix_BC_s_loss_split0.csv,0,0.18155161877967482,0.10481887597425758,0.0732370979454996,0.042283458213501185,3
NaClIWater,NaCl/NaI/water,"BC S-loss, fixed kappa_D",0.005,298.15,I,NaI,neutral ion-pair NaI: mu_Na + mu_I,0.055,0.0125,0.0125,6.4330630777912585,kJ/mol,2.595068410210841,0.06667400045284921,6.4330630777912585,2.561622371087959,-0.03344603912288196,0.0,0.0,NaClIWater/data/S0_NaClIWater_matrix_BC_s_loss_split0.csv,0,0.18659448971185358,0.10773037886443952,0.07527136916196647,0.04345794524793304,3
NaClIWater,NaCl/NaI/water,"BC S-loss, fixed kappa_D",0.005,298.15,I,NaI,neutral ion-pair NaI: mu_Na + mu_I,0.055,0.015,0.015,6.836692057737466,kJ/mol,2.7578905064094776,0.07085732004202328,6.836692057737466,2.7244444672865957,-0.03344603912288196,0.0,0.0,NaClIWater/data/S0_NaClIWater_matrix_BC_s_loss_split0.csv,0,0.20084138795805198,0.11595582940199937,0.08101850316875635,0.046776054613822025,3
NaClIWater,NaCl/NaI/water,"BC S-loss, fixed kappa_D",0.005,298.15,I,NaI,neutral ion-pair NaI: mu_Na + mu_I,0.055,0.0175,0.0175,7.2506936223397425,kJ/mol,2.924896856119654,0.07514814389560343,7.2506936223397425,2.8914508169967723,-0.03344603912288196,0.0,0.0,NaClIWater/data/S0_NaClIWater_matrix_BC_s_loss_split0.csv,0,0.219434408671735,0.12669051491609257,0.08851884322776303,0.05110637796590327,3
NaClIWater,NaCl/NaI/water,"BC S-loss, fixed kappa_D",0.005,298.15,I,NaI,neutral ion-pair NaI: mu_Na + mu_I,0.055,0.02,0.02,7.674200597631936,kJ/mol,3.0957376453043386,0.07953748438876573,7.674200597631936,3.0622916061814567,-0.03344603912288196,0.0,0.0,NaClIWater/data/S0_NaClIWater_matrix_BC_s_loss_split0.csv,0,0.23799407430061503,0.1374059428629959,0.09600572799714421,0.05542893290289721,3
NaClIWater,NaCl/NaI/water,"BC S-loss, fixed kappa_D",0.005,298.15,I,NaI,neutral ion-pair NaI: mu_Na + mu_I,0.055,0.0225,0.0225,8.106173292298054,kJ/mol,3.2699934672115885,0.08401456588035217,8.106173292298054,3.2365474280887065,-0.03344603912288196,0.0,0.0,NaClIWater/data/S0_NaClIWater_matrix_BC_s_loss_split0.csv,0,0.25297664577611995,0.14605613453753147,0.10204962924133318,0.05891838091318522,3
NaClIWater,NaCl/NaI/water,"BC S-loss, fixed kappa_D",0.005,298.15,I,NaI,neutral ion-pair NaI: mu_Na + mu_I,0.055,0.025,0.025,8.545508734279087,kJ/mol,3.447219387925309,0.08856795687051999,8.545508734279087,3.413773348802427,-0.03344603912288196,0.0,0.0,NaClIWater/data/S0_NaClIWater_matrix_BC_s_loss_split0.csv,0,0.26207603757646125,0.15130967084292038,0.10572028254095897,0.06103763358382596,3
NaClIWater,NaCl/NaI/water,"BC S-loss, fixed kappa_D",0.005,298.15,I,NaI,neutral ion-pair NaI: mu_Na + mu_I,0.055,0.0275,0.0275,8.991128049065212,kJ/mol,3.626980194371236,0.09318647561292437,8.991128049065212,3.593534155248354,-0.03344603912288196,0.0,0.0,NaClIWater/data/S0_NaClIWater_matrix_BC_s_loss_split0.csv,0,0.2642910461712079,0.1525885066513547,0.1066138069418648,0.06155351013721644,3
NaClIWater,NaCl/NaI/water,"BC S-loss, fixed kappa_D",0.005,298.15,I,NaI,neutral ion-pair NaI: mu_Na + mu_I,0.055,0.03,0.03,9.442038591128146,kJ/mol,3.808875457854386,0.09785983406163723,9.442038591128146,3.775429418731504,-0.03344603912288196,0.0,0.0,NaClIWater/data/S0_NaClIWater_matrix_BC_s_loss_split0.csv,0,0.25977380970226893,0.1499804789600196,0.10479157427909719,0.06050144361884143,3
NaClIWater,NaCl/NaI/water,"BC S-loss, fixed kappa_D",0.005,298.15,I,NaI,neutral ion-pair NaI: mu_Na + mu_I,0.055,0.0325,0.0325,9.897369195028247,kJ/mol,3.992553754195462,0.10257900322312707,9.897369195028247,3.95910771507258,-0.03344603912288196,0.0,0.0,NaClIWater/data/S0_NaClIWater_matrix_BC_s_loss_split0.csv,0,0.2495849667849921,0.144097947758999,0.10068144134996317,0.05812845726580076,3
NaClIWater,NaCl/NaI/water,"BC S-loss, fixed kappa_D",0.005,298.15,I,NaI,neutral ion-pair NaI: mu_Na + mu_I,0.055,0.034999999999999996,0.034999999999999996,10.356378672417978,kJ/mol,4.177716091383434,0.10733630122149408,10.356378672417978,4.144270052260552,-0.03344603912288196,0.0,0.0,NaClIWater/data/S0_NaClIWater_matrix_BC_s_loss_split0.csv,0,0.23542029509167164,0.13591997074387777,0.0949674771609217,0.05482949850311778,3
NaClIWater,NaCl/NaI/water,"BC S-loss, fixed kappa_D",0.005,298.15,I,NaI,neutral ion-pair NaI: mu_Na + mu_I,0.055,0.0375,0.0375,10.818439364483256,kJ/mol,4.364109274705127,0.11212522283153704,10.818439364483256,4.330663235582245,-0.03344603912288196,0.0,0.0,NaClIWater/data/S0_NaClIWater_matrix_BC_s_loss_split0.csv,0,0.21933727800805708,0.12663443650127154,0.08847966115945037,0.05108375618821555,3
NaClIWater,NaCl/NaI/water,"BC S-loss, fixed kappa_D",0.005,298.15,I,NaI,neutral ion-pair NaI: mu_Na + mu_I,0.055,0.04,0.04,11.28299906454583,kJ/mol,4.551510546496066,0.11694004483433673,11.28299906454583,4.518064507373183,-0.03344603912288196,0.0,0.0,NaClIWater/data/S0_NaClIWater_matrix_BC_s_loss_split0.csv,0,0.20349188577210847,0.11748609502843141,0.08208770194162958,0.04739335681315761,3
NaClIWater,NaCl/NaI/water,"BC S-loss, fixed kappa_D",0.005,298.15,I,NaI,neutral ion-pair NaI: mu_Na + mu_I,0.055,0.0425,0.0425,11.749525866551341,kJ/mol,4.739705338271193,0.12177525441211401,11.749525866551341,4.706259299148311,-0.03344603912288196,0.0,0.0,NaClIWater/data/S0_NaClIWater_matrix_BC_s_loss_split0.csv,0,0.1898865170963973,0.10963103176108546,0.07659935804811202,0.044224659988830003,3
NaClIWater,NaCl/NaI/water,"BC S-loss, fixed kappa_D",0.005,298.15,I,NaI,neutral ion-pair NaI: mu_Na + mu_I,0.055,0.045,0.045,12.21744142762992,kJ/mol,4.928460349145113,0.12662485746341193,12.21744142762992,4.895014310022231,-0.03344603912288196,0.0,0.0,NaClIWater/data/S0_NaClIWater_matrix_BC_s_loss_split0.csv,0,0.18013267603727115,0.10399964899996615,0.07266470289166886,0.0419529857750892,3
NaClIWater,NaCl/NaI/water,"BC S-loss, fixed kappa_D",0.005,298.15,I,NaI,neutral ion-pair NaI: mu_Na + mu_I,0.055,0.0475,0.0475,12.686048697551383,kJ/mol,5.117494392222748,0.131481629571681,12.686048697551383,5.084048353099866,-0.03344603912288196,0.0,0.0,NaClIWater/data/S0_NaClIWater_matrix_BC_s_loss_split0.csv,0,0.175255307587563,0.10118369901259017,0.07069719462449607,0.04081704434740417,3
NaClIWater,NaCl/NaI/water,"BC S-loss, fixed kappa_D",0.005,298.15,I,NaI,neutral ion-pair NaI: mu_Na + mu_I,0.055,0.05,0.05,13.154460347549083,kJ/mol,5.306449523112141,0.13633637422231004,13.154460347549083,5.2730034839892586,-0.03344603912288196,0.0,0.0,NaClIWater/data/S0_NaClIWater_matrix_BC_s_loss_split0.csv,0,0.175594721325995,0.10137965962584053,0.07083411258409743,0.04089609396823691,3
NaClIWater,NaCl/NaI/water,"BC S-loss, fixed kappa_D",0.005,298.15,I,NaI,neutral ion-pair NaI: mu_Na + mu_I,0.055,0.052500000000000005,0.052500000000000005,13.621533932511387,kJ/mol,5.494864884647157,0.1411772508060949,13.621533932511387,5.461418845524275,-0.03344603912288196,0.0,0.0,NaClIWater/data/S0_NaClIWater_matrix_BC_s_loss_split0.csv,0,0.1808426916889177,0.10440957672757314,0.07295111997884228,0.04211834875746928,3
NaClIWater,NaCl/NaI/water,"BC S-loss, fixed kappa_D",0.005,298.15,I,NaI,neutral ion-pair NaI: mu_Na + mu_I,0.055,0.055,0.055,14.085819259535523,kJ/mol,5.682155475601291,0.14598922913273782,14.085819259535523,5.648709436478408,-0.03344603912288196,0.0,0.0,NaClIWater/data/S0_NaClIWater_matrix_BC_s_loss_split0.csv,0,0.19016927826621283,0.10979428399859482,0.07671342261899321,0.044290515199533254,3
NaClIWater,NaCl/NaI/water,"BC S-loss, fixed kappa_D",0.005,298.15,I,NaI,neutral ion-pair NaI: mu_Na + mu_I,0.055,0.0575,0.0575,14.545522562017036,kJ/mol,5.867597698678166,0.15075371812145022,14.545522562017036,5.834151659555284,-0.03344603912288196,0.0,0.0,NaClIWater/data/S0_NaClIWater_matrix_BC_s_loss_split0.csv,0,0.20235133567570468,0.11682759812324843,0.08162760921602623,0.04712772215417832,3
NaClIWater,NaCl/NaI/water,"BC S-loss, fixed kappa_D",0.005,298.15,I,NaI,neutral ion-pair NaI: mu_Na + mu_I,0.055,0.06,0.06,14.998490933294791,kJ/mol,6.050323081114669,0.15544840446705166,14.998490933294791,6.016877041991787,-0.03344603912288196,0.0,0.0,NaClIWater/data/S0_NaClIWater_matrix_BC_s_loss_split0.csv,0,0.21586204907737527,0.12462801214264684,0.08707776960216147,0.05027437372024014,3
NaClIWater,NaCl/NaI/water,"BC S-loss, fixed kappa_D",0.005,298.15,I,NaI,neutral ion-pair NaI: mu_Na + mu_I,0.0575,0.0,0.0,4.8404414521479096,kJ/mol,1.9526120841732746,0.05016764046456501,4.8404414521479096,1.9191660450503927,-0.03344603912288196,0.0,0.0,NaClIWater/data/S0_NaClIWater_matrix_BC_s_loss_split0.csv,0,0.461560385718727,0.26648201294197454,0.18619136201516107,0.1074976329802363,3
NaClIWater,NaCl/NaI/water,"BC S-loss, fixed kappa_D",0.005,298.15,I,NaI,neutral ion-pair NaI: mu_Na + mu_I,0.0575,0.0025,0.0025,5.223584277231367,kJ/mol,2.107170158600612,0.054138636020525155,5.223584277231367,2.0737241194777303,-0.03344603912288196,0.0,0.0,NaClIWater/data/S0_NaClIWater_matrix_BC_s_loss_split0.csv,0,0.3129249786474567,0.18066732065826704,0.1262325142834962,0.0728803761020598,3
NaClIWater,NaCl/NaI/water,"BC S-loss, fixed kappa_D",0.005,298.15,I,NaI,neutral ion-pair NaI: mu_Na + mu_I,0.0575,0.005,0.005,5.606517084794963,kJ/mol,2.2616435129148726,0.058107454898276956,5.606517084794963,2.2281974737919907,-0.03344603912288196,0.0,0.0,NaClIWater/data/S0_NaClIWater_matrix_BC_s_loss_split0.csv,0,0.23285546134144042,0.13443916328775513,0.09393283488209114,0.054232147504919996,3
NaClIWater,NaCl/NaI/water,"BC S-loss, fixed kappa_D",0.005,298.15,I,NaI,neutral ion-pair NaI: mu_Na + mu_I,0.0575,0.0075,0.0075,5.993065602820199,kJ/mol,2.4175754283975848,0.06211374797425152,5.993065602820199,2.384129389274703,-0.03344603912288196,0.0,0.0,NaClIWater/data/S0_NaClIWater_matrix_BC_s_loss_split0.csv,0,0.1986708218407837,0.11470265246990065,0.08014290666129432,0.04627052873453733,3
NaClIWater,NaCl/NaI/water,"BC S-loss, fixed kappa_D",0.005,298.15,I,NaI,neutral ion-pair NaI: mu_Na + mu_I,0.0575,0.01,0.01,6.3860110079209,kJ/mol,2.576087819055574,0.06618634011283575,6.3860110079209,2.542641779932692,-0.03344603912288196,0.0,0.0,NaClIWater/data/S0_NaClIWater_matrix_BC_s_loss_split0.csv,0,0.1892716710051763,0.10927605020480884,0.07635133192911152,0.044081462042259004,3
NaClIWater,NaCl/NaI/water,"BC S-loss, fixed kappa_D",0.005,298.15,I,NaI,neutral ion-pair NaI: mu_Na + mu_I,0.0575,0.0125,0.0125,6.78718854457331,kJ/mol,2.7379210141701966,0.07034425228266628,6.78718854457331,2.7044749750473147,-0.03344603912288196,0.0,0.0,NaClIWater/data/S0_NaClIWater_matrix_BC_s_loss_split0.csv,0,0.19314612209002083,0.11151296558160585,0.07791426788910516,0.04498382353948748,3
NaClIWater,NaCl/NaI/water,"BC S-loss, fixed kappa_D",0.005,298.15,I,NaI,neutral ion-pair NaI: mu_Na + mu_I,0.0575,0.015,0.015,7.197610603579889,kJ/mol,2.9034834075903073,0.07459797717501715,7.197610603579889,2.8700373684674254,-0.03344603912288196,0.0,0.0,NaClIWater/data/S0_NaClIWater_matrix_BC_s_loss_split0.csv,0,0.2056464224051193,0.11873001733347911,0.0829568322279891,0.047895149417948125,3
NaClIWater,NaCl/NaI/water,"BC S-loss, fixed kappa_D",0.005,298.15,I,NaI,neutral ion-pair NaI: mu_Na + mu_I,0.0575,0.0175,0.0175,7.617605063729307,kJ/mol,3.0729072641291935,0.07895091301406865,7.617605063729307,3.0394612250063116,-0.03344603912288196,0.0,0.0,NaClIWater/data/S0_NaClIWater_matrix_BC_s_loss_split0.csv,0,0.22322659415052692,0.12887993422309008,0.09004859361613489,0.0519895797644227,3
NaClIWater,NaCl/NaI/water,"BC S-loss, fixed kappa_D",0.005,298.15,I,NaI,neutral ion-pair NaI: mu_Na + mu_I,0.0575,0.02,0.02,8.04695968248309,kJ/mol,3.246106966111381,0.08340086006091951,8.04695968248309,3.212660926988499,-0.03344603912288196,0.0,0.0,NaClIWater/data/S0_NaClIWater_matrix_BC_s_loss_split0.csv,0,0.24175650777486987,0.13957818484216497,0.09752347656209537,0.05630520544543392,3
NaClIWater,NaCl/NaI/water,"BC S-loss, fixed kappa_D",0.005,298.15,I,NaI,neutral ion-pair NaI: mu_Na + mu_I,0.0575,0.0225,0.0225,8.485063789330129,kJ/mol,3.422836171827911,0.08794148916172162,8.485063789330129,3.389390132705029,-0.03344603912288196,0.0,0.0,NaClIWater/data/S0_NaClIWater_matrix_BC_s_loss_split0.csv,0,0.25737695810719,0.1485966560463932,0.10382469523825198,0.05994321574433564,3
NaClIWater,NaCl/NaI/water,"BC S-loss, fixed kappa_D",0.005,298.15,I,NaI,neutral ion-pair NaI: mu_Na + mu_I,0.0575,0.025,0.025,8.931039422610125,kJ/mol,3.6027407155349587,0.09256370088507992,8.931039422610125,3.5692946764120768,-0.03344603912288196,0.0,0.0,NaClIWater/data/S0_NaClIWater_matrix_BC_s_loss_split0.csv,0,0.2673684452205053,0.15436524382087044,0.10785521573296056,0.06227023783692994,3
NaClIWater,NaCl/NaI/water,"BC S-loss, fixed kappa_D",0.005,298.15,I,NaI,neutral ion-pair NaI: mu_Na + mu_I,0.0575,0.0275,0.0275,9.383855351242081,kJ/mol,3.78540460330093,0.09725680727399322,9.383855351242081,3.751958564178048,-0.03344603912288196,0.0,0.0,NaClIWater/data/S0_NaClIWater_matrix_BC_s_loss_split0.csv,0,0.27041442950901556,0.15612384366978924,0.10908395195232098,0.06297964902394072,3
NaClIWater,NaCl/NaI/water,"BC S-loss, fixed kappa_D",0.005,298.15,I,NaI,neutral ion-pair NaI: mu_Na + mu_I,0.0575,0.03,0.03,9.842418958754891,kJ/mol,3.9703870786068296,0.10200948415672428,9.842418958754891,3.9369410394839477,-0.03344603912288196,0.0,0.0,NaClIWater/data/S0_NaClIWater_matrix_BC_s_loss_split0.csv,0,0.26648756120443107,0.15385666519706515,0.10749987112409691,0.062065079531347433,3
NaClIWater,NaCl/NaI/water,"BC S-loss, fixed kappa_D",0.005,298.15,I,NaI,neutral ion-pair NaI: mu_Na + mu_I,0.0575,0.0325,0.0325,10.30564274660199,kJ/mol,4.157249449481164,0.10681046040508592,10.30564274660199,4.123803410358281,-0.03344603912288196,0.0,0.0,NaClIWater/data/S0_NaClIWater_matrix_BC_s_loss_split0.csv,0,0.25658827450436894,0.148141309355999,0.10350654385708516,0.059759530958775925,3
NaClIWater,NaCl/NaI/water,"BC S-loss, fixed kappa_D",0.005,298.15,I,NaI,neutral ion-pair NaI: mu_Na + mu_I,0.0575,0.034999999999999996,0.034999999999999996,10.772484051068302,kJ/mol,4.345571110119707,0.11164892957117445,10.772484051068302,4.312125070996824,-0.03344603912288196,0.0,0.0,NaClIWater/data/S0_NaClIWater_matrix_BC_s_loss_split0.csv,0,0.24244223472909432,0.13997408948377704,0.0978000956991097,0.056464911578652154,3
NaClIWater,NaCl/NaI/water,"BC S-loss, fixed kappa_D",0.005,298.15,I,NaI,neutral ion-pair NaI: mu_Na + mu_I,0.0575,0.0375,0.0375,11.241958389674378,kJ/mol,4.534954924764278,0.11651468821310118,11.241958389674378,4.501508885641396,-0.03344603912288196,0.0,0.0,NaClIWater/data/S0_NaClIWater_matrix_BC_s_loss_split0.csv,0,0.2261947573531625,0.13059360404713047,0.09124593716311555,0.05268086638358444,3
NaClIWater,NaCl/NaI/water,"BC S-loss, fixed kappa_D",0.005,298.15,I,NaI,neutral ion-pair NaI: mu_Na + mu_I,0.0575,0.04,0.04,11.713128570153202,kJ/mol,4.72502283431348,0.12139802301749116,11.713128570153202,4.691576795190597,-0.03344603912288196,0.0,0.0,NaClIWater/data/S0_NaClIWater_matrix_BC_s_loss_split0.csv,0,0.21011054760050416,0.12130738121673076,0.08475764004437183,0.048934846295495486,3
NaClIWater,NaCl/NaI/water,"BC S-loss, fixed kappa_D",0.005,298.15,I,NaI,neutral ion-pair NaI: mu_Na + mu_I,0.0575,0.0425,0.0425,12.185073174896207,kJ/mol,4.915403143091443,0.12628938416378332,12.185073174896207,4.881957103968561,-0.03344603912288196,0.0,0.0,NaClIWater/data/S0_NaClIWater_matrix_BC_s_loss_split0.csv,0,0.19627616833079226,0.11332009862129122,0.07917691431798407,0.04571281279509204,3
NaClIWater,NaCl/NaI/water,"BC S-loss, fixed kappa_D",0.005,298.15,I,NaI,neutral ion-pair NaI: mu_Na + mu_I,0.0575,0.045,0.045,12.656839241881121,kJ/mol,5.1057114305491655,0.13117889489660683,12.656839241881121,5.072265391426283,-0.03344603912288196,0.0,0.0,NaClIWater/data/S0_NaClIWater_matrix_BC_s_loss_split0.csv,0,0.18631383067468146,0.10756834029377771,0.07515815258183993,0.043392579624920255,3
NaClIWater,NaCl/NaI/water,"BC S-loss, fixed kappa_D",0.005,298.15,I,NaI,neutral ion-pair NaI: mu_Na + mu_I,0.0575,0.0475,0.0475,13.127384812597098,kJ/mol,5.2955273753586045,0.13605575607698486,13.127384812597098,5.262081336235722,-0.03344603912288196,0.0,0.0,NaClIWater/data/S0_NaClIWater_matrix_BC_s_loss_split0.csv,0,0.18115606125238976,0.10459050072939957,0.07307753183662323,0.04219133267758787,3
NaClIWater,NaCl/NaI/water,"BC S-loss, fixed kappa_D",0.005,298.15,I,NaI,neutral ion-pair NaI: mu_Na + mu_I,0.0575,0.05,0.05,13.595517481860076,kJ/mol,5.484369966687452,0.1409076092960504,13.595517481860076,5.45092392756457,-0.03344603912288196,0.0,0.0,NaClIWater/data/S0_NaClIWater_matrix_BC_s_loss_split0.csv,0,0.18096562971160415,0.1044805550280648,0.07300071261849597,0.042146981081323164,3
NaClIWater,NaCl/NaI/water,"BC S-loss, fixed kappa_D",0.005,298.15,I,NaI,neutral ion-pair NaI: mu_Na + mu_I,0.0575,0.052500000000000005,0.052500000000000005,14.059835156017565,kJ/mol,5.671673606328177,0.14571992287710603,14.059835156017565,5.638227567205295,-0.03344603912288196,0.0,0.0,NaClIWater/data/S0_NaClIWater_matrix_BC_s_loss_split0.csv,0,0.1852338221254952,0.10694479706717791,0.07472248204125029,0.04314104512103283,3
NaClIWater,NaCl/NaI/water,"BC S-loss, fixed kappa_D",0.005,298.15,I,NaI,neutral ion-pair NaI: mu_Na + mu_I,0.0575,0.055,0.055,14.518674897824331,kJ/mol,5.856767472953353,0.15047546169012094,14.518674897824331,5.823321433830471,-0.03344603912288196,0.0,0.0,NaClIWater/data/S0_NaClIWater_matrix_BC_s_loss_split0.csv,0,0.1929679095922114,0.11141007454802264,0.07784237777738436,0.044942317764133405,3
NaClIWater,NaCl/NaI/water,"BC S-loss, fixed kappa_D",0.005,298.15,I,NaI,neutral ion-pair NaI: mu_Na + mu_I,0.0575,0.0575,0.0575,14.970075054123317,kJ/mol,6.038860244594251,0.1551538946328037,14.970075054123317,6.005414205471369,-0.03344603912288196,0.0,0.0,NaClIWater/data/S0_NaClIWater_matrix_BC_s_loss_split0.csv,0,0.20283890997701248,0.11710909927735844,0.08182429447336828,0.04724127844045039,3
NaClIWater,NaCl/NaI/water,"BC S-loss, fixed kappa_D",0.005,298.15,I,NaI,neutral ion-pair NaI: mu_Na + mu_I,0.06,0.0,0.0,5.113736994656076,kJ/mol,2.062858264016094,0.05300014916292639,5.113736994656076,2.0294122248932123,-0.03344603912288196,0.0,0.0,NaClIWater/data/S0_NaClIWater_matrix_BC_s_loss_split0.csv,0,0.4556937620579532,0.26309491619219255,0.18382479269156338,0.10613129354420127,3
NaClIWater,NaCl/NaI/water,"BC S-loss, fixed kappa_D",0.005,298.15,I,NaI,neutral ion-pair NaI: mu_Na + mu_I,0.06,0.0025,0.0025,5.528414907987477,kJ/mol,2.230137449729899,0.05729798287711673,5.528414907987477,2.1966914106070172,-0.03344603912288196,0.0,0.0,NaClIWater/data/S0_NaClIWater_matrix_BC_s_loss_split0.csv,0,0.3099819159343352,0.17896814260860439,0.12504529615991553,0.07219493539882371,3
NaClIWater,NaCl/NaI/water,"BC S-loss, fixed kappa_D",0.005,298.15,I,NaI,neutral ion-pair NaI: mu_Na + mu_I,0.06,0.005,0.005,5.934306733071264,kJ/mol,2.3938723673734255,0.06150475520348663,5.934306733071264,2.3604263282505435,-0.03344603912288196,0.0,0.0,NaClIWater/data/S0_NaClIWater_matrix_BC_s_loss_split0.csv,0,0.2369393524911963,0.13679699894240782,0.09558025801245952,0.05518328769270739,3
NaClIWater,NaCl/NaI/water,"BC S-loss, fixed kappa_D",0.005,298.15,I,NaI,neutral ion-pair NaI: mu_Na + mu_I,0.06,0.0075,0.0075,6.337274824610436,kJ/mol,2.556427864192104,0.06568122516699759,6.337274824610436,2.522981825069222,-0.03344603912288196,0.0,0.0,NaClIWater/data/S0_NaClIWater_matrix_BC_s_loss_split0.csv,0,0.20832361108327424,0.12027569293748329,0.08403679797414171,0.04851866793220491,3
NaClIWater,NaCl/NaI/water,"BC S-loss, fixed kappa_D",0.005,298.15,I,NaI,neutral ion-pair NaI: mu_Na + mu_I,0.06,0.01,0.01,6.741905447669312,kJ/mol,2.7196540186703753,0.0698749260554905,6.741905447669312,2.6862079795474934,-0.03344603912288196,0.0,0.0,NaClIWater/data/S0_NaClIWater_matrix_BC_s_loss_split0.csv,0,0.20016124863562545,0.11556315078110997,0.08074413805701591,0.04661764984270245,3
NaClIWater,NaCl/NaI/water,"BC S-loss, fixed kappa_D",0.005,298.15,I,NaI,neutral ion-pair NaI: mu_Na + mu_I,0.06,0.0125,0.0125,7.151581889461511,kJ/mol,2.884915633494699,0.07412092316997132,7.151581889461511,2.851469594371817,-0.03344603912288196,0.0,0.0,NaClIWater/data/S0_NaClIWater_matrix_BC_s_loss_split0.csv,0,0.20229752529308587,0.11679653068435826,0.08160590235222158,0.047115189690517444,3
NaClIWater,NaCl/NaI/water,"BC S-loss, fixed kappa_D",0.005,298.15,I,NaI,neutral ion-pair NaI: mu_Na + mu_I,0.06,0.015,0.015,7.56859324585022,kJ/mol,3.053136119533376,0.07844294131723473,7.56859324585022,3.019690080410494,-0.03344603912288196,0.0,0.0,NaClIWater/data/S0_NaClIWater_matrix_BC_s_loss_split0.csv,0,0.21241764186259435,0.12263938270999437,0.08568831138499584,0.04947216964453183,3
NaClIWater,NaCl/NaI/water,"BC S-loss, fixed kappa_D",0.005,298.15,I,NaI,neutral ion-pair NaI: mu_Na + mu_I,0.06,0.0175,0.0175,7.994269252332813,kJ/mol,3.224851886042999,0.0828547622345468,7.994269252332813,3.191405846920117,-0.03344603912288196,0.0,0.0,NaClIWater/data/S0_NaClIWater_matrix_BC_s_loss_split0.csv,0,0.22841478191504702,0.13187533582554206,0.09214148498236935,0.05319791115810281,3
NaClIWater,NaCl/NaI/water,"BC S-loss, fixed kappa_D",0.005,298.15,I,NaI,neutral ion-pair NaI: mu_Na + mu_I,0.06,0.02,0.02,8.42913112992943,kJ/mol,3.400273191214379,0.0873617879971107,8.42913112992943,3.366827152091497,-0.03344603912288196,0.0,0.0,NaClIWater/data/S0_NaClIWater_matrix_BC_s_loss_split0.csv,0,0.24643116618498878,0.1422771001336167,0.09940921252052311,0.05739393560865273,3
NaClIWater,NaCl/NaI/water,"BC S-loss, fixed kappa_D",0.005,298.15,I,NaI,neutral ion-pair NaI: mu_Na + mu_I,0.06,0.0225,0.0225,8.873048537077278,kJ/mol,3.5793474558534273,0.0919626677098222,8.873048537077278,3.5459014167305454,-0.03344603912288196,0.0,0.0,NaClIWater/data/S0_NaClIWater_matrix_BC_s_loss_split0.csv,0,0.26225022011234167,0.15141023517689908,0.10579054698435236,0.06107820077913359,3
NaClIWater,NaCl/NaI/water,"BC S-loss, fixed kappa_D",0.005,298.15,I,NaI,neutral ion-pair NaI: mu_Na + mu_I,0.06,0.025,0.025,9.325393339758389,kJ/mol,3.761821293551882,0.09665089122233894,9.325393339758389,3.7283752544290003,-0.03344603912288196,0.0,0.0,NaClIWater/data/S0_NaClIWater_matrix_BC_s_loss_split0.csv,0,0.2726969005360173,0.1574416289316462,0.11000469039181238,0.06351123760983432,3
NaClIWater,NaCl/NaI/water,"BC S-loss, fixed kappa_D",0.005,298.15,I,NaI,neutral ion-pair NaI: mu_Na + mu_I,0.06,0.0275,0.0275,9.785182018712996,kJ/mol,3.947297957110006,0.10141626507584078,9.785182018712996,3.9138519179871243,-0.03344603912288196,0.0,0.0,NaClIWater/data/S0_NaClIWater_matrix_BC_s_loss_split0.csv,0,0.276125088197039,0.15942089400056964,0.11138760571470195,0.06430966414377107,3
NaClIWater,NaCl/NaI/water,"BC S-loss, fixed kappa_D",0.005,298.15,I,NaI,neutral ion-pair NaI: mu_Na + mu_I,0.06,0.03,0.03,10.251199952673868,kJ/mol,4.135287473828503,0.10624620060798406,10.251199952673868,4.10184143470562,-0.03344603912288196,0.0,0.0,NaClIWater/data/S0_NaClIWater_matrix_BC_s_loss_split0.csv,0,0.2723382123819798,0.1572345402293575,0.10985999722054926,0.06342769896845565,3
NaClIWater,NaCl/NaI/water,"BC S-loss, fixed kappa_D",0.005,298.15,I,NaI,neutral ion-pair NaI: mu_Na + mu_I,0.06,0.0325,0.0325,10.722102581070258,kJ/mol,4.325247454083553,0.11112676243044463,10.722102581070258,4.291801414960671,-0.03344603912288196,0.0,0.0,NaClIWater/data/S0_NaClIWater_matrix_BC_s_loss_split0.csv,0,0.2623001185356067,0.15143904404500327,0.10581067578153158,0.061089822145603476,3
NaClIWater,NaCl/NaI/water,"BC S-loss, fixed kappa_D",0.005,298.15,I,NaI,neutral ion-pair NaI: mu_Na + mu_I,0.06,0.034999999999999996,0.034999999999999996,11.196490327595123,kJ/mol,4.516613315153341,0.11604344495697205,11.196490327595123,4.483167276030459,-0.03344603912288196,0.0,0.0,NaClIWater/data/S0_NaClIWater_matrix_BC_s_loss_split0.csv,0,0.24779255616791435,0.1430630990067308,0.09995839105273219,0.057711003982056815,3
NaClIWater,NaCl/NaI/water,"BC S-loss, fixed kappa_D",0.005,298.15,I,NaI,neutral ion-pair NaI: mu_Na + mu_I,0.06,0.0375,0.0375,11.672956134239012,kJ/mol,4.708817456231298,0.12098166505893461,11.672956134239012,4.6753714171084155,-0.03344603912288196,0.0,0.0,NaClIWater/data/S0_NaClIWater_matrix_BC_s_loss_split0.csv,0,0.23106664076122743,0.13340638724423723,0.09321123278941572,0.05381553034246604,3
NaClIWater,NaCl/NaI/water,"BC S-loss, fixed kappa_D",0.005,298.15,I,NaI,neutral ion-pair NaI: mu_Na + mu_I,0.06,0.04,0.04,12.150106342048332,kJ/mol,4.901297681629094,0.12592697847912862,12.150106342048332,4.867851642506212,-0.03344603912288196,0.0,0.0,NaClIWater/data/S0_NaClIWater_matrix_BC_s_loss_split0.csv,0,0.21449308760034144,0.12383764186537112,0.0865255367636385,0.04995554194226355,3
NaClIWater,NaCl/NaI/water,"BC S-loss, fixed kappa_D",0.005,298.15,I,NaI,neutral ion-pair NaI: mu_Na + mu_I,0.06,0.0425,0.0425,12.62655740639177,kJ/mol,5.093495875730046,0.13086504578791394,12.62655740639177,5.060049836607163,-0.03344603912288196,0.0,0.0,NaClIWater/data/S0_NaClIWater_matrix_BC_s_loss_split0.csv,0,0.2002068057039487,0.11558945316676988,0.08076251557134119,0.04662826010554518,3
NaClIWater,NaCl/NaI/water,"BC S-loss, fixed kappa_D",0.005,298.15,I,NaI,neutral ion-pair NaI: mu_Na + mu_I,0.06,0.045,0.045,13.100912398384969,kJ/mol,5.284848523770614,0.13578138883764268,13.100912398384969,5.251402484647731,-0.03344603912288196,0.0,0.0,NaClIWater/data/S0_NaClIWater_matrix_BC_s_loss_split0.csv,0,0.18976813441696289,0.10956268348924661,0.07655160301322386,0.04419708860658217,3
NaClIWater,NaCl/NaI/water,"BC S-loss, fixed kappa_D",0.005,298.15,I,NaI,neutral ion-pair NaI: mu_Na + mu_I,0.06,0.0475,0.0475,13.571722412224336,kJ/mol,5.474771143734253,0.1406609907778602,13.571722412224336,5.441325104611371,-0.03344603912288196,0.0,0.0,NaClIWater/data/S0_NaClIWater_matrix_BC_s_loss_split0.csv,0,0.18392494864806774,0.10618911861265001,0.07419448842869546,0.0428362078666939,3
NaClIWater,NaCl/NaI/water,"BC S-loss, fixed kappa_D",0.005,298.15,I,NaI,neutral ion-pair NaI: mu_Na + mu_I,0.06,0.05,0.05,14.037438764307591,kJ/mol,5.662639003693873,0.1454878006341005,14.037438764307591,5.629192964570991,-0.03344603912288196,0.0,0.0,NaClIWater/data/S0_NaClIWater_matrix_BC_s_loss_split0.csv,0,0.1825867564422427,0.10541651298238947,0.07365466777434575,0.04252454226659098,3
NaClIWater,NaCl/NaI/water,"BC S-loss, fixed kappa_D",0.005,298.15,I,NaI,neutral ion-pair NaI: mu_Na + mu_I,0.06,0.052500000000000005,0.052500000000000005,14.496362224167369,kJ/mol,5.847766641801172,0.1502442071235919,14.496362224167369,5.81432060267829,-0.03344603912288196,0.0,0.0,NaClIWater/data/S0_NaClIWater_matrix_BC_s_loss_split0.csv,0,0.18501572263304275,0.10681887726650037,0.07463450169715867,0.04309024964568814,3
NaClIWater,NaCl/NaI/water,"BC S-loss, fixed kappa_D",0.005,298.15,I,NaI,neutral ion-pair NaI: mu_Na + mu_I,0.06,0.055,0.055,14.94659548331673,kJ/mol,6.0293886924349325,0.15491054602955504,14.94659548331673,5.99594265331205,-0.03344603912288196,0.0,0.0,NaClIWater/data/S0_NaClIWater_matrix_BC_s_loss_split0.csv,0,0.1900773695187759,0.10974122045852125,0.07667634704796128,0.044269109608617616,3
NaClIWater,NaCl/NaI/water,"BC S-loss, fixed kappa_D",0.005,298.15,I,NaI,neutral ion-pair NaI: mu_Na + mu_I,0.0625,0.0,0.0,5.393245603801011,kJ/mol,2.1756107667046005,0.05589705175930248,5.393245603801011,2.1421647275817186,-0.03344603912288196,0.0,0.0,NaClIWater/data/S0_NaClIWater_matrix_BC_s_loss_split0.csv,0,0.44409427312071326,0.256397948131815,0.17914561156872646,0.10342976706334436,3
NaClIWater,NaCl/NaI/water,"BC S-loss, fixed kappa_D",0.005,298.15,I,NaI,neutral ion-pair NaI: mu_Na + mu_I,0.0625,0.0025,0.0025,5.841491482431476,kJ/mol,2.356431117068786,0.06054279291765851,5.841491482431476,2.322985077945904,-0.03344603912288196,0.0,0.0,NaClIWater/data/S0_NaClIWater_matrix_BC_s_loss_split0.csv,0,0.30591454167291937,0.176619842983881,0.12340453586724172,0.07124764200217283,3
NaClIWater,NaCl/NaI/water,"BC S-loss, fixed kappa_D",0.005,298.15,I,NaI,neutral ion-pair NaI: mu_Na + mu_I,0.0625,0.005,0.005,6.271604702088129,kJ/mol,2.5299368352076925,0.06500060230882809,6.271604702088129,2.4964907960848106,-0.03344603912288196,0.0,0.0,NaClIWater/data/S0_NaClIWater_matrix_BC_s_loss_split0.csv,0,0.24274137531502235,0.14014679838158814,0.09792076765201398,0.05653458156314507,3
NaClIWater,NaCl/NaI/water,"BC S-loss, fixed kappa_D",0.005,298.15,I,NaI,neutral ion-pair NaI: mu_Na + mu_I,0.0625,0.0075,0.0075,6.691656458254837,kJ/mol,2.699383804699569,0.069354131979253,6.691656458254837,2.665937765576687,-0.03344603912288196,0.0,0.0,NaClIWater/data/S0_NaClIWater_matrix_BC_s_loss_split0.csv,0,0.2201802617951469,0.12712113341767034,0.08881971698818139,0.051280087512472906,3
NaClIWater,NaCl/NaI/water,"BC S-loss, fixed kappa_D",0.005,298.15,I,NaI,neutral ion-pair NaI: mu_Na + mu_I,0.0625,0.01,0.01,7.108196245617346,kJ/mol,2.8674140619361457,0.07367126265796742,7.108196245617346,2.8339680228132638,-0.03344603912288196,0.0,0.0,NaClIWater/data/S0_NaClIWater_matrix_BC_s_loss_split0.csv,0,0.2129225003709183,0.12293086290567788,0.08589196901289972,0.049589751430824655,3
NaClIWater,NaCl/NaI/water,"BC S-loss, fixed kappa_D",0.005,298.15,I,NaI,neutral ion-pair NaI: mu_Na + mu_I,0.0625,0.0125,0.0125,7.526294995424649,kJ/mol,3.0360731975381707,0.07800455084384339,7.526294995424649,3.002627158415289,-0.03344603912288196,0.0,0.0,NaClIWater/data/S0_NaClIWater_matrix_BC_s_loss_split0.csv,0,0.21308374314229453,0.12302395646313682,0.08595701361409717,0.049627304948835334,3
NaClIWater,NaCl/NaI/water,"BC S-loss, fixed kappa_D",0.005,298.15,I,NaI,neutral ion-pair NaI: mu_Na + mu_I,0.0625,0.015,0.015,7.94963602395302,kJ/mol,3.2068470445524824,0.08239217141999688,7.94963602395302,3.1734010054296005,-0.03344603912288196,0.0,0.0,NaClIWater/data/S0_NaClIWater_matrix_BC_s_loss_split0.csv,0,0.22065506514550598,0.1273952612598123,0.08901125050194904,0.05139066943820549,3
NaClIWater,NaCl/NaI/water,"BC S-loss, fixed kappa_D",0.005,298.15,I,NaI,neutral ion-pair NaI: mu_Na + mu_I,0.0625,0.0175,0.0175,8.380643836868385,kJ/mol,3.380713637546431,0.08685925261693228,8.380643836868385,3.347267598423549,-0.03344603912288196,0.0,0.0,NaClIWater/data/S0_NaClIWater_matrix_BC_s_loss_split0.csv,0,0.23482649120369609,0.13557713790930923,0.09472793937108345,0.054691201295673585,3
NaClIWater,NaCl/NaI/water,"BC S-loss, fixed kappa_D",0.005,298.15,I,NaI,neutral ion-pair NaI: mu_Na + mu_I,0.0625,0.02,0.02,8.820640007255498,kJ/mol,3.558206093096451,0.09141949157447016,8.820640007255498,3.5247600539735693,-0.03344603912288196,0.0,0.0,NaClIWater/data/S0_NaClIWater_matrix_BC_s_loss_split0.csv,0,0.2519650076361354,0.14547206498508888,0.10164153901310227,0.05868276991006245,3
NaClIWater,NaCl/NaI/water,"BC S-loss, fixed kappa_D",0.005,298.15,I,NaI,neutral ion-pair NaI: mu_Na + mu_I,0.0625,0.0225,0.0225,9.270015061245623,kJ/mol,3.7394819476691312,0.09607693581074273,9.270015061245623,3.7060359085462493,-0.03344603912288196,0.0,0.0,NaClIWater/data/S0_NaClIWater_matrix_BC_s_loss_split0.csv,0,0.26749949189972616,0.154440903656395,0.10790807936781051,0.062300758670740905,3
NaClIWater,NaCl/NaI/water,"BC S-loss, fixed kappa_D",0.005,298.15,I,NaI,neutral ion-pair NaI: mu_Na + mu_I,0.0625,0.025,0.025,9.72840564346191,kJ/mol,3.924394625356735,0.1008278194126433,9.72840564346191,3.890948586233853,-0.03344603912288196,0.0,0.0,NaClIWater/data/S0_NaClIWater_matrix_BC_s_loss_split0.csv,0,0.2778299123884736,0.16040517470641538,0.11207532404586946,0.06470671850739727,3
NaClIWater,NaCl/NaI/water,"BC S-loss, fixed kappa_D",0.005,298.15,I,NaI,neutral ion-pair NaI: mu_Na + mu_I,0.0625,0.0275,0.0275,10.194867068088277,kJ/mol,4.112563044194227,0.10566235140163373,10.194867068088277,4.079117005071344,-0.03344603912288196,0.0,0.0,NaClIWater/data/S0_NaClIWater_matrix_BC_s_loss_split0.csv,0,0.2810296053478909,0.1622525182978591,0.11336606564453677,0.06545192851684209,3
NaClIWater,NaCl/NaI/water,"BC S-loss, fixed kappa_D",0.005,298.15,I,NaI,neutral ion-pair NaI: mu_Na + mu_I,0.0625,0.03,0.03,10.668032672494721,kJ/mol,4.303435898687529,0.11056636731768778,10.668032672494721,4.269989859564647,-0.03344603912288196,0.0,0.0,NaClIWater/data/S0_NaClIWater_matrix_BC_s_loss_split0.csv,0,0.2767888730126643,0.1598041303425549,0.11165537349272225,0.0644642599424914,3
NaClIWater,NaCl/NaI/water,"BC S-loss, fixed kappa_D",0.005,298.15,I,NaI,neutral ion-pair NaI: mu_Na + mu_I,0.0625,0.0325,0.0325,11.146253064348167,kJ/mol,4.496347831465222,0.11552277241389675,11.146253064348167,4.46290179234234,-0.03344603912288196,0.0,0.0,NaClIWater/data/S0_NaClIWater_matrix_BC_s_loss_split0.csv,0,0.2660875997278939,0.15362574733092096,0.10733852848210655,0.06197192831356253,3
NaClIWater,NaCl/NaI/water,"BC S-loss, fixed kappa_D",0.005,298.15,I,NaI,neutral ion-pair NaI: mu_Na + mu_I,0.0625,0.034999999999999996,0.034999999999999996,11.627710278765615,kJ/mol,4.690565483755335,0.12051272481198795,11.627710278765615,4.657119444632452,-0.03344603912288196,0.0,0.0,NaClIWater/data/S0_NaClIWater_matrix_BC_s_loss_split0.csv,0,0.2508029883152291,0.1448011728173601,0.1011727856999027,0.05841213505850315,3
NaClIWater,NaCl/NaI/water,"BC S-loss, fixed kappa_D",0.005,298.15,I,NaI,neutral ion-pair NaI: mu_Na + mu_I,0.0625,0.0375,0.0375,12.110503928427752,kJ/mol,4.88532224794966,0.125516528385333,12.110503928427752,4.851876208826778,-0.03344603912288196,0.0,0.0,NaClIWater/data/S0_NaClIWater_matrix_BC_s_loss_split0.csv,0,0.23330652814985872,0.13469958683101793,0.09411479318271207,0.054337201178764775,3
NaClIWater,NaCl/NaI/water,"BC S-loss, fixed kappa_D",0.005,298.15,I,NaI,neutral ion-pair NaI: mu_Na + mu_I,0.0625,0.04,0.04,12.592708507274631,kJ/mol,5.079841383654172,0.1305142266699022,12.592708507274631,5.046395344531289,-0.03344603912288196,0.0,0.0,NaClIWater/data/S0_NaClIWater_matrix_BC_s_loss_split0.csv,0,0.21605078964283472,0.12473698155892185,0.08715390668852724,0.05031833148754873,3
NaClIWater,NaCl/NaI/water,"BC S-loss, fixed kappa_D",0.005,298.15,I,NaI,neutral ion-pair NaI: mu_Na + mu_I,0.0625,0.0425,0.0425,13.072402998103222,kJ/mol,5.273347961259323,0.13548590972538935,13.072402998103222,5.239901922136441,-0.03344603912288196,0.0,0.0,NaClIWater/data/S0_NaClIWater_matrix_BC_s_loss_split0.csv,0,0.20114573505605057,0.11613154428095594,0.08114127540496867,0.04684693719744822,3
NaClIWater,NaCl/NaI/water,"BC S-loss, fixed kappa_D",0.005,298.15,I,NaI,neutral ion-pair NaI: mu_Na + mu_I,0.0625,0.045,0.045,13.547675672277995,kJ/mol,5.465070798121487,0.14041176388070653,13.547675672277995,5.431624758998605,-0.03344603912288196,0.0,0.0,NaClIWater/data/S0_NaClIWater_matrix_BC_s_loss_split0.csv,0,0.18997567252955463,0.10968250567441856,0.0766353229446763,0.04424542433154277,3
NaClIWater,NaCl/NaI/water,"BC S-loss, fixed kappa_D",0.005,298.15,I,NaI,neutral ion-pair NaI: mu_Na + mu_I,0.0625,0.0475,0.0475,14.01660848520342,kJ/mol,5.654236163767473,0.1452719100044533,14.01660848520342,5.620790124644591,-0.03344603912288196,0.0,0.0,NaClIWater/data/S0_NaClIWater_matrix_BC_s_loss_split0.csv,0,0.18298847847635324,0.10564844730692259,0.07381672061726059,0.042618103519070805,3
NaClIWater,NaCl/NaI/water,"BC S-loss, fixed kappa_D",0.005,298.15,I,NaI,neutral ion-pair NaI: mu_Na + mu_I,0.0625,0.05,0.05,14.47724652305727,kJ/mol,5.840055454845598,0.15004608684262166,14.47724652305727,5.806609415722716,-0.03344603912288196,0.0,0.0,NaClIWater/data/S0_NaClIWater_matrix_BC_s_loss_split0.csv,0,0.1797795369710847,0.10379576406504204,0.072522248197227,0.04187073951890586,3
NaClIWater,NaCl/NaI/water,"BC S-loss, fixed kappa_D",0.005,298.15,I,NaI,neutral ion-pair NaI: mu_Na + mu_I,0.0625,0.052500000000000005,0.052500000000000005,14.92755866726876,kJ/mol,6.021709327354925,0.15471324333464057,14.92755866726876,5.988263288232043,-0.03344603912288196,0.0,0.0,NaClIWater/data/S0_NaClIWater_matrix_BC_s_loss_split0.csv,0,0.17940785650613256,0.10358117424854939,0.07237231398678522,0.041784174962146564,3
NaClIWater,NaCl/NaI/water,"BC S-loss, fixed kappa_D",0.005,298.15,I,NaI,neutral ion-pair NaI: mu_Na + mu_I,0.065,0.0,0.0,5.6799635228372365,kJ/mol,2.2912714722401915,0.0588686735874262,5.6799635228372365,2.2578254331173095,-0.03344603912288196,0.0,0.0,NaClIWater/data/S0_NaClIWater_matrix_BC_s_loss_split0.csv,0,0.42741563840657343,0.24676853388989092,0.17241752612191458,0.09954530511949672,3
NaClIWater,NaCl/NaI/water,"BC S-loss, fixed kappa_D",0.005,298.15,I,NaI,neutral ion-pair NaI: mu_Na + mu_I,0.065,0.0025,0.0025,6.163442176439463,kJ/mol,2.486304563910915,0.06387957672632183,6.163442176439463,2.452858524788033,-0.03344603912288196,0.0,0.0,NaClIWater/data/S0_NaClIWater_matrix_BC_s_loss_split0.csv,0,0.3010340689592014,0.17380210074884328,0.12143577535407526,0.07011097758992628,3
NaClIWater,NaCl/NaI/water,"BC S-loss, fixed kappa_D",0.005,298.15,I,NaI,neutral ion-pair NaI: mu_Na + mu_I,0.065,0.005,0.005,6.618767148029474,kJ/mol,2.6699805882036967,0.06859868751303111,6.618767148029474,2.6365345490808147,-0.03344603912288196,0.0,0.0,NaClIWater/data/S0_NaClIWater_matrix_BC_s_loss_split0.csv,0,0.2495156281840053,0.14405791509905405,0.10065347047343796,0.05811230827270946,3
NaClIWater,NaCl/NaI/water,"BC S-loss, fixed kappa_D",0.005,298.15,I,NaI,neutral ion-pair NaI: mu_Na + mu_I,0.065,0.0075,0.0075,7.0563726059420855,kJ/mol,2.8465086412062135,0.0731341484818131,7.0563726059420855,2.8130626020833316,-0.03344603912288196,0.0,0.0,NaClIWater/data/S0_NaClIWater_matrix_BC_s_loss_split0.csv,0,0.2327629415118213,0.13438574693921915,0.09389551280328373,0.05421059959267382,3
NaClIWater,NaCl/NaI/water,"BC S-loss, fixed kappa_D",0.005,298.15,I,NaI,neutral ion-pair NaI: mu_Na + mu_I,0.065,0.01,0.01,7.484911925987215,kJ/mol,3.0193794553944953,0.07757564555299723,7.484911925987215,2.9859334162716133,-0.03344603912288196,0.0,0.0,NaClIWater/data/S0_NaClIWater_matrix_BC_s_loss_split0.csv,0,0.22612398303234577,0.1305527424739552,0.09121738712373526,0.052664383010662855,3
NaClIWater,NaCl/NaI/water,"BC S-loss, fixed kappa_D",0.005,298.15,I,NaI,neutral ion-pair NaI: mu_Na + mu_I,0.065,0.0125,0.0125,7.911266625155632,kJ/mol,3.1913690034492275,0.08199450062431879,7.911266625155632,3.1579229643263456,-0.03344603912288196,0.0,0.0,NaClIWater/data/S0_NaClIWater_matrix_BC_s_loss_split0.csv,0,0.2244947730744954,0.12961211766622388,0.09056017123076289,0.05228493923793956,3
NaClIWater,NaCl/NaI/water,"BC S-loss, fixed kappa_D",0.005,298.15,I,NaI,neutral ion-pair NaI: mu_Na + mu_I,0.065,0.015,0.015,8.340616120467411,kJ/mol,3.3645666386581947,0.08644439457043518,8.340616120467411,3.331120599535313,-0.03344603912288196,0.0,0.0,NaClIWater/data/S0_NaClIWater_matrix_BC_s_loss_split0.csv,0,0.22982158885856518,0.13268755619308012,0.0927089845100815,0.0535255571631924,3
NaClIWater,NaCl/NaI/water,"BC S-loss, fixed kappa_D",0.005,298.15,I,NaI,neutral ion-pair NaI: mu_Na + mu_I,0.065,0.0175,0.0175,8.776558141217501,kJ/mol,3.5404236686689217,0.09096261522790883,8.776558141217501,3.5069776295460398,-0.03344603912288196,0.0,0.0,NaClIWater/data/S0_NaClIWater_matrix_BC_s_loss_split0.csv,0,0.24223943956006622,0.13985700563834833,0.09771828904953615,0.05641768048749936,3
NaClIWater,NaCl/NaI/water,"BC S-loss, fixed kappa_D",0.005,298.15,I,NaI,neutral ion-pair NaI: mu_Na + mu_I,0.065,0.02,0.02,9.22126830816985,kJ/mol,3.7198177290103707,0.0955717113170067,9.22126830816985,3.6863716898874888,-0.03344603912288196,0.0,0.0,NaClIWater/data/S0_NaClIWater_matrix_BC_s_loss_split0.csv,0,0.2582324676315046,0.1490905847005505,0.10416980389245546,0.06014246431873969,3
NaClIWater,NaCl/NaI/water,"BC S-loss, fixed kappa_D",0.005,298.15,I,NaI,neutral ion-pair NaI: mu_Na + mu_I,0.065,0.0225,0.0225,9.675686698204753,kJ/mol,3.903128042423826,0.1002814260480136,9.675686698204753,3.869682003300944,-0.03344603912288196,0.0,0.0,NaClIWater/data/S0_NaClIWater_matrix_BC_s_loss_split0.csv,0,0.27293669676516713,0.15758007534909652,0.1101014231008854,0.06356708626545707,3
NaClIWater,NaCl/NaI/water,"BC S-loss, fixed kappa_D",0.005,298.15,I,NaI,neutral ion-pair NaI: mu_Na + mu_I,0.065,0.025,0.025,10.139719186137434,kJ/mol,4.090316639237507,0.10509078388213311,10.139719186137434,4.056870600114625,-0.03344603912288196,0.0,0.0,NaClIWater/data/S0_NaClIWater_matrix_BC_s_loss_split0.csv,0,0.28244525551718935,0.16306984430418192,0.11393713248934041,0.06578163411341474,3
NaClIWater,NaCl/NaI/water,"BC S-loss, fixed kappa_D",0.005,298.15,I,NaI,neutral ion-pair NaI: mu_Na + mu_I,0.065,0.0275,0.0275,10.612441913271146,kJ/mol,4.281010839051666,0.109990209698708,10.612441913271146,4.247564799928783,-0.03344603912288196,0.0,0.0,NaClIWater/data/S0_NaClIWater_matrix_BC_s_loss_split0.csv,0,0.2846698568077128,0.16435421845810522,0.11483452654012792,0.06629974481020608,3
NaClIWater,NaCl/NaI/water,"BC S-loss, fixed kappa_D",0.005,298.15,I,NaI,neutral ion-pair NaI: mu_Na + mu_I,0.065,0.03,0.03,11.092298366476115,kJ/mol,4.4745827515434025,0.11496357137593806,11.092298366476115,4.44113671242052,-0.03344603912288196,0.0,0.0,NaClIWater/data/S0_NaClIWater_matrix_BC_s_loss_split0.csv,0,0.2792886484878482,0.16124737638606593,0.11266377155905959,0.06504645883754157,3
NaClIWater,NaCl/NaI/water,"BC S-loss, fixed kappa_D",0.005,298.15,I,NaI,neutral ion-pair NaI: mu_Na + mu_I,0.065,0.0325,0.0325,11.577280121079259,kJ/mol,4.67022218732698,0.11999005305892753,11.577280121079259,4.636776148204097,-0.03344603912288196,0.0,0.0,NaClIWater/data/S0_NaClIWater_matrix_BC_s_loss_split0.csv,0,0.267373490966483,0.15436815698366893,0.10785725116395736,0.06227141299356386,3
NaClIWater,NaCl/NaI/water,"BC S-loss, fixed kappa_D",0.005,298.15,I,NaI,neutral ion-pair NaI: mu_Na + mu_I,0.065,0.034999999999999996,0.034999999999999996,12.065084234155556,kJ/mol,4.867000149692281,0.1250457864261989,12.065084234155556,4.833554110569398,-0.03344603912288196,0.0,0.0,NaClIWater/data/S0_NaClIWater_matrix_BC_s_loss_split0.csv,0,0.2509403987135789,0.1448805067478368,0.10122821643012865,0.05844413800552048,3
NaClIWater,NaCl/NaI/water,"BC S-loss, fixed kappa_D",0.005,298.15,I,NaI,neutral ion-pair NaI: mu_Na + mu_I,0.065,0.0375,0.0375,12.553242428333952,kJ/mol,5.0639209467650295,0.13010518958549255,12.553242428333952,5.030474907642147,-0.03344603912288196,0.0,0.0,NaClIWater/data/S0_NaClIWater_matrix_BC_s_loss_split0.csv,0,0.23247974345383995,0.13422224246420963,0.09378127199370169,0.054144642630509186,3
NaClIWater,NaCl/NaI/water,"BC S-loss, fixed kappa_D",0.005,298.15,I,NaI,neutral ion-pair NaI: mu_Na + mu_I,0.065,0.04,0.04,13.039219457224112,kJ/mol,5.259961871672917,0.13514198655957443,13.039219457224112,5.226515832550034,-0.03344603912288196,0.0,0.0,NaClIWater/data/S0_NaClIWater_matrix_BC_s_loss_split0.csv,0,0.2144651043313061,0.12382148571746077,0.08651424844008107,0.04994902462561897,3
NaClIWater,NaCl/NaI/water,"BC S-loss, fixed kappa_D",0.005,298.15,I,NaI,neutral ion-pair NaI: mu_Na + mu_I,0.065,0.0425,0.0425,13.52048025737856,kJ/mol,5.454100291341949,0.1401299032672796,13.52048025737856,5.420654252219067,-0.03344603912288196,0.0,0.0,NaClIWater/data/S0_NaClIWater_matrix_BC_s_loss_split0.csv,0,0.1988584751375716,0.11481099415131547,0.08021860514841912,0.046314233276456084,3
NaClIWater,NaCl/NaI/water,"BC S-loss, fixed kappa_D",0.005,298.15,I,NaI,neutral ion-pair NaI: mu_Na + mu_I,0.065,0.045,0.045,13.994527549466275,kJ/mol,5.645328814639003,0.14504305723221478,13.994527549466275,5.61188277551612,-0.03344603912288196,0.0,0.0,NaClIWater/data/S0_NaClIWater_matrix_BC_s_loss_split0.csv,0,0.18671550932642264,0.1078002495714882,0.07532018792450423,0.043486130773625724,3
NaClIWater,NaCl/NaI/water,"BC S-loss, fixed kappa_D",0.005,298.15,I,NaI,neutral ion-pair NaI: mu_Na + mu_I,0.065,0.0475,0.0475,14.458913349017827,kJ/mol,5.832659935754094,0.1498560768832249,14.458913349017827,5.799213896631212,-0.03344603912288196,0.0,0.0,NaClIWater/data/S0_NaClIWater_matrix_BC_s_loss_split0.csv,0,0.17807656177654343,0.10281255087805038,0.0718352757430028,0.04147411578753366,3
NaClIWater,NaCl/NaI/water,"BC S-loss, fixed kappa_D",0.005,298.15,I,NaI,neutral ion-pair NaI: mu_Na + mu_I,0.065,0.05,0.05,14.911229287368426,kJ/mol,6.015122129712797,0.1545440012380368,14.911229287368426,5.9816760905899145,-0.03344603912288196,0.0,0.0,NaClIWater/data/S0_NaClIWater_matrix_BC_s_loss_split0.csv,0,0.17223937281224402,0.09944244825820141,0.06948058024219578,0.04011463170628313,3
NaClIWater,NaCl/NaI/water,"BC S-loss, fixed kappa_D",0.005,298.15,I,NaI,neutral ion-pair NaI: mu_Na + mu_I,0.0675,0.0,0.0,5.974790184716468,kJ/mol,2.4102032077880726,0.06192433661294671,5.974790184716468,2.3767571686651907,-0.03344603912288196,0.0,0.0,NaClIWater/data/S0_NaClIWater_matrix_BC_s_loss_split0.csv,0,0.4063011812999633,0.23457809639559676,0.1639000500807923,0.09462773803433859,3
NaClIWater,NaCl/NaI/water,"BC S-loss, fixed kappa_D",0.005,298.15,I,NaI,neutral ion-pair NaI: mu_Na + mu_I,0.0675,0.0025,0.0025,6.494783391839845,kJ/mol,2.6199661044070512,0.06731368643090718,6.494783391839845,2.5865200652841693,-0.03344603912288196,0.0,0.0,NaClIWater/data/S0_NaClIWater_matrix_BC_s_loss_split0.csv,0,0.29530687534760314,0.17049550397548593,0.11912545147866846,0.06877711147854494,3
NaClIWater,NaCl/NaI/water,"BC S-loss, fixed kappa_D",0.005,298.15,I,NaI,neutral ion-pair NaI: mu_Na + mu_I,0.0675,0.005,0.005,6.976030308695995,kJ/mol,2.814098923616644,0.07230145924836506,6.976030308695995,2.780652884493762,-0.03344603912288196,0.0,0.0,NaClIWater/data/S0_NaClIWater_matrix_BC_s_loss_split0.csv,0,0.2561375313577442,0.14788107267895984,0.10332471612016107,0.05965455266591666,3
NaClIWater,NaCl/NaI/water,"BC S-loss, fixed kappa_D",0.005,298.15,I,NaI,neutral ion-pair NaI: mu_Na + mu_I,0.0675,0.0075,0.0075,7.431461187679491,kJ/mol,2.9978176704706567,0.07702166768785901,7.431461187679491,2.964371631347775,-0.03344603912288196,0.0,0.0,NaClIWater/data/S0_NaClIWater_matrix_BC_s_loss_split0.csv,0,0.24459113567051405,0.14121475802076758,0.0986669525730929,0.05696539162819522,3
NaClIWater,NaCl/NaI/water,"BC S-loss, fixed kappa_D",0.005,298.15,I,NaI,neutral ion-pair NaI: mu_Na + mu_I,0.0675,0.01,0.01,7.87195373211683,kJ/mol,3.1755103610567423,0.08158705119990373,7.87195373211683,3.1420643219338604,-0.03344603912288196,0.0,0.0,NaClIWater/data/S0_NaClIWater_matrix_BC_s_loss_split0.csv,0,0.23853568198957864,0.1377186402080142,0.0962242100775091,0.05555507359080898,3
NaClIWater,NaCl/NaI/water,"BC S-loss, fixed kappa_D",0.005,298.15,I,NaI,neutral ion-pair NaI: mu_Na + mu_I,0.0675,0.0125,0.0125,8.306303922442414,kJ/mol,3.350725253908375,0.08608877369761103,8.306303922442414,3.317279214785493,-0.03344603912288196,0.0,0.0,NaClIWater/data/S0_NaClIWater_matrix_BC_s_loss_split0.csv,0,0.23571296487263593,0.13608894372070116,0.09508553882051086,0.054897661434062564,3
NaClIWater,NaCl/NaI/water,"BC S-loss, fixed kappa_D",0.005,298.15,I,NaI,neutral ion-pair NaI: mu_Na + mu_I,0.0675,0.015,0.015,8.741271490858367,kJ/mol,3.526189194275957,0.09059689486832667,8.741271490858367,3.492743155153075,-0.03344603912288196,0.0,0.0,NaClIWater/data/S0_NaClIWater_matrix_BC_s_loss_split0.csv,0,0.2394745069569782,0.13826067105566428,0.09660292780282216,0.05577372637146536,3
NaClIWater,NaCl/NaI/water,"BC S-loss, fixed kappa_D",0.005,298.15,I,NaI,neutral ion-pair NaI: mu_Na + mu_I,0.0675,0.0175,0.0175,9.181689758840292,kJ/mol,3.703851922077482,0.09516150855915839,9.181689758840292,3.6704058829546002,-0.03344603912288196,0.0,0.0,NaClIWater/data/S0_NaClIWater_matrix_BC_s_loss_split0.csv,0,0.25042714429216506,0.14458417916947075,0.10102117192903995,0.05832460080708268,3
NaClIWater,NaCl/NaI/water,"BC S-loss, fixed kappa_D",0.005,298.15,I,NaI,neutral ion-pair NaI: mu_Na + mu_I,0.0675,0.02,0.02,9.630627723711436,kJ/mol,3.884951456885938,0.0998144226859381,9.630627723711436,3.851505417763056,-0.03344603912288196,0.0,0.0,NaClIWater/data/S0_NaClIWater_matrix_BC_s_loss_split0.csv,0,0.2650413249831509,0.15302168032539729,0.10691646600492398,0.061728250428746335,3
NaClIWater,NaCl/NaI/water,"BC S-loss, fixed kappa_D",0.005,298.15,I,NaI,neutral ion-pair NaI: mu_Na + mu_I,0.0675,0.0225,0.0225,10.089591115587943,kJ/mol,4.0700952033873135,0.10457124304161881,10.089591115587943,4.036649164264431,-0.03344603912288196,0.0,0.0,NaClIWater/data/S0_NaClIWater_matrix_BC_s_loss_split0.csv,0,0.2782886173501753,0.16067000813953247,0.1122603635428126,0.06481355111076811,3
NaClIWater,NaCl/NaI/water,"BC S-loss, fixed kappa_D",0.005,298.15,I,NaI,neutral ion-pair NaI: mu_Na + mu_I,0.0675,0.025,0.025,10.558748725069234,kJ/mol,4.259351250942338,0.10943371901748833,10.558748725069234,4.225905211819455,-0.03344603912288196,0.0,0.0,NaClIWater/data/S0_NaClIWater_matrix_BC_s_loss_split0.csv,0,0.28615732222829243,0.16521300701908712,0.11543456333093056,0.06664617621289967,3
NaClIWater,NaCl/NaI/water,"BC S-loss, fixed kappa_D",0.005,298.15,I,NaI,neutral ion-pair NaI: mu_Na + mu_I,0.0675,0.0275,0.0275,11.03717055099151,kJ/mol,4.45234444130797,0.11439221183070458,11.03717055099151,4.4188984021850874,-0.03344603912288196,0.0,0.0,NaClIWater/data/S0_NaClIWater_matrix_BC_s_loss_split0.csv,0,0.2865780208358496,0.16545589747340797,0.1156042712373339,0.06674415711834523,3
NaClIWater,NaCl/NaI/water,"BC S-loss, fixed kappa_D",0.005,298.15,I,NaI,neutral ion-pair NaI: mu_Na + mu_I,0.0675,0.03,0.03,11.523065213629156,kJ/mol,4.64835214004391,0.11942815513873484,11.523065213629156,4.6149061009210275,-0.03344603912288196,0.0,0.0,NaClIWater/data/S0_NaClIWater_matrix_BC_s_loss_split0.csv,0,0.27935280722167416,0.1612844184483112,0.11268965290071241,0.06506140143711181,3
NaClIWater,NaCl/NaI/water,"BC S-loss, fixed kappa_D",0.005,298.15,I,NaI,neutral ion-pair NaI: mu_Na + mu_I,0.0675,0.0325,0.0325,12.014005538783513,kJ/mol,4.8463952361088305,0.1245163930536819,12.014005538783513,4.812949196985948,-0.03344603912288196,0.0,0.0,NaClIWater/data/S0_NaClIWater_matrix_BC_s_loss_split0.csv,0,0.2657340643970163,0.15342163361247071,0.10719591393628917,0.061889589767144516,3
NaClIWater,NaCl/NaI/water,"BC S-loss, fixed kappa_D",0.005,298.15,I,NaI,neutral ion-pair NaI: mu_Na + mu_I,0.0675,0.034999999999999996,0.034999999999999996,12.507133111807287,kJ/mol,5.045320658024219,0.1296273001953523,12.507133111807287,5.011874618901337,-0.03344603912288196,0.0,0.0,NaClIWater/data/S0_NaClIWater_matrix_BC_s_loss_split0.csv,0,0.2479110819314802,0.14313152988823147,0.10000620380710804,0.057738608688666405,3
NaClIWater,NaCl/NaI/water,"BC S-loss, fixed kappa_D",0.005,298.15,I,NaI,neutral ion-pair NaI: mu_Na + mu_I,0.0675,0.0375,0.0375,12.999334831697404,kJ/mol,5.243872594993076,0.13472861154548355,12.999334831697404,5.210426555870193,-0.03344603912288196,0.0,0.0,NaClIWater/data/S0_NaClIWater_matrix_BC_s_loss_split0.csv,0,0.22845934288938646,0.1319010631160723,0.09215946067690796,0.05320828943018354,3
NaClIWater,NaCl/NaI/water,"BC S-loss, fixed kappa_D",0.005,298.15,I,NaI,neutral ion-pair NaI: mu_Na + mu_I,0.0675,0.04,0.04,13.487386889864075,kJ/mol,5.440750577281035,0.13978691468253146,13.487386889864075,5.407304538158153,-0.03344603912288196,0.0,0.0,NaClIWater/data/S0_NaClIWater_matrix_BC_s_loss_split0.csv,0,0.20975953093137342,0.12110472164831808,0.08461604151525658,0.048853094346593934,3
NaClIWater,NaCl/NaI/water,"BC S-loss, fixed kappa_D",0.005,298.15,I,NaI,neutral ion-pair NaI: mu_Na + mu_I,0.0675,0.0425,0.0425,13.9680640578098,kJ/mol,5.634653562369414,0.14476878246864544,13.9680640578098,5.601207523246532,-0.03344603912288196,0.0,0.0,NaClIWater/data/S0_NaClIWater_matrix_BC_s_loss_split0.csv,0,0.19344977639447464,0.11168828047602285,0.07803676065554967,0.045054544771168,3
NaClIWater,NaCl/NaI/water,"BC S-loss, fixed kappa_D",0.005,298.15,I,NaI,neutral ion-pair NaI: mu_Na + mu_I,0.0675,0.045,0.045,14.438214504658182,kJ/mol,5.824310116006325,0.14964154847871214,14.438214504658182,5.790864076883443,-0.03344603912288196,0.0,0.0,NaClIWater/data/S0_NaClIWater_matrix_BC_s_loss_split0.csv,0,0.18009841388927314,0.10397986773959648,0.07265088169687227,0.04194500610455286,3
NaClIWater,NaCl/NaI/water,"BC S-loss, fixed kappa_D",0.005,298.15,I,NaI,neutral ion-pair NaI: mu_Na + mu_I,0.0675,0.0475,0.0475,14.89480251026294,kJ/mol,6.008495642480736,0.15437374969053508,14.89480251026294,5.975049603357854,-0.03344603912288196,0.0,0.0,NaClIWater/data/S0_NaClIWater_matrix_BC_s_loss_split0.csv,0,0.1693251038827502,0.09775989430726718,0.06830497740007582,0.03943589708892508,3
NaClIWater,NaCl/NaI/water,"BC S-loss, fixed kappa_D",0.005,298.15,I,NaI,neutral ion-pair NaI: mu_Na + mu_I,0.07,0.0,0.0,6.278498903420315,kJ/mol,2.532717924694061,0.06507205567049823,6.278498903420315,2.4992718855711793,-0.03344603912288196,0.0,0.0,NaClIWater/data/S0_NaClIWater_matrix_BC_s_loss_split0.csv,0,0.3813349176930147,0.22016381738146584,0.15382877280215648,0.08881308338643483,3
NaClIWater,NaCl/NaI/water,"BC S-loss, fixed kappa_D",0.005,298.15,I,NaI,neutral ion-pair NaI: mu_Na + mu_I,0.07,0.0025,0.0025,6.835898522778704,kJ/mol,2.757570398013372,0.07084909563172914,6.835898522778704,2.72412435889049,-0.03344603912288196,0.0,0.0,NaClIWater/data/S0_NaClIWater_matrix_BC_s_loss_split0.csv,0,0.2884149417790325,0.16651644427443466,0.11634527679783657,0.06717197687817247,3
NaClIWater,NaCl/NaI/water,"BC S-loss, fixed kappa_D",0.005,298.15,I,NaI,neutral ion-pair NaI: mu_Na + mu_I,0.07,0.005,0.005,7.343494557673714,kJ/mol,2.962332331694984,0.07610995781374186,7.343494557673714,2.928886292572102,-0.03344603912288196,0.0,0.0,NaClIWater/data/S0_NaClIWater_matrix_BC_s_loss_split0.csv,0,0.2614246367659547,0.15093358440962407,0.10545751041432366,0.060885922025777535,3
NaClIWater,NaCl/NaI/water,"BC S-loss, fixed kappa_D",0.005,298.15,I,NaI,neutral ion-pair NaI: mu_Na + mu_I,0.07,0.0075,0.0075,7.816822842812734,kJ/mol,3.153270810856496,0.08101565979677616,7.816822842812734,3.1198247717336143,-0.03344603912288196,0.0,0.0,NaClIWater/data/S0_NaClIWater_matrix_BC_s_loss_split0.csv,0,0.2544939964243544,0.14693217734274466,0.10266172159715674,0.059271772599588865,3
NaClIWater,NaCl/NaI/water,"BC S-loss, fixed kappa_D",0.005,298.15,I,NaI,neutral ion-pair NaI: mu_Na + mu_I,0.07,0.01,0.01,8.269083319993337,kJ/mol,3.3357106320312675,0.08570300933706676,8.269083319993337,3.3022645929083856,-0.03344603912288196,0.0,0.0,NaClIWater/data/S0_NaClIWater_matrix_BC_s_loss_split0.csv,0,0.24934432538918425,0.14395901338435116,0.10058436770450131,0.058072411770462136,3
NaClIWater,NaCl/NaI/water,"BC S-loss, fixed kappa_D",0.005,298.15,I,NaI,neutral ion-pair NaI: mu_Na + mu_I,0.07,0.0125,0.0125,8.711069235971586,kJ/mol,3.514005741910256,0.09028387055445819,8.711069235971586,3.480559702787374,-0.03344603912288196,0.0,0.0,NaClIWater/data/S0_NaClIWater_matrix_BC_s_loss_split0.csv,0,0.24626192399105362,0.14217938810738998,0.09934094098861904,0.05735451902132993,3
NaClIWater,NaCl/NaI/water,"BC S-loss, fixed kappa_D",0.005,298.15,I,NaI,neutral ion-pair NaI: mu_Na + mu_I,0.07,0.015,0.015,9.151185544837155,kJ/mol,3.691546660776511,0.09484535465958288,9.151185544837155,3.658100621653629,-0.03344603912288196,0.0,0.0,NaClIWater/data/S0_NaClIWater_matrix_BC_s_loss_split0.csv,0,0.24934872867348487,0.14396155562172747,0.10058614396937694,0.05807343729746623,3
NaClIWater,NaCl/NaI/water,"BC S-loss, fixed kappa_D",0.005,298.15,I,NaI,neutral ion-pair NaI: mu_Na + mu_I,0.07,0.0175,0.0175,9.595546227195193,kJ/mol,3.870799740620864,0.09945082859610466,9.595546227195193,3.837353701497982,-0.03344603912288196,0.0,0.0,NaClIWater/data/S0_NaClIWater_matrix_BC_s_loss_split0.csv,0,0.25918776027535806,0.1496421231656342,0.1045551646036115,0.06036495242906074,3
NaClIWater,NaCl/NaI/water,"BC S-loss, fixed kappa_D",0.005,298.15,I,NaI,neutral ion-pair NaI: mu_Na + mu_I,0.07,0.02,0.02,10.048137833169841,kJ/mol,4.0533731376463225,0.10414161004450763,10.048137833169841,4.01992709852344,-0.03344603912288196,0.0,0.0,NaClIWater/data/S0_NaClIWater_matrix_BC_s_loss_split0.csv,0,0.2721419590138761,0.1571212332944535,0.10978082950373935,0.06338199146584433,3
NaClIWater,NaCl/NaI/water,"BC S-loss, fixed kappa_D",0.005,298.15,I,NaI,neutral ion-pair NaI: mu_Na + mu_I,0.07,0.0225,0.0225,10.511034930599957,kJ/mol,4.2401037230911065,0.1089392003852936,10.511034930599957,4.206657683968224,-0.03344603912288196,0.0,0.0,NaClIWater/data/S0_NaClIWater_matrix_BC_s_loss_split0.csv,0,0.28321627413935335,0.1635149921132385,0.11424815789758956,0.06596120471659221,3
NaClIWater,NaCl/NaI/water,"BC S-loss, fixed kappa_D",0.005,298.15,I,NaI,neutral ion-pair NaI: mu_Na + mu_I,0.07,0.025,0.025,10.984652246187908,kJ/mol,4.4311587958222045,0.11384789795783945,10.984652246187908,4.397712756699322,-0.03344603912288196,0.0,0.0,NaClIWater/data/S0_NaClIWater_matrix_BC_s_loss_split0.csv,0,0.28855918516431633,0.16659972323175712,0.11640346392393876,0.06720557123109094,3
NaClIWater,NaCl/NaI/water,"BC S-loss, fixed kappa_D",0.005,298.15,I,NaI,neutral ion-pair NaI: mu_Na + mu_I,0.07,0.0275,0.0275,11.468018208691747,kJ/mol,4.626146428415969,0.11885763313580355,11.468018208691747,4.592700389293086,-0.03344603912288196,0.0,0.0,NaClIWater/data/S0_NaClIWater_matrix_BC_s_loss_split0.csv,0,0.28634148483223243,0.16531933334804655,0.11550885368842399,0.0666890677707967,3
NaClIWater,NaCl/NaI/water,"BC S-loss, fixed kappa_D",0.005,298.15,I,NaI,neutral ion-pair NaI: mu_Na + mu_I,0.07,0.03,0.03,11.9590552273498,kJ/mol,4.824228530200852,0.1239468732082969,11.9590552273498,4.7907824910779695,-0.03344603912288196,0.0,0.0,NaClIWater/data/S0_NaClIWater_matrix_BC_s_loss_split0.csv,0,0.2766442378181946,0.1597206251740935,0.11159702831257502,0.06443057433702748,3
NaClIWater,NaCl/NaI/water,"BC S-loss, fixed kappa_D",0.005,298.15,I,NaI,neutral ion-pair NaI: mu_Na + mu_I,0.07,0.0325,0.0325,12.454853342295918,kJ/mol,5.024231236591306,0.12908545856657838,12.454853342295918,4.990785197468424,-0.03344603912288196,0.0,0.0,NaClIWater/data/S0_NaClIWater_matrix_BC_s_loss_split0.csv,0,0.26098689926492724,0.1506808565455715,0.10528092909572849,0.06078397275395275,3
NaClIWater,NaCl/NaI/water,"BC S-loss, fixed kappa_D",0.005,298.15,I,NaI,neutral ion-pair NaI: mu_Na + mu_I,0.07,0.034999999999999996,0.034999999999999996,12.951925725920324,kJ/mol,5.224747977175604,0.1342372507890559,12.951925725920324,5.191301938052722,-0.03344603912288196,0.0,0.0,NaClIWater/data/S0_NaClIWater_matrix_BC_s_loss_split0.csv,0,0.24174066920084236,0.13956904043718663,0.09751708735331158,0.05630151663402269,3
NaClIWater,NaCl/NaI/water,"BC S-loss, fixed kappa_D",0.005,298.15,I,NaI,neutral ion-pair NaI: mu_Na + mu_I,0.07,0.0375,0.0375,13.44643678435317,kJ/mol,5.424231490817696,0.13936249674657122,13.44643678435317,5.390785451694813,-0.03344603912288196,0.0,0.0,NaClIWater/data/S0_NaClIWater_matrix_BC_s_loss_split0.csv,0,0.22148049620635088,0.12787182410498857,0.08934422564068221,0.051582912724186546,3
NaClIWater,NaCl/NaI/water,"BC S-loss, fixed kappa_D",0.005,298.15,I,NaI,neutral ion-pair NaI: mu_Na + mu_I,0.07,0.04,0.04,13.934396153147992,kJ/mol,5.621072082634282,0.14441983922597504,13.934396153147992,5.5876260435114,-0.03344603912288196,0.0,0.0,NaClIWater/data/S0_NaClIWater_matrix_BC_s_loss_split0.csv,0,0.20231612532140808,0.11680726941571702,0.08161340551911811,0.047119521645944934,3
NaClIWater,NaCl/NaI/water,"BC S-loss, fixed kappa_D",0.005,298.15,I,NaI,neutral ion-pair NaI: mu_Na + mu_I,0.07,0.0425,0.0425,14.411814548754649,kJ/mol,5.813660493770732,0.14936793221681913,14.411814548754649,5.78021445464785,-0.03344603912288196,0.0,0.0,NaClIWater/data/S0_NaClIWater_matrix_BC_s_loss_split0.csv,0,0.1853598750671595,0.10701757376697994,0.07477333122506379,0.04317040291099563,3
NaClIWater,NaCl/NaI/water,"BC S-loss, fixed kappa_D",0.005,298.15,I,NaI,neutral ion-pair NaI: mu_Na + mu_I,0.07,0.045,0.045,14.874820088123277,kJ/mol,6.000434824200692,0.15416664647909784,14.874820088123277,5.96698878507781,-0.03344603912288196,0.0,0.0,NaClIWater/data/S0_NaClIWater_matrix_BC_s_loss_split0.csv,0,0.17063093711599642,0.09851381747599865,0.0688317445919442,0.039740026268950554,3
NaClIWater,NaCl/NaI/water,"BC S-loss, fixed kappa_D",0.005,298.15,I,NaI,neutral ion-pair NaI: mu_Na + mu_I,0.07250000000000001,0.0,0.0,6.5917182353324115,kJ/mol,2.65906917974681,0.06831834528793479,6.5917182353324115,2.625623140623928,-0.03344603912288196,0.0,0.0,NaClIWater/data/S0_NaClIWater_matrix_BC_s_loss_split0.csv,0,0.35304150761955994,0.20382860945926426,0.14241533975931225,0.08222353474677095,3
NaClIWater,NaCl/NaI/water,"BC S-loss, fixed kappa_D",0.005,298.15,I,NaI,neutral ion-pair NaI: mu_Na + mu_I,0.07250000000000001,0.0025,0.0025,7.187026203654207,kJ/mol,2.8992137087616108,0.07448827760003951,7.187026203654207,2.865767669638729,-0.03344603912288196,0.0,0.0,NaClIWater/data/S0_NaClIWater_matrix_BC_s_loss_split0.csv,0,0.2799215796997867,0.16161279939165715,0.11291909313356863,0.06519386881731427,3
NaClIWater,NaCl/NaI/water,"BC S-loss, fixed kappa_D",0.005,298.15,I,NaI,neutral ion-pair NaI: mu_Na + mu_I,0.07250000000000001,0.005,0.005,7.721116858220936,kJ/mol,3.114663451612698,0.08002373716476541,7.721116858220936,3.081217412489816,-0.03344603912288196,0.0,0.0,NaClIWater/data/S0_NaClIWater_matrix_BC_s_loss_split0.csv,0,0.2644507976972476,0.15268073923791717,0.10667824998147081,0.061590716343480366,3
NaClIWater,NaCl/NaI/water,"BC S-loss, fixed kappa_D",0.005,298.15,I,NaI,neutral ion-pair NaI: mu_Na + mu_I,0.07250000000000001,0.0075,0.0075,8.212215330913798,kJ/mol,3.312770343675943,0.08511361416344698,8.212215330913798,3.279324304553061,-0.03344603912288196,0.0,0.0,NaClIWater/data/S0_NaClIWater_matrix_BC_s_loss_split0.csv,0,0.2618251702884333,0.15116483254664656,0.10561908381704728,0.060979206473333894,3
NaClIWater,NaCl/NaI/water,"BC S-loss, fixed kappa_D",0.005,298.15,I,NaI,neutral ion-pair NaI: mu_Na + mu_I,0.07250000000000001,0.01,0.01,8.675917271448295,kJ/mol,3.499825599171385,0.08991954611519759,8.675917271448295,3.466379560048503,-0.03344603912288196,0.0,0.0,NaClIWater/data/S0_NaClIWater_matrix_BC_s_loss_split0.csv,0,0.2582808811473702,0.14911853625696792,0.10418933368473815,0.06015373984957132,3
NaClIWater,NaCl/NaI/water,"BC S-loss, fixed kappa_D",0.005,298.15,I,NaI,neutral ion-pair NaI: mu_Na + mu_I,0.07250000000000001,0.0125,0.0125,9.125073343444443,kJ/mol,3.681013117402869,0.09457472076303475,9.125073343444443,3.647567078279987,-0.03344603912288196,0.0,0.0,NaClIWater/data/S0_NaClIWater_matrix_BC_s_loss_split0.csv,0,0.2560800463704789,0.14784788370608784,0.10330152693754148,0.05964116438508896,3
NaClIWater,NaCl/NaI/water,"BC S-loss, fixed kappa_D",0.005,298.15,I,NaI,neutral ion-pair NaI: mu_Na + mu_I,0.07250000000000001,0.015,0.015,9.569778125396308,kJ/mol,3.8604050054595946,0.0991837610405355,9.569778125396308,3.8269589663367127,-0.03344603912288196,0.0,0.0,NaClIWater/data/S0_NaClIWater_matrix_BC_s_loss_split0.csv,0,0.25939018817346726,0.14975899496709902,0.10463682309776562,0.060412097982642236,3
NaClIWater,NaCl/NaI/water,"BC S-loss, fixed kappa_D",0.005,298.15,I,NaI,neutral ion-pair NaI: mu_Na + mu_I,0.07250000000000001,0.0175,0.0175,10.017453217613832,kJ/mol,4.0409951031787665,0.10382358641459179,10.017453217613832,4.007549064055884,-0.03344603912288196,0.0,0.0,NaClIWater/data/S0_NaClIWater_matrix_BC_s_loss_split0.csv,0,0.26835744437156045,0.15493624274696047,0.1082541734959414,0.06250057620878222,3
NaClIWater,NaCl/NaI/water,"BC S-loss, fixed kappa_D",0.005,298.15,I,NaI,neutral ion-pair NaI: mu_Na + mu_I,0.07250000000000001,0.02,0.02,10.473011374651598,kJ/mol,4.22476519342145,0.10854511399816147,10.473011374651598,4.191319154298568,-0.03344603912288196,0.0,0.0,NaClIWater/data/S0_NaClIWater_matrix_BC_s_loss_split0.csv,0,0.2792438997129602,0.16122154066883845,0.11264572010663279,0.06503603682662369,3
NaClIWater,NaCl/NaI/water,"BC S-loss, fixed kappa_D",0.005,298.15,I,NaI,neutral ion-pair NaI: mu_Na + mu_I,0.07250000000000001,0.0225,0.0225,10.939086314930018,kJ/mol,4.412777706229377,0.11337564035915193,10.939086314930018,4.379331667106495,-0.03344603912288196,0.0,0.0,NaClIWater/data/S0_NaClIWater_matrix_BC_s_loss_split0.csv,0,0.28734788063137184,0.165900376233591,0.11591482918018194,0.06692345783024753,3
NaClIWater,NaCl/NaI/water,"BC S-loss, fixed kappa_D",0.005,298.15,I,NaI,neutral ion-pair NaI: mu_Na + mu_I,0.07250000000000001,0.025,0.025,11.416311509110214,kJ/mol,4.605288180788406,0.11832173095831423,11.416311509110214,4.571842141665524,-0.03344603912288196,0.0,0.0,NaClIWater/data/S0_NaClIWater_matrix_BC_s_loss_split0.csv,0,0.28927371710828,0.1670122584419491,0.11669170286290809,0.06737198606009581,3
NaClIWater,NaCl/NaI/water,"BC S-loss, fixed kappa_D",0.005,298.15,I,NaI,neutral ion-pair NaI: mu_Na + mu_I,0.07250000000000001,0.0275,0.0275,11.903630765857763,kJ/mol,4.801870554314143,0.12337243914384999,11.903630765857763,4.768424515191261,-0.03344603912288196,0.0,0.0,NaClIWater/data/S0_NaClIWater_matrix_BC_s_loss_split0.csv,0,0.28366718133104796,0.16377532350174293,0.11443005180954906,0.06606622121562597,3
NaClIWater,NaCl/NaI/water,"BC S-loss, fixed kappa_D",0.005,298.15,I,NaI,neutral ion-pair NaI: mu_Na + mu_I,0.07250000000000001,0.03,0.03,12.398623776415247,kJ/mol,5.001548485253059,0.12850268018314637,12.398623776415247,4.968102446130176,-0.03344603912288196,0.0,0.0,NaClIWater/data/S0_NaClIWater_matrix_BC_s_loss_split0.csv,0,0.27104229490032394,0.15648634192247596,0.10933722999781019,0.06312587917168375,3
NaClIWater,NaCl/NaI/water,"BC S-loss, fixed kappa_D",0.005,298.15,I,NaI,neutral ion-pair NaI: mu_Na + mu_I,0.07250000000000001,0.0325,0.0325,12.897830885188748,kJ/mol,5.202926364261139,0.13367659727271075,12.897830885188748,5.169480325138257,-0.03344603912288196,0.0,0.0,NaClIWater/data/S0_NaClIWater_matrix_BC_s_loss_split0.csv,0,0.25325155994546844,0.14621485630720885,0.10216052836788707,0.058982408553754,3
NaClIWater,NaCl/NaI/water,"BC S-loss, fixed kappa_D",0.005,298.15,I,NaI,neutral ion-pair NaI: mu_Na + mu_I,0.07250000000000001,0.034999999999999996,0.034999999999999996,13.397063117397668,kJ/mol,5.404314377948893,0.13885077474833452,13.397063117397668,5.370868338826011,-0.03344603912288196,0.0,0.0,NaClIWater/data/S0_NaClIWater_matrix_BC_s_loss_split0.csv,0,0.2328091081798015,0.1344124012774051,0.09391413622734032,0.05422135183156612,3
NaClIWater,NaCl/NaI/water,"BC S-loss, fixed kappa_D",0.005,298.15,I,NaI,neutral ion-pair NaI: mu_Na + mu_I,0.07250000000000001,0.0375,0.0375,13.891685783981352,kJ/mol,5.603842913811824,0.14397717744282093,13.891685783981352,5.570396874688941,-0.03344603912288196,0.0,0.0,NaClIWater/data/S0_NaClIWater_matrix_BC_s_loss_split0.csv,0,0.2121329842211386,0.12247503554407302,0.08557348178607331,0.049405872744682965,3
NaClIWater,NaCl/NaI/water,"BC S-loss, fixed kappa_D",0.005,298.15,I,NaI,neutral ion-pair NaI: mu_Na + mu_I,0.07250000000000001,0.04,0.04,14.376866655856146,kJ/mol,5.799562672597887,0.14900572283090696,14.376866655856146,5.766116633475004,-0.03344603912288196,0.0,0.0,NaClIWater/data/S0_NaClIWater_matrix_BC_s_loss_split0.csv,0,0.1928345737692684,0.11133309307475386,0.0777885907123601,0.044911263787662734,3
NaClIWater,NaCl/NaI/water,"BC S-loss, fixed kappa_D",0.005,298.15,I,NaI,neutral ion-pair NaI: mu_Na + mu_I,0.07500000000000001,0.0,0.0,6.9149245326920035,kJ/mol,2.789449131274825,0.07166814250831521,6.9149245326920035,2.756003092151943,-0.03344603912288196,0.0,0.0,NaClIWater/data/S0_NaClIWater_matrix_BC_s_loss_split0.csv,0,0.32193515655107985,0.18586934929637028,0.1298671791026231,0.0749788508137968,3
NaClIWater,NaCl/NaI/water,"BC S-loss, fixed kappa_D",0.005,298.15,I,NaI,neutral ion-pair NaI: mu_Na + mu_I,0.07500000000000001,0.0025,0.0025,7.548258468636671,kJ/mol,3.044933162817821,0.07823218620279704,7.548258468636671,3.011487123694939,-0.03344603912288196,0.0,0.0,NaClIWater/data/S0_NaClIWater_matrix_BC_s_loss_split0.csv,0,0.26949930611199324,0.15559549693017666,0.10871479533278532,0.06276651635027868,3
NaClIWater,NaCl/NaI/water,"BC S-loss, fixed kappa_D",0.005,298.15,I,NaI,neutral ion-pair NaI: mu_Na + mu_I,0.07500000000000001,0.005,0.005,8.108712037528075,kJ/mol,3.271017585499927,0.0840408781205042,8.108712037528075,3.237571546377045,-0.03344603912288196,0.0,0.0,NaClIWater/data/S0_NaClIWater_matrix_BC_s_loss_split0.csv,0,0.26480340079000286,0.15288431472843653,0.10682048846666606,0.06167283777119697,3
NaClIWater,NaCl/NaI/water,"BC S-loss, fixed kappa_D",0.005,298.15,I,NaI,neutral ion-pair NaI: mu_Na + mu_I,0.07500000000000001,0.0075,0.0075,8.617255894867796,kJ/mol,3.47616186644831,0.08931156378992,8.617255894867796,3.442715827325428,-0.03344603912288196,0.0,0.0,NaClIWater/data/S0_NaClIWater_matrix_BC_s_loss_split0.csv,0,0.2666089489456924,0.15392674844215873,0.10754883838726935,0.06209335079392152,3
NaClIWater,NaCl/NaI/water,"BC S-loss, fixed kappa_D",0.005,298.15,I,NaI,neutral ion-pair NaI: mu_Na + mu_I,0.07500000000000001,0.01,0.01,9.091928995883652,kJ/mol,3.6676428382229562,0.09423120380733963,9.091928995883652,3.6341967991000743,-0.03344603912288196,0.0,0.0,NaClIWater/data/S0_NaClIWater_matrix_BC_s_loss_split0.csv,0,0.26568893980113606,0.1533955809148922,0.10717771087938167,0.061879080227338894,3
NaClIWater,NaCl/NaI/water,"BC S-loss, fixed kappa_D",0.005,298.15,I,NaI,neutral ion-pair NaI: mu_Na + mu_I,0.07500000000000001,0.0125,0.0125,9.54767580864354,kJ/mol,3.8514890313265884,0.09895468666968554,9.54767580864354,3.8180429922037065,-0.03344603912288196,0.0,0.0,NaClIWater/data/S0_NaClIWater_matrix_BC_s_loss_split0.csv,0,0.2655326536220424,0.15330534904732185,0.1071146657449856,0.061842681102024226,3
NaClIWater,NaCl/NaI/water,"BC S-loss, fixed kappa_D",0.005,298.15,I,NaI,neutral ion-pair NaI: mu_Na + mu_I,0.07500000000000001,0.015,0.015,9.996303682792455,kJ/mol,4.032463476946919,0.10360438693260221,9.996303682792455,3.9990174378240373,-0.03344603912288196,0.0,0.0,NaClIWater/data/S0_NaClIWater_matrix_BC_s_loss_split0.csv,0,0.269747254818624,0.15573865018269514,0.1088148167142254,0.06282426372177782,3
NaClIWater,NaCl/NaI/water,"BC S-loss, fixed kappa_D",0.005,298.15,I,NaI,neutral ion-pair NaI: mu_Na + mu_I,0.07500000000000001,0.0175,0.0175,10.44655033619321,kJ/mol,4.214090930760822,0.10827086466019865,10.44655033619321,4.1806448916379395,-0.03344603912288196,0.0,0.0,NaClIWater/data/S0_NaClIWater_matrix_BC_s_loss_split0.csv,0,0.277814806833482,0.1603964535101747,0.11206923053363385,0.06470320041646774,3
NaClIWater,NaCl/NaI/water,"BC S-loss, fixed kappa_D",0.005,298.15,I,NaI,neutral ion-pair NaI: mu_Na + mu_I,0.07500000000000001,0.02,0.02,10.90424788358741,kJ/mol,4.398724041350726,0.11301456546232204,10.90424788358741,4.365278002227844,-0.03344603912288196,0.0,0.0,NaClIWater/data/S0_NaClIWater_matrix_BC_s_loss_split0.csv,0,0.2860429024546989,0.16514694673200228,0.11538840691424913,0.06661952779330381,3
NaClIWater,NaCl/NaI/water,"BC S-loss, fixed kappa_D",0.005,298.15,I,NaI,neutral ion-pair NaI: mu_Na + mu_I,0.07500000000000001,0.0225,0.0225,11.37256706120424,kJ/mol,4.587641869301922,0.11786835170426005,11.37256706120424,4.554195830179039,-0.03344603912288196,0.0,0.0,NaClIWater/data/S0_NaClIWater_matrix_BC_s_loss_split0.csv,0,0.2903234557588752,0.167618325334449,0.11711516266396987,0.06761647069022982,3
NaClIWater,NaCl/NaI/water,"BC S-loss, fixed kappa_D",0.005,298.15,I,NaI,neutral ion-pair NaI: mu_Na + mu_I,0.07500000000000001,0.025,0.025,11.852323471245754,kJ/mol,4.7811734248361715,0.1228406765071668,11.852323471245754,4.747727385713289,-0.03344603912288196,0.0,0.0,NaClIWater/data/S0_NaClIWater_matrix_BC_s_loss_split0.csv,0,0.2880074241013631,0.1662811638335327,0.11618088601864855,0.06707706581755597,3
NaClIWater,NaCl/NaI/water,"BC S-loss, fixed kappa_D",0.005,298.15,I,NaI,neutral ion-pair NaI: mu_Na + mu_I,0.07500000000000001,0.0275,0.0275,12.342326755649442,kJ/mol,4.9788385229207,0.1279192026790952,12.342326755649442,4.945392483797818,-0.03344603912288196,0.0,0.0,NaClIWater/data/S0_NaClIWater_matrix_BC_s_loss_split0.csv,0,0.27843581600852274,0.16075499332455373,0.11231974281263858,0.06484783374818642,3
NaClIWater,NaCl/NaI/water,"BC S-loss, fixed kappa_D",0.005,298.15,I,NaI,neutral ion-pair NaI: mu_Na + mu_I,0.07500000000000001,0.03,0.03,12.839753636061422,kJ/mol,5.179498265898078,0.13307466900187137,12.839753636061422,5.146052226775196,-0.03344603912288196,0.0,0.0,NaClIWater/data/S0_NaClIWater_matrix_BC_s_loss_split0.csv,0,0.26268652361031325,0.15166213511890134,0.10596654983263111,0.06117981607096547,3
NaClIWater,NaCl/NaI/water,"BC S-loss, fixed kappa_D",0.005,298.15,I,NaI,neutral ion-pair NaI: mu_Na + mu_I,0.07500000000000001,0.0325,0.0325,13.340526626189893,kJ/mol,5.38150781432853,0.13826481530804813,13.340526626189893,5.348061775205648,-0.03344603912288196,0.0,0.0,NaClIWater/data/S0_NaClIWater_matrix_BC_s_loss_split0.csv,0,0.2429671814403039,0.14027716760880413,0.09801185681676537,0.05658717191693455,3
NaClIWater,NaCl/NaI/water,"BC S-loss, fixed kappa_D",0.005,298.15,I,NaI,neutral ion-pair NaI: mu_Na + mu_I,0.07500000000000001,0.034999999999999996,0.034999999999999996,13.839681889947737,kJ/mol,5.5828647792929065,0.14343819506188993,13.839681889947737,5.549418740170024,-0.03344603912288196,0.0,0.0,NaClIWater/data/S0_NaClIWater_matrix_BC_s_loss_split0.csv,0,0.22182360356818837,0.1280699172327064,0.08948263359117897,0.05166282259166383,3
NaClIWater,NaCl/NaI/water,"BC S-loss, fixed kappa_D",0.005,298.15,I,NaI,neutral ion-pair NaI: mu_Na + mu_I,0.07500000000000001,0.0375,0.0375,14.331712008112724,kJ/mol,5.781347492905698,0.14853772788546848,14.331712008112724,5.7479014537828155,-0.03344603912288196,0.0,0.0,NaClIWater/data/S0_NaClIWater_matrix_BC_s_loss_split0.csv,0,0.20128947967244856,0.11621453527392789,0.08119926132996914,0.04688041538685646,3
NaClIWater,NaCl/NaI/water,"BC S-loss, fixed kappa_D",0.005,298.15,I,NaI,neutral ion-pair NaI: mu_Na + mu_I,0.07750000000000001,0.0,0.0,7.248445556380769,kJ/mol,2.9239899965282503,0.07512484433379996,7.248445556380769,2.8905439574053684,-0.03344603912288196,0.0,0.0,NaClIWater/data/S0_NaClIWater_matrix_BC_s_loss_split0.csv,0,0.2886021858613824,0.16662454969578355,0.11642081020971669,0.06721558611385427,3
NaClIWater,NaCl/NaI/water,"BC S-loss, fixed kappa_D",0.005,298.15,I,NaI,neutral ion-pair NaI: mu_Na + mu_I,0.07750000000000001,0.0025,0.0025,7.9195486632943775,kJ/mol,3.1947099399962697,0.08208033790089075,7.9195486632943775,3.161263900873388,-0.03344603912288196,0.0,0.0,NaClIWater/data/S0_NaClIWater_matrix_BC_s_loss_split0.csv,0,0.2571631567668012,0.1484732177849666,0.10373844874916952,0.05989342131064722,3
NaClIWater,NaCl/NaI/water,"BC S-loss, fixed kappa_D",0.005,298.15,I,NaI,neutral ion-pair NaI: mu_Na + mu_I,0.07750000000000001,0.005,0.005,8.50596276563722,kJ/mol,3.4312667238937706,0.0881580917877045,8.50596276563722,3.3978206847708887,-0.03344603912288196,0.0,0.0,NaClIWater/data/S0_NaClIWater_matrix_BC_s_loss_split0.csv,0,0.26277023797233867,0.15171046762835178,0.10600031982582847,0.0611993131856285,3
NaClIWater,NaCl/NaI/water,"BC S-loss, fixed kappa_D",0.005,298.15,I,NaI,neutral ion-pair NaI: mu_Na + mu_I,0.07750000000000001,0.0075,0.0075,9.031431574153016,kJ/mol,3.6432384532303126,0.09360419221502525,9.031431574153016,3.6097924141074307,-0.03344603912288196,0.0,0.0,NaClIWater/data/S0_NaClIWater_matrix_BC_s_loss_split0.csv,0,0.26962741157265424,0.15566945865237394,0.10876647249343477,0.06279635217289059,3
NaClIWater,NaCl/NaI/water,"BC S-loss, fixed kappa_D",0.005,298.15,I,NaI,neutral ion-pair NaI: mu_Na + mu_I,0.07750000000000001,0.01,0.01,9.516458138731643,kJ/mol,3.838895965154359,0.09863113832068393,9.516458138731643,3.805449926031477,-0.03344603912288196,0.0,0.0,NaClIWater/data/S0_NaClIWater_matrix_BC_s_loss_split0.csv,0,0.2725284131117294,0.1573443526718785,0.10993672333055382,0.06347199680872066,3
NaClIWater,NaCl/NaI/water,"BC S-loss, fixed kappa_D",0.005,298.15,I,NaI,neutral ion-pair NaI: mu_Na + mu_I,0.07750000000000001,0.0125,0.0125,9.978092741235008,kJ/mol,4.025117265883161,0.10341564382360957,9.978092741235008,3.9916712267602783,-0.03344603912288196,0.0,0.0,NaClIWater/data/S0_NaClIWater_matrix_BC_s_loss_split0.csv,0,0.2753611268330442,0.15897982070141675,0.1110794271723262,0.06413173717937197,3
NaClIWater,NaCl/NaI/water,"BC S-loss, fixed kappa_D",0.005,298.15,I,NaI,neutral ion-pair NaI: mu_Na + mu_I,0.07750000000000001,0.015,0.015,10.429857106505228,kJ/mol,4.207356957767889,0.10809785152628137,10.429857106505228,4.1739109186450065,-0.03344603912288196,0.0,0.0,NaClIWater/data/S0_NaClIWater_matrix_BC_s_loss_split0.csv,0,0.2807288044108019,0.1620788507958583,0.11324472391352,0.06538187183577562,3
NaClIWater,NaCl/NaI/water,"BC S-loss, fixed kappa_D",0.005,298.15,I,NaI,neutral ion-pair NaI: mu_Na + mu_I,0.07750000000000001,0.0175,0.0175,10.881795177891863,kJ/mol,4.389666721910563,0.11278185956598463,10.881795177891863,4.356220682787681,-0.03344603912288196,0.0,0.0,NaClIWater/data/S0_NaClIWater_matrix_BC_s_loss_split0.csv,0,0.28748388192945434,0.16597889661964907,0.11596969148576391,0.06695513259714365,3
NaClIWater,NaCl/NaI/water,"BC S-loss, fixed kappa_D",0.005,298.15,I,NaI,neutral ion-pair NaI: mu_Na + mu_I,0.07750000000000001,0.02,0.02,11.340636523157984,kJ/mol,4.5747612353639555,0.11753741499768468,11.340636523157984,4.541315196241073,-0.03344603912288196,0.0,0.0,NaClIWater/data/S0_NaClIWater_matrix_BC_s_loss_split0.csv,0,0.2922597510827625,0.16873624596092596,0.11789625539803703,0.06806743479050555,3
NaClIWater,NaCl/NaI/water,"BC S-loss, fixed kappa_D",0.005,298.15,I,NaI,neutral ion-pair NaI: mu_Na + mu_I,0.07750000000000001,0.0225,0.0225,11.810055091819033,kJ/mol,4.764122552666152,0.12240259562486246,11.810055091819033,4.73067651354327,-0.03344603912288196,0.0,0.0,NaClIWater/data/S0_NaClIWater_matrix_BC_s_loss_split0.csv,0,0.2918481372741337,0.16849860061771196,0.11773021225823525,0.0679715697390439,3
NaClIWater,NaCl/NaI/water,"BC S-loss, fixed kappa_D",0.005,298.15,I,NaI,neutral ion-pair NaI: mu_Na + mu_I,0.07750000000000001,0.025,0.025,12.291003684580044,kJ/mol,4.9581350292915145,0.1273872765309534,12.291003684580044,4.924688990168632,-0.03344603912288196,0.0,0.0,NaClIWater/data/S0_NaClIWater_matrix_BC_s_loss_split0.csv,0,0.28460195157713786,0.16431501335495338,0.1148071338787129,0.0662839296497643,3
NaClIWater,NaCl/NaI/water,"BC S-loss, fixed kappa_D",0.005,298.15,I,NaI,neutral ion-pair NaI: mu_Na + mu_I,0.07750000000000001,0.0275,0.0275,12.782103122532847,kJ/mol,5.156242310736233,0.1324771635338493,12.782103122532847,5.122796271613351,-0.03344603912288196,0.0,0.0,NaClIWater/data/S0_NaClIWater_matrix_BC_s_loss_split0.csv,0,0.2707392110841209,0.15631135639960414,0.10921496736373272,0.06305529080698728,3
NaClIWater,NaCl/NaI/water,"BC S-loss, fixed kappa_D",0.005,298.15,I,NaI,neutral ion-pair NaI: mu_Na + mu_I,0.07750000000000001,0.03,0.03,13.28006478360864,kJ/mol,5.357117781803057,0.13763817246763213,13.28006478360864,5.323671742680174,-0.03344603912288196,0.0,0.0,NaClIWater/data/S0_NaClIWater_matrix_BC_s_loss_split0.csv,0,0.2519860961166842,0.14548424042501054,0.10165004601031775,0.058687681427194806,3
NaClIWater,NaCl/NaI/water,"BC S-loss, fixed kappa_D",0.005,298.15,I,NaI,neutral ion-pair NaI: mu_Na + mu_I,0.07750000000000001,0.0325,0.0325,13.780125789301861,kJ/mol,5.558840118947976,0.142820939575131,13.780125789301861,5.525394079825094,-0.03344603912288196,0.0,0.0,NaClIWater/data/S0_NaClIWater_matrix_BC_s_loss_split0.csv,0,0.23085663943059978,0.13328514291946916,0.09312651920700184,0.05376662093285537,3
NaClIWater,NaCl/NaI/water,"BC S-loss, fixed kappa_D",0.005,298.15,I,NaI,neutral ion-pair NaI: mu_Na + mu_I,0.07750000000000001,0.034999999999999996,0.034999999999999996,14.276477664086714,kJ/mol,5.759066209540786,0.1479652642497058,14.276477664086714,5.725620170417904,-0.03344603912288196,0.0,0.0,NaClIWater/data/S0_NaClIWater_matrix_BC_s_loss_split0.csv,0,0.20973109009597407,0.1210883013243443,0.08460456861150771,0.048846470462526145,3
NaClIWater,NaCl/NaI/water,"BC S-loss, fixed kappa_D",0.005,298.15,I,NaI,neutral ion-pair NaI: mu_Na + mu_I,0.08,0.0,0.0,7.592474333783753,kJ/mol,3.0627696418769896,0.0786904513522586,7.592474333783753,3.0293236027541077,-0.03344603912288196,0.0,0.0,NaClIWater/data/S0_NaClIWater_matrix_BC_s_loss_split0.csv,0,0.2537846979620946,0.1465226636846232,0.10237559382092247,0.05910657665095738,3
NaClIWater,NaCl/NaI/water,"BC S-loss, fixed kappa_D",0.005,298.15,I,NaI,neutral ion-pair NaI: mu_Na + mu_I,0.08,0.0025,0.0025,8.300728350458186,kJ/mol,3.3484760935083977,0.08603098696607958,8.300728350458186,3.315030054385516,-0.03344603912288196,0.0,0.0,NaClIWater/data/S0_NaClIWater_matrix_BC_s_loss_split0.csv,0,0.24345346168893678,0.1405579216412539,0.09820802005913953,0.05670042681772438,3
NaClIWater,NaCl/NaI/water,"BC S-loss, fixed kappa_D",0.005,298.15,I,NaI,neutral ion-pair NaI: mu_Na + mu_I,0.08,0.005,0.005,8.912437572055513,kJ/mol,3.595236813558249,0.09237090628982969,8.912437572055513,3.561790774435367,-0.03344603912288196,0.0,0.0,NaClIWater/data/S0_NaClIWater_matrix_BC_s_loss_split0.csv,0,0.25943747730609706,0.14978629736055257,0.10465589931896056,0.06042311164408426,3
NaClIWater,NaCl/NaI/water,"BC S-loss, fixed kappa_D",0.005,298.15,I,NaI,neutral ion-pair NaI: mu_Na + mu_I,0.08,0.0075,0.0075,9.454116928392517,kJ/mol,3.8137478042162387,0.09798501720604236,9.454116928392517,3.780301765093357,-0.03344603912288196,0.0,0.0,NaClIWater/data/S0_NaClIWater_matrix_BC_s_loss_split0.csv,0,0.27241261912730486,0.15727749898380047,0.10989001256346825,0.06344502833476975,3
NaClIWater,NaCl/NaI/water,"BC S-loss, fixed kappa_D",0.005,298.15,I,NaI,neutral ion-pair NaI: mu_Na + mu_I,0.08,0.01,0.01,9.948727131190726,kJ/mol,4.0132713122447505,0.10311129072249514,9.948727131190726,3.9798252731218686,-0.03344603912288196,0.0,0.0,NaClIWater/data/S0_NaClIWater_matrix_BC_s_loss_split0.csv,0,0.2802741611082835,0.16181636236276403,0.11306132287143274,0.06527598519475689,3
NaClIWater,NaCl/NaI/water,"BC S-loss, fixed kappa_D",0.005,298.15,I,NaI,neutral ion-pair NaI: mu_Na + mu_I,0.08,0.0125,0.0125,10.415411770824413,kJ/mol,4.2015297750017835,0.10794813617201271,10.415411770824413,4.168083735878901,-0.03344603912288196,0.0,0.0,NaClIWater/data/S0_NaClIWater_matrix_BC_s_loss_split0.csv,0,0.2865576989357793,0.16544416461893194,0.11559607347519943,0.06673942413817015,3
NaClIWater,NaCl/NaI/water,"BC S-loss, fixed kappa_D",0.005,298.15,I,NaI,neutral ion-pair NaI: mu_Na + mu_I,0.08,0.015,0.015,10.869387195427825,kJ/mol,4.384661398173254,0.11265325988983932,10.869387195427825,4.3512153590503715,-0.03344603912288196,0.0,0.0,NaClIWater/data/S0_NaClIWater_matrix_BC_s_loss_split0.csv,0,0.2927372630463266,0.16901193762163094,0.11808888155406212,0.0681786475535396,3
NaClIWater,NaCl/NaI/water,"BC S-loss, fixed kappa_D",0.005,298.15,I,NaI,neutral ion-pair NaI: mu_Na + mu_I,0.08,0.0175,0.0175,11.321975782998933,kJ/mol,4.567233577588442,0.1173440100546941,11.321975782998933,4.5337875384655595,-0.03344603912288196,0.0,0.0,NaClIWater/data/S0_NaClIWater_matrix_BC_s_loss_split0.csv,0,0.29734071962355785,0.17166974451569816,0.11994589501668333,0.06925079477607271,3
NaClIWater,NaCl/NaI/water,"BC S-loss, fixed kappa_D",0.005,298.15,I,NaI,neutral ion-pair NaI: mu_Na + mu_I,0.08,0.02,0.02,11.780768387107802,kJ/mol,4.7523084290805055,0.12209906031989705,11.780768387107802,4.718862389957623,-0.03344603912288196,0.0,0.0,NaClIWater/data/S0_NaClIWater_matrix_BC_s_loss_split0.csv,0,0.29768952950502636,0.17187112999466003,0.1200866033376843,0.06933203276307985,3
NaClIWater,NaCl/NaI/water,"BC S-loss, fixed kappa_D",0.005,298.15,I,NaI,neutral ion-pair NaI: mu_Na + mu_I,0.08,0.0225,0.0225,12.2498977989722,kJ/mol,4.94155310184502,0.12696124404806142,12.2498977989722,4.908107062722138,-0.03344603912288196,0.0,0.0,NaClIWater/data/S0_NaClIWater_matrix_BC_s_loss_split0.csv,0,0.29175142505520263,0.16844276379207818,0.117691198988632,0.0679490454173365,3
NaClIWater,NaCl/NaI/water,"BC S-loss, fixed kappa_D",0.005,298.15,I,NaI,neutral ion-pair NaI: mu_Na + mu_I,0.08,0.025,0.025,12.730402133218885,kJ/mol,5.135386366604658,0.1319413205391129,12.730402133218885,5.101940327481776,-0.03344603912288196,0.0,0.0,NaClIWater/data/S0_NaClIWater_matrix_BC_s_loss_split0.csv,0,0.279081236920695,0.16112762726193697,0.11258010267546188,0.06499815258507363,3
NaClIWater,NaCl/NaI/water,"BC S-loss, fixed kappa_D",0.005,298.15,I,NaI,neutral ion-pair NaI: mu_Na + mu_I,0.08,0.0275,0.0275,13.220655223370557,kJ/mol,5.333152235192669,0.13702243576517503,13.220655223370557,5.299706196069787,-0.03344603912288196,0.0,0.0,NaClIWater/data/S0_NaClIWater_matrix_BC_s_loss_split0.csv,0,0.2608991906935082,0.15063021797825246,0.10524554785661402,0.06076354538602575,3
NaClIWater,NaCl/NaI/water,"BC S-loss, fixed kappa_D",0.005,298.15,I,NaI,neutral ion-pair NaI: mu_Na + mu_I,0.08,0.03,0.03,13.716840381732855,kJ/mol,5.533311073138272,0.14216503254579038,13.716840381732855,5.499865034015389,-0.03344603912288196,0.0,0.0,NaClIWater/data/S0_NaClIWater_matrix_BC_s_loss_split0.csv,0,0.23959444739993144,0.13832991870269004,0.09665131123243419,0.05580166055757618,3
NaClIWater,NaCl/NaI/water,"BC S-loss, fixed kappa_D",0.005,298.15,I,NaI,neutral ion-pair NaI: mu_Na + mu_I,0.08,0.0325,0.0325,14.213444252073456,kJ/mol,5.733638817593065,0.14731196897025714,14.213444252073456,5.700192778470183,-0.03344603912288196,0.0,0.0,NaClIWater/data/S0_NaClIWater_matrix_BC_s_loss_split0.csv,0,0.21784783855783987,0.125774508233747,0.08787882805406318,0.05073686503308222,3
NaClIWater,NaCl/NaI/water,"BC S-loss, fixed kappa_D",0.005,298.15,I,NaI,neutral ion-pair NaI: mu_Na + mu_I,0.08,0.034999999999999996,0.034999999999999996,14.703748829713538,kJ/mol,5.931425455999913,0.15239361782653307,14.703748829713538,5.897979416877031,-0.03344603912288196,0.0,0.0,NaClIWater/data/S0_NaClIWater_matrix_BC_s_loss_split0.csv,0,0.197630350328044,0.11410193596193625,0.07972318518152897,0.04602820242521014,3
NaClIWater,NaCl/NaI/water,"BC S-loss, fixed kappa_D",0.005,298.15,I,NaI,neutral ion-pair NaI: mu_Na + mu_I,0.0825,0.0,0.0,7.9470918256152965,kJ/mol,3.2058207265052787,0.08236580266236615,7.9470918256152965,3.172374687382397,-0.03344603912288196,0.0,0.0,NaClIWater/data/S0_NaClIWater_matrix_BC_s_loss_split0.csv,0,0.21841403589910618,0.12610140242114154,0.08810722948841869,0.050868732662690666,3
NaClIWater,NaCl/NaI/water,"BC S-loss, fixed kappa_D",0.005,298.15,I,NaI,neutral ion-pair NaI: mu_Na + mu_I,0.0825,0.0025,0.0025,8.691531866378346,kJ/mol,3.5061244558048763,0.09008137998762322,8.691531866378346,3.4726784166819944,-0.03344603912288196,0.0,0.0,NaClIWater/data/S0_NaClIWater_matrix_BC_s_loss_split0.csv,0,0.22950741205923558,0.13250616613341404,0.09258224701702371,0.05345238523745907,3
NaClIWater,NaCl/NaI/water,"BC S-loss, fixed kappa_D",0.005,298.15,I,NaI,neutral ion-pair NaI: mu_Na + mu_I,0.0825,0.005,0.005,9.327615708652214,kJ/mol,3.762717787063987,0.09667392445282985,9.327615708652214,3.7292717479411053,-0.03344603912288196,0.0,0.0,NaClIWater/data/S0_NaClIWater_matrix_BC_s_loss_split0.csv,0,0.2566375612019879,0.14816976504413676,0.10352642588691864,0.05977100985405232,3
NaClIWater,NaCl/NaI/water,"BC S-loss, fixed kappa_D",0.005,298.15,I,NaI,neutral ion-pair NaI: mu_Na + mu_I,0.0825,0.0075,0.0075,9.88459815664412,kJ/mol,3.987401975349915,0.10244664073752574,9.88459815664412,3.953955936227033,-0.03344603912288196,0.0,0.0,NaClIWater/data/S0_NaClIWater_matrix_BC_s_loss_split0.csv,0,0.27705985452284443,0.1599605815904028,0.11176468620244015,0.06452737166487288,3
NaClIWater,NaCl/NaI/water,"BC S-loss, fixed kappa_D",0.005,298.15,I,NaI,neutral ion-pair NaI: mu_Na + mu_I,0.0825,0.01,0.01,10.387864029562742,kJ/mol,4.190417141368885,0.10766262395316063,10.387864029562742,4.156971102246002,-0.03344603912288196,0.0,0.0,NaClIWater/data/S0_NaClIWater_matrix_BC_s_loss_split0.csv,0,0.2906590117297886,0.16781205866458404,0.11725052441768574,0.06769462183517566,3
NaClIWater,NaCl/NaI/water,"BC S-loss, fixed kappa_D",0.005,298.15,I,NaI,neutral ion-pair NaI: mu_Na + mu_I,0.0825,0.0125,0.0125,10.858613570143051,kJ/mol,4.380315366694644,0.11254159913221429,10.858613570143051,4.346869327571762,-0.03344603912288196,0.0,0.0,NaClIWater/data/S0_NaClIWater_matrix_BC_s_loss_split0.csv,0,0.3001649410983648,0.17330030954442907,0.12108517312480778,0.06990855729848021,3
NaClIWater,NaCl/NaI/water,"BC S-loss, fixed kappa_D",0.005,298.15,I,NaI,neutral ion-pair NaI: mu_Na + mu_I,0.0825,0.015,0.015,11.313717263881944,kJ/mol,4.563902128507893,0.11725841653560566,11.313717263881944,4.5304560893850105,-0.03344603912288196,0.0,0.0,NaClIWater/data/S0_NaClIWater_matrix_BC_s_loss_split0.csv,0,0.30618705770900384,0.17677718019067284,0.12351446759773575,0.07131111111636605,3
NaClIWater,NaCl/NaI/water,"BC S-loss, fixed kappa_D",0.005,298.15,I,NaI,neutral ion-pair NaI: mu_Na + mu_I,0.0825,0.0175,0.0175,11.765731125351799,kJ/mol,4.746242466025706,0.12194321008416864,11.765731125351799,4.712796426902823,-0.03344603912288196,0.0,0.0,NaClIWater/data/S0_NaClIWater_matrix_BC_s_loss_split0.csv,0,0.30742485748613224,0.1774918242252008,0.12401379040258784,0.07159939527215992,3
NaClIWater,NaCl/NaI/water,"BC S-loss, fixed kappa_D",0.005,298.15,I,NaI,neutral ion-pair NaI: mu_Na + mu_I,0.0825,0.02,0.02,12.223058020474324,kJ/mol,4.930726057173665,0.12668306934619977,12.223058020474324,4.8972800180507825,-0.03344603912288196,0.0,0.0,NaClIWater/data/S0_NaClIWater_matrix_BC_s_loss_split0.csv,0,0.30225787684021266,0.17450866655838154,0.12192945389162056,0.0703960030264712,3
NaClIWater,NaCl/NaI/water,"BC S-loss, fixed kappa_D",0.005,298.15,I,NaI,neutral ion-pair NaI: mu_Na + mu_I,0.0825,0.0225,0.0225,12.690236021162473,kJ/mol,5.119183539537964,0.1315250281227236,12.690236021162473,5.085737500415082,-0.03344603912288196,0.0,0.0,NaClIWater/data/S0_NaClIWater_matrix_BC_s_loss_split0.csv,0,0.29005078918401966,0.16746090121405716,0.11700517020681941,0.06755296651548517,3
NaClIWater,NaCl/NaI/water,"BC S-loss, fixed kappa_D",0.005,298.15,I,NaI,neutral ion-pair NaI: mu_Na + mu_I,0.0825,0.025,0.025,13.168331312231718,kJ/mol,5.312045007227837,0.13648013664067093,13.168331312231718,5.278598968104955,-0.03344603912288196,0.0,0.0,NaClIWater/data/S0_NaClIWater_matrix_BC_s_loss_split0.csv,0,0.2716971020897648,0.15686439502956692,0.10960137624222682,0.06327838407700312,3
NaClIWater,NaCl/NaI/water,"BC S-loss, fixed kappa_D",0.005,298.15,I,NaI,neutral ion-pair NaI: mu_Na + mu_I,0.0825,0.0275,0.0275,13.655410813746238,kJ/mol,5.508530664582151,0.14152835993832014,13.655410813746238,5.475084625459268,-0.03344603912288196,0.0,0.0,NaClIWater/data/S0_NaClIWater_matrix_BC_s_loss_split0.csv,0,0.2494763881185751,0.1440352598367149,0.10063764120937174,0.05810316924283975,3
NaClIWater,NaCl/NaI/water,"BC S-loss, fixed kappa_D",0.005,298.15,I,NaI,neutral ion-pair NaI: mu_Na + mu_I,0.0825,0.03,0.03,14.147068582498498,kJ/mol,5.706863174134008,0.1466240336321789,14.147068582498498,5.6734171350111255,-0.03344603912288196,0.0,0.0,NaClIWater/data/S0_NaClIWater_matrix_BC_s_loss_split0.csv,0,0.22637064892736494,0.13069515509484442,0.09131689102480066,0.05272183161472838,3
NaClIWater,NaCl/NaI/water,"BC S-loss, fixed kappa_D",0.005,298.15,I,NaI,neutral ion-pair NaI: mu_Na + mu_I,0.0825,0.0325,0.0325,14.636980105934063,kJ/mol,5.904491256261008,0.15170160876868977,14.636980105934063,5.871045217138126,-0.03344603912288196,0.0,0.0,NaClIWater/data/S0_NaClIWater_matrix_BC_s_loss_split0.csv,0,0.20501804601505524,0.11836722405552323,0.08270334804792422,0.04774880025835236,3
NaClIWater,NaCl/NaI/water,"BC S-loss, fixed kappa_D",0.005,298.15,I,NaI,neutral ion-pair NaI: mu_Na + mu_I,0.085,0.0,0.0,8.31229639418145,kJ/mol,3.3531425897748206,0.08615088129062087,8.31229639418145,3.3196965506519387,-0.03344603912288196,0.0,0.0,NaClIWater/data/S0_NaClIWater_matrix_BC_s_loss_split0.csv,0,0.18352293570380745,0.10595701633106362,0.07403231823394821,0.04274257886110204,3
NaClIWater,NaCl/NaI/water,"BC S-loss, fixed kappa_D",0.005,298.15,I,NaI,neutral ion-pair NaI: mu_Na + mu_I,0.085,0.0025,0.0025,9.091626686731953,kJ/mol,3.6675208880850194,0.09422807059377192,9.091626686731953,3.6340748489621375,-0.03344603912288196,0.0,0.0,NaClIWater/data/S0_NaClIWater_matrix_BC_s_loss_split0.csv,0,0.2169388224704333,0.12524968755098512,0.08751213509547176,0.05052515475472952,3
NaClIWater,NaCl/NaI/water,"BC S-loss, fixed kappa_D",0.005,298.15,I,NaI,neutral ion-pair NaI: mu_Na + mu_I,0.085,0.005,0.005,9.75091718572075,kJ/mol,3.9334756791991454,0.10106113510698833,9.75091718572075,3.9000296400762635,-0.03344603912288196,0.0,0.0,NaClIWater/data/S0_NaClIWater_matrix_BC_s_loss_split0.csv,0,0.25663991432788413,0.1481711236220064,0.10352737512721125,0.05977155789819078,3
NaClIWater,NaCl/NaI/water,"BC S-loss, fixed kappa_D",0.005,298.15,I,NaI,neutral ion-pair NaI: mu_Na + mu_I,0.085,0.0075,0.0075,10.322102119247349,kJ/mol,4.163889085605876,0.10698104978155244,10.322102119247349,4.130443046482994,-0.03344603912288196,0.0,0.0,NaClIWater/data/S0_NaClIWater_matrix_BC_s_loss_split0.csv,0,0.28578081649405834,0.16499563133207565,0.11528268262878917,0.06655848784863362,3
NaClIWater,NaCl/NaI/water,"BC S-loss, fixed kappa_D",0.005,298.15,I,NaI,neutral ion-pair NaI: mu_Na + mu_I,0.085,0.01,0.01,10.83293035185987,kJ/mol,4.369954873157852,0.11227541133229124,10.83293035185987,4.336508834034969,-0.03344603912288196,0.0,0.0,NaClIWater/data/S0_NaClIWater_matrix_BC_s_loss_split0.csv,0,0.3052622125801046,0.17624322060654418,0.12314138927574195,0.07109571424673411,3
NaClIWater,NaCl/NaI/water,"BC S-loss, fixed kappa_D",0.005,298.15,I,NaI,neutral ion-pair NaI: mu_Na + mu_I,0.085,0.0125,0.0125,11.306598796295622,kJ/mol,4.561030571033795,0.11718463881800291,11.306598796295622,4.527584531910913,-0.03344603912288196,0.0,0.0,NaClIWater/data/S0_NaClIWater_matrix_BC_s_loss_split0.csv,0,0.3170336196159573,0.18303944562743435,0.1278899213782692,0.0738372805343838,3
NaClIWater,NaCl/NaI/water,"BC S-loss, fixed kappa_D",0.005,298.15,I,NaI,neutral ion-pair NaI: mu_Na + mu_I,0.085,0.015,0.015,11.76157190029555,kJ/mol,4.744564653539817,0.12190010275412534,11.76157190029555,4.711118614416935,-0.03344603912288196,0.0,0.0,NaClIWater/data/S0_NaClIWater_matrix_BC_s_loss_split0.csv,0,0.32142309529881347,0.1855737105945327,0.12966061592054595,0.07485959150501989,3
NaClIWater,NaCl/NaI/water,"BC S-loss, fixed kappa_D",0.005,298.15,I,NaI,neutral ion-pair NaI: mu_Na + mu_I,0.085,0.0175,0.0175,12.211578768769892,kJ/mol,4.926095379204118,0.12656409528608495,12.211578768769892,4.892649340081236,-0.03344603912288196,0.0,0.0,NaClIWater/data/S0_NaClIWater_matrix_BC_s_loss_split0.csv,0,0.31785324948010335,0.18351265915013495,0.12822055634061766,0.07402817271889918,3
NaClIWater,NaCl/NaI/water,"BC S-loss, fixed kappa_D",0.005,298.15,I,NaI,neutral ion-pair NaI: mu_Na + mu_I,0.085,0.02,0.02,12.665773340584051,kJ/mol,5.1093154053644785,0.13127149030469812,12.665773340584051,5.075869366241596,-0.03344603912288196,0.0,0.0,NaClIWater/data/S0_NaClIWater_matrix_BC_s_loss_split0.csv,0,0.3060789378690734,0.1767147571719843,0.12347085254566412,0.07128592995431177,3
NaClIWater,NaCl/NaI/water,"BC S-loss, fixed kappa_D",0.005,298.15,I,NaI,neutral ion-pair NaI: mu_Na + mu_I,0.085,0.0225,0.0225,13.129037846324445,kJ/mol,5.2961942016519234,0.13607288856428568,13.129037846324445,5.262748162529041,-0.03344603912288196,0.0,0.0,NaClIWater/data/S0_NaClIWater_matrix_BC_s_loss_split0.csv,0,0.28701970022555956,0.1657109011879525,0.11578244269590908,0.06684702445791553,3
NaClIWater,NaCl/NaI/water,"BC S-loss, fixed kappa_D",0.005,298.15,I,NaI,neutral ion-pair NaI: mu_Na + mu_I,0.085,0.025,0.025,13.602405691413393,kJ/mol,5.487148639117454,0.1409790005573086,13.602405691413393,5.453702599994572,-0.03344603912288196,0.0,0.0,NaClIWater/data/S0_NaClIWater_matrix_BC_s_loss_split0.csv,0,0.2629832698403675,0.15183346163470418,0.10608625591325767,0.061248928408838846,3
NaClIWater,NaCl/NaI/water,"BC S-loss, fixed kappa_D",0.005,298.15,I,NaI,neutral ion-pair NaI: mu_Na + mu_I,0.085,0.0275,0.0275,14.083577059254502,kJ/mol,5.681250982197716,0.1459659903644024,14.083577059254502,5.647804943074834,-0.03344603912288196,0.0,0.0,NaClIWater/data/S0_NaClIWater_matrix_BC_s_loss_split0.csv,0,0.23729622429637603,0.13700303897519453,0.0957242184768476,0.055266403305574516,3
NaClIWater,NaCl/NaI/water,"BC S-loss, fixed kappa_D",0.005,298.15,I,NaI,neutral ion-pair NaI: mu_Na + mu_I,0.085,0.03,0.03,14.567498998026876,kJ/mol,5.876462893091546,0.15098148783033596,14.567498998026876,5.843016853968663,-0.03344603912288196,0.0,0.0,NaClIWater/data/S0_NaClIWater_matrix_BC_s_loss_split0.csv,0,0.21339611853371565,0.12320430647946203,0.08608302442739138,0.04970005732581154,3
NaClIWater,NaCl/NaI/water,"BC S-loss, fixed kappa_D",0.005,298.15,I,NaI,neutral ion-pair NaI: mu_Na + mu_I,0.0875,0.0,0.0,8.68803761858092,kJ/mol,3.5047148921231743,0.09004516466120549,8.68803761858092,3.4712688530002924,-0.03344603912288196,0.0,0.0,NaClIWater/data/S0_NaClIWater_matrix_BC_s_loss_split0.csv,0,0.149959540754417,0.08657918122211532,0.060492997241855966,0.03492564824167283,3
NaClIWater,NaCl/NaI/water,"BC S-loss, fixed kappa_D",0.005,298.15,I,NaI,neutral ion-pair NaI: mu_Na + mu_I,0.0875,0.0025,0.0025,9.500647330415946,kJ/mol,3.832517956932799,0.09846727083981932,9.500647330415946,3.799071917809917,-0.03344603912288196,0.0,0.0,NaClIWater/data/S0_NaClIWater_matrix_BC_s_loss_split0.csv,0,0.20744968024696978,0.1197711287338898,0.08368425824639787,0.048315129025491975,3
NaClIWater,NaCl/NaI/water,"BC S-loss, fixed kappa_D",0.005,298.15,I,NaI,neutral ion-pair NaI: mu_Na + mu_I,0.0875,0.005,0.005,10.181735922807965,kJ/mol,4.107265999863282,0.10552625667105532,10.181735922807965,4.0738199607403995,-0.03344603912288196,0.0,0.0,NaClIWater/data/S0_NaClIWater_matrix_BC_s_loss_split0.csv,0,0.261528114279481,0.1509933271799136,0.10549925277302134,0.06091002198780825,3
NaClIWater,NaCl/NaI/water,"BC S-loss, fixed kappa_D",0.005,298.15,I,NaI,neutral ion-pair NaI: mu_Na + mu_I,0.0875,0.0075,0.0075,10.765828414787554,kJ/mol,4.342886256690918,0.11157994876202794,10.765828414787554,4.309440217568036,-0.03344603912288196,0.0,0.0,NaClIWater/data/S0_NaClIWater_matrix_BC_s_loss_split0.csv,0,0.3002549295813974,0.1733522644193319,0.12112147406990637,0.06992951565890472,3
NaClIWater,NaCl/NaI/water,"BC S-loss, fixed kappa_D",0.005,298.15,I,NaI,neutral ion-pair NaI: mu_Na + mu_I,0.0875,0.01,0.01,11.282952237800329,kJ/mol,4.551491656799737,0.11693955950931924,11.282952237800329,4.518045617676854,-0.03344603912288196,0.0,0.0,NaClIWater/data/S0_NaClIWater_matrix_BC_s_loss_split0.csv,0,0.32506396520983044,0.18767576781774276,0.1311293262965389,0.075707551835961,3
NaClIWater,NaCl/NaI/water,"BC S-loss, fixed kappa_D",0.005,298.15,I,NaI,neutral ion-pair NaI: mu_Na + mu_I,0.0875,0.0125,0.0125,11.758218936216624,kJ/mol,4.743212083068087,0.12186535173026415,11.758218936216624,4.709766043945205,-0.03344603912288196,0.0,0.0,NaClIWater/data/S0_NaClIWater_matrix_BC_s_loss_split0.csv,0,0.3376126772949114,0.19492077011804737,0.13619141972342416,0.07863015283863625,3
NaClIWater,NaCl/NaI/water,"BC S-loss, fixed kappa_D",0.005,298.15,I,NaI,neutral ion-pair NaI: mu_Na + mu_I,0.0875,0.015,0.015,12.21160848372215,kJ/mol,4.926107366080818,0.12656440325986296,12.21160848372215,4.892661326957936,-0.03344603912288196,0.0,0.0,NaClIWater/data/S0_NaClIWater_matrix_BC_s_loss_split0.csv,0,0.3386571000235939,0.19552376786159997,0.13661273510574462,0.0788733993880327,3
NaClIWater,NaCl/NaI/water,"BC S-loss, fixed kappa_D",0.005,298.15,I,NaI,neutral ion-pair NaI: mu_Na + mu_I,0.0875,0.0175,0.0175,12.65794835007252,kJ/mol,5.10615883975318,0.13119038999298027,12.65794835007252,5.072712800630297,-0.03344603912288196,0.0,0.0,NaClIWater/data/S0_NaClIWater_matrix_BC_s_loss_split0.csv,0,0.3288320399528412,0.18985126678494665,0.13264935052366927,0.07658513823266949,3
NaClIWater,NaCl/NaI/water,"BC S-loss, fixed kappa_D",0.005,298.15,I,NaI,neutral ion-pair NaI: mu_Na + mu_I,0.0875,0.02,0.02,13.107072649826492,kJ/mol,5.28733354120656,0.13584523534473195,13.107072649826492,5.2538875020836775,-0.03344603912288196,0.0,0.0,NaClIWater/data/S0_NaClIWater_matrix_BC_s_loss_split0.csv,0,0.3095080180897151,0.1786945375604446,0.12485412792304776,0.0720845643658076,3
NaClIWater,NaCl/NaI/water,"BC S-loss, fixed kappa_D",0.005,298.15,I,NaI,neutral ion-pair NaI: mu_Na + mu_I,0.0875,0.0225,0.0225,13.564140882981086,kJ/mol,5.471712789292157,0.14058241376437766,13.564140882981086,5.438266750169275,-0.03344603912288196,0.0,0.0,NaClIWater/data/S0_NaClIWater_matrix_BC_s_loss_split0.csv,0,0.28326112970999984,0.16354088948902593,0.11426625243093991,0.06597165160029289,3
NaClIWater,NaCl/NaI/water,"BC S-loss, fixed kappa_D",0.005,298.15,I,NaI,neutral ion-pair NaI: mu_Na + mu_I,0.0875,0.025,0.025,14.030091091887584,kJ/mol,5.659674986031499,0.14541164737579493,14.030091091887584,5.626228946908617,-0.03344603912288196,0.0,0.0,NaClIWater/data/S0_NaClIWater_matrix_BC_s_loss_split0.csv,0,0.25383722962060834,0.1465529928518071,0.10239678485323439,0.05911881129916707,3
NaClIWater,NaCl/NaI/water,"BC S-loss, fixed kappa_D",0.005,298.15,I,NaI,neutral ion-pair NaI: mu_Na + mu_I,0.0875,0.0275,0.0275,14.502198902224219,kJ/mol,5.8501211312042365,0.15030470002886887,14.502198902224219,5.816675092081354,-0.03344603912288196,0.0,0.0,NaClIWater/data/S0_NaClIWater_matrix_BC_s_loss_split0.csv,0,0.22555007321097836,0.13022139548409817,0.0909858745099568,0.05253071914077707,3
NaClIWater,NaCl/NaI/water,"BC S-loss, fixed kappa_D",0.005,298.15,I,NaI,neutral ion-pair NaI: mu_Na + mu_I,0.09,0.0,0.0,9.074251673492654,kJ/mol,3.6605118867058843,0.09404799127128172,9.074251673492654,3.6270658475830024,-0.03344603912288196,0.0,0.0,NaClIWater/data/S0_NaClIWater_matrix_BC_s_loss_split0.csv,0,0.1179130605969697,0.06807713727663312,0.04756559278314015,0.027462007797510086,3
NaClIWater,NaCl/NaI/water,"BC S-loss, fixed kappa_D",0.005,298.15,I,NaI,neutral ion-pair NaI: mu_Na + mu_I,0.09,0.0025,0.0025,9.91823024956749,kJ/mol,4.0009690087925085,0.10279521281768213,9.91823024956749,3.967522969669626,-0.03344603912288196,0.0,0.0,NaClIWater/data/S0_NaClIWater_matrix_BC_s_loss_split0.csv,0,0.2022447590083879,0.11676606605568375,0.08158461667277316,0.04710290039775802,3
NaClIWater,NaCl/NaI/water,"BC S-loss, fixed kappa_D",0.005,298.15,I,NaI,neutral ion-pair NaI: mu_Na + mu_I,0.09,0.005,0.005,10.619473678547768,kJ/mol,4.283847421208054,0.11006308881019324,10.619473678547768,4.250401382085172,-0.03344603912288196,0.0,0.0,NaClIWater/data/S0_NaClIWater_matrix_BC_s_loss_split0.csv,0,0.27246638836854814,0.1573085426697064,0.10991170283102894,0.06345755121658471,3
NaClIWater,NaCl/NaI/water,"BC S-loss, fixed kappa_D",0.005,298.15,I,NaI,neutral ion-pair NaI: mu_Na + mu_I,0.09,0.0075,0.0075,11.214982364797958,kJ/mol,4.524072918922997,0.11623510141703265,11.214982364797958,4.490626879800114,-0.03344603912288196,0.0,0.0,NaClIWater/data/S0_NaClIWater_matrix_BC_s_loss_split0.csv,0,0.3210790918109328,0.18537510008820263,0.12952184647687587,0.07477947292936167,3
NaClIWater,NaCl/NaI/water,"BC S-loss, fixed kappa_D",0.005,298.15,I,NaI,neutral ion-pair NaI: mu_Na + mu_I,0.09,0.01,0.01,11.736952964504061,kJ/mol,4.73463348672349,0.12164494546493643,11.736952964504061,4.701187447600607,-0.03344603912288196,0.0,0.0,NaClIWater/data/S0_NaClIWater_matrix_BC_s_loss_split0.csv,0,0.3501775505230283,0.20217510305863418,0.14126003248196495,0.08155651777919774,3
NaClIWater,NaCl/NaI/water,"BC S-loss, fixed kappa_D",0.005,298.15,I,NaI,neutral ion-pair NaI: mu_Na + mu_I,0.09,0.0125,0.0125,12.212309221032955,kJ/mol,4.926390040327462,0.12657166589031021,12.212309221032955,4.8929440012045795,-0.03344603912288196,0.0,0.0,NaClIWater/data/S0_NaClIWater_matrix_BC_s_loss_split0.csv,0,0.3618523907441508,0.20891557520304513,0.14596960997028247,0.08427559360984727,3
NaClIWater,NaCl/NaI/water,"BC S-loss, fixed kappa_D",0.005,298.15,I,NaI,neutral ion-pair NaI: mu_Na + mu_I,0.09,0.015,0.015,12.662451700346443,kJ/mol,5.107975470787984,0.13123706392957504,12.662451700346443,5.074529431665102,-0.03344603912288196,0.0,0.0,NaClIWater/data/S0_NaClIWater_matrix_BC_s_loss_split0.csv,0,0.3579385708435606,0.20665593022987966,0.14439079280893058,0.08336406309673955,3
NaClIWater,NaCl/NaI/water,"BC S-loss, fixed kappa_D",0.005,298.15,I,NaI,neutral ion-pair NaI: mu_Na + mu_I,0.09,0.0175,0.0175,13.103219176139069,kJ/mol,5.285779067433354,0.13580529690432286,13.103219176139069,5.252333028310471,-0.03344603912288196,0.0,0.0,NaClIWater/data/S0_NaClIWater_matrix_BC_s_loss_split0.csv,0,0.34066188217726184,0.1966812293776867,0.13742145511570336,0.07934031410348141,3
NaClIWater,NaCl/NaI/water,"BC S-loss, fixed kappa_D",0.005,298.15,I,NaI,neutral ion-pair NaI: mu_Na + mu_I,0.09,0.02,0.02,13.545046977508088,kJ/mol,5.464010394597539,0.14038451937926766,13.545046977508088,5.430564355474656,-0.03344603912288196,0.0,0.0,NaClIWater/data/S0_NaClIWater_matrix_BC_s_loss_split0.csv,0,0.3131800087693691,0.1808145623678046,0.1263353922756788,0.07293977273854013,3
NaClIWater,NaCl/NaI/water,"BC S-loss, fixed kappa_D",0.005,298.15,I,NaI,neutral ion-pair NaI: mu_Na + mu_I,0.09,0.0225,0.0225,13.993301142535055,kJ/mol,5.644834087656415,0.1450303464200715,13.993301142535055,5.611388048533533,-0.03344603912288196,0.0,0.0,NaClIWater/data/S0_NaClIWater_matrix_BC_s_loss_split0.csv,0,0.2797854962745581,0.16153423158946917,0.11286419769826911,0.06516217492296682,3
NaClIWater,NaCl/NaI/water,"BC S-loss, fixed kappa_D",0.005,298.15,I,NaI,neutral ion-pair NaI: mu_Na + mu_I,0.09,0.025,0.025,14.44876195431738,kJ/mol,5.828564909265444,0.1497508650911641,14.44876195431738,5.795118870142562,-0.03344603912288196,0.0,0.0,NaClIWater/data/S0_NaClIWater_matrix_BC_s_loss_split0.csv,0,0.24565635367962269,0.14182976192507207,0.09909665667703167,0.057213481408276166,3
NaClIWater,NaCl/NaI/water,"BC S-loss, fixed kappa_D",0.005,298.15,I,NaI,neutral ion-pair NaI: mu_Na + mu_I,0.0925,0.0,0.0,9.47089533386272,kJ/mol,3.8205161367326324,0.09815891312473468,9.47089533386272,3.7870700976097504,-0.03344603912288196,0.0,0.0,NaClIWater/data/S0_NaClIWater_matrix_BC_s_loss_split0.csv,0,0.08671042680007884,0.050062288254572866,0.03497859211137141,0.020194899571374405,3
NaClIWater,NaCl/NaI/water,"BC S-loss, fixed kappa_D",0.005,298.15,I,NaI,neutral ion-pair NaI: mu_Na + mu_I,0.0925,0.0025,0.0025,10.344047002753749,kJ/mol,4.172741551882761,0.10720849247178421,10.344047002753749,4.139295512759879,-0.03344603912288196,0.0,0.0,NaClIWater/data/S0_NaClIWater_matrix_BC_s_loss_split0.csv,0,0.2016737365074086,0.11643638606103002,0.08135426879091807,0.046969908986161726,3
NaClIWater,NaCl/NaI/water,"BC S-loss, fixed kappa_D",0.005,298.15,I,NaI,neutral ion-pair NaI: mu_Na + mu_I,0.0925,0.005,0.005,11.06357226680136,kJ/mol,4.462994773481773,0.11466584633274125,11.06357226680136,4.429548734358891,-0.03344603912288196,0.0,0.0,NaClIWater/data/S0_NaClIWater_matrix_BC_s_loss_split0.csv,0,0.2893562501193428,0.16705990889810327,0.11672499630449558,0.0673912080375586,3
NaClIWater,NaCl/NaI/water,"BC S-loss, fixed kappa_D",0.005,298.15,I,NaI,neutral ion-pair NaI: mu_Na + mu_I,0.0925,0.0075,0.0075,11.668806615717328,kJ/mol,4.70714355931734,0.12093865833003294,11.668806615717328,4.673697520194458,-0.03344603912288196,0.0,0.0,NaClIWater/data/S0_NaClIWater_matrix_BC_s_loss_split0.csv,0,0.3476786553112278,0.2007323652354245,0.14025198950987597,0.08097452389790746,3
NaClIWater,NaCl/NaI/water,"BC S-loss, fixed kappa_D",0.005,298.15,I,NaI,neutral ion-pair NaI: mu_Na + mu_I,0.0925,0.01,0.01,12.193984673553153,kJ/mol,4.918998001150913,0.12638174533890378,12.193984673553153,4.885551962028031,-0.03344603912288196,0.0,0.0,NaClIWater/data/S0_NaClIWater_matrix_BC_s_loss_split0.csv,0,0.37990331596191756,0.21933728173664457,0.1532512711698161,0.08847966266354566,3
NaClIWater,NaCl/NaI/water,"BC S-loss, fixed kappa_D",0.005,298.15,I,NaI,neutral ion-pair NaI: mu_Na + mu_I,0.0925,0.0125,0.0125,12.667721568896862,kJ/mol,5.1101013118120475,0.13129168226828372,12.667721568896862,5.076655272689165,-0.03344603912288196,0.0,0.0,NaClIWater/data/S0_NaClIWater_matrix_BC_s_loss_split0.csv,0,0.38925934500300596,0.2247389876220629,0.1570254507660589,0.09065868626940643,3
NaClIWater,NaCl/NaI/water,"BC S-loss, fixed kappa_D",0.005,298.15,I,NaI,neutral ion-pair NaI: mu_Na + mu_I,0.0925,0.015,0.015,13.112729073097194,kJ/mol,5.289615316648069,0.13590386004079846,13.112729073097194,5.256169277525187,-0.03344603912288196,0.0,0.0,NaClIWater/data/S0_NaClIWater_matrix_BC_s_loss_split0.csv,0,0.3791713704935277,0.21891469282343756,0.1529560076942295,0.08830919221643388,3
NaClIWater,NaCl/NaI/water,"BC S-loss, fixed kappa_D",0.005,298.15,I,NaI,neutral ion-pair NaI: mu_Na + mu_I,0.0925,0.0175,0.0175,13.545759922135554,kJ/mol,5.464297993220247,0.1403919085296366,13.545759922135554,5.430851954097364,-0.03344603912288196,0.0,0.0,NaClIWater/data/S0_NaClIWater_matrix_BC_s_loss_split0.csv,0,0.3537357434169146,0.20422942668374805,0.14269539132497686,0.08238522259359438,3
NaClIWater,NaCl/NaI/water,"BC S-loss, fixed kappa_D",0.005,298.15,I,NaI,neutral ion-pair NaI: mu_Na + mu_I,0.0925,0.02,0.02,13.9777656677736,kJ/mol,5.63856714773937,0.14486933257040846,13.9777656677736,5.605121108616488,-0.03344603912288196,0.0,0.0,NaClIWater/data/S0_NaClIWater_matrix_BC_s_loss_split0.csv,0,0.3180228398050502,0.18361057216989496,0.1282889683069897,0.07406767038609986,3
NaClIWater,NaCl/NaI/water,"BC S-loss, fixed kappa_D",0.005,298.15,I,NaI,neutral ion-pair NaI: mu_Na + mu_I,0.0925,0.0225,0.0225,14.414246301241397,kJ/mol,5.814641451672668,0.14939313555532863,14.414246301241397,5.781195412549786,-0.03344603912288196,0.0,0.0,NaClIWater/data/S0_NaClIWater_matrix_BC_s_loss_split0.csv,0,0.27808245921894303,0.1605509826869699,0.11217720028956957,0.06476553678412156,3
NaClIWater,NaCl/NaI/water,"BC S-loss, fixed kappa_D",0.005,298.15,I,NaI,neutral ion-pair NaI: mu_Na + mu_I,0.095,0.0,0.0,9.877975674066521,kJ/mol,3.9847304959743073,0.10237800354229876,9.877975674066521,3.9512844568514254,-0.03344603912288196,0.0,0.0,NaClIWater/data/S0_NaClIWater_matrix_BC_s_loss_split0.csv,0,0.057575979866203275,0.03324150747460894,0.023225888621166802,0.01340947304759892,3
NaClIWater,NaCl/NaI/water,"BC S-loss, fixed kappa_D",0.005,298.15,I,NaI,neutral ion-pair NaI: mu_Na + mu_I,0.095,0.0025,0.0025,10.777833008805061,kJ/mol,4.347728855362115,0.11170436761153725,10.777833008805061,4.314282816239233,-0.03344603912288196,0.0,0.0,NaClIWater/data/S0_NaClIWater_matrix_BC_s_loss_split0.csv,0,0.2057605417953809,0.11879590419416641,0.08300286747139943,0.047921727878123294,3
NaClIWater,NaCl/NaI/water,"BC S-loss, fixed kappa_D",0.005,298.15,I,NaI,neutral ion-pair NaI: mu_Na + mu_I,0.095,0.005,0.005,11.513541579744569,kJ/mol,4.644510349415488,0.11932944962904912,11.513541579744569,4.611064310292606,-0.03344603912288196,0.0,0.0,NaClIWater/data/S0_NaClIWater_matrix_BC_s_loss_split0.csv,0,0.31126035036456434,0.17970624707103847,0.12556101079916204,0.07249268338461771,3
NaClIWater,NaCl/NaI/water,"BC S-loss, fixed kappa_D",0.005,298.15,I,NaI,neutral ion-pair NaI: mu_Na + mu_I,0.095,0.0075,0.0075,12.12660903785084,kJ/mol,4.891818975900476,0.1256834460822347,12.12660903785084,4.858372936777593,-0.03344603912288196,0.0,0.0,NaClIWater/data/S0_NaClIWater_matrix_BC_s_loss_split0.csv,0,0.3787578149941033,0.21867592644452005,0.15278918128518532,0.08821287494426427,3
NaClIWater,NaCl/NaI/water,"BC S-loss, fixed kappa_D",0.005,298.15,I,NaI,neutral ion-pair NaI: mu_Na + mu_I,0.095,0.01,0.01,12.653157111607205,kJ/mol,5.104226075930289,0.13114073230553913,12.653157111607205,5.070780036807407,-0.03344603912288196,0.0,0.0,NaClIWater/data/S0_NaClIWater_matrix_BC_s_loss_split0.csv,0,0.41306941649819684,0.2384857388092356,0.16663032540118328,0.0962040632255281,3
NaClIWater,NaCl/NaI/water,"BC S-loss, fixed kappa_D",0.005,298.15,I,NaI,neutral ion-pair NaI: mu_Na + mu_I,0.095,0.0125,0.0125,13.123355422089338,kJ/mol,5.293901937539537,0.13601399438721276,13.123355422089338,5.260455898416654,-0.03344603912288196,0.0,0.0,NaClIWater/data/S0_NaClIWater_matrix_BC_s_loss_split0.csv,0,0.41908347959745057,0.24195795975851314,0.16905637112421823,0.09760474137678868,3
NaClIWater,NaCl/NaI/water,"BC S-loss, fixed kappa_D",0.005,298.15,I,NaI,neutral ion-pair NaI: mu_Na + mu_I,0.095,0.015,0.015,13.561105374247989,kJ/mol,5.470488278864244,0.14055095293332442,13.561105374247989,5.437042239741362,-0.03344603912288196,0.0,0.0,NaClIWater/data/S0_NaClIWater_matrix_BC_s_loss_split0.csv,0,0.4021796798858013,0.2321985464446649,0.16223745514068433,0.09366783839811393,3
NaClIWater,NaCl/NaI/water,"BC S-loss, fixed kappa_D",0.005,298.15,I,NaI,neutral ion-pair NaI: mu_Na + mu_I,0.095,0.0175,0.0175,13.983968246814682,kJ/mol,5.641069239936618,0.14493361777215344,13.983968246814682,5.607623200813736,-0.03344603912288196,0.0,0.0,NaClIWater/data/S0_NaClIWater_matrix_BC_s_loss_split0.csv,0,0.36853386929778836,0.21277312864457248,0.14866488805451375,0.0858317131373191,3
NaClIWater,NaCl/NaI/water,"BC S-loss, fixed kappa_D",0.005,298.15,I,NaI,neutral ion-pair NaI: mu_Na + mu_I,0.095,0.02,0.02,14.403322901031842,kJ/mol,5.810235001670061,0.14927992248999544,14.403322901031842,5.776788962547179,-0.03344603912288196,0.0,0.0,NaClIWater/data/S0_NaClIWater_matrix_BC_s_loss_split0.csv,0,0.32523560473174995,0.18777486394192658,0.13119856489965698,0.07574752676210955,3
NaClIWater,NaCl/NaI/water,"BC S-loss, fixed kappa_D",0.005,298.15,I,NaI,neutral ion-pair NaI: mu_Na + mu_I,0.0975,0.0,0.0,10.295572706066975,kJ/mol,4.153187240893131,0.1067060917895333,10.295572706066975,4.119741201770249,-0.03344603912288196,0.0,0.0,NaClIWater/data/S0_NaClIWater_matrix_BC_s_loss_split0.csv,0,0.052807801356460043,0.030488598328464494,0.021302427079556895,0.012298962008774547,3
NaClIWater,NaCl/NaI/water,"BC S-loss, fixed kappa_D",0.005,298.15,I,NaI,neutral ion-pair NaI: mu_Na + mu_I,0.0975,0.0025,0.0025,11.219409361834437,kJ/mol,4.525858749408807,0.11628098400808541,11.219409361834437,4.492412710285925,-0.03344603912288196,0.0,0.0,NaClIWater/data/S0_NaClIWater_matrix_BC_s_loss_split0.csv,0,0.21592205871446263,0.12466265872277318,0.08710197721704573,0.05028834999321,3
NaClIWater,NaCl/NaI/water,"BC S-loss, fixed kappa_D",0.005,298.15,I,NaI,neutral ion-pair NaI: mu_Na + mu_I,0.0975,0.005,0.005,11.968981069843199,kJ/mol,4.828232569954212,0.12404974731646234,11.968981069843199,4.794786530831329,-0.03344603912288196,0.0,0.0,NaClIWater/data/S0_NaClIWater_matrix_BC_s_loss_split0.csv,0,0.3374675287141722,0.1948369685458851,0.1361328674455885,0.07859634766526617,3
NaClIWater,NaCl/NaI/water,"BC S-loss, fixed kappa_D",0.005,298.15,I,NaI,neutral ion-pair NaI: mu_Na + mu_I,0.0975,0.0075,0.0075,12.587784718517039,kJ/mol,5.077855149645758,0.1304631951954889,12.587784718517039,5.044409110522875,-0.03344603912288196,0.0,0.0,NaClIWater/data/S0_NaClIWater_matrix_BC_s_loss_split0.csv,0,0.4130627963682005,0.23848191667540014,0.1666276548708286,0.09620252139410895,3
NaClIWater,NaCl/NaI/water,"BC S-loss, fixed kappa_D",0.005,298.15,I,NaI,neutral ion-pair NaI: mu_Na + mu_I,0.0975,0.01,0.01,13.113661267792773,kJ/mol,5.289991359751861,0.1359135215579954,13.113661267792773,5.2565453206289785,-0.03344603912288196,0.0,0.0,NaClIWater/data/S0_NaClIWater_matrix_BC_s_loss_split0.csv,0,0.4485208618522046,0.25895364032753326,0.1809312773461611,0.10446072168062896,3
NaClIWater,NaCl/NaI/water,"BC S-loss, fixed kappa_D",0.005,298.15,I,NaI,neutral ion-pair NaI: mu_Na + mu_I,0.0975,0.0125,0.0125,13.578184388898801,kJ/mol,5.477377875757964,0.14072796444662572,13.578184388898801,5.443931836635081,-0.03344603912288196,0.0,0.0,NaClIWater/data/S0_NaClIWater_matrix_BC_s_loss_split0.csv,0,0.45059009325564375,0.26014831163532454,0.1817659958905846,0.10494264665694943,3
NaClIWater,NaCl/NaI/water,"BC S-loss, fixed kappa_D",0.005,298.15,I,NaI,neutral ion-pair NaI: mu_Na + mu_I,0.0975,0.015,0.015,14.006313793107747,kJ/mol,5.650083331760811,0.14516521303954735,14.006313793107747,5.616637292637929,-0.03344603912288196,0.0,0.0,NaClIWater/data/S0_NaClIWater_matrix_BC_s_loss_split0.csv,0,0.4268221268157072,0.24642586981313716,0.1721781062434016,0.0994070759881879,3
NaClIWater,NaCl/NaI/water,"BC S-loss, fixed kappa_D",0.005,298.15,I,NaI,neutral ion-pair NaI: mu_Na + mu_I,0.0975,0.0175,0.0175,14.416308091676894,kJ/mol,5.8154731685644405,0.14941450450737648,14.416308091676894,5.782027129441558,-0.03344603912288196,0.0,0.0,NaClIWater/data/S0_NaClIWater_matrix_BC_s_loss_split0.csv,0,0.38562704437967055,0.22264187787940257,0.15556019720177347,0.08981272172963518,3
NaClIWater,NaCl/NaI/water,"BC S-loss, fixed kappa_D",0.005,298.15,I,NaI,neutral ion-pair NaI: mu_Na + mu_I,0.1,0.0,0.0,10.723852559823044,kJ/mol,4.325953387559563,0.11114489968213094,10.723852559823044,4.292507348436681,-0.03344603912288196,0.0,0.0,NaClIWater/data/S0_NaClIWater_matrix_BC_s_loss_split0.csv,0,0.10368110755204656,0.05986031535505262,0.04182448760262558,0.024147379176094046,3
NaClIWater,NaCl/NaI/water,"BC S-loss, fixed kappa_D",0.005,298.15,I,NaI,neutral ion-pair NaI: mu_Na + mu_I,0.1,0.0025,0.0025,11.668695498505565,kJ/mol,4.707098735139093,0.12093750668128679,11.668695498505565,4.673652696016211,-0.03344603912288196,0.0,0.0,NaClIWater/data/S0_NaClIWater_matrix_BC_s_loss_split0.csv,0,0.2372688420159365,0.13698722980821174,0.09571317258935821,0.05526002595945908,3
NaClIWater,NaCl/NaI/water,"BC S-loss, fixed kappa_D",0.005,298.15,I,NaI,neutral ion-pair NaI: mu_Na + mu_I,0.1,0.005,0.005,12.429592644713638,kJ/mol,5.014041185985091,0.12882364988513476,12.429592644713638,4.980595146862209,-0.03344603912288196,0.0,0.0,NaClIWater/data/S0_NaClIWater_matrix_BC_s_loss_split0.csv,0,0.36880441403222375,0.2129293277198266,0.14877402457088107,0.08589472313442219,3
NaClIWater,NaCl/NaI/water,"BC S-loss, fixed kappa_D",0.005,298.15,I,NaI,neutral ion-pair NaI: mu_Na + mu_I,0.1,0.0075,0.0075,13.05183010376742,kJ/mol,5.265048949178786,0.1352726867008869,13.05183010376742,5.231602910055904,-0.03344603912288196,0.0,0.0,NaClIWater/data/S0_NaClIWater_matrix_BC_s_loss_split0.csv,0,0.4502210083143165,0.25993522034509536,0.1816171087025776,0.10485668659887472,3
NaClIWater,NaCl/NaI/water,"BC S-loss, fixed kappa_D",0.005,298.15,I,NaI,neutral ion-pair NaI: mu_Na + mu_I,0.1,0.01,0.01,13.574786004819146,kJ/mol,5.476006983064353,0.1406927426776292,13.574786004819146,5.442560943941471,-0.03344603912288196,0.0,0.0,NaClIWater/data/S0_NaClIWater_matrix_BC_s_loss_split0.csv,0,0.4856524487872211,0.28039157203990306,0.19590999076943147,0.11310868590766836,3
NaClIWater,NaCl/NaI/water,"BC S-loss, fixed kappa_D",0.005,298.15,I,NaI,neutral ion-pair NaI: mu_Na + mu_I,0.1,0.0125,0.0125,14.031276771911639,kJ/mol,5.660153283964822,0.14542393608329007,14.031276771911639,5.626707244841939,-0.03344603912288196,0.0,0.0,NaClIWater/data/S0_NaClIWater_matrix_BC_s_loss_split0.csv,0,0.4833802727101658,0.27907973057016894,0.19499340526596295,0.1125794950205055,3
NaClIWater,NaCl/NaI/water,"BC S-loss, fixed kappa_D",0.005,298.15,I,NaI,neutral ion-pair NaI: mu_Na + mu_I,0.1,0.015,0.015,14.447181857069657,kJ/mol,5.827927505216542,0.14973448853720586,14.447181857069657,5.79448146609366,-0.03344603912288196,0.0,0.0,NaClIWater/data/S0_NaClIWater_matrix_BC_s_loss_split0.csv,0,0.4531511545164384,0.2616269410436554,0.18279911636432122,0.10553911904056659,3
