system,system_label,method,kcut,temperature_K,coanion,salt,quantity,x_Cl,x_F,x_coanion,mu_ex,mu_ex_units,mu_ex_kBT,mu_ex_eV,mu_ex_kJ_mol,mu_ex_raw_kBT,mu_ex_reference_kBT,reference_x_Cl,reference_x_coanion,source_s0_csv,source_split,mu_ex_std_split1_to3,mu_ex_se_split1_to3,mu_ex_kBT_std_split1_to3,mu_ex_kBT_se_split1_to3,mu_ex_uncertainty_n_splits
NaClFWater,NaCl/NaF/water,"BC S-loss, fixed kappa_D",0.01,298.15,F,NaCl,neutral ion-pair NaCl: mu_Na + mu_Cl,0.0,0.0,0.0,0.0,kJ/mol,0.0,0.0,0.0,0.04445213156733849,0.04445213156733849,0.0,0.0,NaClFWater/data/S0_NaClFWater_matrix_BC_s_loss_split0.csv,0,0.0,0.0,0.0,0.0,3
NaClFWater,NaCl/NaF/water,"BC S-loss, fixed kappa_D",0.01,298.15,F,NaCl,neutral ion-pair NaCl: mu_Na + mu_Cl,0.0,0.0025,0.0025,-0.2552133798044172,kJ/mol,-0.10295191758340082,-0.002645100288134472,-0.2552133798044172,-0.05849978601606233,0.04445213156733849,0.0,0.0,NaClFWater/data/S0_NaClFWater_matrix_BC_s_loss_split0.csv,0,0.057224980166932296,0.033038857703749355,0.023084296937616093,0.013327725050985905,3
NaClFWater,NaCl/NaF/water,"BC S-loss, fixed kappa_D",0.01,298.15,F,NaCl,neutral ion-pair NaCl: mu_Na + mu_Cl,0.0,0.005,0.005,-0.43827084143992917,kJ/mol,-0.17679646569356852,-0.004542357183083823,-0.43827084143992917,-0.13234433412623003,0.04445213156733849,0.0,0.0,NaClFWater/data/S0_NaClFWater_matrix_BC_s_loss_split0.csv,0,0.10732342247110514,0.06196320685404449,0.043293780888295295,0.024995676050093965,3
NaClFWater,NaCl/NaF/water,"BC S-loss, fixed kappa_D",0.01,298.15,F,NaCl,neutral ion-pair NaCl: mu_Na + mu_Cl,0.0,0.0075,0.0075,-0.5614064245132929,kJ/mol,-0.2264688003096768,-0.005818567570315736,-0.5614064245132929,-0.18201666874233832,0.04445213156733849,0.0,0.0,NaClFWater/data/S0_NaClFWater_matrix_BC_s_loss_split0.csv,0,0.15190934816008128,0.08770490305264352,0.0612795406883058,0.035379759312209984,3
NaClFWater,NaCl/NaF/water,"BC S-loss, fixed kappa_D",0.01,298.15,F,NaCl,neutral ion-pair NaCl: mu_Na + mu_Cl,0.0,0.01,0.01,-0.6357135292768381,kJ/mol,-0.2564439486790149,-0.0065887064414482666,-0.6357135292768381,-0.2119918171116764,0.04445213156733849,0.0,0.0,NaClFWater/data/S0_NaClFWater_matrix_BC_s_loss_split0.csv,0,0.19182206158583076,0.11074851889308837,0.07738014789897266,0.044675449219404924,3
NaClFWater,NaCl/NaF/water,"BC S-loss, fixed kappa_D",0.01,298.15,F,NaCl,neutral ion-pair NaCl: mu_Na + mu_Cl,0.0,0.0125,0.0125,-0.6709899900217045,kJ/mol,-0.2706743126278908,-0.00695432119312045,-0.6709899900217045,-0.22622218106055234,0.04445213156733849,0.0,0.0,NaClFWater/data/S0_NaClFWater_matrix_BC_s_loss_split0.csv,0,0.22725779204929333,0.1312073474150995,0.09167476052852126,0.05292844766903623,3
NaClFWater,NaCl/NaF/water,"BC S-loss, fixed kappa_D",0.01,298.15,F,NaCl,neutral ion-pair NaCl: mu_Na + mu_Cl,0.0,0.015,0.015,-0.6756562086493825,kJ/mol,-0.2725566440164371,-0.007002683141251963,-0.6756562086493825,-0.22810451244909863,0.04445213156733849,0.0,0.0,NaClFWater/data/S0_NaClFWater_matrix_BC_s_loss_split0.csv,0,0.2579052330935755,0.148901655751989,0.1040377989669882,0.060066251239486806,3
NaClFWater,NaCl/NaF/water,"BC S-loss, fixed kappa_D",0.01,298.15,F,NaCl,neutral ion-pair NaCl: mu_Na + mu_Cl,0.0,0.0175,0.0175,-0.6567446352655989,kJ/mol,-0.26492780125799004,-0.006806678495081542,-0.6567446352655989,-0.22047566969065155,0.04445213156733849,0.0,0.0,NaClFWater/data/S0_NaClFWater_matrix_BC_s_loss_split0.csv,0,0.2830925126347105,0.16344353837521766,0.1141982330690569,0.06593238060339962,3
NaClFWater,NaCl/NaF/water,"BC S-loss, fixed kappa_D",0.01,298.15,F,NaCl,neutral ion-pair NaCl: mu_Na + mu_Cl,0.0,0.02,0.02,-0.6199559751430027,kJ/mol,-0.25008742295240205,-0.006425390901284801,-0.6199559751430027,-0.20563529138506353,0.04445213156733849,0.0,0.0,NaClFWater/data/S0_NaClFWater_matrix_BC_s_loss_split0.csv,0,0.30195065065715315,0.17433128943889004,0.12180552024557863,0.07032444990256724,3
NaClFWater,NaCl/NaF/water,"BC S-loss, fixed kappa_D",0.01,298.15,F,NaCl,neutral ion-pair NaCl: mu_Na + mu_Cl,0.0,0.0225,0.0225,-0.569774861468338,kJ/mol,-0.2298445897465705,-0.005905300307517791,-0.569774861468338,-0.185392458179232,0.04445213156733849,0.0,0.0,NaClFWater/data/S0_NaClFWater_matrix_BC_s_loss_split0.csv,0,0.31359250497868435,0.18105271716529248,0.12650179137190729,0.07303584330154056,3
NaClFWater,NaCl/NaF/water,"BC S-loss, fixed kappa_D",0.01,298.15,F,NaCl,neutral ion-pair NaCl: mu_Na + mu_Cl,0.0,0.025,0.025,-0.5096354840239474,kJ/mol,-0.20558463819184888,-0.0052819995827348976,-0.5096354840239474,-0.1611325066245104,0.04445213156733849,0.0,0.0,NaClFWater/data/S0_NaClFWater_matrix_BC_s_loss_split0.csv,0,0.31730250225617085,0.1831946850921421,0.12799838741338107,0.07389990342895357,3
NaClFWater,NaCl/NaF/water,"BC S-loss, fixed kappa_D",0.01,298.15,F,NaCl,neutral ion-pair NaCl: mu_Na + mu_Cl,0.0,0.0275,0.0275,-0.44212587519289187,kJ/mol,-0.178351568790124,-0.004582311792432847,-0.44212587519289187,-0.13389943722278552,0.04445213156733849,0.0,0.0,NaClFWater/data/S0_NaClFWater_matrix_BC_s_loss_split0.csv,0,0.3127364433817629,0.18055846977186696,0.126156460014123,0.07283646614916418,3
NaClFWater,NaCl/NaF/water,"BC S-loss, fixed kappa_D",0.01,298.15,F,NaCl,neutral ion-pair NaCl: mu_Na + mu_Cl,0.0,0.03,0.03,-0.3692183153043902,kJ/mol,-0.1489409904630783,-0.003826678181781063,-0.3692183153043902,-0.10448885889573979,0.04445213156733849,0.0,0.0,NaClFWater/data/S0_NaClFWater_matrix_BC_s_loss_split0.csv,0,0.30014991474240726,0.17329163407377207,0.12107911156110267,0.06990505765304336,3
NaClFWater,NaCl/NaF/water,"BC S-loss, fixed kappa_D",0.01,298.15,F,NaCl,neutral ion-pair NaCl: mu_Na + mu_Cl,0.0,0.0325,0.0325,-0.29251264951841477,kJ/mol,-0.11799827347766986,-0.0030316799774254832,-0.29251264951841477,-0.07354614191033138,0.04445213156733849,0.0,0.0,NaClFWater/data/S0_NaClFWater_matrix_BC_s_loss_split0.csv,0,0.2807249437599216,0.1620766218480333,0.11324316654449972,0.06538097268835254,3
NaClFWater,NaCl/NaF/water,"BC S-loss, fixed kappa_D",0.01,298.15,F,NaCl,neutral ion-pair NaCl: mu_Na + mu_Cl,0.0,0.034999999999999996,0.034999999999999996,-0.21347924116373987,kJ/mol,-0.08611655571858816,-0.0022125564213979487,-0.21347924116373987,-0.04166442415124967,0.04445213156733849,0.0,0.0,NaClFWater/data/S0_NaClFWater_matrix_BC_s_loss_split0.csv,0,0.2571786645904558,0.14848217123112814,0.10374470453475584,0.05989703309013948,3
NaClFWater,NaCl/NaF/water,"BC S-loss, fixed kappa_D",0.01,298.15,F,NaCl,neutral ion-pair NaCl: mu_Na + mu_Cl,0.0,0.0375,0.0375,-0.1336888048001131,kJ/mol,-0.05392945630104612,-0.0013855868229484258,-0.1336888048001131,-0.009477324733707633,0.04445213156733849,0.0,0.0,NaClFWater/data/S0_NaClFWater_matrix_BC_s_loss_split0.csv,0,0.23500123715616078,0.13567802753200453,0.09479843109416615,0.05473189971097102,3
NaClFWater,NaCl/NaF/water,"BC S-loss, fixed kappa_D",0.01,298.15,F,NaCl,neutral ion-pair NaCl: mu_Na + mu_Cl,0.0,0.04,0.04,-0.055017412115245176,kJ/mol,-0.02219377401796661,-0.0005702152949424999,-0.055017412115245176,0.022258357549371877,0.04445213156733849,0.0,0.0,NaClFWater/data/S0_NaClFWater_matrix_BC_s_loss_split0.csv,0,0.22433333843232223,0.12951891333210866,0.09049504922975776,0.052247341033129086,3
NaClFWater,NaCl/NaF/water,"BC S-loss, fixed kappa_D",0.01,298.15,F,NaCl,neutral ion-pair NaCl: mu_Na + mu_Cl,0.0025,0.0,0.0,-0.019058523816994265,kJ/mol,-0.007688121895380796,-0.0001975276800862958,-0.019058523816994265,0.03676400967195769,0.04445213156733849,0.0,0.0,NaClFWater/data/S0_NaClFWater_matrix_BC_s_loss_split0.csv,0,0.15570991773022907,0.08989916291704224,0.06281267318102893,0.03626491376958704,3
NaClFWater,NaCl/NaF/water,"BC S-loss, fixed kappa_D",0.01,298.15,F,NaCl,neutral ion-pair NaCl: mu_Na + mu_Cl,0.0025,0.0025,0.0025,-0.21675082907319845,kJ/mol,-0.0874362994133723,-0.002246464040695173,-0.21675082907319845,-0.04298416784603381,0.04445213156733849,0.0,0.0,NaClFWater/data/S0_NaClFWater_matrix_BC_s_loss_split0.csv,0,0.18379100731817485,0.10611178754978073,0.07414045710491964,0.04280501286736726,3
NaClFWater,NaCl/NaF/water,"BC S-loss, fixed kappa_D",0.01,298.15,F,NaCl,neutral ion-pair NaCl: mu_Na + mu_Cl,0.0025,0.005,0.005,-0.35276953303530306,kJ/mol,-0.14230562644802497,-0.0036561985668299712,-0.35276953303530306,-0.09785349488068648,0.04445213156733849,0.0,0.0,NaClFWater/data/S0_NaClFWater_matrix_BC_s_loss_split0.csv,0,0.20707523778918357,0.1195549442800909,0.08353320986059905,0.04822792119929036,3
NaClFWater,NaCl/NaF/water,"BC S-loss, fixed kappa_D",0.01,298.15,F,NaCl,neutral ion-pair NaCl: mu_Na + mu_Cl,0.0025,0.0075,0.0075,-0.43856862721491396,kJ/mol,-0.17691659112189534,-0.004545443515155512,-0.43856862721491396,-0.13246445955455685,0.04445213156733849,0.0,0.0,NaClFWater/data/S0_NaClFWater_matrix_BC_s_loss_split0.csv,0,0.22714034272880007,0.1311395380182966,0.09162738200638845,0.05290109366652905,3
NaClFWater,NaCl/NaF/water,"BC S-loss, fixed kappa_D",0.01,298.15,F,NaCl,neutral ion-pair NaCl: mu_Na + mu_Cl,0.0025,0.01,0.01,-0.484325002291858,kJ/mol,-0.19537450488584757,-0.005019674924938045,-0.484325002291858,-0.15092237331850908,0.04445213156733849,0.0,0.0,NaClFWater/data/S0_NaClFWater_matrix_BC_s_loss_split0.csv,0,0.24480396768927293,0.1413376366440902,0.09875280804223469,0.05701496030641564,3
NaClFWater,NaCl/NaF/water,"BC S-loss, fixed kappa_D",0.01,298.15,F,NaCl,neutral ion-pair NaCl: mu_Na + mu_Cl,0.0025,0.0125,0.0125,-0.4988099463731687,kJ/mol,-0.20121766550071069,-0.005169800791350099,-0.4988099463731687,-0.1567655339333722,0.04445213156733849,0.0,0.0,NaClFWater/data/S0_NaClFWater_matrix_BC_s_loss_split0.csv,0,0.26024024057666784,0.15024977295091216,0.1049797303741118,0.06061007559094778,3
NaClFWater,NaCl/NaF/water,"BC S-loss, fixed kappa_D",0.01,298.15,F,NaCl,neutral ion-pair NaCl: mu_Na + mu_Cl,0.0025,0.015,0.015,-0.4893353095277976,kJ/mol,-0.19739564005523902,-0.005071603100191169,-0.4893353095277976,-0.15294350848790053,0.04445213156733849,0.0,0.0,NaClFWater/data/S0_NaClFWater_matrix_BC_s_loss_split0.csv,0,0.27316019987155904,0.1577091149277366,0.11019158323828326,0.0636191402450539,3
NaClFWater,NaCl/NaF/water,"BC S-loss, fixed kappa_D",0.01,298.15,F,NaCl,neutral ion-pair NaCl: mu_Na + mu_Cl,0.0025,0.0175,0.0175,-0.46177186985671376,kJ/mol,-0.18627667375532506,-0.004785928178790755,-0.46177186985671376,-0.14182454218798657,0.04445213156733849,0.0,0.0,NaClFWater/data/S0_NaClFWater_matrix_BC_s_loss_split0.csv,0,0.28300430075709937,0.16339260922393314,0.11416264879851176,0.06591183601522148,3
NaClFWater,NaCl/NaF/water,"BC S-loss, fixed kappa_D",0.01,298.15,F,NaCl,neutral ion-pair NaCl: mu_Na + mu_Cl,0.0025,0.02,0.02,-0.42063451766923426,kJ/mol,-0.16968205283360713,-0.004359569567782273,-0.42063451766923426,-0.12522992126626864,0.04445213156733849,0.0,0.0,NaClFWater/data/S0_NaClFWater_matrix_BC_s_loss_split0.csv,0,0.2891331309777991,0.16693109100167164,0.11663499105677295,0.06733924348355746,3
NaClFWater,NaCl/NaF/water,"BC S-loss, fixed kappa_D",0.01,298.15,F,NaCl,neutral ion-pair NaCl: mu_Na + mu_Cl,0.0025,0.0225,0.0225,-0.36922626376448026,kJ/mol,-0.14894419683575644,-0.0038267605617647864,-0.36922626376448026,-0.10449206526841794,0.04445213156733849,0.0,0.0,NaClFWater/data/S0_NaClFWater_matrix_BC_s_loss_split0.csv,0,0.2910151723981125,0.1680176881223156,0.11739419801269801,0.06777757182393143,3
NaClFWater,NaCl/NaF/water,"BC S-loss, fixed kappa_D",0.01,298.15,F,NaCl,neutral ion-pair NaCl: mu_Na + mu_Cl,0.0025,0.025,0.025,-0.309830862006815,kJ/mol,-0.12498436169202587,-0.0032111706016166863,-0.309830862006815,-0.08053223012468738,0.04445213156733849,0.0,0.0,NaClFWater/data/S0_NaClFWater_matrix_BC_s_loss_split0.csv,0,0.2884127664485142,0.16651518834677437,0.11634439927939132,0.06717147024266189,3
NaClFWater,NaCl/NaF/water,"BC S-loss, fixed kappa_D",0.01,298.15,F,NaCl,neutral ion-pair NaCl: mu_Na + mu_Cl,0.0025,0.0275,0.0275,-0.24394211297203716,kJ/mol,-0.09840513976604273,-0.0025282818393179696,-0.24394211297203716,-0.053953008198704244,0.04445213156733849,0.0,0.0,NaClFWater/data/S0_NaClFWater_matrix_BC_s_loss_split0.csv,0,0.2815684897554575,0.16256364335562978,0.11358344916556283,0.06557743495122388,3
NaClFWater,NaCl/NaF/water,"BC S-loss, fixed kappa_D",0.01,298.15,F,NaCl,neutral ion-pair NaCl: mu_Na + mu_Cl,0.0025,0.03,0.03,-0.17251675278101558,kJ/mol,-0.06959247406103136,-0.0017880101460150397,-0.17251675278101558,-0.02514034249369288,0.04445213156733849,0.0,0.0,NaClFWater/data/S0_NaClFWater_matrix_BC_s_loss_split0.csv,0,0.2714011563594259,0.15669353068249028,0.10948199307954816,0.06320945817589388,3
NaClFWater,NaCl/NaF/water,"BC S-loss, fixed kappa_D",0.01,298.15,F,NaCl,neutral ion-pair NaCl: mu_Na + mu_Cl,0.0025,0.0325,0.0325,-0.09623725341752414,kJ/mol,-0.03882167067371881,-0.0009974288453804547,-0.09623725341752414,0.005630460893619677,0.04445213156733849,0.0,0.0,NaClFWater/data/S0_NaClFWater_matrix_BC_s_loss_split0.csv,0,0.2597373611123458,0.14995943535681588,0.10477687108356465,0.06049295472494277,3
NaClFWater,NaCl/NaF/water,"BC S-loss, fixed kappa_D",0.01,298.15,F,NaCl,neutral ion-pair NaCl: mu_Na + mu_Cl,0.0025,0.034999999999999996,0.034999999999999996,-0.015770891781868662,kJ/mol,-0.006361906073215892,-0.00016345377514426213,-0.015770891781868662,0.038090225494122595,0.04445213156733849,0.0,0.0,NaClFWater/data/S0_NaClFWater_matrix_BC_s_loss_split0.csv,0,0.2496197825488607,0.1441180486496406,0.10069548587088595,0.05813656587373616,3
NaClFWater,NaCl/NaF/water,"BC S-loss, fixed kappa_D",0.01,298.15,F,NaCl,neutral ion-pair NaCl: mu_Na + mu_Cl,0.0025,0.0375,0.0375,0.06798792399294597,kJ/mol,0.02742601956430478,0.0007046451776204776,0.06798792399294597,0.07187815113164327,0.04445213156733849,0.0,0.0,NaClFWater/data/S0_NaClFWater_matrix_BC_s_loss_split0.csv,0,0.24568206585840327,0.1418446068584125,0.09910702885310171,0.057219469786922286,3
NaClFWater,NaCl/NaF/water,"BC S-loss, fixed kappa_D",0.01,298.15,F,NaCl,neutral ion-pair NaCl: mu_Na + mu_Cl,0.0025,0.04,0.04,0.1537039181248213,kJ/mol,0.062003462056570854,0.0015930288546428528,0.1537039181248213,0.10645559362390934,0.04445213156733849,0.0,0.0,NaClFWater/data/S0_NaClFWater_matrix_BC_s_loss_split0.csv,0,0.2543209392071737,0.14683226271182018,0.1025919111022128,0.05923146749154072,3
NaClFWater,NaCl/NaF/water,"BC S-loss, fixed kappa_D",0.01,298.15,F,NaCl,neutral ion-pair NaCl: mu_Na + mu_Cl,0.005,0.0,0.0,-0.025369271832968738,kJ/mol,-0.010233848965521535,-0.0002629339742554749,-0.025369271832968738,0.03421828260181695,0.04445213156733849,0.0,0.0,NaClFWater/data/S0_NaClFWater_matrix_BC_s_loss_split0.csv,0,0.25631434892572946,0.14798315834943357,0.1033960435235301,0.05969573356145237,3
NaClFWater,NaCl/NaF/water,"BC S-loss, fixed kappa_D",0.01,298.15,F,NaCl,neutral ion-pair NaCl: mu_Na + mu_Cl,0.005,0.0025,0.0025,-0.17413297243712136,kJ/mol,-0.07024444972531507,-0.0018047610823543894,-0.17413297243712136,-0.02579231815797658,0.04445213156733849,0.0,0.0,NaClFWater/data/S0_NaClFWater_matrix_BC_s_loss_split0.csv,0,0.2646385399660351,0.1527891322873399,0.10675398435949561,0.06163444160701989,3
NaClFWater,NaCl/NaF/water,"BC S-loss, fixed kappa_D",0.01,298.15,F,NaCl,neutral ion-pair NaCl: mu_Na + mu_Cl,0.005,0.005,0.005,-0.270293488360971,kJ/mol,-0.1090351648428229,-0.0028013945996576695,-0.270293488360971,-0.06458303327548441,0.04445213156733849,0.0,0.0,NaClFWater/data/S0_NaClFWater_matrix_BC_s_loss_split0.csv,0,0.2699894443009758,0.15587847834552587,0.10891251485076396,0.06288066976720769,3
NaClFWater,NaCl/NaF/water,"BC S-loss, fixed kappa_D",0.01,298.15,F,NaCl,neutral ion-pair NaCl: mu_Na + mu_Cl,0.005,0.0075,0.0075,-0.324524709623334,kJ/mol,-0.13091179304361966,-0.003363461600599749,-0.324524709623334,-0.08645966147628116,0.04445213156733849,0.0,0.0,NaClFWater/data/S0_NaClFWater_matrix_BC_s_loss_split0.csv,0,0.2739765278574012,0.15818042211010958,0.1105208862379295,0.0638092634205446,3
NaClFWater,NaCl/NaF/water,"BC S-loss, fixed kappa_D",0.01,298.15,F,NaCl,neutral ion-pair NaCl: mu_Na + mu_Cl,0.005,0.01,0.01,-0.3461196086702346,kJ/mol,-0.13962307718006325,-0.0035872769575178154,-0.3461196086702346,-0.09517094561272477,0.04445213156733849,0.0,0.0,NaClFWater/data/S0_NaClFWater_matrix_BC_s_loss_split0.csv,0,0.27746897805695153,0.16019678917295135,0.11192972477681716,0.06462265673021611,3
NaClFWater,NaCl/NaF/water,"BC S-loss, fixed kappa_D",0.01,298.15,F,NaCl,neutral ion-pair NaCl: mu_Na + mu_Cl,0.005,0.0125,0.0125,-0.34288663314119533,kJ/mol,-0.1383189095440644,-0.0035537695273433196,-0.34288663314119533,-0.09386677797672592,0.04445213156733849,0.0,0.0,NaClFWater/data/S0_NaClFWater_matrix_BC_s_loss_split0.csv,0,0.28066801311315825,0.16204375292379933,0.1132202009803195,0.065367713513691,3
NaClFWater,NaCl/NaF/water,"BC S-loss, fixed kappa_D",0.01,298.15,F,NaCl,neutral ion-pair NaCl: mu_Na + mu_Cl,0.005,0.015,0.015,-0.32112156293336747,kJ/mol,-0.12953897913465393,-0.0033281904706257137,-0.32112156293336747,-0.08508684756731544,0.04445213156733849,0.0,0.0,NaClFWater/data/S0_NaClFWater_matrix_BC_s_loss_split0.csv,0,0.2832812912291395,0.16355252974752846,0.11427438549613597,0.06597634722767318,3
NaClFWater,NaCl/NaF/water,"BC S-loss, fixed kappa_D",0.01,298.15,F,NaCl,neutral ion-pair NaCl: mu_Na + mu_Cl,0.005,0.0175,0.0175,-0.2856516807189035,kJ/mol,-0.11523058984395568,-0.002960571046685345,-0.2856516807189035,-0.07077845827661719,0.04445213156733849,0.0,0.0,NaClFWater/data/S0_NaClFWater_matrix_BC_s_loss_split0.csv,0,0.28474379778690895,0.16439690830234827,0.11486435399510753,0.0663169656993678,3
NaClFWater,NaCl/NaF/water,"BC S-loss, fixed kappa_D",0.01,298.15,F,NaCl,neutral ion-pair NaCl: mu_Na + mu_Cl,0.005,0.02,0.02,-0.2399462116796648,kJ/mol,-0.0967932113442688,-0.0024868672408047137,-0.2399462116796648,-0.052341079776930304,0.04445213156733849,0.0,0.0,NaClFWater/data/S0_NaClFWater_matrix_BC_s_loss_split0.csv,0,0.28444723527451854,0.1642256878559881,0.11474472202535209,0.06624789614942582,3
NaClFWater,NaCl/NaF/water,"BC S-loss, fixed kappa_D",0.01,298.15,F,NaCl,neutral ion-pair NaCl: mu_Na + mu_Cl,0.005,0.0225,0.0225,-0.1862844121081373,kJ/mol,-0.07514628526579031,-0.0019307018798144782,-0.1862844121081373,-0.030694153698451822,0.04445213156733849,0.0,0.0,NaClFWater/data/S0_NaClFWater_matrix_BC_s_loss_split0.csv,0,0.28195750965739125,0.16278824410073134,0.11374037802608289,0.06566803787108876,3
NaClFWater,NaCl/NaF/water,"BC S-loss, fixed kappa_D",0.01,298.15,F,NaCl,neutral ion-pair NaCl: mu_Na + mu_Cl,0.005,0.025,0.025,-0.12597052942556106,kJ/mol,-0.05081593909103219,-0.0013055925356866283,-0.12597052942556106,-0.006363807523693707,0.04445213156733849,0.0,0.0,NaClFWater/data/S0_NaClFWater_matrix_BC_s_loss_split0.csv,0,0.2772127939814176,0.16004888122797975,0.11182638128498788,0.06456299133738949,3
NaClFWater,NaCl/NaF/water,"BC S-loss, fixed kappa_D",0.01,298.15,F,NaCl,neutral ion-pair NaCl: mu_Na + mu_Cl,0.005,0.0275,0.0275,-0.05958320838274127,kJ/mol,-0.024035595482789832,-0.0006175364386535875,-0.05958320838274127,0.020416536084548655,0.04445213156733849,0.0,0.0,NaClFWater/data/S0_NaClFWater_matrix_BC_s_loss_split0.csv,0,0.2707003085736242,0.1562888960246967,0.10919927426779283,0.06304623039382197,3
NaClFWater,NaCl/NaF/water,"BC S-loss, fixed kappa_D",0.01,298.15,F,NaCl,neutral ion-pair NaCl: mu_Na + mu_Cl,0.005,0.03,0.03,0.012754168760089045,kJ/mol,0.005144973715875481,0.00013218764426881085,0.012754168760089045,0.04959710528321397,0.04445213156733849,0.0,0.0,NaClFWater/data/S0_NaClFWater_matrix_BC_s_loss_split0.csv,0,0.26361094364252463,0.15219584927334287,0.10633945667255333,0.061395113935377214,3
NaClFWater,NaCl/NaF/water,"BC S-loss, fixed kappa_D",0.01,298.15,F,NaCl,neutral ion-pair NaCl: mu_Na + mu_Cl,0.005,0.0325,0.0325,0.09109619897004578,kJ/mol,0.036747792673379714,0.0009441455707701609,0.09109619897004578,0.0811999242407182,0.04445213156733849,0.0,0.0,NaClFWater/data/S0_NaClFWater_matrix_BC_s_loss_split0.csv,0,0.2579703479023964,0.14893924980439,0.1040640659849491,0.060081416509377344,3
NaClFWater,NaCl/NaF/water,"BC S-loss, fixed kappa_D",0.01,298.15,F,NaCl,neutral ion-pair NaCl: mu_Na + mu_Cl,0.005,0.034999999999999996,0.034999999999999996,0.17540508977905986,kJ/mol,0.07075761607985351,0.0018179456495204251,0.17540508977905986,0.115209747647192,0.04445213156733849,0.0,0.0,NaClFWater/data/S0_NaClFWater_matrix_BC_s_loss_split0.csv,0,0.2567423765441866,0.1482302802101704,0.10356870791962325,0.05979542139701621,3
NaClFWater,NaCl/NaF/water,"BC S-loss, fixed kappa_D",0.01,298.15,F,NaCl,neutral ion-pair NaCl: mu_Na + mu_Cl,0.005,0.0375,0.0375,0.265300346431089,kJ/mol,0.10702095407988649,0.0027496443302652547,0.265300346431089,0.15147308564722498,0.04445213156733849,0.0,0.0,NaClFWater/data/S0_NaClFWater_matrix_BC_s_loss_split0.csv,0,0.2638898201171929,0.15235685868106327,0.10645195417506673,0.06146006439873648,3
NaClFWater,NaCl/NaF/water,"BC S-loss, fixed kappa_D",0.01,298.15,F,NaCl,neutral ion-pair NaCl: mu_Na + mu_Cl,0.005,0.04,0.04,0.3598403719078679,kJ/mol,0.14515797071544415,0.0037294826475999794,0.3598403719078679,0.18961010228278263,0.04445213156733849,0.0,0.0,NaClFWater/data/S0_NaClFWater_matrix_BC_s_loss_split0.csv,0,0.28435783554802074,0.16417407289982913,0.1147086585819643,0.06622707491067797,3
NaClFWater,NaCl/NaF/water,"BC S-loss, fixed kappa_D",0.01,298.15,F,NaCl,neutral ion-pair NaCl: mu_Na + mu_Cl,0.0075,0.0,0.0,-0.014571050110064421,kJ/mol,-0.005877895395549289,-0.00015101829251307206,-0.014571050110064421,0.0385742361717892,0.04445213156733849,0.0,0.0,NaClFWater/data/S0_NaClFWater_matrix_BC_s_loss_split0.csv,0,0.3147349732842068,0.18171232154902647,0.1269626578943519,0.07330192471233445,3
NaClFWater,NaCl/NaF/water,"BC S-loss, fixed kappa_D",0.01,298.15,F,NaCl,neutral ion-pair NaCl: mu_Na + mu_Cl,0.0075,0.0025,0.0025,-0.12222357779131932,kJ/mol,-0.04930443582998425,-0.0012667581185610288,-0.12222357779131932,-0.004852304262645759,0.04445213156733849,0.0,0.0,NaClFWater/data/S0_NaClFWater_matrix_BC_s_loss_split0.csv,0,0.3107890648492196,0.179434150251889,0.12537089636405216,0.07238292076433019,3
NaClFWater,NaCl/NaF/water,"BC S-loss, fixed kappa_D",0.01,298.15,F,NaCl,neutral ion-pair NaCl: mu_Na + mu_Cl,0.0075,0.005,0.005,-0.18501585381260113,kJ/mol,-0.07463455461439632,-0.0019175541995650747,-0.18501585381260113,-0.03018242304705783,0.04445213156733849,0.0,0.0,NaClFWater/data/S0_NaClFWater_matrix_BC_s_loss_split0.csv,0,0.3052266545884152,0.17622269119047043,0.12312704534348944,0.07108743277358688,3
NaClFWater,NaCl/NaF/water,"BC S-loss, fixed kappa_D",0.01,298.15,F,NaCl,neutral ion-pair NaCl: mu_Na + mu_Cl,0.0075,0.0075,0.0075,-0.21285115783678374,kJ/mol,-0.08586318975884949,-0.0022060467964308828,-0.21285115783678374,-0.041411058191511,0.04445213156733849,0.0,0.0,NaClFWater/data/S0_NaClFWater_matrix_BC_s_loss_split0.csv,0,0.2996121777888006,0.17298117149885406,0.12086219091778966,0.06977981846123381,3
NaClFWater,NaCl/NaF/water,"BC S-loss, fixed kappa_D",0.01,298.15,F,NaCl,neutral ion-pair NaCl: mu_Na + mu_Cl,0.0075,0.01,0.01,-0.21417880030413075,kJ/mol,-0.08639875469664107,-0.0022198068409693406,-0.21417880030413075,-0.041946623129302585,0.04445213156733849,0.0,0.0,NaClFWater/data/S0_NaClFWater_matrix_BC_s_loss_split0.csv,0,0.2948507366363054,0.17023215216773038,0.11894144719547553,0.06867087655611145,3
NaClFWater,NaCl/NaF/water,"BC S-loss, fixed kappa_D",0.01,298.15,F,NaCl,neutral ion-pair NaCl: mu_Na + mu_Cl,0.0075,0.0125,0.0125,-0.19591371939859187,kJ/mol,-0.07903070406590121,-0.002030502617174079,-0.19591371939859187,-0.034578572498562714,0.04445213156733849,0.0,0.0,NaClFWater/data/S0_NaClFWater_matrix_BC_s_loss_split0.csv,0,0.2912040061385307,0.16812671133317814,0.11747037268541853,0.06782155129173205,3
NaClFWater,NaCl/NaF/water,"BC S-loss, fixed kappa_D",0.01,298.15,F,NaCl,neutral ion-pair NaCl: mu_Na + mu_Cl,0.0075,0.015,0.015,-0.16343157639571468,kJ/mol,-0.06592755519522993,-0.0016938489280846625,-0.16343157639571468,-0.021475423627891437,0.04445213156733849,0.0,0.0,NaClFWater/data/S0_NaClFWater_matrix_BC_s_loss_split0.csv,0,0.2884177629974332,0.16651807310563776,0.1163464148645182,0.06717263394127747,3
NaClFWater,NaCl/NaF/water,"BC S-loss, fixed kappa_D",0.01,298.15,F,NaCl,neutral ion-pair NaCl: mu_Na + mu_Cl,0.0075,0.0175,0.0175,-0.12063559058726579,kJ/mol,-0.04866384900855466,-0.0012502997909678015,-0.12063559058726579,-0.0042117174412161715,0.04445213156733849,0.0,0.0,NaClFWater/data/S0_NaClFWater_matrix_BC_s_loss_split0.csv,0,0.2859263169862354,0.16507963608040127,0.11534137686609941,0.06659237498234458,3
NaClFWater,NaCl/NaF/water,"BC S-loss, fixed kappa_D",0.01,298.15,F,NaCl,neutral ion-pair NaCl: mu_Na + mu_Cl,0.0075,0.02,0.02,-0.07008850214738177,kJ/mol,-0.028273383245623902,-0.0007264161360467369,-0.07008850214738177,0.016178748321714585,0.04445213156733849,0.0,0.0,NaClFWater/data/S0_NaClFWater_matrix_BC_s_loss_split0.csv,0,0.28309302401426195,0.16344383362033935,0.11419843935724396,0.06593249970393995,3
NaClFWater,NaCl/NaF/water,"BC S-loss, fixed kappa_D",0.01,298.15,F,NaCl,neutral ion-pair NaCl: mu_Na + mu_Cl,0.0075,0.0225,0.0225,-0.013200531727400877,kJ/mol,-0.005325034508370713,-0.00013681387042652207,-0.013200531727400877,0.039127097058967775,0.04445213156733849,0.0,0.0,NaClFWater/data/S0_NaClFWater_matrix_BC_s_loss_split0.csv,0,0.27945031271227777,0.16134071326955868,0.11272898617250343,0.06508411051216846,3
NaClFWater,NaCl/NaF/water,"BC S-loss, fixed kappa_D",0.01,298.15,F,NaCl,neutral ion-pair NaCl: mu_Na + mu_Cl,0.0075,0.025,0.025,0.0495378791406898,kJ/mol,0.019983355318036883,0.0005134239376047844,0.0495378791406898,0.06443548688537537,0.04445213156733849,0.0,0.0,NaClFWater/data/S0_NaClFWater_matrix_BC_s_loss_split0.csv,0,0.27491645613481913,0.1587230899540958,0.11090004903348982,0.06402817316262804,3
NaClFWater,NaCl/NaF/water,"BC S-loss, fixed kappa_D",0.01,298.15,F,NaCl,neutral ion-pair NaCl: mu_Na + mu_Cl,0.0075,0.0275,0.0275,0.11829133243496824,kJ/mol,0.04771818592351379,0.0012260032673339083,0.11829133243496824,0.09217031749085228,0.04445213156733849,0.0,0.0,NaClFWater/data/S0_NaClFWater_matrix_BC_s_loss_split0.csv,0,0.26997969465131555,0.15587284938267001,0.10890858188639876,0.06287839906917272,3
NaClFWater,NaCl/NaF/water,"BC S-loss, fixed kappa_D",0.01,298.15,F,NaCl,neutral ion-pair NaCl: mu_Na + mu_Cl,0.0075,0.03,0.03,0.19359652170080102,kJ/mol,0.07809595704523078,0.00200648655538771,0.19359652170080102,0.12254808861256927,0.04445213156733849,0.0,0.0,NaClFWater/data/S0_NaClFWater_matrix_BC_s_loss_split0.csv,0,0.26584748235204375,0.15348711549933675,0.10724166622391364,0.06191600486272054,3
NaClFWater,NaCl/NaF/water,"BC S-loss, fixed kappa_D",0.01,298.15,F,NaCl,neutral ion-pair NaCl: mu_Na + mu_Cl,0.0075,0.0325,0.0325,0.2760752326811352,kJ/mol,0.11136749422615697,0.002861318156874404,0.2760752326811352,0.15581962579349545,0.04445213156733849,0.0,0.0,NaClFWater/data/S0_NaClFWater_matrix_BC_s_loss_split0.csv,0,0.2645601404951957,0.15274386833174647,0.10672235836924925,0.06161618233303776,3
NaClFWater,NaCl/NaF/water,"BC S-loss, fixed kappa_D",0.01,298.15,F,NaCl,neutral ion-pair NaCl: mu_Na + mu_Cl,0.0075,0.034999999999999996,0.034999999999999996,0.36615723579079484,kJ/mol,0.14770616489851965,0.0037949523282634345,0.36615723579079484,0.19215829646585814,0.04445213156733849,0.0,0.0,NaClFWater/data/S0_NaClFWater_matrix_BC_s_loss_split0.csv,0,0.2690662014770578,0.1553454438526094,0.10854008289131763,0.06266564607516653,3
NaClFWater,NaCl/NaF/water,"BC S-loss, fixed kappa_D",0.01,298.15,F,NaCl,neutral ion-pair NaCl: mu_Na + mu_Cl,0.0075,0.0375,0.0375,0.46382619998778474,kJ/mol,0.1871053811941952,0.0048072198102318,0.46382619998778474,0.2315575127615337,0.04445213156733849,0.0,0.0,NaClFWater/data/S0_NaClFWater_matrix_BC_s_loss_split0.csv,0,0.28325215405099724,0.1635357073898846,0.1142626316908887,0.06596956116504965,3
NaClFWater,NaCl/NaF/water,"BC S-loss, fixed kappa_D",0.01,298.15,F,NaCl,neutral ion-pair NaCl: mu_Na + mu_Cl,0.0075,0.04,0.04,0.5684003939639275,kJ/mol,0.2292901358016262,0.005891054955668552,0.5684003939639275,0.2737422673689647,0.04445213156733849,0.0,0.0,NaClFWater/data/S0_NaClFWater_matrix_BC_s_loss_split0.csv,0,0.3119154789052669,0.1800844857103669,0.1258252866752178,0.07264526313279884,3
NaClFWater,NaCl/NaF/water,"BC S-loss, fixed kappa_D",0.01,298.15,F,NaCl,neutral ion-pair NaCl: mu_Na + mu_Cl,0.01,0.0,0.0,0.016090499015244633,kJ/mol,0.006490834178689037,0.0001667662706950068,0.016090499015244633,0.050942965746027524,0.04445213156733849,0.0,0.0,NaClFWater/data/S0_NaClFWater_matrix_BC_s_loss_split0.csv,0,0.3421834772647131,0.19755972271102432,0.13803525965901775,0.0796946943217938,3
NaClFWater,NaCl/NaF/water,"BC S-loss, fixed kappa_D",0.01,298.15,F,NaCl,neutral ion-pair NaCl: mu_Na + mu_Cl,0.01,0.0025,0.0025,-0.05744578545726026,kJ/mol,-0.023173368788273935,-0.0005953836110847988,-0.05744578545726026,0.021278762779064552,0.04445213156733849,0.0,0.0,NaClFWater/data/S0_NaClFWater_matrix_BC_s_loss_split0.csv,0,0.33178852111325563,0.19155819197876597,0.13384198158790703,0.07727370409865106,3
NaClFWater,NaCl/NaF/water,"BC S-loss, fixed kappa_D",0.01,298.15,F,NaCl,neutral ion-pair NaCl: mu_Na + mu_Cl,0.01,0.005,0.005,-0.09263600675331785,kJ/mol,-0.037368944135419795,-0.000960104553854535,-0.09263600675331785,0.00708318743191869,0.04445213156733849,0.0,0.0,NaClFWater/data/S0_NaClFWater_matrix_BC_s_loss_split0.csv,0,0.32074365941701505,0.1851814381052793,0.12938653457355842,0.07470135056555678,3
NaClFWater,NaCl/NaF/water,"BC S-loss, fixed kappa_D",0.01,298.15,F,NaCl,neutral ion-pair NaCl: mu_Na + mu_Cl,0.01,0.0075,0.0075,-0.09863057965597805,kJ/mol,-0.03978712760172284,-0.0010222339238907807,-0.09863057965597805,0.004665003965615652,0.04445213156733849,0.0,0.0,NaClFWater/data/S0_NaClFWater_matrix_BC_s_loss_split0.csv,0,0.3104839019378559,0.17925796436286648,0.12524779503243583,0.0723118481773839,3
NaClFWater,NaCl/NaF/water,"BC S-loss, fixed kappa_D",0.01,298.15,F,NaCl,neutral ion-pair NaCl: mu_Na + mu_Cl,0.01,0.01,0.01,-0.08308141403559044,kJ/mol,-0.033514664854403006,-0.0008610781784739175,-0.08308141403559044,0.010937466712935485,0.04445213156733849,0.0,0.0,NaClFWater/data/S0_NaClFWater_matrix_BC_s_loss_split0.csv,0,0.301885352352376,0.17429358944504933,0.12177917920618286,0.07030924189638135,3
NaClFWater,NaCl/NaF/water,"BC S-loss, fixed kappa_D",0.01,298.15,F,NaCl,neutral ion-pair NaCl: mu_Na + mu_Cl,0.01,0.0125,0.0125,-0.052082905229565234,kJ/mol,-0.021010007276293555,-0.0005398012742716674,-0.052082905229565234,0.023442124291044933,0.04445213156733849,0.0,0.0,NaClFWater/data/S0_NaClFWater_matrix_BC_s_loss_split0.csv,0,0.29524068949461935,0.1704572915554492,0.11909875240635955,0.06876169676196028,3
NaClFWater,NaCl/NaF/water,"BC S-loss, fixed kappa_D",0.01,298.15,F,NaCl,neutral ion-pair NaCl: mu_Na + mu_Cl,0.01,0.015,0.015,-0.010187753298495961,kJ/mol,-0.004109693381869561,-0.0001055886223753077,-0.010187753298495961,0.040342438185468926,0.04445213156733849,0.0,0.0,NaClFWater/data/S0_NaClFWater_matrix_BC_s_loss_split0.csv,0,0.2903371067887126,0.16762620676020035,0.11712066942736846,0.06761965002156035,3
NaClFWater,NaCl/NaF/water,"BC S-loss, fixed kappa_D",0.01,298.15,F,NaCl,neutral ion-pair NaCl: mu_Na + mu_Cl,0.01,0.0175,0.0175,0.03950668114275032,kJ/mol,0.015936815632938577,0.00040945789658053394,0.03950668114275032,0.060388947200277064,0.04445213156733849,0.0,0.0,NaClFWater/data/S0_NaClFWater_matrix_BC_s_loss_split0.csv,0,0.2866240779343383,0.1654824885516185,0.1156228504615553,0.0667548838384508,3
NaClFWater,NaCl/NaF/water,"BC S-loss, fixed kappa_D",0.01,298.15,F,NaCl,neutral ion-pair NaCl: mu_Na + mu_Cl,0.01,0.02,0.02,0.09520856462574395,kJ/mol,0.03840670229004127,0.00098676723735025,0.09520856462574395,0.08285883385737976,0.04445213156733849,0.0,0.0,NaClFWater/data/S0_NaClFWater_matrix_BC_s_loss_split0.csv,0,0.28344059909504055,0.16364450618679047,0.11433864956525806,0.06601345010528004,3
NaClFWater,NaCl/NaF/water,"BC S-loss, fixed kappa_D",0.01,298.15,F,NaCl,neutral ion-pair NaCl: mu_Na + mu_Cl,0.01,0.0225,0.0225,0.1562278549490358,kJ/mol,0.06302160670130451,0.0016191876164839414,0.1562278549490358,0.107473738268643,0.04445213156733849,0.0,0.0,NaClFWater/data/S0_NaClFWater_matrix_BC_s_loss_split0.csv,0,0.2802611448357423,0.16180884741430854,0.11305607216624274,0.06527295369870201,3
NaClFWater,NaCl/NaF/water,"BC S-loss, fixed kappa_D",0.01,298.15,F,NaCl,neutral ion-pair NaCl: mu_Na + mu_Cl,0.01,0.025,0.025,0.2227301707813874,kJ/mol,0.08984833868504455,0.0023084355505247345,0.2227301707813874,0.13430047025238304,0.04445213156733849,0.0,0.0,NaClFWater/data/S0_NaClFWater_matrix_BC_s_loss_split0.csv,0,0.2769272116801667,0.15988400020947674,0.11171117868250599,0.06449647908383523,3
NaClFWater,NaCl/NaF/water,"BC S-loss, fixed kappa_D",0.01,298.15,F,NaCl,neutral ion-pair NaCl: mu_Na + mu_Cl,0.01,0.0275,0.0275,0.29546127853287435,kJ/mol,0.11918773702191393,0.0030622403636471063,0.29546127853287435,0.16363986858925242,0.04445213156733849,0.0,0.0,NaClFWater/data/S0_NaClFWater_matrix_BC_s_loss_split0.csv,0,0.2738489126515174,0.15810674343663988,0.11046940684382951,0.06377954177850326,3
NaClFWater,NaCl/NaF/water,"BC S-loss, fixed kappa_D",0.01,298.15,F,NaCl,neutral ion-pair NaCl: mu_Na + mu_Cl,0.01,0.03,0.03,0.3754561099071736,kJ/mol,0.1514572884578781,0.003891328367103597,0.3754561099071736,0.19590942002521658,0.04445213156733849,0.0,0.0,NaClFWater/data/S0_NaClFWater_matrix_BC_s_loss_split0.csv,0,0.2721762177329184,0.15714101257511465,0.10979464931531066,0.06338997033777517,3
NaClFWater,NaCl/NaF/water,"BC S-loss, fixed kappa_D",0.01,298.15,F,NaCl,neutral ion-pair NaCl: mu_Na + mu_Cl,0.01,0.0325,0.0325,0.46374651669238454,kJ/mol,0.1870732373149554,0.004806393951071186,0.46374651669238454,0.23152536888229389,0.04445213156733849,0.0,0.0,NaClFWater/data/S0_NaClFWater_matrix_BC_s_loss_split0.csv,0,0.273944402872657,0.1581618747415198,0.11050792716507725,0.06380178149634491,3
NaClFWater,NaCl/NaF/water,"BC S-loss, fixed kappa_D",0.01,298.15,F,NaCl,neutral ion-pair NaCl: mu_Na + mu_Cl,0.01,0.034999999999999996,0.034999999999999996,0.5610816585118887,kJ/mol,0.2263377911806254,0.005815201607902054,0.5610816585118887,0.2707899227479639,0.04445213156733849,0.0,0.0,NaClFWater/data/S0_NaClFWater_matrix_BC_s_loss_split0.csv,0,0.2821866119782542,0.16292051638735353,0.1138327968611523,0.06572139591039428,3
NaClFWater,NaCl/NaF/water,"BC S-loss, fixed kappa_D",0.01,298.15,F,NaCl,neutral ion-pair NaCl: mu_Na + mu_Cl,0.01,0.0375,0.0375,0.6676740200034396,kJ/mol,0.2693366653921109,0.006919953585679651,0.6676740200034396,0.31378879695944933,0.04445213156733849,0.0,0.0,NaClFWater/data/S0_NaClFWater_matrix_BC_s_loss_split0.csv,0,0.30097508193845374,0.17376804457653594,0.1214119802579751,0.07009723948478745,3
NaClFWater,NaCl/NaF/water,"BC S-loss, fixed kappa_D",0.01,298.15,F,NaCl,neutral ion-pair NaCl: mu_Na + mu_Cl,0.01,0.04,0.04,0.7829826253789518,kJ/mol,0.3158516327749893,0.008115043065458847,0.7829826253789518,0.3603037643423278,0.04445213156733849,0.0,0.0,NaClFWater/data/S0_NaClFWater_matrix_BC_s_loss_split0.csv,0,0.335330204807982,0.19360298401330076,0.1352706806950047,0.07809856391272488,3
NaClFWater,NaCl/NaF/water,"BC S-loss, fixed kappa_D",0.01,298.15,F,NaCl,neutral ion-pair NaCl: mu_Na + mu_Cl,0.0125,0.0,0.0,0.06793631380404594,kJ/mol,0.027405200248647538,0.000704110275705716,0.06793631380404594,0.07185733181598603,0.04445213156733849,0.0,0.0,NaClFWater/data/S0_NaClFWater_matrix_BC_s_loss_split0.csv,0,0.3481261314267565,0.20099071569118093,0.14043249934130328,0.0810787412976734,3
NaClFWater,NaCl/NaF/water,"BC S-loss, fixed kappa_D",0.01,298.15,F,NaCl,neutral ion-pair NaCl: mu_Na + mu_Cl,0.0125,0.0025,0.0025,0.022369500859878825,kJ/mol,0.009023754987583135,0.0002318435389838668,0.022369500859878825,0.05347588655492162,0.04445213156733849,0.0,0.0,NaClFWater/data/S0_NaClFWater_matrix_BC_s_loss_split0.csv,0,0.3355711863650395,0.19374211478013764,0.13536789155996923,0.07815468863178031,3
NaClFWater,NaCl/NaF/water,"BC S-loss, fixed kappa_D",0.01,298.15,F,NaCl,neutral ion-pair NaCl: mu_Na + mu_Cl,0.0125,0.005,0.005,0.00975338672415581,kJ/mol,0.00393447187978091,0.00010108673006925535,0.00975338672415581,0.0483866034471194,0.04445213156733849,0.0,0.0,NaClFWater/data/S0_NaClFWater_matrix_BC_s_loss_split0.csv,0,0.3230327100356427,0.18650302209613265,0.1303099271904102,0.07523447154146387,3
NaClFWater,NaCl/NaF/water,"BC S-loss, fixed kappa_D",0.01,298.15,F,NaCl,neutral ion-pair NaCl: mu_Na + mu_Cl,0.0125,0.0075,0.0075,0.021665823278523597,kJ/mol,0.00873989464916166,0.00022455043477975773,0.021665823278523597,0.05319202621650015,0.04445213156733849,0.0,0.0,NaClFWater/data/S0_NaClFWater_matrix_BC_s_loss_split0.csv,0,0.31175477023787923,0.17999170051798952,0.12576045752914203,0.07260783400786065,3
NaClFWater,NaCl/NaF/water,"BC S-loss, fixed kappa_D",0.01,298.15,F,NaCl,neutral ion-pair NaCl: mu_Na + mu_Cl,0.0125,0.01,0.01,0.05120174042393938,kJ/mol,0.02065454939820069,0.000530668644614707,0.05120174042393938,0.06510668096553918,0.04445213156733849,0.0,0.0,NaClFWater/data/S0_NaClFWater_matrix_BC_s_loss_split0.csv,0,0.3025165926938202,0.17465803622610548,0.12203381869121882,0.07045625807161317,3
NaClFWater,NaCl/NaF/water,"BC S-loss, fixed kappa_D",0.01,298.15,F,NaCl,neutral ion-pair NaCl: mu_Na + mu_Cl,0.0125,0.0125,0.0125,0.09301264732939339,kJ/mol,0.03752087923214713,0.000964008158348406,0.09301264732939339,0.08197301079948562,0.04445213156733849,0.0,0.0,NaClFWater/data/S0_NaClFWater_matrix_BC_s_loss_split0.csv,0,0.2955843319881909,0.17065569364161773,0.11923737622656616,0.06884173126187267,3
NaClFWater,NaCl/NaF/water,"BC S-loss, fixed kappa_D",0.01,298.15,F,NaCl,neutral ion-pair NaCl: mu_Na + mu_Cl,0.0125,0.015,0.015,0.14327261603001576,kJ/mol,0.057795522197089444,0.0014849160268681771,0.14327261603001576,0.10224765376442793,0.04445213156733849,0.0,0.0,NaClFWater/data/S0_NaClFWater_matrix_BC_s_loss_split0.csv,0,0.2907535819778893,0.16786665882278232,0.11728867362599046,0.06771664729085976,3
NaClFWater,NaCl/NaF/water,"BC S-loss, fixed kappa_D",0.01,298.15,F,NaCl,neutral ion-pair NaCl: mu_Na + mu_Cl,0.0125,0.0175,0.0175,0.19957549089587967,kJ/mol,0.08050784604680725,0.002068454204390946,0.19957549089587967,0.12495997761414573,0.04445213156733849,0.0,0.0,NaClFWater/data/S0_NaClFWater_matrix_BC_s_loss_split0.csv,0,0.2874839321598343,0.16597892562017247,0.11596971174847076,0.0669551442958229,3
NaClFWater,NaCl/NaF/water,"BC S-loss, fixed kappa_D",0.01,298.15,F,NaCl,neutral ion-pair NaCl: mu_Na + mu_Cl,0.0125,0.02,0.02,0.2607707850903864,kJ/mol,0.10519374961986036,0.0027026987351064236,0.2607707850903864,0.14964588118719885,0.04445213156733849,0.0,0.0,NaClFWater/data/S0_NaClFWater_matrix_BC_s_loss_split0.csv,0,0.28510556786013136,0.16460577635150797,0.1150102903985636,0.06640122212118774,3
NaClFWater,NaCl/NaF/water,"BC S-loss, fixed kappa_D",0.01,298.15,F,NaCl,neutral ion-pair NaCl: mu_Na + mu_Cl,0.0125,0.0225,0.0225,0.32674808209769723,kJ/mol,0.1318086913955527,0.003386505232469972,0.32674808209769723,0.1762608229628912,0.04445213156733849,0.0,0.0,NaClFWater/data/S0_NaClFWater_matrix_BC_s_loss_split0.csv,0,0.2830592329852136,0.1634243243606221,0.11418480820969087,0.06592462975723082,3
NaClFWater,NaCl/NaF/water,"BC S-loss, fixed kappa_D",0.01,298.15,F,NaCl,neutral ion-pair NaCl: mu_Na + mu_Cl,0.0125,0.025,0.025,0.39818167370802954,kJ/mol,0.16062467761770594,0.004126862238422291,0.39818167370802954,0.20507680918504442,0.04445213156733849,0.0,0.0,NaClFWater/data/S0_NaClFWater_matrix_BC_s_loss_split0.csv,0,0.2811328250070154,0.16231211219584032,0.11340770398594106,0.06547596842446048,3
NaClFWater,NaCl/NaF/water,"BC S-loss, fixed kappa_D",0.01,298.15,F,NaCl,neutral ion-pair NaCl: mu_Na + mu_Cl,0.0125,0.0275,0.0275,0.4762485371806303,kJ/mol,0.19211649556386948,0.004935968262657298,0.4762485371806303,0.23656862713120796,0.04445213156733849,0.0,0.0,NaClFWater/data/S0_NaClFWater_matrix_BC_s_loss_split0.csv,0,0.2796762154291586,0.1614711382639605,0.11282011430186717,0.06513672336218736,3
NaClFWater,NaCl/NaF/water,"BC S-loss, fixed kappa_D",0.01,298.15,F,NaCl,neutral ion-pair NaCl: mu_Na + mu_Cl,0.0125,0.03,0.03,0.5623335818031012,kJ/mol,0.2268428113468738,0.005828176878480917,0.5623335818031012,0.2712949429142123,0.04445213156733849,0.0,0.0,NaClFWater/data/S0_NaClFWater_matrix_BC_s_loss_split0.csv,0,0.2797951394015322,0.16153979905142352,0.11286808769186686,0.06516442081181763,3
NaClFWater,NaCl/NaF/water,"BC S-loss, fixed kappa_D",0.01,298.15,F,NaCl,neutral ion-pair NaCl: mu_Na + mu_Cl,0.0125,0.0325,0.0325,0.6577362755515267,kJ/mol,0.2653278244427755,0.006816956122406737,0.6577362755515267,0.30977995601011393,0.04445213156733849,0.0,0.0,NaClFWater/data/S0_NaClFWater_matrix_BC_s_loss_split0.csv,0,0.28353060183437695,0.16369646929257414,0.11437495626128451,0.06603441178600429,3
NaClFWater,NaCl/NaF/water,"BC S-loss, fixed kappa_D",0.01,298.15,F,NaCl,neutral ion-pair NaCl: mu_Na + mu_Cl,0.0125,0.034999999999999996,0.034999999999999996,0.7633923872750966,kJ/mol,0.3079490197526904,0.00791200455512353,0.7633923872750966,0.35240115132002886,0.04445213156733849,0.0,0.0,NaClFWater/data/S0_NaClFWater_matrix_BC_s_loss_split0.csv,0,0.2940076448657439,0.16974539290704513,0.11860134780670287,0.06847452008245233,3
NaClFWater,NaCl/NaF/water,"BC S-loss, fixed kappa_D",0.01,298.15,F,NaCl,neutral ion-pair NaCl: mu_Na + mu_Cl,0.0125,0.0375,0.0375,0.8796235994864499,kJ/mol,0.35483616254031514,0.009116656180935934,0.8796235994864499,0.3992882941076536,0.04445213156733849,0.0,0.0,NaClFWater/data/S0_NaClFWater_matrix_BC_s_loss_split0.csv,0,0.3154819771838857,0.1821436044515918,0.12726399587268655,0.073475902275243,3
NaClFWater,NaCl/NaF/water,"BC S-loss, fixed kappa_D",0.01,298.15,F,NaCl,neutral ion-pair NaCl: mu_Na + mu_Cl,0.0125,0.04,0.04,1.0059262603926091,kJ/mol,0.4057860819612329,0.010425691016848758,1.0059262603926091,0.4502382135285714,0.04445213156733849,0.0,0.0,NaClFWater/data/S0_NaClFWater_matrix_BC_s_loss_split0.csv,0,0.3531807730665109,0.20390901440255021,0.14247151880771375,0.08225596973548836,3
NaClFWater,NaCl/NaF/water,"BC S-loss, fixed kappa_D",0.01,298.15,F,NaCl,neutral ion-pair NaCl: mu_Na + mu_Cl,0.015,0.0,0.0,0.14106520253906993,kJ/mol,0.05690506162654059,0.0014620377982055288,0.14106520253906993,0.10135719319387908,0.04445213156733849,0.0,0.0,NaClFWater/data/S0_NaClFWater_matrix_BC_s_loss_split0.csv,0,0.3403210821375666,0.19648446838302885,0.13728397792847277,0.0792609416124264,3
NaClFWater,NaCl/NaF/water,"BC S-loss, fixed kappa_D",0.01,298.15,F,NaCl,neutral ion-pair NaCl: mu_Na + mu_Cl,0.015,0.0025,0.0025,0.1181742233456136,kJ/mol,0.04767094464907612,0.001224789517152658,0.1181742233456136,0.0921230762164146,0.04445213156733849,0.0,0.0,NaClFWater/data/S0_NaClFWater_matrix_BC_s_loss_split0.csv,0,0.3285321729114343,0.18967813846786927,0.13252838552192617,0.07651529905635059,3
NaClFWater,NaCl/NaF/water,"BC S-loss, fixed kappa_D",0.01,298.15,F,NaCl,neutral ion-pair NaCl: mu_Na + mu_Cl,0.015,0.005,0.005,0.12383954171354102,kJ/mol,0.04995630833238131,0.0012835064044054434,0.12383954171354102,0.0944084398997198,0.04445213156733849,0.0,0.0,NaClFWater/data/S0_NaClFWater_matrix_BC_s_loss_split0.csv,0,0.3172101170401838,0.18314134646282282,0.12796111963710105,0.0738783868682862,3
NaClFWater,NaCl/NaF/water,"BC S-loss, fixed kappa_D",0.01,298.15,F,NaCl,neutral ion-pair NaCl: mu_Na + mu_Cl,0.015,0.0075,0.0075,0.1503372895320244,kJ/mol,0.06064537938204509,0.0015581362080752115,0.1503372895320244,0.10509751094938358,0.04445213156733849,0.0,0.0,NaClFWater/data/S0_NaClFWater_matrix_BC_s_loss_split0.csv,0,0.30737342365141035,0.17746212888687865,0.12399304222740455,0.07158741630763266,3
NaClFWater,NaCl/NaF/water,"BC S-loss, fixed kappa_D",0.01,298.15,F,NaCl,neutral ion-pair NaCl: mu_Na + mu_Cl,0.015,0.01,0.01,0.19145606926555606,kJ/mol,0.07723250826024386,0.0019843023291628015,0.19145606926555606,0.12168463982758235,0.04445213156733849,0.0,0.0,NaClFWater/data/S0_NaClFWater_matrix_BC_s_loss_split0.csv,0,0.29965103322749265,0.1730036046968424,0.12087786502517757,0.06978886791135352,3
NaClFWater,NaCl/NaF/water,"BC S-loss, fixed kappa_D",0.01,298.15,F,NaCl,neutral ion-pair NaCl: mu_Na + mu_Cl,0.015,0.0125,0.0125,0.2425188675035214,kJ/mol,0.09783100901205219,0.0025135309394954675,0.2425188675035214,0.14228314057939068,0.04445213156733849,0.0,0.0,NaClFWater/data/S0_NaClFWater_matrix_BC_s_loss_split0.csv,0,0.294223422364604,0.1698699721040971,0.11868839146913163,0.06852477476438683,3
NaClFWater,NaCl/NaF/water,"BC S-loss, fixed kappa_D",0.01,298.15,F,NaCl,neutral ion-pair NaCl: mu_Na + mu_Cl,0.015,0.015,0.015,0.3003333282583757,kJ/mol,0.12115309973991265,0.00311273560078007,0.3003333282583757,0.16560523130725113,0.04445213156733849,0.0,0.0,NaClFWater/data/S0_NaClFWater_matrix_BC_s_loss_split0.csv,0,0.29084775841045,0.16792103161147257,0.11732666397089603,0.06773858102671759,3
NaClFWater,NaCl/NaF/water,"BC S-loss, fixed kappa_D",0.01,298.15,F,NaCl,neutral ion-pair NaCl: mu_Na + mu_Cl,0.015,0.0175,0.0175,0.36307550845349373,kJ/mol,0.14646301009571316,0.003763012475133109,0.36307550845349373,0.19091514166305165,0.04445213156733849,0.0,0.0,NaClFWater/data/S0_NaClFWater_matrix_BC_s_loss_split0.csv,0,0.28897335288490633,0.1668388430767294,0.11657053730021939,0.06730203108986098,3
NaClFWater,NaCl/NaF/water,"BC S-loss, fixed kappa_D",0.01,298.15,F,NaCl,neutral ion-pair NaCl: mu_Na + mu_Cl,0.015,0.02,0.02,0.43011486487267225,kJ/mol,0.17350638181157194,0.00445782644263204,0.43011486487267225,0.21795851337891042,0.04445213156733849,0.0,0.0,NaClFWater/data/S0_NaClFWater_matrix_BC_s_loss_split0.csv,0,0.28793135794392444,0.16623724701705928,0.11615020127642438,0.06705934997337283,3
NaClFWater,NaCl/NaF/water,"BC S-loss, fixed kappa_D",0.01,298.15,F,NaCl,neutral ion-pair NaCl: mu_Na + mu_Cl,0.015,0.0225,0.0225,0.5017904747069722,kJ/mol,0.20241999708541006,0.005200691790719247,0.5017904747069722,0.24687212865274855,0.04445213156733849,0.0,0.0,NaClFWater/data/S0_NaClFWater_matrix_BC_s_loss_split0.csv,0,0.28716247981062,0.16579333501982194,0.1158400393316537,0.0668802778910671,3
NaClFWater,NaCl/NaF/water,"BC S-loss, fixed kappa_D",0.01,298.15,F,NaCl,neutral ion-pair NaCl: mu_Na + mu_Cl,0.015,0.025,0.025,0.5791503022070443,kJ/mol,0.23362659993341514,0.006002469903478413,0.5791503022070443,0.27807873150075363,0.04445213156733849,0.0,0.0,NaClFWater/data/S0_NaClFWater_matrix_BC_s_loss_split0.csv,0,0.2864471267787306,0.16538032575429495,0.11555146916954637,0.06671367183029434,3
NaClFWater,NaCl/NaF/water,"BC S-loss, fixed kappa_D",0.01,298.15,F,NaCl,neutral ion-pair NaCl: mu_Na + mu_Cl,0.015,0.0275,0.0275,0.6636666074942724,kJ/mol,0.26772009339779523,0.006878419681811464,0.6636666074942724,0.31217222496513375,0.04445213156733849,0.0,0.0,NaClFWater/data/S0_NaClFWater_matrix_BC_s_loss_split0.csv,0,0.28612040869634897,0.16519169498148284,0.1154196725798999,0.06663757903378369,3
NaClFWater,NaCl/NaF/water,"BC S-loss, fixed kappa_D",0.01,298.15,F,NaCl,neutral ion-pair NaCl: mu_Na + mu_Cl,0.015,0.03,0.03,0.7569412987334551,kJ/mol,0.30534667995227993,0.007845143733902661,0.7569412987334551,0.3497988115196184,0.04445213156733849,0.0,0.0,NaClFWater/data/S0_NaClFWater_matrix_BC_s_loss_split0.csv,0,0.2872741061082271,0.16585778249279406,0.11588506887281719,0.06690627570877933,3
NaClFWater,NaCl/NaF/water,"BC S-loss, fixed kappa_D",0.01,298.15,F,NaCl,neutral ion-pair NaCl: mu_Na + mu_Cl,0.015,0.0325,0.0325,0.8604151527439267,kJ/mol,0.347087562418108,0.008917574659221826,0.8604151527439267,0.3915396939854465,0.04445213156733849,0.0,0.0,NaClFWater/data/S0_NaClFWater_matrix_BC_s_loss_split0.csv,0,0.2919524354799515,0.16855881721491683,0.11777228568047389,0.06799586084069911,3
NaClFWater,NaCl/NaF/water,"BC S-loss, fixed kappa_D",0.01,298.15,F,NaCl,neutral ion-pair NaCl: mu_Na + mu_Cl,0.015,0.034999999999999996,0.034999999999999996,0.9750943552165006,kJ/mol,0.3933486315302934,0.010106140837592646,0.9750943552165006,0.43780076309763194,0.04445213156733849,0.0,0.0,NaClFWater/data/S0_NaClFWater_matrix_BC_s_loss_split0.csv,0,0.303319980389285,0.1751218723283457,0.12235790163653458,0.07064336744733099,3
NaClFWater,NaCl/NaF/water,"BC S-loss, fixed kappa_D",0.01,298.15,F,NaCl,neutral ion-pair NaCl: mu_Na + mu_Cl,0.015,0.0375,0.0375,1.1013067808044898,kJ/mol,0.44426215043394024,0.011414240450335454,1.1013067808044898,0.48871428200127875,0.04445213156733849,0.0,0.0,NaClFWater/data/S0_NaClFWater_matrix_BC_s_loss_split0.csv,0,0.3257127093224387,0.1880503204057923,0.13139102672331568,0.07585864464780763,3
NaClFWater,NaCl/NaF/water,"BC S-loss, fixed kappa_D",0.01,298.15,F,NaCl,neutral ion-pair NaCl: mu_Na + mu_Cl,0.015,0.04,0.04,1.238498901194216,kJ/mol,0.499604828322847,0.012836136580745006,1.238498901194216,0.5440569598901855,0.04445213156733849,0.0,0.0,NaClFWater/data/S0_NaClFWater_matrix_BC_s_loss_split0.csv,0,0.36444415605763053,0.21041193160445898,0.14701511631933592,0.08487921698191274,3
NaClFWater,NaCl/NaF/water,"BC S-loss, fixed kappa_D",0.01,298.15,F,NaCl,neutral ion-pair NaCl: mu_Na + mu_Cl,0.0175,0.0,0.0,0.2345899679404145,kJ/mol,0.09463252696156718,0.002431353686347393,0.2345899679404145,0.13908465852890567,0.04445213156733849,0.0,0.0,NaClFWater/data/S0_NaClFWater_matrix_BC_s_loss_split0.csv,0,0.32491757780680913,0.18759125101120244,0.13107027428342483,0.07567345814029341,3
NaClFWater,NaCl/NaF/water,"BC S-loss, fixed kappa_D",0.01,298.15,F,NaCl,neutral ion-pair NaCl: mu_Na + mu_Cl,0.0175,0.0025,0.0025,0.22992020133142613,kJ/mol,0.09274876433348428,0.0023829549659808436,0.22992020133142613,0.13720089590082277,0.04445213156733849,0.0,0.0,NaClFWater/data/S0_NaClFWater_matrix_BC_s_loss_split0.csv,0,0.31566023445428276,0.18224652133464053,0.12733590404546585,0.07351741847815407,3
NaClFWater,NaCl/NaF/water,"BC S-loss, fixed kappa_D",0.01,298.15,F,NaCl,neutral ion-pair NaCl: mu_Na + mu_Cl,0.0175,0.005,0.005,0.2502907470047838,kJ/mol,0.10096614988317451,0.0025940807943811706,0.2502907470047838,0.145418281450513,0.04445213156733849,0.0,0.0,NaClFWater/data/S0_NaClFWater_matrix_BC_s_loss_split0.csv,0,0.3071773919278179,0.17734894991849284,0.12391396392098317,0.07154176042613321,3
NaClFWater,NaCl/NaF/water,"BC S-loss, fixed kappa_D",0.01,298.15,F,NaCl,neutral ion-pair NaCl: mu_Na + mu_Cl,0.0175,0.0075,0.0075,0.2886421143640387,kJ/mol,0.11643691718623109,0.002991564707372163,0.2886421143640387,0.16088904875356957,0.04445213156733849,0.0,0.0,NaClFWater/data/S0_NaClFWater_matrix_BC_s_loss_split0.csv,0,0.30024802243368226,0.17334827657573926,0.12111868775790781,0.06992790698092231,3
NaClFWater,NaCl/NaF/water,"BC S-loss, fixed kappa_D",0.01,298.15,F,NaCl,neutral ion-pair NaCl: mu_Na + mu_Cl,0.0175,0.01,0.01,0.3394024364071788,kJ/mol,0.1369134004156648,0.003517658372857113,0.3394024364071788,0.1813655319830033,0.04445213156733849,0.0,0.0,NaClFWater/data/S0_NaClFWater_matrix_BC_s_loss_split0.csv,0,0.2953137054668819,0.17049944734669015,0.11912820671774561,0.06877870221656782,3
NaClFWater,NaCl/NaF/water,"BC S-loss, fixed kappa_D",0.01,298.15,F,NaCl,neutral ion-pair NaCl: mu_Na + mu_Cl,0.0175,0.0125,0.0125,0.39849370668161244,kJ/mol,0.16075055030120014,0.004130096232302094,0.39849370668161244,0.20520268186853863,0.04445213156733849,0.0,0.0,NaClFWater/data/S0_NaClFWater_matrix_BC_s_loss_split0.csv,0,0.2924205724992702,0.16882909624903816,0.11796113002659549,0.06810489017476735,3
NaClFWater,NaCl/NaF/water,"BC S-loss, fixed kappa_D",0.01,298.15,F,NaCl,neutral ion-pair NaCl: mu_Na + mu_Cl,0.0175,0.015,0.015,0.46326874586720723,kJ/mol,0.1868805067353318,0.0048014422054052375,0.46326874586720723,0.23133263830267028,0.04445213156733849,0.0,0.0,NaClFWater/data/S0_NaClFWater_matrix_BC_s_loss_split0.csv,0,0.29124409064078344,0.1681498541313441,0.11748654259146131,0.06783088699133863,3
NaClFWater,NaCl/NaF/water,"BC S-loss, fixed kappa_D",0.01,298.15,F,NaCl,neutral ion-pair NaCl: mu_Na + mu_Cl,0.0175,0.0175,0.0175,0.5323843321130414,kJ/mol,0.21476142012773533,0.00551777477869564,0.5323843321130414,0.2592135516950738,0.04445213156733849,0.0,0.0,NaClFWater/data/S0_NaClFWater_matrix_BC_s_loss_split0.csv,0,0.29120008412458354,0.16812444695736997,0.11746879056281605,0.06782063785282162,3
NaClFWater,NaCl/NaF/water,"BC S-loss, fixed kappa_D",0.01,298.15,F,NaCl,neutral ion-pair NaCl: mu_Na + mu_Cl,0.0175,0.02,0.02,0.605618434467137,kJ/mol,0.24430372420141347,0.0062767927635150045,0.605618434467137,0.28875585576875196,0.04445213156733849,0.0,0.0,NaClFWater/data/S0_NaClFWater_matrix_BC_s_loss_split0.csv,0,0.2916236036400823,0.16836896606365023,0.11763963641066308,0.06791927574906603,3
NaClFWater,NaCl/NaF/water,"BC S-loss, fixed kappa_D",0.01,298.15,F,NaCl,neutral ion-pair NaCl: mu_Na + mu_Cl,0.0175,0.0225,0.0225,0.683641648331797,kJ/mol,0.27577793409410145,0.00708544639144293,0.683641648331797,0.3202300656614399,0.04445213156733849,0.0,0.0,NaClFWater/data/S0_NaClFWater_matrix_BC_s_loss_split0.csv,0,0.29198101294185685,0.16857531642024068,0.11778381369873486,0.0680025165451453,3
NaClFWater,NaCl/NaF/water,"BC S-loss, fixed kappa_D",0.01,298.15,F,NaCl,neutral ion-pair NaCl: mu_Na + mu_Cl,0.0175,0.025,0.025,0.7677546214001632,kJ/mol,0.30970872517435566,0.007957215925898709,0.7677546214001632,0.3541608567416942,0.04445213156733849,0.0,0.0,NaClFWater/data/S0_NaClFWater_matrix_BC_s_loss_split0.csv,0,0.2920839030298492,0.16863472004024,0.1178253190926419,0.06802647969549036,3
NaClFWater,NaCl/NaF/water,"BC S-loss, fixed kappa_D",0.01,298.15,F,NaCl,neutral ion-pair NaCl: mu_Na + mu_Cl,0.0175,0.0275,0.0275,0.8596044407037658,kJ/mol,0.34676052486542774,0.008909172221024164,0.8596044407037658,0.39121265643276626,0.04445213156733849,0.0,0.0,NaClFWater/data/S0_NaClFWater_matrix_BC_s_loss_split0.csv,0,0.2922908742886394,0.16875421495221704,0.11790881035784687,0.06807468339993143,3
NaClFWater,NaCl/NaF/water,"BC S-loss, fixed kappa_D",0.01,298.15,F,NaCl,neutral ion-pair NaCl: mu_Na + mu_Cl,0.0175,0.03,0.03,0.9608935633127492,kJ/mol,0.3876200966125143,0.009958960000972182,0.9608935633127492,0.4320722281798528,0.04445213156733849,0.0,0.0,NaClFWater/data/S0_NaClFWater_matrix_BC_s_loss_split0.csv,0,0.29370105881125486,0.16956838536595611,0.11847767238561735,0.06840311604479647,3
NaClFWater,NaCl/NaF/water,"BC S-loss, fixed kappa_D",0.01,298.15,F,NaCl,neutral ion-pair NaCl: mu_Na + mu_Cl,0.0175,0.0325,0.0325,1.0730949121598499,kJ/mol,0.4328816108329109,0.011121845036200282,1.0730949121598499,0.4773337424002494,0.04445213156733849,0.0,0.0,NaClFWater/data/S0_NaClFWater_matrix_BC_s_loss_split0.csv,0,0.2983469236396975,0.17225067667527608,0.12035179314405088,0.06948514016917194,3
NaClFWater,NaCl/NaF/water,"BC S-loss, fixed kappa_D",0.01,298.15,F,NaCl,neutral ion-pair NaCl: mu_Na + mu_Cl,0.0175,0.034999999999999996,0.034999999999999996,1.1971862147038477,kJ/mol,0.48293947834015905,0.01240796075774142,1.1971862147038477,0.5273916099074976,0.04445213156733849,0.0,0.0,NaClFWater/data/S0_NaClFWater_matrix_BC_s_loss_split0.csv,0,0.30936533455685283,0.17861215918433762,0.12479657003432344,0.07205133330325862,3
NaClFWater,NaCl/NaF/water,"BC S-loss, fixed kappa_D",0.01,298.15,F,NaCl,neutral ion-pair NaCl: mu_Na + mu_Cl,0.0175,0.0375,0.0375,1.333415583248263,kJ/mol,0.5378937865099404,0.013819878668414274,1.333415583248263,0.5823459180772789,0.04445213156733849,0.0,0.0,NaClFWater/data/S0_NaClFWater_matrix_BC_s_loss_split0.csv,0,0.33105657652737186,0.1911356035750741,0.1335467184683196,0.07710323385707549,3
NaClFWater,NaCl/NaF/water,"BC S-loss, fixed kappa_D",0.01,298.15,F,NaCl,neutral ion-pair NaCl: mu_Na + mu_Cl,0.0175,0.04,0.04,1.4811087702851853,kJ/mol,0.5974725469617145,0.015350610685231914,1.4811087702851853,0.641924678529053,0.04445213156733849,0.0,0.0,NaClFWater/data/S0_NaClFWater_matrix_BC_s_loss_split0.csv,0,0.36869421852489204,0.21286570631400514,0.14872957220401226,0.08586905854844436,3
NaClFWater,NaCl/NaF/water,"BC S-loss, fixed kappa_D",0.01,298.15,F,NaCl,neutral ion-pair NaCl: mu_Na + mu_Cl,0.02,0.0,0.0,0.3468851530349006,kJ/mol,0.13993189429771566,0.0035952112657469115,0.3468851530349006,0.18438402586505415,0.04445213156733849,0.0,0.0,NaClFWater/data/S0_NaClFWater_matrix_BC_s_loss_split0.csv,0,0.3066007969123153,0.17701605263107903,0.12368136811209368,0.07140747117325849,3
NaClFWater,NaCl/NaF/water,"BC S-loss, fixed kappa_D",0.01,298.15,F,NaCl,neutral ion-pair NaCl: mu_Na + mu_Cl,0.02,0.0025,0.0025,0.35678974884042475,kJ/mol,0.14392736323374347,0.0036978651675099177,0.35678974884042475,0.18837949480108196,0.04445213156733849,0.0,0.0,NaClFWater/data/S0_NaClFWater_matrix_BC_s_loss_split0.csv,0,0.30070400692413496,0.1736115393440484,0.12130262982911258,0.07003410598524767,3
NaClFWater,NaCl/NaF/water,"BC S-loss, fixed kappa_D",0.01,298.15,F,NaCl,neutral ion-pair NaCl: mu_Na + mu_Cl,0.02,0.005,0.005,0.3889730369144262,kJ/mol,0.15690995538426716,0.004031421443528416,0.3889730369144262,0.20136208695160565,0.04445213156733849,0.0,0.0,NaClFWater/data/S0_NaClFWater_matrix_BC_s_loss_split0.csv,0,0.295805090823677,0.17078314881471163,0.11932642933755191,0.06889314609947246,3
NaClFWater,NaCl/NaF/water,"BC S-loss, fixed kappa_D",0.01,298.15,F,NaCl,neutral ion-pair NaCl: mu_Na + mu_Cl,0.02,0.0075,0.0075,0.43700352155717126,kJ/mol,0.17628523461226123,0.004529222338078398,0.43700352155717126,0.22073736617959971,0.04445213156733849,0.0,0.0,NaClFWater/data/S0_NaClFWater_matrix_BC_s_loss_split0.csv,0,0.2924414494608794,0.16884114956844307,0.11796955169803226,0.0681097524290384,3
NaClFWater,NaCl/NaF/water,"BC S-loss, fixed kappa_D",0.01,298.15,F,NaCl,neutral ion-pair NaCl: mu_Na + mu_Cl,0.02,0.01,0.01,0.49589526507476367,kJ/mol,0.20004189631084596,0.005139592248411873,0.49589526507476367,0.24449402787818444,0.04445213156733849,0.0,0.0,NaClFWater/data/S0_NaClFWater_matrix_BC_s_loss_split0.csv,0,0.2908439055670906,0.16791880717132188,0.1173251097513943,0.06773768369766989,3
NaClFWater,NaCl/NaF/water,"BC S-loss, fixed kappa_D",0.01,298.15,F,NaCl,neutral ion-pair NaCl: mu_Na + mu_Cl,0.02,0.0125,0.0125,0.5621003122469347,kJ/mol,0.22674871146802114,0.005825759209898251,0.5621003122469347,0.27120084303535963,0.04445213156733849,0.0,0.0,NaClFWater/data/S0_NaClFWater_matrix_BC_s_loss_split0.csv,0,0.2908911568528127,0.16794608771385308,0.11734417070531879,0.0677486885445492,3
NaClFWater,NaCl/NaF/water,"BC S-loss, fixed kappa_D",0.01,298.15,F,NaCl,neutral ion-pair NaCl: mu_Na + mu_Cl,0.02,0.015,0.015,0.6334346364129804,kJ/mol,0.2555246536542749,0.006565087381289912,0.6334346364129804,0.2999767852216134,0.04445213156733849,0.0,0.0,NaClFWater/data/S0_NaClFWater_matrix_BC_s_loss_split0.csv,0,0.2921475193208424,0.16867144892296976,0.11785098161532125,0.06804129595986737,3
NaClFWater,NaCl/NaF/water,"BC S-loss, fixed kappa_D",0.01,298.15,F,NaCl,neutral ion-pair NaCl: mu_Na + mu_Cl,0.02,0.0175,0.0175,0.7089432698511824,kJ/mol,0.28598449323056363,0.007347679219606108,0.7089432698511824,0.3304366247979021,0.04445213156733849,0.0,0.0,NaClFWater/data/S0_NaClFWater_matrix_BC_s_loss_split0.csv,0,0.29397908198388795,0.16972890211951677,0.11858982566996758,0.06846786777370657,3
NaClFWater,NaCl/NaF/water,"BC S-loss, fixed kappa_D",0.01,298.15,F,NaCl,neutral ion-pair NaCl: mu_Na + mu_Cl,0.02,0.02,0.02,0.7887126832255247,kJ/mol,0.31816311206976833,0.008174430930125709,0.7887126832255247,0.3626152436371068,0.04445213156733849,0.0,0.0,NaClFWater/data/S0_NaClFWater_matrix_BC_s_loss_split0.csv,0,0.2957249728364936,0.17073689267324438,0.11929411010562226,0.06887448658221787,3
NaClFWater,NaCl/NaF/water,"BC S-loss, fixed kappa_D",0.01,298.15,F,NaCl,neutral ion-pair NaCl: mu_Na + mu_Cl,0.02,0.0225,0.0225,0.8736405049837425,kJ/mol,0.3524226094083889,0.009054645776132018,0.8736405049837425,0.3968747409757274,0.04445213156733849,0.0,0.0,NaClFWater/data/S0_NaClFWater_matrix_BC_s_loss_split0.csv,0,0.2968914412462274,0.17141035352360537,0.11976465816103608,0.06914615762867769,3
NaClFWater,NaCl/NaF/water,"BC S-loss, fixed kappa_D",0.01,298.15,F,NaCl,neutral ion-pair NaCl: mu_Na + mu_Cl,0.02,0.025,0.025,0.9651742591997119,kJ/mol,0.38934690987948295,0.010003326287460368,0.9651742591997119,0.4337990414468214,0.04445213156733849,0.0,0.0,NaClFWater/data/S0_NaClFWater_matrix_BC_s_loss_split0.csv,0,0.2973434148505781,0.17167130060574384,0.11994698225901496,0.06925142249572555,3
NaClFWater,NaCl/NaF/water,"BC S-loss, fixed kappa_D",0.01,298.15,F,NaCl,neutral ion-pair NaCl: mu_Na + mu_Cl,0.02,0.0275,0.0275,1.0650318668141725,kJ/mol,0.42962901498336903,0.011038277459988421,1.0650318668141725,0.47408114655070754,0.04445213156733849,0.0,0.0,NaClFWater/data/S0_NaClFWater_matrix_BC_s_loss_split0.csv,0,0.2974841366065426,0.1717525463494308,0.12000374877585414,0.06928419665950361,3
NaClFWater,NaCl/NaF/water,"BC S-loss, fixed kappa_D",0.01,298.15,F,NaCl,neutral ion-pair NaCl: mu_Na + mu_Cl,0.02,0.03,0.03,1.1749171818246888,kJ/mol,0.4739562516794167,0.012177158496001539,1.1749171818246888,0.5184083832467552,0.04445213156733849,0.0,0.0,NaClFWater/data/S0_NaClFWater_matrix_BC_s_loss_split0.csv,0,0.29842827700782687,0.17229764606426506,0.12038461072303994,0.06950408740723542,3
NaClFWater,NaCl/NaF/water,"BC S-loss, fixed kappa_D",0.01,298.15,F,NaCl,neutral ion-pair NaCl: mu_Na + mu_Cl,0.02,0.0325,0.0325,1.2962437828624307,kJ/mol,0.5228988511633625,0.013434620105613249,1.2962437828624307,0.5673509827307011,0.04445213156733849,0.0,0.0,NaClFWater/data/S0_NaClFWater_matrix_BC_s_loss_split0.csv,0,0.3021771283109092,0.17446204637325152,0.121896880301865,0.07037719665565735,3
NaClFWater,NaCl/NaF/water,"BC S-loss, fixed kappa_D",0.01,298.15,F,NaCl,neutral ion-pair NaCl: mu_Na + mu_Cl,0.02,0.034999999999999996,0.034999999999999996,1.4298796532440154,kJ/mol,0.5768069539605374,0.014819658301973957,1.4298796532440154,0.6212590855278759,0.04445213156733849,0.0,0.0,NaClFWater/data/S0_NaClFWater_matrix_BC_s_loss_split0.csv,0,0.31178017491327886,0.18000636791417016,0.12577070565974546,0.07261375076882323,3
NaClFWater,NaCl/NaF/water,"BC S-loss, fixed kappa_D",0.01,298.15,F,NaCl,neutral ion-pair NaCl: mu_Na + mu_Cl,0.02,0.0375,0.0375,1.5759242377403992,kJ/mol,0.6357206756396133,0.016333303757505746,1.5759242377403992,0.6801728072069518,0.04445213156733849,0.0,0.0,NaClFWater/data/S0_NaClFWater_matrix_BC_s_loss_split0.csv,0,0.33140364336996425,0.1913359827100716,0.1336867236553591,0.07718406588950069,3
NaClFWater,NaCl/NaF/water,"BC S-loss, fixed kappa_D",0.01,298.15,F,NaCl,neutral ion-pair NaCl: mu_Na + mu_Cl,0.02,0.04,0.04,1.7335278117147128,kJ/mol,0.6992972411436924,0.017966749696938678,1.7335278117147128,0.7437493727110309,0.04445213156733849,0.0,0.0,NaClFWater/data/S0_NaClFWater_matrix_BC_s_loss_split0.csv,0,0.36617191201202287,0.2114094519698214,0.14771208521946624,0.08528161216401978,3
NaClFWater,NaCl/NaF/water,"BC S-loss, fixed kappa_D",0.01,298.15,F,NaCl,neutral ion-pair NaCl: mu_Na + mu_Cl,0.0225,0.0,0.0,0.475833661616444,kJ/mol,0.19194913664669905,0.004931668380436349,0.475833661616444,0.23640126821403754,0.04445213156733849,0.0,0.0,NaClFWater/data/S0_NaClFWater_matrix_BC_s_loss_split0.csv,0,0.2887604414179428,0.16671591858396445,0.11648464978203292,0.067252443908116,3
NaClFWater,NaCl/NaF/water,"BC S-loss, fixed kappa_D",0.01,298.15,F,NaCl,neutral ion-pair NaCl: mu_Na + mu_Cl,0.0225,0.0025,0.0025,0.49742742961349534,kJ/mol,0.20065996452277354,0.005155472014848783,0.49742742961349534,0.24511209609011203,0.04445213156733849,0.0,0.0,NaClFWater/data/S0_NaClFWater_matrix_BC_s_loss_split0.csv,0,0.2863442324343199,0.16532091967685136,0.11550996205861946,0.0666897076886274,3
NaClFWater,NaCl/NaF/water,"BC S-loss, fixed kappa_D",0.01,298.15,F,NaCl,neutral ion-pair NaCl: mu_Na + mu_Cl,0.0225,0.005,0.005,0.539170112304153,kJ/mol,0.21749877301851941,0.005588104434423258,0.539170112304153,0.2619509045858579,0.04445213156733849,0.0,0.0,NaClFWater/data/S0_NaClFWater_matrix_BC_s_loss_split0.csv,0,0.28510492244149405,0.16460540371888396,0.11501003003961843,0.06640107180288066,3
NaClFWater,NaCl/NaF/water,"BC S-loss, fixed kappa_D",0.01,298.15,F,NaCl,neutral ion-pair NaCl: mu_Na + mu_Cl,0.0225,0.0075,0.0075,0.5952206952453081,kJ/mol,0.24010932345236266,0.0061690277904062904,0.5952206952453081,0.28456145501970115,0.04445213156733849,0.0,0.0,NaClFWater/data/S0_NaClFWater_matrix_BC_s_loss_split0.csv,0,0.2853421205916561,0.16474235013473132,0.11510571469543524,0.0664563153646738,3
NaClFWater,NaCl/NaF/water,"BC S-loss, fixed kappa_D",0.01,298.15,F,NaCl,neutral ion-pair NaCl: mu_Na + mu_Cl,0.0225,0.01,0.01,0.6611274664986805,kJ/mol,0.266695815459424,0.006852103339838322,0.6611274664986805,0.3111479470267625,0.04445213156733849,0.0,0.0,NaClFWater/data/S0_NaClFWater_matrix_BC_s_loss_split0.csv,0,0.2870651542033841,0.16573714405428525,0.11580077862399565,0.06685761071093216,3
NaClFWater,NaCl/NaF/water,"BC S-loss, fixed kappa_D",0.01,298.15,F,NaCl,neutral ion-pair NaCl: mu_Na + mu_Cl,0.0225,0.0125,0.0125,0.7338084159569659,kJ/mol,0.2960149801687627,0.007605388298884464,0.7338084159569659,0.34046711173610117,0.04445213156733849,0.0,0.0,NaClFWater/data/S0_NaClFWater_matrix_BC_s_loss_split0.csv,0,0.2899707334813588,0.16741468103257576,0.11697287610018338,0.06753432150432562,3
NaClFWater,NaCl/NaF/water,"BC S-loss, fixed kappa_D",0.01,298.15,F,NaCl,neutral ion-pair NaCl: mu_Na + mu_Cl,0.0225,0.015,0.015,0.8114682847996151,kJ/mol,0.3273426183308108,0.008410276121026072,0.8114682847996151,0.37179474989814926,0.04445213156733849,0.0,0.0,NaClFWater/data/S0_NaClFWater_matrix_BC_s_loss_split0.csv,0,0.29350104197468546,0.16945290559152032,0.11839698650273156,0.06835653202859256,3
NaClFWater,NaCl/NaF/water,"BC S-loss, fixed kappa_D",0.01,298.15,F,NaCl,neutral ion-pair NaCl: mu_Na + mu_Cl,0.0225,0.0175,0.0175,0.8934580993516357,kJ/mol,0.36041693691436905,0.009260040668095828,0.8934580993516357,0.4048690684817075,0.04445213156733849,0.0,0.0,NaClFWater/data/S0_NaClFWater_matrix_BC_s_loss_split0.csv,0,0.296967643769546,0.17145434907095627,0.11979539791263666,0.06916390523253911,3
NaClFWater,NaCl/NaF/water,"BC S-loss, fixed kappa_D",0.01,298.15,F,NaCl,neutral ion-pair NaCl: mu_Na + mu_Cl,0.0225,0.02,0.02,0.9800852946309019,kJ/mol,0.39536195380849437,0.010157868279520697,0.9800852946309019,0.4398140853758329,0.04445213156733849,0.0,0.0,NaClFWater/data/S0_NaClFWater_matrix_BC_s_loss_split0.csv,0,0.2997146662052841,0.1730403432136996,0.12090353427923552,0.06980368806209378,3
NaClFWater,NaCl/NaF/water,"BC S-loss, fixed kappa_D",0.01,298.15,F,NaCl,neutral ion-pair NaCl: mu_Na + mu_Cl,0.0225,0.0225,0.0225,1.072384435363269,kJ/mol,0.4325950077219668,0.011114481463096126,1.072384435363269,0.47704713928930526,0.04445213156733849,0.0,0.0,NaClFWater/data/S0_NaClFWater_matrix_BC_s_loss_split0.csv,0,0.3012933048220036,0.17395177064401576,0.1215403499230196,0.07017135374545667,3
NaClFWater,NaCl/NaF/water,"BC S-loss, fixed kappa_D",0.01,298.15,F,NaCl,neutral ion-pair NaCl: mu_Na + mu_Cl,0.0225,0.025,0.025,1.171860015988896,kJ/mol,0.47272300487469776,0.012145473204896005,1.171860015988896,0.5171751364420363,0.04445213156733849,0.0,0.0,NaClFWater/data/S0_NaClFWater_matrix_BC_s_loss_split0.csv,0,0.30162882597022234,0.17414548386925865,0.12167569762941878,0.07024949678018044,3
NaClFWater,NaCl/NaF/water,"BC S-loss, fixed kappa_D",0.01,298.15,F,NaCl,neutral ion-pair NaCl: mu_Na + mu_Cl,0.0225,0.0275,0.0275,1.280213776219922,kJ/mol,0.5164324193329246,0.013268480794181413,1.280213776219922,0.5608845509002631,0.04445213156733849,0.0,0.0,NaClFWater/data/S0_NaClFWater_matrix_BC_s_loss_split0.csv,0,0.30117445391080466,0.17388315203844162,0.1214924060055658,0.07014367331180872,3
NaClFWater,NaCl/NaF/water,"BC S-loss, fixed kappa_D",0.01,298.15,F,NaCl,neutral ion-pair NaCl: mu_Na + mu_Cl,0.0225,0.03,0.03,1.3990694053022332,kJ/mol,0.5643782399595029,0.01450033258413441,1.3990694053022332,0.6088303715268414,0.04445213156733849,0.0,0.0,NaClFWater/data/S0_NaClFWater_matrix_BC_s_loss_split0.csv,0,0.30105798260637684,0.17381590729947735,0.12144542201066912,0.07011654708970752,3
NaClFWater,NaCl/NaF/water,"BC S-loss, fixed kappa_D",0.01,298.15,F,NaCl,neutral ion-pair NaCl: mu_Na + mu_Cl,0.0225,0.0325,0.0325,1.5297073851483913,kJ/mol,0.6170770073387469,0.015854299834586527,1.5297073851483913,0.6615291389060854,0.04445213156733849,0.0,0.0,NaClFWater/data/S0_NaClFWater_matrix_BC_s_loss_split0.csv,0,0.30323036683773047,0.17507013392023266,0.12232175193709068,0.07062249640862593,3
NaClFWater,NaCl/NaF/water,"BC S-loss, fixed kappa_D",0.01,298.15,F,NaCl,neutral ion-pair NaCl: mu_Na + mu_Cl,0.0225,0.034999999999999996,0.034999999999999996,1.6728220750240104,kJ/mol,0.6748088228428559,0.01733757907220479,1.6728220750240104,0.7192609544101944,0.04445213156733849,0.0,0.0,NaClFWater/data/S0_NaClFWater_matrix_BC_s_loss_split0.csv,0,0.3106080142673548,0.17932962064971242,0.12529786138212115,0.07234075399785206,3
NaClFWater,NaCl/NaF/water,"BC S-loss, fixed kappa_D",0.01,298.15,F,NaCl,neutral ion-pair NaCl: mu_Na + mu_Cl,0.0225,0.0375,0.0375,1.82831198302013,kJ/mol,0.7375327450969901,0.018949118407476817,1.82831198302013,0.7819848766643286,0.04445213156733849,0.0,0.0,NaClFWater/data/S0_NaClFWater_matrix_BC_s_loss_split0.csv,0,0.32714759658985304,0.18887875295589077,0.13196985372607514,0.07619283057366502,3
NaClFWater,NaCl/NaF/water,"BC S-loss, fixed kappa_D",0.01,298.15,F,NaCl,neutral ion-pair NaCl: mu_Na + mu_Cl,0.0225,0.04,0.04,1.9951125808546741,kJ/mol,0.8048193482299609,0.02067788478223065,1.9951125808546741,0.8492714797972994,0.04445213156733849,0.0,0.0,NaClFWater/data/S0_NaClFWater_matrix_BC_s_loss_split0.csv,0,0.35773318164430534,0.206537348720401,0.14430793973935238,0.08331622785471539,3
NaClFWater,NaCl/NaF/water,"BC S-loss, fixed kappa_D",0.01,298.15,F,NaCl,neutral ion-pair NaCl: mu_Na + mu_Cl,0.025,0.0,0.0,0.6190605826884791,kJ/mol,0.24972622570540207,0.006416110812438091,0.6190605826884791,0.29417835727274055,0.04445213156733849,0.0,0.0,NaClFWater/data/S0_NaClFWater_matrix_BC_s_loss_split0.csv,0,0.2736600007685829,0.15799767511017454,0.11039320064877307,0.06373554411127351,3
NaClFWater,NaCl/NaF/water,"BC S-loss, fixed kappa_D",0.01,298.15,F,NaCl,neutral ion-pair NaCl: mu_Na + mu_Cl,0.025,0.0025,0.0025,0.6501614851385374,kJ/mol,0.26227218841418154,0.00673844895197817,0.6501614851385374,0.30672431998152005,0.04445213156733849,0.0,0.0,NaClFWater/data/S0_NaClFWater_matrix_BC_s_loss_split0.csv,0,0.2743475062201756,0.15839460656772092,0.11067053722354339,0.06389566445737328,3
NaClFWater,NaCl/NaF/water,"BC S-loss, fixed kappa_D",0.01,298.15,F,NaCl,neutral ion-pair NaCl: mu_Na + mu_Cl,0.025,0.005,0.005,0.699795178487911,kJ/mol,0.2822941947485691,0.0072528659338786374,0.699795178487911,0.3267463263159076,0.04445213156733849,0.0,0.0,NaClFWater/data/S0_NaClFWater_matrix_BC_s_loss_split0.csv,0,0.27636738588354165,0.15956078463509596,0.11148534750030321,0.06436609538999903,3
NaClFWater,NaCl/NaF/water,"BC S-loss, fixed kappa_D",0.01,298.15,F,NaCl,neutral ion-pair NaCl: mu_Na + mu_Cl,0.025,0.0075,0.0075,0.762673706032252,kJ/mol,0.307659107005409,0.007904555948925918,0.762673706032252,0.35211123857274745,0.04445213156733849,0.0,0.0,NaClFWater/data/S0_NaClFWater_matrix_BC_s_loss_split0.csv,0,0.27978995098438325,0.1615368035173859,0.11286599470796799,0.0651632124270002,3
NaClFWater,NaCl/NaF/water,"BC S-loss, fixed kappa_D",0.01,298.15,F,NaCl,neutral ion-pair NaCl: mu_Na + mu_Cl,0.025,0.01,0.01,0.8348309374177967,kJ/mol,0.3367670062242665,0.008652412952642408,0.8348309374177967,0.381219137791605,0.04445213156733849,0.0,0.0,NaClFWater/data/S0_NaClFWater_matrix_BC_s_loss_split0.csv,0,0.2844065628939057,0.1642022056460927,0.11472831497185049,0.06623842353267005,3
NaClFWater,NaCl/NaF/water,"BC S-loss, fixed kappa_D",0.01,298.15,F,NaCl,neutral ion-pair NaCl: mu_Na + mu_Cl,0.025,0.0125,0.0125,0.913592618972041,kJ/mol,0.36853911062693023,0.009468720258837493,0.913592618972041,0.4129912421942687,0.04445213156733849,0.0,0.0,NaClFWater/data/S0_NaClFWater_matrix_BC_s_loss_split0.csv,0,0.2897370514817179,0.1672797646671783,0.11687860984350754,0.06747989685565832,3
NaClFWater,NaCl/NaF/water,"BC S-loss, fixed kappa_D",0.01,298.15,F,NaCl,neutral ion-pair NaCl: mu_Na + mu_Cl,0.025,0.015,0.015,0.9974864700915259,kJ/mol,0.4023815089088162,0.0103382187543275,0.9974864700915259,0.4468336404761547,0.04445213156733849,0.0,0.0,NaClFWater/data/S0_NaClFWater_matrix_BC_s_loss_split0.csv,0,0.29510854802430897,0.1703809996419944,0.11904544713775973,0.06873092095078495,3
NaClFWater,NaCl/NaF/water,"BC S-loss, fixed kappa_D",0.01,298.15,F,NaCl,neutral ion-pair NaCl: mu_Na + mu_Cl,0.025,0.0175,0.0175,1.086098266404386,kJ/mol,0.43812710484077666,0.011256615306024285,1.086098266404386,0.4825792364081152,0.04445213156733849,0.0,0.0,NaClFWater/data/S0_NaClFWater_matrix_BC_s_loss_split0.csv,0,0.2997842079772133,0.17308049317444285,0.12093158711399571,0.0698198843737941,3
NaClFWater,NaCl/NaF/water,"BC S-loss, fixed kappa_D",0.01,298.15,F,NaCl,neutral ion-pair NaCl: mu_Na + mu_Cl,0.025,0.02,0.02,1.179881986824466,kJ/mol,0.47595903145352747,0.012228615073809124,1.179881986824466,0.520411163020866,0.04445213156733849,0.0,0.0,NaClFWater/data/S0_NaClFWater_matrix_BC_s_loss_split0.csv,0,0.3031159223597205,0.17500405937004634,0.12227558555475997,0.0705958422353598,3
NaClFWater,NaCl/NaF/water,"BC S-loss, fixed kappa_D",0.01,298.15,F,NaCl,neutral ion-pair NaCl: mu_Na + mu_Cl,0.025,0.0225,0.0225,1.2799338819665589,kJ/mol,0.5163195112631112,0.01326557989466437,1.2799338819665589,0.5607716428304497,0.04445213156733849,0.0,0.0,NaClFWater/data/S0_NaClFWater_matrix_BC_s_loss_split0.csv,0,0.3046989397910634,0.17591801491016404,0.12291416759246347,0.07096452774672757,3
NaClFWater,NaCl/NaF/water,"BC S-loss, fixed kappa_D",0.01,298.15,F,NaCl,neutral ion-pair NaCl: mu_Na + mu_Cl,0.025,0.025,0.025,1.3877416706479648,kJ/mol,0.5598086832794158,0.014382928887584965,1.3877416706479648,0.6042608148467543,0.04445213156733849,0.0,0.0,NaClFWater/data/S0_NaClFWater_matrix_BC_s_loss_split0.csv,0,0.30451520646286717,0.17581193642367085,0.1228400504028543,0.07092173616735513,3
NaClFWater,NaCl/NaF/water,"BC S-loss, fixed kappa_D",0.01,298.15,F,NaCl,neutral ion-pair NaCl: mu_Na + mu_Cl,0.025,0.0275,0.0275,1.5049209195417619,kJ/mol,0.6070782597563392,0.015597406221218078,1.5049209195417619,0.6515303913236777,0.04445213156733849,0.0,0.0,NaClFWater/data/S0_NaClFWater_matrix_BC_s_loss_split0.csv,0,0.3030619843509384,0.17497291824615643,0.12225382720714122,0.07058328004750498,3
NaClFWater,NaCl/NaF/water,"BC S-loss, fixed kappa_D",0.01,298.15,F,NaCl,neutral ion-pair NaCl: mu_Na + mu_Cl,0.025,0.03,0.03,1.632951014707796,kJ/mol,0.6587250183072809,0.01692434465161341,1.632951014707796,0.7031771498746194,0.04445213156733849,0.0,0.0,NaClFWater/data/S0_NaClFWater_matrix_BC_s_loss_split0.csv,0,0.30147068881028893,0.17405418333740222,0.12161190581776371,0.0702126665605493,3
NaClFWater,NaCl/NaF/water,"BC S-loss, fixed kappa_D",0.01,298.15,F,NaCl,neutral ion-pair NaCl: mu_Na + mu_Cl,0.025,0.0325,0.0325,1.7729229356581522,kJ/mol,0.7151890551094061,0.018375051384623475,1.7729229356581522,0.7596411866767446,0.04445213156733849,0.0,0.0,NaClFWater/data/S0_NaClFWater_matrix_BC_s_loss_split0.csv,0,0.3016248376898469,0.17414318123451028,0.12167408877524027,0.0702485679077874,3
NaClFWater,NaCl/NaF/water,"BC S-loss, fixed kappa_D",0.01,298.15,F,NaCl,neutral ion-pair NaCl: mu_Na + mu_Cl,0.025,0.034999999999999996,0.034999999999999996,1.9253103523276234,kJ/mol,0.776661446461794,0.019954435663180444,1.9253103523276234,0.8211135780291325,0.04445213156733849,0.0,0.0,NaClFWater/data/S0_NaClFWater_matrix_BC_s_loss_split0.csv,0,0.30627592787789437,0.17682848940660473,0.1235503174199915,0.07133180902089581,3
NaClFWater,NaCl/NaF/water,"BC S-loss, fixed kappa_D",0.01,298.15,F,NaCl,neutral ion-pair NaCl: mu_Na + mu_Cl,0.025,0.0375,0.0375,2.089774397547999,kJ/mol,0.8430054948887872,0.0216589853765754,2.089774397547999,0.8874576264561257,0.04445213156733849,0.0,0.0,NaClFWater/data/S0_NaClFWater_matrix_BC_s_loss_split0.csv,0,0.31911704368905924,0.18424231107687594,0.12873036518113581,0.07432251099020759,3
NaClFWater,NaCl/NaF/water,"BC S-loss, fixed kappa_D",0.01,298.15,F,NaCl,neutral ion-pair NaCl: mu_Na + mu_Cl,0.025,0.04,0.04,2.265010862163788,kJ/mol,0.9136950883441024,0.023475183349432882,2.265010862163788,0.9581472199114409,0.04445213156733849,0.0,0.0,NaClFWater/data/S0_NaClFWater_matrix_BC_s_loss_split0.csv,0,0.3447172868326787,0.1990226183471645,0.13905738692371344,0.0802848197732119,3
NaClFWater,NaCl/NaF/water,"BC S-loss, fixed kappa_D",0.01,298.15,F,NaCl,neutral ion-pair NaCl: mu_Na + mu_Cl,0.0275,0.0,0.0,0.774144135191913,kJ/mol,0.3122862260004893,0.008023438569807695,0.774144135191913,0.3567383575678278,0.04445213156733849,0.0,0.0,NaClFWater/data/S0_NaClFWater_matrix_BC_s_loss_split0.csv,0,0.26259284257345583,0.15160804834705374,0.1059287593281011,0.06115799771300225,3
NaClFWater,NaCl/NaF/water,"BC S-loss, fixed kappa_D",0.01,298.15,F,NaCl,neutral ion-pair NaCl: mu_Na + mu_Cl,0.0275,0.0025,0.0025,0.8132049743521957,kJ/mol,0.32804319100385115,0.00842827563985793,0.8132049743521957,0.3724953225711896,0.04445213156733849,0.0,0.0,NaClFWater/data/S0_NaClFWater_matrix_BC_s_loss_split0.csv,0,0.2656927477821959,0.15339777945378216,0.10717924700163588,0.06187996710793587,3
NaClFWater,NaCl/NaF/water,"BC S-loss, fixed kappa_D",0.01,298.15,F,NaCl,neutral ion-pair NaCl: mu_Na + mu_Cl,0.0275,0.005,0.005,0.8695847935425733,kJ/mol,0.3507865538444005,0.009012611289108463,0.8695847935425733,0.395238685411739,0.04445213156733849,0.0,0.0,NaClFWater/data/S0_NaClFWater_matrix_BC_s_loss_split0.csv,0,0.27026438872638053,0.15603721758354547,0.10902342618247382,0.06294470445442656,3
NaClFWater,NaCl/NaF/water,"BC S-loss, fixed kappa_D",0.01,298.15,F,NaCl,neutral ion-pair NaCl: mu_Na + mu_Cl,0.0275,0.0075,0.0075,0.9385124219266956,kJ/mol,0.37859164588957317,0.009726995816436101,0.9385124219266956,0.4230437774569117,0.04445213156733849,0.0,0.0,NaClFWater/data/S0_NaClFWater_matrix_BC_s_loss_split0.csv,0,0.2761643247064516,0.15944354720984105,0.11140343354428656,0.06431880234544243,3
NaClFWater,NaCl/NaF/water,"BC S-loss, fixed kappa_D",0.01,298.15,F,NaCl,neutral ion-pair NaCl: mu_Na + mu_Cl,0.0275,0.01,0.01,1.016462656466379,kJ/mol,0.4100364162542237,0.01053489306696065,1.016462656466379,0.45448854782156217,0.04445213156733849,0.0,0.0,NaClFWater/data/S0_NaClFWater_matrix_BC_s_loss_split0.csv,0,0.2829848457273842,0.16338137685728998,0.11415480072793902,0.06590730492956368,3
NaClFWater,NaCl/NaF/water,"BC S-loss, fixed kappa_D",0.01,298.15,F,NaCl,neutral ion-pair NaCl: mu_Na + mu_Cl,0.0275,0.0125,0.0125,1.1011175148048378,kJ/mol,0.4441858013898091,0.01141227884647833,1.1011175148048378,0.48863793295714764,0.04445213156733849,0.0,0.0,NaClFWater/data/S0_NaClFWater_matrix_BC_s_loss_split0.csv,0,0.2900911806552664,0.16748422124085444,0.11702146394275965,0.06756237370831637,3
NaClFWater,NaCl/NaF/water,"BC S-loss, fixed kappa_D",0.01,298.15,F,NaCl,neutral ion-pair NaCl: mu_Na + mu_Cl,0.0275,0.015,0.015,1.1912711148653234,kJ/mol,0.48055335394675924,0.012346655067972277,1.1912711148653234,0.5250054855140978,0.04445213156733849,0.0,0.0,NaClFWater/data/S0_NaClFWater_matrix_BC_s_loss_split0.csv,0,0.29671590016177224,0.17130900483124134,0.11969384568532192,0.06910527402676214,3
NaClFWater,NaCl/NaF/water,"BC S-loss, fixed kappa_D",0.01,298.15,F,NaCl,neutral ion-pair NaCl: mu_Na + mu_Cl,0.0275,0.0175,0.0175,1.2866841810063356,kJ/mol,0.5190425512186926,0.013335541814171846,1.2866841810063356,0.5634946827860311,0.04445213156733849,0.0,0.0,NaClFWater/data/S0_NaClFWater_matrix_BC_s_loss_split0.csv,0,0.30208709581640314,0.17441006608831264,0.12186056160273835,0.07035622804493996,3
NaClFWater,NaCl/NaF/water,"BC S-loss, fixed kappa_D",0.01,298.15,F,NaCl,neutral ion-pair NaCl: mu_Na + mu_Cl,0.0275,0.02,0.02,1.3878961623678172,kJ/mol,0.559871004537109,0.014384530081429148,1.3878961623678172,0.6043231361044475,0.04445213156733849,0.0,0.0,NaClFWater/data/S0_NaClFWater_matrix_BC_s_loss_split0.csv,0,0.3055684230825895,0.17642001132258253,0.12326491320085568,0.07116703081814989,3
NaClFWater,NaCl/NaF/water,"BC S-loss, fixed kappa_D",0.01,298.15,F,NaCl,neutral ion-pair NaCl: mu_Na + mu_Cl,0.0275,0.0225,0.0225,1.496004614592757,kJ/mol,0.6034814628604951,0.015504995232390684,1.496004614592757,0.6479335944278336,0.04445213156733849,0.0,0.0,NaClFWater/data/S0_NaClFWater_matrix_BC_s_loss_split0.csv,0,0.3067948868867496,0.1771281105300657,0.12375966312572904,0.07145267482045707,3
NaClFWater,NaCl/NaF/water,"BC S-loss, fixed kappa_D",0.01,298.15,F,NaCl,neutral ion-pair NaCl: mu_Na + mu_Cl,0.0275,0.025,0.025,1.612422702327058,kJ/mol,0.650443990384812,0.01671158368651504,1.612422702327058,0.6948961219521506,0.04445213156733849,0.0,0.0,NaClFWater/data/S0_NaClFWater_matrix_BC_s_loss_split0.csv,0,0.30579520672887395,0.17655094492181264,0.12335639669313744,0.07121984883704517,3
NaClFWater,NaCl/NaF/water,"BC S-loss, fixed kappa_D",0.01,298.15,F,NaCl,neutral ion-pair NaCl: mu_Na + mu_Cl,0.0275,0.0275,0.0275,1.738626450820704,kJ/mol,0.7013540089880342,0.018019593367512243,1.738626450820704,0.7458061405553728,0.04445213156733849,0.0,0.0,NaClFWater/data/S0_NaClFWater_matrix_BC_s_loss_split0.csv,0,0.30309798430916784,0.17499370283173102,0.12226834942668739,0.0705916644548692,3
NaClFWater,NaCl/NaF/water,"BC S-loss, fixed kappa_D",0.01,298.15,F,NaCl,neutral ion-pair NaCl: mu_Na + mu_Cl,0.0275,0.03,0.03,1.8759036178642565,kJ/mol,0.7567309943105959,0.019442370944375398,1.8759036178642565,0.8011831258779344,0.04445213156733849,0.0,0.0,NaClFWater/data/S0_NaClFWater_matrix_BC_s_loss_split0.csv,0,0.29982473593342523,0.17310389200087153,0.12094793590735034,0.06982932335403833,3
NaClFWater,NaCl/NaF/water,"BC S-loss, fixed kappa_D",0.01,298.15,F,NaCl,neutral ion-pair NaCl: mu_Na + mu_Cl,0.0275,0.0325,0.0325,2.0251158195721106,kJ/mol,0.8169225183773873,0.020988846438854125,2.0251158195721106,0.8613746499447258,0.04445213156733849,0.0,0.0,NaClFWater/data/S0_NaClFWater_matrix_BC_s_loss_split0.csv,0,0.2977771275648612,0.17192170475808616,0.12012193999692809,0.06935243439280651,3
NaClFWater,NaCl/NaF/water,"BC S-loss, fixed kappa_D",0.01,298.15,F,NaCl,neutral ion-pair NaCl: mu_Na + mu_Cl,0.0275,0.034999999999999996,0.034999999999999996,2.186484803679248,kJ/mol,0.8820180332169569,0.02266131810426941,2.186484803679248,0.9264701647842954,0.04445213156733849,0.0,0.0,NaClFWater/data/S0_NaClFWater_matrix_BC_s_loss_split0.csv,0,0.29952227067726866,0.17292926360380903,0.12082592279758496,0.06975887905227061,3
NaClFWater,NaCl/NaF/water,"BC S-loss, fixed kappa_D",0.01,298.15,F,NaCl,neutral ion-pair NaCl: mu_Na + mu_Cl,0.0275,0.0375,0.0375,2.359412580538772,kJ/mol,0.9517763125233394,0.024453588214669253,2.359412580538772,0.9962284440906779,0.04445213156733849,0.0,0.0,NaClFWater/data/S0_NaClFWater_matrix_BC_s_loss_split0.csv,0,0.3084556500635292,0.1780869525972396,0.12442960744382241,0.07183946735285034,3
NaClFWater,NaCl/NaF/water,"BC S-loss, fixed kappa_D",0.01,298.15,F,NaCl,neutral ion-pair NaCl: mu_Na + mu_Cl,0.0275,0.04,0.04,2.542343552941787,kJ/mol,1.0255698354519542,0.02634953414110441,2.542343552941787,1.0700219670192928,0.04445213156733849,0.0,0.0,NaClFWater/data/S0_NaClFWater_matrix_BC_s_loss_split0.csv,0,0.32877411198087697,0.1898178220547395,0.1326259826430354,0.07657164678049513,3
NaClFWater,NaCl/NaF/water,"BC S-loss, fixed kappa_D",0.01,298.15,F,NaCl,neutral ion-pair NaCl: mu_Na + mu_Cl,0.03,0.0,0.0,0.9387956512399301,kJ/mol,0.3787058993073825,0.009729931281412973,0.9387956512399301,0.42315803087472104,0.04445213156733849,0.0,0.0,NaClFWater/data/S0_NaClFWater_matrix_BC_s_loss_split0.csv,0,0.2560314533414431,0.1478198285076933,0.10328192473046183,0.0596298470455548,3
NaClFWater,NaCl/NaF/water,"BC S-loss, fixed kappa_D",0.01,298.15,F,NaCl,neutral ion-pair NaCl: mu_Na + mu_Cl,0.03,0.0025,0.0025,0.98482858057975,kJ/mol,0.39727537380416444,0.010207028974150491,0.98482858057975,0.4417275053715029,0.04445213156733849,0.0,0.0,NaClFWater/data/S0_NaClFWater_matrix_BC_s_loss_split0.csv,0,0.2606859471075639,0.15050710173650456,0.1051595263631401,0.06071388085361249,3
NaClFWater,NaCl/NaF/water,"BC S-loss, fixed kappa_D",0.01,298.15,F,NaCl,neutral ion-pair NaCl: mu_Na + mu_Cl,0.03,0.005,0.005,1.0472666712265526,kJ/mol,0.4224626158181244,0.01085415418242519,1.0472666712265526,0.46691474738546285,0.04445213156733849,0.0,0.0,NaClFWater/data/S0_NaClFWater_matrix_BC_s_loss_split0.csv,0,0.26694022756852354,0.15411801224422703,0.10768247467820741,0.06217050574246811,3
NaClFWater,NaCl/NaF/water,"BC S-loss, fixed kappa_D",0.01,298.15,F,NaCl,neutral ion-pair NaCl: mu_Na + mu_Cl,0.03,0.0075,0.0075,1.1218212786358415,kJ/mol,0.4525376056299676,0.011626858237718805,1.1218212786358415,0.4969897371973061,0.04445213156733849,0.0,0.0,NaClFWater/data/S0_NaClFWater_matrix_BC_s_loss_split0.csv,0,0.2744608460199984,0.1584600433316585,0.11071625798371358,0.0639220613505651,3
NaClFWater,NaCl/NaF/water,"BC S-loss, fixed kappa_D",0.01,298.15,F,NaCl,neutral ion-pair NaCl: mu_Na + mu_Cl,0.03,0.01,0.01,1.2053681516031742,kJ/mol,0.4862400345021345,0.012492760558075133,1.2053681516031742,0.530692166069473,0.04445213156733849,0.0,0.0,NaClFWater/data/S0_NaClFWater_matrix_BC_s_loss_split0.csv,0,0.2826723540657018,0.16320095971229814,0.11402874301174994,0.0658345254731885,3
NaClFWater,NaCl/NaF/water,"BC S-loss, fixed kappa_D",0.01,298.15,F,NaCl,neutral ion-pair NaCl: mu_Na + mu_Cl,0.03,0.0125,0.0125,1.2959012806894576,kJ/mol,0.5227606873433032,0.013431070320734761,1.2959012806894576,0.5672128189106417,0.04445213156733849,0.0,0.0,NaClFWater/data/S0_NaClFWater_matrix_BC_s_loss_split0.csv,0,0.2908184440397943,0.16790410695168337,0.11731483868699412,0.06773175369587359,3
NaClFWater,NaCl/NaF/water,"BC S-loss, fixed kappa_D",0.01,298.15,F,NaCl,neutral ion-pair NaCl: mu_Na + mu_Cl,0.03,0.015,0.015,1.392434085276348,kJ/mol,0.5617015820155975,0.014431562338131698,1.392434085276348,0.606153713582936,0.04445213156733849,0.0,0.0,NaClFWater/data/S0_NaClFWater_matrix_BC_s_loss_split0.csv,0,0.2980642872118094,0.17208749645755209,0.12023777889349592,0.06941931401092258,3
NaClFWater,NaCl/NaF/water,"BC S-loss, fixed kappa_D",0.01,298.15,F,NaCl,neutral ion-pair NaCl: mu_Na + mu_Cl,0.03,0.0175,0.0175,1.4948539308002624,kJ/mol,0.6030172822479416,0.01549306923527638,1.4948539308002624,0.6474694138152801,0.04445213156733849,0.0,0.0,NaClFWater/data/S0_NaClFWater_matrix_BC_s_loss_split0.csv,0,0.30361913344964936,0.17529458842827597,0.12247857862156981,0.07071304033712608,3
NaClFWater,NaCl/NaF/water,"BC S-loss, fixed kappa_D",0.01,298.15,F,NaCl,neutral ion-pair NaCl: mu_Na + mu_Cl,0.03,0.02,0.02,1.6037378380349305,kJ/mol,0.6469405555981588,0.016621571411064903,1.6037378380349305,0.6913926871654973,0.04445213156733849,0.0,0.0,NaClFWater/data/S0_NaClFWater_matrix_BC_s_loss_split0.csv,0,0.30686262916116175,0.17716722155043305,0.12378699005136888,0.07146845202833135,3
NaClFWater,NaCl/NaF/water,"BC S-loss, fixed kappa_D",0.01,298.15,F,NaCl,neutral ion-pair NaCl: mu_Na + mu_Cl,0.03,0.0225,0.0225,1.7201387541943265,kJ/mol,0.693896156187196,0.017827981894356523,1.7201387541943265,0.7383482877545345,0.04445213156733849,0.0,0.0,NaClFWater/data/S0_NaClFWater_matrix_BC_s_loss_split0.csv,0,0.30746364872050824,0.17751422035481,0.12402943861024644,0.07160842976906395,3
NaClFWater,NaCl/NaF/water,"BC S-loss, fixed kappa_D",0.01,298.15,F,NaCl,neutral ion-pair NaCl: mu_Na + mu_Cl,0.03,0.025,0.025,1.8453528667550272,kJ/mol,0.7444069601525171,0.01912573472168333,1.8453528667550272,0.7888590917198556,0.04445213156733849,0.0,0.0,NaClFWater/data/S0_NaClFWater_matrix_BC_s_loss_split0.csv,0,0.30548494318568303,0.17637181418163164,0.12323123778982206,0.07114758831052455,3
NaClFWater,NaCl/NaF/water,"BC S-loss, fixed kappa_D",0.01,298.15,F,NaCl,neutral ion-pair NaCl: mu_Na + mu_Cl,0.03,0.0275,0.0275,1.980679091321529,kJ/mol,0.7989969441459901,0.020528292204630816,1.980679091321529,0.8434490757133286,0.04445213156733849,0.0,0.0,NaClFWater/data/S0_NaClFWater_matrix_BC_s_loss_split0.csv,0,0.30147060099398243,0.17405413263663402,0.12161187039306483,0.07021264610808986,3
NaClFWater,NaCl/NaF/water,"BC S-loss, fixed kappa_D",0.01,298.15,F,NaCl,neutral ion-pair NaCl: mu_Na + mu_Cl,0.03,0.03,0.03,2.1271820381480833,kJ/mol,0.8580955671060068,0.022046688250952684,2.1271820381480833,0.9025476986733453,0.04445213156733849,0.0,0.0,NaClFWater/data/S0_NaClFWater_matrix_BC_s_loss_split0.csv,0,0.2965170914206491,0.17119422255103664,0.11961364714264885,0.06905897137656124,3
NaClFWater,NaCl/NaF/water,"BC S-loss, fixed kappa_D",0.01,298.15,F,NaCl,neutral ion-pair NaCl: mu_Na + mu_Cl,0.03,0.0325,0.0325,2.285469470810378,kJ/mol,0.9219479980969882,0.02368722188623451,2.285469470810378,0.9664001296643268,0.04445213156733849,0.0,0.0,NaClFWater/data/S0_NaClFWater_matrix_BC_s_loss_split0.csv,0,0.29233274726160446,0.16877839032443018,0.11792570172484719,0.06808443563521605,3
NaClFWater,NaCl/NaF/water,"BC S-loss, fixed kappa_D",0.01,298.15,F,NaCl,neutral ion-pair NaCl: mu_Na + mu_Cl,0.03,0.034999999999999996,0.034999999999999996,2.4554944897499436,kJ/mol,0.990535318050185,0.02544940703080556,2.4554944897499436,1.0349874496175235,0.04445213156733849,0.0,0.0,NaClFWater/data/S0_NaClFWater_matrix_BC_s_loss_split0.csv,0,0.2912917361709052,0.16817736229098557,0.11750576258178498,0.06784198365792582,3
NaClFWater,NaCl/NaF/water,"BC S-loss, fixed kappa_D",0.01,298.15,F,NaCl,neutral ion-pair NaCl: mu_Na + mu_Cl,0.03,0.0375,0.0375,2.6363914979860263,kJ/mol,1.0635083490773092,0.027324272404143812,2.6363914979860263,1.1079604806446477,0.04445213156733849,0.0,0.0,NaClFWater/data/S0_NaClFWater_matrix_BC_s_loss_split0.csv,0,0.296477471755603,0.17117134812675708,0.11959766474982278,0.0690497439377608,3
NaClFWater,NaCl/NaF/water,"BC S-loss, fixed kappa_D",0.01,298.15,F,NaCl,neutral ion-pair NaCl: mu_Na + mu_Cl,0.03,0.04,0.04,2.8263534550378187,kJ/mol,1.140138139260587,0.029293089351426715,2.8263534550378187,1.1845902708279255,0.04445213156733849,0.0,0.0,NaClFWater/data/S0_NaClFWater_matrix_BC_s_loss_split0.csv,0,0.311678231344345,0.17994751076720406,0.12572958208732515,0.07259000806321633,3
NaClFWater,NaCl/NaF/water,"BC S-loss, fixed kappa_D",0.01,298.15,F,NaCl,neutral ion-pair NaCl: mu_Na + mu_Cl,0.0325,0.0,0.0,1.111002811981984,kJ/mol,0.44817348534685286,0.011514732732052835,1.111002811981984,0.4926256169141914,0.04445213156733849,0.0,0.0,NaClFWater/data/S0_NaClFWater_matrix_BC_s_loss_split0.csv,0,0.2537923808892631,0.14652709942469208,0.1023786930788268,0.05910836600834273,3
NaClFWater,NaCl/NaF/water,"BC S-loss, fixed kappa_D",0.01,298.15,F,NaCl,neutral ion-pair NaCl: mu_Na + mu_Cl,0.0325,0.0025,0.0025,1.1634992621017537,kJ/mol,0.4693503147524799,0.012058820097081478,1.1634992621017537,0.5138024463198184,0.04445213156733849,0.0,0.0,NaClFWater/data/S0_NaClFWater_matrix_BC_s_loss_split0.csv,0,0.2590928736841178,0.14958734036663915,0.10451688778392215,0.06034285329690937,3
NaClFWater,NaCl/NaF/water,"BC S-loss, fixed kappa_D",0.01,298.15,F,NaCl,neutral ion-pair NaCl: mu_Na + mu_Cl,0.0325,0.005,0.005,1.231695518945387,kJ/mol,0.4968603748419732,0.012765624492544703,1.231695518945387,0.5413125064093117,0.04445213156733849,0.0,0.0,NaClFWater/data/S0_NaClFWater_matrix_BC_s_loss_split0.csv,0,0.26612149495543164,0.1536453167496641,0.1073522016628566,0.06197982252814925,3
NaClFWater,NaCl/NaF/water,"BC S-loss, fixed kappa_D",0.01,298.15,F,NaCl,neutral ion-pair NaCl: mu_Na + mu_Cl,0.0325,0.0075,0.0075,1.3117538765075627,kJ/mol,0.5291555524534288,0.013595370898542567,1.3117538765075627,0.5736076840207673,0.04445213156733849,0.0,0.0,NaClFWater/data/S0_NaClFWater_matrix_BC_s_loss_split0.csv,0,0.2743835478844657,0.15841541523230085,0.11068507626712487,0.0639040585780988,3
NaClFWater,NaCl/NaF/water,"BC S-loss, fixed kappa_D",0.01,298.15,F,NaCl,neutral ion-pair NaCl: mu_Na + mu_Cl,0.0325,0.01,0.01,1.4009161580061846,kJ/mol,0.5651232116076188,0.014519472827146274,1.4009161580061846,0.6095753431749573,0.04445213156733849,0.0,0.0,NaClFWater/data/S0_NaClFWater_matrix_BC_s_loss_split0.csv,0,0.2831725507968112,0.16348974842965192,0.114230520099911,0.06595102152935457,3
NaClFWater,NaCl/NaF/water,"BC S-loss, fixed kappa_D",0.01,298.15,F,NaCl,neutral ion-pair NaCl: mu_Na + mu_Cl,0.0325,0.0125,0.0125,1.497451399348464,kJ/mol,0.6040650892559631,0.015519990099733148,1.497451399348464,0.6485172208233017,0.04445213156733849,0.0,0.0,NaClFWater/data/S0_NaClFWater_matrix_BC_s_loss_split0.csv,0,0.29164642271352764,0.1683821406618466,0.1176488415211885,0.06792459032210581,3
NaClFWater,NaCl/NaF/water,"BC S-loss, fixed kappa_D",0.01,298.15,F,NaCl,neutral ion-pair NaCl: mu_Na + mu_Cl,0.0325,0.015,0.015,1.600554635497369,kJ/mol,0.6456564661607263,0.016588579841595674,1.600554635497369,0.6901085977280648,0.04445213156733849,0.0,0.0,NaClFWater/data/S0_NaClFWater_matrix_BC_s_loss_split0.csv,0,0.2989304294810393,0.1725875639298485,0.12058717674867735,0.06962103895666585,3
NaClFWater,NaCl/NaF/water,"BC S-loss, fixed kappa_D",0.01,298.15,F,NaCl,neutral ion-pair NaCl: mu_Na + mu_Cl,0.0325,0.0175,0.0175,1.7102027479627937,kJ/mol,0.6898880164280625,0.017725002446468352,1.7102027479627937,0.734340147995401,0.04445213156733849,0.0,0.0,NaClFWater/data/S0_NaClFWater_matrix_BC_s_loss_split0.csv,0,0.30423062859300887,0.17564763531390273,0.12272525298343144,0.07085545784634907,3
NaClFWater,NaCl/NaF/water,"BC S-loss, fixed kappa_D",0.01,298.15,F,NaCl,neutral ion-pair NaCl: mu_Na + mu_Cl,0.0325,0.02,0.02,1.826975042274868,kJ/mol,0.7369934292761441,0.01893526199307871,1.826975042274868,0.7814455608434826,0.04445213156733849,0.0,0.0,NaClFWater/data/S0_NaClFWater_matrix_BC_s_loss_split0.csv,0,0.3069463576315749,0.1772155622053649,0.12382076573582537,0.07148795242884437,3
NaClFWater,NaCl/NaF/water,"BC S-loss, fixed kappa_D",0.01,298.15,F,NaCl,neutral ion-pair NaCl: mu_Na + mu_Cl,0.0325,0.0225,0.0225,1.9518476271036866,kJ/mol,0.7873664625065133,0.020229475134897257,1.9518476271036866,0.8318185940738518,0.04445213156733849,0.0,0.0,NaClFWater/data/S0_NaClFWater_matrix_BC_s_loss_split0.csv,0,0.30677409484393686,0.17711610623855073,0.12375127571014892,0.07144783234381408,3
NaClFWater,NaCl/NaF/water,"BC S-loss, fixed kappa_D",0.01,298.15,F,NaCl,neutral ion-pair NaCl: mu_Na + mu_Cl,0.0325,0.025,0.025,2.085971638465337,kJ/mol,0.841471479156666,0.02161957255600555,2.085971638465337,0.8859236107240045,0.04445213156733849,0.0,0.0,NaClFWater/data/S0_NaClFWater_matrix_BC_s_loss_split0.csv,0,0.30379740528456106,0.17539751372015117,0.12255049266960816,0.07075455993211953,3
NaClFWater,NaCl/NaF/water,"BC S-loss, fixed kappa_D",0.01,298.15,F,NaCl,neutral ion-pair NaCl: mu_Na + mu_Cl,0.0325,0.0275,0.0275,2.2304459185261125,kJ/mol,0.899751747162743,0.023116942952924546,2.2304459185261125,0.9442038787300815,0.04445213156733849,0.0,0.0,NaClFWater/data/S0_NaClFWater_matrix_BC_s_loss_split0.csv,0,0.2985594375311054,0.17237337162768698,0.12043752028206507,0.06953463475538128,3
NaClFWater,NaCl/NaF/water,"BC S-loss, fixed kappa_D",0.01,298.15,F,NaCl,neutral ion-pair NaCl: mu_Na + mu_Cl,0.0325,0.03,0.03,2.3860948552424355,kJ/mol,0.9625398208798934,0.024730130504735826,2.3860948552424355,1.006991952447232,0.04445213156733849,0.0,0.0,NaClFWater/data/S0_NaClFWater_matrix_BC_s_loss_split0.csv,0,0.2921166026438864,0.16865359917120676,0.11783850996833951,0.06803409545112522,3
NaClFWater,NaCl/NaF/water,"BC S-loss, fixed kappa_D",0.01,298.15,F,NaCl,neutral ion-pair NaCl: mu_Na + mu_Cl,0.0325,0.0325,0.0325,2.5532617411995724,kJ/mol,1.0299741829769038,0.026462693188364028,2.5532617411995724,1.0744263145442423,0.04445213156733849,0.0,0.0,NaClFWater/data/S0_NaClFWater_matrix_BC_s_loss_split0.csv,0,0.28607538819749634,0.16516570238435122,0.11540151151526062,0.06662709373822542,3
NaClFWater,NaCl/NaF/water,"BC S-loss, fixed kappa_D",0.01,298.15,F,NaCl,neutral ion-pair NaCl: mu_Na + mu_Cl,0.0325,0.034999999999999996,0.034999999999999996,2.7316272160020807,kJ/mol,1.1019260049216018,0.02831132106655332,2.7316272160020807,1.1463781364889403,0.04445213156733849,0.0,0.0,NaClFWater/data/S0_NaClFWater_matrix_BC_s_loss_split0.csv,0,0.2826177750705981,0.16316944851478293,0.11400672609316197,0.065821813999315,3
NaClFWater,NaCl/NaF/water,"BC S-loss, fixed kappa_D",0.01,298.15,F,NaCl,neutral ion-pair NaCl: mu_Na + mu_Cl,0.0325,0.0375,0.0375,2.9200611822486584,kJ/mol,1.177939410558085,0.030264301505098953,2.9200611822486584,1.2223915421254234,0.04445213156733849,0.0,0.0,NaClFWater/data/S0_NaClFWater_matrix_BC_s_loss_split0.csv,0,0.28451940476958787,0.16426735493339367,0.11477383487168516,0.06626470445909309,3
NaClFWater,NaCl/NaF/water,"BC S-loss, fixed kappa_D",0.01,298.15,F,NaCl,neutral ion-pair NaCl: mu_Na + mu_Cl,0.0325,0.04,0.04,3.116515062523529,kJ/mol,1.2571880130666895,0.032300402495252456,3.116515062523529,1.301640144634028,0.04445213156733849,0.0,0.0,NaClFWater/data/S0_NaClFWater_matrix_BC_s_loss_split0.csv,0,0.2951489077242381,0.17040430132561288,0.11906172805729452,0.06874032074406101,3
NaClFWater,NaCl/NaF/water,"BC S-loss, fixed kappa_D",0.01,298.15,F,NaCl,neutral ion-pair NaCl: mu_Na + mu_Cl,0.034999999999999996,0.0,0.0,1.2891327875670344,kJ/mol,0.5200303079774661,0.013360919832848593,1.2891327875670344,0.5644824395448046,0.04445213156733849,0.0,0.0,NaClFWater/data/S0_NaClFWater_matrix_BC_s_loss_split0.csv,0,0.2552312220486019,0.14735781475535745,0.10295911506361997,0.05944347279750665,3
NaClFWater,NaCl/NaF/water,"BC S-loss, fixed kappa_D",0.01,298.15,F,NaCl,neutral ion-pair NaCl: mu_Na + mu_Cl,0.034999999999999996,0.0025,0.0025,1.3479812846985118,kJ/mol,0.5437695242804272,0.013970841525974718,1.3479812846985118,0.5882216558477658,0.04445213156733849,0.0,0.0,NaClFWater/data/S0_NaClFWater_matrix_BC_s_loss_split0.csv,0,0.26030589835065127,0.1502876804843959,0.10500621642175176,0.060625367317682484,3
NaClFWater,NaCl/NaF/water,"BC S-loss, fixed kappa_D",0.01,298.15,F,NaCl,neutral ion-pair NaCl: mu_Na + mu_Cl,0.034999999999999996,0.005,0.005,1.4219533219504694,kJ/mol,0.5736095079383217,0.014737507667064163,1.4219533219504694,0.6180616395056602,0.04445213156733849,0.0,0.0,NaClFWater/data/S0_NaClFWater_matrix_BC_s_loss_split0.csv,0,0.26725823495652506,0.154301613895294,0.10781075741332709,0.06224456981412184,3
NaClFWater,NaCl/NaF/water,"BC S-loss, fixed kappa_D",0.01,298.15,F,NaCl,neutral ion-pair NaCl: mu_Na + mu_Cl,0.034999999999999996,0.0075,0.0075,1.5076336456205857,kJ/mol,0.6081725611284202,0.01562552164580211,1.5076336456205857,0.6526246926957587,0.04445213156733849,0.0,0.0,NaClFWater/data/S0_NaClFWater_matrix_BC_s_loss_split0.csv,0,0.2754599425994297,0.1590368720107396,0.11111928900341288,0.06415475141828025,3
NaClFWater,NaCl/NaF/water,"BC S-loss, fixed kappa_D",0.01,298.15,F,NaCl,neutral ion-pair NaCl: mu_Na + mu_Cl,0.034999999999999996,0.01,0.01,1.6026005347714716,kJ/mol,0.6464817726302098,0.016609784093361668,1.6026005347714716,0.6909339041975483,0.04445213156733849,0.0,0.0,NaClFWater/data/S0_NaClFWater_matrix_BC_s_loss_split0.csv,0,0.2841075205513958,0.16402955346914552,0.11460768264989452,0.06616877642911581,3
NaClFWater,NaCl/NaF/water,"BC S-loss, fixed kappa_D",0.01,298.15,F,NaCl,neutral ion-pair NaCl: mu_Na + mu_Cl,0.034999999999999996,0.0125,0.0125,1.70536839354782,kJ/mol,0.6879378598270226,0.01767489789369847,1.70536839354782,0.7323899913943611,0.04445213156733849,0.0,0.0,NaClFWater/data/S0_NaClFWater_matrix_BC_s_loss_split0.csv,0,0.2923045982271816,0.1687621384718287,0.11791434653228572,0.06807787971173399,3
NaClFWater,NaCl/NaF/water,"BC S-loss, fixed kappa_D",0.01,298.15,F,NaCl,neutral ion-pair NaCl: mu_Na + mu_Cl,0.034999999999999996,0.015,0.015,1.8152852147008192,kJ/mol,0.7322778059577666,0.018814105467868103,1.8152852147008192,0.7767299375251051,0.04445213156733849,0.0,0.0,NaClFWater/data/S0_NaClFWater_matrix_BC_s_loss_split0.csv,0,0.2991597957932519,0.17271998863194749,0.12067970207665747,0.06967445847968204,3
NaClFWater,NaCl/NaF/water,"BC S-loss, fixed kappa_D",0.01,298.15,F,NaCl,neutral ion-pair NaCl: mu_Na + mu_Cl,0.034999999999999996,0.0175,0.0175,1.9323907896560881,kJ/mol,0.7795176627027026,0.020027819224935683,1.9323907896560881,0.8239697942700411,0.04445213156733849,0.0,0.0,NaClFWater/data/S0_NaClFWater_matrix_BC_s_loss_split0.csv,0,0.3038888013535157,0.17545028126516501,0.1225873614284705,0.0707758461199734,3
NaClFWater,NaCl/NaF/water,"BC S-loss, fixed kappa_D",0.01,298.15,F,NaCl,neutral ion-pair NaCl: mu_Na + mu_Cl,0.034999999999999996,0.02,0.02,2.057243130203873,kJ/mol,0.8298825294821041,0.0213218225495666,2.057243130203873,0.8743346610494426,0.04445213156733849,0.0,0.0,NaClFWater/data/S0_NaClFWater_matrix_BC_s_loss_split0.csv,0,0.30591328080656316,0.17661911502235084,0.12340402723948382,0.0712473483457999,3
NaClFWater,NaCl/NaF/water,"BC S-loss, fixed kappa_D",0.01,298.15,F,NaCl,neutral ion-pair NaCl: mu_Na + mu_Cl,0.034999999999999996,0.0225,0.0225,2.1907218159211146,kJ/mol,0.8837272247000162,0.022705231641680257,2.1907218159211146,0.9281793562673547,0.04445213156733849,0.0,0.0,NaClFWater/data/S0_NaClFWater_matrix_BC_s_loss_split0.csv,0,0.304951345243554,0.1760637412661044,0.12301598680492928,0.07102331309645338,3
NaClFWater,NaCl/NaF/water,"BC S-loss, fixed kappa_D",0.01,298.15,F,NaCl,neutral ion-pair NaCl: mu_Na + mu_Cl,0.034999999999999996,0.025,0.025,2.333817861333306,kJ/mol,0.9414515191123091,0.02418831764305196,2.333817861333306,0.9859036506796476,0.04445213156733849,0.0,0.0,NaClFWater/data/S0_NaClFWater_matrix_BC_s_loss_split0.csv,0,0.30109514637858587,0.17383736381336634,0.1214604137074856,0.07012520254990012,3
NaClFWater,NaCl/NaF/water,"BC S-loss, fixed kappa_D",0.01,298.15,F,NaCl,neutral ion-pair NaCl: mu_Na + mu_Cl,0.034999999999999996,0.0275,0.0275,2.487420157164813,kJ/mol,1.0034139871975845,0.025780293256843834,2.487420157164813,1.047866118764923,0.04445213156733849,0.0,0.0,NaClFWater/data/S0_NaClFWater_matrix_BC_s_loss_split0.csv,0,0.29487165818815025,0.17024423123131988,0.11894988685441069,0.06867574919546954,3
NaClFWater,NaCl/NaF/water,"BC S-loss, fixed kappa_D",0.01,298.15,F,NaCl,neutral ion-pair NaCl: mu_Na + mu_Cl,0.034999999999999996,0.03,0.03,2.652108577025122,kJ/mol,1.069848547334645,0.027487168449511042,2.652108577025122,1.1143006789019836,0.04445213156733849,0.0,0.0,NaClFWater/data/S0_NaClFWater_matrix_BC_s_loss_split0.csv,0,0.287283656017866,0.16586329613569478,0.11588892126296547,0.06690849988726846,3
NaClFWater,NaCl/NaF/water,"BC S-loss, fixed kappa_D",0.01,298.15,F,NaCl,neutral ion-pair NaCl: mu_Na + mu_Cl,0.034999999999999996,0.0325,0.0325,2.827963433600844,kJ/mol,1.1407875972962849,0.029309775603394428,2.827963433600844,1.1852397288636234,0.04445213156733849,0.0,0.0,NaClFWater/data/S0_NaClFWater_matrix_BC_s_loss_split0.csv,0,0.2798300422802244,0.16155995023783193,0.11288216735451345,0.06517254970883674,3
NaClFWater,NaCl/NaF/water,"BC S-loss, fixed kappa_D",0.01,298.15,F,NaCl,neutral ion-pair NaCl: mu_Na + mu_Cl,0.034999999999999996,0.034999999999999996,0.034999999999999996,3.0144001824644544,kJ/mol,1.2159953345169312,0.031242056342421165,3.0144001824644544,1.2604474660842697,0.04445213156733849,0.0,0.0,NaClFWater/data/S0_NaClFWater_matrix_BC_s_loss_split0.csv,0,0.2745084347548844,0.15848751870055533,0.11073545506309726,0.06393314478951491,3
NaClFWater,NaCl/NaF/water,"BC S-loss, fixed kappa_D",0.01,298.15,F,NaCl,neutral ion-pair NaCl: mu_Na + mu_Cl,0.034999999999999996,0.0375,0.0375,3.210037085438387,kJ/mol,1.2949143720951306,0.03326968995952484,3.210037085438387,1.3393665036624691,0.04445213156733849,0.0,0.0,NaClFWater/data/S0_NaClFWater_matrix_BC_s_loss_split0.csv,0,0.2738069373510275,0.15808250898560275,0.11045247419837076,0.06376976571108955,3
NaClFWater,NaCl/NaF/water,"BC S-loss, fixed kappa_D",0.01,298.15,F,NaCl,neutral ion-pair NaCl: mu_Na + mu_Cl,0.034999999999999996,0.04,0.04,3.412602076557306,kJ/mol,1.3766281689459818,0.035369128150364304,3.412602076557306,1.4210803005133203,0.04445213156733849,0.0,0.0,NaClFWater/data/S0_NaClFWater_matrix_BC_s_loss_split0.csv,0,0.28069017026837834,0.16205654536333014,0.11322913907604096,0.06537287392566182,3
NaClFWater,NaCl/NaF/water,"BC S-loss, fixed kappa_D",0.01,298.15,F,NaCl,neutral ion-pair NaCl: mu_Na + mu_Cl,0.0375,0.0,0.0,1.4719943955269994,kJ/mol,0.5937958496049847,0.015256146847491436,1.4719943955269994,0.6382479811723232,0.04445213156733849,0.0,0.0,NaClFWater/data/S0_NaClFWater_matrix_BC_s_loss_split0.csv,0,0.25945261328549624,0.14979503612233314,0.10466200510426395,0.06042663682087278,3
NaClFWater,NaCl/NaF/water,"BC S-loss, fixed kappa_D",0.01,298.15,F,NaCl,neutral ion-pair NaCl: mu_Na + mu_Cl,0.0375,0.0025,0.0025,1.5373985835325,kJ/mol,0.6201796018138687,0.015934013488617893,1.5373985835325,0.6646317333812072,0.04445213156733849,0.0,0.0,NaClFWater/data/S0_NaClFWater_matrix_BC_s_loss_split0.csv,0,0.26352939146432974,0.15214876510130906,0.10630655889448733,0.06137612039435507,3
NaClFWater,NaCl/NaF/water,"BC S-loss, fixed kappa_D",0.01,298.15,F,NaCl,neutral ion-pair NaCl: mu_Na + mu_Cl,0.0375,0.005,0.005,1.6174128265718792,kJ/mol,0.6524569838273089,0.016763302679805747,1.6174128265718792,0.6969091153946474,0.04445213156733849,0.0,0.0,NaClFWater/data/S0_NaClFWater_matrix_BC_s_loss_split0.csv,0,0.26968000374283674,0.1556998227559861,0.10878768793587845,0.06280860091429644,3
NaClFWater,NaCl/NaF/water,"BC S-loss, fixed kappa_D",0.01,298.15,F,NaCl,neutral ion-pair NaCl: mu_Na + mu_Cl,0.0375,0.0075,0.0075,1.709019139666751,kJ/mol,0.6894105542204048,0.017712735210920982,1.709019139666751,0.7338626857877433,0.04445213156733849,0.0,0.0,NaClFWater/data/S0_NaClFWater_matrix_BC_s_loss_split0.csv,0,0.2771639210319388,0.16002066441744206,0.11180666615927358,0.06455160880425123,3
NaClFWater,NaCl/NaF/water,"BC S-loss, fixed kappa_D",0.01,298.15,F,NaCl,neutral ion-pair NaCl: mu_Na + mu_Cl,0.0375,0.01,0.01,1.8101078004761113,kJ/mol,0.7301892605885318,0.018760445350721966,1.8101078004761113,0.7746413921558704,0.04445213156733849,0.0,0.0,NaClFWater/data/S0_NaClFWater_matrix_BC_s_loss_split0.csv,0,0.2851062266236623,0.1646061566888099,0.11501055614077818,0.06640137554752686,3
NaClFWater,NaCl/NaF/water,"BC S-loss, fixed kappa_D",0.01,298.15,F,NaCl,neutral ion-pair NaCl: mu_Na + mu_Cl,0.0375,0.0125,0.0125,1.919415761449328,kJ/mol,0.7742835952897466,0.019893342533805477,1.919415761449328,0.8187357268570851,0.04445213156733849,0.0,0.0,NaClFWater/data/S0_NaClFWater_matrix_BC_s_loss_split0.csv,0,0.29257915288218367,0.16892065267580142,0.11802510063238647,0.06814182362124101,3
NaClFWater,NaCl/NaF/water,"BC S-loss, fixed kappa_D",0.01,298.15,F,NaCl,neutral ion-pair NaCl: mu_Na + mu_Cl,0.0375,0.015,0.015,2.0364236484905427,kJ/mol,0.8214840451741006,0.02110604382698966,2.0364236484905427,0.8659361767414391,0.04445213156733849,0.0,0.0,NaClFWater/data/S0_NaClFWater_matrix_BC_s_loss_split0.csv,0,0.29869107071881307,0.1724493700840443,0.12049062051177294,0.06956529218729715,3
NaClFWater,NaCl/NaF/water,"BC S-loss, fixed kappa_D",0.01,298.15,F,NaCl,neutral ion-pair NaCl: mu_Na + mu_Cl,0.0375,0.0175,0.0175,2.161217119496395,kJ/mol,0.871825164247822,0.02239943701181346,2.161217119496395,0.9162772958151605,0.04445213156733849,0.0,0.0,NaClFWater/data/S0_NaClFWater_matrix_BC_s_loss_split0.csv,0,0.3026759294176608,0.17475002932650666,0.12209809440150256,0.07049336767024784,3
NaClFWater,NaCl/NaF/water,"BC S-loss, fixed kappa_D",0.01,298.15,F,NaCl,neutral ion-pair NaCl: mu_Na + mu_Cl,0.0375,0.02,0.02,2.2943198021651097,kJ/mol,0.9255181815447227,0.023778949106940672,2.2943198021651097,0.9699703131120612,0.04445213156733849,0.0,0.0,NaClFWater/data/S0_NaClFWater_matrix_BC_s_loss_split0.csv,0,0.30397880702045377,0.1755022460612003,0.12262366930547824,0.07079680848253751,3
NaClFWater,NaCl/NaF/water,"BC S-loss, fixed kappa_D",0.01,298.15,F,NaCl,neutral ion-pair NaCl: mu_Na + mu_Cl,0.0375,0.0225,0.0225,2.436506155181945,kJ/mol,0.9828755101788706,0.025252606811022815,2.436506155181945,1.0273276417462092,0.04445213156733849,0.0,0.0,NaClFWater/data/S0_NaClFWater_matrix_BC_s_loss_split0.csv,0,0.30233398838385833,0.1745526095785938,0.12196015694243445,0.07041372944112353,3
NaClFWater,NaCl/NaF/water,"BC S-loss, fixed kappa_D",0.01,298.15,F,NaCl,neutral ion-pair NaCl: mu_Na + mu_Cl,0.0375,0.025,0.025,2.588603372862951,kJ/mol,1.0442308365781352,0.02682898338900941,2.588603372862951,1.0886829681454737,0.04445213156733849,0.0,0.0,NaClFWater/data/S0_NaClFWater_matrix_BC_s_loss_split0.csv,0,0.2978318112821402,0.17195327641697747,0.1201439991599656,0.06936517025652432,3
NaClFWater,NaCl/NaF/water,"BC S-loss, fixed kappa_D",0.01,298.15,F,NaCl,neutral ion-pair NaCl: mu_Na + mu_Cl,0.0375,0.0275,0.0275,2.751291818610413,kJ/mol,1.1098586162470536,0.028515130310665878,2.751291818610413,1.1543107478143921,0.04445213156733849,0.0,0.0,NaClFWater/data/S0_NaClFWater_matrix_BC_s_loss_split0.csv,0,0.2909702564493016,0.1679917558871787,0.11737607912307041,0.06776711087812752,3
NaClFWater,NaCl/NaF/water,"BC S-loss, fixed kappa_D",0.01,298.15,F,NaCl,neutral ion-pair NaCl: mu_Na + mu_Cl,0.0375,0.03,0.03,2.924913445812617,kJ/mol,1.1798967916284364,0.030314591673118226,2.924913445812617,1.224348923195775,0.04445213156733849,0.0,0.0,NaClFWater/data/S0_NaClFWater_matrix_BC_s_loss_split0.csv,0,0.28268731704965716,0.16320959859511266,0.11403477901147759,0.06583801035925607,3
NaClFWater,NaCl/NaF/water,"BC S-loss, fixed kappa_D",0.01,298.15,F,NaCl,neutral ion-pair NaCl: mu_Na + mu_Cl,0.0375,0.0325,0.0325,3.109297231705148,kJ/mol,1.2542763729163402,0.03222559495031874,3.109297231705148,1.2987285044836787,0.04445213156733849,0.0,0.0,NaClFWater/data/S0_NaClFWater_matrix_BC_s_loss_split0.csv,0,0.2743710207014704,0.15840818265982634,0.110680022858435,0.06390114099123138,3
NaClFWater,NaCl/NaF/water,"BC S-loss, fixed kappa_D",0.01,298.15,F,NaCl,neutral ion-pair NaCl: mu_Na + mu_Cl,0.0375,0.034999999999999996,0.034999999999999996,3.3036098348375504,kJ/mol,1.3326611939568118,0.03423950316675928,3.3036098348375504,1.3771133255241503,0.04445213156733849,0.0,0.0,NaClFWater/data/S0_NaClFWater_matrix_BC_s_loss_split0.csv,0,0.2678464616605821,0.15464122674122588,0.10804804539251867,0.06238156809278356,3
NaClFWater,NaCl/NaF/water,"BC S-loss, fixed kappa_D",0.01,298.15,F,NaCl,neutral ion-pair NaCl: mu_Na + mu_Cl,0.0375,0.0375,0.0375,3.506238539090927,kJ/mol,1.4144006923965557,0.03633960169770489,3.506238539090927,1.4588528239638943,0.04445213156733849,0.0,0.0,NaClFWater/data/S0_NaClFWater_matrix_BC_s_loss_split0.csv,0,0.2653444496806109,0.15319668945107381,0.10703874513031435,0.061798848314706736,3
NaClFWater,NaCl/NaF/water,"BC S-loss, fixed kappa_D",0.01,298.15,F,NaCl,neutral ion-pair NaCl: mu_Na + mu_Cl,0.0375,0.04,0.04,3.714712107035393,kJ/mol,1.4984979822870157,0.038500277972048025,3.714712107035393,1.5429501138543542,0.04445213156733849,0.0,0.0,NaClFWater/data/S0_NaClFWater_matrix_BC_s_loss_split0.csv,0,0.26946317324271857,0.15557463560837434,0.10870021949752755,0.06275810098786894,3
NaClFWater,NaCl/NaF/water,"BC S-loss, fixed kappa_D",0.01,298.15,F,NaCl,neutral ion-pair NaCl: mu_Na + mu_Cl,0.04,0.0,0.0,1.6588607239236839,kJ/mol,0.6691768772570279,0.01719287986463769,1.6588607239236839,0.7136290088243664,0.04445213156733849,0.0,0.0,NaClFWater/data/S0_NaClFWater_matrix_BC_s_loss_split0.csv,0,0.265499829819945,0.1532863982163451,0.10710142477238899,0.06183503642293124,3
NaClFWater,NaCl/NaF/water,"BC S-loss, fixed kappa_D",0.01,298.15,F,NaCl,neutral ion-pair NaCl: mu_Na + mu_Cl,0.04,0.0025,0.0025,1.7312596863536096,kJ/mol,0.6983822896806301,0.01794324223408239,1.7312596863536096,0.7428344212479686,0.04445213156733849,0.0,0.0,NaClFWater/data/S0_NaClFWater_matrix_BC_s_loss_split0.csv,0,0.2679483393802045,0.1547000458700743,0.10808914240162605,0.062405295462054595,3
NaClFWater,NaCl/NaF/water,"BC S-loss, fixed kappa_D",0.01,298.15,F,NaCl,neutral ion-pair NaCl: mu_Na + mu_Cl,0.04,0.005,0.005,1.8177652334974304,kJ/mol,0.7332782342697527,0.018839809051428347,1.8177652334974304,0.7777303658370912,0.04445213156733849,0.0,0.0,NaClFWater/data/S0_NaClFWater_matrix_BC_s_loss_split0.csv,0,0.27273565463508,0.15746400362117224,0.11002032361925429,0.0635202634579062,3
NaClFWater,NaCl/NaF/water,"BC S-loss, fixed kappa_D",0.01,298.15,F,NaCl,neutral ion-pair NaCl: mu_Na + mu_Cl,0.04,0.0075,0.0075,1.9157347513630985,kJ/mol,0.7727986925494922,0.01985519155266502,1.9157347513630985,0.8172508241168307,0.04445213156733849,0.0,0.0,NaClFWater/data/S0_NaClFWater_matrix_BC_s_loss_split0.csv,0,0.2790221305009976,0.16109350215461388,0.11255625941436805,0.06498438667186274,3
NaClFWater,NaCl/NaF/water,"BC S-loss, fixed kappa_D",0.01,298.15,F,NaCl,neutral ion-pair NaCl: mu_Na + mu_Cl,0.04,0.01,0.01,2.0233508827564335,kJ/mol,0.816210550886785,0.020970554157770493,2.0233508827564335,0.8606626824541235,0.04445213156733849,0.0,0.0,NaClFWater/data/S0_NaClFWater_matrix_BC_s_loss_split0.csv,0,0.28587655658914357,0.16505090690174534,0.11532130374805116,0.06658078576223594,3
NaClFWater,NaCl/NaF/water,"BC S-loss, fixed kappa_D",0.01,298.15,F,NaCl,neutral ion-pair NaCl: mu_Na + mu_Cl,0.04,0.0125,0.0125,2.1395565118799427,kJ/mol,0.863087373573037,0.022174940633561846,2.1395565118799427,0.9075395051403755,0.04445213156733849,0.0,0.0,NaClFWater/data/S0_NaClFWater_matrix_BC_s_loss_split0.csv,0,0.2923525891242775,0.16878984602918568,0.11793370584207717,0.0680890568144534,3
NaClFWater,NaCl/NaF/water,"BC S-loss, fixed kappa_D",0.01,298.15,F,NaCl,neutral ion-pair NaCl: mu_Na + mu_Cl,0.04,0.015,0.015,2.263951959083818,kJ/mol,0.9132679316538795,0.023464208592372415,2.263951959083818,0.957720063221218,0.04445213156733849,0.0,0.0,NaClFWater/data/S0_NaClFWater_matrix_BC_s_loss_split0.csv,0,0.29756690970272,0.17180033541879045,0.1200371390666857,0.06930347455290353,3
NaClFWater,NaCl/NaF/water,"BC S-loss, fixed kappa_D",0.01,298.15,F,NaCl,neutral ion-pair NaCl: mu_Na + mu_Cl,0.04,0.0175,0.0175,2.39666003796346,kJ/mol,0.9668017675755645,0.02483963090742236,2.39666003796346,1.011253899142903,0.04445213156733849,0.0,0.0,NaClFWater/data/S0_NaClFWater_matrix_BC_s_loss_split0.csv,0,0.30077548998654896,0.17365281010937564,0.12133146577163206,0.07005075442442364,3
NaClFWater,NaCl/NaF/water,"BC S-loss, fixed kappa_D",0.01,298.15,F,NaCl,neutral ion-pair NaCl: mu_Na + mu_Cl,0.04,0.02,0.02,2.5381659160221375,kJ/mol,1.0238845957040432,0.02630623598554394,2.5381659160221375,1.0683367272713817,0.04445213156733849,0.0,0.0,NaClFWater/data/S0_NaClFWater_matrix_BC_s_loss_split0.csv,0,0.30144595677094616,0.17403990428783006,0.1216019290254888,0.07020690645684373,3
NaClFWater,NaCl/NaF/water,"BC S-loss, fixed kappa_D",0.01,298.15,F,NaCl,neutral ion-pair NaCl: mu_Na + mu_Cl,0.04,0.0225,0.0225,2.689139754565017,kJ/mol,1.0847867560642392,0.02787096955921697,2.689139754565017,1.1292388876315778,0.04445213156733849,0.0,0.0,NaClFWater/data/S0_NaClFWater_matrix_BC_s_loss_split0.csv,0,0.299323816115853,0.1728146858093538,0.12074586712939629,0.06971265889069174,3
NaClFWater,NaCl/NaF/water,"BC S-loss, fixed kappa_D",0.01,298.15,F,NaCl,neutral ion-pair NaCl: mu_Na + mu_Cl,0.04,0.025,0.025,2.8502507443063365,kJ/mol,1.1497781971491057,0.02954076730145516,2.8502507443063365,1.1942303287164442,0.04445213156733849,0.0,0.0,NaClFWater/data/S0_NaClFWater_matrix_BC_s_loss_split0.csv,0,0.2944895011103744,0.17002359273959328,0.11879572642596754,0.0685867446306095,3
NaClFWater,NaCl/NaF/water,"BC S-loss, fixed kappa_D",0.01,298.15,F,NaCl,neutral ion-pair NaCl: mu_Na + mu_Cl,0.04,0.0275,0.0275,3.0219814596813817,kJ/mol,1.2190535872927541,0.031320630743834954,3.0219814596813817,1.2635057188600927,0.04445213156733849,0.0,0.0,NaClFWater/data/S0_NaClFWater_matrix_BC_s_loss_split0.csv,0,0.28740248065935076,0.16593189957444238,0.115936854583336,0.06693617420268753,3
NaClFWater,NaCl/NaF/water,"BC S-loss, fixed kappa_D",0.01,298.15,F,NaCl,neutral ion-pair NaCl: mu_Na + mu_Cl,0.04,0.03,0.03,3.204451357493128,kJ/mol,1.2926611148266274,0.033211797968874635,3.204451357493128,1.337113246393966,0.04445213156733849,0.0,0.0,NaClFWater/data/S0_NaClFWater_matrix_BC_s_loss_split0.csv,0,0.2789280863248592,0.16103920572420466,0.11251832242110221,0.06496248373858847,3
NaClFWater,NaCl/NaF/water,"BC S-loss, fixed kappa_D",0.01,298.15,F,NaCl,neutral ion-pair NaCl: mu_Na + mu_Cl,0.04,0.0325,0.0325,3.3972577832054403,kJ/mol,1.3704383507407316,0.03521009575638345,3.3972577832054403,1.4148904823080701,0.04445213156733849,0.0,0.0,NaClFWater/data/S0_NaClFWater_matrix_BC_s_loss_split0.csv,0,0.2703422878844186,0.1560821926834084,0.10905485034880971,0.06296284720531964,3
NaClFWater,NaCl/NaF/water,"BC S-loss, fixed kappa_D",0.01,298.15,F,NaCl,neutral ion-pair NaCl: mu_Na + mu_Cl,0.04,0.034999999999999996,0.034999999999999996,3.599342030732636,kJ/mol,1.4519582178114445,0.03730455139100286,3.599342030732636,1.496410349378783,0.04445213156733849,0.0,0.0,NaClFWater/data/S0_NaClFWater_matrix_BC_s_loss_split0.csv,0,0.26331008998289734,0.15202215133197036,0.10621809367350378,0.0613250449752063,3
NaClFWater,NaCl/NaF/water,"BC S-loss, fixed kappa_D",0.01,298.15,F,NaCl,neutral ion-pair NaCl: mu_Na + mu_Cl,0.04,0.0375,0.0375,3.8088868780309686,kJ/mol,1.536487656924773,0.03947633069344647,3.8088868780309686,1.5809397884921115,0.04445213156733849,0.0,0.0,NaClFWater/data/S0_NaClFWater_matrix_BC_s_loss_split0.csv,0,0.2598368625198985,0.1500168825212512,0.10481700949918232,0.060516128650004476,3
NaClFWater,NaCl/NaF/water,"BC S-loss, fixed kappa_D",0.01,298.15,F,NaCl,neutral ion-pair NaCl: mu_Na + mu_Cl,0.04,0.04,0.04,4.023250622740344,kJ/mol,1.6229610173540006,0.04169805434810314,4.023250622740344,1.667413148921339,0.04445213156733849,0.0,0.0,NaClFWater/data/S0_NaClFWater_matrix_BC_s_loss_split0.csv,0,0.2622020218025468,0.15138240786976453,0.10577110400522056,0.061066975369898004,3
NaClFWater,NaCl/NaF/water,"BC S-loss, fixed kappa_D",0.01,298.15,F,NaCl,neutral ion-pair NaCl: mu_Na + mu_Cl,0.0425,0.0,0.0,1.8494557639497755,kJ/mol,0.7460620502350613,0.019168258254580905,1.8494557639497755,0.7905141818023999,0.04445213156733849,0.0,0.0,NaClFWater/data/S0_NaClFWater_matrix_BC_s_loss_split0.csv,0,0.27249556339073067,0.1573253868766171,0.10992347190239017,0.06346434609310324,3
NaClFWater,NaCl/NaF/water,"BC S-loss, fixed kappa_D",0.01,298.15,F,NaCl,neutral ion-pair NaCl: mu_Na + mu_Cl,0.0425,0.0025,0.0025,1.92944848262917,kJ/mol,0.7783307494195022,0.019997324361497704,1.92944848262917,0.8227828809868407,0.04445213156733849,0.0,0.0,NaClFWater/data/S0_NaClFWater_matrix_BC_s_loss_split0.csv,0,0.27285139248823503,0.15753082490184675,0.11006701174324067,0.06354721885885771,3
NaClFWater,NaCl/NaF/water,"BC S-loss, fixed kappa_D",0.01,298.15,F,NaCl,neutral ion-pair NaCl: mu_Na + mu_Cl,0.0425,0.005,0.005,2.0230151435567394,kJ/mol,0.8160751152194116,0.020967074466170743,2.0230151435567394,0.8605272467867501,0.04445213156733849,0.0,0.0,NaClFWater/data/S0_NaClFWater_matrix_BC_s_loss_split0.csv,0,0.2758923269655089,0.15928650924088883,0.11129371089169726,0.0642554539424338,3
NaClFWater,NaCl/NaF/water,"BC S-loss, fixed kappa_D",0.01,298.15,F,NaCl,neutral ion-pair NaCl: mu_Na + mu_Cl,0.0425,0.0075,0.0075,2.127869666344082,kJ/mol,0.8583729531953127,0.022053815014999145,2.127869666344082,0.9028250847626512,0.04445213156733849,0.0,0.0,NaClFWater/data/S0_NaClFWater_matrix_BC_s_loss_split0.csv,0,0.2806853981813763,0.1620537901976149,0.11322721403783133,0.0653717625043333,3
NaClFWater,NaCl/NaF/water,"BC S-loss, fixed kappa_D",0.01,298.15,F,NaCl,neutral ion-pair NaCl: mu_Na + mu_Cl,0.0425,0.01,0.01,2.2424716927148,kJ/mol,0.9046028898187398,0.02324158131943932,2.2424716927148,0.9490550213860783,0.04445213156733849,0.0,0.0,NaClFWater/data/S0_NaClFWater_matrix_BC_s_loss_split0.csv,0,0.2862486364154435,0.16526572728961963,0.11547139905904552,0.06666744333044264,3
NaClFWater,NaCl/NaF/water,"BC S-loss, fixed kappa_D",0.01,298.15,F,NaCl,neutral ion-pair NaCl: mu_Na + mu_Cl,0.0425,0.0125,0.0125,2.3659587514628324,kJ/mol,0.9544170081247111,0.024521434495341055,2.3659587514628324,0.9988691396920496,0.04445213156733849,0.0,0.0,NaClFWater/data/S0_NaClFWater_matrix_BC_s_loss_split0.csv,0,0.29162061124394884,0.16836723840293707,0.11763842929166186,0.06791857881858573,3
NaClFWater,NaCl/NaF/water,"BC S-loss, fixed kappa_D",0.01,298.15,F,NaCl,neutral ion-pair NaCl: mu_Na + mu_Cl,0.0425,0.015,0.015,2.4980441371797126,kJ/mol,1.0076996524543975,0.025890403050539138,2.4980441371797126,1.052151784021736,0.04445213156733849,0.0,0.0,NaClFWater/data/S0_NaClFWater_matrix_BC_s_loss_split0.csv,0,0.29592741764587344,0.17085377423843584,0.11937577542170572,0.06892163607444211,3
NaClFWater,NaCl/NaF/water,"BC S-loss, fixed kappa_D",0.01,298.15,F,NaCl,neutral ion-pair NaCl: mu_Na + mu_Cl,0.0425,0.0175,0.0175,2.638885998555702,kJ/mol,1.0645146192707362,0.02735012608070519,2.638885998555702,1.1089667508380747,0.04445213156733849,0.0,0.0,NaClFWater/data/S0_NaClFWater_matrix_BC_s_loss_split0.csv,0,0.2984459944354188,0.1723078752258546,0.12039175785281277,0.0695082138045337,3
NaClFWater,NaCl/NaF/water,"BC S-loss, fixed kappa_D",0.01,298.15,F,NaCl,neutral ion-pair NaCl: mu_Na + mu_Cl,0.0425,0.02,0.02,2.7889343123143338,kJ/mol,1.1250434271390595,0.028905267265940893,2.7889343123143338,1.169495558706398,0.04445213156733849,0.0,0.0,NaClFWater/data/S0_NaClFWater_matrix_BC_s_loss_split0.csv,0,0.2986636194819704,0.17243352110506358,0.12047954680758398,0.06955889878120274,3
NaClFWater,NaCl/NaF/water,"BC S-loss, fixed kappa_D",0.01,298.15,F,NaCl,neutral ion-pair NaCl: mu_Na + mu_Cl,0.0425,0.0225,0.0225,2.9487633097731125,kJ/mol,1.1895177183632257,0.030561778094465808,2.9487633097731125,1.2339698499305642,0.04445213156733849,0.0,0.0,NaClFWater/data/S0_NaClFWater_matrix_BC_s_loss_split0.csv,0,0.2963326094555698,0.17108771183883745,0.11953922795632321,0.06901600543930325,3
NaClFWater,NaCl/NaF/water,"BC S-loss, fixed kappa_D",0.01,298.15,F,NaCl,neutral ion-pair NaCl: mu_Na + mu_Cl,0.0425,0.025,0.025,3.118897493932516,kJ/mol,1.2581490750699984,0.032325094656812325,3.118897493932516,1.302601206637337,0.04445213156733849,0.0,0.0,NaClFWater/data/S0_NaClFWater_matrix_BC_s_loss_split0.csv,0,0.29151803750899313,0.16830801742944862,0.1175970515131321,0.0678946893470131,3
NaClFWater,NaCl/NaF/water,"BC S-loss, fixed kappa_D",0.01,298.15,F,NaCl,neutral ion-pair NaCl: mu_Na + mu_Cl,0.0425,0.0275,0.0275,3.2996395954214135,kJ/mol,1.3310596174192895,0.034198354534851205,3.2996395954214135,1.375511748986628,0.04445213156733849,0.0,0.0,NaClFWater/data/S0_NaClFWater_matrix_BC_s_loss_split0.csv,0,0.28463525750091734,0.16433424253901308,0.11482056933700518,0.06629168661522604,3
NaClFWater,NaCl/NaF/water,"BC S-loss, fixed kappa_D",0.01,298.15,F,NaCl,neutral ion-pair NaCl: mu_Na + mu_Cl,0.0425,0.03,0.03,3.490908664428761,kJ/mol,1.4082166906252038,0.03618071874291218,3.490908664428761,1.4526688221925423,0.04445213156733849,0.0,0.0,NaClFWater/data/S0_NaClFWater_matrix_BC_s_loss_split0.csv,0,0.2764729070881185,0.15962170733096362,0.11152791427468318,0.06439067132864584,3
NaClFWater,NaCl/NaF/water,"BC S-loss, fixed kappa_D",0.01,298.15,F,NaCl,neutral ion-pair NaCl: mu_Na + mu_Cl,0.0425,0.0325,0.0325,3.692096028401442,kJ/mol,1.4893747589459567,0.03826587883452248,3.692096028401442,1.5338268905132952,0.04445213156733849,0.0,0.0,NaClFWater/data/S0_NaClFWater_matrix_BC_s_loss_split0.csv,0,0.26819548968547036,0.15484273816534982,0.10818884171158369,0.06246285688549666,3
NaClFWater,NaCl/NaF/water,"BC S-loss, fixed kappa_D",0.01,298.15,F,NaCl,neutral ion-pair NaCl: mu_Na + mu_Cl,0.0425,0.034999999999999996,0.034999999999999996,3.9019460021582755,kJ/mol,1.5740272846859822,0.0404408205498612,3.9019460021582755,1.6184794162533207,0.04445213156733849,0.0,0.0,NaClFWater/data/S0_NaClFWater_matrix_BC_s_loss_split0.csv,0,0.2613178954707218,0.15087195729408773,0.10541445146091787,0.06086106192743767,3
NaClFWater,NaCl/NaF/water,"BC S-loss, fixed kappa_D",0.01,298.15,F,NaCl,neutral ion-pair NaCl: mu_Na + mu_Cl,0.0425,0.0375,0.0375,4.118467157139163,kJ/mol,1.6613709346142813,0.04268490418633064,4.118467157139163,1.7058230661816198,0.04445213156733849,0.0,0.0,NaClFWater/data/S0_NaClFWater_matrix_BC_s_loss_split0.csv,0,0.25764511473409885,0.148751476347124,0.10393286840289587,0.06000566955006188,3
NaClFWater,NaCl/NaF/water,"BC S-loss, fixed kappa_D",0.01,298.15,F,NaCl,neutral ion-pair NaCl: mu_Na + mu_Cl,0.0425,0.04,0.04,4.338878609940131,kJ/mol,1.750283913003552,0.044969307918449886,4.338878609940131,1.7947360445708904,0.04445213156733849,0.0,0.0,NaClFWater/data/S0_NaClFWater_matrix_BC_s_loss_split0.csv,0,0.2591804326384989,0.149637892552521,0.10455220866820354,0.060363245818957245,3
NaClFWater,NaCl/NaF/water,"BC S-loss, fixed kappa_D",0.01,298.15,F,NaCl,neutral ion-pair NaCl: mu_Na + mu_Cl,0.045,0.0,0.0,2.043910342759703,kJ/mol,0.8245041436186313,0.02118363794522793,2.043910342759703,0.8689562751859699,0.04445213156733849,0.0,0.0,NaClFWater/data/S0_NaClFWater_matrix_BC_s_loss_split0.csv,0,0.27972674816864,0.16150031335470297,0.11284049897932552,0.06514849246120528,3
NaClFWater,NaCl/NaF/water,"BC S-loss, fixed kappa_D",0.01,298.15,F,NaCl,neutral ion-pair NaCl: mu_Na + mu_Cl,0.045,0.0025,0.0025,2.1321858560462195,kJ/mol,0.8601140845060194,0.022098549168958925,2.1321858560462195,0.904566216073358,0.04445213156733849,0.0,0.0,NaClFWater/data/S0_NaClFWater_matrix_BC_s_loss_split0.csv,0,0.27769973101372614,0.16033001445466147,0.11202280947091191,0.06467639920340915,3
NaClFWater,NaCl/NaF/water,"BC S-loss, fixed kappa_D",0.01,298.15,F,NaCl,neutral ion-pair NaCl: mu_Na + mu_Cl,0.045,0.005,0.005,2.23344751576042,kJ/mol,0.900962577846157,0.023148052316059875,2.23344751576042,0.9454147094134955,0.04445213156733849,0.0,0.0,NaClFWater/data/S0_NaClFWater_matrix_BC_s_loss_split0.csv,0,0.2787859164008383,0.16095712388030048,0.11246097171985031,0.06492937229578247,3
NaClFWater,NaCl/NaF/water,"BC S-loss, fixed kappa_D",0.01,298.15,F,NaCl,neutral ion-pair NaCl: mu_Na + mu_Cl,0.045,0.0075,0.0075,2.3457495836547673,kJ/mol,0.9462647216724903,0.024311981230653146,2.3457495836547673,0.9907168532398288,0.04445213156733849,0.0,0.0,NaClFWater/data/S0_NaClFWater_matrix_BC_s_loss_split0.csv,0,0.2819594021552445,0.16278933673487636,0.11374114145111634,0.06566847863473732,3
NaClFWater,NaCl/NaF/water,"BC S-loss, fixed kappa_D",0.01,298.15,F,NaCl,neutral ion-pair NaCl: mu_Na + mu_Cl,0.045,0.01,0.01,2.467816860464399,kJ/mol,0.9955061063967792,0.02557711940369245,2.467816860464399,1.0399582379641177,0.04445213156733849,0.0,0.0,NaClFWater/data/S0_NaClFWater_matrix_BC_s_loss_split0.csv,0,0.2861857659512931,0.1652294290102183,0.1154460373995251,0.06665280076949143,3
NaClFWater,NaCl/NaF/water,"BC S-loss, fixed kappa_D",0.01,298.15,F,NaCl,neutral ion-pair NaCl: mu_Na + mu_Cl,0.045,0.0125,0.0125,2.5989745109563662,kJ/mol,1.048414506552874,0.026936472660850086,2.5989745109563662,1.0928666381202126,0.04445213156733849,0.0,0.0,NaClFWater/data/S0_NaClFWater_matrix_BC_s_loss_split0.csv,0,0.2904847025037806,0.1677114211860261,0.11718020886807089,0.0676540251336773,3
NaClFWater,NaCl/NaF/water,"BC S-loss, fixed kappa_D",0.01,298.15,F,NaCl,neutral ion-pair NaCl: mu_Na + mu_Cl,0.045,0.015,0.015,2.7390469564332167,kJ/mol,1.1049190944921483,0.028388221257159788,2.7390469564332167,1.1493712260594868,0.04445213156733849,0.0,0.0,NaClFWater/data/S0_NaClFWater_matrix_BC_s_loss_split0.csv,0,0.2939867838237427,0.16973334877883017,0.11859293255716355,0.0684696615358655,3
NaClFWater,NaCl/NaF/water,"BC S-loss, fixed kappa_D",0.01,298.15,F,NaCl,neutral ion-pair NaCl: mu_Na + mu_Cl,0.045,0.0175,0.0175,2.8882311612095704,kJ/mol,1.165099324724006,0.029934406583890905,2.8882311612095704,1.2095514562913445,0.04445213156733849,0.0,0.0,NaClFWater/data/S0_NaClFWater_matrix_BC_s_loss_split0.csv,0,0.29598482953845634,0.17088692101007327,0.1193989351182625,0.06893500733148351,3
NaClFWater,NaCl/NaF/water,"BC S-loss, fixed kappa_D",0.01,298.15,F,NaCl,neutral ion-pair NaCl: mu_Na + mu_Cl,0.045,0.02,0.02,3.0469507068749917,kJ/mol,1.22912606813669,0.031579418754859034,3.0469507068749917,1.2735781997040285,0.04445213156733849,0.0,0.0,NaClFWater/data/S0_NaClFWater_matrix_BC_s_loss_split0.csv,0,0.29598122076066935,0.1708848374812465,0.11939747935370347,0.06893416684542349,3
NaClFWater,NaCl/NaF/water,"BC S-loss, fixed kappa_D",0.01,298.15,F,NaCl,neutral ion-pair NaCl: mu_Na + mu_Cl,0.045,0.0225,0.0225,3.215697828433266,kJ/mol,1.297197890093741,0.033328359426377574,3.215697828433266,1.3416500216610796,0.04445213156733849,0.0,0.0,NaClFWater/data/S0_NaClFWater_matrix_BC_s_loss_split0.csv,0,0.29373141906691824,0.16958591386773603,0.11848991957477828,0.06841018696275535,3
NaClFWater,NaCl/NaF/water,"BC S-loss, fixed kappa_D",0.01,298.15,F,NaCl,neutral ion-pair NaCl: mu_Na + mu_Cl,0.045,0.025,0.025,3.3948710550964454,kJ/mol,1.369475555468166,0.035185359062666066,3.3948710550964454,1.4139276870355044,0.04445213156733849,0.0,0.0,NaClFWater/data/S0_NaClFWater_matrix_BC_s_loss_split0.csv,0,0.2892825084403617,0.16701733411989303,0.11669524924631762,0.06737403356551196,3
NaClFWater,NaCl/NaF/water,"BC S-loss, fixed kappa_D",0.01,298.15,F,NaCl,neutral ion-pair NaCl: mu_Na + mu_Cl,0.045,0.0275,0.0275,3.5846162466416476,kJ/mol,1.4460179034311866,0.03715192939378653,3.5846162466416476,1.4904700349985252,0.04445213156733849,0.0,0.0,NaClFWater/data/S0_NaClFWater_matrix_BC_s_loss_split0.csv,0,0.2830042434725106,0.16339257615066038,0.11416262569016888,0.0659118226736135,3
NaClFWater,NaCl/NaF/water,"BC S-loss, fixed kappa_D",0.01,298.15,F,NaCl,neutral ion-pair NaCl: mu_Na + mu_Cl,0.045,0.03,0.03,3.784678621492973,kJ/mol,1.5267221562529527,0.03922542979478294,3.784678621492973,1.5711742878202912,0.04445213156733849,0.0,0.0,NaClFWater/data/S0_NaClFWater_matrix_BC_s_loss_split0.csv,0,0.27560845681861007,0.15912261673516187,0.11117919896450003,0.06418934045044106,3
NaClFWater,NaCl/NaF/water,"BC S-loss, fixed kappa_D",0.01,298.15,F,NaCl,neutral ion-pair NaCl: mu_Na + mu_Cl,0.045,0.0325,0.0325,3.9942728666528544,kJ/mol,1.611271522239139,0.04139772106998407,3.9942728666528544,1.6557236538064775,0.04445213156733849,0.0,0.0,NaClFWater/data/S0_NaClFWater_matrix_BC_s_loss_split0.csv,0,0.2681500780440498,0.1548165197419513,0.10817052286181016,0.062452280492648664,3
NaClFWater,NaCl/NaF/water,"BC S-loss, fixed kappa_D",0.01,298.15,F,NaCl,neutral ion-pair NaCl: mu_Na + mu_Cl,0.045,0.034999999999999996,0.034999999999999996,4.211977604338845,kJ/mol,1.6990926240518271,0.04365407167676949,4.211977604338845,1.7435447556191657,0.04445213156733849,0.0,0.0,NaClFWater/data/S0_NaClFWater_matrix_BC_s_loss_split0.csv,0,0.2619994439852774,0.1512654495124322,0.10568938503435875,0.06101979490007303,3
NaClFWater,NaCl/NaF/water,"BC S-loss, fixed kappa_D",0.01,298.15,F,NaCl,neutral ion-pair NaCl: mu_Na + mu_Cl,0.045,0.0375,0.0375,4.435659426057306,kJ/mol,1.789324854400063,0.04597237039422453,4.435659426057306,1.8337769859674016,0.04445213156733849,0.0,0.0,NaClFWater/data/S0_NaClFWater_matrix_BC_s_loss_split0.csv,0,0.2587741335751747,0.1494033156789393,0.10438830947250455,0.06026861857420047,3
NaClFWater,NaCl/NaF/water,"BC S-loss, fixed kappa_D",0.01,298.15,F,NaCl,neutral ion-pair NaCl: mu_Na + mu_Cl,0.045,0.04,0.04,4.6624304110825205,kJ/mol,1.8808032391873892,0.048322686033202444,4.6624304110825205,1.9252553707547277,0.04445213156733849,0.0,0.0,NaClFWater/data/S0_NaClFWater_matrix_BC_s_loss_split0.csv,0,0.2602276280260367,0.1502424910914101,0.10497464252850551,0.0606071381219174,3
NaClFWater,NaCl/NaF/water,"BC S-loss, fixed kappa_D",0.01,298.15,F,NaCl,neutral ion-pair NaCl: mu_Na + mu_Cl,0.0475,0.0,0.0,2.2426939701043387,kJ/mol,0.9046925555075294,0.023243885062242953,2.2426939701043387,0.9491446870748679,0.04445213156733849,0.0,0.0,NaClFWater/data/S0_NaClFWater_matrix_BC_s_loss_split0.csv,0,0.28668204806436404,0.16551595762179383,0.11564623534855963,0.06676838510925771,3
NaClFWater,NaCl/NaF/water,"BC S-loss, fixed kappa_D",0.01,298.15,F,NaCl,neutral ion-pair NaCl: mu_Na + mu_Cl,0.0475,0.0025,0.0025,2.33996849662575,kJ/mol,0.9439326574374178,0.0242520644857791,2.33996849662575,0.9883847890047563,0.04445213156733849,0.0,0.0,NaClFWater/data/S0_NaClFWater_matrix_BC_s_loss_split0.csv,0,0.282149185619922,0.16289890826929568,0.11381769923828697,0.06571267929376885,3
NaClFWater,NaCl/NaF/water,"BC S-loss, fixed kappa_D",0.01,298.15,F,NaCl,neutral ion-pair NaCl: mu_Na + mu_Cl,0.0475,0.005,0.005,2.4495726891001004,kJ/mol,0.9881464905799513,0.02538803189202099,2.4495726891001004,1.0325986221472898,0.04445213156733849,0.0,0.0,NaClFWater/data/S0_NaClFWater_matrix_BC_s_loss_split0.csv,0,0.2812291354163652,0.16236771703660416,0.11344655516738539,0.06549839916452568,3
NaClFWater,NaCl/NaF/water,"BC S-loss, fixed kappa_D",0.01,298.15,F,NaCl,neutral ion-pair NaCl: mu_Na + mu_Cl,0.0475,0.0075,0.0075,2.5698870385827757,kJ/mol,1.03668075238681,0.026635002253556195,2.5698870385827757,1.0811328839541485,0.04445213156733849,0.0,0.0,NaClFWater/data/S0_NaClFWater_matrix_BC_s_loss_split0.csv,0,0.2827996500198993,0.16327445406572083,0.11408009362117053,0.06586417276136051,3
NaClFWater,NaCl/NaF/water,"BC S-loss, fixed kappa_D",0.01,298.15,F,NaCl,neutral ion-pair NaCl: mu_Na + mu_Cl,0.0475,0.01,0.01,2.699892298115425,kJ/mol,1.0891242832670132,0.027982411820062225,2.699892298115425,1.1335764148343517,0.04445213156733849,0.0,0.0,NaClFWater/data/S0_NaClFWater_matrix_BC_s_loss_split0.csv,0,0.285767457449918,0.1649879184843451,0.11527729365109385,0.06655537652091058,3
NaClFWater,NaCl/NaF/water,"BC S-loss, fixed kappa_D",0.01,298.15,F,NaCl,neutral ion-pair NaCl: mu_Na + mu_Cl,0.0475,0.0125,0.0125,2.8390973493005345,kJ/mol,1.145278968290915,0.02942517050803417,2.8390973493005345,1.1897310998582535,0.04445213156733849,0.0,0.0,NaClFWater/data/S0_NaClFWater_matrix_BC_s_loss_split0.csv,0,0.2891248414490812,0.1669263050400349,0.11663164709856028,0.06733731284838321,3
NaClFWater,NaCl/NaF/water,"BC S-loss, fixed kappa_D",0.01,298.15,F,NaCl,neutral ion-pair NaCl: mu_Na + mu_Cl,0.0475,0.015,0.015,2.9874393083233817,kJ/mol,1.205119440413435,0.030962626572659246,2.9874393083233817,1.2495715719807736,0.04445213156733849,0.0,0.0,NaClFWater/data/S0_NaClFWater_matrix_BC_s_loss_split0.csv,0,0.2919978881280887,0.16858505931355425,0.11779062107217077,0.068006446784031,3
NaClFWater,NaCl/NaF/water,"BC S-loss, fixed kappa_D",0.01,298.15,F,NaCl,neutral ion-pair NaCl: mu_Na + mu_Cl,0.0475,0.0175,0.0175,3.1451610387233764,kJ/mol,1.2687436696826664,0.03259729711714954,3.1451610387233764,1.313195801250005,0.04445213156733849,0.0,0.0,NaClFWater/data/S0_NaClFWater_matrix_BC_s_loss_split0.csv,0,0.2936875421828216,0.16956058153689163,0.11847221983913431,0.06839996801561672,3
NaClFWater,NaCl/NaF/water,"BC S-loss, fixed kappa_D",0.01,298.15,F,NaCl,neutral ion-pair NaCl: mu_Na + mu_Cl,0.0475,0.02,0.02,3.3126721713811054,kJ/mol,1.3363168993342496,0.0343334276664109,3.3126721713811054,1.380769030901588,0.04445213156733849,0.0,0.0,NaClFWater/data/S0_NaClFWater_matrix_BC_s_loss_split0.csv,0,0.2937058439042173,0.16957114804066606,0.11847960267037222,0.0684042304952193,3
NaClFWater,NaCl/NaF/water,"BC S-loss, fixed kappa_D",0.01,298.15,F,NaCl,neutral ion-pair NaCl: mu_Na + mu_Cl,0.0475,0.0225,0.0225,3.4904004113344964,kJ/mol,1.4080116636367586,0.03617545107078968,3.4904004113344964,1.452463795204097,0.04445213156733849,0.0,0.0,NaClFWater/data/S0_NaClFWater_matrix_BC_s_loss_split0.csv,0,0.2918087607841013,0.168475866590592,0.11771432796110469,0.06796239893581969,3
NaClFWater,NaCl/NaF/water,"BC S-loss, fixed kappa_D",0.01,298.15,F,NaCl,neutral ion-pair NaCl: mu_Na + mu_Cl,0.0475,0.025,0.025,3.6786402999803136,kJ/mol,1.48394677925109,0.03812642003674682,3.6786402999803136,1.5283989108184286,0.04445213156733849,0.0,0.0,NaClFWater/data/S0_NaClFWater_matrix_BC_s_loss_split0.csv,0,0.2880254758857809,0.16629158603612568,0.11618816802644569,0.0670812700867179,3
NaClFWater,NaCl/NaF/water,"BC S-loss, fixed kappa_D",0.01,298.15,F,NaCl,neutral ion-pair NaCl: mu_Na + mu_Cl,0.0475,0.0275,0.0275,3.877406671419508,kJ/mol,1.5641282301861537,0.0401864883089047,3.877406671419508,1.6085803617534922,0.04445213156733849,0.0,0.0,NaClFWater/data/S0_NaClFWater_matrix_BC_s_loss_split0.csv,0,0.28268233431481105,0.16320672181180795,0.11403276899888484,0.06583684987794458,3
NaClFWater,NaCl/NaF/water,"BC S-loss, fixed kappa_D",0.01,298.15,F,NaCl,neutral ion-pair NaCl: mu_Na + mu_Cl,0.0475,0.03,0.03,4.08629982074315,kJ/mol,1.648394777298165,0.042351513237804284,4.08629982074315,1.6928469088655036,0.04445213156733849,0.0,0.0,NaClFWater/data/S0_NaClFWater_matrix_BC_s_loss_split0.csv,0,0.27641747726657034,0.15958970490857166,0.1115055541365742,0.06437776169688951,3
NaClFWater,NaCl/NaF/water,"BC S-loss, fixed kappa_D",0.01,298.15,F,NaCl,neutral ion-pair NaCl: mu_Na + mu_Cl,0.0475,0.0325,0.0325,4.3043888618488175,kJ/mol,1.7363709053638654,0.044611846868860994,4.3043888618488175,1.780823036931204,0.04445213156733849,0.0,0.0,NaClFWater/data/S0_NaClFWater_matrix_BC_s_loss_split0.csv,0,0.2701787192853071,0.15598775630868042,0.1089888675192738,0.06292475200092519,3
NaClFWater,NaCl/NaF/water,"BC S-loss, fixed kappa_D",0.01,298.15,F,NaCl,neutral ion-pair NaCl: mu_Na + mu_Cl,0.0475,0.034999999999999996,0.034999999999999996,4.5301189646415185,kJ/mol,1.8274294029889357,0.046951374523700906,4.5301189646415185,1.8718815345562743,0.04445213156733849,0.0,0.0,NaClFWater/data/S0_NaClFWater_matrix_BC_s_loss_split0.csv,0,0.2651925648011108,0.1531089986750086,0.10697747546017213,0.061763474254156965,3
NaClFWater,NaCl/NaF/water,"BC S-loss, fixed kappa_D",0.01,298.15,F,NaCl,neutral ion-pair NaCl: mu_Na + mu_Cl,0.0475,0.0375,0.0375,4.761247111323263,kJ/mol,1.9206654469871716,0.04934684896102226,4.761247111323263,1.96511757855451,0.04445213156733849,0.0,0.0,NaClFWater/data/S0_NaClFWater_matrix_BC_s_loss_split0.csv,0,0.2628897795312506,0.15177948497956892,0.10604854234743101,0.06122715447145673,3
NaClFWater,NaCl/NaF/water,"BC S-loss, fixed kappa_D",0.01,298.15,F,NaCl,neutral ion-pair NaCl: mu_Na + mu_Cl,0.0475,0.04,0.04,4.994809795198355,kJ/mol,2.014883572225331,0.05176755559830326,4.994809795198355,2.0593357037926694,0.04445213156733849,0.0,0.0,NaClFWater/data/S0_NaClFWater_matrix_BC_s_loss_split0.csv,0,0.26478177533632075,0.1528718292669318,0.10681176485692871,0.061667801192766804,3
NaClFWater,NaCl/NaF/water,"BC S-loss, fixed kappa_D",0.01,298.15,F,NaCl,neutral ion-pair NaCl: mu_Na + mu_Cl,0.05,0.0,0.0,2.446530054508069,kJ/mol,0.9869191056129276,0.025356497206644235,2.446530054508069,1.0313712371802661,0.04445213156733849,0.0,0.0,NaClFWater/data/S0_NaClFWater_matrix_BC_s_loss_split0.csv,0,0.29305531566382775,0.16919556538596173,0.11821718253455667,0.06825272215916542,3
NaClFWater,NaCl/NaF/water,"BC S-loss, fixed kappa_D",0.01,298.15,F,NaCl,neutral ion-pair NaCl: mu_Na + mu_Cl,0.05,0.0025,0.0025,2.5534920520159448,kJ/mol,1.0300670893135697,0.02646508019176963,2.5534920520159448,1.0745192208809082,0.04445213156733849,0.0,0.0,NaClFWater/data/S0_NaClFWater_matrix_BC_s_loss_split0.csv,0,0.28603927338036234,0.16514485148495717,0.11538694296215429,0.06661868258016777,3
NaClFWater,NaCl/NaF/water,"BC S-loss, fixed kappa_D",0.01,298.15,F,NaCl,neutral ion-pair NaCl: mu_Na + mu_Cl,0.05,0.005,0.005,2.67205638410165,kJ/mol,1.0778954020555305,0.02769391290109979,2.67205638410165,1.122347533622869,0.04445213156733849,0.0,0.0,NaClFWater/data/S0_NaClFWater_matrix_BC_s_loss_split0.csv,0,0.28318971882763144,0.16349966039686745,0.1142374456055228,0.06595501997188383,3
NaClFWater,NaCl/NaF/water,"BC S-loss, fixed kappa_D",0.01,298.15,F,NaCl,neutral ion-pair NaCl: mu_Na + mu_Cl,0.05,0.0075,0.0075,2.8009170345032874,kJ/mol,1.1298772028140156,0.02902945942992119,2.8009170345032874,1.1743293343813541,0.04445213156733849,0.0,0.0,NaClFWater/data/S0_NaClFWater_matrix_BC_s_loss_split0.csv,0,0.28328173683662683,0.16355278701913123,0.11427456525217124,0.06597645100986853,3
NaClFWater,NaCl/NaF/water,"BC S-loss, fixed kappa_D",0.01,298.15,F,NaCl,neutral ion-pair NaCl: mu_Na + mu_Cl,0.05,0.01,0.01,2.9393031422618323,kJ/mol,1.1857015297813698,0.03046373036738714,2.9393031422618323,1.2301536613487083,0.04445213156733849,0.0,0.0,NaClFWater/data/S0_NaClFWater_matrix_BC_s_loss_split0.csv,0,0.2851541460100726,0.16463382295945328,0.1150298866034841,0.06641253599537367,3
NaClFWater,NaCl/NaF/water,"BC S-loss, fixed kappa_D",0.01,298.15,F,NaCl,neutral ion-pair NaCl: mu_Na + mu_Cl,0.05,0.0125,0.0125,3.0869051972172623,kJ/mol,1.2452435279656242,0.031993517866737875,3.0869051972172623,1.2896956595329627,0.04445213156733849,0.0,0.0,NaClFWater/data/S0_NaClFWater_matrix_BC_s_loss_split0.csv,0,0.2877609146667358,0.16613884154509287,0.1160814452329943,0.06701965365319006,3
NaClFWater,NaCl/NaF/water,"BC S-loss, fixed kappa_D",0.01,298.15,F,NaCl,neutral ion-pair NaCl: mu_Na + mu_Cl,0.05,0.015,0.015,3.243776474719085,kJ/mol,1.3085246884006576,0.033619374088061704,3.243776474719085,1.3529768199679961,0.04445213156733849,0.0,0.0,NaClFWater/data/S0_NaClFWater_matrix_BC_s_loss_split0.csv,0,0.2902127809367964,0.1675544271961293,0.11707051694371041,0.06759069447161986,3
NaClFWater,NaCl/NaF/water,"BC S-loss, fixed kappa_D",0.01,298.15,F,NaCl,neutral ion-pair NaCl: mu_Na + mu_Cl,0.05,0.0175,0.0175,3.4102146973327745,kJ/mol,1.3756651110163676,0.03534438470830992,3.4102146973327745,1.420117242583706,0.04445213156733849,0.0,0.0,NaClFWater/data/S0_NaClFWater_matrix_BC_s_loss_split0.csv,0,0.29180992780937737,0.1684765403729493,0.11771479873379748,0.0679626707365606,3
NaClFWater,NaCl/NaF/water,"BC S-loss, fixed kappa_D",0.01,298.15,F,NaCl,neutral ion-pair NaCl: mu_Na + mu_Cl,0.05,0.02,0.02,3.5866297387676416,kJ/mol,1.446830137004399,0.03717279776913074,3.5866297387676416,1.4912822685717375,0.04445213156733849,0.0,0.0,NaClFWater/data/S0_NaClFWater_matrix_BC_s_loss_split0.csv,0,0.29206853867022176,0.16862584942307315,0.11781912117979237,0.06802290132883827,3
NaClFWater,NaCl/NaF/water,"BC S-loss, fixed kappa_D",0.01,298.15,F,NaCl,neutral ion-pair NaCl: mu_Na + mu_Cl,0.05,0.0225,0.0225,3.7734037658878967,kJ/mol,1.5221739307409983,0.039108574150958475,3.7734037658878967,1.5666260623083368,0.04445213156733849,0.0,0.0,NaClFWater/data/S0_NaClFWater_matrix_BC_s_loss_split0.csv,0,0.2907435522499387,0.16786086815665013,0.1172846276793158,0.06771431136245802,3
NaClFWater,NaCl/NaF/water,"BC S-loss, fixed kappa_D",0.01,298.15,F,NaCl,neutral ion-pair NaCl: mu_Na + mu_Cl,0.05,0.025,0.025,3.9707505155404723,kJ/mol,1.6017827126988804,0.041153929080110174,3.9707505155404723,1.646234844266219,0.04445213156733849,0.0,0.0,NaClFWater/data/S0_NaClFWater_matrix_BC_s_loss_split0.csv,0,0.28784841929655275,0.166189362366673,0.11611674420299327,0.06704003352302108,3
NaClFWater,NaCl/NaF/water,"BC S-loss, fixed kappa_D",0.01,298.15,F,NaCl,neutral ion-pair NaCl: mu_Na + mu_Cl,0.05,0.0275,0.0275,4.178580425770837,kJ/mol,1.685620353992606,0.04330793431233815,4.178580425770837,1.7300724855599445,0.04445213156733849,0.0,0.0,NaClFWater/data/S0_NaClFWater_matrix_BC_s_loss_split0.csv,0,0.2836707235779681,0.1637773686189558,0.11443148073585924,0.06606704620661581,3
NaClFWater,NaCl/NaF/water,"BC S-loss, fixed kappa_D",0.01,298.15,F,NaCl,neutral ion-pair NaCl: mu_Na + mu_Cl,0.05,0.03,0.03,4.396378068942128,kJ/mol,1.773478933455851,0.04556524781662574,4.396378068942128,1.8179310650231895,0.04445213156733849,0.0,0.0,NaClFWater/data/S0_NaClFWater_matrix_BC_s_loss_split0.csv,0,0.2787798191275127,0.16095360361790464,0.11245851210750002,0.06492795223792992,3
NaClFWater,NaCl/NaF/water,"BC S-loss, fixed kappa_D",0.01,298.15,F,NaCl,neutral ion-pair NaCl: mu_Na + mu_Cl,0.05,0.0325,0.0325,4.623097797367778,kJ/mol,1.8649366415638506,0.04791503221838411,4.623097797367778,1.9093887731311892,0.04445213156733849,0.0,0.0,NaClFWater/data/S0_NaClFWater_matrix_BC_s_loss_split0.csv,0,0.2740186301046205,0.15820472985387515,0.11053787009312212,0.06381906905391194,3
NaClFWater,NaCl/NaF/water,"BC S-loss, fixed kappa_D",0.01,298.15,F,NaCl,neutral ion-pair NaCl: mu_Na + mu_Cl,0.05,0.034999999999999996,0.034999999999999996,4.8570827206244305,kJ/mol,1.9593250962496436,0.05034011505847502,4.8570827206244305,2.003777227816982,0.04445213156733849,0.0,0.0,NaClFWater/data/S0_NaClFWater_matrix_BC_s_loss_split0.csv,0,0.2704668856487771,0.15615412923620117,0.10910511252071149,0.0629918660837972,3
NaClFWater,NaCl/NaF/water,"BC S-loss, fixed kappa_D",0.01,298.15,F,NaCl,neutral ion-pair NaCl: mu_Na + mu_Cl,0.05,0.0375,0.0375,5.096011128776717,kJ/mol,2.055707730276426,0.052816433509065064,5.096011128776717,2.1001598618437645,0.04445213156733849,0.0,0.0,NaClFWater/data/S0_NaClFWater_matrix_BC_s_loss_split0.csv,0,0.2693611048027914,0.15551570636710663,0.10865904555271601,0.0627343291997484,3
NaClFWater,NaCl/NaF/water,"BC S-loss, fixed kappa_D",0.01,298.15,F,NaCl,neutral ion-pair NaCl: mu_Na + mu_Cl,0.05,0.04,0.04,5.336873321443816,kJ/mol,2.1528704441883053,0.055312794223823396,5.336873321443816,2.197322575755644,0.04445213156733849,0.0,0.0,NaClFWater/data/S0_NaClFWater_matrix_BC_s_loss_split0.csv,0,0.27196606434059023,0.15701968045748285,0.10970987439189786,0.06334102551292227,3
NaClFWater,NaCl/NaF/water,"BC S-loss, fixed kappa_D",0.01,298.15,F,NaCl,neutral ion-pair NaCl: mu_Na + mu_Cl,0.052500000000000005,0.0,0.0,2.656302291350726,kJ/mol,1.0715402726350536,0.0275306332356422,2.656302291350726,1.115992404202392,0.04445213156733849,0.0,0.0,NaClFWater/data/S0_NaClFWater_matrix_BC_s_loss_split0.csv,0,0.2987266554343039,0.17246991492911193,0.12050497522428534,0.06957357988443033,3
NaClFWater,NaCl/NaF/water,"BC S-loss, fixed kappa_D",0.01,298.15,F,NaCl,neutral ion-pair NaCl: mu_Na + mu_Cl,0.052500000000000005,0.0025,0.0025,2.773566127402235,kJ/mol,1.1188439711869878,0.028745987253387287,2.773566127402235,1.1632961027543263,0.04445213156733849,0.0,0.0,NaClFWater/data/S0_NaClFWater_matrix_BC_s_loss_split0.csv,0,0.28936245660316084,0.16706349221320632,0.11672749997186233,0.06739265353058675,3
NaClFWater,NaCl/NaF/water,"BC S-loss, fixed kappa_D",0.01,298.15,F,NaCl,neutral ion-pair NaCl: mu_Na + mu_Cl,0.052500000000000005,0.005,0.005,2.901641941636359,kJ/mol,1.170509172602224,0.030073399528532718,2.901641941636359,1.2149613041695626,0.04445213156733849,0.0,0.0,NaClFWater/data/S0_NaClFWater_matrix_BC_s_loss_split0.csv,0,0.2847521313177026,0.16440171966859526,0.11486771570355751,0.06631890658264633,3
NaClFWater,NaCl/NaF/water,"BC S-loss, fixed kappa_D",0.01,298.15,F,NaCl,neutral ion-pair NaCl: mu_Na + mu_Cl,0.052500000000000005,0.0075,0.0075,3.0395250654124526,kJ/mol,1.2261305981168928,0.03150245740437185,3.0395250654124526,1.2705827296842314,0.04445213156733849,0.0,0.0,NaClFWater/data/S0_NaClFWater_matrix_BC_s_loss_split0.csv,0,0.28355937795299585,0.163713083192405,0.11438656441676097,0.06604111375769342,3
NaClFWater,NaCl/NaF/water,"BC S-loss, fixed kappa_D",0.01,298.15,F,NaCl,neutral ion-pair NaCl: mu_Na + mu_Cl,0.052500000000000005,0.01,0.01,3.1866860320860644,kJ/mol,1.285494663292809,0.03302767334582768,3.1866860320860644,1.3299467948601476,0.04445213156733849,0.0,0.0,NaClFWater/data/S0_NaClFWater_matrix_BC_s_loss_split0.csv,0,0.28454483313824985,0.16428203600888572,0.11478409256004307,0.0662706267382278,3
NaClFWater,NaCl/NaF/water,"BC S-loss, fixed kappa_D",0.01,298.15,F,NaCl,neutral ion-pair NaCl: mu_Na + mu_Cl,0.052500000000000005,0.0125,0.0125,3.3429953351509774,kJ/mol,1.3485491257939135,0.034647705112547555,3.3429953351509774,1.393001257361252,0.04445213156733849,0.0,0.0,NaClFWater/data/S0_NaClFWater_matrix_BC_s_loss_split0.csv,0,0.2866127444805728,0.16547594517903613,0.11561827859781176,0.06675224427168777,3
NaClFWater,NaCl/NaF/water,"BC S-loss, fixed kappa_D",0.01,298.15,F,NaCl,neutral ion-pair NaCl: mu_Na + mu_Cl,0.052500000000000005,0.015,0.015,3.5086262392716847,kJ/mol,1.415363879798453,0.03636434846623615,3.5086262392716847,1.4598160113657914,0.04445213156733849,0.0,0.0,NaClFWater/data/S0_NaClFWater_matrix_BC_s_loss_split0.csv,0,0.2888475058660618,0.1667661852665228,0.1165197711847355,0.06727272125942065,3
NaClFWater,NaCl/NaF/water,"BC S-loss, fixed kappa_D",0.01,298.15,F,NaCl,neutral ion-pair NaCl: mu_Na + mu_Cl,0.052500000000000005,0.0175,0.0175,3.6839404536026032,kJ/mol,1.4860848371355142,0.038181352258106926,3.6839404536026032,1.5305369687028527,0.04445213156733849,0.0,0.0,NaClFWater/data/S0_NaClFWater_matrix_BC_s_loss_split0.csv,0,0.2905397754461373,0.1677432175641208,0.11720242504273602,0.06766685164810059,3
NaClFWater,NaCl/NaF/water,"BC S-loss, fixed kappa_D",0.01,298.15,F,NaCl,neutral ion-pair NaCl: mu_Na + mu_Cl,0.052500000000000005,0.02,0.02,3.8693622007078896,kJ/mol,1.5608831272595778,0.04010311324520899,3.8693622007078896,1.6053352588269163,0.04445213156733849,0.0,0.0,NaClFWater/data/S0_NaClFWater_matrix_BC_s_loss_split0.csv,0,0.29120477857438387,0.1681271572992259,0.1174706842825314,0.06782173119240906,3
NaClFWater,NaCl/NaF/water,"BC S-loss, fixed kappa_D",0.01,298.15,F,NaCl,neutral ion-pair NaCl: mu_Na + mu_Cl,0.052500000000000005,0.0225,0.0225,4.0652466955338715,kJ/mol,1.6399020422657007,0.042133312971031955,4.0652466955338715,1.6843541738330392,0.04445213156733849,0.0,0.0,NaClFWater/data/S0_NaClFWater_matrix_BC_s_loss_split0.csv,0,0.29059559959249587,0.1677754476500482,0.11722494424968143,0.06767985311829244,3
NaClFWater,NaCl/NaF/water,"BC S-loss, fixed kappa_D",0.01,298.15,F,NaCl,neutral ion-pair NaCl: mu_Na + mu_Cl,0.052500000000000005,0.025,0.025,4.271749288670925,kJ/mol,1.7232042498760423,0.04427356153098572,4.271749288670925,1.7676563814433808,0.04445213156733849,0.0,0.0,NaClFWater/data/S0_NaClFWater_matrix_BC_s_loss_split0.csv,0,0.28871299095256436,0.16668852304500503,0.11646550847994011,0.06724139267220007,3
NaClFWater,NaCl/NaF/water,"BC S-loss, fixed kappa_D",0.01,298.15,F,NaCl,neutral ion-pair NaCl: mu_Na + mu_Cl,0.052500000000000005,0.0275,0.0275,4.488701484484542,kJ/mol,1.8107217797173782,0.04652211259087835,4.488701484484542,1.8551739112847168,0.04445213156733849,0.0,0.0,NaClFWater/data/S0_NaClFWater_matrix_BC_s_loss_split0.csv,0,0.2858111120312436,0.1650131224686248,0.11529490371081015,0.06656554369362823,3
NaClFWater,NaCl/NaF/water,"BC S-loss, fixed kappa_D",0.01,298.15,F,NaCl,neutral ion-pair NaCl: mu_Na + mu_Cl,0.052500000000000005,0.03,0.03,4.715499746159982,kJ/mol,1.9022111677814453,0.04887271093241452,4.715499746159982,1.9466632993487838,0.04445213156733849,0.0,0.0,NaClFWater/data/S0_NaClFWater_matrix_BC_s_loss_split0.csv,0,0.28239556689525674,0.16304115656493345,0.11391708832506536,0.06577006160977486,3
NaClFWater,NaCl/NaF/water,"BC S-loss, fixed kappa_D",0.01,298.15,F,NaCl,neutral ion-pair NaCl: mu_Na + mu_Cl,0.052500000000000005,0.0325,0.0325,4.951012454309674,kJ/mol,1.9972159239499967,0.05131362814711337,4.951012454309674,2.041668055517335,0.04445213156733849,0.0,0.0,NaClFWater/data/S0_NaClFWater_matrix_BC_s_loss_split0.csv,0,0.279205993855355,0.16119965571174621,0.11263042905593978,0.06502720853438988,3
NaClFWater,NaCl/NaF/water,"BC S-loss, fixed kappa_D",0.01,298.15,F,NaCl,neutral ion-pair NaCl: mu_Na + mu_Cl,0.052500000000000005,0.034999999999999996,0.034999999999999996,5.193509602795343,kJ/mol,2.095038171608951,0.05382693398485116,5.193509602795343,2.1394903031762893,0.04445213156733849,0.0,0.0,NaClFWater/data/S0_NaClFWater_matrix_BC_s_loss_split0.csv,0,0.2771712641328031,0.16002490395870272,0.11180962833279123,0.06455331901592903,3
NaClFWater,NaCl/NaF/water,"BC S-loss, fixed kappa_D",0.01,298.15,F,NaCl,neutral ion-pair NaCl: mu_Na + mu_Cl,0.052500000000000005,0.0375,0.0375,5.440618862650739,kJ/mol,2.194720924034486,0.05638804098850869,5.440618862650739,2.2391730556018246,0.04445213156733849,0.0,0.0,NaClFWater/data/S0_NaClFWater_matrix_BC_s_loss_split0.csv,0,0.2773248524123394,0.1601135781932374,0.11187158514676666,0.06458908979915588,3
NaClFWater,NaCl/NaF/water,"BC S-loss, fixed kappa_D",0.01,298.15,F,NaCl,neutral ion-pair NaCl: mu_Na + mu_Cl,0.052500000000000005,0.04,0.04,5.689310523596514,kJ/mol,2.295042009868581,0.058965548423771,5.689310523596514,2.3394941414359196,0.04445213156733849,0.0,0.0,NaClFWater/data/S0_NaClFWater_matrix_BC_s_loss_split0.csv,0,0.2806780440485091,0.16204954428702437,0.11322424741405393,0.06537004972329682,3
NaClFWater,NaCl/NaF/water,"BC S-loss, fixed kappa_D",0.01,298.15,F,NaCl,neutral ion-pair NaCl: mu_Na + mu_Cl,0.055,0.0,0.0,2.8729598659563167,kJ/mol,1.1589389536199926,0.029776130761888453,2.8729598659563167,1.203391085187331,0.04445213156733849,0.0,0.0,NaClFWater/data/S0_NaClFWater_matrix_BC_s_loss_split0.csv,0,0.3037295955043496,0.1753583637252924,0.12252313851243574,0.07073876700211258,3
NaClFWater,NaCl/NaF/water,"BC S-loss, fixed kappa_D",0.01,298.15,F,NaCl,neutral ion-pair NaCl: mu_Na + mu_Cl,0.055,0.0025,0.0025,3.0010284964749214,kJ/mol,1.2106012571570353,0.031103468583069116,3.0010284964749214,1.2550533887243738,0.04445213156733849,0.0,0.0,NaClFWater/data/S0_NaClFWater_matrix_BC_s_loss_split0.csv,0,0.292224074642334,0.16871564815844084,0.11788186368410157,0.06805912573059082,3
NaClFWater,NaCl/NaF/water,"BC S-loss, fixed kappa_D",0.01,298.15,F,NaCl,neutral ion-pair NaCl: mu_Na + mu_Cl,0.055,0.005,0.005,3.1390719501821644,kJ/mol,1.2662873590373025,0.03253418816154863,3.1390719501821644,1.310739490604641,0.04445213156733849,0.0,0.0,NaClFWater/data/S0_NaClFWater_matrix_BC_s_loss_split0.csv,0,0.2860739951118534,0.16516489808598026,0.11540094955084323,0.06662676928791776,3
NaClFWater,NaCl/NaF/water,"BC S-loss, fixed kappa_D",0.01,298.15,F,NaCl,neutral ion-pair NaCl: mu_Na + mu_Cl,0.055,0.0075,0.0075,3.286374513852123,kJ/mol,1.3257085437980505,0.03406087165245708,3.286374513852123,1.370160675365389,0.04445213156733849,0.0,0.0,NaClFWater/data/S0_NaClFWater_matrix_BC_s_loss_split0.csv,0,0.2838211874603172,0.1638642389819334,0.11449217718220818,0.06610208931625422,3
NaClFWater,NaCl/NaF/water,"BC S-loss, fixed kappa_D",0.01,298.15,F,NaCl,neutral ion-pair NaCl: mu_Na + mu_Cl,0.055,0.01,0.01,3.442640618836149,kJ/mol,1.388745580389641,0.03568045570261802,3.442640618836149,1.4331977119569794,0.04445213156733849,0.0,0.0,NaClFWater/data/S0_NaClFWater_matrix_BC_s_loss_split0.csv,0,0.2841375963859867,0.16404691776034266,0.1146198151048874,0.06617578110527188,3
NaClFWater,NaCl/NaF/water,"BC S-loss, fixed kappa_D",0.01,298.15,F,NaCl,neutral ion-pair NaCl: mu_Na + mu_Cl,0.055,0.0125,0.0125,3.60791836192196,kJ/mol,1.4554178708376608,0.037393438800108925,3.60791836192196,1.4998700024049993,0.04445213156733849,0.0,0.0,NaClFWater/data/S0_NaClFWater_matrix_BC_s_loss_split0.csv,0,0.2858670195952701,0.16504540071576523,0.11531745656806398,0.06657856459183473,3
NaClFWater,NaCl/NaF/water,"BC S-loss, fixed kappa_D",0.01,298.15,F,NaCl,neutral ion-pair NaCl: mu_Na + mu_Cl,0.055,0.015,0.015,3.782503714522067,kJ/mol,1.5258448086648604,0.03920288847245956,3.782503714522067,1.570296940232199,0.04445213156733849,0.0,0.0,NaClFWater/data/S0_NaClFWater_matrix_BC_s_loss_split0.csv,0,0.28805743027688513,0.1663100349124315,0.11620105828259875,0.06708871227957779,3
NaClFWater,NaCl/NaF/water,"BC S-loss, fixed kappa_D",0.01,298.15,F,NaCl,neutral ion-pair NaCl: mu_Na + mu_Cl,0.055,0.0175,0.0175,3.9668300446321885,kJ/mol,1.6002012125512506,0.04111329626243787,3.9668300446321885,1.644653344118589,0.04445213156733849,0.0,0.0,NaClFWater/data/S0_NaClFWater_matrix_BC_s_loss_split0.csv,0,0.28998192276789225,0.16742114117016788,0.11697738980752061,0.06753692749447181,3
NaClFWater,NaCl/NaF/water,"BC S-loss, fixed kappa_D",0.01,298.15,F,NaCl,neutral ion-pair NaCl: mu_Na + mu_Cl,0.055,0.02,0.02,4.161348208961921,kJ/mol,1.6786689560445422,0.043129334970558375,4.161348208961921,1.7231210876118808,0.04445213156733849,0.0,0.0,NaClFWater/data/S0_NaClFWater_matrix_BC_s_loss_split0.csv,0,0.2911499803490252,0.16809551952906396,0.11744857892745483,0.06780896865970507,3
NaClFWater,NaCl/NaF/water,"BC S-loss, fixed kappa_D",0.01,298.15,F,NaCl,neutral ion-pair NaCl: mu_Na + mu_Cl,0.055,0.0225,0.0225,4.366402866025241,kJ/mol,1.7613870728229561,0.04525457673059918,4.366402866025241,1.8058392043902947,0.04445213156733849,0.0,0.0,NaClFWater/data/S0_NaClFWater_matrix_BC_s_loss_split0.csv,0,0.29131184735115584,0.168188973486317,0.11751387534050196,0.06784666756135493,3
NaClFWater,NaCl/NaF/water,"BC S-loss, fixed kappa_D",0.01,298.15,F,NaCl,neutral ion-pair NaCl: mu_Na + mu_Cl,0.055,0.025,0.025,4.582110835431144,kJ/mol,1.8484026873858683,0.047490232292489054,4.582110835431144,1.8928548189532068,0.04445213156733849,0.0,0.0,NaClFWater/data/S0_NaClFWater_matrix_BC_s_loss_split0.csv,0,0.2904579728663643,0.16769598882266848,0.11716942625381138,0.06764779978843201,3
NaClFWater,NaCl/NaF/water,"BC S-loss, fixed kappa_D",0.01,298.15,F,NaCl,neutral ion-pair NaCl: mu_Na + mu_Cl,0.055,0.0275,0.0275,4.808247226728162,kJ/mol,1.9396250799471821,0.04983397083094587,4.808247226728162,1.9840772115145207,0.04445213156733849,0.0,0.0,NaClFWater/data/S0_NaClFWater_matrix_BC_s_loss_split0.csv,0,0.28881341441625297,0.1667465025587986,0.11650601884881286,0.06726478134457373,3
NaClFWater,NaCl/NaF/water,"BC S-loss, fixed kappa_D",0.01,298.15,F,NaCl,neutral ion-pair NaCl: mu_Na + mu_Cl,0.055,0.03,0.03,5.044144746562319,kJ/mol,2.0347850674004513,0.05227887633770934,5.044144746562319,2.07923719896779,0.04445213156733849,0.0,0.0,NaClFWater/data/S0_NaClFWater_matrix_BC_s_loss_split0.csv,0,0.28682405557228513,0.165597945694719,0.11570352053189491,0.06680145872527692,3
NaClFWater,NaCl/NaF/water,"BC S-loss, fixed kappa_D",0.01,298.15,F,NaCl,neutral ion-pair NaCl: mu_Na + mu_Cl,0.055,0.0325,0.0325,5.288611032572966,kJ/mol,2.1334016561881395,0.054812590847745916,5.288611032572966,2.177853787755478,0.04445213156733849,0.0,0.0,NaClFWater/data/S0_NaClFWater_matrix_BC_s_loss_split0.csv,0,0.2851277452249969,0.164618580459083,0.11501923664676414,0.06640638723999455,3
NaClFWater,NaCl/NaF/water,"BC S-loss, fixed kappa_D",0.01,298.15,F,NaCl,neutral ion-pair NaCl: mu_Na + mu_Cl,0.055,0.034999999999999996,0.034999999999999996,5.53986809961496,kJ/mol,2.234757615182836,0.057416686843566815,5.53986809961496,2.2792097467501744,0.04445213156733849,0.0,0.0,NaClFWater/data/S0_NaClFWater_matrix_BC_s_loss_split0.csv,0,0.2845004581923726,0.1642564161219382,0.11476619190854025,0.06626029179226396,3
NaClFWater,NaCl/NaF/water,"BC S-loss, fixed kappa_D",0.01,298.15,F,NaCl,neutral ion-pair NaCl: mu_Na + mu_Cl,0.055,0.0375,0.0375,5.795517073711611,kJ/mol,2.3378852495241444,0.06006630174840666,5.795517073711611,2.382337381091483,0.04445213156733849,0.0,0.0,NaClFWater/data/S0_NaClFWater_matrix_BC_s_loss_split0.csv,0,0.28576876970036813,0.1649886761124957,0.11527782300696185,0.06655568214466347,3
NaClFWater,NaCl/NaF/water,"BC S-loss, fixed kappa_D",0.01,298.15,F,NaCl,neutral ion-pair NaCl: mu_Na + mu_Cl,0.055,0.04,0.04,6.052530312743882,kJ/mol,2.441563222140513,0.06273005626292161,6.052530312743882,2.4860153537078515,0.04445213156733849,0.0,0.0,NaClFWater/data/S0_NaClFWater_matrix_BC_s_loss_split0.csv,0,0.2896899071438466,0.16725254587101754,0.11685959203186007,0.06746891691698426,3
NaClFWater,NaCl/NaF/water,"BC S-loss, fixed kappa_D",0.01,298.15,F,NaCl,neutral ion-pair NaCl: mu_Na + mu_Cl,0.0575,0.0,0.0,3.0974285106995403,kJ/mol,1.2494885848006616,0.03210258432534374,3.0974285106995403,1.2939407163680001,0.04445213156733849,0.0,0.0,NaClFWater/data/S0_NaClFWater_matrix_BC_s_loss_split0.csv,0,0.3082102078842154,0.17794524648894228,0.12433059718411121,0.07178230375275355,3
NaClFWater,NaCl/NaF/water,"BC S-loss, fixed kappa_D",0.01,298.15,F,NaCl,neutral ion-pair NaCl: mu_Na + mu_Cl,0.0575,0.0025,0.0025,3.2366653031829618,kJ/mol,1.3056560741200527,0.03354567198869063,3.2366653031829618,1.3501082056873912,0.04445213156733849,0.0,0.0,NaClFWater/data/S0_NaClFWater_matrix_BC_s_loss_split0.csv,0,0.294800058638812,0.17020289321223556,0.11892100392159528,0.06865907362643359,3
NaClFWater,NaCl/NaF/water,"BC S-loss, fixed kappa_D",0.01,298.15,F,NaCl,neutral ion-pair NaCl: mu_Na + mu_Cl,0.0575,0.005,0.005,3.3850158403148827,kJ/mol,1.3655000066127896,0.03508321695915129,3.3850158403148827,1.409952138180128,0.04445213156733849,0.0,0.0,NaClFWater/data/S0_NaClFWater_matrix_BC_s_loss_split0.csv,0,0.2873449662938466,0.1658986936400363,0.11591365354966847,0.06692277907965412,3
NaClFWater,NaCl/NaF/water,"BC S-loss, fixed kappa_D",0.01,298.15,F,NaCl,neutral ion-pair NaCl: mu_Na + mu_Cl,0.0575,0.0075,0.0075,3.542039875391202,kJ/mol,1.4288427887591608,0.03671065640116922,3.542039875391202,1.4732949203264993,0.04445213156733849,0.0,0.0,NaClFWater/data/S0_NaClFWater_matrix_BC_s_loss_split0.csv,0,0.2842536305782011,0.16411391013245283,0.11466662277070372,0.06620280552373106,3
NaClFWater,NaCl/NaF/water,"BC S-loss, fixed kappa_D",0.01,298.15,F,NaCl,neutral ion-pair NaCl: mu_Na + mu_Cl,0.0575,0.01,0.01,3.7076666798171583,kJ/mol,1.4956558889654687,0.0384272572645159,3.7076666798171583,1.5401080205328073,0.04445213156733849,0.0,0.0,NaClFWater/data/S0_NaClFWater_matrix_BC_s_loss_split0.csv,0,0.28409919100037284,0.16402474440062018,0.11460432254686595,0.06616683647272775,3
NaClFWater,NaCl/NaF/water,"BC S-loss, fixed kappa_D",0.01,298.15,F,NaCl,neutral ion-pair NaCl: mu_Na + mu_Cl,0.0575,0.0125,0.0125,3.8821175268039347,kJ/mol,1.5660285678395183,0.04023531288441973,3.8821175268039347,1.6104806994068568,0.04445213156733849,0.0,0.0,NaClFWater/data/S0_NaClFWater_matrix_BC_s_loss_split0.csv,0,0.28565538002946117,0.16492321055547426,0.11523208212902288,0.06652927363647243,3
NaClFWater,NaCl/NaF/water,"BC S-loss, fixed kappa_D",0.01,298.15,F,NaCl,neutral ion-pair NaCl: mu_Na + mu_Cl,0.0575,0.015,0.015,4.065811317217951,kJ/mol,1.6401298080871072,0.04213916486241942,4.065811317217951,1.6845819396544457,0.04445213156733849,0.0,0.0,NaClFWater/data/S0_NaClFWater_matrix_BC_s_loss_split0.csv,0,0.28792481861993774,0.16623347153659523,0.11614756334284644,0.0670578269617115,3
NaClFWater,NaCl/NaF/water,"BC S-loss, fixed kappa_D",0.01,298.15,F,NaCl,neutral ion-pair NaCl: mu_Na + mu_Cl,0.0575,0.0175,0.0175,4.259257799583518,kJ/mol,1.718165239946366,0.044144096369677754,4.259257799583518,1.7626173715137046,0.04445213156733849,0.0,0.0,NaClFWater/data/S0_NaClFWater_matrix_BC_s_loss_split0.csv,0,0.29015560533460033,0.16752141684681032,0.11704745256562174,0.06757737824672166,3
NaClFWater,NaCl/NaF/water,"BC S-loss, fixed kappa_D",0.01,298.15,F,NaCl,neutral ion-pair NaCl: mu_Na + mu_Cl,0.0575,0.02,0.02,4.4629433653676225,kJ/mol,1.8003310715246466,0.046255148498516974,4.4629433653676225,1.844783203091985,0.04445213156733849,0.0,0.0,NaClFWater/data/S0_NaClFWater_matrix_BC_s_loss_split0.csv,0,0.2918464513714757,0.16849762726135853,0.11772953217276466,0.06797117709151439,3
NaClFWater,NaCl/NaF/water,"BC S-loss, fixed kappa_D",0.01,298.15,F,NaCl,neutral ion-pair NaCl: mu_Na + mu_Cl,0.0575,0.0225,0.0225,4.677214727971922,kJ/mol,1.8867671654325215,0.04847591468012524,4.677214727971922,1.93121929699986,0.04445213156733849,0.0,0.0,NaClFWater/data/S0_NaClFWater_matrix_BC_s_loss_split0.csv,0,0.2927426320441812,0.1690150374139876,0.1180910473833972,0.06817989799568923,3
NaClFWater,NaCl/NaF/water,"BC S-loss, fixed kappa_D",0.01,298.15,F,NaCl,neutral ion-pair NaCl: mu_Na + mu_Cl,0.0575,0.025,0.025,4.90216588674353,kJ/mol,1.9775114405794327,0.05080736914908356,4.90216588674353,2.0219635721467712,0.04445213156733849,0.0,0.0,NaClFWater/data/S0_NaClFWater_matrix_BC_s_loss_split0.csv,0,0.2928248610601208,0.1690625123584755,0.11812421819473347,0.06819904917254346,3
NaClFWater,NaCl/NaF/water,"BC S-loss, fixed kappa_D",0.01,298.15,F,NaCl,neutral ion-pair NaCl: mu_Na + mu_Cl,0.0575,0.0275,0.0275,5.137533649438234,kJ/mol,2.072457726410154,0.0532467841100015,5.137533649438234,2.1169098579774923,0.04445213156733849,0.0,0.0,NaClFWater/data/S0_NaClFWater_matrix_BC_s_loss_split0.csv,0,0.29229147284536466,0.16875456052910348,0.1179090518129096,0.0680748228040769,3
NaClFWater,NaCl/NaF/water,"BC S-loss, fixed kappa_D",0.01,298.15,F,NaCl,neutral ion-pair NaCl: mu_Na + mu_Cl,0.0575,0.03,0.03,5.382606636874457,kJ/mol,2.1713190557957347,0.055786786637213474,5.382606636874457,2.215771187363073,0.04445213156733849,0.0,0.0,NaClFWater/data/S0_NaClFWater_matrix_BC_s_loss_split0.csv,0,0.29153160184766347,0.1683158488040313,0.11760252330570788,0.06789784848792968,3
NaClFWater,NaCl/NaF/water,"BC S-loss, fixed kappa_D",0.01,298.15,F,NaCl,neutral ion-pair NaCl: mu_Na + mu_Cl,0.0575,0.0325,0.0325,5.6361521322707615,kJ/mol,2.2735981563886853,0.05841460052158709,5.6361521322707615,2.318050287956024,0.04445213156733849,0.0,0.0,NaClFWater/data/S0_NaClFWater_matrix_BC_s_loss_split0.csv,0,0.2910840435861845,0.1680574509212884,0.11742198033697777,0.06779361195633307,3
NaClFWater,NaCl/NaF/water,"BC S-loss, fixed kappa_D",0.01,298.15,F,NaCl,neutral ion-pair NaCl: mu_Na + mu_Cl,0.0575,0.034999999999999996,0.034999999999999996,5.896364398233005,kJ/mol,2.37856660193047,0.06111151061384135,5.896364398233005,2.4230187334978086,0.04445213156733849,0.0,0.0,NaClFWater/data/S0_NaClFWater_matrix_BC_s_loss_split0.csv,0,0.2915748108972814,0.16834079556045964,0.11761995363995821,0.06790791189610118,3
NaClFWater,NaCl/NaF/water,"BC S-loss, fixed kappa_D",0.01,298.15,F,NaCl,neutral ion-pair NaCl: mu_Na + mu_Cl,0.0575,0.0375,0.0375,6.160837202572339,kJ/mol,2.4852537292913484,0.0638525780747159,6.160837202572339,2.529705860858687,0.04445213156733849,0.0,0.0,NaClFWater/data/S0_NaClFWater_matrix_BC_s_loss_split0.csv,0,0.29362871705824517,0.1695266188353823,0.11844849005121384,0.06838626761617303,3
NaClFWater,NaCl/NaF/water,"BC S-loss, fixed kappa_D",0.01,298.15,F,NaCl,neutral ion-pair NaCl: mu_Na + mu_Cl,0.0575,0.04,0.04,6.426562289737479,kJ/mol,2.592446021853096,0.06660662453248278,6.426562289737479,2.6368981534204345,0.04445213156733849,0.0,0.0,NaClFWater/data/S0_NaClFWater_matrix_BC_s_loss_split0.csv,0,0.2977592227355912,0.1719113674000873,0.12011471727016995,0.06934826434956842,3
NaClFWater,NaCl/NaF/water,"BC S-loss, fixed kappa_D",0.01,298.15,F,NaCl,neutral ion-pair NaCl: mu_Na + mu_Cl,0.06,0.0,0.0,3.33053344449095,kJ/mol,1.3435220557353307,0.03451854671732235,3.33053344449095,1.3879741873026692,0.04445213156733849,0.0,0.0,NaClFWater/data/S0_NaClFWater_matrix_BC_s_loss_split0.csv,0,0.31238201949950817,0.18035384304803997,0.12601348703071824,0.0727539206587086,3
NaClFWater,NaCl/NaF/water,"BC S-loss, fixed kappa_D",0.01,298.15,F,NaCl,neutral ion-pair NaCl: mu_Na + mu_Cl,0.06,0.0025,0.0025,3.4811430394303673,kJ/mol,1.4042772818812128,0.03607950517206859,3.4811430394303673,1.4487294134485513,0.04445213156733849,0.0,0.0,NaClFWater/data/S0_NaClFWater_matrix_BC_s_loss_split0.csv,0,0.2972963524897469,0.17164412913904925,0.11992799751653284,0.069240461649543,3
NaClFWater,NaCl/NaF/water,"BC S-loss, fixed kappa_D",0.01,298.15,F,NaCl,neutral ion-pair NaCl: mu_Na + mu_Cl,0.06,0.005,0.005,3.6400090584576246,kJ/mol,1.468363111982406,0.03772603543245623,3.6400090584576246,1.5128152435497446,0.04445213156733849,0.0,0.0,NaClFWater/data/S0_NaClFWater_matrix_BC_s_loss_split0.csv,0,0.2887517748405561,0.16671091493317727,0.11648115372410088,0.06725042545812783,3
NaClFWater,NaCl/NaF/water,"BC S-loss, fixed kappa_D",0.01,298.15,F,NaCl,neutral ion-pair NaCl: mu_Na + mu_Cl,0.06,0.0075,0.0075,3.8069513113864186,kJ/mol,1.5357068581366389,0.039456269958805024,3.8069513113864186,1.5801589897039774,0.04445213156733849,0.0,0.0,NaClFWater/data/S0_NaClFWater_matrix_BC_s_loss_split0.csv,0,0.2850130488128467,0.16455236045465302,0.11497296863534638,0.06637967439114764,3
NaClFWater,NaCl/NaF/water,"BC S-loss, fixed kappa_D",0.01,298.15,F,NaCl,neutral ion-pair NaCl: mu_Na + mu_Cl,0.06,0.01,0.01,3.982112306074469,kJ/mol,1.6063660073660813,0.0412716857409805,3.982112306074469,1.6508181389334198,0.04445213156733849,0.0,0.0,NaClFWater/data/S0_NaClFWater_matrix_BC_s_loss_split0.csv,0,0.2845451315253272,0.16428220828274512,0.114784212928034,0.06627069623271975,3
NaClFWater,NaCl/NaF/water,"BC S-loss, fixed kappa_D",0.01,298.15,F,NaCl,neutral ion-pair NaCl: mu_Na + mu_Cl,0.06,0.0125,0.0125,4.165878908624994,kJ/mol,1.6804966196986397,0.04317629236359721,4.165878908624994,1.7249487512659782,0.04445213156733849,0.0,0.0,NaClFWater/data/S0_NaClFWater_matrix_BC_s_loss_split0.csv,0,0.28604302573453333,0.16514701790764788,0.11538845664477414,0.06661955650523581,3
NaClFWater,NaCl/NaF/water,"BC S-loss, fixed kappa_D",0.01,298.15,F,NaCl,neutral ion-pair NaCl: mu_Na + mu_Cl,0.06,0.015,0.015,4.358789440325584,kJ/mol,1.7583158514953003,0.04517566913364135,4.358789440325584,1.8027679830626389,0.04445213156733849,0.0,0.0,NaClFWater/data/S0_NaClFWater_matrix_BC_s_loss_split0.csv,0,0.2884558162904128,0.16654004318458307,0.11636176538997109,0.06718149657127989,3
NaClFWater,NaCl/NaF/water,"BC S-loss, fixed kappa_D",0.01,298.15,F,NaCl,neutral ion-pair NaCl: mu_Na + mu_Cl,0.06,0.0175,0.0175,4.561430486947332,kJ/mol,1.8400603287903547,0.04727589558422096,4.561430486947332,1.8845124603576933,0.04445213156733849,0.0,0.0,NaClFWater/data/S0_NaClFWater_matrix_BC_s_loss_split0.csv,0,0.29099927401303716,0.16800850918541269,0.1173877846764096,0.06777386908249891,3
NaClFWater,NaCl/NaF/water,"BC S-loss, fixed kappa_D",0.01,298.15,F,NaCl,neutral ion-pair NaCl: mu_Na + mu_Cl,0.06,0.02,0.02,4.774328138148131,kJ/mol,1.9259422737609566,0.049482424250413715,4.774328138148131,1.9703944053282951,0.04445213156733849,0.0,0.0,NaClFWater/data/S0_NaClFWater_matrix_BC_s_loss_split0.csv,0,0.2931555051965082,0.16925340983962475,0.11825759853672359,0.06827605634889607,3
NaClFWater,NaCl/NaF/water,"BC S-loss, fixed kappa_D",0.01,298.15,F,NaCl,neutral ion-pair NaCl: mu_Na + mu_Cl,0.06,0.0225,0.0225,4.997838627992594,kJ/mol,2.0161053896098475,0.05179894723812595,4.997838627992594,2.060557521177186,0.04445213156733849,0.0,0.0,NaClFWater/data/S0_NaClFWater_matrix_BC_s_loss_split0.csv,0,0.2946610264620775,0.17012262294757188,0.11886491897333919,0.06862669296646044,3
NaClFWater,NaCl/NaF/water,"BC S-loss, fixed kappa_D",0.01,298.15,F,NaCl,neutral ion-pair NaCl: mu_Na + mu_Cl,0.06,0.025,0.025,5.232043378139099,kJ/mol,2.110582521463993,0.05422630842338094,5.232043378139099,2.1550346530313313,0.04445213156733849,0.0,0.0,NaClFWater/data/S0_NaClFWater_matrix_BC_s_loss_split0.csv,0,0.29548528988212813,0.1705985116550213,0.11919742309108203,0.06881866430834592,3
NaClFWater,NaCl/NaF/water,"BC S-loss, fixed kappa_D",0.01,298.15,F,NaCl,neutral ion-pair NaCl: mu_Na + mu_Cl,0.06,0.0275,0.0275,5.476653292609237,kJ/mol,2.209257049319513,0.05676151153750197,5.476653292609237,2.2537091808868515,0.04445213156733849,0.0,0.0,NaClFWater/data/S0_NaClFWater_matrix_BC_s_loss_split0.csv,0,0.29580059136262554,0.17078055104966236,0.11932461427541165,0.06889209817285719,3
NaClFWater,NaCl/NaF/water,"BC S-loss, fixed kappa_D",0.01,298.15,F,NaCl,neutral ion-pair NaCl: mu_Na + mu_Cl,0.06,0.03,0.03,5.730926753867014,kJ/mol,2.311829808032705,0.05939687025636431,5.730926753867014,2.3562819396000436,0.04445213156733849,0.0,0.0,NaClFWater/data/S0_NaClFWater_matrix_BC_s_loss_split0.csv,0,0.29594220743177996,0.17086231312531022,0.11938174155412756,0.06892508062260189,3
NaClFWater,NaCl/NaF/water,"BC S-loss, fixed kappa_D",0.01,298.15,F,NaCl,neutral ion-pair NaCl: mu_Na + mu_Cl,0.06,0.0325,0.0325,5.993605245120724,kJ/mol,2.417793117649186,0.062119340972572,5.993605245120724,2.4622452492165245,0.04445213156733849,0.0,0.0,NaClFWater/data/S0_NaClFWater_matrix_BC_s_loss_split0.csv,0,0.29635551624207296,0.17110093707819135,0.11954846844989744,0.06902134044075578,3
NaClFWater,NaCl/NaF/water,"BC S-loss, fixed kappa_D",0.01,298.15,F,NaCl,neutral ion-pair NaCl: mu_Na + mu_Cl,0.06,0.034999999999999996,0.034999999999999996,6.262869769754599,kJ/mol,2.5264132032006743,0.06491007111469571,6.262869769754599,2.570865334768013,0.04445213156733849,0.0,0.0,NaClFWater/data/S0_NaClFWater_matrix_BC_s_loss_split0.csv,0,0.2975262504345159,0.17177686077934778,0.12002073730267014,0.06929400499003396,3
NaClFWater,NaCl/NaF/water,"BC S-loss, fixed kappa_D",0.01,298.15,F,NaCl,neutral ion-pair NaCl: mu_Na + mu_Cl,0.06,0.0375,0.0375,6.536320420457698,kJ/mol,2.636721952984433,0.06774418739621524,6.536320420457698,2.6811740845517713,0.04445213156733849,0.0,0.0,NaClFWater/data/S0_NaClFWater_matrix_BC_s_loss_split0.csv,0,0.29989279139717573,0.1731431838411877,0.12097538917214584,0.06984517350385815,3
NaClFWater,NaCl/NaF/water,"BC S-loss, fixed kappa_D",0.01,298.15,F,NaCl,neutral ion-pair NaCl: mu_Na + mu_Cl,0.06,0.04,0.04,6.81098048919671,kJ/mol,2.747518576507619,0.07059083841238589,6.81098048919671,2.7919707080749574,0.04445213156733849,0.0,0.0,NaClFWater/data/S0_NaClFWater_matrix_BC_s_loss_split0.csv,0,0.30374655508122944,0.17536815534156933,0.12252997992867538,0.07074271689562017,3
NaClFWater,NaCl/NaF/water,"BC S-loss, fixed kappa_D",0.01,298.15,F,NaCl,neutral ion-pair NaCl: mu_Na + mu_Cl,0.0625,0.0,0.0,3.572938899534352,kJ/mol,1.4413073146763793,0.037030902219498785,3.572938899534352,1.4857594462437178,0.04445213156733849,0.0,0.0,NaClFWater/data/S0_NaClFWater_matrix_BC_s_loss_split0.csv,0,0.3164791769501103,0.1827193380050574,0.12766626172655837,0.0737081505742617,3
NaClFWater,NaCl/NaF/water,"BC S-loss, fixed kappa_D",0.01,298.15,F,NaCl,neutral ion-pair NaCl: mu_Na + mu_Cl,0.0625,0.0025,0.0025,3.7349567937943533,kJ/mol,1.50666459692261,0.03871009936472092,3.7349567937943533,1.5511167284899485,0.04445213156733849,0.0,0.0,NaClFWater/data/S0_NaClFWater_matrix_BC_s_loss_split0.csv,0,0.2999113309498779,0.17315388765693093,0.1209828679434521,0.06984949137448503,3
NaClFWater,NaCl/NaF/water,"BC S-loss, fixed kappa_D",0.01,298.15,F,NaCl,neutral ion-pair NaCl: mu_Na + mu_Cl,0.0625,0.005,0.005,3.904408169953166,kJ/mol,1.575020511984999,0.04046633912082598,3.904408169953166,1.6194726435523374,0.04445213156733849,0.0,0.0,NaClFWater/data/S0_NaClFWater_matrix_BC_s_loss_split0.csv,0,0.29044956950685796,0.16769113714079537,0.117166036376776,0.06764584264201311,3
NaClFWater,NaCl/NaF/water,"BC S-loss, fixed kappa_D",0.01,298.15,F,NaCl,neutral ion-pair NaCl: mu_Na + mu_Cl,0.0625,0.0075,0.0075,4.081354802113329,kJ/mol,1.6463999792557744,0.04230026173127044,4.081354802113329,1.690852110823113,0.04445213156733849,0.0,0.0,NaClFWater/data/S0_NaClFWater_matrix_BC_s_loss_split0.csv,0,0.28620556314691475,0.16524085892643967,0.11545402349826958,0.06665741154575132,3
NaClFWater,NaCl/NaF/water,"BC S-loss, fixed kappa_D",0.01,298.15,F,NaCl,neutral ion-pair NaCl: mu_Na + mu_Cl,0.0625,0.01,0.01,4.266137403539166,kJ/mol,1.7209404409173772,0.04421539844020117,4.266137403539166,1.7653925724847157,0.04445213156733849,0.0,0.0,NaClFWater/data/S0_NaClFWater_matrix_BC_s_loss_split0.csv,0,0.28552757266514117,0.1648494209392797,0.11518052521908305,0.06649950724064008,3
NaClFWater,NaCl/NaF/water,"BC S-loss, fixed kappa_D",0.01,298.15,F,NaCl,neutral ion-pair NaCl: mu_Na + mu_Cl,0.0625,0.0125,0.0125,4.45929671355761,kJ/mol,1.798860028756875,0.04621735361581614,4.45929671355761,1.8433121603242135,0.04445213156733849,0.0,0.0,NaClFWater/data/S0_NaClFWater_matrix_BC_s_loss_split0.csv,0,0.28702373082063104,0.16571322825310203,0.11578406861964369,0.06684796318542138,3
NaClFWater,NaCl/NaF/water,"BC S-loss, fixed kappa_D",0.01,298.15,F,NaCl,neutral ion-pair NaCl: mu_Na + mu_Cl,0.0625,0.015,0.015,4.661482180707492,kJ/mol,1.880420727363382,0.048312858317899554,4.661482180707492,1.9248728589307205,0.04445213156733849,0.0,0.0,NaClFWater/data/S0_NaClFWater_matrix_BC_s_loss_split0.csv,0,0.2895816364156813,0.16719003573696595,0.1168159161121598,0.06744370061298821,3
NaClFWater,NaCl/NaF/water,"BC S-loss, fixed kappa_D",0.01,298.15,F,NaCl,neutral ion-pair NaCl: mu_Na + mu_Cl,0.0625,0.0175,0.0175,4.8733523239195105,kJ/mol,1.9658881802808703,0.0505087376142228,4.8733523239195105,2.010340311848209,0.04445213156733849,0.0,0.0,NaClFWater/data/S0_NaClFWater_matrix_BC_s_loss_split0.csv,0,0.2923771839226533,0.16880404584264863,0.1179436272719698,0.06809478495467265,3
NaClFWater,NaCl/NaF/water,"BC S-loss, fixed kappa_D",0.01,298.15,F,NaCl,neutral ion-pair NaCl: mu_Na + mu_Cl,0.0625,0.02,0.02,5.095471245654815,kJ/mol,2.055489943878576,0.052810838014806905,5.095471245654815,2.0999420754459144,0.04445213156733849,0.0,0.0,NaClFWater/data/S0_NaClFWater_matrix_BC_s_loss_split0.csv,0,0.2948692587489101,0.17024284591442868,0.11894891893152564,0.0686751903649313,3
NaClFWater,NaCl/NaF/water,"BC S-loss, fixed kappa_D",0.01,298.15,F,NaCl,neutral ion-pair NaCl: mu_Na + mu_Cl,0.0625,0.0225,0.0225,5.328205930245552,kJ/mol,2.1493740579683096,0.0552229630442298,5.328205930245552,2.193826189535648,0.04445213156733849,0.0,0.0,NaClFWater/data/S0_NaClFWater_matrix_BC_s_loss_split0.csv,0,0.2967805856500637,0.1713463510153191,0.11971993951733222,0.06912033930769747,3
NaClFWater,NaCl/NaF/water,"BC S-loss, fixed kappa_D",0.01,298.15,F,NaCl,neutral ion-pair NaCl: mu_Na + mu_Cl,0.0625,0.025,0.025,5.5716289648270605,kJ/mol,2.24756980387059,0.05774586501513568,5.5716289648270605,2.2920219354379285,0.04445213156733849,0.0,0.0,NaClFWater/data/S0_NaClFWater_matrix_BC_s_loss_split0.csv,0,0.2980665932878298,0.17208882787116325,0.12023870915408243,0.0694198510971226,3
NaClFWater,NaCl/NaF/water,"BC S-loss, fixed kappa_D",0.01,298.15,F,NaCl,neutral ion-pair NaCl: mu_Na + mu_Cl,0.0625,0.0275,0.0275,5.825431093201688,kJ/mol,2.349952429040715,0.06037633871289927,5.825431093201688,2.3944045606080535,0.04445213156733849,0.0,0.0,NaClFWater/data/S0_NaClFWater_matrix_BC_s_loss_split0.csv,0,0.29887380495748717,0.17255487174593293,0.12056433467320926,0.0696078510782455,3
NaClFWater,NaCl/NaF/water,"BC S-loss, fixed kappa_D",0.01,298.15,F,NaCl,neutral ion-pair NaCl: mu_Na + mu_Cl,0.0625,0.03,0.03,6.088847649951511,kJ/mol,2.456213470924153,0.06310645893893252,6.088847649951511,2.5006656024914915,0.04445213156733849,0.0,0.0,NaClFWater/data/S0_NaClFWater_matrix_BC_s_loss_split0.csv,0,0.29948794451195526,0.17290944538302508,0.12081207577849438,0.0697508844720712,3
NaClFWater,NaCl/NaF/water,"BC S-loss, fixed kappa_D",0.01,298.15,F,NaCl,neutral ion-pair NaCl: mu_Na + mu_Cl,0.0625,0.0325,0.0325,6.36060233524772,kJ/mol,2.56583807597017,0.06592299777764765,6.36060233524772,2.6102902075375085,0.04445213156733849,0.0,0.0,NaClFWater/data/S0_NaClFWater_matrix_BC_s_loss_split0.csv,0,0.30027070015951784,0.17336136956685505,0.12112783584944987,0.06993318863403669,3
NaClFWater,NaCl/NaF/water,"BC S-loss, fixed kappa_D",0.01,298.15,F,NaCl,neutral ion-pair NaCl: mu_Na + mu_Cl,0.0625,0.034999999999999996,0.034999999999999996,6.638871124255413,kJ/mol,2.6780904408497364,0.06880705054379632,6.638871124255413,2.722542572417075,0.04445213156733849,0.0,0.0,NaClFWater/data/S0_NaClFWater_matrix_BC_s_loss_split0.csv,0,0.30158417230577655,0.1741197030640706,0.12165768454411212,0.07023909692052971,3
NaClFWater,NaCl/NaF/water,"BC S-loss, fixed kappa_D",0.01,298.15,F,NaCl,neutral ion-pair NaCl: mu_Na + mu_Cl,0.0625,0.0375,0.0375,6.921268262451096,kJ/mol,2.7920081630302525,0.0717338906341638,6.921268262451096,2.836460294597591,0.04445213156733849,0.0,0.0,NaClFWater/data/S0_NaClFWater_matrix_BC_s_loss_split0.csv,0,0.3037046464418327,0.17534395937733224,0.12251307417399851,0.07073295635360663,3
NaClFWater,NaCl/NaF/water,"BC S-loss, fixed kappa_D",0.01,298.15,F,NaCl,neutral ion-pair NaCl: mu_Na + mu_Cl,0.0625,0.04,0.04,7.204855445124306,kJ/mol,2.906405943744788,0.07467306466639911,7.204855445124306,2.9508580753121265,0.04445213156733849,0.0,0.0,NaClFWater/data/S0_NaClFWater_matrix_BC_s_loss_split0.csv,0,0.30673253021392033,0.17709210888822194,0.12373450872729272,0.07143815192174856,3
NaClFWater,NaCl/NaF/water,"BC S-loss, fixed kappa_D",0.01,298.15,F,NaCl,neutral ion-pair NaCl: mu_Na + mu_Cl,0.065,0.0,0.0,3.8251073926289316,kJ/mol,1.5430309387986683,0.03964444448070026,3.8251073926289316,1.5874830703660068,0.04445213156733849,0.0,0.0,NaClFWater/data/S0_NaClFWater_matrix_BC_s_loss_split0.csv,0,0.3207098111553133,0.18516189580227418,0.12937288033861297,0.07469346728933544,3
NaClFWater,NaCl/NaF/water,"BC S-loss, fixed kappa_D",0.01,298.15,F,NaCl,neutral ion-pair NaCl: mu_Na + mu_Cl,0.065,0.0025,0.0025,3.9983977451698367,kJ/mol,1.612935479487177,0.04144047242323268,3.9983977451698367,1.6573876110545156,0.04445213156733849,0.0,0.0,NaClFWater/data/S0_NaClFWater_matrix_BC_s_loss_split0.csv,0,0.3028010808560305,0.17482228554313886,0.12214857992298399,0.07052251549966533,3
NaClFWater,NaCl/NaF/water,"BC S-loss, fixed kappa_D",0.01,298.15,F,NaCl,neutral ion-pair NaCl: mu_Na + mu_Cl,0.065,0.005,0.005,4.178364742309587,kJ/mol,1.6855333482645218,0.043305698910785395,4.178364742309587,1.7299854798318604,0.04445213156733849,0.0,0.0,NaClFWater/data/S0_NaClFWater_matrix_BC_s_loss_split0.csv,0,0.2925376885646467,0.16889671324090968,0.11800837411512857,0.06813216656199955,3
NaClFWater,NaCl/NaF/water,"BC S-loss, fixed kappa_D",0.01,298.15,F,NaCl,neutral ion-pair NaCl: mu_Na + mu_Cl,0.065,0.0075,0.0075,4.365290689641503,kJ/mol,1.7609384259240963,0.04524304983465299,4.365290689641503,1.8053905574914348,0.04445213156733849,0.0,0.0,NaClFWater/data/S0_NaClFWater_matrix_BC_s_loss_split0.csv,0,0.28787159386568706,0.16620274221040104,0.1161260927188641,0.06704543089117562,3
NaClFWater,NaCl/NaF/water,"BC S-loss, fixed kappa_D",0.01,298.15,F,NaCl,neutral ion-pair NaCl: mu_Na + mu_Cl,0.065,0.01,0.01,4.559695300865159,kJ/mol,1.8393603626104442,0.04725791164776183,4.559695300865159,1.8838124941777827,0.04445213156733849,0.0,0.0,NaClFWater/data/S0_NaClFWater_matrix_BC_s_loss_split0.csv,0,0.2870268069914709,0.16571500428116448,0.1157853095329807,0.06684867962707056,3
NaClFWater,NaCl/NaF/water,"BC S-loss, fixed kappa_D",0.01,298.15,F,NaCl,neutral ion-pair NaCl: mu_Na + mu_Cl,0.065,0.0125,0.0125,4.762256536478133,kJ/mol,1.9210726445072641,0.04935731091552498,4.762256536478133,1.9655247760746026,0.04445213156733849,0.0,0.0,NaClFWater/data/S0_NaClFWater_matrix_BC_s_loss_split0.csv,0,0.28851676573942775,0.16657523236537883,0.11638635212071613,0.06719569172689403,3
NaClFWater,NaCl/NaF/water,"BC S-loss, fixed kappa_D",0.01,298.15,F,NaCl,neutral ion-pair NaCl: mu_Na + mu_Cl,0.065,0.015,0.015,4.973721053873785,kJ/mol,2.0063764698138167,0.05154898619650794,4.973721053873785,2.050828601381155,0.04445213156733849,0.0,0.0,NaClFWater/data/S0_NaClFWater_matrix_BC_s_loss_split0.csv,0,0.29115981752027414,0.1681011990225326,0.11745254719763118,0.06781125974155959,3
NaClFWater,NaCl/NaF/water,"BC S-loss, fixed kappa_D",0.01,298.15,F,NaCl,neutral ion-pair NaCl: mu_Na + mu_Cl,0.065,0.0175,0.0175,5.1948081930450005,kJ/mol,2.0955620170141556,0.05384039292437138,5.1948081930450005,2.140014148581494,0.04445213156733849,0.0,0.0,NaClFWater/data/S0_NaClFWater_matrix_BC_s_loss_split0.csv,0,0.2940846039296102,0.16978982524328495,0.11863239274332221,0.06849244388496649,3
NaClFWater,NaCl/NaF/water,"BC S-loss, fixed kappa_D",0.01,298.15,F,NaCl,neutral ion-pair NaCl: mu_Na + mu_Cl,0.065,0.02,0.02,5.426111697034604,kJ/mol,2.188868799353462,0.05623768481211755,5.426111697034604,2.2333209309208004,0.04445213156733849,0.0,0.0,NaClFWater/data/S0_NaClFWater_matrix_BC_s_loss_split0.csv,0,0.29672029374173836,0.17131154146581748,0.11969561803551326,0.06910629729362221,3
NaClFWater,NaCl/NaF/water,"BC S-loss, fixed kappa_D",0.01,298.15,F,NaCl,neutral ion-pair NaCl: mu_Na + mu_Cl,0.065,0.0225,0.0225,5.668003505251844,kJ/mol,2.2864468554991295,0.05874471674007964,5.668003505251844,2.330898987066468,0.04445213156733849,0.0,0.0,NaClFWater/data/S0_NaClFWater_matrix_BC_s_loss_split0.csv,0,0.2987709385328837,0.17249548178799756,0.12052283882500585,0.06958389343911502,3
NaClFWater,NaCl/NaF/water,"BC S-loss, fixed kappa_D",0.01,298.15,F,NaCl,neutral ion-pair NaCl: mu_Na + mu_Cl,0.065,0.025,0.025,5.920543871096375,kJ/mol,2.3883204913987552,0.061362113190739365,5.920543871096375,2.4327726229660938,0.04445213156733849,0.0,0.0,NaClFWater/data/S0_NaClFWater_matrix_BC_s_loss_split0.csv,0,0.3001756583481132,0.17330649715145632,0.12108949641465133,0.06991105335103517,3
NaClFWater,NaCl/NaF/water,"BC S-loss, fixed kappa_D",0.01,298.15,F,NaCl,neutral ion-pair NaCl: mu_Na + mu_Cl,0.065,0.0275,0.0275,6.183401837671112,kJ/mol,2.4943562005441042,0.0640864440375708,6.183401837671112,2.5388083321114427,0.04445213156733849,0.0,0.0,NaClFWater/data/S0_NaClFWater_matrix_BC_s_loss_split0.csv,0,0.3010567979371531,0.17381522333038213,0.12144494412048797,0.07011627117968279,3
NaClFWater,NaCl/NaF/water,"BC S-loss, fixed kappa_D",0.01,298.15,F,NaCl,neutral ion-pair NaCl: mu_Na + mu_Cl,0.065,0.03,0.03,6.455789686389091,kJ/mol,2.604236220837021,0.06690954515272551,6.455789686389091,2.6486883524043594,0.04445213156733849,0.0,0.0,NaClFWater/data/S0_NaClFWater_matrix_BC_s_loss_split0.csv,0,0.3016575636078619,0.17416207555208574,0.12168729026184286,0.07025618978963111,3
NaClFWater,NaCl/NaF/water,"BC S-loss, fixed kappa_D",0.01,298.15,F,NaCl,neutral ion-pair NaCl: mu_Na + mu_Cl,0.065,0.0325,0.0325,6.736414425833013,kJ/mol,2.71743896541583,0.06981801562449164,6.736414425833013,2.7618910969831685,0.04445213156733849,0.0,0.0,NaClFWater/data/S0_NaClFWater_matrix_BC_s_loss_split0.csv,0,0.3022700842101512,0.17451571448670167,0.12193437828917672,0.07039884612872584,3
NaClFWater,NaCl/NaF/water,"BC S-loss, fixed kappa_D",0.01,298.15,F,NaCl,neutral ion-pair NaCl: mu_Na + mu_Cl,0.065,0.034999999999999996,0.034999999999999996,7.023448717377213,kJ/mol,2.8332272941833674,0.07279291642259977,7.023448717377213,2.877679425750706,0.04445213156733849,0.0,0.0,NaClFWater/data/S0_NaClFWater_matrix_BC_s_loss_split0.csv,0,0.3031552802931758,0.1750267826835215,0.12229146236625178,0.07060500871674846,3
NaClFWater,NaCl/NaF/water,"BC S-loss, fixed kappa_D",0.01,298.15,F,NaCl,neutral ion-pair NaCl: mu_Na + mu_Cl,0.065,0.0375,0.0375,7.314522849877962,kJ/mol,2.950645276433522,0.0758096872217493,7.314522849877962,2.9950974080008606,0.04445213156733849,0.0,0.0,NaClFWater/data/S0_NaClFWater_matrix_BC_s_loss_split0.csv,0,0.30445805775287516,0.1757789416005731,0.12281699687295863,0.0709084262056641,3
NaClFWater,NaCl/NaF/water,"BC S-loss, fixed kappa_D",0.01,298.15,F,NaCl,neutral ion-pair NaCl: mu_Na + mu_Cl,0.065,0.04,0.04,7.606738553449537,kJ/mol,3.068523763265722,0.07883828957130845,7.606738553449537,3.1129758948330606,0.04445213156733849,0.0,0.0,NaClFWater/data/S0_NaClFWater_matrix_BC_s_loss_split0.csv,0,0.3061248204496433,0.17674124749222742,0.12348936137015015,0.07129661602911117,3
NaClFWater,NaCl/NaF/water,"BC S-loss, fixed kappa_D",0.01,298.15,F,NaCl,neutral ion-pair NaCl: mu_Na + mu_Cl,0.0675,0.0,0.0,4.087280247941786,kJ/mol,1.6487902771744956,0.04236167464966911,4.087280247941786,1.693242408741834,0.04445213156733849,0.0,0.0,NaClFWater/data/S0_NaClFWater_matrix_BC_s_loss_split0.csv,0,0.32521211073299167,0.18776129967541913,0.13118908752732764,0.07574205499864399,3
NaClFWater,NaCl/NaF/water,"BC S-loss, fixed kappa_D",0.01,298.15,F,NaCl,neutral ion-pair NaCl: mu_Na + mu_Cl,0.0675,0.0025,0.0025,4.271541245190905,kJ/mol,1.7231203260816659,0.044271405312258594,4.271541245190905,1.7675724576490044,0.04445213156733849,0.0,0.0,NaClFWater/data/S0_NaClFWater_matrix_BC_s_loss_split0.csv,0,0.3060477332390965,0.17669674117046716,0.12345826473974213,0.07127866238117421,3
NaClFWater,NaCl/NaF/water,"BC S-loss, fixed kappa_D",0.01,298.15,F,NaCl,neutral ion-pair NaCl: mu_Na + mu_Cl,0.0675,0.005,0.005,4.4618192613137735,kJ/mol,1.7998776130578695,0.046243497980981374,4.4618192613137735,1.844329744625208,0.04445213156733849,0.0,0.0,NaClFWater/data/S0_NaClFWater_matrix_BC_s_loss_split0.csv,0,0.2950383486132597,0.17034046999312816,0.11901712901436712,0.06871457147462127,3
NaClFWater,NaCl/NaF/water,"BC S-loss, fixed kappa_D",0.01,298.15,F,NaCl,neutral ion-pair NaCl: mu_Na + mu_Cl,0.0675,0.0075,0.0075,4.658591817588262,kJ/mol,1.8792547680164813,0.04828290181512784,4.658591817588262,1.9237068995838198,0.04445213156733849,0.0,0.0,NaClFWater/data/S0_NaClFWater_matrix_BC_s_loss_split0.csv,0,0.28997259717914387,0.16741575703899364,0.11697362790740026,0.06753475556042467,3
NaClFWater,NaCl/NaF/water,"BC S-loss, fixed kappa_D",0.01,298.15,F,NaCl,neutral ion-pair NaCl: mu_Na + mu_Cl,0.0675,0.01,0.01,4.862533679807354,kJ/mol,1.9615239884118845,0.05039661026933118,4.862533679807354,2.005976119979223,0.04445213156733849,0.0,0.0,NaClFWater/data/S0_NaClFWater_matrix_BC_s_loss_split0.csv,0,0.2889439577549839,0.1668218717905558,0.11655867943839628,0.06729518495014539,3
NaClFWater,NaCl/NaF/water,"BC S-loss, fixed kappa_D",0.01,298.15,F,NaCl,neutral ion-pair NaCl: mu_Na + mu_Cl,0.0675,0.0125,0.0125,5.074437842251298,kJ/mol,2.047005164532929,0.05259284215014759,5.074437842251298,2.0914572961002675,0.04445213156733849,0.0,0.0,NaClFWater/data/S0_NaClFWater_matrix_BC_s_loss_split0.csv,0,0.2903640875703656,0.16764178412175065,0.1171315533520718,0.06762593385841767,3
NaClFWater,NaCl/NaF/water,"BC S-loss, fixed kappa_D",0.01,298.15,F,NaCl,neutral ion-pair NaCl: mu_Na + mu_Cl,0.0675,0.015,0.015,5.295128037812097,kJ/mol,2.1360305864847553,0.0548801348473944,5.295128037812097,2.180482718052094,0.04445213156733849,0.0,0.0,NaClFWater/data/S0_NaClFWater_matrix_BC_s_loss_split0.csv,0,0.29297527091635234,0.16914935152945956,0.11818489284719241,0.06823407969947362,3
NaClFWater,NaCl/NaF/water,"BC S-loss, fixed kappa_D",0.01,298.15,F,NaCl,neutral ion-pair NaCl: mu_Na + mu_Cl,0.0675,0.0175,0.0175,5.525366520809039,kJ/mol,2.228907744195662,0.057266388570383235,5.525366520809039,2.2733598757630005,0.04445213156733849,0.0,0.0,NaClFWater/data/S0_NaClFWater_matrix_BC_s_loss_split0.csv,0,0.29585291755556975,0.17081076159124436,0.11934572242384663,0.06890428496803822,3
NaClFWater,NaCl/NaF/water,"BC S-loss, fixed kappa_D",0.01,298.15,F,NaCl,neutral ion-pair NaCl: mu_Na + mu_Cl,0.0675,0.02,0.02,5.765761077074141,kJ/mol,2.3258818157081724,0.059757902575370274,5.765761077074141,2.370333947275511,0.04445213156733849,0.0,0.0,NaClFWater/data/S0_NaClFWater_matrix_BC_s_loss_split0.csv,0,0.29839177989823035,0.17227657444821487,0.12036988795489152,0.06949558721308172,3
NaClFWater,NaCl/NaF/water,"BC S-loss, fixed kappa_D",0.01,298.15,F,NaCl,neutral ion-pair NaCl: mu_Na + mu_Cl,0.0675,0.0225,0.0225,6.016675281234874,kJ/mol,2.427099465374725,0.062358445047834714,6.016675281234874,2.4715515969420636,0.04445213156733849,0.0,0.0,NaClFWater/data/S0_NaClFWater_matrix_BC_s_loss_split0.csv,0,0.30027446315070416,0.1733635421308294,0.12112935382299331,0.06993406503647062,3
NaClFWater,NaCl/NaF/water,"BC S-loss, fixed kappa_D",0.01,298.15,F,NaCl,neutral ion-pair NaCl: mu_Na + mu_Cl,0.0675,0.025,0.025,6.278145908216459,kJ/mol,2.5325755280330293,0.06506839713301815,6.278145908216459,2.577027659600368,0.04445213156733849,0.0,0.0,NaClFWater/data/S0_NaClFWater_matrix_BC_s_loss_split0.csv,0,0.3014239551921858,0.17402720167041016,0.12159305368860406,0.07020178227870418,3
NaClFWater,NaCl/NaF/water,"BC S-loss, fixed kappa_D",0.01,298.15,F,NaCl,neutral ion-pair NaCl: mu_Na + mu_Cl,0.0675,0.0275,0.0275,6.5498111392282015,kJ/mol,2.642164047627222,0.06788400884340717,6.5498111392282015,2.6866161791945604,0.04445213156733849,0.0,0.0,NaClFWater/data/S0_NaClFWater_matrix_BC_s_loss_split0.csv,0,0.30194294598457055,0.17432684114410046,0.12180241221567299,0.07032265548066456,3
NaClFWater,NaCl/NaF/water,"BC S-loss, fixed kappa_D",0.01,298.15,F,NaCl,neutral ion-pair NaCl: mu_Na + mu_Cl,0.0675,0.03,0.03,6.830852789906107,kJ/mol,2.7555349723031464,0.07079680029562496,6.830852789906107,2.799987103870485,0.04445213156733849,0.0,0.0,NaClFWater/data/S0_NaClFWater_matrix_BC_s_loss_split0.csv,0,0.30204263782944824,0.1743843982575766,0.12184262745284236,0.07034587375866982,3
NaClFWater,NaCl/NaF/water,"BC S-loss, fixed kappa_D",0.01,298.15,F,NaCl,neutral ion-pair NaCl: mu_Na + mu_Cl,0.0675,0.0325,0.0325,7.119955233641864,kJ/mol,2.8721575842659393,0.07379313598073622,7.119955233641864,2.9166097158332778,0.04445213156733849,0.0,0.0,NaClFWater/data/S0_NaClFWater_matrix_BC_s_loss_split0.csv,0,0.3019636175463716,0.17433877587587085,0.12181075102976062,0.07032746989722279,3
NaClFWater,NaCl/NaF/water,"BC S-loss, fixed kappa_D",0.01,298.15,F,NaCl,neutral ion-pair NaCl: mu_Na + mu_Cl,0.0675,0.034999999999999996,0.034999999999999996,7.415283048336395,kJ/mol,2.9912914825819983,0.0768539930891734,7.415283048336395,3.035743614149337,0.04445213156733849,0.0,0.0,NaClFWater/data/S0_NaClFWater_matrix_BC_s_loss_split0.csv,0,0.30189194421600146,0.17429739525928795,0.1217818383340124,0.07031077714454956,3
NaClFWater,NaCl/NaF/water,"BC S-loss, fixed kappa_D",0.01,298.15,F,NaCl,neutral ion-pair NaCl: mu_Na + mu_Cl,0.0675,0.0375,0.0375,7.714478672470587,kJ/mol,3.1119856376485675,0.07995493721762159,7.714478672470587,3.156437769215906,0.04445213156733849,0.0,0.0,NaClFWater/data/S0_NaClFWater_matrix_BC_s_loss_split0.csv,0,0.30187517818055754,0.17428771538421114,0.12177507499150837,0.07030687232693422,3
NaClFWater,NaCl/NaF/water,"BC S-loss, fixed kappa_D",0.01,298.15,F,NaCl,neutral ion-pair NaCl: mu_Na + mu_Cl,0.0675,0.04,0.04,8.01468057805046,kJ/mol,3.233085722077228,0.08306631071832271,8.01468057805046,3.2775378536445667,0.04445213156733849,0.0,0.0,NaClFWater/data/S0_NaClFWater_matrix_BC_s_loss_split0.csv,0,0.3017452137819391,0.1742126804036837,0.12172264794373529,0.07027660355678962,3
NaClFWater,NaCl/NaF/water,"BC S-loss, fixed kappa_D",0.01,298.15,F,NaCl,neutral ion-pair NaCl: mu_Na + mu_Cl,0.07,0.0,0.0,4.359479213328564,kJ/mol,1.7585941027899952,0.04518281812704572,4.359479213328564,1.8030462343573337,0.04445213156733849,0.0,0.0,NaClFWater/data/S0_NaClFWater_matrix_BC_s_loss_split0.csv,0,0.3300171407117501,0.19053548502711953,0.13312741478406476,0.07686114876209876,3
NaClFWater,NaCl/NaF/water,"BC S-loss, fixed kappa_D",0.01,298.15,F,NaCl,neutral ion-pair NaCl: mu_Na + mu_Cl,0.07,0.0025,0.0025,4.554255207662936,kJ/mol,1.8371658537354376,0.04720152905485975,4.554255207662936,1.8816179853027761,0.04445213156733849,0.0,0.0,NaClFWater/data/S0_NaClFWater_matrix_BC_s_loss_split0.csv,0,0.30963300059845617,0.17876669624551023,0.12490454529908485,0.07211367285143444,3
NaClFWater,NaCl/NaF/water,"BC S-loss, fixed kappa_D",0.01,298.15,F,NaCl,neutral ion-pair NaCl: mu_Na + mu_Cl,0.07,0.005,0.005,4.75451471537752,kJ/mol,1.9179496290583622,0.04927707259400904,4.75451471537752,1.9624017606257007,0.04445213156733849,0.0,0.0,NaClFWater/data/S0_NaClFWater_matrix_BC_s_loss_split0.csv,0,0.297879277823763,0.1719806812375609,0.12016314694714221,0.06937622523660511,3
NaClFWater,NaCl/NaF/water,"BC S-loss, fixed kappa_D",0.01,298.15,F,NaCl,neutral ion-pair NaCl: mu_Na + mu_Cl,0.07,0.0075,0.0075,4.960900882817369,kJ/mol,2.0012048710715535,0.05141611448664207,4.960900882817369,2.045657002638892,0.04445213156733849,0.0,0.0,NaClFWater/data/S0_NaClFWater_matrix_BC_s_loss_split0.csv,0,0.2923808447371591,0.168806159414889,0.11794510402790466,0.06809563756010917,3
NaClFWater,NaCl/NaF/water,"BC S-loss, fixed kappa_D",0.01,298.15,F,NaCl,neutral ion-pair NaCl: mu_Na + mu_Cl,0.07,0.01,0.01,5.174214448774115,kJ/mol,2.0872545941645595,0.053626953805519406,5.174214448774115,2.131706725731898,0.04445213156733849,0.0,0.0,NaClFWater/data/S0_NaClFWater_matrix_BC_s_loss_split0.csv,0,0.29109634864781486,0.16806455525193306,0.11742694414291839,0.06779647781102908,3
NaClFWater,NaCl/NaF/water,"BC S-loss, fixed kappa_D",0.01,298.15,F,NaCl,neutral ion-pair NaCl: mu_Na + mu_Cl,0.07,0.0125,0.0125,5.395335350192892,kJ/mol,2.17645376090213,0.05591871045442076,5.395335350192892,2.2209058924694687,0.04445213156733849,0.0,0.0,NaClFWater/data/S0_NaClFWater_matrix_BC_s_loss_split0.csv,0,0.29233048130785527,0.1687770820754231,0.1179247876494026,0.06808390789351206,3
NaClFWater,NaCl/NaF/water,"BC S-loss, fixed kappa_D",0.01,298.15,F,NaCl,neutral ion-pair NaCl: mu_Na + mu_Cl,0.07,0.015,0.015,5.625137697621269,kJ/mol,2.2691549835067173,0.058300443950770386,5.625137697621269,2.313607115074056,0.04445213156733849,0.0,0.0,NaClFWater/data/S0_NaClFWater_matrix_BC_s_loss_split0.csv,0,0.2947451276276577,0.1701711787781588,0.11889884500133237,0.06864628016785483,3
NaClFWater,NaCl/NaF/water,"BC S-loss, fixed kappa_D",0.01,298.15,F,NaCl,neutral ion-pair NaCl: mu_Na + mu_Cl,0.07,0.0175,0.0175,5.8644016625678805,kJ/mol,2.3656729796193763,0.060780240202461755,5.8644016625678805,2.410125111186715,0.04445213156733849,0.0,0.0,NaClFWater/data/S0_NaClFWater_matrix_BC_s_loss_split0.csv,0,0.29735967009872977,0.17168068557763996,0.11995353955224665,0.06925520835073803,3
NaClFWater,NaCl/NaF/water,"BC S-loss, fixed kappa_D",0.01,298.15,F,NaCl,neutral ion-pair NaCl: mu_Na + mu_Cl,0.07,0.02,0.02,6.113725997427818,kJ/mol,2.466249283235227,0.06336430484077482,6.113725997427818,2.5107014148025657,0.04445213156733849,0.0,0.0,NaClFWater/data/S0_NaClFWater_matrix_BC_s_loss_split0.csv,0,0.299533472387532,0.17293573091424494,0.12083044151659834,0.06976148793590939,3
NaClFWater,NaCl/NaF/water,"BC S-loss, fixed kappa_D",0.01,298.15,F,NaCl,neutral ion-pair NaCl: mu_Na + mu_Cl,0.07,0.0225,0.0225,6.373444894734003,kJ/mol,2.5710187061032963,0.06605610152723784,6.373444894734003,2.615470837670635,0.04445213156733849,0.0,0.0,NaClFWater/data/S0_NaClFWater_matrix_BC_s_loss_split0.csv,0,0.3009289578034441,0.17374141479477198,0.1213933739915256,0.07008649715184423,3
NaClFWater,NaCl/NaF/water,"BC S-loss, fixed kappa_D",0.01,298.15,F,NaCl,neutral ion-pair NaCl: mu_Na + mu_Cl,0.07,0.025,0.025,6.643552748962919,kJ/mol,2.6799789869808714,0.06885557216469351,6.643552748962919,2.72443111854821,0.04445213156733849,0.0,0.0,NaClFWater/data/S0_NaClFWater_matrix_BC_s_loss_split0.csv,0,0.3014572836623422,0.17404644387162665,0.1216064982420024,0.07020954449522784,3
NaClFWater,NaCl/NaF/water,"BC S-loss, fixed kappa_D",0.01,298.15,F,NaCl,neutral ion-pair NaCl: mu_Na + mu_Cl,0.07,0.0275,0.0275,6.923640087057566,kJ/mol,2.7929649462976296,0.0717584728639622,6.923640087057566,2.837417077864968,0.04445213156733849,0.0,0.0,NaClFWater/data/S0_NaClFWater_matrix_BC_s_loss_split0.csv,0,0.3012100264240082,0.17390368983851542,0.12150675579573109,0.07015195816702346,3
NaClFWater,NaCl/NaF/water,"BC S-loss, fixed kappa_D",0.01,298.15,F,NaCl,neutral ion-pair NaCl: mu_Na + mu_Cl,0.07,0.03,0.03,7.212843513757411,kJ/mol,2.9096282943292135,0.07475585516374395,7.212843513757411,2.954080425896552,0.04445213156733849,0.0,0.0,NaClFWater/data/S0_NaClFWater_matrix_BC_s_loss_split0.csv,0,0.30038054659958796,0.17342478943859904,0.12117214740417163,0.06995877192208351,3
NaClFWater,NaCl/NaF/water,"BC S-loss, fixed kappa_D",0.01,298.15,F,NaCl,neutral ion-pair NaCl: mu_Na + mu_Cl,0.07,0.0325,0.0325,7.50981196930364,kJ/mol,3.029424019708875,0.07783371631637692,7.50981196930364,3.0738761512762136,0.04445213156733849,0.0,0.0,NaClFWater/data/S0_NaClFWater_matrix_BC_s_loss_split0.csv,0,0.29917884859549,0.17273098877244844,0.12068738789049395,0.06967889588636947,3
NaClFWater,NaCl/NaF/water,"BC S-loss, fixed kappa_D",0.01,298.15,F,NaCl,neutral ion-pair NaCl: mu_Na + mu_Cl,0.07,0.034999999999999996,0.034999999999999996,7.812690969874204,kJ/mol,3.151604032090592,0.08097283595145655,7.812690969874204,3.1960561636579303,0.04445213156733849,0.0,0.0,NaClFWater/data/S0_NaClFWater_matrix_BC_s_loss_split0.csv,0,0.29774431804660584,0.17190276217388945,0.12010870478636852,0.06934479304042716,3
NaClFWater,NaCl/NaF/water,"BC S-loss, fixed kappa_D",0.01,298.15,F,NaCl,neutral ion-pair NaCl: mu_Na + mu_Cl,0.07,0.0375,0.0375,8.119125808601135,kJ/mol,3.2752184534249063,0.08414880925204216,8.119125808601135,3.3196705849922448,0.04445213156733849,0.0,0.0,NaClFWater/data/S0_NaClFWater_matrix_BC_s_loss_split0.csv,0,0.29606182105395545,0.170931372082272,0.11942999314572311,0.06895293869199841,3
NaClFWater,NaCl/NaF/water,"BC S-loss, fixed kappa_D",0.01,298.15,F,NaCl,neutral ion-pair NaCl: mu_Na + mu_Cl,0.07,0.04,0.04,8.426283960179854,kJ/mol,3.399124655876502,0.08733227916206943,8.426283960179854,3.4435767874438405,0.04445213156733849,0.0,0.0,NaClFWater/data/S0_NaClFWater_matrix_BC_s_loss_split0.csv,0,0.29388780012945315,0.1696762005162867,0.1185530029847236,0.06844660818646868,3
NaClFWater,NaCl/NaF/water,"BC S-loss, fixed kappa_D",0.01,298.15,F,NaCl,neutral ion-pair NaCl: mu_Na + mu_Cl,0.07250000000000001,0.0,0.0,4.641527445759021,kJ/mol,1.8723710779704386,0.04810604206397784,4.641527445759021,1.916823209537777,0.04445213156733849,0.0,0.0,NaClFWater/data/S0_NaClFWater_matrix_BC_s_loss_split0.csv,0,0.3350240471654218,0.19342622381595415,0.13514717809334442,0.0780272596524107,3
NaClFWater,NaCl/NaF/water,"BC S-loss, fixed kappa_D",0.01,298.15,F,NaCl,neutral ion-pair NaCl: mu_Na + mu_Cl,0.07250000000000001,0.0025,0.0025,4.846226977625289,kJ/mol,1.9549459388582455,0.05022760321071473,4.846226977625289,1.999398070425584,0.04445213156733849,0.0,0.0,NaClFWater/data/S0_NaClFWater_matrix_BC_s_loss_split0.csv,0,0.31342158253479624,0.18095403504630314,0.1264328420348082,0.07299603538320595,3
NaClFWater,NaCl/NaF/water,"BC S-loss, fixed kappa_D",0.01,298.15,F,NaCl,neutral ion-pair NaCl: mu_Na + mu_Cl,0.07250000000000001,0.005,0.005,5.056027967703285,kJ/mol,2.039578704804837,0.052402037245997235,5.056027967703285,2.0840308363721753,0.04445213156733849,0.0,0.0,NaClFWater/data/S0_NaClFWater_matrix_BC_s_loss_split0.csv,0,0.3008845588804075,0.17371578106460508,0.12137546366774565,0.0700761566215886,3
NaClFWater,NaCl/NaF/water,"BC S-loss, fixed kappa_D",0.01,298.15,F,NaCl,neutral ion-pair NaCl: mu_Na + mu_Cl,0.07250000000000001,0.0075,0.0075,5.271705101157528,kJ/mol,2.126581880284985,0.054637373215769,5.271705101157528,2.1710340118523237,0.04445213156733849,0.0,0.0,NaClFWater/data/S0_NaClFWater_matrix_BC_s_loss_split0.csv,0,0.29487675409978203,0.17024717335727224,0.1189519425220043,0.06867693603570808,3
NaClFWater,NaCl/NaF/water,"BC S-loss, fixed kappa_D",0.01,298.15,F,NaCl,neutral ion-pair NaCl: mu_Na + mu_Cl,0.07250000000000001,0.01,0.01,5.4941506862819205,kJ/mol,2.216315418409311,0.05694285924380438,5.4941506862819205,2.2607675499766495,0.04445213156733849,0.0,0.0,NaClFWater/data/S0_NaClFWater_matrix_BC_s_loss_split0.csv,0,0.2932207139377994,0.16929105812396275,0.11828390344661618,0.06829124349570356,3
NaClFWater,NaCl/NaF/water,"BC S-loss, fixed kappa_D",0.01,298.15,F,NaCl,neutral ion-pair NaCl: mu_Na + mu_Cl,0.07250000000000001,0.0125,0.0125,5.7242974741912285,kJ/mol,2.309155586738579,0.05932816261417884,5.7242974741912285,2.3536077183059176,0.04445213156733849,0.0,0.0,NaClFWater/data/S0_NaClFWater_matrix_BC_s_loss_split0.csv,0,0.29411253753227945,0.16980595271630547,0.11864366103169341,0.0684989496342909,3
NaClFWater,NaCl/NaF/water,"BC S-loss, fixed kappa_D",0.01,298.15,F,NaCl,neutral ion-pair NaCl: mu_Na + mu_Cl,0.07250000000000001,0.015,0.015,5.963036607349189,kJ/mol,2.40546186809282,0.061802519367688546,5.963036607349189,2.4499139996601587,0.04445213156733849,0.0,0.0,NaClFWater/data/S0_NaClFWater_matrix_BC_s_loss_split0.csv,0,0.2961336999942866,0.17097287140782128,0.11945898878359536,0.06896967933132926,3
NaClFWater,NaCl/NaF/water,"BC S-loss, fixed kappa_D",0.01,298.15,F,NaCl,neutral ion-pair NaCl: mu_Na + mu_Cl,0.07250000000000001,0.0175,0.0175,6.211134064198409,kJ/mol,2.5055432546947545,0.06437386831146341,6.211134064198409,2.549995386262093,0.04445213156733849,0.0,0.0,NaClFWater/data/S0_NaClFWater_matrix_BC_s_loss_split0.csv,0,0.29824973818024325,0.17219456662409885,0.12031258897137118,0.06946250562952196,3
NaClFWater,NaCl/NaF/water,"BC S-loss, fixed kappa_D",0.01,298.15,F,NaCl,neutral ion-pair NaCl: mu_Na + mu_Cl,0.07250000000000001,0.02,0.02,6.4691490593526275,kJ/mol,2.609625331178187,0.06704800529655586,6.4691490593526275,2.6540774627455255,0.04445213156733849,0.0,0.0,NaClFWater/data/S0_NaClFWater_matrix_BC_s_loss_split0.csv,0,0.29978900718442275,0.17308326399801713,0.12093352309237383,0.06982100211143186,3
NaClFWater,NaCl/NaF/water,"BC S-loss, fixed kappa_D",0.01,298.15,F,NaCl,neutral ion-pair NaCl: mu_Na + mu_Cl,0.07250000000000001,0.0225,0.0225,6.737357806061473,kJ/mol,2.717819520712753,0.06982779307156761,6.737357806061473,2.7622716522800914,0.04445213156733849,0.0,0.0,NaClFWater/data/S0_NaClFWater_matrix_BC_s_loss_split0.csv,0,0.3004004154165356,0.17343626070541227,0.12118016239463357,0.06996339937898426,3
NaClFWater,NaCl/NaF/water,"BC S-loss, fixed kappa_D",0.01,298.15,F,NaCl,neutral ion-pair NaCl: mu_Na + mu_Cl,0.07250000000000001,0.025,0.025,7.0156858600640515,kJ/mol,2.8300957928219233,0.07271246007610443,7.0156858600640515,2.8745479243892618,0.04445213156733849,0.0,0.0,NaClFWater/data/S0_NaClFWater_matrix_BC_s_loss_split0.csv,0,0.2999927161012502,0.1732008753959838,0.12101569834365693,0.06986844601488088,3
NaClFWater,NaCl/NaF/water,"BC S-loss, fixed kappa_D",0.01,298.15,F,NaCl,neutral ion-pair NaCl: mu_Na + mu_Cl,0.07250000000000001,0.0275,0.0275,7.303651947072018,kJ/mol,2.946260003644954,0.07569701825366337,7.303651947072018,2.9907121352122927,0.04445213156733849,0.0,0.0,NaClFWater/data/S0_NaClFWater_matrix_BC_s_loss_split0.csv,0,0.29865939222228494,0.17243108049554623,0.12047784155023773,0.06955791425041484,3
NaClFWater,NaCl/NaF/water,"BC S-loss, fixed kappa_D",0.01,298.15,F,NaCl,neutral ion-pair NaCl: mu_Na + mu_Cl,0.07250000000000001,0.03,0.03,7.600325740089575,kJ/mol,3.0659368634996578,0.07877182544439165,7.600325740089575,3.1103889950669963,0.04445213156733849,0.0,0.0,NaClFWater/data/S0_NaClFWater_matrix_BC_s_loss_split0.csv,0,0.2965935706136519,0.17123837783370421,0.1196444985015428,0.06907678341692351,3
NaClFWater,NaCl/NaF/water,"BC S-loss, fixed kappa_D",0.01,298.15,F,NaCl,neutral ion-pair NaCl: mu_Na + mu_Cl,0.07250000000000001,0.0325,0.0325,7.9043015238911485,kJ/mol,3.188559313252379,0.08192231243663173,7.9043015238911485,3.2330114448197174,0.04445213156733849,0.0,0.0,NaClFWater/data/S0_NaClFWater_matrix_BC_s_loss_split0.csv,0,0.2939976586492184,0.16973962736224596,0.11859731941233924,0.0684721942878821,3
NaClFWater,NaCl/NaF/water,"BC S-loss, fixed kappa_D",0.01,298.15,F,NaCl,neutral ion-pair NaCl: mu_Na + mu_Cl,0.07250000000000001,0.034999999999999996,0.034999999999999996,8.213689072712706,kJ/mol,3.3133648444201302,0.08512888842085431,8.213689072712706,3.3578169759874688,0.04445213156733849,0.0,0.0,NaClFWater/data/S0_NaClFWater_matrix_BC_s_loss_split0.csv,0,0.29099292261927573,0.1680048422065148,0.11738522255303045,0.06777238983987627,3
NaClFWater,NaCl/NaF/water,"BC S-loss, fixed kappa_D",0.01,298.15,F,NaCl,neutral ion-pair NaCl: mu_Na + mu_Cl,0.07250000000000001,0.0375,0.0375,8.526122411939904,kJ/mol,3.439399033595773,0.08836703179815686,8.526122411939904,3.4838511651631117,0.04445213156733849,0.0,0.0,NaClFWater/data/S0_NaClFWater_matrix_BC_s_loss_split0.csv,0,0.28753495524667927,0.1660083838130973,0.115990294229827,0.06696702759697452,3
NaClFWater,NaCl/NaF/water,"BC S-loss, fixed kappa_D",0.01,298.15,F,NaCl,neutral ion-pair NaCl: mu_Na + mu_Cl,0.07250000000000001,0.04,0.04,8.838786455160333,kJ/mol,3.565526287713841,0.09160756625385602,8.838786455160333,3.6099784192811795,0.04445213156733849,0.0,0.0,NaClFWater/data/S0_NaClFWater_matrix_BC_s_loss_split0.csv,0,0.28334143123799854,0.1635872515978323,0.1142986457024004,0.06599035386429054,3
NaClFWater,NaCl/NaF/water,"BC S-loss, fixed kappa_D",0.01,298.15,F,NaCl,neutral ion-pair NaCl: mu_Na + mu_Cl,0.07500000000000001,0.0,0.0,4.93308677820693,kJ/mol,1.989984787674263,0.051127841606216855,4.93308677820693,2.0344369192416014,0.04445213156733849,0.0,0.0,NaClFWater/data/S0_NaClFWater_matrix_BC_s_loss_split0.csv,0,0.3399937319521578,0.1962954726653638,0.13715192635133774,0.07918470159882057,3
NaClFWater,NaCl/NaF/water,"BC S-loss, fixed kappa_D",0.01,298.15,F,NaCl,neutral ion-pair NaCl: mu_Na + mu_Cl,0.07500000000000001,0.0025,0.0025,5.1470055105497385,kJ/mol,2.076278632137198,0.05334495303270614,5.1470055105497385,2.1207307637045365,0.04445213156733849,0.0,0.0,NaClFWater/data/S0_NaClFWater_matrix_BC_s_loss_split0.csv,0,0.3171604960077726,0.18311269774640274,0.12794110273813153,0.07386683010627781,3
NaClFWater,NaCl/NaF/water,"BC S-loss, fixed kappa_D",0.01,298.15,F,NaCl,neutral ion-pair NaCl: mu_Na + mu_Cl,0.07500000000000001,0.005,0.005,5.365815710700059,kJ/mol,2.1645456724841687,0.05561276095056655,5.365815710700059,2.2089978040515073,0.04445213156733849,0.0,0.0,NaClFWater/data/S0_NaClFWater_matrix_BC_s_loss_split0.csv,0,0.30377982507278106,0.17538736378014758,0.12254340089207036,0.07075046549244905,3
NaClFWater,NaCl/NaF/water,"BC S-loss, fixed kappa_D",0.01,298.15,F,NaCl,neutral ion-pair NaCl: mu_Na + mu_Cl,0.07500000000000001,0.0075,0.0075,5.5903849630882245,kJ/mol,2.255135888331591,0.05794025723878349,5.5903849630882245,2.2995880198989296,0.04445213156733849,0.0,0.0,NaClFWater/data/S0_NaClFWater_matrix_BC_s_loss_split0.csv,0,0.2971600814526009,0.17156545301907028,0.11987302639943856,0.06920872406029097,3
NaClFWater,NaCl/NaF/water,"BC S-loss, fixed kappa_D",0.01,298.15,F,NaCl,neutral ion-pair NaCl: mu_Na + mu_Cl,0.07500000000000001,0.01,0.01,5.821657446450193,kJ/mol,2.3484301570906845,0.06033722762037996,5.821657446450193,2.392882288658023,0.04445213156733849,0.0,0.0,NaClFWater/data/S0_NaClFWater_matrix_BC_s_loss_split0.csv,0,0.29499061955612715,0.1703129136091445,0.11899787532962687,0.0687034553545536,3
NaClFWater,NaCl/NaF/water,"BC S-loss, fixed kappa_D",0.01,298.15,F,NaCl,neutral ion-pair NaCl: mu_Na + mu_Cl,0.07500000000000001,0.0125,0.0125,6.06057864829059,kJ/mol,2.4448098841239996,0.06281347138281035,6.06057864829059,2.489262015691338,0.04445213156733849,0.0,0.0,NaClFWater/data/S0_NaClFWater_matrix_BC_s_loss_split0.csv,0,0.2953625652185363,0.17052765653746035,0.11914791651951753,0.06879008167592651,3
NaClFWater,NaCl/NaF/water,"BC S-loss, fixed kappa_D",0.01,298.15,F,NaCl,neutral ion-pair NaCl: mu_Na + mu_Cl,0.07500000000000001,0.015,0.015,6.308016927524887,kJ/mol,2.5446253614717396,0.06537798843203291,6.308016927524887,2.589077493039078,0.04445213156733849,0.0,0.0,NaClFWater/data/S0_NaClFWater_matrix_BC_s_loss_split0.csv,0,0.29678293753260915,0.1713477088753398,0.11972088825606306,0.06912088706225912,3
NaClFWater,NaCl/NaF/water,"BC S-loss, fixed kappa_D",0.01,298.15,F,NaCl,neutral ion-pair NaCl: mu_Na + mu_Cl,0.07500000000000001,0.0175,0.0175,6.564685096742607,kJ/mol,2.6481641344931046,0.06803816654993966,6.564685096742607,2.692616266060443,0.04445213156733849,0.0,0.0,NaClFWater/data/S0_NaClFWater_matrix_BC_s_loss_split0.csv,0,0.29817189820386886,0.17214962569278539,0.12028118867864923,0.0694443766620663,3
NaClFWater,NaCl/NaF/water,"BC S-loss, fixed kappa_D",0.01,298.15,F,NaCl,neutral ion-pair NaCl: mu_Na + mu_Cl,0.07500000000000001,0.02,0.02,6.831065230261555,kJ/mol,2.7556206697770884,0.07079900208475465,6.831065230261555,2.800072801344427,0.04445213156733849,0.0,0.0,NaClFWater/data/S0_NaClFWater_matrix_BC_s_loss_split0.csv,0,0.29883744032840637,0.17253387661754416,0.12054966534709885,0.06959938173886683,3
NaClFWater,NaCl/NaF/water,"BC S-loss, fixed kappa_D",0.01,298.15,F,NaCl,neutral ion-pair NaCl: mu_Na + mu_Cl,0.07500000000000001,0.0225,0.0225,7.107339791720766,kJ/mol,2.8670685723264615,0.07366238613883525,7.107339791720766,2.9115207038938,0.04445213156733849,0.0,0.0,NaClFWater/data/S0_NaClFWater_matrix_BC_s_loss_split0.csv,0,0.29842757905711964,0.17229724310223635,0.12038432917289636,0.06950392485418423,3
NaClFWater,NaCl/NaF/water,"BC S-loss, fixed kappa_D",0.01,298.15,F,NaCl,neutral ion-pair NaCl: mu_Na + mu_Cl,0.07500000000000001,0.025,0.025,7.393331963453326,kJ/mol,2.982436514697948,0.0766264861262016,7.393331963453326,3.0268886462652866,0.04445213156733849,0.0,0.0,NaClFWater/data/S0_NaClFWater_matrix_BC_s_loss_split0.csv,0,0.29686342563833423,0.17139417870484672,0.1197533567921304,0.06913963278029779,3
NaClFWater,NaCl/NaF/water,"BC S-loss, fixed kappa_D",0.01,298.15,F,NaCl,neutral ion-pair NaCl: mu_Na + mu_Cl,0.07500000000000001,0.0275,0.0275,7.688457711770034,kJ/mol,3.101488900355494,0.07968524896421059,7.688457711770034,3.1459410319228325,0.04445213156733849,0.0,0.0,NaClFWater/data/S0_NaClFWater_matrix_BC_s_loss_split0.csv,0,0.2942577651348587,0.16988979991174835,0.11870224518658007,0.06853277321188496,3
NaClFWater,NaCl/NaF/water,"BC S-loss, fixed kappa_D",0.01,298.15,F,NaCl,neutral ion-pair NaCl: mu_Na + mu_Cl,0.07500000000000001,0.03,0.03,7.99169168714015,kJ/mol,3.22381210795815,0.08282804765383389,7.99169168714015,3.2682642395254886,0.04445213156733849,0.0,0.0,NaClFWater/data/S0_NaClFWater_matrix_BC_s_loss_split0.csv,0,0.29082413396446327,0.16790739203122265,0.11731713397674742,0.06773307888203052,3
NaClFWater,NaCl/NaF/water,"BC S-loss, fixed kappa_D",0.01,298.15,F,NaCl,neutral ion-pair NaCl: mu_Na + mu_Cl,0.07500000000000001,0.0325,0.0325,8.3015485329118,kJ/mol,3.348806951382826,0.08603948755819602,8.3015485329118,3.3932590829501645,0.04445213156733849,0.0,0.0,NaClFWater/data/S0_NaClFWater_matrix_BC_s_loss_split0.csv,0,0.2867817032442087,0.16557349356670328,0.11568643579522123,0.06679159484795934,3
NaClFWater,NaCl/NaF/water,"BC S-loss, fixed kappa_D",0.01,298.15,F,NaCl,neutral ion-pair NaCl: mu_Na + mu_Cl,0.07500000000000001,0.034999999999999996,0.034999999999999996,8.616080595378152,kJ/mol,3.475687755975393,0.08929938266908266,8.616080595378152,3.5201398875427317,0.04445213156733849,0.0,0.0,NaClFWater/data/S0_NaClFWater_matrix_BC_s_loss_split0.csv,0,0.2822617622817917,0.1629639044353306,0.1138631121520748,0.06573889845176893,3
NaClFWater,NaCl/NaF/water,"BC S-loss, fixed kappa_D",0.01,298.15,F,NaCl,neutral ion-pair NaCl: mu_Na + mu_Cl,0.07500000000000001,0.0375,0.0375,8.932892406559636,kJ/mol,3.6034882008392155,0.09258290571040106,8.932892406559636,3.647940332406554,0.04445213156733849,0.0,0.0,NaClFWater/data/S0_NaClFWater_matrix_BC_s_loss_split0.csv,0,0.2772220308666457,0.16005421414615265,0.11183010740251131,0.06456514261234467,3
NaClFWater,NaCl/NaF/water,"BC S-loss, fixed kappa_D",0.01,298.15,F,NaCl,neutral ion-pair NaCl: mu_Na + mu_Cl,0.07750000000000001,0.0,0.0,5.233707072878317,kJ/mol,2.111253648361051,0.05424355140428361,5.233707072878317,2.1557057799283896,0.04445213156733849,0.0,0.0,NaClFWater/data/S0_NaClFWater_matrix_BC_s_loss_split0.csv,0,0.344565536749665,0.198935005395887,0.13899617162986144,0.08024947710682794,3
NaClFWater,NaCl/NaF/water,"BC S-loss, fixed kappa_D",0.01,298.15,F,NaCl,neutral ion-pair NaCl: mu_Na + mu_Cl,0.07750000000000001,0.0025,0.0025,5.456054621572533,kJ/mol,2.200947639034976,0.05654802135632053,5.456054621572533,2.2453997706023143,0.04445213156733849,0.0,0.0,NaClFWater/data/S0_NaClFWater_matrix_BC_s_loss_split0.csv,0,0.320499407429227,0.18504041915437977,0.12928800443169994,0.0746444641616315,3
NaClFWater,NaCl/NaF/water,"BC S-loss, fixed kappa_D",0.01,298.15,F,NaCl,neutral ion-pair NaCl: mu_Na + mu_Cl,0.07750000000000001,0.005,0.005,5.683270728205704,kJ/mol,2.2926055838560746,0.058902950355673056,5.683270728205704,2.337057715423413,0.04445213156733849,0.0,0.0,NaClFWater/data/S0_NaClFWater_matrix_BC_s_loss_split0.csv,0,0.3062170745297242,0.17679451041019598,0.1235265762468016,0.07131810204816375,3
NaClFWater,NaCl/NaF/water,"BC S-loss, fixed kappa_D",0.01,298.15,F,NaCl,neutral ion-pair NaCl: mu_Na + mu_Cl,0.07750000000000001,0.0075,0.0075,5.9162728134722204,kJ/mol,2.3865975661632017,0.06131784679780594,5.9162728134722204,2.4310496977305402,0.04445213156733849,0.0,0.0,NaClFWater/data/S0_NaClFWater_matrix_BC_s_loss_split0.csv,0,0.29888001640502826,0.17255845792684285,0.12056684034291919,0.06960929772732703,3
NaClFWater,NaCl/NaF/water,"BC S-loss, fixed kappa_D",0.01,298.15,F,NaCl,neutral ion-pair NaCl: mu_Na + mu_Cl,0.07750000000000001,0.01,0.01,6.156012155273642,kJ/mol,2.483307327138718,0.06380256998340883,6.156012155273642,2.5277594587060563,0.04445213156733849,0.0,0.0,NaClFWater/data/S0_NaClFWater_matrix_BC_s_loss_split0.csv,0,0.29605243952671895,0.1709259556549966,0.11942620868027065,0.06895075372985068,3
NaClFWater,NaCl/NaF/water,"BC S-loss, fixed kappa_D",0.01,298.15,F,NaCl,neutral ion-pair NaCl: mu_Na + mu_Cl,0.07750000000000001,0.0125,0.0125,6.403401278295936,kJ/mol,2.583102975093928,0.0663665775643949,6.403401278295936,2.6275551066612666,0.04445213156733849,0.0,0.0,NaClFWater/data/S0_NaClFWater_matrix_BC_s_loss_split0.csv,0,0.2957306605468864,0.1707401764743707,0.11929640450214664,0.06887581125266885,3
NaClFWater,NaCl/NaF/water,"BC S-loss, fixed kappa_D",0.01,298.15,F,NaCl,neutral ion-pair NaCl: mu_Na + mu_Cl,0.07750000000000001,0.015,0.015,6.659239887524807,kJ/mol,2.6863071073857676,0.06901815789888133,6.659239887524807,2.730759238953106,0.04445213156733849,0.0,0.0,NaClFWater/data/S0_NaClFWater_matrix_BC_s_loss_split0.csv,0,0.29636023196644373,0.17110365970292624,0.1195503707516778,0.06902243873520075,3
NaClFWater,NaCl/NaF/water,"BC S-loss, fixed kappa_D",0.01,298.15,F,NaCl,neutral ion-pair NaCl: mu_Na + mu_Cl,0.07750000000000001,0.0175,0.0175,6.924142305692144,kJ/mol,2.7931675390124613,0.07176367799331729,6.924142305692144,2.8376196705798,0.04445213156733849,0.0,0.0,NaClFWater/data/S0_NaClFWater_matrix_BC_s_loss_split0.csv,0,0.2968312896597942,0.17137562498898598,0.11974039328443072,0.06913214829563774,3
NaClFWater,NaCl/NaF/water,"BC S-loss, fixed kappa_D",0.01,298.15,F,NaCl,neutral ion-pair NaCl: mu_Na + mu_Cl,0.07750000000000001,0.02,0.02,7.198469357271523,kJ/mol,2.903829824926864,0.0746068775298454,7.198469357271523,2.9482819564942027,0.04445213156733849,0.0,0.0,NaClFWater/data/S0_NaClFWater_matrix_BC_s_loss_split0.csv,0,0.2964484965252159,0.17115461926969325,0.11958597627356397,0.06904299559284637,3
NaClFWater,NaCl/NaF/water,"BC S-loss, fixed kappa_D",0.01,298.15,F,NaCl,neutral ion-pair NaCl: mu_Na + mu_Cl,0.07750000000000001,0.0225,0.0225,7.482267479988877,kJ/mol,3.01831269789658,0.07754823780157949,7.482267479988877,3.0627648294639185,0.04445213156733849,0.0,0.0,NaClFWater/data/S0_NaClFWater_matrix_BC_s_loss_split0.csv,0,0.29487729595490925,0.17024748619747582,0.11895216110390011,0.06867706223402446,3
NaClFWater,NaCl/NaF/water,"BC S-loss, fixed kappa_D",0.01,298.15,F,NaCl,neutral ion-pair NaCl: mu_Na + mu_Cl,0.07750000000000001,0.025,0.025,7.775217599918101,kJ/mol,3.1364874449498643,0.08058445184030916,7.775217599918101,3.180939576517203,0.04445213156733849,0.0,0.0,NaClFWater/data/S0_NaClFWater_matrix_BC_s_loss_split0.csv,0,0.2920707664742833,0.16862713564634782,0.11782001986582627,0.06802342018546186,3
NaClFWater,NaCl/NaF/water,"BC S-loss, fixed kappa_D",0.01,298.15,F,NaCl,neutral ion-pair NaCl: mu_Na + mu_Cl,0.07750000000000001,0.0275,0.0275,8.076595940115233,kJ/mol,3.2580620977567634,0.08370801822661633,8.076595940115233,3.302514229324102,0.04445213156733849,0.0,0.0,NaClFWater/data/S0_NaClFWater_matrix_BC_s_loss_split0.csv,0,0.2881821708328571,0.16638205390600075,0.1162513780559882,0.06711776441428975,3
NaClFWater,NaCl/NaF/water,"BC S-loss, fixed kappa_D",0.01,298.15,F,NaCl,neutral ion-pair NaCl: mu_Na + mu_Cl,0.07750000000000001,0.03,0.03,8.38524848738797,kJ/mol,3.3825711326399714,0.08690697645658929,8.38524848738797,3.42702326420731,0.04445213156733849,0.0,0.0,NaClFWater/data/S0_NaClFWater_matrix_BC_s_loss_split0.csv,0,0.28346857300304573,0.16366065693010753,0.1143499341126185,0.06601996524173627,3
NaClFWater,NaCl/NaF/water,"BC S-loss, fixed kappa_D",0.01,298.15,F,NaCl,neutral ion-pair NaCl: mu_Na + mu_Cl,0.07750000000000001,0.0325,0.0325,8.6995803386331,kJ/mol,3.5093711729357673,0.09016479652439102,8.6995803386331,3.553823304503106,0.04445213156733849,0.0,0.0,NaClFWater/data/S0_NaClFWater_matrix_BC_s_loss_split0.csv,0,0.2781912562839016,0.16061379670171078,0.11222108853114002,0.06479087567220652,3
NaClFWater,NaCl/NaF/water,"BC S-loss, fixed kappa_D",0.01,298.15,F,NaCl,neutral ion-pair NaCl: mu_Na + mu_Cl,0.07750000000000001,0.034999999999999996,0.034999999999999996,9.017560576036526,kJ/mol,3.637642955627551,0.09346042945014688,9.017560576036526,3.6820950871948894,0.04445213156733849,0.0,0.0,NaClFWater/data/S0_NaClFWater_matrix_BC_s_loss_split0.csv,0,0.27251915247619474,0.1573390060414597,0.10993298763226443,0.06346984000230767,3
NaClFWater,NaCl/NaF/water,"BC S-loss, fixed kappa_D",0.01,298.15,F,NaCl,neutral ion-pair NaCl: mu_Na + mu_Cl,0.08,0.0,0.0,5.542882702179818,kJ/mol,2.2359736921574904,0.05744793099745493,5.542882702179818,2.280425823724829,0.04445213156733849,0.0,0.0,NaClFWater/data/S0_NaClFWater_matrix_BC_s_loss_split0.csv,0,0.34829816066946784,0.20109003682076879,0.1405018951560177,0.08111880698997939,3
NaClFWater,NaCl/NaF/water,"BC S-loss, fixed kappa_D",0.01,298.15,F,NaCl,neutral ion-pair NaCl: mu_Na + mu_Cl,0.08,0.0025,0.0025,5.772812306908905,kJ/mol,2.328726249778857,0.05983098342278481,5.772812306908905,2.3731783813461953,0.04445213156733849,0.0,0.0,NaClFWater/data/S0_NaClFWater_matrix_BC_s_loss_split0.csv,0,0.3230337901437291,0.1865036456968271,0.13031036290110354,0.07523472309914996,3
NaClFWater,NaCl/NaF/water,"BC S-loss, fixed kappa_D",0.01,298.15,F,NaCl,neutral ion-pair NaCl: mu_Na + mu_Cl,0.08,0.005,0.005,6.007783460836313,kJ/mol,2.423512545435259,0.06226628782349053,6.007783460836313,2.4679646770025974,0.04445213156733849,0.0,0.0,NaClFWater/data/S0_NaClFWater_matrix_BC_s_loss_split0.csv,0,0.30782092482740125,0.17772049381129967,0.12417356216810829,0.07169163954399206,3
NaClFWater,NaCl/NaF/water,"BC S-loss, fixed kappa_D",0.01,298.15,F,NaCl,neutral ion-pair NaCl: mu_Na + mu_Cl,0.08,0.0075,0.0075,6.248716235594711,kJ/mol,2.5207037318420045,0.06476338007007598,6.248716235594711,2.565155863409343,0.04445213156733849,0.0,0.0,NaClFWater/data/S0_NaClFWater_matrix_BC_s_loss_split0.csv,0,0.29968537763644837,0.17302343345059812,0.12089171940367041,0.06979686674050582,3
NaClFWater,NaCl/NaF/water,"BC S-loss, fixed kappa_D",0.01,298.15,F,NaCl,neutral ion-pair NaCl: mu_Na + mu_Cl,0.08,0.01,0.01,6.496519586893875,kJ/mol,2.6206664776016235,0.06733168082462271,6.496519586893875,2.665118609168962,0.04445213156733849,0.0,0.0,NaClFWater/data/S0_NaClFWater_matrix_BC_s_loss_split0.csv,0,0.29607998562033233,0.17094185939955941,0.11943732064924978,0.06895716922813201,3
NaClFWater,NaCl/NaF/water,"BC S-loss, fixed kappa_D",0.01,298.15,F,NaCl,neutral ion-pair NaCl: mu_Na + mu_Cl,0.08,0.0125,0.0125,6.752022295402872,kJ/mol,2.7237351090695836,0.0699797797934707,6.752022295402872,2.768187240636922,0.04445213156733849,0.0,0.0,NaClFWater/data/S0_NaClFWater_matrix_BC_s_loss_split0.csv,0,0.2949237158678561,0.17027428674671144,0.11897088668582531,0.06868787345378971,3
NaClFWater,NaCl/NaF/water,"BC S-loss, fixed kappa_D",0.01,298.15,F,NaCl,neutral ion-pair NaCl: mu_Na + mu_Cl,0.08,0.015,0.015,7.01590413361791,kJ/mol,2.830183843381595,0.07271472232207543,7.01590413361791,2.8746359749489336,0.04445213156733849,0.0,0.0,NaClFWater/data/S0_NaClFWater_matrix_BC_s_loss_split0.csv,0,0.29462111747188063,0.17009958148133864,0.11884881986806209,0.068617398143695,3
NaClFWater,NaCl/NaF/water,"BC S-loss, fixed kappa_D",0.01,298.15,F,NaCl,neutral ion-pair NaCl: mu_Na + mu_Cl,0.08,0.0175,0.0175,7.288629998854925,kJ/mol,2.9402002180021585,0.07554132673158165,7.288629998854925,2.984652349569497,0.04445213156733849,0.0,0.0,NaClFWater/data/S0_NaClFWater_matrix_BC_s_loss_split0.csv,0,0.294054498416383,0.16977244381711912,0.11862024831610223,0.06848543229664188,3
NaClFWater,NaCl/NaF/water,"BC S-loss, fixed kappa_D",0.01,298.15,F,NaCl,neutral ion-pair NaCl: mu_Na + mu_Cl,0.08,0.02,0.02,7.5703896744552965,kJ/mol,3.053860790668706,0.07846155998771565,7.5703896744552965,3.0983129222360444,0.04445213156733849,0.0,0.0,NaClFWater/data/S0_NaClFWater_matrix_BC_s_loss_split0.csv,0,0.2925481278512435,0.1689027403658365,0.11801258527590001,0.06813459787680454,3
NaClFWater,NaCl/NaF/water,"BC S-loss, fixed kappa_D",0.01,298.15,F,NaCl,neutral ion-pair NaCl: mu_Na + mu_Cl,0.08,0.0225,0.0225,7.861045683037335,kJ/mol,3.1711101036302374,0.081473997237822,7.861045683037335,3.215562235197576,0.04445213156733849,0.0,0.0,NaClFWater/data/S0_NaClFWater_matrix_BC_s_loss_split0.csv,0,0.28980809984441586,0.16732078445850745,0.11690727043013709,0.06749644405306403,3
NaClFWater,NaCl/NaF/water,"BC S-loss, fixed kappa_D",0.01,298.15,F,NaCl,neutral ion-pair NaCl: mu_Na + mu_Cl,0.08,0.025,0.025,8.160091412381773,kJ/mol,3.2917437918198234,0.08457338781624912,8.160091412381773,3.336195923387162,0.04445213156733849,0.0,0.0,NaClFWater/data/S0_NaClFWater_matrix_BC_s_loss_split0.csv,0,0.2858429693943201,0.16503151532577268,0.1153077548262981,0.06657296328861458,3
NaClFWater,NaCl/NaF/water,"BC S-loss, fixed kappa_D",0.01,298.15,F,NaCl,neutral ion-pair NaCl: mu_Na + mu_Cl,0.08,0.0275,0.0275,8.466621311673558,kJ/mol,3.415396560153993,0.08775034635016254,8.466621311673558,3.4598486917213314,0.04445213156733849,0.0,0.0,NaClFWater/data/S0_NaClFWater_matrix_BC_s_loss_split0.csv,0,0.2808705397648131,0.16216068174065032,0.11330189931120495,0.06541488206702005,3
NaClFWater,NaCl/NaF/water,"BC S-loss, fixed kappa_D",0.01,298.15,F,NaCl,neutral ion-pair NaCl: mu_Na + mu_Cl,0.08,0.03,0.03,8.779314513229613,kJ/mol,3.5415355766121404,0.09099118301071485,8.779314513229613,3.585987708179479,0.04445213156733849,0.0,0.0,NaClFWater/data/S0_NaClFWater_matrix_BC_s_loss_split0.csv,0,0.27521637906842034,0.15889625054054657,0.1110210365818902,0.0640980253562656,3
NaClFWater,NaCl/NaF/water,"BC S-loss, fixed kappa_D",0.01,298.15,F,NaCl,neutral ion-pair NaCl: mu_Na + mu_Cl,0.08,0.0325,0.0325,9.096432733707282,kJ/mol,3.669459625593551,0.09427788176060403,9.096432733707282,3.7139117571608895,0.04445213156733849,0.0,0.0,NaClFWater/data/S0_NaClFWater_matrix_BC_s_loss_split0.csv,0,0.26921009455685846,0.15542852056096684,0.10859812870578009,0.06269915884177177,3
NaClFWater,NaCl/NaF/water,"BC S-loss, fixed kappa_D",0.01,298.15,F,NaCl,neutral ion-pair NaCl: mu_Na + mu_Cl,0.08,0.034999999999999996,0.034999999999999996,9.415832777576043,kJ/mol,3.7983041517610707,0.09758822994342609,9.415832777576043,3.8427562833284092,0.04445213156733849,0.0,0.0,NaClFWater/data/S0_NaClFWater_matrix_BC_s_loss_split0.csv,0,0.2630859056199708,0.15189271842968663,0.10612765872031617,0.06127283233063928,3
NaClFWater,NaCl/NaF/water,"BC S-loss, fixed kappa_D",0.01,298.15,F,NaCl,neutral ion-pair NaCl: mu_Na + mu_Cl,0.0825,0.0,0.0,5.860110788375804,kJ/mol,2.3639420604703805,0.06073576842527473,5.860110788375804,2.408394192037719,0.04445213156733849,0.0,0.0,NaClFWater/data/S0_NaClFWater_matrix_BC_s_loss_split0.csv,0,0.35073215513792744,0.20249530418234,0.1414837574631872,0.08168568545733086,3
NaClFWater,NaCl/NaF/water,"BC S-loss, fixed kappa_D",0.01,298.15,F,NaCl,neutral ion-pair NaCl: mu_Na + mu_Cl,0.0825,0.0025,0.0025,6.0967507653985935,kJ/mol,2.459401551779411,0.06318836895854929,6.0967507653985935,2.5038536833467497,0.04445213156733849,0.0,0.0,NaClFWater/data/S0_NaClFWater_matrix_BC_s_loss_split0.csv,0,0.324368506604771,0.18727424460490147,0.13084878145580364,0.07554557919664275,3
NaClFWater,NaCl/NaF/water,"BC S-loss, fixed kappa_D",0.01,298.15,F,NaCl,neutral ion-pair NaCl: mu_Na + mu_Cl,0.0825,0.005,0.005,6.338803492083735,kJ/mol,2.5570445217037285,0.06569706868890535,6.338803492083735,2.601496653271067,0.04445213156733849,0.0,0.0,NaClFWater/data/S0_NaClFWater_matrix_BC_s_loss_split0.csv,0,0.30825365206926036,0.17797032900087273,0.12434812237092405,0.07179242192407753,3
NaClFWater,NaCl/NaF/water,"BC S-loss, fixed kappa_D",0.01,298.15,F,NaCl,neutral ion-pair NaCl: mu_Na + mu_Cl,0.0825,0.0075,0.0075,6.587140854486698,kJ/mol,2.6572226851157805,0.0682709040785312,6.587140854486698,2.701674816683119,0.04445213156733849,0.0,0.0,NaClFWater/data/S0_NaClFWater_matrix_BC_s_loss_split0.csv,0,0.2992915379530014,0.17279605000334247,0.12073284626519176,0.06970514129123817,3
NaClFWater,NaCl/NaF/water,"BC S-loss, fixed kappa_D",0.01,298.15,F,NaCl,neutral ion-pair NaCl: mu_Na + mu_Cl,0.0825,0.01,0.01,6.842576020401538,kJ/mol,2.760264070208208,0.07091830301772006,6.842576020401538,2.8047162017755465,0.04445213156733849,0.0,0.0,NaClFWater/data/S0_NaClFWater_matrix_BC_s_loss_split0.csv,0,0.29484346951359036,0.17022795649247463,0.11893851567119798,0.06866918403978069,3
NaClFWater,NaCl/NaF/water,"BC S-loss, fixed kappa_D",0.01,298.15,F,NaCl,neutral ion-pair NaCl: mu_Na + mu_Cl,0.0825,0.0125,0.0125,7.105798893604989,kJ/mol,2.8664469810292443,0.07364641585525078,7.105798893604989,2.910899112596583,0.04445213156733849,0.0,0.0,NaClFWater/data/S0_NaClFWater_matrix_BC_s_loss_split0.csv,0,0.2927761601613444,0.1690343948814572,0.1181045724734907,0.06818770671009552,3
NaClFWater,NaCl/NaF/water,"BC S-loss, fixed kappa_D",0.01,298.15,F,NaCl,neutral ion-pair NaCl: mu_Na + mu_Cl,0.0825,0.015,0.015,7.3773134733037535,kJ/mol,2.9759747285684237,0.07646046617480806,7.3773134733037535,3.0204268601357622,0.04445213156733849,0.0,0.0,NaClFWater/data/S0_NaClFWater_matrix_BC_s_loss_split0.csv,0,0.29148116335566926,0.16828672812710094,0.11758217664725763,0.06788610133919633,3
NaClFWater,NaCl/NaF/water,"BC S-loss, fixed kappa_D",0.01,298.15,F,NaCl,neutral ion-pair NaCl: mu_Na + mu_Cl,0.0825,0.0175,0.0175,7.657379628342346,kJ/mol,3.0889521427366367,0.07936314732717165,7.657379628342346,3.133404274303975,0.04445213156733849,0.0,0.0,NaClFWater/data/S0_NaClFWater_matrix_BC_s_loss_split0.csv,0,0.2898616975244979,0.16735172909353077,0.11692889149070496,0.06750892697820306,3
NaClFWater,NaCl/NaF/water,"BC S-loss, fixed kappa_D",0.01,298.15,F,NaCl,neutral ion-pair NaCl: mu_Na + mu_Cl,0.0825,0.02,0.02,7.945961652241922,kJ/mol,3.205364819702588,0.08235408924076637,7.945961652241922,3.2498169512699264,0.04445213156733849,0.0,0.0,NaClFWater/data/S0_NaClFWater_matrix_BC_s_loss_split0.csv,0,0.28728983570408057,0.16586686397919428,0.1158914141203005,0.0669099391391219,3
NaClFWater,NaCl/NaF/water,"BC S-loss, fixed kappa_D",0.01,298.15,F,NaCl,neutral ion-pair NaCl: mu_Na + mu_Cl,0.0825,0.0225,0.0225,8.242685735041487,kJ/mol,3.325061966226809,0.08542941764835632,8.242685735041487,3.3695140977941476,0.04445213156733849,0.0,0.0,NaClFWater/data/S0_NaClFWater_matrix_BC_s_loss_split0.csv,0,0.28353958370599625,0.16370165497857136,0.11437857950747721,0.06603650366816899,3
NaClFWater,NaCl/NaF/water,"BC S-loss, fixed kappa_D",0.01,298.15,F,NaCl,neutral ion-pair NaCl: mu_Na + mu_Cl,0.0825,0.025,0.025,8.546808165015035,kJ/mol,3.4477435723788634,0.08858142452106677,8.546808165015035,3.492195703946202,0.04445213156733849,0.0,0.0,NaClFWater/data/S0_NaClFWater_matrix_BC_s_loss_split0.csv,0,0.27870147819605756,0.16090837346004047,0.11242690973177535,0.06490970659779827,3
NaClFWater,NaCl/NaF/water,"BC S-loss, fixed kappa_D",0.01,298.15,F,NaCl,neutral ion-pair NaCl: mu_Na + mu_Cl,0.0825,0.0275,0.0275,8.857195680227209,kJ/mol,3.572952485444193,0.09179836442660871,8.857195680227209,3.6174046170115317,0.04445213156733849,0.0,0.0,NaClFWater/data/S0_NaClFWater_matrix_BC_s_loss_split0.csv,0,0.2730841048193766,0.1576651814288751,0.11016088684005053,0.06360141767127107,3
NaClFWater,NaCl/NaF/water,"BC S-loss, fixed kappa_D",0.01,298.15,F,NaCl,neutral ion-pair NaCl: mu_Na + mu_Cl,0.0825,0.03,0.03,9.172318946452704,kJ/mol,3.700071778946445,0.09506438693267683,9.172318946452704,3.7445239105137835,0.04445213156733849,0.0,0.0,NaClFWater/data/S0_NaClFWater_matrix_BC_s_loss_split0.csv,0,0.2671081389108797,0.15421495590293635,0.10775020935063268,0.06220961237382631,3
NaClFWater,NaCl/NaF/water,"BC S-loss, fixed kappa_D",0.01,298.15,F,NaCl,neutral ion-pair NaCl: mu_Na + mu_Cl,0.0825,0.0325,0.0325,9.490259642992458,kJ/mol,3.8283276110335183,0.09835961004625915,9.490259642992458,3.872779742600857,0.04445213156733849,0.0,0.0,NaClFWater/data/S0_NaClFWater_matrix_BC_s_loss_split0.csv,0,0.2611991015794785,0.15080337160900034,0.1053665305450547,0.06083339477376426,3
NaClFWater,NaCl/NaF/water,"BC S-loss, fixed kappa_D",0.01,298.15,F,NaCl,neutral ion-pair NaCl: mu_Na + mu_Cl,0.085,0.0,0.0,6.184945809345866,kJ/mol,2.494979031701045,0.0641024461763493,6.184945809345866,2.5394311632683837,0.04445213156733849,0.0,0.0,NaClFWater/data/S0_NaClFWater_matrix_BC_s_loss_split0.csv,0,0.35146823943807354,0.20292028265117562,0.1417806905246951,0.08185711984032375,3
NaClFWater,NaCl/NaF/water,"BC S-loss, fixed kappa_D",0.01,298.15,F,NaCl,neutral ion-pair NaCl: mu_Na + mu_Cl,0.085,0.0025,0.0025,6.427431731479845,kJ/mol,2.592796750700746,0.06661563566115092,6.427431731479845,2.6372488822680844,0.04445213156733849,0.0,0.0,NaClFWater/data/S0_NaClFWater_matrix_BC_s_loss_split0.csv,0,0.32419586409613377,0.18717456940606617,0.1307791382524017,0.0755053706744114,3
NaClFWater,NaCl/NaF/water,"BC S-loss, fixed kappa_D",0.01,298.15,F,NaCl,neutral ion-pair NaCl: mu_Na + mu_Cl,0.085,0.005,0.005,6.6758955765119,kJ/mol,2.693025936630567,0.06919078195085149,6.6758955765119,2.7374780681979054,0.04445213156733849,0.0,0.0,NaClFWater/data/S0_NaClFWater_matrix_BC_s_loss_split0.csv,0,0.30729266649355136,0.17741550372004977,0.12396046515692918,0.07156860792722429,3
NaClFWater,NaCl/NaF/water,"BC S-loss, fixed kappa_D",0.01,298.15,F,NaCl,neutral ion-pair NaCl: mu_Na + mu_Cl,0.085,0.0075,0.0075,6.9311071758703395,kJ/mol,2.7959771359901517,0.07183586378596374,6.9311071758703395,2.8404292675574903,0.04445213156733849,0.0,0.0,NaClFWater/data/S0_NaClFWater_matrix_BC_s_loss_split0.csv,0,0.29755721839424004,0.17179474013923077,0.1200332296368875,0.06930121744255717,3
NaClFWater,NaCl/NaF/water,"BC S-loss, fixed kappa_D",0.01,298.15,F,NaCl,neutral ion-pair NaCl: mu_Na + mu_Cl,0.085,0.01,0.01,7.1937271678390164,kJ/mol,2.901916847260903,0.07455772819980666,7.1937271678390164,2.9463689788282417,0.04445213156733849,0.0,0.0,NaClFWater/data/S0_NaClFWater_matrix_BC_s_loss_split0.csv,0,0.29228552750066716,0.16875112798274197,0.11790665348787772,0.06807343813047413,3
NaClFWater,NaCl/NaF/water,"BC S-loss, fixed kappa_D",0.01,298.15,F,NaCl,neutral ion-pair NaCl: mu_Na + mu_Cl,0.085,0.0125,0.0125,7.464247993975587,kJ/mol,3.011043719129255,0.07736147898947365,7.464247993975587,3.0554958506965937,0.04445213156733849,0.0,0.0,NaClFWater/data/S0_NaClFWater_matrix_BC_s_loss_split0.csv,0,0.28932509355937913,0.1670419206498212,0.116712427889799,0.06738395165995024,3
NaClFWater,NaCl/NaF/water,"BC S-loss, fixed kappa_D",0.01,298.15,F,NaCl,neutral ion-pair NaCl: mu_Na + mu_Cl,0.085,0.015,0.015,7.74293849177791,kJ/mol,3.1234661994200987,0.0802499024592862,7.74293849177791,3.1679183309874372,0.04445213156733849,0.0,0.0,NaClFWater/data/S0_NaClFWater_matrix_BC_s_loss_split0.csv,0,0.2870901562579932,0.16575157899724413,0.11581086433920178,0.06686343370132138,3
NaClFWater,NaCl/NaF/water,"BC S-loss, fixed kappa_D",0.01,298.15,F,NaCl,neutral ion-pair NaCl: mu_Na + mu_Cl,0.085,0.0175,0.0175,8.029794341247582,kJ/mol,3.239182545465711,0.08322295383561595,8.029794341247582,3.2836346770330493,0.04445213156733849,0.0,0.0,NaClFWater/data/S0_NaClFWater_matrix_BC_s_loss_split0.csv,0,0.28454005383646824,0.16427927667771555,0.1147821646114241,0.06626951363657364,3
NaClFWater,NaCl/NaF/water,"BC S-loss, fixed kappa_D",0.01,298.15,F,NaCl,neutral ion-pair NaCl: mu_Na + mu_Cl,0.085,0.02,0.02,8.324496422519857,kJ/mol,3.358064025762908,0.08627732567413204,8.324496422519857,3.4025161573302465,0.04445213156733849,0.0,0.0,NaClFWater/data/S0_NaClFWater_matrix_BC_s_loss_split0.csv,0,0.28112791132579495,0.16230927528066497,0.11340572182926695,0.0654748240257711,3
NaClFWater,NaCl/NaF/water,"BC S-loss, fixed kappa_D",0.01,298.15,F,NaCl,neutral ion-pair NaCl: mu_Na + mu_Cl,0.085,0.0225,0.0225,8.626378878909273,kJ/mol,3.479842036750794,0.08940611685659405,8.626378878909273,3.5242941683181326,0.04445213156733849,0.0,0.0,NaClFWater/data/S0_NaClFWater_matrix_BC_s_loss_split0.csv,0,0.27672669939545325,0.1597682343879216,0.11163029293809032,0.06444977967752323,3
NaClFWater,NaCl/NaF/water,"BC S-loss, fixed kappa_D",0.01,298.15,F,NaCl,neutral ion-pair NaCl: mu_Na + mu_Cl,0.085,0.025,0.025,8.934408314887657,kJ/mol,3.6040997113696194,0.09259861699308658,8.934408314887657,3.648551842936958,0.04445213156733849,0.0,0.0,NaClFWater/data/S0_NaClFWater_matrix_BC_s_loss_split0.csv,0,0.2715383169240265,0.15677272037138465,0.10953732302797521,0.06324140293651248,3
NaClFWater,NaCl/NaF/water,"BC S-loss, fixed kappa_D",0.01,298.15,F,NaCl,neutral ion-pair NaCl: mu_Na + mu_Cl,0.085,0.0275,0.0275,9.24717516559753,kJ/mol,3.730268437561715,0.095840216973329,9.24717516559753,3.7747205691290535,0.04445213156733849,0.0,0.0,NaClFWater/data/S0_NaClFWater_matrix_BC_s_loss_split0.csv,0,0.2659907614084345,0.15356983770111318,0.10729946434412276,0.061949374622981924,3
NaClFWater,NaCl/NaF/water,"BC S-loss, fixed kappa_D",0.01,298.15,F,NaCl,neutral ion-pair NaCl: mu_Na + mu_Cl,0.085,0.03,0.03,9.562897816527114,kJ/mol,3.8576295201296618,0.09911245166409799,9.562897816527114,3.9020816516970003,0.04445213156733849,0.0,0.0,NaClFWater/data/S0_NaClFWater_matrix_BC_s_loss_split0.csv,0,0.2606287676331067,0.1504740891515346,0.10513646042299883,0.06070056372686281,3
NaClFWater,NaCl/NaF/water,"BC S-loss, fixed kappa_D",0.01,298.15,F,NaCl,neutral ion-pair NaCl: mu_Na + mu_Cl,0.0875,0.0,0.0,6.517045516448864,kJ/mol,2.628946544303014,0.06754441709347248,6.517045516448864,2.6733986758703527,0.04445213156733849,0.0,0.0,NaClFWater/data/S0_NaClFWater_matrix_BC_s_loss_split0.csv,0,0.3502540513573431,0.20221927083591906,0.14129089257086558,0.08157433485983175,3
NaClFWater,NaCl/NaF/water,"BC S-loss, fixed kappa_D",0.01,298.15,F,NaCl,neutral ion-pair NaCl: mu_Na + mu_Cl,0.0875,0.0025,0.0025,6.7645520966378685,kJ/mol,2.7287895739454857,0.07010964203220738,6.7645520966378685,2.7732417055128242,0.04445213156733849,0.0,0.0,NaClFWater/data/S0_NaClFWater_matrix_BC_s_loss_split0.csv,0,0.32238026014829063,0.18612632997803719,0.13004673187094284,0.07508251565291994,3
NaClFWater,NaCl/NaF/water,"BC S-loss, fixed kappa_D",0.01,298.15,F,NaCl,neutral ion-pair NaCl: mu_Na + mu_Cl,0.0875,0.005,0.005,7.018785195730659,kJ/mol,2.83134605074475,0.0727445824267079,7.018785195730659,2.8757981823120886,0.04445213156733849,0.0,0.0,NaClFWater/data/S0_NaClFWater_matrix_BC_s_loss_split0.csv,0,0.30491217972069984,0.1760411290409416,0.1230001876109996,0.0710141914275851,3
NaClFWater,NaCl/NaF/water,"BC S-loss, fixed kappa_D",0.01,298.15,F,NaCl,neutral ion-pair NaCl: mu_Na + mu_Cl,0.0875,0.0075,0.0075,7.280356440947864,kJ/mol,2.936862702342039,0.07545557734641761,7.280356440947864,2.9813148339093773,0.04445213156733849,0.0,0.0,NaClFWater/data/S0_NaClFWater_matrix_BC_s_loss_split0.csv,0,0.29456280606251467,0.17006591537344437,0.11882529731052312,0.06860381738876783,3
NaClFWater,NaCl/NaF/water,"BC S-loss, fixed kappa_D",0.01,298.15,F,NaCl,neutral ion-pair NaCl: mu_Na + mu_Cl,0.0875,0.01,0.01,7.549714825791152,kJ/mol,3.045520650675452,0.07824728028106165,7.549714825791152,3.0899727822427905,0.04445213156733849,0.0,0.0,NaClFWater/data/S0_NaClFWater_matrix_BC_s_loss_split0.csv,0,0.288596243623377,0.16662111894307152,0.11641841313791002,0.06721420216380142,3
NaClFWater,NaCl/NaF/water,"BC S-loss, fixed kappa_D",0.01,298.15,F,NaCl,neutral ion-pair NaCl: mu_Na + mu_Cl,0.0875,0.0125,0.0125,7.82709432914256,kJ/mol,3.157414281762675,0.0811221162508673,7.82709432914256,3.2018664133300136,0.04445213156733849,0.0,0.0,NaClFWater/data/S0_NaClFWater_matrix_BC_s_loss_split0.csv,0,0.28488248720763903,0.16447698067674052,0.11492030067714926,0.06634926653130487,3
NaClFWater,NaCl/NaF/water,"BC S-loss, fixed kappa_D",0.01,298.15,F,NaCl,neutral ion-pair NaCl: mu_Na + mu_Cl,0.0875,0.015,0.015,8.112466838708437,kJ/mol,3.272532255232207,0.08407979389244247,8.112466838708437,3.3169843867995454,0.04445213156733849,0.0,0.0,NaClFWater/data/S0_NaClFWater_matrix_BC_s_loss_split0.csv,0,0.28190247783538774,0.16275647146348363,0.11371817843918158,0.0656552209336154,3
NaClFWater,NaCl/NaF/water,"BC S-loss, fixed kappa_D",0.01,298.15,F,NaCl,neutral ion-pair NaCl: mu_Na + mu_Cl,0.0875,0.0175,0.0175,8.405502364507976,kJ/mol,3.3907414546254455,0.0871168931006423,8.405502364507976,3.435193586192784,0.04445213156733849,0.0,0.0,NaClFWater/data/S0_NaClFWater_matrix_BC_s_loss_split0.csv,0,0.2787140263645062,0.16091561814847213,0.11243197160590172,0.06491262907218773,3
NaClFWater,NaCl/NaF/water,"BC S-loss, fixed kappa_D",0.01,298.15,F,NaCl,neutral ion-pair NaCl: mu_Na + mu_Cl,0.0875,0.02,0.02,8.705538277001464,kJ/mol,3.511774578197423,0.09022654620423509,8.705538277001464,3.5562267097647613,0.04445213156733849,0.0,0.0,NaClFWater/data/S0_NaClFWater_matrix_BC_s_loss_split0.csv,0,0.2748903723212113,0.1587080304572878,0.11088952694161953,0.0640220982300543,3
NaClFWater,NaCl/NaF/water,"BC S-loss, fixed kappa_D",0.01,298.15,F,NaCl,neutral ion-pair NaCl: mu_Na + mu_Cl,0.0875,0.0225,0.0225,9.011558996418685,kJ/mol,3.6352219456841866,0.0933982274606251,9.011558996418685,3.679674077251525,0.04445213156733849,0.0,0.0,NaClFWater/data/S0_NaClFWater_matrix_BC_s_loss_split0.csv,0,0.2704392060574168,0.15613814841667825,0.10909394669934758,0.06298541949382701,3
NaClFWater,NaCl/NaF/water,"BC S-loss, fixed kappa_D",0.01,298.15,F,NaCl,neutral ion-pair NaCl: mu_Na + mu_Cl,0.0875,0.025,0.025,9.322187178824915,kJ/mol,3.7605279428018745,0.09661766170586361,9.322187178824915,3.804980074369213,0.04445213156733849,0.0,0.0,NaClFWater/data/S0_NaClFWater_matrix_BC_s_loss_split0.csv,0,0.26570708049953207,0.1534060544519944,0.10718502875467345,0.061883305204608496,3
NaClFWater,NaCl/NaF/water,"BC S-loss, fixed kappa_D",0.01,298.15,F,NaCl,neutral ion-pair NaCl: mu_Na + mu_Cl,0.0875,0.0275,0.0275,9.63568702410901,kJ/mol,3.886992355674081,0.09986685863952971,9.63568702410901,3.9314444872414196,0.04445213156733849,0.0,0.0,NaClFWater/data/S0_NaClFWater_matrix_BC_s_loss_split0.csv,0,0.26127340678469585,0.15084627173923476,0.1053965049271558,0.06085070049133912,3
NaClFWater,NaCl/NaF/water,"BC S-loss, fixed kappa_D",0.01,298.15,F,NaCl,neutral ion-pair NaCl: mu_Na + mu_Cl,0.09,0.0,0.0,6.856203784825921,kJ/mol,2.7657614484449615,0.07105954484302401,6.856203784825921,2.8102135800123,0.04445213156733849,0.0,0.0,NaClFWater/data/S0_NaClFWater_matrix_BC_s_loss_split0.csv,0,0.34707170681035887,0.20038194335506357,0.14000714924293287,0.0808331653038794,3
NaClFWater,NaCl/NaF/water,"BC S-loss, fixed kappa_D",0.01,298.15,F,NaCl,neutral ion-pair NaCl: mu_Na + mu_Cl,0.09,0.0025,0.0025,7.10797548734017,kJ/mol,2.8673250090503792,0.07366897465965394,7.10797548734017,2.9117771406177178,0.04445213156733849,0.0,0.0,NaClFWater/data/S0_NaClFWater_matrix_BC_s_loss_split0.csv,0,0.31904123241326904,0.18419854141639086,0.12869978325701015,0.0743048545080813,3
NaClFWater,NaCl/NaF/water,"BC S-loss, fixed kappa_D",0.01,298.15,F,NaCl,neutral ion-pair NaCl: mu_Na + mu_Cl,0.09,0.005,0.005,7.367389333446933,kJ/mol,2.971971375650922,0.07635760971322725,7.367389333446933,3.0164235072182604,0.04445213156733849,0.0,0.0,NaClFWater/data/S0_NaClFWater_matrix_BC_s_loss_split0.csv,0,0.3013607385009203,0.17399070349669077,0.121567552362639,0.07018705908129355,3
NaClFWater,NaCl/NaF/water,"BC S-loss, fixed kappa_D",0.01,298.15,F,NaCl,neutral ion-pair NaCl: mu_Na + mu_Cl,0.09,0.0075,0.0075,7.634841179794386,kJ/mol,3.079860235019473,0.07912955276879075,7.634841179794386,3.1243123665868113,0.04445213156733849,0.0,0.0,NaClFWater/data/S0_NaClFWater_matrix_BC_s_loss_split0.csv,0,0.29068227214477593,0.16782548807143846,0.11725990756338356,0.06770003919687013,3
NaClFWater,NaCl/NaF/water,"BC S-loss, fixed kappa_D",0.01,298.15,F,NaCl,neutral ion-pair NaCl: mu_Na + mu_Cl,0.09,0.01,0.01,7.910507896001898,kJ/mol,3.1910629355566935,0.08198663695077357,7.910507896001898,3.235515067124032,0.04445213156733849,0.0,0.0,NaClFWater/data/S0_NaClFWater_matrix_BC_s_loss_split0.csv,0,0.28428020636454754,0.1641292536698539,0.11467734332214094,0.06620899503698921,3
NaClFWater,NaCl/NaF/water,"BC S-loss, fixed kappa_D",0.01,298.15,F,NaCl,neutral ion-pair NaCl: mu_Na + mu_Cl,0.09,0.0125,0.0125,8.194302720899518,kJ/mol,3.305544478200915,0.08492796304301464,8.194302720899518,3.3499966097682536,0.04445213156733849,0.0,0.0,NaClFWater/data/S0_NaClFWater_matrix_BC_s_loss_split0.csv,0,0.28009886537720236,0.16171515532523653,0.11299060937015454,0.06523515873575858,3
NaClFWater,NaCl/NaF/water,"BC S-loss, fixed kappa_D",0.01,298.15,F,NaCl,neutral ion-pair NaCl: mu_Na + mu_Cl,0.09,0.015,0.015,8.485837649200578,kJ/mol,3.423148343382806,0.08794950965409498,8.485837649200578,3.4676004749501446,0.04445213156733849,0.0,0.0,NaClFWater/data/S0_NaClFWater_matrix_BC_s_loss_split0.csv,0,0.2767396417448376,0.1597757066568226,0.11163551382301494,0.06445279395683987,3
NaClFWater,NaCl/NaF/water,"BC S-loss, fixed kappa_D",0.01,298.15,F,NaCl,neutral ion-pair NaCl: mu_Na + mu_Cl,0.09,0.0175,0.0175,8.78439454354373,kJ/mol,3.543584837754408,0.09104383381475145,8.78439454354373,3.5880369693217466,0.04445213156733849,0.0,0.0,NaClFWater/data/S0_NaClFWater_matrix_BC_s_loss_split0.csv,0,0.27340981789074487,0.1578532319583081,0.11029227801282172,0.06367727640023967,3
NaClFWater,NaCl/NaF/water,"BC S-loss, fixed kappa_D",0.01,298.15,F,NaCl,neutral ion-pair NaCl: mu_Na + mu_Cl,0.09,0.02,0.02,9.088906366034664,kJ/mol,3.6664235230783637,0.09419987645651418,9.088906366034664,3.7108756546457022,0.04445213156733849,0.0,0.0,NaClFWater/data/S0_NaClFWater_matrix_BC_s_loss_split0.csv,0,0.2698492108800508,0.15579751454220545,0.10885594532606058,0.06284800933689226,3
NaClFWater,NaCl/NaF/water,"BC S-loss, fixed kappa_D",0.01,298.15,F,NaCl,neutral ion-pair NaCl: mu_Na + mu_Cl,0.09,0.0225,0.0225,9.39794957065119,kJ/mol,3.7910901473586947,0.0974028835645413,9.39794957065119,3.835542278926033,0.04445213156733849,0.0,0.0,NaClFWater/data/S0_NaClFWater_matrix_BC_s_loss_split0.csv,0,0.2662420185573329,0.1537149010836655,0.10740082033613797,0.062007892532255894,3
NaClFWater,NaCl/NaF/water,"BC S-loss, fixed kappa_D",0.01,298.15,F,NaCl,neutral ion-pair NaCl: mu_Na + mu_Cl,0.09,0.025,0.025,9.709748300508236,kJ/mol,3.916868337998432,0.10063444967920532,9.709748300508236,3.9613204695657704,0.04445213156733849,0.0,0.0,NaClFWater/data/S0_NaClFWater_matrix_BC_s_loss_split0.csv,0,0.2631169590944325,0.15191064716152636,0.10614018555078994,0.0612800646995854,3
NaClFWater,NaCl/NaF/water,"BC S-loss, fixed kappa_D",0.01,298.15,F,NaCl,neutral ion-pair NaCl: mu_Na + mu_Cl,0.0925,0.0,0.0,7.202366973134871,kJ/mol,2.905402105453233,0.074647273471669,7.202366973134871,2.9498542370205714,0.04445213156733849,0.0,0.0,NaClFWater/data/S0_NaClFWater_matrix_BC_s_loss_split0.csv,0,0.342219135463225,0.19758030998153397,0.13804964401424683,0.07970299913315741,3
NaClFWater,NaCl/NaF/water,"BC S-loss, fixed kappa_D",0.01,298.15,F,NaCl,neutral ion-pair NaCl: mu_Na + mu_Cl,0.0925,0.0025,0.0025,7.457746433520797,kJ/mol,3.008421019188453,0.07729409506373486,7.457746433520797,3.0528731507557914,0.04445213156733849,0.0,0.0,NaClFWater/data/S0_NaClFWater_matrix_BC_s_loss_split0.csv,0,0.31462753610241656,0.1816502926631989,0.12691931822347133,0.07327690254168495,3
NaClFWater,NaCl/NaF/water,"BC S-loss, fixed kappa_D",0.01,298.15,F,NaCl,neutral ion-pair NaCl: mu_Na + mu_Cl,0.0925,0.005,0.005,7.721829136814872,kJ/mol,3.114950781560507,0.08003111941218322,7.721829136814872,3.1594029131278454,0.04445213156733849,0.0,0.0,NaClFWater/data/S0_NaClFWater_matrix_BC_s_loss_split0.csv,0,0.2972275384484312,0.1716043993337716,0.11990023824499477,0.069224434826648,3
NaClFWater,NaCl/NaF/water,"BC S-loss, fixed kappa_D",0.01,298.15,F,NaCl,neutral ion-pair NaCl: mu_Na + mu_Cl,0.0925,0.0075,0.0075,7.994737129298411,kJ/mol,3.2250406254846316,0.08285961143758414,7.994737129298411,3.26949275705197,0.04445213156733849,0.0,0.0,NaClFWater/data/S0_NaClFWater_matrix_BC_s_loss_split0.csv,0,0.28664263164682247,0.1654932005425157,0.1156303349448531,0.06675920500689753,3
NaClFWater,NaCl/NaF/water,"BC S-loss, fixed kappa_D",0.01,298.15,F,NaCl,neutral ion-pair NaCl: mu_Na + mu_Cl,0.0925,0.01,0.01,8.276314400556027,kJ/mol,3.338627617068257,0.08577795420592338,8.276314400556027,3.3830797486355957,0.04445213156733849,0.0,0.0,NaClFWater/data/S0_NaClFWater_matrix_BC_s_loss_split0.csv,0,0.28021106502966714,0.16177993382479006,0.11303587020006207,0.06526129008808944,3
NaClFWater,NaCl/NaF/water,"BC S-loss, fixed kappa_D",0.01,298.15,F,NaCl,neutral ion-pair NaCl: mu_Na + mu_Cl,0.0925,0.0125,0.0125,8.566091100432386,kJ/mol,3.455522220893979,0.08878127806349312,8.566091100432386,3.4999743524613174,0.04445213156733849,0.0,0.0,NaClFWater/data/S0_NaClFWater_matrix_BC_s_loss_split0.csv,0,0.27601544975543213,0.15935759421679438,0.11134337806561453,0.06428412929866482,3
NaClFWater,NaCl/NaF/water,"BC S-loss, fixed kappa_D",0.01,298.15,F,NaCl,neutral ion-pair NaCl: mu_Na + mu_Cl,0.0925,0.015,0.015,8.863256531585938,kJ/mol,3.575397405338469,0.09186118072443605,8.863256531585938,3.6198495369058077,0.04445213156733849,0.0,0.0,NaClFWater/data/S0_NaClFWater_matrix_BC_s_loss_split0.csv,0,0.2728426534621197,0.1575257794227666,0.11006348645982089,0.06354518353552632,3
NaClFWater,NaCl/NaF/water,"BC S-loss, fixed kappa_D",0.01,298.15,F,NaCl,neutral ion-pair NaCl: mu_Na + mu_Cl,0.0925,0.0175,0.0175,9.166642301469915,kJ/mol,3.697781846158179,0.09500555265333332,9.166642301469915,3.7422339777255176,0.04445213156733849,0.0,0.0,NaClFWater/data/S0_NaClFWater_matrix_BC_s_loss_split0.csv,0,0.27011021193247015,0.15594820357007852,0.10896123196447437,0.06290879660592254,3
NaClFWater,NaCl/NaF/water,"BC S-loss, fixed kappa_D",0.01,298.15,F,NaCl,neutral ion-pair NaCl: mu_Na + mu_Cl,0.0925,0.02,0.02,9.47471666589568,kJ/mol,3.8220576447084986,0.09819851844036975,9.47471666589568,3.866509776275837,0.04445213156733849,0.0,0.0,NaClFWater/data/S0_NaClFWater_matrix_BC_s_loss_split0.csv,0,0.2677785255311848,0.15460200379863062,0.10802064026665875,0.062365745735991164,3
NaClFWater,NaCl/NaF/water,"BC S-loss, fixed kappa_D",0.01,298.15,F,NaCl,neutral ion-pair NaCl: mu_Na + mu_Cl,0.0925,0.0225,0.0225,9.78559071051691,kJ/mol,3.947462821526385,0.10142050086790277,9.78559071051691,3.9919149530937235,0.04445213156733849,0.0,0.0,NaClFWater/data/S0_NaClFWater_matrix_BC_s_loss_split0.csv,0,0.2662538864330884,0.15372175300492763,0.10740560778328369,0.062010656566154204,3
NaClFWater,NaCl/NaF/water,"BC S-loss, fixed kappa_D",0.01,298.15,F,NaCl,neutral ion-pair NaCl: mu_Na + mu_Cl,0.095,0.0,0.0,7.555631539186094,kJ/mol,3.047907425970178,0.07830860269416462,7.555631539186094,3.0923595575375167,0.04445213156733849,0.0,0.0,NaClFWater/data/S0_NaClFWater_matrix_BC_s_loss_split0.csv,0,0.336379150028309,0.1942085928186217,0.13569382042990144,0.07834286375257234,3
NaClFWater,NaCl/NaF/water,"BC S-loss, fixed kappa_D",0.01,298.15,F,NaCl,neutral ion-pair NaCl: mu_Na + mu_Cl,0.095,0.0025,0.0025,7.814084955762189,kJ/mol,3.152166359662768,0.0809872835970964,7.814084955762189,3.1966184912301063,0.04445213156733849,0.0,0.0,NaClFWater/data/S0_NaClFWater_matrix_BC_s_loss_split0.csv,0,0.30997634115911066,0.17896492401062783,0.12504304732092478,0.07219363703102703,3
NaClFWater,NaCl/NaF/water,"BC S-loss, fixed kappa_D",0.01,298.15,F,NaCl,neutral ion-pair NaCl: mu_Na + mu_Cl,0.095,0.005,0.005,8.082422330801089,kJ/mol,3.26041243728112,0.08376840451080625,8.082422330801089,3.3048645688484584,0.04445213156733849,0.0,0.0,NaClFWater/data/S0_NaClFWater_matrix_BC_s_loss_split0.csv,0,0.29349262760687134,0.16944804755399775,0.11839359218499496,0.06835457231833361,3
NaClFWater,NaCl/NaF/water,"BC S-loss, fixed kappa_D",0.01,298.15,F,NaCl,neutral ion-pair NaCl: mu_Na + mu_Cl,0.095,0.0075,0.0075,8.360434385080973,kJ/mol,3.372561236538232,0.08664979640900583,8.360434385080973,3.4170133681055703,0.04445213156733849,0.0,0.0,NaClFWater/data/S0_NaClFWater_matrix_BC_s_loss_split0.csv,0,0.2835677703583097,0.1637179285498721,0.11438994987492478,0.06604306835287563,3
NaClFWater,NaCl/NaF/water,"BC S-loss, fixed kappa_D",0.01,298.15,F,NaCl,neutral ion-pair NaCl: mu_Na + mu_Cl,0.095,0.01,0.01,8.64757232271422,kJ/mol,3.4883913756670664,0.08962577142312966,8.64757232271422,3.532843507234405,0.04445213156733849,0.0,0.0,NaClFWater/data/S0_NaClFWater_matrix_BC_s_loss_split0.csv,0,0.27767208286745465,0.16031405178996902,0.11201165633435457,0.06466995993701546,3
NaClFWater,NaCl/NaF/water,"BC S-loss, fixed kappa_D",0.01,298.15,F,NaCl,neutral ion-pair NaCl: mu_Na + mu_Cl,0.095,0.0125,0.0125,8.942922019504396,kJ/mol,3.607534101121064,0.09268685532350673,8.942922019504396,3.6519862326884027,0.04445213156733849,0.0,0.0,NaClFWater/data/S0_NaClFWater_matrix_BC_s_loss_split0.csv,0,0.2741036707702241,0.15825382810505342,0.11057217511115473,0.06383887506530762,3
NaClFWater,NaCl/NaF/water,"BC S-loss, fixed kappa_D",0.01,298.15,F,NaCl,neutral ion-pair NaCl: mu_Na + mu_Cl,0.095,0.015,0.015,9.245188747080753,kJ/mol,3.729467125359423,0.09581962919617126,9.245188747080753,3.7739192569267614,0.04445213156733849,0.0,0.0,NaClFWater/data/S0_NaClFWater_matrix_BC_s_loss_split0.csv,0,0.2719105122009784,0.1569876074147239,0.109687464911238,0.0633280873932309,3
NaClFWater,NaCl/NaF/water,"BC S-loss, fixed kappa_D",0.01,298.15,F,NaCl,neutral ion-pair NaCl: mu_Na + mu_Cl,0.095,0.0175,0.0175,9.552693486739024,kJ/mol,3.8535131398672227,0.09900669123851458,9.552693486739024,3.897965271434561,0.04445213156733849,0.0,0.0,NaClFWater/data/S0_NaClFWater_matrix_BC_s_loss_split0.csv,0,0.2707880606322234,0.15633955969935087,0.10923467304943842,0.06306666788993404,3
NaClFWater,NaCl/NaF/water,"BC S-loss, fixed kappa_D",0.01,298.15,F,NaCl,neutral ion-pair NaCl: mu_Na + mu_Cl,0.095,0.02,0.02,9.863381483034516,kJ/mol,3.9788432656360126,0.1022267454110306,9.863381483034516,4.023295397203351,0.04445213156733849,0.0,0.0,NaClFWater/data/S0_NaClFWater_matrix_BC_s_loss_split0.csv,0,0.2709721386460442,0.1564458371901822,0.10930892928366193,0.06310953974675199,3
NaClFWater,NaCl/NaF/water,"BC S-loss, fixed kappa_D",0.01,298.15,F,NaCl,neutral ion-pair NaCl: mu_Na + mu_Cl,0.0975,0.0,0.0,7.916221961036313,kJ/mol,3.1933679634237278,0.08204585906162265,7.916221961036313,3.2378200949910663,0.04445213156733849,0.0,0.0,NaClFWater/data/S0_NaClFWater_matrix_BC_s_loss_split0.csv,0,0.33067144118244013,0.19091324558000333,0.13339135662044055,0.07701353565238073,3
NaClFWater,NaCl/NaF/water,"BC S-loss, fixed kappa_D",0.01,298.15,F,NaCl,neutral ion-pair NaCl: mu_Na + mu_Cl,0.0975,0.0025,0.0025,8.17736071674658,kJ/mol,3.298710150719388,0.08475237154345905,8.17736071674658,3.3431622822867264,0.04445213156733849,0.0,0.0,NaClFWater/data/S0_NaClFWater_matrix_BC_s_loss_split0.csv,0,0.30635380041559107,0.1768734491372064,0.12358173084780295,0.07134994557189892,3
NaClFWater,NaCl/NaF/water,"BC S-loss, fixed kappa_D",0.01,298.15,F,NaCl,neutral ion-pair NaCl: mu_Na + mu_Cl,0.0975,0.005,0.005,8.449654586761312,kJ/mol,3.4085522604305054,0.08757449863799138,8.449654586761312,3.453004391997844,0.04445213156733849,0.0,0.0,NaClFWater/data/S0_NaClFWater_matrix_BC_s_loss_split0.csv,0,0.29155928319700514,0.16833183063852525,0.11761368983623306,0.06790429548733432,3
NaClFWater,NaCl/NaF/water,"BC S-loss, fixed kappa_D",0.01,298.15,F,NaCl,neutral ion-pair NaCl: mu_Na + mu_Cl,0.0975,0.0075,0.0075,8.732506997096271,kJ/mol,3.5226536373229993,0.09050605729157724,8.732506997096271,3.567105768890338,0.04445213156733849,0.0,0.0,NaClFWater/data/S0_NaClFWater_matrix_BC_s_loss_split0.csv,0,0.2830069847060646,0.16339415880259073,0.11416373149132722,0.06591246110820993,3
NaClFWater,NaCl/NaF/water,"BC S-loss, fixed kappa_D",0.01,298.15,F,NaCl,neutral ion-pair NaCl: mu_Na + mu_Cl,0.0975,0.01,0.01,9.02491844936899,kJ/mol,3.6406110882916507,0.09353668843345986,9.02491844936899,3.685063219858989,0.04445213156733849,0.0,0.0,NaClFWater/data/S0_NaClFWater_matrix_BC_s_loss_split0.csv,0,0.2783834698719142,0.16072477126849175,0.11229862661902046,0.06483564230811674,3
NaClFWater,NaCl/NaF/water,"BC S-loss, fixed kappa_D",0.01,298.15,F,NaCl,neutral ion-pair NaCl: mu_Na + mu_Cl,0.0975,0.0125,0.0125,9.325471753159658,kJ/mol,3.761852925161601,0.09665170391997435,9.325471753159658,3.8063050567289394,0.04445213156733849,0.0,0.0,NaClFWater/data/S0_NaClFWater_matrix_BC_s_loss_split0.csv,0,0.276289661081435,0.15951591019967698,0.11145399366835756,0.0643479932466851,3
NaClFWater,NaCl/NaF/water,"BC S-loss, fixed kappa_D",0.01,298.15,F,NaCl,neutral ion-pair NaCl: mu_Na + mu_Cl,0.0975,0.015,0.015,9.632329566078011,kJ/mol,3.8856379723625087,0.09983206103913744,9.632329566078011,3.9300901039298473,0.04445213156733849,0.0,0.0,NaClFWater/data/S0_NaClFWater_matrix_BC_s_loss_split0.csv,0,0.27611353959637114,0.1594142264128653,0.11138294706167552,0.0643069744691922,3
NaClFWater,NaCl/NaF/water,"BC S-loss, fixed kappa_D",0.01,298.15,F,NaCl,neutral ion-pair NaCl: mu_Na + mu_Cl,0.0975,0.0175,0.0175,9.943244938689082,kJ/mol,4.01105982070368,0.10305447180110151,9.943244938689082,4.055511952271018,0.04445213156733849,0.0,0.0,NaClFWater/data/S0_NaClFWater_matrix_BC_s_loss_split0.csv,0,0.27789073987862534,0.1604402934742286,0.11209986157896314,0.06472088525873415,3
NaClFWater,NaCl/NaF/water,"BC S-loss, fixed kappa_D",0.01,298.15,F,NaCl,neutral ion-pair NaCl: mu_Na + mu_Cl,0.1,0.0,0.0,8.284449375745893,kJ/mol,3.341909229090056,0.08586226728243673,8.284449375745893,3.3863613606573946,0.04445213156733849,0.0,0.0,NaClFWater/data/S0_NaClFWater_matrix_BC_s_loss_split0.csv,0,0.32668449284021295,0.18861137988137333,0.13178303977806805,0.07608497349049476,3
NaClFWater,NaCl/NaF/water,"BC S-loss, fixed kappa_D",0.01,298.15,F,NaCl,neutral ion-pair NaCl: mu_Na + mu_Cl,0.1,0.0025,0.0025,8.548047255015254,kJ/mol,3.448243415653847,0.08859426678395721,8.548047255015254,3.4926955472211856,0.04445213156733849,0.0,0.0,NaClFWater/data/S0_NaClFWater_matrix_BC_s_loss_split0.csv,0,0.30547644955649184,0.17636691038253172,0.1232278114984061,0.07114561014025322,3
NaClFWater,NaCl/NaF/water,"BC S-loss, fixed kappa_D",0.01,298.15,F,NaCl,neutral ion-pair NaCl: mu_Na + mu_Cl,0.1,0.005,0.005,8.824130422664473,kJ/mol,3.5596141108100676,0.09145566718098053,8.824130422664473,3.604066242377406,0.04445213156733849,0.0,0.0,NaClFWater/data/S0_NaClFWater_matrix_BC_s_loss_split0.csv,0,0.29327083262482945,0.16931999416141097,0.11830412109719726,0.06830291616170893,3
NaClFWater,NaCl/NaF/water,"BC S-loss, fixed kappa_D",0.01,298.15,F,NaCl,neutral ion-pair NaCl: mu_Na + mu_Cl,0.1,0.0075,0.0075,9.111661606417824,kJ/mol,3.6756028836366266,0.09443571790393435,9.111661606417824,3.720055015203965,0.04445213156733849,0.0,0.0,NaClFWater/data/S0_NaClFWater_matrix_BC_s_loss_split0.csv,0,0.28695129252345797,0.1656714059827295,0.11575484733976375,0.06683109227161664,3
NaClFWater,NaCl/NaF/water,"BC S-loss, fixed kappa_D",0.01,298.15,F,NaCl,neutral ion-pair NaCl: mu_Na + mu_Cl,0.1,0.01,0.01,9.409135790561,kJ/mol,3.795602617633988,0.09751882056411887,9.409135790561,3.8400547492013266,0.04445213156733849,0.0,0.0,NaClFWater/data/S0_NaClFWater_matrix_BC_s_loss_split0.csv,0,0.2845160308849227,0.16426540702017403,0.11477247386194428,0.06626391867975281,3
NaClFWater,NaCl/NaF/water,"BC S-loss, fixed kappa_D",0.01,298.15,F,NaCl,neutral ion-pair NaCl: mu_Na + mu_Cl,0.1,0.0125,0.0125,9.71457750828702,kJ/mol,3.9188164184698215,0.1006845008908499,9.71457750828702,3.96326855003716,0.04445213156733849,0.0,0.0,NaClFWater/data/S0_NaClFWater_matrix_BC_s_loss_split0.csv,0,0.2849541668914136,0.16451836496146321,0.1149492159358322,0.06636596076368914,3
NaClFWater,NaCl/NaF/water,"BC S-loss, fixed kappa_D",0.01,298.15,F,NaCl,neutral ion-pair NaCl: mu_Na + mu_Cl,0.1,0.015,0.015,10.025552209080546,kJ/mol,4.044262199530175,0.10390752654609516,10.025552209080546,4.088714331097513,0.04445213156733849,0.0,0.0,NaClFWater/data/S0_NaClFWater_matrix_BC_s_loss_split0.csv,0,0.2880581365358171,0.16631044267121597,0.11620134318424237,0.06708887676761842,3
NaClFWater,NaCl/NaF/water,"BC S-loss, fixed kappa_D",0.01,298.15,F,NaF,neutral ion-pair NaF: mu_Na + mu_F,0.0,0.0,0.0,0.0,kJ/mol,0.0,0.0,0.0,0.11321935049203574,0.11321935049203574,0.0,0.0,NaClFWater/data/S0_NaClFWater_matrix_BC_s_loss_split0.csv,0,0.0,0.0,0.0,0.0,3
NaClFWater,NaCl/NaF/water,"BC S-loss, fixed kappa_D",0.01,298.15,F,NaF,neutral ion-pair NaF: mu_Na + mu_F,0.0,0.0025,0.0025,-0.413363560149271,kJ/mol,-0.16674898161327642,-0.004284211403387417,-0.413363560149271,-0.053529631121240685,0.11321935049203574,0.0,0.0,NaClFWater/data/S0_NaClFWater_matrix_BC_s_loss_split0.csv,0,0.012435624173146725,0.007179710963907279,0.005016474277144416,0.0028962627742921618,3
NaClFWater,NaCl/NaF/water,"BC S-loss, fixed kappa_D",0.01,298.15,F,NaF,neutral ion-pair NaF: mu_Na + mu_F,0.0,0.005,0.005,-0.7645980176765327,kJ/mol,-0.30843536557758333,-0.007924500033709592,-0.7645980176765327,-0.19521601508554756,0.11321935049203574,0.0,0.0,NaClFWater/data/S0_NaClFWater_matrix_BC_s_loss_split0.csv,0,0.020387210888894943,0.011770561694729165,0.008224108221902077,0.004748191095759779,3
NaClFWater,NaCl/NaF/water,"BC S-loss, fixed kappa_D",0.01,298.15,F,NaF,neutral ion-pair NaF: mu_Na + mu_F,0.0,0.0075,0.0075,-1.0605499941663323,kJ/mol,-0.42782104792532,-0.010991826123301962,-1.0605499941663323,-0.31460169743328426,0.11321935049203574,0.0,0.0,NaClFWater/data/S0_NaClFWater_matrix_BC_s_loss_split0.csv,0,0.027328190213464332,0.01577793797620893,0.011024067737812952,0.006364748475990977,3
NaClFWater,NaCl/NaF/water,"BC S-loss, fixed kappa_D",0.01,298.15,F,NaF,neutral ion-pair NaF: mu_Na + mu_F,0.0,0.01,0.01,-1.308116151814983,kJ/mol,-0.5276881108442601,-0.013557668538894063,-1.308116151814983,-0.4144687603522244,0.11321935049203574,0.0,0.0,NaClFWater/data/S0_NaClFWater_matrix_BC_s_loss_split0.csv,0,0.03604827868294884,0.020812483401423162,0.014541711797534,0.008395661220784213,3
NaClFWater,NaCl/NaF/water,"BC S-loss, fixed kappa_D",0.01,298.15,F,NaF,neutral ion-pair NaF: mu_Na + mu_F,0.0,0.0125,0.0125,-1.514039392086074,kJ/mol,-0.6107566101413697,-0.01569191252951896,-1.514039392086074,-0.497537259649334,0.11321935049203574,0.0,0.0,NaClFWater/data/S0_NaClFWater_matrix_BC_s_loss_split0.csv,0,0.04765387297005337,0.027512976387188547,0.01922335579076041,0.011098609640523475,3
NaClFWater,NaCl/NaF/water,"BC S-loss, fixed kappa_D",0.01,298.15,F,NaF,neutral ion-pair NaF: mu_Na + mu_F,0.0,0.015,0.015,-1.6847299466287289,kJ/mol,-0.6796124041322937,-0.01746099546454616,-1.6847299466287289,-0.566393053640258,0.11321935049203574,0.0,0.0,NaClFWater/data/S0_NaClFWater_matrix_BC_s_loss_split0.csv,0,0.06155188612319805,0.03553699802235759,0.02482975113653768,0.014335463502591447,3
NaClFWater,NaCl/NaF/water,"BC S-loss, fixed kappa_D",0.01,298.15,F,NaF,neutral ion-pair NaF: mu_Na + mu_F,0.0,0.0175,0.0175,-1.8261162940568207,kJ/mol,-0.7366470141476071,-0.018926361694980184,-1.8261162940568207,-0.6234276636555715,0.11321935049203574,0.0,0.0,NaClFWater/data/S0_NaClFWater_matrix_BC_s_loss_split0.csv,0,0.07623344110477476,0.044013397743093194,0.030752223695060265,0.017754804628522632,3
NaClFWater,NaCl/NaF/water,"BC S-loss, fixed kappa_D",0.01,298.15,F,NaF,neutral ion-pair NaF: mu_Na + mu_F,0.0,0.02,0.02,-1.9435294690273512,kJ/mol,-0.7840109553407963,-0.020143263501552156,-1.9435294690273512,-0.6707916048487607,0.11321935049203574,0.0,0.0,NaClFWater/data/S0_NaClFWater_matrix_BC_s_loss_split0.csv,0,0.08987840222463818,0.05189131971872832,0.036256539000619196,0.020932722551891658,3
NaClFWater,NaCl/NaF/water,"BC S-loss, fixed kappa_D",0.01,298.15,F,NaF,neutral ion-pair NaF: mu_Na + mu_F,0.0,0.0225,0.0225,-2.041622868389089,kJ/mol,-0.8235813868530648,-0.021159929944019492,-2.041622868389089,-0.7103620363610291,0.11321935049203574,0.0,0.0,NaClFWater/data/S0_NaClFWater_matrix_BC_s_loss_split0.csv,0,0.10068013106451257,0.05812770077214314,0.04061390732563892,0.023448450327300148,3
NaClFWater,NaCl/NaF/water,"BC S-loss, fixed kappa_D",0.01,298.15,F,NaF,neutral ion-pair NaF: mu_Na + mu_F,0.0,0.025,0.025,-2.124328149894009,kJ/mol,-0.8569443215539481,-0.022017109783519114,-2.124328149894009,-0.7437249710619124,0.11321935049203574,0.0,0.0,NaClFWater/data/S0_NaClFWater_matrix_BC_s_loss_split0.csv,0,0.10707164968920231,0.061817845770638265,0.04319221689226942,0.02493703804964845,3
NaClFWater,NaCl/NaF/water,"BC S-loss, fixed kappa_D",0.01,298.15,F,NaF,neutral ion-pair NaF: mu_Na + mu_F,0.0,0.0275,0.0275,-2.1948463417701674,kJ/mol,-0.8853910396834144,-0.022747979339783342,-2.1948463417701674,-0.7721716891913786,0.11321935049203574,0.0,0.0,NaClFWater/data/S0_NaClFWater_matrix_BC_s_loss_split0.csv,0,0.10793038293143573,0.06231363563920381,0.04353862597963109,0.025137037429486444,3
NaClFWater,NaCl/NaF/water,"BC S-loss, fixed kappa_D",0.01,298.15,F,NaF,neutral ion-pair NaF: mu_Na + mu_F,0.0,0.03,0.03,-2.2556718907618043,kJ/mol,-0.9099277897219551,-0.023378391731512235,-2.2556718907618043,-0.7967084392299194,0.11321935049203574,0.0,0.0,NaClFWater/data/S0_NaClFWater_matrix_BC_s_loss_split0.csv,0,0.10277048388913035,0.059334566538137505,0.041457146155378925,0.023935294492641684,3
NaClFWater,NaCl/NaF/water,"BC S-loss, fixed kappa_D",0.01,298.15,F,NaF,neutral ion-pair NaF: mu_Na + mu_F,0.0,0.0325,0.0325,-2.3086461260488664,kJ/mol,-0.9312973554927497,-0.023927430990852375,-2.3086461260488664,-0.8180780050007139,0.11321935049203574,0.0,0.0,NaClFWater/data/S0_NaClFWater_matrix_BC_s_loss_split0.csv,0,0.09191399070444155,0.05306656727550209,0.037077686142540374,0.021406812075324144,3
NaClFWater,NaCl/NaF/water,"BC S-loss, fixed kappa_D",0.01,298.15,F,NaF,neutral ion-pair NaF: mu_Na + mu_F,0.0,0.034999999999999996,0.034999999999999996,-2.355035563094259,kJ/mol,-0.9500106435777931,-0.024408223625584924,-2.355035563094259,-0.8367912930857574,0.11321935049203574,0.0,0.0,NaClFWater/data/S0_NaClFWater_matrix_BC_s_loss_split0.csv,0,0.07663243927828084,0.0442437594459731,0.0309131777449859,0.01784773149257436,3
NaClFWater,NaCl/NaF/water,"BC S-loss, fixed kappa_D",0.01,298.15,F,NaF,neutral ion-pair NaF: mu_Na + mu_F,0.0,0.0375,0.0375,-2.3956296556833396,kJ/mol,-0.9663861160463867,-0.02482895174762234,-2.3956296556833396,-0.853166765554351,0.11321935049203574,0.0,0.0,NaClFWater/data/S0_NaClFWater_matrix_BC_s_loss_split0.csv,0,0.05926054336419396,0.034214090663640874,0.023905433880674856,0.013801808686102429,3
NaClFWater,NaCl/NaF/water,"BC S-loss, fixed kappa_D",0.01,298.15,F,NaF,neutral ion-pair NaF: mu_Na + mu_F,0.0,0.04,0.04,-2.430852034909275,kJ/mol,-0.9805946637563019,-0.02519400598384891,-2.430852034909275,-0.8673753132642662,0.11321935049203574,0.0,0.0,NaClFWater/data/S0_NaClFWater_matrix_BC_s_loss_split0.csv,0,0.04330880545320128,0.025004350486686894,0.017470575300834387,0.010086641352834361,3
NaClFWater,NaCl/NaF/water,"BC S-loss, fixed kappa_D",0.01,298.15,F,NaF,neutral ion-pair NaF: mu_Na + mu_F,0.0025,0.0,0.0,-0.2810225598045156,kJ/mol,-0.11336322350435828,-0.0029125935892579946,-0.2810225598045156,-0.00014387301232252834,0.11321935049203574,0.0,0.0,NaClFWater/data/S0_NaClFWater_matrix_BC_s_loss_split0.csv,0,0.07133051286746998,0.04118269080546786,0.028774404725728956,0.016612910314170854,3
NaClFWater,NaCl/NaF/water,"BC S-loss, fixed kappa_D",0.01,298.15,F,NaF,neutral ion-pair NaF: mu_Na + mu_F,0.0025,0.0025,0.0025,-0.617957386982979,kJ/mol,-0.2492812015713302,-0.00640467699466285,-0.617957386982979,-0.13606185107929447,0.11321935049203574,0.0,0.0,NaClFWater/data/S0_NaClFWater_matrix_BC_s_loss_split0.csv,0,0.06462534998703066,0.037311463211485936,0.02606957249170076,0.015051274695741896,3
NaClFWater,NaCl/NaF/water,"BC S-loss, fixed kappa_D",0.01,298.15,F,NaF,neutral ion-pair NaF: mu_Na + mu_F,0.0025,0.005,0.005,-0.9060436114575031,kJ/mol,-0.36549387530239996,-0.009390480309320992,-0.9060436114575031,-0.2522745248103642,0.11321935049203574,0.0,0.0,NaClFWater/data/S0_NaClFWater_matrix_BC_s_loss_split0.csv,0,0.05661399212553149,0.03268610359357496,0.022837827138380087,0.013185425646049884,3
NaClFWater,NaCl/NaF/water,"BC S-loss, fixed kappa_D",0.01,298.15,F,NaF,neutral ion-pair NaF: mu_Na + mu_F,0.0025,0.0075,0.0075,-1.1506148867250006,kJ/mol,-0.46415281627917254,-0.011925282956326555,-1.1506148867250006,-0.3509334657871368,0.11321935049203574,0.0,0.0,NaClFWater/data/S0_NaClFWater_matrix_BC_s_loss_split0.csv,0,0.05053657294924952,0.029177303996170374,0.020386223861796948,0.011769991834368441,3
NaClFWater,NaCl/NaF/water,"BC S-loss, fixed kappa_D",0.01,298.15,F,NaF,neutral ion-pair NaF: mu_Na + mu_F,0.0025,0.01,0.01,-1.3570578519540895,kJ/mol,-0.5474309702624229,-0.01406491351656314,-1.3570578519540895,-0.43421161977038714,0.11321935049203574,0.0,0.0,NaClFWater/data/S0_NaClFWater_matrix_BC_s_loss_split0.csv,0,0.04892642636020675,0.02824768542955177,0.019736698045167138,0.011394987929291608,3
NaClFWater,NaCl/NaF/water,"BC S-loss, fixed kappa_D",0.01,298.15,F,NaF,neutral ion-pair NaF: mu_Na + mu_F,0.0025,0.0125,0.0125,-1.530643788462006,kJ/mol,-0.6174547481799284,-0.015864004971035683,-1.530643788462006,-0.5042353976878927,0.11321935049203574,0.0,0.0,NaClFWater/data/S0_NaClFWater_matrix_BC_s_loss_split0.csv,0,0.052822284201534626,0.030496960002966936,0.021308269393442044,0.012302335070268828,3
NaClFWater,NaCl/NaF/water,"BC S-loss, fixed kappa_D",0.01,298.15,F,NaF,neutral ion-pair NaF: mu_Na + mu_F,0.0025,0.015,0.015,-1.676380304315228,kJ/mol,-0.6762441963683858,-0.017374457520077154,-1.676380304315228,-0.5630248458763502,0.11321935049203574,0.0,0.0,NaClFWater/data/S0_NaClFWater_matrix_BC_s_loss_split0.csv,0,0.06128125940161755,0.03538075161180318,0.0247205815469285,0.014272434410643266,3
NaClFWater,NaCl/NaF/water,"BC S-loss, fixed kappa_D",0.01,298.15,F,NaF,neutral ion-pair NaF: mu_Na + mu_F,0.0025,0.0175,0.0175,-1.798887384885236,kJ/mol,-0.7256629959309009,-0.018644153937884766,-1.798887384885236,-0.6124436454388652,0.11321935049203574,0.0,0.0,NaClFWater/data/S0_NaClFWater_matrix_BC_s_loss_split0.csv,0,0.07233323808545593,0.041761614479995275,0.029178899521730653,0.016846445493528237,3
NaClFWater,NaCl/NaF/water,"BC S-loss, fixed kappa_D",0.01,298.15,F,NaF,neutral ion-pair NaF: mu_Na + mu_F,0.0025,0.02,0.02,-1.9023010140925283,kJ/mol,-0.767379583984821,-0.019715960677103794,-1.9023010140925283,-0.6541602334927852,0.11321935049203574,0.0,0.0,NaClFWater/data/S0_NaClFWater_matrix_BC_s_loss_split0.csv,0,0.08394290551369409,0.048464459094890604,0.0338621866015798,0.01955034254977144,3
NaClFWater,NaCl/NaF/water,"BC S-loss, fixed kappa_D",0.01,298.15,F,NaF,neutral ion-pair NaF: mu_Na + mu_F,0.0025,0.0225,0.0225,-1.990206341217861,kJ/mol,-0.8028401934571168,-0.020627035191637333,-1.990206341217861,-0.6896208429650811,0.11321935049203574,0.0,0.0,NaClFWater/data/S0_NaClFWater_matrix_BC_s_loss_split0.csv,0,0.09426239602078436,0.05442241971705896,0.03802502217471012,0.021953756788510376,3
NaClFWater,NaCl/NaF/water,"BC S-loss, fixed kappa_D",0.01,298.15,F,NaF,neutral ion-pair NaF: mu_Na + mu_F,0.0025,0.025,0.025,-2.065601089128296,kJ/mol,-0.8332540921290625,-0.021408446689633823,-2.065601089128296,-0.7200347416370267,0.11321935049203574,0.0,0.0,NaClFWater/data/S0_NaClFWater_matrix_BC_s_loss_split0.csv,0,0.10168233238253954,0.058706321972888206,0.04101819078277807,0.023681863490108344,3
NaClFWater,NaCl/NaF/water,"BC S-loss, fixed kappa_D",0.01,298.15,F,NaF,neutral ion-pair NaF: mu_Na + mu_F,0.0025,0.0275,0.0275,-2.1308886317801177,kJ/mol,-0.8595907901323732,-0.022085104386860625,-2.1308886317801177,-0.7463714396403374,0.11321935049203574,0.0,0.0,NaClFWater/data/S0_NaClFWater_matrix_BC_s_loss_split0.csv,0,0.10494026783739194,0.060587291884749664,0.0423324271394183,0.024440638204393378,3
NaClFWater,NaCl/NaF/water,"BC S-loss, fixed kappa_D",0.01,298.15,F,NaF,neutral ion-pair NaF: mu_Na + mu_F,0.0025,0.03,0.03,-2.1878989682803973,kJ/mol,-0.8825885007903203,-0.022675974887533815,-2.1878989682803973,-0.7693691502982845,0.11321935049203574,0.0,0.0,NaClFWater/data/S0_NaClFWater_matrix_BC_s_loss_split0.csv,0,0.10328269999908768,0.059630294647104634,0.0416637718063446,0.024054589867848194,3
NaClFWater,NaCl/NaF/water,"BC S-loss, fixed kappa_D",0.01,298.15,F,NaF,neutral ion-pair NaF: mu_Na + mu_F,0.0025,0.0325,0.0325,-2.237934720718614,kJ/mol,-0.9027726959339699,-0.023194558918248735,-2.237934720718614,-0.7895533454419341,0.11321935049203574,0.0,0.0,NaClFWater/data/S0_NaClFWater_matrix_BC_s_loss_split0.csv,0,0.09663746806819633,0.055793668202977015,0.03898311544500488,0.022506912196023826,3
NaClFWater,NaCl/NaF/water,"BC S-loss, fixed kappa_D",0.01,298.15,F,NaF,neutral ion-pair NaF: mu_Na + mu_F,0.0025,0.034999999999999996,0.034999999999999996,-2.2818383612123605,kJ/mol,-0.9204832249869033,-0.023649588087209846,-2.2818383612123605,-0.8072638744948676,0.11321935049203574,0.0,0.0,NaClFWater/data/S0_NaClFWater_matrix_BC_s_loss_split0.csv,0,0.08576779100681063,0.04951805722558168,0.03459833711622152,0.019975359247563915,3
NaClFWater,NaCl/NaF/water,"BC S-loss, fixed kappa_D",0.01,298.15,F,NaF,neutral ion-pair NaF: mu_Na + mu_F,0.0025,0.0375,0.0375,-2.320076125270881,kJ/mol,-0.9359081652347192,-0.0240458945849582,-2.320076125270881,-0.8226888147426835,0.11321935049203574,0.0,0.0,NaClFWater/data/S0_NaClFWater_matrix_BC_s_loss_split0.csv,0,0.07238919715200312,0.041793922462129894,0.029201473154867052,0.016859478386696124,3
NaClFWater,NaCl/NaF/water,"BC S-loss, fixed kappa_D",0.01,298.15,F,NaF,neutral ion-pair NaF: mu_Na + mu_F,0.0025,0.04,0.04,-2.352833558209328,kJ/mol,-0.9491223648143308,-0.024385401453173472,-2.352833558209328,-0.835903014322295,0.11321935049203574,0.0,0.0,NaClFWater/data/S0_NaClFWater_matrix_BC_s_loss_split0.csv,0,0.05921470869740358,0.03418762800643123,0.023886944384389514,0.013791133770444906,3
NaClFWater,NaCl/NaF/water,"BC S-loss, fixed kappa_D",0.01,298.15,F,NaF,neutral ion-pair NaF: mu_Na + mu_F,0.005,0.0,0.0,-0.49648757936054827,kJ/mol,-0.2002808332019302,-0.005145731153390897,-0.49648757936054827,-0.08706148270989446,0.11321935049203574,0.0,0.0,NaClFWater/data/S0_NaClFWater_matrix_BC_s_loss_split0.csv,0,0.1075263185508786,0.062080348960319214,0.04337562824480473,0.02504293064340715,3
NaClFWater,NaCl/NaF/water,"BC S-loss, fixed kappa_D",0.01,298.15,F,NaF,neutral ion-pair NaF: mu_Na + mu_F,0.005,0.0025,0.0025,-0.7696733055662474,kJ/mol,-0.3104827136473999,-0.00797710168598087,-0.7696733055662474,-0.19726336315536414,0.11321935049203574,0.0,0.0,NaClFWater/data/S0_NaClFWater_matrix_BC_s_loss_split0.csv,0,0.09095175788634025,0.05251102189894821,0.03668952579663247,0.021182707595125475,3
NaClFWater,NaCl/NaF/water,"BC S-loss, fixed kappa_D",0.01,298.15,F,NaF,neutral ion-pair NaF: mu_Na + mu_F,0.005,0.005,0.005,-1.0057608429158775,kJ/mol,-0.4057193533028672,-0.010423976585514083,-1.0057608429158775,-0.29250000281083144,0.11321935049203574,0.0,0.0,NaClFWater/data/S0_NaClFWater_matrix_BC_s_loss_split0.csv,0,0.07439689861500991,0.04295306944224927,0.03001137080094639,0.017327073010676076,3
NaClFWater,NaCl/NaF/water,"BC S-loss, fixed kappa_D",0.01,298.15,F,NaF,neutral ion-pair NaF: mu_Na + mu_F,0.005,0.0075,0.0075,-1.2085747800731208,kJ/mol,-0.48753357385423085,-0.012525994920224548,-1.2085747800731208,-0.3743142233621951,0.11321935049203574,0.0,0.0,NaClFWater/data/S0_NaClFWater_matrix_BC_s_loss_split0.csv,0,0.06101141141509481,0.035224954804144,0.02461172609550264,0.014209586686459788,3
NaClFWater,NaCl/NaF/water,"BC S-loss, fixed kappa_D",0.01,298.15,F,NaF,neutral ion-pair NaF: mu_Na + mu_F,0.005,0.01,0.01,-1.3820243079940029,kJ/mol,-0.5575023251676421,-0.014323672599317659,-1.3820243079940029,-0.4442829746756064,0.11321935049203574,0.0,0.0,NaClFWater/data/S0_NaClFWater_matrix_BC_s_loss_split0.csv,0,0.05330008536630481,0.030772818634066116,0.021501012211919534,0.012413615188401174,3
NaClFWater,NaCl/NaF/water,"BC S-loss, fixed kappa_D",0.01,298.15,F,NaF,neutral ion-pair NaF: mu_Na + mu_F,0.005,0.0125,0.0125,-1.529967129537355,kJ/mol,-0.6171817870448337,-0.0158569918954754,-1.529967129537355,-0.503962436552798,0.11321935049203574,0.0,0.0,NaClFWater/data/S0_NaClFWater_matrix_BC_s_loss_split0.csv,0,0.05241839081550118,0.030263772047816617,0.021145340637029428,0.012208268108895274,3
NaClFWater,NaCl/NaF/water,"BC S-loss, fixed kappa_D",0.01,298.15,F,NaF,neutral ion-pair NaF: mu_Na + mu_F,0.005,0.015,0.015,-1.6560879007660239,kJ/mol,-0.6680583329964584,-0.017164141577723058,-1.6560879007660239,-0.5548389825044228,0.11321935049203574,0.0,0.0,NaClFWater/data/S0_NaClFWater_matrix_BC_s_loss_split0.csv,0,0.057385743709287784,0.03313167457820418,0.023149148220004512,0.013365166956330152,3
NaClFWater,NaCl/NaF/water,"BC S-loss, fixed kappa_D",0.01,298.15,F,NaF,neutral ion-pair NaF: mu_Na + mu_F,0.005,0.0175,0.0175,-1.7637950909342734,kJ/mol,-0.7115069240297307,-0.018280447940526297,-1.7637950909342734,-0.598287573537695,0.11321935049203574,0.0,0.0,NaClFWater/data/S0_NaClFWater_matrix_BC_s_loss_split0.csv,0,0.06598996994977226,0.03809932691431633,0.026620053983088452,0.015369095332978488,3
NaClFWater,NaCl/NaF/water,"BC S-loss, fixed kappa_D",0.01,298.15,F,NaF,neutral ion-pair NaF: mu_Na + mu_F,0.005,0.02,0.02,-1.8561392630591425,kJ/mol,-0.748758143402291,-0.019237527841596606,-1.8561392630591425,-0.6355387929102552,0.11321935049203574,0.0,0.0,NaClFWater/data/S0_NaClFWater_matrix_BC_s_loss_split0.csv,0,0.07612399736282151,0.04395021036921536,0.030708074586928785,0.01772931512905844,3
NaClFWater,NaCl/NaF/water,"BC S-loss, fixed kappa_D",0.01,298.15,F,NaF,neutral ion-pair NaF: mu_Na + mu_F,0.005,0.0225,0.0225,-1.9357547895724223,kJ/mol,-0.7808746849810895,-0.020062684627191626,-1.9357547895724223,-0.6676553344890538,0.11321935049203574,0.0,0.0,NaClFWater/data/S0_NaClFWater_matrix_BC_s_loss_split0.csv,0,0.0860460862963648,0.04967873108591999,0.03471060017130111,0.02004017435263417,3
NaClFWater,NaCl/NaF/water,"BC S-loss, fixed kappa_D",0.01,298.15,F,NaF,neutral ion-pair NaF: mu_Na + mu_F,0.005,0.025,0.025,-2.004825971431183,kJ/mol,-0.8087376858455455,-0.020778556981440485,-2.004825971431183,-0.6955183353535098,0.11321935049203574,0.0,0.0,NaClFWater/data/S0_NaClFWater_matrix_BC_s_loss_split0.csv,0,0.09424955923796552,0.054415008397042976,0.0380198438748584,0.021950767095697044,3
NaClFWater,NaCl/NaF/water,"BC S-loss, fixed kappa_D",0.01,298.15,F,NaF,neutral ion-pair NaF: mu_Na + mu_F,0.005,0.0275,0.0275,-2.0650774700737315,kJ/mol,-0.8330428665820637,-0.021403019760555253,-2.0650774700737315,-0.719823516090028,0.11321935049203574,0.0,0.0,NaClFWater/data/S0_NaClFWater_matrix_BC_s_loss_split0.csv,0,0.09946854824591696,0.05742819310568144,0.04012516032271494,0.023166272113596363,3
NaClFWater,NaCl/NaF/water,"BC S-loss, fixed kappa_D",0.01,298.15,F,NaF,neutral ion-pair NaF: mu_Na + mu_F,0.005,0.03,0.03,-2.1177879275538256,kJ/mol,-0.8543060255842787,-0.021949325155574684,-2.1177879275538256,-0.7410866750922429,0.11321935049203574,0.0,0.0,NaClFWater/data/S0_NaClFWater_matrix_BC_s_loss_split0.csv,0,0.1008178346197803,0.05820720395684533,0.04066945631403341,0.023480521550702915,3
NaClFWater,NaCl/NaF/water,"BC S-loss, fixed kappa_D",0.01,298.15,F,NaF,neutral ion-pair NaF: mu_Na + mu_F,0.005,0.0325,0.0325,-2.163824708860593,kJ/mol,-0.8728770539470219,-0.022426462771136354,-2.163824708860593,-0.7596577034549862,0.11321935049203574,0.0,0.0,NaClFWater/data/S0_NaClFWater_matrix_BC_s_loss_split0.csv,0,0.097979451510171,0.05656846270444911,0.039524465466788034,0.02281946077682614,3
NaClFWater,NaCl/NaF/water,"BC S-loss, fixed kappa_D",0.01,298.15,F,NaF,neutral ion-pair NaF: mu_Na + mu_F,0.005,0.034999999999999996,0.034999999999999996,-2.2036968617497537,kJ/mol,-0.8889612992215581,-0.022839708515448365,-2.2036968617497537,-0.7757419487295223,0.11321935049203574,0.0,0.0,NaClFWater/data/S0_NaClFWater_matrix_BC_s_loss_split0.csv,0,0.09138518402216676,0.05276126059514147,0.036864367930098604,0.02128365274794784,3
NaClFWater,NaCl/NaF/water,"BC S-loss, fixed kappa_D",0.01,298.15,F,NaF,neutral ion-pair NaF: mu_Na + mu_F,0.005,0.0375,0.0375,-2.2376227073029584,kJ/mol,-0.9026468311400546,-0.02319132512707256,-2.2376227073029584,-0.7894274806480188,0.11321935049203574,0.0,0.0,NaClFWater/data/S0_NaClFWater_matrix_BC_s_loss_split0.csv,0,0.08236408565829115,0.04755292702637179,0.0332252978469344,0.01918263465583307,3
NaClFWater,NaCl/NaF/water,"BC S-loss, fixed kappa_D",0.01,298.15,F,NaF,neutral ion-pair NaF: mu_Na + mu_F,0.005,0.04,0.04,-2.2656079750824483,kJ/mol,-0.9139359609818811,-0.023481371988737013,-2.2656079750824483,-0.8007166104898453,0.11321935049203574,0.0,0.0,NaClFWater/data/S0_NaClFWater_matrix_BC_s_loss_split0.csv,0,0.07318643154760705,0.04225420595503905,0.029523073886982925,0.017045154655954804,3
NaClFWater,NaCl/NaF/water,"BC S-loss, fixed kappa_D",0.01,298.15,F,NaF,neutral ion-pair NaF: mu_Na + mu_F,0.0075,0.0,0.0,-0.6572927246436677,kJ/mol,-0.265148898022284,-0.006812359041191484,-0.6572927246436677,-0.15192954753024823,0.11321935049203574,0.0,0.0,NaClFWater/data/S0_NaClFWater_matrix_BC_s_loss_split0.csv,0,0.11755617686213599,0.06787109035625748,0.04742162750638375,0.02737888940622082,3
NaClFWater,NaCl/NaF/water,"BC S-loss, fixed kappa_D",0.01,298.15,F,NaF,neutral ion-pair NaF: mu_Na + mu_F,0.0075,0.0025,0.0025,-0.8778135205176602,kJ/mol,-0.3541059849102979,-0.009097896034404584,-0.8778135205176602,-0.2408866344182621,0.11321935049203574,0.0,0.0,NaClFWater/data/S0_NaClFWater_matrix_BC_s_loss_split0.csv,0,0.09815604061683837,0.056670416472719476,0.03959570070989978,0.022860588463612497,3
NaClFWater,NaCl/NaF/water,"BC S-loss, fixed kappa_D",0.01,298.15,F,NaF,neutral ion-pair NaF: mu_Na + mu_F,0.0075,0.005,0.005,-1.0715247031829416,kJ/mol,-0.4322481956675177,-0.011105570966947198,-1.0715247031829416,-0.31902884517548197,0.11321935049203574,0.0,0.0,NaClFWater/data/S0_NaClFWater_matrix_BC_s_loss_split0.csv,0,0.07917247375996576,0.04571024903772482,0.0319378161115865,0.018439306729353233,3
NaClFWater,NaCl/NaF/water,"BC S-loss, fixed kappa_D",0.01,298.15,F,NaF,neutral ion-pair NaF: mu_Na + mu_F,0.0075,0.0075,0.0075,-1.2407674771116073,kJ/mol,-0.5005199615382683,-0.012859648713288154,-1.2407674771116073,-0.3873006110462325,0.11321935049203574,0.0,0.0,NaClFWater/data/S0_NaClFWater_matrix_BC_s_loss_split0.csv,0,0.06339006264112738,0.03659826972980214,0.02557126319018723,0.014763575686373367,3
NaClFWater,NaCl/NaF/water,"BC S-loss, fixed kappa_D",0.01,298.15,F,NaF,neutral ion-pair NaF: mu_Na + mu_F,0.0075,0.01,0.01,-1.3880255852784287,kJ/mol,-0.559923213151081,-0.014385871455374401,-1.3880255852784287,-0.44670386265904516,0.11321935049203574,0.0,0.0,NaClFWater/data/S0_NaClFWater_matrix_BC_s_loss_split0.csv,0,0.05307220401999246,0.030641251277429386,0.021409085912435087,0.012360541514648223,3
NaClFWater,NaCl/NaF/water,"BC S-loss, fixed kappa_D",0.01,298.15,F,NaF,neutral ion-pair NaF: mu_Na + mu_F,0.0075,0.0125,0.0125,-1.5158178942274212,kJ/mol,-0.6114740498226992,-0.01571034540529581,-1.5158178942274212,-0.4982546993306634,0.11321935049203574,0.0,0.0,NaClFWater/data/S0_NaClFWater_matrix_BC_s_loss_split0.csv,0,0.04943948529450935,0.028543900143381522,0.019943663687643352,0.011514479598688255,3
NaClFWater,NaCl/NaF/water,"BC S-loss, fixed kappa_D",0.01,298.15,F,NaF,neutral ion-pair NaF: mu_Na + mu_F,0.0075,0.015,0.015,-1.6265994497392129,kJ/mol,-0.6561628258639525,-0.016858515319540853,-1.6265994497392129,-0.5429434753719168,0.11321935049203574,0.0,0.0,NaClFWater/data/S0_NaClFWater_matrix_BC_s_loss_split0.csv,0,0.05190398883406226,0.029966781925361178,0.02093783321544198,0.012088463643182916,3
NaClFWater,NaCl/NaF/water,"BC S-loss, fixed kappa_D",0.01,298.15,F,NaF,neutral ion-pair NaF: mu_Na + mu_F,0.0075,0.0175,0.0175,-1.7226745909971293,kJ/mol,-0.6949191012292122,-0.017854263990784606,-1.7226745909971293,-0.5816997507371764,0.11321935049203574,0.0,0.0,NaClFWater/data/S0_NaClFWater_matrix_BC_s_loss_split0.csv,0,0.05855878152645793,0.03380892827771697,0.023622346344523135,0.013638368020901005,3
NaClFWater,NaCl/NaF/water,"BC S-loss, fixed kappa_D",0.01,298.15,F,NaF,neutral ion-pair NaF: mu_Na + mu_F,0.0075,0.02,0.02,-1.8061250883785487,kJ/mol,-0.7285826526280053,-0.018719167448580265,-1.8061250883785487,-0.6153633021359696,0.11321935049203574,0.0,0.0,NaClFWater/data/S0_NaClFWater_matrix_BC_s_loss_split0.csv,0,0.0674680112666795,0.03895267446650612,0.02721628913329773,0.015713331857452134,3
NaClFWater,NaCl/NaF/water,"BC S-loss, fixed kappa_D",0.01,298.15,F,NaF,neutral ion-pair NaF: mu_Na + mu_F,0.0075,0.0225,0.0225,-1.8787555325117702,kJ/mol,-0.7578814437187371,-0.019471928956818374,-1.8787555325117702,-0.6446620932267013,0.11321935049203574,0.0,0.0,NaClFWater/data/S0_NaClFWater_matrix_BC_s_loss_split0.csv,0,0.07704420716605377,0.04448149374682244,0.031079283039614172,0.017943632429141813,3
NaClFWater,NaCl/NaF/water,"BC S-loss, fixed kappa_D",0.01,298.15,F,NaF,neutral ion-pair NaF: mu_Na + mu_F,0.0075,0.025,0.025,-1.9420573853030045,kJ/mol,-0.7834171234563514,-0.020128006428876685,-1.9420573853030045,-0.6701977729643157,0.11321935049203574,0.0,0.0,NaClFWater/data/S0_NaClFWater_matrix_BC_s_loss_split0.csv,0,0.08589074089873174,0.04958904237877917,0.03464793454387073,0.020003994335768303,3
NaClFWater,NaCl/NaF/water,"BC S-loss, fixed kappa_D",0.01,298.15,F,NaF,neutral ion-pair NaF: mu_Na + mu_F,0.0075,0.0275,0.0275,-1.997192248014462,kJ/mol,-0.80565827651107,-0.020699439013469597,-1.997192248014462,-0.6924389260190343,0.11321935049203574,0.0,0.0,NaClFWater/data/S0_NaClFWater_matrix_BC_s_loss_split0.csv,0,0.09276198816578207,0.05355615883807916,0.03741976446467912,0.021604311086694885,3
NaClFWater,NaCl/NaF/water,"BC S-loss, fixed kappa_D",0.01,298.15,F,NaF,neutral ion-pair NaF: mu_Na + mu_F,0.0075,0.03,0.03,-2.044994034135805,kJ/mol,-0.8249412997948622,-0.02119486961487382,-2.044994034135805,-0.7117219493028265,0.11321935049203574,0.0,0.0,NaClFWater/data/S0_NaClFWater_matrix_BC_s_loss_split0.csv,0,0.09668962759104331,0.055823782517533525,0.03900415635947985,0.022519060173659945,3
NaClFWater,NaCl/NaF/water,"BC S-loss, fixed kappa_D",0.01,298.15,F,NaF,neutral ion-pair NaF: mu_Na + mu_F,0.0075,0.0325,0.0325,-2.08598891027599,kJ/mol,-0.841478446526591,-0.02161975156570861,-2.08598891027599,-0.7282590960345552,0.11321935049203574,0.0,0.0,NaClFWater/data/S0_NaClFWater_matrix_BC_s_loss_split0.csv,0,0.09717256562449998,0.05610260692115164,0.039198971367440764,0.02263153667094836,3
NaClFWater,NaCl/NaF/water,"BC S-loss, fixed kappa_D",0.01,298.15,F,NaF,neutral ion-pair NaF: mu_Na + mu_F,0.0075,0.034999999999999996,0.034999999999999996,-2.1204311136385545,kJ/mol,-0.8553722748387698,-0.021976719848908033,-2.1204311136385545,-0.742152924346734,0.11321935049203574,0.0,0.0,NaClFWater/data/S0_NaClFWater_matrix_BC_s_loss_split0.csv,0,0.0943662075728531,0.054482355344590845,0.03806689928303794,0.021977934548276328,3
NaClFWater,NaCl/NaF/water,"BC S-loss, fixed kappa_D",0.01,298.15,F,NaF,neutral ion-pair NaF: mu_Na + mu_F,0.0075,0.0375,0.0375,-2.148352101674091,kJ/mol,-0.8666354745240079,-0.02226610049797273,-2.148352101674091,-0.7534161240319722,0.11321935049203574,0.0,0.0,NaClFWater/data/S0_NaClFWater_matrix_BC_s_loss_split0.csv,0,0.08923251104604044,0.0515184142728977,0.03599598943445699,0.02078229418973067,3
NaClFWater,NaCl/NaF/water,"BC S-loss, fixed kappa_D",0.01,298.15,F,NaF,neutral ion-pair NaF: mu_Na + mu_F,0.0075,0.04,0.04,-2.1696199668803007,kJ/mol,-0.8752148346953381,-0.02248652638797921,-2.1696199668803007,-0.7619954842033024,0.11321935049203574,0.0,0.0,NaClFWater/data/S0_NaClFWater_matrix_BC_s_loss_split0.csv,0,0.08357863096914682,0.048254145088537315,0.03371523990577292,0.01946550283539081,3
NaClFWater,NaCl/NaF/water,"BC S-loss, fixed kappa_D",0.01,298.15,F,NaF,neutral ion-pair NaF: mu_Na + mu_F,0.01,0.0,0.0,-0.7733171652271176,kJ/mol,-0.31195263007489626,-0.008014867630095068,-0.7733171652271176,-0.19873327958286052,0.11321935049203574,0.0,0.0,NaClFWater/data/S0_NaClFWater_matrix_BC_s_loss_split0.csv,0,0.10926306486008938,0.06308305990945615,0.04407622381321171,0.025447419683419976,3
NaClFWater,NaCl/NaF/water,"BC S-loss, fixed kappa_D",0.01,298.15,F,NaF,neutral ion-pair NaF: mu_Na + mu_F,0.01,0.0025,0.0025,-0.9506566779507495,kJ/mol,-0.3834905835795104,-0.009852862160641962,-0.9506566779507495,-0.27027123308747464,0.11321935049203574,0.0,0.0,NaClFWater/data/S0_NaClFWater_matrix_BC_s_loss_split0.csv,0,0.09246253480777018,0.05338326936122126,0.037298966340937614,0.021534568257435122,3
NaClFWater,NaCl/NaF/water,"BC S-loss, fixed kappa_D",0.01,298.15,F,NaF,neutral ion-pair NaF: mu_Na + mu_F,0.01,0.005,0.005,-1.1101022930524989,kJ/mol,-0.44781022010315097,-0.01150539951103724,-1.1101022930524989,-0.3345908696111152,0.11321935049203574,0.0,0.0,NaClFWater/data/S0_NaClFWater_matrix_BC_s_loss_split0.csv,0,0.07587101377905439,0.04380415022902686,0.030606022158933394,0.01767039513228385,3
NaClFWater,NaCl/NaF/water,"BC S-loss, fixed kappa_D",0.01,298.15,F,NaF,neutral ion-pair NaF: mu_Na + mu_F,0.01,0.0075,0.0075,-1.2525563643804403,kJ/mol,-0.5052755450873401,-0.012981831919887556,-1.2525563643804403,-0.3920561945953043,0.11321935049203574,0.0,0.0,NaClFWater/data/S0_NaClFWater_matrix_BC_s_loss_split0.csv,0,0.061629687061787224,0.03558191641519525,0.02486113568159438,0.014353583378128327,3
NaClFWater,NaCl/NaF/water,"BC S-loss, fixed kappa_D",0.01,298.15,F,NaF,neutral ion-pair NaF: mu_Na + mu_F,0.01,0.01,0.01,-1.3791454967787473,kJ/mol,-0.5563410258063065,-0.014293835823593781,-1.3791454967787473,-0.44312167531427077,0.11321935049203574,0.0,0.0,NaClFWater/data/S0_NaClFWater_matrix_BC_s_loss_split0.csv,0,0.05157869471813367,0.029778973279964007,0.020806611047391448,0.012012702489135295,3
NaClFWater,NaCl/NaF/water,"BC S-loss, fixed kappa_D",0.01,298.15,F,NaF,neutral ion-pair NaF: mu_Na + mu_F,0.01,0.0125,0.0125,-1.4911379487104988,kJ/mol,-0.6015182719603935,-0.015454555794860879,-1.4911379487104988,-0.48829892146835785,0.11321935049203574,0.0,0.0,NaClFWater/data/S0_NaClFWater_matrix_BC_s_loss_split0.csv,0,0.0468546777860692,0.027051560832580233,0.018900964085522866,0.010912476702720076,3
NaClFWater,NaCl/NaF/water,"BC S-loss, fixed kappa_D",0.01,298.15,F,NaF,neutral ion-pair NaF: mu_Na + mu_F,0.01,0.015,0.015,-1.5898629516039688,kJ/mol,-0.6413434894670096,-0.016477768346646826,-1.5898629516039688,-0.5281241389749738,0.11321935049203574,0.0,0.0,NaClFWater/data/S0_NaClFWater_matrix_BC_s_loss_split0.csv,0,0.04745303682342894,0.027397023583871923,0.01914233940192186,0.011051834806618767,3
NaClFWater,NaCl/NaF/water,"BC S-loss, fixed kappa_D",0.01,298.15,F,NaF,neutral ion-pair NaF: mu_Na + mu_F,0.01,0.0175,0.0175,-1.6766353883232656,kJ/mol,-0.6763470960979865,-0.017377101279521415,-1.6766353883232656,-0.5631277456059507,0.11321935049203574,0.0,0.0,NaClFWater/data/S0_NaClFWater_matrix_BC_s_loss_split0.csv,0,0.05230558743664111,0.030198644986666256,0.021099836266637736,0.012181996148400326,3
NaClFWater,NaCl/NaF/water,"BC S-loss, fixed kappa_D",0.01,298.15,F,NaF,neutral ion-pair NaF: mu_Na + mu_F,0.01,0.02,0.02,-1.7526889283172318,kJ/mol,-0.7070267485025159,-0.01816534067631892,-1.7526889283172318,-0.5938073980104802,0.11321935049203574,0.0,0.0,NaClFWater/data/S0_NaClFWater_matrix_BC_s_loss_split0.csv,0,0.059973204621269254,0.034625545832254315,0.024192918193055055,0.013967787831242931,3
NaClFWater,NaCl/NaF/water,"BC S-loss, fixed kappa_D",0.01,298.15,F,NaF,neutral ion-pair NaF: mu_Na + mu_F,0.01,0.0225,0.0225,-1.819120229368624,kJ/mol,-0.7338248334463471,-0.01885385259402028,-1.819120229368624,-0.6206054829543114,0.11321935049203574,0.0,0.0,NaClFWater/data/S0_NaClFWater_matrix_BC_s_loss_split0.csv,0,0.06905925259195954,0.0398713780740022,0.027858188652441582,0.016083932717622526,3
NaClFWater,NaCl/NaF/water,"BC S-loss, fixed kappa_D",0.01,298.15,F,NaF,neutral ion-pair NaF: mu_Na + mu_F,0.01,0.025,0.025,-1.8768462331945777,kJ/mol,-0.7571112410510858,-0.019452140463840806,-1.8768462331945777,-0.64389189055905,0.11321935049203574,0.0,0.0,NaClFWater/data/S0_NaClFWater_matrix_BC_s_loss_split0.csv,0,0.07823316055916617,0.045167936308389806,0.03155890143513877,0.01822054023890624,3
NaClFWater,NaCl/NaF/water,"BC S-loss, fixed kappa_D",0.01,298.15,F,NaF,neutral ion-pair NaF: mu_Na + mu_F,0.01,0.0275,0.0275,-1.9265759158635436,kJ/mol,-0.7771719690407688,-0.019967552304933633,-1.9265759158635436,-0.663952618548733,0.11321935049203574,0.0,0.0,NaClFWater/data/S0_NaClFWater_matrix_BC_s_loss_split0.csv,0,0.08625484183063507,0.049799256149825756,0.034794811205126036,0.020088793615681725,3
NaClFWater,NaCl/NaF/water,"BC S-loss, fixed kappa_D",0.01,298.15,F,NaF,neutral ion-pair NaF: mu_Na + mu_F,0.01,0.03,0.03,-1.968797137464044,kJ/mol,-0.7942038179580018,-0.02040514443081065,-1.968797137464044,-0.6809844674659661,0.11321935049203574,0.0,0.0,NaClFWater/data/S0_NaClFWater_matrix_BC_s_loss_split0.csv,0,0.09210201867282475,0.05317512527366331,0.03715353577048385,0.021450603878435243,3
NaClFWater,NaCl/NaF/water,"BC S-loss, fixed kappa_D",0.01,298.15,F,NaF,neutral ion-pair NaF: mu_Na + mu_F,0.01,0.0325,0.0325,-2.003778521991138,kJ/mol,-0.8083151495016165,-0.02076770093299274,-2.003778521991138,-0.6950957990095807,0.11321935049203574,0.0,0.0,NaClFWater/data/S0_NaClFWater_matrix_BC_s_loss_split0.csv,0,0.09514539329269467,0.05493221842969009,0.03838121926137441,0.022159407272380565,3
NaClFWater,NaCl/NaF/water,"BC S-loss, fixed kappa_D",0.01,298.15,F,NaF,neutral ion-pair NaF: mu_Na + mu_F,0.01,0.034999999999999996,0.034999999999999996,-2.03158558334554,kJ/mol,-0.8195323916814305,-0.02105590081521314,-2.03158558334554,-0.7063130411893948,0.11321935049203574,0.0,0.0,NaClFWater/data/S0_NaClFWater_matrix_BC_s_loss_split0.csv,0,0.09532282602420365,0.05503465926498985,0.03845279481891338,0.02220073143979309,3
NaClFWater,NaCl/NaF/water,"BC S-loss, fixed kappa_D",0.01,298.15,F,NaF,neutral ion-pair NaF: mu_Na + mu_F,0.01,0.0375,0.0375,-2.0521096767917917,kJ/mol,-0.8278117177049007,-0.021268618054136827,-2.0521096767917917,-0.7145923672128649,0.11321935049203574,0.0,0.0,NaClFWater/data/S0_NaClFWater_matrix_BC_s_loss_split0.csv,0,0.09327907992494715,0.053854701904428856,0.037628356930377554,0.021724742002916804,3
NaClFWater,NaCl/NaF/water,"BC S-loss, fixed kappa_D",0.01,298.15,F,NaF,neutral ion-pair NaF: mu_Na + mu_F,0.01,0.04,0.04,-2.065107778542719,kJ/mol,-0.833055092880715,-0.021403333885700704,-2.065107778542719,-0.7198357423886793,0.11321935049203574,0.0,0.0,NaClFWater/data/S0_NaClFWater_matrix_BC_s_loss_split0.csv,0,0.090412649832199,0.05219976771876747,0.03647205205759484,0.021057149073350427,3
NaClFWater,NaCl/NaF/water,"BC S-loss, fixed kappa_D",0.01,298.15,F,NaF,neutral ion-pair NaF: mu_Na + mu_F,0.0125,0.0,0.0,-0.8533072514786132,kJ/mol,-0.3442202673498859,-0.008843906453819272,-0.8533072514786132,-0.23100091685785018,0.11321935049203574,0.0,0.0,NaClFWater/data/S0_NaClFWater_matrix_BC_s_loss_split0.csv,0,0.0893803764574512,0.05160378440797954,0.03605563766943849,0.020816732114253927,3
NaClFWater,NaCl/NaF/water,"BC S-loss, fixed kappa_D",0.01,298.15,F,NaF,neutral ion-pair NaF: mu_Na + mu_F,0.0125,0.0025,0.0025,-0.9953907338431137,kJ/mol,-0.4015360984303827,-0.010316497978720918,-0.9953907338431137,-0.28831674793834694,0.11321935049203574,0.0,0.0,NaClFWater/data/S0_NaClFWater_matrix_BC_s_loss_split0.csv,0,0.0789575078330152,0.04558613840193331,0.031851099833577826,0.018389241062901802,3
NaClFWater,NaCl/NaF/water,"BC S-loss, fixed kappa_D",0.01,298.15,F,NaF,neutral ion-pair NaF: mu_Na + mu_F,0.0125,0.005,0.005,-1.1272288760458162,kJ/mol,-0.4547190058500602,-0.011682904035467345,-1.1272288760458162,-0.34149965535802446,0.11321935049203574,0.0,0.0,NaClFWater/data/S0_NaClFWater_matrix_BC_s_loss_split0.csv,0,0.06833139541490939,0.039451149536900695,0.02756457437500213,0.015914414435504943,3
NaClFWater,NaCl/NaF/water,"BC S-loss, fixed kappa_D",0.01,298.15,F,NaF,neutral ion-pair NaF: mu_Na + mu_F,0.0125,0.0075,0.0075,-1.2483451898825866,kJ/mol,-0.5035767764327946,-0.012938186171822963,-1.2483451898825866,-0.3903574259407589,0.11321935049203574,0.0,0.0,NaClFWater/data/S0_NaClFWater_matrix_BC_s_loss_split0.csv,0,0.05859779018007165,0.03383144993438158,0.023638082258114153,0.013647453154848724,3
NaClFWater,NaCl/NaF/water,"BC S-loss, fixed kappa_D",0.01,298.15,F,NaF,neutral ion-pair NaF: mu_Na + mu_F,0.0125,0.01,0.01,-1.358590271892147,kJ/mol,-0.5480491415012779,-0.014080795930027534,-1.358590271892147,-0.4348297910092422,0.11321935049203574,0.0,0.0,NaClFWater/data/S0_NaClFWater_matrix_BC_s_loss_split0.csv,0,0.051140141582306335,0.029525774508940138,0.020629700705424896,0.011910563255578478,3
NaClFWater,NaCl/NaF/water,"BC S-loss, fixed kappa_D",0.01,298.15,F,NaF,neutral ion-pair NaF: mu_Na + mu_F,0.0125,0.0125,0.0125,-1.4580799927867234,kJ/mol,-0.5881828427742419,-0.015111934225387813,-1.4580799927867234,-0.4749634922822062,0.11321935049203574,0.0,0.0,NaClFWater/data/S0_NaClFWater_matrix_BC_s_loss_split0.csv,0,0.047013690451367274,0.027143366837694635,0.01896510907206327,0.010949510827966342,3
NaClFWater,NaCl/NaF/water,"BC S-loss, fixed kappa_D",0.01,298.15,F,NaF,neutral ion-pair NaF: mu_Na + mu_F,0.0125,0.015,0.015,-1.5471286200605068,kJ/mol,-0.6241046543306392,-0.016034858210957736,-1.5471286200605068,-0.5108853038386034,0.11321935049203574,0.0,0.0,NaClFWater/data/S0_NaClFWater_matrix_BC_s_loss_split0.csv,0,0.046687720873667425,0.026955168214262,0.01883361442580387,0.010873592358551483,3
NaClFWater,NaCl/NaF/water,"BC S-loss, fixed kappa_D",0.01,298.15,F,NaF,neutral ion-pair NaF: mu_Na + mu_F,0.0125,0.0175,0.0175,-1.6261803356003444,kJ/mol,-0.6559937571250176,-0.01685417150758894,-1.6261803356003444,-0.5427744066329819,0.11321935049203574,0.0,0.0,NaClFWater/data/S0_NaClFWater_matrix_BC_s_loss_split0.csv,0,0.04997901416063915,0.028855397279477134,0.020161307180324745,0.011640136127775227,3
NaClFWater,NaCl/NaF/water,"BC S-loss, fixed kappa_D",0.01,298.15,F,NaF,neutral ion-pair NaF: mu_Na + mu_F,0.0125,0.02,0.02,-1.6957425373210842,kJ/mol,-0.6840548331703322,-0.017575132924093847,-1.6957425373210842,-0.5708354826782965,0.11321935049203574,0.0,0.0,NaClFWater/data/S0_NaClFWater_matrix_BC_s_loss_split0.csv,0,0.05617142080670841,0.032430584923516845,0.022659295879653853,0.01308235057576553,3
NaClFWater,NaCl/NaF/water,"BC S-loss, fixed kappa_D",0.01,298.15,F,NaF,neutral ion-pair NaF: mu_Na + mu_F,0.0125,0.0225,0.0225,-1.7563240948194934,kJ/mol,-0.7084931581493361,-0.018203016522193135,-1.7563240948194934,-0.5952738076573004,0.11321935049203574,0.0,0.0,NaClFWater/data/S0_NaClFWater_matrix_BC_s_loss_split0.csv,0,0.06422500912925436,0.03708032630948118,0.025908076809042436,0.014958035119886151,3
NaClFWater,NaCl/NaF/water,"BC S-loss, fixed kappa_D",0.01,298.15,F,NaF,neutral ion-pair NaF: mu_Na + mu_F,0.0125,0.025,0.025,-1.808381358542465,kJ/mol,-0.7294928217583989,-0.01874255204097608,-1.808381358542465,-0.6162734712663632,0.11321935049203574,0.0,0.0,NaClFWater/data/S0_NaClFWater_matrix_BC_s_loss_split0.csv,0,0.07295722255557699,0.042121872081789816,0.02943061202124946,0.016991771772883812,3
NaClFWater,NaCl/NaF/water,"BC S-loss, fixed kappa_D",0.01,298.15,F,NaF,neutral ion-pair NaF: mu_Na + mu_F,0.0125,0.0275,0.0275,-1.852274253211166,kJ/mol,-0.7471990159943438,-0.01919746983730874,-1.852274253211166,-0.6339796655023081,0.11321935049203574,0.0,0.0,NaClFWater/data/S0_NaClFWater_matrix_BC_s_loss_split0.csv,0,0.08119562542954605,0.046878316198768435,0.032753946300783356,0.018910499713779817,3
NaClFWater,NaCl/NaF/water,"BC S-loss, fixed kappa_D",0.01,298.15,F,NaF,neutral ion-pair NaF: mu_Na + mu_F,0.0125,0.03,0.03,-1.888234195624655,kJ/mol,-0.7617050933422262,-0.019570168377299524,-1.888234195624655,-0.6484857428501904,0.11321935049203574,0.0,0.0,NaClFWater/data/S0_NaClFWater_matrix_BC_s_loss_split0.csv,0,0.08793290059806838,0.05076808383091939,0.03547173248588836,0.02047961429935004,3
NaClFWater,NaCl/NaF/water,"BC S-loss, fixed kappa_D",0.01,298.15,F,NaF,neutral ion-pair NaF: mu_Na + mu_F,0.0125,0.0325,0.0325,-1.9163449483266584,kJ/mol,-0.7730448432315222,-0.01986151579853868,-1.9163449483266584,-0.6598254927394864,0.11321935049203574,0.0,0.0,NaClFWater/data/S0_NaClFWater_matrix_BC_s_loss_split0.csv,0,0.09248701003845075,0.053397400142243166,0.037308839537765245,0.02154026855028132,3
NaClFWater,NaCl/NaF/water,"BC S-loss, fixed kappa_D",0.01,298.15,F,NaF,neutral ion-pair NaF: mu_Na + mu_F,0.0125,0.034999999999999996,0.034999999999999996,-1.9365368420863707,kJ/mol,-0.7811901614111403,-0.02007079003033141,-1.9365368420863707,-0.6679708109191046,0.11321935049203574,0.0,0.0,NaClFWater/data/S0_NaClFWater_matrix_BC_s_loss_split0.csv,0,0.09465527153718052,0.0546492465022083,0.03818350637258232,0.022045257682814193,3
NaClFWater,NaCl/NaF/water,"BC S-loss, fixed kappa_D",0.01,298.15,F,NaF,neutral ion-pair NaF: mu_Na + mu_F,0.0125,0.0375,0.0375,-1.9485941213645057,kJ/mol,-0.7860540130770439,-0.020195754924088757,-1.9485941213645057,-0.6728346625850082,0.11321935049203574,0.0,0.0,NaClFWater/data/S0_NaClFWater_matrix_BC_s_loss_split0.csv,0,0.094843644275577,0.05475800355342949,0.03825949507918233,0.02208912978302508,3
NaClFWater,NaCl/NaF/water,"BC S-loss, fixed kappa_D",0.01,298.15,F,NaF,neutral ion-pair NaF: mu_Na + mu_F,0.0125,0.04,0.04,-1.952174534039975,kJ/mol,-0.7874983352789675,-0.020232863286537395,-1.952174534039975,-0.6742789847869317,0.11321935049203574,0.0,0.0,NaClFWater/data/S0_NaClFWater_matrix_BC_s_loss_split0.csv,0,0.09412806601708708,0.05434486425326409,0.03797083406168793,0.021922471266870136,3
NaClFWater,NaCl/NaF/water,"BC S-loss, fixed kappa_D",0.01,298.15,F,NaF,neutral ion-pair NaF: mu_Na + mu_F,0.015,0.0,0.0,-0.9048132549493172,kJ/mol,-0.36499755507841314,-0.00937772856269703,-0.9048132549493172,-0.2517782045863774,0.11321935049203574,0.0,0.0,NaClFWater/data/S0_NaClFWater_matrix_BC_s_loss_split0.csv,0,0.06366710845291668,0.03675822220381654,0.025683022211614767,0.014828099787478925,3
NaClFWater,NaCl/NaF/water,"BC S-loss, fixed kappa_D",0.01,298.15,F,NaF,neutral ion-pair NaF: mu_Na + mu_F,0.015,0.0025,0.0025,-1.0180911510554957,kJ/mol,-0.4106933435707001,-0.010551771224015738,-1.0180911510554957,-0.29747399307866434,0.11321935049203574,0.0,0.0,NaClFWater/data/S0_NaClFWater_matrix_BC_s_loss_split0.csv,0,0.06165470930027077,0.03559636301131945,0.024871229538883887,0.014359411069351584,3
NaClFWater,NaCl/NaF/water,"BC S-loss, fixed kappa_D",0.01,298.15,F,NaF,neutral ion-pair NaF: mu_Na + mu_F,0.015,0.005,0.005,-1.1276233852866258,kJ/mol,-0.4548781490849362,-0.011686992835620913,-1.1276233852866258,-0.34165879859290044,0.11321935049203574,0.0,0.0,NaClFWater/data/S0_NaClFWater_matrix_BC_s_loss_split0.csv,0,0.05941213616285323,0.03430161280675401,0.023966585726733085,0.01383711472088559,3
NaClFWater,NaCl/NaF/water,"BC S-loss, fixed kappa_D",0.01,298.15,F,NaF,neutral ion-pair NaF: mu_Na + mu_F,0.015,0.0075,0.0075,-1.2316263916764827,kJ/mol,-0.49683248921584944,-0.012764908038889189,-1.2316263916764827,-0.3836131387238137,0.11321935049203574,0.0,0.0,NaClFWater/data/S0_NaClFWater_matrix_BC_s_loss_split0.csv,0,0.05616313277096138,0.032425799823847246,0.022655952523698914,0.01308042028830495,3
NaClFWater,NaCl/NaF/water,"BC S-loss, fixed kappa_D",0.01,298.15,F,NaF,neutral ion-pair NaF: mu_Na + mu_F,0.015,0.01,0.01,-1.3287649639816557,kJ/mol,-0.5360177478327579,-0.01377167839626736,-1.3287649639816557,-0.4227983973407222,0.11321935049203574,0.0,0.0,NaClFWater/data/S0_NaClFWater_matrix_BC_s_loss_split0.csv,0,0.05297646061521032,0.03058597379690529,0.021370463458056606,0.012338242830216043,3
NaClFWater,NaCl/NaF/water,"BC S-loss, fixed kappa_D",0.01,298.15,F,NaF,neutral ion-pair NaF: mu_Na + mu_F,0.015,0.0125,0.0125,-1.41810712932944,kJ/mol,-0.5720579713142091,-0.014697644689590561,-1.41810712932944,-0.45883862082217336,0.11321935049203574,0.0,0.0,NaClFWater/data/S0_NaClFWater_matrix_BC_s_loss_split0.csv,0,0.051027311430899204,0.029460631990652526,0.02058418553510936,0.01188428505974459,3
NaClFWater,NaCl/NaF/water,"BC S-loss, fixed kappa_D",0.01,298.15,F,NaF,neutral ion-pair NaF: mu_Na + mu_F,0.015,0.015,0.015,-1.499066613211014,kJ/mol,-0.6047166591876973,-0.015536730611756868,-1.499066613211014,-0.49149730869566155,0.11321935049203574,0.0,0.0,NaClFWater/data/S0_NaClFWater_matrix_BC_s_loss_split0.csv,0,0.0510806590375984,0.029491432245740926,0.02060570571721103,0.011896709742673999,3
NaClFWater,NaCl/NaF/water,"BC S-loss, fixed kappa_D",0.01,298.15,F,NaF,neutral ion-pair NaF: mu_Na + mu_F,0.015,0.0175,0.0175,-1.5713365295632116,kJ/mol,-0.6338700150100003,-0.016285755512853935,-1.5713365295632116,-0.5206506645179646,0.11321935049203574,0.0,0.0,NaClFWater/data/S0_NaClFWater_matrix_BC_s_loss_split0.csv,0,0.05342355868409795,0.03084410598733172,0.0215508207871868,0.012442372182739683,3
NaClFWater,NaCl/NaF/water,"BC S-loss, fixed kappa_D",0.01,298.15,F,NaF,neutral ion-pair NaF: mu_Na + mu_F,0.015,0.02,0.02,-1.6348181424281458,kJ/mol,-0.6594782091444167,-0.01694369606678947,-1.6348181424281458,-0.5462588586523809,0.11321935049203574,0.0,0.0,NaClFWater/data/S0_NaClFWater_matrix_BC_s_loss_split0.csv,0,0.057923015116042496,0.0334418683695219,0.023365881063833135,0.01349029772205684,3
NaClFWater,NaCl/NaF/water,"BC S-loss, fixed kappa_D",0.01,298.15,F,NaF,neutral ion-pair NaF: mu_Na + mu_F,0.015,0.0225,0.0225,-1.6895485867866649,kJ/mol,-0.681556221673459,-0.017510937150518657,-1.6895485867866649,-0.5683368711814232,0.11321935049203574,0.0,0.0,NaClFWater/data/S0_NaClFWater_matrix_BC_s_loss_split0.csv,0,0.06409213854426997,0.03700361344147306,0.0258544774188966,0.014927089497557052,3
NaClFWater,NaCl/NaF/water,"BC S-loss, fixed kappa_D",0.01,298.15,F,NaF,neutral ion-pair NaF: mu_Na + mu_F,0.015,0.025,0.025,-1.7356312895046229,kJ/mol,-0.7001457745247843,-0.017988550707968894,-1.7356312895046229,-0.5869264240327486,0.11321935049203574,0.0,0.0,NaClFWater/data/S0_NaClFWater_matrix_BC_s_loss_split0.csv,0,0.07117846595498427,0.041094906479614786,0.028713069692216847,0.016577498516061884,3
NaClFWater,NaCl/NaF/water,"BC S-loss, fixed kappa_D",0.01,298.15,F,NaF,neutral ion-pair NaF: mu_Na + mu_F,0.015,0.0275,0.0275,-1.7731725236692575,kJ/mol,-0.715289737778821,-0.018377638182073493,-1.7731725236692575,-0.6020703872867853,0.11321935049203574,0.0,0.0,NaClFWater/data/S0_NaClFWater_matrix_BC_s_loss_split0.csv,0,0.0782998796788727,0.04520645661011246,0.031585815624820074,0.018236079153563758,3
NaClFWater,NaCl/NaF/water,"BC S-loss, fixed kappa_D",0.01,298.15,F,NaF,neutral ion-pair NaF: mu_Na + mu_F,0.015,0.03,0.03,-1.802227079042173,kJ/mol,-0.7270102133764056,-0.01867876742869612,-1.802227079042173,-0.6137908628843698,0.11321935049203574,0.0,0.0,NaClFWater/data/S0_NaClFWater_matrix_BC_s_loss_split0.csv,0,0.08461133753623322,0.04885037850303854,0.034131829041750036,0.01970602068518867,3
NaClFWater,NaCl/NaF/water,"BC S-loss, fixed kappa_D",0.01,298.15,F,NaF,neutral ion-pair NaF: mu_Na + mu_F,0.015,0.0325,0.0325,-1.822755443356173,kJ/mol,-0.7352912622485164,-0.01889152893204482,-1.822755443356173,-0.6220719117564807,0.11321935049203574,0.0,0.0,NaClFWater/data/S0_NaClFWater_matrix_BC_s_loss_split0.csv,0,0.08947565905503693,0.05165879584134475,0.03609407423628813,0.020838923476471292,3
NaClFWater,NaCl/NaF/water,"BC S-loss, fixed kappa_D",0.01,298.15,F,NaF,neutral ion-pair NaF: mu_Na + mu_F,0.015,0.034999999999999996,0.034999999999999996,-1.834594223994264,kJ/mol,-0.7400669725560041,-0.019014229246977266,-1.834594223994264,-0.6268476220639684,0.11321935049203574,0.0,0.0,NaClFWater/data/S0_NaClFWater_matrix_BC_s_loss_split0.csv,0,0.09262332649307674,0.053476102484016456,0.03736382897606457,0.02157201671728602,3
NaClFWater,NaCl/NaF/water,"BC S-loss, fixed kappa_D",0.01,298.15,F,NaF,neutral ion-pair NaF: mu_Na + mu_F,0.015,0.0375,0.0375,-1.8374408159348816,kJ/mol,-0.7412152748083727,-0.01904373209345067,-1.8374408159348816,-0.627995924316337,0.11321935049203574,0.0,0.0,NaClFWater/data/S0_NaClFWater_matrix_BC_s_loss_split0.csv,0,0.09428942136114778,0.05443802280459272,0.038035924074194725,0.021960051003112494,3
NaClFWater,NaCl/NaF/water,"BC S-loss, fixed kappa_D",0.01,298.15,F,NaF,neutral ion-pair NaF: mu_Na + mu_F,0.015,0.04,0.04,-1.830852559285674,kJ/mol,-0.7385576020167373,-0.01897544962497477,-1.830852559285674,-0.6253382515247016,0.11321935049203574,0.0,0.0,NaClFWater/data/S0_NaClFWater_matrix_BC_s_loss_split0.csv,0,0.09529743935653875,0.05502000226557969,0.03844255395254837,0.022194818872840517,3
NaClFWater,NaCl/NaF/water,"BC S-loss, fixed kappa_D",0.01,298.15,F,NaF,neutral ion-pair NaF: mu_Na + mu_F,0.0175,0.0,0.0,-0.9341736571497604,kJ/mol,-0.3768414078962865,-0.00968202768831361,-0.9341736571497604,-0.26362205740425076,0.11321935049203574,0.0,0.0,NaClFWater/data/S0_NaClFWater_matrix_BC_s_loss_split0.csv,0,0.03750086132013511,0.021651132378022832,0.015127677032041998,0.008733968406663167,3
NaClFWater,NaCl/NaF/water,"BC S-loss, fixed kappa_D",0.01,298.15,F,NaF,neutral ion-pair NaF: mu_Na + mu_F,0.0175,0.0025,0.0025,-1.0237396872931386,kJ/mol,-0.4129719374189157,-0.01061031417674485,-1.0237396872931386,-0.29975258692687995,0.11321935049203574,0.0,0.0,NaClFWater/data/S0_NaClFWater_matrix_BC_s_loss_split0.csv,0,0.04364163472492978,0.02519650955631353,0.01760483711649075,0.01016415744824545,3
NaClFWater,NaCl/NaF/water,"BC S-loss, fixed kappa_D",0.01,298.15,F,NaF,neutral ion-pair NaF: mu_Na + mu_F,0.0175,0.005,0.005,-1.115037575108843,kJ/mol,-0.4498010904560492,-0.01155655010509804,-1.115037575108843,-0.33658173996401347,0.11321935049203574,0.0,0.0,NaClFWater/data/S0_NaClFWater_matrix_BC_s_loss_split0.csv,0,0.05121026532403618,0.029566260470104445,0.02065798830415791,0.01192689510832171,3
NaClFWater,NaCl/NaF/water,"BC S-loss, fixed kappa_D",0.01,298.15,F,NaF,neutral ion-pair NaF: mu_Na + mu_F,0.0175,0.0075,0.0075,-1.2050562662189972,kJ/mol,-0.4861142213555359,-0.012489528093851732,-1.2050562662189972,-0.37289487086350015,0.11321935049203574,0.0,0.0,NaClFWater/data/S0_NaClFWater_matrix_BC_s_loss_split0.csv,0,0.055405606761763364,0.03198844197851863,0.022350369974202464,0.012903992121093522,3
NaClFWater,NaCl/NaF/water,"BC S-loss, fixed kappa_D",0.01,298.15,F,NaF,neutral ion-pair NaF: mu_Na + mu_F,0.0175,0.01,0.01,-1.2913701489009477,kJ/mol,-0.5209328493717685,-0.013384108449031373,-1.2913701489009477,-0.4077134988797328,0.11321935049203574,0.0,0.0,NaClFWater/data/S0_NaClFWater_matrix_BC_s_loss_split0.csv,0,0.05736166096700132,0.033117770400462265,0.023139433351211342,0.013359558074217273,3
NaClFWater,NaCl/NaF/water,"BC S-loss, fixed kappa_D",0.01,298.15,F,NaF,neutral ion-pair NaF: mu_Na + mu_F,0.0175,0.0125,0.0125,-1.372106548230854,kJ/mol,-0.5535015459509327,-0.01422088226274809,-1.372106548230854,-0.440282195458897,0.11321935049203574,0.0,0.0,NaClFWater/data/S0_NaClFWater_matrix_BC_s_loss_split0.csv,0,0.05857637051563985,0.033819083285355926,0.0236294416628251,0.01364246450483263,3
NaClFWater,NaCl/NaF/water,"BC S-loss, fixed kappa_D",0.01,298.15,F,NaF,neutral ion-pair NaF: mu_Na + mu_F,0.0175,0.015,0.015,-1.4458931753509985,kJ/mol,-0.583266736004259,-0.01498562676323445,-1.4458931753509985,-0.4700473855122233,0.11321935049203574,0.0,0.0,NaClFWater/data/S0_NaClFWater_matrix_BC_s_loss_split0.csv,0,0.059991653644798845,0.03463619738095541,0.024200360445304353,0.013972084617582441,3
NaClFWater,NaCl/NaF/water,"BC S-loss, fixed kappa_D",0.01,298.15,F,NaF,neutral ion-pair NaF: mu_Na + mu_F,0.0175,0.0175,0.0175,-1.5117894783911034,kJ/mol,-0.6098490051816616,-0.015668593817281362,-1.5117894783911034,-0.4966296546896259,0.11321935049203574,0.0,0.0,NaClFWater/data/S0_NaClFWater_matrix_BC_s_loss_split0.csv,0,0.062041827840055234,0.03581986600447231,0.025027391398553776,0.014449571161069147,3
NaClFWater,NaCl/NaF/water,"BC S-loss, fixed kappa_D",0.01,298.15,F,NaF,neutral ion-pair NaF: mu_Na + mu_F,0.0175,0.02,0.02,-1.5692063657768658,kJ/mol,-0.633010716619222,-0.016263677920960617,-1.5692063657768658,-0.5197913661271863,0.11321935049203574,0.0,0.0,NaClFWater/data/S0_NaClFWater_matrix_BC_s_loss_split0.csv,0,0.06488540928986461,0.03746160851998238,0.02617447923261175,0.015111842630846663,3
NaClFWater,NaCl/NaF/water,"BC S-loss, fixed kappa_D",0.01,298.15,F,NaF,neutral ion-pair NaF: mu_Na + mu_F,0.0175,0.0225,0.0225,-1.6178190528045455,kJ/mol,-0.6526208536434515,-0.016767512918022476,-1.6178190528045455,-0.5394015031514157,0.11321935049203574,0.0,0.0,NaClFWater/data/S0_NaClFWater_matrix_BC_s_loss_split0.csv,0,0.068535861596595,0.03956919814193706,0.02764705510348753,0.015962034706298943,3
NaClFWater,NaCl/NaF/water,"BC S-loss, fixed kappa_D",0.01,298.15,F,NaF,neutral ion-pair NaF: mu_Na + mu_F,0.0175,0.025,0.025,-1.6574778675109327,kJ/mol,-0.6686190392645828,-0.017178547567880287,-1.6574778675109327,-0.5553996887725471,0.11321935049203574,0.0,0.0,NaClFWater/data/S0_NaClFWater_matrix_BC_s_loss_split0.csv,0,0.07285658003267267,0.042063766094099085,0.029390013284884792,0.016968332081514912,3
NaClFWater,NaCl/NaF/water,"BC S-loss, fixed kappa_D",0.01,298.15,F,NaF,neutral ion-pair NaF: mu_Na + mu_F,0.0175,0.0275,0.0275,-1.6881216932217507,kJ/mol,-0.6809806192939603,-0.017496148440841353,-1.6881216932217507,-0.5677612688019246,0.11321935049203574,0.0,0.0,NaClFWater/data/S0_NaClFWater_matrix_BC_s_loss_split0.csv,0,0.07753166557274216,0.04476292798914273,0.03127592154559365,0.01805716172350211,3
NaClFWater,NaCl/NaF/water,"BC S-loss, fixed kappa_D",0.01,298.15,F,NaF,neutral ion-pair NaF: mu_Na + mu_F,0.0175,0.03,0.03,-1.7096983856236296,kJ/mol,-0.6896845589525431,-0.017719775099180882,-1.7096983856236296,-0.5764652084605073,0.11321935049203574,0.0,0.0,NaClFWater/data/S0_NaClFWater_matrix_BC_s_loss_split0.csv,0,0.08211344894473771,0.04740822185233291,0.03312419213571775,0.01912426124624553,3
NaClFWater,NaCl/NaF/water,"BC S-loss, fixed kappa_D",0.01,298.15,F,NaF,neutral ion-pair NaF: mu_Na + mu_F,0.0175,0.0325,0.0325,-1.722095950074544,kJ/mol,-0.6946856801107033,-0.017848266800228885,-1.722095950074544,-0.5814663296186676,0.11321935049203574,0.0,0.0,NaClFWater/data/S0_NaClFWater_matrix_BC_s_loss_split0.csv,0,0.08615986343079036,0.04974442034510821,0.03475649735026264,0.02006667310126265,3
NaClFWater,NaCl/NaF/water,"BC S-loss, fixed kappa_D",0.01,298.15,F,NaF,neutral ion-pair NaF: mu_Na + mu_F,0.0175,0.034999999999999996,0.034999999999999996,-1.7250875824187866,kJ/mol,-0.6958924910027511,-0.017879272884556485,-1.7250875824187866,-0.5826731405107153,0.11321935049203574,0.0,0.0,NaClFWater/data/S0_NaClFWater_matrix_BC_s_loss_split0.csv,0,0.08941770519137225,0.05162533616255737,0.03607069591105998,0.020825425994107614,3
NaClFWater,NaCl/NaF/water,"BC S-loss, fixed kappa_D",0.01,298.15,F,NaF,neutral ion-pair NaF: mu_Na + mu_F,0.0175,0.0375,0.0375,-1.7182928672275632,kJ/mol,-0.6931515337735275,-0.017808850624078332,-1.7182928672275632,-0.5799321832814917,0.11321935049203574,0.0,0.0,NaClFWater/data/S0_NaClFWater_matrix_BC_s_loss_split0.csv,0,0.09200313459184853,0.05311803452289312,0.03711364638160161,0.021427573729026272,3
NaClFWater,NaCl/NaF/water,"BC S-loss, fixed kappa_D",0.01,298.15,F,NaF,neutral ion-pair NaF: mu_Na + mu_F,0.0175,0.04,0.04,-1.7011565371331632,kJ/mol,-0.6862388160903377,-0.017631245078064243,-1.7011565371331632,-0.5730194655983019,0.11321935049203574,0.0,0.0,NaClFWater/data/S0_NaClFWater_matrix_BC_s_loss_split0.csv,0,0.0945337884203915,0.054579108192028165,0.03813450063535558,0.0220169642072345,3
NaClFWater,NaCl/NaF/water,"BC S-loss, fixed kappa_D",0.01,298.15,F,NaF,neutral ion-pair NaF: mu_Na + mu_F,0.02,0.0,0.0,-0.9465419867938836,kJ/mol,-0.3818307358662461,-0.009810216391940685,-0.9465419867938836,-0.26861138537421037,0.11321935049203574,0.0,0.0,NaClFWater/data/S0_NaClFWater_matrix_BC_s_loss_split0.csv,0,0.019809482784707403,0.011437010218258077,0.007991055330186483,0.00461363794599236,3
NaClFWater,NaCl/NaF/water,"BC S-loss, fixed kappa_D",0.01,298.15,F,NaF,neutral ion-pair NaF: mu_Na + mu_F,0.02,0.0025,0.0025,-1.016277876394891,kJ/mol,-0.40996187681312757,-0.010532977956472678,-1.016277876394891,-0.2967425263210918,0.11321935049203574,0.0,0.0,NaClFWater/data/S0_NaClFWater_matrix_BC_s_loss_split0.csv,0,0.027381503456983185,0.01580871839170591,0.011045574057963817,0.006377165155719357,3
NaClFWater,NaCl/NaF/water,"BC S-loss, fixed kappa_D",0.01,298.15,F,NaF,neutral ion-pair NaF: mu_Na + mu_F,0.02,0.005,0.005,-1.0923321701752853,kJ/mol,-0.4406418332916765,-0.011321225165715987,-1.0923321701752853,-0.32742248279964076,0.11321935049203574,0.0,0.0,NaClFWater/data/S0_NaClFWater_matrix_BC_s_loss_split0.csv,0,0.04529768798417205,0.026152632351329412,0.01827288147525395,0.010549853038607993,3
NaClFWater,NaCl/NaF/water,"BC S-loss, fixed kappa_D",0.01,298.15,F,NaF,neutral ion-pair NaF: mu_Na + mu_F,0.02,0.0075,0.0075,-1.1705497254588257,kJ/mol,-0.4721944396295468,-0.012131893000514538,-1.1705497254588257,-0.3589750891375111,0.11321935049203574,0.0,0.0,NaClFWater/data/S0_NaClFWater_matrix_BC_s_loss_split0.csv,0,0.05684200455024651,0.03281774662836276,0.02292980631429649,0.013238529848025059,3
NaClFWater,NaCl/NaF/water,"BC S-loss, fixed kappa_D",0.01,298.15,F,NaF,neutral ion-pair NaF: mu_Na + mu_F,0.02,0.01,0.01,-1.2475112164357565,kJ/mol,-0.5032403553343765,-0.012929542646133997,-1.2475112164357565,-0.3900210048423407,0.11321935049203574,0.0,0.0,NaClFWater/data/S0_NaClFWater_matrix_BC_s_loss_split0.csv,0,0.06398476638378853,0.03694162209571562,0.025811163977316427,0.014902082470401212,3
NaClFWater,NaCl/NaF/water,"BC S-loss, fixed kappa_D",0.01,298.15,F,NaF,neutral ion-pair NaF: mu_Na + mu_F,0.02,0.0125,0.0125,-1.3205093347568266,kJ/mol,-0.5326874645215731,-0.013686114828800553,-1.3205093347568266,-0.41946811402953743,0.11321935049203574,0.0,0.0,NaClFWater/data/S0_NaClFWater_matrix_BC_s_loss_split0.csv,0,0.06857690328804476,0.03959289357354358,0.027663611135302375,0.015971593335723955,3
NaClFWater,NaCl/NaF/water,"BC S-loss, fixed kappa_D",0.01,298.15,F,NaF,neutral ion-pair NaF: mu_Na + mu_F,0.02,0.015,0.015,-1.3874970602335448,kJ/mol,-0.5597100085498827,-0.014380393679289227,-1.3874970602335448,-0.44649065805784693,0.11321935049203574,0.0,0.0,NaClFWater/data/S0_NaClFWater_matrix_BC_s_loss_split0.csv,0,0.07164532148296397,0.04136444564436653,0.028901397090556065,0.016686229390188812,3
NaClFWater,NaCl/NaF/water,"BC S-loss, fixed kappa_D",0.01,298.15,F,NaF,neutral ion-pair NaF: mu_Na + mu_F,0.02,0.0175,0.0175,-1.4470124182178674,kJ/mol,-0.5837182334902999,-0.014997226898117331,-1.4470124182178674,-0.47049888299826426,0.11321935049203574,0.0,0.0,NaClFWater/data/S0_NaClFWater_matrix_BC_s_loss_split0.csv,0,0.073676544431999,0.04253717276077605,0.02972078319720463,0.017159302179432602,3
NaClFWater,NaCl/NaF/water,"BC S-loss, fixed kappa_D",0.01,298.15,F,NaF,neutral ion-pair NaF: mu_Na + mu_F,0.02,0.02,0.02,-1.4980849472047115,kJ/mol,-0.6043206595819841,-0.015526556360555333,-1.4980849472047115,-0.4911013090899483,0.11321935049203574,0.0,0.0,NaClFWater/data/S0_NaClFWater_matrix_BC_s_loss_split0.csv,0,0.07498080507039055,0.043290187991444844,0.030246916011455474,0.017463065101369822,3
NaClFWater,NaCl/NaF/water,"BC S-loss, fixed kappa_D",0.01,298.15,F,NaF,neutral ion-pair NaF: mu_Na + mu_F,0.02,0.0225,0.0225,-1.5401296494076575,kJ/mol,-0.6212813013764447,-0.015962318991796565,-1.5401296494076575,-0.5080619508844089,0.11321935049203574,0.0,0.0,NaClFWater/data/S0_NaClFWater_matrix_BC_s_loss_split0.csv,0,0.07590840171012075,0.04382573616109247,0.030621104280414296,0.017679102799180797,3
NaClFWater,NaCl/NaF/water,"BC S-loss, fixed kappa_D",0.01,298.15,F,NaF,neutral ion-pair NaF: mu_Na + mu_F,0.02,0.025,0.025,-1.572834483352061,kJ/mol,-0.6344742827608978,-0.01630128070985393,-1.572834483352061,-0.521254932268862,0.11321935049203574,0.0,0.0,NaClFWater/data/S0_NaClFWater_matrix_BC_s_loss_split0.csv,0,0.07686809974954895,0.044379818082497094,0.031008242108124855,0.017902616928222974,3
NaClFWater,NaCl/NaF/water,"BC S-loss, fixed kappa_D",0.01,298.15,F,NaF,neutral ion-pair NaF: mu_Na + mu_F,0.02,0.0275,0.0275,-1.5960474573213599,kJ/mol,-0.6438382909676161,-0.016541866231591484,-1.5960474573213599,-0.5306189404755804,0.11321935049203574,0.0,0.0,NaClFWater/data/S0_NaClFWater_matrix_BC_s_loss_split0.csv,0,0.07820943465169496,0.04515423814932453,0.031549330511888456,0.018215014463791274,3
NaClFWater,NaCl/NaF/water,"BC S-loss, fixed kappa_D",0.01,298.15,F,NaF,neutral ion-pair NaF: mu_Na + mu_F,0.02,0.03,0.03,-1.6096691127619092,kJ/mol,-0.6493332048680536,-0.01668304474173965,-1.6096691127619092,-0.5361138543760179,0.11321935049203574,0.0,0.0,NaClFWater/data/S0_NaClFWater_matrix_BC_s_loss_split0.csv,0,0.08009243908173817,0.04624139126389524,0.03230892594156204,0.018653567089588527,3
NaClFWater,NaCl/NaF/water,"BC S-loss, fixed kappa_D",0.01,298.15,F,NaF,neutral ion-pair NaF: mu_Na + mu_F,0.02,0.0325,0.0325,-1.6135556799430213,kJ/mol,-0.6509010284062193,-0.016723326172041194,-1.6135556799430213,-0.5376816779141836,0.11321935049203574,0.0,0.0,NaClFWater/data/S0_NaClFWater_matrix_BC_s_loss_split0.csv,0,0.0824687037074918,0.047613328285239884,0.03326750029254006,0.01920700024916396,3
NaClFWater,NaCl/NaF/water,"BC S-loss, fixed kappa_D",0.01,298.15,F,NaF,neutral ion-pair NaF: mu_Na + mu_F,0.02,0.034999999999999996,0.034999999999999996,-1.6074374342069724,kJ/mol,-0.6484329558809645,-0.016659915023410576,-1.6074374342069724,-0.5352136053889288,0.11321935049203574,0.0,0.0,NaClFWater/data/S0_NaClFWater_matrix_BC_s_loss_split0.csv,0,0.0852198544331508,0.049201705897280346,0.03437730199253179,0.01984774455940129,3
NaClFWater,NaCl/NaF/water,"BC S-loss, fixed kappa_D",0.01,298.15,F,NaF,neutral ion-pair NaF: mu_Na + mu_F,0.02,0.0375,0.0375,-1.5908558905066477,kJ/mol,-0.6417440365078908,-0.016488059433186212,-1.5908558905066477,-0.528524686015855,0.11321935049203574,0.0,0.0,NaClFWater/data/S0_NaClFWater_matrix_BC_s_loss_split0.csv,0,0.08839621048173184,0.0510355759169707,0.03565862958742375,0.02058751939123226,3
NaClFWater,NaCl/NaF/water,"BC S-loss, fixed kappa_D",0.01,298.15,F,NaF,neutral ion-pair NaF: mu_Na + mu_F,0.02,0.04,0.04,-1.5631223980560387,kJ/mol,-0.6305564716895296,-0.01620062203892303,-1.5631223980560387,-0.5173371211974938,0.11321935049203574,0.0,0.0,NaClFWater/data/S0_NaClFWater_matrix_BC_s_loss_split0.csv,0,0.09244372302369189,0.053372408372619716,0.037291377752731496,0.02153018698399155,3
NaClFWater,NaCl/NaF/water,"BC S-loss, fixed kappa_D",0.01,298.15,F,NaF,neutral ion-pair NaF: mu_Na + mu_F,0.0225,0.0,0.0,-0.9459500632470749,kJ/mol,-0.381591956597489,-0.009804081536685771,-0.9459500632470749,-0.26837260610545327,0.11321935049203574,0.0,0.0,NaClFWater/data/S0_NaClFWater_matrix_BC_s_loss_split0.csv,0,0.025769921854473393,0.014878271319675835,0.010395469363422878,0.006001827035324706,3
NaClFWater,NaCl/NaF/water,"BC S-loss, fixed kappa_D",0.01,298.15,F,NaF,neutral ion-pair NaF: mu_Na + mu_F,0.0225,0.0025,0.0025,-0.9986885205147512,kJ/mol,-0.40286641058676825,-0.01035067712905402,-0.9986885205147512,-0.2896470600947325,0.11321935049203574,0.0,0.0,NaClFWater/data/S0_NaClFWater_matrix_BC_s_loss_split0.csv,0,0.01564435416970199,0.009032272091175289,0.0063108613755242455,0.0036435775139773354,3
NaClFWater,NaCl/NaF/water,"BC S-loss, fixed kappa_D",0.01,298.15,F,NaF,neutral ion-pair NaF: mu_Na + mu_F,0.0225,0.005,0.005,-1.0615729157663325,kJ/mol,-0.4282336898500428,-0.011002427958601402,-1.0615729157663325,-0.31501433935800704,0.11321935049203574,0.0,0.0,NaClFWater/data/S0_NaClFWater_matrix_BC_s_loss_split0.csv,0,0.04275982899074064,0.024687398778306474,0.01724912069072817,0.009958784474076252,3
NaClFWater,NaCl/NaF/water,"BC S-loss, fixed kappa_D",0.01,298.15,F,NaF,neutral ion-pair NaF: mu_Na + mu_F,0.0225,0.0075,0.0075,-1.1293872683984063,kJ/mol,-0.4555896915161753,-0.011705274195833226,-1.1293872683984063,-0.34237034102413955,0.11321935049203574,0.0,0.0,NaClFWater/data/S0_NaClFWater_matrix_BC_s_loss_split0.csv,0,0.060554126066721656,0.034960940985164286,0.02442725926412455,0.01410308471170709,3
NaClFWater,NaCl/NaF/water,"BC S-loss, fixed kappa_D",0.01,298.15,F,NaF,neutral ion-pair NaF: mu_Na + mu_F,0.0225,0.01,0.01,-1.1978127391471831,kJ/mol,-0.4831922154533295,-0.012414454226018279,-1.1978127391471831,-0.3699728649612938,0.11321935049203574,0.0,0.0,NaClFWater/data/S0_NaClFWater_matrix_BC_s_loss_split0.csv,0,0.07225602228348398,0.041717033915941074,0.029147751018126142,0.016828461896587318,3
NaClFWater,NaCl/NaF/water,"BC S-loss, fixed kappa_D",0.01,298.15,F,NaF,neutral ion-pair NaF: mu_Na + mu_F,0.0225,0.0125,0.0125,-1.2634088688698364,kJ/mol,-0.5096533960786245,-0.01309431020285956,-1.2634088688698364,-0.39643404558658873,0.11321935049203574,0.0,0.0,NaClFWater/data/S0_NaClFWater_matrix_BC_s_loss_split0.csv,0,0.07984139726166271,0.04609645220149682,0.032207656812215456,0.01859509933049968,3
NaClFWater,NaCl/NaF/water,"BC S-loss, fixed kappa_D",0.01,298.15,F,NaF,neutral ion-pair NaF: mu_Na + mu_F,0.0225,0.015,0.015,-1.323558814066704,kJ/mol,-0.5339176106166696,-0.013717720454678783,-1.323558814066704,-0.42069826012463385,0.11321935049203574,0.0,0.0,NaClFWater/data/S0_NaClFWater_matrix_BC_s_loss_split0.csv,0,0.0843307758145733,0.048688396117513875,0.034018651718258894,0.0196406777270049,3
NaClFWater,NaCl/NaF/water,"BC S-loss, fixed kappa_D",0.01,298.15,F,NaF,neutral ion-pair NaF: mu_Na + mu_F,0.0225,0.0175,0.0175,-1.376383584580634,kJ/mol,-0.5552268829772329,-0.0142652106208061,-1.376383584580634,-0.4420075324851972,0.11321935049203574,0.0,0.0,NaClFWater/data/S0_NaClFWater_matrix_BC_s_loss_split0.csv,0,0.08624601758428889,0.04979416146882239,0.03479125154425221,0.020086738444517995,3
NaClFWater,NaCl/NaF/water,"BC S-loss, fixed kappa_D",0.01,298.15,F,NaF,neutral ion-pair NaF: mu_Na + mu_F,0.0225,0.02,0.02,-1.4206314019291513,kJ/mol,-0.5730762514092521,-0.014723806931499439,-1.4206314019291513,-0.45985690091721637,0.11321935049203574,0.0,0.0,NaClFWater/data/S0_NaClFWater_matrix_BC_s_loss_split0.csv,0,0.08601770032555255,0.049662342438030325,0.034699149399676874,0.020033563246554486,3
NaClFWater,NaCl/NaF/water,"BC S-loss, fixed kappa_D",0.01,298.15,F,NaF,neutral ion-pair NaF: mu_Na + mu_F,0.0225,0.0225,0.0225,-1.455549104468582,kJ/mol,-0.5871618939284495,-0.015085703416389153,-1.455549104468582,-0.47394254343641373,0.11321935049203574,0.0,0.0,NaClFWater/data/S0_NaClFWater_matrix_BC_s_loss_split0.csv,0,0.08423491213752082,0.048633049197762124,0.0339799807465931,0.019618351031103827,3
NaClFWater,NaCl/NaF/water,"BC S-loss, fixed kappa_D",0.01,298.15,F,NaF,neutral ion-pair NaF: mu_Na + mu_F,0.0225,0.025,0.025,-1.480743003710975,kJ/mol,-0.5973249983879222,-0.015346819781825616,-1.480743003710975,-0.48410564789588645,0.11321935049203574,0.0,0.0,NaClFWater/data/S0_NaClFWater_matrix_BC_s_loss_split0.csv,0,0.08171156034481826,0.04717619136098517,0.03296207210091267,0.019030661200509783,3
NaClFWater,NaCl/NaF/water,"BC S-loss, fixed kappa_D",0.01,298.15,F,NaF,neutral ion-pair NaF: mu_Na + mu_F,0.0225,0.0275,0.0275,-1.496036742190297,kJ/mol,-0.6034944229873372,-0.015505328211474989,-1.496036742190297,-0.4902750724953015,0.11321935049203574,0.0,0.0,NaClFWater/data/S0_NaClFWater_matrix_BC_s_loss_split0.csv,0,0.07938349272889607,0.04583208089624085,0.032022940204666964,0.01848845314740776,3
NaClFWater,NaCl/NaF/water,"BC S-loss, fixed kappa_D",0.01,298.15,F,NaF,neutral ion-pair NaF: mu_Na + mu_F,0.0225,0.03,0.03,-1.5013335057535864,kJ/mol,-0.6056311133373669,-0.015560225297349461,-1.5013335057535864,-0.4924117628453311,0.11321935049203574,0.0,0.0,NaClFWater/data/S0_NaClFWater_matrix_BC_s_loss_split0.csv,0,0.07808354466566698,0.045081555532003006,0.03149854706363795,0.01818569462627347,3
NaClFWater,NaCl/NaF/water,"BC S-loss, fixed kappa_D",0.01,298.15,F,NaF,neutral ion-pair NaF: mu_Na + mu_F,0.0225,0.0325,0.0325,-1.4964894261784973,kJ/mol,-0.6036770336509327,-0.015510019950397691,-1.4964894261784973,-0.490457683158897,0.11321935049203574,0.0,0.0,NaClFWater/data/S0_NaClFWater_matrix_BC_s_loss_split0.csv,0,0.07831913921500204,0.045217576108481206,0.03159358483416875,0.018240564708672607,3
NaClFWater,NaCl/NaF/water,"BC S-loss, fixed kappa_D",0.01,298.15,F,NaF,neutral ion-pair NaF: mu_Na + mu_F,0.0225,0.034999999999999996,0.034999999999999996,-1.4812042122131668,kJ/mol,-0.5975110478017217,-0.015351599871110011,-1.4812042122131668,-0.48429169730968596,0.11321935049203574,0.0,0.0,NaClFWater/data/S0_NaClFWater_matrix_BC_s_loss_split0.csv,0,0.0802423494711761,0.04632794206759155,0.0323693991113862,0.018688481290465256,3
NaClFWater,NaCl/NaF/water,"BC S-loss, fixed kappa_D",0.01,298.15,F,NaF,neutral ion-pair NaF: mu_Na + mu_F,0.0225,0.0375,0.0375,-1.4549339933756211,kJ/mol,-0.5869137609089516,-0.015079328239153257,-1.4549339933756211,-0.47369441041691585,0.11321935049203574,0.0,0.0,NaClFWater/data/S0_NaClFWater_matrix_BC_s_loss_split0.csv,0,0.08389767705747818,0.04843834643351932,0.03384394164788525,0.019539808820844537,3
NaClFWater,NaCl/NaF/water,"BC S-loss, fixed kappa_D",0.01,298.15,F,NaF,neutral ion-pair NaF: mu_Na + mu_F,0.0225,0.04,0.04,-1.4168301341466665,kJ/mol,-0.5715428372608453,-0.014684409567166769,-1.4168301341466665,-0.4583234867688095,0.11321935049203574,0.0,0.0,NaClFWater/data/S0_NaClFWater_matrix_BC_s_loss_split0.csv,0,0.08959220575220056,0.05172608410832533,0.03614108864427178,0.020866067257576438,3
NaClFWater,NaCl/NaF/water,"BC S-loss, fixed kappa_D",0.01,298.15,F,NaF,neutral ion-pair NaF: mu_Na + mu_F,0.025,0.0,0.0,-0.9354007408971481,kJ/mol,-0.37733640790344053,-0.00969474551516214,-0.9354007408971481,-0.2641170574114048,0.11321935049203574,0.0,0.0,NaClFWater/data/S0_NaClFWater_matrix_BC_s_loss_split0.csv,0,0.0392001601731078,0.022632223028220235,0.015813166466784326,0.009129735916338295,3
NaClFWater,NaCl/NaF/water,"BC S-loss, fixed kappa_D",0.01,298.15,F,NaF,neutral ion-pair NaF: mu_Na + mu_F,0.025,0.0025,0.0025,-0.9730981103166375,kJ/mol,-0.39254335540972135,-0.010085451217150876,-0.9730981103166375,-0.2793240049176856,0.11321935049203574,0.0,0.0,NaClFWater/data/S0_NaClFWater_matrix_BC_s_loss_split0.csv,0,0.012927085357272322,0.0074634562108584455,0.005214727485351264,0.003010724317418093,3
NaClFWater,NaCl/NaF/water,"BC S-loss, fixed kappa_D",0.01,298.15,F,NaF,neutral ion-pair NaF: mu_Na + mu_F,0.025,0.005,0.005,-1.024139391549408,kJ/mol,-0.41313317629941915,-0.01061445681943951,-1.024139391549408,-0.2999138258073834,0.11321935049203574,0.0,0.0,NaClFWater/data/S0_NaClFWater_matrix_BC_s_loss_split0.csv,0,0.04388404755204469,0.02533646666730334,0.017702625349291956,0.010220615510776803,3
NaClFWater,NaCl/NaF/water,"BC S-loss, fixed kappa_D",0.01,298.15,F,NaF,neutral ion-pair NaF: mu_Na + mu_F,0.025,0.0075,0.0075,-1.0823270842369188,kJ/mol,-0.4366058270927424,-0.011217529757118427,-1.0823270842369188,-0.3233864766007067,0.11321935049203574,0.0,0.0,NaClFWater/data/S0_NaClFWater_matrix_BC_s_loss_split0.csv,0,0.06622507667797028,0.038235065847129754,0.026714894968789534,0.015423851801603217,3
NaClFWater,NaCl/NaF/water,"BC S-loss, fixed kappa_D",0.01,298.15,F,NaF,neutral ion-pair NaF: mu_Na + mu_F,0.025,0.01,0.01,-1.1425309838097368,kJ/mol,-0.4608918065808477,-0.011841499206639128,-1.1425309838097368,-0.347672456088812,0.11321935049203574,0.0,0.0,NaClFWater/data/S0_NaClFWater_matrix_BC_s_loss_split0.csv,0,0.08143932573393432,0.0470190166351086,0.03285225389606562,0.01896725763037942,3
NaClFWater,NaCl/NaF/water,"BC S-loss, fixed kappa_D",0.01,298.15,F,NaF,neutral ion-pair NaF: mu_Na + mu_F,0.025,0.0125,0.0125,-1.200671140521851,kJ/mol,-0.4843452815777256,-0.01244407946865067,-1.200671140521851,-0.37112593108568986,0.11321935049203574,0.0,0.0,NaClFWater/data/S0_NaClFWater_matrix_BC_s_loss_split0.csv,0,0.0912825628101381,0.05270201221075215,0.036822970999533355,0.021259752218942368,3
NaClFWater,NaCl/NaF/water,"BC S-loss, fixed kappa_D",0.01,298.15,F,NaF,neutral ion-pair NaF: mu_Na + mu_F,0.025,0.015,0.015,-1.2536565828631923,kJ/mol,-0.5057193682232854,-0.012993234880923408,-1.2536565828631923,-0.39250001773124976,0.11321935049203574,0.0,0.0,NaClFWater/data/S0_NaClFWater_matrix_BC_s_loss_split0.csv,0,0.09669272681316125,0.0558255718542576,0.03900540657159766,0.022519781983962706,3
NaClFWater,NaCl/NaF/water,"BC S-loss, fixed kappa_D",0.01,298.15,F,NaF,neutral ion-pair NaF: mu_Na + mu_F,0.025,0.0175,0.0175,-1.2992855264883159,kJ/mol,-0.5241258767186918,-0.013466145556776608,-1.2992855264883159,-0.41090652622665613,0.11321935049203574,0.0,0.0,NaClFWater/data/S0_NaClFWater_matrix_BC_s_loss_split0.csv,0,0.09821096364101116,0.056702126295510344,0.03961785640825072,0.022873380062019492,3
NaClFWater,NaCl/NaF/water,"BC S-loss, fixed kappa_D",0.01,298.15,F,NaF,neutral ion-pair NaF: mu_Na + mu_F,0.025,0.02,0.02,-1.336114196280732,kJ/mol,-0.5389823947432593,-0.013847847821580215,-1.336114196280732,-0.4257630442512236,0.11321935049203574,0.0,0.0,NaClFWater/data/S0_NaClFWater_matrix_BC_s_loss_split0.csv,0,0.0963753104570766,0.05564231143562694,0.0388773622560673,0.02244585556392305,3
NaClFWater,NaCl/NaF/water,"BC S-loss, fixed kappa_D",0.01,298.15,F,NaF,neutral ion-pair NaF: mu_Na + mu_F,0.025,0.0225,0.0225,-1.3633024579916895,kJ/mol,-0.5499500159590729,-0.01412963429743286,-1.3633024579916895,-0.4367306654670371,0.11321935049203574,0.0,0.0,NaClFWater/data/S0_NaClFWater_matrix_BC_s_loss_split0.csv,0,0.09196886917614702,0.05309825137591396,0.037099823868628465,0.021419593297440347,3
NaClFWater,NaCl/NaF/water,"BC S-loss, fixed kappa_D",0.01,298.15,F,NaF,neutral ion-pair NaF: mu_Na + mu_F,0.025,0.025,0.025,-1.3804451194906142,kJ/mol,-0.5568652877020746,-0.014307305463830746,-1.3804451194906142,-0.44364593721003875,0.11321935049203574,0.0,0.0,NaClFWater/data/S0_NaClFWater_matrix_BC_s_loss_split0.csv,0,0.08611205201344868,0.049716816410435655,0.034737210441788346,0.02005553779946318,3
NaClFWater,NaCl/NaF/water,"BC S-loss, fixed kappa_D",0.01,298.15,F,NaF,neutral ion-pair NaF: mu_Na + mu_F,0.025,0.0275,0.0275,-1.3873980473988081,kJ/mol,-0.5596700672223187,-0.014379367483570606,-1.3873980473988081,-0.4464507167302829,0.11321935049203574,0.0,0.0,NaClFWater/data/S0_NaClFWater_matrix_BC_s_loss_split0.csv,0,0.0802028833922901,0.046305156316322864,0.032353478674519084,0.01867928962195441,3
NaClFWater,NaCl/NaF/water,"BC S-loss, fixed kappa_D",0.01,298.15,F,NaF,neutral ion-pair NaF: mu_Na + mu_F,0.025,0.03,0.03,-1.3841080924621945,kJ/mol,-0.55834291435225,-0.014345269503451163,-1.3841080924621945,-0.44512356386021423,0.11321935049203574,0.0,0.0,NaClFWater/data/S0_NaClFWater_matrix_BC_s_loss_split0.csv,0,0.07568847538343432,0.04369876163717817,0.030532386999694926,0.017627881853275698,3
NaClFWater,NaCl/NaF/water,"BC S-loss, fixed kappa_D",0.01,298.15,F,NaF,neutral ion-pair NaF: mu_Na + mu_F,0.025,0.0325,0.0325,-1.3704552958324974,kJ/mol,-0.552835438237633,-0.014203768237621262,-1.3704552958324974,-0.43961608774559735,0.11321935049203574,0.0,0.0,NaClFWater/data/S0_NaClFWater_matrix_BC_s_loss_split0.csv,0,0.07369445740563507,0.04254751482092682,0.02972800920936305,0.01716347411949743,3
NaClFWater,NaCl/NaF/water,"BC S-loss, fixed kappa_D",0.01,298.15,F,NaF,neutral ion-pair NaF: mu_Na + mu_F,0.025,0.034999999999999996,0.034999999999999996,-1.3461149538951396,kJ/mol,-0.5430166549159786,-0.013951498370261106,-1.3461149538951396,-0.42979730442394287,0.11321935049203574,0.0,0.0,NaClFWater/data/S0_NaClFWater_matrix_BC_s_loss_split0.csv,0,0.07474658091561845,0.043154958612636456,0.030152431051863524,0.01740851418451504,3
NaClFWater,NaCl/NaF/water,"BC S-loss, fixed kappa_D",0.01,298.15,F,NaF,neutral ion-pair NaF: mu_Na + mu_F,0.025,0.0375,0.0375,-1.3104459224203495,kJ/mol,-0.5286279297187084,-0.013581814909684908,-1.3104459224203495,-0.4154085792266727,0.11321935049203574,0.0,0.0,NaClFWater/data/S0_NaClFWater_matrix_BC_s_loss_split0.csv,0,0.07893673957092522,0.04557414784022506,0.031842722011033095,0.01838440412480038,3
NaClFWater,NaCl/NaF/water,"BC S-loss, fixed kappa_D",0.01,298.15,F,NaF,neutral ion-pair NaF: mu_Na + mu_F,0.025,0.04,0.04,-1.2624100957650708,kJ/mol,-0.5092504955471353,-0.013083958649076521,-1.2624100957650708,-0.39603114505509956,0.11321935049203574,0.0,0.0,NaClFWater/data/S0_NaClFWater_matrix_BC_s_loss_split0.csv,0,0.08647266304919521,0.04992501528899666,0.03488267929479397,0.020139524280904684,3
NaClFWater,NaCl/NaF/water,"BC S-loss, fixed kappa_D",0.01,298.15,F,NaF,neutral ion-pair NaF: mu_Na + mu_F,0.0275,0.0,0.0,-0.9169828449444479,kJ/mol,-0.3699067123771513,-0.00950385747501059,-0.9169828449444479,-0.25668736188511554,0.11321935049203574,0.0,0.0,NaClFWater/data/S0_NaClFWater_matrix_BC_s_loss_split0.csv,0,0.048187518103108375,0.027821076548409585,0.019438625812258404,0.011222895845383798,3
NaClFWater,NaCl/NaF/water,"BC S-loss, fixed kappa_D",0.01,298.15,F,NaF,neutral ion-pair NaF: mu_Na + mu_F,0.0275,0.0025,0.0025,-0.9408930690779379,kJ/mol,-0.3795519881314168,-0.009751669485467573,-0.9408930690779379,-0.26633263763938103,0.11321935049203574,0.0,0.0,NaClFWater/data/S0_NaClFWater_matrix_BC_s_loss_split0.csv,0,0.017025953781745637,0.00982993899910097,0.006868192380275542,0.003965352719598221,3
NaClFWater,NaCl/NaF/water,"BC S-loss, fixed kappa_D",0.01,298.15,F,NaF,neutral ion-pair NaF: mu_Na + mu_F,0.0275,0.005,0.005,-0.9808397699519169,kJ/mol,-0.3956663057242418,-0.01016568786519656,-0.9808397699519169,-0.28244695523220603,0.11321935049203574,0.0,0.0,NaClFWater/data/S0_NaClFWater_matrix_BC_s_loss_split0.csv,0,0.047984215263800575,0.027703699599408212,0.019356614370801332,0.011175546517581928,3
NaClFWater,NaCl/NaF/water,"BC S-loss, fixed kappa_D",0.01,298.15,F,NaF,neutral ion-pair NaF: mu_Na + mu_F,0.0275,0.0075,0.0075,-1.0297158338559114,kJ/mol,-0.4153826877834475,-0.010672252571225727,-1.0297158338559114,-0.30216333729141176,0.11321935049203574,0.0,0.0,NaClFWater/data/S0_NaClFWater_matrix_BC_s_loss_split0.csv,0,0.07320087210432137,0.04226254321434531,0.029528899141935665,0.017048517868469868,3
NaClFWater,NaCl/NaF/water,"BC S-loss, fixed kappa_D",0.01,298.15,F,NaF,neutral ion-pair NaF: mu_Na + mu_F,0.0275,0.01,0.01,-1.0816585675526955,kJ/mol,-0.4363361505004336,-0.011210601069933546,-1.0816585675526955,-0.3231168000083979,0.11321935049203574,0.0,0.0,NaClFWater/data/S0_NaClFWater_matrix_BC_s_loss_split0.csv,0,0.09070754989825214,0.05237002835128728,0.03659101340405288,0.021125831438751137,3
NaClFWater,NaCl/NaF/water,"BC S-loss, fixed kappa_D",0.01,298.15,F,NaF,neutral ion-pair NaF: mu_Na + mu_F,0.0275,0.0125,0.0125,-1.1320314852739273,kJ/mol,-0.45665635658698733,-0.0117326795725603,-1.1320314852739273,-0.3434370060949516,0.11321935049203574,0.0,0.0,NaClFWater/data/S0_NaClFWater_matrix_BC_s_loss_split0.csv,0,0.10191984929526272,0.05884345242638603,0.04111400402596334,0.02373718129185329,3
NaClFWater,NaCl/NaF/water,"BC S-loss, fixed kappa_D",0.01,298.15,F,NaF,neutral ion-pair NaF: mu_Na + mu_F,0.0275,0.015,0.015,-1.1773535129505395,kJ/mol,-0.4749390565835587,-0.012202409288761373,-1.1773535129505395,-0.361719706091523,0.11321935049203574,0.0,0.0,NaClFWater/data/S0_NaClFWater_matrix_BC_s_loss_split0.csv,0,0.1076642056189513,0.06215995809618876,0.043431251261430735,0.02507504460702931,3
NaClFWater,NaCl/NaF/water,"BC S-loss, fixed kappa_D",0.01,298.15,F,NaF,neutral ion-pair NaF: mu_Na + mu_F,0.0275,0.0175,0.0175,-1.215182136200988,kJ/mol,-0.490198951288759,-0.012594475340847566,-1.215182136200988,-0.37697960079672327,0.11321935049203574,0.0,0.0,NaClFWater/data/S0_NaClFWater_matrix_BC_s_loss_split0.csv,0,0.10847622010508479,0.0626287748783438,0.043758814214897385,0.025264163166389828,3
NaClFWater,NaCl/NaF/water,"BC S-loss, fixed kappa_D",0.01,298.15,F,NaF,neutral ion-pair NaF: mu_Na + mu_F,0.0275,0.02,0.02,-1.2439587456213588,kJ/mol,-0.501807304752226,-0.012892723880668198,-1.2439587456213588,-0.3885879542601903,0.11321935049203574,0.0,0.0,NaClFWater/data/S0_NaClFWater_matrix_BC_s_loss_split0.csv,0,0.10497542605622856,0.060607590491859216,0.04234660980511877,0.02444882657025337,3
NaClFWater,NaCl/NaF/water,"BC S-loss, fixed kappa_D",0.01,298.15,F,NaF,neutral ion-pair NaF: mu_Na + mu_F,0.0275,0.0225,0.0225,-1.262825725126654,kJ/mol,-0.50941815854275,-0.013088266343856956,-1.262825725126654,-0.3961988080507143,0.11321935049203574,0.0,0.0,NaClFWater/data/S0_NaClFWater_matrix_BC_s_loss_split0.csv,0,0.09810458547458582,0.05664070883248878,0.03957494393935552,0.02284860453655126,3
NaClFWater,NaCl/NaF/water,"BC S-loss, fixed kappa_D",0.01,298.15,F,NaF,neutral ion-pair NaF: mu_Na + mu_F,0.0275,0.025,0.025,-1.2714257163511573,kJ/mol,-0.5128873559196334,-0.013177398971947696,-1.2714257163511573,-0.3996680054275977,0.11321935049203574,0.0,0.0,NaClFWater/data/S0_NaClFWater_matrix_BC_s_loss_split0.csv,0,0.08922780937112378,0.05151569975961893,0.03599409280016261,0.020781199167410253,3
NaClFWater,NaCl/NaF/water,"BC S-loss, fixed kappa_D",0.01,298.15,F,NaF,neutral ion-pair NaF: mu_Na + mu_F,0.0275,0.0275,0.0275,-1.2696938649888134,kJ/mol,-0.5121887349505472,-0.013159449597424102,-1.2696938649888134,-0.3989693844585114,0.11321935049203574,0.0,0.0,NaClFWater/data/S0_NaClFWater_matrix_BC_s_loss_split0.csv,0,0.08010188614111904,0.04624684552617184,0.03231273684238365,0.01865576731420374,3
NaClFWater,NaCl/NaF/water,"BC S-loss, fixed kappa_D",0.01,298.15,F,NaF,neutral ion-pair NaF: mu_Na + mu_F,0.0275,0.03,0.03,-1.2576537723571435,kJ/mol,-0.507331816299722,-0.0130346628307052,-1.2576537723571435,-0.39411246580768633,0.11321935049203574,0.0,0.0,NaClFWater/data/S0_NaClFWater_matrix_BC_s_loss_split0.csv,0,0.07268253987378381,0.041963283961514795,0.02931980627572304,0.016927798045876376,3
NaClFWater,NaCl/NaF/water,"BC S-loss, fixed kappa_D",0.01,298.15,F,NaF,neutral ion-pair NaF: mu_Na + mu_F,0.0275,0.0325,0.0325,-1.2352273058202767,kJ/mol,-0.49828508161692525,-0.012802228884083888,-1.2352273058202767,-0.3850657311248895,0.11321935049203574,0.0,0.0,NaClFWater/data/S0_NaClFWater_matrix_BC_s_loss_split0.csv,0,0.06868285201041044,0.039654063096921696,0.02770635036841554,0.0159962688434668,3
NaClFWater,NaCl/NaF/water,"BC S-loss, fixed kappa_D",0.01,298.15,F,NaF,neutral ion-pair NaF: mu_Na + mu_F,0.0275,0.034999999999999996,0.034999999999999996,-1.2020674346840121,kJ/mol,-0.48490854029721414,-0.012458551037866528,-1.2020674346840121,-0.3716891898051784,0.11321935049203574,0.0,0.0,NaClFWater/data/S0_NaClFWater_matrix_BC_s_loss_split0.csv,0,0.06903814713967495,0.039859192835444326,0.027849674808904733,0.016079017247764688,3
NaClFWater,NaCl/NaF/water,"BC S-loss, fixed kappa_D",0.01,298.15,F,NaF,neutral ion-pair NaF: mu_Na + mu_F,0.0275,0.0375,0.0375,-1.1574218891648063,kJ/mol,-0.4668987301286342,-0.011995832565162345,-1.1574218891648063,-0.35367937963659846,0.11321935049203574,0.0,0.0,NaClFWater/data/S0_NaClFWater_matrix_BC_s_loss_split0.csv,0,0.07391711314237902,0.04267606517047255,0.029817827521695654,0.017215330746300817,3
NaClFWater,NaCl/NaF/water,"BC S-loss, fixed kappa_D",0.01,298.15,F,NaF,neutral ion-pair NaF: mu_Na + mu_F,0.0275,0.04,0.04,-1.100033753292232,kJ/mol,-0.44374861692083123,-0.011401046449918795,-1.100033753292232,-0.3305292664287955,0.11321935049203574,0.0,0.0,NaClFWater/data/S0_NaClFWater_matrix_BC_s_loss_split0.csv,0,0.08348556055938358,0.048200410862406916,0.03367769572543751,0.019443826692767657,3
NaClFWater,NaCl/NaF/water,"BC S-loss, fixed kappa_D",0.01,298.15,F,NaF,neutral ion-pair NaF: mu_Na + mu_F,0.03,0.0,0.0,-0.8920009658966241,kJ/mol,-0.3598291359006317,-0.00924493854404318,-0.8920009658966241,-0.24660978540859593,0.11321935049203574,0.0,0.0,NaClFWater/data/S0_NaClFWater_matrix_BC_s_loss_split0.csv,0,0.05069553814899846,0.029269082597037203,0.02045034970095055,0.011807014904865784,3
NaClFWater,NaCl/NaF/water,"BC S-loss, fixed kappa_D",0.01,298.15,F,NaF,neutral ion-pair NaF: mu_Na + mu_F,0.03,0.0025,0.0025,-0.9028430306430841,kJ/mol,-0.36420277554705954,-0.009357308626704253,-0.9028430306430841,-0.2509834250550238,0.11321935049203574,0.0,0.0,NaClFWater/data/S0_NaClFWater_matrix_BC_s_loss_split0.csv,0,0.021284517157407246,0.012288621710400283,0.008586077492767663,0.0049571741517323974,3
NaClFWater,NaCl/NaF/water,"BC S-loss, fixed kappa_D",0.01,298.15,F,NaF,neutral ion-pair NaF: mu_Na + mu_F,0.03,0.005,0.005,-0.9320253438263334,kJ/mol,-0.3759747880647311,-0.009659761989723847,-0.9320253438263334,-0.26275543757269537,0.11321935049203574,0.0,0.0,NaClFWater/data/S0_NaClFWater_matrix_BC_s_loss_split0.csv,0,0.05385233311786564,0.03109165902208913,0.02172378644518228,0.012542233951943933,3
NaClFWater,NaCl/NaF/water,"BC S-loss, fixed kappa_D",0.01,298.15,F,NaF,neutral ion-pair NaF: mu_Na + mu_F,0.03,0.0075,0.0075,-0.9715926098553129,kJ/mol,-0.3919360433654436,-0.010069847804402343,-0.9715926098553129,-0.27871669287340783,0.11321935049203574,0.0,0.0,NaClFWater/data/S0_NaClFWater_matrix_BC_s_loss_split0.csv,0,0.08062635164518835,0.04654964582612692,0.032524303843266024,0.01877791557911482,3
NaClFWater,NaCl/NaF/water,"BC S-loss, fixed kappa_D",0.01,298.15,F,NaF,neutral ion-pair NaF: mu_Na + mu_F,0.03,0.01,0.01,-1.0150164588653146,kJ/mol,-0.4094530267142702,-0.010519904285047232,-1.0150164588653146,-0.29623367622223445,0.11321935049203574,0.0,0.0,NaClFWater/data/S0_NaClFWater_matrix_BC_s_loss_split0.csv,0,0.0992070176714314,0.057277198358100884,0.04001966007750595,0.023105361518625384,3
NaClFWater,NaCl/NaF/water,"BC S-loss, fixed kappa_D",0.01,298.15,F,NaF,neutral ion-pair NaF: mu_Na + mu_F,0.03,0.0125,0.0125,-1.0571736803355036,kJ/mol,-0.42645905826978725,-0.010956833096315677,-1.0571736803355036,-0.3132397077777515,0.11321935049203574,0.0,0.0,NaClFWater/data/S0_NaClFWater_matrix_BC_s_loss_split0.csv,0,0.11088486394138812,0.06401940604561546,0.0447304501922623,0.02582513745947579,3
NaClFWater,NaCl/NaF/water,"BC S-loss, fixed kappa_D",0.01,298.15,F,NaF,neutral ion-pair NaF: mu_Na + mu_F,0.03,0.015,0.015,-1.0942634281305874,kJ/mol,-0.4414208939741491,-0.011341241243940203,-1.0942634281305874,-0.32820154348211333,0.11321935049203574,0.0,0.0,NaClFWater/data/S0_NaClFWater_matrix_BC_s_loss_split0.csv,0,0.11640553909573334,0.06720676933208515,0.0469574654605466,0.027110905324109133,3
NaClFWater,NaCl/NaF/water,"BC S-loss, fixed kappa_D",0.01,298.15,F,NaF,neutral ion-pair NaF: mu_Na + mu_F,0.03,0.0175,0.0175,-1.1236708236479882,kJ/mol,-0.4532837036825197,-0.011646027420965765,-1.1236708236479882,-0.34006435319048395,0.11321935049203574,0.0,0.0,NaClFWater/data/S0_NaClFWater_matrix_BC_s_loss_split0.csv,0,0.11627257278296131,0.06713000119561308,0.046903827454246275,0.027079937406732847,3
NaClFWater,NaCl/NaF/water,"BC S-loss, fixed kappa_D",0.01,298.15,F,NaF,neutral ion-pair NaF: mu_Na + mu_F,0.03,0.02,0.02,-1.1437863943901614,kJ/mol,-0.4613982335037161,-0.011854510620423753,-1.1437863943901614,-0.3481788830116804,0.11321935049203574,0.0,0.0,NaClFWater/data/S0_NaClFWater_matrix_BC_s_loss_split0.csv,0,0.11114407331928082,0.06416906064971829,0.04483501407731449,0.02588550744665818,3
NaClFWater,NaCl/NaF/water,"BC S-loss, fixed kappa_D",0.01,298.15,F,NaF,neutral ion-pair NaF: mu_Na + mu_F,0.03,0.0225,0.0225,-1.1537923588666696,kJ/mol,-0.46543459410094407,-0.011958215134427519,-1.1537923588666696,-0.3522152436089083,0.11321935049203574,0.0,0.0,NaClFWater/data/S0_NaClFWater_matrix_BC_s_loss_split0.csv,0,0.10207764397094732,0.05893455522486922,0.04117765768102888,0.023773931746740286,3
NaClFWater,NaCl/NaF/water,"BC S-loss, fixed kappa_D",0.01,298.15,F,NaF,neutral ion-pair NaF: mu_Na + mu_F,0.03,0.025,0.025,-1.153427809238685,kJ/mol,-0.46528753643772863,-0.011954436843780059,-1.153427809238685,-0.3520681859456929,0.11321935049203574,0.0,0.0,NaClFWater/data/S0_NaClFWater_matrix_BC_s_loss_split0.csv,0,0.09062795028703925,0.052324071494326135,0.03655890328263396,0.021107292651506213,3
NaClFWater,NaCl/NaF/water,"BC S-loss, fixed kappa_D",0.01,298.15,F,NaF,neutral ion-pair NaF: mu_Na + mu_F,0.03,0.0275,0.0275,-1.1427453499025382,kJ/mol,-0.4609782808884866,-0.011843720954630044,-1.1427453499025382,-0.34775893039645084,0.11321935049203574,0.0,0.0,NaClFWater/data/S0_NaClFWater_matrix_BC_s_loss_split0.csv,0,0.07883076408842905,0.0455129628668784,0.031799971983004924,0.01835972238461045,3
NaClFWater,NaCl/NaF/water,"BC S-loss, fixed kappa_D",0.01,298.15,F,NaF,neutral ion-pair NaF: mu_Na + mu_F,0.03,0.03,0.03,-1.1218716910634936,kJ/mol,-0.4525579417741807,-0.01162738072571301,-1.1218716910634936,-0.33933859128214494,0.11321935049203574,0.0,0.0,NaClFWater/data/S0_NaClFWater_matrix_BC_s_loss_split0.csv,0,0.06904312224858045,0.03986206521591016,0.027851681745227577,0.016080175952990928,3
NaClFWater,NaCl/NaF/water,"BC S-loss, fixed kappa_D",0.01,298.15,F,NaF,neutral ion-pair NaF: mu_Na + mu_F,0.03,0.0325,0.0325,-1.090784088859538,kJ/mol,-0.4400173443242354,-0.011305180433510031,-1.090784088859538,-0.32679799383219965,0.11321935049203574,0.0,0.0,NaClFWater/data/S0_NaClFWater_matrix_BC_s_loss_split0.csv,0,0.0634778115606277,0.03664893159209675,0.025606660705534395,0.014784012451387695,3
NaClFWater,NaCl/NaF/water,"BC S-loss, fixed kappa_D",0.01,298.15,F,NaF,neutral ion-pair NaF: mu_Na + mu_F,0.03,0.034999999999999996,0.034999999999999996,-1.0491134180949362,kJ/mol,-0.42320758511219875,-0.010873294364955655,-1.0491134180949362,-0.309988234620163,0.11321935049203574,0.0,0.0,NaClFWater/data/S0_NaClFWater_matrix_BC_s_loss_split0.csv,0,0.06344331176890018,0.03662901312805587,0.025592743646337474,0.014775977433514026,3
NaClFWater,NaCl/NaF/water,"BC S-loss, fixed kappa_D",0.01,298.15,F,NaF,neutral ion-pair NaF: mu_Na + mu_F,0.03,0.0375,0.0375,-0.995983104691126,kJ/mol,-0.4017750581384125,-0.010322637469926121,-0.995983104691126,-0.2885557076463768,0.11321935049203574,0.0,0.0,NaClFWater/data/S0_NaClFWater_matrix_BC_s_loss_split0.csv,0,0.06918892895248761,0.039946246755660615,0.027910499506958023,0.016114134403559133,3
NaClFWater,NaCl/NaF/water,"BC S-loss, fixed kappa_D",0.01,298.15,F,NaF,neutral ion-pair NaF: mu_Na + mu_F,0.03,0.04,0.04,-0.9298912256311285,kJ/mol,-0.3751138944833901,-0.00963764341327078,-0.9298912256311285,-0.26189454399135437,0.11321935049203574,0.0,0.0,NaClFWater/data/S0_NaClFWater_matrix_BC_s_loss_split0.csv,0,0.08093088896736188,0.046725470531062095,0.032647152815046085,0.018848842466041706,3
NaClFWater,NaCl/NaF/water,"BC S-loss, fixed kappa_D",0.01,298.15,F,NaF,neutral ion-pair NaF: mu_Na + mu_F,0.0325,0.0,0.0,-0.8611130590584769,kJ/mol,-0.34736909465372817,-0.008924807948460511,-0.8611130590584769,-0.23414974416169243,0.11321935049203574,0.0,0.0,NaClFWater/data/S0_NaClFWater_matrix_BC_s_loss_split0.csv,0,0.046866879480743806,0.027058605484285188,0.01890588619370341,0.010915318483203094,3
NaClFWater,NaCl/NaF/water,"BC S-loss, fixed kappa_D",0.01,298.15,F,NaF,neutral ion-pair NaF: mu_Na + mu_F,0.0325,0.0025,0.0025,-0.8592249720409932,kJ/mol,-0.3466074489313792,-0.008905239305477153,-0.8592249720409932,-0.2333880984393434,0.11321935049203574,0.0,0.0,NaClFWater/data/S0_NaClFWater_matrix_BC_s_loss_split0.csv,0,0.02427689301234182,0.014016270715763295,0.009793188313649668,0.005654099909110333,3
NaClFWater,NaCl/NaF/water,"BC S-loss, fixed kappa_D",0.01,298.15,F,NaF,neutral ion-pair NaF: mu_Na + mu_F,0.0325,0.005,0.005,-0.8776995560753567,kJ/mol,-0.35406001217218963,-0.009096714876193346,-0.8776995560753567,-0.2408406616801539,0.11321935049203574,0.0,0.0,NaClFWater/data/S0_NaClFWater_matrix_BC_s_loss_split0.csv,0,0.060310962527764425,0.03482055045049023,0.024329168197577845,0.014046451808031251,3
NaClFWater,NaCl/NaF/water,"BC S-loss, fixed kappa_D",0.01,298.15,F,NaF,neutral ion-pair NaF: mu_Na + mu_F,0.0325,0.0075,0.0075,-0.9077817289252461,kJ/mol,-0.36619502398992754,-0.009408494627450636,-0.9077817289252461,-0.2529756734978918,0.11321935049203574,0.0,0.0,NaClFWater/data/S0_NaClFWater_matrix_BC_s_loss_split0.csv,0,0.0876032765163637,0.0505777752786158,0.03533876362932149,0.020402844694217322,3
NaClFWater,NaCl/NaF/water,"BC S-loss, fixed kappa_D",0.01,298.15,F,NaF,neutral ion-pair NaF: mu_Na + mu_F,0.0325,0.01,0.01,-0.9423299145125807,kJ/mol,-0.38013160504993726,-0.00976656133900633,-0.9423299145125807,-0.2669122545579015,0.11321935049203574,0.0,0.0,NaClFWater/data/S0_NaClFWater_matrix_BC_s_loss_split0.csv,0,0.10613976687473935,0.061279822976854886,0.042816299599902165,0.02472000209970718,3
NaClFWater,NaCl/NaF/water,"BC S-loss, fixed kappa_D",0.01,298.15,F,NaF,neutral ion-pair NaF: mu_Na + mu_F,0.0325,0.0125,0.0125,-0.9757889092606421,kJ/mol,-0.39362881147526524,-0.010113339382996855,-0.9757889092606421,-0.2804094609832295,0.11321935049203574,0.0,0.0,NaClFWater/data/S0_NaClFWater_matrix_BC_s_loss_split0.csv,0,0.11745486901345818,0.06781260024255233,0.047380760380625594,0.027355294760163344,3
NaClFWater,NaCl/NaF/water,"BC S-loss, fixed kappa_D",0.01,298.15,F,NaF,neutral ion-pair NaF: mu_Na + mu_F,0.0325,0.015,0.015,-1.004093199477224,kJ/mol,-0.40504663351840153,-0.010406692679225671,-1.004093199477224,-0.2918272830263658,0.11321935049203574,0.0,0.0,NaClFWater/data/S0_NaClFWater_matrix_BC_s_loss_split0.csv,0,0.12229116579761648,0.07060483749276704,0.04933170052456753,0.028481670577441068,3
NaClFWater,NaCl/NaF/water,"BC S-loss, fixed kappa_D",0.01,298.15,F,NaF,neutral ion-pair NaF: mu_Na + mu_F,0.0325,0.0175,0.0175,-1.024509104689562,kJ/mol,-0.4132823168999778,-0.010618288626119465,-1.024509104689562,-0.30006296640794206,0.11321935049203574,0.0,0.0,NaClFWater/data/S0_NaClFWater_matrix_BC_s_loss_split0.csv,0,0.12109839859376821,0.06991619302654468,0.0488505436551241,0.028203874529345464,3
NaClFWater,NaCl/NaF/water,"BC S-loss, fixed kappa_D",0.01,298.15,F,NaF,neutral ion-pair NaF: mu_Na + mu_F,0.0325,0.02,0.02,-1.0354264552910866,kJ/mol,-0.4176863265181985,-0.010731438991683717,-1.0354264552910866,-0.30446697602616274,0.11321935049203574,0.0,0.0,NaClFWater/data/S0_NaClFWater_matrix_BC_s_loss_split0.csv,0,0.11451695645576386,0.06611639563651192,0.046195619806339204,0.02667105353057155,3
NaClFWater,NaCl/NaF/water,"BC S-loss, fixed kappa_D",0.01,298.15,F,NaF,neutral ion-pair NaF: mu_Na + mu_F,0.0325,0.0225,0.0225,-1.0361123171912625,kJ/mol,-0.4179630000917965,-0.010738547449363978,-1.0361123171912625,-0.30474364959976075,0.11321935049203574,0.0,0.0,NaClFWater/data/S0_NaClFWater_matrix_BC_s_loss_split0.csv,0,0.10365806845424506,0.059847013725735046,0.04181519373527475,0.024142013359277233,3
NaClFWater,NaCl/NaF/water,"BC S-loss, fixed kappa_D",0.01,298.15,F,NaF,neutral ion-pair NaF: mu_Na + mu_F,0.0325,0.025,0.025,-1.0264405103549303,kJ/mol,-0.4140614371680198,-0.010638306235250639,-1.0264405103549303,-0.30084208667598406,0.11321935049203574,0.0,0.0,NaClFWater/data/S0_NaClFWater_matrix_BC_s_loss_split0.csv,0,0.09020715473617556,0.05208112506976119,0.03638915626974152,0.021009289167918627,3
NaClFWater,NaCl/NaF/water,"BC S-loss, fixed kappa_D",0.01,298.15,F,NaF,neutral ion-pair NaF: mu_Na + mu_F,0.0325,0.0275,0.0275,-1.0066112772762505,kJ/mol,-0.406062414659001,-0.010432790716549789,-1.0066112772762505,-0.29284306416696526,0.11321935049203574,0.0,0.0,NaClFWater/data/S0_NaClFWater_matrix_BC_s_loss_split0.csv,0,0.0764087581452803,0.04411461708362259,0.03082294579246331,0.017795636050495937,3
NaClFWater,NaCl/NaF/water,"BC S-loss, fixed kappa_D",0.01,298.15,F,NaF,neutral ion-pair NaF: mu_Na + mu_F,0.0325,0.03,0.03,-0.9768754273989206,kJ/mol,-0.39406710795451194,-0.010124600349968205,-0.9768754273989206,-0.2808477574624762,0.11321935049203574,0.0,0.0,NaClFWater/data/S0_NaClFWater_matrix_BC_s_loss_split0.csv,0,0.0649235072168973,0.037483604368410264,0.026189847763238832,0.01512071565614126,3
NaClFWater,NaCl/NaF/water,"BC S-loss, fixed kappa_D",0.01,298.15,F,NaF,neutral ion-pair NaF: mu_Na + mu_F,0.0325,0.0325,0.0325,-0.9372766192487703,kJ/mol,-0.37809312870546385,-0.009714187624240367,-0.9372766192487703,-0.2648737782134281,0.11321935049203574,0.0,0.0,NaClFWater/data/S0_NaClFWater_matrix_BC_s_loss_split0.csv,0,0.058348378694099534,0.033687452145816595,0.023537470798135746,0.01358936510134663,3
NaClFWater,NaCl/NaF/water,"BC S-loss, fixed kappa_D",0.01,298.15,F,NaF,neutral ion-pair NaF: mu_Na + mu_F,0.0325,0.034999999999999996,0.034999999999999996,-0.8874242189888172,kJ/mol,-0.3579828969972728,-0.009197503904943005,-0.8874242189888172,-0.2447635465052371,0.11321935049203574,0.0,0.0,NaClFWater/data/S0_NaClFWater_matrix_BC_s_loss_split0.csv,0,0.05827313002563874,0.03364400730682459,0.023507115827249906,0.013571839650734446,3
NaClFWater,NaCl/NaF/water,"BC S-loss, fixed kappa_D",0.01,298.15,F,NaF,neutral ion-pair NaF: mu_Na + mu_F,0.0325,0.0375,0.0375,-0.8263074103174937,kJ/mol,-0.3333286541275905,-0.008564072819353896,-0.8263074103174937,-0.22010930363555475,0.11321935049203574,0.0,0.0,NaClFWater/data/S0_NaClFWater_matrix_BC_s_loss_split0.csv,0,0.0650273083115982,0.03754353395837801,0.02623172065311202,0.015144890980381291,3
NaClFWater,NaCl/NaF/water,"BC S-loss, fixed kappa_D",0.01,298.15,F,NaF,neutral ion-pair NaF: mu_Na + mu_F,0.0325,0.04,0.04,-0.7521590490827169,kJ/mol,-0.30341754217633987,-0.00779557920895968,-0.7521590490827169,-0.1901981916843041,0.11321935049203574,0.0,0.0,NaClFWater/data/S0_NaClFWater_matrix_BC_s_loss_split0.csv,0,0.07901615634446697,0.04561999913580757,0.031874758376566434,0.01840290032906491,3
NaClFWater,NaCl/NaF/water,"BC S-loss, fixed kappa_D",0.01,298.15,F,NaF,neutral ion-pair NaF: mu_Na + mu_F,0.034999999999999996,0.0,0.0,-0.8244693803832692,kJ/mol,-0.3325872012051414,-0.008545022981479633,-0.8244693803832692,-0.21936785071310563,0.11321935049203574,0.0,0.0,NaClFWater/data/S0_NaClFWater_matrix_BC_s_loss_split0.csv,0,0.03881979207420236,0.022412617403926034,0.015659727704287335,0.009041148005506533,3
NaClFWater,NaCl/NaF/water,"BC S-loss, fixed kappa_D",0.01,298.15,F,NaF,neutral ion-pair NaF: mu_Na + mu_F,0.034999999999999996,0.0025,0.0025,-0.8099428726681646,kJ/mol,-0.3267272740092938,-0.008394466338359052,-0.8099428726681646,-0.21350792351725803,0.11321935049203574,0.0,0.0,NaClFWater/data/S0_NaClFWater_matrix_BC_s_loss_split0.csv,0,0.026857197835146996,0.015506010399801153,0.010834071552847671,0.00625505412745627,3
NaClFWater,NaCl/NaF/water,"BC S-loss, fixed kappa_D",0.01,298.15,F,NaF,neutral ion-pair NaF: mu_Na + mu_F,0.034999999999999996,0.005,0.005,-0.8176173489038367,kJ/mol,-0.3298231228457309,-0.008474006679534794,-0.8176173489038367,-0.21660377235369518,0.11321935049203574,0.0,0.0,NaClFWater/data/S0_NaClFWater_matrix_BC_s_loss_split0.csv,0,0.06642475756967042,0.03835035166370485,0.02679544533304179,0.01547035757608758,3
NaClFWater,NaCl/NaF/water,"BC S-loss, fixed kappa_D",0.01,298.15,F,NaF,neutral ion-pair NaF: mu_Na + mu_F,0.034999999999999996,0.0075,0.0075,-0.837971319612307,kJ/mol,-0.3380338221299113,-0.008684960720529489,-0.837971319612307,-0.22481447163787557,0.11321935049203574,0.0,0.0,NaClFWater/data/S0_NaClFWater_matrix_BC_s_loss_split0.csv,0,0.0933184652927145,0.053877441057111466,0.03764424480874616,0.02173391487376977,3
NaClFWater,NaCl/NaF/water,"BC S-loss, fixed kappa_D",0.01,298.15,F,NaF,neutral ion-pair NaF: mu_Na + mu_F,0.034999999999999996,0.01,0.01,-0.8632864267009472,kJ/mol,-0.34824582128372505,-0.00894733331676889,-0.8632864267009472,-0.23502647079168934,0.11321935049203574,0.0,0.0,NaClFWater/data/S0_NaClFWater_matrix_BC_s_loss_split0.csv,0,0.11084366297772848,0.0639956186581557,0.044713829910761796,0.025815541735477465,3
NaClFWater,NaCl/NaF/water,"BC S-loss, fixed kappa_D",0.01,298.15,F,NaF,neutral ion-pair NaF: mu_Na + mu_F,0.034999999999999996,0.0125,0.0125,-0.887613745351319,kJ/mol,-0.3580593510705942,-0.009199468207270911,-0.887613745351319,-0.24484000057855848,0.11321935049203574,0.0,0.0,NaClFWater/data/S0_NaClFWater_matrix_BC_s_loss_split0.csv,0,0.1210955619740987,0.0699145553034149,0.04884939937564057,0.02820321387927762,3
NaClFWater,NaCl/NaF/water,"BC S-loss, fixed kappa_D",0.01,298.15,F,NaF,neutral ion-pair NaF: mu_Na + mu_F,0.034999999999999996,0.015,0.015,-0.9066619424675636,kJ/mol,-0.3657433072218228,-0.00939688885864598,-0.9066619424675636,-0.25252395672978706,0.11321935049203574,0.0,0.0,NaClFWater/data/S0_NaClFWater_matrix_BC_s_loss_split0.csv,0,0.12491749117463435,0.07212114715616785,0.05039114824619226,0.02909334300471344,3
NaClFWater,NaCl/NaF/water,"BC S-loss, fixed kappa_D",0.01,298.15,F,NaF,neutral ion-pair NaF: mu_Na + mu_F,0.034999999999999996,0.0175,0.0175,-0.9176166707963928,kJ/mol,-0.37016239484537317,-0.009510426617055145,-0.9176166707963928,-0.2569430443533374,0.11321935049203574,0.0,0.0,NaClFWater/data/S0_NaClFWater_matrix_BC_s_loss_split0.csv,0,0.12269313449885084,0.0708369142306305,0.04949385287187901,0.028575289278811082,3
NaClFWater,NaCl/NaF/water,"BC S-loss, fixed kappa_D",0.01,298.15,F,NaF,neutral ion-pair NaF: mu_Na + mu_F,0.034999999999999996,0.02,0.02,-0.9189032018288579,kJ/mol,-0.37068137561716635,-0.00952376057159654,-0.9189032018288579,-0.2574620251251306,0.11321935049203574,0.0,0.0,NaClFWater/data/S0_NaClFWater_matrix_BC_s_loss_split0.csv,0,0.11498059576407399,0.06638407791597166,0.04638264979627994,0.026779035345610366,3
NaClFWater,NaCl/NaF/water,"BC S-loss, fixed kappa_D",0.01,298.15,F,NaF,neutral ion-pair NaF: mu_Na + mu_F,0.034999999999999996,0.0225,0.0225,-0.9099063650468329,kJ/mol,-0.36705209254586274,-0.009430514929135825,-0.9099063650468329,-0.253832742053827,0.11321935049203574,0.0,0.0,NaClFWater/data/S0_NaClFWater_matrix_BC_s_loss_split0.csv,0,0.10286756362681232,0.05939061555082105,0.04149630768037625,0.023957904409640764,3
NaClFWater,NaCl/NaF/water,"BC S-loss, fixed kappa_D",0.01,298.15,F,NaF,neutral ion-pair NaF: mu_Na + mu_F,0.034999999999999996,0.025,0.025,-0.8906632746885752,kJ/mol,-0.359289517346508,-0.009231074351646384,-0.8906632746885752,-0.24607016685447225,0.11321935049203574,0.0,0.0,NaClFWater/data/S0_NaClFWater_matrix_BC_s_loss_split0.csv,0,0.08809695970214726,0.050862803398822334,0.035537913182899165,0.020517823742584384,3
NaClFWater,NaCl/NaF/water,"BC S-loss, fixed kappa_D",0.01,298.15,F,NaF,neutral ion-pair NaF: mu_Na + mu_F,0.034999999999999996,0.0275,0.0275,-0.861545036126879,kJ/mol,-0.3475433522399807,-0.008929285075282678,-0.861545036126879,-0.23432400174794493,0.11321935049203574,0.0,0.0,NaClFWater/data/S0_NaClFWater_matrix_BC_s_loss_split0.csv,0,0.07304923293451526,0.042174994298838066,0.029467728589967518,0.017013201033824577,3
NaClFWater,NaCl/NaF/water,"BC S-loss, fixed kappa_D",0.01,298.15,F,NaF,neutral ion-pair NaF: mu_Na + mu_F,0.034999999999999996,0.03,0.03,-0.822943612424785,kJ/mol,-0.33197171334461606,-0.008529209510925284,-0.822943612424785,-0.2187523628525803,0.11321935049203574,0.0,0.0,NaClFWater/data/S0_NaClFWater_matrix_BC_s_loss_split0.csv,0,0.06059590931159161,0.03498506455283757,0.02444411443521909,0.014112816049275759,3
NaClFWater,NaCl/NaF/water,"BC S-loss, fixed kappa_D",0.01,298.15,F,NaF,neutral ion-pair NaF: mu_Na + mu_F,0.034999999999999996,0.0325,0.0325,-0.7749793241480152,kJ/mol,-0.3126231374298238,-0.008032094693362524,-0.7749793241480152,-0.19940378693778804,0.11321935049203574,0.0,0.0,NaClFWater/data/S0_NaClFWater_matrix_BC_s_loss_split0.csv,0,0.053590119627202074,0.030940269992669366,0.021618010714690633,0.012481164305470851,3
NaClFWater,NaCl/NaF/water,"BC S-loss, fixed kappa_D",0.01,298.15,F,NaF,neutral ion-pair NaF: mu_Na + mu_F,0.034999999999999996,0.034999999999999996,0.034999999999999996,-0.7172430851859771,kJ/mol,-0.28933260101770264,-0.007433700743831651,-0.7172430851859771,-0.17611325052566687,0.11321935049203574,0.0,0.0,NaClFWater/data/S0_NaClFWater_matrix_BC_s_loss_split0.csv,0,0.05378640226891348,0.031053593828698697,0.021697190240340922,0.012526878625919353,3
NaClFWater,NaCl/NaF/water,"BC S-loss, fixed kappa_D",0.01,298.15,F,NaF,neutral ion-pair NaF: mu_Na + mu_F,0.034999999999999996,0.0375,0.0375,-0.6485855104561642,kJ/mol,-0.2616364473894063,-0.0067221151253988864,-0.6485855104561642,-0.14841709689737054,0.11321935049203574,0.0,0.0,NaClFWater/data/S0_NaClFWater_matrix_BC_s_loss_split0.csv,0,0.06162669853405997,0.03558019098790744,0.024859930123090748,0.01435288734860173,3
NaClFWater,NaCl/NaF/water,"BC S-loss, fixed kappa_D",0.01,298.15,F,NaF,neutral ion-pair NaF: mu_Na + mu_F,0.034999999999999996,0.04,0.04,-0.5669625951598586,kJ/mol,-0.22871013429821185,-0.005876153221151981,-0.5669625951598586,-0.1154907838061761,0.11321935049203574,0.0,0.0,NaClFWater/data/S0_NaClFWater_matrix_BC_s_loss_split0.csv,0,0.07787268784633493,0.044959817290601174,0.031413488380968545,0.018136585972937373,3
NaClFWater,NaCl/NaF/water,"BC S-loss, fixed kappa_D",0.01,298.15,F,NaF,neutral ion-pair NaF: mu_Na + mu_F,0.0375,0.0,0.0,-0.7818470704823017,kJ/mol,-0.31539355509026545,-0.008103273868300676,-0.7818470704823017,-0.2021742045982297,0.11321935049203574,0.0,0.0,NaClFWater/data/S0_NaClFWater_matrix_BC_s_loss_split0.csv,0,0.033737903640717916,0.019478587748862145,0.013609717005110539,0.007857573776495198,3
NaClFWater,NaCl/NaF/water,"BC S-loss, fixed kappa_D",0.01,298.15,F,NaF,neutral ion-pair NaF: mu_Na + mu_F,0.0375,0.0025,0.0025,-0.7546385716147495,kJ/mol,-0.30441777029745026,-0.007821277649100011,-0.7546385716147495,-0.19119841980541452,0.11321935049203574,0.0,0.0,NaClFWater/data/S0_NaClFWater_matrix_BC_s_loss_split0.csv,0,0.030706131365150307,0.01772819320944154,0.012386713847184105,0.007151472574046608,3
NaClFWater,NaCl/NaF/water,"BC S-loss, fixed kappa_D",0.01,298.15,F,NaF,neutral ion-pair NaF: mu_Na + mu_F,0.0375,0.005,0.005,-0.7513718465486076,kJ/mol,-0.30309998825156065,-0.007787420429622216,-0.7513718465486076,-0.1898806377595249,0.11321935049203574,0.0,0.0,NaClFWater/data/S0_NaClFWater_matrix_BC_s_loss_split0.csv,0,0.07151495163563601,0.041289176577917516,0.02884880648661613,0.016655866190847246,3
NaClFWater,NaCl/NaF/water,"BC S-loss, fixed kappa_D",0.01,298.15,F,NaF,neutral ion-pair NaF: mu_Na + mu_F,0.0375,0.0075,0.0075,-0.7617760177946283,kJ/mol,-0.30729698364993974,-0.007895252065964087,-0.7617760177946283,-0.19407763315790397,0.11321935049203574,0.0,0.0,NaClFWater/data/S0_NaClFWater_matrix_BC_s_loss_split0.csv,0,0.09712897948982847,0.05607744245456611,0.03918138891879358,0.022621385439488894,3
NaClFWater,NaCl/NaF/water,"BC S-loss, fixed kappa_D",0.01,298.15,F,NaF,neutral ion-pair NaF: mu_Na + mu_F,0.0375,0.01,0.01,-0.7775752344021861,kJ/mol,-0.3136703158291151,-0.008058999407239753,-0.7775752344021861,-0.20045096533707932,0.11321935049203574,0.0,0.0,NaClFWater/data/S0_NaClFWater_matrix_BC_s_loss_split0.csv,0,0.11285495046447253,0.0651568360300451,0.04552517414251987,0.02628397154608844,3
NaClFWater,NaCl/NaF/water,"BC S-loss, fixed kappa_D",0.01,298.15,F,NaF,neutral ion-pair NaF: mu_Na + mu_F,0.0375,0.0125,0.0125,-0.7924478517131934,kJ/mol,-0.3196698620630378,-0.00821314322354283,-0.7924478517131934,-0.20645051157100205,0.11321935049203574,0.0,0.0,NaClFWater/data/S0_NaClFWater_matrix_BC_s_loss_split0.csv,0,0.12149615865856078,0.07014583990702555,0.04901099825762133,0.028296513037289955,3
NaClFWater,NaCl/NaF/water,"BC S-loss, fixed kappa_D",0.01,298.15,F,NaF,neutral ion-pair NaF: mu_Na + mu_F,0.0375,0.015,0.015,-0.8018988193641763,kJ/mol,-0.32348233946305904,-0.008311095600788576,-0.8018988193641763,-0.2102629889710233,0.11321935049203574,0.0,0.0,NaClFWater/data/S0_NaClFWater_matrix_BC_s_loss_split0.csv,0,0.12411047291868639,0.07165521494885535,0.05006560074927683,0.02890538806973531,3
NaClFWater,NaCl/NaF/water,"BC S-loss, fixed kappa_D",0.01,298.15,F,NaF,neutral ion-pair NaF: mu_Na + mu_F,0.0375,0.0175,0.0175,-0.8030556581778696,kJ/mol,-0.3239490029831923,-0.008323085390202323,-0.8030556581778696,-0.21072965249115658,0.11321935049203574,0.0,0.0,NaClFWater/data/S0_NaClFWater_matrix_BC_s_loss_split0.csv,0,0.12101798445870834,0.06986976590402122,0.04881810495848692,0.02818514603910983,3
NaClFWater,NaCl/NaF/water,"BC S-loss, fixed kappa_D",0.01,298.15,F,NaF,neutral ion-pair NaF: mu_Na + mu_F,0.0375,0.02,0.02,-0.7944013585273784,kJ/mol,-0.32045789783407264,-0.008233389894940046,-0.7944013585273784,-0.2072385473420369,0.11321935049203574,0.0,0.0,NaClFWater/data/S0_NaClFWater_matrix_BC_s_loss_split0.csv,0,0.11262726915198122,0.0650253841629888,0.04543332853576975,0.02623094446030737,3
NaClFWater,NaCl/NaF/water,"BC S-loss, fixed kappa_D",0.01,298.15,F,NaF,neutral ion-pair NaF: mu_Na + mu_F,0.0375,0.0225,0.0225,-0.7754598383317239,kJ/mol,-0.31281697466781166,-0.008037074871936056,-0.7754598383317239,-0.19959762417577595,0.11321935049203574,0.0,0.0,NaClFWater/data/S0_NaClFWater_matrix_BC_s_loss_split0.csv,0,0.0999120790319023,0.05768426572436396,0.04030407862613401,0.023269570644238315,3
NaClFWater,NaCl/NaF/water,"BC S-loss, fixed kappa_D",0.01,298.15,F,NaF,neutral ion-pair NaF: mu_Na + mu_F,0.0375,0.025,0.025,-0.7464511999809831,kJ/mol,-0.3011150217883002,-0.007736421521713054,-0.7464511999809831,-0.18789567129626447,0.11321935049203574,0.0,0.0,NaClFWater/data/S0_NaClFWater_matrix_BC_s_loss_split0.csv,0,0.08458464206030128,0.048834965862823085,0.034121060208078,0.019699803296169265,3
NaClFWater,NaCl/NaF/water,"BC S-loss, fixed kappa_D",0.01,298.15,F,NaF,neutral ion-pair NaF: mu_Na + mu_F,0.0375,0.0275,0.0275,-0.707934828164982,kJ/mol,-0.285577692437263,-0.007337227458037887,-0.707934828164982,-0.17235834194522726,0.11321935049203574,0.0,0.0,NaClFWater/data/S0_NaClFWater_matrix_BC_s_loss_split0.csv,0,0.06907875255608148,0.039882636383537194,0.027866054849349824,0.016088474268525,3
NaClFWater,NaCl/NaF/water,"BC S-loss, fixed kappa_D",0.01,298.15,F,NaF,neutral ion-pair NaF: mu_Na + mu_F,0.0375,0.03,0.03,-0.660458404320503,kJ/mol,-0.266425918817333,-0.006845168999007001,-0.660458404320503,-0.15320656832529728,0.11321935049203574,0.0,0.0,NaClFWater/data/S0_NaClFWater_matrix_BC_s_loss_split0.csv,0,0.056381601727395654,0.03255193293465415,0.02274408190788162,0.013131301811986351,3
NaClFWater,NaCl/NaF/water,"BC S-loss, fixed kappa_D",0.01,298.15,F,NaF,neutral ion-pair NaF: mu_Na + mu_F,0.0375,0.0325,0.0325,-0.6042301192811366,kJ/mol,-0.2437436841646472,-0.0062624038905596535,-0.6042301192811366,-0.13052433367261146,0.11321935049203574,0.0,0.0,NaClFWater/data/S0_NaClFWater_matrix_BC_s_loss_split0.csv,0,0.049471089444745854,0.028562146808028075,0.019956412658222143,0.01152184022028381,3
NaClFWater,NaCl/NaF/water,"BC S-loss, fixed kappa_D",0.01,298.15,F,NaF,neutral ion-pair NaF: mu_Na + mu_F,0.0375,0.034999999999999996,0.034999999999999996,-0.5388298810774678,kJ/mol,-0.2173615252878721,-0.005584578186244471,-0.5388298810774678,-0.10414217479583635,0.11321935049203574,0.0,0.0,NaClFWater/data/S0_NaClFWater_matrix_BC_s_loss_split0.csv,0,0.0501665744459545,0.028963685260693234,0.020236968147044065,0.011683819007277774,3
NaClFWater,NaCl/NaF/water,"BC S-loss, fixed kappa_D",0.01,298.15,F,NaF,neutral ion-pair NaF: mu_Na + mu_F,0.0375,0.0375,0.0375,-0.462973128406011,kJ/mol,-0.18676125599493326,-0.004798378346322352,-0.462973128406011,-0.0735419055028975,0.11321935049203574,0.0,0.0,NaClFWater/data/S0_NaClFWater_matrix_BC_s_loss_split0.csv,0,0.05911293872235328,0.03412887108394052,0.023845890838952815,0.013767431494935839,3
NaClFWater,NaCl/NaF/water,"BC S-loss, fixed kappa_D",0.01,298.15,F,NaF,neutral ion-pair NaF: mu_Na + mu_F,0.0375,0.04,0.04,-0.3743381623663219,kJ/mol,-0.15100631350046587,-0.00387974165732885,-0.3743381623663219,-0.03778696300843012,0.11321935049203574,0.0,0.0,NaClFWater/data/S0_NaClFWater_matrix_BC_s_loss_split0.csv,0,0.07756515144213885,0.04478226106485296,0.031289429593130094,0.018064960598383504,3
NaClFWater,NaCl/NaF/water,"BC S-loss, fixed kappa_D",0.01,298.15,F,NaF,neutral ion-pair NaF: mu_Na + mu_F,0.04,0.0,0.0,-0.732775658896941,kJ/mol,-0.29559837066416367,-0.007594684526225137,-0.732775658896941,-0.18237902017212793,0.11321935049203574,0.0,0.0,NaClFWater/data/S0_NaClFWater_matrix_BC_s_loss_split0.csv,0,0.044093276692284245,0.02545726516774296,0.01778702743361251,0.010269345076879441,3
NaClFWater,NaCl/NaF/water,"BC S-loss, fixed kappa_D",0.01,298.15,F,NaF,neutral ion-pair NaF: mu_Na + mu_F,0.04,0.0025,0.0025,-0.6927905995857191,kJ/mol,-0.2794685794520767,-0.007180268589308979,-0.6927905995857191,-0.166249228960041,0.11321935049203574,0.0,0.0,NaClFWater/data/S0_NaClFWater_matrix_BC_s_loss_split0.csv,0,0.03736204085673056,0.021570984346107186,0.01507167748798099,0.008701637054825047,3
NaClFWater,NaCl/NaF/water,"BC S-loss, fixed kappa_D",0.01,298.15,F,NaF,neutral ion-pair NaF: mu_Na + mu_F,0.04,0.005,0.005,-0.678466608623735,kJ/mol,-0.2736903465940906,-0.007031810884427614,-0.678466608623735,-0.16047099610205484,0.11321935049203574,0.0,0.0,NaClFWater/data/S0_NaClFWater_matrix_BC_s_loss_split0.csv,0,0.07514253017772247,0.043383560025697654,0.03031215518478549,0.017500730955653614,3
NaClFWater,NaCl/NaF/water,"BC S-loss, fixed kappa_D",0.01,298.15,F,NaF,neutral ion-pair NaF: mu_Na + mu_F,0.04,0.0075,0.0075,-0.6787834017642588,kJ/mol,-0.27381813950729594,-0.007035094213961202,-0.6787834017642588,-0.1605987890152602,0.11321935049203574,0.0,0.0,NaClFWater/data/S0_NaClFWater_matrix_BC_s_loss_split0.csv,0,0.09861046918390802,0.056932780928244595,0.03977901512868282,0.022966425092643225,3
NaClFWater,NaCl/NaF/water,"BC S-loss, fixed kappa_D",0.01,298.15,F,NaF,neutral ion-pair NaF: mu_Na + mu_F,0.04,0.01,0.01,-0.6849093271513318,kJ/mol,-0.27628930996887335,-0.0070985849565659,-0.6849093271513318,-0.16306995947683764,0.11321935049203574,0.0,0.0,NaClFWater/data/S0_NaClFWater_matrix_BC_s_loss_split0.csv,0,0.1119476106589761,0.06463298314909527,0.04515915738843279,0.02607265167458835,3
NaClFWater,NaCl/NaF/water,"BC S-loss, fixed kappa_D",0.01,298.15,F,NaF,neutral ion-pair NaF: mu_Na + mu_F,0.04,0.0125,0.0125,-0.6901535364663295,kJ/mol,-0.2784048001739774,-0.0071529373560395015,-0.6901535364663295,-0.16518544968194163,0.11321935049203574,0.0,0.0,NaClFWater/data/S0_NaClFWater_matrix_BC_s_loss_split0.csv,0,0.11858897222108193,0.0684673750347627,0.04783825246059347,0.02761942793568492,3
NaClFWater,NaCl/NaF/water,"BC S-loss, fixed kappa_D",0.01,298.15,F,NaF,neutral ion-pair NaF: mu_Na + mu_F,0.04,0.015,0.015,-0.689822640801572,kJ/mol,-0.27827131836658575,-0.007149507864141924,-0.689822640801572,-0.16505196787455,0.11321935049203574,0.0,0.0,NaClFWater/data/S0_NaClFWater_matrix_BC_s_loss_split0.csv,0,0.11992309377302335,0.06923763047190777,0.048376431031665924,0.027930145478565687,3
NaClFWater,NaCl/NaF/water,"BC S-loss, fixed kappa_D",0.01,298.15,F,NaF,neutral ion-pair NaF: mu_Na + mu_F,0.04,0.0175,0.0175,-0.6809932412773174,kJ/mol,-0.2747095787241399,-0.0070579975865712186,-0.6809932412773174,-0.16149022823210418,0.11321935049203574,0.0,0.0,NaClFWater/data/S0_NaClFWater_matrix_BC_s_loss_split0.csv,0,0.11623229456881369,0.06710674655783247,0.046887579405705454,0.027070556591533998,3
NaClFWater,NaCl/NaF/water,"BC S-loss, fixed kappa_D",0.01,298.15,F,NaF,neutral ion-pair NaF: mu_Na + mu_F,0.04,0.02,0.02,-0.6622149896270276,kJ/mol,-0.26713451734709714,-0.006863374722797745,-0.6622149896270276,-0.15391516685506137,0.11321935049203574,0.0,0.0,NaClFWater/data/S0_NaClFWater_matrix_BC_s_loss_split0.csv,0,0.10771213594178132,0.06218763068097701,0.043450586135838666,0.025086207601973477,3
NaClFWater,NaCl/NaF/water,"BC S-loss, fixed kappa_D",0.01,298.15,F,NaF,neutral ion-pair NaF: mu_Na + mu_F,0.04,0.0225,0.0225,-0.6331613903548473,kJ/mol,-0.25541442743620413,-0.006562255385460959,-0.6331613903548473,-0.14219507694416836,0.11321935049203574,0.0,0.0,NaClFWater/data/S0_NaClFWater_matrix_BC_s_loss_split0.csv,0,0.09512187973599276,0.05491864287139863,0.03837173399945936,0.02215393095386058,3
NaClFWater,NaCl/NaF/water,"BC S-loss, fixed kappa_D",0.01,298.15,F,NaF,neutral ion-pair NaF: mu_Na + mu_F,0.04,0.025,0.025,-0.5942473410070638,kJ/mol,-0.23971667677611094,-0.006158939684610232,-0.5942473410070638,-0.1264973262840752,0.11321935049203574,0.0,0.0,NaClFWater/data/S0_NaClFWater_matrix_BC_s_loss_split0.csv,0,0.08004073950291521,0.04621154249814481,0.032288070566416124,0.018641526233133983,3
NaClFWater,NaCl/NaF/water,"BC S-loss, fixed kappa_D",0.01,298.15,F,NaF,neutral ion-pair NaF: mu_Na + mu_F,0.04,0.0275,0.0275,-0.5462333188409597,kJ/mol,-0.2203480384363793,-0.0056613094116073626,-0.5462333188409597,-0.10712868794434353,0.11321935049203574,0.0,0.0,NaClFWater/data/S0_NaClFWater_matrix_BC_s_loss_split0.csv,0,0.06486107574795576,0.03744755954301097,0.02616466319239068,0.015106175337382654,3
NaClFWater,NaCl/NaF/water,"BC S-loss, fixed kappa_D",0.01,298.15,F,NaF,neutral ion-pair NaF: mu_Na + mu_F,0.04,0.03,0.03,-0.4898361762521936,kJ/mol,-0.19759768741564704,-0.00507679421798457,-0.4898361762521936,-0.08437833692361128,0.11321935049203574,0.0,0.0,NaClFWater/data/S0_NaClFWater_matrix_BC_s_loss_split0.csv,0,0.0525842567143712,0.0303595347691786,0.021212250186847904,0.012246898355494328,3
NaClFWater,NaCl/NaF/water,"BC S-loss, fixed kappa_D",0.01,298.15,F,NaF,neutral ion-pair NaF: mu_Na + mu_F,0.04,0.0325,0.0325,-0.4253656663062959,kJ/mol,-0.17159057669286115,-0.004408604468039812,-0.4253656663062959,-0.05837122620082542,0.11321935049203574,0.0,0.0,NaClFWater/data/S0_NaClFWater_matrix_BC_s_loss_split0.csv,0,0.04619163237353183,0.026668751385166833,0.01863349457934764,0.010758053111329793,3
NaClFWater,NaCl/NaF/water,"BC S-loss, fixed kappa_D",0.01,298.15,F,NaF,neutral ion-pair NaF: mu_Na + mu_F,0.04,0.034999999999999996,0.034999999999999996,-0.3524041859144625,kJ/mol,-0.14215824707981575,-0.003652412010751504,-0.3524041859144625,-0.028938896587780018,0.11321935049203574,0.0,0.0,NaClFWater/data/S0_NaClFWater_matrix_BC_s_loss_split0.csv,0,0.04752449221600515,0.02743827837401085,0.019171164182554563,0.01106847680147639,3
NaClFWater,NaCl/NaF/water,"BC S-loss, fixed kappa_D",0.01,298.15,F,NaF,neutral ion-pair NaF: mu_Na + mu_F,0.04,0.0375,0.0375,-0.26954485054374583,kJ/mol,-0.10873316774957548,-0.0027936355154452026,-0.26954485054374583,0.004486182742460261,0.11321935049203574,0.0,0.0,NaClFWater/data/S0_NaClFWater_matrix_BC_s_loss_split0.csv,0,0.05756119751673024,0.03323297288116143,0.023219925488568376,0.013406030231388005,3
NaClFWater,NaCl/NaF/water,"BC S-loss, fixed kappa_D",0.01,298.15,F,NaF,neutral ion-pair NaF: mu_Na + mu_F,0.04,0.04,0.04,-0.1742000237329668,kJ/mol,-0.07027149791334122,-0.0018054560200653216,-0.1742000237329668,0.042947852578694524,0.11321935049203574,0.0,0.0,NaClFWater/data/S0_NaClFWater_matrix_BC_s_loss_split0.csv,0,0.07808056175318155,0.04507983334667657,0.03149734377029734,0.01818499990453935,3
NaClFWater,NaCl/NaF/water,"BC S-loss, fixed kappa_D",0.01,298.15,F,NaF,neutral ion-pair NaF: mu_Na + mu_F,0.0425,0.0,0.0,-0.6766497962434244,kJ/mol,-0.2729574527364661,-0.0070129809510035565,-0.6766497962434244,-0.15973810224443033,0.11321935049203574,0.0,0.0,NaClFWater/data/S0_NaClFWater_matrix_BC_s_loss_split0.csv,0,0.06964723986965152,0.04021085268705774,0.028095380048125534,0.01622087523377012,3
NaClFWater,NaCl/NaF/water,"BC S-loss, fixed kappa_D",0.01,298.15,F,NaF,neutral ion-pair NaF: mu_Na + mu_F,0.0425,0.0025,0.0025,-0.6237988745101899,kJ/mol,-0.251637631092881,-0.006465219746587536,-0.6237988745101899,-0.13841828060084527,0.11321935049203574,0.0,0.0,NaClFWater/data/S0_NaClFWater_matrix_BC_s_loss_split0.csv,0,0.047377127586643544,0.027353197365579895,0.019111717960775865,0.011034155509330151,3
NaClFWater,NaCl/NaF/water,"BC S-loss, fixed kappa_D",0.01,298.15,F,NaF,neutral ion-pair NaF: mu_Na + mu_F,0.0425,0.005,0.005,-0.5983728591987986,kJ/mol,-0.2413808920660373,-0.006201697667620465,-0.5983728591987986,-0.12816154157400156,0.11321935049203574,0.0,0.0,NaClFWater/data/S0_NaClFWater_matrix_BC_s_loss_split0.csv,0,0.07709883718440808,0.044513034402625135,0.031101320540749478,0.01795635578635455,3
NaClFWater,NaCl/NaF/water,"BC S-loss, fixed kappa_D",0.01,298.15,F,NaF,neutral ion-pair NaF: mu_Na + mu_F,0.0425,0.0075,0.0075,-0.5885849881962335,kJ/mol,-0.23743250938506158,-0.00610025353319088,-0.5885849881962335,-0.12421315889302584,0.11321935049203574,0.0,0.0,NaClFWater/data/S0_NaClFWater_matrix_BC_s_loss_split0.csv,0,0.09757697245678135,0.056336091314631416,0.03936210724573639,0.022725723214196823,3
NaClFWater,NaCl/NaF/water,"BC S-loss, fixed kappa_D",0.01,298.15,F,NaF,neutral ion-pair NaF: mu_Na + mu_F,0.0425,0.01,0.01,-0.585032082302966,kJ/mol,-0.23599928329407227,-0.006063430258450353,-0.585032082302966,-0.12277993280203651,0.11321935049203574,0.0,0.0,NaClFWater/data/S0_NaClFWater_matrix_BC_s_loss_split0.csv,0,0.1081504961450758,0.062440718062351096,0.04362741864969824,0.02518830190145178,3
NaClFWater,NaCl/NaF/water,"BC S-loss, fixed kappa_D",0.01,298.15,F,NaF,neutral ion-pair NaF: mu_Na + mu_F,0.0425,0.0125,0.0125,-0.5806404713375571,kJ/mol,-0.23422772738851744,-0.006017914418180226,-0.5806404713375571,-0.1210083768964817,0.11321935049203574,0.0,0.0,NaClFWater/data/S0_NaClFWater_matrix_BC_s_loss_split0.csv,0,0.11255274627727564,0.06498235836121674,0.04540326634678637,0.026213588047405388,3
NaClFWater,NaCl/NaF/water,"BC S-loss, fixed kappa_D",0.01,298.15,F,NaF,neutral ion-pair NaF: mu_Na + mu_F,0.0425,0.015,0.015,-0.5705076102987935,kJ/mol,-0.23014017729476333,-0.005912894713986815,-0.5705076102987935,-0.1169208268027276,0.11321935049203574,0.0,0.0,NaClFWater/data/S0_NaClFWater_matrix_BC_s_loss_split0.csv,0,0.11262056871032049,0.06502151566119228,0.04543062560805431,0.026229383924263265,3
NaClFWater,NaCl/NaF/water,"BC S-loss, fixed kappa_D",0.01,298.15,F,NaF,neutral ion-pair NaF: mu_Na + mu_F,0.0425,0.0175,0.0175,-0.5516517611215798,kJ/mol,-0.22253381342800516,-0.005717467608519655,-0.5516517611215798,-0.10931446293596941,0.11321935049203574,0.0,0.0,NaClFWater/data/S0_NaClFWater_matrix_BC_s_loss_split0.csv,0,0.1086624604763168,0.06273630080680857,0.043833942734273885,0.02530753863727567,3
NaClFWater,NaCl/NaF/water,"BC S-loss, fixed kappa_D",0.01,298.15,F,NaF,neutral ion-pair NaF: mu_Na + mu_F,0.0425,0.02,0.02,-0.5226856863050332,kJ/mol,-0.21084903048475562,-0.00541725539824256,-0.5226856863050332,-0.09762967999271988,0.11321935049203574,0.0,0.0,NaClFWater/data/S0_NaClFWater_matrix_BC_s_loss_split0.csv,0,0.10060945076136052,0.0580868934800919,0.04058539521255749,0.023431988851137415,3
NaClFWater,NaCl/NaF/water,"BC S-loss, fixed kappa_D",0.01,298.15,F,NaF,neutral ion-pair NaF: mu_Na + mu_F,0.0425,0.0225,0.0225,-0.48343312508407144,kJ/mol,-0.1950147256734061,-0.005010431269056426,-0.48343312508407144,-0.08179537518137035,0.11321935049203574,0.0,0.0,NaClFWater/data/S0_NaClFWater_matrix_BC_s_loss_split0.csv,0,0.08889778150425785,0.05132515808184381,0.03586096105849668,0.020704335520521748,3
NaClFWater,NaCl/NaF/water,"BC S-loss, fixed kappa_D",0.01,298.15,F,NaF,neutral ion-pair NaF: mu_Na + mu_F,0.0425,0.025,0.025,-0.43450878644593643,kJ/mol,-0.17527886980583499,-0.004503366230665051,-0.43450878644593643,-0.062059519313799244,0.11321935049203574,0.0,0.0,NaClFWater/data/S0_NaClFWater_matrix_BC_s_loss_split0.csv,0,0.07485839714872132,0.04321951574491817,0.030197537212142887,0.017434556238294437,3
NaClFWater,NaCl/NaF/water,"BC S-loss, fixed kappa_D",0.01,298.15,F,NaF,neutral ion-pair NaF: mu_Na + mu_F,0.0425,0.0275,0.0275,-0.3768836297316159,kJ/mol,-0.15203314346762437,-0.0039061235675035277,-0.3768836297316159,-0.03881379297558863,0.11321935049203574,0.0,0.0,NaClFWater/data/S0_NaClFWater_matrix_BC_s_loss_split0.csv,0,0.06073650306619176,0.03506623639490234,0.0245008293168896,0.014145560401475285,3
NaClFWater,NaCl/NaF/water,"BC S-loss, fixed kappa_D",0.01,298.15,F,NaF,neutral ion-pair NaF: mu_Na + mu_F,0.0425,0.03,0.03,-0.31145727828370995,kJ/mol,-0.12564045062679688,-0.0032280272184834753,-0.31145727828370995,-0.012421100134761146,0.11321935049203574,0.0,0.0,NaClFWater/data/S0_NaClFWater_matrix_BC_s_loss_split0.csv,0,0.04944403720717933,0.028546528191386863,0.01994549990852802,0.011515539741310308,3
NaClFWater,NaCl/NaF/water,"BC S-loss, fixed kappa_D",0.01,298.15,F,NaF,neutral ion-pair NaF: mu_Na + mu_F,0.0425,0.0325,0.0325,-0.2386585221169816,kJ/mol,-0.09627376322665067,-0.0024735212789437355,-0.2386585221169816,0.016945587265385073,0.11321935049203574,0.0,0.0,NaClFWater/data/S0_NaClFWater_matrix_BC_s_loss_split0.csv,0,0.04387531623659998,0.02533142563998096,0.01769910317632143,0.01021858198326414,3
NaClFWater,NaCl/NaF/water,"BC S-loss, fixed kappa_D",0.01,298.15,F,NaF,neutral ion-pair NaF: mu_Na + mu_F,0.0425,0.034999999999999996,0.034999999999999996,-0.15809311189825262,kJ/mol,-0.06377404287786703,-0.0016385196424835156,-0.15809311189825262,0.0494453076141687,0.11321935049203574,0.0,0.0,NaClFWater/data/S0_NaClFWater_matrix_BC_s_loss_split0.csv,0,0.04592199461960998,0.02651307595535637,0.018524723934797538,0.010695254350418862,3
NaClFWater,NaCl/NaF/water,"BC S-loss, fixed kappa_D",0.01,298.15,F,NaF,neutral ion-pair NaF: mu_Na + mu_F,0.0425,0.0375,0.0375,-0.06825545983012629,kJ/mol,-0.027533942305193612,-0.0007074179911796816,-0.06825545983012629,0.08568540818684213,0.11321935049203574,0.0,0.0,NaClFWater/data/S0_NaClFWater_matrix_BC_s_loss_split0.csv,0,0.056997379225708515,0.032907452239066,0.02299248375227005,0.01327471668371121,3
NaClFWater,NaCl/NaF/water,"BC S-loss, fixed kappa_D",0.01,298.15,F,NaF,neutral ion-pair NaF: mu_Na + mu_F,0.0425,0.04,0.04,0.03368238095031679,kJ/mol,0.0135873194041283,0.0003490932788281501,0.03368238095031679,0.12680666989616404,0.11321935049203574,0.0,0.0,NaClFWater/data/S0_NaClFWater_matrix_BC_s_loss_split0.csv,0,0.0792966075810415,0.04578191773273843,0.031987891130876224,0.01846821755521983,3
NaClFWater,NaCl/NaF/water,"BC S-loss, fixed kappa_D",0.01,298.15,F,NaF,neutral ion-pair NaF: mu_Na + mu_F,0.045,0.0,0.0,-0.6128265873803379,kJ/mol,-0.24721146032879482,-0.006351500004029731,-0.6128265873803379,-0.13399210983675908,0.11321935049203574,0.0,0.0,NaClFWater/data/S0_NaClFWater_matrix_BC_s_loss_split0.csv,0,0.103442011456267,0.05972227315979211,0.04172803732417199,0.024091693581865452,3
NaClFWater,NaCl/NaF/water,"BC S-loss, fixed kappa_D",0.01,298.15,F,NaF,neutral ion-pair NaF: mu_Na + mu_F,0.045,0.0025,0.0025,-0.5470542169304277,kJ/mol,-0.22067918499505912,-0.005669817420766776,-0.5470542169304277,-0.10745983450302336,0.11321935049203574,0.0,0.0,NaClFWater/data/S0_NaClFWater_matrix_BC_s_loss_split0.csv,0,0.06040115074933941,0.03487262064449428,0.02436554971629639,0.014067456687656932,3
NaClFWater,NaCl/NaF/water,"BC S-loss, fixed kappa_D",0.01,298.15,F,NaF,neutral ion-pair NaF: mu_Na + mu_F,0.045,0.005,0.005,-0.510572135546635,kJ/mol,-0.20596247915944238,-0.005291707291689818,-0.510572135546635,-0.09274312866740664,0.11321935049203574,0.0,0.0,NaClFWater/data/S0_NaClFWater_matrix_BC_s_loss_split0.csv,0,0.07739704032485355,0.04468520206603452,0.031221614332406413,0.01802580743934952,3
NaClFWater,NaCl/NaF/water,"BC S-loss, fixed kappa_D",0.01,298.15,F,NaF,neutral ion-pair NaF: mu_Na + mu_F,0.045,0.0075,0.0075,-0.4907936294678097,kJ/mol,-0.19798391969163354,-0.005086717521294304,-0.4907936294678097,-0.0847645691995978,0.11321935049203574,0.0,0.0,NaClFWater/data/S0_NaClFWater_matrix_BC_s_loss_split0.csv,0,0.09407883908400756,0.054316443070199255,0.03795097614059786,0.021911006290783238,3
NaClFWater,NaCl/NaF/water,"BC S-loss, fixed kappa_D",0.01,298.15,F,NaF,neutral ion-pair NaF: mu_Na + mu_F,0.045,0.01,0.01,-0.47771162384711263,kJ/mol,-0.19270669807605945,-0.004951132087398946,-0.47771162384711263,-0.0794873475840237,0.11321935049203574,0.0,0.0,NaClFWater/data/S0_NaClFWater_matrix_BC_s_loss_split0.csv,0,0.10174694875911616,0.05874362825529878,0.04104425673543677,0.02369691267489253,3
NaClFWater,NaCl/NaF/water,"BC S-loss, fixed kappa_D",0.01,298.15,F,NaF,neutral ion-pair NaF: mu_Na + mu_F,0.045,0.0125,0.0125,-0.4638397694488105,kJ/mol,-0.18711085505310593,-0.0048073604477849585,-0.4638397694488105,-0.07389150456107017,0.11321935049203574,0.0,0.0,NaClFWater/data/S0_NaClFWater_matrix_BC_s_loss_split0.csv,0,0.10380380460134092,0.0599311545294915,0.041873983034708157,0.02417595537713058,3
NaClFWater,NaCl/NaF/water,"BC S-loss, fixed kappa_D",0.01,298.15,F,NaF,neutral ion-pair NaF: mu_Na + mu_F,0.045,0.015,0.015,-0.4440403447353504,kJ/mol,-0.1791238571031512,-0.004602153871019254,-0.4440403447353504,-0.06590450661111548,0.11321935049203574,0.0,0.0,NaClFWater/data/S0_NaClFWater_matrix_BC_s_loss_split0.csv,0,0.10265586216636693,0.05926838965564507,0.041410908273320245,0.023908599038988346,3
NaClFWater,NaCl/NaF/water,"BC S-loss, fixed kappa_D",0.01,298.15,F,NaF,neutral ion-pair NaF: mu_Na + mu_F,0.045,0.0175,0.0175,-0.41525228487803617,kJ/mol,-0.1675108845854583,-0.00430378665578246,-0.41525228487803617,-0.05429153409342255,0.11321935049203574,0.0,0.0,NaClFWater/data/S0_NaClFWater_matrix_BC_s_loss_split0.csv,0,0.09876489415007332,0.057021938224029727,0.03984130945824207,0.02300239074058324,3
NaClFWater,NaCl/NaF/water,"BC S-loss, fixed kappa_D",0.01,298.15,F,NaF,neutral ion-pair NaF: mu_Na + mu_F,0.045,0.02,0.02,-0.3761365324878208,kJ/mol,-0.15173176783469744,-0.0038983804502095154,-0.3761365324878208,-0.038512417342661684,0.11321935049203574,0.0,0.0,NaClFWater/data/S0_NaClFWater_matrix_BC_s_loss_split0.csv,0,0.0917697755490524,0.05298330461671694,0.03701951040424924,0.02137322429716145,3
NaClFWater,NaCl/NaF/water,"BC S-loss, fixed kappa_D",0.01,298.15,F,NaF,neutral ion-pair NaF: mu_Na + mu_F,0.045,0.0225,0.0225,-0.3266589949713567,kJ/mol,-0.13177275405364774,-0.0033855819094696926,-0.3266589949713567,-0.018553403561611993,0.11321935049203574,0.0,0.0,NaClFWater/data/S0_NaClFWater_matrix_BC_s_loss_split0.csv,0,0.08166697041858044,0.047150447355068625,0.032944084727309454,0.019020276185517954,3
NaClFWater,NaCl/NaF/water,"BC S-loss, fixed kappa_D",0.01,298.15,F,NaF,neutral ion-pair NaF: mu_Na + mu_F,0.045,0.025,0.025,-0.2676335575136097,kJ/mol,-0.10796216082718331,-0.002773826359089071,-0.2676335575136097,0.005257189664852432,0.11321935049203574,0.0,0.0,NaClFWater/data/S0_NaClFWater_matrix_BC_s_loss_split0.csv,0,0.06941085548198575,0.04007437609720669,0.0280000236604016,0.016165821197648755,3
NaClFWater,NaCl/NaF/water,"BC S-loss, fixed kappa_D",0.01,298.15,F,NaF,neutral ion-pair NaF: mu_Na + mu_F,0.045,0.0275,0.0275,-0.2002487482302507,kJ/mol,-0.0807794349958416,-0.002075432024952306,-0.2002487482302507,0.03243991549619414,0.11321935049203574,0.0,0.0,NaClFWater/data/S0_NaClFWater_matrix_BC_s_loss_split0.csv,0,0.056987491715237495,0.03290174368223394,0.0229884951754803,0.013272413877827967,3
NaClFWater,NaCl/NaF/water,"BC S-loss, fixed kappa_D",0.01,298.15,F,NaF,neutral ion-pair NaF: mu_Na + mu_F,0.045,0.03,0.03,-0.12560177811201872,kJ/mol,-0.050667186486957616,-0.001301770697637039,-0.12560177811201872,0.06255216400507813,0.11321935049203574,0.0,0.0,NaClFWater/data/S0_NaClFWater_matrix_BC_s_loss_split0.csv,0,0.047125778801362705,0.027208081076737518,0.019010325003060425,0.01097561625789921,3
NaClFWater,NaCl/NaF/water,"BC S-loss, fixed kappa_D",0.01,298.15,F,NaF,neutral ion-pair NaF: mu_Na + mu_F,0.045,0.0325,0.0325,-0.04426274310188604,kJ/mol,-0.017855389413097472,-0.0004587510052260767,-0.04426274310188604,0.09536396107893827,0.11321935049203574,0.0,0.0,NaClFWater/data/S0_NaClFWater_matrix_BC_s_loss_split0.csv,0,0.04259004993831663,0.024589376796686713,0.017180632592549552,0.009919242852156543,3
NaClFWater,NaCl/NaF/water,"BC S-loss, fixed kappa_D",0.01,298.15,F,NaF,neutral ion-pair NaF: mu_Na + mu_F,0.045,0.034999999999999996,0.034999999999999996,0.04411009447809648,kJ/mol,0.017793811651979907,0.000457168913726491,0.04411009447809648,0.13101316214401565,0.11321935049203574,0.0,0.0,NaClFWater/data/S0_NaClFWater_matrix_BC_s_loss_split0.csv,0,0.0453881125395408,0.026204838992712913,0.018309358329950887,0.010570912960486463,3
NaClFWater,NaCl/NaF/water,"BC S-loss, fixed kappa_D",0.01,298.15,F,NaF,neutral ion-pair NaF: mu_Na + mu_F,0.045,0.0375,0.0375,0.14108580976060647,kJ/mol,0.056913374486057905,0.0014622513770063963,0.14108580976060647,0.17013272497809365,0.11321935049203574,0.0,0.0,NaClFWater/data/S0_NaClFWater_matrix_BC_s_loss_split0.csv,0,0.057367692529057296,0.033121252724438915,0.023141866455933996,0.013360962827883864,3
NaClFWater,NaCl/NaF/water,"BC S-loss, fixed kappa_D",0.01,298.15,F,NaF,neutral ion-pair NaF: mu_Na + mu_F,0.045,0.04,0.04,0.2496924476285458,kJ/mol,0.1007247986338009,0.002587879858310771,0.2496924476285458,0.21394414912583665,0.11321935049203574,0.0,0.0,NaClFWater/data/S0_NaClFWater_matrix_BC_s_loss_split0.csv,0,0.08094675730650017,0.04673463212093518,0.032653554030940016,0.018852538209761207,3
NaClFWater,NaCl/NaF/water,"BC S-loss, fixed kappa_D",0.01,298.15,F,NaF,neutral ion-pair NaF: mu_Na + mu_F,0.0475,0.0,0.0,-0.5407059295819597,kJ/mol,-0.21811831472878984,-0.005604022058832925,-0.5407059295819597,-0.10489896423675409,0.11321935049203574,0.0,0.0,NaClFWater/data/S0_NaClFWater_matrix_BC_s_loss_split0.csv,0,0.14178543504120455,0.08185985908820766,0.057195600144769834,0.03302189514004506,3
NaClFWater,NaCl/NaF/water,"BC S-loss, fixed kappa_D",0.01,298.15,F,NaF,neutral ion-pair NaF: mu_Na + mu_F,0.0475,0.0025,0.0025,-0.4619925927064005,kJ/mol,-0.18636571234980287,-0.004788215809924168,-0.4619925927064005,-0.07314636185776713,0.11321935049203574,0.0,0.0,NaClFWater/data/S0_NaClFWater_matrix_BC_s_loss_split0.csv,0,0.07571901693971753,0.04371639481291975,0.030544707324701974,0.01763499499623502,3
NaClFWater,NaCl/NaF/water,"BC S-loss, fixed kappa_D",0.01,298.15,F,NaF,neutral ion-pair NaF: mu_Na + mu_F,0.0475,0.005,0.005,-0.414585683214345,kJ/mol,-0.16724198050372918,-0.004296877816386768,-0.414585683214345,-0.05402263001169344,0.11321935049203574,0.0,0.0,NaClFWater/data/S0_NaClFWater_matrix_BC_s_loss_split0.csv,0,0.07625419692338153,0.04402538112055306,0.030760596497960396,0.017759638668530895,3
NaClFWater,NaCl/NaF/water,"BC S-loss, fixed kappa_D",0.01,298.15,F,NaF,neutral ion-pair NaF: mu_Na + mu_F,0.0475,0.0075,0.0075,-0.3850499144755341,kJ/mol,-0.1553273856212401,-0.00399076114467789,-0.3850499144755341,-0.04210803512920435,0.11321935049203574,0.0,0.0,NaClFWater/data/S0_NaClFWater_matrix_BC_s_loss_split0.csv,0,0.08838455271589506,0.05102884530272668,0.03565392689766449,0.020584804292033833,3
NaClFWater,NaCl/NaF/water,"BC S-loss, fixed kappa_D",0.01,298.15,F,NaF,neutral ion-pair NaF: mu_Na + mu_F,0.0475,0.01,0.01,-0.3627266512594976,kJ/mol,-0.14632228268905373,-0.0037593968251030674,-0.3627266512594976,-0.03310293219701798,0.11321935049203574,0.0,0.0,NaClFWater/data/S0_NaClFWater_matrix_BC_s_loss_split0.csv,0,0.09326387456727199,0.05384592308708198,0.03762222315819287,0.02172120066789483,3
NaClFWater,NaCl/NaF/water,"BC S-loss, fixed kappa_D",0.01,298.15,F,NaF,neutral ion-pair NaF: mu_Na + mu_F,0.0475,0.0125,0.0125,-0.33967216051644755,kJ/mol,-0.13702220589556938,-0.003520453866258322,-0.33967216051644755,-0.023802855403533624,0.11321935049203574,0.0,0.0,NaClFWater/data/S0_NaClFWater_matrix_BC_s_loss_split0.csv,0,0.09298290062810273,0.053683702707667334,0.037508879548031816,0.02165576170405742,3
NaClFWater,NaCl/NaF/water,"BC S-loss, fixed kappa_D",0.01,298.15,F,NaF,neutral ion-pair NaF: mu_Na + mu_F,0.0475,0.015,0.015,-0.3104737235717759,kJ/mol,-0.12524368912581524,-0.0032178333922274756,-0.3104737235717759,-0.01202433863377951,0.11321935049203574,0.0,0.0,NaClFWater/data/S0_NaClFWater_matrix_BC_s_loss_split0.csv,0,0.09064141912018338,0.05233184772876757,0.036564336548714514,0.021110429549140396,3
NaClFWater,NaCl/NaF/water,"BC S-loss, fixed kappa_D",0.01,298.15,F,NaF,neutral ion-pair NaF: mu_Na + mu_F,0.0475,0.0175,0.0175,-0.2719577770063202,kJ/mol,-0.10970653131891552,-0.002818643735963633,-0.2719577770063202,0.003512819173120233,0.11321935049203574,0.0,0.0,NaClFWater/data/S0_NaClFWater_matrix_BC_s_loss_split0.csv,0,0.08708696680510009,0.05027968372783254,0.0351304866381925,0.020282595917322992,3
NaClFWater,NaCl/NaF/water,"BC S-loss, fixed kappa_D",0.01,298.15,F,NaF,neutral ion-pair NaF: mu_Na + mu_F,0.0475,0.02,0.02,-0.2228084607122724,kJ/mol,-0.08987992048737113,-0.0023092469684797834,-0.2228084607122724,0.023339430004664607,0.11321935049203574,0.0,0.0,NaClFWater/data/S0_NaClFWater_matrix_BC_s_loss_split0.csv,0,0.08168250524502764,0.04715941639129973,0.03295035140569947,0.019023894253973352,3
NaClFWater,NaCl/NaF/water,"BC S-loss, fixed kappa_D",0.01,298.15,F,NaF,neutral ion-pair NaF: mu_Na + mu_F,0.0475,0.0225,0.0225,-0.16311831799678264,kJ/mol,-0.06580118818071887,-0.0016906022335660964,-0.16311831799678264,0.04741816231131688,0.11321935049203574,0.0,0.0,NaClFWater/data/S0_NaClFWater_matrix_BC_s_loss_split0.csv,0,0.07385373942494254,0.042639476337651055,0.029792262852086752,0.017200570977420376,3
NaClFWater,NaCl/NaF/water,"BC S-loss, fixed kappa_D",0.01,298.15,F,NaF,neutral ion-pair NaF: mu_Na + mu_F,0.0475,0.025,0.025,-0.09389525390417029,kJ/mol,-0.037876918713363336,-0.0009731557308896297,-0.09389525390417029,0.0753424317786724,0.11321935049203574,0.0,0.0,NaClFWater/data/S0_NaClFWater_matrix_BC_s_loss_split0.csv,0,0.06403280175005736,0.036969355327361564,0.025830541225770214,0.014913269930012159,3
NaClFWater,NaCl/NaF/water,"BC S-loss, fixed kappa_D",0.01,298.15,F,NaF,neutral ion-pair NaF: mu_Na + mu_F,0.0475,0.0275,0.0275,-0.016551145657566314,kJ/mol,-0.006676656940770381,-0.00017154053671220002,-0.016551145657566314,0.10654269355126536,0.11321935049203574,0.0,0.0,NaClFWater/data/S0_NaClFWater_matrix_BC_s_loss_split0.csv,0,0.05383490181231801,0.031081595053138875,0.021716754735741767,0.01253817419260559,3
NaClFWater,NaCl/NaF/water,"BC S-loss, fixed kappa_D",0.01,298.15,F,NaF,neutral ion-pair NaF: mu_Na + mu_F,0.0475,0.03,0.03,0.06760233038628043,kJ/mol,0.027270472855724925,0.0007006487815033325,0.06760233038628043,0.14048982334776067,0.11321935049203574,0.0,0.0,NaClFWater/data/S0_NaClFWater_matrix_BC_s_loss_split0.csv,0,0.04573583834948659,0.026405598582689295,0.01844962934142605,0.010651898466721148,3
NaClFWater,NaCl/NaF/water,"BC S-loss, fixed kappa_D",0.01,298.15,F,NaF,neutral ion-pair NaF: mu_Na + mu_F,0.0475,0.0325,0.0325,0.15782603759744127,kJ/mol,0.06366630631865197,0.0016357516124116957,0.15782603759744127,0.1768856568106877,0.11321935049203574,0.0,0.0,NaClFWater/data/S0_NaClFWater_matrix_BC_s_loss_split0.csv,0,0.04236867303950241,0.024461564784563957,0.017091330157626063,0.009867684067314177,3
NaClFWater,NaCl/NaF/water,"BC S-loss, fixed kappa_D",0.01,298.15,F,NaF,neutral ion-pair NaF: mu_Na + mu_F,0.0475,0.034999999999999996,0.034999999999999996,0.2543712605028365,kJ/mol,0.10261221048419555,0.0026363723366102936,0.2543712605028365,0.2158315609762313,0.11321935049203574,0.0,0.0,NaClFWater/data/S0_NaClFWater_matrix_BC_s_loss_split0.csv,0,0.04589585618883038,0.026497984925309574,0.018514179810608433,0.010689166697479914,3
NaClFWater,NaCl/NaF/water,"BC S-loss, fixed kappa_D",0.01,298.15,F,NaF,neutral ion-pair NaF: mu_Na + mu_F,0.0475,0.0375,0.0375,0.3588234350500517,kJ/mol,0.14474774300852045,0.0037189428397823585,0.3588234350500517,0.2579670935005562,0.11321935049203574,0.0,0.0,NaClFWater/data/S0_NaClFWater_matrix_BC_s_loss_split0.csv,0,0.05848777467514077,0.033767932452994705,0.023593702503395913,0.013621830491515578,3
NaClFWater,NaCl/NaF/water,"BC S-loss, fixed kappa_D",0.01,298.15,F,NaF,neutral ion-pair NaF: mu_Na + mu_F,0.0475,0.04,0.04,0.47435578718254073,kJ/mol,0.19135296881633518,0.004916351291285538,0.47435578718254073,0.3045723193083709,0.11321935049203574,0.0,0.0,NaClFWater/data/S0_NaClFWater_matrix_BC_s_loss_split0.csv,0,0.08260669744428467,0.047692999006323726,0.03332316633884305,0.019239139055981715,3
NaClFWater,NaCl/NaF/water,"BC S-loss, fixed kappa_D",0.01,298.15,F,NaF,neutral ion-pair NaF: mu_Na + mu_F,0.05,0.0,0.0,-0.45979320510650834,kJ/mol,-0.18547848938723102,-0.0047654207637606305,-0.45979320510650834,-0.07225913889519528,0.11321935049203574,0.0,0.0,NaClFWater/data/S0_NaClFWater_matrix_BC_s_loss_split0.csv,0,0.18250867198804435,0.10537143090173852,0.07362316886038067,0.04250635636013406,3
NaClFWater,NaCl/NaF/water,"BC S-loss, fixed kappa_D",0.01,298.15,F,NaF,neutral ion-pair NaF: mu_Na + mu_F,0.05,0.0025,0.0025,-0.3681348032732745,kJ/mol,-0.1485039066337997,-0.0038154483709149645,-0.3681348032732745,-0.035284556141763956,0.11321935049203574,0.0,0.0,NaClFWater/data/S0_NaClFWater_matrix_BC_s_loss_split0.csv,0,0.09254171365186294,0.05342898328817233,0.037330906726812496,0.021553009047818008,3
NaClFWater,NaCl/NaF/water,"BC S-loss, fixed kappa_D",0.01,298.15,F,NaF,neutral ion-pair NaF: mu_Na + mu_F,0.05,0.005,0.005,-0.3099925621007506,kJ/mol,-0.1250495907750655,-0.0032128465049936494,-0.3099925621007506,-0.011830240283029746,0.11321935049203574,0.0,0.0,NaClFWater/data/S0_NaClFWater_matrix_BC_s_loss_split0.csv,0,0.07405606248478647,0.04275628761071521,0.02987387905496074,0.017247692114119906,3
NaClFWater,NaCl/NaF/water,"BC S-loss, fixed kappa_D",0.01,298.15,F,NaF,neutral ion-pair NaF: mu_Na + mu_F,0.05,0.0075,0.0075,-0.27102067378655725,kJ/mol,-0.10932850813877462,-0.002808931345498422,-0.27102067378655725,0.0038908423532611268,0.11321935049203574,0.0,0.0,NaClFWater/data/S0_NaClFWater_matrix_BC_s_loss_split0.csv,0,0.08095214483100405,0.04673774260965776,0.03265572733384101,0.01885379296677613,3
NaClFWater,NaCl/NaF/water,"BC S-loss, fixed kappa_D",0.01,298.15,F,NaF,neutral ion-pair NaF: mu_Na + mu_F,0.05,0.01,0.01,-0.23984782166015525,kJ/mol,-0.09675352125753692,-0.002485847500111049,-0.23984782166015525,0.016465829234498824,0.11321935049203574,0.0,0.0,NaClFWater/data/S0_NaClFWater_matrix_BC_s_loss_split0.csv,0,0.08345816845643123,0.048184596024393705,0.03366664587559127,0.019437447058984425,3
NaClFWater,NaCl/NaF/water,"BC S-loss, fixed kappa_D",0.01,298.15,F,NaF,neutral ion-pair NaF: mu_Na + mu_F,0.05,0.0125,0.0125,-0.20801516082192467,kJ/mol,-0.08391237054048056,-0.0021559252193128486,-0.20801516082192467,0.029306979951555182,0.11321935049203574,0.0,0.0,NaClFWater/data/S0_NaClFWater_matrix_BC_s_loss_split0.csv,0,0.0809492413179484,0.04673606626561348,0.03265455606986952,0.018853116737206896,3
NaClFWater,NaCl/NaF/water,"BC S-loss, fixed kappa_D",0.01,298.15,F,NaF,neutral ion-pair NaF: mu_Na + mu_F,0.05,0.015,0.015,-0.16978311050270017,kJ/mol,-0.06848973518913012,-0.0017596779402992975,-0.16978311050270017,0.04472961530290561,0.11321935049203574,0.0,0.0,NaClFWater/data/S0_NaClFWater_matrix_BC_s_loss_split0.csv,0,0.07732644165928117,0.044644441907461876,0.0311931351515536,0.01800936497661785,3
NaClFWater,NaCl/NaF/water,"BC S-loss, fixed kappa_D",0.01,298.15,F,NaF,neutral ion-pair NaF: mu_Na + mu_F,0.05,0.0175,0.0175,-0.12182189311667066,kJ/mol,-0.04914239805770665,-0.0012625949502762523,-0.12182189311667066,0.06407695243432909,0.11321935049203574,0.0,0.0,NaClFWater/data/S0_NaClFWater_matrix_BC_s_loss_split0.csv,0,0.07423081755614014,0.04285718249820351,0.029944374456561822,0.017288392653210923,3
NaClFWater,NaCl/NaF/water,"BC S-loss, fixed kappa_D",0.01,298.15,F,NaF,neutral ion-pair NaF: mu_Na + mu_F,0.05,0.02,0.02,-0.06280530145821411,kJ/mol,-0.02533537318647583,-0.0006509310801448007,-0.06280530145821411,0.08788397730555991,0.11321935049203574,0.0,0.0,NaClFWater/data/S0_NaClFWater_matrix_BC_s_loss_split0.csv,0,0.07084843641012818,0.04090436383305159,0.028579937273657343,0.01650063447836869,3
NaClFWater,NaCl/NaF/water,"BC S-loss, fixed kappa_D",0.01,298.15,F,NaF,neutral ion-pair NaF: mu_Na + mu_F,0.05,0.0225,0.0225,0.007069187771617051,kJ/mol,0.0028516782208003466,7.326696831455587e-05,0.007069187771617051,0.11607102871283609,0.11321935049203574,0.0,0.0,NaClFWater/data/S0_NaClFWater_matrix_BC_s_loss_split0.csv,0,0.06586885389902174,0.03802940052981233,0.026571196318633552,0.015340887347253475,3
NaClFWater,NaCl/NaF/water,"BC S-loss, fixed kappa_D",0.01,298.15,F,NaF,neutral ion-pair NaF: mu_Na + mu_F,0.05,0.025,0.025,0.0866082476953894,kJ/mol,0.03493737352489765,0.0008976312335562401,0.0866082476953894,0.1481567240169334,0.11321935049203574,0.0,0.0,NaClFWater/data/S0_NaClFWater_matrix_BC_s_loss_split0.csv,0,0.05902395012284773,0.034077493492061184,0.023809993242325314,0.013746706007859691,3
NaClFWater,NaCl/NaF/water,"BC S-loss, fixed kappa_D",0.01,298.15,F,NaF,neutral ion-pair NaF: mu_Na + mu_F,0.05,0.0275,0.0275,0.17417134542763388,kJ/mol,0.07025992921529989,0.0018051587903755715,0.17417134542763388,0.18347927970733563,0.11321935049203574,0.0,0.0,NaClFWater/data/S0_NaClFWater_matrix_BC_s_loss_split0.csv,0,0.051452227919836974,0.02970595763992386,0.020755594915693103,0.011983248311766241,3
NaClFWater,NaCl/NaF/water,"BC S-loss, fixed kappa_D",0.01,298.15,F,NaF,neutral ion-pair NaF: mu_Na + mu_F,0.05,0.03,0.03,0.26821282472863023,kJ/mol,0.10819583458921439,0.0027798300407084753,0.26821282472863023,0.22141518508125013,0.11321935049203574,0.0,0.0,NaClFWater/data/S0_NaClFWater_matrix_BC_s_loss_split0.csv,0,0.045335894794941954,0.026174691063812292,0.018288293929085805,0.010558751422976688,3
NaClFWater,NaCl/NaF/water,"BC S-loss, fixed kappa_D",0.01,298.15,F,NaF,neutral ion-pair NaF: mu_Na + mu_F,0.05,0.0325,0.0325,0.3677910047706105,kJ/mol,0.14836521988023416,0.003811885150525995,0.3677910047706105,0.2615845703722699,0.11321935049203574,0.0,0.0,NaClFWater/data/S0_NaClFWater_matrix_BC_s_loss_split0.csv,0,0.04318901619193486,0.024935190124448697,0.017422252857227698,0.010058742377010139,3
NaClFWater,NaCl/NaF/water,"BC S-loss, fixed kappa_D",0.01,298.15,F,NaF,neutral ion-pair NaF: mu_Na + mu_F,0.05,0.034999999999999996,0.034999999999999996,0.47301994652955087,kJ/mol,0.19081409676771233,0.004902506278540386,0.47301994652955087,0.30403344725974807,0.11321935049203574,0.0,0.0,NaClFWater/data/S0_NaClFWater_matrix_BC_s_loss_split0.csv,0,0.047300964683533786,0.027309224692967215,0.01908099419178742,0.011016417133034154,3
NaClFWater,NaCl/NaF/water,"BC S-loss, fixed kappa_D",0.01,298.15,F,NaF,neutral ion-pair NaF: mu_Na + mu_F,0.05,0.0375,0.0375,0.5854426443405257,kJ/mol,0.2361649021542046,0.006067685434118175,0.5854426443405257,0.34938425264624035,0.11321935049203574,0.0,0.0,NaClFWater/data/S0_NaClFWater_matrix_BC_s_loss_split0.csv,0,0.06000707398779873,0.03464510032013739,0.024206580941592032,0.013975676022788625,3
NaClFWater,NaCl/NaF/water,"BC S-loss, fixed kappa_D",0.01,298.15,F,NaF,neutral ion-pair NaF: mu_Na + mu_F,0.05,0.04,0.04,0.7083083504171335,kJ/mol,0.2857283696162908,0.0073410987433817345,0.7083083504171335,0.3989477201083265,0.11321935049203574,0.0,0.0,NaClFWater/data/S0_NaClFWater_matrix_BC_s_loss_split0.csv,0,0.08371721758444468,0.048334158108185615,0.03377114511657042,0.01949777972389385,3
NaClFWater,NaCl/NaF/water,"BC S-loss, fixed kappa_D",0.01,298.15,F,NaF,neutral ion-pair NaF: mu_Na + mu_F,0.052500000000000005,0.0,0.0,-0.3697444947252698,kJ/mol,-0.14915324885021297,-0.0038321316471865425,-0.3697444947252698,-0.035933898358177244,0.11321935049203574,0.0,0.0,NaClFWater/data/S0_NaClFWater_matrix_BC_s_loss_split0.csv,0,0.22385983523348948,0.12924553613280043,0.09030404019120711,0.05213706191330421,3
NaClFWater,NaCl/NaF/water,"BC S-loss, fixed kappa_D",0.01,298.15,F,NaF,neutral ion-pair NaF: mu_Na + mu_F,0.052500000000000005,0.0025,0.0025,-0.26511294686977027,kJ/mol,-0.106945357948497,-0.002747702070678315,-0.26511294686977027,0.00627399254353875,0.11321935049203574,0.0,0.0,NaClFWater/data/S0_NaClFWater_matrix_BC_s_loss_split0.csv,0,0.11006816501952993,0.06354788470323376,0.04440099755871294,0.025634927892810834,3
NaClFWater,NaCl/NaF/water,"BC S-loss, fixed kappa_D",0.01,298.15,F,NaF,neutral ion-pair NaF: mu_Na + mu_F,0.052500000000000005,0.005,0.005,-0.19643885064949235,kJ/mol,-0.07924253962602978,-0.0020359452190632506,-0.19643885064949235,0.03397681086600595,0.11321935049203574,0.0,0.0,NaClFWater/data/S0_NaClFWater_matrix_BC_s_loss_split0.csv,0,0.07129735104190077,0.04116354481654866,0.028761027395999873,0.016605186909250728,3
NaClFWater,NaCl/NaF/water,"BC S-loss, fixed kappa_D",0.01,298.15,F,NaF,neutral ion-pair NaF: mu_Na + mu_F,0.052500000000000005,0.0075,0.0075,-0.14839289216522855,kJ/mol,-0.05986101832068867,-0.0015379839494471523,-0.14839289216522855,0.05335833217134707,0.11321935049203574,0.0,0.0,NaClFWater/data/S0_NaClFWater_matrix_BC_s_loss_split0.csv,0,0.07239586657509917,0.041797773055349735,0.029204163569834483,0.016861031698501804,3
NaClFWater,NaCl/NaF/water,"BC S-loss, fixed kappa_D",0.01,298.15,F,NaF,neutral ion-pair NaF: mu_Na + mu_F,0.052500000000000005,0.01,0.01,-0.10881876569143861,kJ/mol,-0.043896995547717324,-0.0011278270312686798,-0.10881876569143861,0.06932235494431842,0.11321935049203574,0.0,0.0,NaClFWater/data/S0_NaClFWater_matrix_BC_s_loss_split0.csv,0,0.07330492829590303,0.04232262008456583,0.02957087493673126,0.01707275260489455,3
NaClFWater,NaCl/NaF/water,"BC S-loss, fixed kappa_D",0.01,298.15,F,NaF,neutral ion-pair NaF: mu_Na + mu_F,0.052500000000000005,0.0125,0.0125,-0.06867394370574052,kJ/mol,-0.027702756798795927,-0.0007117552709132722,-0.06867394370574052,0.08551659369323981,0.11321935049203574,0.0,0.0,NaClFWater/data/S0_NaClFWater_matrix_BC_s_loss_split0.csv,0,0.06879440343520052,0.039718467342052734,0.02775134970622496,0.016022249223264423,3
NaClFWater,NaCl/NaF/water,"BC S-loss, fixed kappa_D",0.01,298.15,F,NaF,neutral ion-pair NaF: mu_Na + mu_F,0.052500000000000005,0.015,0.015,-0.021830108435731153,kJ/mol,-0.008806166534977247,-0.0002262531304495496,-0.021830108435731153,0.1044131839570585,0.11321935049203574,0.0,0.0,NaClFWater/data/S0_NaClFWater_matrix_BC_s_loss_split0.csv,0,0.06359457082763675,0.036716342586334806,0.025653760863227626,0.014811205740110757,3
NaClFWater,NaCl/NaF/water,"BC S-loss, fixed kappa_D",0.01,298.15,F,NaF,neutral ion-pair NaF: mu_Na + mu_F,0.052500000000000005,0.0175,0.0175,0.03525115256765707,kJ/mol,0.014220154745203939,0.00036535245089908136,0.03525115256765707,0.12743950523723968,0.11321935049203574,0.0,0.0,NaClFWater/data/S0_NaClFWater_matrix_BC_s_loss_split0.csv,0,0.060825053182467496,0.035117360828370914,0.02453655003137489,0.014166183765599014,3
NaClFWater,NaCl/NaF/water,"BC S-loss, fixed kappa_D",0.01,298.15,F,NaF,neutral ion-pair NaF: mu_Na + mu_F,0.052500000000000005,0.02,0.02,0.10394691677747606,kJ/mol,0.04193171383618077,0.0010773338754006545,0.10394691677747606,0.15515106432821651,0.11321935049203574,0.0,0.0,NaClFWater/data/S0_NaClFWater_matrix_BC_s_loss_split0.csv,0,0.05976566763692537,0.03450572429847657,0.0241091987167327,0.013919452369051805,3
NaClFWater,NaCl/NaF/water,"BC S-loss, fixed kappa_D",0.01,298.15,F,NaF,neutral ion-pair NaF: mu_Na + mu_F,0.052500000000000005,0.0225,0.0225,0.18398134785376546,kJ/mol,0.074217239611965,0.0019068323008468726,0.18398134785376546,0.18743659010400074,0.11321935049203574,0.0,0.0,NaClFWater/data/S0_NaClFWater_matrix_BC_s_loss_split0.csv,0,0.05811504976891103,0.033552739628049284,0.02344334697008943,0.01353502268388693,3
NaClFWater,NaCl/NaF/water,"BC S-loss, fixed kappa_D",0.01,298.15,F,NaF,neutral ion-pair NaF: mu_Na + mu_F,0.052500000000000005,0.025,0.025,0.27398675766421626,kJ/mol,0.11052501289550884,0.002839672638629054,0.27398675766421626,0.22374436338754458,0.11321935049203574,0.0,0.0,NaClFWater/data/S0_NaClFWater_matrix_BC_s_loss_split0.csv,0,0.0546588695482798,0.03155731304729999,0.022049139575867027,0.01273007666952646,3
NaClFWater,NaCl/NaF/water,"BC S-loss, fixed kappa_D",0.01,298.15,F,NaF,neutral ion-pair NaF: mu_Na + mu_F,0.052500000000000005,0.0275,0.0275,0.3720884877760614,kJ/mol,0.15009880499451111,0.003856425423236942,0.3720884877760614,0.26331815548654686,0.11321935049203574,0.0,0.0,NaClFWater/data/S0_NaClFWater_matrix_BC_s_loss_split0.csv,0,0.049966488831705166,0.02884816577744541,0.02015625451955476,0.011637218972719552,3
NaClFWater,NaCl/NaF/water,"BC S-loss, fixed kappa_D",0.01,298.15,F,NaF,neutral ion-pair NaF: mu_Na + mu_F,0.052500000000000005,0.03,0.03,0.47648447358302787,kJ/mol,0.19221167123637212,0.004938413571153433,0.47648447358302787,0.30543102172840786,0.11321935049203574,0.0,0.0,NaClFWater/data/S0_NaClFWater_matrix_BC_s_loss_split0.csv,0,0.045917182404066156,0.026510297621416743,0.018522782708916503,0.01069413358313389,3
NaClFWater,NaCl/NaF/water,"BC S-loss, fixed kappa_D",0.01,298.15,F,NaF,neutral ion-pair NaF: mu_Na + mu_F,0.052500000000000005,0.0325,0.0325,0.5859912859256458,kJ/mol,0.23638622167631346,0.006073371703450903,0.5859912859256458,0.3496055721683492,0.11321935049203574,0.0,0.0,NaClFWater/data/S0_NaClFWater_matrix_BC_s_loss_split0.csv,0,0.0449105015224888,0.025929090143450007,0.018116692216198785,0.010459677127847967,3
NaClFWater,NaCl/NaF/water,"BC S-loss, fixed kappa_D",0.01,298.15,F,NaF,neutral ion-pair NaF: mu_Na + mu_F,0.052500000000000005,0.034999999999999996,0.034999999999999996,0.700530594197505,kJ/mol,0.2825908581036866,0.007260487980602193,0.700530594197505,0.39581020859572236,0.11321935049203574,0.0,0.0,NaClFWater/data/S0_NaClFWater_matrix_BC_s_loss_split0.csv,0,0.049288446533716425,0.028456697874179655,0.019882735337942544,0.011479302599587213,3
NaClFWater,NaCl/NaF/water,"BC S-loss, fixed kappa_D",0.01,298.15,F,NaF,neutral ion-pair NaF: mu_Na + mu_F,0.052500000000000005,0.0375,0.0375,0.8215332159440611,kJ/mol,0.33140276581390793,0.008514591781477066,0.8215332159440611,0.44462211630594367,0.11321935049203574,0.0,0.0,NaClFWater/data/S0_NaClFWater_matrix_BC_s_loss_split0.csv,0,0.061420138867689454,0.035460933708924704,0.02477660489239742,0.01430477950423065,3
NaClFWater,NaCl/NaF/water,"BC S-loss, fixed kappa_D",0.01,298.15,F,NaF,neutral ion-pair NaF: mu_Na + mu_F,0.052500000000000005,0.04,0.04,0.9522420913568095,kJ/mol,0.3841301321425261,0.009869293812698743,0.9522420913568095,0.49734948263456186,0.11321935049203574,0.0,0.0,NaClFWater/data/S0_NaClFWater_matrix_BC_s_loss_split0.csv,0,0.08364250542651695,0.0482910230236943,0.033741006571595476,0.01948037922683958,3
NaClFWater,NaCl/NaF/water,"BC S-loss, fixed kappa_D",0.01,298.15,F,NaF,neutral ion-pair NaF: mu_Na + mu_F,0.055,0.0,0.0,-0.2703951529621514,kJ/mol,-0.10907617588091931,-0.0028024482789987815,-0.2703951529621514,0.004143174611116442,0.11321935049203574,0.0,0.0,NaClFWater/data/S0_NaClFWater_matrix_BC_s_loss_split0.csv,0,0.2641969127314766,0.15253415868458609,0.10657583394007132,0.061531586414409034,3
NaClFWater,NaCl/NaF/water,"BC S-loss, fixed kappa_D",0.01,298.15,F,NaF,neutral ion-pair NaF: mu_Na + mu_F,0.055,0.0025,0.0025,-0.15268540109507955,kJ/mol,-0.06159259691547356,-0.0015824726694972922,-0.15268540109507955,0.051626753576562184,0.11321935049203574,0.0,0.0,NaClFWater/data/S0_NaClFWater_matrix_BC_s_loss_split0.csv,0,0.12748098402981112,0.07360118044616984,0.05142524961405175,0.02969038170781648,3
NaClFWater,NaCl/NaF/water,"BC S-loss, fixed kappa_D",0.01,298.15,F,NaF,neutral ion-pair NaF: mu_Na + mu_F,0.055,0.005,0.005,-0.07364048758404464,kJ/mol,-0.029706238028601964,-0.0007632298709268069,-0.07364048758404464,0.08351311246343378,0.11321935049203574,0.0,0.0,NaClFWater/data/S0_NaClFWater_matrix_BC_s_loss_split0.csv,0,0.06849190894586105,0.039543822067204214,0.027629324803926426,0.01595179811307453,3
NaClFWater,NaCl/NaF/water,"BC S-loss, fixed kappa_D",0.01,298.15,F,NaF,neutral ion-pair NaF: mu_Na + mu_F,0.055,0.0075,0.0075,-0.0168662489514954,kJ/mol,-0.006803768177539027,-0.0001748063522200025,-0.0168662489514954,0.10641558231449672,0.11321935049203574,0.0,0.0,NaClFWater/data/S0_NaClFWater_matrix_BC_s_loss_split0.csv,0,0.0634527119133721,0.03663444030399716,0.025596535621898044,0.014778166731624682,3
NaClFWater,NaCl/NaF/water,"BC S-loss, fixed kappa_D",0.01,298.15,F,NaF,neutral ion-pair NaF: mu_Na + mu_F,0.055,0.01,0.01,0.03065949922857235,kJ/mol,0.012367902655210594,0.0003177633175255325,0.03065949922857235,0.12558725314724634,0.11321935049203574,0.0,0.0,NaClFWater/data/S0_NaClFWater_matrix_BC_s_loss_split0.csv,0,0.06397255243587462,0.03693457036959966,0.02580623692623484,0.014899237836132945,3
NaClFWater,NaCl/NaF/water,"BC S-loss, fixed kappa_D",0.01,298.15,F,NaF,neutral ion-pair NaF: mu_Na + mu_F,0.055,0.0125,0.0125,0.07863992688678023,kJ/mol,0.03172298912312879,0.000815045407989601,0.07863992688678023,0.14494233961516453,0.11321935049203574,0.0,0.0,NaClFWater/data/S0_NaClFWater_matrix_BC_s_loss_split0.csv,0,0.057870863105259115,0.03341175839205733,0.023344843179690482,0.0134781514939839,3
NaClFWater,NaCl/NaF/water,"BC S-loss, fixed kappa_D",0.01,298.15,F,NaF,neutral ion-pair NaF: mu_Na + mu_F,0.055,0.015,0.015,0.13366173486280886,kJ/mol,0.05391853641135824,0.0013853062628186312,0.13366173486280886,0.16713788690339398,0.11321935049203574,0.0,0.0,NaClFWater/data/S0_NaClFWater_matrix_BC_s_loss_split0.csv,0,0.050506174445230846,0.02915975341169223,0.02037396124342331,0.01176291200834945,3
NaClFWater,NaCl/NaF/water,"BC S-loss, fixed kappa_D",0.01,298.15,F,NaF,neutral ion-pair NaF: mu_Na + mu_F,0.055,0.0175,0.0175,0.19953114319717857,kJ/mol,0.08048995638669151,0.0020679945728829807,0.19953114319717857,0.19370930687872726,0.11321935049203574,0.0,0.0,NaClFWater/data/S0_NaClFWater_matrix_BC_s_loss_split0.csv,0,0.047509678950126394,0.027429725930968173,0.019165188578418688,0.011065026784819972,3
NaClFWater,NaCl/NaF/water,"BC S-loss, fixed kappa_D",0.01,298.15,F,NaF,neutral ion-pair NaF: mu_Na + mu_F,0.055,0.02,0.02,0.27772196860234966,kJ/mol,0.11203178001310285,0.002878385372014236,0.27772196860234966,0.2252511305051386,0.11321935049203574,0.0,0.0,NaClFWater/data/S0_NaClFWater_matrix_BC_s_loss_split0.csv,0,0.04892877498384999,0.02824904140804442,0.01973764546927137,0.011395534924853224,3
NaClFWater,NaCl/NaF/water,"BC S-loss, fixed kappa_D",0.01,298.15,F,NaF,neutral ion-pair NaF: mu_Na + mu_F,0.055,0.0225,0.0225,0.3679102107428944,kJ/mol,0.1484133070277161,0.0038131206333673617,0.3679102107428944,0.26163265751975184,0.11321935049203574,0.0,0.0,NaClFWater/data/S0_NaClFWater_matrix_BC_s_loss_split0.csv,0,0.050994326317017204,0.029441588026273502,0.020570879490071834,0.011876602811060325,3
NaClFWater,NaCl/NaF/water,"BC S-loss, fixed kappa_D",0.01,298.15,F,NaF,neutral ion-pair NaF: mu_Na + mu_F,0.055,0.025,0.025,0.4685665031278642,kJ/mol,0.18901759793836354,0.0048563495902271825,0.4685665031278642,0.3022369484303993,0.11321935049203574,0.0,0.0,NaClFWater/data/S0_NaClFWater_matrix_BC_s_loss_split0.csv,0,0.05117246130750852,0.029544434310985756,0.020642738335692853,0.011918090534923277,3
NaClFWater,NaCl/NaF/water,"BC S-loss, fixed kappa_D",0.01,298.15,F,NaF,neutral ion-pair NaF: mu_Na + mu_F,0.055,0.0275,0.0275,0.5775760162853236,kJ/mol,0.23299154014701245,0.005986153579669917,0.5775760162853236,0.3462108906390482,0.11321935049203574,0.0,0.0,NaClFWater/data/S0_NaClFWater_matrix_BC_s_loss_split0.csv,0,0.049416385062834745,0.028530563218405844,0.019934345159165947,0.011509099543763373,3
NaClFWater,NaCl/NaF/water,"BC S-loss, fixed kappa_D",0.01,298.15,F,NaF,neutral ion-pair NaF: mu_Na + mu_F,0.055,0.03,0.03,0.6928549520329484,kJ/mol,0.2794945389368362,0.007180935555425093,0.6928549520329484,0.3927138894288719,0.11321935049203574,0.0,0.0,NaClFWater/data/S0_NaClFWater_matrix_BC_s_loss_split0.csv,0,0.047336152631254465,0.027329540464055977,0.019095188849984606,0.011024612422765354,3
NaClFWater,NaCl/NaF/water,"BC S-loss, fixed kappa_D",0.01,298.15,F,NaF,neutral ion-pair NaF: mu_Na + mu_F,0.055,0.0325,0.0325,0.8129336907971394,kJ/mol,0.3279337564506028,0.008425463983940062,0.8129336907971394,0.44115310694263854,0.11321935049203574,0.0,0.0,NaClFWater/data/S0_NaClFWater_matrix_BC_s_loss_split0.csv,0,0.04721764898103149,0.027261122349699792,0.01904738501603031,0.010997012866363544,3
NaClFWater,NaCl/NaF/water,"BC S-loss, fixed kappa_D",0.01,298.15,F,NaF,neutral ion-pair NaF: mu_Na + mu_F,0.055,0.034999999999999996,0.034999999999999996,0.9374788056341664,kJ/mol,0.37817468977448676,0.009716283138459403,0.9374788056341664,0.4913940402665225,0.11321935049203574,0.0,0.0,NaClFWater/data/S0_NaClFWater_matrix_BC_s_loss_split0.csv,0,0.05137662601290252,0.029662308858604002,0.020725097450012275,0.011965640591745815,3
NaClFWater,NaCl/NaF/water,"BC S-loss, fixed kappa_D",0.01,298.15,F,NaF,neutral ion-pair NaF: mu_Na + mu_F,0.055,0.0375,0.0375,1.067729529833764,kJ/mol,0.4307172399858105,0.011066236766964723,1.067729529833764,0.5439365904778463,0.11321935049203574,0.0,0.0,NaClFWater/data/S0_NaClFWater_matrix_BC_s_loss_split0.csv,0,0.06212972716799128,0.03587061470511777,0.025062849587980378,0.014470042956279574,3
NaClFWater,NaCl/NaF/water,"BC S-loss, fixed kappa_D",0.01,298.15,F,NaF,neutral ion-pair NaF: mu_Na + mu_F,0.055,0.04,0.04,1.206828568738735,kJ/mol,0.48682916013768257,0.012507896715078458,1.206828568738735,0.6000485106297183,0.11321935049203574,0.0,0.0,NaClFWater/data/S0_NaClFWater_matrix_BC_s_loss_split0.csv,0,0.08175382733605879,0.04720059421975573,0.032979122413094704,0.01904050520283785,3
NaClFWater,NaCl/NaF/water,"BC S-loss, fixed kappa_D",0.01,298.15,F,NaF,neutral ion-pair NaF: mu_Na + mu_F,0.0575,0.0,0.0,-0.16177308278175237,kJ/mol,-0.06525852640846297,-0.0016766598530466579,-0.16177308278175237,0.04796082408357277,0.11321935049203574,0.0,0.0,NaClFWater/data/S0_NaClFWater_matrix_BC_s_loss_split0.csv,0,0.30190618824078486,0.17430561905083097,0.12178758430887729,0.07031409458468454,3
NaClFWater,NaCl/NaF/water,"BC S-loss, fixed kappa_D",0.01,298.15,F,NaF,neutral ion-pair NaF: mu_Na + mu_F,0.0575,0.0025,0.0025,-0.030742282482860244,kJ/mol,-0.012401297043777779,-0.0003186213054959807,-0.030742282482860244,0.10081805344825796,0.11321935049203574,0.0,0.0,NaClFWater/data/S0_NaClFWater_matrix_BC_s_loss_split0.csv,0,0.14394228787996144,0.08310511865526635,0.05806566477800102,0.03352422719025346,3
NaClFWater,NaCl/NaF/water,"BC S-loss, fixed kappa_D",0.01,298.15,F,NaF,neutral ion-pair NaF: mu_Na + mu_F,0.0575,0.005,0.005,0.05861777311961329,kJ/mol,0.02364614328511183,0.0006075304072510334,0.05861777311961329,0.13686549377714757,0.11321935049203574,0.0,0.0,NaClFWater/data/S0_NaClFWater_matrix_BC_s_loss_split0.csv,0,0.06605896496074364,0.0381391612024734,0.026647886256963127,0.01538516430379219,3
NaClFWater,NaCl/NaF/water,"BC S-loss, fixed kappa_D",0.01,298.15,F,NaF,neutral ion-pair NaF: mu_Na + mu_F,0.0575,0.0075,0.0075,0.12385283296771393,kJ/mol,0.04996166996391191,0.0012836441585477591,0.12385283296771393,0.16318102045594765,0.11321935049203574,0.0,0.0,NaClFWater/data/S0_NaClFWater_matrix_BC_s_loss_split0.csv,0,0.05494855310723237,0.03172456192804106,0.022165996607067376,0.012797544107946682,3
NaClFWater,NaCl/NaF/water,"BC S-loss, fixed kappa_D",0.01,298.15,F,NaF,neutral ion-pair NaF: mu_Na + mu_F,0.0575,0.01,0.01,0.17893759193330847,kJ/mol,0.0721826113952484,0.001854557454407768,0.17893759193330847,0.18540196188728414,0.11321935049203574,0.0,0.0,NaClFWater/data/S0_NaClFWater_matrix_BC_s_loss_split0.csv,0,0.05671130787083902,0.032742288865324654,0.022877083867780965,0.013208090529336986,3
NaClFWater,NaCl/NaF/water,"BC S-loss, fixed kappa_D",0.01,298.15,F,NaF,neutral ion-pair NaF: mu_Na + mu_F,0.0575,0.0125,0.0125,0.234318573707015,kJ/mol,0.0945230477611782,0.002428540883329333,0.234318573707015,0.20774239825321394,0.11321935049203574,0.0,0.0,NaClFWater/data/S0_NaClFWater_matrix_BC_s_loss_split0.csv,0,0.04972980651907258,0.028711517180534562,0.020060777950253118,0.011582095549731946,3
NaClFWater,NaCl/NaF/water,"BC S-loss, fixed kappa_D",0.01,298.15,F,NaF,neutral ion-pair NaF: mu_Na + mu_F,0.0575,0.015,0.015,0.2971159213851197,kJ/mol,0.11985521242890423,0.0030793895283522947,0.2971159213851197,0.23307456292093998,0.11321935049203574,0.0,0.0,NaClFWater/data/S0_NaClFWater_matrix_BC_s_loss_split0.csv,0,0.03940646433298795,0.022751332790461983,0.015896388627320634,0.009177784253126474,3
NaClFWater,NaCl/NaF/water,"BC S-loss, fixed kappa_D",0.01,298.15,F,NaF,neutral ion-pair NaF: mu_Na + mu_F,0.0575,0.0175,0.0175,0.37146756845038714,kJ/mol,0.1498483289603324,0.0038499900479109783,0.37146756845038714,0.26306767945236814,0.11321935049203574,0.0,0.0,NaClFWater/data/S0_NaClFWater_matrix_BC_s_loss_split0.csv,0,0.034943224378501545,0.020174480001281362,0.014095937913093343,0.008138293548604694,3
NaClFWater,NaCl/NaF/water,"BC S-loss, fixed kappa_D",0.01,298.15,F,NaF,neutral ion-pair NaF: mu_Na + mu_F,0.0575,0.02,0.02,0.4589936839302176,kJ/mol,0.18515596617817848,0.004757134310693801,0.4589936839302176,0.2983753166702142,0.11321935049203574,0.0,0.0,NaClFWater/data/S0_NaClFWater_matrix_BC_s_loss_split0.csv,0,0.038835307073634764,0.02242157499302481,0.01566598638454969,0.009044761456240776,3
NaClFWater,NaCl/NaF/water,"BC S-loss, fixed kappa_D",0.01,298.15,F,NaF,neutral ion-pair NaF: mu_Na + mu_F,0.0575,0.0225,0.0225,0.5593547583655146,kJ/mol,0.22564116750956031,0.005797303549115895,0.5593547583655146,0.33886051800159606,0.11321935049203574,0.0,0.0,NaClFWater/data/S0_NaClFWater_matrix_BC_s_loss_split0.csv,0,0.044886397216963476,0.025915173516166335,0.01810696864889304,0.010454063223646512,3
NaClFWater,NaCl/NaF/water,"BC S-loss, fixed kappa_D",0.01,298.15,F,NaF,neutral ion-pair NaF: mu_Na + mu_F,0.0575,0.025,0.025,0.6708733748550229,kJ/mol,0.2706272705996148,0.006953112562086972,0.6708733748550229,0.3838466210916505,0.11321935049203574,0.0,0.0,NaClFWater/data/S0_NaClFWater_matrix_BC_s_loss_split0.csv,0,0.04869399424840113,0.028113490687232484,0.01964293598756386,0.011340854380094583,3
NaClFWater,NaCl/NaF/water,"BC S-loss, fixed kappa_D",0.01,298.15,F,NaF,neutral ion-pair NaF: mu_Na + mu_F,0.0575,0.0275,0.0275,0.7911877303707097,kJ/mol,0.319161534840163,0.008200082986149937,0.7911877303707097,0.43238088533219876,0.11321935049203574,0.0,0.0,NaClFWater/data/S0_NaClFWater_matrix_BC_s_loss_split0.csv,0,0.04967693324333468,0.028680990780554347,0.02003944911110564,0.01156978133870865,3
NaClFWater,NaCl/NaF/water,"BC S-loss, fixed kappa_D",0.01,298.15,F,NaF,neutral ion-pair NaF: mu_Na + mu_F,0.0575,0.03,0.03,0.9179044052172847,kJ/mol,0.3702784656031378,0.009513408774182608,0.9179044052172847,0.48349781609517356,0.11321935049203574,0.0,0.0,NaClFWater/data/S0_NaClFWater_matrix_BC_s_loss_split0.csv,0,0.04926299328507719,0.02844200243422604,0.019872467613114987,0.011473374525894059,3
NaClFWater,NaCl/NaF/water,"BC S-loss, fixed kappa_D",0.01,298.15,F,NaF,neutral ion-pair NaF: mu_Na + mu_F,0.0575,0.0325,0.0325,1.049218718457748,kJ/mol,0.42325006280001437,0.01087438572631072,1.049218718457748,0.5364694132920501,0.11321935049203574,0.0,0.0,NaClFWater/data/S0_NaClFWater_matrix_BC_s_loss_split0.csv,0,0.04962677474128687,0.028652031755894897,0.02001921539932734,0.011558099399766741,3
NaClFWater,NaCl/NaF/water,"BC S-loss, fixed kappa_D",0.01,298.15,F,NaF,neutral ion-pair NaF: mu_Na + mu_F,0.0575,0.034999999999999996,0.034999999999999996,1.184473198349646,kJ/mol,0.4778111053177994,0.012276199628104225,1.184473198349646,0.5910304558098352,0.11321935049203574,0.0,0.0,NaClFWater/data/S0_NaClFWater_matrix_BC_s_loss_split0.csv,0,0.052989365325028126,0.03059342433459241,0.021375669159350998,0.01234124834325968,3
NaClFWater,NaCl/NaF/water,"BC S-loss, fixed kappa_D",0.01,298.15,F,NaF,neutral ion-pair NaF: mu_Na + mu_F,0.0575,0.0375,0.0375,1.3246281187390376,kJ/mol,0.5343489632619816,0.013728803016647364,1.3246281187390376,0.6475683137540172,0.11321935049203574,0.0,0.0,NaClFWater/data/S0_NaClFWater_matrix_BC_s_loss_split0.csv,0,0.06154838996002754,0.035534979511609964,0.024828340800203224,0.0143346492445291,3
NaClFWater,NaCl/NaF/water,"BC S-loss, fixed kappa_D",0.01,298.15,F,NaF,neutral ion-pair NaF: mu_Na + mu_F,0.0575,0.04,0.04,1.472622533285433,kJ/mol,0.594049237522134,0.015262657036601015,1.472622533285433,0.7072685880141697,0.11321935049203574,0.0,0.0,NaClFWater/data/S0_NaClFWater_matrix_BC_s_loss_split0.csv,0,0.07753112130103526,0.04476261375372624,0.03127570198886058,0.01805703496236317,3
NaClFWater,NaCl/NaF/water,"BC S-loss, fixed kappa_D",0.01,298.15,F,NaF,neutral ion-pair NaF: mu_Na + mu_F,0.06,0.0,0.0,-0.04409839223421128,kJ/mol,-0.01778909101997804,-0.0004570476285152835,-0.04409839223421128,0.0954302594720577,0.11321935049203574,0.0,0.0,NaClFWater/data/S0_NaClFWater_matrix_BC_s_loss_split0.csv,0,0.3353917472684314,0.1936385155694078,0.13529550664386727,0.07811289718098358,3
NaClFWater,NaCl/NaF/water,"BC S-loss, fixed kappa_D",0.01,298.15,F,NaF,neutral ion-pair NaF: mu_Na + mu_F,0.06,0.0025,0.0025,0.10069663573244363,kJ/mol,0.04062056523367605,0.0010436470861918683,0.10069663573244363,0.1538399157257118,0.11321935049203574,0.0,0.0,NaClFWater/data/S0_NaClFWater_matrix_BC_s_loss_split0.csv,0,0.15860439913820532,0.0915702925371017,0.06398029382689405,0.03693903986378863,3
NaClFWater,NaCl/NaF/water,"BC S-loss, fixed kappa_D",0.01,298.15,F,NaF,neutral ion-pair NaF: mu_Na + mu_F,0.06,0.005,0.005,0.20048509359680428,kJ/mol,0.08087477564262621,0.0020778815720632338,0.20048509359680428,0.19409412613466195,0.11321935049203574,0.0,0.0,NaClFWater/data/S0_NaClFWater_matrix_BC_s_loss_split0.csv,0,0.06421928772230502,0.03707702305363884,0.025905768819480285,0.014956702601491158,3
NaClFWater,NaCl/NaF/water,"BC S-loss, fixed kappa_D",0.01,298.15,F,NaF,neutral ion-pair NaF: mu_Na + mu_F,0.06,0.0075,0.0075,0.27405330976947256,kJ/mol,0.11055185971231993,0.0028403624025941103,0.27405330976947256,0.22377121020435567,0.11321935049203574,0.0,0.0,NaClFWater/data/S0_NaClFWater_matrix_BC_s_loss_split0.csv,0,0.04774904413944325,0.027567923487454887,0.019261747407982272,0.011120775051061143,3
NaClFWater,NaCl/NaF/water,"BC S-loss, fixed kappa_D",0.01,298.15,F,NaF,neutral ion-pair NaF: mu_Na + mu_F,0.06,0.01,0.01,0.33641788688456065,kJ/mol,0.13570944670167207,0.0034867256968027505,0.33641788688456065,0.2489287971937078,0.11321935049203574,0.0,0.0,NaClFWater/data/S0_NaClFWater_matrix_BC_s_loss_split0.csv,0,0.05251128051801186,0.030317401942566102,0.021182811920880444,0.012229902164713539,3
NaClFWater,NaCl/NaF/water,"BC S-loss, fixed kappa_D",0.01,298.15,F,NaF,neutral ion-pair NaF: mu_Na + mu_F,0.06,0.0125,0.0125,0.3988544325483501,kJ/mol,0.16089606547650576,0.004133834892456889,0.3988544325483501,0.2741154159685415,0.11321935049203574,0.0,0.0,NaClFWater/data/S0_NaClFWater_matrix_BC_s_loss_split0.csv,0,0.04564239613000728,0.026351649692119235,0.018411935174740855,0.010630135729438573,3
NaClFWater,NaCl/NaF/water,"BC S-loss, fixed kappa_D",0.01,298.15,F,NaF,neutral ion-pair NaF: mu_Na + mu_F,0.06,0.015,0.015,0.4690946045017548,kJ/mol,0.18923063163260845,0.004861822975271934,0.4690946045017548,0.3024499821246442,0.11321935049203574,0.0,0.0,NaClFWater/data/S0_NaClFWater_matrix_BC_s_loss_split0.csv,0,0.03196167828112274,0.018453083559358433,0.01289319576719296,0.0074438900469033994,3
NaClFWater,NaCl/NaF/water,"BC S-loss, fixed kappa_D",0.01,298.15,F,NaF,neutral ion-pair NaF: mu_Na + mu_F,0.06,0.0175,0.0175,0.5516746922921547,kJ/mol,0.22254306375800326,0.0057177052733550235,0.5516746922921547,0.335762414250039,0.11321935049203574,0.0,0.0,NaClFWater/data/S0_NaClFWater_matrix_BC_s_loss_split0.csv,0,0.02385947792921959,0.013775276005158866,0.009624804966081459,0.005556883738064777,3
NaClFWater,NaCl/NaF/water,"BC S-loss, fixed kappa_D",0.01,298.15,F,NaF,neutral ion-pair NaF: mu_Na + mu_F,0.06,0.02,0.02,0.6484130288327221,kJ/mol,0.26156686908636095,0.006720327479342814,0.6484130288327221,0.3747862195783967,0.11321935049203574,0.0,0.0,NaClFWater/data/S0_NaClFWater_matrix_BC_s_loss_split0.csv,0,0.02998225226054692,0.01731026141353803,0.01209470430609112,0.006982880786890635,3
NaClFWater,NaCl/NaF/water,"BC S-loss, fixed kappa_D",0.01,298.15,F,NaF,neutral ion-pair NaF: mu_Na + mu_F,0.06,0.0225,0.0225,0.7589886809766945,kJ/mol,0.30617258464477387,0.00786636335556068,0.7589886809766945,0.4193919351368096,0.11321935049203574,0.0,0.0,NaClFWater/data/S0_NaClFWater_matrix_BC_s_loss_split0.csv,0,0.04006040539104722,0.02312888583636665,0.01616018547827458,0.00933008743603611,3
NaClFWater,NaCl/NaF/water,"BC S-loss, fixed kappa_D",0.01,298.15,F,NaF,neutral ion-pair NaF: mu_Na + mu_F,0.06,0.025,0.025,0.8815902574326249,kJ/mol,0.3556295034182288,0.00913703915421138,0.8815902574326249,0.46884885391026454,0.11321935049203574,0.0,0.0,NaClFWater/data/S0_NaClFWater_matrix_BC_s_loss_split0.csv,0,0.047145636162155204,0.027219545729336464,0.019018335372161382,0.010980241046655957,3
NaClFWater,NaCl/NaF/water,"BC S-loss, fixed kappa_D",0.01,298.15,F,NaF,neutral ion-pair NaF: mu_Na + mu_F,0.06,0.0275,0.0275,1.0136014881770103,kJ/mol,0.40888223396901185,0.010505239147278187,1.0136014881770103,0.5221015844610476,0.11321935049203574,0.0,0.0,NaClFWater/data/S0_NaClFWater_matrix_BC_s_loss_split0.csv,0,0.05040941064209739,0.029103886803905316,0.020334927164987148,0.011740375672656764,3
NaClFWater,NaCl/NaF/water,"BC S-loss, fixed kappa_D",0.01,298.15,F,NaF,neutral ion-pair NaF: mu_Na + mu_F,0.06,0.03,0.03,1.1522894857929369,kJ/mol,0.46482834193288053,0.011942638952632478,1.1522894857929369,0.5780476924249163,0.11321935049203574,0.0,0.0,NaClFWater/data/S0_NaClFWater_matrix_BC_s_loss_split0.csv,0,0.051198869931010235,0.029559681336873398,0.02065339145439817,0.0119242411158755,3
NaClFWater,NaCl/NaF/water,"BC S-loss, fixed kappa_D",0.01,298.15,F,NaF,neutral ion-pair NaF: mu_Na + mu_F,0.06,0.0325,0.0325,1.2954623680817023,kJ/mol,0.5225836319919945,0.013426521312112529,1.2954623680817023,0.6358029824840302,0.11321935049203574,0.0,0.0,NaClFWater/data/S0_NaClFWater_matrix_BC_s_loss_split0.csv,0,0.05156817162229598,0.02977289776774941,0.02080236607835321,0.012010251655118365,3
NaClFWater,NaCl/NaF/water,"BC S-loss, fixed kappa_D",0.01,298.15,F,NaF,neutral ion-pair NaF: mu_Na + mu_F,0.06,0.034999999999999996,0.034999999999999996,1.4420650724908728,kJ/mol,0.5817224967074852,0.014945951272920867,1.4420650724908728,0.6949418471995209,0.11321935049203574,0.0,0.0,NaClFWater/data/S0_NaClFWater_matrix_BC_s_loss_split0.csv,0,0.05357838131929405,0.030933492877438837,0.021613275534625817,0.012478430447985769,3
NaClFWater,NaCl/NaF/water,"BC S-loss, fixed kappa_D",0.01,298.15,F,NaF,neutral ion-pair NaF: mu_Na + mu_F,0.06,0.0375,0.0375,1.5926856857747038,kJ/mol,0.6424821676034305,0.01650702392475978,1.5926856857747038,0.7557015180954663,0.11321935049203574,0.0,0.0,NaClFWater/data/S0_NaClFWater_matrix_BC_s_loss_split0.csv,0,0.05923139266646609,0.034197260500460624,0.023893674621688125,0.013795019474760969,3
NaClFWater,NaCl/NaF/water,"BC S-loss, fixed kappa_D",0.01,298.15,F,NaF,neutral ion-pair NaF: mu_Na + mu_F,0.06,0.04,0.04,1.7499491994101328,kJ/mol,0.7059215543122244,0.018136945387141168,1.7499491994101328,0.8191409048042602,0.11321935049203574,0.0,0.0,NaClFWater/data/S0_NaClFWater_matrix_BC_s_loss_split0.csv,0,0.07068673389614519,0.04081100484307487,0.028514707214381593,0.016462973886086578,3
NaClFWater,NaCl/NaF/water,"BC S-loss, fixed kappa_D",0.01,298.15,F,NaF,neutral ion-pair NaF: mu_Na + mu_F,0.0625,0.0,0.0,0.08222870168950211,kJ/mol,0.033170684569183984,0.000852240437779983,0.08222870168950211,0.14639003506121973,0.11321935049203574,0.0,0.0,NaClFWater/data/S0_NaClFWater_matrix_BC_s_loss_split0.csv,0,0.36309599614122784,0.20963357111381323,0.14647127473583782,0.0845652298972836,3
NaClFWater,NaCl/NaF/water,"BC S-loss, fixed kappa_D",0.01,298.15,F,NaF,neutral ion-pair NaF: mu_Na + mu_F,0.0625,0.0025,0.0025,0.24148969793554934,kJ/mol,0.09741584668544376,0.002502864348571166,0.24148969793554934,0.2106351971774795,0.11321935049203574,0.0,0.0,NaClFWater/data/S0_NaClFWater_matrix_BC_s_loss_split0.csv,0,0.17063772491926385,0.0985177364160423,0.06883448276093485,0.03974160715155439,3
NaClFWater,NaCl/NaF/water,"BC S-loss, fixed kappa_D",0.01,298.15,F,NaF,neutral ion-pair NaF: mu_Na + mu_F,0.0625,0.005,0.005,0.3520472189486109,kJ/mol,0.1420142482280451,0.0036487123088591034,0.3520472189486109,0.25523359872008083,0.11321935049203574,0.0,0.0,NaClFWater/data/S0_NaClFWater_matrix_BC_s_loss_split0.csv,0,0.0629627697655563,0.03635157207306836,0.025398895186035213,0.014664058972776521,3
NaClFWater,NaCl/NaF/water,"BC S-loss, fixed kappa_D",0.01,298.15,F,NaF,neutral ion-pair NaF: mu_Na + mu_F,0.0625,0.0075,0.0075,0.4340162223852357,kJ/mol,0.17508017170222978,0.004498261163917051,0.4340162223852357,0.2882995221942655,0.11321935049203574,0.0,0.0,NaClFWater/data/S0_NaClFWater_matrix_BC_s_loss_split0.csv,0,0.04265430749221262,0.02462647591272603,0.017206553797769593,0.009934208466968053,3
NaClFWater,NaCl/NaF/water,"BC S-loss, fixed kappa_D",0.01,298.15,F,NaF,neutral ion-pair NaF: mu_Na + mu_F,0.0625,0.01,0.01,0.5035443714566504,kJ/mol,0.20312751106356058,0.005218869649581848,0.5035443714566504,0.3163468615555963,0.11321935049203574,0.0,0.0,NaClFWater/data/S0_NaClFWater_matrix_BC_s_loss_split0.csv,0,0.0515626144459793,0.029769689330507037,0.020800124338681916,0.01200895738611569,3
NaClFWater,NaCl/NaF/water,"BC S-loss, fixed kappa_D",0.01,298.15,F,NaF,neutral ion-pair NaF: mu_Na + mu_F,0.0625,0.0125,0.0125,0.5728223798053297,kJ/mol,0.23107394479411664,0.005936885609344245,0.5728223798053297,0.3442932952861524,0.11321935049203574,0.0,0.0,NaClFWater/data/S0_NaClFWater_matrix_BC_s_loss_split0.csv,0,0.04563247925240776,0.026345924180167634,0.018407934751384945,0.010627826083937164,3
NaClFWater,NaCl/NaF/water,"BC S-loss, fixed kappa_D",0.01,298.15,F,NaF,neutral ion-pair NaF: mu_Na + mu_F,0.0625,0.015,0.015,0.6502721403258062,kJ/mol,0.26231682621384783,0.006739595812177868,0.6502721403258062,0.3755361767058836,0.11321935049203574,0.0,0.0,NaClFWater/data/S0_NaClFWater_matrix_BC_s_loss_split0.csv,0,0.029381484630134454,0.01696340806039898,0.011852357374200626,0.006842961720526378,3
NaClFWater,NaCl/NaF/water,"BC S-loss, fixed kappa_D",0.01,298.15,F,NaF,neutral ion-pair NaF: mu_Na + mu_F,0.0625,0.0175,0.0175,0.7408957498460432,kJ/mol,0.2988739784508806,0.007678843338453589,0.7408957498460432,0.41209332894291634,0.11321935049203574,0.0,0.0,NaClFWater/data/S0_NaClFWater_matrix_BC_s_loss_split0.csv,0,0.015267446456894304,0.008814664321726125,0.006158818517053176,0.0035557955287107033,3
NaClFWater,NaCl/NaF/water,"BC S-loss, fixed kappa_D",0.01,298.15,F,NaF,neutral ion-pair NaF: mu_Na + mu_F,0.0625,0.02,0.02,0.8467622953453477,kJ/mol,0.34158006178960026,0.008776072763566845,0.8467622953453477,0.454799412281636,0.11321935049203574,0.0,0.0,NaClFWater/data/S0_NaClFWater_matrix_BC_s_loss_split0.csv,0,0.022811322491800515,0.013170123181212393,0.009201983826020329,0.005312767839031419,3
NaClFWater,NaCl/NaF/water,"BC S-loss, fixed kappa_D",0.01,298.15,F,NaF,neutral ion-pair NaF: mu_Na + mu_F,0.0625,0.0225,0.0225,0.967604053305028,kJ/mol,0.3903270777792492,0.010028509328776636,0.967604053305028,0.5035464282712849,0.11321935049203574,0.0,0.0,NaClFWater/data/S0_NaClFWater_matrix_BC_s_loss_split0.csv,0,0.036524868652475506,0.02108764274862246,0.014733966025354569,0.00850665925096926,3
NaClFWater,NaCl/NaF/water,"BC S-loss, fixed kappa_D",0.01,298.15,F,NaF,neutral ion-pair NaF: mu_Na + mu_F,0.0625,0.025,0.025,1.1014898851137234,kJ/mol,0.4443360138801585,0.011416138192771541,1.1014898851137234,0.5575553643721942,0.11321935049203574,0.0,0.0,NaClFWater/data/S0_NaClFWater_matrix_BC_s_loss_split0.csv,0,0.04618526281257253,0.026665073917432364,0.018630925127403428,0.010756569637558132,3
NaClFWater,NaCl/NaF/water,"BC S-loss, fixed kappa_D",0.01,298.15,F,NaF,neutral ion-pair NaF: mu_Na + mu_F,0.0625,0.0275,0.0275,1.2455411527447502,kJ/mol,0.5024456405944755,0.012909124374800742,1.2455411527447502,0.6156649910865112,0.11321935049203574,0.0,0.0,NaClFWater/data/S0_NaClFWater_matrix_BC_s_loss_split0.csv,0,0.05109791964417713,0.029501397661595534,0.020612668567463188,0.01190072974614141,3
NaClFWater,NaCl/NaF/water,"BC S-loss, fixed kappa_D",0.01,298.15,F,NaF,neutral ion-pair NaF: mu_Na + mu_F,0.0625,0.03,0.03,1.3966545804702397,kJ/mol,0.5634041105965664,0.014475304688403414,1.3966545804702397,0.676623461088602,0.11321935049203574,0.0,0.0,NaClFWater/data/S0_NaClFWater_matrix_BC_s_loss_split0.csv,0,0.0525747755925384,0.03035406084093621,0.02120842554538799,0.012244690197717893,3
NaClFWater,NaCl/NaF/water,"BC S-loss, fixed kappa_D",0.01,298.15,F,NaF,neutral ion-pair NaF: mu_Na + mu_F,0.0625,0.0325,0.0325,1.5521971048409609,kJ/mol,0.6261492580570971,0.01608738935397014,1.5521971048409609,0.7393686085491328,0.11321935049203574,0.0,0.0,NaClFWater/data/S0_NaClFWater_matrix_BC_s_loss_split0.csv,0,0.052525325432271876,0.030325510777594867,0.021188477575465162,0.01223317323191316,3
NaClFWater,NaCl/NaF/water,"BC S-loss, fixed kappa_D",0.01,298.15,F,NaF,neutral ion-pair NaF: mu_Na + mu_F,0.0625,0.034999999999999996,0.034999999999999996,1.7106398961998057,kJ/mol,0.6900643600402316,0.01772953316867643,1.7106398961998057,0.8032837105322673,0.11321935049203574,0.0,0.0,NaClFWater/data/S0_NaClFWater_matrix_BC_s_loss_split0.csv,0,0.052787295955303376,0.03047675952958685,0.021294155293918194,0.012294186291109364,3
NaClFWater,NaCl/NaF/water,"BC S-loss, fixed kappa_D",0.01,298.15,F,NaF,neutral ion-pair NaF: mu_Na + mu_F,0.0625,0.0375,0.0375,1.8721022045710125,kJ/mol,0.75519752146381,0.01940297207192998,1.8721022045710125,0.8684168719558458,0.11321935049203574,0.0,0.0,NaClFWater/data/S0_NaClFWater_matrix_BC_s_loss_split0.csv,0,0.055059027410842044,0.03178834429696864,0.02221056143908763,0.012823273625709966,3
NaClFWater,NaCl/NaF/water,"BC S-loss, fixed kappa_D",0.01,298.15,F,NaF,neutral ion-pair NaF: mu_Na + mu_F,0.0625,0.04,0.04,2.0387803885602587,kJ/mol,0.8224347434079033,0.021130469716581505,2.0387803885602587,0.935654093899939,0.11321935049203574,0.0,0.0,NaClFWater/data/S0_NaClFWater_matrix_BC_s_loss_split0.csv,0,0.06134107836675139,0.03541528810742585,0.02474471224561336,0.014286366276024705,3
NaClFWater,NaCl/NaF/water,"BC S-loss, fixed kappa_D",0.01,298.15,F,NaF,neutral ion-pair NaF: mu_Na + mu_F,0.065,0.0,0.0,0.21664980051050997,kJ/mol,0.08739554495031301,0.002245416953428503,0.21664980051050997,0.20061489544234876,0.11321935049203574,0.0,0.0,NaClFWater/data/S0_NaClFWater_matrix_BC_s_loss_split0.csv,0,0.38354087176658697,0.22143742555966273,0.1547186446503693,0.08932685113754478,3
NaClFWater,NaCl/NaF/water,"BC S-loss, fixed kappa_D",0.01,298.15,F,NaF,neutral ion-pair NaF: mu_Na + mu_F,0.065,0.0025,0.0025,0.3913852524139871,kJ/mol,0.15788303215435856,0.004056422295434459,0.3913852524139871,0.2711023826463943,0.11321935049203574,0.0,0.0,NaClFWater/data/S0_NaClFWater_matrix_BC_s_loss_split0.csv,0,0.17927762198635347,0.10350598331349715,0.07231977797336352,0.041753843280655394,3
NaClFWater,NaCl/NaF/water,"BC S-loss, fixed kappa_D",0.01,298.15,F,NaF,neutral ion-pair NaF: mu_Na + mu_F,0.065,0.005,0.005,0.5133278754636511,kJ/mol,0.20707413211837167,0.0053202685232918165,0.5133278754636511,0.3202934826104074,0.11321935049203574,0.0,0.0,NaClFWater/data/S0_NaClFWater_matrix_BC_s_loss_split0.csv,0,0.06213894986575747,0.03587593943215574,0.02506656998234626,0.014472190926968206,3
NaClFWater,NaCl/NaF/water,"BC S-loss, fixed kappa_D",0.01,298.15,F,NaF,neutral ion-pair NaF: mu_Na + mu_F,0.065,0.0075,0.0075,0.6040052168513959,kJ/mol,0.2436529595465699,0.0062600729411315115,0.6040052168513959,0.35687231003860564,0.11321935049203574,0.0,0.0,NaClFWater/data/S0_NaClFWater_matrix_BC_s_loss_split0.csv,0,0.04020679983426571,0.023213406707566712,0.016219240331372228,0.009364182771368992,3
NaClFWater,NaCl/NaF/water,"BC S-loss, fixed kappa_D",0.01,298.15,F,NaF,neutral ion-pair NaF: mu_Na + mu_F,0.065,0.01,0.01,0.6807819605764226,kJ/mol,0.27462434904957445,0.007055807816414017,0.6807819605764226,0.3878436995416102,0.11321935049203574,0.0,0.0,NaClFWater/data/S0_NaClFWater_matrix_BC_s_loss_split0.csv,0,0.05307912348344787,0.030645246231518018,0.02141187719254719,0.012362153060972329,3
NaClFWater,NaCl/NaF/water,"BC S-loss, fixed kappa_D",0.01,298.15,F,NaF,neutral ion-pair NaF: mu_Na + mu_F,0.065,0.0125,0.0125,0.7568476017389502,kJ/mol,0.30530888301050724,0.007844172632985646,0.7568476017389502,0.418528233502543,0.11321935049203574,0.0,0.0,NaClFWater/data/S0_NaClFWater_matrix_BC_s_loss_split0.csv,0,0.04824149996633021,0.02785224299167207,0.019460401850558858,0.011235468246958449,3
NaClFWater,NaCl/NaF/water,"BC S-loss, fixed kappa_D",0.01,298.15,F,NaF,neutral ion-pair NaF: mu_Na + mu_F,0.065,0.015,0.015,0.8413913779064751,kJ/mol,0.3394134581031563,0.008720407126929786,0.8413913779064751,0.45263280859519206,0.11321935049203574,0.0,0.0,NaClFWater/data/S0_NaClFWater_matrix_BC_s_loss_split0.csv,0,0.03076649861095603,0.017763046255057712,0.012411065719800196,0.00716553213425678,3
NaClFWater,NaCl/NaF/water,"BC S-loss, fixed kappa_D",0.01,298.15,F,NaF,neutral ion-pair NaF: mu_Na + mu_F,0.065,0.0175,0.0175,0.9399476639513485,kJ/mol,0.3791706159997905,0.009741871051801354,0.9399476639513485,0.49238996649182626,0.11321935049203574,0.0,0.0,NaClFWater/data/S0_NaClFWater_matrix_BC_s_loss_split0.csv,0,0.01079368685303125,0.006231738010146117,0.004354124224074406,0.0025138547928544286,3
NaClFWater,NaCl/NaF/water,"BC S-loss, fixed kappa_D",0.01,298.15,F,NaF,neutral ion-pair NaF: mu_Na + mu_F,0.065,0.02,0.02,1.0548883917798968,kJ/mol,0.4255371832520612,0.010933147749483396,1.0548883917798968,0.5387565337440969,0.11321935049203574,0.0,0.0,NaClFWater/data/S0_NaClFWater_matrix_BC_s_loss_split0.csv,0,0.017540658134777325,0.010127103695876888,0.007075821777189386,0.004085227607798108,3
NaClFWater,NaCl/NaF/water,"BC S-loss, fixed kappa_D",0.01,298.15,F,NaF,neutral ion-pair NaF: mu_Na + mu_F,0.065,0.0225,0.0225,1.186033529191198,kJ/mol,0.47844053568828165,0.01229237131769878,1.186033529191198,0.5916598861803174,0.11321935049203574,0.0,0.0,NaClFWater/data/S0_NaClFWater_matrix_BC_s_loss_split0.csv,0,0.03393631278289032,0.019593139320505066,0.013689754351382814,0.007903783359910719,3
NaClFWater,NaCl/NaF/water,"BC S-loss, fixed kappa_D",0.01,298.15,F,NaF,neutral ion-pair NaF: mu_Na + mu_F,0.065,0.025,0.025,1.3313464555845187,kJ/mol,0.5370591098136379,0.01379843367135436,1.3313464555845187,0.6502784603056737,0.11321935049203574,0.0,0.0,NaClFWater/data/S0_NaClFWater_matrix_BC_s_loss_split0.csv,0,0.04527946453928533,0.0261421110405185,0.018265530220404017,0.010545608789641505,3
NaClFWater,NaCl/NaF/water,"BC S-loss, fixed kappa_D",0.01,298.15,F,NaF,neutral ion-pair NaF: mu_Na + mu_F,0.065,0.0275,0.0275,1.4876783613280011,kJ/mol,0.6001226901325583,0.015418699698329876,1.4876783613280011,0.7133420406245939,0.11321935049203574,0.0,0.0,NaClFWater/data/S0_NaClFWater_matrix_BC_s_loss_split0.csv,0,0.051185090890505706,0.029551726004128934,0.020647833052078166,0.011921031970799781,3
NaClFWater,NaCl/NaF/water,"BC S-loss, fixed kappa_D",0.01,298.15,F,NaF,neutral ion-pair NaF: mu_Na + mu_F,0.065,0.03,0.03,1.651524675373253,kJ/mol,0.666217548610816,0.017116847079250874,1.651524675373253,0.7794368991028517,0.11321935049203574,0.0,0.0,NaClFWater/data/S0_NaClFWater_matrix_BC_s_loss_split0.csv,0,0.05291612100628259,0.030551136707448065,0.02134612273403141,0.012324189706647826,3
NaClFWater,NaCl/NaF/water,"BC S-loss, fixed kappa_D",0.01,298.15,F,NaF,neutral ion-pair NaF: mu_Na + mu_F,0.065,0.0325,0.0325,1.8197570124658211,kJ/mol,0.7340817088538645,0.018860452385752072,1.8197570124658211,0.8473010593459002,0.11321935049203574,0.0,0.0,NaClFWater/data/S0_NaClFWater_matrix_BC_s_loss_split0.csv,0,0.05222477261176144,0.030151986525767466,0.02106723593354832,0.01216317433731548,3
NaClFWater,NaCl/NaF/water,"BC S-loss, fixed kappa_D",0.01,298.15,F,NaF,neutral ion-pair NaF: mu_Na + mu_F,0.065,0.034999999999999996,0.034999999999999996,1.9902961641412853,kJ/mol,0.8028764276162215,0.020627966140637,1.9902961641412853,0.9160957781082572,0.11321935049203574,0.0,0.0,NaClFWater/data/S0_NaClFWater_matrix_BC_s_loss_split0.csv,0,0.05067880676935902,0.02925942273049846,0.020443600338440508,0.011803118158603751,3
NaClFWater,NaCl/NaF/water,"BC S-loss, fixed kappa_D",0.01,298.15,F,NaF,neutral ion-pair NaF: mu_Na + mu_F,0.065,0.0375,0.0375,2.1626951395562335,kJ/mol,0.8724213908230263,0.022414755610270735,2.1626951395562335,0.985640741315062,0.11321935049203574,0.0,0.0,NaClFWater/data/S0_NaClFWater_matrix_BC_s_loss_split0.csv,0,0.049526866740450995,0.028594349844718106,0.01997891296582695,0.011534830778936295,3
NaClFWater,NaCl/NaF/water,"BC S-loss, fixed kappa_D",0.01,298.15,F,NaF,neutral ion-pair NaF: mu_Na + mu_F,0.065,0.04,0.04,2.338605994300331,kJ/mol,0.9433830301913022,0.02423794314427141,2.338605994300331,1.056602380683338,0.11321935049203574,0.0,0.0,NaClFWater/data/S0_NaClFWater_matrix_BC_s_loss_split0.csv,0,0.050349713833734856,0.029069420835527444,0.02031084574378867,0.011726472257645355,3
NaClFWater,NaCl/NaF/water,"BC S-loss, fixed kappa_D",0.01,298.15,F,NaF,neutral ion-pair NaF: mu_Na + mu_F,0.0675,0.0,0.0,0.3584782185921794,kJ/mol,0.14460848425826783,0.00371536492332325,0.3584782185921794,0.2578278347503036,0.11321935049203574,0.0,0.0,NaClFWater/data/S0_NaClFWater_matrix_BC_s_loss_split0.csv,0,0.39538877272940387,0.2282778143698771,0.1594980340554036,0.09208623289710338,3
NaClFWater,NaCl/NaF/water,"BC S-loss, fixed kappa_D",0.01,298.15,F,NaF,neutral ion-pair NaF: mu_Na + mu_F,0.0675,0.0025,0.0025,0.5500364018140855,kJ/mol,0.22188218482444144,0.005700725589065314,0.5500364018140855,0.3351015353164772,0.11321935049203574,0.0,0.0,NaClFWater/data/S0_NaClFWater_matrix_BC_s_loss_split0.csv,0,0.18389490385134447,0.10617177224117408,0.07418236849423736,0.04282921041927196,3
NaClFWater,NaCl/NaF/water,"BC S-loss, fixed kappa_D",0.01,298.15,F,NaF,neutral ion-pair NaF: mu_Na + mu_F,0.0675,0.005,0.005,0.6842883174292034,kJ/mol,0.2760387974691758,0.007092148644346708,0.6842883174292034,0.38925814796121155,0.11321935049203574,0.0,0.0,NaClFWater/data/S0_NaClFWater_matrix_BC_s_loss_split0.csv,0,0.06166770136501846,0.03560386398339886,0.024876470478760033,0.014362436927399884,3
NaClFWater,NaCl/NaF/water,"BC S-loss, fixed kappa_D",0.01,298.15,F,NaF,neutral ion-pair NaF: mu_Na + mu_F,0.0675,0.0075,0.0075,0.7842509683562983,kJ/mol,0.31636327656800406,0.008128188514092471,0.7842509683562983,0.4295826270600398,0.11321935049203574,0.0,0.0,NaClFWater/data/S0_NaClFWater_matrix_BC_s_loss_split0.csv,0,0.04053492982751946,0.023402852647500954,0.016351606479447958,0.009440604402592107,3
NaClFWater,NaCl/NaF/water,"BC S-loss, fixed kappa_D",0.01,298.15,F,NaF,neutral ion-pair NaF: mu_Na + mu_F,0.0675,0.01,0.01,0.8685860513926427,kJ/mol,0.35038366579995106,0.00900226005614968,0.8685860513926427,0.4636030162919868,0.11321935049203574,0.0,0.0,NaClFWater/data/S0_NaClFWater_matrix_BC_s_loss_split0.csv,0,0.05585501904629408,0.03224791028196956,0.022531660847406047,0.013008660455539233,3
NaClFWater,NaCl/NaF/water,"BC S-loss, fixed kappa_D",0.01,298.15,F,NaF,neutral ion-pair NaF: mu_Na + mu_F,0.0675,0.0125,0.0125,0.9515606896622296,kJ/mol,0.383855257795596,0.009862231581792003,0.9515606896622296,0.4970746082876317,0.11321935049203574,0.0,0.0,NaClFWater/data/S0_NaClFWater_matrix_BC_s_loss_split0.csv,0,0.05163726694214696,0.029812789969265112,0.02083023881637402,0.012026343987917734,3
NaClFWater,NaCl/NaF/water,"BC S-loss, fixed kappa_D",0.01,298.15,F,NaF,neutral ion-pair NaF: mu_Na + mu_F,0.0675,0.015,0.015,1.043204888491419,kJ/mol,0.42082411112174195,0.010812056770873824,1.043204888491419,0.5340434616137777,0.11321935049203574,0.0,0.0,NaClFWater/data/S0_NaClFWater_matrix_BC_s_loss_split0.csv,0,0.03369260568282853,0.019452434960680966,0.013591444014756707,0.007847023860595513,3
NaClFWater,NaCl/NaF/water,"BC S-loss, fixed kappa_D",0.01,298.15,F,NaF,neutral ion-pair NaF: mu_Na + mu_F,0.0675,0.0175,0.0175,1.149649169500841,kJ/mol,0.46376325033969573,0.011915274002603836,1.149649169500841,0.5769826008317315,0.11321935049203574,0.0,0.0,NaClFWater/data/S0_NaClFWater_matrix_BC_s_loss_split0.csv,0,0.011002363353830985,0.0063522174440563935,0.004438303376156438,0.0025624556489691444,3
NaClFWater,NaCl/NaF/water,"BC S-loss, fixed kappa_D",0.01,298.15,F,NaF,neutral ion-pair NaF: mu_Na + mu_F,0.0675,0.02,0.02,1.2736188150244125,kJ/mol,0.5137720419577803,0.01320012883797972,1.2736188150244125,0.6269913924498159,0.11321935049203574,0.0,0.0,NaClFWater/data/S0_NaClFWater_matrix_BC_s_loss_split0.csv,0,0.013960942631499863,0.008060353986437369,0.005631780811359619,0.003251510167455445,3
NaClFWater,NaCl/NaF/water,"BC S-loss, fixed kappa_D",0.01,298.15,F,NaF,neutral ion-pair NaF: mu_Na + mu_F,0.0675,0.0225,0.0225,1.4150552898861652,kJ/mol,0.5708268731520258,0.014666014602653377,1.4150552898861652,0.6840462236440615,0.11321935049203574,0.0,0.0,NaClFWater/data/S0_NaClFWater_matrix_BC_s_loss_split0.csv,0,0.03174606189245605,0.018328597379320022,0.012806217095884037,0.007393672887609437,3
NaClFWater,NaCl/NaF/water,"BC S-loss, fixed kappa_D",0.01,298.15,F,NaF,neutral ion-pair NaF: mu_Na + mu_F,0.0675,0.025,0.025,1.5718308739985911,kJ/mol,0.6340694313086599,0.016290879031885197,1.5718308739985911,0.7472887818006957,0.11321935049203574,0.0,0.0,NaClFWater/data/S0_NaClFWater_matrix_BC_s_loss_split0.csv,0,0.0439207345808269,0.02535764793324652,0.017717424729976707,0.010229159937198985,3
NaClFWater,NaCl/NaF/water,"BC S-loss, fixed kappa_D",0.01,298.15,F,NaF,neutral ion-pair NaF: mu_Na + mu_F,0.0675,0.0275,0.0275,1.7405195522252754,kJ/mol,0.7021176774913462,0.018039213980955537,1.7405195522252754,0.8153370279833819,0.11321935049203574,0.0,0.0,NaClFWater/data/S0_NaClFWater_matrix_BC_s_loss_split0.csv,0,0.050289780019061876,0.029034818031492438,0.020286668715321792,0.011712513643751797,3
NaClFWater,NaCl/NaF/water,"BC S-loss, fixed kappa_D",0.01,298.15,F,NaF,neutral ion-pair NaF: mu_Na + mu_F,0.0675,0.03,0.03,1.9171858460256253,kJ/mol,0.7733840575417847,0.019870231089043955,1.9171858460256253,0.8866034080338204,0.11321935049203574,0.0,0.0,NaClFWater/data/S0_NaClFWater_matrix_BC_s_loss_split0.csv,0,0.0520724056906745,0.030064017442862325,0.021005771810020647,0.012127688009051275,3
NaClFWater,NaCl/NaF/water,"BC S-loss, fixed kappa_D",0.01,298.15,F,NaF,neutral ion-pair NaF: mu_Na + mu_F,0.0675,0.0325,0.0325,2.0981535766040764,kJ/mol,0.8463856176404192,0.021745829447809225,2.0981535766040764,0.959604968132455,0.11321935049203574,0.0,0.0,NaClFWater/data/S0_NaClFWater_matrix_BC_s_loss_split0.csv,0,0.0508970677121257,0.029385435744558385,0.02053164581085511,0.01185395123580325,3
NaClFWater,NaCl/NaF/water,"BC S-loss, fixed kappa_D",0.01,298.15,F,NaF,neutral ion-pair NaF: mu_Na + mu_F,0.0675,0.034999999999999996,0.034999999999999996,2.2807184681732986,kJ/mol,0.9200314652243544,0.023637981213767034,2.2807184681732986,1.0332508157163902,0.11321935049203574,0.0,0.0,NaClFWater/data/S0_NaClFWater_matrix_BC_s_loss_split0.csv,0,0.04805834077206774,0.02774649598156008,0.019386516263969308,0.011192810383651738,3
NaClFWater,NaCl/NaF/water,"BC S-loss, fixed kappa_D",0.01,298.15,F,NaF,neutral ion-pair NaF: mu_Na + mu_F,0.0675,0.0375,0.0375,2.4637719389770143,kJ/mol,0.993874403451112,0.025535196746659494,2.4637719389770143,1.1070937539431478,0.11321935049203574,0.0,0.0,NaClFWater/data/S0_NaClFWater_matrix_BC_s_loss_split0.csv,0,0.044221681953113955,0.02553139997964836,0.01783882553228721,0.01029925072309279,3
NaClFWater,NaCl/NaF/water,"BC S-loss, fixed kappa_D",0.01,298.15,F,NaF,neutral ion-pair NaF: mu_Na + mu_F,0.0675,0.04,0.04,2.6483081643123634,kJ/mol,1.06831547811748,0.02744777994735159,2.6483081643123634,1.1815348286095158,0.11321935049203574,0.0,0.0,NaClFWater/data/S0_NaClFWater_matrix_BC_s_loss_split0.csv,0,0.040046792454646735,0.023121026403871366,0.01615469408159532,0.009326916976685114,3
NaClFWater,NaCl/NaF/water,"BC S-loss, fixed kappa_D",0.01,298.15,F,NaF,neutral ion-pair NaF: mu_Na + mu_F,0.07,0.0,0.0,0.5069350988655723,kJ/mol,0.20449531509099295,0.005254012062778202,0.5069350988655723,0.3177146655830287,0.11321935049203574,0.0,0.0,NaClFWater/data/S0_NaClFWater_matrix_BC_s_loss_split0.csv,0,0.3975269529768659,0.22951229331132525,0.16036056625016495,0.09258421609193355,3
NaClFWater,NaCl/NaF/water,"BC S-loss, fixed kappa_D",0.01,298.15,F,NaF,neutral ion-pair NaF: mu_Na + mu_F,0.07,0.0025,0.0025,0.7170177633193203,kJ/mol,0.28924170720067954,0.007431365447246207,0.7170177633193203,0.4024610576927153,0.11321935049203574,0.0,0.0,NaClFWater/data/S0_NaClFWater_matrix_BC_s_loss_split0.csv,0,0.18409965178611254,0.10628998351642845,0.07426496288063579,0.04287689631049264,3
NaClFWater,NaCl/NaF/water,"BC S-loss, fixed kappa_D",0.01,298.15,F,NaF,neutral ion-pair NaF: mu_Na + mu_F,0.07,0.005,0.005,0.8648250461701193,kJ/mol,0.34886649338525755,0.008963279983845496,0.8648250461701193,0.4620858438772933,0.11321935049203574,0.0,0.0,NaClFWater/data/S0_NaClFWater_matrix_BC_s_loss_split0.csv,0,0.061812995828358426,0.03568774978091995,0.024935081604973548,0.014396276076896765,3
NaClFWater,NaCl/NaF/water,"BC S-loss, fixed kappa_D",0.01,298.15,F,NaF,neutral ion-pair NaF: mu_Na + mu_F,0.07,0.0075,0.0075,0.9749304286231204,kJ/mol,0.3932825042874963,0.01010444185817505,0.9749304286231204,0.506501854779532,0.11321935049203574,0.0,0.0,NaClFWater/data/S0_NaClFWater_matrix_BC_s_loss_split0.csv,0,0.04348163852459902,0.02510413570698325,0.017540295376387863,0.01012689425722308,3
NaClFWater,NaCl/NaF/water,"BC S-loss, fixed kappa_D",0.01,298.15,F,NaF,neutral ion-pair NaF: mu_Na + mu_F,0.07,0.01,0.01,1.067364102830363,kJ/mol,0.4305698283933395,0.011062449382961859,1.067364102830363,0.5437891788853753,0.11321935049203574,0.0,0.0,NaClFWater/data/S0_NaClFWater_matrix_BC_s_loss_split0.csv,0,0.058964250086598384,0.034043025660061996,0.023785910519012056,0.013732801841071963,3
NaClFWater,NaCl/NaF/water,"BC S-loss, fixed kappa_D",0.01,298.15,F,NaF,neutral ion-pair NaF: mu_Na + mu_F,0.07,0.0125,0.0125,1.1575426039604246,kJ/mol,0.46694742592859234,0.011997083685855614,1.1575426039604246,0.5801667764206281,0.11321935049203574,0.0,0.0,NaClFWater/data/S0_NaClFWater_matrix_BC_s_loss_split0.csv,0,0.054576618185516075,0.031509825200867134,0.022015959749923503,0.012710920288086302,3
NaClFWater,NaCl/NaF/water,"BC S-loss, fixed kappa_D",0.01,298.15,F,NaF,neutral ion-pair NaF: mu_Na + mu_F,0.07,0.015,0.015,1.2564045849051362,kJ/mol,0.5068278997585758,0.013021715915101595,1.2564045849051362,0.6200472502506116,0.11321935049203574,0.0,0.0,NaClFWater/data/S0_NaClFWater_matrix_BC_s_loss_split0.csv,0,0.036371011028302536,0.02099881300788932,0.014671900558976686,0.00847082573724861,3
NaClFWater,NaCl/NaF/water,"BC S-loss, fixed kappa_D",0.01,298.15,F,NaF,neutral ion-pair NaF: mu_Na + mu_F,0.07,0.0175,0.0175,1.370736582636605,kJ/mol,0.5529489080560883,0.014206683569909728,1.370736582636605,0.666168258548124,0.11321935049203574,0.0,0.0,NaClFWater/data/S0_NaClFWater_matrix_BC_s_loss_split0.csv,0,0.01318906395422872,0.0076147096243331415,0.005320408460788915,0.003071739257035243,3
NaClFWater,NaCl/NaF/water,"BC S-loss, fixed kappa_D",0.01,298.15,F,NaF,neutral ion-pair NaF: mu_Na + mu_F,0.07,0.02,0.02,1.5036652597650442,kJ/mol,0.6065717323088187,0.015584392224695874,1.5036652597650442,0.7197910828008545,0.11321935049203574,0.0,0.0,NaClFWater/data/S0_NaClFWater_matrix_BC_s_loss_split0.csv,0,0.011777627625046905,0.006799816479736004,0.004751041459938472,0.0027430150658265496,3
NaClFWater,NaCl/NaF/water,"BC S-loss, fixed kappa_D",0.01,298.15,F,NaF,neutral ion-pair NaF: mu_Na + mu_F,0.07,0.0225,0.0225,1.6552863713536852,kJ/mol,0.6677349996741107,0.01715583431075629,1.6552863713536852,0.7809543501661463,0.11321935049203574,0.0,0.0,NaClFWater/data/S0_NaClFWater_matrix_BC_s_loss_split0.csv,0,0.029635103691368403,0.01710983509367402,0.011954666150918131,0.0069020297203046905,3
NaClFWater,NaCl/NaF/water,"BC S-loss, fixed kappa_D",0.01,298.15,F,NaF,neutral ion-pair NaF: mu_Na + mu_F,0.07,0.025,0.025,1.8233958347318906,kJ/mol,0.7355495932191909,0.01889816612094819,1.8233958347318906,0.8487689437112267,0.11321935049203574,0.0,0.0,NaClFWater/data/S0_NaClFWater_matrix_BC_s_loss_split0.csv,0,0.041962719401233944,0.02422718734223115,0.016927570304824755,0.009773137272216889,3
NaClFWater,NaCl/NaF/water,"BC S-loss, fixed kappa_D",0.01,298.15,F,NaF,neutral ion-pair NaF: mu_Na + mu_F,0.07,0.0275,0.0275,2.0042849920123222,kJ/mol,0.8085194572064844,0.020772950124865016,2.0042849920123222,0.9217388076985202,0.11321935049203574,0.0,0.0,NaClFWater/data/S0_NaClFWater_matrix_BC_s_loss_split0.csv,0,0.048514270103008905,0.028009726903510408,0.01957043608407778,0.011298996541300671,3
NaClFWater,NaCl/NaF/water,"BC S-loss, fixed kappa_D",0.01,298.15,F,NaF,neutral ion-pair NaF: mu_Na + mu_F,0.07,0.03,0.03,2.1935605281670068,kJ/mol,0.8848723483193424,0.02273465282087272,2.1935605281670068,0.9980916988113782,0.11321935049203574,0.0,0.0,NaClFWater/data/S0_NaClFWater_matrix_BC_s_loss_split0.csv,0,0.050535552499675326,0.029176714839334015,0.020385812217076298,0.011769754171178162,3
NaClFWater,NaCl/NaF/water,"BC S-loss, fixed kappa_D",0.01,298.15,F,NaF,neutral ion-pair NaF: mu_Na + mu_F,0.07,0.0325,0.0325,2.386949604067294,kJ/mol,0.9628846226713934,0.024738989352044882,2.386949604067294,1.0761039731634292,0.11321935049203574,0.0,0.0,NaClFWater/data/S0_NaClFWater_matrix_BC_s_loss_split0.csv,0,0.049606130075746026,0.02864011255268756,0.02001088743506888,0.01155329124736032,3
NaClFWater,NaCl/NaF/water,"BC S-loss, fixed kappa_D",0.01,298.15,F,NaF,neutral ion-pair NaF: mu_Na + mu_F,0.07,0.034999999999999996,0.034999999999999996,2.5810525370058066,kJ/mol,1.0411848637085064,0.02675072449005711,2.5810525370058066,1.1544042142005422,0.11321935049203574,0.0,0.0,NaClFWater/data/S0_NaClFWater_matrix_BC_s_loss_split0.csv,0,0.046784019010311415,0.027010765969375867,0.01887246065649448,0.01089602024029771,3
NaClFWater,NaCl/NaF/water,"BC S-loss, fixed kappa_D",0.01,298.15,F,NaF,neutral ion-pair NaF: mu_Na + mu_F,0.07,0.0375,0.0375,2.774008713028212,kJ/mol,1.1190225082171545,0.028750574330160813,2.774008713028212,1.2322418587091903,0.11321935049203574,0.0,0.0,NaClFWater/data/S0_NaClFWater_matrix_BC_s_loss_split0.csv,0,0.04216673768307766,0.024344977352173225,0.01700987035254949,0.009820653226925083,3
NaClFWater,NaCl/NaF/water,"BC S-loss, fixed kappa_D",0.01,298.15,F,NaF,neutral ion-pair NaF: mu_Na + mu_F,0.07,0.04,0.04,2.966046143561687,kJ/mol,1.1964895349708522,0.030740902044271934,2.966046143561687,1.309708885462888,0.11321935049203574,0.0,0.0,NaClFWater/data/S0_NaClFWater_matrix_BC_s_loss_split0.csv,0,0.035258189358667494,0.020356325117365476,0.014222993354718548,0.008211649042029012,3
NaClFWater,NaCl/NaF/water,"BC S-loss, fixed kappa_D",0.01,298.15,F,NaF,neutral ion-pair NaF: mu_Na + mu_F,0.07250000000000001,0.0,0.0,0.6611901678860961,kJ/mol,0.26672110891415796,0.006852753193925309,0.6611901678860961,0.3799404594061937,0.11321935049203574,0.0,0.0,NaClFWater/data/S0_NaClFWater_matrix_BC_s_loss_split0.csv,0,0.389184759667572,0.2246959257585725,0.15699536338070175,0.09064131530937128,3
NaClFWater,NaCl/NaF/water,"BC S-loss, fixed kappa_D",0.01,298.15,F,NaF,neutral ion-pair NaF: mu_Na + mu_F,0.07250000000000001,0.0025,0.0025,0.8918437458952851,kJ/mol,0.3597657140665856,0.009243309073553974,0.8918437458952851,0.4729850645586213,0.11321935049203574,0.0,0.0,NaClFWater/data/S0_NaClFWater_matrix_BC_s_loss_split0.csv,0,0.17989628357580728,0.10386316774870559,0.07256934324701131,0.041897929858576335,3
NaClFWater,NaCl/NaF/water,"BC S-loss, fixed kappa_D",0.01,298.15,F,NaF,neutral ion-pair NaF: mu_Na + mu_F,0.07250000000000001,0.005,0.005,1.0547662889089322,kJ/mol,0.42548792750881653,0.010931882242402937,1.0547662889089322,0.5387072780008523,0.11321935049203574,0.0,0.0,NaClFWater/data/S0_NaClFWater_matrix_BC_s_loss_split0.csv,0,0.06341105801779194,0.03661039141617116,0.02557973262971919,0.01476846551956703,3
NaClFWater,NaCl/NaF/water,"BC S-loss, fixed kappa_D",0.01,298.15,F,NaF,neutral ion-pair NaF: mu_Na + mu_F,0.07250000000000001,0.0075,0.0075,1.1761425218890789,kJ/mol,0.4744505482927737,0.012189858250849285,1.1761425218890789,0.5876698987848095,0.11321935049203574,0.0,0.0,NaClFWater/data/S0_NaClFWater_matrix_BC_s_loss_split0.csv,0,0.04893759513765147,0.028254133726215998,0.019741203479231244,0.011397589142861335,3
NaClFWater,NaCl/NaF/water,"BC S-loss, fixed kappa_D",0.01,298.15,F,NaF,neutral ion-pair NaF: mu_Na + mu_F,0.07250000000000001,0.01,0.01,1.2774318790176833,kJ/mol,0.5153102146440096,0.013239648461421897,1.2774318790176833,0.6285295651360453,0.11321935049203574,0.0,0.0,NaClFWater/data/S0_NaClFWater_matrix_BC_s_loss_split0.csv,0,0.06208460964182352,0.035844566089239645,0.02504464938296313,0.014459535063013559,3
NaClFWater,NaCl/NaF/water,"BC S-loss, fixed kappa_D",0.01,298.15,F,NaF,neutral ion-pair NaF: mu_Na + mu_F,0.07250000000000001,0.0125,0.0125,1.375263090549394,kJ/mol,0.5547748807771706,0.01425359751851829,1.375263090549394,0.6679942312692064,0.11321935049203574,0.0,0.0,NaClFWater/data/S0_NaClFWater_matrix_BC_s_loss_split0.csv,0,0.05662987269422257,0.03269527224418364,0.022844233287620037,0.013189124238038039,3
NaClFWater,NaCl/NaF/water,"BC S-loss, fixed kappa_D",0.01,298.15,F,NaF,neutral ion-pair NaF: mu_Na + mu_F,0.07250000000000001,0.015,0.015,1.4815442099842346,kJ/mol,0.597648201357434,0.015355123699691829,1.4815442099842346,0.7108675518494698,0.11321935049203574,0.0,0.0,NaClFWater/data/S0_NaClFWater_matrix_BC_s_loss_split0.csv,0,0.03827416488035826,0.022097599396682963,0.015439624173920141,0.008914071172999447,3
NaClFWater,NaCl/NaF/water,"BC S-loss, fixed kappa_D",0.01,298.15,F,NaF,neutral ion-pair NaF: mu_Na + mu_F,0.07250000000000001,0.0175,0.0175,1.6037725015596038,kJ/mol,0.6469545387064819,0.016621930673181847,1.6037725015596038,0.7601738891985177,0.11321935049203574,0.0,0.0,NaClFWater/data/S0_NaClFWater_matrix_BC_s_loss_split0.csv,0,0.015993277646675342,0.009233723154532433,0.006451615520435421,0.003724841957431358,3
NaClFWater,NaCl/NaF/water,"BC S-loss, fixed kappa_D",0.01,298.15,F,NaF,neutral ion-pair NaF: mu_Na + mu_F,0.07250000000000001,0.02,0.02,1.7455208843360905,kJ/mol,0.7041351921360504,0.018091049135591675,1.7455208843360905,0.8173545426280862,0.11321935049203574,0.0,0.0,NaClFWater/data/S0_NaClFWater_matrix_BC_s_loss_split0.csv,0,0.012034331772929558,0.006948024688618147,0.0048545947465898085,0.002802801583750169,3
NaClFWater,NaCl/NaF/water,"BC S-loss, fixed kappa_D",0.01,298.15,F,NaF,neutral ion-pair NaF: mu_Na + mu_F,0.07250000000000001,0.0225,0.0225,1.9070710228062766,kJ/mol,0.7693037838224088,0.01976539833367497,1.9070710228062766,0.8825231343144445,0.11321935049203574,0.0,0.0,NaClFWater/data/S0_NaClFWater_matrix_BC_s_loss_split0.csv,0,0.028165176576892166,0.016261172278442034,0.011361704233094204,0.0065596829974298495,3
NaClFWater,NaCl/NaF/water,"BC S-loss, fixed kappa_D",0.01,298.15,F,NaF,neutral ion-pair NaF: mu_Na + mu_F,0.07250000000000001,0.025,0.025,2.086157941784542,kJ/mol,0.8415466330689687,0.021621503453843616,2.086157941784542,0.9547659835610045,0.11321935049203574,0.0,0.0,NaClFWater/data/S0_NaClFWater_matrix_BC_s_loss_split0.csv,0,0.040080433477454804,0.02314044905744542,0.01616826471731286,0.009334751986869708,3
NaClFWater,NaCl/NaF/water,"BC S-loss, fixed kappa_D",0.01,298.15,F,NaF,neutral ion-pair NaF: mu_Na + mu_F,0.07250000000000001,0.0275,0.0275,2.278787421971225,kJ/mol,0.9192524899621719,0.023617967330210377,2.278787421971225,1.0324718404542077,0.11321935049203574,0.0,0.0,NaClFWater/data/S0_NaClFWater_matrix_BC_s_loss_split0.csv,0,0.04685778238942778,0.027053353276165037,0.018902216468408697,0.010913199766316339,3
NaClFWater,NaCl/NaF/water,"BC S-loss, fixed kappa_D",0.01,298.15,F,NaF,neutral ion-pair NaF: mu_Na + mu_F,0.07250000000000001,0.03,0.03,2.4800855206791774,kJ/mol,1.0004552281718937,0.025704275106477326,2.4800855206791774,1.1136745786639295,0.11321935049203574,0.0,0.0,NaClFWater/data/S0_NaClFWater_matrix_BC_s_loss_split0.csv,0,0.049793838918069835,0.028748486303332484,0.02008660832901027,0.011597008725860659,3
NaClFWater,NaCl/NaF/water,"BC S-loss, fixed kappa_D",0.01,298.15,F,NaF,neutral ion-pair NaF: mu_Na + mu_F,0.07250000000000001,0.0325,0.0325,2.6851394326216678,kJ/mol,1.083173044371951,0.02782950914388493,2.6851394326216678,1.1963923948639867,0.11321935049203574,0.0,0.0,NaClFWater/data/S0_NaClFWater_matrix_BC_s_loss_split0.csv,0,0.050390995414287765,0.02909325476717224,0.020327498545777662,0.01173608675735646,3
NaClFWater,NaCl/NaF/water,"BC S-loss, fixed kappa_D",0.01,298.15,F,NaF,neutral ion-pair NaF: mu_Na + mu_F,0.07250000000000001,0.034999999999999996,0.034999999999999996,2.889790482920214,kJ/mol,1.1657283480156657,0.029950567814580605,2.889790482920214,1.2789476985077015,0.11321935049203574,0.0,0.0,NaClFWater/data/S0_NaClFWater_matrix_BC_s_loss_split0.csv,0,0.04935895780269063,0.028497407574302816,0.019911179263404803,0.011495724707609657,3
NaClFWater,NaCl/NaF/water,"BC S-loss, fixed kappa_D",0.01,298.15,F,NaF,neutral ion-pair NaF: mu_Na + mu_F,0.07250000000000001,0.0375,0.0375,3.0913432945950112,kJ/mol,1.2470338362786573,0.03203951550472084,3.0913432945950112,1.360253186770693,0.11321935049203574,0.0,0.0,NaClFWater/data/S0_NaClFWater_matrix_BC_s_loss_split0.csv,0,0.046270311101083345,0.0267141765696982,0.018665233220482566,0.010776377424332755,3
NaClFWater,NaCl/NaF/water,"BC S-loss, fixed kappa_D",0.01,298.15,F,NaF,neutral ion-pair NaF: mu_Na + mu_F,0.07250000000000001,0.04,0.04,3.2891598361651604,kJ/mol,1.3268321301610961,0.03408973948398852,3.2891598361651604,1.440051480653132,0.11321935049203574,0.0,0.0,NaClFWater/data/S0_NaClFWater_matrix_BC_s_loss_split0.csv,0,0.04005238555708772,0.023124255583071275,0.016156950313701908,0.009328219612899206,3
NaClFWater,NaCl/NaF/water,"BC S-loss, fixed kappa_D",0.01,298.15,F,NaF,neutral ion-pair NaF: mu_Na + mu_F,0.07500000000000001,0.0,0.0,0.8204057246722108,kJ/mol,0.3309479409587828,0.008502906157900725,0.8204057246722108,0.44416729145081857,0.11321935049203574,0.0,0.0,NaClFWater/data/S0_NaClFWater_matrix_BC_s_loss_split0.csv,0,0.37010505305569297,0.21368025201014507,0.14929869644213067,0.08619764258052437,3
NaClFWater,NaCl/NaF/water,"BC S-loss, fixed kappa_D",0.01,298.15,F,NaF,neutral ion-pair NaF: mu_Na + mu_F,0.07500000000000001,0.0025,0.0025,1.0739881756440484,kJ/mol,0.43324194926295695,0.011131103059824453,1.0739881756440484,0.5464612997549927,0.11321935049203574,0.0,0.0,NaClFWater/data/S0_NaClFWater_matrix_BC_s_loss_split0.csv,0,0.1719197061967438,0.09925788865169141,0.0693516281822436,0.04004018119975718,3
NaClFWater,NaCl/NaF/water,"BC S-loss, fixed kappa_D",0.01,298.15,F,NaF,neutral ion-pair NaF: mu_Na + mu_F,0.07500000000000001,0.005,0.005,1.253868278788864,kJ/mol,0.505804765397639,0.012995428954582167,1.253868278788864,0.6190241158896747,0.11321935049203574,0.0,0.0,NaClFWater/data/S0_NaClFWater_matrix_BC_s_loss_split0.csv,0,0.0678360799981807,0.039165179047718615,0.02736476638687893,0.015799055239775775,3
NaClFWater,NaCl/NaF/water,"BC S-loss, fixed kappa_D",0.01,298.15,F,NaF,neutral ion-pair NaF: mu_Na + mu_F,0.07500000000000001,0.0075,0.0075,1.387882486023761,kJ/mol,0.5598654875620697,0.014384388336111442,1.387882486023761,0.6730848380541055,0.11321935049203574,0.0,0.0,NaClFWater/data/S0_NaClFWater_matrix_BC_s_loss_split0.csv,0,0.05698006437686675,0.032897455506426226,0.02298549902093545,0.013270684047194963,3
NaClFWater,NaCl/NaF/water,"BC S-loss, fixed kappa_D",0.01,298.15,F,NaF,neutral ion-pair NaF: mu_Na + mu_F,0.07500000000000001,0.01,0.01,1.4989676389327071,kJ/mol,0.6046767334136218,0.01553570481564748,1.4989676389327071,0.7178960839056575,0.11321935049203574,0.0,0.0,NaClFWater/data/S0_NaClFWater_matrix_BC_s_loss_split0.csv,0,0.06551729930391595,0.037826430389693154,0.02642938079262494,0.015259010115137134,3
NaClFWater,NaCl/NaF/water,"BC S-loss, fixed kappa_D",0.01,298.15,F,NaF,neutral ion-pair NaF: mu_Na + mu_F,0.07500000000000001,0.0125,0.0125,1.6050168434501313,kJ/mol,0.647456500570148,0.01663482736807964,1.6050168434501313,0.7606758510621837,0.11321935049203574,0.0,0.0,NaClFWater/data/S0_NaClFWater_matrix_BC_s_loss_split0.csv,0,0.058147339932094214,0.03357138236245527,0.023456372675173334,0.013542543078223506,3
NaClFWater,NaCl/NaF/water,"BC S-loss, fixed kappa_D",0.01,298.15,F,NaF,neutral ion-pair NaF: mu_Na + mu_F,0.07500000000000001,0.015,0.015,1.718959902258943,kJ/mol,0.6934206126738127,0.01781576395501361,1.718959902258943,0.8066399631658484,0.11321935049203574,0.0,0.0,NaClFWater/data/S0_NaClFWater_matrix_BC_s_loss_split0.csv,0,0.040001756390047806,0.023095024819851935,0.016136526737804767,0.009316428055857176,3
NaClFWater,NaCl/NaF/water,"BC S-loss, fixed kappa_D",0.01,298.15,F,NaF,neutral ion-pair NaF: mu_Na + mu_F,0.07500000000000001,0.0175,0.0175,1.8490534637845244,kJ/mol,0.7458997641766718,0.019164088707185552,1.8490534637845244,0.8591191146687076,0.11321935049203574,0.0,0.0,NaClFWater/data/S0_NaClFWater_matrix_BC_s_loss_split0.csv,0,0.0205100949193834,0.011841508822810782,0.00827367908134867,0.00477681084480523,3
NaClFWater,NaCl/NaF/water,"BC S-loss, fixed kappa_D",0.01,298.15,F,NaF,neutral ion-pair NaF: mu_Na + mu_F,0.07500000000000001,0.02,0.02,1.9993579573079248,kJ/mol,0.806531913797881,0.02072188500858374,1.9993579573079248,0.9197512642899167,0.11321935049203574,0.0,0.0,NaClFWater/data/S0_NaClFWater_matrix_BC_s_loss_split0.csv,0,0.01697852362334262,0.009802555184379282,0.006849059269924484,0.003954306213186602,3
NaClFWater,NaCl/NaF/water,"BC S-loss, fixed kappa_D",0.01,298.15,F,NaF,neutral ion-pair NaF: mu_Na + mu_F,0.07500000000000001,0.0225,0.0225,2.1703714023751015,kJ/mol,0.8755179603590053,0.022494314468076478,2.1703714023751015,0.9887373108510411,0.11321935049203574,0.0,0.0,NaClFWater/data/S0_NaClFWater_matrix_BC_s_loss_split0.csv,0,0.029314799306231615,0.01692490727069268,0.011825456817592978,0.006827430676927601,3
NaClFWater,NaCl/NaF/water,"BC S-loss, fixed kappa_D",0.01,298.15,F,NaF,neutral ion-pair NaF: mu_Na + mu_F,0.07500000000000001,0.025,0.025,2.359784620721254,kJ/mol,0.9519263918421978,0.024457444139443396,2.359784620721254,1.0651457423342336,0.11321935049203574,0.0,0.0,NaClFWater/data/S0_NaClFWater_matrix_BC_s_loss_split0.csv,0,0.04020232947002099,0.023210825741566646,0.01621743700675167,0.009363141621413875,3
NaClFWater,NaCl/NaF/water,"BC S-loss, fixed kappa_D",0.01,298.15,F,NaF,neutral ion-pair NaF: mu_Na + mu_F,0.07500000000000001,0.0275,0.0275,2.563318403980737,kJ/mol,1.0340309950398292,0.02656692315326836,2.563318403980737,1.147250345531865,0.11321935049203574,0.0,0.0,NaClFWater/data/S0_NaClFWater_matrix_BC_s_loss_split0.csv,0,0.047494572772606616,0.0274210043753107,0.019159094815057988,0.011061508548903294,3
NaClFWater,NaCl/NaF/water,"BC S-loss, fixed kappa_D",0.01,298.15,F,NaF,neutral ion-pair NaF: mu_Na + mu_F,0.07500000000000001,0.03,0.03,2.7756009843890936,kJ/mol,1.1196648232479791,0.02876707705991066,2.7756009843890936,1.232884173740015,0.11321935049203574,0.0,0.0,NaClFWater/data/S0_NaClFWater_matrix_BC_s_loss_split0.csv,0,0.05223841465998205,0.03015986276597993,0.021072739073803484,0.012166351576823187,3
NaClFWater,NaCl/NaF/water,"BC S-loss, fixed kappa_D",0.01,298.15,F,NaF,neutral ion-pair NaF: mu_Na + mu_F,0.07500000000000001,0.0325,0.0325,2.991043744835608,kJ/mol,1.206573453721929,0.03099998392463021,2.991043744835608,1.3197928042139648,0.11321935049203574,0.0,0.0,NaClFWater/data/S0_NaClFWater_matrix_BC_s_loss_split0.csv,0,0.055446564919289766,0.032012089181792006,0.022366892308812263,0.01291353129542813,3
NaClFWater,NaCl/NaF/water,"BC S-loss, fixed kappa_D",0.01,298.15,F,NaF,neutral ion-pair NaF: mu_Na + mu_F,0.07500000000000001,0.034999999999999996,0.034999999999999996,3.2046744958811986,kJ/mol,1.2927511278383117,0.03321411063529922,3.2046744958811986,1.4059704783303475,0.11321935049203574,0.0,0.0,NaClFWater/data/S0_NaClFWater_matrix_BC_s_loss_split0.csv,0,0.057061488189662876,0.032944465566662515,0.02301834501698289,0.013289647691854752,3
NaClFWater,NaCl/NaF/water,"BC S-loss, fixed kappa_D",0.01,298.15,F,NaF,neutral ion-pair NaF: mu_Na + mu_F,0.07500000000000001,0.0375,0.0375,3.4128907203559993,kJ/mol,1.3767446065426188,0.03537211973252851,3.4128907203559993,1.4899639570346546,0.11321935049203574,0.0,0.0,NaClFWater/data/S0_NaClFWater_matrix_BC_s_loss_split0.csv,0,0.056034553074141534,0.03235156430127599,0.022604084058338508,0.013050474015866667,3
NaClFWater,NaCl/NaF/water,"BC S-loss, fixed kappa_D",0.01,298.15,F,NaF,neutral ion-pair NaF: mu_Na + mu_F,0.07750000000000001,0.0,0.0,0.9837826056187484,kJ/mol,0.3968534322583808,0.010196188207601153,0.9837826056187484,0.5100727827504166,0.11321935049203574,0.0,0.0,NaClFWater/data/S0_NaClFWater_matrix_BC_s_loss_split0.csv,0,0.34082052897232457,0.19677282414752226,0.1374854525118535,0.07937726301737615,3
NaClFWater,NaCl/NaF/water,"BC S-loss, fixed kappa_D",0.01,298.15,F,NaF,neutral ion-pair NaF: mu_Na + mu_F,0.07750000000000001,0.0025,0.0025,1.2629053550792613,kJ/mol,0.5094502809037496,0.01308909165015848,1.2629053550792613,0.6226696313957852,0.11321935049203574,0.0,0.0,NaClFWater/data/S0_NaClFWater_matrix_BC_s_loss_split0.csv,0,0.1617849937867008,0.09340660971359364,0.06526333125372899,0.037679801867552154,3
NaClFWater,NaCl/NaF/water,"BC S-loss, fixed kappa_D",0.01,298.15,F,NaF,neutral ion-pair NaF: mu_Na + mu_F,0.07750000000000001,0.005,0.005,1.461812689757886,kJ/mol,0.5896885957689848,0.015150620903341405,1.461812689757886,0.7029079462610206,0.11321935049203574,0.0,0.0,NaClFWater/data/S0_NaClFWater_matrix_BC_s_loss_split0.csv,0,0.07646966348533102,0.044149780798095964,0.030847514729852483,0.01780982093311128,3
NaClFWater,NaCl/NaF/water,"BC S-loss, fixed kappa_D",0.01,298.15,F,NaF,neutral ion-pair NaF: mu_Na + mu_F,0.07750000000000001,0.0075,0.0075,1.610017420567916,kJ/mol,0.6494737106540949,0.016686654697764425,1.610017420567916,0.7626930611461307,0.11321935049203574,0.0,0.0,NaClFWater/data/S0_NaClFWater_matrix_BC_s_loss_split0.csv,0,0.06770893772259962,0.039091773420686496,0.027313477770713815,0.01576944374342648,3
NaClFWater,NaCl/NaF/water,"BC S-loss, fixed kappa_D",0.01,298.15,F,NaF,neutral ion-pair NaF: mu_Na + mu_F,0.07750000000000001,0.01,0.01,1.7319679486728927,kJ/mol,0.6986679994814962,0.01795058285574669,1.7319679486728927,0.811887349973532,0.11321935049203574,0.0,0.0,NaClFWater/data/S0_NaClFWater_matrix_BC_s_loss_split0.csv,0,0.07002562300730333,0.04042931229343783,0.028248018086273554,0.016309000846183454,3
NaClFWater,NaCl/NaF/water,"BC S-loss, fixed kappa_D",0.01,298.15,F,NaF,neutral ion-pair NaF: mu_Na + mu_F,0.07750000000000001,0.0125,0.0125,1.8468621054678844,kJ/mol,0.7450157801904744,0.019141376878678788,1.8468621054678844,0.8582351306825101,0.11321935049203574,0.0,0.0,NaClFWater/data/S0_NaClFWater_matrix_BC_s_loss_split0.csv,0,0.06017815151224134,0.03474387197492662,0.024275592837482013,0.014015520059457992,3
NaClFWater,NaCl/NaF/water,"BC S-loss, fixed kappa_D",0.01,298.15,F,NaF,neutral ion-pair NaF: mu_Na + mu_F,0.07750000000000001,0.015,0.015,1.9686944280494327,kJ/mol,0.7941623854469155,0.0204040799227414,1.9686944280494327,0.9073817359389513,0.11321935049203574,0.0,0.0,NaClFWater/data/S0_NaClFWater_matrix_BC_s_loss_split0.csv,0,0.043066772922730145,0.024864612940066737,0.0173729404779711,0.010030271861571962,3
NaClFWater,NaCl/NaF/water,"BC S-loss, fixed kappa_D",0.01,298.15,F,NaF,neutral ion-pair NaF: mu_Na + mu_F,0.07750000000000001,0.0175,0.0175,2.1065229183792566,kJ/mol,0.8497617720776434,0.02183257156281115,2.1065229183792566,0.9629811225696792,0.11321935049203574,0.0,0.0,NaClFWater/data/S0_NaClFWater_matrix_BC_s_loss_split0.csv,0,0.028261244002218727,0.016316636832314678,0.011400457395887813,0.006582057146400689,3
NaClFWater,NaCl/NaF/water,"BC S-loss, fixed kappa_D",0.01,298.15,F,NaF,neutral ion-pair NaF: mu_Na + mu_F,0.07750000000000001,0.02,0.02,2.2649328831064577,kJ/mol,0.913663631946755,0.023474375153455185,2.2649328831064577,1.0268829824387908,0.11321935049203574,0.0,0.0,NaClFWater/data/S0_NaClFWater_matrix_BC_s_loss_split0.csv,0,0.02672308814348258,0.015428582133217765,0.010779972312698272,0.00622381991659306,3
NaClFWater,NaCl/NaF/water,"BC S-loss, fixed kappa_D",0.01,298.15,F,NaF,neutral ion-pair NaF: mu_Na + mu_F,0.07750000000000001,0.0225,0.0225,2.444668104658456,kJ/mol,0.9861680035053162,0.02533719945631674,2.444668104658456,1.099387353997352,0.11321935049203574,0.0,0.0,NaClFWater/data/S0_NaClFWater_matrix_BC_s_loss_split0.csv,0,0.03544671749376738,0.020465171886915212,0.014299044747642445,0.00825555733420587,3
NaClFWater,NaCl/NaF/water,"BC S-loss, fixed kappa_D",0.01,298.15,F,NaF,neutral ion-pair NaF: mu_Na + mu_F,0.07750000000000001,0.025,0.025,2.643393664177123,kJ/mol,1.0663329910971104,0.02739684474272508,2.643393664177123,1.1795523415891462,0.11321935049203574,0.0,0.0,NaClFWater/data/S0_NaClFWater_matrix_BC_s_loss_split0.csv,0,0.044935326347489694,0.02594342276284686,0.0181267064377865,0.010465458841377359,3
NaClFWater,NaCl/NaF/water,"BC S-loss, fixed kappa_D",0.01,298.15,F,NaF,neutral ion-pair NaF: mu_Na + mu_F,0.07750000000000001,0.0275,0.0275,2.8565504118762677,kJ/mol,1.1523194544176683,0.029606058754893638,2.8565504118762677,1.265538804909704,0.11321935049203574,0.0,0.0,NaClFWater/data/S0_NaClFWater_matrix_BC_s_loss_split0.csv,0,0.052948773307369225,0.030569988522270095,0.021359294523899827,0.012331794443074065,3
NaClFWater,NaCl/NaF/water,"BC S-loss, fixed kappa_D",0.01,298.15,F,NaF,neutral ion-pair NaF: mu_Na + mu_F,0.07750000000000001,0.03,0.03,3.078258535716159,kJ/mol,1.2417555040112556,0.031903901535315526,3.078258535716159,1.3549748545032914,0.11321935049203574,0.0,0.0,NaClFWater/data/S0_NaClFWater_matrix_BC_s_loss_split0.csv,0,0.059771108145838386,0.03450886537776203,0.02411139339330353,0.013920719466160759,3
NaClFWater,NaCl/NaF/water,"BC S-loss, fixed kappa_D",0.01,298.15,F,NaF,neutral ion-pair NaF: mu_Na + mu_F,0.07750000000000001,0.0325,0.0325,3.3022269998200526,kJ/mol,1.3321033645951146,0.03422517109174805,3.3022269998200526,1.4453227150871504,0.11321935049203574,0.0,0.0,NaClFWater/data/S0_NaClFWater_matrix_BC_s_loss_split0.csv,0,0.06533881966106485,0.037723385119848206,0.02635738291580836,0.015217442121576,3
NaClFWater,NaCl/NaF/water,"BC S-loss, fixed kappa_D",0.01,298.15,F,NaF,neutral ion-pair NaF: mu_Na + mu_F,0.07750000000000001,0.034999999999999996,0.034999999999999996,3.5226267543479537,kJ/mol,1.4210116239541934,0.03650945357981072,3.5226267543479537,1.5342309744462292,0.11321935049203574,0.0,0.0,NaClFWater/data/S0_NaClFWater_matrix_BC_s_loss_split0.csv,0,0.0686043665512189,0.03960874949593,0.027674689690858706,0.015977989542756636,3
NaClFWater,NaCl/NaF/water,"BC S-loss, fixed kappa_D",0.01,298.15,F,NaF,neutral ion-pair NaF: mu_Na + mu_F,0.08,0.0,0.0,1.150606980693437,kJ/mol,0.4641496270219691,0.01192520101608352,1.150606980693437,0.5773689775140048,0.11321935049203574,0.0,0.0,NaClFWater/data/S0_NaClFWater_matrix_BC_s_loss_split0.csv,0,0.30315944873174433,0.17502918933265116,0.12229314389542666,0.07060597954807023,3
NaClFWater,NaCl/NaF/water,"BC S-loss, fixed kappa_D",0.01,298.15,F,NaF,neutral ion-pair NaF: mu_Na + mu_F,0.08,0.0025,0.0025,1.4580527631281752,kJ/mol,0.5881718584537301,0.015111652009863977,1.4580527631281752,0.7013912089457658,0.11321935049203574,0.0,0.0,NaClFWater/data/S0_NaClFWater_matrix_BC_s_loss_split0.csv,0,0.15250087909753807,0.08804642359861818,0.06151816158023457,0.03551752714839933,3
NaClFWater,NaCl/NaF/water,"BC S-loss, fixed kappa_D",0.01,298.15,F,NaF,neutral ion-pair NaF: mu_Na + mu_F,0.08,0.005,0.005,1.6782067286982922,kJ/mol,0.6769809676642389,0.017393387074889684,1.6782067286982922,0.7902003181562747,0.11321935049203574,0.0,0.0,NaClFWater/data/S0_NaClFWater_matrix_BC_s_loss_split0.csv,0,0.0899205423636544,0.05191564933933302,0.03627353814119045,0.020942537010276464,3
NaClFWater,NaCl/NaF/water,"BC S-loss, fixed kappa_D",0.01,298.15,F,NaF,neutral ion-pair NaF: mu_Na + mu_F,0.08,0.0075,0.0075,1.8422657427159408,kJ/mol,0.743161628344736,0.019093738935680445,1.8422657427159408,0.8563809788367718,0.11321935049203574,0.0,0.0,NaClFWater/data/S0_NaClFWater_matrix_BC_s_loss_split0.csv,0,0.08100003679702066,0.046765393049129474,0.03267504673528474,0.01886494702840025,3
NaClFWater,NaCl/NaF/water,"BC S-loss, fixed kappa_D",0.01,298.15,F,NaF,neutral ion-pair NaF: mu_Na + mu_F,0.08,0.01,0.01,1.9762089111276415,kJ/mol,0.7971936937707287,0.020481962051690065,1.9762089111276415,0.9104130442627644,0.11321935049203574,0.0,0.0,NaClFWater/data/S0_NaClFWater_matrix_BC_s_loss_split0.csv,0,0.07649058336264604,0.044161858894895205,0.03085595371328997,0.017814693182470597,3
NaClFWater,NaCl/NaF/water,"BC S-loss, fixed kappa_D",0.01,298.15,F,NaF,neutral ion-pair NaF: mu_Na + mu_F,0.08,0.0125,0.0125,2.10056647132204,kJ/mol,0.8473589684041276,0.021770837339317953,2.10056647132204,0.9605783188961633,0.11321935049203574,0.0,0.0,NaClFWater/data/S0_NaClFWater_matrix_BC_s_loss_split0.csv,0,0.06418349475533512,0.03705635797452367,0.025891330099267543,0.014948366402489576,3
NaClFWater,NaCl/NaF/water,"BC S-loss, fixed kappa_D",0.01,298.15,F,NaF,neutral ion-pair NaF: mu_Na + mu_F,0.08,0.015,0.015,2.2304306868277477,kJ/mol,0.8997456027648438,0.023116785087495373,2.2304306868277477,1.0129649532568796,0.11321935049203574,0.0,0.0,NaClFWater/data/S0_NaClFWater_matrix_BC_s_loss_split0.csv,0,0.049207699568686654,0.028410078592183474,0.019850162379208093,0.011460496593093575,3
NaClFWater,NaCl/NaF/water,"BC S-loss, fixed kappa_D",0.01,298.15,F,NaF,neutral ion-pair NaF: mu_Na + mu_F,0.08,0.0175,0.0175,2.37569581963607,kJ/mol,0.958344897175212,0.024622352095548194,2.37569581963607,1.0715642476672478,0.11321935049203574,0.0,0.0,NaClFWater/data/S0_NaClFWater_matrix_BC_s_loss_split0.csv,0,0.039626575054483665,0.022878413774769055,0.015985180292068024,0.009229048144670175,3
NaClFWater,NaCl/NaF/water,"BC S-loss, fixed kappa_D",0.01,298.15,F,NaF,neutral ion-pair NaF: mu_Na + mu_F,0.08,0.02,0.02,2.541505455476199,kJ/mol,1.025231750743111,0.026340847872972972,2.541505455476199,1.1384511012351468,0.11321935049203574,0.0,0.0,NaClFWater/data/S0_NaClFWater_matrix_BC_s_loss_split0.csv,0,0.04006130065323618,0.02312940271623244,0.01616054662297304,0.009330295943024982,3
NaClFWater,NaCl/NaF/water,"BC S-loss, fixed kappa_D",0.01,298.15,F,NaF,neutral ion-pair NaF: mu_Na + mu_F,0.08,0.0225,0.0225,2.7288777546733134,kJ/mol,1.1008168847166386,0.028282824907932987,2.7288777546733134,1.2140362352086744,0.11321935049203574,0.0,0.0,NaClFWater/data/S0_NaClFWater_matrix_BC_s_loss_split0.csv,0,0.046850830249198956,0.02704933945613248,0.018899412006634746,0.010911580609556217,3
NaClFWater,NaCl/NaF/water,"BC S-loss, fixed kappa_D",0.01,298.15,F,NaF,neutral ion-pair NaF: mu_Na + mu_F,0.08,0.025,0.025,2.9354728831539414,kJ/mol,1.1841564206640467,0.030424032529140273,2.9354728831539414,1.2973757711560825,0.11321935049203574,0.0,0.0,NaClFWater/data/S0_NaClFWater_matrix_BC_s_loss_split0.csv,0,0.05534148449275673,0.0319514209692466,0.02232450334229201,0.012889058014196993,3
NaClFWater,NaCl/NaF/water,"BC S-loss, fixed kappa_D",0.01,298.15,F,NaF,neutral ion-pair NaF: mu_Na + mu_F,0.08,0.0275,0.0275,3.156462198959019,kJ/mol,1.2733025063630485,0.032714425389258395,3.156462198959019,1.3865218568550843,0.11321935049203574,0.0,0.0,NaClFWater/data/S0_NaClFWater_matrix_BC_s_loss_split0.csv,0,0.06397985221679706,0.036938784900080256,0.025809181624684787,0.014900937958575706,3
NaClFWater,NaCl/NaF/water,"BC S-loss, fixed kappa_D",0.01,298.15,F,NaF,neutral ion-pair NaF: mu_Na + mu_F,0.08,0.03,0.03,3.3854558785290654,kJ/mol,1.3656775160286156,0.03508777763386206,3.3854558785290654,1.4788968665206514,0.11321935049203574,0.0,0.0,NaClFWater/data/S0_NaClFWater_matrix_BC_s_loss_split0.csv,0,0.07209647513428073,0.041624919326400146,0.02908339042320731,0.016791303289785727,3
NaClFWater,NaCl/NaF/water,"BC S-loss, fixed kappa_D",0.01,298.15,F,NaF,neutral ion-pair NaF: mu_Na + mu_F,0.08,0.0325,0.0325,3.6154446748257985,kJ/mol,1.4584539512593717,0.0374714435365604,3.6154446748257985,1.5716733017514075,0.11321935049203574,0.0,0.0,NaClFWater/data/S0_NaClFWater_matrix_BC_s_loss_split0.csv,0,0.07840356277203928,0.0452663180718626,0.03162764091341047,0.018260226995190358,3
NaClFWater,NaCl/NaF/water,"BC S-loss, fixed kappa_D",0.01,298.15,F,NaF,neutral ion-pair NaF: mu_Na + mu_F,0.08,0.034999999999999996,0.034999999999999996,3.8397123735927825,kJ/mol,1.5489225217464346,0.039795814441731636,3.8397123735927825,1.6621418722384704,0.11321935049203574,0.0,0.0,NaClFWater/data/S0_NaClFWater_matrix_BC_s_loss_split0.csv,0,0.08107928724672583,0.04681114831760015,0.03270701600653816,0.018883404495764203,3
NaClFWater,NaCl/NaF/water,"BC S-loss, fixed kappa_D",0.01,298.15,F,NaF,neutral ion-pair NaF: mu_Na + mu_F,0.0825,0.0,0.0,1.3202969032726495,kJ/mol,0.5326017706262614,0.0136839131316151,1.3202969032726495,0.6458211211182971,0.11321935049203574,0.0,0.0,NaClFWater/data/S0_NaClFWater_matrix_BC_s_loss_split0.csv,0,0.2612737004442795,0.15084644128367442,0.10539662338809737,0.060850768884795625,3
NaClFWater,NaCl/NaF/water,"BC S-loss, fixed kappa_D",0.01,298.15,F,NaF,neutral ion-pair NaF: mu_Na + mu_F,0.0825,0.0025,0.0025,1.6589156373291227,kJ/mol,0.6691990290752252,0.01719344900197939,1.6589156373291227,0.7824183795672609,0.11321935049203574,0.0,0.0,NaClFWater/data/S0_NaClFWater_matrix_BC_s_loss_split0.csv,0,0.14851024664058032,0.08574243087535677,0.05990835858272246,0.03458810695444344,3
NaClFWater,NaCl/NaF/water,"BC S-loss, fixed kappa_D",0.01,298.15,F,NaF,neutral ion-pair NaF: mu_Na + mu_F,0.0825,0.005,0.005,1.9025873554855197,kJ/mol,0.7674950928014612,0.019718928396514457,1.9025873554855197,0.8807144432934969,0.11321935049203574,0.0,0.0,NaClFWater/data/S0_NaClFWater_matrix_BC_s_loss_split0.csv,0,0.10769755021334801,0.06217920960673971,0.04344470231927415,0.02508281057889609,3
NaClFWater,NaCl/NaF/water,"BC S-loss, fixed kappa_D",0.01,298.15,F,NaF,neutral ion-pair NaF: mu_Na + mu_F,0.0825,0.0075,0.0075,2.0841831518650284,kJ/mol,0.8407500117899664,0.021601036198603655,2.0841831518650284,0.9539693622820021,0.11321935049203574,0.0,0.0,NaClFWater/data/S0_NaClFWater_matrix_BC_s_loss_split0.csv,0,0.09636130960047497,0.055634228037299095,0.03887171437414184,0.022442594757773035,3
NaClFWater,NaCl/NaF/water,"BC S-loss, fixed kappa_D",0.01,298.15,F,NaF,neutral ion-pair NaF: mu_Na + mu_F,0.0825,0.01,0.01,2.2312164311719447,kJ/mol,0.9000625684624393,0.023124928753759377,2.2312164311719447,1.013281918954475,0.11321935049203574,0.0,0.0,NaClFWater/data/S0_NaClFWater_matrix_BC_s_loss_split0.csv,0,0.08546182177068218,0.049341405804739176,0.03447491051685951,0.0199040988671971,3
NaClFWater,NaCl/NaF/water,"BC S-loss, fixed kappa_D",0.01,298.15,F,NaF,neutral ion-pair NaF: mu_Na + mu_F,0.0825,0.0125,0.0125,2.365564399557485,kJ/mol,0.9542579283582455,0.024517347325854644,2.365564399557485,1.0674772788502813,0.11321935049203574,0.0,0.0,NaClFWater/data/S0_NaClFWater_matrix_BC_s_loss_split0.csv,0,0.07138832493988756,0.04121606862104056,0.02879772585301245,0.016626374773285782,3
NaClFWater,NaCl/NaF/water,"BC S-loss, fixed kappa_D",0.01,298.15,F,NaF,neutral ion-pair NaF: mu_Na + mu_F,0.0825,0.015,0.015,2.5034397351760957,kJ/mol,1.0098762121655793,0.0259463244831295,2.5034397351760957,1.1230955626576151,0.11321935049203574,0.0,0.0,NaClFWater/data/S0_NaClFWater_matrix_BC_s_loss_split0.csv,0,0.05925026862383332,0.03420815853952781,0.023901289097107408,0.013799415694194031,3
NaClFWater,NaCl/NaF/water,"BC S-loss, fixed kappa_D",0.01,298.15,F,NaF,neutral ion-pair NaF: mu_Na + mu_F,0.0825,0.0175,0.0175,2.6556006723646135,kJ/mol,1.0712572427245977,0.0275233614672743,2.6556006723646135,1.1844765932166335,0.11321935049203574,0.0,0.0,NaClFWater/data/S0_NaClFWater_matrix_BC_s_loss_split0.csv,0,0.05391075069759967,0.031125386427473978,0.021747351831365433,0.012555839434000335,3
NaClFWater,NaCl/NaF/water,"BC S-loss, fixed kappa_D",0.01,298.15,F,NaF,neutral ion-pair NaF: mu_Na + mu_F,0.0825,0.02,0.02,2.8277785981408234,kJ/mol,1.1407130355117063,0.02930785991884477,2.8277785981408234,1.2539323860037421,0.11321935049203574,0.0,0.0,NaClFWater/data/S0_NaClFWater_matrix_BC_s_loss_split0.csv,0,0.05573651984439098,0.03217949473585205,0.022483858807883738,0.012981061935153216,3
NaClFWater,NaCl/NaF/water,"BC S-loss, fixed kappa_D",0.01,298.15,F,NaF,neutral ion-pair NaF: mu_Na + mu_F,0.0825,0.0225,0.0225,3.02129419548989,kJ/mol,1.2187763480412122,0.03131350775242936,3.02129419548989,1.331995698533248,0.11321935049203574,0.0,0.0,NaClFWater/data/S0_NaClFWater_matrix_BC_s_loss_split0.csv,0,0.061835613181348247,0.035700807915756985,0.024944205342384024,0.014401543669146718,3
NaClFWater,NaCl/NaF/water,"BC S-loss, fixed kappa_D",0.01,298.15,F,NaF,neutral ion-pair NaF: mu_Na + mu_F,0.0825,0.025,0.025,3.233826478701112,kJ/mol,1.3045109052252515,0.03351624964625444,3.233826478701112,1.4177302557172873,0.11321935049203574,0.0,0.0,NaClFWater/data/S0_NaClFWater_matrix_BC_s_loss_split0.csv,0,0.06999033642113979,0.04040893957341753,0.028233783637776816,0.016300782583512096,3
NaClFWater,NaCl/NaF/water,"BC S-loss, fixed kappa_D",0.01,298.15,F,NaF,neutral ion-pair NaF: mu_Na + mu_F,0.0825,0.0275,0.0275,3.460294004243821,kJ/mol,1.3958668758364214,0.035863420149325975,3.460294004243821,1.5090862263284572,0.11321935049203574,0.0,0.0,NaClFWater/data/S0_NaClFWater_matrix_BC_s_loss_split0.csv,0,0.07891523809234914,0.04556173395578119,0.03183404841229006,0.018379396420231245,3
NaClFWater,NaCl/NaF/water,"BC S-loss, fixed kappa_D",0.01,298.15,F,NaF,neutral ion-pair NaF: mu_Na + mu_F,0.0825,0.03,0.03,3.693804309280439,kJ/mol,1.490063871689178,0.03828358391820075,3.693804309280439,1.6032832221812139,0.11321935049203574,0.0,0.0,NaClFWater/data/S0_NaClFWater_matrix_BC_s_loss_split0.csv,0,0.08693410285484575,0.05019142768500381,0.0350688220153575,0.02024699383072973,3
NaClFWater,NaCl/NaF/water,"BC S-loss, fixed kappa_D",0.01,298.15,F,NaF,neutral ion-pair NaF: mu_Na + mu_F,0.0825,0.0325,0.0325,3.926626289357561,kJ/mol,1.5839832003814005,0.04069661370158428,3.926626289357561,1.6972025508734363,0.11321935049203574,0.0,0.0,NaClFWater/data/S0_NaClFWater_matrix_BC_s_loss_split0.csv,0,0.09170817988988782,0.052947742346317356,0.03699466299526676,0.021358878638896753,3
NaClFWater,NaCl/NaF/water,"BC S-loss, fixed kappa_D",0.01,298.15,F,NaF,neutral ion-pair NaF: mu_Na + mu_F,0.085,0.0,0.0,1.4924475334741727,kJ/mol,0.6020465525025875,0.0154681286844891,1.4924475334741727,0.7152659029946233,0.11321935049203574,0.0,0.0,NaClFWater/data/S0_NaClFWater_matrix_BC_s_loss_split0.csv,0,0.22365019219072635,0.1291244986656274,0.09021947114048952,0.052088235949107296,3
NaClFWater,NaCl/NaF/water,"BC S-loss, fixed kappa_D",0.01,298.15,F,NaF,neutral ion-pair NaF: mu_Na + mu_F,0.085,0.0025,0.0025,1.8650335710768668,kJ/mol,0.7523460668360227,0.0193297108482966,1.8650335710768668,0.8655654173280584,0.11321935049203574,0.0,0.0,NaClFWater/data/S0_NaClFWater_matrix_BC_s_loss_split0.csv,0,0.1542845426900973,0.08907622225392599,0.06223768336752639,0.03593294324598006,3
NaClFWater,NaCl/NaF/water,"BC S-loss, fixed kappa_D",0.01,298.15,F,NaF,neutral ion-pair NaF: mu_Na + mu_F,0.085,0.005,0.005,2.134430895352883,kJ/mol,0.8610197231596364,0.0221218173617217,2.134430895352883,0.9742390736516721,0.11321935049203574,0.0,0.0,NaClFWater/data/S0_NaClFWater_matrix_BC_s_loss_split0.csv,0,0.12844351673658516,0.07415689896352964,0.05181353093368745,0.029914556032229454,3
NaClFWater,NaCl/NaF/water,"BC S-loss, fixed kappa_D",0.01,298.15,F,NaF,neutral ion-pair NaF: mu_Na + mu_F,0.085,0.0075,0.0075,2.3351573886391237,kJ/mol,0.9419918783399286,0.024202200865261148,2.3351573886391237,1.0552112288319644,0.11321935049203574,0.0,0.0,NaClFWater/data/S0_NaClFWater_matrix_BC_s_loss_split0.csv,0,0.11291659038104679,0.06519242385247208,0.04555003940474038,0.026298327511924922,3
NaClFWater,NaCl/NaF/water,"BC S-loss, fixed kappa_D",0.01,298.15,F,NaF,neutral ion-pair NaF: mu_Na + mu_F,0.085,0.01,0.01,2.4962486978843583,kJ/mol,1.0069753804021135,0.025871794633530953,2.4962486978843583,1.1201947308941493,0.11321935049203574,0.0,0.0,NaClFWater/data/S0_NaClFWater_matrix_BC_s_loss_split0.csv,0,0.09687297347060887,0.05592963731045551,0.03907811725407229,0.022561761516062394,3
NaClFWater,NaCl/NaF/water,"BC S-loss, fixed kappa_D",0.01,298.15,F,NaF,neutral ion-pair NaF: mu_Na + mu_F,0.085,0.0125,0.0125,2.6409303701834728,kJ/mol,1.0653393094946322,0.02737131449953267,2.6409303701834728,1.178558659986668,0.11321935049203574,0.0,0.0,NaClFWater/data/S0_NaClFWater_matrix_BC_s_loss_split0.csv,0,0.08213646293287141,0.04742150898457703,0.03313347587394271,0.0191296212150088,3
NaClFWater,NaCl/NaF/water,"BC S-loss, fixed kappa_D",0.01,298.15,F,NaF,neutral ion-pair NaF: mu_Na + mu_F,0.085,0.015,0.015,2.786547874996506,kJ/mol,1.1240807491703289,0.02888053358606157,2.786547874996506,1.2373000996623646,0.11321935049203574,0.0,0.0,NaClFWater/data/S0_NaClFWater_matrix_BC_s_loss_split0.csv,0,0.07267959084881039,0.04196158134115254,0.029318616652450717,0.016927111216559865,3
NaClFWater,NaCl/NaF/water,"BC S-loss, fixed kappa_D",0.01,298.15,F,NaF,neutral ion-pair NaF: mu_Na + mu_F,0.085,0.0175,0.0175,2.9447440303627155,kJ/mol,1.1878963593148837,0.03052012119883329,2.9447440303627155,1.3011157098069195,0.11321935049203574,0.0,0.0,NaClFWater/data/S0_NaClFWater_matrix_BC_s_loss_split0.csv,0,0.06986650882080155,0.040337447675029135,0.028183832146541035,0.016271943076600695,3
NaClFWater,NaCl/NaF/water,"BC S-loss, fixed kappa_D",0.01,298.15,F,NaF,neutral ion-pair NaF: mu_Na + mu_F,0.085,0.02,0.02,3.1218638812267896,kJ/mol,1.2593457022236163,0.032355839094634575,3.1218638812267896,1.372565052715652,0.11321935049203574,0.0,0.0,NaClFWater/data/S0_NaClFWater_matrix_BC_s_loss_split0.csv,0,0.07224502587480643,0.04171068513643097,0.02914331511683935,0.01682590082778529,3
NaClFWater,NaCl/NaF/water,"BC S-loss, fixed kappa_D",0.01,298.15,F,NaF,neutral ion-pair NaF: mu_Na + mu_F,0.085,0.0225,0.0225,3.319558676202742,kJ/mol,1.3390948840832395,0.03440480125937029,3.319558676202742,1.4523142345752753,0.11321935049203574,0.0,0.0,NaClFWater/data/S0_NaClFWater_matrix_BC_s_loss_split0.csv,0,0.07808985824679507,0.04508520067976685,0.031501093933572685,0.018187165062315876,3
NaClFWater,NaCl/NaF/water,"BC S-loss, fixed kappa_D",0.01,298.15,F,NaF,neutral ion-pair NaF: mu_Na + mu_F,0.085,0.025,0.025,3.535553508034471,kJ/mol,1.4262262176450695,0.03664342994079561,3.535553508034471,1.5394455681371053,0.11321935049203574,0.0,0.0,NaClFWater/data/S0_NaClFWater_matrix_BC_s_loss_split0.csv,0,0.08621569005068239,0.04977665185913082,0.03477901755502019,0.02007967514754163,3
NaClFWater,NaCl/NaF/water,"BC S-loss, fixed kappa_D",0.01,298.15,F,NaF,neutral ion-pair NaF: mu_Na + mu_F,0.085,0.0275,0.0275,3.764537763974329,kJ/mol,1.5185974258610448,0.03901668451635487,3.764537763974329,1.6318167763530806,0.11321935049203574,0.0,0.0,NaClFWater/data/S0_NaClFWater_matrix_BC_s_loss_split0.csv,0,0.09485715745733647,0.05476580539255593,0.03826494623529283,0.02209227700947287,3
NaClFWater,NaCl/NaF/water,"BC S-loss, fixed kappa_D",0.01,298.15,F,NaF,neutral ion-pair NaF: mu_Na + mu_F,0.085,0.03,0.03,3.9991339188505743,kJ/mol,1.6132324486044094,0.04144810232577356,3.9991339188505743,1.7264517990964452,0.11321935049203574,0.0,0.0,NaClFWater/data/S0_NaClFWater_matrix_BC_s_loss_split0.csv,0,0.1011298390815889,0.05838733981685889,0.04079531749600736,0.0235531875379961,3
NaClFWater,NaCl/NaF/water,"BC S-loss, fixed kappa_D",0.01,298.15,F,NaF,neutral ion-pair NaF: mu_Na + mu_F,0.0875,0.0,0.0,1.666873913217023,kJ/mol,0.6724093614016298,0.017275930719279128,1.666873913217023,0.7856287118936656,0.11321935049203574,0.0,0.0,NaClFWater/data/S0_NaClFWater_matrix_BC_s_loss_split0.csv,0,0.2050346737416058,0.11837682407792322,0.0827100555972494,0.04775267286376085,3
NaClFWater,NaCl/NaF/water,"BC S-loss, fixed kappa_D",0.01,298.15,F,NaF,neutral ion-pair NaF: mu_Na + mu_F,0.0875,0.0025,0.0025,2.076029064017114,kJ/mol,0.8374606898087693,0.021516525033348444,2.076029064017114,0.9506800403008051,0.11321935049203574,0.0,0.0,NaClFWater/data/S0_NaClFWater_matrix_BC_s_loss_split0.csv,0,0.17143107619912806,0.09897577799103384,0.06915451706180831,0.039926379041313596,3
NaClFWater,NaCl/NaF/water,"BC S-loss, fixed kappa_D",0.01,298.15,F,NaF,neutral ion-pair NaF: mu_Na + mu_F,0.0875,0.005,0.005,2.3731689392779933,kJ/mol,0.9573255651222954,0.024596162826128417,2.3731689392779933,1.0705449156143312,0.11321935049203574,0.0,0.0,NaClFWater/data/S0_NaClFWater_matrix_BC_s_loss_split0.csv,0,0.15024723888916897,0.08674528381765971,0.060609053361956745,0.03499265327385412,3
NaClFWater,NaCl/NaF/water,"BC S-loss, fixed kappa_D",0.01,298.15,F,NaF,neutral ion-pair NaF: mu_Na + mu_F,0.0875,0.0075,0.0075,2.5944135387179825,kJ/mol,1.0465746310794717,0.02688920151467755,2.5944135387179825,1.1597939815715075,0.11321935049203574,0.0,0.0,NaClFWater/data/S0_NaClFWater_matrix_BC_s_loss_split0.csv,0,0.12948123557730187,0.07475602621556059,0.05223214199806848,0.030156241242935596,3
NaClFWater,NaCl/NaF/water,"BC S-loss, fixed kappa_D",0.01,298.15,F,NaF,neutral ion-pair NaF: mu_Na + mu_F,0.0875,0.01,0.01,2.7702933633242264,kJ/mol,1.1175237530311555,0.02871206744396204,2.7702933633242264,1.2307431035231913,0.11321935049203574,0.0,0.0,NaClFWater/data/S0_NaClFWater_matrix_BC_s_loss_split0.csv,0,0.11013122896766847,0.0635842946906677,0.04442643726879485,0.02564961551627473,3
NaClFWater,NaCl/NaF/water,"BC S-loss, fixed kappa_D",0.01,298.15,F,NaF,neutral ion-pair NaF: mu_Na + mu_F,0.0875,0.0125,0.0125,2.9253707624847354,kJ/mol,1.180081271095671,0.030319331426426285,2.9253707624847354,1.2933006215877068,0.11321935049203574,0.0,0.0,NaClFWater/data/S0_NaClFWater_matrix_BC_s_loss_split0.csv,0,0.09589170493799584,0.05536310165900407,0.03868227798743908,0.022333223608915893,3
NaClFWater,NaCl/NaF/water,"BC S-loss, fixed kappa_D",0.01,298.15,F,NaF,neutral ion-pair NaF: mu_Na + mu_F,0.0875,0.015,0.015,3.078126332398839,kJ/mol,1.2417021737938532,0.03190253134448539,3.078126332398839,1.354921524285889,0.11321935049203574,0.0,0.0,NaClFWater/data/S0_NaClFWater_matrix_BC_s_loss_split0.csv,0,0.08822129695607799,0.05093458954584954,0.03558807026607809,0.020546781948059503,3
NaClFWater,NaCl/NaF/water,"BC S-loss, fixed kappa_D",0.01,298.15,F,NaF,neutral ion-pair NaF: mu_Na + mu_F,0.0875,0.0175,0.0175,3.241101264529019,kJ/mol,1.3074455207676088,0.03359164748826515,3.241101264529019,1.4206648712596446,0.11321935049203574,0.0,0.0,NaClFWater/data/S0_NaClFWater_matrix_BC_s_loss_split0.csv,0,0.0859294210742629,0.049611374388534385,0.034663537950896044,0.02001300296701464,3
NaClFWater,NaCl/NaF/water,"BC S-loss, fixed kappa_D",0.01,298.15,F,NaF,neutral ion-pair NaF: mu_Na + mu_F,0.0875,0.02,0.02,3.421276775674347,kJ/mol,1.3801275031472013,0.03545903507119874,3.421276775674347,1.4933468536392371,0.11321935049203574,0.0,0.0,NaClFWater/data/S0_NaClFWater_matrix_BC_s_loss_split0.csv,0,0.08765487605843941,0.05060756628812328,0.03535957865009816,0.020414862252065916,3
NaClFWater,NaCl/NaF/water,"BC S-loss, fixed kappa_D",0.01,298.15,F,NaF,neutral ion-pair NaF: mu_Na + mu_F,0.0875,0.0225,0.0225,3.6206629915320256,kJ/mol,1.460558996503768,0.03752552757805461,3.6206629915320256,1.5737783469958038,0.11321935049203574,0.0,0.0,NaClFWater/data/S0_NaClFWater_matrix_BC_s_loss_split0.csv,0,0.09298913651887895,0.053687303000885624,0.037511395078031556,0.021657214045979922,3
NaClFWater,NaCl/NaF/water,"BC S-loss, fixed kappa_D",0.01,298.15,F,NaF,neutral ion-pair NaF: mu_Na + mu_F,0.0875,0.025,0.025,3.8370622266396484,kJ/mol,1.547853464509263,0.03976834760408109,3.8370622266396484,1.6610728150012988,0.11321935049203574,0.0,0.0,NaClFWater/data/S0_NaClFWater_matrix_BC_s_loss_split0.csv,0,0.10093475295758182,0.058274706790648244,0.04071662064016145,0.023507751887089087,3
NaClFWater,NaCl/NaF/water,"BC S-loss, fixed kappa_D",0.01,298.15,F,NaF,neutral ion-pair NaF: mu_Na + mu_F,0.0875,0.0275,0.0275,4.064965791650506,kJ/mol,1.6397887269157323,0.04213040160743731,4.064965791650506,1.753008077407768,0.11321935049203574,0.0,0.0,NaClFWater/data/S0_NaClFWater_matrix_BC_s_loss_split0.csv,0,0.10848308468686121,0.0626327381464803,0.043761583355989724,0.025265761930744916,3
NaClFWater,NaCl/NaF/water,"BC S-loss, fixed kappa_D",0.01,298.15,F,NaF,neutral ion-pair NaF: mu_Na + mu_F,0.09,0.0,0.0,1.8436500830137497,kJ/mol,0.7437200649296698,0.019108086611822728,1.8436500830137497,0.8569394154217056,0.11321935049203574,0.0,0.0,NaClFWater/data/S0_NaClFWater_matrix_BC_s_loss_split0.csv,0,0.21999888219205865,0.12701641385500184,0.08874654928058401,0.05123784411679557,3
NaClFWater,NaCl/NaF/water,"BC S-loss, fixed kappa_D",0.01,298.15,F,NaF,neutral ion-pair NaF: mu_Na + mu_F,0.09,0.0025,0.0025,2.291637663598521,kJ/mol,0.9244362190360709,0.023751150699581555,2.291637663598521,1.0376555695281067,0.11321935049203574,0.0,0.0,NaClFWater/data/S0_NaClFWater_matrix_BC_s_loss_split0.csv,0,0.1974115098083888,0.11397558832900373,0.07963490591043143,0.045977234364278106,3
NaClFWater,NaCl/NaF/water,"BC S-loss, fixed kappa_D",0.01,298.15,F,NaF,neutral ion-pair NaF: mu_Na + mu_F,0.09,0.005,0.005,2.6182109358457843,kJ/mol,1.0561743929323903,0.027135844155623087,2.6182109358457843,1.1693937434244261,0.11321935049203574,0.0,0.0,NaClFWater/data/S0_NaClFWater_matrix_BC_s_loss_split0.csv,0,0.17080967279946307,0.09861701057096191,0.06890384575438158,0.03978165389449266,3
NaClFWater,NaCl/NaF/water,"BC S-loss, fixed kappa_D",0.01,298.15,F,NaF,neutral ion-pair NaF: mu_Na + mu_F,0.09,0.0075,0.0075,2.8610309398919305,kJ/mol,1.1541268790572077,0.029652496155449622,2.8610309398919305,1.2673462295492435,0.11321935049203574,0.0,0.0,NaClFWater/data/S0_NaClFWater_matrix_BC_s_loss_split0.csv,0,0.14473418005181438,0.0835623178138548,0.05838511048133378,0.0337086592530641,3
NaClFWater,NaCl/NaF/water,"BC S-loss, fixed kappa_D",0.01,298.15,F,NaF,neutral ion-pair NaF: mu_Na + mu_F,0.09,0.01,0.01,3.052081014674741,kJ/mol,1.2311956109881736,0.03163259064831436,3.052081014674741,1.3444149614802094,0.11321935049203574,0.0,0.0,NaClFWater/data/S0_NaClFWater_matrix_BC_s_loss_split0.csv,0,0.12453538119713858,0.07190053585780062,0.050237006817788005,0.02900434940953097,3
NaClFWater,NaCl/NaF/water,"BC S-loss, fixed kappa_D",0.01,298.15,F,NaF,neutral ion-pair NaF: mu_Na + mu_F,0.09,0.0125,0.0125,3.2172364604840094,kJ/mol,1.2978185672706224,0.03334430622385298,3.2172364604840094,1.4110379177626582,0.11321935049203574,0.0,0.0,NaClFWater/data/S0_NaClFWater_matrix_BC_s_loss_split0.csv,0,0.111863508240058,0.06458442659489341,0.04512523085484885,0.02605306418129099,3
NaClFWater,NaCl/NaF/water,"BC S-loss, fixed kappa_D",0.01,298.15,F,NaF,neutral ion-pair NaF: mu_Na + mu_F,0.09,0.015,0.015,3.376105801016058,kJ/mol,1.3619057372517536,0.034990870909211935,3.376105801016058,1.4751250877437894,0.11321935049203574,0.0,0.0,NaClFWater/data/S0_NaClFWater_matrix_BC_s_loss_split0.csv,0,0.10457280109813205,0.06037513486391974,0.042184192726771486,0.024355055026348573,3
NaClFWater,NaCl/NaF/water,"BC S-loss, fixed kappa_D",0.01,298.15,F,NaF,neutral ion-pair NaF: mu_Na + mu_F,0.09,0.0175,0.0175,3.5421360113568565,kJ/mol,1.4288815695708112,0.03671165278024091,3.5421360113568565,1.542100920062847,0.11321935049203574,0.0,0.0,NaClFWater/data/S0_NaClFWater_matrix_BC_s_loss_split0.csv,0,0.10039309080107021,0.057961977998776434,0.04049811658783472,0.023381598513659226,3
NaClFWater,NaCl/NaF/water,"BC S-loss, fixed kappa_D",0.01,298.15,F,NaF,neutral ion-pair NaF: mu_Na + mu_F,0.09,0.02,0.02,3.7229640321473094,kJ/mol,1.501826771375885,0.03858580314908977,3.7229640321473094,1.6150461218679208,0.11321935049203574,0.0,0.0,NaClFWater/data/S0_NaClFWater_matrix_BC_s_loss_split0.csv,0,0.09959104398427343,0.057498916053196125,0.04017457454688007,0.023194801429219897,3
NaClFWater,NaCl/NaF/water,"BC S-loss, fixed kappa_D",0.01,298.15,F,NaF,neutral ion-pair NaF: mu_Na + mu_F,0.09,0.0225,0.0225,3.920987797854152,kJ/mol,1.5817086585333258,0.04063817485518939,3.920987797854152,1.6949280090253616,0.11321935049203574,0.0,0.0,NaClFWater/data/S0_NaClFWater_matrix_BC_s_loss_split0.csv,0,0.10347419443854367,0.059740854013272865,0.041741019792965336,0.024099189013718037,3
NaClFWater,NaCl/NaF/water,"BC S-loss, fixed kappa_D",0.01,298.15,F,NaF,neutral ion-pair NaF: mu_Na + mu_F,0.09,0.025,0.025,4.134122223985654,kJ/mol,1.6676861174349378,0.042847157520611745,4.134122223985654,1.7809054679269736,0.11321935049203574,0.0,0.0,NaClFWater/data/S0_NaClFWater_matrix_BC_s_loss_split0.csv,0,0.11071511305817006,0.06392140032749434,0.04466197345741348,0.025785602398177596,3
NaClFWater,NaCl/NaF/water,"BC S-loss, fixed kappa_D",0.01,298.15,F,NaF,neutral ion-pair NaF: mu_Na + mu_F,0.0925,0.0,0.0,2.0231432287292606,kJ/mol,0.8161267841959172,0.020968401975437697,2.0231432287292606,0.929346134687953,0.11321935049203574,0.0,0.0,NaClFWater/data/S0_NaClFWater_matrix_BC_s_loss_split0.csv,0,0.2672023676914657,0.1542693589147731,0.10778822081249373,0.06223155830156408,3
NaClFWater,NaCl/NaF/water,"BC S-loss, fixed kappa_D",0.01,298.15,F,NaF,neutral ion-pair NaF: mu_Na + mu_F,0.0925,0.0025,0.0025,2.5117389901866964,kJ/mol,1.0132240939204848,0.026032340200004,2.5117389901866964,1.1264434444125206,0.11321935049203574,0.0,0.0,NaClFWater/data/S0_NaClFWater_matrix_BC_s_loss_split0.csv,0,0.22723234954006832,0.1311926581755496,0.09166449713592467,0.05292252209655779,3
NaClFWater,NaCl/NaF/water,"BC S-loss, fixed kappa_D",0.01,298.15,F,NaF,neutral ion-pair NaF: mu_Na + mu_F,0.0925,0.005,0.005,2.868973287795125,kJ/mol,1.1573307861069675,0.029734812790820794,2.868973287795125,1.2705501365990033,0.11321935049203574,0.0,0.0,NaClFWater/data/S0_NaClFWater_matrix_BC_s_loss_split0.csv,0,0.18754895051539522,0.10828143706629524,0.07565639431252151,0.04368023962225077,3
NaClFWater,NaCl/NaF/water,"BC S-loss, fixed kappa_D",0.01,298.15,F,NaF,neutral ion-pair NaF: mu_Na + mu_F,0.0925,0.0075,0.0075,3.1339719341344763,kJ/mol,1.2642300357409377,0.03248133021998001,3.1339719341344763,1.3774493862329735,0.11321935049203574,0.0,0.0,NaClFWater/data/S0_NaClFWater_matrix_BC_s_loss_split0.csv,0,0.15756795839655685,0.09097190319591186,0.0635621983418687,0.03669765232296228,3
NaClFWater,NaCl/NaF/water,"BC S-loss, fixed kappa_D",0.01,298.15,F,NaF,neutral ion-pair NaF: mu_Na + mu_F,0.0925,0.01,0.01,3.3401155014471766,kJ/mol,1.3473874139653454,0.03461785773947667,3.3401155014471766,1.4606067644573812,0.11321935049203574,0.0,0.0,NaClFWater/data/S0_NaClFWater_matrix_BC_s_loss_split0.csv,0,0.13992647087431642,0.08078658562604092,0.05644570244800085,0.03258894150295081,3
NaClFWater,NaCl/NaF/water,"BC S-loss, fixed kappa_D",0.01,298.15,F,NaF,neutral ion-pair NaF: mu_Na + mu_F,0.0925,0.0125,0.0125,3.5145569472356004,kJ/mol,1.4177563004387037,0.03642581592282568,3.5145569472356004,1.5309756509307395,0.11321935049203574,0.0,0.0,NaClFWater/data/S0_NaClFWater_matrix_BC_s_loss_split0.csv,0,0.12983592258298515,0.0749608048537699,0.052375221124268526,0.03023884801496261,3
NaClFWater,NaCl/NaF/water,"BC S-loss, fixed kappa_D",0.01,298.15,F,NaF,neutral ion-pair NaF: mu_Na + mu_F,0.0925,0.015,0.015,3.6780166975549258,kJ/mol,1.4836952208666805,0.03811995685305191,3.6780166975549258,1.5969145713587163,0.11321935049203574,0.0,0.0,NaClFWater/data/S0_NaClFWater_matrix_BC_s_loss_split0.csv,0,0.12105861044593566,0.069893221328683,0.04883449329710766,0.02819460785082408,3
NaClFWater,NaCl/NaF/water,"BC S-loss, fixed kappa_D",0.01,298.15,F,NaF,neutral ion-pair NaF: mu_Na + mu_F,0.0925,0.0175,0.0175,3.8448490954040695,kJ/mol,1.550994651981024,0.03984905281173212,3.8448490954040695,1.6642140024730598,0.11321935049203574,0.0,0.0,NaClFWater/data/S0_NaClFWater_matrix_BC_s_loss_split0.csv,0,0.11180381003285565,0.064549959818895,0.04510114886936486,0.02603916044048919,3
NaClFWater,NaCl/NaF/water,"BC S-loss, fixed kappa_D",0.01,298.15,F,NaF,neutral ion-pair NaF: mu_Na + mu_F,0.0925,0.02,0.02,4.023363813756023,kJ/mol,1.6230066780953236,0.041699227490312296,4.023363813756023,1.7362260285873594,0.11321935049203574,0.0,0.0,NaClFWater/data/S0_NaClFWater_matrix_BC_s_loss_split0.csv,0,0.1053999048710633,0.060852663449869344,0.042517842629958405,0.02454768788776863,3
NaClFWater,NaCl/NaF/water,"BC S-loss, fixed kappa_D",0.01,298.15,F,NaF,neutral ion-pair NaF: mu_Na + mu_F,0.0925,0.0225,0.0225,4.216376437674924,kJ/mol,1.700867093428888,0.043699662371636805,4.216376437674924,1.8140864439209239,0.11321935049203574,0.0,0.0,NaClFWater/data/S0_NaClFWater_matrix_BC_s_loss_split0.csv,0,0.10596597367270934,0.061179483424879534,0.04274619221201498,0.024679525580438334,3
NaClFWater,NaCl/NaF/water,"BC S-loss, fixed kappa_D",0.01,298.15,F,NaF,neutral ion-pair NaF: mu_Na + mu_F,0.095,0.0,0.0,2.2060414296588133,kJ/mol,0.889907087261069,0.02286400824948487,2.2060414296588133,1.0031264377531048,0.11321935049203574,0.0,0.0,NaClFWater/data/S0_NaClFWater_matrix_BC_s_loss_split0.csv,0,0.33256741868756745,0.19200788870296606,0.13415618532964627,0.0774551097135246,3
NaClFWater,NaCl/NaF/water,"BC S-loss, fixed kappa_D",0.01,298.15,F,NaF,neutral ion-pair NaF: mu_Na + mu_F,0.095,0.0025,0.0025,2.7363875629133054,kJ/mol,1.1038463072319602,0.028360658585597776,2.7363875629133054,1.217065657723996,0.11321935049203574,0.0,0.0,NaClFWater/data/S0_NaClFWater_matrix_BC_s_loss_split0.csv,0,0.25528729138771505,0.14739018640338772,0.10298173318020842,0.059456531373207555,3
NaClFWater,NaCl/NaF/water,"BC S-loss, fixed kappa_D",0.01,298.15,F,NaF,neutral ion-pair NaF: mu_Na + mu_F,0.095,0.005,0.005,3.124914139768693,kJ/mol,1.2605761626573708,0.03238745279668364,3.124914139768693,1.3737955131494066,0.11321935049203574,0.0,0.0,NaClFWater/data/S0_NaClFWater_matrix_BC_s_loss_split0.csv,0,0.19779157003207798,0.11419501620145894,0.07978822047746542,0.046065750570825875,3
NaClFWater,NaCl/NaF/water,"BC S-loss, fixed kappa_D",0.01,298.15,F,NaF,neutral ion-pair NaF: mu_Na + mu_F,0.095,0.0075,0.0075,3.412121833804281,kJ/mol,1.3764344412018983,0.03536415078497157,3.412121833804281,1.489653791693934,0.11321935049203574,0.0,0.0,NaClFWater/data/S0_NaClFWater_matrix_BC_s_loss_split0.csv,0,0.16780387814454348,0.09688161421781534,0.06769132185056809,0.039081602892227084,3
NaClFWater,NaCl/NaF/water,"BC S-loss, fixed kappa_D",0.01,298.15,F,NaF,neutral ion-pair NaF: mu_Na + mu_F,0.095,0.01,0.01,3.63272057892567,kJ/mol,1.4654229724620678,0.037650495665204176,3.63272057892567,1.5786423229541036,0.11321935049203574,0.0,0.0,NaClFWater/data/S0_NaClFWater_matrix_BC_s_loss_split0.csv,0,0.15758894784500405,0.09098402145962299,0.06357066538998485,0.03670254077547138,3
NaClFWater,NaCl/NaF/water,"BC S-loss, fixed kappa_D",0.01,298.15,F,NaF,neutral ion-pair NaF: mu_Na + mu_F,0.095,0.0125,0.0125,3.815095345458808,kJ/mol,1.5389921244704792,0.039540676924019635,3.815095345458808,1.652211474962515,0.11321935049203574,0.0,0.0,NaClFWater/data/S0_NaClFWater_matrix_BC_s_loss_split0.csv,0,0.1510732237543052,0.08722216640189268,0.060942251902824034,0.035185025541117444,3
NaClFWater,NaCl/NaF/water,"BC S-loss, fixed kappa_D",0.01,298.15,F,NaF,neutral ion-pair NaF: mu_Na + mu_F,0.095,0.015,0.015,3.981054471660265,kJ/mol,1.6059392817707716,0.0412607220598602,3.981054471660265,1.7191586322628074,0.11321935049203574,0.0,0.0,NaClFWater/data/S0_NaClFWater_matrix_BC_s_loss_split0.csv,0,0.13852160077642525,0.079975483496847,0.05587898423501254,0.032261746590127344,3
NaClFWater,NaCl/NaF/water,"BC S-loss, fixed kappa_D",0.01,298.15,F,NaF,neutral ion-pair NaF: mu_Na + mu_F,0.095,0.0175,0.0175,4.1458560589087865,kJ/mol,1.6724194931179424,0.04296877014985512,4.1458560589087865,1.7856388436099782,0.11321935049203574,0.0,0.0,NaClFWater/data/S0_NaClFWater_matrix_BC_s_loss_split0.csv,0,0.11992467489565682,0.06923854333348582,0.04837706884935086,0.027930513722777783,3
NaClFWater,NaCl/NaF/water,"BC S-loss, fixed kappa_D",0.01,298.15,F,NaF,neutral ion-pair NaF: mu_Na + mu_F,0.095,0.02,0.02,4.318497393656929,kJ/mol,1.742062222978344,0.04475807149697175,4.318497393656929,1.8552815734703798,0.11321935049203574,0.0,0.0,NaClFWater/data/S0_NaClFWater_matrix_BC_s_loss_split0.csv,0,0.10273869063589038,0.059316210694820994,0.04144432090150796,0.023927889828866854,3
NaClFWater,NaCl/NaF/water,"BC S-loss, fixed kappa_D",0.01,298.15,F,NaF,neutral ion-pair NaF: mu_Na + mu_F,0.0975,0.0,0.0,2.3933735151962687,kJ/mol,0.9654759992270432,0.02480556849923232,2.3933735151962687,1.078695349719079,0.11321935049203574,0.0,0.0,NaClFWater/data/S0_NaClFWater_matrix_BC_s_loss_split0.csv,0,0.40267971423018134,0.2324872414079968,0.16243916672277656,0.09378429663433355,3
NaClFWater,NaCl/NaF/water,"BC S-loss, fixed kappa_D",0.01,298.15,F,NaF,neutral ion-pair NaF: mu_Na + mu_F,0.0975,0.0025,0.0025,2.965841989800186,kJ/mol,1.1964071802712495,0.03073878613963643,2.965841989800186,1.3096265307632853,0.11321935049203574,0.0,0.0,NaClFWater/data/S0_NaClFWater_matrix_BC_s_loss_split0.csv,0,0.27597771975978086,0.15933581079364859,0.11132815795683489,0.0642753419647638,3
NaClFWater,NaCl/NaF/water,"BC S-loss, fixed kappa_D",0.01,298.15,F,NaF,neutral ion-pair NaF: mu_Na + mu_F,0.0975,0.005,0.005,3.385572421924845,kJ/mol,1.365724529104836,0.03508898552104256,3.385572421924845,1.478943879596872,0.11321935049203574,0.0,0.0,NaClFWater/data/S0_NaClFWater_matrix_BC_s_loss_split0.csv,0,0.19925879574168678,0.11504211935986353,0.08038009266084253,0.0464074681352245,3
NaClFWater,NaCl/NaF/water,"BC S-loss, fixed kappa_D",0.01,298.15,F,NaF,neutral ion-pair NaF: mu_Na + mu_F,0.0975,0.0075,0.0075,3.694338599921097,kJ/mol,1.4902794021055095,0.03828912145047524,3.694338599921097,1.6034987525975453,0.11321935049203574,0.0,0.0,NaClFWater/data/S0_NaClFWater_matrix_BC_s_loss_split0.csv,0,0.17757174009336224,0.10252109194337296,0.07163163297019469,0.04135654257783438,3
NaClFWater,NaCl/NaF/water,"BC S-loss, fixed kappa_D",0.01,298.15,F,NaF,neutral ion-pair NaF: mu_Na + mu_F,0.0975,0.01,0.01,3.928101224754939,kJ/mol,1.5845781826177865,0.040711900329768014,3.928101224754939,1.6977975331098223,0.11321935049203574,0.0,0.0,NaClFWater/data/S0_NaClFWater_matrix_BC_s_loss_split0.csv,0,0.18130350012399493,0.10467562460160983,0.0731370080073858,0.04222567126078801,3
NaClFWater,NaCl/NaF/water,"BC S-loss, fixed kappa_D",0.01,298.15,F,NaF,neutral ion-pair NaF: mu_Na + mu_F,0.0975,0.0125,0.0125,4.116422542194543,kJ/mol,1.6605461462374742,0.04266371324570173,4.116422542194543,1.77376549672951,0.11321935049203574,0.0,0.0,NaClFWater/data/S0_NaClFWater_matrix_BC_s_loss_split0.csv,0,0.17920740067218804,0.10346544101886089,0.07229145101435339,0.041737488703245576,3
NaClFWater,NaCl/NaF/water,"BC S-loss, fixed kappa_D",0.01,298.15,F,NaF,neutral ion-pair NaF: mu_Na + mu_F,0.0975,0.015,0.015,4.282167812791972,kJ/mol,1.7274070351589794,0.044381541924394696,4.282167812791972,1.8406263856510152,0.11321935049203574,0.0,0.0,NaClFWater/data/S0_NaClFWater_matrix_BC_s_loss_split0.csv,0,0.16056330519060755,0.0927012674737733,0.0647705076260887,0.037395270013471024,3
NaClFWater,NaCl/NaF/water,"BC S-loss, fixed kappa_D",0.01,298.15,F,NaF,neutral ion-pair NaF: mu_Na + mu_F,0.0975,0.0175,0.0175,4.4414907662698875,kJ/mol,1.7916771905410072,0.0460328079766441,4.4414907662698875,1.904896541033043,0.11321935049203574,0.0,0.0,NaClFWater/data/S0_NaClFWater_matrix_BC_s_loss_split0.csv,0,0.12785730056231753,0.07381844689751292,0.05157705399307583,0.029778026006910194,3
NaClFWater,NaCl/NaF/water,"BC S-loss, fixed kappa_D",0.01,298.15,F,NaF,neutral ion-pair NaF: mu_Na + mu_F,0.1,0.0,0.0,2.586519500682995,kJ/mol,1.0433902120110001,0.026807385575807526,2.586519500682995,1.156609562503036,0.11321935049203574,0.0,0.0,NaClFWater/data/S0_NaClFWater_matrix_BC_s_loss_split0.csv,0,0.46748259159887556,0.2699012001010747,0.18858035295345854,0.10887691754155393,3
NaClFWater,NaCl/NaF/water,"BC S-loss, fixed kappa_D",0.01,298.15,F,NaF,neutral ion-pair NaF: mu_Na + mu_F,0.1,0.0025,0.0025,3.2005907739287682,kJ/mol,1.2911037729613757,0.03317178583978375,3.2005907739287682,1.4043231234534115,0.11321935049203574,0.0,0.0,NaClFWater/data/S0_NaClFWater_matrix_BC_s_loss_split0.csv,0,0.2837362716929586,0.16381521284079045,0.11445792254755964,0.0660823123937189,3
NaClFWater,NaCl/NaF/water,"BC S-loss, fixed kappa_D",0.01,298.15,F,NaF,neutral ion-pair NaF: mu_Na + mu_F,0.1,0.005,0.005,3.65060913790665,kJ/mol,1.4726391358595627,0.03783589751424188,3.65060913790665,1.5858584863515985,0.11321935049203574,0.0,0.0,NaClFWater/data/S0_NaClFWater_matrix_BC_s_loss_split0.csv,0,0.19136845779588155,0.11048663062285576,0.07719716619153182,0.04456980468135718,3
NaClFWater,NaCl/NaF/water,"BC S-loss, fixed kappa_D",0.01,298.15,F,NaF,neutral ion-pair NaF: mu_Na + mu_F,0.1,0.0075,0.0075,3.979509915751395,kJ/mol,1.6053162149364433,0.04124471386592176,3.979509915751395,1.718535565428479,0.11321935049203574,0.0,0.0,NaClFWater/data/S0_NaClFWater_matrix_BC_s_loss_split0.csv,0,0.19338167514500193,0.11164896220130763,0.07800928892100202,0.04503868395783181,3
NaClFWater,NaCl/NaF/water,"BC S-loss, fixed kappa_D",0.01,298.15,F,NaF,neutral ion-pair NaF: mu_Na + mu_F,0.1,0.01,0.01,4.224416953281145,kJ/mol,1.7041106008839206,0.04378299644355366,4.224416953281145,1.8173299513759564,0.11321935049203574,0.0,0.0,NaClFWater/data/S0_NaClFWater_matrix_BC_s_loss_split0.csv,0,0.2178379187536379,0.12576878103212066,0.08787482645012923,0.05073455470597376,3
NaClFWater,NaCl/NaF/water,"BC S-loss, fixed kappa_D",0.01,298.15,F,NaF,neutral ion-pair NaF: mu_Na + mu_F,0.1,0.0125,0.0125,4.41600731014344,kJ/mol,1.7813972801504125,0.04576869056558053,4.41600731014344,1.8946166306424483,0.11321935049203574,0.0,0.0,NaClFWater/data/S0_NaClFWater_matrix_BC_s_loss_split0.csv,0,0.22051773720005682,0.12731597493353997,0.08895585303284861,0.05135868569450794,3
NaClFWater,NaCl/NaF/water,"BC S-loss, fixed kappa_D",0.01,298.15,F,NaF,neutral ion-pair NaF: mu_Na + mu_F,0.1,0.015,0.015,4.57816620317731,kJ/mol,1.8468114406612461,0.04744934906011622,4.57816620317731,1.960030791153282,0.11321935049203574,0.0,0.0,NaClFWater/data/S0_NaClFWater_matrix_BC_s_loss_split0.csv,0,0.19438404494204886,0.11222768067346023,0.07841364034181211,0.045272136359483725,3
