system,system_label,method,kcut,temperature_K,coanion,salt,quantity,x_Cl,x_F,x_coanion,mu_ex,mu_ex_units,mu_ex_kBT,mu_ex_eV,mu_ex_kJ_mol,mu_ex_raw_kBT,mu_ex_reference_kBT,reference_x_Cl,reference_x_coanion,source_s0_csv,source_split,mu_ex_std_split1_to3,mu_ex_se_split1_to3,mu_ex_kBT_std_split1_to3,mu_ex_kBT_se_split1_to3,mu_ex_uncertainty_n_splits
NaClFWater,NaCl/NaF/water,"BC S-loss, fixed kappa_D",0.005,298.15,F,NaCl,neutral ion-pair NaCl: mu_Na + mu_Cl,0.0,0.0,0.0,0.0,kJ/mol,0.0,0.0,0.0,0.04104732956668566,0.04104732956668566,0.0,0.0,NaClFWater/data/S0_NaClFWater_matrix_BC_s_loss_split0.csv,0,0.0,0.0,0.0,0.0,3
NaClFWater,NaCl/NaF/water,"BC S-loss, fixed kappa_D",0.005,298.15,F,NaCl,neutral ion-pair NaCl: mu_Na + mu_Cl,0.0,0.0025,0.0025,-0.2532737353704328,kJ/mol,-0.10216947383354061,-0.002624997290183728,-0.2532737353704328,-0.061122144266854944,0.04104732956668566,0.0,0.0,NaClFWater/data/S0_NaClFWater_matrix_BC_s_loss_split0.csv,0,0.08956062440279541,0.0517078506077449,0.03612834887144472,0.02085871194630532,3
NaClFWater,NaCl/NaF/water,"BC S-loss, fixed kappa_D",0.005,298.15,F,NaCl,neutral ion-pair NaCl: mu_Na + mu_Cl,0.0,0.005,0.005,-0.4322662323616854,kJ/mol,-0.17437423367964494,-0.004480123795417512,-0.4322662323616854,-0.13332690411295928,0.04104732956668566,0.0,0.0,NaClFWater/data/S0_NaClFWater_matrix_BC_s_loss_split0.csv,0,0.1517572877647042,0.08761711094243949,0.06121820021585662,0.03534434437392923,3
NaClFWater,NaCl/NaF/water,"BC S-loss, fixed kappa_D",0.005,298.15,F,NaCl,neutral ion-pair NaCl: mu_Na + mu_Cl,0.0,0.0075,0.0075,-0.5503506248751449,kJ/mol,-0.22200894097927068,-0.005703982281602293,-0.5503506248751449,-0.18096161141258502,0.04104732956668566,0.0,0.0,NaClFWater/data/S0_NaClFWater_matrix_BC_s_loss_split0.csv,0,0.19680912920945293,0.11362780372805349,0.07939190831436882,0.04583693963677893,3
NaClFWater,NaCl/NaF/water,"BC S-loss, fixed kappa_D",0.005,298.15,F,NaCl,neutral ion-pair NaCl: mu_Na + mu_Cl,0.0,0.01,0.01,-0.6198026554947376,kJ/mol,-0.2500255745030605,-0.006423801855106603,-0.6198026554947376,-0.20897824493637487,0.04104732956668566,0.0,0.0,NaClFWater/data/S0_NaClFWater_matrix_BC_s_loss_split0.csv,0,0.2321241384716882,0.13401693383203916,0.09363782255996575,0.05406182206132664,3
NaClFWater,NaCl/NaF/water,"BC S-loss, fixed kappa_D",0.005,298.15,F,NaCl,neutral ion-pair NaCl: mu_Na + mu_Cl,0.0,0.0125,0.0125,-0.6516092489752701,kJ/mol,-0.2628562097664858,-0.006753453966780398,-0.6516092489752701,-0.22180888019980016,0.04104732956668566,0.0,0.0,NaClFWater/data/S0_NaClFWater_matrix_BC_s_loss_split0.csv,0,0.26206856784051363,0.15130535818886026,0.10571726928342443,0.06103589387877725,3
NaClFWater,NaCl/NaF/water,"BC S-loss, fixed kappa_D",0.005,298.15,F,NaCl,neutral ion-pair NaCl: mu_Na + mu_Cl,0.0,0.015,0.015,-0.655350911533914,kJ/mol,-0.2643655794384741,-0.006792233566500271,-0.655350911533914,-0.22331824987178847,0.04104732956668566,0.0,0.0,NaClFWater/data/S0_NaClFWater_matrix_BC_s_loss_split0.csv,0,0.28809209245206774,0.16633004712860386,0.1162150408465435,0.06709678511663525,3
NaClFWater,NaCl/NaF/water,"BC S-loss, fixed kappa_D",0.005,298.15,F,NaCl,neutral ion-pair NaCl: mu_Na + mu_Cl,0.0,0.0175,0.0175,-0.6391574524653268,kJ/mol,-0.2578332116421737,-0.006624400190048617,-0.6391574524653268,-0.21678588207548807,0.04104732956668566,0.0,0.0,NaClFWater/data/S0_NaClFWater_matrix_BC_s_loss_split0.csv,0,0.3093086846026701,0.17857945231804065,0.12477371770025462,0.07203813950203239,3
NaClFWater,NaCl/NaF/water,"BC S-loss, fixed kappa_D",0.005,298.15,F,NaCl,neutral ion-pair NaCl: mu_Na + mu_Cl,0.0,0.02,0.02,-0.6097335119725917,kJ/mol,-0.24596372776594266,-0.006319442536437236,-0.6097335119725917,-0.204916398199257,0.04104732956668566,0.0,0.0,NaClFWater/data/S0_NaClFWater_matrix_BC_s_loss_split0.csv,0,0.32335521700619063,0.18668922158239404,0.13044002503668048,0.075309583568029,3
NaClFWater,NaCl/NaF/water,"BC S-loss, fixed kappa_D",0.005,298.15,F,NaCl,neutral ion-pair NaCl: mu_Na + mu_Cl,0.0,0.0225,0.0225,-0.5724475926719319,kJ/mol,-0.23092275736774245,-0.005933001214430078,-0.5724475926719319,-0.1898754278010568,0.04104732956668566,0.0,0.0,NaClFWater/data/S0_NaClFWater_matrix_BC_s_loss_split0.csv,0,0.32726840071164875,0.18894849924812873,0.13201858555980733,0.07622096591098841,3
NaClFWater,NaCl/NaF/water,"BC S-loss, fixed kappa_D",0.005,298.15,F,NaCl,neutral ion-pair NaCl: mu_Na + mu_Cl,0.0,0.025,0.025,-0.5314758614683821,kJ/mol,-0.21439494719826913,-0.005508359143959751,-0.5314758614683821,-0.17334761763158346,0.04104732956668566,0.0,0.0,NaClFWater/data/S0_NaClFWater_matrix_BC_s_loss_split0.csv,0,0.3182381109161587,0.18373485900384223,0.1283758076949008,0.07411780713008662,3
NaClFWater,NaCl/NaF/water,"BC S-loss, fixed kappa_D",0.005,298.15,F,NaCl,neutral ion-pair NaCl: mu_Na + mu_Cl,0.0,0.0275,0.0275,-0.48998999478665506,kJ/mol,-0.19765973711341292,-0.005078388434753833,-0.48998999478665506,-0.15661240754672726,0.04104732956668566,0.0,0.0,NaClFWater/data/S0_NaClFWater_matrix_BC_s_loss_split0.csv,0,0.2942299510912765,0.1698737414661989,0.1186910251278012,0.06852629530792867,3
NaClFWater,NaCl/NaF/water,"BC S-loss, fixed kappa_D",0.005,298.15,F,NaCl,neutral ion-pair NaCl: mu_Na + mu_Cl,0.0,0.03,0.03,-0.45037686659203174,kJ/mol,-0.18167998122350262,-0.004667827292223592,-0.45037686659203174,-0.14063265165681696,0.04104732956668566,0.0,0.0,NaClFWater/data/S0_NaClFWater_matrix_BC_s_loss_split0.csv,0,0.2545669657536326,0.14697430620464602,0.10269115709297462,0.059288767191023044,3
NaClFWater,NaCl/NaF/water,"BC S-loss, fixed kappa_D",0.005,298.15,F,NaCl,neutral ion-pair NaCl: mu_Na + mu_Cl,0.0,0.0325,0.0325,-0.4144769900831619,kJ/mol,-0.16719813418857116,-0.004295751291465422,-0.4144769900831619,-0.1261508046218855,0.04104732956668566,0.0,0.0,NaClFWater/data/S0_NaClFWater_matrix_BC_s_loss_split0.csv,0,0.2008061789291463,0.11593550145968277,0.08100430000650499,0.046767854414272864,3
NaClFWater,NaCl/NaF/water,"BC S-loss, fixed kappa_D",0.005,298.15,F,NaCl,neutral ion-pair NaCl: mu_Na + mu_Cl,0.0,0.034999999999999996,0.034999999999999996,-0.38382831295335784,kJ/mol,-0.15483459711882214,-0.003978100137089768,-0.38382831295335784,-0.11378726755213647,0.04104732956668566,0.0,0.0,NaClFWater/data/S0_NaClFWater_matrix_BC_s_loss_split0.csv,0,0.1397373768114692,0.08067741211795391,0.056369422762395496,0.03254490140593286,3
NaClFWater,NaCl/NaF/water,"BC S-loss, fixed kappa_D",0.005,298.15,F,NaCl,neutral ion-pair NaCl: mu_Na + mu_Cl,0.0,0.0375,0.0375,-0.35990227338373854,kJ/mol,-0.14518294148949606,-0.0037301242111880124,-0.35990227338373854,-0.10413561192281041,0.04104732956668566,0.0,0.0,NaClFWater/data/S0_NaClFWater_matrix_BC_s_loss_split0.csv,0,0.09922697496899495,0.057288720709221495,0.040027710760646165,0.023110009582703546,3
NaClFWater,NaCl/NaF/water,"BC S-loss, fixed kappa_D",0.005,298.15,F,NaCl,neutral ion-pair NaCl: mu_Na + mu_Cl,0.0,0.04,0.04,-0.34431988831408455,kJ/mol,-0.1388970781673096,-0.003568624170441126,-0.34431988831408455,-0.09784974860062394,0.04104732956668566,0.0,0.0,NaClFWater/data/S0_NaClFWater_matrix_BC_s_loss_split0.csv,0,0.1372485872075664,0.0792405087701843,0.055365456346607334,0.03196526112552022,3
NaClFWater,NaCl/NaF/water,"BC S-loss, fixed kappa_D",0.005,298.15,F,NaCl,neutral ion-pair NaCl: mu_Na + mu_Cl,0.0025,0.0,0.0,-0.00044915416625547825,kJ/mol,-0.00018118674946435848,-4.655154896226962e-06,-0.00044915416625547825,0.0408661428172213,0.04104732956668566,0.0,0.0,NaClFWater/data/S0_NaClFWater_matrix_BC_s_loss_split0.csv,0,0.1311385962905198,0.07571290386948126,0.052900713777823634,0.030542241339949823,3
NaClFWater,NaCl/NaF/water,"BC S-loss, fixed kappa_D",0.005,298.15,F,NaCl,neutral ion-pair NaCl: mu_Na + mu_Cl,0.0025,0.0025,0.0025,-0.1975151960206876,kJ/mol,-0.0796767324572657,-0.0020471007527333995,-0.1975151960206876,-0.038629402890580034,0.04104732956668566,0.0,0.0,NaClFWater/data/S0_NaClFWater_matrix_BC_s_loss_split0.csv,0,0.16522801960603478,0.09539444159721296,0.06665223222224892,0.03848168421560486,3
NaClFWater,NaCl/NaF/water,"BC S-loss, fixed kappa_D",0.005,298.15,F,NaCl,neutral ion-pair NaCl: mu_Na + mu_Cl,0.0025,0.005,0.005,-0.33160202760500496,kJ/mol,-0.13376675095420762,-0.003436812832603664,-0.33160202760500496,-0.09271942138752196,0.04104732956668566,0.0,0.0,NaClFWater/data/S0_NaClFWater_matrix_BC_s_loss_split0.csv,0,0.19542695702226012,0.11282980624371132,0.07883434633540444,0.04551503107813394,3
NaClFWater,NaCl/NaF/water,"BC S-loss, fixed kappa_D",0.005,298.15,F,NaCl,neutral ion-pair NaCl: mu_Na + mu_Cl,0.0025,0.0075,0.0075,-0.41518147669139455,kJ/mol,-0.1674823208847583,-0.004303052780642247,-0.41518147669139455,-0.12643499131807265,0.04104732956668566,0.0,0.0,NaClFWater/data/S0_NaClFWater_matrix_BC_s_loss_split0.csv,0,0.21562542717859073,0.12449139842568742,0.08698231740353156,0.05021926436766642,3
NaClFWater,NaCl/NaF/water,"BC S-loss, fixed kappa_D",0.005,298.15,F,NaCl,neutral ion-pair NaCl: mu_Na + mu_Cl,0.0025,0.01,0.01,-0.45939603848306954,kJ/mol,-0.18531827417627897,-0.004761304421776913,-0.45939603848306954,-0.1442709446095933,0.04104732956668566,0.0,0.0,NaClFWater/data/S0_NaClFWater_matrix_BC_s_loss_split0.csv,0,0.22922755274684378,0.1323445892840694,0.09246935304223916,0.053387205870727324,3
NaClFWater,NaCl/NaF/water,"BC S-loss, fixed kappa_D",0.005,298.15,F,NaCl,neutral ion-pair NaCl: mu_Na + mu_Cl,0.0025,0.0125,0.0125,-0.47390112572116744,kJ/mol,-0.19116956044904848,-0.004911639057297634,-0.47390112572116744,-0.15012223088236282,0.04104732956668566,0.0,0.0,NaClFWater/data/S0_NaClFWater_matrix_BC_s_loss_split0.csv,0,0.23986937035457426,0.1384886455445595,0.09676221390293645,0.05586569024424451,3
NaClFWater,NaCl/NaF/water,"BC S-loss, fixed kappa_D",0.005,298.15,F,NaCl,neutral ion-pair NaCl: mu_Na + mu_Cl,0.0025,0.015,0.015,-0.4667861890427333,kJ/mol,-0.18829942732714625,-0.004837897934976354,-0.4667861890427333,-0.14725209776046058,0.04104732956668566,0.0,0.0,NaClFWater/data/S0_NaClFWater_matrix_BC_s_loss_split0.csv,0,0.2495012664270908,0.14404962333483343,0.10064767700596627,0.05810896341270514,3
NaClFWater,NaCl/NaF/water,"BC S-loss, fixed kappa_D",0.005,298.15,F,NaCl,neutral ion-pair NaCl: mu_Na + mu_Cl,0.0025,0.0175,0.0175,-0.4445730954552405,kJ/mol,-0.17933876632244314,-0.004607675443139669,-0.4445730954552405,-0.13829143675575747,0.04104732956668566,0.0,0.0,NaClFWater/data/S0_NaClFWater_matrix_BC_s_loss_split0.csv,0,0.2581508544787515,0.14904346532483911,0.1041368815175298,0.060123456576713995,3
NaClFWater,NaCl/NaF/water,"BC S-loss, fixed kappa_D",0.005,298.15,F,NaCl,neutral ion-pair NaCl: mu_Na + mu_Cl,0.0025,0.02,0.02,-0.4122870225978573,kJ/mol,-0.16631471125741376,-0.0042730538779096605,-0.4122870225978573,-0.1252673816907281,0.04104732956668566,0.0,0.0,NaClFWater/data/S0_NaClFWater_matrix_BC_s_loss_split0.csv,0,0.26438792208495454,0.1526444379862343,0.10665288624521295,0.06157607258352424,3
NaClFWater,NaCl/NaF/water,"BC S-loss, fixed kappa_D",0.005,298.15,F,NaCl,neutral ion-pair NaCl: mu_Na + mu_Cl,0.0025,0.0225,0.0225,-0.37359226746886376,kJ/mol,-0.15070542288858713,-0.003872011001476494,-0.37359226746886376,-0.10965809332190148,0.04104732956668566,0.0,0.0,NaClFWater/data/S0_NaClFWater_matrix_BC_s_loss_split0.csv,0,0.26608985629262394,0.15362705015917527,0.10733943877006344,0.061972453868559485,3
NaClFWater,NaCl/NaF/water,"BC S-loss, fixed kappa_D",0.005,298.15,F,NaCl,neutral ion-pair NaCl: mu_Na + mu_Cl,0.0025,0.025,0.025,-0.33098289463765995,kJ/mol,-0.13351699552886073,-0.003430395971577127,-0.33098289463765995,-0.09246966596217508,0.04104732956668566,0.0,0.0,NaClFWater/data/S0_NaClFWater_matrix_BC_s_loss_split0.csv,0,0.2612160055947109,0.15081313114674516,0.10537334954797849,0.060837331726937914,3
NaClFWater,NaCl/NaF/water,"BC S-loss, fixed kappa_D",0.005,298.15,F,NaCl,neutral ion-pair NaCl: mu_Na + mu_Cl,0.0025,0.0275,0.0275,-0.28601616945186137,kJ/mol,-0.11537762294239398,-0.002964348706200326,-0.28601616945186137,-0.07433029337570832,0.04104732956668566,0.0,0.0,NaClFWater/data/S0_NaClFWater_matrix_BC_s_loss_split0.csv,0,0.24846328649342417,0.14345034534071757,0.1002289606178758,0.057867217393326995,3
NaClFWater,NaCl/NaF/water,"BC S-loss, fixed kappa_D",0.005,298.15,F,NaCl,neutral ion-pair NaCl: mu_Na + mu_Cl,0.0025,0.03,0.03,-0.23957529410904244,kJ/mol,-0.09664358488193281,-0.0024830229510826025,-0.23957529410904244,-0.05559625531524716,0.04104732956668566,0.0,0.0,NaClFWater/data/S0_NaClFWater_matrix_BC_s_loss_split0.csv,0,0.22782856333505133,0.1315368823705776,0.09190500707129796,0.05306138057248834,3
NaClFWater,NaCl/NaF/water,"BC S-loss, fixed kappa_D",0.005,298.15,F,NaCl,neutral ion-pair NaCl: mu_Na + mu_Cl,0.0025,0.0325,0.0325,-0.19214716871392465,kJ/mol,-0.07751129463698048,-0.0019914650702048675,-0.19214716871392465,-0.036463965070294826,0.04104732956668566,0.0,0.0,NaClFWater/data/S0_NaClFWater_matrix_BC_s_loss_split0.csv,0,0.20125134194387814,0.11619251644607148,0.08118387674358268,0.046871533091764866,3
NaClFWater,NaCl/NaF/water,"BC S-loss, fixed kappa_D",0.005,298.15,F,NaCl,neutral ion-pair NaCl: mu_Na + mu_Cl,0.0025,0.034999999999999996,0.034999999999999996,-0.14410071573110944,kJ/mol,-0.058129573853170996,-0.0014934986754724375,-0.14410071573110944,-0.017082244286485342,0.04104732956668566,0.0,0.0,NaClFWater/data/S0_NaClFWater_matrix_BC_s_loss_split0.csv,0,0.17382384345396582,0.10035724280972254,0.07011974849836193,0.04048365567103812,3
NaClFWater,NaCl/NaF/water,"BC S-loss, fixed kappa_D",0.005,298.15,F,NaCl,neutral ion-pair NaCl: mu_Na + mu_Cl,0.0025,0.0375,0.0375,-0.09595177847471298,kJ/mol,-0.038706511379143646,-0.0009944701060931038,-0.09595177847471298,0.00234081818754201,0.04104732956668566,0.0,0.0,NaClFWater/data/S0_NaClFWater_matrix_BC_s_loss_split0.csv,0,0.1563734300810709,0.09028224195141142,0.06308033104799415,0.036419446111130134,3
NaClFWater,NaCl/NaF/water,"BC S-loss, fixed kappa_D",0.005,298.15,F,NaCl,neutral ion-pair NaCl: mu_Na + mu_Cl,0.0025,0.04,0.04,-0.04860164333638901,kJ/mol,-0.019605682049351397,-0.000503720537267327,-0.04860164333638901,0.02144164751733426,0.04104732956668566,0.0,0.0,NaClFWater/data/S0_NaClFWater_matrix_BC_s_loss_split0.csv,0,0.16675077419217088,0.09627360436742836,0.06726650450206345,0.03883633448171151,3
NaClFWater,NaCl/NaF/water,"BC S-loss, fixed kappa_D",0.005,298.15,F,NaCl,neutral ion-pair NaCl: mu_Na + mu_Cl,0.005,0.0,0.0,0.006818054881705168,kJ/mol,0.0027503723542956077,7.066415932399655e-05,0.006818054881705168,0.043797701920981265,0.04104732956668566,0.0,0.0,NaClFWater/data/S0_NaClFWater_matrix_BC_s_loss_split0.csv,0,0.22356251368010244,0.12907387745391655,0.09018410202776313,0.05206781558235372,3
NaClFWater,NaCl/NaF/water,"BC S-loss, fixed kappa_D",0.005,298.15,F,NaCl,neutral ion-pair NaCl: mu_Na + mu_Cl,0.005,0.0025,0.0025,-0.14277873251673504,kJ/mol,-0.05759629183230981,-0.0014797972849578398,-0.14277873251673504,-0.01654896226562416,0.04104732956668566,0.0,0.0,NaClFWater/data/S0_NaClFWater_matrix_BC_s_loss_split0.csv,0,0.23380186678893577,0.1349855707276291,0.09431461053862493,0.05445256578298982,3
NaClFWater,NaCl/NaF/water,"BC S-loss, fixed kappa_D",0.005,298.15,F,NaCl,neutral ion-pair NaCl: mu_Na + mu_Cl,0.005,0.005,0.005,-0.23899574841568347,kJ/mol,-0.09640979878300558,-0.002477016383238606,-0.23899574841568347,-0.055362469216319925,0.04104732956668566,0.0,0.0,NaClFWater/data/S0_NaClFWater_matrix_BC_s_loss_split0.csv,0,0.23980683187869598,0.13845253893867646,0.09673698616597631,0.05585112500351953,3
NaClFWater,NaCl/NaF/water,"BC S-loss, fixed kappa_D",0.005,298.15,F,NaCl,neutral ion-pair NaCl: mu_Na + mu_Cl,0.005,0.0075,0.0075,-0.29345998054141087,kJ/mol,-0.11838042250715428,-0.003041498371601392,-0.29345998054141087,-0.07733309294046861,0.04104732956668566,0.0,0.0,NaClFWater/data/S0_NaClFWater_matrix_BC_s_loss_split0.csv,0,0.23950345416490085,0.1382773837339507,0.09661460497494624,0.055780468189934575,3
NaClFWater,NaCl/NaF/water,"BC S-loss, fixed kappa_D",0.005,298.15,F,NaCl,neutral ion-pair NaCl: mu_Na + mu_Cl,0.005,0.01,0.01,-0.31628068868645864,kJ/mol,-0.12758619246304095,-0.003278018344559541,-0.31628068868645864,-0.0865388628963553,0.04104732956668566,0.0,0.0,NaClFWater/data/S0_NaClFWater_matrix_BC_s_loss_split0.csv,0,0.23568908618327444,0.1360751573529704,0.0950759062657402,0.054892100075972734,3
NaClFWater,NaCl/NaF/water,"BC S-loss, fixed kappa_D",0.005,298.15,F,NaCl,neutral ion-pair NaCl: mu_Na + mu_Cl,0.005,0.0125,0.0125,-0.31592277291158943,kJ/mol,-0.1274418108660245,-0.003274308808954629,-0.31592277291158943,-0.08639448129933883,0.04104732956668566,0.0,0.0,NaClFWater/data/S0_NaClFWater_matrix_BC_s_loss_split0.csv,0,0.2315252941362314,0.1336711908937605,0.09339625147651988,0.053922350931270735,3
NaClFWater,NaCl/NaF/water,"BC S-loss, fixed kappa_D",0.005,298.15,F,NaCl,neutral ion-pair NaCl: mu_Na + mu_Cl,0.005,0.015,0.015,-0.29916294237984165,kJ/mol,-0.12068097139538791,-0.003100605405933265,-0.29916294237984165,-0.07963364182870226,0.04104732956668566,0.0,0.0,NaClFWater/data/S0_NaClFWater_matrix_BC_s_loss_split0.csv,0,0.22901405355090493,0.13222132546582233,0.09238322843685498,0.05333748180662492,3
NaClFWater,NaCl/NaF/water,"BC S-loss, fixed kappa_D",0.005,298.15,F,NaCl,neutral ion-pair NaCl: mu_Na + mu_Cl,0.005,0.0175,0.0175,-0.2711260588555965,kJ/mol,-0.10937101999669743,-0.00281002358477167,-0.2711260588555965,-0.06832369043001178,0.04104732956668566,0.0,0.0,NaClFWater/data/S0_NaClFWater_matrix_BC_s_loss_split0.csv,0,0.2285792990849286,0.1319703198578595,0.09220785046104309,0.053236227285079984,3
NaClFWater,NaCl/NaF/water,"BC S-loss, fixed kappa_D",0.005,298.15,F,NaCl,neutral ion-pair NaCl: mu_Na + mu_Cl,0.005,0.02,0.02,-0.23539581205307508,kJ/mol,-0.09495760081441643,-0.002439705672031778,-0.23539581205307508,-0.053910271247730776,0.04104732956668566,0.0,0.0,NaClFWater/data/S0_NaClFWater_matrix_BC_s_loss_split0.csv,0,0.22929953245254117,0.13238614678653,0.09249838932840221,0.053403969978359826,3
NaClFWater,NaCl/NaF/water,"BC S-loss, fixed kappa_D",0.005,298.15,F,NaCl,neutral ion-pair NaCl: mu_Na + mu_Cl,0.005,0.0225,0.0225,-0.19419097494977197,kJ/mol,-0.07833575678434376,-0.002012647629157982,-0.19419097494977197,-0.037288427217658106,0.04104732956668566,0.0,0.0,NaClFWater/data/S0_NaClFWater_matrix_BC_s_loss_split0.csv,0,0.22956018965752978,0.13253663729399637,0.09260353726032516,0.053464677165160276,3
NaClFWater,NaCl/NaF/water,"BC S-loss, fixed kappa_D",0.005,298.15,F,NaCl,neutral ion-pair NaCl: mu_Na + mu_Cl,0.005,0.025,0.025,-0.1485959997586136,kJ/mol,-0.0599429510008278,-0.001540089011314194,-0.1485959997586136,-0.01889562143414214,0.04104732956668566,0.0,0.0,NaClFWater/data/S0_NaClFWater_matrix_BC_s_loss_split0.csv,0,0.22782854284455115,0.1315368705403818,0.09190499880552332,0.053061375800241124,3
NaClFWater,NaCl/NaF/water,"BC S-loss, fixed kappa_D",0.005,298.15,F,NaCl,neutral ion-pair NaCl: mu_Na + mu_Cl,0.005,0.0275,0.0275,-0.09883276423147072,kJ/mol,-0.03986868794063888,-0.0010243294193514885,-0.09883276423147072,0.0011786416260467798,0.04104732956668566,0.0,0.0,NaClFWater/data/S0_NaClFWater_matrix_BC_s_loss_split0.csv,0,0.22333068492379607,0.12894003105905716,0.09009058336102628,0.05201382255493894,3
NaClFWater,NaCl/NaF/water,"BC S-loss, fixed kappa_D",0.005,298.15,F,NaCl,neutral ion-pair NaCl: mu_Na + mu_Cl,0.005,0.03,0.03,-0.04455891088344616,kJ/mol,-0.017974862150229837,-0.00046182056797761095,-0.04455891088344616,0.02307246741645582,0.04104732956668566,0.0,0.0,NaClFWater/data/S0_NaClFWater_matrix_BC_s_loss_split0.csv,0,0.216580656654147,0.1250429004205377,0.08736765263288383,0.0504417377660612,3
NaClFWater,NaCl/NaF/water,"BC S-loss, fixed kappa_D",0.005,298.15,F,NaCl,neutral ion-pair NaCl: mu_Na + mu_Cl,0.005,0.0325,0.0325,0.014822483235548982,kJ/mol,0.00597932237571961,0.00015362421322606695,0.014822483235548982,0.04702665194240527,0.04104732956668566,0.0,0.0,NaClFWater/data/S0_NaClFWater_matrix_BC_s_loss_split0.csv,0,0.20983449920849442,0.12114800460329457,0.08464628337755041,0.048870554493930074,3
NaClFWater,NaCl/NaF/water,"BC S-loss, fixed kappa_D",0.005,298.15,F,NaCl,neutral ion-pair NaCl: mu_Na + mu_Cl,0.005,0.034999999999999996,0.034999999999999996,0.07985721455874112,kJ/mol,0.03221403743797439,0.0008276617056708347,0.07985721455874112,0.07326136700466004,0.04104732956668566,0.0,0.0,NaClFWater/data/S0_NaClFWater_matrix_BC_s_loss_split0.csv,0,0.2076062040805783,0.11986149781135828,0.08374739924954537,0.04835158350065608,3
NaClFWater,NaCl/NaF/water,"BC S-loss, fixed kappa_D",0.005,298.15,F,NaCl,neutral ion-pair NaCl: mu_Na + mu_Cl,0.005,0.0375,0.0375,0.15075293644967194,kJ/mol,0.060813049459696324,0.0015624440848114318,0.15075293644967194,0.10186037902638198,0.04104732956668566,0.0,0.0,NaClFWater/data/S0_NaClFWater_matrix_BC_s_loss_split0.csv,0,0.21729991613073535,0.12545816507296317,0.08765779863702966,0.05060925363965909,3
NaClFWater,NaCl/NaF/water,"BC S-loss, fixed kappa_D",0.005,298.15,F,NaCl,neutral ion-pair NaCl: mu_Na + mu_Cl,0.005,0.04,0.04,0.22712429036975232,kJ/mol,0.09162090655769933,0.002353977390839645,0.22712429036975232,0.132668236124385,0.04104732956668566,0.0,0.0,NaClFWater/data/S0_NaClFWater_matrix_BC_s_loss_split0.csv,0,0.2494675735546291,0.14403017074584787,0.10063408545433414,0.05810111632671162,3
NaClFWater,NaCl/NaF/water,"BC S-loss, fixed kappa_D",0.005,298.15,F,NaCl,neutral ion-pair NaCl: mu_Na + mu_Cl,0.0075,0.0,0.0,0.0275542183524607,kJ/mol,0.011115246461888148,0.00028557934916761957,0.0275542183524607,0.052162576028573805,0.04104732956668566,0.0,0.0,NaClFWater/data/S0_NaClFWater_matrix_BC_s_loss_split0.csv,0,0.284860653209652,0.16446437481212522,0.11491149294158685,0.06634418138280695,3
NaClFWater,NaCl/NaF/water,"BC S-loss, fixed kappa_D",0.005,298.15,F,NaCl,neutral ion-pair NaCl: mu_Na + mu_Cl,0.0075,0.0025,0.0025,-0.08249024579717387,kJ/mol,-0.03327619027361877,-0.000854951151438854,-0.08249024579717387,0.007771139293066884,0.04104732956668566,0.0,0.0,NaClFWater/data/S0_NaClFWater_matrix_BC_s_loss_split0.csv,0,0.28285327000446014,0.16330541157824097,0.11410172367926374,0.06587666088122322,3
NaClFWater,NaCl/NaF/water,"BC S-loss, fixed kappa_D",0.005,298.15,F,NaCl,neutral ion-pair NaCl: mu_Na + mu_Cl,0.0075,0.005,0.005,-0.14716701567834004,kJ/mol,-0.05936650531693357,-0.0015252786349719827,-0.14716701567834004,-0.018319175750247912,0.04104732956668566,0.0,0.0,NaClFWater/data/S0_NaClFWater_matrix_BC_s_loss_split0.csv,0,0.27481277319465247,0.1586632285806802,0.11085822380661878,0.06400402535663513,3
NaClFWater,NaCl/NaF/water,"BC S-loss, fixed kappa_D",0.005,298.15,F,NaCl,neutral ion-pair NaCl: mu_Na + mu_Cl,0.0075,0.0075,0.0075,-0.17731688218283226,kJ/mol,-0.0715288244473011,-0.001837759981519582,-0.17731688218283226,-0.03048149488061545,0.04104732956668566,0.0,0.0,NaClFWater/data/S0_NaClFWater_matrix_BC_s_loss_split0.csv,0,0.26143770737468836,0.15094113072909493,0.10546278303848679,0.06088896617675745,3
NaClFWater,NaCl/NaF/water,"BC S-loss, fixed kappa_D",0.005,298.15,F,NaCl,neutral ion-pair NaCl: mu_Na + mu_Cl,0.0075,0.01,0.01,-0.1821160355379543,kJ/mol,-0.07346478110076993,-0.0018874997010129844,-0.1821160355379543,-0.03241745153408428,0.04104732956668566,0.0,0.0,NaClFWater/data/S0_NaClFWater_matrix_BC_s_loss_split0.csv,0,0.24609212048661455,0.14208135200839273,0.09927244302660883,0.057314971704524396,3
NaClFWater,NaCl/NaF/water,"BC S-loss, fixed kappa_D",0.005,298.15,F,NaCl,neutral ion-pair NaCl: mu_Na + mu_Cl,0.0075,0.0125,0.0125,-0.16897798896385843,kJ/mol,-0.06816495281927562,-0.0017513334435648176,-0.16897798896385843,-0.027117623252589963,0.04104732956668566,0.0,0.0,NaClFWater/data/S0_NaClFWater_matrix_BC_s_loss_split0.csv,0,0.23207243187986942,0.1339870810173337,0.09361696435580918,0.054049779571542035,3
NaClFWater,NaCl/NaF/water,"BC S-loss, fixed kappa_D",0.005,298.15,F,NaCl,neutral ion-pair NaCl: mu_Na + mu_Cl,0.0075,0.015,0.015,-0.143541162363759,kJ/mol,-0.057903852567699504,-0.0014876993134862457,-0.143541162363759,-0.01685652300101385,0.04104732956668566,0.0,0.0,NaClFWater/data/S0_NaClFWater_matrix_BC_s_loss_split0.csv,0,0.22155488869926662,0.12791477463079917,0.089374235234244,0.05160023877110771,3
NaClFWater,NaCl/NaF/water,"BC S-loss, fixed kappa_D",0.005,298.15,F,NaCl,neutral ion-pair NaCl: mu_Na + mu_Cl,0.0075,0.0175,0.0175,-0.10973858040555923,kJ/mol,-0.044268044623250576,-0.001137360238999463,-0.10973858040555923,-0.003220715056564919,0.04104732956668566,0.0,0.0,NaClFWater/data/S0_NaClFWater_matrix_BC_s_loss_split0.csv,0,0.21523698153131096,0.1242671292266649,0.08682562019472916,0.050128795191983086,3
NaClFWater,NaCl/NaF/water,"BC S-loss, fixed kappa_D",0.005,298.15,F,NaCl,neutral ion-pair NaCl: mu_Na + mu_Cl,0.0075,0.02,0.02,-0.06994286208981058,kJ/mol,-0.02821463270826806,-0.0007249066832173411,-0.06994286208981058,0.012832696858417597,0.04104732956668566,0.0,0.0,NaClFWater/data/S0_NaClFWater_matrix_BC_s_loss_split0.csv,0,0.2124951779656474,0.12268414819996397,0.08571958909660106,0.049490227839746735,3
NaClFWater,NaCl/NaF/water,"BC S-loss, fixed kappa_D",0.005,298.15,F,NaCl,neutral ion-pair NaCl: mu_Na + mu_Cl,0.0075,0.0225,0.0225,-0.025176750110291822,kJ/mol,-0.010156186577518062,-0.0002609386272069968,-0.025176750110291822,0.030891142989167595,0.04104732956668566,0.0,0.0,NaClFWater/data/S0_NaClFWater_matrix_BC_s_loss_split0.csv,0,0.21199296908909093,0.12239419776989467,0.085517000318111,0.04937326315395071,3
NaClFWater,NaCl/NaF/water,"BC S-loss, fixed kappa_D",0.005,298.15,F,NaCl,neutral ion-pair NaCl: mu_Na + mu_Cl,0.0075,0.025,0.025,0.024623048934372442,kJ/mol,0.00993282603947429,0.00025519991891087557,0.024623048934372442,0.05098015560615995,0.04104732956668566,0.0,0.0,NaClFWater/data/S0_NaClFWater_matrix_BC_s_loss_split0.csv,0,0.21248678259826836,0.12267930113234773,0.0857162024435535,0.04948827255469808,3
NaClFWater,NaCl/NaF/water,"BC S-loss, fixed kappa_D",0.005,298.15,F,NaCl,neutral ion-pair NaCl: mu_Na + mu_Cl,0.0075,0.0275,0.0275,0.08030285563094795,kJ/mol,0.03239380702126495,0.0008322804499130144,0.08030285563094795,0.07344113658795061,0.04104732956668566,0.0,0.0,NaClFWater/data/S0_NaClFWater_matrix_BC_s_loss_split0.csv,0,0.21354523102409367,0.12329039661592131,0.08614317572836072,0.0497347856956183,3
NaClFWater,NaCl/NaF/water,"BC S-loss, fixed kappa_D",0.005,298.15,F,NaCl,neutral ion-pair NaCl: mu_Na + mu_Cl,0.0075,0.03,0.03,0.14316527395890954,kJ/mol,0.0577522208934265,0.0014838035046977895,0.14316527395890954,0.09879955046011216,0.04104732956668566,0.0,0.0,NaClFWater/data/S0_NaClFWater_matrix_BC_s_loss_split0.csv,0,0.21606732839590248,0.12474653021245757,0.0871605783463534,0.050322183370990606,3
NaClFWater,NaCl/NaF/water,"BC S-loss, fixed kappa_D",0.005,298.15,F,NaCl,neutral ion-pair NaCl: mu_Na + mu_Cl,0.0075,0.0325,0.0325,0.2146347478664978,kJ/mol,0.08658268187122392,0.0022245324044547488,0.2146347478664978,0.12763001143790959,0.04104732956668566,0.0,0.0,NaClFWater/data/S0_NaClFWater_matrix_BC_s_loss_split0.csv,0,0.22263257356606014,0.128536976278744,0.08980896841191686,0.051851232088262804,3
NaClFWater,NaCl/NaF/water,"BC S-loss, fixed kappa_D",0.005,298.15,F,NaCl,neutral ion-pair NaCl: mu_Na + mu_Cl,0.0075,0.034999999999999996,0.034999999999999996,0.29593138491295945,kJ/mol,0.11937737579921878,0.003067112672937355,0.29593138491295945,0.16042470536590445,0.04104732956668566,0.0,0.0,NaClFWater/data/S0_NaClFWater_matrix_BC_s_loss_split0.csv,0,0.2377677239089684,0.13727525940344754,0.0959144192778142,0.05537621578921267,3
NaClFWater,NaCl/NaF/water,"BC S-loss, fixed kappa_D",0.005,298.15,F,NaCl,neutral ion-pair NaCl: mu_Na + mu_Cl,0.0075,0.0375,0.0375,0.3877682475038607,kJ/mol,0.1564239488112695,0.004018934681198516,0.3877682475038607,0.19747127837795517,0.04104732956668566,0.0,0.0,NaClFWater/data/S0_NaClFWater_matrix_BC_s_loss_split0.csv,0,0.2682067340373385,0.15484923009492776,0.10819337763202679,0.062465475700385506,3
NaClFWater,NaCl/NaF/water,"BC S-loss, fixed kappa_D",0.005,298.15,F,NaCl,neutral ion-pair NaCl: mu_Na + mu_Cl,0.0075,0.04,0.04,0.49008593877090634,kJ/mol,0.19769844048063775,0.005079382824078493,0.49008593877090634,0.23874577004732342,0.04104732956668566,0.0,0.0,NaClFWater/data/S0_NaClFWater_matrix_BC_s_loss_split0.csv,0,0.32310862299870885,0.18654685046579386,0.13034055013472087,0.07525215170660501,3
NaClFWater,NaCl/NaF/water,"BC S-loss, fixed kappa_D",0.005,298.15,F,NaCl,neutral ion-pair NaCl: mu_Na + mu_Cl,0.01,0.0,0.0,0.06567326467388518,kJ/mol,0.02649229651407827,0.0006806554242757556,0.06567326467388518,0.06753962608076393,0.04104732956668566,0.0,0.0,NaClFWater/data/S0_NaClFWater_matrix_BC_s_loss_split0.csv,0,0.32167720593689014,0.18572042143983022,0.1297631229971281,0.07491877399327844,3
NaClFWater,NaCl/NaF/water,"BC S-loss, fixed kappa_D",0.005,298.15,F,NaCl,neutral ion-pair NaCl: mu_Na + mu_Cl,0.01,0.0025,0.0025,-0.01187492814654412,kJ/mol,-0.004790292048123479,-0.00012307495745744737,-0.01187492814654412,0.03625703751856218,0.04104732956668566,0.0,0.0,NaClFWater/data/S0_NaClFWater_matrix_BC_s_loss_split0.csv,0,0.3145900507579439,0.18162865048947693,0.12690419680586493,0.07326817218715936,3
NaClFWater,NaCl/NaF/water,"BC S-loss, fixed kappa_D",0.005,298.15,F,NaCl,neutral ion-pair NaCl: mu_Na + mu_Cl,0.01,0.005,0.005,-0.050612608628643314,kJ/mol,-0.02041689630931655,-0.0005245627238252836,-0.050612608628643314,0.02063043325736911,0.04104732956668566,0.0,0.0,NaClFWater/data/S0_NaClFWater_matrix_BC_s_loss_split0.csv,0,0.299597570948638,0.17297273823575415,0.12085629858484954,0.06977641652122468,3
NaClFWater,NaCl/NaF/water,"BC S-loss, fixed kappa_D",0.005,298.15,F,NaCl,neutral ion-pair NaCl: mu_Na + mu_Cl,0.01,0.0075,0.0075,-0.060653166622208085,kJ/mol,-0.024467211774113137,-0.0006286257743681744,-0.060653166622208085,0.01658011779257252,0.04104732956668566,0.0,0.0,NaClFWater/data/S0_NaClFWater_matrix_BC_s_loss_split0.csv,0,0.279232575248404,0.16121500248617848,0.11264115186909532,0.0650333993534517,3
NaClFWater,NaCl/NaF/water,"BC S-loss, fixed kappa_D",0.005,298.15,F,NaCl,neutral ion-pair NaCl: mu_Na + mu_Cl,0.01,0.01,0.01,-0.050337491311251654,kJ/mol,-0.020305915233764873,-0.000521711333760777,-0.050337491311251654,0.020741414332920784,0.04104732956668566,0.0,0.0,NaClFWater/data/S0_NaClFWater_matrix_BC_s_loss_split0.csv,0,0.25749971823023615,0.14866753163647964,0.10387421611399927,0.059971806635278846,3
NaClFWater,NaCl/NaF/water,"BC S-loss, fixed kappa_D",0.005,298.15,F,NaCl,neutral ion-pair NaCl: mu_Na + mu_Cl,0.01,0.0125,0.0125,-0.026161936889021558,kJ/mol,-0.010553606446828082,-0.00027114936864336403,-0.026161936889021558,0.030493723119857576,0.04104732956668566,0.0,0.0,NaClFWater/data/S0_NaClFWater_matrix_BC_s_loss_split0.csv,0,0.23796287584417022,0.1373879304257692,0.09599314268159712,0.05542166676757825,3
NaClFWater,NaCl/NaF/water,"BC S-loss, fixed kappa_D",0.005,298.15,F,NaCl,neutral ion-pair NaCl: mu_Na + mu_Cl,0.01,0.015,0.015,0.007206203219304923,kJ/mol,0.002906949629724223,7.468703336144254e-05,0.007206203219304923,0.04395427919640988,0.04104732956668566,0.0,0.0,NaClFWater/data/S0_NaClFWater_matrix_BC_s_loss_split0.csv,0,0.2229829760357285,0.12873928123893172,0.08995031917575988,0.05193284098981773,3
NaClFWater,NaCl/NaF/water,"BC S-loss, fixed kappa_D",0.005,298.15,F,NaCl,neutral ion-pair NaCl: mu_Na + mu_Cl,0.01,0.0175,0.0175,0.04683009665430292,kJ/mol,0.01889104816867851,0.0004853597497458395,0.04683009665430292,0.059938377735364166,0.04104732956668566,0.0,0.0,NaClFWater/data/S0_NaClFWater_matrix_BC_s_loss_split0.csv,0,0.21343470511114157,0.12322658445032598,0.08609859007736625,0.04970904415801465,3
NaClFWater,NaCl/NaF/water,"BC S-loss, fixed kappa_D",0.005,298.15,F,NaCl,neutral ion-pair NaCl: mu_Na + mu_Cl,0.01,0.02,0.02,0.09132932297980355,kJ/mol,0.03684183383947252,0.0009465617308705987,0.09132932297980355,0.07788916340615817,0.04104732956668566,0.0,0.0,NaClFWater/data/S0_NaClFWater_matrix_BC_s_loss_split0.csv,0,0.20885075296398853,0.12058003844421482,0.08424944461319972,0.048641439526507325,3
NaClFWater,NaCl/NaF/water,"BC S-loss, fixed kappa_D",0.005,298.15,F,NaCl,neutral ion-pair NaCl: mu_Na + mu_Cl,0.01,0.0225,0.0225,0.14064098538268646,kJ/mol,0.05673393435353114,0.0014576410972040321,0.14064098538268646,0.0977812639202168,0.04104732956668566,0.0,0.0,NaClFWater/data/S0_NaClFWater_matrix_BC_s_loss_split0.csv,0,0.20802502346844523,0.12010330329768508,0.0839163490872657,0.048449126734943455,3
NaClFWater,NaCl/NaF/water,"BC S-loss, fixed kappa_D",0.005,298.15,F,NaCl,neutral ion-pair NaCl: mu_Na + mu_Cl,0.01,0.025,0.025,0.19572903623372662,kJ/mol,0.07895620371649625,0.0020285885110524764,0.19572903623372662,0.1200035332831819,0.04104732956668566,0.0,0.0,NaClFWater/data/S0_NaClFWater_matrix_BC_s_loss_split0.csv,0,0.2098607042255445,0.12116313407694257,0.08465685436233845,0.04887665765484305,3
NaClFWater,NaCl/NaF/water,"BC S-loss, fixed kappa_D",0.005,298.15,F,NaCl,neutral ion-pair NaCl: mu_Na + mu_Cl,0.01,0.0275,0.0275,0.2582567259901861,kJ/mol,0.10417958960410426,0.0026766423486606072,0.2582567259901861,0.14522691917078992,0.04104732956668566,0.0,0.0,NaClFWater/data/S0_NaClFWater_matrix_BC_s_loss_split0.csv,0,0.21414000250996165,0.12363378809339351,0.08638310384279173,0.0498733082570712,3
NaClFWater,NaCl/NaF/water,"BC S-loss, fixed kappa_D",0.005,298.15,F,NaCl,neutral ion-pair NaCl: mu_Na + mu_Cl,0.01,0.03,0.03,0.33023829518139486,kJ/mol,0.13321662749207208,0.003422678742026619,0.33023829518139486,0.17426395705875775,0.04104732956668566,0.0,0.0,NaClFWater/data/S0_NaClFWater_matrix_BC_s_loss_split0.csv,0,0.22205622519365648,0.12820422139078974,0.0895764720977326,0.05171700027868292,3
NaClFWater,NaCl/NaF/water,"BC S-loss, fixed kappa_D",0.005,298.15,F,NaCl,neutral ion-pair NaCl: mu_Na + mu_Cl,0.01,0.0325,0.0325,0.413686525839635,kJ/mol,0.16687926450503587,0.004287558706892014,0.413686525839635,0.20792659407172154,0.04104732956668566,0.0,0.0,NaClFWater/data/S0_NaClFWater_matrix_BC_s_loss_split0.csv,0,0.23652005040163063,0.1365549147681253,0.0954111134550675,0.05508563203696515,3
NaClFWater,NaCl/NaF/water,"BC S-loss, fixed kappa_D",0.005,298.15,F,NaCl,neutral ion-pair NaCl: mu_Na + mu_Cl,0.01,0.034999999999999996,0.034999999999999996,0.5102725785671498,kJ/mol,0.20584163923526935,0.005288602602377068,0.5102725785671498,0.24688896880195502,0.04104732956668566,0.0,0.0,NaClFWater/data/S0_NaClFWater_matrix_BC_s_loss_split0.csv,0,0.26230980329289977,0.15144463554223347,0.10581458256861068,0.06109207773017526,3
NaClFWater,NaCl/NaF/water,"BC S-loss, fixed kappa_D",0.005,298.15,F,NaCl,neutral ion-pair NaCl: mu_Na + mu_Cl,0.01,0.0375,0.0375,0.6210136429281643,kJ/mol,0.25051408133031317,0.0064363528554167715,0.6210136429281643,0.29156141089699883,0.04104732956668566,0.0,0.0,NaClFWater/data/S0_NaClFWater_matrix_BC_s_loss_split0.csv,0,0.3061620203275102,0.1767627248517277,0.12350436763182499,0.07130527989832866,3
NaClFWater,NaCl/NaF/water,"BC S-loss, fixed kappa_D",0.005,298.15,F,NaCl,neutral ion-pair NaCl: mu_Na + mu_Cl,0.01,0.04,0.04,0.7460024097424509,kJ/mol,0.30093398184562553,0.007731770138661887,0.7460024097424509,0.3419813114123112,0.04104732956668566,0.0,0.0,NaClFWater/data/S0_NaClFWater_matrix_BC_s_loss_split0.csv,0,0.3768899520234364,0.21759751525559615,0.15203569385141277,0.0877778487715447,3
NaClFWater,NaCl/NaF/water,"BC S-loss, fixed kappa_D",0.005,298.15,F,NaCl,neutral ion-pair NaCl: mu_Na + mu_Cl,0.0125,0.0,0.0,0.12342047091637746,kJ/mol,0.04978725707729329,0.0012791630416586488,0.12342047091637746,0.09083458664397895,0.04104732956668566,0.0,0.0,NaClFWater/data/S0_NaClFWater_matrix_BC_s_loss_split0.csv,0,0.3397414480397508,0.1961498164806234,0.13705015616758937,0.07912594455583798,3
NaClFWater,NaCl/NaF/water,"BC S-loss, fixed kappa_D",0.005,298.15,F,NaCl,neutral ion-pair NaCl: mu_Na + mu_Cl,0.0125,0.0025,0.0025,0.07219183880595088,kJ/mol,0.02912185969497425,0.0007482156843536816,0.07219183880595088,0.07016918926165991,0.04104732956668566,0.0,0.0,NaClFWater/data/S0_NaClFWater_matrix_BC_s_loss_split0.csv,0,0.33233538656219463,0.19187392489292143,0.13406258462475226,0.07740106932135771,3
NaClFWater,NaCl/NaF/water,"BC S-loss, fixed kappa_D",0.005,298.15,F,NaCl,neutral ion-pair NaCl: mu_Na + mu_Cl,0.0125,0.005,0.005,0.054525736316804345,kJ/mol,0.02199543423532032,0.000565119434384087,0.054525736316804345,0.06304276380200598,0.04104732956668566,0.0,0.0,NaClFWater/data/S0_NaClFWater_matrix_BC_s_loss_split0.csv,0,0.3152768428135176,0.1820251700676397,0.12718124559992325,0.0734281263829876,3
NaClFWater,NaCl/NaF/water,"BC S-loss, fixed kappa_D",0.005,298.15,F,NaCl,neutral ion-pair NaCl: mu_Na + mu_Cl,0.0125,0.0075,0.0075,0.06097910851245034,kJ/mol,0.024598695251377985,0.00063200392401086,0.06097910851245034,0.06564602481806364,0.04104732956668566,0.0,0.0,NaClFWater/data/S0_NaClFWater_matrix_BC_s_loss_split0.csv,0,0.292427515144534,0.1688331045871501,0.11796393065814369,0.06810650712014561,3
NaClFWater,NaCl/NaF/water,"BC S-loss, fixed kappa_D",0.005,298.15,F,NaCl,neutral ion-pair NaCl: mu_Na + mu_Cl,0.0125,0.01,0.01,0.08395332699144029,kJ/mol,0.03386639057834171,0.0008701149194649816,0.08395332699144029,0.07491372014502737,0.04104732956668566,0.0,0.0,NaClFWater/data/S0_NaClFWater_matrix_BC_s_loss_split0.csv,0,0.2683150067478688,0.1549117413734983,0.10823705435140402,0.06249069246607527,3
NaClFWater,NaCl/NaF/water,"BC S-loss, fixed kappa_D",0.005,298.15,F,NaCl,neutral ion-pair NaCl: mu_Na + mu_Cl,0.0125,0.0125,0.0125,0.11774259033987225,kJ/mol,0.04749682585613738,0.0012203159562886867,0.11774259033987225,0.08854415542282304,0.04104732956668566,0.0,0.0,NaClFWater/data/S0_NaClFWater_matrix_BC_s_loss_split0.csv,0,0.24671046854478249,0.14243835542622887,0.09952188182316075,0.05745898526085999,3
NaClFWater,NaCl/NaF/water,"BC S-loss, fixed kappa_D",0.005,298.15,F,NaCl,neutral ion-pair NaCl: mu_Na + mu_Cl,0.0125,0.015,0.015,0.1584939191097323,kJ/mol,0.06393572668548994,0.0016426737165033956,0.1584939191097323,0.1049830562521756,0.04104732956668566,0.0,0.0,NaClFWater/data/S0_NaClFWater_matrix_BC_s_loss_split0.csv,0,0.23006218058913047,0.1328264618934868,0.09280603812081051,0.05358159109147262,3
NaClFWater,NaCl/NaF/water,"BC S-loss, fixed kappa_D",0.005,298.15,F,NaCl,neutral ion-pair NaCl: mu_Na + mu_Cl,0.0125,0.0175,0.0175,0.20408387389724503,kJ/mol,0.08232650726099072,0.0021151803015300175,0.20408387389724503,0.12337383682767637,0.04104732956668566,0.0,0.0,NaClFWater/data/S0_NaClFWater_matrix_BC_s_loss_split0.csv,0,0.21929398129063324,0.12660943912981187,0.08846219546040571,0.05107367236217053,3
NaClFWater,NaCl/NaF/water,"BC S-loss, fixed kappa_D",0.005,298.15,F,NaCl,neutral ion-pair NaCl: mu_Na + mu_Cl,0.0125,0.02,0.02,0.25392041117545133,kJ/mol,0.10243033991443523,0.002631699612607008,0.25392041117545133,0.1434776694811209,0.04104732956668566,0.0,0.0,NaClFWater/data/S0_NaClFWater_matrix_BC_s_loss_split0.csv,0,0.21398509475429658,0.12354435205896072,0.08632061475814233,0.04983723016722746,3
NaClFWater,NaCl/NaF/water,"BC S-loss, fixed kappa_D",0.005,298.15,F,NaCl,neutral ion-pair NaCl: mu_Na + mu_Cl,0.0125,0.0225,0.0225,0.3086812100348376,kJ/mol,0.12452059731117987,0.0031992552985684597,0.3086812100348376,0.16556792687786553,0.04104732956668566,0.0,0.0,NaClFWater/data/S0_NaClFWater_matrix_BC_s_loss_split0.csv,0,0.2129929276444592,0.12297152411101502,0.08592037905498595,0.04960615397627083,3
NaClFWater,NaCl/NaF/water,"BC S-loss, fixed kappa_D",0.005,298.15,F,NaCl,neutral ion-pair NaCl: mu_Na + mu_Cl,0.0125,0.025,0.025,0.37000218304188665,kJ/mol,0.14925719914605903,0.0038348023983871826,0.37000218304188665,0.1903045287127447,0.04104732956668566,0.0,0.0,NaClFWater/data/S0_NaClFWater_matrix_BC_s_loss_split0.csv,0,0.21531987724711887,0.12431498909050126,0.08685905994976244,0.05014810164355319,3
NaClFWater,NaCl/NaF/water,"BC S-loss, fixed kappa_D",0.005,298.15,F,NaCl,neutral ion-pair NaCl: mu_Na + mu_Cl,0.0125,0.0275,0.0275,0.44013168446771916,kJ/mol,0.17754712131428674,0.004561643462011489,0.44013168446771916,0.2185944508809724,0.04104732956668566,0.0,0.0,NaClFWater/data/S0_NaClFWater_matrix_BC_s_loss_split0.csv,0,0.22090163786935785,0.127537620088303,0.08911071681818915,0.05144809634266202,3
NaClFWater,NaCl/NaF/water,"BC S-loss, fixed kappa_D",0.005,298.15,F,NaCl,neutral ion-pair NaCl: mu_Na + mu_Cl,0.0125,0.03,0.03,0.5215670301704963,kJ/mol,0.21039776968387103,0.005405661344411783,0.5215670301704963,0.2514450992505567,0.04104732956668566,0.0,0.0,NaClFWater/data/S0_NaClFWater_matrix_BC_s_loss_split0.csv,0,0.2311499870371234,0.13345450723906171,0.09324485429834121,0.05383494172969474,3
NaClFWater,NaCl/NaF/water,"BC S-loss, fixed kappa_D",0.005,298.15,F,NaCl,neutral ion-pair NaCl: mu_Na + mu_Cl,0.0125,0.0325,0.0325,0.6166903510055277,kJ/mol,0.2487700850161334,0.00639154509212858,0.6166903510055277,0.28981741458281907,0.04104732956668566,0.0,0.0,NaClFWater/data/S0_NaClFWater_matrix_BC_s_loss_split0.csv,0,0.24924640344363921,0.1439024781227312,0.10054486643667924,0.05804960570285173,3
NaClFWater,NaCl/NaF/water,"BC S-loss, fixed kappa_D",0.005,298.15,F,NaCl,neutral ion-pair NaCl: mu_Na + mu_Cl,0.0125,0.034999999999999996,0.034999999999999996,0.7274204811524773,kJ/mol,0.2934381162989145,0.007539182020025236,0.7274204811524773,0.33448544586560014,0.04104732956668566,0.0,0.0,NaClFWater/data/S0_NaClFWater_matrix_BC_s_loss_split0.csv,0,0.2802310797324923,0.1617914893188539,0.11304394404022398,0.0652659515218803,3
NaClFWater,NaCl/NaF/water,"BC S-loss, fixed kappa_D",0.005,298.15,F,NaCl,neutral ion-pair NaCl: mu_Na + mu_Cl,0.0125,0.0375,0.0375,0.854896561009154,kJ/mol,0.3448613875918111,0.008860378486360787,0.854896561009154,0.3859087171584968,0.04104732956668566,0.0,0.0,NaClFWater/data/S0_NaClFWater_matrix_BC_s_loss_split0.csv,0,0.3309790800193691,0.19109086094531744,0.1335154567291779,0.0770851848835667,3
NaClFWater,NaCl/NaF/water,"BC S-loss, fixed kappa_D",0.005,298.15,F,NaCl,neutral ion-pair NaCl: mu_Na + mu_Cl,0.0125,0.04,0.04,0.9992073909418803,kJ/mol,0.40307572055904006,0.010356054842077356,0.9992073909418803,0.4441230501257257,0.04104732956668566,0.0,0.0,NaClFWater/data/S0_NaClFWater_matrix_BC_s_loss_split0.csv,0,0.4102142153524356,0.2368372876591398,0.1654785502345847,0.09553908552304649,3
NaClFWater,NaCl/NaF/water,"BC S-loss, fixed kappa_D",0.005,298.15,F,NaCl,neutral ion-pair NaCl: mu_Na + mu_Cl,0.015,0.0,0.0,0.20159098012153034,kJ/mol,0.08132088524094525,0.0020893432782145283,0.20159098012153034,0.1223682148076309,0.04104732956668566,0.0,0.0,NaClFWater/data/S0_NaClFWater_matrix_BC_s_loss_split0.csv,0,0.3439262384390029,0.19856590634413374,0.1387382815966628,0.08010058422673937,3
NaClFWater,NaCl/NaF/water,"BC S-loss, fixed kappa_D",0.005,298.15,F,NaCl,neutral ion-pair NaCl: mu_Na + mu_Cl,0.015,0.0025,0.0025,0.17138359491511435,kJ/mol,0.06913536332761822,0.0017762657923299228,0.17138359491511435,0.11018269289430388,0.04104732956668566,0.0,0.0,NaClFWater/data/S0_NaClFWater_matrix_BC_s_loss_split0.csv,0,0.3391966755281134,0.19583529192438243,0.1368303974121402,0.07899906677922262,3
NaClFWater,NaCl/NaF/water,"BC S-loss, fixed kappa_D",0.005,298.15,F,NaCl,neutral ion-pair NaCl: mu_Na + mu_Cl,0.015,0.005,0.005,0.1706451563430385,kJ/mol,0.06883748056351308,0.0017686124158444727,0.1706451563430385,0.10988481013019874,0.04104732956668566,0.0,0.0,NaClFWater/data/S0_NaClFWater_matrix_BC_s_loss_split0.csv,0,0.3233240602350175,0.18667123321217013,0.1304274565367827,0.07530232714122971,3
NaClFWater,NaCl/NaF/water,"BC S-loss, fixed kappa_D",0.005,298.15,F,NaCl,neutral ion-pair NaCl: mu_Na + mu_Cl,0.015,0.0075,0.0075,0.1905492941330381,kJ/mol,0.07686671929267011,0.001974904267171951,0.1905492941330381,0.11791404885935576,0.04104732956668566,0.0,0.0,NaClFWater/data/S0_NaClFWater_matrix_BC_s_loss_split0.csv,0,0.3011746627680188,0.17388327262221043,0.12149249025761676,0.07014372195475302,3
NaClFWater,NaCl/NaF/water,"BC S-loss, fixed kappa_D",0.005,298.15,F,NaCl,neutral ion-pair NaCl: mu_Na + mu_Cl,0.015,0.01,0.01,0.22415336571314606,kJ/mol,0.09042244905273694,0.0023231859265706585,0.22415336571314606,0.1314697786194226,0.04104732956668566,0.0,0.0,NaClFWater/data/S0_NaClFWater_matrix_BC_s_loss_split0.csv,0,0.27763736256883265,0.16029400601621327,0.11199765032367835,0.06466187356298128,3
NaClFWater,NaCl/NaF/water,"BC S-loss, fixed kappa_D",0.005,298.15,F,NaCl,neutral ion-pair NaCl: mu_Na + mu_Cl,0.015,0.0125,0.0125,0.26642549123431336,kJ/mol,0.10747483238023153,0.0027613056344080174,0.26642549123431336,0.1485221619469172,0.04104732956668566,0.0,0.0,NaClFWater/data/S0_NaClFWater_matrix_BC_s_loss_split0.csv,0,0.25655549237034503,0.1481223825820957,0.10349331969319983,0.059751895984196925,3
NaClFWater,NaCl/NaF/water,"BC S-loss, fixed kappa_D",0.005,298.15,F,NaCl,neutral ion-pair NaCl: mu_Na + mu_Cl,0.015,0.015,0.015,0.31418315687663195,kJ/mol,0.12674005766329288,0.0032562789592702757,0.31418315687663195,0.16778738722997855,0.04104732956668566,0.0,0.0,NaClFWater/data/S0_NaClFWater_matrix_BC_s_loss_split0.csv,0,0.24031785270600647,0.1387475769508857,0.09694312964535419,0.055970141996830036,3
NaClFWater,NaCl/NaF/water,"BC S-loss, fixed kappa_D",0.005,298.15,F,NaCl,neutral ion-pair NaCl: mu_Na + mu_Cl,0.015,0.0175,0.0175,0.36594917464227666,kJ/mol,0.1476222339767515,0.0037927959264152373,0.36594917464227666,0.18866956354343717,0.04104732956668566,0.0,0.0,NaClFWater/data/S0_NaClFWater_matrix_BC_s_loss_split0.csv,0,0.22976143319830064,0.1326528253064331,0.09268471799011103,0.053511546881355156,3
NaClFWater,NaCl/NaF/water,"BC S-loss, fixed kappa_D",0.005,298.15,F,NaCl,neutral ion-pair NaCl: mu_Na + mu_Cl,0.015,0.02,0.02,0.42173405463144154,kJ/mol,0.170125601047262,0.004370965465355425,0.42173405463144154,0.21117293061394765,0.04104732956668566,0.0,0.0,NaClFWater/data/S0_NaClFWater_matrix_BC_s_loss_split0.csv,0,0.22443267665472122,0.12957626628155156,0.09053512181722609,0.05227047695229105,3
NaClFWater,NaCl/NaF/water,"BC S-loss, fixed kappa_D",0.005,298.15,F,NaCl,neutral ion-pair NaCl: mu_Na + mu_Cl,0.015,0.0225,0.0225,0.48275669728958565,kJ/mol,0.19474185777516978,0.005003420588991503,0.48275669728958565,0.23578918734185544,0.04104732956668566,0.0,0.0,NaClFWater/data/S0_NaClFWater_matrix_BC_s_loss_split0.csv,0,0.22324017722589365,0.12888777641530946,0.09005407296700912,0.051992743269124925,3
NaClFWater,NaCl/NaF/water,"BC S-loss, fixed kappa_D",0.005,298.15,F,NaCl,neutral ion-pair NaCl: mu_Na + mu_Cl,0.015,0.025,0.025,0.5511176542683983,kJ/mol,0.22231835715070652,0.005711931981068118,0.5511176542683983,0.2633656867173922,0.04104732956668566,0.0,0.0,NaClFWater/data/S0_NaClFWater_matrix_BC_s_loss_split0.csv,0,0.2252977027033126,0.1300756893035618,0.09088406939407466,0.05247194192971764,3
NaClFWater,NaCl/NaF/water,"BC S-loss, fixed kappa_D",0.005,298.15,F,NaCl,neutral ion-pair NaCl: mu_Na + mu_Cl,0.015,0.0275,0.0275,0.6294408886672292,kJ/mol,0.25391359396342106,0.006523695102714555,0.6294408886672292,0.2949609235301067,0.04104732956668566,0.0,0.0,NaClFWater/data/S0_NaClFWater_matrix_BC_s_loss_split0.csv,0,0.23067804275757026,0.1331820300822192,0.09305447412074337,0.05372502568291025,3
NaClFWater,NaCl/NaF/water,"BC S-loss, fixed kappa_D",0.005,298.15,F,NaCl,neutral ion-pair NaCl: mu_Na + mu_Cl,0.015,0.03,0.03,0.7205009968665552,kJ/mol,0.2906468277839087,0.007467466619004881,0.7205009968665552,0.3316941573505944,0.04104732956668566,0.0,0.0,NaClFWater/data/S0_NaClFWater_matrix_BC_s_loss_split0.csv,0,0.24094256670257005,0.13910825574496818,0.09719513643252457,0.05611563818324047,3
NaClFWater,NaCl/NaF/water,"BC S-loss, fixed kappa_D",0.005,298.15,F,NaCl,neutral ion-pair NaCl: mu_Na + mu_Cl,0.015,0.0325,0.0325,0.8268531345575075,kJ/mol,0.33354879680594157,0.008569728852535263,0.8268531345575075,0.37459612637262724,0.04104732956668566,0.0,0.0,NaClFWater/data/S0_NaClFWater_matrix_BC_s_loss_split0.csv,0,0.25943625923439034,0.1497855941065248,0.10465540795436966,0.06042282795460543,3
NaClFWater,NaCl/NaF/water,"BC S-loss, fixed kappa_D",0.005,298.15,F,NaCl,neutral ion-pair NaCl: mu_Na + mu_Cl,0.015,0.034999999999999996,0.034999999999999996,0.9504824577120395,kJ/mol,0.3834203039269672,0.009851056495108423,0.9504824577120395,0.42446763349365285,0.04104732956668566,0.0,0.0,NaClFWater/data/S0_NaClFWater_matrix_BC_s_loss_split0.csv,0,0.291361390972317,0.16821757750933103,0.11753386101212486,0.06785820629424635,3
NaClFWater,NaCl/NaF/water,"BC S-loss, fixed kappa_D",0.005,298.15,F,NaCl,neutral ion-pair NaCl: mu_Na + mu_Cl,0.015,0.0375,0.0375,1.0924887620962231,kJ/mol,0.4407050017609432,0.011322848126610552,1.0924887620962231,0.48175233132762885,0.04104732956668566,0.0,0.0,NaClFWater/data/S0_NaClFWater_matrix_BC_s_loss_split0.csv,0,0.3436955725071757,0.19843273130630043,0.1386452320080363,0.08004686202169788,3
NaClFWater,NaCl/NaF/water,"BC S-loss, fixed kappa_D",0.005,298.15,F,NaCl,neutral ion-pair NaCl: mu_Na + mu_Cl,0.015,0.04,0.04,1.2528202247807096,kJ/mol,0.5053819851736823,0.012984566640227513,1.2528202247807096,0.5464293147403679,0.04104732956668566,0.0,0.0,NaClFWater/data/S0_NaClFWater_matrix_BC_s_loss_split0.csv,0,0.42512777632349036,0.2454476361003542,0.1714946129549001,0.09901246095408225,3
NaClFWater,NaCl/NaF/water,"BC S-loss, fixed kappa_D",0.005,298.15,F,NaCl,neutral ion-pair NaCl: mu_Na + mu_Cl,0.0175,0.0,0.0,0.299782645376303,kJ/mol,0.12093095676788981,0.003107028174895276,0.299782645376303,0.16197828633457548,0.04104732956668566,0.0,0.0,NaClFWater/data/S0_NaClFWater_matrix_BC_s_loss_split0.csv,0,0.33832375071552484,0.1953313085488521,0.13647826350979153,0.07879576217591082,3
NaClFWater,NaCl/NaF/water,"BC S-loss, fixed kappa_D",0.005,298.15,F,NaCl,neutral ion-pair NaCl: mu_Na + mu_Cl,0.0175,0.0025,0.0025,0.28615807384661085,kJ/mol,0.11543486653034446,0.0029658194416128936,0.28615807384661085,0.15648219609703012,0.04104732956668566,0.0,0.0,NaClFWater/data/S0_NaClFWater_matrix_BC_s_loss_split0.csv,0,0.3378918524299742,0.19508195195742692,0.13630403770418328,0.07869517286014312,3
NaClFWater,NaCl/NaF/water,"BC S-loss, fixed kappa_D",0.005,298.15,F,NaCl,neutral ion-pair NaCl: mu_Na + mu_Cl,0.0175,0.005,0.005,0.2989035084907974,kJ/mol,0.12057631694355747,0.003097916563149283,0.2989035084907974,0.16162364651024314,0.04104732956668566,0.0,0.0,NaClFWater/data/S0_NaClFWater_matrix_BC_s_loss_split0.csv,0,0.32521013032411566,0.18776015628582146,0.13118828863938703,0.07574159376047643,3
NaClFWater,NaCl/NaF/water,"BC S-loss, fixed kappa_D",0.005,298.15,F,NaCl,neutral ion-pair NaCl: mu_Na + mu_Cl,0.0175,0.0075,0.0075,0.329760456364175,kJ/mol,0.1330238694847675,0.003417726291672807,0.329760456364175,0.17407119905145316,0.04104732956668566,0.0,0.0,NaClFWater/data/S0_NaClFWater_matrix_BC_s_loss_split0.csv,0,0.305883855688695,0.17660212642262874,0.12339215728065975,0.07124049522187755,3
NaClFWater,NaCl/NaF/water,"BC S-loss, fixed kappa_D",0.005,298.15,F,NaCl,neutral ion-pair NaCl: mu_Na + mu_Cl,0.0175,0.01,0.01,0.3723644452534134,kJ/mol,0.15021012498677264,0.0038592855209458317,0.3723644452534134,0.1912574545534583,0.04104732956668566,0.0,0.0,NaClFWater/data/S0_NaClFWater_matrix_BC_s_loss_split0.csv,0,0.28498065848178944,0.16453365988829796,0.11495990252299729,0.06637213066766563,3
NaClFWater,NaCl/NaF/water,"BC S-loss, fixed kappa_D",0.005,298.15,F,NaCl,neutral ion-pair NaCl: mu_Na + mu_Cl,0.0175,0.0125,0.0125,0.4222527802978246,kJ/mol,0.1703348526237067,0.004376341678039353,0.4222527802978246,0.21138218219039237,0.04104732956668566,0.0,0.0,NaClFWater/data/S0_NaClFWater_matrix_BC_s_loss_split0.csv,0,0.26625392927388386,0.15372177773907245,0.107405625065066,0.062010666543795875,3
NaClFWater,NaCl/NaF/water,"BC S-loss, fixed kappa_D",0.005,298.15,F,NaCl,neutral ion-pair NaCl: mu_Na + mu_Cl,0.0175,0.015,0.015,0.47678463222929174,kJ/mol,0.1923327538701893,0.004941524496302918,0.47678463222929174,0.23338008343687497,0.04104732956668566,0.0,0.0,NaClFWater/data/S0_NaClFWater_matrix_BC_s_loss_split0.csv,0,0.25188355177465427,0.14542503642153568,0.10160868008876099,0.05866379880124873,3
NaClFWater,NaCl/NaF/water,"BC S-loss, fixed kappa_D",0.005,298.15,F,NaCl,neutral ion-pair NaCl: mu_Na + mu_Cl,0.0175,0.0175,0.0175,0.5349798256286977,kJ/mol,0.21580843041660375,0.005544675173382529,0.5349798256286977,0.2568557599832894,0.04104732956668566,0.0,0.0,NaClFWater/data/S0_NaClFWater_matrix_BC_s_loss_split0.csv,0,0.2425091857827355,0.14001274369261932,0.09782710344988622,0.05648050451083318,3
NaClFWater,NaCl/NaF/water,"BC S-loss, fixed kappa_D",0.005,298.15,F,NaCl,neutral ion-pair NaCl: mu_Na + mu_Cl,0.0175,0.02,0.02,0.5972859168739785,kJ/mol,0.24094242447186748,0.006190432304265414,0.5972859168739785,0.28198975403855314,0.04104732956668566,0.0,0.0,NaClFWater/data/S0_NaClFWater_matrix_BC_s_loss_split0.csv,0,0.23759710017510094,0.137176749744769,0.09584559043897997,0.05533647744058371,3
NaClFWater,NaCl/NaF/water,"BC S-loss, fixed kappa_D",0.005,298.15,F,NaCl,neutral ion-pair NaCl: mu_Na + mu_Cl,0.0175,0.0225,0.0225,0.6652859405875627,kJ/mol,0.26837332500849,0.006895202886653351,0.6652859405875627,0.30942065457517565,0.04104732956668566,0.0,0.0,NaClFWater/data/S0_NaClFWater_matrix_BC_s_loss_split0.csv,0,0.23611317366260132,0.13632000437331973,0.09524698122761435,0.05499087025126238,3
NaClFWater,NaCl/NaF/water,"BC S-loss, fixed kappa_D",0.005,298.15,F,NaCl,neutral ion-pair NaCl: mu_Na + mu_Cl,0.0175,0.025,0.025,0.741361446382469,kJ/mol,0.29906183831729405,0.007683669942935012,0.741361446382469,0.3401091678839797,0.04104732956668566,0.0,0.0,NaClFWater/data/S0_NaClFWater_matrix_BC_s_loss_split0.csv,0,0.2373034722070298,0.13700722355836153,0.0957271422510668,0.05526809134740701,3
NaClFWater,NaCl/NaF/water,"BC S-loss, fixed kappa_D",0.005,298.15,F,NaCl,neutral ion-pair NaCl: mu_Na + mu_Cl,0.0175,0.0275,0.0275,0.8283270525532661,kJ/mol,0.33414336862713806,0.008585004936094265,0.8283270525532661,0.3751906981938237,0.04104732956668566,0.0,0.0,NaClFWater/data/S0_NaClFWater_matrix_BC_s_loss_split0.csv,0,0.24137279795360364,0.13935664987356622,0.09736868976398456,0.05621583924587765,3
NaClFWater,NaCl/NaF/water,"BC S-loss, fixed kappa_D",0.005,298.15,F,NaCl,neutral ion-pair NaCl: mu_Na + mu_Cl,0.0175,0.03,0.03,0.9290536522423027,kJ/mol,0.3747760211847311,0.009628962576812228,0.9290536522423027,0.41582335075141674,0.04104732956668566,0.0,0.0,NaClFWater/data/S0_NaClFWater_matrix_BC_s_loss_split0.csv,0,0.24997616458032407,0.1443238059114403,0.10083924876278268,0.058219567418072216,3
NaClFWater,NaCl/NaF/water,"BC S-loss, fixed kappa_D",0.005,298.15,F,NaCl,neutral ion-pair NaCl: mu_Na + mu_Cl,0.0175,0.0325,0.0325,1.0460975904557417,kJ/mol,0.42199101394812405,0.01084203751406676,1.0460975904557417,0.4630383435148097,0.04104732956668566,0.0,0.0,NaClFWater/data/S0_NaClFWater_matrix_BC_s_loss_split0.csv,0,0.2665144048675,0.15387216339316404,0.10751069973578666,0.06207133143322146,3
NaClFWater,NaCl/NaF/water,"BC S-loss, fixed kappa_D",0.005,298.15,F,NaCl,neutral ion-pair NaCl: mu_Na + mu_Cl,0.0175,0.034999999999999996,0.034999999999999996,1.1813525794680175,kJ/mol,0.4765522618427558,0.012243856692521147,1.1813525794680175,0.5175995914094415,0.04104732956668566,0.0,0.0,NaClFWater/data/S0_NaClFWater_matrix_BC_s_loss_split0.csv,0,0.29622242568036244,0.17102409720656117,0.11949478032214014,0.06899034358574281,3
NaClFWater,NaCl/NaF/water,"BC S-loss, fixed kappa_D",0.005,298.15,F,NaCl,neutral ion-pair NaCl: mu_Na + mu_Cl,0.0175,0.0375,0.0375,1.3357398826290667,kJ/mol,0.5388313983172642,0.013843968333958402,1.3357398826290667,0.5798787278839499,0.04104732956668566,0.0,0.0,NaClFWater/data/S0_NaClFWater_matrix_BC_s_loss_split0.csv,0,0.3460819868759296,0.1998105282844985,0.13960790071921472,0.08060265906123718,3
NaClFWater,NaCl/NaF/water,"BC S-loss, fixed kappa_D",0.005,298.15,F,NaCl,neutral ion-pair NaCl: mu_Na + mu_Cl,0.0175,0.04,0.04,1.5089504315324405,kJ/mol,0.6087037465810644,0.01563916917007191,1.5089504315324405,0.6497510761477501,0.04104732956668566,0.0,0.0,NaClFWater/data/S0_NaClFWater_matrix_BC_s_loss_split0.csv,0,0.42471986293266684,0.24521212719435617,0.17133006254682423,0.0989174577316844,3
NaClFWater,NaCl/NaF/water,"BC S-loss, fixed kappa_D",0.005,298.15,F,NaCl,neutral ion-pair NaCl: mu_Na + mu_Cl,0.02,0.0,0.0,0.4166684372742925,kJ/mol,0.16808215402633417,0.004318464041091374,0.4166684372742925,0.20912948359301983,0.04104732956668566,0.0,0.0,NaClFWater/data/S0_NaClFWater_matrix_BC_s_loss_split0.csv,0,0.3263277967904818,0.18840544132104217,0.13163915021262917,0.07600189881115504,3
NaClFWater,NaCl/NaF/water,"BC S-loss, fixed kappa_D",0.005,298.15,F,NaCl,neutral ion-pair NaCl: mu_Na + mu_Cl,0.02,0.0025,0.0025,0.4160141234899074,kJ/mol,0.16781820681927426,0.004311682556590313,0.4160141234899074,0.20886553638595992,0.04104732956668566,0.0,0.0,NaClFWater/data/S0_NaClFWater_matrix_BC_s_loss_split0.csv,0,0.3307680091618335,0.1909689991289012,0.1334303117044699,0.07703602638063137,3
NaClFWater,NaCl/NaF/water,"BC S-loss, fixed kappa_D",0.005,298.15,F,NaCl,neutral ion-pair NaCl: mu_Na + mu_Cl,0.02,0.005,0.005,0.4394648516930588,kJ/mol,0.17727812400344295,0.004554732227319391,0.4394648516930588,0.2183254535701286,0.04104732956668566,0.0,0.0,NaClFWater/data/S0_NaClFWater_matrix_BC_s_loss_split0.csv,0,0.32233411557564673,0.1860996883965996,0.13002811736004455,0.07507176856004198,3
NaClFWater,NaCl/NaF/water,"BC S-loss, fixed kappa_D",0.005,298.15,F,NaCl,neutral ion-pair NaCl: mu_Na + mu_Cl,0.02,0.0075,0.0075,0.47928717773240004,kJ/mol,0.19334226935320262,0.004967461552723762,0.47928717773240004,0.23438959891988828,0.04104732956668566,0.0,0.0,NaClFWater/data/S0_NaClFWater_matrix_BC_s_loss_split0.csv,0,0.3071101495897798,0.1773101275365256,0.12388683866740466,0.07152609965367782,3
NaClFWater,NaCl/NaF/water,"BC S-loss, fixed kappa_D",0.005,298.15,F,NaCl,neutral ion-pair NaCl: mu_Na + mu_Cl,0.02,0.01,0.01,0.5296267418055031,kJ/mol,0.21364902072967856,0.005489194369147299,0.5296267418055031,0.2546963502963642,0.04104732956668566,0.0,0.0,NaClFWater/data/S0_NaClFWater_matrix_BC_s_loss_split0.csv,0,0.2901493741048009,0.16751781924460823,0.11704493891583885,0.06757592699034287,3
NaClFWater,NaCl/NaF/water,"BC S-loss, fixed kappa_D",0.005,298.15,F,NaCl,neutral ion-pair NaCl: mu_Na + mu_Cl,0.02,0.0125,0.0125,0.5864986337335881,kJ/mol,0.23659088347637047,0.006078629992941843,0.5864986337335881,0.27763821304305614,0.04104732956668566,0.0,0.0,NaClFWater/data/S0_NaClFWater_matrix_BC_s_loss_split0.csv,0,0.2749568022512606,0.15874638379528402,0.11091632447350744,0.0640375697923034,3
NaClFWater,NaCl/NaF/water,"BC S-loss, fixed kappa_D",0.005,298.15,F,NaCl,neutral ion-pair NaCl: mu_Na + mu_Cl,0.02,0.015,0.015,0.6476915472056736,kJ/mol,0.26127582667681815,0.00671284984920817,0.6476915472056736,0.3023231562435038,0.04104732956668566,0.0,0.0,NaClFWater/data/S0_NaClFWater_matrix_BC_s_loss_split0.csv,0,0.2633849175062204,0.15206535302270374,0.10624827875635502,0.06134247234091597,3
NaClFWater,NaCl/NaF/water,"BC S-loss, fixed kappa_D",0.005,298.15,F,NaCl,neutral ion-pair NaCl: mu_Na + mu_Cl,0.02,0.0175,0.0175,0.712592603620121,kJ/mol,0.28745661788837745,0.0073855018988524535,0.712592603620121,0.3285039474550631,0.04104732956668566,0.0,0.0,NaClFWater/data/S0_NaClFWater_matrix_BC_s_loss_split0.csv,0,0.2558109055385874,0.14769249517434535,0.10319295674908009,0.0595784813575548,3
NaClFWater,NaCl/NaF/water,"BC S-loss, fixed kappa_D",0.005,298.15,F,NaCl,neutral ion-pair NaCl: mu_Na + mu_Cl,0.02,0.02,0.02,0.7819428775500933,kJ/mol,0.3154322032260127,0.008104266838586227,0.7819428775500933,0.35647953279269834,0.04104732956668566,0.0,0.0,NaClFWater/data/S0_NaClFWater_matrix_BC_s_loss_split0.csv,0,0.25160158766750385,0.14526224436837057,0.1014949370493362,0.058598129226818375,3
NaClFWater,NaCl/NaF/water,"BC S-loss, fixed kappa_D",0.005,298.15,F,NaCl,neutral ion-pair NaCl: mu_Na + mu_Cl,0.02,0.0225,0.0225,0.8575363583086705,kJ/mol,0.345926269825748,0.008887738057410388,0.8575363583086705,0.38697359939243364,0.04104732956668566,0.0,0.0,NaClFWater/data/S0_NaClFWater_matrix_BC_s_loss_split0.csv,0,0.2497816313743759,0.1442114921126198,0.10076077495156889,0.0581742605420436,3
NaClFWater,NaCl/NaF/water,"BC S-loss, fixed kappa_D",0.005,298.15,F,NaCl,neutral ion-pair NaCl: mu_Na + mu_Cl,0.02,0.025,0.025,0.9418772282428051,kJ/mol,0.37994899346596467,0.009761869576436766,0.9418772282428051,0.42099632303265033,0.04104732956668566,0.0,0.0,NaClFWater/data/S0_NaClFWater_matrix_BC_s_loss_split0.csv,0,0.24972933529924876,0.1441812989595676,0.10073967895252461,0.05816208076131656,3
NaClFWater,NaCl/NaF/water,"BC S-loss, fixed kappa_D",0.005,298.15,F,NaCl,neutral ion-pair NaCl: mu_Na + mu_Cl,0.02,0.0275,0.0275,1.0378118388501727,kJ/mol,0.4186485794054414,0.010756161750123283,1.0378118388501727,0.4596959089721271,0.04104732956668566,0.0,0.0,NaClFWater/data/S0_NaClFWater_matrix_BC_s_loss_split0.csv,0,0.25176485486791805,0.14535650673047956,0.10156079829600749,0.058636154235313216,3
NaClFWater,NaCl/NaF/water,"BC S-loss, fixed kappa_D",0.005,298.15,F,NaCl,neutral ion-pair NaCl: mu_Na + mu_Cl,0.02,0.03,0.03,1.1481525575744684,kJ/mol,0.46315952389002324,0.011899762713028395,1.1481525575744684,0.5042068534567089,0.04104732956668566,0.0,0.0,NaClFWater/data/S0_NaClFWater_matrix_BC_s_loss_split0.csv,0,0.2575903862569126,0.14871987884608817,0.10391079118391527,0.05999292326174048,3
NaClFWater,NaCl/NaF/water,"BC S-loss, fixed kappa_D",0.005,298.15,F,NaCl,neutral ion-pair NaCl: mu_Na + mu_Cl,0.02,0.0325,0.0325,1.2753107380720998,kJ/mol,0.5144545560261902,0.013217664384683301,1.2753107380720998,0.5555018855928758,0.04104732956668566,0.0,0.0,NaClFWater/data/S0_NaClFWater_matrix_BC_s_loss_split0.csv,0,0.2705771629468159,0.1562177978639094,0.10914959788157969,0.06301754971886944,3
NaClFWater,NaCl/NaF/water,"BC S-loss, fixed kappa_D",0.005,298.15,F,NaCl,neutral ion-pair NaCl: mu_Na + mu_Cl,0.02,0.034999999999999996,0.034999999999999996,1.420955401754515,kJ/mol,0.5732069514663708,0.014727164953058034,1.420955401754515,0.6142542810330565,0.04104732956668566,0.0,0.0,NaClFWater/data/S0_NaClFWater_matrix_BC_s_loss_split0.csv,0,0.29587638584334974,0.17082431101351156,0.1193551894244842,0.06890975074340473,3
NaClFWater,NaCl/NaF/water,"BC S-loss, fixed kappa_D",0.005,298.15,F,NaCl,neutral ion-pair NaCl: mu_Na + mu_Cl,0.02,0.0375,0.0375,1.5857128886468486,kJ/mol,0.6396693729302716,0.016434755975069493,1.5857128886468486,0.6807167024969573,0.04104732956668566,0.0,0.0,NaClFWater/data/S0_NaClFWater_matrix_BC_s_loss_split0.csv,0,0.3403614826630047,0.19650779363726592,0.1373002753168323,0.07927035091398286,3
NaClFWater,NaCl/NaF/water,"BC S-loss, fixed kappa_D",0.005,298.15,F,NaCl,neutral ion-pair NaCl: mu_Na + mu_Cl,0.02,0.04,0.04,1.7689207690720954,kJ/mol,0.7135745992966328,0.018333571850916996,1.7689207690720954,0.7546219288633185,0.04104732956668566,0.0,0.0,NaClFWater/data/S0_NaClFWater_matrix_BC_s_loss_split0.csv,0,0.41253074151634134,0.23817473466345562,0.16641302636153762,0.09607860556649404,3
NaClFWater,NaCl/NaF/water,"BC S-loss, fixed kappa_D",0.005,298.15,F,NaCl,neutral ion-pair NaCl: mu_Na + mu_Cl,0.0225,0.0,0.0,0.5502738102658686,kJ/mol,0.2219779543149764,0.005703186154278228,0.5502738102658686,0.2630252838816621,0.04104732956668566,0.0,0.0,NaClFWater/data/S0_NaClFWater_matrix_BC_s_loss_split0.csv,0,0.31071422989941566,0.1793909442734749,0.12534070828539232,0.07236549166898962,3
NaClFWater,NaCl/NaF/water,"BC S-loss, fixed kappa_D",0.005,298.15,F,NaCl,neutral ion-pair NaCl: mu_Na + mu_Cl,0.0225,0.0025,0.0025,0.5597558175621843,kJ/mol,0.2258029529668637,0.005801460234778233,0.5597558175621843,0.26685028253354937,0.04104732956668566,0.0,0.0,NaClFWater/data/S0_NaClFWater_matrix_BC_s_loss_split0.csv,0,0.31984826950959006,0.1846644845011978,0.12902533835404642,0.07449281383099125,3
NaClFWater,NaCl/NaF/water,"BC S-loss, fixed kappa_D",0.005,298.15,F,NaCl,neutral ion-pair NaCl: mu_Na + mu_Cl,0.0225,0.005,0.005,0.5917541668005087,kJ/mol,0.2387109416315389,0.006133099754833893,0.5917541668005087,0.27975827119822455,0.04104732956668566,0.0,0.0,NaClFWater/data/S0_NaClFWater_matrix_BC_s_loss_split0.csv,0,0.3160127428494459,0.18245004215147959,0.12747810433008303,0.07359951785075663,3
NaClFWater,NaCl/NaF/water,"BC S-loss, fixed kappa_D",0.005,298.15,F,NaCl,neutral ion-pair NaCl: mu_Na + mu_Cl,0.0225,0.0075,0.0075,0.6390244153693281,kJ/mol,0.2577795450822414,0.006623021357711423,0.6390244153693281,0.29882687464892704,0.04104732956668566,0.0,0.0,NaClFWater/data/S0_NaClFWater_matrix_BC_s_loss_split0.csv,0,0.3055012010098631,0.17638120064079846,0.1232377961222119,0.07115137476549527,3
NaClFWater,NaCl/NaF/water,"BC S-loss, fixed kappa_D",0.005,298.15,F,NaCl,neutral ion-pair NaCl: mu_Na + mu_Cl,0.0225,0.01,0.01,0.6961648940523351,kJ/mol,0.28082975450526315,0.007215240687060032,0.6961648940523351,0.3218770840719488,0.04104732956668566,0.0,0.0,NaClFWater/data/S0_NaClFWater_matrix_BC_s_loss_split0.csv,0,0.2931648883006664,0.1692588271773363,0.11826138363829909,0.06827824167830959,3
NaClFWater,NaCl/NaF/water,"BC S-loss, fixed kappa_D",0.005,298.15,F,NaCl,neutral ion-pair NaCl: mu_Na + mu_Cl,0.0225,0.0125,0.0125,0.7595913452863037,kJ/mol,0.30641569668843277,0.00787260953097757,0.7595913452863037,0.34746302625511843,0.04104732956668566,0.0,0.0,NaClFWater/data/S0_NaClFWater_matrix_BC_s_loss_split0.csv,0,0.2821310508854091,0.16288843817544293,0.11381038376879868,0.06570845570549054,3
NaClFWater,NaCl/NaF/water,"BC S-loss, fixed kappa_D",0.005,298.15,F,NaCl,neutral ion-pair NaCl: mu_Na + mu_Cl,0.0225,0.015,0.015,0.8274274116820242,kJ/mol,0.33378045758814107,0.008575680815511078,0.8274274116820242,0.37482778715482673,0.04104732956668566,0.0,0.0,NaClFWater/data/S0_NaClFWater_matrix_BC_s_loss_split0.csv,0,0.27385620734894006,0.15811095503216052,0.1104723494916187,0.06378124071699648,3
NaClFWater,NaCl/NaF/water,"BC S-loss, fixed kappa_D",0.005,298.15,F,NaCl,neutral ion-pair NaCl: mu_Na + mu_Cl,0.0225,0.0175,0.0175,0.899318301711872,kJ/mol,0.3627809159145118,0.009320777385596557,0.899318301711872,0.40382824548119745,0.04104732956668566,0.0,0.0,NaClFWater/data/S0_NaClFWater_matrix_BC_s_loss_split0.csv,0,0.2684374950015308,0.15498245999972263,0.10828646555627741,0.0625192200385099,3
NaClFWater,NaCl/NaF/water,"BC S-loss, fixed kappa_D",0.005,298.15,F,NaCl,neutral ion-pair NaCl: mu_Na + mu_Cl,0.0225,0.02,0.02,0.9761780235135901,kJ/mol,0.3937857783965557,0.010117372268041436,0.9761780235135901,0.43483310796324137,0.04104732956668566,0.0,0.0,NaClFWater/data/S0_NaClFWater_matrix_BC_s_loss_split0.csv,0,0.26514260958392555,0.15308015701691927,0.10695732375258359,0.06175183966035609,3
NaClFWater,NaCl/NaF/water,"BC S-loss, fixed kappa_D",0.005,298.15,F,NaCl,neutral ion-pair NaCl: mu_Na + mu_Cl,0.0225,0.0225,0.0225,1.059883181956015,kJ/mol,0.4275520589100388,0.010984915101744264,1.059883181956015,0.46859938847672444,0.04104732956668566,0.0,0.0,NaClFWater/data/S0_NaClFWater_matrix_BC_s_loss_split0.csv,0,0.2630443904727429,0.15186874964825917,0.10611091169859199,0.0612631634331387,3
NaClFWater,NaCl/NaF/water,"BC S-loss, fixed kappa_D",0.005,298.15,F,NaCl,neutral ion-pair NaCl: mu_Na + mu_Cl,0.0225,0.025,0.025,1.1529283646267907,kJ/mol,0.46508606275104103,0.011949260465144107,1.1529283646267907,0.5061333923177267,0.04104732956668566,0.0,0.0,NaClFWater/data/S0_NaClFWater_matrix_BC_s_loss_split0.csv,0,0.26162635054361427,0.1510500439134551,0.10553888083553338,0.06093290126036704,3
NaClFWater,NaCl/NaF/water,"BC S-loss, fixed kappa_D",0.005,298.15,F,NaCl,neutral ion-pair NaCl: mu_Na + mu_Cl,0.0225,0.0275,0.0275,1.2580595328522708,kJ/mol,0.5074954982394579,0.013038868241892487,1.2580595328522708,0.5485428278061436,0.04104732956668566,0.0,0.0,NaClFWater/data/S0_NaClFWater_matrix_BC_s_loss_split0.csv,0,0.2612863450155634,0.15085374163030899,0.10540172415068946,0.06085371381145124,3
NaClFWater,NaCl/NaF/water,"BC S-loss, fixed kappa_D",0.005,298.15,F,NaCl,neutral ion-pair NaCl: mu_Na + mu_Cl,0.0225,0.03,0.03,1.3779025124858877,kJ/mol,0.55583961159137,0.014280953199204305,1.3779025124858877,0.5968869411580556,0.04104732956668566,0.0,0.0,NaClFWater/data/S0_NaClFWater_matrix_BC_s_loss_split0.csv,0,0.26372585413876265,0.1522621928792786,0.10638581104451934,0.06142187664450991,3
NaClFWater,NaCl/NaF/water,"BC S-loss, fixed kappa_D",0.005,298.15,F,NaCl,neutral ion-pair NaCl: mu_Na + mu_Cl,0.0225,0.0325,0.0325,1.5146036374089404,kJ/mol,0.6109842241403736,0.015697760520197335,1.5146036374089404,0.6520315537070592,0.04104732956668566,0.0,0.0,NaClFWater/data/S0_NaClFWater_matrix_BC_s_loss_split0.csv,0,0.2722206831058207,0.1571666846701294,0.10981258644466438,0.06340032634423604,3
NaClFWater,NaCl/NaF/water,"BC S-loss, fixed kappa_D",0.005,298.15,F,NaCl,neutral ion-pair NaCl: mu_Na + mu_Cl,0.0225,0.034999999999999996,0.034999999999999996,1.6694988478300816,kJ/mol,0.6734682480953937,0.017303136249438467,1.6694988478300816,0.7145155776620794,0.04104732956668566,0.0,0.0,NaClFWater/data/S0_NaClFWater_matrix_BC_s_loss_split0.csv,0,0.2917492146808605,0.16844148763185673,0.11769030733366745,0.0679485306201027,3
NaClFWater,NaCl/NaF/water,"BC S-loss, fixed kappa_D",0.005,298.15,F,NaCl,neutral ion-pair NaCl: mu_Na + mu_Cl,0.0225,0.0375,0.0375,1.8428261040077731,kJ/mol,0.7433876755432718,0.01909954667121383,1.8428261040077731,0.7844350051099575,0.04104732956668566,0.0,0.0,NaClFWater/data/S0_NaClFWater_matrix_BC_s_loss_split0.csv,0,0.3289777369448982,0.18993538498253087,0.1327081240281379,0.07661907113129567,3
NaClFWater,NaCl/NaF/water,"BC S-loss, fixed kappa_D",0.005,298.15,F,NaCl,neutral ion-pair NaCl: mu_Na + mu_Cl,0.0225,0.04,0.04,2.0334939516593264,kJ/mol,0.8203022187865388,0.021075679659020352,2.0334939516593264,0.8613495483532244,0.04104732956668566,0.0,0.0,NaClFWater/data/S0_NaClFWater_matrix_BC_s_loss_split0.csv,0,0.39220065682761696,0.2264371547957727,0.15821196258917158,0.09134371918987721,3
NaClFWater,NaCl/NaF/water,"BC S-loss, fixed kappa_D",0.005,298.15,F,NaCl,neutral ion-pair NaCl: mu_Na + mu_Cl,0.025,0.0,0.0,0.6982452706504299,kJ/mol,0.28166896897056126,0.0072368022711089,0.6982452706504299,0.3227162985372469,0.04104732956668566,0.0,0.0,NaClFWater/data/S0_NaClFWater_matrix_BC_s_loss_split0.csv,0,0.29371391793704066,0.16957580958569007,0.11848285969852038,0.06840611094129741,3
NaClFWater,NaCl/NaF/water,"BC S-loss, fixed kappa_D",0.005,298.15,F,NaCl,neutral ion-pair NaCl: mu_Na + mu_Cl,0.025,0.0025,0.0025,0.7157500763277966,kJ/mol,0.2887303280293645,0.0074182267974265415,0.7157500763277966,0.32977765759605016,0.04104732956668566,0.0,0.0,NaClFWater/data/S0_NaClFWater_matrix_BC_s_loss_split0.csv,0,0.3068681345552381,0.177170400091185,0.12378921090231969,0.07146973423722564,3
NaClFWater,NaCl/NaF/water,"BC S-loss, fixed kappa_D",0.005,298.15,F,NaCl,neutral ion-pair NaCl: mu_Na + mu_Cl,0.025,0.005,0.005,0.7547076060575411,kJ/mol,0.304445618477942,0.007821993140680661,0.7547076060575411,0.34549294804462766,0.04104732956668566,0.0,0.0,NaClFWater/data/S0_NaClFWater_matrix_BC_s_loss_split0.csv,0,0.3074682604978619,0.17751688296570656,0.12403129898027244,0.07160950385419926,3
NaClFWater,NaCl/NaF/water,"BC S-loss, fixed kappa_D",0.005,298.15,F,NaCl,neutral ion-pair NaCl: mu_Na + mu_Cl,0.025,0.0075,0.0075,0.8083336100755527,kJ/mol,0.3260781047928068,0.008377787506901768,0.8083336100755527,0.36712543435949246,0.04104732956668566,0.0,0.0,NaClFWater/data/S0_NaClFWater_matrix_BC_s_loss_split0.csv,0,0.30175082603368025,0.17421592063873723,0.12172491190058246,0.07027791065288477,3
NaClFWater,NaCl/NaF/water,"BC S-loss, fixed kappa_D",0.005,298.15,F,NaCl,neutral ion-pair NaCl: mu_Na + mu_Cl,0.025,0.01,0.01,0.8716327604614363,kJ/mol,0.3516126943923839,0.009033836970502307,0.8716327604614363,0.39266002395906957,0.04104732956668566,0.0,0.0,NaClFWater/data/S0_NaClFWater_matrix_BC_s_loss_split0.csv,0,0.29420436719295734,0.16985897059561744,0.11868070469948652,0.06852033680586303,3
NaClFWater,NaCl/NaF/water,"BC S-loss, fixed kappa_D",0.005,298.15,F,NaCl,neutral ion-pair NaCl: mu_Na + mu_Cl,0.025,0.0125,0.0125,0.9413590007263166,kJ/mol,0.37973994284092355,0.009756498526712676,0.9413590007263166,0.4207872724076092,0.04104732956668566,0.0,0.0,NaClFWater/data/S0_NaClFWater_matrix_BC_s_loss_split0.csv,0,0.28749661591393383,0.16598624858901614,0.11597482831723259,0.06695809834817487,3
NaClFWater,NaCl/NaF/water,"BC S-loss, fixed kappa_D",0.005,298.15,F,NaCl,neutral ion-pair NaCl: mu_Na + mu_Cl,0.025,0.015,0.015,1.0158943119204327,kJ/mol,0.4098071486472586,0.010529002590828895,1.0158943119204327,0.45085447821394425,0.04104732956668566,0.0,0.0,NaClFWater/data/S0_NaClFWater_matrix_BC_s_loss_split0.csv,0,0.2826734532137593,0.16320159430572503,0.1140291864030812,0.06583478146529295,3
NaClFWater,NaCl/NaF/water,"BC S-loss, fixed kappa_D",0.005,298.15,F,NaCl,neutral ion-pair NaCl: mu_Na + mu_Cl,0.025,0.0175,0.0175,1.095053617389438,kJ/mol,0.4417396527301157,0.011349430978498276,1.095053617389438,0.48278698229680134,0.04104732956668566,0.0,0.0,NaClFWater/data/S0_NaClFWater_matrix_BC_s_loss_split0.csv,0,0.2795716133124202,0.16141074620370377,0.11277791828334434,0.06511236147953448,3
NaClFWater,NaCl/NaF/water,"BC S-loss, fixed kappa_D",0.005,298.15,F,NaCl,neutral ion-pair NaCl: mu_Na + mu_Cl,0.025,0.02,0.02,1.179826498034242,kJ/mol,0.4759366475277226,0.01222803997302435,1.179826498034242,0.5169839770944082,0.04104732956668566,0.0,0.0,NaClFWater/data/S0_NaClFWater_matrix_BC_s_loss_split0.csv,0,0.2773697045709548,0.16013947359908773,0.11188967830371932,0.06459953588819298,3
NaClFWater,NaCl/NaF/water,"BC S-loss, fixed kappa_D",0.005,298.15,F,NaCl,neutral ion-pair NaCl: mu_Na + mu_Cl,0.025,0.0225,0.0225,1.2720688873767143,kJ/mol,0.5131468081884208,0.01318406496989155,1.2720688873767143,0.5541941377551065,0.04104732956668566,0.0,0.0,NaClFWater/data/S0_NaClFWater_matrix_BC_s_loss_split0.csv,0,0.2751669242131882,0.1588676977665656,0.11100108671803946,0.06408650729700108,3
NaClFWater,NaCl/NaF/water,"BC S-loss, fixed kappa_D",0.005,298.15,F,NaCl,neutral ion-pair NaCl: mu_Na + mu_Cl,0.025,0.025,0.025,1.3741598248253077,kJ/mol,0.5543298283979193,0.014242162975051542,1.3741598248253077,0.595377157964605,0.04104732956668566,0.0,0.0,NaClFWater/data/S0_NaClFWater_matrix_BC_s_loss_split0.csv,0,0.2725048202650267,0.15733073133548375,0.1099272060834128,0.06346650202352186,3
NaClFWater,NaCl/NaF/water,"BC S-loss, fixed kappa_D",0.005,298.15,F,NaCl,neutral ion-pair NaCl: mu_Na + mu_Cl,0.025,0.0275,0.0275,1.48863961098629,kJ/mol,0.6005104538762659,0.015428662348995204,1.48863961098629,0.6415577834429516,0.04104732956668566,0.0,0.0,NaClFWater/data/S0_NaClFWater_matrix_BC_s_loss_split0.csv,0,0.26980231733927373,0.15577044054381453,0.108837028684821,0.06283708780898042,3
NaClFWater,NaCl/NaF/water,"BC S-loss, fixed kappa_D",0.005,298.15,F,NaCl,neutral ion-pair NaCl: mu_Na + mu_Cl,0.025,0.03,0.03,1.6178462761997308,kJ/mol,0.6526318354373511,0.01676779506863113,1.6178462761997308,0.6936791650040368,0.04104732956668566,0.0,0.0,NaClFWater/data/S0_NaClFWater_matrix_BC_s_loss_split0.csv,0,0.26870334472891205,0.1551359484113902,0.10839370812813594,0.06258113656624101,3
NaClFWater,NaCl/NaF/water,"BC S-loss, fixed kappa_D",0.005,298.15,F,NaCl,neutral ion-pair NaCl: mu_Na + mu_Cl,0.025,0.0325,0.0325,1.7635671160287563,kJ/mol,0.7114149599888882,0.018278085147130696,1.7635671160287563,0.7524622895555738,0.04104732956668566,0.0,0.0,NaClFWater/data/S0_NaClFWater_matrix_BC_s_loss_split0.csv,0,0.2723302861981348,0.15722996404498096,0.10985679983400726,0.06342585295647493,3
NaClFWater,NaCl/NaF/water,"BC S-loss, fixed kappa_D",0.005,298.15,F,NaCl,neutral ion-pair NaCl: mu_Na + mu_Cl,0.025,0.034999999999999996,0.034999999999999996,1.9267211953060632,kJ/mol,0.7772305741076517,0.019969058020251396,1.9267211953060632,0.8182779036743374,0.04104732956668566,0.0,0.0,NaClFWater/data/S0_NaClFWater_matrix_BC_s_loss_split0.csv,0,0.2854230870165625,0.16478909612194634,0.11513837618328654,0.06647517248347688,3
NaClFWater,NaCl/NaF/water,"BC S-loss, fixed kappa_D",0.005,298.15,F,NaCl,neutral ion-pair NaCl: mu_Na + mu_Cl,0.025,0.0375,0.0375,2.1070872081654204,kJ/mol,0.8499894040129392,0.021838420014319126,2.1070872081654204,0.8910367335796249,0.04104732956668566,0.0,0.0,NaClFWater/data/S0_NaClFWater_matrix_BC_s_loss_split0.csv,0,0.31436832153134847,0.18150063506081487,0.12681475224351565,0.07321653134500947,3
NaClFWater,NaCl/NaF/water,"BC S-loss, fixed kappa_D",0.005,298.15,F,NaCl,neutral ion-pair NaCl: mu_Na + mu_Cl,0.025,0.04,0.04,2.3030889759209026,kJ/mol,0.92905562638587,0.023869835188406796,2.3030889759209026,0.9701029559525557,0.04104732956668566,0.0,0.0,NaClFWater/data/S0_NaClFWater_matrix_BC_s_loss_split0.csv,0,0.36719544604768395,0.21200038962083503,0.14812497419795134,0.08551999372689359,3
NaClFWater,NaCl/NaF/water,"BC S-loss, fixed kappa_D",0.005,298.15,F,NaCl,neutral ion-pair NaCl: mu_Na + mu_Cl,0.0275,0.0,0.0,0.8580978782129888,kJ/mol,0.3461527844032953,0.008893557801116003,0.8580978782129888,0.38720011396998094,0.04104732956668566,0.0,0.0,NaClFWater/data/S0_NaClFWater_matrix_BC_s_loss_split0.csv,0,0.2770760223518026,0.15996991609080402,0.11177120823116651,0.06453113715991371,3
NaClFWater,NaCl/NaF/water,"BC S-loss, fixed kappa_D",0.005,298.15,F,NaCl,neutral ion-pair NaCl: mu_Na + mu_Cl,0.0275,0.0025,0.0025,0.8821655172799122,kJ/mol,0.35586156062632796,0.009143001302390985,0.8821655172799122,0.3969088901930136,0.04104732956668566,0.0,0.0,NaClFWater/data/S0_NaClFWater_matrix_BC_s_loss_split0.csv,0,0.29329385394037427,0.16933328552413787,0.11831340779126656,0.06830827783702972,3
NaClFWater,NaCl/NaF/water,"BC S-loss, fixed kappa_D",0.005,298.15,F,NaCl,neutral ion-pair NaCl: mu_Na + mu_Cl,0.0275,0.005,0.005,0.9270059070311374,kJ/mol,0.37394997007262537,0.009607739193256748,0.9270059070311374,0.41499729963931103,0.04104732956668566,0.0,0.0,NaClFWater/data/S0_NaClFWater_matrix_BC_s_loss_split0.csv,0,0.2978043070374364,0.17193739683389386,0.12013290407264647,0.06935876450487394,3
NaClFWater,NaCl/NaF/water,"BC S-loss, fixed kappa_D",0.005,298.15,F,NaCl,neutral ion-pair NaCl: mu_Na + mu_Cl,0.0275,0.0075,0.0075,0.9862735209944002,kJ/mol,0.3978582562008319,0.010222004726244904,0.9862735209944002,0.43890558576751754,0.04104732956668566,0.0,0.0,NaClFWater/data/S0_NaClFWater_matrix_BC_s_loss_split0.csv,0,0.2965505339506483,0.17121353060473404,0.11962713770726933,0.06906676015767639,3
NaClFWater,NaCl/NaF/water,"BC S-loss, fixed kappa_D",0.005,298.15,F,NaCl,neutral ion-pair NaCl: mu_Na + mu_Cl,0.0275,0.01,0.01,1.0553440936231795,kJ/mol,0.42572101130468204,0.010937870766269953,1.0553440936231795,0.4667683408713677,0.04104732956668566,0.0,0.0,NaClFWater/data/S0_NaClFWater_matrix_BC_s_loss_split0.csv,0,0.29354547611023907,0.1694785596516434,0.11841491103108075,0.06836688075986005,3
NaClFWater,NaCl/NaF/water,"BC S-loss, fixed kappa_D",0.005,298.15,F,NaCl,neutral ion-pair NaCl: mu_Na + mu_Cl,0.0275,0.0125,0.0125,1.1312618898981723,kJ/mol,0.45634590530987174,0.0117247032785599,1.1312618898981723,0.4973932348765574,0.04104732956668566,0.0,0.0,NaClFWater/data/S0_NaClFWater_matrix_BC_s_loss_split0.csv,0,0.2909711783688251,0.1679922881576638,0.1173764510212165,0.06776732559362227,3
NaClFWater,NaCl/NaF/water,"BC S-loss, fixed kappa_D",0.005,298.15,F,NaCl,neutral ion-pair NaCl: mu_Na + mu_Cl,0.0275,0.015,0.015,1.212608378222666,kJ/mol,0.48916070901687314,0.012567800219130731,1.212608378222666,0.5302080385835588,0.04104732956668566,0.0,0.0,NaClFWater/data/S0_NaClFWater_matrix_BC_s_loss_split0.csv,0,0.28949341688964825,0.16713910216986297,0.11678032875627595,0.06742315424348892,3
NaClFWater,NaCl/NaF/water,"BC S-loss, fixed kappa_D",0.005,298.15,F,NaCl,neutral ion-pair NaCl: mu_Na + mu_Cl,0.0275,0.0175,0.0175,1.2993003601505029,kJ/mol,0.5241318605506058,0.013466299296851503,1.2993003601505029,0.5651791901172915,0.04104732956668566,0.0,0.0,NaClFWater/data/S0_NaClFWater_matrix_BC_s_loss_split0.csv,0,0.2887295934142274,0.1666981084807154,0.1164722058375244,0.06724525939340423,3
NaClFWater,NaCl/NaF/water,"BC S-loss, fixed kappa_D",0.005,298.15,F,NaCl,neutral ion-pair NaCl: mu_Na + mu_Cl,0.0275,0.02,0.02,1.3923284582094955,kJ/mol,0.5616589725368566,0.014430467590727858,1.3923284582094955,0.6027063021035423,0.04104732956668566,0.0,0.0,NaClFWater/data/S0_NaClFWater_matrix_BC_s_loss_split0.csv,0,0.2877805783657206,0.16615019438699496,0.11608937747980207,0.06702423333801981,3
NaClFWater,NaCl/NaF/water,"BC S-loss, fixed kappa_D",0.005,298.15,F,NaCl,neutral ion-pair NaCl: mu_Na + mu_Cl,0.0275,0.0225,0.0225,1.4934492212558084,kJ/mol,0.6024506288014801,0.015478510446769178,1.4934492212558084,0.6434979583681658,0.04104732956668566,0.0,0.0,NaClFWater/data/S0_NaClFWater_matrix_BC_s_loss_split0.csv,0,0.28574260621287856,0.16497357061595067,0.11526726877500983,0.06654958865600487,3
NaClFWater,NaCl/NaF/water,"BC S-loss, fixed kappa_D",0.005,298.15,F,NaCl,neutral ion-pair NaCl: mu_Na + mu_Cl,0.0275,0.025,0.025,1.6048459013086926,kJ/mol,0.6473875432871466,0.016633055677630182,1.6048459013086926,0.6884348728538323,0.04104732956668566,0.0,0.0,NaClFWater/data/S0_NaClFWater_matrix_BC_s_loss_split0.csv,0,0.28215819682046217,0.16290411088835324,0.11382133431563303,0.06571477800665312,3
NaClFWater,NaCl/NaF/water,"BC S-loss, fixed kappa_D",0.005,298.15,F,NaCl,neutral ion-pair NaCl: mu_Na + mu_Cl,0.0275,0.0275,0.0275,1.7287740861764962,kJ/mol,0.6973796098651143,0.01791748080358957,1.7287740861764962,0.7384269394317999,0.04104732956668566,0.0,0.0,NaClFWater/data/S0_NaClFWater_matrix_BC_s_loss_split0.csv,0,0.27740046376282657,0.16015723242679494,0.11190208642193372,0.06460669971858421,3
NaClFWater,NaCl/NaF/water,"BC S-loss, fixed kappa_D",0.005,298.15,F,NaCl,neutral ion-pair NaCl: mu_Na + mu_Cl,0.0275,0.03,0.03,1.8672088219513816,kJ/mol,0.7532235531532678,0.019352255734929713,1.8672088219513816,0.7942708827199535,0.04104732956668566,0.0,0.0,NaClFWater/data/S0_NaClFWater_matrix_BC_s_loss_split0.csv,0,0.2729912348227125,0.1576115629113014,0.11012342350544846,0.06357978820495383,3
NaClFWater,NaCl/NaF/water,"BC S-loss, fixed kappa_D",0.005,298.15,F,NaCl,neutral ion-pair NaCl: mu_Na + mu_Cl,0.0275,0.0325,0.0325,2.0215095956649733,kJ/mol,0.8154677840419092,0.020951470561840324,2.0215095956649733,0.8565151136085949,0.04104732956668566,0.0,0.0,NaClFWater/data/S0_NaClFWater_matrix_BC_s_loss_split0.csv,0,0.27184207112994996,0.15694809294394202,0.10965985609421874,0.06331214743529281,3
NaClFWater,NaCl/NaF/water,"BC S-loss, fixed kappa_D",0.005,298.15,F,NaCl,neutral ion-pair NaCl: mu_Na + mu_Cl,0.0275,0.034999999999999996,0.034999999999999996,2.1921185962123944,kJ/mol,0.884290679521782,0.022719708249269388,2.1921185962123944,0.9253380090884676,0.04104732956668566,0.0,0.0,NaClFWater/data/S0_NaClFWater_matrix_BC_s_loss_split0.csv,0,0.27840326959738354,0.16073620264532135,0.11230661373829379,0.06484025367357925,3
NaClFWater,NaCl/NaF/water,"BC S-loss, fixed kappa_D",0.005,298.15,F,NaCl,neutral ion-pair NaCl: mu_Na + mu_Cl,0.0275,0.0375,0.0375,2.378306085452699,kJ/mol,0.9593978665431594,0.024649405594345808,2.378306085452699,1.000445196109845,0.04104732956668566,0.0,0.0,NaClFWater/data/S0_NaClFWater_matrix_BC_s_loss_split0.csv,0,0.29873549264272975,0.1724750170937755,0.12050854011400322,0.06957563807446858,3
NaClFWater,NaCl/NaF/water,"BC S-loss, fixed kappa_D",0.005,298.15,F,NaCl,neutral ion-pair NaCl: mu_Na + mu_Cl,0.0275,0.04,0.04,2.577974552782097,kJ/mol,1.039943218860712,0.0267188234315654,2.577974552782097,1.0809905484273976,0.04104732956668566,0.0,0.0,NaClFWater/data/S0_NaClFWater_matrix_BC_s_loss_split0.csv,0,0.3405697641572162,0.19662804501401612,0.13738429512505174,0.07931885977287562,3
NaClFWater,NaCl/NaF/water,"BC S-loss, fixed kappa_D",0.005,298.15,F,NaCl,neutral ion-pair NaCl: mu_Na + mu_Cl,0.03,0.0,0.0,1.0274314162587899,kJ/mol,0.4144611641064163,0.010648576251242048,1.0274314162587899,0.455508493673102,0.04104732956668566,0.0,0.0,NaClFWater/data/S0_NaClFWater_matrix_BC_s_loss_split0.csv,0,0.26212199217603305,0.15133620274335366,0.10573882041758344,0.0610483364318853,3
NaClFWater,NaCl/NaF/water,"BC S-loss, fixed kappa_D",0.005,298.15,F,NaCl,neutral ion-pair NaCl: mu_Na + mu_Cl,0.03,0.0025,0.0025,1.05718220355514,kJ/mol,0.4264624964978543,0.010956921433262323,1.05718220355514,0.46750982606453995,0.04104732956668566,0.0,0.0,NaClFWater/data/S0_NaClFWater_matrix_BC_s_loss_split0.csv,0,0.2803261282106435,0.1618463655833006,0.11308228616435775,0.06528808835757025,3
NaClFWater,NaCl/NaF/water,"BC S-loss, fixed kappa_D",0.005,298.15,F,NaCl,neutral ion-pair NaCl: mu_Na + mu_Cl,0.03,0.005,0.005,1.107280498981306,kJ/mol,0.44667192119861315,0.01147615367636945,1.107280498981306,0.4877192507652988,0.04104732956668566,0.0,0.0,NaClFWater/data/S0_NaClFWater_matrix_BC_s_loss_split0.csv,0,0.28797525000330854,0.16626258810935998,0.1161679071337103,0.06706957245484309,3
NaClFWater,NaCl/NaF/water,"BC S-loss, fixed kappa_D",0.005,298.15,F,NaCl,neutral ion-pair NaCl: mu_Na + mu_Cl,0.03,0.0075,0.0075,1.1718051215161454,kJ/mol,0.47270086069386075,0.012144904263777788,1.1718051215161454,0.5137481902605464,0.04104732956668566,0.0,0.0,NaClFWater/data/S0_NaClFWater_matrix_BC_s_loss_split0.csv,0,0.2905443577946225,0.16774586318425225,0.1172042735412902,0.06766791887923844,3
NaClFWater,NaCl/NaF/water,"BC S-loss, fixed kappa_D",0.005,298.15,F,NaCl,neutral ion-pair NaCl: mu_Na + mu_Cl,0.03,0.01,0.01,1.2464782268744272,kJ/mol,0.502823652039808,0.012918836463768457,1.2464782268744272,0.5438709816064936,0.04104732956668566,0.0,0.0,NaClFWater/data/S0_NaClFWater_matrix_BC_s_loss_split0.csv,0,0.29151882564497306,0.16830847245996877,0.1175973694436047,0.06789487290425705,3
NaClFWater,NaCl/NaF/water,"BC S-loss, fixed kappa_D",0.005,298.15,F,NaCl,neutral ion-pair NaCl: mu_Na + mu_Cl,0.03,0.0125,0.0125,1.3286004942362264,kJ/mol,0.5359514014848926,0.013769973787475465,1.3286004942362264,0.5769987310515783,0.04104732956668566,0.0,0.0,NaClFWater/data/S0_NaClFWater_matrix_BC_s_loss_split0.csv,0,0.29262013103544476,0.1689443114236176,0.11804163103318473,0.06815136745259169,3
NaClFWater,NaCl/NaF/water,"BC S-loss, fixed kappa_D",0.005,298.15,F,NaCl,neutral ion-pair NaCl: mu_Na + mu_Cl,0.03,0.015,0.015,1.4169110235288707,kJ/mol,0.5715754676700208,0.014685247926536249,1.4169110235288707,0.6126227972367064,0.04104732956668566,0.0,0.0,NaClFWater/data/S0_NaClFWater_matrix_BC_s_loss_split0.csv,0,0.2941933830327674,0.16985262888777494,0.11867627373918395,0.06851777858973958,3
NaClFWater,NaCl/NaF/water,"BC S-loss, fixed kappa_D",0.005,298.15,F,NaCl,neutral ion-pair NaCl: mu_Na + mu_Cl,0.03,0.0175,0.0175,1.5113802929222915,kJ/mol,0.6096839416231062,0.01566435290874324,1.5113802929222915,0.6507312711897919,0.04104732956668566,0.0,0.0,NaClFWater/data/S0_NaClFWater_matrix_BC_s_loss_split0.csv,0,0.2956838892263641,0.17071317303987682,0.11927753716400248,0.06886491818991243,3
NaClFWater,NaCl/NaF/water,"BC S-loss, fixed kappa_D",0.005,298.15,F,NaCl,neutral ion-pair NaCl: mu_Na + mu_Cl,0.03,0.02,0.02,1.6129472373024987,kJ/mol,0.6506555854101299,0.016717020108444558,1.6129472373024987,0.6917029149768156,0.04104732956668566,0.0,0.0,NaClFWater/data/S0_NaClFWater_matrix_BC_s_loss_split0.csv,0,0.2961220133778652,0.17096612413668444,0.11945427445564141,0.06896695751281601,3
NaClFWater,NaCl/NaF/water,"BC S-loss, fixed kappa_D",0.005,298.15,F,NaCl,neutral ion-pair NaCl: mu_Na + mu_Cl,0.03,0.0225,0.0225,1.7232137520552757,kJ/mol,0.6951365963498246,0.017859852001379295,1.7232137520552757,0.7361839259165103,0.04104732956668566,0.0,0.0,NaClFWater/data/S0_NaClFWater_matrix_BC_s_loss_split0.csv,0,0.2945681337656986,0.1700689913243118,0.11882744648177536,0.06860505821336886,3
NaClFWater,NaCl/NaF/water,"BC S-loss, fixed kappa_D",0.005,298.15,F,NaCl,neutral ion-pair NaCl: mu_Na + mu_Cl,0.03,0.025,0.025,1.8441115662812355,kJ/mol,0.7439062251825402,0.01911286954884872,1.8441115662812355,0.7849535547492259,0.04104732956668566,0.0,0.0,NaClFWater/data/S0_NaClFWater_matrix_BC_s_loss_split0.csv,0,0.2905079860854589,0.16772486396817576,0.11718960135910661,0.06765944789090514,3
NaClFWater,NaCl/NaF/water,"BC S-loss, fixed kappa_D",0.005,298.15,F,NaCl,neutral ion-pair NaCl: mu_Na + mu_Cl,0.03,0.0275,0.0275,1.9775574506122449,kJ/mol,0.7977376884703139,0.020495938678550374,1.9775574506122449,0.8387850180369996,0.04104732956668566,0.0,0.0,NaClFWater/data/S0_NaClFWater_matrix_BC_s_loss_split0.csv,0,0.2842023113820231,0.1640842809807249,0.11464592084018806,0.0661908532585751,3
NaClFWater,NaCl/NaF/water,"BC S-loss, fixed kappa_D",0.005,298.15,F,NaCl,neutral ion-pair NaCl: mu_Na + mu_Cl,0.03,0.03,0.03,2.1251130366949456,kJ/mol,0.8572609413224893,0.022025244561973523,2.1251130366949456,0.898308270889175,0.04104732956668566,0.0,0.0,NaClFWater/data/S0_NaClFWater_matrix_BC_s_loss_split0.csv,0,0.2769868061400034,0.15991840708690566,0.1117352188167742,0.06451035866182633,3
NaClFWater,NaCl/NaF/water,"BC S-loss, fixed kappa_D",0.005,298.15,F,NaCl,neutral ion-pair NaCl: mu_Na + mu_Cl,0.03,0.0325,0.0325,2.2876651634702783,kJ/mol,0.922833730537559,0.023709978637043605,2.2876651634702783,0.9638810601042447,0.04104732956668566,0.0,0.0,NaClFWater/data/S0_NaClFWater_matrix_BC_s_loss_split0.csv,0,0.2715079122135894,0.15675516620362911,0.10952505790596052,0.06323432166501566,3
NaClFWater,NaCl/NaF/water,"BC S-loss, fixed kappa_D",0.005,298.15,F,NaCl,neutral ion-pair NaCl: mu_Na + mu_Cl,0.03,0.034999999999999996,0.034999999999999996,2.465141626602989,kJ/mol,0.9944269292148177,0.025549392558559703,2.465141626602989,1.0354742587815033,0.04104732956668566,0.0,0.0,NaClFWater/data/S0_NaClFWater_matrix_BC_s_loss_split0.csv,0,0.2718857484637096,0.15697331006434564,0.10967747533216357,0.06332231990706318,3
NaClFWater,NaCl/NaF/water,"BC S-loss, fixed kappa_D",0.005,298.15,F,NaCl,neutral ion-pair NaCl: mu_Na + mu_Cl,0.03,0.0375,0.0375,2.6562755383878596,kJ/mol,1.0715294806114135,0.027530355960720954,2.6562755383878596,1.112576810178099,0.04104732956668566,0.0,0.0,NaClFWater/data/S0_NaClFWater_matrix_BC_s_loss_split0.csv,0,0.2838305781477406,0.16386966069784514,0.11449596534283833,0.06610427641181378,3
NaClFWater,NaCl/NaF/water,"BC S-loss, fixed kappa_D",0.005,298.15,F,NaCl,neutral ion-pair NaCl: mu_Na + mu_Cl,0.03,0.04,0.04,2.8584293158271654,kJ/mol,1.1530773957326894,0.02962553222209863,2.8584293158271654,1.194124725299375,0.04104732956668566,0.0,0.0,NaClFWater/data/S0_NaClFWater_matrix_BC_s_loss_split0.csv,0,0.3147708311825007,0.18173302411625905,0.1269771228075657,0.07331027603387223,3
NaClFWater,NaCl/NaF/water,"BC S-loss, fixed kappa_D",0.005,298.15,F,NaCl,neutral ion-pair NaCl: mu_Na + mu_Cl,0.0325,0.0,0.0,1.2041073816022347,kJ/mol,0.48573144561338655,0.012479693597811092,1.2041073816022347,0.5267787751800722,0.04104732956668566,0.0,0.0,NaClFWater/data/S0_NaClFWater_matrix_BC_s_loss_split0.csv,0,0.24979214119613125,0.14421755996103938,0.10076501456590259,0.05817670828452042,3
NaClFWater,NaCl/NaF/water,"BC S-loss, fixed kappa_D",0.005,298.15,F,NaCl,neutral ion-pair NaCl: mu_Na + mu_Cl,0.0325,0.0025,0.0025,1.239164320705706,kJ/mol,0.4998732555297505,0.012843033167996508,1.239164320705706,0.5409205850964361,0.04104732956668566,0.0,0.0,NaClFWater/data/S0_NaClFWater_matrix_BC_s_loss_split0.csv,0,0.26889636430565367,0.15524738831598084,0.10847157134820658,0.06262609091730877,3
NaClFWater,NaCl/NaF/water,"BC S-loss, fixed kappa_D",0.005,298.15,F,NaCl,neutral ion-pair NaCl: mu_Na + mu_Cl,0.0325,0.005,0.005,1.294284156512125,kJ/mol,0.5221083467992672,0.013414310009693507,1.294284156512125,0.5631556763659529,0.04104732956668566,0.0,0.0,NaClFWater/data/S0_NaClFWater_matrix_BC_s_loss_split0.csv,0,0.278757982834245,0.16094099642810844,0.11244970344603201,0.06492286655486018,3
NaClFWater,NaCl/NaF/water,"BC S-loss, fixed kappa_D",0.005,298.15,F,NaCl,neutral ion-pair NaCl: mu_Na + mu_Cl,0.0325,0.0075,0.0075,1.3639621899087628,kJ/mol,0.5502161488162363,0.014136471936922135,1.3639621899087628,0.5912634783829219,0.04104732956668566,0.0,0.0,NaClFWater/data/S0_NaClFWater_matrix_BC_s_loss_split0.csv,0,0.2842932691227642,0.16413679545682663,0.11468261277944107,0.06621203735957992,3
NaClFWater,NaCl/NaF/water,"BC S-loss, fixed kappa_D",0.005,298.15,F,NaCl,neutral ion-pair NaCl: mu_Na + mu_Cl,0.0325,0.01,0.01,1.4442521661236012,kJ/mol,0.5826047603395738,0.014968618901093576,1.4442521661236012,0.6236520899062594,0.04104732956668566,0.0,0.0,NaClFWater/data/S0_NaClFWater_matrix_BC_s_loss_split0.csv,0,0.28846965788537576,0.16654803463316095,0.11636734902647539,0.0671847202853187,3
NaClFWater,NaCl/NaF/water,"BC S-loss, fixed kappa_D",0.005,298.15,F,NaCl,neutral ion-pair NaCl: mu_Na + mu_Cl,0.0325,0.0125,0.0125,1.5326901778031388,kJ/mol,0.6182802523402248,0.015885214301988526,1.5326901778031388,0.6593275819069104,0.04104732956668566,0.0,0.0,NaClFWater/data/S0_NaClFWater_matrix_BC_s_loss_split0.csv,0,0.2926104191079993,0.16893870423969262,0.1180377132857896,0.0681491055400785,3
NaClFWater,NaCl/NaF/water,"BC S-loss, fixed kappa_D",0.005,298.15,F,NaCl,neutral ion-pair NaCl: mu_Na + mu_Cl,0.0325,0.015,0.015,1.6281468291634027,kJ/mol,0.6567870316915291,0.01687455277715344,1.6281468291634027,0.6978343612582147,0.04104732956668566,0.0,0.0,NaClFWater/data/S0_NaClFWater_matrix_BC_s_loss_split0.csv,0,0.2968104913294209,0.17136361706734624,0.11973200333247719,0.06912730435461888,3
NaClFWater,NaCl/NaF/water,"BC S-loss, fixed kappa_D",0.005,298.15,F,NaCl,neutral ion-pair NaCl: mu_Na + mu_Cl,0.0325,0.0175,0.0175,1.730616251060199,kJ/mol,0.6981227308073915,0.01793657349719524,1.730616251060199,0.7391700603740772,0.04104732956668566,0.0,0.0,NaClFWater/data/S0_NaClFWater_matrix_BC_s_loss_split0.csv,0,0.30038545936783484,0.17342762582666885,0.12117412919255602,0.06995991610814072,3
NaClFWater,NaCl/NaF/water,"BC S-loss, fixed kappa_D",0.005,298.15,F,NaCl,neutral ion-pair NaCl: mu_Na + mu_Cl,0.0325,0.02,0.02,1.840953164566532,kJ/mol,0.7426321402843401,0.019080135021795286,1.840953164566532,0.7836794698510258,0.04104732956668566,0.0,0.0,NaClFWater/data/S0_NaClFWater_matrix_BC_s_loss_split0.csv,0,0.30229624361059676,0.17453081762359074,0.12194493087243365,0.07040493866550987,3
NaClFWater,NaCl/NaF/water,"BC S-loss, fixed kappa_D",0.005,298.15,F,NaCl,neutral ion-pair NaCl: mu_Na + mu_Cl,0.0325,0.0225,0.0225,1.9605712654198144,kJ/mol,0.7908855385582378,0.020319889274787784,1.9605712654198144,0.8319328681249235,0.04104732956668566,0.0,0.0,NaClFWater/data/S0_NaClFWater_matrix_BC_s_loss_split0.csv,0,0.30153464642293737,0.17409110928228153,0.12163770602804753,0.07022756231890181,3
NaClFWater,NaCl/NaF/water,"BC S-loss, fixed kappa_D",0.005,298.15,F,NaCl,neutral ion-pair NaCl: mu_Na + mu_Cl,0.0325,0.025,0.025,2.091117731234506,kJ/mol,0.8435473895930782,0.02167290804914046,2.091117731234506,0.8845947191597638,0.04104732956668566,0.0,0.0,NaClFWater/data/S0_NaClFWater_matrix_BC_s_loss_split0.csv,0,0.29747817442284635,0.1717491040810688,0.12000134365804646,0.06928280806408992,3
NaClFWater,NaCl/NaF/water,"BC S-loss, fixed kappa_D",0.005,298.15,F,NaCl,neutral ion-pair NaCl: mu_Na + mu_Cl,0.0325,0.0275,0.0275,2.2341395158442072,kJ/mol,0.9012417275351285,0.023155224391530282,2.2341395158442072,0.9422890571018142,0.04104732956668566,0.0,0.0,NaClFWater/data/S0_NaClFWater_matrix_BC_s_loss_split0.csv,0,0.2902182067387273,0.16755755978433468,0.1170727056875515,0.06759195814346569,3
NaClFWater,NaCl/NaF/water,"BC S-loss, fixed kappa_D",0.005,298.15,F,NaCl,neutral ion-pair NaCl: mu_Na + mu_Cl,0.0325,0.03,0.03,2.3907573157480346,kJ/mol,0.964420636259072,0.024778453502676715,2.3907573157480346,1.0054679658257577,0.04104732956668566,0.0,0.0,NaClFWater/data/S0_NaClFWater_matrix_BC_s_loss_split0.csv,0,0.28085121536644664,0.16214952479405154,0.11329410393672443,0.06541038140546529,3
NaClFWater,NaCl/NaF/water,"BC S-loss, fixed kappa_D",0.005,298.15,F,NaCl,neutral ion-pair NaCl: mu_Na + mu_Cl,0.0325,0.0325,0.0325,2.561362598775546,kJ/mol,1.0332420321083076,0.026546652660726977,2.561362598775546,1.0742893616749931,0.04104732956668566,0.0,0.0,NaClFWater/data/S0_NaClFWater_matrix_BC_s_loss_split0.csv,0,0.27171658575032837,0.15687564392623812,0.1096092358623539,0.06328292183079921,3
NaClFWater,NaCl/NaF/water,"BC S-loss, fixed kappa_D",0.005,298.15,F,NaCl,neutral ion-pair NaCl: mu_Na + mu_Cl,0.0325,0.034999999999999996,0.034999999999999996,2.7453519842902225,kJ/mol,1.1074625140761567,0.02845356826605894,2.7453519842902225,1.1485098436428423,0.04104732956668566,0.0,0.0,NaClFWater/data/S0_NaClFWater_matrix_BC_s_loss_split0.csv,0,0.2665793619091344,0.15390966635863743,0.1075369031111815,0.06208645995905934,3
NaClFWater,NaCl/NaF/water,"BC S-loss, fixed kappa_D",0.005,298.15,F,NaCl,neutral ion-pair NaCl: mu_Na + mu_Cl,0.0325,0.0375,0.0375,2.9409115153691285,kJ/mol,1.1863503401835227,0.030480399979978756,2.9409115153691285,1.2273976697502083,0.04104732956668566,0.0,0.0,NaClFWater/data/S0_NaClFWater_matrix_BC_s_loss_split0.csv,0,0.2707957842057026,0.15634401890657823,0.10923778870387953,0.0630684667138643,3
NaClFWater,NaCl/NaF/water,"BC S-loss, fixed kappa_D",0.005,298.15,F,NaCl,neutral ion-pair NaCl: mu_Na + mu_Cl,0.0325,0.04,0.04,3.1448611505096076,kJ/mol,1.2686226961400886,0.032594188994835356,3.1448611505096076,1.3096700257067742,0.04104732956668566,0.0,0.0,NaClFWater/data/S0_NaClFWater_matrix_BC_s_loss_split0.csv,0,0.29151253743793365,0.16830484196194187,0.11759483280946206,0.06789340837785196,3
NaClFWater,NaCl/NaF/water,"BC S-loss, fixed kappa_D",0.005,298.15,F,NaCl,neutral ion-pair NaCl: mu_Na + mu_Cl,0.034999999999999996,0.0,0.0,1.3863816171713814,kJ/mol,0.5592600438877917,0.014368832926606958,1.3863816171713814,0.6003073734544774,0.04104732956668566,0.0,0.0,NaClFWater/data/S0_NaClFWater_matrix_BC_s_loss_split0.csv,0,0.24068674129919604,0.13896055487946465,0.09709193762741457,0.05605605632533016,3
NaClFWater,NaCl/NaF/water,"BC S-loss, fixed kappa_D",0.005,298.15,F,NaCl,neutral ion-pair NaCl: mu_Na + mu_Cl,0.034999999999999996,0.0025,0.0025,1.426790447075456,kJ/mol,0.5755607822311892,0.01478764093621976,1.426790447075456,0.6166081117978749,0.04104732956668566,0.0,0.0,NaClFWater/data/S0_NaClFWater_matrix_BC_s_loss_split0.csv,0,0.25966337251013794,0.1499167180174142,0.10474702441767889,0.06047572274435921,3
NaClFWater,NaCl/NaF/water,"BC S-loss, fixed kappa_D",0.005,298.15,F,NaCl,neutral ion-pair NaCl: mu_Na + mu_Cl,0.034999999999999996,0.005,0.005,1.4870206702746005,kJ/mol,0.5998573805505256,0.015411883210902035,1.4870206702746005,0.6409047101172113,0.04104732956668566,0.0,0.0,NaClFWater/data/S0_NaClFWater_matrix_BC_s_loss_split0.csv,0,0.2707334492529049,0.15630802980480052,0.10921264306720514,0.06305394887376141,3
NaClFWater,NaCl/NaF/water,"BC S-loss, fixed kappa_D",0.005,298.15,F,NaCl,neutral ion-pair NaCl: mu_Na + mu_Cl,0.034999999999999996,0.0075,0.0075,1.5619818439754904,kJ/mol,0.6300963773567403,0.016188801028874877,1.5619818439754904,0.671143706923426,0.04104732956668566,0.0,0.0,NaClFWater/data/S0_NaClFWater_matrix_BC_s_loss_split0.csv,0,0.2782519767082305,0.16064885365504236,0.11224558287436735,0.06480501748786244,3
NaClFWater,NaCl/NaF/water,"BC S-loss, fixed kappa_D",0.005,298.15,F,NaCl,neutral ion-pair NaCl: mu_Na + mu_Cl,0.034999999999999996,0.01,0.01,1.6480530902938304,kJ/mol,0.6648171269665653,0.017080866635353686,1.6480530902938304,0.7058644565332509,0.04104732956668566,0.0,0.0,NaClFWater/data/S0_NaClFWater_matrix_BC_s_loss_split0.csv,0,0.28472779561084893,0.1643876694416924,0.11485789879000759,0.06631323878496567,3
NaClFWater,NaCl/NaF/water,"BC S-loss, fixed kappa_D",0.005,298.15,F,NaCl,neutral ion-pair NaCl: mu_Na + mu_Cl,0.034999999999999996,0.0125,0.0125,1.7429963550646361,kJ/mol,0.7031168085007926,0.018064884233467637,1.7429963550646361,0.7441641380674783,0.04104732956668566,0.0,0.0,NaClFWater/data/S0_NaClFWater_matrix_BC_s_loss_split0.csv,0,0.29116714220084366,0.16810542792883115,0.11745550194048555,0.06781296566314195,3
NaClFWater,NaCl/NaF/water,"BC S-loss, fixed kappa_D",0.005,298.15,F,NaCl,neutral ion-pair NaCl: mu_Na + mu_Cl,0.034999999999999996,0.015,0.015,1.8458016191939985,kJ/mol,0.7445879848470207,0.019130385712969655,1.8458016191939985,0.7856353144137064,0.04104732956668566,0.0,0.0,NaClFWater/data/S0_NaClFWater_matrix_BC_s_loss_split0.csv,0,0.2974819609121276,0.1717512902116746,0.12000287111061463,0.06928368993924132,3
NaClFWater,NaCl/NaF/water,"BC S-loss, fixed kappa_D",0.005,298.15,F,NaCl,neutral ion-pair NaCl: mu_Na + mu_Cl,0.034999999999999996,0.0175,0.0175,1.9564728899125368,kJ/mol,0.7892322725038702,0.020277412605878453,1.9564728899125368,0.8302796020705558,0.04104732956668566,0.0,0.0,NaClFWater/data/S0_NaClFWater_matrix_BC_s_loss_split0.csv,0,0.30289016465348484,0.17487371809757954,0.12218451592203144,0.07054326315838898,3
NaClFWater,NaCl/NaF/water,"BC S-loss, fixed kappa_D",0.005,298.15,F,NaCl,neutral ion-pair NaCl: mu_Na + mu_Cl,0.034999999999999996,0.02,0.02,2.0757662405654216,kJ/mol,0.8373546680227706,0.02151380106022316,2.0757662405654216,0.8784019975894563,0.04104732956668566,0.0,0.0,NaClFWater/data/S0_NaClFWater_matrix_BC_s_loss_split0.csv,0,0.3062792239345989,0.17683039238583034,0.12355164703428706,0.07133257667406727,3
NaClFWater,NaCl/NaF/water,"BC S-loss, fixed kappa_D",0.005,298.15,F,NaCl,neutral ion-pair NaCl: mu_Na + mu_Cl,0.034999999999999996,0.0225,0.0225,2.2048931172019217,kJ/mol,0.8894438632345213,0.022852106829532204,2.2048931172019217,0.930491192801207,0.04104732956668566,0.0,0.0,NaClFWater/data/S0_NaClFWater_matrix_BC_s_loss_split0.csv,0,0.30654377738273947,0.17698313239032937,0.12365836669299078,0.07139419129774768,3
NaClFWater,NaCl/NaF/water,"BC S-loss, fixed kappa_D",0.005,298.15,F,NaCl,neutral ion-pair NaCl: mu_Na + mu_Cl,0.034999999999999996,0.025,0.025,2.3452035106079516,kJ/mol,0.9460444382870605,0.024306321582344026,2.3452035106079516,0.9870917678537462,0.04104732956668566,0.0,0.0,NaClFWater/data/S0_NaClFWater_matrix_BC_s_loss_split0.csv,0,0.30291335826608073,0.17488710893605527,0.1221938721199482,0.07054866496177481,3
NaClFWater,NaCl/NaF/water,"BC S-loss, fixed kappa_D",0.005,298.15,F,NaCl,neutral ion-pair NaCl: mu_Na + mu_Cl,0.034999999999999996,0.0275,0.0275,2.49786433222589,kJ/mol,1.0076271199531581,0.025888539503512224,2.49786433222589,1.0486744495198437,0.04104732956668566,0.0,0.0,NaClFWater/data/S0_NaClFWater_matrix_BC_s_loss_split0.csv,0,0.29526950696462384,0.17047392932951366,0.119110377242797,0.06876840836440673,3
NaClFWater,NaCl/NaF/water,"BC S-loss, fixed kappa_D",0.005,298.15,F,NaCl,neutral ion-pair NaCl: mu_Na + mu_Cl,0.034999999999999996,0.03,0.03,2.6635484199449655,kJ/mol,1.0744633279795837,0.027605734066355584,2.6635484199449655,1.1155106575462692,0.04104732956668566,0.0,0.0,NaClFWater/data/S0_NaClFWater_matrix_BC_s_loss_split0.csv,0,0.2844359120361881,0.16421915038128992,0.11474015428246855,0.06624525896184241,3
NaClFWater,NaCl/NaF/water,"BC S-loss, fixed kappa_D",0.005,298.15,F,NaCl,neutral ion-pair NaCl: mu_Na + mu_Cl,0.034999999999999996,0.0325,0.0325,2.842149024854303,kJ/mol,1.1465100003408162,0.029456798896376316,2.842149024854303,1.1875573299075017,0.04104732956668566,0.0,0.0,NaClFWater/data/S0_NaClFWater_matrix_BC_s_loss_split0.csv,0,0.27242490385920504,0.15728459157706995,0.10989496816848843,0.06344788945466215,3
NaClFWater,NaCl/NaF/water,"BC S-loss, fixed kappa_D",0.005,298.15,F,NaCl,neutral ion-pair NaCl: mu_Na + mu_Cl,0.034999999999999996,0.034999999999999996,0.034999999999999996,3.0325334200699086,kJ/mol,1.2233102001595852,0.031429994106702,3.0325334200699086,1.2643575297262708,0.04104732956668566,0.0,0.0,NaClFWater/data/S0_NaClFWater_matrix_BC_s_loss_split0.csv,0,0.2626458655062639,0.15163866115158373,0.10595014853823058,0.061170346779228266,3
NaClFWater,NaCl/NaF/water,"BC S-loss, fixed kappa_D",0.005,298.15,F,NaCl,neutral ion-pair NaCl: mu_Na + mu_Cl,0.034999999999999996,0.0375,0.0375,3.2323475050195585,kJ/mol,1.303914293963381,0.033500921164204556,3.2323475050195585,1.3449616235300665,0.04104732956668566,0.0,0.0,NaClFWater/data/S0_NaClFWater_matrix_BC_s_loss_split0.csv,0,0.260123072035581,0.15018212566217512,0.10493246511711557,0.060582786982097694,3
NaClFWater,NaCl/NaF/water,"BC S-loss, fixed kappa_D",0.005,298.15,F,NaCl,neutral ion-pair NaCl: mu_Na + mu_Cl,0.034999999999999996,0.04,0.04,3.4378809951184985,kJ/mol,1.3868255698122838,0.03563112567894678,3.4378809951184985,1.4278728993789693,0.04104732956668566,0.0,0.0,NaClFWater/data/S0_NaClFWater_matrix_BC_s_loss_split0.csv,0,0.27176462760920783,0.15690338090639455,0.10962861572989727,0.06329411080254223,3
NaClFWater,NaCl/NaF/water,"BC S-loss, fixed kappa_D",0.005,298.15,F,NaCl,neutral ion-pair NaCl: mu_Na + mu_Cl,0.0375,0.0,0.0,1.572990189012602,kJ/mol,0.6345370937167479,0.01630289448530675,1.572990189012602,0.6755844232834336,0.04104732956668566,0.0,0.0,NaClFWater/data/S0_NaClFWater_matrix_BC_s_loss_split0.csv,0,0.23510298587764653,0.13573677218374403,0.09483947606601152,0.05475559703651482,3
NaClFWater,NaCl/NaF/water,"BC S-loss, fixed kappa_D",0.005,298.15,F,NaCl,neutral ion-pair NaCl: mu_Na + mu_Cl,0.0375,0.0025,0.0025,1.619138842832669,kJ/mol,0.6531532509429461,0.016781191577763366,1.619138842832669,0.6942005805096317,0.04104732956668566,0.0,0.0,NaClFWater/data/S0_NaClFWater_matrix_BC_s_loss_split0.csv,0,0.2530171248688443,0.14607950515261242,0.10206595832337882,0.058927808513099894,3
NaClFWater,NaCl/NaF/water,"BC S-loss, fixed kappa_D",0.005,298.15,F,NaCl,neutral ion-pair NaCl: mu_Na + mu_Cl,0.0375,0.005,0.005,1.6848307580962314,kJ/mol,0.6796530710201416,0.01746204030177978,1.6848307580962314,0.7207004005868273,0.04104732956668566,0.0,0.0,NaClFWater/data/S0_NaClFWater_matrix_BC_s_loss_split0.csv,0,0.26428130682683376,0.15258288363825856,0.10660987813460532,0.06155124183928758,3
NaClFWater,NaCl/NaF/water,"BC S-loss, fixed kappa_D",0.005,298.15,F,NaCl,neutral ion-pair NaCl: mu_Na + mu_Cl,0.0375,0.0075,0.0075,1.7653920223908852,kJ/mol,0.7121511189219947,0.01829699896876491,1.7653920223908852,0.7531984484886803,0.04104732956668566,0.0,0.0,NaClFWater/data/S0_NaClFWater_matrix_BC_s_loss_split0.csv,0,0.2727570416760172,0.1574763514350145,0.11002895105437388,0.06352524450989493,3
NaClFWater,NaCl/NaF/water,"BC S-loss, fixed kappa_D",0.005,298.15,F,NaCl,neutral ion-pair NaCl: mu_Na + mu_Cl,0.0375,0.01,0.01,1.8575280544033386,kJ/mol,0.7493183755191094,0.019251921649583892,1.8575280544033386,0.7903657050857951,0.04104732956668566,0.0,0.0,NaClFWater/data/S0_NaClFWater_matrix_BC_s_loss_split0.csv,0,0.2805835357891279,0.16199497991803002,0.11318612321171703,0.06534803870481498,3
NaClFWater,NaCl/NaF/water,"BC S-loss, fixed kappa_D",0.005,298.15,F,NaCl,neutral ion-pair NaCl: mu_Na + mu_Cl,0.0375,0.0125,0.0125,1.9592267095932079,kJ/mol,0.7903431508481845,0.02030595393563317,1.9592267095932079,0.8313904804148702,0.04104732956668566,0.0,0.0,NaClFWater/data/S0_NaClFWater_matrix_BC_s_loss_split0.csv,0,0.2885330089629514,0.16658461039485273,0.11639290456326735,0.06719947478136483,3
NaClFWater,NaCl/NaF/water,"BC S-loss, fixed kappa_D",0.005,298.15,F,NaCl,neutral ion-pair NaCl: mu_Na + mu_Cl,0.0375,0.015,0.015,2.0695971233443706,kJ/mol,0.834866074171654,0.021449862665804176,2.0695971233443706,0.8759134037383397,0.04104732956668566,0.0,0.0,NaClFWater/data/S0_NaClFWater_matrix_BC_s_loss_split0.csv,0,0.29638995802594,0.17112082205137835,0.11956236210898719,0.06902936194857126,3
NaClFWater,NaCl/NaF/water,"BC S-loss, fixed kappa_D",0.005,298.15,F,NaCl,neutral ion-pair NaCl: mu_Na + mu_Cl,0.0375,0.0175,0.0175,2.1886533080889987,kJ/mol,0.8828927980409759,0.02268379306872248,2.1886533080889987,0.9239401276076615,0.04104732956668566,0.0,0.0,NaClFWater/data/S0_NaClFWater_matrix_BC_s_loss_split0.csv,0,0.3032960836248564,0.1751080755249701,0.1223482617903641,0.07063780187954952,3
NaClFWater,NaCl/NaF/water,"BC S-loss, fixed kappa_D",0.005,298.15,F,NaCl,neutral ion-pair NaCl: mu_Na + mu_Cl,0.0375,0.02,0.02,2.317053825334399,kJ/mol,0.9346889831753326,0.02401457065343493,2.317053825334399,0.9757363127420182,0.04104732956668566,0.0,0.0,NaClFWater/data/S0_NaClFWater_matrix_BC_s_loss_split0.csv,0,0.3080598945897642,0.1778584630679281,0.12426996148423569,0.0717472957151079,3
NaClFWater,NaCl/NaF/water,"BC S-loss, fixed kappa_D",0.005,298.15,F,NaCl,neutral ion-pair NaCl: mu_Na + mu_Cl,0.0375,0.0225,0.0225,2.455810659504847,kJ/mol,0.9906628594924639,0.025452683899402473,2.455810659504847,1.0317101890591496,0.04104732956668566,0.0,0.0,NaClFWater/data/S0_NaClFWater_matrix_BC_s_loss_split0.csv,0,0.30945880897616546,0.17866612666549012,0.12483427719027501,0.07207310353989764,3
NaClFWater,NaCl/NaF/water,"BC S-loss, fixed kappa_D",0.005,298.15,F,NaCl,neutral ion-pair NaCl: mu_Na + mu_Cl,0.0375,0.025,0.025,2.6059816510694955,kJ/mol,1.051241155030219,0.027009096550500544,2.6059816510694955,1.0922884845969045,0.04104732956668566,0.0,0.0,NaClFWater/data/S0_NaClFWater_matrix_BC_s_loss_split0.csv,0,0.3065508179122588,0.1769871972419426,0.12366120681060293,0.07139583104041558,3
NaClFWater,NaCl/NaF/water,"BC S-loss, fixed kappa_D",0.005,298.15,F,NaCl,neutral ion-pair NaCl: mu_Na + mu_Cl,0.0375,0.0275,0.0275,2.7683614764109943,kJ/mol,1.1167444386299124,0.02869204484704824,2.7683614764109943,1.157791768196598,0.04104732956668566,0.0,0.0,NaClFWater/data/S0_NaClFWater_matrix_BC_s_loss_split0.csv,0,0.29898840266633475,0.1726210347639846,0.12061056286816348,0.06963454093904647,3
NaClFWater,NaCl/NaF/water,"BC S-loss, fixed kappa_D",0.005,298.15,F,NaCl,neutral ion-pair NaCl: mu_Na + mu_Cl,0.0375,0.03,0.03,2.9431861054423782,kJ/mol,1.1872678994820858,0.03050397444485498,2.9431861054423782,1.2283152290487713,0.04104732956668566,0.0,0.0,NaClFWater/data/S0_NaClFWater_matrix_BC_s_loss_split0.csv,0,0.28731364387908864,0.1658806096354441,0.11590101822990141,0.0669154840743853,3
NaClFWater,NaCl/NaF/water,"BC S-loss, fixed kappa_D",0.005,298.15,F,NaCl,neutral ion-pair NaCl: mu_Na + mu_Cl,0.0375,0.0325,0.0325,3.1298650209831798,kJ/mol,1.2625733256397726,0.03243876506462584,3.1298650209831798,1.3036206552064582,0.04104732956668566,0.0,0.0,NaClFWater/data/S0_NaClFWater_matrix_BC_s_loss_split0.csv,0,0.2732192731818197,0.15774322091931753,0.11021541314318085,0.06363289844706128,3
NaClFWater,NaCl/NaF/water,"BC S-loss, fixed kappa_D",0.005,298.15,F,NaCl,neutral ion-pair NaCl: mu_Na + mu_Cl,0.0375,0.034999999999999996,0.034999999999999996,3.326754186895918,kJ/mol,1.341997520396516,0.03447937747250762,3.326754186895918,1.3830448499632015,0.04104732956668566,0.0,0.0,NaClFWater/data/S0_NaClFWater_matrix_BC_s_loss_split0.csv,0,0.259788195567029,0.14998878464291132,0.10479737747156419,0.06050479409357441,3
NaClFWater,NaCl/NaF/water,"BC S-loss, fixed kappa_D",0.005,298.15,F,NaCl,neutral ion-pair NaCl: mu_Na + mu_Cl,0.0375,0.0375,0.0375,3.5309809312979628,kJ/mol,1.424381660969861,0.03659603852247529,3.5309809312979628,1.4654289905365465,0.04104732956668566,0.0,0.0,NaClFWater/data/S0_NaClFWater_matrix_BC_s_loss_split0.csv,0,0.2517649228364677,0.14535654597213998,0.10156082571421149,0.05863617006522067,3
NaClFWater,NaCl/NaF/water,"BC S-loss, fixed kappa_D",0.005,298.15,F,NaCl,neutral ion-pair NaCl: mu_Na + mu_Cl,0.0375,0.04,0.04,3.7383296162280377,kJ/mol,1.5080251781644016,0.03874505620592572,3.7383296162280377,1.5490725077310872,0.04104732956668566,0.0,0.0,NaClFWater/data/S0_NaClFWater_matrix_BC_s_loss_split0.csv,0,0.25588361030880274,0.14773447129300057,0.10322228552297448,0.059595414333057734,3
NaClFWater,NaCl/NaF/water,"BC S-loss, fixed kappa_D",0.005,298.15,F,NaCl,neutral ion-pair NaCl: mu_Na + mu_Cl,0.04,0.0,0.0,1.7631888526904342,kJ/mol,0.7112623702772454,0.018274164723891317,1.7631888526904342,0.752309699843931,0.04104732956668566,0.0,0.0,NaClFWater/data/S0_NaClFWater_matrix_BC_s_loss_split0.csv,0,0.23306930915331225,0.13456262837950494,0.0940191001175585,0.05428195276183878,3
NaClFWater,NaCl/NaF/water,"BC S-loss, fixed kappa_D",0.005,298.15,F,NaCl,neutral ion-pair NaCl: mu_Na + mu_Cl,0.04,0.0025,0.0025,1.8157279138022628,kJ/mol,0.7324563887634212,0.01881869372073197,1.8157279138022628,0.7735037183301069,0.04104732956668566,0.0,0.0,NaClFWater/data/S0_NaClFWater_matrix_BC_s_loss_split0.csv,0,0.24909373741305912,0.14381433634887963,0.10048328165374151,0.05801404971184465,3
NaClFWater,NaCl/NaF/water,"BC S-loss, fixed kappa_D",0.005,298.15,F,NaCl,neutral ion-pair NaCl: mu_Na + mu_Cl,0.04,0.005,0.005,1.8874341741690905,kJ/mol,0.7613823683227882,0.0195618767392034,1.8874341741690905,0.8024296978894738,0.04104732956668566,0.0,0.0,NaClFWater/data/S0_NaClFWater_matrix_BC_s_loss_split0.csv,0,0.2595873286957771,0.14987281410072278,0.10471634868855047,0.06045801210388933,3
NaClFWater,NaCl/NaF/water,"BC S-loss, fixed kappa_D",0.005,298.15,F,NaCl,neutral ion-pair NaCl: mu_Na + mu_Cl,0.04,0.0075,0.0075,1.9740556849033537,kJ/mol,0.796325092097293,0.020459645434470985,1.9740556849033537,0.8373724216639786,0.04104732956668566,0.0,0.0,NaClFWater/data/S0_NaClFWater_matrix_BC_s_loss_split0.csv,0,0.26802327837996237,0.15474331192175728,0.10811937245356447,0.062422748790678856,3
NaClFWater,NaCl/NaF/water,"BC S-loss, fixed kappa_D",0.005,298.15,F,NaCl,neutral ion-pair NaCl: mu_Na + mu_Cl,0.04,0.01,0.01,2.072630472714473,kJ/mol,0.8360897135223486,0.02148130111663704,2.072630472714473,0.8771370430890343,0.04104732956668566,0.0,0.0,NaClFWater/data/S0_NaClFWater_matrix_BC_s_loss_split0.csv,0,0.2762679862861554,0.15950339625078766,0.1114452501544439,0.06434294517657337,3
NaClFWater,NaCl/NaF/water,"BC S-loss, fixed kappa_D",0.005,298.15,F,NaCl,neutral ion-pair NaCl: mu_Na + mu_Cl,0.04,0.0125,0.0125,2.18137989325753,kJ/mol,0.8799587355523512,0.02260840943608855,2.18137989325753,0.9210060651190368,0.04104732956668566,0.0,0.0,NaClFWater/data/S0_NaClFWater_matrix_BC_s_loss_split0.csv,0,0.28493286994811035,0.16450606916551413,0.11494062484568847,0.06636100069548202,3
NaClFWater,NaCl/NaF/water,"BC S-loss, fixed kappa_D",0.005,298.15,F,NaCl,neutral ion-pair NaCl: mu_Na + mu_Cl,0.04,0.015,0.015,2.2995415186709094,kJ/mol,0.9276245982528158,0.023833068384874423,2.2995415186709094,0.9686719278195015,0.04104732956668566,0.0,0.0,NaClFWater/data/S0_NaClFWater_matrix_BC_s_loss_split0.csv,0,0.293716731888316,0.16957743422121638,0.11848399483367666,0.06840676631188546,3
NaClFWater,NaCl/NaF/water,"BC S-loss, fixed kappa_D",0.005,298.15,F,NaCl,neutral ion-pair NaCl: mu_Na + mu_Cl,0.04,0.0175,0.0175,2.427150750119179,kJ/mol,0.9791015822926471,0.025155644870210377,2.427150750119179,1.0201489118593328,0.04104732956668566,0.0,0.0,NaClFWater/data/S0_NaClFWater_matrix_BC_s_loss_split0.csv,0,0.301699353939871,0.17418620321152073,0.12170414829185723,0.0702659227777979,3
NaClFWater,NaCl/NaF/water,"BC S-loss, fixed kappa_D",0.005,298.15,F,NaCl,neutral ion-pair NaCl: mu_Na + mu_Cl,0.04,0.02,0.02,2.564782496591601,kJ/mol,1.0346216033454112,0.02658209740388884,2.564782496591601,1.0756689329120968,0.04104732956668566,0.0,0.0,NaClFWater/data/S0_NaClFWater_matrix_BC_s_loss_split0.csv,0,0.3076081664571953,0.17759765770898892,0.12408773640845797,0.07164208801855454,3
NaClFWater,NaCl/NaF/water,"BC S-loss, fixed kappa_D",0.005,298.15,F,NaCl,neutral ion-pair NaCl: mu_Na + mu_Cl,0.04,0.0225,0.0225,2.7132659263837344,kJ/mol,1.0945191441333406,0.028121019709715256,2.7132659263837344,1.1355664737000262,0.04104732956668566,0.0,0.0,NaClFWater/data/S0_NaClFWater_matrix_BC_s_loss_split0.csv,0,0.310096195254952,0.17903412180512532,0.1250913959185044,0.07222155110685458,3
NaClFWater,NaCl/NaF/water,"BC S-loss, fixed kappa_D",0.005,298.15,F,NaCl,neutral ion-pair NaCl: mu_Na + mu_Cl,0.04,0.025,0.025,2.8733863956209547,kJ/mol,1.1591110137483225,0.02978055143034908,2.8733863956209547,1.200158343315008,0.04104732956668566,0.0,0.0,NaClFWater/data/S0_NaClFWater_matrix_BC_s_loss_split0.csv,0,0.308045911119251,0.1778503897074631,0.12426432061577924,0.07174403895818611,3
NaClFWater,NaCl/NaF/water,"BC S-loss, fixed kappa_D",0.005,298.15,F,NaCl,neutral ion-pair NaCl: mu_Na + mu_Cl,0.04,0.0275,0.0275,3.0455891464069156,kJ/mol,1.2285768208315462,0.03156530717501482,3.0455891464069156,1.2696241503982317,0.04104732956668566,0.0,0.0,NaClFWater/data/S0_NaClFWater_matrix_BC_s_loss_split0.csv,0,0.300885356540686,0.17371624159398158,0.121375785440277,0.07007634239704619,3
NaClFWater,NaCl/NaF/water,"BC S-loss, fixed kappa_D",0.005,298.15,F,NaCl,neutral ion-pair NaCl: mu_Na + mu_Cl,0.04,0.03,0.03,3.2296992148629085,kJ/mol,1.3028459857494727,0.033473473570893475,3.2296992148629085,1.3438933153161583,0.04104732956668566,0.0,0.0,NaClFWater/data/S0_NaClFWater_matrix_BC_s_loss_split0.csv,0,0.288892672396152,0.16679226217482873,0.11653799115771232,0.06728324056572343,3
NaClFWater,NaCl/NaF/water,"BC S-loss, fixed kappa_D",0.005,298.15,F,NaCl,neutral ion-pair NaCl: mu_Na + mu_Cl,0.04,0.0325,0.0325,3.4246712369855485,kJ/mol,1.3814968134138443,0.035494216183565186,3.4246712369855485,1.42254414298053,0.04104732956668566,0.0,0.0,NaClFWater/data/S0_NaClFWater_matrix_BC_s_loss_split0.csv,0,0.2734766517648895,0.1578918185135365,0.1103192384939216,0.06369284204126016,3
NaClFWater,NaCl/NaF/water,"BC S-loss, fixed kappa_D",0.005,298.15,F,NaCl,neutral ion-pair NaCl: mu_Na + mu_Cl,0.04,0.034999999999999996,0.034999999999999996,3.6283814805190713,kJ/mol,1.463672599884091,0.03760552407925388,3.6283814805190713,1.5047199294507765,0.04104732956668566,0.0,0.0,NaClFWater/data/S0_NaClFWater_matrix_BC_s_loss_split0.csv,0,0.2574521116985465,0.14864004599259342,0.1038550118554659,0.05996071905144502,3
NaClFWater,NaCl/NaF/water,"BC S-loss, fixed kappa_D",0.005,298.15,F,NaCl,neutral ion-pair NaCl: mu_Na + mu_Cl,0.04,0.0375,0.0375,3.8374725637665303,kJ/mol,1.54801899264145,0.03977260044871401,3.8374725637665303,1.5890663222081356,0.04104732956668566,0.0,0.0,NaClFWater/data/S0_NaClFWater_matrix_BC_s_loss_split0.csv,0,0.24536373402353578,0.14166081788786014,0.09897861523759077,0.05714533015143943,3
NaClFWater,NaCl/NaF/water,"BC S-loss, fixed kappa_D",0.005,298.15,F,NaCl,neutral ion-pair NaCl: mu_Na + mu_Cl,0.04,0.04,0.04,4.0472590137486915,kJ/mol,1.6326458931794596,0.04194688378652245,4.0472590137486915,1.6736932227461452,0.04104732956668566,0.0,0.0,NaClFWater/data/S0_NaClFWater_matrix_BC_s_loss_split0.csv,0,0.2438500623394964,0.14078689913361528,0.09836800695920457,0.05679279529754374,3
NaClFWater,NaCl/NaF/water,"BC S-loss, fixed kappa_D",0.005,298.15,F,NaCl,neutral ion-pair NaCl: mu_Na + mu_Cl,0.0425,0.0,0.0,1.9567489991311036,kJ/mol,0.7893436537078482,0.020280274276274213,1.9567489991311036,0.8303909832745339,0.04104732956668566,0.0,0.0,NaClFWater/data/S0_NaClFWater_matrix_BC_s_loss_split0.csv,0,0.23437994487329025,0.1353193242652438,0.0945478046107494,0.054587200443304305,3
NaClFWater,NaCl/NaF/water,"BC S-loss, fixed kappa_D",0.005,298.15,F,NaCl,neutral ion-pair NaCl: mu_Na + mu_Cl,0.0425,0.0025,0.0025,2.0165145559580036,kJ/mol,0.8134528077243203,0.02089970062337443,2.0165145559580036,0.8545001372910059,0.04104732956668566,0.0,0.0,NaClFWater/data/S0_NaClFWater_matrix_BC_s_loss_split0.csv,0,0.24780293406836673,0.14306909069035062,0.09996257745061156,0.057713420999999404,3
NaClFWater,NaCl/NaF/water,"BC S-loss, fixed kappa_D",0.005,298.15,F,NaCl,neutral ion-pair NaCl: mu_Na + mu_Cl,0.0425,0.005,0.005,2.0949305524922903,kJ/mol,0.8450854643609156,0.021712425156806603,2.0949305524922903,0.8861327939276012,0.04104732956668566,0.0,0.0,NaClFWater/data/S0_NaClFWater_matrix_BC_s_loss_split0.csv,0,0.2566610332293142,0.14818331662543205,0.10353589439607241,0.05977647650036108,3
NaClFWater,NaCl/NaF/water,"BC S-loss, fixed kappa_D",0.005,298.15,F,NaCl,neutral ion-pair NaCl: mu_Na + mu_Cl,0.0425,0.0075,0.0075,2.1881740969480776,kJ/mol,0.8826994864445268,0.022678826395235774,2.1881740969480776,0.9237468160112124,0.04104732956668566,0.0,0.0,NaClFWater/data/S0_NaClFWater_matrix_BC_s_loss_split0.csv,0,0.2641460813994515,0.15250481120135814,0.10655532881173785,0.06151974777304594,3
NaClFWater,NaCl/NaF/water,"BC S-loss, fixed kappa_D",0.005,298.15,F,NaCl,neutral ion-pair NaCl: mu_Na + mu_Cl,0.0425,0.01,0.01,2.293625622079945,kJ/mol,0.9252381524531025,0.023771754437348136,2.293625622079945,0.9662854820197881,0.04104732956668566,0.0,0.0,NaClFWater/data/S0_NaClFWater_matrix_BC_s_loss_split0.csv,0,0.27193872572885286,0.15700389650263702,0.1096988461201646,0.06333465833726837,3
NaClFWater,NaCl/NaF/water,"BC S-loss, fixed kappa_D",0.005,298.15,F,NaCl,neutral ion-pair NaCl: mu_Na + mu_Cl,0.0425,0.0125,0.0125,2.409752823896092,kJ/mol,0.9720833379199815,0.02497532807137759,2.409752823896092,1.0131306674866671,0.04104732956668566,0.0,0.0,NaClFWater/data/S0_NaClFWater_matrix_BC_s_loss_split0.csv,0,0.28054761727804783,0.16197424235598903,0.11317163384758076,0.06533967326653052,3
NaClFWater,NaCl/NaF/water,"BC S-loss, fixed kappa_D",0.005,298.15,F,NaCl,neutral ion-pair NaCl: mu_Na + mu_Cl,0.0425,0.015,0.015,2.5359378982219543,kJ/mol,1.0229858234487854,0.02628314420826428,2.5359378982219543,1.064033153015471,0.04104732956668566,0.0,0.0,NaClFWater/data/S0_NaClFWater_matrix_BC_s_loss_split0.csv,0,0.2896161194632909,0.16720994453378582,0.11682982641685555,0.06745173173114881,3
NaClFWater,NaCl/NaF/water,"BC S-loss, fixed kappa_D",0.005,298.15,F,NaCl,neutral ion-pair NaCl: mu_Na + mu_Cl,0.0425,0.0175,0.0175,2.67225740632419,kJ/mol,1.0779764935065477,0.02769599634962106,2.67225740632419,1.1190238230732332,0.04104732956668566,0.0,0.0,NaClFWater/data/S0_NaClFWater_matrix_BC_s_loss_split0.csv,0,0.2981743365587846,0.17215103347765237,0.12028217229994109,0.06944494455608394,3
NaClFWater,NaCl/NaF/water,"BC S-loss, fixed kappa_D",0.005,298.15,F,NaCl,neutral ion-pair NaCl: mu_Na + mu_Cl,0.0425,0.02,0.02,2.819226118463504,kJ/mol,1.1372630040770384,0.02921921971324082,2.819226118463504,1.178310333643724,0.04104732956668566,0.0,0.0,NaClFWater/data/S0_NaClFWater_matrix_BC_s_loss_split0.csv,0,0.3048746597392033,0.1760194668695246,0.12298505222097517,0.0710054530060802,3
NaClFWater,NaCl/NaF/water,"BC S-loss, fixed kappa_D",0.005,298.15,F,NaCl,neutral ion-pair NaCl: mu_Na + mu_Cl,0.0425,0.0225,0.0225,2.9775176949931654,kJ/mol,1.2011171066852835,0.030859796296681456,2.9775176949931654,1.242164436251969,0.04104732956668566,0.0,0.0,NaClFWater/data/S0_NaClFWater_matrix_BC_s_loss_split0.csv,0,0.3082546286205697,0.17797089281303405,0.12434851630728429,0.07179264936334116,3
NaClFWater,NaCl/NaF/water,"BC S-loss, fixed kappa_D",0.005,298.15,F,NaCl,neutral ion-pair NaCl: mu_Na + mu_Cl,0.0425,0.025,0.025,3.1476760429442305,kJ/mol,1.269758210955799,0.032623363299080665,3.1476760429442305,1.3108055405224845,0.04104732956668566,0.0,0.0,NaClFWater/data/S0_NaClFWater_matrix_BC_s_loss_split0.csv,0,0.3070383224733766,0.1772686581315351,0.1238578639350695,0.07150937108416443,3
NaClFWater,NaCl/NaF/water,"BC S-loss, fixed kappa_D",0.005,298.15,F,NaCl,neutral ion-pair NaCl: mu_Na + mu_Cl,0.0425,0.0275,0.0275,3.329831526662342,kJ/mol,1.3432389052731704,0.034511271851670244,3.329831526662342,1.384286234839856,0.04104732956668566,0.0,0.0,NaClFWater/data/S0_NaClFWater_matrix_BC_s_loss_split0.csv,0,0.3004578351957615,0.17346941203040514,0.12120332527262608,0.06997677247282844,3
NaClFWater,NaCl/NaF/water,"BC S-loss, fixed kappa_D",0.005,298.15,F,NaCl,neutral ion-pair NaCl: mu_Na + mu_Cl,0.0425,0.03,0.03,3.5234359786254763,kJ/mol,1.4213380613501867,0.036517840598435214,3.5234359786254763,1.4623853909168723,0.04104732956668566,0.0,0.0,NaClFWater/data/S0_NaClFWater_matrix_BC_s_loss_split0.csv,0,0.28857013072944515,0.16660604265673065,0.11640787931516915,0.06720812045840638,3
NaClFWater,NaCl/NaF/water,"BC S-loss, fixed kappa_D",0.005,298.15,F,NaCl,neutral ion-pair NaCl: mu_Na + mu_Cl,0.0425,0.0325,0.0325,3.727029594816602,kJ/mol,1.5034668008805292,0.03862793973689804,3.727029594816602,1.5445141304472148,0.04104732956668566,0.0,0.0,NaClFWater/data/S0_NaClFWater_matrix_BC_s_loss_split0.csv,0,0.27256082456997255,0.15736306543602002,0.10994979796551368,0.06347954545273429,3
NaClFWater,NaCl/NaF/water,"BC S-loss, fixed kappa_D",0.005,298.15,F,NaCl,neutral ion-pair NaCl: mu_Na + mu_Cl,0.0425,0.034999999999999996,0.034999999999999996,3.938051387936699,kJ/mol,1.5885920332263046,0.040815026504105845,3.938051387936699,1.6296393627929902,0.04104732956668566,0.0,0.0,NaClFWater/data/S0_NaClFWater_matrix_BC_s_loss_split0.csv,0,0.2550582979660902,0.14725797698976997,0.1028893582745968,0.05940319869658632,3
NaClFWater,NaCl/NaF/water,"BC S-loss, fixed kappa_D",0.005,298.15,F,NaCl,neutral ion-pair NaCl: mu_Na + mu_Cl,0.0425,0.0375,0.0375,4.152702961516507,kJ/mol,1.6751815025138126,0.0430397332947905,4.152702961516507,1.7162288320804981,0.04104732956668566,0.0,0.0,NaClFWater/data/S0_NaClFWater_matrix_BC_s_loss_split0.csv,0,0.240503140086081,0.13885455266964916,0.09701787373242868,0.05601329551562282,3
NaClFWater,NaCl/NaF/water,"BC S-loss, fixed kappa_D",0.005,298.15,F,NaCl,neutral ion-pair NaCl: mu_Na + mu_Cl,0.0425,0.04,0.04,4.365873053404018,kJ/mol,1.761173348819314,0.045249085609725626,4.365873053404018,1.8022206783859995,0.04104732956668566,0.0,0.0,NaClFWater/data/S0_NaClFWater_matrix_BC_s_loss_split0.csv,0,0.23550588679900225,0.1359693871391455,0.09500200446668328,0.054849432852393624,3
NaClFWater,NaCl/NaF/water,"BC S-loss, fixed kappa_D",0.005,298.15,F,NaCl,neutral ion-pair NaCl: mu_Na + mu_Cl,0.045,0.0,0.0,2.1539152128564405,kJ/mol,0.8688796082931366,0.022323758082393397,2.1539152128564405,0.9099269378598223,0.04104732956668566,0.0,0.0,NaClFWater/data/S0_NaClFWater_matrix_BC_s_loss_split0.csv,0,0.23863393176092199,0.13777536473994711,0.09626384358876823,0.05557795600920337,3
NaClFWater,NaCl/NaF/water,"BC S-loss, fixed kappa_D",0.005,298.15,F,NaCl,neutral ion-pair NaCl: mu_Na + mu_Cl,0.045,0.0025,0.0025,2.221855339589735,kJ/mol,0.896286346660115,0.023027907876326026,2.221855339589735,0.9373336762268006,0.04104732956668566,0.0,0.0,NaClFWater/data/S0_NaClFWater_matrix_BC_s_loss_split0.csv,0,0.2488667226619096,0.14368326932119346,0.10039170493480741,0.057961177868516546,3
NaClFWater,NaCl/NaF/water,"BC S-loss, fixed kappa_D",0.005,298.15,F,NaCl,neutral ion-pair NaCl: mu_Na + mu_Cl,0.045,0.005,0.005,2.30776378649519,kJ/mol,0.9309414237266319,0.02391828618578984,2.30776378649519,0.9719887532933176,0.04104732956668566,0.0,0.0,NaClFWater/data/S0_NaClFWater_matrix_BC_s_loss_split0.csv,0,0.2553610961334857,0.14743279759322586,0.10301150567924294,0.05947372053353958,3
NaClFWater,NaCl/NaF/water,"BC S-loss, fixed kappa_D",0.005,298.15,F,NaCl,neutral ion-pair NaCl: mu_Na + mu_Cl,0.045,0.0075,0.0075,2.408253886161417,kJ/mol,0.9714786732498094,0.02495979267649773,2.408253886161417,1.012526002816495,0.04104732956668566,0.0,0.0,NaClFWater/data/S0_NaClFWater_matrix_BC_s_loss_split0.csv,0,0.26110967604585317,0.1507517417530893,0.10533045669118903,0.06081256752452421,3
NaClFWater,NaCl/NaF/water,"BC S-loss, fixed kappa_D",0.005,298.15,F,NaCl,neutral ion-pair NaCl: mu_Na + mu_Cl,0.045,0.01,0.01,2.521059751567914,kJ/mol,1.0169840467030113,0.026128943084358983,2.521059751567914,1.058031376269697,0.04104732956668566,0.0,0.0,NaClFWater/data/S0_NaClFWater_matrix_BC_s_loss_split0.csv,0,0.2676739929834454,0.15454165190405422,0.1079784723119541,0.06234140005599125,3
NaClFWater,NaCl/NaF/water,"BC S-loss, fixed kappa_D",0.005,298.15,F,NaCl,neutral ion-pair NaCl: mu_Na + mu_Cl,0.045,0.0125,0.0125,2.6449111244370895,kJ/mol,1.0669451276698085,0.02741257211005177,2.6449111244370895,1.107992457236494,0.04104732956668566,0.0,0.0,NaClFWater/data/S0_NaClFWater_matrix_BC_s_loss_split0.csv,0,0.27550237756734086,0.15906137185088617,0.1111364070766204,0.06416463454245462,3
NaClFWater,NaCl/NaF/water,"BC S-loss, fixed kappa_D",0.005,298.15,F,NaCl,neutral ion-pair NaCl: mu_Na + mu_Cl,0.045,0.015,0.015,2.7793551992265275,kJ/mol,1.1211792564521867,0.028805986754832705,2.7793551992265275,1.1622265860188723,0.04104732956668566,0.0,0.0,NaClFWater/data/S0_NaClFWater_matrix_BC_s_loss_split0.csv,0,0.2842058228992792,0.16408630835615795,0.11464733737029087,0.06619167109261127,3
NaClFWater,NaCl/NaF/water,"BC S-loss, fixed kappa_D",0.005,298.15,F,NaCl,neutral ion-pair NaCl: mu_Na + mu_Cl,0.045,0.0175,0.0175,2.9245348748839333,kJ/mol,1.1797440778362396,0.030310668061929395,2.9245348748839333,1.2207914074029251,0.04104732956668566,0.0,0.0,NaClFWater/data/S0_NaClFWater_matrix_BC_s_loss_split0.csv,0,0.2927797537254494,0.16903646962666055,0.1181060221009195,0.06818854365288177,3
NaClFWater,NaCl/NaF/water,"BC S-loss, fixed kappa_D",0.005,298.15,F,NaCl,neutral ion-pair NaCl: mu_Na + mu_Cl,0.045,0.02,0.02,3.0809347688746684,kJ/mol,1.2428350843051257,0.031931638737432884,3.0809347688746684,1.2838824138718112,0.04104732956668566,0.0,0.0,NaClFWater/data/S0_NaClFWater_matrix_BC_s_loss_split0.csv,0,0.29981885877203984,0.1731004988201636,0.12094556508715655,0.06982795456036124,3
NaClFWater,NaCl/NaF/water,"BC S-loss, fixed kappa_D",0.005,298.15,F,NaCl,neutral ion-pair NaCl: mu_Na + mu_Cl,0.045,0.0225,0.0225,3.249107697117928,kJ/mol,1.3106752792883496,0.033674628314599886,3.249107697117928,1.3517226088550351,0.04104732956668566,0.0,0.0,NaClFWater/data/S0_NaClFWater_matrix_BC_s_loss_split0.csv,0,0.30377109380691353,0.1753823227814486,0.12253987873909886,0.07074843197648283,3
NaClFWater,NaCl/NaF/water,"BC S-loss, fixed kappa_D",0.005,298.15,F,NaCl,neutral ion-pair NaCl: mu_Na + mu_Cl,0.045,0.025,0.025,3.429395159862484,kJ/mol,1.3834024224343013,0.03554317619409631,3.429395159862484,1.424449752000987,0.04104732956668566,0.0,0.0,NaClFWater/data/S0_NaClFWater_matrix_BC_s_loss_split0.csv,0,0.30323926287172065,0.17507527004785162,0.12232534055677378,0.070624568299166,3
NaClFWater,NaCl/NaF/water,"BC S-loss, fixed kappa_D",0.005,298.15,F,NaCl,neutral ion-pair NaCl: mu_Na + mu_Cl,0.045,0.0275,0.0275,3.621655621615802,kJ/mol,1.4609594189685073,0.03753581546391161,3.621655621615802,1.502006748535193,0.04104732956668566,0.0,0.0,NaClFWater/data/S0_NaClFWater_matrix_BC_s_loss_split0.csv,0,0.2973090438446725,0.17165145649623192,0.11993311715143332,0.06924341747213095,3
NaClFWater,NaCl/NaF/water,"BC S-loss, fixed kappa_D",0.005,298.15,F,NaCl,neutral ion-pair NaCl: mu_Na + mu_Cl,0.045,0.03,0.03,3.8250140079579613,kJ/mol,1.5429932678467901,0.03964347661678858,3.8250140079579613,1.5840405974134757,0.04104732956668566,0.0,0.0,NaClFWater/data/S0_NaClFWater_matrix_BC_s_loss_split0.csv,0,0.28587967877866466,0.1650527094987058,0.11532256322511497,0.06658151292165777,3
NaClFWater,NaCl/NaF/water,"BC S-loss, fixed kappa_D",0.005,298.15,F,NaCl,neutral ion-pair NaCl: mu_Na + mu_Cl,0.045,0.0325,0.0325,4.037644918571252,kJ/mol,1.6287676108766067,0.04184724071160417,4.037644918571252,1.6698149404432923,0.04104732956668566,0.0,0.0,NaClFWater/data/S0_NaClFWater_matrix_BC_s_loss_split0.csv,0,0.2699928770368968,0.1558804602365339,0.10891389960083438,0.0628814692530336,3
NaClFWater,NaCl/NaF/water,"BC S-loss, fixed kappa_D",0.005,298.15,F,NaCl,neutral ion-pair NaCl: mu_Na + mu_Cl,0.045,0.034999999999999996,0.034999999999999996,4.25660058143602,kJ/mol,1.7170933302215232,0.04411655624426203,4.25660058143602,1.7581406597882088,0.04104732956668566,0.0,0.0,NaClFWater/data/S0_NaClFWater_matrix_BC_s_loss_split0.csv,0,0.25218412178022676,0.1455985705951633,0.10172992866305369,0.058733801698255476,3
NaClFWater,NaCl/NaF/water,"BC S-loss, fixed kappa_D",0.005,298.15,F,NaCl,neutral ion-pair NaCl: mu_Na + mu_Cl,0.045,0.0375,0.0375,4.477692636656231,kJ/mol,1.8062808605336855,0.046408013923382896,4.477692636656231,1.847328190100371,0.04104732956668566,0.0,0.0,NaClFWater/data/S0_NaClFWater_matrix_BC_s_loss_split0.csv,0,0.23687818039145853,0.13676168121415733,0.09555558146542484,0.055169040681634245,3
NaClFWater,NaCl/NaF/water,"BC S-loss, fixed kappa_D",0.005,298.15,F,NaCl,neutral ion-pair NaCl: mu_Na + mu_Cl,0.045,0.04,0.04,4.695434504743466,kJ/mol,1.894116940581495,0.048664749359659254,4.695434504743466,1.9351642701481806,0.04104732956668566,0.0,0.0,NaClFWater/data/S0_NaClFWater_matrix_BC_s_loss_split0.csv,0,0.23066974583506658,0.13317723985177826,0.09305112717991122,0.053723093325719846,3
NaClFWater,NaCl/NaF/water,"BC S-loss, fixed kappa_D",0.005,298.15,F,NaCl,neutral ion-pair NaCl: mu_Na + mu_Cl,0.0475,0.0,0.0,2.3553313839118286,kJ/mol,0.9501299763512283,0.024411289592308094,2.3553313839118286,0.991177305917914,0.04104732956668566,0.0,0.0,NaClFWater/data/S0_NaClFWater_matrix_BC_s_loss_split0.csv,0,0.24528180971670552,0.1416135188672585,0.09894556734452452,0.05712624994148148,3
NaClFWater,NaCl/NaF/water,"BC S-loss, fixed kappa_D",0.005,298.15,F,NaCl,neutral ion-pair NaCl: mu_Na + mu_Cl,0.0475,0.0025,0.0025,2.432437316071717,kJ/mol,0.9812341589728432,0.025210436265297176,2.432437316071717,1.0222814885395288,0.04104732956668566,0.0,0.0,NaClFWater/data/S0_NaClFWater_matrix_BC_s_loss_split0.csv,0,0.25186637339469126,0.1454151184792398,0.10160175040835195,0.05865979794839917,3
NaClFWater,NaCl/NaF/water,"BC S-loss, fixed kappa_D",0.005,298.15,F,NaCl,neutral ion-pair NaCl: mu_Na + mu_Cl,0.0475,0.005,0.005,2.5266566129427703,kJ/mol,1.0192417951464179,0.026186950464875736,2.5266566129427703,1.0602891247131034,0.04104732956668566,0.0,0.0,NaClFWater/data/S0_NaClFWater_matrix_BC_s_loss_split0.csv,0,0.2554273007150029,0.14747102082618643,0.103038212306557,0.0594891396120085,3
NaClFWater,NaCl/NaF/water,"BC S-loss, fixed kappa_D",0.005,298.15,F,NaCl,neutral ion-pair NaCl: mu_Na + mu_Cl,0.0475,0.0075,0.0075,2.635044456739564,kJ/mol,1.0629649587601813,0.027310311305427607,2.635044456739564,1.1040122883268668,0.04104732956668566,0.0,0.0,NaClFWater/data/S0_NaClFWater_matrix_BC_s_loss_split0.csv,0,0.2588032144643218,0.14942010553811666,0.10440004057102698,0.06027539152709028,3
NaClFWater,NaCl/NaF/water,"BC S-loss, fixed kappa_D",0.005,298.15,F,NaCl,neutral ion-pair NaCl: mu_Na + mu_Cl,0.0475,0.01,0.01,2.7556993577579725,kJ/mol,1.1116365975089015,0.028560811234910943,2.7556993577579725,1.152683927075587,0.04104732956668566,0.0,0.0,NaClFWater/data/S0_NaClFWater_matrix_BC_s_loss_split0.csv,0,0.2634791187285399,0.1521197401237679,0.10628627910133662,0.06136441185032039,3
NaClFWater,NaCl/NaF/water,"BC S-loss, fixed kappa_D",0.005,298.15,F,NaCl,neutral ion-pair NaCl: mu_Na + mu_Cl,0.0475,0.0125,0.0125,2.8876292633063527,kJ/mol,1.1648565218452025,0.029928168351716522,2.8876292633063527,1.205903851411888,0.04104732956668566,0.0,0.0,NaClFWater/data/S0_NaClFWater_matrix_BC_s_loss_split0.csv,0,0.26987217068264185,0.1558107703904119,0.1088652072060837,0.06285335668581682,3
NaClFWater,NaCl/NaF/water,"BC S-loss, fixed kappa_D",0.005,298.15,F,NaCl,neutral ion-pair NaCl: mu_Na + mu_Cl,0.0475,0.015,0.015,3.0305681972456027,kJ/mol,1.2225174382033115,0.03140962600741659,3.0305681972456027,1.263564767769997,0.04104732956668566,0.0,0.0,NaClFWater/data/S0_NaClFWater_matrix_BC_s_loss_split0.csv,0,0.2775809869670793,0.16026145754736523,0.11197490866213279,0.06464874365856613,3
NaClFWater,NaCl/NaF/water,"BC S-loss, fixed kappa_D",0.005,298.15,F,NaCl,neutral ion-pair NaCl: mu_Na + mu_Cl,0.0475,0.0175,0.0175,3.1847529852550216,kJ/mol,1.2847148809859923,0.03300763872721291,3.1847529852550216,1.3257622105526778,0.04104732956668566,0.0,0.0,NaClFWater/data/S0_NaClFWater_matrix_BC_s_loss_split0.csv,0,0.2855870066967254,0.16488373519341387,0.11520450063732328,0.06651334945481502,3
NaClFWater,NaCl/NaF/water,"BC S-loss, fixed kappa_D",0.005,298.15,F,NaCl,neutral ion-pair NaCl: mu_Na + mu_Cl,0.0475,0.02,0.02,3.350671362144901,kJ/mol,1.3516456001991817,0.03472726152619998,3.350671362144901,1.3926929297658672,0.04104732956668566,0.0,0.0,NaClFWater/data/S0_NaClFWater_matrix_BC_s_loss_split0.csv,0,0.2924564165484806,0.1688497908204986,0.11797558935315194,0.06811323827084703,3
NaClFWater,NaCl/NaF/water,"BC S-loss, fixed kappa_D",0.005,298.15,F,NaCl,neutral ion-pair NaCl: mu_Na + mu_Cl,0.0475,0.0225,0.0225,3.528793996892868,kJ/mol,1.4234994615694763,0.036573372544580714,3.528793996892868,1.4645467911361618,0.04104732956668566,0.0,0.0,NaClFWater/data/S0_NaClFWater_matrix_BC_s_loss_split0.csv,0,0.2965886465872776,0.17123553494575153,0.11964251217168093,0.06907563660884307,3
NaClFWater,NaCl/NaF/water,"BC S-loss, fixed kappa_D",0.005,298.15,F,NaCl,neutral ion-pair NaCl: mu_Na + mu_Cl,0.0475,0.025,0.025,3.7193036804644946,kJ/mol,1.500350202141685,0.03854786627721296,3.7193036804644946,1.5413975317083706,0.04104732956668566,0.0,0.0,NaClFWater/data/S0_NaClFWater_matrix_BC_s_loss_split0.csv,0,0.2965184877562152,0.1711950287257516,0.11961421041807056,0.06905929658377759,3
NaClFWater,NaCl/NaF/water,"BC S-loss, fixed kappa_D",0.005,298.15,F,NaCl,neutral ion-pair NaCl: mu_Na + mu_Cl,0.0475,0.0275,0.0275,3.921835049641768,kJ/mol,1.582050436054073,0.04064695600118285,3.921835049641768,1.6230977656207586,0.04104732956668566,0.0,0.0,NaClFWater/data/S0_NaClFWater_matrix_BC_s_loss_split0.csv,0,0.2912502811109092,0.16815342820093762,0.11748903979897725,0.06783232875477017,3
NaClFWater,NaCl/NaF/water,"BC S-loss, fixed kappa_D",0.005,298.15,F,NaCl,neutral ion-pair NaCl: mu_Na + mu_Cl,0.0475,0.03,0.03,4.135237771226961,kJ/mol,1.6681361241224222,0.042858719353034765,4.135237771226961,1.7091834536891077,0.04104732956668566,0.0,0.0,NaClFWater/data/S0_NaClFWater_matrix_BC_s_loss_split0.csv,0,0.28060234894133773,0.16200584169652266,0.11319371235182109,0.06535242029689697,3
NaClFWater,NaCl/NaF/water,"BC S-loss, fixed kappa_D",0.005,298.15,F,NaCl,neutral ion-pair NaCl: mu_Na + mu_Cl,0.0475,0.0325,0.0325,4.35737510279638,kJ/mol,1.7577453141635455,0.04516101055810395,4.35737510279638,1.798792643730231,0.04104732956668566,0.0,0.0,NaClFWater/data/S0_NaClFWater_matrix_BC_s_loss_split0.csv,0,0.26555953377156843,0.15332086830888655,0.1071255090751462,0.06184894150161136,3
NaClFWater,NaCl/NaF/water,"BC S-loss, fixed kappa_D",0.005,298.15,F,NaCl,neutral ion-pair NaCl: mu_Na + mu_Cl,0.0475,0.034999999999999996,0.034999999999999996,4.584968226857706,kJ/mol,1.849555346101788,0.04751984706774693,4.584968226857706,1.8906026756684735,0.04104732956668566,0.0,0.0,NaClFWater/data/S0_NaClFWater_matrix_BC_s_loss_split0.csv,0,0.2486509959892952,0.14355871946868815,0.10030468177545504,0.05791093502403872,3
NaClFWater,NaCl/NaF/water,"BC S-loss, fixed kappa_D",0.005,298.15,F,NaCl,neutral ion-pair NaCl: mu_Na + mu_Cl,0.0475,0.0375,0.0375,4.813494789950708,kJ/mol,1.9417419231033493,0.04988835799122171,4.813494789950708,1.9827892526700348,0.04104732956668566,0.0,0.0,NaClFWater/data/S0_NaClFWater_matrix_BC_s_loss_split0.csv,0,0.23433029564345614,0.135290659269034,0.09452777633706753,0.05457563711410268,3
NaClFWater,NaCl/NaF/water,"BC S-loss, fixed kappa_D",0.005,298.15,F,NaCl,neutral ion-pair NaCl: mu_Na + mu_Cl,0.0475,0.04,0.04,5.037147752812247,kJ/mol,2.031962511919853,0.05220635760770164,5.037147752812247,2.073009841486539,0.04104732956668566,0.0,0.0,NaClFWater/data/S0_NaClFWater_matrix_BC_s_loss_split0.csv,0,0.22907846019459663,0.13225851065889535,0.0924092097842211,0.05335248214452065,3
NaClFWater,NaCl/NaF/water,"BC S-loss, fixed kappa_D",0.005,298.15,F,NaCl,neutral ion-pair NaCl: mu_Na + mu_Cl,0.05,0.0,0.0,2.5619436296044413,kJ/mol,1.033476417304161,0.026552674620916154,2.5619436296044413,1.0745237468708466,0.04104732956668566,0.0,0.0,NaClFWater/data/S0_NaClFWater_matrix_BC_s_loss_split0.csv,0,0.25367973576126335,0.14646206372971854,0.10233325254611296,0.05908213090454828,3
NaClFWater,NaCl/NaF/water,"BC S-loss, fixed kappa_D",0.005,298.15,F,NaCl,neutral ion-pair NaCl: mu_Na + mu_Cl,0.05,0.0025,0.0025,2.649186567951104,kJ/mol,1.0686698221533997,0.02745688395953039,2.649186567951104,1.1097171517200852,0.04104732956668566,0.0,0.0,NaClFWater/data/S0_NaClFWater_matrix_BC_s_loss_split0.csv,0,0.25629397342260873,0.14797139454722194,0.10338782413816867,0.059690988097101376,3
NaClFWater,NaCl/NaF/water,"BC S-loss, fixed kappa_D",0.005,298.15,F,NaCl,neutral ion-pair NaCl: mu_Na + mu_Cl,0.05,0.005,0.005,2.7525234336542144,kJ/mol,1.1103554441585881,0.028527895101092327,2.7525234336542144,1.1514027737252737,0.04104732956668566,0.0,0.0,NaClFWater/data/S0_NaClFWater_matrix_BC_s_loss_split0.csv,0,0.2565182726596819,0.14810089377212518,0.10347830543106512,0.059743227495911766,3
NaClFWater,NaCl/NaF/water,"BC S-loss, fixed kappa_D",0.005,298.15,F,NaCl,neutral ion-pair NaCl: mu_Na + mu_Cl,0.05,0.0075,0.0075,2.86945375934738,kJ/mol,1.1575246061476205,0.029739792527550442,2.86945375934738,1.198571935714306,0.04104732956668566,0.0,0.0,NaClFWater/data/S0_NaClFWater_matrix_BC_s_loss_split0.csv,0,0.25704630117484584,0.14840575117749488,0.10369130973443084,0.05986620558779852,3
NaClFWater,NaCl/NaF/water,"BC S-loss, fixed kappa_D",0.005,298.15,F,NaCl,neutral ion-pair NaCl: mu_Na + mu_Cl,0.05,0.01,0.01,2.998448627955151,kJ/mol,1.2095605499204989,0.03107673013005297,2.998448627955151,1.2506078794871844,0.04104732956668566,0.0,0.0,NaClFWater/data/S0_NaClFWater_matrix_BC_s_loss_split0.csv,0,0.2593066616553332,0.14971077090936985,0.10460312887994049,0.06039264461691076,3
NaClFWater,NaCl/NaF/water,"BC S-loss, fixed kappa_D",0.005,298.15,F,NaCl,neutral ion-pair NaCl: mu_Na + mu_Cl,0.05,0.0125,0.0125,3.138808460795665,kJ/mol,1.266181068616229,0.032531457286495424,3.138808460795665,1.3072283981829145,0.04104732956668566,0.0,0.0,NaClFWater/data/S0_NaClFWater_matrix_BC_s_loss_split0.csv,0,0.2637041933732535,0.15224968703048106,0.10637707319015136,0.06141683184193841,3
NaClFWater,NaCl/NaF/water,"BC S-loss, fixed kappa_D",0.005,298.15,F,NaCl,neutral ion-pair NaCl: mu_Na + mu_Cl,0.05,0.015,0.015,3.290474740402585,kJ/mol,1.3273625565548266,0.03410336750607712,3.290474740402585,1.3684098861215122,0.04104732956668566,0.0,0.0,NaClFWater/data/S0_NaClFWater_matrix_BC_s_loss_split0.csv,0,0.2698445019198147,0.1557947958227455,0.1088540457529013,0.0628469126178174,3
NaClFWater,NaCl/NaF/water,"BC S-loss, fixed kappa_D",0.005,298.15,F,NaCl,neutral ion-pair NaCl: mu_Na + mu_Cl,0.05,0.0175,0.0175,3.453805306510153,kJ/mol,1.3932493646588642,0.03579616953629739,3.453805306510153,1.4342966942255497,0.04104732956668566,0.0,0.0,NaClFWater/data/S0_NaClFWater_matrix_BC_s_loss_split0.csv,0,0.2767217608158435,0.15976538309765448,0.1116283007375196,0.06444862947998745,3
NaClFWater,NaCl/NaF/water,"BC S-loss, fixed kappa_D",0.005,298.15,F,NaCl,neutral ion-pair NaCl: mu_Na + mu_Cl,0.05,0.02,0.02,3.6293244642579974,kJ/mol,1.464052995238938,0.03761529741700542,3.6293244642579974,1.5051003248056236,0.04104732956668566,0.0,0.0,NaClFWater/data/S0_NaClFWater_matrix_BC_s_loss_split0.csv,0,0.28291254046620273,0.16333963139528304,0.11412563311417322,0.06589046499990438,3
NaClFWater,NaCl/NaF/water,"BC S-loss, fixed kappa_D",0.005,298.15,F,NaCl,neutral ion-pair NaCl: mu_Na + mu_Cl,0.05,0.0225,0.0225,3.8174602593572535,kJ/mol,1.539946119989645,0.039565187529376544,3.8174602593572535,1.5809934495563305,0.04104732956668566,0.0,0.0,NaClFWater/data/S0_NaClFWater_matrix_BC_s_loss_split0.csv,0,0.2868196292668215,0.16559539016606806,0.1157017349803864,0.06680042783663283,3
NaClFWater,NaCl/NaF/water,"BC S-loss, fixed kappa_D",0.005,298.15,F,NaCl,neutral ion-pair NaCl: mu_Na + mu_Cl,0.05,0.025,0.025,4.018281863194593,kJ/mol,1.620956642334016,0.04164655678431473,4.018281863194593,1.6620039719007016,0.04104732956668566,0.0,0.0,NaClFWater/data/S0_NaClFWater_matrix_BC_s_loss_split0.csv,0,0.28697319526248644,0.1656840515350036,0.11576368280514936,0.06683619342993544,3
NaClFWater,NaCl/NaF/water,"BC S-loss, fixed kappa_D",0.005,298.15,F,NaCl,neutral ion-pair NaCl: mu_Na + mu_Cl,0.05,0.0275,0.0275,4.231250033068768,kJ/mol,1.7068670342169823,0.04385381632505415,4.231250033068768,1.7479143637836678,0.04104732956668566,0.0,0.0,NaClFWater/data/S0_NaClFWater_matrix_BC_s_loss_split0.csv,0,0.28236917967999237,0.1630259218990974,0.11390644384234568,0.06576391601481127,3
NaClFWater,NaCl/NaF/water,"BC S-loss, fixed kappa_D",0.005,298.15,F,NaCl,neutral ion-pair NaCl: mu_Na + mu_Cl,0.05,0.03,0.03,4.454993070967809,kJ/mol,1.797123958894264,0.04617274950351202,4.454993070967809,1.8381712884609496,0.04104732956668566,0.0,0.0,NaClFWater/data/S0_NaClFWater_matrix_BC_s_loss_split0.csv,0,0.2728248124570211,0.15751547891367032,0.11005628947944324,0.06354102835696794,3
NaClFWater,NaCl/NaF/water,"BC S-loss, fixed kappa_D",0.005,298.15,F,NaCl,neutral ion-pair NaCl: mu_Na + mu_Cl,0.05,0.0325,0.0325,4.687119642386282,kJ/mol,1.8907627628939059,0.048578571884036144,4.687119642386282,1.9318100924605914,0.04104732956668566,0.0,0.0,NaClFWater/data/S0_NaClFWater_matrix_BC_s_loss_split0.csv,0,0.25934702650659214,0.14973407556711,0.1046194118774983,0.06040204560993398,3
NaClFWater,NaCl/NaF/water,"BC S-loss, fixed kappa_D",0.005,298.15,F,NaCl,neutral ion-pair NaCl: mu_Na + mu_Cl,0.05,0.034999999999999996,0.034999999999999996,4.924078233455145,kJ/mol,1.9863507816611652,0.051034474619200416,4.924078233455145,2.0273981112278507,0.04104732956668566,0.0,0.0,NaClFWater/data/S0_NaClFWater_matrix_BC_s_loss_split0.csv,0,0.24451103005455507,0.14116850902183006,0.09863463833165895,0.05694673499220468,3
NaClFWater,NaCl/NaF/water,"BC S-loss, fixed kappa_D",0.005,298.15,F,NaCl,neutral ion-pair NaCl: mu_Na + mu_Cl,0.05,0.0375,0.0375,5.161071061602501,kJ/mol,2.081952611510297,0.05349073219667844,5.161071061602501,2.1229999410769826,0.04104732956668566,0.0,0.0,NaClFWater/data/S0_NaClFWater_matrix_BC_s_loss_split0.csv,0,0.23275750482002103,0.13438260806374477,0.09389331966651886,0.05420933338457225,3
NaClFWater,NaCl/NaF/water,"BC S-loss, fixed kappa_D",0.005,298.15,F,NaCl,neutral ion-pair NaCl: mu_Na + mu_Cl,0.05,0.04,0.04,5.392027921943031,kJ/mol,2.175119559376906,0.05588443137617105,5.392027921943031,2.216166888943592,0.04104732956668566,0.0,0.0,NaClFWater/data/S0_NaClFWater_matrix_BC_s_loss_split0.csv,0,0.2302160235586286,0.13291528317333945,0.09286809767555906,0.053617421192112484,3
NaClFWater,NaCl/NaF/water,"BC S-loss, fixed kappa_D",0.005,298.15,F,NaCl,neutral ion-pair NaCl: mu_Na + mu_Cl,0.052500000000000005,0.0,0.0,2.774889037753404,kJ/mol,1.1193776272106182,0.028759698252997623,2.774889037753404,1.1604249567773037,0.04104732956668566,0.0,0.0,NaClFWater/data/S0_NaClFWater_matrix_BC_s_loss_split0.csv,0,0.2631467820766369,0.1519278654683301,0.10615221600627915,0.06128701048630057,3
NaClFWater,NaCl/NaF/water,"BC S-loss, fixed kappa_D",0.005,298.15,F,NaCl,neutral ion-pair NaCl: mu_Na + mu_Cl,0.052500000000000005,0.0025,0.0025,2.8731633961182994,kJ/mol,1.1590210567623835,0.029778240203370387,2.8731633961182994,1.200068386329069,0.04104732956668566,0.0,0.0,NaClFWater/data/S0_NaClFWater_matrix_BC_s_loss_split0.csv,0,0.2616043840509756,0.151037361553017,0.10553001965223077,0.060927785253801936,3
NaClFWater,NaCl/NaF/water,"BC S-loss, fixed kappa_D",0.005,298.15,F,NaCl,neutral ion-pair NaCl: mu_Na + mu_Cl,0.052500000000000005,0.005,0.005,2.986370213358537,kJ/mol,1.2046881723631713,0.030951546184155635,2.986370213358537,1.2457355019298568,0.04104732956668566,0.0,0.0,NaClFWater/data/S0_NaClFWater_matrix_BC_s_loss_split0.csv,0,0.25825307379449286,0.14910248167429874,0.10417811632495914,0.06014726350388331,3
NaClFWater,NaCl/NaF/water,"BC S-loss, fixed kappa_D",0.005,298.15,F,NaCl,neutral ion-pair NaCl: mu_Na + mu_Cl,0.052500000000000005,0.0075,0.0075,3.1124512597057064,kJ/mol,1.2555486934781306,0.03225828414701937,3.1124512597057064,1.2965960230448161,0.04104732956668566,0.0,0.0,NaClFWater/data/S0_NaClFWater_matrix_BC_s_loss_split0.csv,0,0.25562264279944574,0.14758380163122356,0.1031170124156796,0.0595346348762226,3
NaClFWater,NaCl/NaF/water,"BC S-loss, fixed kappa_D",0.005,298.15,F,NaCl,neutral ion-pair NaCl: mu_Na + mu_Cl,0.052500000000000005,0.01,0.01,3.250253958718285,kJ/mol,1.3111376760086917,0.033686508478922406,3.250253958718285,1.3521850055753772,0.04104732956668566,0.0,0.0,NaClFWater/data/S0_NaClFWater_matrix_BC_s_loss_split0.csv,0,0.255087367958795,0.1472747605578834,0.1029010849775439,0.059409969111689526,3
NaClFWater,NaCl/NaF/water,"BC S-loss, fixed kappa_D",0.005,298.15,F,NaCl,neutral ion-pair NaCl: mu_Na + mu_Cl,0.052500000000000005,0.0125,0.0125,3.3993813778975674,kJ/mol,1.3712949991887557,0.035232105264412894,3.3993813778975674,1.4123423287554413,0.04104732956668566,0.0,0.0,NaClFWater/data/S0_NaClFWater_matrix_BC_s_loss_split0.csv,0,0.2570508341159276,0.14840836827224865,0.10369313830226304,0.05986726131192866,3
NaClFWater,NaCl/NaF/water,"BC S-loss, fixed kappa_D",0.005,298.15,F,NaCl,neutral ion-pair NaCl: mu_Na + mu_Cl,0.052500000000000005,0.015,0.015,3.5599993872564974,kJ/mol,1.43608757422774,0.03689679362503284,3.5599993872564974,1.4771349037944255,0.04104732956668566,0.0,0.0,NaClFWater/data/S0_NaClFWater_matrix_BC_s_loss_split0.csv,0,0.2611447029159943,0.15077196452599415,0.10534458637142269,0.060820725299210676,3
NaClFWater,NaCl/NaF/water,"BC S-loss, fixed kappa_D",0.005,298.15,F,NaCl,neutral ion-pair NaCl: mu_Na + mu_Cl,0.052500000000000005,0.0175,0.0175,3.7326106915587736,kJ/mol,1.5057181899427536,0.038685783728510614,3.7326106915587736,1.5467655195094392,0.04104732956668566,0.0,0.0,NaClFWater/data/S0_NaClFWater_matrix_BC_s_loss_split0.csv,0,0.2664064361313027,0.15380982761425646,0.10746714563827388,0.06204618546329815,3
NaClFWater,NaCl/NaF/water,"BC S-loss, fixed kappa_D",0.005,298.15,F,NaCl,neutral ion-pair NaCl: mu_Na + mu_Cl,0.052500000000000005,0.02,0.02,3.9178068889250643,kJ/mol,1.5804254943271283,0.04060520705729687,3.9178068889250643,1.6214728238938139,0.04104732956668566,0.0,0.0,NaClFWater/data/S0_NaClFWater_matrix_BC_s_loss_split0.csv,0,0.27146714228865926,0.15673162767649587,0.10950861150352446,0.063224826330142,3
NaClFWater,NaCl/NaF/water,"BC S-loss, fixed kappa_D",0.005,298.15,F,NaCl,neutral ion-pair NaCl: mu_Na + mu_Cl,0.052500000000000005,0.0225,0.0225,4.116010726826212,kJ/mol,1.6603800217894047,0.04265944508017583,4.116010726826212,1.7014273513560902,0.04104732956668566,0.0,0.0,NaClFWater/data/S0_NaClFWater_matrix_BC_s_loss_split0.csv,0,0.2747895970619177,0.158649847834207,0.11084887465999865,0.06399862762431731,3
NaClFWater,NaCl/NaF/water,"BC S-loss, fixed kappa_D",0.005,298.15,F,NaCl,neutral ion-pair NaCl: mu_Na + mu_Cl,0.052500000000000005,0.025,0.025,4.327221183467468,kJ/mol,1.7455813601422252,0.044848487206991194,4.327221183467468,1.7866286897089108,0.04104732956668566,0.0,0.0,NaClFWater/data/S0_NaClFWater_matrix_BC_s_loss_split0.csv,0,0.27496534343050716,0.1587513150474212,0.11091976994639981,0.0640395590370053,3
NaClFWater,NaCl/NaF/water,"BC S-loss, fixed kappa_D",0.005,298.15,F,NaCl,neutral ion-pair NaCl: mu_Na + mu_Cl,0.052500000000000005,0.0275,0.0275,4.550773935063908,kJ/mol,1.835761524189803,0.04716544820689706,4.550773935063908,1.8768088537564886,0.04104732956668566,0.0,0.0,NaClFWater/data/S0_NaClFWater_matrix_BC_s_loss_split0.csv,0,0.2710532328342147,0.15649265694155215,0.10934164231063345,0.06312842662168,3
NaClFWater,NaCl/NaF/water,"BC S-loss, fixed kappa_D",0.005,298.15,F,NaCl,neutral ion-pair NaCl: mu_Na + mu_Cl,0.052500000000000005,0.03,0.03,4.7851291469880985,kJ/mol,1.9302993516412859,0.04959436881858892,4.7851291469880985,1.9713466812079714,0.04104732956668566,0.0,0.0,NaClFWater/data/S0_NaClFWater_matrix_BC_s_loss_split0.csv,0,0.2629389868909962,0.15180789486196414,0.10606839237272718,0.06123861488890489,3
NaClFWater,NaCl/NaF/water,"BC S-loss, fixed kappa_D",0.005,298.15,F,NaCl,neutral ion-pair NaCl: mu_Na + mu_Cl,0.052500000000000005,0.0325,0.0325,5.027697403029422,kJ/mol,2.028150283765039,0.052108411634208096,5.027697403029422,2.069197613331725,0.04104732956668566,0.0,0.0,NaClFWater/data/S0_NaClFWater_matrix_BC_s_loss_split0.csv,0,0.2517019720985606,0.14532020134666365,0.10153543167262263,0.058621508808473534,3
NaClFWater,NaCl/NaF/water,"BC S-loss, fixed kappa_D",0.005,298.15,F,NaCl,neutral ion-pair NaCl: mu_Na + mu_Cl,0.052500000000000005,0.034999999999999996,0.034999999999999996,5.274712970760598,kJ/mol,2.1277952412134526,0.054668547587425564,5.274712970760598,2.1688425707801384,0.04104732956668566,0.0,0.0,NaClFWater/data/S0_NaClFWater_matrix_BC_s_loss_split0.csv,0,0.23995109302092307,0.13853582814797488,0.09679518045514893,0.055884723492038636,3
NaClFWater,NaCl/NaF/water,"BC S-loss, fixed kappa_D",0.005,298.15,F,NaCl,neutral ion-pair NaCl: mu_Na + mu_Cl,0.052500000000000005,0.0375,0.0375,5.521161625985376,kJ/mol,2.2272115087331468,0.05722280790655531,5.521161625985376,2.2682588382998325,0.04104732956668566,0.0,0.0,NaClFWater/data/S0_NaClFWater_matrix_BC_s_loss_split0.csv,0,0.23195973543847007,0.13392201569655507,0.0935715031235031,0.05402353251683242,3
NaClFWater,NaCl/NaF/water,"BC S-loss, fixed kappa_D",0.005,298.15,F,NaCl,neutral ion-pair NaCl: mu_Na + mu_Cl,0.052500000000000005,0.04,0.04,5.760767932166145,kJ/mol,2.3238676037438784,0.05970615227511188,5.760767932166145,2.364914933310564,0.04104732956668566,0.0,0.0,NaClFWater/data/S0_NaClFWater_matrix_BC_s_loss_split0.csv,0,0.2331679810297105,0.13461959661390493,0.09405890390407833,0.05430493348870077,3
NaClFWater,NaCl/NaF/water,"BC S-loss, fixed kappa_D",0.005,298.15,F,NaCl,neutral ion-pair NaCl: mu_Na + mu_Cl,0.055,0.0,0.0,2.9953794400271283,kJ/mol,1.2083224534584092,0.031044920238741728,2.9953794400271283,1.2493697830250947,0.04104732956668566,0.0,0.0,NaClFWater/data/S0_NaClFWater_matrix_BC_s_loss_split0.csv,0,0.27301903282814843,0.15762761209722279,0.11013463709451198,0.06358626237361824,3
NaClFWater,NaCl/NaF/water,"BC S-loss, fixed kappa_D",0.005,298.15,F,NaCl,neutral ion-pair NaCl: mu_Na + mu_Cl,0.055,0.0025,0.0025,3.1054532581410212,kJ/mol,1.2527257314496973,0.03218575497174925,3.1054532581410212,1.293773061016383,0.04104732956668566,0.0,0.0,NaClFWater/data/S0_NaClFWater_matrix_BC_s_loss_split0.csv,0,0.2672630645887922,0.1543044022847835,0.1078127056650352,0.062245694637769966,3
NaClFWater,NaCl/NaF/water,"BC S-loss, fixed kappa_D",0.005,298.15,F,NaCl,neutral ion-pair NaCl: mu_Na + mu_Cl,0.055,0.005,0.005,3.2291905370117084,kJ/mol,1.30264078741601,0.03346820149647556,3.2291905370117084,1.3436881169826955,0.04104732956668566,0.0,0.0,NaClFWater/data/S0_NaClFWater_matrix_BC_s_loss_split0.csv,0,0.26025251028956725,0.1502568568729575,0.10498467992053509,0.06061293321290764,3
NaClFWater,NaCl/NaF/water,"BC S-loss, fixed kappa_D",0.005,298.15,F,NaCl,neutral ion-pair NaCl: mu_Na + mu_Cl,0.055,0.0075,0.0075,3.364967220942684,kJ/mol,1.357412484669977,0.03487542766174556,3.364967220942684,1.3984598142366627,0.04104732956668566,0.0,0.0,NaClFWater/data/S0_NaClFWater_matrix_BC_s_loss_split0.csv,0,0.2543166221879684,0.14682977027961994,0.10259016963628424,0.05923046205571808,3
NaClFWater,NaCl/NaF/water,"BC S-loss, fixed kappa_D",0.005,298.15,F,NaCl,neutral ion-pair NaCl: mu_Na + mu_Cl,0.055,0.01,0.01,3.5120047560567587,kJ/mol,1.4167267581157168,0.036399364325234274,3.5120047560567587,1.4577740876824024,0.04104732956668566,0.0,0.0,NaClFWater/data/S0_NaClFWater_matrix_BC_s_loss_split0.csv,0,0.2507645145260612,0.14477895996482726,0.10115726554819816,0.05840317449473867,3
NaClFWater,NaCl/NaF/water,"BC S-loss, fixed kappa_D",0.005,298.15,F,NaCl,neutral ion-pair NaCl: mu_Na + mu_Cl,0.055,0.0125,0.0125,3.6702129368827165,kJ/mol,1.4805472192760838,0.03803907657311357,3.6702129368827165,1.5215945488427693,0.04104732956668566,0.0,0.0,NaClFWater/data/S0_NaClFWater_matrix_BC_s_loss_split0.csv,0,0.25000332418554083,0.1443394865168233,0.10085020482409887,0.05822589290302238,3
NaClFWater,NaCl/NaF/water,"BC S-loss, fixed kappa_D",0.005,298.15,F,NaCl,neutral ion-pair NaCl: mu_Na + mu_Cl,0.055,0.015,0.015,3.839992991105534,kJ/mol,1.5490357215757986,0.03979872283730401,3.839992991105534,1.5900830511424842,0.04104732956668566,0.0,0.0,NaClFWater/data/S0_NaClFWater_matrix_BC_s_loss_split0.csv,0,0.25170807745942175,0.14532372627840032,0.10153789454744767,0.05862293074991675,3
NaClFWater,NaCl/NaF/water,"BC S-loss, fixed kappa_D",0.005,298.15,F,NaCl,neutral ion-pair NaCl: mu_Na + mu_Cl,0.055,0.0175,0.0175,4.0220106206913435,kJ/mol,1.622460806162684,0.04168520263249321,4.0220106206913435,1.6635081357293695,0.04104732956668566,0.0,0.0,NaClFWater/data/S0_NaClFWater_matrix_BC_s_loss_split0.csv,0,0.2549899310544221,0.1472185053349147,0.10286177937312654,0.05938727601039851,3
NaClFWater,NaCl/NaF/water,"BC S-loss, fixed kappa_D",0.005,298.15,F,NaCl,neutral ion-pair NaCl: mu_Na + mu_Cl,0.055,0.02,0.02,4.216950069130069,kJ/mol,1.7010984937509972,0.043705607642721134,4.216950069130069,1.7421458233176828,0.04104732956668566,0.0,0.0,NaClFWater/data/S0_NaClFWater_matrix_BC_s_loss_split0.csv,0,0.25857811137976267,0.14929014221165102,0.10430923500970765,0.06022296491181865,3
NaClFWater,NaCl/NaF/water,"BC S-loss, fixed kappa_D",0.005,298.15,F,NaCl,neutral ion-pair NaCl: mu_Na + mu_Cl,0.055,0.0225,0.0225,4.42526116930179,kJ/mol,1.7851302448802748,0.04586460005725712,4.42526116930179,1.8261775744469604,0.04104732956668566,0.0,0.0,NaClFWater/data/S0_NaClFWater_matrix_BC_s_loss_split0.csv,0,0.2610496059435151,0.1507170602633342,0.1053062246848974,0.060798577169168734,3
NaClFWater,NaCl/NaF/water,"BC S-loss, fixed kappa_D",0.005,298.15,F,NaCl,neutral ion-pair NaCl: mu_Na + mu_Cl,0.055,0.025,0.025,4.646911688289035,kJ/mol,1.8745430569380928,0.048161845805452685,4.646911688289035,1.9155903865047783,0.04104732956668566,0.0,0.0,NaClFWater/data/S0_NaClFWater_matrix_BC_s_loss_split0.csv,0,0.2611174177538589,0.1507562114302904,0.10533357966101602,0.06081437057199449,3
NaClFWater,NaCl/NaF/water,"BC S-loss, fixed kappa_D",0.005,298.15,F,NaCl,neutral ion-pair NaCl: mu_Na + mu_Cl,0.055,0.0275,0.0275,4.881157122873046,kJ/mol,1.9690366007094353,0.05058962865518879,4.881157122873046,2.010083930276121,0.04104732956668566,0.0,0.0,NaClFWater/data/S0_NaClFWater_matrix_BC_s_loss_split0.csv,0,0.25796202857719236,0.14893444663974395,0.10406071000696926,0.06007947893458729,3
NaClFWater,NaCl/NaF/water,"BC S-loss, fixed kappa_D",0.005,298.15,F,NaCl,neutral ion-pair NaCl: mu_Na + mu_Cl,0.055,0.03,0.03,5.1263394122261845,kJ/mol,2.067942021991572,0.053130764016941605,5.1263394122261845,2.108989351558258,0.04104732956668566,0.0,0.0,NaClFWater/data/S0_NaClFWater_matrix_BC_s_loss_split0.csv,0,0.251581598831081,0.14525070380828106,0.10148687364356355,0.05859347381732496,3
NaClFWater,NaCl/NaF/water,"BC S-loss, fixed kappa_D",0.005,298.15,F,NaCl,neutral ion-pair NaCl: mu_Na + mu_Cl,0.055,0.0325,0.0325,5.37972484842,kJ/mol,2.1701565554296356,0.055756919004579686,5.37972484842,2.2112038849963214,0.04104732956668566,0.0,0.0,NaClFWater/data/S0_NaClFWater_matrix_BC_s_loss_split0.csv,0,0.24312846787684098,0.14037028637635543,0.09807691903229056,0.05662473560458209,3
NaClFWater,NaCl/NaF/water,"BC S-loss, fixed kappa_D",0.005,298.15,F,NaCl,neutral ion-pair NaCl: mu_Na + mu_Cl,0.055,0.034999999999999996,0.034999999999999996,5.6373898345027715,kJ/mol,2.2740974398442795,0.05842742840127357,5.6373898345027715,2.3151447694109653,0.04104732956668566,0.0,0.0,NaClFWater/data/S0_NaClFWater_matrix_BC_s_loss_split0.csv,0,0.2351489028149168,0.13576328233983737,0.0948579987498345,0.054766291113006134,3
NaClFWater,NaCl/NaF/water,"BC S-loss, fixed kappa_D",0.005,298.15,F,NaCl,neutral ion-pair NaCl: mu_Na + mu_Cl,0.055,0.0375,0.0375,5.894161149061334,kJ/mol,2.377677821227392,0.06108867554530661,5.894161149061334,2.418725150794078,0.04104732956668566,0.0,0.0,NaClFWater/data/S0_NaClFWater_matrix_BC_s_loss_split0.csv,0,0.23150219319203072,0.1336578535574077,0.09338693266061282,0.05391697071039827,3
NaClFWater,NaCl/NaF/water,"BC S-loss, fixed kappa_D",0.005,298.15,F,NaCl,neutral ion-pair NaCl: mu_Na + mu_Cl,0.055,0.04,0.04,6.143615079299237,kJ/mol,2.4783064030297615,0.06367408334506308,6.143615079299237,2.5193537325964472,0.04104732956668566,0.0,0.0,NaClFWater/data/S0_NaClFWater_matrix_BC_s_loss_split0.csv,0,0.23661607393911419,0.13661035398333998,0.09544984891370485,0.05510799596443661,3
NaClFWater,NaCl/NaF/water,"BC S-loss, fixed kappa_D",0.005,298.15,F,NaCl,neutral ion-pair NaCl: mu_Na + mu_Cl,0.0575,0.0,0.0,3.2245890650556714,kJ/mol,1.3007845745405593,0.03342051060030827,3.2245890650556714,1.3418319041072448,0.04104732956668566,0.0,0.0,NaClFWater/data/S0_NaClFWater_matrix_BC_s_loss_split0.csv,0,0.2826941902133672,0.16321356681803084,0.11403755161448278,0.06583961112234749,3
NaClFWater,NaCl/NaF/water,"BC S-loss, fixed kappa_D",0.005,298.15,F,NaCl,neutral ion-pair NaCl: mu_Na + mu_Cl,0.0575,0.0025,0.0025,3.3470622112179003,kJ/mol,1.3501896851171928,0.034689855312763036,3.3470622112179003,1.3912370146838784,0.04104732956668566,0.0,0.0,NaClFWater/data/S0_NaClFWater_matrix_BC_s_loss_split0.csv,0,0.27278512515203146,0.15749256543745113,0.11004027980097128,0.0635317851647925,3
NaClFWater,NaCl/NaF/water,"BC S-loss, fixed kappa_D",0.005,298.15,F,NaCl,neutral ion-pair NaCl: mu_Na + mu_Cl,0.0575,0.005,0.005,3.481866569923056,kJ/mol,1.4045691507938438,0.03608700403719922,3.481866569923056,1.4456164803605294,0.04104732956668566,0.0,0.0,NaClFWater/data/S0_NaClFWater_matrix_BC_s_loss_split0.csv,0,0.2621742845395565,0.1513663937535105,0.10575991491938366,0.06106051534817808,3
NaClFWater,NaCl/NaF/water,"BC S-loss, fixed kappa_D",0.005,298.15,F,NaCl,neutral ion-pair NaCl: mu_Na + mu_Cl,0.0575,0.0075,0.0075,3.6277971073248754,kJ/mol,1.4634368663932649,0.03759946747788945,3.6277971073248754,1.5044841959599504,0.04104732956668566,0.0,0.0,NaClFWater/data/S0_NaClFWater_matrix_BC_s_loss_split0.csv,0,0.2529448635631548,0.1460377850683206,0.10203680844105868,0.058910978820695514,3
NaClFWater,NaCl/NaF/water,"BC S-loss, fixed kappa_D",0.005,298.15,F,NaCl,neutral ion-pair NaCl: mu_Na + mu_Cl,0.0575,0.01,0.01,3.7844394403942516,kJ/mol,1.5266256716846986,0.039222950857379146,3.7844394403942516,1.5676730012513842,0.04104732956668566,0.0,0.0,NaClFWater/data/S0_NaClFWater_matrix_BC_s_loss_split0.csv,0,0.24632150592288646,0.1422137877517725,0.0993649760691474,0.05736839568154298,3
NaClFWater,NaCl/NaF/water,"BC S-loss, fixed kappa_D",0.005,298.15,F,NaCl,neutral ion-pair NaCl: mu_Na + mu_Cl,0.0575,0.0125,0.0125,3.9520063689005656,kJ/mol,1.5942214091280342,0.040959659689860935,3.9520063689005656,1.6352687386947198,0.04104732956668566,0.0,0.0,NaClFWater/data/S0_NaClFWater_matrix_BC_s_loss_split0.csv,0,0.24271405406499486,0.14013102445053016,0.09790974638391564,0.05652821843104169,3
NaClFWater,NaCl/NaF/water,"BC S-loss, fixed kappa_D",0.005,298.15,F,NaCl,neutral ion-pair NaCl: mu_Na + mu_Cl,0.0575,0.015,0.015,4.1311375301369395,kJ/mol,1.6664821055004542,0.042816223348722815,4.1311375301369395,1.7075294350671397,0.04104732956668566,0.0,0.0,NaClFWater/data/S0_NaClFWater_matrix_BC_s_loss_split0.csv,0,0.2418539827224865,0.13963446202941068,0.09756279751298409,0.05632790740701432,3
NaClFWater,NaCl/NaF/water,"BC S-loss, fixed kappa_D",0.005,298.15,F,NaCl,neutral ion-pair NaCl: mu_Na + mu_Cl,0.0575,0.0175,0.0175,4.322671887958815,kJ/mol,1.7437461950085307,0.044801337081594284,4.322671887958815,1.7847935245752162,0.04104732956668566,0.0,0.0,NaClFWater/data/S0_NaClFWater_matrix_BC_s_loss_split0.csv,0,0.24295157641877965,0.1402681580454264,0.0980055618220004,0.056583537500012444,3
NaClFWater,NaCl/NaF/water,"BC S-loss, fixed kappa_D",0.005,298.15,F,NaCl,neutral ion-pair NaCl: mu_Na + mu_Cl,0.0575,0.02,0.02,4.527404011734177,kJ/mol,1.8263342033243506,0.04692323601966564,4.527404011734177,1.8673815328910361,0.04104732956668566,0.0,0.0,NaClFWater/data/S0_NaClFWater_matrix_BC_s_loss_split0.csv,0,0.24487070958168897,0.1413761700936428,0.09877973141832364,0.057030504524848084,3
NaClFWater,NaCl/NaF/water,"BC S-loss, fixed kappa_D",0.005,298.15,F,NaCl,neutral ion-pair NaCl: mu_Na + mu_Cl,0.0575,0.0225,0.0225,4.745835868334542,kJ/mol,1.91444862160267,0.04918712268295167,4.745835868334542,1.9554959511693555,0.04104732956668566,0.0,0.0,NaClFWater/data/S0_NaClFWater_matrix_BC_s_loss_split0.csv,0,0.2463467117080574,0.14222834031862608,0.09937514396833656,0.057374266120876934,3
NaClFWater,NaCl/NaF/water,"BC S-loss, fixed kappa_D",0.005,298.15,F,NaCl,neutral ion-pair NaCl: mu_Na + mu_Cl,0.0575,0.025,0.025,4.977936120750167,kJ/mol,2.0080768086361713,0.0515926722862332,4.977936120750167,2.049124138202857,0.04104732956668566,0.0,0.0,NaClFWater/data/S0_NaClFWater_matrix_BC_s_loss_split0.csv,0,0.24625903869067933,0.1421777222784422,0.09933977707156069,0.057353847033502985,3
NaClFWater,NaCl/NaF/water,"BC S-loss, fixed kappa_D",0.005,298.15,F,NaCl,neutral ion-pair NaCl: mu_Na + mu_Cl,0.0575,0.0275,0.0275,5.222918686217807,kJ/mol,2.1069016622105528,0.05413173765577994,5.222918686217807,2.1479489917772385,0.04104732956668566,0.0,0.0,NaClFWater/data/S0_NaClFWater_matrix_BC_s_loss_split0.csv,0,0.243944323504018,0.14084132084232595,0.09840603148459809,0.0568147487675155,3
NaClFWater,NaCl/NaF/water,"BC S-loss, fixed kappa_D",0.005,298.15,F,NaCl,neutral ion-pair NaCl: mu_Na + mu_Cl,0.0575,0.03,0.03,5.479051548004776,kJ/mol,2.2102244946470844,0.056786367703125507,5.479051548004776,2.25127182421377,0.04104732956668566,0.0,0.0,NaClFWater/data/S0_NaClFWater_matrix_BC_s_loss_split0.csv,0,0.2395170160639527,0.13828521370001903,0.09662007578339105,0.055783626762662866,3
NaClFWater,NaCl/NaF/water,"BC S-loss, fixed kappa_D",0.005,298.15,F,NaCl,neutral ion-pair NaCl: mu_Na + mu_Cl,0.0575,0.0325,0.0325,5.743505598079869,kJ/mol,2.316904056622997,0.05952724078974825,5.743505598079869,2.357951386189683,0.04104732956668566,0.0,0.0,NaClFWater/data/S0_NaClFWater_matrix_BC_s_loss_split0.csv,0,0.234140729843493,0.13518121340339612,0.09445130635485348,0.05453148714928647,3
NaClFWater,NaCl/NaF/water,"BC S-loss, fixed kappa_D",0.005,298.15,F,NaCl,neutral ion-pair NaCl: mu_Na + mu_Cl,0.0575,0.034999999999999996,0.034999999999999996,6.012251626311406,kJ/mol,2.425314983082115,0.062312597095342426,6.012251626311406,2.466362312648801,0.04104732956668566,0.0,0.0,NaClFWater/data/S0_NaClFWater_matrix_BC_s_loss_split0.csv,0,0.23013020109718035,0.1328657335521198,0.09283347728463526,0.05359743310009318,3
NaClFWater,NaCl/NaF/water,"BC S-loss, fixed kappa_D",0.005,298.15,F,NaCl,neutral ion-pair NaCl: mu_Na + mu_Cl,0.0575,0.0375,0.0375,6.280011598368827,kJ/mol,2.5333281389617746,0.06508773364885201,6.280011598368827,2.5743754685284603,0.04104732956668566,0.0,0.0,NaClFWater/data/S0_NaClFWater_matrix_BC_s_loss_split0.csv,0,0.23066835433300303,0.1331764364676873,0.09305056585430244,0.053722769244228516,3
NaClFWater,NaCl/NaF/water,"BC S-loss, fixed kappa_D",0.005,298.15,F,NaCl,neutral ion-pair NaCl: mu_Na + mu_Cl,0.0575,0.04,0.04,6.540268079089614,kJ/mol,2.63831442053622,0.0677851019947866,6.540268079089614,2.6793617501029057,0.04104732956668566,0.0,0.0,NaClFWater/data/S0_NaClFWater_matrix_BC_s_loss_split0.csv,0,0.2389908252268443,0.13798141727856938,0.09640781279100144,0.05566107666686773,3
NaClFWater,NaCl/NaF/water,"BC S-loss, fixed kappa_D",0.005,298.15,F,NaCl,neutral ion-pair NaCl: mu_Na + mu_Cl,0.06,0.0,0.0,3.46355404782622,kJ/mol,1.3971819626021336,0.03589720812010456,3.46355404782622,1.4382292921688191,0.04104732956668566,0.0,0.0,NaClFWater/data/S0_NaClFWater_matrix_BC_s_loss_split0.csv,0,0.2916619612028969,0.16839111181286673,0.11765510967718462,0.06792820924365749,3
NaClFWater,NaCl/NaF/water,"BC S-loss, fixed kappa_D",0.005,298.15,F,NaCl,neutral ion-pair NaCl: mu_Na + mu_Cl,0.06,0.0025,0.0025,3.59882476466981,kJ/mol,1.4517495550324415,0.03729919030604379,3.59882476466981,1.492796884599127,0.04104732956668566,0.0,0.0,NaClFWater/data/S0_NaClFWater_matrix_BC_s_loss_split0.csv,0,0.2777615354996099,0.16036569729122357,0.11204774111964393,0.06469079349751593,3
NaClFWater,NaCl/NaF/water,"BC S-loss, fixed kappa_D",0.005,298.15,F,NaCl,neutral ion-pair NaCl: mu_Na + mu_Cl,0.06,0.005,0.005,3.7450828284336892,kJ/mol,1.510749393277858,0.03881504831826988,3.7450828284336892,1.5517967228445435,0.04104732956668566,0.0,0.0,NaClFWater/data/S0_NaClFWater_matrix_BC_s_loss_split0.csv,0,0.26373608521646413,0.15226809979474365,0.10638993821476853,0.06142425946736427,3
NaClFWater,NaCl/NaF/water,"BC S-loss, fixed kappa_D",0.005,298.15,F,NaCl,neutral ion-pair NaCl: mu_Na + mu_Cl,0.06,0.0075,0.0075,3.901519078154051,kJ/mol,1.5738550654828551,0.04043639579435876,3.901519078154051,1.6149023950495407,0.04104732956668566,0.0,0.0,NaClFWater/data/S0_NaClFWater_matrix_BC_s_loss_split0.csv,0,0.25137475920696384,0.14513128489561794,0.1014034354791875,0.05854530077066175,3
NaClFWater,NaCl/NaF/water,"BC S-loss, fixed kappa_D",0.005,298.15,F,NaCl,neutral ion-pair NaCl: mu_Na + mu_Cl,0.06,0.01,0.01,4.068064763164524,kJ/mol,1.6410388379410596,0.042162520183865126,4.068064763164524,1.6820861675077452,0.04104732956668566,0.0,0.0,NaClFWater/data/S0_NaClFWater_matrix_BC_s_loss_split0.csv,0,0.24179305325217185,0.13959928438332295,0.09753821884155614,0.05631371690444907,3
NaClFWater,NaCl/NaF/water,"BC S-loss, fixed kappa_D",0.005,298.15,F,NaCl,neutral ion-pair NaCl: mu_Na + mu_Cl,0.06,0.0125,0.0125,4.245222770074751,kJ/mol,1.7125035728254079,0.043998633539217735,4.245222770074751,1.7535509023920934,0.04104732956668566,0.0,0.0,NaClFWater/data/S0_NaClFWater_matrix_BC_s_loss_split0.csv,0,0.23539693641742845,0.13590648460701554,0.09495805437788687,0.054824058256796114,3
NaClFWater,NaCl/NaF/water,"BC S-loss, fixed kappa_D",0.005,298.15,F,NaCl,neutral ion-pair NaCl: mu_Na + mu_Cl,0.06,0.015,0.015,4.4338646854121375,kJ/mol,1.7886008641800888,0.04595376921821526,4.4338646854121375,1.8296481937467743,0.04104732956668566,0.0,0.0,NaClFWater/data/S0_NaClFWater_matrix_BC_s_loss_split0.csv,0,0.2319805288366259,0.1339340207705777,0.09357989108582267,0.05402837530913558,3
NaClFWater,NaCl/NaF/water,"BC S-loss, fixed kappa_D",0.005,298.15,F,NaCl,neutral ion-pair NaCl: mu_Na + mu_Cl,0.06,0.0175,0.0175,4.6350033634789884,kJ/mol,1.8697392928276853,0.048038424715969086,4.6350033634789884,1.9107866223943708,0.04104732956668566,0.0,0.0,NaClFWater/data/S0_NaClFWater_matrix_BC_s_loss_split0.csv,0,0.23086899733930585,0.13329227776138725,0.09313150433121291,0.053769499095660575,3
NaClFWater,NaCl/NaF/water,"BC S-loss, fixed kappa_D",0.005,298.15,F,NaCl,neutral ion-pair NaCl: mu_Na + mu_Cl,0.06,0.02,0.02,4.8495518098745745,kJ/mol,1.9562871610777446,0.05026206266870759,4.8495518098745745,1.9973344906444301,0.04104732956668566,0.0,0.0,NaClFWater/data/S0_NaClFWater_matrix_BC_s_loss_split0.csv,0,0.2310839977769654,0.13341640832194587,0.09321823453068488,0.05381957279967259,3
NaClFWater,NaCl/NaF/water,"BC S-loss, fixed kappa_D",0.005,298.15,F,NaCl,neutral ion-pair NaCl: mu_Na + mu_Cl,0.06,0.0225,0.0225,5.078079851219996,kJ/mol,2.0484743343996135,0.05263058891318906,5.078079851219996,2.0895216639662992,0.04104732956668566,0.0,0.0,NaClFWater/data/S0_NaClFWater_matrix_BC_s_loss_split0.csv,0,0.2315455536864403,0.13368288775052725,0.09340442408700374,0.05392706939013357,3
NaClFWater,NaCl/NaF/water,"BC S-loss, fixed kappa_D",0.005,298.15,F,NaCl,neutral ion-pair NaCl: mu_Na + mu_Cl,0.06,0.025,0.025,5.320580255425948,kJ/mol,2.1462978954013336,0.05514392849408978,5.320580255425948,2.1873452249680194,0.04104732956668566,0.0,0.0,NaClFWater/data/S0_NaClFWater_matrix_BC_s_loss_split0.csv,0,0.2313205157457066,0.13355296203486677,0.09331364480440768,0.0538746579468899,3
NaClFWater,NaCl/NaF/water,"BC S-loss, fixed kappa_D",0.005,298.15,F,NaCl,neutral ion-pair NaCl: mu_Na + mu_Cl,0.06,0.0275,0.0275,5.576255644527115,kJ/mol,2.2494361854354197,0.05779381717115939,5.576255644527115,2.2904835150021055,0.04104732956668566,0.0,0.0,NaClFWater/data/S0_NaClFWater_matrix_BC_s_loss_split0.csv,0,0.22990218585544012,0.13273408889092173,0.0927414969723437,0.0535443282420315,3
NaClFWater,NaCl/NaF/water,"BC S-loss, fixed kappa_D",0.005,298.15,F,NaCl,neutral ion-pair NaCl: mu_Na + mu_Cl,0.06,0.03,0.03,5.843336730962997,kJ/mol,2.3571754819405792,0.060561917571021695,5.843336730962997,2.398222811507265,0.04104732956668566,0.0,0.0,NaClFWater/data/S0_NaClFWater_matrix_BC_s_loss_split0.csv,0,0.22747797810384546,0.131334471892967,0.09176358258228132,0.052979729105684575,3
NaClFWater,NaCl/NaF/water,"BC S-loss, fixed kappa_D",0.005,298.15,F,NaCl,neutral ion-pair NaCl: mu_Na + mu_Cl,0.06,0.0325,0.0325,6.118941164649616,kJ/mol,2.4683530579919175,0.06341835624016312,6.118941164649616,2.5094003875586033,0.04104732956668566,0.0,0.0,NaClFWater/data/S0_NaClFWater_matrix_BC_s_loss_split0.csv,0,0.22510750542255026,0.12996587885231453,0.09080734467537593,0.052427644892723425,3
NaClFWater,NaCl/NaF/water,"BC S-loss, fixed kappa_D",0.005,298.15,F,NaCl,neutral ion-pair NaCl: mu_Na + mu_Cl,0.06,0.034999999999999996,0.034999999999999996,6.398980608232462,kJ/mol,2.581319696880274,0.06632076054779645,6.398980608232462,2.62236702644696,0.04104732956668566,0.0,0.0,NaClFWater/data/S0_NaClFWater_matrix_BC_s_loss_split0.csv,0,0.2246830274124355,0.1297208063589097,0.09063611217515664,0.05232878376262781,3
NaClFWater,NaCl/NaF/water,"BC S-loss, fixed kappa_D",0.005,298.15,F,NaCl,neutral ion-pair NaCl: mu_Na + mu_Cl,0.06,0.0375,0.0375,6.678121682505501,kJ/mol,2.693923937671738,0.0692138539136522,6.678121682505501,2.7349712672384237,0.04104732956668566,0.0,0.0,NaClFWater/data/S0_NaClFWater_matrix_BC_s_loss_split0.csv,0,0.22853223059592268,0.1319431448530616,0.09218886324648311,0.053225265011642625,3
NaClFWater,NaCl/NaF/water,"BC S-loss, fixed kappa_D",0.005,298.15,F,NaCl,neutral ion-pair NaCl: mu_Na + mu_Cl,0.06,0.04,0.04,6.94980418540468,kJ/mol,2.8035194246668294,0.07202964463454009,6.94980418540468,2.844566754233515,0.04104732956668566,0.0,0.0,NaClFWater/data/S0_NaClFWater_matrix_BC_s_loss_split0.csv,0,0.23872032546848998,0.13782524417026779,0.09629869441778087,0.0555980771447153,3
NaClFWater,NaCl/NaF/water,"BC S-loss, fixed kappa_D",0.005,298.15,F,NaCl,neutral ion-pair NaCl: mu_Na + mu_Cl,0.0625,0.0,0.0,3.7130904775145672,kJ/mol,1.4978438243078893,0.038483470966411915,3.7130904775145672,1.5388911538745749,0.04104732956668566,0.0,0.0,NaClFWater/data/S0_NaClFWater_matrix_BC_s_loss_split0.csv,0,0.29951771426340545,0.17292663295703856,0.12082408476093935,0.0697578178613185,3
NaClFWater,NaCl/NaF/water,"BC S-loss, fixed kappa_D",0.005,298.15,F,NaCl,neutral ion-pair NaCl: mu_Na + mu_Cl,0.0625,0.0025,0.0025,3.8613307439266054,kJ/mol,1.5576432740933563,0.040019873061396545,3.8613307439266054,1.598690603660042,0.04104732956668566,0.0,0.0,NaClFWater/data/S0_NaClFWater_matrix_BC_s_loss_split0.csv,0,0.2818699260936128,0.16273767770660727,0.11370504721448249,0.06564763961750057,3
NaClFWater,NaCl/NaF/water,"BC S-loss, fixed kappa_D",0.005,298.15,F,NaCl,neutral ion-pair NaCl: mu_Na + mu_Cl,0.0625,0.005,0.005,4.019259350939877,kJ/mol,1.6213509564482227,0.04165668773089237,4.019259350939877,1.6623982860149082,0.04104732956668566,0.0,0.0,NaClFWater/data/S0_NaClFWater_matrix_BC_s_loss_split0.csv,0,0.264722691838106,0.15283771739333285,0.10678793084225681,0.06165404061798011,3
NaClFWater,NaCl/NaF/water,"BC S-loss, fixed kappa_D",0.005,298.15,F,NaCl,neutral ion-pair NaCl: mu_Na + mu_Cl,0.0625,0.0075,0.0075,4.186431236881657,kJ/mol,1.6887873355163154,0.04338930223570969,4.186431236881657,1.729834665083001,0.04104732956668566,0.0,0.0,NaClFWater/data/S0_NaClFWater_matrix_BC_s_loss_split0.csv,0,0.2495247389043933,0.14406317517592257,0.10065714569663833,0.05811443016381353,3
NaClFWater,NaCl/NaF/water,"BC S-loss, fixed kappa_D",0.005,298.15,F,NaCl,neutral ion-pair NaCl: mu_Na + mu_Cl,0.0625,0.01,0.01,4.363095219533923,kJ/mol,1.7600527832601198,0.04522029539043615,4.363095219533923,1.8011001128268054,0.04104732956668566,0.0,0.0,NaClFWater/data/S0_NaClFWater_matrix_BC_s_loss_split0.csv,0,0.23725409790015137,0.13697871728899422,0.09570722488005598,0.05525659204789237,3
NaClFWater,NaCl/NaF/water,"BC S-loss, fixed kappa_D",0.005,298.15,F,NaCl,neutral ion-pair NaCl: mu_Na + mu_Cl,0.0625,0.0125,0.0125,4.550021130865212,kJ/mol,1.835457846397205,0.04715764594118355,4.550021130865212,1.8765051759638907,0.04104732956668566,0.0,0.0,NaClFWater/data/S0_NaClFWater_matrix_BC_s_loss_split0.csv,0,0.22830004224594136,0.13180909084669717,0.09209519952129201,0.05317118823469024,3
NaClFWater,NaCl/NaF/water,"BC S-loss, fixed kappa_D",0.005,298.15,F,NaCl,neutral ion-pair NaCl: mu_Na + mu_Cl,0.0625,0.015,0.015,4.7482953364553895,kJ/mol,1.9154407598654468,0.04921261327376669,4.7482953364553895,1.9564880894321324,0.04104732956668566,0.0,0.0,NaClFWater/data/S0_NaClFWater_matrix_BC_s_loss_split0.csv,0,0.22251643071271818,0.12846992117110256,0.08976211691269577,0.05182418236257556,3
NaClFWater,NaCl/NaF/water,"BC S-loss, fixed kappa_D",0.005,298.15,F,NaCl,neutral ion-pair NaCl: mu_Na + mu_Cl,0.0625,0.0175,0.0175,4.95909423146582,kJ/mol,2.000476076126754,0.05139738986486008,4.95909423146582,2.04152340569344,0.04104732956668566,0.0,0.0,NaClFWater/data/S0_NaClFWater_matrix_BC_s_loss_split0.csv,0,0.219345681110597,0.126639288034785,0.08848305093282677,0.051085713274786906,3
NaClFWater,NaCl/NaF/water,"BC S-loss, fixed kappa_D",0.005,298.15,F,NaCl,neutral ion-pair NaCl: mu_Na + mu_Cl,0.0625,0.02,0.02,5.183446338506234,kJ/mol,2.090978696527721,0.053722635600138346,5.183446338506234,2.132026026094407,0.04104732956668566,0.0,0.0,NaClFWater/data/S0_NaClFWater_matrix_BC_s_loss_split0.csv,0,0.21797178073007217,0.12584606628024925,0.08792882576308057,0.05076573122384227,3
NaClFWater,NaCl/NaF/water,"BC S-loss, fixed kappa_D",0.005,298.15,F,NaCl,neutral ion-pair NaCl: mu_Na + mu_Cl,0.0625,0.0225,0.0225,5.421994213355645,kJ/mol,2.1872078251494758,0.056195010100964275,5.421994213355645,2.2282551547161615,0.04104732956668566,0.0,0.0,NaClFWater/data/S0_NaClFWater_matrix_BC_s_loss_split0.csv,0,0.21750165216557088,0.12557463742698072,0.08773917803668302,0.050656238057955445,3
NaClFWater,NaCl/NaF/water,"BC S-loss, fixed kappa_D",0.005,298.15,F,NaCl,neutral ion-pair NaCl: mu_Na + mu_Cl,0.0625,0.025,0.025,5.674767461242286,kJ/mol,2.289175404606545,0.05881482020390649,5.674767461242286,2.3302227341732307,0.04104732956668566,0.0,0.0,NaClFWater/data/S0_NaClFWater_matrix_BC_s_loss_split0.csv,0,0.21718002085733662,0.12538894350459184,0.08760943342861044,0.05058132997355884,3
NaClFWater,NaCl/NaF/water,"BC S-loss, fixed kappa_D",0.005,298.15,F,NaCl,neutral ion-pair NaCl: mu_Na + mu_Cl,0.0625,0.0275,0.0275,5.94097779602635,kJ/mol,2.3965634438525347,0.061573895898845876,5.94097779602635,2.4376107734192205,0.04104732956668566,0.0,0.0,NaClFWater/data/S0_NaClFWater_matrix_BC_s_loss_split0.csv,0,0.21662014962155474,0.12506570169590164,0.08738358391645842,0.05045093569692153,3
NaClFWater,NaCl/NaF/water,"BC S-loss, fixed kappa_D",0.005,298.15,F,NaCl,neutral ion-pair NaCl: mu_Na + mu_Cl,0.0625,0.03,0.03,6.218846217020335,kJ/mol,2.5086543020948633,0.0644537991429388,6.218846217020335,2.549701631661549,0.04104732956668566,0.0,0.0,NaClFWater/data/S0_NaClFWater_matrix_BC_s_loss_split0.csv,0,0.21600021442615125,0.12470778194395532,0.08713350487595853,0.05030655249557023,3
NaClFWater,NaCl/NaF/water,"BC S-loss, fixed kappa_D",0.005,298.15,F,NaCl,neutral ion-pair NaCl: mu_Na + mu_Cl,0.0625,0.0325,0.0325,6.50547110478845,kJ/mol,2.6242774792396837,0.06742445676991338,6.50547110478845,2.6653248088063695,0.04104732956668566,0.0,0.0,NaClFWater/data/S0_NaClFWater_matrix_BC_s_loss_split0.csv,0,0.21614220138406723,0.12478975815232952,0.087190781769515,0.050339621325483405,3
NaClFWater,NaCl/NaF/water,"BC S-loss, fixed kappa_D",0.005,298.15,F,NaCl,neutral ion-pair NaCl: mu_Na + mu_Cl,0.0625,0.034999999999999996,0.034999999999999996,6.796744381457114,kJ/mol,2.741775795342155,0.07044329155291962,6.796744381457114,2.7828231249088407,0.04104732956668566,0.0,0.0,NaClFWater/data/S0_NaClFWater_matrix_BC_s_loss_split0.csv,0,0.21837328763178743,0.12607787639803605,0.08809079182256475,0.05085924237188505,3
NaClFWater,NaCl/NaF/water,"BC S-loss, fixed kappa_D",0.005,298.15,F,NaCl,neutral ion-pair NaCl: mu_Na + mu_Cl,0.0625,0.0375,0.0375,7.087320905619244,kJ/mol,2.8589930446499157,0.07345490500506457,7.087320905619244,2.9000403742166014,0.04104732956668566,0.0,0.0,NaClFWater/data/S0_NaClFWater_matrix_BC_s_loss_split0.csv,0,0.2241326351537139,0.1294030372401769,0.09041408643927323,0.052200597144248496,3
NaClFWater,NaCl/NaF/water,"BC S-loss, fixed kappa_D",0.005,298.15,F,NaCl,neutral ion-pair NaCl: mu_Na + mu_Cl,0.0625,0.04,0.04,7.37064410049143,kJ/mol,2.9732843338852235,0.07639134299654415,7.37064410049143,3.0143316634519093,0.04104732956668566,0.0,0.0,NaClFWater/data/S0_NaClFWater_matrix_BC_s_loss_split0.csv,0,0.2345064848523664,0.13539238215622665,0.09459885026324157,0.05461667166451162,3
NaClFWater,NaCl/NaF/water,"BC S-loss, fixed kappa_D",0.005,298.15,F,NaCl,neutral ion-pair NaCl: mu_Na + mu_Cl,0.065,0.0,0.0,3.973736033432778,kJ/mol,1.6029870570488043,0.04118487179260911,3.973736033432778,1.6440343866154898,0.04104732956668566,0.0,0.0,NaClFWater/data/S0_NaClFWater_matrix_BC_s_loss_split0.csv,0,0.30595951007363353,0.17664580550213835,0.12342267591572893,0.07125811516405005,3
NaClFWater,NaCl/NaF/water,"BC S-loss, fixed kappa_D",0.005,298.15,F,NaCl,neutral ion-pair NaCl: mu_Na + mu_Cl,0.065,0.0025,0.0025,4.134876113671248,kJ/mol,1.6679902331080179,0.042854971036604184,4.134876113671248,1.7090375626747034,0.04104732956668566,0.0,0.0,NaClFWater/data/S0_NaClFWater_matrix_BC_s_loss_split0.csv,0,0.2848699202518336,0.16446972514142336,0.11491523122428839,0.066346339681331,3
NaClFWater,NaCl/NaF/water,"BC S-loss, fixed kappa_D",0.005,298.15,F,NaCl,neutral ion-pair NaCl: mu_Na + mu_Cl,0.065,0.005,0.005,4.304509218294507,kJ/mol,1.7364194566070907,0.04461309427551896,4.304509218294507,1.7774667861737763,0.04104732956668566,0.0,0.0,NaClFWater/data/S0_NaClFWater_matrix_BC_s_loss_split0.csv,0,0.2649767616053711,0.1529844046418563,0.1068904214317388,0.06171321358740694,3
NaClFWater,NaCl/NaF/water,"BC S-loss, fixed kappa_D",0.005,298.15,F,NaCl,neutral ion-pair NaCl: mu_Na + mu_Cl,0.065,0.0075,0.0075,4.482513637877196,kJ/mol,1.8082256305169468,0.04645798008004931,4.482513637877196,1.8492729600836324,0.04104732956668566,0.0,0.0,NaClFWater/data/S0_NaClFWater_matrix_BC_s_loss_split0.csv,0,0.2473461357560915,0.14280535806179315,0.09977830708738207,0.05760703245618519,3
NaClFWater,NaCl/NaF/water,"BC S-loss, fixed kappa_D",0.005,298.15,F,NaCl,neutral ion-pair NaCl: mu_Na + mu_Cl,0.065,0.01,0.01,4.669417675405491,kJ/mol,1.8836218698613105,0.04839510392480407,4.669417675405491,1.924669199427996,0.04104732956668566,0.0,0.0,NaClFWater/data/S0_NaClFWater_matrix_BC_s_loss_split0.csv,0,0.2327873411215675,0.13439983406047423,0.09390535549497002,0.054216282273368444,3
NaClFWater,NaCl/NaF/water,"BC S-loss, fixed kappa_D",0.005,298.15,F,NaCl,neutral ion-pair NaCl: mu_Na + mu_Cl,0.065,0.0125,0.0125,4.866224105209185,kJ/mol,1.963012689247664,0.05043485883334142,4.866224105209185,2.0040600188143496,0.04104732956668566,0.0,0.0,NaClFWater/data/S0_NaClFWater_matrix_BC_s_loss_split0.csv,0,0.2216531925749201,0.12797153039987008,0.08941389057093592,0.0516231337904216,3
NaClFWater,NaCl/NaF/water,"BC S-loss, fixed kappa_D",0.005,298.15,F,NaCl,neutral ion-pair NaCl: mu_Na + mu_Cl,0.065,0.015,0.015,5.074205419562704,kJ/mol,2.0469114062766063,0.0525904332587288,5.074205419562704,2.087958735843292,0.04104732956668566,0.0,0.0,NaClFWater/data/S0_NaClFWater_matrix_BC_s_loss_split0.csv,0,0.2138438830534816,0.12346282344548246,0.08626365059977695,0.04980434189506105,3
NaClFWater,NaCl/NaF/water,"BC S-loss, fixed kappa_D",0.005,298.15,F,NaCl,neutral ion-pair NaCl: mu_Na + mu_Cl,0.065,0.0175,0.0175,5.294679334525717,kJ/mol,2.1358495816181837,0.05487548436553879,5.294679334525717,2.1768969111848695,0.04104732956668566,0.0,0.0,NaClFWater/data/S0_NaClFWater_matrix_BC_s_loss_split0.csv,0,0.2089062517826454,0.12061208070210606,0.0842718325844289,0.0486543652277231,3
NaClFWater,NaCl/NaF/water,"BC S-loss, fixed kappa_D",0.005,298.15,F,NaCl,neutral ion-pair NaCl: mu_Na + mu_Cl,0.065,0.02,0.02,5.528774957449389,kJ/mol,2.2302826920465724,0.05730171452682953,5.528774957449389,2.271330021613258,0.04104732956668566,0.0,0.0,NaClFWater/data/S0_NaClFWater_matrix_BC_s_loss_split0.csv,0,0.20617019026604924,0.1190324148489799,0.08316811780279931,0.04801713520144069,3
NaClFWater,NaCl/NaF/water,"BC S-loss, fixed kappa_D",0.005,298.15,F,NaCl,neutral ion-pair NaCl: mu_Na + mu_Cl,0.065,0.0225,0.0225,5.777200520564729,kJ/mol,2.3304964352251645,0.0598764640524223,5.777200520564729,2.3715437647918503,0.04104732956668566,0.0,0.0,NaClFWater/data/S0_NaClFWater_matrix_BC_s_loss_split0.csv,0,0.2049051730930939,0.11830205684364463,0.0826578156241618,0.04772251210123627,3
NaClFWater,NaCl/NaF/water,"BC S-loss, fixed kappa_D",0.005,298.15,F,NaCl,neutral ion-pair NaCl: mu_Na + mu_Cl,0.065,0.025,0.025,6.0400236114611925,kJ/mol,2.436518075680392,0.06260043343831967,6.0400236114611925,2.477565405247078,0.04104732956668566,0.0,0.0,NaClFWater/data/S0_NaClFWater_matrix_BC_s_loss_split0.csv,0,0.20449400453364297,0.11806466856516333,0.08249195209585491,0.047626750748519554,3
NaClFWater,NaCl/NaF/water,"BC S-loss, fixed kappa_D",0.005,298.15,F,NaCl,neutral ion-pair NaCl: mu_Na + mu_Cl,0.065,0.0275,0.0275,6.316474401471945,kJ/mol,2.548037068026578,0.06546564397262954,6.316474401471945,2.589084397593264,0.04104732956668566,0.0,0.0,NaClFWater/data/S0_NaClFWater_matrix_BC_s_loss_split0.csv,0,0.2046045871065664,0.11812851344340836,0.08253656060322422,0.047652505482257364,3
NaClFWater,NaCl/NaF/water,"BC S-loss, fixed kappa_D",0.005,298.15,F,NaCl,neutral ion-pair NaCl: mu_Na + mu_Cl,0.065,0.03,0.03,6.604781494827948,kJ/mol,2.664338839260687,0.06845373643193398,6.604781494827948,2.705386168827373,0.04104732956668566,0.0,0.0,NaClFWater/data/S0_NaClFWater_matrix_BC_s_loss_split0.csv,0,0.20531099837083316,0.11853636017699135,0.08282152369690889,0.047817029001105314,3
NaClFWater,NaCl/NaF/water,"BC S-loss, fixed kappa_D",0.005,298.15,F,NaCl,neutral ion-pair NaCl: mu_Na + mu_Cl,0.065,0.0325,0.0325,6.902048722502709,kJ/mol,2.7842550879592136,0.07153469413947276,6.902048722502709,2.8253024175258994,0.04104732956668566,0.0,0.0,NaClFWater/data/S0_NaClFWater_matrix_BC_s_loss_split0.csv,0,0.20709470594294777,0.11956618422390729,0.0835410632253536,0.048232455341545445,3
NaClFWater,NaCl/NaF/water,"BC S-loss, fixed kappa_D",0.005,298.15,F,NaCl,neutral ion-pair NaCl: mu_Na + mu_Cl,0.065,0.034999999999999996,0.034999999999999996,7.20417956535764,kJ/mol,2.9061332969184837,0.07466605966624229,7.20417956535764,2.9471806264851694,0.04104732956668566,0.0,0.0,NaClFWater/data/S0_NaClFWater_matrix_BC_s_loss_split0.csv,0,0.2106744835429524,0.12163296978490896,0.08498512924072071,0.04906618724424524,3
NaClFWater,NaCl/NaF/water,"BC S-loss, fixed kappa_D",0.005,298.15,F,NaCl,neutral ion-pair NaCl: mu_Na + mu_Cl,0.065,0.0375,0.0375,7.505853946593724,kJ/mol,3.027827371335123,0.07779269430170643,7.505853946593724,3.0688747009018087,0.04104732956668566,0.0,0.0,NaClFWater/data/S0_NaClFWater_matrix_BC_s_loss_split0.csv,0,0.21671011652301597,0.12511764411067844,0.08741987615564883,0.05047188903098761,3
NaClFWater,NaCl/NaF/water,"BC S-loss, fixed kappa_D",0.005,298.15,F,NaCl,neutral ion-pair NaCl: mu_Na + mu_Cl,0.065,0.04,0.04,7.8005600061436455,kJ/mol,3.1467104564514434,0.08084710737216481,7.8005600061436455,3.187757786018129,0.04104732956668566,0.0,0.0,NaClFWater/data/S0_NaClFWater_matrix_BC_s_loss_split0.csv,0,0.22560069705311686,0.13025062317298425,0.09100629593781293,0.05254250945764704,3
NaClFWater,NaCl/NaF/water,"BC S-loss, fixed kappa_D",0.005,298.15,F,NaCl,neutral ion-pair NaCl: mu_Na + mu_Cl,0.0675,0.0,0.0,4.245718377405967,kJ/mol,1.7127034985705087,0.044003770147241994,4.245718377405967,1.7537508281371943,0.04104732956668566,0.0,0.0,NaClFWater/data/S0_NaClFWater_matrix_BC_s_loss_split0.csv,0,0.31077154122281964,0.1794240329814698,0.12536382741279933,0.07237883950342149,3
NaClFWater,NaCl/NaF/water,"BC S-loss, fixed kappa_D",0.005,298.15,F,NaCl,neutral ion-pair NaCl: mu_Na + mu_Cl,0.0675,0.0025,0.0025,4.419440835320981,kJ/mol,1.782782348603209,0.04580427654639152,4.419440835320981,1.8238296781698946,0.04104732956668566,0.0,0.0,NaClFWater/data/S0_NaClFWater_matrix_BC_s_loss_split0.csv,0,0.28658616840276063,0.16546060147335728,0.11560755792879852,0.06674605469054709,3
NaClFWater,NaCl/NaF/water,"BC S-loss, fixed kappa_D",0.005,298.15,F,NaCl,neutral ion-pair NaCl: mu_Na + mu_Cl,0.0675,0.005,0.005,4.600623454533321,kJ/mol,1.8558705938001823,0.04768210206890444,4.600623454533321,1.8969179233668678,0.04104732956668566,0.0,0.0,NaClFWater/data/S0_NaClFWater_matrix_BC_s_loss_split0.csv,0,0.2643773947078215,0.1526383600022127,0.10664863954911975,0.06157362075239166,3
NaClFWater,NaCl/NaF/water,"BC S-loss, fixed kappa_D",0.005,298.15,F,NaCl,neutral ion-pair NaCl: mu_Na + mu_Cl,0.0675,0.0075,0.0075,4.789418112976946,kJ/mol,1.9320295010297712,0.04963882081864313,4.789418112976946,1.9730768305964568,0.04104732956668566,0.0,0.0,NaClFWater/data/S0_NaClFWater_matrix_BC_s_loss_split0.csv,0,0.24479260162384447,0.14133107444315543,0.09874822302309452,0.05701231314438083,3
NaClFWater,NaCl/NaF/water,"BC S-loss, fixed kappa_D",0.005,298.15,F,NaCl,neutral ion-pair NaCl: mu_Na + mu_Cl,0.0675,0.01,0.01,4.986584352934915,kJ/mol,2.011565466197184,0.05168230489664438,4.986584352934915,2.05261279576387,0.04104732956668566,0.0,0.0,NaClFWater/data/S0_NaClFWater_matrix_BC_s_loss_split0.csv,0,0.22843844748250797,0.13188899914728616,0.09215103156473357,0.053203422880000635,3
NaClFWater,NaCl/NaF/water,"BC S-loss, fixed kappa_D",0.005,298.15,F,NaCl,neutral ion-pair NaCl: mu_Na + mu_Cl,0.0675,0.0125,0.0125,5.1933127846386595,kJ/mol,2.094958776058994,0.05382489410840207,5.1933127846386595,2.13600610562568,0.04104732956668566,0.0,0.0,NaClFWater/data/S0_NaClFWater_matrix_BC_s_loss_split0.csv,0,0.21560408184722443,0.12447907469287714,0.08697370679386333,0.05021429302985658,3
NaClFWater,NaCl/NaF/water,"BC S-loss, fixed kappa_D",0.005,298.15,F,NaCl,neutral ion-pair NaCl: mu_Na + mu_Cl,0.0675,0.015,0.015,5.411021557005474,kJ/mol,2.182781505443591,0.05608128653170752,5.411021557005474,2.2238288350102766,0.04104732956668566,0.0,0.0,NaClFWater/data/S0_NaClFWater_matrix_BC_s_loss_split0.csv,0,0.2062119554925381,0.11905652801373601,0.08318496570536091,0.04802686234251991,3
NaClFWater,NaCl/NaF/water,"BC S-loss, fixed kappa_D",0.005,298.15,F,NaCl,neutral ion-pair NaCl: mu_Na + mu_Cl,0.0675,0.0175,0.0175,5.641135190235381,kJ/mol,2.2756082993258615,0.05846624627804431,5.641135190235381,2.3166556288925473,0.04104732956668566,0.0,0.0,NaClFWater/data/S0_NaClFWater_matrix_BC_s_loss_split0.csv,0,0.1998862546160053,0.11540438290985673,0.08063320671922497,0.046553603604967284,3
NaClFWater,NaCl/NaF/water,"BC S-loss, fixed kappa_D",0.005,298.15,F,NaCl,neutral ion-pair NaCl: mu_Na + mu_Cl,0.0675,0.02,0.02,5.884855917694461,kJ/mol,2.373924133182075,0.06099223361820804,5.884855917694461,2.4149714627487606,0.04104732956668566,0.0,0.0,NaClFWater/data/S0_NaClFWater_matrix_BC_s_loss_split0.csv,0,0.19606777515967275,0.11319978276784809,0.07909284945980728,0.045664277926594284,3
NaClFWater,NaCl/NaF/water,"BC S-loss, fixed kappa_D",0.005,298.15,F,NaCl,neutral ion-pair NaCl: mu_Na + mu_Cl,0.0675,0.0225,0.0225,6.142938096522514,kJ/mol,2.478033311254213,0.0636670669130126,6.142938096522514,2.5190806408208988,0.04104732956668566,0.0,0.0,NaClFWater/data/S0_NaClFWater_matrix_BC_s_loss_split0.csv,0,0.19414242858621927,0.1120881834053814,0.07831617340190805,0.04521586379549303,3
NaClFWater,NaCl/NaF/water,"BC S-loss, fixed kappa_D",0.005,298.15,F,NaCl,neutral ion-pair NaCl: mu_Na + mu_Cl,0.0675,0.025,0.025,6.41547622102591,kJ/mol,2.587973952116031,0.06649172552693017,6.41547622102591,2.629021281682717,0.04104732956668566,0.0,0.0,NaClFWater/data/S0_NaClFWater_matrix_BC_s_loss_split0.csv,0,0.1935712810522425,0.11175843122289292,0.07808577508230963,0.045082843263652035,3
NaClFWater,NaCl/NaF/water,"BC S-loss, fixed kappa_D",0.005,298.15,F,NaCl,neutral ion-pair NaCl: mu_Na + mu_Cl,0.0675,0.0275,0.0275,6.701716597421917,kJ/mol,2.7034420191207738,0.06945839797435838,6.701716597421917,2.7444893486874595,0.04104732956668566,0.0,0.0,NaClFWater/data/S0_NaClFWater_matrix_BC_s_loss_split0.csv,0,0.19400378310778363,0.11200813640108466,0.07826024444598821,0.04518357319773721,3
NaClFWater,NaCl/NaF/water,"BC S-loss, fixed kappa_D",0.005,298.15,F,NaCl,neutral ion-pair NaCl: mu_Na + mu_Cl,0.0675,0.03,0.03,6.999901832923775,kJ/mol,2.82372858800482,0.0725488701625636,6.999901832923775,2.8647759175715057,0.04104732956668566,0.0,0.0,NaClFWater/data/S0_NaClFWater_matrix_BC_s_loss_split0.csv,0,0.19533647507737847,0.11277756646847709,0.0787978463300388,0.04549395779021067,3
NaClFWater,NaCl/NaF/water,"BC S-loss, fixed kappa_D",0.005,298.15,F,NaCl,neutral ion-pair NaCl: mu_Na + mu_Cl,0.0675,0.0325,0.0325,7.307156001639756,kJ/mol,2.9476735233332323,0.07573333522009307,7.307156001639756,2.988720852899918,0.04104732956668566,0.0,0.0,NaClFWater/data/S0_NaClFWater_matrix_BC_s_loss_split0.csv,0,0.19767453398640214,0.1141274454089831,0.07974100866851573,0.046038492820219844,3
NaClFWater,NaCl/NaF/water,"BC S-loss, fixed kappa_D",0.005,298.15,F,NaCl,neutral ion-pair NaCl: mu_Na + mu_Cl,0.0675,0.034999999999999996,0.034999999999999996,7.619416717676148,kJ/mol,3.073638077098199,0.07896968948409722,7.619416717676148,3.1146854066648846,0.04104732956668566,0.0,0.0,NaClFWater/data/S0_NaClFWater_matrix_BC_s_loss_split0.csv,0,0.20119128044883192,0.11615783992573861,0.08115964820943346,0.046857544741051735,3
NaClFWater,NaCl/NaF/water,"BC S-loss, fixed kappa_D",0.005,298.15,F,NaCl,neutral ion-pair NaCl: mu_Na + mu_Cl,0.0675,0.0375,0.0375,7.931418450360587,kJ/mol,3.1994981581559503,0.08220335957480529,7.931418450360587,3.240545487722636,0.04104732956668566,0.0,0.0,NaClFWater/data/S0_NaClFWater_matrix_BC_s_loss_split0.csv,0,0.20597658387842463,0.118920636148968,0.08309001786588535,0.04797204418183972,3
NaClFWater,NaCl/NaF/water,"BC S-loss, fixed kappa_D",0.005,298.15,F,NaCl,neutral ion-pair NaCl: mu_Na + mu_Cl,0.0675,0.04,0.04,8.236729341036382,kJ/mol,3.322659183954274,0.08536768397470951,8.236729341036382,3.3637065135209596,0.04104732956668566,0.0,0.0,NaClFWater/data/S0_NaClFWater_matrix_BC_s_loss_split0.csv,0,0.21209509737582874,0.12245316156373462,0.08555819840485412,0.04939704888042194,3
NaClFWater,NaCl/NaF/water,"BC S-loss, fixed kappa_D",0.005,298.15,F,NaCl,neutral ion-pair NaCl: mu_Na + mu_Cl,0.07,0.0,0.0,4.528951508100072,kJ/mol,1.82695845632568,0.0469392746892936,4.528951508100072,1.8680057858923655,0.04104732956668566,0.0,0.0,NaClFWater/data/S0_NaClFWater_matrix_BC_s_loss_split0.csv,0,0.31379999294885585,0.1811725104007246,0.1265854910761352,0.07308416734830764,3
NaClFWater,NaCl/NaF/water,"BC S-loss, fixed kappa_D",0.005,298.15,F,NaCl,neutral ion-pair NaCl: mu_Na + mu_Cl,0.07,0.0025,0.0025,4.714694827138376,kJ/mol,1.9018864671061235,0.04886436853462328,4.714694827138376,1.942933796672809,0.04104732956668566,0.0,0.0,NaClFWater/data/S0_NaClFWater_matrix_BC_s_loss_split0.csv,0,0.28688557466665904,0.1656334637604161,0.1157283370549888,0.06681578655156553,3
NaClFWater,NaCl/NaF/water,"BC S-loss, fixed kappa_D",0.005,298.15,F,NaCl,neutral ion-pair NaCl: mu_Na + mu_Cl,0.07,0.005,0.005,4.90708432238785,kJ/mol,1.9794955151662796,0.05085834514238741,4.90708432238785,2.020542844732965,0.04104732956668566,0.0,0.0,NaClFWater/data/S0_NaClFWater_matrix_BC_s_loss_split0.csv,0,0.2628147655486992,0.15173617563654987,0.1060182820477746,0.061209683679304336,3
NaClFWater,NaCl/NaF/water,"BC S-loss, fixed kappa_D",0.005,298.15,F,NaCl,neutral ion-pair NaCl: mu_Na + mu_Cl,0.07,0.0075,0.0075,5.1064869287099475,kJ/mol,2.0599336203617056,0.052925007524436296,5.1064869287099475,2.1009809499283914,0.04104732956668566,0.0,0.0,NaClFWater/data/S0_NaClFWater_matrix_BC_s_loss_split0.csv,0,0.2417884727225152,0.13959663981329265,0.09753637107670919,0.056312650096917286,3
NaClFWater,NaCl/NaF/water,"BC S-loss, fixed kappa_D",0.005,298.15,F,NaCl,neutral ion-pair NaCl: mu_Na + mu_Cl,0.07,0.01,0.01,5.313835225881903,kJ/mol,2.1435769811363827,0.055074021189057014,5.313835225881903,2.1846243107030685,0.04104732956668566,0.0,0.0,NaClFWater/data/S0_NaClFWater_matrix_BC_s_loss_split0.csv,0,0.2241751184274518,0.12942756496970553,0.09043122399883155,0.05221049151887274,3
NaClFWater,NaCl/NaF/water,"BC S-loss, fixed kappa_D",0.005,298.15,F,NaCl,neutral ion-pair NaCl: mu_Na + mu_Cl,0.07,0.0125,0.0125,5.530451606052082,kJ/mol,2.2309590444732867,0.05731909176506633,5.530451606052082,2.2720063740399725,0.04104732956668566,0.0,0.0,NaClFWater/data/S0_NaClFWater_matrix_BC_s_loss_split0.csv,0,0.21016611224309822,0.12133946147808987,0.08478005456867792,0.04894778732713736,3
NaClFWater,NaCl/NaF/water,"BC S-loss, fixed kappa_D",0.005,298.15,F,NaCl,neutral ion-pair NaCl: mu_Na + mu_Cl,0.07,0.015,0.015,5.757847678095248,kJ/mol,2.3226895865229165,0.059675885974456826,5.757847678095248,2.3637369160896022,0.04104732956668566,0.0,0.0,NaClFWater/data/S0_NaClFWater_matrix_BC_s_loss_split0.csv,0,0.19967310609556072,0.11528132155420069,0.08054722357474146,0.046503961213353956,3
NaClFWater,NaCl/NaF/water,"BC S-loss, fixed kappa_D",0.005,298.15,F,NaCl,neutral ion-pair NaCl: mu_Na + mu_Cl,0.07,0.0175,0.0175,5.997507982012869,kJ/mol,2.4193674639752984,0.062159789990118945,5.997507982012869,2.4604147935419842,0.04104732956668566,0.0,0.0,NaClFWater/data/S0_NaClFWater_matrix_BC_s_loss_split0.csv,0,0.19236067921157105,0.1110594899242998,0.07759742380142216,0.04480089352017256,3
NaClFWater,NaCl/NaF/water,"BC S-loss, fixed kappa_D",0.005,298.15,F,NaCl,neutral ion-pair NaCl: mu_Na + mu_Cl,0.07,0.02,0.02,6.250667855348631,kJ/mol,2.5214910063815044,0.06478360718347176,6.250667855348631,2.56253833594819,0.04104732956668566,0.0,0.0,NaClFWater/data/S0_NaClFWater_matrix_BC_s_loss_split0.csv,0,0.18773509797555088,0.10838890935252507,0.07573148535199209,0.04372359345410284,3
NaClFWater,NaCl/NaF/water,"BC S-loss, fixed kappa_D",0.005,298.15,F,NaCl,neutral ion-pair NaCl: mu_Na + mu_Cl,0.07,0.0225,0.0225,6.518095625810888,kJ/mol,2.6293701536473812,0.06755530071006888,6.518095625810888,2.670417483214067,0.04104732956668566,0.0,0.0,NaClFWater/data/S0_NaClFWater_matrix_BC_s_loss_split0.csv,0,0.1852436190842643,0.10695045334396049,0.07472643408989471,0.04314332683738154,3
NaClFWater,NaCl/NaF/water,"BC S-loss, fixed kappa_D",0.005,298.15,F,NaCl,neutral ion-pair NaCl: mu_Na + mu_Cl,0.07,0.025,0.025,6.799889238018345,kJ/mol,2.7430444161870007,0.07047588569434993,6.799889238018345,2.7840917457536865,0.04104732956668566,0.0,0.0,NaClFWater/data/S0_NaClFWater_matrix_BC_s_loss_split0.csv,0,0.18436441971347242,0.10644284735056246,0.07437176905928188,0.04293856088648507,3
NaClFWater,NaCl/NaF/water,"BC S-loss, fixed kappa_D",0.005,298.15,F,NaCl,neutral ion-pair NaCl: mu_Na + mu_Cl,0.07,0.0275,0.0275,7.095296903928931,kJ/mol,2.862210526120729,0.07353757040232267,7.095296903928931,2.9032578556874147,0.04104732956668566,0.0,0.0,NaClFWater/data/S0_NaClFWater_matrix_BC_s_loss_split0.csv,0,0.18467223772792168,0.10662056616406615,0.07449594144741682,0.0430102518482007,3
NaClFWater,NaCl/NaF/water,"BC S-loss, fixed kappa_D",0.005,298.15,F,NaCl,neutral ion-pair NaCl: mu_Na + mu_Cl,0.07,0.03,0.03,7.402570455154092,kJ/mol,2.9861632802652593,0.07672223634540387,7.402570455154092,3.027210609831945,0.04104732956668566,0.0,0.0,NaClFWater/data/S0_NaClFWater_matrix_BC_s_loss_split0.csv,0,0.18585820855240004,0.10730528673882977,0.07497435668830878,0.04328646501631409,3
NaClFWater,NaCl/NaF/water,"BC S-loss, fixed kappa_D",0.005,298.15,F,NaCl,neutral ion-pair NaCl: mu_Na + mu_Cl,0.07,0.0325,0.0325,7.718858787170101,kJ/mol,3.1137525560127055,0.08000033390749194,7.718858787170101,3.1547998855793913,0.04104732956668566,0.0,0.0,NaClFWater/data/S0_NaClFWater_matrix_BC_s_loss_split0.csv,0,0.18768969282159256,0.10836269467466464,0.07571316911923119,0.04371301857218779,3
NaClFWater,NaCl/NaF/water,"BC S-loss, fixed kappa_D",0.005,298.15,F,NaCl,neutral ion-pair NaCl: mu_Na + mu_Cl,0.07,0.034999999999999996,0.034999999999999996,8.040147189410247,kJ/mol,3.2433588373655047,0.08333025354568235,8.040147189410247,3.2844061669321905,0.04104732956668566,0.0,0.0,NaClFWater/data/S0_NaClFWater_matrix_BC_s_loss_split0.csv,0,0.18994045522655267,0.10966217295505025,0.07662111644469216,0.044237222204952686,3
NaClFWater,NaCl/NaF/water,"BC S-loss, fixed kappa_D",0.005,298.15,F,NaCl,neutral ion-pair NaCl: mu_Na + mu_Cl,0.07,0.0375,0.0375,8.361246507781882,kJ/mol,3.372888843145047,0.08665821346767189,8.361246507781882,3.413936172711733,0.04104732956668566,0.0,0.0,NaClFWater/data/S0_NaClFWater_matrix_BC_s_loss_split0.csv,0,0.19241009208230084,0.11108801845851708,0.07761735672891526,0.04481240180122644,3
NaClFWater,NaCl/NaF/water,"BC S-loss, fixed kappa_D",0.005,298.15,F,NaCl,neutral ion-pair NaCl: mu_Na + mu_Cl,0.07,0.04,0.04,8.675834070972853,kJ/mol,3.4997920364776998,0.08991868380303458,8.675834070972853,3.5408393660443855,0.04104732956668566,0.0,0.0,NaClFWater/data/S0_NaClFWater_matrix_BC_s_loss_split0.csv,0,0.1952706676592785,0.1127395725379224,0.07877129991664206,0.04547863121129004,3
NaClFWater,NaCl/NaF/water,"BC S-loss, fixed kappa_D",0.005,298.15,F,NaCl,neutral ion-pair NaCl: mu_Na + mu_Cl,0.07250000000000001,0.0,0.0,4.823059307504787,kJ/mol,1.9456002060182465,0.04998748723028257,4.823059307504787,1.986647535584932,0.04104732956668566,0.0,0.0,NaClFWater/data/S0_NaClFWater_matrix_BC_s_loss_split0.csv,0,0.31492969901962997,0.1818247465047912,0.12704120937108096,0.0733472764285692,3
NaClFWater,NaCl/NaF/water,"BC S-loss, fixed kappa_D",0.005,298.15,F,NaCl,neutral ion-pair NaCl: mu_Na + mu_Cl,0.07250000000000001,0.0025,0.0025,5.020031104574101,kJ/mol,2.025057733808031,0.0520289560497531,5.020031104574101,2.066105063374717,0.04104732956668566,0.0,0.0,NaClFWater/data/S0_NaClFWater_matrix_BC_s_loss_split0.csv,0,0.2856576944717049,0.16492454679932672,0.11523301576450594,0.06652981267116989,3
NaClFWater,NaCl/NaF/water,"BC S-loss, fixed kappa_D",0.005,298.15,F,NaCl,neutral ion-pair NaCl: mu_Na + mu_Cl,0.07250000000000001,0.005,0.005,5.223105997126759,kJ/mol,2.1069772225799808,0.05413367899654986,5.223105997126759,2.1480245521466665,0.04104732956668566,0.0,0.0,NaClFWater/data/S0_NaClFWater_matrix_BC_s_loss_split0.csv,0,0.2601717097468094,0.1502102066578456,0.1049520853487885,0.06059411472813562,3
NaClFWater,NaCl/NaF/water,"BC S-loss, fixed kappa_D",0.005,298.15,F,NaCl,neutral ion-pair NaCl: mu_Na + mu_Cl,0.07250000000000001,0.0075,0.0075,5.432799213844607,kJ/mol,2.1915665132428694,0.05630699603966604,5.432799213844607,2.232613842809555,0.04104732956668566,0.0,0.0,NaClFWater/data/S0_NaClFWater_matrix_BC_s_loss_split0.csv,0,0.23821013742532013,0.13753068696620632,0.09609288687974067,0.05547925410722654,3
NaClFWater,NaCl/NaF/water,"BC S-loss, fixed kappa_D",0.005,298.15,F,NaCl,neutral ion-pair NaCl: mu_Na + mu_Cl,0.07250000000000001,0.01,0.01,5.650148760968607,kJ/mol,2.2792443327970315,0.058559665355687684,5.650148760968607,2.3202916623637173,0.04104732956668566,0.0,0.0,NaClFWater/data/S0_NaClFWater_matrix_BC_s_loss_split0.csv,0,0.21986870023570698,0.12694125326745856,0.08869403447101022,0.0512075246773517,3
NaClFWater,NaCl/NaF/water,"BC S-loss, fixed kappa_D",0.005,298.15,F,NaCl,neutral ion-pair NaCl: mu_Na + mu_Cl,0.07250000000000001,0.0125,0.0125,5.876542342310315,kJ/mol,2.3705704746535607,0.06090606948112054,5.876542342310315,2.4116178042202465,0.04104732956668566,0.0,0.0,NaClFWater/data/S0_NaClFWater_matrix_BC_s_loss_split0.csv,0,0.20520304004834403,0.11847403041044098,0.08277797380023863,0.04779188545653956,3
NaClFWater,NaCl/NaF/water,"BC S-loss, fixed kappa_D",0.005,298.15,F,NaCl,neutral ion-pair NaCl: mu_Na + mu_Cl,0.07250000000000001,0.015,0.015,6.113521609793873,kJ/mol,2.4661668341925433,0.06336218651222224,6.113521609793873,2.507214163759229,0.04104732956668566,0.0,0.0,NaClFWater/data/S0_NaClFWater_matrix_BC_s_loss_split0.csv,0,0.1940763117412483,0.11205001082713943,0.07828950216711783,0.045200465150907275,3
NaClFWater,NaCl/NaF/water,"BC S-loss, fixed kappa_D",0.005,298.15,F,NaCl,neutral ion-pair NaCl: mu_Na + mu_Cl,0.07250000000000001,0.0175,0.0175,6.362572537292139,kJ/mol,2.566632846521209,0.06594341748291298,6.362572537292139,2.6076801760878947,0.04104732956668566,0.0,0.0,NaClFWater/data/S0_NaClFWater_matrix_BC_s_loss_split0.csv,0,0.1861541290265079,0.10747613650421467,0.0750937296627388,0.043355385035235235,3
NaClFWater,NaCl/NaF/water,"BC S-loss, fixed kappa_D",0.005,298.15,F,NaCl,neutral ion-pair NaCl: mu_Na + mu_Cl,0.07250000000000001,0.02,0.02,6.624911393589138,kJ/mol,2.6724591489396405,0.06866236813084468,6.624911393589138,2.7135064785063263,0.04104732956668566,0.0,0.0,NaClFWater/data/S0_NaClFWater_matrix_BC_s_loss_split0.csv,0,0.18096425303748528,0.10447976020489169,0.07300015727441267,0.042146660453267176,3
NaClFWater,NaCl/NaF/water,"BC S-loss, fixed kappa_D",0.005,298.15,F,NaCl,neutral ion-pair NaCl: mu_Na + mu_Cl,0.07250000000000001,0.0225,0.0225,6.901276074379126,kJ/mol,2.7839434052174976,0.07152668620597069,6.901276074379126,2.8249907347841834,0.04104732956668566,0.0,0.0,NaClFWater/data/S0_NaClFWater_matrix_BC_s_loss_split0.csv,0,0.17796757479060088,0.10274962721237828,0.07179131088817053,0.04144873266676137,3
NaClFWater,NaCl/NaF/water,"BC S-loss, fixed kappa_D",0.005,298.15,F,NaCl,neutral ion-pair NaCl: mu_Na + mu_Cl,0.07250000000000001,0.025,0.025,7.191732420859189,kJ/mol,2.9011121753944664,0.07453705410421206,7.191732420859189,2.942159504961152,0.04104732956668566,0.0,0.0,NaClFWater/data/S0_NaClFWater_matrix_BC_s_loss_split0.csv,0,0.1766157722179096,0.10196916363314375,0.07124599987367974,0.04113389720575305,3
NaClFWater,NaCl/NaF/water,"BC S-loss, fixed kappa_D",0.005,298.15,F,NaCl,neutral ion-pair NaCl: mu_Na + mu_Cl,0.07250000000000001,0.0275,0.0275,7.4955046314175915,kJ/mol,3.0236525046260407,0.07768543120846516,7.4955046314175915,3.0646998341927265,0.04104732956668566,0.0,0.0,NaClFWater/data/S0_NaClFWater_matrix_BC_s_loss_split0.csv,0,0.17638578698304533,0.10183638159588522,0.07115322487511481,0.04108033353535752,3
NaClFWater,NaCl/NaF/water,"BC S-loss, fixed kappa_D",0.005,298.15,F,NaCl,neutral ion-pair NaCl: mu_Na + mu_Cl,0.07250000000000001,0.03,0.03,7.810837947379232,kJ/mol,3.1508565312372716,0.08095363072663986,7.810837947379232,3.1919038608039574,0.04104732956668566,0.0,0.0,NaClFWater/data/S0_NaClFWater_matrix_BC_s_loss_split0.csv,0,0.17678607419742656,0.10206748752686139,0.07131469891827145,0.04117356061764114,3
NaClFWater,NaCl/NaF/water,"BC S-loss, fixed kappa_D",0.005,298.15,F,NaCl,neutral ion-pair NaCl: mu_Na + mu_Cl,0.07250000000000001,0.0325,0.0325,8.134900523140576,kJ/mol,3.2815819015811547,0.08431230264727674,8.134900523140576,3.3226292311478405,0.04104732956668566,0.0,0.0,NaClFWater/data/S0_NaClFWater_matrix_BC_s_loss_split0.csv,0,0.17734588080303748,0.10239069202130498,0.07154052235890616,0.04130393984188092,3
NaClFWater,NaCl/NaF/water,"BC S-loss, fixed kappa_D",0.005,298.15,F,NaCl,neutral ion-pair NaCl: mu_Na + mu_Cl,0.07250000000000001,0.034999999999999996,0.034999999999999996,8.46372984554427,kJ/mol,3.414230155857848,0.08772037841549717,8.46372984554427,3.4552774854245336,0.04104732956668566,0.0,0.0,NaClFWater/data/S0_NaClFWater_matrix_BC_s_loss_split0.csv,0,0.17764870777482206,0.10256552925498269,0.07166268138311181,0.04137446838738999,3
NaClFWater,NaCl/NaF/water,"BC S-loss, fixed kappa_D",0.005,298.15,F,NaCl,neutral ion-pair NaCl: mu_Na + mu_Cl,0.07250000000000001,0.0375,0.0375,8.792227269659724,kJ/mol,3.5467445238733935,0.09112501430035991,8.792227269659724,3.5877918534400792,0.04104732956668566,0.0,0.0,NaClFWater/data/S0_NaClFWater_matrix_BC_s_loss_split0.csv,0,0.17756771394741275,0.10251876744692522,0.07163000884121554,0.04135560488653107,3
NaClFWater,NaCl/NaF/water,"BC S-loss, fixed kappa_D",0.005,298.15,F,NaCl,neutral ion-pair NaCl: mu_Na + mu_Cl,0.07250000000000001,0.04,0.04,9.114202301429494,kJ/mol,3.676627788458021,0.09446205035214916,9.114202301429494,3.7176751180247067,0.04104732956668566,0.0,0.0,NaClFWater/data/S0_NaClFWater_matrix_BC_s_loss_split0.csv,0,0.17800579800237998,0.10277169539398824,0.07180672995809496,0.041457634870932895,3
NaClFWater,NaCl/NaF/water,"BC S-loss, fixed kappa_D",0.005,298.15,F,NaCl,neutral ion-pair NaCl: mu_Na + mu_Cl,0.07500000000000001,0.0,0.0,5.127423673469608,kJ/mol,2.068379408049691,0.0531420015928461,5.127423673469608,2.109426737616377,0.04104732956668566,0.0,0.0,NaClFWater/data/S0_NaClFWater_matrix_BC_s_loss_split0.csv,0,0.31407091080768396,0.1813289248994473,0.1266947781091869,0.07314726424625896,3
NaClFWater,NaCl/NaF/water,"BC S-loss, fixed kappa_D",0.005,298.15,F,NaCl,neutral ion-pair NaCl: mu_Na + mu_Cl,0.07500000000000001,0.0025,0.0025,5.334623314324916,kJ/mol,2.1519628015418086,0.055289474543315,5.334623314324916,2.1930101311084944,0.04104732956668566,0.0,0.0,NaClFWater/data/S0_NaClFWater_matrix_BC_s_loss_split0.csv,0,0.2828079133827482,0.16327922492048605,0.11408342702419051,0.06586609730249142,3
NaClFWater,NaCl/NaF/water,"BC S-loss, fixed kappa_D",0.005,298.15,F,NaCl,neutral ion-pair NaCl: mu_Na + mu_Cl,0.07500000000000001,0.005,0.005,5.547699693894073,kJ/mol,2.237916844723966,0.05749785559851261,5.547699693894073,2.278964174290652,0.04104732956668566,0.0,0.0,NaClFWater/data/S0_NaClFWater_matrix_BC_s_loss_split0.csv,0,0.2563229937607279,0.14798814944724703,0.10339953081068166,0.05969774694762806,3
NaClFWater,NaCl/NaF/water,"BC S-loss, fixed kappa_D",0.005,298.15,F,NaCl,neutral ion-pair NaCl: mu_Na + mu_Cl,0.07500000000000001,0.0075,0.0075,5.767242145362533,kJ/mol,2.3264792719249225,0.05977325276649025,5.767242145362533,2.3675266014916083,0.04104732956668566,0.0,0.0,NaClFWater/data/S0_NaClFWater_matrix_BC_s_loss_split0.csv,0,0.23389265854355626,0.13503798937159944,0.09435123551983124,0.05447371122574835,3
NaClFWater,NaCl/NaF/water,"BC S-loss, fixed kappa_D",0.005,298.15,F,NaCl,neutral ion-pair NaCl: mu_Na + mu_Cl,0.07500000000000001,0.01,0.01,5.994317932314092,kJ/mol,2.418080612424149,0.062126727454824504,5.994317932314092,2.4591279419908347,0.04104732956668566,0.0,0.0,NaClFWater/data/S0_NaClFWater_matrix_BC_s_loss_split0.csv,0,0.21531215472036416,0.12431053048760062,0.08685594471756505,0.050146303063405444,3
NaClFWater,NaCl/NaF/water,"BC S-loss, fixed kappa_D",0.005,298.15,F,NaCl,neutral ion-pair NaCl: mu_Na + mu_Cl,0.07500000000000001,0.0125,0.0125,6.230304066955583,kJ/mol,2.513276346687982,0.0645725513893467,6.230304066955583,2.554323676254668,0.04104732956668566,0.0,0.0,NaClFWater/data/S0_NaClFWater_matrix_BC_s_loss_split0.csv,0,0.20046537489949678,0.11573873816142373,0.08086682120974494,0.04668848099395558,3
NaClFWater,NaCl/NaF/water,"BC S-loss, fixed kappa_D",0.005,298.15,F,NaCl,neutral ion-pair NaCl: mu_Na + mu_Cl,0.07500000000000001,0.015,0.015,6.4766984956826725,kJ/mol,2.612670739484944,0.0671262496904319,6.4766984956826725,2.6537180690516298,0.04104732956668566,0.0,0.0,NaClFWater/data/S0_NaClFWater_matrix_BC_s_loss_split0.csv,0,0.18913159745766406,0.1091951787044463,0.07629482689661629,0.04404883884653732,3
NaClFWater,NaCl/NaF/water,"BC S-loss, fixed kappa_D",0.005,298.15,F,NaCl,neutral ion-pair NaCl: mu_Na + mu_Cl,0.07500000000000001,0.0175,0.0175,6.734919106462956,kJ/mol,2.716835760377501,0.06980251773131839,6.734919106462956,2.757883089944187,0.04104732956668566,0.0,0.0,NaClFWater/data/S0_NaClFWater_matrix_BC_s_loss_split0.csv,0,0.1809443604257872,0.10446827520017292,0.07299213268525663,0.0421420274545578,3
NaClFWater,NaCl/NaF/water,"BC S-loss, fixed kappa_D",0.005,298.15,F,NaCl,neutral ion-pair NaCl: mu_Na + mu_Cl,0.07500000000000001,0.02,0.02,7.006099610244174,kJ/mol,2.8262287432097666,0.0726131055979806,7.006099610244174,2.8672760727764524,0.04104732956668566,0.0,0.0,NaClFWater/data/S0_NaClFWater_matrix_BC_s_loss_split0.csv,0,0.17542125314149506,0.10127950772282367,0.07076413630680471,0.04085569314570507,3
NaClFWater,NaCl/NaF/water,"BC S-loss, fixed kappa_D",0.005,298.15,F,NaCl,neutral ion-pair NaCl: mu_Na + mu_Cl,0.07500000000000001,0.0225,0.0225,7.290891587458753,kJ/mol,2.9411125325670424,0.07556476644572285,7.290891587458753,2.982159862133728,0.04104732956668566,0.0,0.0,NaClFWater/data/S0_NaClFWater_matrix_BC_s_loss_split0.csv,0,0.17200856004771062,0.09930918844646563,0.0693874714219231,0.040060875303834766,3
NaClFWater,NaCl/NaF/water,"BC S-loss, fixed kappa_D",0.005,298.15,F,NaCl,neutral ion-pair NaCl: mu_Na + mu_Cl,0.07500000000000001,0.025,0.025,7.589281823427891,kJ/mol,3.0614817977079545,0.0786573633140506,7.589281823427891,3.1025291272746403,0.04104732956668566,0.0,0.0,NaClFWater/data/S0_NaClFWater_matrix_BC_s_loss_split0.csv,0,0.17011545318802598,0.09821620269142199,0.06862380071804323,0.0396199698173775,3
NaClFWater,NaCl/NaF/water,"BC S-loss, fixed kappa_D",0.005,298.15,F,NaCl,neutral ion-pair NaCl: mu_Na + mu_Cl,0.07500000000000001,0.0275,0.0275,7.900433504414924,kJ/mol,3.1869989717740737,0.08188222323974514,7.900433504414924,3.2280463013407594,0.04104732956668566,0.0,0.0,NaClFWater/data/S0_NaClFWater_matrix_BC_s_loss_split0.csv,0,0.1691340482735676,0.09764958829987541,0.06822790643559308,0.03939140014683427,3
NaClFWater,NaCl/NaF/water,"BC S-loss, fixed kappa_D",0.005,298.15,F,NaCl,neutral ion-pair NaCl: mu_Na + mu_Cl,0.07500000000000001,0.03,0.03,8.222558941910217,kJ/mol,3.316942909344851,0.08522081813703153,8.222558941910217,3.357990238911537,0.04104732956668566,0.0,0.0,NaClFWater/data/S0_NaClFWater_matrix_BC_s_loss_split0.csv,0,0.16845557258473326,0.0972578701782883,0.06795421242608336,0.03923338283676824,3
NaClFWater,NaCl/NaF/water,"BC S-loss, fixed kappa_D",0.005,298.15,F,NaCl,neutral ion-pair NaCl: mu_Na + mu_Cl,0.07500000000000001,0.0325,0.0325,8.552830254031868,kJ/mol,3.4501728557205755,0.08864383907553018,8.552830254031868,3.4912201852872613,0.04104732956668566,0.0,0.0,NaClFWater/data/S0_NaClFWater_matrix_BC_s_loss_split0.csv,0,0.16751884325830865,0.09671704924951924,0.06757634007281615,0.0390152181318901,3
NaClFWater,NaCl/NaF/water,"BC S-loss, fixed kappa_D",0.005,298.15,F,NaCl,neutral ion-pair NaCl: mu_Na + mu_Cl,0.07500000000000001,0.034999999999999996,0.034999999999999996,8.887332923774123,kJ/mol,3.5851097125308393,0.09211071494542011,8.887332923774123,3.626157042097525,0.04104732956668566,0.0,0.0,NaClFWater/data/S0_NaClFWater_matrix_BC_s_loss_split0.csv,0,0.16599140073081156,0.0958351798950971,0.0669601766987611,0.03865947604201463,3
NaClFWater,NaCl/NaF/water,"BC S-loss, fixed kappa_D",0.005,298.15,F,NaCl,neutral ion-pair NaCl: mu_Na + mu_Cl,0.07500000000000001,0.0375,0.0375,9.22106543924241,kJ/mol,3.7197358926069892,0.09556960872873788,9.22106543924241,3.760783222173675,0.04104732956668566,0.0,0.0,NaClFWater/data/S0_NaClFWater_matrix_BC_s_loss_split0.csv,0,0.16430940169302302,0.09486407729785319,0.066281665930844,0.038267737667509634,3
NaClFWater,NaCl/NaF/water,"BC S-loss, fixed kappa_D",0.005,298.15,F,NaCl,neutral ion-pair NaCl: mu_Na + mu_Cl,0.07750000000000001,0.0,0.0,5.441253018371313,kJ/mol,2.194976739570214,0.056394613549400674,5.441253018371313,2.2360240691368998,0.04104732956668566,0.0,0.0,NaClFWater/data/S0_NaClFWater_matrix_BC_s_loss_split0.csv,0,0.3111643572970462,0.17965082544766653,0.12552228763197035,0.07247032655361571,3
NaClFWater,NaCl/NaF/water,"BC S-loss, fixed kappa_D",0.005,298.15,F,NaCl,neutral ion-pair NaCl: mu_Na + mu_Cl,0.07750000000000001,0.0025,0.0025,5.657503232636747,kJ/mol,2.282211093245203,0.058635889083234354,5.657503232636747,2.3232584228118887,0.04104732956668566,0.0,0.0,NaClFWater/data/S0_NaClFWater_matrix_BC_s_loss_split0.csv,0,0.27827121207790684,0.16065995920090295,0.11225334233507862,0.06480949741459287,3
NaClFWater,NaCl/NaF/water,"BC S-loss, fixed kappa_D",0.005,298.15,F,NaCl,neutral ion-pair NaCl: mu_Na + mu_Cl,0.07750000000000001,0.005,0.005,5.879758660828249,kJ/mol,2.3718679229269783,0.060939404273540276,5.879758660828249,2.412915252493664,0.04104732956668566,0.0,0.0,NaClFWater/data/S0_NaClFWater_matrix_BC_s_loss_split0.csv,0,0.2511596284723349,0.14500707910806898,0.10131665271851015,0.058495196720423664,3
NaClFWater,NaCl/NaF/water,"BC S-loss, fixed kappa_D",0.005,298.15,F,NaCl,neutral ion-pair NaCl: mu_Na + mu_Cl,0.07750000000000001,0.0075,0.0075,6.108602163367795,kJ/mol,2.4641823518609285,0.06331120004290369,6.108602163367795,2.5052296814276143,0.04104732956668566,0.0,0.0,NaClFWater/data/S0_NaClFWater_matrix_BC_s_loss_split0.csv,0,0.22866772308752872,0.13202137147956353,0.0922435203018447,0.053256821277268745,3
NaClFWater,NaCl/NaF/water,"BC S-loss, fixed kappa_D",0.005,298.15,F,NaCl,neutral ion-pair NaCl: mu_Na + mu_Cl,0.07750000000000001,0.01,0.01,6.345046665972095,kJ/mol,2.5595629896778838,0.06576177462659416,6.345046665972095,2.6006103192445695,0.04104732956668566,0.0,0.0,NaClFWater/data/S0_NaClFWater_matrix_BC_s_loss_split0.csv,0,0.21027713758234956,0.1214035619875935,0.08482484168597165,0.04897364518136312,3
NaClFWater,NaCl/NaF/water,"BC S-loss, fixed kappa_D",0.005,298.15,F,NaCl,neutral ion-pair NaCl: mu_Na + mu_Cl,0.07750000000000001,0.0125,0.0125,6.59037414733296,kJ/mol,2.658526980756105,0.06830441479746696,6.59037414733296,2.6995743103227907,0.04104732956668566,0.0,0.0,NaClFWater/data/S0_NaClFWater_matrix_BC_s_loss_split0.csv,0,0.1956744366422188,0.11297268866891341,0.07893417848941238,0.045572669199124206,3
NaClFWater,NaCl/NaF/water,"BC S-loss, fixed kappa_D",0.005,298.15,F,NaCl,neutral ion-pair NaCl: mu_Na + mu_Cl,0.07750000000000001,0.015,0.015,6.845955997416778,kJ/mol,2.7616275375756847,0.07095333401093738,6.845955997416778,2.8026748671423705,0.04104732956668566,0.0,0.0,NaClFWater/data/S0_NaClFWater_matrix_BC_s_loss_split0.csv,0,0.18452984886545984,0.1065383579159942,0.07443850242739275,0.04297708941452782,3
NaClFWater,NaCl/NaF/water,"BC S-loss, fixed kappa_D",0.005,298.15,F,NaCl,neutral ion-pair NaCl: mu_Na + mu_Cl,0.07750000000000001,0.0175,0.0175,7.113062793466471,kJ/mol,2.8693772052222175,0.07372170087217,7.113062793466471,2.9104245347889033,0.04104732956668566,0.0,0.0,NaClFWater/data/S0_NaClFWater_matrix_BC_s_loss_split0.csv,0,0.176424701954613,0.1018588491651953,0.07116892299779423,0.04108939685071225,3
NaClFWater,NaCl/NaF/water,"BC S-loss, fixed kappa_D",0.005,298.15,F,NaCl,neutral ion-pair NaCl: mu_Na + mu_Cl,0.07750000000000001,0.02,0.02,7.3926720791533445,kJ/mol,2.982170320370212,0.07661964690737477,7.3926720791533445,3.023217649936898,0.04104732956668566,0.0,0.0,NaClFWater/data/S0_NaClFWater_matrix_BC_s_loss_split0.csv,0,0.17085206505337172,0.09864148575016762,0.06892094659695498,0.039791527070555784,3
NaClFWater,NaCl/NaF/water,"BC S-loss, fixed kappa_D",0.005,298.15,F,NaCl,neutral ion-pair NaCl: mu_Na + mu_Cl,0.07750000000000001,0.0225,0.0225,7.685282908775366,kJ/mol,3.100208199255493,0.0796523444498689,7.685282908775366,3.1412555288221786,0.04104732956668566,0.0,0.0,NaClFWater/data/S0_NaClFWater_matrix_BC_s_loss_split0.csv,0,0.16723726904182432,0.09655448229983514,0.06746275431351405,0.038949639363180924,3
NaClFWater,NaCl/NaF/water,"BC S-loss, fixed kappa_D",0.005,298.15,F,NaCl,neutral ion-pair NaCl: mu_Na + mu_Cl,0.07750000000000001,0.025,0.025,7.990745725144636,kJ/mol,3.2234305111881305,0.08281824344862798,7.990745725144636,3.2644778407548163,0.04104732956668566,0.0,0.0,NaClFWater/data/S0_NaClFWater_matrix_BC_s_loss_split0.csv,0,0.16495664375408084,0.09523776267603577,0.06654276043685145,0.038418480650836966,3
NaClFWater,NaCl/NaF/water,"BC S-loss, fixed kappa_D",0.005,298.15,F,NaCl,neutral ion-pair NaCl: mu_Na + mu_Cl,0.07750000000000001,0.0275,0.0275,8.308115582729402,kJ/mol,3.351456069434967,0.0861075502333506,8.308115582729402,3.3925033990016527,0.04104732956668566,0.0,0.0,NaClFWater/data/S0_NaClFWater_matrix_BC_s_loss_split0.csv,0,0.16335852865754544,0.09431509049485506,0.06589808806962165,0.03804627888607773,3
NaClFWater,NaCl/NaF/water,"BC S-loss, fixed kappa_D",0.005,298.15,F,NaCl,neutral ion-pair NaCl: mu_Na + mu_Cl,0.07750000000000001,0.03,0.03,8.635535841607929,kJ/mol,3.483535913889166,0.08950102208723365,8.635535841607929,3.5245832434558517,0.04104732956668566,0.0,0.0,NaClFWater/data/S0_NaClFWater_matrix_BC_s_loss_split0.csv,0,0.1618122236743048,0.09342233089653182,0.06527431566664067,0.0376861437213036,3
NaClFWater,NaCl/NaF/water,"BC S-loss, fixed kappa_D",0.005,298.15,F,NaCl,neutral ion-pair NaCl: mu_Na + mu_Cl,0.07750000000000001,0.0325,0.0325,8.970158254611524,kJ/mol,3.6185210745868757,0.0929691390085736,8.970158254611524,3.6595684041535614,0.04104732956668566,0.0,0.0,NaClFWater/data/S0_NaClFWater_matrix_BC_s_loss_split0.csv,0,0.15984979615424472,0.09228932283956,0.06448268132339659,0.03722909342013188,3
NaClFWater,NaCl/NaF/water,"BC S-loss, fixed kappa_D",0.005,298.15,F,NaCl,neutral ion-pair NaCl: mu_Na + mu_Cl,0.07750000000000001,0.034999999999999996,0.034999999999999996,9.308103928056429,kJ/mol,3.7548468234438896,0.09647169909726472,9.308103928056429,3.7958941530105754,0.04104732956668566,0.0,0.0,NaClFWater/data/S0_NaClFWater_matrix_BC_s_loss_split0.csv,0,0.15755369827623042,0.09096367011160271,0.06355644587413496,0.0366943311341677,3
NaClFWater,NaCl/NaF/water,"BC S-loss, fixed kappa_D",0.005,298.15,F,NaCl,neutral ion-pair NaCl: mu_Na + mu_Cl,0.08,0.0,0.0,5.763665620623103,kJ/mol,2.3250365180987282,0.059736184699659134,5.763665620623103,2.366083847665414,0.04104732956668566,0.0,0.0,NaClFWater/data/S0_NaClFWater_matrix_BC_s_loss_split0.csv,0,0.30620969071812715,0.17679024736458276,0.12352359765075932,0.07131638235493692,3
NaClFWater,NaCl/NaF/water,"BC S-loss, fixed kappa_D",0.005,298.15,F,NaCl,neutral ion-pair NaCl: mu_Na + mu_Cl,0.08,0.0025,0.0025,5.987652482308615,kJ/mol,2.415391800183403,0.06205764493358856,5.987652482308615,2.456439129750089,0.04104732956668566,0.0,0.0,NaClFWater/data/S0_NaClFWater_matrix_BC_s_loss_split0.csv,0,0.27205035658581955,0.1570683466079566,0.10974387750055316,0.06336065721685769,3
NaClFWater,NaCl/NaF/water,"BC S-loss, fixed kappa_D",0.005,298.15,F,NaCl,neutral ion-pair NaCl: mu_Na + mu_Cl,0.08,0.005,0.005,6.218157084931617,kJ/mol,2.508376309342069,0.06444665679214266,6.218157084931617,2.549423638908755,0.04104732956668566,0.0,0.0,NaClFWater/data/S0_NaClFWater_matrix_BC_s_loss_split0.csv,0,0.2446399709897421,0.14124295310546986,0.098686652518935,0.05697676539723019,3
NaClFWater,NaCl/NaF/water,"BC S-loss, fixed kappa_D",0.005,298.15,F,NaCl,neutral ion-pair NaCl: mu_Na + mu_Cl,0.08,0.0075,0.0075,6.455670086548892,kJ/mol,2.604187974805012,0.06690830558773087,6.455670086548892,2.6452353043716976,0.04104732956668566,0.0,0.0,NaClFWater/data/S0_NaClFWater_matrix_BC_s_loss_split0.csv,0,0.22243065977215778,0.12842040129548138,0.08972751730506386,0.05180420626979543,3
NaClFWater,NaCl/NaF/water,"BC S-loss, fixed kappa_D",0.005,298.15,F,NaCl,neutral ion-pair NaCl: mu_Na + mu_Cl,0.08,0.01,0.01,6.701060422009154,kJ/mol,2.7031773209412866,0.06945159719543881,6.701060422009154,2.7442246505079724,0.04104732956668566,0.0,0.0,NaClFWater/data/S0_NaClFWater_matrix_BC_s_loss_split0.csv,0,0.20460061740970972,0.11812622153785955,0.08253495924555279,0.0476515809379747,3
NaClFWater,NaCl/NaF/water,"BC S-loss, fixed kappa_D",0.005,298.15,F,NaCl,neutral ion-pair NaCl: mu_Na + mu_Cl,0.08,0.0125,0.0125,6.955423817888826,kJ/mol,2.8057863588722385,0.07208788802097388,6.955423817888826,2.8468336884389243,0.04104732956668566,0.0,0.0,NaClFWater/data/S0_NaClFWater_matrix_BC_s_loss_split0.csv,0,0.19063224459389,0.11006157773250498,0.0769001811316054,0.04439834027706337,3
NaClFWater,NaCl/NaF/water,"BC S-loss, fixed kappa_D",0.005,298.15,F,NaCl,neutral ion-pair NaCl: mu_Na + mu_Cl,0.08,0.015,0.015,7.219914665485511,kJ/mol,2.912480764801134,0.0748291424870331,7.219914665485511,2.9535280943678197,0.04104732956668566,0.0,0.0,NaClFWater/data/S0_NaClFWater_matrix_BC_s_loss_split0.csv,0,0.18007768122183548,0.10396789772847034,0.07264251823304878,0.041940177456463015,3
NaClFWater,NaCl/NaF/water,"BC S-loss, fixed kappa_D",0.005,298.15,F,NaCl,neutral ion-pair NaCl: mu_Na + mu_Cl,0.08,0.0175,0.0175,7.495568838787342,kJ/mol,3.0236784055872046,0.07768609667095916,7.495568838787342,3.0647257351538904,0.04104732956668566,0.0,0.0,NaClFWater/data/S0_NaClFWater_matrix_BC_s_loss_split0.csv,0,0.1724607536169833,0.09957026252541104,0.06956988425275158,0.04016619140081724,3
NaClFWater,NaCl/NaF/water,"BC S-loss, fixed kappa_D",0.005,298.15,F,NaCl,neutral ion-pair NaCl: mu_Na + mu_Cl,0.08,0.02,0.02,7.783125507188983,kJ/mol,3.1396774588050667,0.08066641152367991,7.783125507188983,3.1807247883717524,0.04104732956668566,0.0,0.0,NaClFWater/data/S0_NaClFWater_matrix_BC_s_loss_split0.csv,0,0.16724996841672868,0.09656181428735472,0.06746787718363727,0.03895259705362559,3
NaClFWater,NaCl/NaF/water,"BC S-loss, fixed kappa_D",0.005,298.15,F,NaCl,neutral ion-pair NaCl: mu_Na + mu_Cl,0.08,0.0225,0.0225,8.08285611997781,kJ/mol,3.2605874258636334,0.0837729004188077,8.08285611997781,3.301634755430319,0.04104732956668566,0.0,0.0,NaClFWater/data/S0_NaClFWater_matrix_BC_s_loss_split0.csv,0,0.1638573015823231,0.09460305717723994,0.06609929080077875,0.03816244333707297,3
NaClFWater,NaCl/NaF/water,"BC S-loss, fixed kappa_D",0.005,298.15,F,NaCl,neutral ion-pair NaCl: mu_Na + mu_Cl,0.08,0.025,0.025,8.394408534491312,kJ/mol,3.3862662540131767,0.08700191365483079,8.394408534491312,3.4273135835798625,0.04104732956668566,0.0,0.0,NaClFWater/data/S0_NaClFWater_matrix_BC_s_loss_split0.csv,0,0.16164881102611042,0.09332798456010781,0.06520839574699608,0.03764808483795184,3
NaClFWater,NaCl/NaF/water,"BC S-loss, fixed kappa_D",0.005,298.15,F,NaCl,neutral ion-pair NaCl: mu_Na + mu_Cl,0.08,0.0275,0.0275,8.716673697745629,kJ/mol,3.5162665563201543,0.09034195670756162,8.716673697745629,3.55731388588684,0.04104732956668566,0.0,0.0,NaClFWater/data/S0_NaClFWater_matrix_BC_s_loss_split0.csv,0,0.15998029327522942,0.09236466538748898,0.0645353232689511,0.03725948626156844,3
NaClFWater,NaCl/NaF/water,"BC S-loss, fixed kappa_D",0.005,298.15,F,NaCl,neutral ion-pair NaCl: mu_Na + mu_Cl,0.08,0.03,0.03,9.04768142863638,kJ/mol,3.6497935706806426,0.09377261008876303,9.04768142863638,3.6908409002473284,0.04104732956668566,0.0,0.0,NaClFWater/data/S0_NaClFWater_matrix_BC_s_loss_split0.csv,0,0.1582992567078856,0.09139411847281544,0.06385720075723764,0.036867972046887125,3
NaClFWater,NaCl/NaF/water,"BC S-loss, fixed kappa_D",0.005,298.15,F,NaCl,neutral ion-pair NaCl: mu_Na + mu_Cl,0.08,0.0325,0.0325,9.384530704052592,kJ/mol,3.785677037555516,0.09726380681263436,9.384530704052592,3.826724367122202,0.04104732956668566,0.0,0.0,NaClFWater/data/S0_NaClFWater_matrix_BC_s_loss_split0.csv,0,0.15640813743362578,0.09030228025075183,0.06309433183628557,0.03642752947001905,3
NaClFWater,NaCl/NaF/water,"BC S-loss, fixed kappa_D",0.005,298.15,F,NaCl,neutral ion-pair NaCl: mu_Na + mu_Cl,0.08,0.034999999999999996,0.034999999999999996,9.723358474414407,kJ/mol,3.9223586203000798,0.10077550919163512,9.723358474414407,3.9634059498667655,0.04104732956668566,0.0,0.0,NaClFWater/data/S0_NaClFWater_matrix_BC_s_loss_split0.csv,0,0.1550870050036536,0.08953952408667225,0.06256139301798597,0.036119837099812174,3
NaClFWater,NaCl/NaF/water,"BC S-loss, fixed kappa_D",0.005,298.15,F,NaCl,neutral ion-pair NaCl: mu_Na + mu_Cl,0.0825,0.0,0.0,6.093781403259126,kJ/mol,2.458203724586762,0.06315759368862928,6.093781403259126,2.4992510541534476,0.04104732956668566,0.0,0.0,NaClFWater/data/S0_NaClFWater_matrix_BC_s_loss_split0.csv,0,0.2993183492151311,0.17281152949275036,0.12074366180648989,0.06971138564691808,3
NaClFWater,NaCl/NaF/water,"BC S-loss, fixed kappa_D",0.005,298.15,F,NaCl,neutral ion-pair NaCl: mu_Na + mu_Cl,0.0825,0.0025,0.0025,6.3241018016671005,kJ/mol,2.55111392660221,0.06554469640502703,6.3241018016671005,2.592161256168896,0.04104732956668566,0.0,0.0,NaClFWater/data/S0_NaClFWater_matrix_BC_s_loss_split0.csv,0,0.26427751217294493,0.15258069279381437,0.10660834738847144,0.06155035806259513,3
NaClFWater,NaCl/NaF/water,"BC S-loss, fixed kappa_D",0.005,298.15,F,NaCl,neutral ion-pair NaCl: mu_Na + mu_Cl,0.0825,0.005,0.005,6.561856014041821,kJ/mol,2.6470228953885124,0.06800884517394934,6.561856014041821,2.688070224955198,0.04104732956668566,0.0,0.0,NaClFWater/data/S0_NaClFWater_matrix_BC_s_loss_split0.csv,0,0.23686341187630897,0.1367531546079602,0.09554962391352977,0.055165601087443915,3
NaClFWater,NaCl/NaF/water,"BC S-loss, fixed kappa_D",0.005,298.15,F,NaCl,neutral ion-pair NaCl: mu_Na + mu_Cl,0.0825,0.0075,0.0075,6.807353013665595,kJ/mol,2.7460552693636076,0.07055324227781057,6.807353013665595,2.7871025989302933,0.04104732956668566,0.0,0.0,NaClFWater/data/S0_NaClFWater_matrix_BC_s_loss_split0.csv,0,0.215227103366515,0.12426142606556084,0.08682163538794234,0.05012649456271205,3
NaClFWater,NaCl/NaF/water,"BC S-loss, fixed kappa_D",0.005,298.15,F,NaCl,neutral ion-pair NaCl: mu_Na + mu_Cl,0.0825,0.01,0.01,7.06122358877443,kJ/mol,2.8484655056352524,0.07318442537598457,7.06122358877443,2.889512835201938,0.04104732956668566,0.0,0.0,NaClFWater/data/S0_NaClFWater_matrix_BC_s_loss_split0.csv,0,0.19828337743736885,0.11447896133929308,0.0799866133497167,0.04618029274902545,3
NaClFWater,NaCl/NaF/water,"BC S-loss, fixed kappa_D",0.005,298.15,F,NaCl,neutral ion-pair NaCl: mu_Na + mu_Cl,0.0825,0.0125,0.0125,7.3242807863047,kJ/mol,2.9545815836426486,0.07591082110616298,7.3242807863047,2.9956289132093343,0.04104732956668566,0.0,0.0,NaClFWater/data/S0_NaClFWater_matrix_BC_s_loss_split0.csv,0,0.18532765659693992,0.10699897242452579,0.07476033444059575,0.04316289921398441,3
NaClFWater,NaCl/NaF/water,"BC S-loss, fixed kappa_D",0.005,298.15,F,NaCl,neutral ion-pair NaCl: mu_Na + mu_Cl,0.0825,0.015,0.015,7.597365717458175,kJ/mol,3.0647428038221185,0.07874114697165169,7.597365717458175,3.1057901333888043,0.04104732956668566,0.0,0.0,NaClFWater/data/S0_NaClFWater_matrix_BC_s_loss_split0.csv,0,0.17580215641914487,0.10149942233270999,0.07091779095797496,0.04094440569992045,3
NaClFWater,NaCl/NaF/water,"BC S-loss, fixed kappa_D",0.005,298.15,F,NaCl,neutral ion-pair NaCl: mu_Na + mu_Cl,0.0825,0.0175,0.0175,7.881185775109385,kJ/mol,3.1792345252444676,0.08168273458295515,7.881185775109385,3.2202818548111534,0.04104732956668566,0.0,0.0,NaClFWater/data/S0_NaClFWater_matrix_BC_s_loss_split0.csv,0,0.16917794865199665,0.09767493419517896,0.0682456156487441,0.03940162456581414,3
NaClFWater,NaCl/NaF/water,"BC S-loss, fixed kappa_D",0.005,298.15,F,NaCl,neutral ion-pair NaCl: mu_Na + mu_Cl,0.0825,0.02,0.02,8.176152717664065,kJ/mol,3.298222849379312,0.08473985151522355,8.176152717664065,3.339270178945998,0.04104732956668566,0.0,0.0,NaClFWater/data/S0_NaClFWater_matrix_BC_s_loss_split0.csv,0,0.1649022273157496,0.0952063453307169,0.06652080909292711,0.038405807036513175,3
NaClFWater,NaCl/NaF/water,"BC S-loss, fixed kappa_D",0.005,298.15,F,NaCl,neutral ion-pair NaCl: mu_Na + mu_Cl,0.0825,0.0225,0.0225,8.482228166041104,kJ/mol,3.421692294279747,0.08791209999731107,8.482228166041104,3.4627396238464327,0.04104732956668566,0.0,0.0,NaClFWater/data/S0_NaClFWater_matrix_BC_s_loss_split0.csv,0,0.1623784973733076,0.09374926916908609,0.06550274790336004,0.037818029134665115,3
NaClFWater,NaCl/NaF/water,"BC S-loss, fixed kappa_D",0.005,298.15,F,NaCl,neutral ion-pair NaCl: mu_Na + mu_Cl,0.0825,0.025,0.025,8.798783825174024,kJ/mol,3.5493894085712743,0.09119296820972521,8.798783825174024,3.59043673813796,0.04104732956668566,0.0,0.0,NaClFWater/data/S0_NaClFWater_matrix_BC_s_loss_split0.csv,0,0.16097577070543467,0.09293940454979019,0.06493689434030017,0.03749133342771059,3
NaClFWater,NaCl/NaF/water,"BC S-loss, fixed kappa_D",0.005,298.15,F,NaCl,neutral ion-pair NaCl: mu_Na + mu_Cl,0.0825,0.0275,0.0275,9.12448320284457,kJ/mol,3.6807750573668025,0.09456860438672265,9.12448320284457,3.7218223869334883,0.04104732956668566,0.0,0.0,NaClFWater/data/S0_NaClFWater_matrix_BC_s_loss_split0.csv,0,0.16008794115548522,0.09242681592013237,0.0645787479346355,0.037284557503990796,3
NaClFWater,NaCl/NaF/water,"BC S-loss, fixed kappa_D",0.005,298.15,F,NaCl,neutral ion-pair NaCl: mu_Na + mu_Cl,0.0825,0.03,0.03,9.457190762704881,kJ/mol,3.8149877750086554,0.09801687525373382,9.457190762704881,3.856035104575341,0.04104732956668566,0.0,0.0,NaClFWater/data/S0_NaClFWater_matrix_BC_s_loss_split0.csv,0,0.1592958535860392,0.09196950394869095,0.06425922340880165,0.03710007993298794,3
NaClFWater,NaCl/NaF/water,"BC S-loss, fixed kappa_D",0.005,298.15,F,NaCl,neutral ion-pair NaCl: mu_Na + mu_Cl,0.0825,0.0325,0.0325,9.79391336570442,kJ/mol,3.9508201428063123,0.10150675911052076,9.79391336570442,3.991867472372998,0.04104732956668566,0.0,0.0,NaClFWater/data/S0_NaClFWater_matrix_BC_s_loss_split0.csv,0,0.15874598199501422,0.09165203543759295,0.06403740770790077,0.03697201457836233,3
NaClFWater,NaCl/NaF/water,"BC S-loss, fixed kappa_D",0.005,298.15,F,NaCl,neutral ion-pair NaCl: mu_Na + mu_Cl,0.085,0.0,0.0,6.430815224542568,kJ/mol,2.594161636425798,0.06665070309563247,6.430815224542568,2.6352089659924838,0.04104732956668566,0.0,0.0,NaClFWater/data/S0_NaClFWater_matrix_BC_s_loss_split0.csv,0,0.2907885518196587,0.1678868486703414,0.11730278030123817,0.06772479178361139,3
NaClFWater,NaCl/NaF/water,"BC S-loss, fixed kappa_D",0.005,298.15,F,NaCl,neutral ion-pair NaCl: mu_Na + mu_Cl,0.085,0.0025,0.0025,6.666030691722917,kJ/mol,2.6890464869381434,0.06908853962477224,6.666030691722917,2.730093816504829,0.04104732956668566,0.0,0.0,NaClFWater/data/S0_NaClFWater_matrix_BC_s_loss_split0.csv,0,0.25529423265642703,0.1473941939467471,0.10298453325646174,0.059458147997986155,3
NaClFWater,NaCl/NaF/water,"BC S-loss, fixed kappa_D",0.005,298.15,F,NaCl,neutral ion-pair NaCl: mu_Na + mu_Cl,0.085,0.005,0.005,6.910008876532986,kJ/mol,2.787466177919718,0.07161719532234656,6.910008876532986,2.8285135074864036,0.04104732956668566,0.0,0.0,NaClFWater/data/S0_NaClFWater_matrix_BC_s_loss_split0.csv,0,0.22815812716674122,0.13172715613751892,0.09203795162328275,0.05313813614536406,3
NaClFWater,NaCl/NaF/water,"BC S-loss, fixed kappa_D",0.005,298.15,F,NaCl,neutral ion-pair NaCl: mu_Na + mu_Cl,0.085,0.0075,0.0075,7.162785347424532,kJ/mol,2.889435057522318,0.07423703882938071,7.162785347424532,2.930482387089004,0.04104732956668566,0.0,0.0,NaClFWater/data/S0_NaClFWater_matrix_BC_s_loss_split0.csv,0,0.20734611039510253,0.11971133265203432,0.08364247863883276,0.048291007557817615,3
NaClFWater,NaCl/NaF/water,"BC S-loss, fixed kappa_D",0.005,298.15,F,NaCl,neutral ion-pair NaCl: mu_Na + mu_Cl,0.085,0.01,0.01,7.424655774288365,kJ/mol,2.995072397636211,0.07695113454835223,7.424655774288365,3.036119727202897,0.04104732956668566,0.0,0.0,NaClFWater/data/S0_NaClFWater_matrix_BC_s_loss_split0.csv,0,0.19158106930476623,0.11060938193474314,0.07728293270799222,0.04461932200272305,3
NaClFWater,NaCl/NaF/water,"BC S-loss, fixed kappa_D",0.005,298.15,F,NaCl,neutral ion-pair NaCl: mu_Na + mu_Cl,0.085,0.0125,0.0125,7.696050718203892,kJ/mol,3.104551884644123,0.07976394493039152,7.696050718203892,3.145599214210809,0.04104732956668566,0.0,0.0,NaClFWater/data/S0_NaClFWater_matrix_BC_s_loss_split0.csv,0,0.18001224222277032,0.10393011650474457,0.07261612043821647,0.041924936682510565,3
NaClFWater,NaCl/NaF/water,"BC S-loss, fixed kappa_D",0.005,298.15,F,NaCl,neutral ion-pair NaCl: mu_Na + mu_Cl,0.085,0.015,0.015,7.977397805700363,kJ/mol,3.218046021144584,0.0826799020121598,7.977397805700363,3.25909335071127,0.04104732956668566,0.0,0.0,NaClFWater/data/S0_NaClFWater_matrix_BC_s_loss_split0.csv,0,0.1719918073920746,0.09929951629622454,0.0693807134767726,0.04005697360238296,3
NaClFWater,NaCl/NaF/water,"BC S-loss, fixed kappa_D",0.005,298.15,F,NaCl,neutral ion-pair NaCl: mu_Na + mu_Cl,0.085,0.0175,0.0175,8.26897774437162,kJ/mol,3.335668043305261,0.08570191512285419,8.26897774437162,3.3767153728719466,0.04104732956668566,0.0,0.0,NaClFWater/data/S0_NaClFWater_matrix_BC_s_loss_split0.csv,0,0.16694152946439897,0.09638373697519859,0.06734345431198377,0.038880761475183094,3
NaClFWater,NaCl/NaF/water,"BC S-loss, fixed kappa_D",0.005,298.15,F,NaCl,neutral ion-pair NaCl: mu_Na + mu_Cl,0.085,0.02,0.02,8.57078098055962,kJ/mol,3.457414097223915,0.0888298852457865,8.57078098055962,3.498461426790601,0.04104732956668566,0.0,0.0,NaClFWater/data/S0_NaClFWater_matrix_BC_s_loss_split0.csv,0,0.16427759773175526,0.09484571527225397,0.06626883635740347,0.03826033050983015,3
NaClFWater,NaCl/NaF/water,"BC S-loss, fixed kappa_D",0.005,298.15,F,NaCl,neutral ion-pair NaCl: mu_Na + mu_Cl,0.085,0.0225,0.0225,8.882371849841109,kJ/mol,3.583108437852105,0.09205929703739457,8.882371849841109,3.6241557674187908,0.04104732956668566,0.0,0.0,NaClFWater/data/S0_NaClFWater_matrix_BC_s_loss_split0.csv,0,0.16337749745590982,0.09432604213569694,0.06590573999667708,0.038050696728223,3
NaClFWater,NaCl/NaF/water,"BC S-loss, fixed kappa_D",0.005,298.15,F,NaCl,neutral ion-pair NaCl: mu_Na + mu_Cl,0.085,0.025,0.025,9.202766831749718,kJ/mol,3.712354317503355,0.09537995702635271,9.202766831749718,3.753401647070041,0.04104732956668566,0.0,0.0,NaClFWater/data/S0_NaClFWater_matrix_BC_s_loss_split0.csv,0,0.16359357892609544,0.09445079683067549,0.06599290627975692,0.0381010222052234,3
NaClFWater,NaCl/NaF/water,"BC S-loss, fixed kappa_D",0.005,298.15,F,NaCl,neutral ion-pair NaCl: mu_Na + mu_Cl,0.085,0.0275,0.0275,9.530332992984714,kJ/mol,3.8444930183050934,0.09877494105160167,9.530332992984714,3.885540347871779,0.04104732956668566,0.0,0.0,NaClFWater/data/S0_NaClFWater_matrix_BC_s_loss_split0.csv,0,0.16433640641703298,0.09487966848252974,0.06629255951378528,0.03827402708055322,3
NaClFWater,NaCl/NaF/water,"BC S-loss, fixed kappa_D",0.005,298.15,F,NaCl,neutral ion-pair NaCl: mu_Na + mu_Cl,0.085,0.03,0.03,9.86271191160433,kJ/mol,3.9785731635639756,0.10221980579217414,9.86271191160433,4.019620493130661,0.04104732956668566,0.0,0.0,NaClFWater/data/S0_NaClFWater_matrix_BC_s_loss_split0.csv,0,0.16528190386468167,0.09542555168844781,0.0666739688873073,0.0384942338850276,3
NaClFWater,NaCl/NaF/water,"BC S-loss, fixed kappa_D",0.005,298.15,F,NaCl,neutral ion-pair NaCl: mu_Na + mu_Cl,0.0875,0.0,0.0,6.774164711873646,kJ/mol,2.7326672592465977,0.0702092697686112,6.774164711873646,2.7737145888132835,0.04104732956668566,0.0,0.0,NaClFWater/data/S0_NaClFWater_matrix_BC_s_loss_split0.csv,0,0.28119934524613,0.16235051767379968,0.11343453794809552,0.06549146101973377,3
NaClFWater,NaCl/NaF/water,"BC S-loss, fixed kappa_D",0.005,298.15,F,NaCl,neutral ion-pair NaCl: mu_Na + mu_Cl,0.0875,0.0025,0.0025,7.01286022837488,kJ/mol,2.828955945839733,0.07268317446732907,7.01286022837488,2.8700032754064186,0.04104732956668566,0.0,0.0,NaClFWater/data/S0_NaClFWater_matrix_BC_s_loss_split0.csv,0,0.245742983144106,0.14187977746971128,0.09913160260931259,0.057233657451685634,3
NaClFWater,NaCl/NaF/water,"BC S-loss, fixed kappa_D",0.005,298.15,F,NaCl,neutral ion-pair NaCl: mu_Na + mu_Cl,0.0875,0.005,0.005,7.262059134243807,kJ/mol,2.9294816519706286,0.07526593912575663,7.262059134243807,2.9705289815373144,0.04104732956668566,0.0,0.0,NaClFWater/data/S0_NaClFWater_matrix_BC_s_loss_split0.csv,0,0.2191725699624148,0.1265393422667823,0.08841321868236215,0.05104539560618304,3
NaClFWater,NaCl/NaF/water,"BC S-loss, fixed kappa_D",0.005,298.15,F,NaCl,neutral ion-pair NaCl: mu_Na + mu_Cl,0.0875,0.0075,0.0075,7.521431212082503,kJ/mol,3.0341111694416507,0.07795414128173661,7.521431212082503,3.0751584990083365,0.04104732956668566,0.0,0.0,NaClFWater/data/S0_NaClFWater_matrix_BC_s_loss_split0.csv,0,0.19940630863149067,0.11512728596650074,0.08043959869020971,0.046441823957298047,3
NaClFWater,NaCl/NaF/water,"BC S-loss, fixed kappa_D",0.005,298.15,F,NaCl,neutral ion-pair NaCl: mu_Na + mu_Cl,0.0875,0.01,0.01,7.790839001873385,kJ/mol,3.1427890475064,0.08074635626257987,7.790839001873385,3.183836377073086,0.04104732956668566,0.0,0.0,NaClFWater/data/S0_NaClFWater_matrix_BC_s_loss_split0.csv,0,0.185072036411247,0.10685139004150568,0.07465721841936578,0.04310336515136952,3
NaClFWater,NaCl/NaF/water,"BC S-loss, fixed kappa_D",0.005,298.15,F,NaCl,neutral ion-pair NaCl: mu_Na + mu_Cl,0.0875,0.0125,0.0125,8.07022931335435,kJ/mol,3.2554938294548705,0.08364203279006688,8.07022931335435,3.2965411590215563,0.04104732956668566,0.0,0.0,NaClFWater/data/S0_NaClFWater_matrix_BC_s_loss_split0.csv,0,0.17522999105543127,0.10116908250594897,0.0706869820504865,0.04081114811505063,3
NaClFWater,NaCl/NaF/water,"BC S-loss, fixed kappa_D",0.005,298.15,F,NaCl,neutral ion-pair NaCl: mu_Na + mu_Cl,0.0875,0.015,0.015,8.359514184780616,kJ/mol,3.3721900319189633,0.08664025920495533,8.359514184780616,3.413237361485649,0.04104732956668566,0.0,0.0,NaClFWater/data/S0_NaClFWater_matrix_BC_s_loss_split0.csv,0,0.16916347155880374,0.09766657584152695,0.06823977565514203,0.03939825284393592,3
NaClFWater,NaCl/NaF/water,"BC S-loss, fixed kappa_D",0.005,298.15,F,NaCl,neutral ion-pair NaCl: mu_Na + mu_Cl,0.0875,0.0175,0.0175,8.658447088501473,kJ/mol,3.4927782067647386,0.08973848042819554,8.658447088501473,3.5338255363314244,0.04104732956668566,0.0,0.0,NaClFWater/data/S0_NaClFWater_matrix_BC_s_loss_split0.csv,0,0.16623475213541938,0.0959756788940551,0.0670583435494574,0.038716152699689636,3
NaClFWater,NaCl/NaF/water,"BC S-loss, fixed kappa_D",0.005,298.15,F,NaCl,neutral ion-pair NaCl: mu_Na + mu_Cl,0.0875,0.02,0.02,8.966500470995342,kJ/mol,3.6170455412990847,0.09293122875283188,8.966500470995342,3.6580928708657705,0.04104732956668566,0.0,0.0,NaClFWater/data/S0_NaClFWater_matrix_BC_s_loss_split0.csv,0,0.16579565903726587,0.09572216837563687,0.06688121538914236,0.038613887708650686,3
NaClFWater,NaCl/NaF/water,"BC S-loss, fixed kappa_D",0.005,298.15,F,NaCl,neutral ion-pair NaCl: mu_Na + mu_Cl,0.0875,0.0225,0.0225,9.282750728366983,kJ/mol,3.7446194579080245,0.09620893169903866,9.282750728366983,3.7856667874747103,0.04104732956668566,0.0,0.0,NaClFWater/data/S0_NaClFWater_matrix_BC_s_loss_split0.csv,0,0.167151369431365,0.09650488813661316,0.06742810280102965,0.03892963330312023,3
NaClFWater,NaCl/NaF/water,"BC S-loss, fixed kappa_D",0.005,298.15,F,NaCl,neutral ion-pair NaCl: mu_Na + mu_Cl,0.0875,0.025,0.025,9.605776476924339,kJ/mol,3.8749265768697305,0.09955685766294663,9.605776476924339,3.9159739064364163,0.04104732956668566,0.0,0.0,NaClFWater/data/S0_NaClFWater_matrix_BC_s_loss_split0.csv,0,0.16958341908264737,0.09790903265746359,0.06840918057778834,0.03949605882162782,3
NaClFWater,NaCl/NaF/water,"BC S-loss, fixed kappa_D",0.005,298.15,F,NaCl,neutral ion-pair NaCl: mu_Na + mu_Cl,0.0875,0.0275,0.0275,9.933575470588151,kJ/mol,4.007159201215135,0.10295425482627252,9.933575470588151,4.048206530781821,0.04104732956668566,0.0,0.0,NaClFWater/data/S0_NaClFWater_matrix_BC_s_loss_split0.csv,0,0.17244766879070061,0.09956270799743443,0.06956460589329394,0.04016314393856348,3
NaClFWater,NaCl/NaF/water,"BC S-loss, fixed kappa_D",0.005,298.15,F,NaCl,neutral ion-pair NaCl: mu_Na + mu_Cl,0.09,0.0,0.0,7.123486048955055,kJ/mol,2.873581899117317,0.07382973030274798,7.123486048955055,2.914629228684003,0.04104732956668566,0.0,0.0,NaClFWater/data/S0_NaClFWater_matrix_BC_s_loss_split0.csv,0,0.2715232843674547,0.1567640413208013,0.10953125896297028,0.06323790184694951,3
NaClFWater,NaCl/NaF/water,"BC S-loss, fixed kappa_D",0.005,298.15,F,NaCl,neutral ion-pair NaCl: mu_Na + mu_Cl,0.09,0.0025,0.0025,7.364332219484073,kJ/mol,2.970738149771508,0.07632592495974677,7.364332219484073,3.0117854793381937,0.04104732956668566,0.0,0.0,NaClFWater/data/S0_NaClFWater_matrix_BC_s_loss_split0.csv,0,0.23666407987042887,0.1366380702207072,0.09546921428823175,0.055119176568632675,3
NaClFWater,NaCl/NaF/water,"BC S-loss, fixed kappa_D",0.005,298.15,F,NaCl,neutral ion-pair NaCl: mu_Na + mu_Cl,0.09,0.005,0.005,7.617822993467311,kJ/mol,3.072995175995112,0.0789531716966394,7.617822993467311,3.1140425055617977,0.04104732956668566,0.0,0.0,NaClFWater/data/S0_NaClFWater_matrix_BC_s_loss_split0.csv,0,0.21096060867177874,0.12179816420505876,0.0851005508173798,0.049132825922599654,3
NaClFWater,NaCl/NaF/water,"BC S-loss, fixed kappa_D",0.005,298.15,F,NaCl,neutral ion-pair NaCl: mu_Na + mu_Cl,0.09,0.0075,0.0075,7.883170931059401,kJ/mol,3.1800353281330658,0.08170330927453051,7.883170931059401,3.2210826576997516,0.04104732956668566,0.0,0.0,NaClFWater/data/S0_NaClFWater_matrix_BC_s_loss_split0.csv,0,0.19242391469855286,0.11109599894973109,0.07762293270949377,0.04481562109511444,3
NaClFWater,NaCl/NaF/water,"BC S-loss, fixed kappa_D",0.005,298.15,F,NaCl,neutral ion-pair NaCl: mu_Na + mu_Cl,0.09,0.01,0.01,8.159708191218591,kJ/mol,3.2915892021441633,0.08456941600877599,8.159708191218591,3.332636531710849,0.04104732956668566,0.0,0.0,NaClFWater/data/S0_NaClFWater_matrix_BC_s_loss_split0.csv,0,0.1796940120512659,0.10374638622956223,0.07248774783324416,0.04185082072447323,3
NaClFWater,NaCl/NaF/water,"BC S-loss, fixed kappa_D",0.005,298.15,F,NaCl,neutral ion-pair NaCl: mu_Na + mu_Cl,0.09,0.0125,0.0125,8.4467970668316,kJ/mol,3.407399549876999,0.08754488253089221,8.4467970668316,3.4484468794436847,0.04104732956668566,0.0,0.0,NaClFWater/data/S0_NaClFWater_matrix_BC_s_loss_split0.csv,0,0.17180394860880024,0.09919105597713146,0.06930493209733304,0.04001322120256397,3
NaClFWater,NaCl/NaF/water,"BC S-loss, fixed kappa_D",0.005,298.15,F,NaCl,neutral ion-pair NaCl: mu_Na + mu_Cl,0.09,0.015,0.015,8.743732071417222,kJ/mol,3.527181781291171,0.09062239698874919,8.743732071417222,3.5682291108578568,0.04104732956668566,0.0,0.0,NaClFWater/data/S0_NaClFWater_matrix_BC_s_loss_split0.csv,0,0.16798304184974866,0.09698505443124457,0.0677635956750297,0.039123330204235356,3
NaClFWater,NaCl/NaF/water,"BC S-loss, fixed kappa_D",0.005,298.15,F,NaCl,neutral ion-pair NaCl: mu_Na + mu_Cl,0.09,0.0175,0.0175,9.049638670904974,kJ/mol,3.6505831133170097,0.09379289547541703,9.049638670904974,3.6916304428836955,0.04104732956668566,0.0,0.0,NaClFWater/data/S0_NaClFWater_matrix_BC_s_loss_split0.csv,0,0.16751087325855196,0.09671244776801427,0.06757312501113412,0.03901336191516252,3
NaClFWater,NaCl/NaF/water,"BC S-loss, fixed kappa_D",0.005,298.15,F,NaCl,neutral ion-pair NaCl: mu_Na + mu_Cl,0.09,0.02,0.02,9.363373971913997,kJ/mol,3.777142507958612,0.09704453273570833,9.363373971913997,3.818189837525298,0.04104732956668566,0.0,0.0,NaClFWater/data/S0_NaClFWater_matrix_BC_s_loss_split0.csv,0,0.16963025150473857,0.09793607136896473,0.06842807256402764,0.0395069661149686,3
NaClFWater,NaCl/NaF/water,"BC S-loss, fixed kappa_D",0.005,298.15,F,NaCl,neutral ion-pair NaCl: mu_Na + mu_Cl,0.09,0.0225,0.0225,9.683434671068737,kJ/mol,3.9062535394661153,0.10036172812806399,9.683434671068737,3.947300869032801,0.04104732956668566,0.0,0.0,NaClFWater/data/S0_NaClFWater_matrix_BC_s_loss_split0.csv,0,0.1735228140410078,0.10018344339711724,0.06999831460121751,0.04041354577783304,3
NaClFWater,NaCl/NaF/water,"BC S-loss, fixed kappa_D",0.005,298.15,F,NaCl,neutral ion-pair NaCl: mu_Na + mu_Cl,0.09,0.025,0.025,10.007877317982315,kJ/mol,4.037132228785557,0.10372433920861111,10.007877317982315,4.078179558352243,0.04104732956668566,0.0,0.0,NaClFWater/data/S0_NaClFWater_matrix_BC_s_loss_split0.csv,0,0.1783427059638439,0.10296620929623157,0.07194263709865485,0.041536100895119936,3
NaClFWater,NaCl/NaF/water,"BC S-loss, fixed kappa_D",0.005,298.15,F,NaCl,neutral ion-pair NaCl: mu_Na + mu_Cl,0.0925,0.0,0.0,7.4787518957104195,kJ/mol,3.016894527175395,0.07751180133811886,7.4787518957104195,3.057941856742081,0.04104732956668566,0.0,0.0,NaClFWater/data/S0_NaClFWater_matrix_BC_s_loss_split0.csv,0,0.26326154497574816,0.15199412385902497,0.10619851083823537,0.06131373881999258,3
NaClFWater,NaCl/NaF/water,"BC S-loss, fixed kappa_D",0.005,298.15,F,NaCl,neutral ion-pair NaCl: mu_Na + mu_Cl,0.0925,0.0025,0.0025,7.720568681890714,kJ/mol,3.1144423197723006,0.0800180557174599,7.720568681890714,3.1554896493389863,0.04104732956668566,0.0,0.0,NaClFWater/data/S0_NaClFWater_matrix_BC_s_loss_split0.csv,0,0.22959347506968333,0.1325558546356633,0.09261696444432078,0.05347242935345461,3
NaClFWater,NaCl/NaF/water,"BC S-loss, fixed kappa_D",0.005,298.15,F,NaCl,neutral ion-pair NaCl: mu_Na + mu_Cl,0.0925,0.005,0.005,7.977550930526224,kJ/mol,3.2181077910034532,0.08268148903914606,7.977550930526224,3.259155120570139,0.04104732956668566,0.0,0.0,NaClFWater/data/S0_NaClFWater_matrix_BC_s_loss_split0.csv,0,0.2050509680960265,0.11838623162783427,0.08271662866577237,0.047756467826641995,3
NaClFWater,NaCl/NaF/water,"BC S-loss, fixed kappa_D",0.005,298.15,F,NaCl,neutral ion-pair NaCl: mu_Na + mu_Cl,0.0925,0.0075,0.0075,8.248365066250186,kJ/mol,3.3273529826263992,0.0854882797684695,8.248365066250186,3.368400312193085,0.04104732956668566,0.0,0.0,NaClFWater/data/S0_NaClFWater_matrix_BC_s_loss_split0.csv,0,0.187855816319724,0.10845860612102956,0.07578018258342084,0.04375170881377702,3
NaClFWater,NaCl/NaF/water,"BC S-loss, fixed kappa_D",0.005,298.15,F,NaCl,neutral ion-pair NaCl: mu_Na + mu_Cl,0.0925,0.01,0.01,8.531718157821853,kJ/mol,3.4416563320544107,0.08842502761740434,8.531718157821853,3.4827036616210965,0.04104732956668566,0.0,0.0,NaClFWater/data/S0_NaClFWater_matrix_BC_s_loss_split0.csv,0,0.1767565581067557,0.10205044640396714,0.07130279226143203,0.04116668630610975,3
NaClFWater,NaCl/NaF/water,"BC S-loss, fixed kappa_D",0.005,298.15,F,NaCl,neutral ion-pair NaCl: mu_Na + mu_Cl,0.0925,0.0125,0.0125,8.826289650835996,kJ/mol,3.560485133641742,0.09147804600399922,8.826289650835996,3.601532463208428,0.04104732956668566,0.0,0.0,NaClFWater/data/S0_NaClFWater_matrix_BC_s_loss_split0.csv,0,0.17081606243174666,0.09862069962688086,0.06890642330300663,0.03978314204288518,3
NaClFWater,NaCl/NaF/water,"BC S-loss, fixed kappa_D",0.005,298.15,F,NaCl,neutral ion-pair NaCl: mu_Na + mu_Cl,0.0925,0.015,0.015,9.13065681445097,kJ/mol,3.6832654642325444,0.09463258936216334,9.13065681445097,3.72431279379923,0.04104732956668566,0.0,0.0,NaClFWater/data/S0_NaClFWater_matrix_BC_s_loss_split0.csv,0,0.16922565849202392,0.09770247948416169,0.0682648615813913,0.03941273621020881,3
NaClFWater,NaCl/NaF/water,"BC S-loss, fixed kappa_D",0.005,298.15,F,NaCl,neutral ion-pair NaCl: mu_Na + mu_Cl,0.0925,0.0175,0.0175,9.443218225731629,kJ/mol,3.809351317092524,0.09787206011276338,9.443218225731629,3.85039864665921,0.04104732956668566,0.0,0.0,NaClFWater/data/S0_NaClFWater_matrix_BC_s_loss_split0.csv,0,0.1711713963215175,0.09882585174379226,0.06904976337930795,0.03986589947452341,3
NaClFWater,NaCl/NaF/water,"BC S-loss, fixed kappa_D",0.005,298.15,F,NaCl,neutral ion-pair NaCl: mu_Na + mu_Cl,0.0925,0.02,0.02,9.762119782871714,kJ/mol,3.937994755979093,0.10117724184470944,9.762119782871714,3.9790420855457787,0.04104732956668566,0.0,0.0,NaClFWater/data/S0_NaClFWater_matrix_BC_s_loss_split0.csv,0,0.1757692822178052,0.10148044240371713,0.070904529654553,0.040936749282819984,3
NaClFWater,NaCl/NaF/water,"BC S-loss, fixed kappa_D",0.005,298.15,F,NaCl,neutral ion-pair NaCl: mu_Na + mu_Cl,0.0925,0.0225,0.0225,10.08518769868763,kJ/mol,4.068318885021271,0.10452560484145579,10.08518769868763,4.109366214587957,0.04104732956668566,0.0,0.0,NaClFWater/data/S0_NaClFWater_matrix_BC_s_loss_split0.csv,0,0.18206271370146454,0.10511395676493432,0.07344327131425359,0.04240249246345103,3
NaClFWater,NaCl/NaF/water,"BC S-loss, fixed kappa_D",0.005,298.15,F,NaCl,neutral ion-pair NaCl: mu_Na + mu_Cl,0.095,0.0,0.0,7.8402867284688265,kJ/mol,3.1627360356973866,0.08125884583489551,7.8402867284688265,3.2037833652640724,0.04104732956668566,0.0,0.0,NaClFWater/data/S0_NaClFWater_matrix_BC_s_loss_split0.csv,0,0.25860173124336067,0.14930377914625753,0.10431876315534154,0.060228465989265255,3
NaClFWater,NaCl/NaF/water,"BC S-loss, fixed kappa_D",0.005,298.15,F,NaCl,neutral ion-pair NaCl: mu_Na + mu_Cl,0.095,0.0025,0.0025,8.082106770117115,kJ/mol,3.260285141535286,0.08376513395478469,8.082106770117115,3.3013324711019716,0.04104732956668566,0.0,0.0,NaClFWater/data/S0_NaClFWater_matrix_BC_s_loss_split0.csv,0,0.2266538190789273,0.1308586434580754,0.09143112057706018,0.05278778207747483,3
NaClFWater,NaCl/NaF/water,"BC S-loss, fixed kappa_D",0.005,298.15,F,NaCl,neutral ion-pair NaCl: mu_Na + mu_Cl,0.095,0.005,0.005,8.341962967269904,kJ/mol,3.3651099505375095,0.08645835365388166,8.341962967269904,3.4061572801041953,0.04104732956668566,0.0,0.0,NaClFWater/data/S0_NaClFWater_matrix_BC_s_loss_split0.csv,0,0.20349147346920288,0.11748585698523788,0.08208753562051119,0.04739326078761513,3
NaClFWater,NaCl/NaF/water,"BC S-loss, fixed kappa_D",0.005,298.15,F,NaCl,neutral ion-pair NaCl: mu_Na + mu_Cl,0.095,0.0075,0.0075,8.617890735422959,kJ/mol,3.476417958243198,0.08931814344862232,8.617890735422959,3.517465287809884,0.04104732956668566,0.0,0.0,NaClFWater/data/S0_NaClFWater_matrix_BC_s_loss_split0.csv,0,0.18761903692699616,0.10832190147489958,0.07568466685244998,0.04369656278078915,3
NaClFWater,NaCl/NaF/water,"BC S-loss, fixed kappa_D",0.005,298.15,F,NaCl,neutral ion-pair NaCl: mu_Na + mu_Cl,0.095,0.01,0.01,8.907881593845545,kJ/mol,3.593398952653214,0.09232368690311432,8.907881593845545,3.6344462822199,0.04104732956668566,0.0,0.0,NaClFWater/data/S0_NaClFWater_matrix_BC_s_loss_split0.csv,0,0.17795982995579118,0.10274515572991608,0.07178818665700508,0.041446928891056986,3
NaClFWater,NaCl/NaF/water,"BC S-loss, fixed kappa_D",0.005,298.15,F,NaCl,neutral ion-pair NaCl: mu_Na + mu_Cl,0.095,0.0125,0.0125,9.209838112178415,kJ/mol,3.715206839892511,0.09545324568352953,9.209838112178415,3.7562541694591967,0.04104732956668566,0.0,0.0,NaClFWater/data/S0_NaClFWater_matrix_BC_s_loss_split0.csv,0,0.17365813363310717,0.10026157020004244,0.07005290190970395,0.04044506177508203,3
NaClFWater,NaCl/NaF/water,"BC S-loss, fixed kappa_D",0.005,298.15,F,NaCl,neutral ion-pair NaCl: mu_Na + mu_Cl,0.095,0.015,0.015,9.521524783547717,kJ/mol,3.8409398266475474,0.09868365039380932,9.521524783547717,3.881987156214233,0.04104732956668566,0.0,0.0,NaClFWater/data/S0_NaClFWater_matrix_BC_s_loss_split0.csv,0,0.173907083774948,0.10040530163144903,0.07015332726555645,0.04050304238131693,3
NaClFWater,NaCl/NaF/water,"BC S-loss, fixed kappa_D",0.005,298.15,F,NaCl,neutral ion-pair NaCl: mu_Na + mu_Cl,0.095,0.0175,0.0175,9.840518339427886,kJ/mol,3.9696203774077734,0.10198978562550563,9.840518339427886,4.010667706974459,0.04104732956668566,0.0,0.0,NaClFWater/data/S0_NaClFWater_matrix_BC_s_loss_split0.csv,0,0.17783847329019928,0.10267509042636863,0.07173923192961643,0.04141866486602104,3
NaClFWater,NaCl/NaF/water,"BC S-loss, fixed kappa_D",0.005,298.15,F,NaCl,neutral ion-pair NaCl: mu_Na + mu_Cl,0.095,0.02,0.02,10.164161120921523,kJ/mol,4.100176404651839,0.10534410668515193,10.164161120921523,4.141223734218525,0.04104732956668566,0.0,0.0,NaClFWater/data/S0_NaClFWater_matrix_BC_s_loss_split0.csv,0,0.18448814978733247,0.1065142829420124,0.07442168120877946,0.04296737767943334,3
NaClFWater,NaCl/NaF/water,"BC S-loss, fixed kappa_D",0.005,298.15,F,NaCl,neutral ion-pair NaCl: mu_Na + mu_Cl,0.0975,0.0,0.0,8.208776261831728,kJ/mol,3.311383038837253,0.0850779707241145,8.208776261831728,3.352430368403939,0.04104732956668566,0.0,0.0,NaClFWater/data/S0_NaClFWater_matrix_BC_s_loss_split0.csv,0,0.2605661828384823,0.15043795580351102,0.10511121400126724,0.06068598769848001,3
NaClFWater,NaCl/NaF/water,"BC S-loss, fixed kappa_D",0.005,298.15,F,NaCl,neutral ion-pair NaCl: mu_Na + mu_Cl,0.0975,0.0025,0.0025,8.449905712696806,kJ/mol,3.4086535634916295,0.08757710137490447,8.449905712696806,3.4497008930583153,0.04104732956668566,0.0,0.0,NaClFWater/data/S0_NaClFWater_matrix_BC_s_loss_split0.csv,0,0.23061554292568118,0.13314594578745373,0.09302926197259283,0.053710469442388685,3
NaClFWater,NaCl/NaF/water,"BC S-loss, fixed kappa_D",0.005,298.15,F,NaCl,neutral ion-pair NaCl: mu_Na + mu_Cl,0.0975,0.005,0.005,8.712254109253081,kJ/mol,3.5144837144072967,0.0902961509006559,8.712254109253081,3.5555310439739825,0.04104732956668566,0.0,0.0,NaClFWater/data/S0_NaClFWater_matrix_BC_s_loss_split0.csv,0,0.20885865671230522,0.12058460167543306,0.08425263294935176,0.04864328031324297,3
NaClFWater,NaCl/NaF/water,"BC S-loss, fixed kappa_D",0.005,298.15,F,NaCl,neutral ion-pair NaCl: mu_Na + mu_Cl,0.0975,0.0075,0.0075,8.993146437542418,kJ/mol,3.6277944031102756,0.09320739473537287,8.993146437542418,3.6688417326769613,0.04104732956668566,0.0,0.0,NaClFWater/data/S0_NaClFWater_matrix_BC_s_loss_split0.csv,0,0.19410004481513618,0.11206371312373731,0.07829907598126801,0.045205992595084045,3
NaClFWater,NaCl/NaF/water,"BC S-loss, fixed kappa_D",0.005,298.15,F,NaCl,neutral ion-pair NaCl: mu_Na + mu_Cl,0.0975,0.01,0.01,9.28977405629018,kJ/mol,3.7474526364743848,0.09628172336351781,9.28977405629018,3.7884999660410705,0.04104732956668566,0.0,0.0,NaClFWater/data/S0_NaClFWater_matrix_BC_s_loss_split0.csv,0,0.18546659893997286,0.1070791908236777,0.07481638315034497,0.04319525895164585,3
NaClFWater,NaCl/NaF/water,"BC S-loss, fixed kappa_D",0.005,298.15,F,NaCl,neutral ion-pair NaCl: mu_Na + mu_Cl,0.0975,0.0125,0.0125,9.599174671112447,kJ/mol,3.8722634384074435,0.09948843476729508,9.599174671112447,3.9133107679741292,0.04104732956668566,0.0,0.0,NaClFWater/data/S0_NaClFWater_matrix_BC_s_loss_split0.csv,0,0.18223360009208883,0.10521261806856211,0.07351220610762983,0.04244229198496334,3
NaClFWater,NaCl/NaF/water,"BC S-loss, fixed kappa_D",0.005,298.15,F,NaCl,neutral ion-pair NaCl: mu_Na + mu_Cl,0.0975,0.015,0.015,9.9182105058235,kJ/mol,4.00096104425591,0.10279500818819541,9.9182105058235,4.042008373822596,0.04104732956668566,0.0,0.0,NaClFWater/data/S0_NaClFWater_matrix_BC_s_loss_split0.csv,0,0.18367432514630017,0.10604442106643926,0.07409338804705327,0.04277783753413761,3
NaClFWater,NaCl/NaF/water,"BC S-loss, fixed kappa_D",0.005,298.15,F,NaCl,neutral ion-pair NaCl: mu_Na + mu_Cl,0.0975,0.0175,0.0175,10.243547323641094,kJ/mol,4.132200438054428,0.10616688669711039,10.243547323641094,4.173247767621114,0.04104732956668566,0.0,0.0,NaClFWater/data/S0_NaClFWater_matrix_BC_s_loss_split0.csv,0,0.18897250790571513,0.10910332830880332,0.07623065089435013,0.044011786814353436,3
NaClFWater,NaCl/NaF/water,"BC S-loss, fixed kappa_D",0.005,298.15,F,NaCl,neutral ion-pair NaCl: mu_Na + mu_Cl,0.1,0.0,0.0,8.585249166099723,kJ/mol,3.463250497519415,0.08897983742215843,8.585249166099723,3.5042978270861007,0.04104732956668566,0.0,0.0,NaClFWater/data/S0_NaClFWater_matrix_BC_s_loss_split0.csv,0,0.27304558709266685,0.1576429432089906,0.11014534896414158,0.06359244687443241,3
NaClFWater,NaCl/NaF/water,"BC S-loss, fixed kappa_D",0.005,298.15,F,NaCl,neutral ion-pair NaCl: mu_Na + mu_Cl,0.1,0.0025,0.0025,8.825323930096236,kJ/mol,3.560095566284088,0.09146803701383988,8.825323930096236,3.601142895850774,0.04104732956668566,0.0,0.0,NaClFWater/data/S0_NaClFWater_matrix_BC_s_loss_split0.csv,0,0.24488096161621523,0.14138208910853628,0.09878386704246042,0.05703289222855673,3
NaClFWater,NaCl/NaF/water,"BC S-loss, fixed kappa_D",0.005,298.15,F,NaCl,neutral ion-pair NaCl: mu_Na + mu_Cl,0.1,0.005,0.005,9.090068037345626,kJ/mol,3.666892136005933,0.09421191633123271,9.090068037345626,3.7079394655726188,0.04104732956668566,0.0,0.0,NaClFWater/data/S0_NaClFWater_matrix_BC_s_loss_split0.csv,0,0.22423003204719838,0.1294592693628484,0.09045337590347968,0.05222328092698441,3
NaClFWater,NaCl/NaF/water,"BC S-loss, fixed kappa_D",0.005,298.15,F,NaCl,neutral ion-pair NaCl: mu_Na + mu_Cl,0.1,0.0075,0.0075,9.376023356357276,kJ/mol,3.782245212157284,0.097175634367062,9.376023356357276,3.8232925417239696,0.04104732956668566,0.0,0.0,NaClFWater/data/S0_NaClFWater_matrix_BC_s_loss_split0.csv,0,0.21017178701326694,0.12134273780817437,0.0847823437451749,0.04894910898380412,3
NaClFWater,NaCl/NaF/water,"BC S-loss, fixed kappa_D",0.005,298.15,F,NaCl,neutral ion-pair NaCl: mu_Na + mu_Cl,0.1,0.01,0.01,9.67950376770375,kJ/mol,3.904667830912862,0.10032098718559723,9.67950376770375,3.9457151604795477,0.04104732956668566,0.0,0.0,NaClFWater/data/S0_NaClFWater_matrix_BC_s_loss_split0.csv,0,0.2020347135098956,0.11664479623058716,0.08149988527324373,0.04705398070143089,3
NaClFWater,NaCl/NaF/water,"BC S-loss, fixed kappa_D",0.005,298.15,F,NaCl,neutral ion-pair NaCl: mu_Na + mu_Cl,0.1,0.0125,0.0125,9.996601749790798,kJ/mol,4.032583715819471,0.10360747617934862,9.996601749790798,4.073631045386157,0.04104732956668566,0.0,0.0,NaClFWater/data/S0_NaClFWater_matrix_BC_s_loss_split0.csv,0,0.19926963997799635,0.115048380282616,0.08038446717648766,0.04640999376300979,3
NaClFWater,NaCl/NaF/water,"BC S-loss, fixed kappa_D",0.005,298.15,F,NaCl,neutral ion-pair NaCl: mu_Na + mu_Cl,0.1,0.015,0.015,10.323195477844715,kJ/mol,4.164330141495232,0.10699238164488635,10.323195477844715,4.205377471061918,0.04104732956668566,0.0,0.0,NaClFWater/data/S0_NaClFWater_matrix_BC_s_loss_split0.csv,0,0.20133227885622682,0.11623924539420336,0.08121652632620235,0.04689038333707926,3
NaClFWater,NaCl/NaF/water,"BC S-loss, fixed kappa_D",0.005,298.15,F,NaF,neutral ion-pair NaF: mu_Na + mu_F,0.0,0.0,0.0,0.0,kJ/mol,0.0,0.0,0.0,0.10146136355278199,0.10146136355278199,0.0,0.0,NaClFWater/data/S0_NaClFWater_matrix_BC_s_loss_split0.csv,0,0.0,0.0,0.0,0.0,3
NaClFWater,NaCl/NaF/water,"BC S-loss, fixed kappa_D",0.005,298.15,F,NaF,neutral ion-pair NaF: mu_Na + mu_F,0.0,0.0025,0.0025,-0.37897310806581375,kJ/mol,-0.15287602953190318,-0.003927779484399707,-0.37897310806581375,-0.0514146659791212,0.10146136355278199,0.0,0.0,NaClFWater/data/S0_NaClFWater_matrix_BC_s_loss_split0.csv,0,0.08977929564078577,0.05183410050586266,0.036216559855087885,0.020909640581457185,3
NaClFWater,NaCl/NaF/water,"BC S-loss, fixed kappa_D",0.005,298.15,F,NaF,neutral ion-pair NaF: mu_Na + mu_F,0.0,0.005,0.005,-0.7098103912423783,kJ/mol,-0.28633428605909644,-0.007356666299529024,-0.7098103912423783,-0.18487292250631446,0.10146136355278199,0.0,0.0,NaClFWater/data/S0_NaClFWater_matrix_BC_s_loss_split0.csv,0,0.14693728472676099,0.08483428089098814,0.05927383289509014,0.03422176337788119,3
NaClFWater,NaCl/NaF/water,"BC S-loss, fixed kappa_D",0.005,298.15,F,NaF,neutral ion-pair NaF: mu_Na + mu_F,0.0,0.0075,0.0075,-0.9973064545197785,kJ/mol,-0.40230889144526283,-0.010336353024399614,-0.9973064545197785,-0.30084752789248087,0.10146136355278199,0.0,0.0,NaClFWater/data/S0_NaClFWater_matrix_BC_s_loss_split0.csv,0,0.17867992544446287,0.10316090305414291,0.07207866990462605,0.041614639472266034,3
NaClFWater,NaCl/NaF/water,"BC S-loss, fixed kappa_D",0.005,298.15,F,NaF,neutral ion-pair NaF: mu_Na + mu_F,0.0,0.01,0.01,-1.246069492628276,kJ/mol,-0.5026587705024234,-0.01291460023182367,-1.246069492628276,-0.40119740694964134,0.10146136355278199,0.0,0.0,NaClFWater/data/S0_NaClFWater_matrix_BC_s_loss_split0.csv,0,0.19160600910296455,0.11062378093394647,0.07729299330924551,0.04462513049356484,3
NaClFWater,NaCl/NaF/water,"BC S-loss, fixed kappa_D",0.005,298.15,F,NaF,neutral ion-pair NaF: mu_Na + mu_F,0.0,0.0125,0.0125,-1.4604320882161885,kJ/mol,-0.5891316673812753,-0.015136311976675641,-1.4604320882161885,-0.48767030382849336,0.10146136355278199,0.0,0.0,NaClFWater/data/S0_NaClFWater_matrix_BC_s_loss_split0.csv,0,0.1916831412028157,0.11066831317255871,0.07732410804779487,0.04464309459624208,3
NaClFWater,NaCl/NaF/water,"BC S-loss, fixed kappa_D",0.005,298.15,F,NaF,neutral ion-pair NaF: mu_Na + mu_F,0.0,0.015,0.015,-1.6443937108911912,kJ/mol,-0.6633409499457694,-0.0170429398404508,-1.6443937108911912,-0.5618795863929874,0.10146136355278199,0.0,0.0,NaClFWater/data/S0_NaClFWater_matrix_BC_s_loss_split0.csv,0,0.1842237701585463,0.10636164329216445,0.07431503166801355,0.04290580353836319,3
NaClFWater,NaCl/NaF/water,"BC S-loss, fixed kappa_D",0.005,298.15,F,NaF,neutral ion-pair NaF: mu_Na + mu_F,0.0,0.0175,0.0175,-1.8015953312666146,kJ/mol,-0.726755369194754,-0.018672219824395597,-1.8015953312666146,-0.625294005641972,0.10146136355278199,0.0,0.0,NaClFWater/data/S0_NaClFWater_matrix_BC_s_loss_split0.csv,0,0.17385010955559568,0.1003724075505691,0.0701303441243918,0.0404897730585787,3
NaClFWater,NaCl/NaF/water,"BC S-loss, fixed kappa_D",0.005,298.15,F,NaF,neutral ion-pair NaF: mu_Na + mu_F,0.0,0.02,0.02,-1.9353250026682807,kJ/mol,-0.7807013108971463,-0.020058230199822447,-1.9353250026682807,-0.6792399473443643,0.10146136355278199,0.0,0.0,NaClFWater/data/S0_NaClFWater_matrix_BC_s_loss_split0.csv,0,0.16443682375020274,0.0949376444568666,0.0663330674096346,0.03829741432512613,3
NaClFWater,NaCl/NaF/water,"BC S-loss, fixed kappa_D",0.005,298.15,F,NaF,neutral ion-pair NaF: mu_Na + mu_F,0.0,0.0225,0.0225,-2.0485517806654214,kJ/mol,-0.8263764785765562,-0.021231743059274777,-2.0485517806654214,-0.7249151150237741,0.10146136355278199,0.0,0.0,NaClFWater/data/S0_NaClFWater_matrix_BC_s_loss_split0.csv,0,0.15902216489092819,0.09181148970689444,0.06414881863298554,0.03703633770595068,3
NaClFWater,NaCl/NaF/water,"BC S-loss, fixed kappa_D",0.005,298.15,F,NaF,neutral ion-pair NaF: mu_Na + mu_F,0.0,0.025,0.025,-2.143984016624526,kJ/mol,-0.8648734088659897,-0.02222082848663831,-2.143984016624526,-0.7634120453132077,0.10146136355278199,0.0,0.0,NaClFWater/data/S0_NaClFWater_matrix_BC_s_loss_split0.csv,0,0.15969144953655515,0.09219790137721166,0.06441880501743465,0.03719221441768991,3
NaClFWater,NaCl/NaF/water,"BC S-loss, fixed kappa_D",0.005,298.15,F,NaF,neutral ion-pair NaF: mu_Na + mu_F,0.0,0.0275,0.0275,-2.224146928024638,kJ/mol,-0.8972107630205189,-0.02305165851680613,-2.224146928024638,-0.7957493994677369,0.10146136355278199,0.0,0.0,NaClFWater/data/S0_NaClFWater_matrix_BC_s_loss_split0.csv,0,0.16746389054607014,0.09668532228631563,0.06755417239843424,0.0390024196191184,3
NaClFWater,NaCl/NaF/water,"BC S-loss, fixed kappa_D",0.005,298.15,F,NaF,neutral ion-pair NaF: mu_Na + mu_F,0.0,0.03,0.03,-2.2914734749749863,kJ/mol,-0.9243699860915002,-0.02374944900441278,-2.2914734749749863,-0.8229086225387182,0.10146136355278199,0.0,0.0,NaClFWater/data/S0_NaClFWater_matrix_BC_s_loss_split0.csv,0,0.1822200725112487,0.10520480791612256,0.07350674914299575,0.04243914140496289,3
NaClFWater,NaCl/NaF/water,"BC S-loss, fixed kappa_D",0.005,298.15,F,NaF,neutral ion-pair NaF: mu_Na + mu_F,0.0,0.0325,0.0325,-2.348402000106266,kJ/mol,-0.9473346944149884,-0.02433947158999672,-2.348402000106266,-0.8458733308622064,0.10146136355278199,0.0,0.0,NaClFWater/data/S0_NaClFWater_matrix_BC_s_loss_split0.csv,0,0.2026679874255998,0.11701041709628975,0.08175534509289442,0.04720147049707335,3
NaClFWater,NaCl/NaF/water,"BC S-loss, fixed kappa_D",0.005,298.15,F,NaF,neutral ion-pair NaF: mu_Na + mu_F,0.0,0.034999999999999996,0.034999999999999996,-2.3974738254959034,kJ/mol,-0.9671300457678549,-0.024848065220851367,-2.3974738254959034,-0.8656686822150729,0.10146136355278199,0.0,0.0,NaClFWater/data/S0_NaClFWater_matrix_BC_s_loss_split0.csv,0,0.2263247458845788,0.1306686529607352,0.09129837394594939,0.052711140774269,3
NaClFWater,NaCl/NaF/water,"BC S-loss, fixed kappa_D",0.005,298.15,F,NaF,neutral ion-pair NaF: mu_Na + mu_F,0.0,0.0375,0.0375,-2.441424080115365,kJ/mol,-0.9848593787472616,-0.025303577511181178,-2.441424080115365,-0.8833980151944796,0.10146136355278199,0.0,0.0,NaClFWater/data/S0_NaClFWater_matrix_BC_s_loss_split0.csv,0,0.24953212327164367,0.14406743854234236,0.10066012451682849,0.058116149986452176,3
NaClFWater,NaCl/NaF/water,"BC S-loss, fixed kappa_D",0.005,298.15,F,NaF,neutral ion-pair NaF: mu_Na + mu_F,0.0,0.04,0.04,-2.483259430168348,kJ/mol,-1.001735568835838,-0.025737170360287106,-2.483259430168348,-0.9002742052830561,0.10146136355278199,0.0,0.0,NaClFWater/data/S0_NaClFWater_matrix_BC_s_loss_split0.csv,0,0.26757823562659316,0.15448636636829868,0.10793984422937392,0.06231909812211531,3
NaClFWater,NaCl/NaF/water,"BC S-loss, fixed kappa_D",0.005,298.15,F,NaF,neutral ion-pair NaF: mu_Na + mu_F,0.0025,0.0,0.0,-0.24647345142964006,kJ/mol,-0.09942627019604817,-0.002554517313683391,-0.24647345142964006,0.0020350933567338117,0.10146136355278199,0.0,0.0,NaClFWater/data/S0_NaClFWater_matrix_BC_s_loss_split0.csv,0,0.03536672099253988,0.02041898588539729,0.014266774522595298,0.00823692611108809,3
NaClFWater,NaCl/NaF/water,"BC S-loss, fixed kappa_D",0.005,298.15,F,NaF,neutral ion-pair NaF: mu_Na + mu_F,0.0025,0.0025,0.0025,-0.557865856966846,kJ/mol,-0.22504055145172272,-0.005781872173528768,-0.557865856966846,-0.12357918789894073,0.10146136355278199,0.0,0.0,NaClFWater/data/S0_NaClFWater_matrix_BC_s_loss_split0.csv,0,0.07391071278835623,0.04267236992435459,0.029815245647969592,0.017213840100810063,3
NaClFWater,NaCl/NaF/water,"BC S-loss, fixed kappa_D",0.005,298.15,F,NaF,neutral ion-pair NaF: mu_Na + mu_F,0.0025,0.005,0.005,-0.8327664590835983,kJ/mol,-0.3359342050463737,-0.008631016142487624,-0.8327664590835983,-0.2344728414935917,0.10146136355278199,0.0,0.0,NaClFWater/data/S0_NaClFWater_matrix_BC_s_loss_split0.csv,0,0.14116778762556512,0.08150326018652394,0.05694644398422981,0.032878044763687025,3
NaClFWater,NaCl/NaF/water,"BC S-loss, fixed kappa_D",0.005,298.15,F,NaF,neutral ion-pair NaF: mu_Na + mu_F,0.0025,0.0075,0.0075,-1.0746989807845522,kJ/mol,-0.43352868482634743,-0.011138470035973569,-1.0746989807845522,-0.3320673212735655,0.10146136355278199,0.0,0.0,NaClFWater/data/S0_NaClFWater_matrix_BC_s_loss_split0.csv,0,0.18323721416959587,0.1057920549263733,0.07391705946552296,0.04267603418012526,3
NaClFWater,NaCl/NaF/water,"BC S-loss, fixed kappa_D",0.005,298.15,F,NaF,neutral ion-pair NaF: mu_Na + mu_F,0.0025,0.01,0.01,-1.2870076372354018,kJ/mol,-0.5191730319915352,-0.013338894201751827,-1.2870076372354018,-0.4177116684387532,0.10146136355278199,0.0,0.0,NaClFWater/data/S0_NaClFWater_matrix_BC_s_loss_split0.csv,0,0.20482036038213916,0.11825309020214421,0.08262360256199812,0.04770275918058627,3
NaClFWater,NaCl/NaF/water,"BC S-loss, fixed kappa_D",0.005,298.15,F,NaF,neutral ion-pair NaF: mu_Na + mu_F,0.0025,0.0125,0.0125,-1.4727955658873855,kJ/mol,-0.5941190380874065,-0.015264450393146944,-1.4727955658873855,-0.49265767453462456,0.10146136355278199,0.0,0.0,NaClFWater/data/S0_NaClFWater_matrix_BC_s_loss_split0.csv,0,0.210927444043492,0.12177901659798984,0.08508717235704714,0.049125101864925254,3
NaClFWater,NaCl/NaF/water,"BC S-loss, fixed kappa_D",0.005,298.15,F,NaF,neutral ion-pair NaF: mu_Na + mu_F,0.0025,0.015,0.015,-1.6348906502842224,kJ/mol,-0.6595074584840425,-0.016944447557762032,-1.6348906502842224,-0.5580460949312605,0.10146136355278199,0.0,0.0,NaClFWater/data/S0_NaClFWater_matrix_BC_s_loss_split0.csv,0,0.20632776342140505,0.11912338975264163,0.08323168209757105,0.048053834064138004,3
NaClFWater,NaCl/NaF/water,"BC S-loss, fixed kappa_D",0.005,298.15,F,NaF,neutral ion-pair NaF: mu_Na + mu_F,0.0025,0.0175,0.0175,-1.775838780639516,kJ/mol,-0.716365293723688,-0.018405271988285676,-1.775838780639516,-0.6149039301709059,0.10146136355278199,0.0,0.0,NaClFWater/data/S0_NaClFWater_matrix_BC_s_loss_split0.csv,0,0.19546550929964318,0.11285206441143629,0.07884989814889803,0.04552400992184086,3
NaClFWater,NaCl/NaF/water,"BC S-loss, fixed kappa_D",0.005,298.15,F,NaF,neutral ion-pair NaF: mu_Na + mu_F,0.0025,0.02,0.02,-1.8979232269837976,kJ/mol,-0.7656136045602269,-0.019670588111011966,-1.8979232269837976,-0.6641522410074449,0.10146136355278199,0.0,0.0,NaClFWater/data/S0_NaClFWater_matrix_BC_s_loss_split0.csv,0,0.18238413032828787,0.1052995267409528,0.07357292932082056,0.042477350548445064,3
NaClFWater,NaCl/NaF/water,"BC S-loss, fixed kappa_D",0.005,298.15,F,NaF,neutral ion-pair NaF: mu_Na + mu_F,0.0025,0.0225,0.0225,-2.003207519706066,kJ/mol,-0.8080848097747664,-0.020761782911336013,-2.003207519706066,-0.7066234462219844,0.10146136355278199,0.0,0.0,NaClFWater/data/S0_NaClFWater_matrix_BC_s_loss_split0.csv,0,0.17060622344654255,0.09849954903228679,0.06882177520999908,0.03973427044360088,3
NaClFWater,NaCl/NaF/water,"BC S-loss, fixed kappa_D",0.005,298.15,F,NaF,neutral ion-pair NaF: mu_Na + mu_F,0.0025,0.025,0.025,-2.0935980720294083,kJ/mol,-0.8445479477977117,-0.021698614969977825,-2.0935980720294083,-0.7430865842449297,0.10146136355278199,0.0,0.0,NaClFWater/data/S0_NaClFWater_matrix_BC_s_loss_split0.csv,0,0.16294737312720445,0.09407770973873389,0.06573222979719835,0.03795052056784681,3
NaClFWater,NaCl/NaF/water,"BC S-loss, fixed kappa_D",0.005,298.15,F,NaF,neutral ion-pair NaF: mu_Na + mu_F,0.0025,0.0275,0.0275,-2.1709218200679157,kJ/mol,-0.8757399963548864,-0.022500019145468286,-2.1709218200679157,-0.7742786328021044,0.10146136355278199,0.0,0.0,NaClFWater/data/S0_NaClFWater_matrix_BC_s_loss_split0.csv,0,0.16128226749117247,0.09311636055154165,0.06506053375077718,0.03756271667463194,3
NaClFWater,NaCl/NaF/water,"BC S-loss, fixed kappa_D",0.005,298.15,F,NaF,neutral ion-pair NaF: mu_Na + mu_F,0.0025,0.03,0.03,-2.237013412110121,kJ/mol,-0.9024010442282357,-0.023185010227393832,-2.237013412110121,-0.8009396806754537,0.10146136355278199,0.0,0.0,NaClFWater/data/S0_NaClFWater_matrix_BC_s_loss_split0.csv,0,0.16636190800756762,0.09604909237106893,0.0671096376504159,0.03874576736268587,3
NaClFWater,NaCl/NaF/water,"BC S-loss, fixed kappa_D",0.005,298.15,F,NaF,neutral ion-pair NaF: mu_Na + mu_F,0.0025,0.0325,0.0325,-2.2938060205285566,kJ/mol,-0.925310924367443,-0.023773624135515092,-2.2938060205285566,-0.823849560814661,0.10146136355278199,0.0,0.0,NaClFWater/data/S0_NaClFWater_matrix_BC_s_loss_split0.csv,0,0.17779273682323274,0.10264868446485372,0.07172078204669395,0.04140801282114923,3
NaClFWater,NaCl/NaF/water,"BC S-loss, fixed kappa_D",0.005,298.15,F,NaF,neutral ion-pair NaF: mu_Na + mu_F,0.0025,0.034999999999999996,0.034999999999999996,-2.343419662784903,kJ/mol,-0.9453248421820264,-0.02428783330248052,-2.343419662784903,-0.8438634786292444,0.10146136355278199,0.0,0.0,NaClFWater/data/S0_NaClFWater_matrix_BC_s_loss_split0.csv,0,0.19415161527868877,0.11209348734475162,0.07831987927190075,0.04521800338053089,3
NaClFWater,NaCl/NaF/water,"BC S-loss, fixed kappa_D",0.005,298.15,F,NaF,neutral ion-pair NaF: mu_Na + mu_F,0.0025,0.0375,0.0375,-2.3882410399876832,kJ/mol,-0.9634055820526847,-0.024752374142167355,-2.3882410399876832,-0.8619442184999027,0.10146136355278199,0.0,0.0,NaClFWater/data/S0_NaClFWater_matrix_BC_s_loss_split0.csv,0,0.21314055089002135,0.12305675443157896,0.08597992960136464,0.04964053550025295,3
NaClFWater,NaCl/NaF/water,"BC S-loss, fixed kappa_D",0.005,298.15,F,NaF,neutral ion-pair NaF: mu_Na + mu_F,0.0025,0.04,0.04,-2.430989298321973,kJ/mol,-0.980650035193184,-0.02519542861887203,-2.430989298321973,-0.879188671640402,0.10146136355278199,0.0,0.0,NaClFWater/data/S0_NaClFWater_matrix_BC_s_loss_split0.csv,0,0.23183761758039695,0.1338515109183237,0.09352224133452708,0.05399509120970636,3
NaClFWater,NaCl/NaF/water,"BC S-loss, fixed kappa_D",0.005,298.15,F,NaF,neutral ion-pair NaF: mu_Na + mu_F,0.005,0.0,0.0,-0.43906171356989676,kJ/mol,-0.17711549991664033,-0.004550553995102291,-0.43906171356989676,-0.07565413636385833,0.10146136355278199,0.0,0.0,NaClFWater/data/S0_NaClFWater_matrix_BC_s_loss_split0.csv,0,0.04221497065066343,0.024372824668992685,0.017029327312476434,0.009831886707976516,3
NaClFWater,NaCl/NaF/water,"BC S-loss, fixed kappa_D",0.005,298.15,F,NaF,neutral ion-pair NaF: mu_Na + mu_F,0.005,0.0025,0.0025,-0.6933697369264501,kJ/mol,-0.2797022008234096,-0.007186270924876225,-0.6933697369264501,-0.17824083727062762,0.10146136355278199,0.0,0.0,NaClFWater/data/S0_NaClFWater_matrix_BC_s_loss_split0.csv,0,0.0789111118476156,0.04555935166727353,0.031832383903916454,0.018378435415873678,3
NaClFWater,NaCl/NaF/water,"BC S-loss, fixed kappa_D",0.005,298.15,F,NaF,neutral ion-pair NaF: mu_Na + mu_F,0.005,0.005,0.005,-0.9215859101750153,kJ/mol,-0.3717635679723068,-0.009551564884304751,-0.9215859101750153,-0.27030220441952485,0.10146136355278199,0.0,0.0,NaClFWater/data/S0_NaClFWater_matrix_BC_s_loss_split0.csv,0,0.1502797126486042,0.08676403255141125,0.060622153128934333,0.035000216427844955,3
NaClFWater,NaCl/NaF/water,"BC S-loss, fixed kappa_D",0.005,298.15,F,NaF,neutral ion-pair NaF: mu_Na + mu_F,0.005,0.0075,0.0075,-1.1259391706180673,kJ/mol,-0.45419874454163567,-0.011669537180637233,-1.1259391706180673,-0.3527373809888537,0.10146136355278199,0.0,0.0,NaClFWater/data/S0_NaClFWater_matrix_BC_s_loss_split0.csv,0,0.19722171221521692,0.1138660086374944,0.07955834242389036,0.04593303041471353,3
NaClFWater,NaCl/NaF/water,"BC S-loss, fixed kappa_D",0.005,298.15,F,NaF,neutral ion-pair NaF: mu_Na + mu_F,0.005,0.01,0.01,-1.3085115432672159,kJ/mol,-0.5278476099592151,-0.013561766482524718,-1.3085115432672159,-0.42638624640643313,0.10146136355278199,0.0,0.0,NaClFWater/data/S0_NaClFWater_matrix_BC_s_loss_split0.csv,0,0.22293601803404756,0.12871217002402063,0.08993137653128472,0.05192190444893083,3
NaClFWater,NaCl/NaF/water,"BC S-loss, fixed kappa_D",0.005,298.15,F,NaF,neutral ion-pair NaF: mu_Na + mu_F,0.005,0.0125,0.0125,-1.4712015000674852,kJ/mol,-0.5934759991799688,-0.015247929065139944,-1.4712015000674852,-0.49201463562718684,0.10146136355278199,0.0,0.0,NaClFWater/data/S0_NaClFWater_matrix_BC_s_loss_split0.csv,0,0.23175281423356306,0.13380254968320096,0.09348803204980727,0.05397534046996459,3
NaClFWater,NaCl/NaF/water,"BC S-loss, fixed kappa_D",0.005,298.15,F,NaF,neutral ion-pair NaF: mu_Na + mu_F,0.005,0.015,0.015,-1.615709778639532,kJ/mol,-0.6517699820309848,-0.01674565183179766,-1.615709778639532,-0.5503086184782028,0.10146136355278199,0.0,0.0,NaClFWater/data/S0_NaClFWater_matrix_BC_s_loss_split0.csv,0,0.22806672580434037,0.13167438553633248,0.09200108072906817,0.053116848724664,3
NaClFWater,NaCl/NaF/water,"BC S-loss, fixed kappa_D",0.005,298.15,F,NaF,neutral ion-pair NaF: mu_Na + mu_F,0.005,0.0175,0.0175,-1.743547467324383,kJ/mol,-0.7033391246818178,-0.018070596109538428,-1.743547467324383,-0.6018777611290358,0.10146136355278199,0.0,0.0,NaClFWater/data/S0_NaClFWater_matrix_BC_s_loss_split0.csv,0,0.21617800335529633,0.12481042843005616,0.0872052241220051,0.05034795962158129,3
NaClFWater,NaCl/NaF/water,"BC S-loss, fixed kappa_D",0.005,298.15,F,NaF,neutral ion-pair NaF: mu_Na + mu_F,0.005,0.02,0.02,-1.856065021046742,kJ/mol,-0.7487281945118851,-0.019236758377360275,-1.856065021046742,-0.6472668309591031,0.10146136355278199,0.0,0.0,NaClFWater/data/S0_NaClFWater_matrix_BC_s_loss_split0.csv,0,0.20017970365870877,0.11557380579365503,0.08075158272945798,0.046621948026340905,3
NaClFWater,NaCl/NaF/water,"BC S-loss, fixed kappa_D",0.005,298.15,F,NaF,neutral ion-pair NaF: mu_Na + mu_F,0.005,0.0225,0.0225,-1.9544997860881814,kJ/mol,-0.7884363313879922,-0.020256962825783376,-1.9544997860881814,-0.6869749678352102,0.10146136355278199,0.0,0.0,NaClFWater/data/S0_NaClFWater_matrix_BC_s_loss_split0.csv,0,0.18380881820607983,0.10612207067070718,0.07414764193615803,0.042809161031616826,3
NaClFWater,NaCl/NaF/water,"BC S-loss, fixed kappa_D",0.005,298.15,F,NaF,neutral ion-pair NaF: mu_Na + mu_F,0.005,0.025,0.025,-2.040038649661957,kJ/mol,-0.8229423202180993,-0.02114351067393727,-2.040038649661957,-0.7214809566653173,0.10146136355278199,0.0,0.0,NaClFWater/data/S0_NaClFWater_matrix_BC_s_loss_split0.csv,0,0.17024060747611444,0.09828846055334009,0.06867428738908805,0.03964911831049571,3
NaClFWater,NaCl/NaF/water,"BC S-loss, fixed kappa_D",0.005,298.15,F,NaF,neutral ion-pair NaF: mu_Na + mu_F,0.005,0.0275,0.0275,-2.113891619163415,kJ/mol,-0.8527342724865513,-0.021908942764753192,-2.113891619163415,-0.7512729089337693,0.10146136355278199,0.0,0.0,NaClFWater/data/S0_NaClFWater_matrix_BC_s_loss_split0.csv,0,0.1618368195967109,0.09343653135895394,0.06528423754996215,0.03769187212331013,3
NaClFWater,NaCl/NaF/water,"BC S-loss, fixed kappa_D",0.005,298.15,F,NaF,neutral ion-pair NaF: mu_Na + mu_F,0.005,0.03,0.03,-2.177371533730053,kJ/mol,-0.8783417815351531,-0.02256686571706723,-2.177371533730053,-0.7768804179823711,0.10146136355278199,0.0,0.0,NaClFWater/data/S0_NaClFWater_matrix_BC_s_loss_split0.csv,0,0.15993258336318789,0.09233712005692879,0.06451607730725377,0.037248374600401674,3
NaClFWater,NaCl/NaF/water,"BC S-loss, fixed kappa_D",0.005,298.15,F,NaF,neutral ion-pair NaF: mu_Na + mu_F,0.005,0.0325,0.0325,-2.2319747344060157,kJ/mol,-0.9003684645409173,-0.023132788012958372,-2.2319747344060157,-0.7989071009881353,0.10146136355278199,0.0,0.0,NaClFWater/data/S0_NaClFWater_matrix_BC_s_loss_split0.csv,0,0.16480455601537575,0.09514995477915394,0.0664814089342281,0.03838305934428219,3
NaClFWater,NaCl/NaF/water,"BC S-loss, fixed kappa_D",0.005,298.15,F,NaF,neutral ion-pair NaF: mu_Na + mu_F,0.005,0.034999999999999996,0.034999999999999996,-2.279457393126831,kJ/mol,-0.9195227532816267,-0.02362491109192888,-2.279457393126831,-0.8180613897288447,0.10146136355278199,0.0,0.0,NaClFWater/data/S0_NaClFWater_matrix_BC_s_loss_split0.csv,0,0.1758576125889655,0.10153143996728417,0.07094016172485741,0.04095732146820202,3
NaClFWater,NaCl/NaF/water,"BC S-loss, fixed kappa_D",0.005,298.15,F,NaF,neutral ion-pair NaF: mu_Na + mu_F,0.005,0.0375,0.0375,-2.321902338613709,kJ/mol,-0.9366448513979002,-0.02406482195249282,-2.321902338613709,-0.8351834878451182,0.10146136355278199,0.0,0.0,NaClFWater/data/S0_NaClFWater_matrix_BC_s_loss_split0.csv,0,0.19191333510767206,0.11080121568549332,0.07741696722288643,0.04469670686597792,3
NaClFWater,NaCl/NaF/water,"BC S-loss, fixed kappa_D",0.005,298.15,F,NaF,neutral ion-pair NaF: mu_Na + mu_F,0.005,0.04,0.04,-2.361771590940505,kJ/mol,-0.9527279265987603,-0.02447803763459433,-2.361771590940505,-0.8512665630459783,0.10146136355278199,0.0,0.0,NaClFWater/data/S0_NaClFWater_matrix_BC_s_loss_split0.csv,0,0.21159173985026977,0.12216254796085453,0.08535514626657649,0.04927981667372782,3
NaClFWater,NaCl/NaF/water,"BC S-loss, fixed kappa_D",0.005,298.15,F,NaF,neutral ion-pair NaF: mu_Na + mu_F,0.0075,0.0,0.0,-0.5884662198695919,kJ/mol,-0.23738459878184287,-0.006099022586226965,-0.5884662198695919,-0.13592323522906088,0.10146136355278199,0.0,0.0,NaClFWater/data/S0_NaClFWater_matrix_BC_s_loss_split0.csv,0,0.03470547221535285,0.020037213725887047,0.014000029770955495,0.00808292095692393,3
NaClFWater,NaCl/NaF/water,"BC S-loss, fixed kappa_D",0.005,298.15,F,NaF,neutral ion-pair NaF: mu_Na + mu_F,0.0075,0.0025,0.0025,-0.7946786429272756,kJ/mol,-0.32056975310085867,-0.008236263745232009,-0.7946786429272756,-0.2191083895480767,0.10146136355278199,0.0,0.0,NaClFWater/data/S0_NaClFWater_matrix_BC_s_loss_split0.csv,0,0.09783660823392579,0.05648599210045701,0.039466843138308956,0.022786192509967412,3
NaClFWater,NaCl/NaF/water,"BC S-loss, fixed kappa_D",0.005,298.15,F,NaF,neutral ion-pair NaF: mu_Na + mu_F,0.0075,0.005,0.005,-0.9840288014044534,kJ/mol,-0.3969527465194854,-0.010198739847112392,-0.9840288014044534,-0.2954913829667034,0.10146136355278199,0.0,0.0,NaClFWater/data/S0_NaClFWater_matrix_BC_s_loss_split0.csv,0,0.16752544099079272,0.09672085845214495,0.0675790015681163,0.03901675474691809,3
NaClFWater,NaCl/NaF/water,"BC S-loss, fixed kappa_D",0.005,298.15,F,NaF,neutral ion-pair NaF: mu_Na + mu_F,0.0075,0.0075,0.0075,-1.157446787714914,kJ/mol,-0.46690877409059495,-0.011996090620449706,-1.157446787714914,-0.36544741053781293,0.10146136355278199,0.0,0.0,NaClFWater/data/S0_NaClFWater_matrix_BC_s_loss_split0.csv,0,0.2137298230282879,0.12339697085923311,0.08621763930396528,0.049777777261038415,3
NaClFWater,NaCl/NaF/water,"BC S-loss, fixed kappa_D",0.005,298.15,F,NaF,neutral ion-pair NaF: mu_Na + mu_F,0.0075,0.01,0.01,-1.3157724950673357,kJ/mol,-0.5307766449176324,-0.013637020944941014,-1.3157724950673357,-0.4293152813648505,0.10146136355278199,0.0,0.0,NaClFWater/data/S0_NaClFWater_matrix_BC_s_loss_split0.csv,0,0.23926593322420409,0.13814025095490126,0.09651879010689472,0.05572514945007266,3
NaClFWater,NaCl/NaF/water,"BC S-loss, fixed kappa_D",0.005,298.15,F,NaF,neutral ion-pair NaF: mu_Na + mu_F,0.0075,0.0125,0.0125,-1.4597408580351974,kJ/mol,-0.5888528282675929,-0.015129147880685423,-1.4597408580351974,-0.48739146471481093,0.10146136355278199,0.0,0.0,NaClFWater/data/S0_NaClFWater_matrix_BC_s_loss_split0.csv,0,0.2480050275439184,0.14318576941286185,0.10004410104022542,0.05776048866640827,3
NaClFWater,NaCl/NaF/water,"BC S-loss, fixed kappa_D",0.005,298.15,F,NaF,neutral ion-pair NaF: mu_Na + mu_F,0.0075,0.015,0.015,-1.5899840217768875,kJ/mol,-0.6413923286245556,-0.016479023150566263,-1.5899840217768875,-0.5399309650717736,0.10146136355278199,0.0,0.0,NaClFWater/data/S0_NaClFWater_matrix_BC_s_loss_split0.csv,0,0.24399645217819604,0.14087141734639513,0.09842705995486002,0.05682688956048187,3
NaClFWater,NaCl/NaF/water,"BC S-loss, fixed kappa_D",0.005,298.15,F,NaF,neutral ion-pair NaF: mu_Na + mu_F,0.0075,0.0175,0.0175,-1.7070501655815453,kJ/mol,-0.688616279022532,-0.017692328232556065,-1.7070501655815453,-0.58715491546975,0.10146136355278199,0.0,0.0,NaClFWater/data/S0_NaClFWater_matrix_BC_s_loss_split0.csv,0,0.23129703248352856,0.13353940396712685,0.09330417176316583,0.05386918868397887,3
NaClFWater,NaCl/NaF/water,"BC S-loss, fixed kappa_D",0.005,298.15,F,NaF,neutral ion-pair NaF: mu_Na + mu_F,0.0075,0.02,0.02,-1.8114377913673285,kJ/mol,-0.7307257728698402,-0.01877422973495868,-1.8114377913673285,-0.6292644093170582,0.10146136355278199,0.0,0.0,NaClFWater/data/S0_NaClFWater_matrix_BC_s_loss_split0.csv,0,0.2138374943985817,0.12345913495385626,0.08626107344542398,0.04980285397430162,3
NaClFWater,NaCl/NaF/water,"BC S-loss, fixed kappa_D",0.005,298.15,F,NaF,neutral ion-pair NaF: mu_Na + mu_F,0.0075,0.0225,0.0225,-1.9036434203186519,kJ/mol,-0.7679211045558084,-0.01972987373721935,-1.9036434203186519,-0.6664597410030264,0.10146136355278199,0.0,0.0,NaClFWater/data/S0_NaClFWater_matrix_BC_s_loss_split0.csv,0,0.19525468273338306,0.11273034363665368,0.07876485167018035,0.04547490831445957,3
NaClFWater,NaCl/NaF/water,"BC S-loss, fixed kappa_D",0.005,298.15,F,NaF,neutral ion-pair NaF: mu_Na + mu_F,0.0075,0.025,0.025,-1.9842198614057789,kJ/mol,-0.8004252747067735,-0.020564989700574188,-1.9842198614057789,-0.6989639111539915,0.10146136355278199,0.0,0.0,NaClFWater/data/S0_NaClFWater_matrix_BC_s_loss_split0.csv,0,0.17868248787440236,0.10316238247375825,0.07207970357721856,0.04161523626341557,3
NaClFWater,NaCl/NaF/water,"BC S-loss, fixed kappa_D",0.005,298.15,F,NaF,neutral ion-pair NaF: mu_Na + mu_F,0.0075,0.0275,0.0275,-2.0538415649993835,kJ/mol,-0.8285103535371926,-0.021286567810534507,-2.0538415649993835,-0.7270489899844106,0.10146136355278199,0.0,0.0,NaClFWater/data/S0_NaClFWater_matrix_BC_s_loss_split0.csv,0,0.16652858148213118,0.09614532134647497,0.06717687297259904,0.03878458569404736,3
NaClFWater,NaCl/NaF/water,"BC S-loss, fixed kappa_D",0.005,298.15,F,NaF,neutral ion-pair NaF: mu_Na + mu_F,0.0075,0.03,0.03,-2.1133730872650296,kJ/mol,-0.8525250990752362,-0.021903568560333042,-2.1133730872650296,-0.7510637355224542,0.10146136355278199,0.0,0.0,NaClFWater/data/S0_NaClFWater_matrix_BC_s_loss_split0.csv,0,0.16031935466964448,0.09256042257482633,0.0646720990945772,0.037338453821312304,3
NaClFWater,NaCl/NaF/water,"BC S-loss, fixed kappa_D",0.005,298.15,F,NaF,neutral ion-pair NaF: mu_Na + mu_F,0.0075,0.0325,0.0325,-2.163936390943248,kJ/mol,-0.8729221059916201,-0.02242762027435674,-2.163936390943248,-0.7714607424388381,0.10146136355278199,0.0,0.0,NaClFWater/data/S0_NaClFWater_matrix_BC_s_loss_split0.csv,0,0.16072500874237053,0.09279462706291258,0.0648357381040001,0.03743293084745254,3
NaClFWater,NaCl/NaF/water,"BC S-loss, fixed kappa_D",0.005,298.15,F,NaF,neutral ion-pair NaF: mu_Na + mu_F,0.0075,0.034999999999999996,0.034999999999999996,-2.2069726140059114,kJ/mol,-0.8902827227948756,-0.022873659295157722,-2.2069726140059114,-0.7888213592420936,0.10146136355278199,0.0,0.0,NaClFWater/data/S0_NaClFWater_matrix_BC_s_loss_split0.csv,0,0.16778532439463642,0.09687090220531203,0.06768383735217401,0.03907728171506451,3
NaClFWater,NaCl/NaF/water,"BC S-loss, fixed kappa_D",0.005,298.15,F,NaF,neutral ion-pair NaF: mu_Na + mu_F,0.0075,0.0375,0.0375,-2.24429406266167,kJ/mol,-0.9053380255734578,-0.02326046885298183,-2.24429406266167,-0.8038766620206758,0.10146136355278199,0.0,0.0,NaClFWater/data/S0_NaClFWater_matrix_BC_s_loss_split0.csv,0,0.18123834673419034,0.10463800827446754,0.07311072542603132,0.042210497005368004,3
NaClFWater,NaCl/NaF/water,"BC S-loss, fixed kappa_D",0.005,298.15,F,NaF,neutral ion-pair NaF: mu_Na + mu_F,0.0075,0.04,0.04,-2.2781225100663756,kJ/mol,-0.9189842675214803,-0.023611076003930975,-2.2781225100663756,-0.8175229039686983,0.10146136355278199,0.0,0.0,NaClFWater/data/S0_NaClFWater_matrix_BC_s_loss_split0.csv,0,0.2009555579307909,0.11602174546649356,0.08106455881690824,0.04680264485468023,3
NaClFWater,NaCl/NaF/water,"BC S-loss, fixed kappa_D",0.005,298.15,F,NaF,neutral ion-pair NaF: mu_Na + mu_F,0.01,0.0,0.0,-0.7037805191193377,kJ/mol,-0.283901863047711,-0.007294171078854106,-0.7037805191193377,-0.182440499494929,0.10146136355278199,0.0,0.0,NaClFWater/data/S0_NaClFWater_matrix_BC_s_loss_split0.csv,0,0.04483234062446948,0.02588396392793845,0.018085162465143793,0.010441473417588885,3
NaClFWater,NaCl/NaF/water,"BC S-loss, fixed kappa_D",0.005,298.15,F,NaF,neutral ion-pair NaF: mu_Na + mu_F,0.01,0.0025,0.0025,-0.8694232227964098,kJ/mol,-0.3507213769396643,-0.009010936726326689,-0.8694232227964098,-0.24926001338688236,0.10146136355278199,0.0,0.0,NaClFWater/data/S0_NaClFWater_matrix_BC_s_loss_split0.csv,0,0.1254227557880256,0.07241286181672128,0.05059496969503451,0.029211019373069136,3
NaClFWater,NaCl/NaF/water,"BC S-loss, fixed kappa_D",0.005,298.15,F,NaF,neutral ion-pair NaF: mu_Na + mu_F,0.01,0.005,0.005,-1.0263497274531899,kJ/mol,-0.4140248157580251,-0.01063736533677684,-1.0263497274531899,-0.31256345220524306,0.10146136355278199,0.0,0.0,NaClFWater/data/S0_NaClFWater_matrix_BC_s_loss_split0.csv,0,0.18817579487097702,0.10864334582373039,0.07590926047683828,0.043826231970288,3
NaClFWater,NaCl/NaF/water,"BC S-loss, fixed kappa_D",0.005,298.15,F,NaF,neutral ion-pair NaF: mu_Na + mu_F,0.01,0.0075,0.0075,-1.1742040463840306,kJ/mol,-0.4736685760835341,-0.012169767367993243,-1.1742040463840306,-0.3722072125307521,0.10146136355278199,0.0,0.0,NaClFWater/data/S0_NaClFWater_matrix_BC_s_loss_split0.csv,0,0.2290464976744892,0.13224005708930733,0.09239631624886498,0.05334503805841199,3
NaClFWater,NaCl/NaF/water,"BC S-loss, fixed kappa_D",0.005,298.15,F,NaF,neutral ion-pair NaF: mu_Na + mu_F,0.01,0.01,0.01,-1.3126192133311372,kJ/mol,-0.5295046253954931,-0.013604339482725434,-1.3126192133311372,-0.4280432618427112,0.10146136355278199,0.0,0.0,NaClFWater/data/S0_NaClFWater_matrix_BC_s_loss_split0.csv,0,0.25106154645674367,0.1449504514299647,0.10127708687915928,0.05847235337242373,3
NaClFWater,NaCl/NaF/water,"BC S-loss, fixed kappa_D",0.005,298.15,F,NaF,neutral ion-pair NaF: mu_Na + mu_F,0.01,0.0125,0.0125,-1.4412211019267251,kJ/mol,-0.5813820428173736,-0.01493720413441224,-1.4412211019267251,-0.47992067926459164,0.10146136355278199,0.0,0.0,NaClFWater/data/S0_NaClFWater_matrix_BC_s_loss_split0.csv,0,0.2577658346961016,0.14882117404968284,0.10398156628695006,0.060033785286529535,3
NaClFWater,NaCl/NaF/water,"BC S-loss, fixed kappa_D",0.005,298.15,F,NaF,neutral ion-pair NaF: mu_Na + mu_F,0.01,0.015,0.015,-1.5596430849134146,kJ/mol,-0.629152932579704,-0.016164561499294905,-1.5596430849134146,-0.5276915690269219,0.10146136355278199,0.0,0.0,NaClFWater/data/S0_NaClFWater_matrix_BC_s_loss_split0.csv,0,0.2528298866428978,0.14597140311245962,0.10199042727394528,0.05888420064137726,3
NaClFWater,NaCl/NaF/water,"BC S-loss, fixed kappa_D",0.005,298.15,F,NaF,neutral ion-pair NaF: mu_Na + mu_F,0.01,0.0175,0.0175,-1.6675513294820943,kJ/mol,-0.6726826280444081,-0.01728295164411975,-1.6675513294820943,-0.5712212644916261,0.10146136355278199,0.0,0.0,NaClFWater/data/S0_NaClFWater_matrix_BC_s_loss_split0.csv,0,0.23992430742757825,0.13852036347844685,0.09678437526852204,0.05587848511463096,3
NaClFWater,NaCl/NaF/water,"BC S-loss, fixed kappa_D",0.005,298.15,F,NaF,neutral ion-pair NaF: mu_Na + mu_F,0.01,0.02,0.02,-1.7646798536142172,kJ/mol,-0.7118638332739727,-0.018289617859522878,-1.7646798536142172,-0.6104024697211907,0.10146136355278199,0.0,0.0,NaClFWater/data/S0_NaClFWater_matrix_BC_s_loss_split0.csv,0,0.22258618355554757,0.12851019299368685,0.08979025489249777,0.0518404278327887,3
NaClFWater,NaCl/NaF/water,"BC S-loss, fixed kappa_D",0.005,298.15,F,NaF,neutral ion-pair NaF: mu_Na + mu_F,0.01,0.0225,0.0225,-1.8508738271818475,kJ/mol,-0.7466340904984213,-0.01918295544430748,-1.8508738271818475,-0.6451727269456393,0.10146136355278199,0.0,0.0,NaClFWater/data/S0_NaClFWater_matrix_BC_s_loss_split0.csv,0,0.20404873192439366,0.11780759030435047,0.0823123311488469,0.04752304654641237,3
NaClFWater,NaCl/NaF/water,"BC S-loss, fixed kappa_D",0.005,298.15,F,NaF,neutral ion-pair NaF: mu_Na + mu_F,0.01,0.025,0.025,-1.9261390102413574,kJ/mol,-0.7769957232983179,-0.019963024097251036,-1.9261390102413574,-0.6755343597455359,0.10146136355278199,0.0,0.0,NaClFWater/data/S0_NaClFWater_matrix_BC_s_loss_split0.csv,0,0.18705181806750432,0.10799441751368252,0.075455853342285,0.04356445723910117,3
NaClFWater,NaCl/NaF/water,"BC S-loss, fixed kappa_D",0.005,298.15,F,NaF,neutral ion-pair NaF: mu_Na + mu_F,0.01,0.0275,0.0275,-1.990694715659028,kJ/mol,-0.803037201487242,-0.020632096836038727,-1.990694715659028,-0.70157583793446,0.10146136355278199,0.0,0.0,NaClFWater/data/S0_NaClFWater_matrix_BC_s_loss_split0.csv,0,0.17368556751803002,0.10027740916088757,0.07006396861420716,0.040451451139905996,3
NaClFWater,NaCl/NaF/water,"BC S-loss, fixed kappa_D",0.005,298.15,F,NaF,neutral ion-pair NaF: mu_Na + mu_F,0.01,0.03,0.03,-2.0450273072816185,kJ/mol,-0.824954722030672,-0.02119521446672934,-2.0450273072816185,-0.72349335847789,0.10146136355278199,0.0,0.0,NaClFWater/data/S0_NaClFWater_matrix_BC_s_loss_split0.csv,0,0.16534645240676069,0.09546281880659294,0.0667000074758381,0.03850926727112518,3
NaClFWater,NaCl/NaF/water,"BC S-loss, fixed kappa_D",0.005,298.15,F,NaF,neutral ion-pair NaF: mu_Na + mu_F,0.01,0.0325,0.0325,-2.0899409993213935,kJ/mol,-0.8430727012870446,-0.021660712082280043,-2.0899409993213935,-0.7416113377342626,0.10146136355278199,0.0,0.0,NaClFWater/data/S0_NaClFWater_matrix_BC_s_loss_split0.csv,0,0.16285719773640048,0.09402564695257894,0.06569585345435451,0.037929518676513785,3
NaClFWater,NaCl/NaF/water,"BC S-loss, fixed kappa_D",0.005,298.15,F,NaF,neutral ion-pair NaF: mu_Na + mu_F,0.01,0.034999999999999996,0.034999999999999996,-2.126602632722248,kJ/mol,-0.857861837590361,-0.022040683136879125,-2.126602632722248,-0.756400474037579,0.10146136355278199,0.0,0.0,NaClFWater/data/S0_NaClFWater_matrix_BC_s_loss_split0.csv,0,0.16670707708660226,0.09624837583176551,0.06724887728826073,0.038826157405077444,3
NaClFWater,NaCl/NaF/water,"BC S-loss, fixed kappa_D",0.005,298.15,F,NaF,neutral ion-pair NaF: mu_Na + mu_F,0.01,0.0375,0.0375,-2.156577192125193,kJ/mol,-0.8699534386326562,-0.022351347553353662,-2.156577192125193,-0.7684920750798742,0.10146136355278199,0.0,0.0,NaClFWater/data/S0_NaClFWater_matrix_BC_s_loss_split0.csv,0,0.1773456385305965,0.10239055214524596,0.0715404246273046,0.04130388341651445,3
NaClFWater,NaCl/NaF/water,"BC S-loss, fixed kappa_D",0.005,298.15,F,NaF,neutral ion-pair NaF: mu_Na + mu_F,0.01,0.04,0.04,-2.1818510696662927,kJ/mol,-0.8801488059743617,-0.022613292835444554,-2.1818510696662927,-0.7786874424215797,0.10146136355278199,0.0,0.0,NaClFWater/data/S0_NaClFWater_matrix_BC_s_loss_split0.csv,0,0.19562479014041728,0.11294402524773398,0.07891415131620676,0.04556110650528283,3
NaClFWater,NaCl/NaF/water,"BC S-loss, fixed kappa_D",0.005,298.15,F,NaF,neutral ion-pair NaF: mu_Na + mu_F,0.0125,0.0,0.0,-0.7925107753128859,kJ/mol,-0.3196952451571944,-0.008213795380697775,-0.7925107753128859,-0.21823388160441243,0.10146136355278199,0.0,0.0,NaClFWater/data/S0_NaClFWater_matrix_BC_s_loss_split0.csv,0,0.08431755941870621,0.0486807656278023,0.03401332028422869,0.019637599622132393,3
NaClFWater,NaCl/NaF/water,"BC S-loss, fixed kappa_D",0.005,298.15,F,NaF,neutral ion-pair NaF: mu_Na + mu_F,0.0125,0.0025,0.0025,-0.9237333032543644,kJ/mol,-0.37262981658158323,-0.009573821045236741,-0.9237333032543644,-0.2711684530288012,0.10146136355278199,0.0,0.0,NaClFWater/data/S0_NaClFWater_matrix_BC_s_loss_split0.csv,0,0.15756978517952694,0.09097295788955138,0.06356293525781699,0.0366980777815834,3
NaClFWater,NaCl/NaF/water,"BC S-loss, fixed kappa_D",0.005,298.15,F,NaF,neutral ion-pair NaF: mu_Na + mu_F,0.0125,0.005,0.005,-1.053398585134669,kJ/mol,-0.42493620202187554,-0.010917706991676823,-1.053398585134669,-0.32347483846909353,0.10146136355278199,0.0,0.0,NaClFWater/data/S0_NaClFWater_matrix_BC_s_loss_split0.csv,0,0.20891829231389994,0.12061903230606706,0.08427668968001811,0.04865716947316902,3
NaClFWater,NaCl/NaF/water,"BC S-loss, fixed kappa_D",0.005,298.15,F,NaF,neutral ion-pair NaF: mu_Na + mu_F,0.0125,0.0075,0.0075,-1.1798906643630587,kJ/mol,-0.4759625319331602,-0.012228705010159047,-1.1798906643630587,-0.37450116838037817,0.10146136355278199,0.0,0.0,NaClFWater/data/S0_NaClFWater_matrix_BC_s_loss_split0.csv,0,0.24107701895209094,0.13918588178742222,0.09724937385895648,0.056146952175991076,3
NaClFWater,NaCl/NaF/water,"BC S-loss, fixed kappa_D",0.005,298.15,F,NaF,neutral ion-pair NaF: mu_Na + mu_F,0.0125,0.01,0.01,-1.3016827392807002,kJ/mol,-0.5250929014648887,-0.013490990916579902,-1.3016827392807002,-0.4236315379121068,0.10146136355278199,0.0,0.0,NaClFWater/data/S0_NaClFWater_matrix_BC_s_loss_split0.csv,0,0.2572732814407768,0.14853679829513086,0.10378287254218445,0.05991906939950282,3
NaClFWater,NaCl/NaF/water,"BC S-loss, fixed kappa_D",0.005,298.15,F,NaF,neutral ion-pair NaF: mu_Na + mu_F,0.0125,0.0125,0.0125,-1.4173561120320457,kJ/mol,-0.5717550143494751,-0.014689860943803978,-1.4173561120320457,-0.47029365079669305,0.10146136355278199,0.0,0.0,NaClFWater/data/S0_NaClFWater_matrix_BC_s_loss_split0.csv,0,0.2607651701662918,0.15055284119078716,0.10519148458499793,0.060732331941604926,3
NaClFWater,NaCl/NaF/water,"BC S-loss, fixed kappa_D",0.005,298.15,F,NaF,neutral ion-pair NaF: mu_Na + mu_F,0.0125,0.015,0.015,-1.5256233597793463,kJ/mol,-0.6154295300649274,-0.01581197189437944,-1.5256233597793463,-0.5139681665121454,0.10146136355278199,0.0,0.0,NaClFWater/data/S0_NaClFWater_matrix_BC_s_loss_split0.csv,0,0.25478443000607076,0.14709985924933033,0.10277888118413124,0.05933941471866674,3
NaClFWater,NaCl/NaF/water,"BC S-loss, fixed kappa_D",0.005,298.15,F,NaF,neutral ion-pair NaF: mu_Na + mu_F,0.0125,0.0175,0.0175,-1.6253557465362185,kJ/mol,-0.6556611216439346,-0.01684562524417288,-1.6253557465362185,-0.5541997580911526,0.10146136355278199,0.0,0.0,NaClFWater/data/S0_NaClFWater_matrix_BC_s_loss_split0.csv,0,0.24246499681903275,0.13998723118253031,0.0978092778227474,0.05647021288020611,3
NaClFWater,NaCl/NaF/water,"BC S-loss, fixed kappa_D",0.005,298.15,F,NaF,neutral ion-pair NaF: mu_Na + mu_F,0.0125,0.02,0.02,-1.7156144916039788,kJ/mol,-0.6920710892189826,-0.01778109121687521,-1.7156144916039788,-0.5906097256662006,0.10146136355278199,0.0,0.0,NaClFWater/data/S0_NaClFWater_matrix_BC_s_loss_split0.csv,0,0.22672424213591655,0.13089930222898533,0.09145952891820877,0.0528041836408842,3
NaClFWater,NaCl/NaF/water,"BC S-loss, fixed kappa_D",0.005,298.15,F,NaF,neutral ion-pair NaF: mu_Na + mu_F,0.0125,0.0225,0.0225,-1.7956850890391407,kJ/mol,-0.7243712043395762,-0.018610964480217262,-1.7956850890391407,-0.6229098407867942,0.10146136355278199,0.0,0.0,NaClFWater/data/S0_NaClFWater_matrix_BC_s_loss_split0.csv,0,0.2101161750214998,0.12131063020975744,0.08475991012042726,0.048936156924517166,3
NaClFWater,NaCl/NaF/water,"BC S-loss, fixed kappa_D",0.005,298.15,F,NaF,neutral ion-pair NaF: mu_Na + mu_F,0.0125,0.025,0.025,-1.8651134743797524,kJ/mol,-0.7523782994652822,-0.019330538987674117,-1.8651134743797524,-0.6509169359125002,0.10146136355278199,0.0,0.0,NaClFWater/data/S0_NaClFWater_matrix_BC_s_loss_split0.csv,0,0.1947050033845557,0.11241298611664025,0.07854311351890812,0.04534688773313294,3
NaClFWater,NaCl/NaF/water,"BC S-loss, fixed kappa_D",0.005,298.15,F,NaF,neutral ion-pair NaF: mu_Na + mu_F,0.0125,0.0275,0.0275,-1.9237424750878234,kJ/mol,-0.7760289719085536,-0.019938185760679517,-1.9237424750878234,-0.6745676083557716,0.10146136355278199,0.0,0.0,NaClFWater/data/S0_NaClFWater_matrix_BC_s_loss_split0.csv,0,0.18202474091839485,0.10509203316840716,0.0734279532661325,0.04239364858424486,3
NaClFWater,NaCl/NaF/water,"BC S-loss, fixed kappa_D",0.005,298.15,F,NaF,neutral ion-pair NaF: mu_Na + mu_F,0.0125,0.03,0.03,-1.9717466976629003,kJ/mol,-0.7953936571377996,-0.020435714468078462,-1.9717466976629003,-0.6939322935850176,0.10146136355278199,0.0,0.0,NaClFWater/data/S0_NaClFWater_matrix_BC_s_loss_split0.csv,0,0.17316778355322548,0.09997846644942558,0.06985509691589961,0.04033085900866204,3
NaClFWater,NaCl/NaF/water,"BC S-loss, fixed kappa_D",0.005,298.15,F,NaF,neutral ion-pair NaF: mu_Na + mu_F,0.0125,0.0325,0.0325,-2.0096637880270705,kJ/mol,-0.8106892390746321,-0.02082869741718696,-2.0096637880270705,-0.7092278755218501,0.10146136355278199,0.0,0.0,NaClFWater/data/S0_NaClFWater_matrix_BC_s_loss_split0.csv,0,0.1689688427678396,0.09755420685667175,0.068161263285367,0.03935292370611159,3
NaClFWater,NaCl/NaF/water,"BC S-loss, fixed kappa_D",0.005,298.15,F,NaF,neutral ion-pair NaF: mu_Na + mu_F,0.0125,0.034999999999999996,0.034999999999999996,-2.0384199068549913,kJ/mol,-0.8222893267262253,-0.021126733586982027,-2.0384199068549913,-0.7208279631734433,0.10146136355278199,0.0,0.0,NaClFWater/data/S0_NaClFWater_matrix_BC_s_loss_split0.csv,0,0.17019556802899904,0.09826245701642387,0.06865611868080564,0.03963862860187803,3
NaClFWater,NaCl/NaF/water,"BC S-loss, fixed kappa_D",0.005,298.15,F,NaF,neutral ion-pair NaF: mu_Na + mu_F,0.0125,0.0375,0.0375,-2.059347274860966,kJ/mol,-0.8307313318743867,-0.021343630472188124,-2.059347274860966,-0.7292699683216047,0.10146136355278199,0.0,0.0,NaClFWater/data/S0_NaClFWater_matrix_BC_s_loss_split0.csv,0,0.17776115725309546,0.10263045199153407,0.07170804299161546,0.041400657924270445,3
NaClFWater,NaCl/NaF/water,"BC S-loss, fixed kappa_D",0.005,298.15,F,NaF,neutral ion-pair NaF: mu_Na + mu_F,0.0125,0.04,0.04,-2.0741917629694324,kJ/mol,-0.8367195309158392,-0.02149748274985086,-2.0741917629694324,-0.7352581673630572,0.10146136355278199,0.0,0.0,NaClFWater/data/S0_NaClFWater_matrix_BC_s_loss_split0.csv,0,0.19320297519050772,0.11154578973447622,0.07793720217146985,0.044997064653584405,3
NaClFWater,NaCl/NaF/water,"BC S-loss, fixed kappa_D",0.005,298.15,F,NaF,neutral ion-pair NaF: mu_Na + mu_F,0.015,0.0,0.0,-0.8606525725268028,kJ/mol,-0.34718333647955446,-0.008920035341873245,-0.8606525725268028,-0.24572197292677245,0.10146136355278199,0.0,0.0,NaClFWater/data/S0_NaClFWater_matrix_BC_s_loss_split0.csv,0,0.1361426647757212,0.07860200415645563,0.054919332263519596,0.03170769126605754,3
NaClFWater,NaCl/NaF/water,"BC S-loss, fixed kappa_D",0.005,298.15,F,NaF,neutral ion-pair NaF: mu_Na + mu_F,0.015,0.0025,0.0025,-0.9623491991000136,kJ/mol,-0.3882072934738886,-0.009974046602792441,-0.9623491991000136,-0.2867459299211066,0.10146136355278199,0.0,0.0,NaClFWater/data/S0_NaClFWater_matrix_BC_s_loss_split0.csv,0,0.19114822865634987,0.11035948126986374,0.0771083267574868,0.04451851321019663,3
NaClFWater,NaCl/NaF/water,"BC S-loss, fixed kappa_D",0.005,298.15,F,NaF,neutral ion-pair NaF: mu_Na + mu_F,0.015,0.005,0.005,-1.0687629503797418,kJ/mol,-0.4311341171376277,-0.011076947416171379,-1.0687629503797418,-0.32967275358484577,0.10146136355278199,0.0,0.0,NaClFWater/data/S0_NaClFWater_matrix_BC_s_loss_split0.csv,0,0.22753882430235756,0.13136960146205712,0.09178812766224254,0.05299390021420747,3
NaClFWater,NaCl/NaF/water,"BC S-loss, fixed kappa_D",0.005,298.15,F,NaF,neutral ion-pair NaF: mu_Na + mu_F,0.015,0.0075,0.0075,-1.1770535327388252,kJ/mol,-0.474818045929428,-0.012199300212955679,-1.1770535327388252,-0.373356682376646,0.10146136355278199,0.0,0.0,NaClFWater/data/S0_NaClFWater_matrix_BC_s_loss_split0.csv,0,0.24868275279584523,0.1435770542694984,0.10031749232689711,0.057918331199362266,3
NaClFWater,NaCl/NaF/water,"BC S-loss, fixed kappa_D",0.005,298.15,F,NaF,neutral ion-pair NaF: mu_Na + mu_F,0.015,0.01,0.01,-1.2845893407122737,kJ/mol,-0.5181975021641723,-0.013313830324477749,-1.2845893407122737,-0.41673613861139025,0.10146136355278199,0.0,0.0,NaClFWater/data/S0_NaClFWater_matrix_BC_s_loss_split0.csv,0,0.2576874244862863,0.14877590389393877,0.1039499359646496,0.06001552351143481,3
NaClFWater,NaCl/NaF/water,"BC S-loss, fixed kappa_D",0.005,298.15,F,NaF,neutral ion-pair NaF: mu_Na + mu_F,0.015,0.0125,0.0125,-1.3889780444107838,kJ/mol,-0.5603074308365759,-0.014395742998658532,-1.3889780444107838,-0.4588460672837939,0.10146136355278199,0.0,0.0,NaClFWater/data/S0_NaClFWater_matrix_BC_s_loss_split0.csv,0,0.2574518115165457,0.14863987268243448,0.10385489076341094,0.05996064913891449,3
NaClFWater,NaCl/NaF/water,"BC S-loss, fixed kappa_D",0.005,298.15,F,NaF,neutral ion-pair NaF: mu_Na + mu_F,0.015,0.015,0.015,-1.4880942789797937,kJ/mol,-0.6002904694231332,-0.01542301038102778,-1.4880942789797937,-0.49882910587035123,0.10146136355278199,0.0,0.0,NaClFWater/data/S0_NaClFWater_matrix_BC_s_loss_split0.csv,0,0.25067215438343254,0.1447256358116182,0.10112000788639688,0.058381663773668324,3
NaClFWater,NaCl/NaF/water,"BC S-loss, fixed kappa_D",0.005,298.15,F,NaF,neutral ion-pair NaF: mu_Na + mu_F,0.015,0.0175,0.0175,-1.5801048333038632,kJ/mol,-0.6374071088909934,-0.01637663257724853,-1.5801048333038632,-0.5359457453382114,0.10146136355278199,0.0,0.0,NaClFWater/data/S0_NaClFWater_matrix_BC_s_loss_split0.csv,0,0.23978669498633975,0.13844091289845395,0.09672886303511291,0.05584643511172888,3
NaClFWater,NaCl/NaF/water,"BC S-loss, fixed kappa_D",0.005,298.15,F,NaF,neutral ion-pair NaF: mu_Na + mu_F,0.015,0.02,0.02,-1.6634916043933752,kJ/mol,-0.6710449533932383,-0.01724087555857068,-1.6634916043933752,-0.5695835898404563,0.10146136355278199,0.0,0.0,NaClFWater/data/S0_NaClFWater_matrix_BC_s_loss_split0.csv,0,0.22688191590353918,0.13099033522116638,0.09152313379951157,0.052840905936226146,3
NaClFWater,NaCl/NaF/water,"BC S-loss, fixed kappa_D",0.005,298.15,F,NaF,neutral ion-pair NaF: mu_Na + mu_F,0.015,0.0225,0.0225,-1.7370723991487638,kJ/mol,-0.7007271116060374,-0.018003486756924758,-1.7370723991487638,-0.5992657480532554,0.10146136355278199,0.0,0.0,NaClFWater/data/S0_NaClFWater_matrix_BC_s_loss_split0.csv,0,0.21361105713510883,0.12332840133883562,0.08616972968239427,0.049750116628127616,3
NaClFWater,NaCl/NaF/water,"BC S-loss, fixed kappa_D",0.005,298.15,F,NaF,neutral ion-pair NaF: mu_Na + mu_F,0.015,0.025,0.025,-1.8000194589534815,kJ/mol,-0.7261196694652651,-0.018655887058798726,-1.8000194589534815,-0.6246583059124831,0.10146136355278199,0.0,0.0,NaClFWater/data/S0_NaClFWater_matrix_BC_s_loss_split0.csv,0,0.2011893036354983,0.1161566986120283,0.08115885077191838,0.04685708434028775,3
NaClFWater,NaCl/NaF/water,"BC S-loss, fixed kappa_D",0.005,298.15,F,NaF,neutral ion-pair NaF: mu_Na + mu_F,0.015,0.0275,0.0275,-1.8518753591938613,kJ/mol,-0.7470381039605565,-0.019193335592149197,-1.8518753591938613,-0.6455767404077745,0.10146136355278199,0.0,0.0,NaClFWater/data/S0_NaClFWater_matrix_BC_s_loss_split0.csv,0,0.19050447133288803,0.10998780780587025,0.07684863797878902,0.044368581823909944,3
NaClFWater,NaCl/NaF/water,"BC S-loss, fixed kappa_D",0.005,298.15,F,NaF,neutral ion-pair NaF: mu_Na + mu_F,0.015,0.03,0.03,-1.8925657252738421,kJ/mol,-0.7634524127178597,-0.01961506151860704,-1.8925657252738421,-0.6619910491650777,0.10146136355278199,0.0,0.0,NaClFWater/data/S0_NaClFWater_matrix_BC_s_loss_split0.csv,0,0.18230871073737623,0.10525598321983778,0.07354250540059484,0.04245978528991294,3
NaClFWater,NaCl/NaF/water,"BC S-loss, fixed kappa_D",0.005,298.15,F,NaF,neutral ion-pair NaF: mu_Na + mu_F,0.015,0.0325,0.0325,-1.9224080199214695,kJ/mol,-0.7754906587589433,-0.019924355107491465,-1.9224080199214695,-0.6740292952061613,0.10146136355278199,0.0,0.0,NaClFWater/data/S0_NaClFWater_matrix_BC_s_loss_split0.csv,0,0.17738372096769942,0.10241253905055872,0.0715557869093644,0.04131275283419704,3
NaClFWater,NaCl/NaF/water,"BC S-loss, fixed kappa_D",0.005,298.15,F,NaF,neutral ion-pair NaF: mu_Na + mu_F,0.015,0.034999999999999996,0.034999999999999996,-1.9421155113639907,kJ/mol,-0.7834405712451965,-0.020128608863046793,-1.9421155113639907,-0.6819792076924145,0.10146136355278199,0.0,0.0,NaClFWater/data/S0_NaClFWater_matrix_BC_s_loss_split0.csv,0,0.1766057095724301,0.10196335396206739,0.0712419406482236,0.04113155361084324,3
NaClFWater,NaCl/NaF/water,"BC S-loss, fixed kappa_D",0.005,298.15,F,NaF,neutral ion-pair NaF: mu_Na + mu_F,0.015,0.0375,0.0375,-1.9527954498884406,kJ/mol,-0.787748809910456,-0.02023929862582463,-1.9527954498884406,-0.686287446357674,0.10146136355278199,0.0,0.0,NaClFWater/data/S0_NaClFWater_matrix_BC_s_loss_split0.csv,0,0.18105747753386478,0.10453358339297146,0.07303776361258893,0.04216837248273647,3
NaClFWater,NaCl/NaF/water,"BC S-loss, fixed kappa_D",0.005,298.15,F,NaF,neutral ion-pair NaF: mu_Na + mu_F,0.015,0.04,0.04,-1.9559404567429632,kJ/mol,-0.7890174913829329,-0.020271894324935147,-1.9559404567429632,-0.6875561278301509,0.10146136355278199,0.0,0.0,NaClFWater/data/S0_NaClFWater_matrix_BC_s_loss_split0.csv,0,0.19261402971455563,0.11120576190539727,0.07769962424296231,0.04485989897260707,3
NaClFWater,NaCl/NaF/water,"BC S-loss, fixed kappa_D",0.005,298.15,F,NaF,neutral ion-pair NaF: mu_Na + mu_F,0.0175,0.0,0.0,-0.9128130871271911,kJ/mol,-0.36822465102333846,-0.009460640980591963,-0.9128130871271911,-0.26676328747055644,0.10146136355278199,0.0,0.0,NaClFWater/data/S0_NaClFWater_matrix_BC_s_loss_split0.csv,0,0.19207458168507208,0.11089431144036113,0.07748201335941667,0.0447342612704134,3
NaClFWater,NaCl/NaF/water,"BC S-loss, fixed kappa_D",0.005,298.15,F,NaF,neutral ion-pair NaF: mu_Na + mu_F,0.0175,0.0025,0.0025,-0.9887699514313014,kJ/mol,-0.39886530489392746,-0.010247878404470613,-0.9887699514313014,-0.29740394134114545,0.10146136355278199,0.0,0.0,NaClFWater/data/S0_NaClFWater_matrix_BC_s_loss_split0.csv,0,0.22386909223671822,0.12925088066610643,0.09030777442424068,0.05213921787375136,3
NaClFWater,NaCl/NaF/water,"BC S-loss, fixed kappa_D",0.005,298.15,F,NaF,neutral ion-pair NaF: mu_Na + mu_F,0.0175,0.005,0.005,-1.0749392210004276,kJ/mol,-0.4336255966376481,-0.011140959950353137,-1.0749392210004276,-0.3321642330848661,0.10146136355278199,0.0,0.0,NaClFWater/data/S0_NaClFWater_matrix_BC_s_loss_split0.csv,0,0.2427602533346609,0.14015769761130822,0.09792838295934414,0.0565389782628821,3
NaClFWater,NaCl/NaF/water,"BC S-loss, fixed kappa_D",0.005,298.15,F,NaF,neutral ion-pair NaF: mu_Na + mu_F,0.0175,0.0075,0.0075,-1.1672974083984682,kJ/mol,-0.47088246970771275,-0.0120981851094939,-1.1672974083984682,-0.36942110615493073,0.10146136355278199,0.0,0.0,NaClFWater/data/S0_NaClFWater_matrix_BC_s_loss_split0.csv,0,0.25146027252350656,0.14518065603194316,0.10143793116246129,0.05856521686268576,3
NaClFWater,NaCl/NaF/water,"BC S-loss, fixed kappa_D",0.005,298.15,F,NaF,neutral ion-pair NaF: mu_Na + mu_F,0.0175,0.01,0.01,-1.2621672418236332,kJ/mol,-0.509152529370821,-0.013081441645340417,-1.2621672418236332,-0.40769116581803905,0.10146136355278199,0.0,0.0,NaClFWater/data/S0_NaClFWater_matrix_BC_s_loss_split0.csv,0,0.2526343912505996,0.14585853379509092,0.10191156532113058,0.05883866967169087,3
NaClFWater,NaCl/NaF/water,"BC S-loss, fixed kappa_D",0.005,298.15,F,NaF,neutral ion-pair NaF: mu_Na + mu_F,0.0175,0.0125,0.0125,-1.3562564726705055,kJ/mol,-0.5471076975013326,-0.014056607805571273,-1.3562564726705055,-0.44564633394855063,0.10146136355278199,0.0,0.0,NaClFWater/data/S0_NaClFWater_matrix_BC_s_loss_split0.csv,0,0.24866831230436123,0.1435687170478529,0.10031166709825798,0.05791496800203937,3
NaClFWater,NaCl/NaF/water,"BC S-loss, fixed kappa_D",0.005,298.15,F,NaF,neutral ion-pair NaF: mu_Na + mu_F,0.0175,0.015,0.015,-1.4466861832493982,kJ/mol,-0.5835866317866103,-0.014993845710932874,-1.4466861832493982,-0.48212526823382834,0.10146136355278199,0.0,0.0,NaClFWater/data/S0_NaClFWater_matrix_BC_s_loss_split0.csv,0,0.2415752629656819,0.1394735431027911,0.09745036322974479,0.05626299344331997,3
NaClFWater,NaCl/NaF/water,"BC S-loss, fixed kappa_D",0.005,298.15,F,NaF,neutral ion-pair NaF: mu_Na + mu_F,0.0175,0.0175,0.0175,-1.5310095180044931,kJ/mol,-0.6176022818152919,-0.015867795490635217,-1.5310095180044931,-0.5161409182625099,0.10146136355278199,0.0,0.0,NaClFWater/data/S0_NaClFWater_matrix_BC_s_loss_split0.csv,0,0.23291906961916137,0.13447588754402,0.0939584941722529,0.05424696190300209,3
NaClFWater,NaCl/NaF/water,"BC S-loss, fixed kappa_D",0.005,298.15,F,NaF,neutral ion-pair NaF: mu_Na + mu_F,0.0175,0.02,0.02,-1.6072219166974224,kJ/mol,-0.648346017097042,-0.01665768134182599,-1.6072219166974224,-0.54688465354426,0.10146136355278199,0.0,0.0,NaClFWater/data/S0_NaClFWater_matrix_BC_s_loss_split0.csv,0,0.223769225402162,0.12919322252229226,0.0902674885970304,0.05211595884056698,3
NaClFWater,NaCl/NaF/water,"BC S-loss, fixed kappa_D",0.005,298.15,F,NaF,neutral ion-pair NaF: mu_Na + mu_F,0.0175,0.0225,0.0225,-1.6737639886163413,kJ/mol,-0.6751887865054298,-0.01734734131866844,-1.6737639886163413,-0.5737274229526478,0.10146136355278199,0.0,0.0,NaClFWater/data/S0_NaClFWater_matrix_BC_s_loss_split0.csv,0,0.2147438552844702,0.12398242265530691,0.08662669530778999,0.050013945854960246,3
NaClFWater,NaCl/NaF/water,"BC S-loss, fixed kappa_D",0.005,298.15,F,NaF,neutral ion-pair NaF: mu_Na + mu_F,0.0175,0.025,0.025,-1.7295181452010522,kJ/mol,-0.6976797598942075,-0.017925192431960113,-1.7295181452010522,-0.5962183963414255,0.10146136355278199,0.0,0.0,NaClFWater/data/S0_NaClFWater_matrix_BC_s_loss_split0.csv,0,0.20617285784975878,0.11903395497915269,0.0831691938939449,0.048017756482953276,3
NaClFWater,NaCl/NaF/water,"BC S-loss, fixed kappa_D",0.005,298.15,F,NaF,neutral ion-pair NaF: mu_Na + mu_F,0.0175,0.0275,0.0275,-1.7738000240125757,kJ/mol,-0.7155428685656096,-0.018384141764840933,-1.7738000240125757,-0.6140815050128275,0.10146136355278199,0.0,0.0,NaClFWater/data/S0_NaClFWater_matrix_BC_s_loss_split0.csv,0,0.19834137231825047,0.1145124446993817,0.08001000822110393,0.04619379978431853,3
NaClFWater,NaCl/NaF/water,"BC S-loss, fixed kappa_D",0.005,298.15,F,NaF,neutral ion-pair NaF: mu_Na + mu_F,0.0175,0.03,0.03,-1.8063455880150272,kJ/mol,-0.7286716011792893,-0.018721452766271796,-1.8063455880150272,-0.6272102376265073,0.10146136355278199,0.0,0.0,NaClFWater/data/S0_NaClFWater_matrix_BC_s_loss_split0.csv,0,0.1917009526722554,0.11067859662923436,0.07733129311362175,0.044647242895931374,3
NaClFWater,NaCl/NaF/water,"BC S-loss, fixed kappa_D",0.005,298.15,F,NaF,neutral ion-pair NaF: mu_Na + mu_F,0.0175,0.0325,0.0325,-1.8272945949807868,kJ/mol,-0.7371223353854888,-0.018938573923492186,-1.8272945949807868,-0.6356609718327068,0.10146136355278199,0.0,0.0,NaClFWater/data/S0_NaClFWater_matrix_BC_s_loss_split0.csv,0,0.18692717834766037,0.10792245673787891,0.07540557424573127,0.04353542858917126,3
NaClFWater,NaCl/NaF/water,"BC S-loss, fixed kappa_D",0.005,298.15,F,NaF,neutral ion-pair NaF: mu_Na + mu_F,0.0175,0.034999999999999996,0.034999999999999996,-1.8371709316436662,kJ/mol,-0.7411064047117988,-0.01904093493988057,-1.8371709316436662,-0.6396450411590168,0.10146136355278199,0.0,0.0,NaClFWater/data/S0_NaClFWater_matrix_BC_s_loss_split0.csv,0,0.18482167281553213,0.10670684255212443,0.07455622288264376,0.04304505535105611,3
NaClFWater,NaCl/NaF/water,"BC S-loss, fixed kappa_D",0.005,298.15,F,NaF,neutral ion-pair NaF: mu_Na + mu_F,0.0175,0.0375,0.0375,-1.8368600863068407,kJ/mol,-0.7409810111155752,-0.019037713254988375,-1.8368600863068407,-0.6395196475627932,0.10146136355278199,0.0,0.0,NaClFWater/data/S0_NaClFWater_matrix_BC_s_loss_split0.csv,0,0.18633991724680102,0.10758340138321316,0.07516867578648145,0.04339865519995277,3
NaClFWater,NaCl/NaF/water,"BC S-loss, fixed kappa_D",0.005,298.15,F,NaF,neutral ion-pair NaF: mu_Na + mu_F,0.0175,0.04,0.04,-1.827583852029641,kJ/mol,-0.7372390203644538,-0.018941571861546436,-1.827583852029641,-0.6357776568116718,0.10146136355278199,0.0,0.0,NaClFWater/data/S0_NaClFWater_matrix_BC_s_loss_split0.csv,0,0.19334346399432448,0.11162690098317796,0.07799387471647129,0.04502978456269665,3
NaClFWater,NaCl/NaF/water,"BC S-loss, fixed kappa_D",0.005,298.15,F,NaF,neutral ion-pair NaF: mu_Na + mu_F,0.02,0.0,0.0,-0.9523668175403408,kJ/mol,-0.3841804461181384,-0.009870586508498036,-0.9523668175403408,-0.2827190825653564,0.10146136355278199,0.0,0.0,NaClFWater/data/S0_NaClFWater_matrix_BC_s_loss_split0.csv,0,0.2475508714675571,0.14292356227992056,0.09986089654295581,0.05765471550059291,3
NaClFWater,NaCl/NaF/water,"BC S-loss, fixed kappa_D",0.005,298.15,F,NaF,neutral ion-pair NaF: mu_Na + mu_F,0.02,0.0025,0.0025,-1.0054260606450864,kJ/mol,-0.4055843036562644,-0.010420506811783524,-1.0054260606450864,-0.30412294010348245,0.10146136355278199,0.0,0.0,NaClFWater/data/S0_NaClFWater_matrix_BC_s_loss_split0.csv,0,0.2541058225587276,0.14670806505693268,0.10250513402383778,0.05918136672198141,3
NaClFWater,NaCl/NaF/water,"BC S-loss, fixed kappa_D",0.005,298.15,F,NaF,neutral ion-pair NaF: mu_Na + mu_F,0.02,0.005,0.005,-1.073519579932851,kJ/mol,-0.43305291988261607,-0.011126246407513918,-1.073519579932851,-0.3315915563298341,0.10146136355278199,0.0,0.0,NaClFWater/data/S0_NaClFWater_matrix_BC_s_loss_split0.csv,0,0.25408512310096015,0.14669611421941856,0.10249678395664408,0.059176545808439375,3
NaClFWater,NaCl/NaF/water,"BC S-loss, fixed kappa_D",0.005,298.15,F,NaF,neutral ion-pair NaF: mu_Na + mu_F,0.02,0.0075,0.0075,-1.1514832802041497,kJ/mol,-0.4645031222622046,-0.011934283220512045,-1.1514832802041497,-0.36304175870942257,0.10146136355278199,0.0,0.0,NaClFWater/data/S0_NaClFWater_matrix_BC_s_loss_split0.csv,0,0.24963497412573227,0.1441268195106368,0.10070161408395709,0.058140103999202435,3
NaClFWater,NaCl/NaF/water,"BC S-loss, fixed kappa_D",0.005,298.15,F,NaF,neutral ion-pair NaF: mu_Na + mu_F,0.02,0.01,0.01,-1.2346535451983505,kJ/mol,-0.49805362918952345,-0.0127962822742802,-1.2346535451983505,-0.3965922656367415,0.10146136355278199,0.0,0.0,NaClFWater/data/S0_NaClFWater_matrix_BC_s_loss_split0.csv,0,0.24286981821729473,0.1402209549257906,0.09797258093507566,0.05656449597606833,3
NaClFWater,NaCl/NaF/water,"BC S-loss, fixed kappa_D",0.005,298.15,F,NaF,neutral ion-pair NaF: mu_Na + mu_F,0.02,0.0125,0.0125,-1.3189110278311214,kJ/mol,-0.5320427147713277,-0.013669549544829353,-1.3189110278311214,-0.4305813512185457,0.10146136355278199,0.0,0.0,NaClFWater/data/S0_NaClFWater_matrix_BC_s_loss_split0.csv,0,0.23551056684944321,0.1359720891675274,0.09500389237776254,0.05485052283836344,3
NaClFWater,NaCl/NaF/water,"BC S-loss, fixed kappa_D",0.005,298.15,F,NaF,neutral ion-pair NaF: mu_Na + mu_F,0.02,0.015,0.015,-1.4007058723244354,kJ/mol,-0.5650383833192547,-0.014517293369635809,-1.4007058723244354,-0.4635770197664727,0.10146136355278199,0.0,0.0,NaClFWater/data/S0_NaClFWater_matrix_BC_s_loss_split0.csv,0,0.2286976057791113,0.13203862425959284,0.09225557484382585,0.053263780970326524,3
NaClFWater,NaCl/NaF/water,"BC S-loss, fixed kappa_D",0.005,298.15,F,NaF,neutral ion-pair NaF: mu_Na + mu_F,0.02,0.0175,0.0175,-1.4770659592330682,kJ/mol,-0.5958416953560433,-0.015308709901319162,-1.4770659592330682,-0.4943803318032613,0.10146136355278199,0.0,0.0,NaClFWater/data/S0_NaClFWater_matrix_BC_s_loss_split0.csv,0,0.22291803907681793,0.12870178986822436,0.08992412390164456,0.05191771714125575,3
NaClFWater,NaCl/NaF/water,"BC S-loss, fixed kappa_D",0.005,298.15,F,NaF,neutral ion-pair NaF: mu_Na + mu_F,0.02,0.02,0.02,-1.5455902132440302,kJ/mol,-0.6234840680122377,-0.01601891374787101,-1.5455902132440302,-0.5220227044594556,0.10146136355278199,0.0,0.0,NaClFWater/data/S0_NaClFWater_matrix_BC_s_loss_split0.csv,0,0.218080647024003,0.1259089202643559,0.08797274193130404,0.05079108623538787,3
NaClFWater,NaCl/NaF/water,"BC S-loss, fixed kappa_D",0.005,298.15,F,NaF,neutral ion-pair NaF: mu_Na + mu_F,0.02,0.0225,0.0225,-1.604429329799085,kJ/mol,-0.6472195002333005,-0.016628738218173567,-1.604429329799085,-0.5457581366805185,0.10146136355278199,0.0,0.0,NaClFWater/data/S0_NaClFWater_matrix_BC_s_loss_split0.csv,0,0.21374951193219915,0.12340833825320631,0.08622558171832588,0.049782362816107525,3
NaClFWater,NaCl/NaF/water,"BC S-loss, fixed kappa_D",0.005,298.15,F,NaF,neutral ion-pair NaF: mu_Na + mu_F,0.02,0.025,0.025,-1.6522564444343717,kJ/mol,-0.6665127409245108,-0.01712443133112629,-1.6522564444343717,-0.5650513773717288,0.10146136355278199,0.0,0.0,NaClFWater/data/S0_NaClFWater_matrix_BC_s_loss_split0.csv,0,0.20946690747518756,0.12093577541711797,0.08449799854287303,0.04878494220471235,3
NaClFWater,NaCl/NaF/water,"BC S-loss, fixed kappa_D",0.005,298.15,F,NaF,neutral ion-pair NaF: mu_Na + mu_F,0.02,0.0275,0.0275,-1.688230308417391,kJ/mol,-0.6810244341702746,-0.01749727415801772,-1.688230308417391,-0.5795630706174926,0.10146136355278199,0.0,0.0,NaClFWater/data/S0_NaClFWater_matrix_BC_s_loss_split0.csv,0,0.2050383710930468,0.11837895874477296,0.08271154709201792,0.047753533978666954,3
NaClFWater,NaCl/NaF/water,"BC S-loss, fixed kappa_D",0.005,298.15,F,NaF,neutral ion-pair NaF: mu_Na + mu_F,0.02,0.03,0.03,-1.71195344329478,kJ/mol,-0.6905942389688652,-0.017743147124974712,-1.71195344329478,-0.5891328754160832,0.10146136355278199,0.0,0.0,NaClFWater/data/S0_NaClFWater_matrix_BC_s_loss_split0.csv,0,0.2006563418198208,0.11584899296427911,0.08094385639754514,0.0467329572803691,3
NaClFWater,NaCl/NaF/water,"BC S-loss, fixed kappa_D",0.005,298.15,F,NaF,neutral ion-pair NaF: mu_Na + mu_F,0.02,0.0325,0.0325,-1.7234275409972646,kJ/mol,-0.6952228378374486,-0.017862067767623557,-1.7234275409972646,-0.5937614742846666,0.10146136355278199,0.0,0.0,NaClFWater/data/S0_NaClFWater_matrix_BC_s_loss_split0.csv,0,0.1968008577133799,0.11362302817756913,0.0793885716304432,0.04583501320141627,3
NaClFWater,NaCl/NaF/water,"BC S-loss, fixed kappa_D",0.005,298.15,F,NaF,neutral ion-pair NaF: mu_Na + mu_F,0.02,0.034999999999999996,0.034999999999999996,-1.7230080849511658,kJ/mol,-0.6950536311746909,-0.017857720412052913,-1.7230080849511658,-0.5935922676219089,0.10146136355278199,0.0,0.0,NaClFWater/data/S0_NaClFWater_matrix_BC_s_loss_split0.csv,0,0.19400431020492037,0.11200844072075844,0.07826045707457772,0.04518369595891061,3
NaClFWater,NaCl/NaF/water,"BC S-loss, fixed kappa_D",0.005,298.15,F,NaF,neutral ion-pair NaF: mu_Na + mu_F,0.02,0.0375,0.0375,-1.7113598053908952,kJ/mol,-0.6903547681362545,-0.017736994501660774,-1.7113598053908952,-0.5888934045834725,0.10146136355278199,0.0,0.0,NaClFWater/data/S0_NaClFWater_matrix_BC_s_loss_split0.csv,0,0.19285002072097926,0.1113420113764823,0.07779482194248093,0.04491486139005037,3
NaClFWater,NaCl/NaF/water,"BC S-loss, fixed kappa_D",0.005,298.15,F,NaF,neutral ion-pair NaF: mu_Na + mu_F,0.02,0.04,0.04,-1.6894141801586038,kJ/mol,-0.6815020026505166,-0.01750954412398187,-1.6894141801586038,-0.5800406390977346,0.10146136355278199,0.0,0.0,NaClFWater/data/S0_NaClFWater_matrix_BC_s_loss_split0.csv,0,0.1949203287899272,0.11253730429739484,0.07862997480887814,0.045397037122279285,3
NaClFWater,NaCl/NaF/water,"BC S-loss, fixed kappa_D",0.005,298.15,F,NaF,neutral ion-pair NaF: mu_Na + mu_F,0.0225,0.0,0.0,-0.9816328713894219,kJ/mol,-0.395986239239843,-0.010173907782359493,-0.9816328713894219,-0.294524875687061,0.10146136355278199,0.0,0.0,NaClFWater/data/S0_NaClFWater_matrix_BC_s_loss_split0.csv,0,0.29915125230787426,0.17271505604836487,0.12067625567348236,0.06967246869788114,3
NaClFWater,NaCl/NaF/water,"BC S-loss, fixed kappa_D",0.005,298.15,F,NaF,neutral ion-pair NaF: mu_Na + mu_F,0.0225,0.0025,0.0025,-1.0138645145682494,kJ/mol,-0.4089883376199014,-0.010507965223723657,-1.0138645145682494,-0.30752697406711943,0.10146136355278199,0.0,0.0,NaClFWater/data/S0_NaClFWater_matrix_BC_s_loss_split0.csv,0,0.2807020011031567,0.16206337589897415,0.11323391158102479,0.06537562933269894,3
NaClFWater,NaCl/NaF/water,"BC S-loss, fixed kappa_D",0.005,298.15,F,NaF,neutral ion-pair NaF: mu_Na + mu_F,0.0225,0.005,0.005,-1.0653824568865908,kJ/mol,-0.42977044142530885,-0.011041911070037713,-1.0653824568865908,-0.3283090778725269,0.10146136355278199,0.0,0.0,NaClFWater/data/S0_NaClFWater_matrix_BC_s_loss_split0.csv,0,0.2616048333089931,0.15103762093225434,0.10553020088087332,0.060927889886207495,3
NaClFWater,NaCl/NaF/water,"BC S-loss, fixed kappa_D",0.005,298.15,F,NaF,neutral ion-pair NaF: mu_Na + mu_F,0.0225,0.0075,0.0075,-1.1299220528575307,kJ/mol,-0.4558054211366319,-0.011710816846175476,-1.1299220528575307,-0.3543440575838499,0.10146136355278199,0.0,0.0,NaClFWater/data/S0_NaClFWater_matrix_BC_s_loss_split0.csv,0,0.2439526381195051,0.14084612128781565,0.09840938556269926,0.056816685245410094,3
NaClFWater,NaCl/NaF/water,"BC S-loss, fixed kappa_D",0.005,298.15,F,NaF,neutral ion-pair NaF: mu_Na + mu_F,0.0225,0.01,0.01,-1.2018890375828455,kJ/mol,-0.48483657571733796,-0.012456702082204174,-1.2018890375828455,-0.383375212164556,0.10146136355278199,0.0,0.0,NaClFWater/data/S0_NaClFWater_matrix_BC_s_loss_split0.csv,0,0.22949075242296663,0.13249654768792954,0.0925755265954633,0.0534485052002621,3
NaClFWater,NaCl/NaF/water,"BC S-loss, fixed kappa_D",0.005,298.15,F,NaF,neutral ion-pair NaF: mu_Na + mu_F,0.0225,0.0125,0.0125,-1.2764053506693531,kJ/mol,-0.5148961177734016,-0.013229009244810186,-1.2764053506693531,-0.41343475422061965,0.10146136355278199,0.0,0.0,NaClFWater/data/S0_NaClFWater_matrix_BC_s_loss_split0.csv,0,0.21923613386267268,0.1265760409017069,0.08843886007085691,0.05106019966873289,3
NaClFWater,NaCl/NaF/water,"BC S-loss, fixed kappa_D",0.005,298.15,F,NaF,neutral ion-pair NaF: mu_Na + mu_F,0.0225,0.015,0.015,-1.3493278670631306,kJ/mol,-0.544312729486705,-0.01398479786871576,-1.3493278670631306,-0.44285136593392294,0.10146136355278199,0.0,0.0,NaClFWater/data/S0_NaClFWater_matrix_BC_s_loss_split0.csv,0,0.2132669039267256,0.12312970439133308,0.08603089984215356,0.049669963182493095,3
NaClFWater,NaCl/NaF/water,"BC S-loss, fixed kappa_D",0.005,298.15,F,NaF,neutral ion-pair NaF: mu_Na + mu_F,0.0225,0.0175,0.0175,-1.4172424216584973,kJ/mol,-0.5717091521694572,-0.014688682626115224,-1.4172424216584973,-0.4702477886166752,0.10146136355278199,0.0,0.0,NaClFWater/data/S0_NaClFWater_matrix_BC_s_loss_split0.csv,0,0.21078326366608527,0.1216957740182822,0.08502901064803604,0.04909152218657117,3
NaClFWater,NaCl/NaF/water,"BC S-loss, fixed kappa_D",0.005,298.15,F,NaF,neutral ion-pair NaF: mu_Na + mu_F,0.0225,0.02,0.02,-1.4774362726249852,kJ/mol,-0.5959910780954353,-0.01531254792917025,-1.4774362726249852,-0.49452971454265326,0.10146136355278199,0.0,0.0,NaClFWater/data/S0_NaClFWater_matrix_BC_s_loss_split0.csv,0,0.2104555596200696,0.12150657399910052,0.08489681632514039,0.04901519975866202,3
NaClFWater,NaCl/NaF/water,"BC S-loss, fixed kappa_D",0.005,298.15,F,NaF,neutral ion-pair NaF: mu_Na + mu_F,0.0225,0.0225,0.0225,-1.5278527191293856,kJ/mol,-0.6163288434953006,-0.01583507757584357,-1.5278527191293856,-0.5148674799425186,0.10146136355278199,0.0,0.0,NaClFWater/data/S0_NaClFWater_matrix_BC_s_loss_split0.csv,0,0.2108971420520352,0.12176152173506527,0.0850749486714023,0.049118044516727716,3
NaClFWater,NaCl/NaF/water,"BC S-loss, fixed kappa_D",0.005,298.15,F,NaF,neutral ion-pair NaF: mu_Na + mu_F,0.0225,0.025,0.025,-1.5670319606757546,kJ/mol,-0.6321335714831242,-0.016241141800151127,-1.5670319606757546,-0.5306722079303422,0.10146136355278199,0.0,0.0,NaClFWater/data/S0_NaClFWater_matrix_BC_s_loss_split0.csv,0,0.21105159467609766,0.12185069499914478,0.0851372541580316,0.04915401660620513,3
NaClFWater,NaCl/NaF/water,"BC S-loss, fixed kappa_D",0.005,298.15,F,NaF,neutral ion-pair NaF: mu_Na + mu_F,0.0225,0.0275,0.0275,-1.5940424357605212,kJ/mol,-0.6430294743818924,-0.01652108564746868,-1.5940424357605212,-0.5415681108291104,0.10146136355278199,0.0,0.0,NaClFWater/data/S0_NaClFWater_matrix_BC_s_loss_split0.csv,0,0.2103761340471087,0.12146071762317101,0.08486477640996135,0.04899670150500859,3
NaClFWater,NaCl/NaF/water,"BC S-loss, fixed kappa_D",0.005,298.15,F,NaF,neutral ion-pair NaF: mu_Na + mu_F,0.0225,0.03,0.03,-1.6084068389505197,kJ/mol,-0.6488240093490042,-0.01666996219557859,-1.6084068389505197,-0.5473626457962222,0.10146136355278199,0.0,0.0,NaClFWater/data/S0_NaClFWater_matrix_BC_s_loss_split0.csv,0,0.2087949702128376,0.12054783225782169,0.08422694210489287,0.04862844769727893,3
NaClFWater,NaCl/NaF/water,"BC S-loss, fixed kappa_D",0.005,298.15,F,NaF,neutral ion-pair NaF: mu_Na + mu_F,0.0225,0.0325,0.0325,-1.6100267802701176,kJ/mol,-0.6494774863154273,-0.016686751704241942,-1.6100267802701176,-0.5480161227626453,0.10146136355278199,0.0,0.0,NaClFWater/data/S0_NaClFWater_matrix_BC_s_loss_split0.csv,0,0.20645611905083883,0.11919749590984723,0.08328346017516619,0.04808372815117568,3
NaClFWater,NaCl/NaF/water,"BC S-loss, fixed kappa_D",0.005,298.15,F,NaF,neutral ion-pair NaF: mu_Na + mu_F,0.0225,0.034999999999999996,0.034999999999999996,-1.5991096400232594,kJ/mol,-0.6450735615533232,-0.016573603518850177,-1.5991096400232594,-0.5436121980005412,0.10146136355278199,0.0,0.0,NaClFWater/data/S0_NaClFWater_matrix_BC_s_loss_split0.csv,0,0.20343863354594502,0.117455349841321,0.08206622023560269,0.047380954344400324,3
NaClFWater,NaCl/NaF/water,"BC S-loss, fixed kappa_D",0.005,298.15,F,NaF,neutral ion-pair NaF: mu_Na + mu_F,0.0225,0.0375,0.0375,-1.5761006580320243,kJ/mol,-0.6357918427835042,-0.016335132224980953,-1.5761006580320243,-0.5343304792307222,0.10146136355278199,0.0,0.0,NaClFWater/data/S0_NaClFWater_matrix_BC_s_loss_split0.csv,0,0.19980005053503516,0.1153546129605034,0.08059843238472027,0.0465335266335801,3
NaClFWater,NaCl/NaF/water,"BC S-loss, fixed kappa_D",0.005,298.15,F,NaF,neutral ion-pair NaF: mu_Na + mu_F,0.0225,0.04,0.04,-1.5416226408468876,kJ/mol,-0.6218835673380574,-0.015977792757666975,-1.5416226408468876,-0.5204222037852754,0.10146136355278199,0.0,0.0,NaClFWater/data/S0_NaClFWater_matrix_BC_s_loss_split0.csv,0,0.1967270959646546,0.11358044181208668,0.07935881647622128,0.04581783405511647,3
NaClFWater,NaCl/NaF/water,"BC S-loss, fixed kappa_D",0.005,298.15,F,NaF,neutral ion-pair NaF: mu_Na + mu_F,0.025,0.0,0.0,-1.002062263969949,kJ/mol,-0.40422736336445275,-0.010385643515974152,-1.002062263969949,-0.3027659998116708,0.10146136355278199,0.0,0.0,NaClFWater/data/S0_NaClFWater_matrix_BC_s_loss_split0.csv,0,0.3440691658510533,0.19864842552395562,0.1387959378651433,0.08013387208886706,3
NaClFWater,NaCl/NaF/water,"BC S-loss, fixed kappa_D",0.005,298.15,F,NaF,neutral ion-pair NaF: mu_Na + mu_F,0.025,0.0025,0.0025,-1.014934787341527,kJ/mol,-0.4094200807927345,-0.010519057819351474,-1.014934787341527,-0.3079587172399525,0.10146136355278199,0.0,0.0,NaClFWater/data/S0_NaClFWater_matrix_BC_s_loss_split0.csv,0,0.30280271036903805,0.17482322634291242,0.12214923726112593,0.07052289501401852,3
NaClFWater,NaCl/NaF/water,"BC S-loss, fixed kappa_D",0.005,298.15,F,NaF,neutral ion-pair NaF: mu_Na + mu_F,0.025,0.005,0.005,-1.0508754431433005,kJ/mol,-0.4239183780090998,-0.010891556467697683,-1.0508754431433005,-0.3224570144563178,0.10146136355278199,0.0,0.0,NaClFWater/data/S0_NaClFWater_matrix_BC_s_loss_split0.csv,0,0.26578563418714035,0.1534514074446809,0.10721671695526364,0.06190160039574938,3
NaClFWater,NaCl/NaF/water,"BC S-loss, fixed kappa_D",0.005,298.15,F,NaF,neutral ion-pair NaF: mu_Na + mu_F,0.025,0.0075,0.0075,-1.1025528283755257,kJ/mol,-0.4447648003613719,-0.011427154823365983,-1.1025528283755257,-0.3433034368085899,0.10146136355278199,0.0,0.0,NaClFWater/data/S0_NaClFWater_matrix_BC_s_loss_split0.csv,0,0.2355431890996097,0.13599092363244258,0.09501705204522629,0.05485812057591608,3
NaClFWater,NaCl/NaF/water,"BC S-loss, fixed kappa_D",0.005,298.15,F,NaF,neutral ion-pair NaF: mu_Na + mu_F,0.025,0.01,0.01,-1.1634905310613162,kJ/mol,-0.4693467926904461,-0.012058729606224007,-1.1634905310613162,-0.3678854291376641,0.10146136355278199,0.0,0.0,NaClFWater/data/S0_NaClFWater_matrix_BC_s_loss_split0.csv,0,0.21385174420368916,0.12346736208267094,0.0862668217520454,0.04980617276067688,3
NaClFWater,NaCl/NaF/water,"BC S-loss, fixed kappa_D",0.005,298.15,F,NaF,neutral ion-pair NaF: mu_Na + mu_F,0.025,0.0125,0.0125,-1.2281124243877766,kJ/mol,-0.49541497078098173,-0.012728488334346366,-1.2281124243877766,-0.3939536072281997,0.10146136355278199,0.0,0.0,NaClFWater/data/S0_NaClFWater_matrix_BC_s_loss_split0.csv,0,0.20118868256817754,0.11615634003864347,0.08115860023618367,0.04685693969341387,3
NaClFWater,NaCl/NaF/water,"BC S-loss, fixed kappa_D",0.005,298.15,F,NaF,neutral ion-pair NaF: mu_Na + mu_F,0.025,0.015,0.015,-1.2917518935338614,kJ/mol,-0.5210868434218288,-0.013388064953346655,-1.2917518935338614,-0.4196254798690468,0.10146136355278199,0.0,0.0,NaClFWater/data/S0_NaClFWater_matrix_BC_s_loss_split0.csv,0,0.1964612700703982,0.11342696716048017,0.07925158351853705,0.04575592307813148,3
NaClFWater,NaCl/NaF/water,"BC S-loss, fixed kappa_D",0.005,298.15,F,NaF,neutral ion-pair NaF: mu_Na + mu_F,0.025,0.0175,0.0175,-1.3506282889461272,kJ/mol,-0.5448373137644749,-0.013998275791777813,-1.3506282889461272,-0.4433759502116929,0.10146136355278199,0.0,0.0,NaClFWater/data/S0_NaClFWater_matrix_BC_s_loss_split0.csv,0,0.19740869337312653,0.1139739622593469,0.07963376977324607,0.04597657841516831,3
NaClFWater,NaCl/NaF/water,"BC S-loss, fixed kappa_D",0.005,298.15,F,NaF,neutral ion-pair NaF: mu_Na + mu_F,0.025,0.02,0.02,-1.4017949816961117,kJ/mol,-0.565477725090278,-0.014528581192848835,-1.4017949816961117,-0.46401636153749604,0.10146136355278199,0.0,0.0,NaClFWater/data/S0_NaClFWater_matrix_BC_s_loss_split0.csv,0,0.20147239321926688,0.11632014045942188,0.08127304782349618,0.04692301603875685,3
NaClFWater,NaCl/NaF/water,"BC S-loss, fixed kappa_D",0.005,298.15,F,NaF,neutral ion-pair NaF: mu_Na + mu_F,0.025,0.0225,0.0225,-1.4430642361947579,kJ/mol,-0.5821255548048841,-0.014956306874978509,-1.4430642361947579,-0.48066419125210214,0.10146136355278199,0.0,0.0,NaClFWater/data/S0_NaClFWater_matrix_BC_s_loss_split0.csv,0,0.20651247706077575,0.1192300342220553,0.083306194740253,0.048096853958448454,3
NaClFWater,NaCl/NaF/water,"BC S-loss, fixed kappa_D",0.005,298.15,F,NaF,neutral ion-pair NaF: mu_Na + mu_F,0.025,0.025,0.025,-1.4729146809366978,kJ/mol,-0.5941670885569749,-0.015265684933638113,-1.4729146809366978,-0.49270572500419285,0.10146136355278199,0.0,0.0,NaClFWater/data/S0_NaClFWater_matrix_BC_s_loss_split0.csv,0,0.21108278986102863,0.1218687055475621,0.08514983815386472,0.049161281979586864,3
NaClFWater,NaCl/NaF/water,"BC S-loss, fixed kappa_D",0.005,298.15,F,NaF,neutral ion-pair NaF: mu_Na + mu_F,0.025,0.0275,0.0275,-1.4903874372921098,kJ/mol,-0.6012155190649513,-0.015446777292140721,-1.4903874372921098,-0.49975415551216934,0.10146136355278199,0.0,0.0,NaClFWater/data/S0_NaClFWater_matrix_BC_s_loss_split0.csv,0,0.21437022001243158,0.12376670423041668,0.0864759725370534,0.04992692602270247,3
NaClFWater,NaCl/NaF/water,"BC S-loss, fixed kappa_D",0.005,298.15,F,NaF,neutral ion-pair NaF: mu_Na + mu_F,0.025,0.03,0.03,-1.4949769521259688,kJ/mol,-0.6030669084916551,-0.01549434426146945,-1.4949769521259688,-0.5016055449388731,0.10146136355278199,0.0,0.0,NaClFWater/data/S0_NaClFWater_matrix_BC_s_loss_split0.csv,0,0.21595524028811136,0.12468181611325142,0.08711536251306037,0.05029607799746724,3
NaClFWater,NaCl/NaF/water,"BC S-loss, fixed kappa_D",0.005,298.15,F,NaF,neutral ion-pair NaF: mu_Na + mu_F,0.025,0.0325,0.0325,-1.4865223131021075,kJ/mol,-0.5996563455319505,-0.01540671810278127,-1.4865223131021075,-0.49819498197916845,0.10146136355278199,0.0,0.0,NaClFWater/data/S0_NaClFWater_matrix_BC_s_loss_split0.csv,0,0.215495111829117,0.12441616082358921,0.08692974878377835,0.05018891386090098,3
NaClFWater,NaCl/NaF/water,"BC S-loss, fixed kappa_D",0.005,298.15,F,NaF,neutral ion-pair NaF: mu_Na + mu_F,0.025,0.034999999999999996,0.034999999999999996,-1.4651042935056455,kJ/mol,-0.5910164137619766,-0.015184735972184171,-1.4651042935056455,-0.48955505020919454,0.10146136355278199,0.0,0.0,NaClFWater/data/S0_NaClFWater_matrix_BC_s_loss_split0.csv,0,0.21247686862075302,0.12267357729476051,0.08571220319007836,0.04948596358462764,3
NaClFWater,NaCl/NaF/water,"BC S-loss, fixed kappa_D",0.005,298.15,F,NaF,neutral ion-pair NaF: mu_Na + mu_F,0.025,0.0375,0.0375,-1.4309526450463332,kJ/mol,-0.5772397939773286,-0.01483077907835195,-1.4309526450463332,-0.47577843042454665,0.10146136355278199,0.0,0.0,NaClFWater/data/S0_NaClFWater_matrix_BC_s_loss_split0.csv,0,0.20638610768561216,0.11915707482928728,0.08325521790860384,0.04806742247097338,3
NaClFWater,NaCl/NaF/water,"BC S-loss, fixed kappa_D",0.005,298.15,F,NaF,neutral ion-pair NaF: mu_Na + mu_F,0.025,0.04,0.04,-1.3843672693312261,kJ/mol,-0.5584474651233754,-0.014347955682410428,-1.3843672693312261,-0.45698610157059344,0.10146136355278199,0.0,0.0,NaClFWater/data/S0_NaClFWater_matrix_BC_s_loss_split0.csv,0,0.19806048828806785,0.1143502762289447,0.0798967008798195,0.0461283817603268,3
NaClFWater,NaCl/NaF/water,"BC S-loss, fixed kappa_D",0.005,298.15,F,NaF,neutral ion-pair NaF: mu_Na + mu_F,0.0275,0.0,0.0,-1.0144247079120035,kJ/mol,-0.4092143170689456,-0.010513771218597869,-1.0144247079120035,-0.3077529535161636,0.10146136355278199,0.0,0.0,NaClFWater/data/S0_NaClFWater_matrix_BC_s_loss_split0.csv,0,0.3799802259018935,0.21938168571119304,0.15328229629008147,0.08849757502508251,3
NaClFWater,NaCl/NaF/water,"BC S-loss, fixed kappa_D",0.005,298.15,F,NaF,neutral ion-pair NaF: mu_Na + mu_F,0.0275,0.0025,0.0025,-1.0089659214996178,kJ/mol,-0.4070122674379114,-0.010457194884224917,-1.0089659214996178,-0.30555090388512945,0.10146136355278199,0.0,0.0,NaClFWater/data/S0_NaClFWater_matrix_BC_s_loss_split0.csv,0,0.3197346051461735,0.184598860350382,0.1289794866663975,0.07446634134678434,3
NaClFWater,NaCl/NaF/water,"BC S-loss, fixed kappa_D",0.005,298.15,F,NaF,neutral ion-pair NaF: mu_Na + mu_F,0.0275,0.005,0.005,-1.0299814274252848,kJ/mol,-0.4154898270223297,-0.010675005254597634,-1.0299814274252848,-0.31402846346954777,0.10146136355278199,0.0,0.0,NaClFWater/data/S0_NaClFWater_matrix_BC_s_loss_split0.csv,0,0.26725630967295494,0.15430050233230652,0.10780998076268448,0.06224412141466427,3
NaClFWater,NaCl/NaF/water,"BC S-loss, fixed kappa_D",0.005,298.15,F,NaF,neutral ion-pair NaF: mu_Na + mu_F,0.0275,0.0075,0.0075,-1.0690972260064322,kJ/mol,-0.43126896240630264,-0.011080411938905854,-1.0690972260064322,-0.3298075988535207,0.10146136355278199,0.0,0.0,NaClFWater/data/S0_NaClFWater_matrix_BC_s_loss_split0.csv,0,0.2257574571773378,0.1303411286729014,0.09106953225951969,0.052579018965007,3
NaClFWater,NaCl/NaF/water,"BC S-loss, fixed kappa_D",0.005,298.15,F,NaF,neutral ion-pair NaF: mu_Na + mu_F,0.0275,0.01,0.01,-1.1189928557600675,kJ/mol,-0.45139663269578656,-0.011597543700332837,-1.1189928557600675,-0.34993526914300455,0.10146136355278199,0.0,0.0,NaClFWater/data/S0_NaClFWater_matrix_BC_s_loss_split0.csv,0,0.19747836737423075,0.11401418856263994,0.0796618759486546,0.04599280552310631,3
NaClFWater,NaCl/NaF/water,"BC S-loss, fixed kappa_D",0.005,298.15,F,NaF,neutral ion-pair NaF: mu_Na + mu_F,0.0275,0.0125,0.0125,-1.1734440723621977,kJ/mol,-0.47336200601686584,-0.012161890792299346,-1.1734440723621977,-0.37190064246408383,0.10146136355278199,0.0,0.0,NaClFWater/data/S0_NaClFWater_matrix_BC_s_loss_split0.csv,0,0.18274321723809467,0.10550684566499222,0.07371778334834861,0.04256098206023158,3
NaClFWater,NaCl/NaF/water,"BC S-loss, fixed kappa_D",0.005,298.15,F,NaF,neutral ion-pair NaF: mu_Na + mu_F,0.0275,0.015,0.015,-1.227320035432507,kJ/mol,-0.4950953246774764,-0.012720275801541447,-1.227320035432507,-0.3936339611246944,0.10146136355278199,0.0,0.0,NaClFWater/data/S0_NaClFWater_matrix_BC_s_loss_split0.csv,0,0.17937092491853326,0.10355985178650734,0.0723574159521851,0.04177557357785979,3
NaClFWater,NaCl/NaF/water,"BC S-loss, fixed kappa_D",0.005,298.15,F,NaF,neutral ion-pair NaF: mu_Na + mu_F,0.0275,0.0175,0.0175,-1.2765392999622152,kJ/mol,-0.514950152309403,-0.013230397531401648,-1.2765392999622152,-0.41348878875662104,0.10146136355278199,0.0,0.0,NaClFWater/data/S0_NaClFWater_matrix_BC_s_loss_split0.csv,0,0.18357761568791706,0.10598858583460859,0.07405437589104234,0.042755313855363034,3
NaClFWater,NaCl/NaF/water,"BC S-loss, fixed kappa_D",0.005,298.15,F,NaF,neutral ion-pair NaF: mu_Na + mu_F,0.0275,0.02,0.02,-1.3179903273611826,kJ/mol,-0.5316713083859228,-0.013660007156886422,-1.3179903273611826,-0.43020994483314084,0.10146136355278199,0.0,0.0,NaClFWater/data/S0_NaClFWater_matrix_BC_s_loss_split0.csv,0,0.19167815128761825,0.11066543224367621,0.07732209513868114,0.04464193244262341,3
NaClFWater,NaCl/NaF/water,"BC S-loss, fixed kappa_D",0.005,298.15,F,NaF,neutral ion-pair NaF: mu_Na + mu_F,0.0275,0.0225,0.0225,-1.3494233529772524,kJ/mol,-0.5443512480705213,-0.013985787510478076,-1.3494233529772524,-0.4428898845177393,0.10146136355278199,0.0,0.0,NaClFWater/data/S0_NaClFWater_matrix_BC_s_loss_split0.csv,0,0.20100674075060673,0.11605129588129212,0.0810852057338191,0.04681456535771664,3
NaClFWater,NaCl/NaF/water,"BC S-loss, fixed kappa_D",0.005,298.15,F,NaF,neutral ion-pair NaF: mu_Na + mu_F,0.0275,0.025,0.025,-1.3693212091295899,kJ/mol,-0.5523779528155927,-0.014192014257218943,-1.3693212091295899,-0.4509165892628107,0.10146136355278199,0.0,0.0,NaClFWater/data/S0_NaClFWater_matrix_BC_s_loss_split0.csv,0,0.20988000449976957,0.12117427709546183,0.08466464000524981,0.04888115269787374,3
NaClFWater,NaCl/NaF/water,"BC S-loss, fixed kappa_D",0.005,298.15,F,NaF,neutral ion-pair NaF: mu_Na + mu_F,0.0275,0.0275,0.0275,-1.3767571044305504,kJ/mol,-0.5553775591872099,-0.014269081881252534,-1.3767571044305504,-0.45391619563442787,0.10146136355278199,0.0,0.0,NaClFWater/data/S0_NaClFWater_matrix_BC_s_loss_split0.csv,0,0.2172075602396918,0.1254048433744079,0.08762054269029858,0.05058774390878498,3
NaClFWater,NaCl/NaF/water,"BC S-loss, fixed kappa_D",0.005,298.15,F,NaF,neutral ion-pair NaF: mu_Na + mu_F,0.0275,0.03,0.03,-1.3712473853364857,kJ/mol,-0.5531549635438524,-0.014211977666832352,-1.3712473853364857,-0.45169359999107045,0.10146136355278199,0.0,0.0,NaClFWater/data/S0_NaClFWater_matrix_BC_s_loss_split0.csv,0,0.22210520689174904,0.12823250098736882,0.08959623109214344,0.05172840813942494,3
NaClFWater,NaCl/NaF/water,"BC S-loss, fixed kappa_D",0.005,298.15,F,NaF,neutral ion-pair NaF: mu_Na + mu_F,0.0275,0.0325,0.0325,-1.3526069762022088,kJ/mol,-0.5456355072113371,-0.014018783440064908,-1.3526069762022088,-0.4441741436585551,0.10146136355278199,0.0,0.0,NaClFWater/data/S0_NaClFWater_matrix_BC_s_loss_split0.csv,0,0.22360443785956752,0.12909808239021625,0.09020101405123288,0.05207757974365652,3
NaClFWater,NaCl/NaF/water,"BC S-loss, fixed kappa_D",0.005,298.15,F,NaF,neutral ion-pair NaF: mu_Na + mu_F,0.0275,0.034999999999999996,0.034999999999999996,-1.3208145332083534,kJ/mol,-0.5328105801899298,-0.013689277987850799,-1.3208145332083534,-0.4313492166371478,0.10146136355278199,0.0,0.0,NaClFWater/data/S0_NaClFWater_matrix_BC_s_loss_split0.csv,0,0.22053972395460808,0.12732866899219875,0.08896472238971465,0.05136380642008208,3
NaClFWater,NaCl/NaF/water,"BC S-loss, fixed kappa_D",0.005,298.15,F,NaF,neutral ion-pair NaF: mu_Na + mu_F,0.0275,0.0375,0.0375,-1.2758934066004306,kJ/mol,-0.5146896018625531,-0.013223703318431037,-1.2758934066004306,-0.41322823830977107,0.10146136355278199,0.0,0.0,NaClFWater/data/S0_NaClFWater_matrix_BC_s_loss_split0.csv,0,0.2118823640117091,0.12233033989869453,0.08547238273254536,0.04934750317891379,3
NaClFWater,NaCl/NaF/water,"BC S-loss, fixed kappa_D",0.005,298.15,F,NaF,neutral ion-pair NaF: mu_Na + mu_F,0.0275,0.04,0.04,-1.2178133323233873,kJ/mol,-0.4912603638469353,-0.012621745766978163,-1.2178133323233873,-0.3897990002941533,0.10146136355278199,0.0,0.0,NaClFWater/data/S0_NaClFWater_matrix_BC_s_loss_split0.csv,0,0.19830951366147231,0.11449405109531481,0.07999715658374285,0.04618637988802858,3
NaClFWater,NaCl/NaF/water,"BC S-loss, fixed kappa_D",0.005,298.15,F,NaF,neutral ion-pair NaF: mu_Na + mu_F,0.03,0.0,0.0,-1.0189858649470214,kJ/mol,-0.41105426708847037,-0.010561044280052554,-1.0189858649470214,-0.3095929035356884,0.10146136355278199,0.0,0.0,NaClFWater/data/S0_NaClFWater_matrix_BC_s_loss_split0.csv,0,0.40503200680575957,0.23384533815971964,0.16338807085765603,0.09433214669204136,3
NaClFWater,NaCl/NaF/water,"BC S-loss, fixed kappa_D",0.005,298.15,F,NaF,neutral ion-pair NaF: mu_Na + mu_F,0.03,0.0025,0.0025,-0.995926674871727,kJ/mol,-0.40175229460571504,-0.010322052616061226,-0.995926674871727,-0.3002909310529331,0.10146136355278199,0.0,0.0,NaClFWater/data/S0_NaClFWater_matrix_BC_s_loss_split0.csv,0,0.33094706195240087,0.1910723753057344,0.13350254078647059,0.0770777278605678,3
NaClFWater,NaCl/NaF/water,"BC S-loss, fixed kappa_D",0.005,298.15,F,NaF,neutral ion-pair NaF: mu_Na + mu_F,0.03,0.005,0.005,-1.0024609386708228,kJ/mol,-0.4043881869269885,-0.010389775488079067,-1.0024609386708228,-0.3029268233742065,0.10146136355278199,0.0,0.0,NaClFWater/data/S0_NaClFWater_matrix_BC_s_loss_split0.csv,0,0.2666281286815683,0.15393782186782964,0.10755657540555838,0.06209781776351342,3
NaClFWater,NaCl/NaF/water,"BC S-loss, fixed kappa_D",0.005,298.15,F,NaF,neutral ion-pair NaF: mu_Na + mu_F,0.03,0.0075,0.0075,-1.0291837056989588,kJ/mol,-0.4151680297032153,-0.010666737451515473,-1.0291837056989588,-0.3137066661504333,0.10146136355278199,0.0,0.0,NaClFWater/data/S0_NaClFWater_matrix_BC_s_loss_split0.csv,0,0.21598422092191893,0.1246985480899815,0.08712705316903442,0.050302827600840865,3
NaClFWater,NaCl/NaF/water,"BC S-loss, fixed kappa_D",0.005,298.15,F,NaF,neutral ion-pair NaF: mu_Na + mu_F,0.03,0.01,0.01,-1.0679554164671052,kJ/mol,-0.43080836162714753,-0.011068577916944378,-1.0679554164671052,-0.32934699807436557,0.10146136355278199,0.0,0.0,NaClFWater/data/S0_NaClFWater_matrix_BC_s_loss_split0.csv,0,0.1819786129917781,0.10506540119755782,0.07340934547016593,0.04238290536823454,3
NaClFWater,NaCl/NaF/water,"BC S-loss, fixed kappa_D",0.005,298.15,F,NaF,neutral ion-pair NaF: mu_Na + mu_F,0.03,0.0125,0.0125,-1.1119404341285113,kJ/mol,-0.4485517178596923,-0.011524450500814964,-1.1119404341285113,-0.34709035430691026,0.10146136355278199,0.0,0.0,NaClFWater/data/S0_NaClFWater_matrix_BC_s_loss_split0.csv,0,0.16528750600661393,0.09542878608660045,0.0666762287659037,0.03849553862654358,3
NaClFWater,NaCl/NaF/water,"BC S-loss, fixed kappa_D",0.005,298.15,F,NaF,neutral ion-pair NaF: mu_Na + mu_F,0.03,0.015,0.015,-1.155590206441597,kJ/mol,-0.46615983764226343,-0.011976848511494609,-1.155590206441597,-0.3646984740894814,0.10146136355278199,0.0,0.0,NaClFWater/data/S0_NaClFWater_matrix_BC_s_loss_split0.csv,0,0.1630190636060218,0.09411910025597742,0.06576114941055239,0.03796721731440162,3
NaClFWater,NaCl/NaF/water,"BC S-loss, fixed kappa_D",0.005,298.15,F,NaF,neutral ion-pair NaF: mu_Na + mu_F,0.03,0.0175,0.0175,-1.1945764321424295,kJ/mol,-0.48188670391516764,-0.01238091226753113,-1.1945764321424295,-0.3804253403623857,0.10146136355278199,0.0,0.0,NaClFWater/data/S0_NaClFWater_matrix_BC_s_loss_split0.csv,0,0.17001953545157578,0.0981608245604624,0.06858510793906179,0.039597630531016864,3
NaClFWater,NaCl/NaF/water,"BC S-loss, fixed kappa_D",0.005,298.15,F,NaF,neutral ion-pair NaF: mu_Na + mu_F,0.03,0.02,0.02,-1.2256813815148402,kJ/mol,-0.4944342991340326,-0.012703292350465745,-1.2256813815148402,-0.3929729355812506,0.10146136355278199,0.0,0.0,NaClFWater/data/S0_NaClFWater_matrix_BC_s_loss_split0.csv,0,0.18165515277594693,0.10487865135487556,0.07327886308908044,0.04230757133039032,3
NaClFWater,NaCl/NaF/water,"BC S-loss, fixed kappa_D",0.005,298.15,F,NaF,neutral ion-pair NaF: mu_Na + mu_F,0.03,0.0225,0.0225,-1.2466539236982506,kJ/mol,-0.5028945273400754,-0.01292065743302828,-1.2466539236982506,-0.4014331637872935,0.10146136355278199,0.0,0.0,NaClFWater/data/S0_NaClFWater_matrix_BC_s_loss_split0.csv,0,0.1949078408775463,0.11253009439782011,0.07862493724177562,0.04539412868155659,3
NaClFWater,NaCl/NaF/water,"BC S-loss, fixed kappa_D",0.005,298.15,F,NaF,neutral ion-pair NaF: mu_Na + mu_F,0.03,0.025,0.025,-1.2560407945700736,kJ/mol,-0.5066811483906746,-0.013017945493970728,-1.2560407945700736,-0.40521978483789256,0.10146136355278199,0.0,0.0,NaClFWater/data/S0_NaClFWater_matrix_BC_s_loss_split0.csv,0,0.20789814318641434,0.12003004893269968,0.08386516615810806,0.048419576257016386,3
NaClFWater,NaCl/NaF/water,"BC S-loss, fixed kappa_D",0.005,298.15,F,NaF,neutral ion-pair NaF: mu_Na + mu_F,0.03,0.0275,0.0275,-1.253003156342878,kJ/mol,-0.5054557789345195,-0.012986462592266435,-1.253003156342878,-0.4039944153817376,0.10146136355278199,0.0,0.0,NaClFWater/data/S0_NaClFWater_matrix_BC_s_loss_split0.csv,0,0.2191737366111447,0.12654001583174054,0.08841368930315786,0.051045667319226135,3
NaClFWater,NaCl/NaF/water,"BC S-loss, fixed kappa_D",0.005,298.15,F,NaF,neutral ion-pair NaF: mu_Na + mu_F,0.03,0.03,0.03,-1.2371285644271448,kJ/mol,-0.499052040698573,-0.012821934040971428,-1.2371285644271448,-0.39759067714579105,0.10146136355278199,0.0,0.0,NaClFWater/data/S0_NaClFWater_matrix_BC_s_loss_split0.csv,0,0.22726654215983638,0.13121239929377698,0.091678290283349,0.0529304855739362,3
NaClFWater,NaCl/NaF/water,"BC S-loss, fixed kappa_D",0.005,298.15,F,NaF,neutral ion-pair NaF: mu_Na + mu_F,0.03,0.0325,0.0325,-1.2082480644820273,kJ/mol,-0.48740177826955877,-0.012522608751737607,-1.2082480644820273,-0.38594041471677676,0.10146136355278199,0.0,0.0,NaClFWater/data/S0_NaClFWater_matrix_BC_s_loss_split0.csv,0,0.23051732966402513,0.13308924233439862,0.09298964318917577,0.05368759552711788,3
NaClFWater,NaCl/NaF/water,"BC S-loss, fixed kappa_D",0.005,298.15,F,NaF,neutral ion-pair NaF: mu_Na + mu_F,0.03,0.034999999999999996,0.034999999999999996,-1.1662673351511488,kJ/mol,-0.47046694284096235,-0.012087509152593157,-1.1662673351511488,-0.36900557928818034,0.10146136355278199,0.0,0.0,NaClFWater/data/S0_NaClFWater_matrix_BC_s_loss_split0.csv,0,0.22714142708323712,0.1311401640706227,0.09162781943004046,0.052901346213192285,3
NaClFWater,NaCl/NaF/water,"BC S-loss, fixed kappa_D",0.005,298.15,F,NaF,neutral ion-pair NaF: mu_Na + mu_F,0.03,0.0375,0.0375,-1.111019631470323,kJ/mol,-0.4481802702520118,-0.011514907053765457,-1.111019631470323,-0.3467189066992298,0.10146136355278199,0.0,0.0,NaClFWater/data/S0_NaClFWater_matrix_BC_s_loss_split0.csv,0,0.21574059784591576,0.12455789224147026,0.08702877672733174,0.05024608767076882,3
NaClFWater,NaCl/NaF/water,"BC S-loss, fixed kappa_D",0.005,298.15,F,NaF,neutral ion-pair NaF: mu_Na + mu_F,0.03,0.04,0.04,-1.0421468040911452,kJ/mol,-0.42039728468318793,-0.010801090498830488,-1.0421468040911452,-0.318935921130406,0.10146136355278199,0.0,0.0,NaClFWater/data/S0_NaClFWater_matrix_BC_s_loss_split0.csv,0,0.19713563437079748,0.11381631157084757,0.07952361901263652,0.04591298284387894,3
NaClFWater,NaCl/NaF/water,"BC S-loss, fixed kappa_D",0.005,298.15,F,NaF,neutral ion-pair NaF: mu_Na + mu_F,0.0325,0.0,0.0,-1.0156678666960164,kJ/mol,-0.4097158016728205,-0.010526655651460713,-1.0156678666960164,-0.30825443812003855,0.10146136355278199,0.0,0.0,NaClFWater/data/S0_NaClFWater_matrix_BC_s_loss_split0.csv,0,0.41789079927884554,0.24126936545550937,0.1685752493038869,0.09732696556430738,3
NaClFWater,NaCl/NaF/water,"BC S-loss, fixed kappa_D",0.005,298.15,F,NaF,neutral ion-pair NaF: mu_Na + mu_F,0.0325,0.0025,0.0025,-0.97556287213108,kJ/mol,-0.3935376291244367,-0.010110996673233785,-0.97556287213108,-0.29207626557165467,0.10146136355278199,0.0,0.0,NaClFWater/data/S0_NaClFWater_matrix_BC_s_loss_split0.csv,0,0.3360144217471636,0.19399801684732138,0.13554669069881317,0.07825791836272274,3
NaClFWater,NaCl/NaF/water,"BC S-loss, fixed kappa_D",0.005,298.15,F,NaF,neutral ion-pair NaF: mu_Na + mu_F,0.0325,0.005,0.005,-0.9679661309667731,kJ/mol,-0.3904731382625175,-0.010032261999299408,-0.9679661309667731,-0.2890117747097355,0.10146136355278199,0.0,0.0,NaClFWater/data/S0_NaClFWater_matrix_BC_s_loss_split0.csv,0,0.26437709523173714,0.15263818709961477,0.10664851874182821,0.06157355100426937,3
NaClFWater,NaCl/NaF/water,"BC S-loss, fixed kappa_D",0.005,298.15,F,NaF,neutral ion-pair NaF: mu_Na + mu_F,0.0325,0.0075,0.0075,-0.9824385758323756,kJ/mol,-0.3963112567505672,-0.010182258320469373,-0.9824385758323756,-0.2948498931977852,0.10146136355278199,0.0,0.0,NaClFWater/data/S0_NaClFWater_matrix_BC_s_loss_split0.csv,0,0.20746227557679556,0.11977840065095524,0.08368933914520957,0.04831806248378863,3
NaClFWater,NaCl/NaF/water,"BC S-loss, fixed kappa_D",0.005,298.15,F,NaF,neutral ion-pair NaF: mu_Na + mu_F,0.0325,0.01,0.01,-1.0100311657027454,kJ/mol,-0.40744198210839866,-0.010468235362395715,-1.0100311657027454,-0.3059806185556167,0.10146136355278199,0.0,0.0,NaClFWater/data/S0_NaClFWater_matrix_BC_s_loss_split0.csv,0,0.16894006821237897,0.09753759385933075,0.0681496557604615,0.03934622209848278,3
NaClFWater,NaCl/NaF/water,"BC S-loss, fixed kappa_D",0.005,298.15,F,NaF,neutral ion-pair NaF: mu_Na + mu_F,0.0325,0.0125,0.0125,-1.0433183554570569,kJ/mol,-0.42086988318002416,-0.010813232773102754,-1.0433183554570569,-0.31940851962724215,0.10146136355278199,0.0,0.0,NaClFWater/data/S0_NaClFWater_matrix_BC_s_loss_split0.csv,0,0.1502452363035242,0.08674412762429864,0.0606082455280085,0.03499218687070664,3
NaClFWater,NaCl/NaF/water,"BC S-loss, fixed kappa_D",0.005,298.15,F,NaF,neutral ion-pair NaF: mu_Na + mu_F,0.0325,0.015,0.015,-1.0763658594237895,kJ/mol,-0.4342010960942041,-0.011155746015674595,-1.0763658594237895,-0.33273973254142214,0.10146136355278199,0.0,0.0,NaClFWater/data/S0_NaClFWater_matrix_BC_s_loss_split0.csv,0,0.14845950534661095,0.08571313537562453,0.05988788977533147,0.03457628928298626,3
NaClFWater,NaCl/NaF/water,"BC S-loss, fixed kappa_D",0.005,298.15,F,NaF,neutral ion-pair NaF: mu_Na + mu_F,0.0325,0.0175,0.0175,-1.1046392181806508,kJ/mol,-0.44560644052705867,-0.01144877872991401,-1.1046392181806508,-0.3441450769742767,0.10146136355278199,0.0,0.0,NaClFWater/data/S0_NaClFWater_matrix_BC_s_loss_split0.csv,0,0.15753363253219374,0.09095208514888165,0.06354835144418026,0.03668965781285442,3
NaClFWater,NaCl/NaF/water,"BC S-loss, fixed kappa_D",0.005,298.15,F,NaF,neutral ion-pair NaF: mu_Na + mu_F,0.0325,0.02,0.02,-1.124861815429023,kJ/mol,-0.45376414435446866,-0.011658371180942595,-1.124861815429023,-0.3523027808016867,0.10146136355278199,0.0,0.0,NaClFWater/data/S0_NaClFWater_matrix_BC_s_loss_split0.csv,0,0.17211409162295765,0.09937011712984252,0.06943004237978415,0.040085453657815504,3
NaClFWater,NaCl/NaF/water,"BC S-loss, fixed kappa_D",0.005,298.15,F,NaF,neutral ion-pair NaF: mu_Na + mu_F,0.0325,0.0225,0.0225,-1.134832703953205,kJ/mol,-0.45778635547193247,-0.011761712158318003,-1.134832703953205,-0.3563249919191505,0.10146136355278199,0.0,0.0,NaClFWater/data/S0_NaClFWater_matrix_BC_s_loss_split0.csv,0,0.18888280383358977,0.10905153763861433,0.07619446467931942,0.04399089469336451,3
NaClFWater,NaCl/NaF/water,"BC S-loss, fixed kappa_D",0.005,298.15,F,NaF,neutral ion-pair NaF: mu_Na + mu_F,0.0325,0.025,0.025,-1.1332157946717516,kJ/mol,-0.4571341016159176,-0.01174495407451559,-1.1332157946717516,-0.3556727380631356,0.10146136355278199,0.0,0.0,NaClFWater/data/S0_NaClFWater_matrix_BC_s_loss_split0.csv,0,0.20568250273092048,0.11875084831929288,0.0829713868674484,0.04790355254295792,3
NaClFWater,NaCl/NaF/water,"BC S-loss, fixed kappa_D",0.005,298.15,F,NaF,neutral ion-pair NaF: mu_Na + mu_F,0.0325,0.0275,0.0275,-1.1193126156478368,kJ/mol,-0.4515256223813483,-0.011600857778034879,-1.1193126156478368,-0.3500642588285663,0.10146136355278199,0.0,0.0,NaClFWater/data/S0_NaClFWater_matrix_BC_s_loss_split0.csv,0,0.22057946738890846,0.1273516148746906,0.08898075471049542,0.051373062684800595,3
NaClFWater,NaCl/NaF/water,"BC S-loss, fixed kappa_D",0.005,298.15,F,NaF,neutral ion-pair NaF: mu_Na + mu_F,0.0325,0.03,0.03,-1.0928309379710124,kJ/mol,-0.4408430339537982,-0.011326394529646677,-1.0928309379710124,-0.33938167040101624,0.10146136355278199,0.0,0.0,NaClFWater/data/S0_NaClFWater_matrix_BC_s_loss_split0.csv,0,0.23145744043837194,0.1336320155430358,0.09336887960316782,0.0539065477728227,3
NaClFWater,NaCl/NaF/water,"BC S-loss, fixed kappa_D",0.005,298.15,F,NaF,neutral ion-pair NaF: mu_Na + mu_F,0.0325,0.0325,0.0325,-1.0536611230713375,kJ/mol,-0.4250421086324111,-0.010920428005647409,-1.0536611230713375,-0.32358074507962914,0.10146136355278199,0.0,0.0,NaClFWater/data/S0_NaClFWater_matrix_BC_s_loss_split0.csv,0,0.23599741754119258,0.13625317254546404,0.09520028573429742,0.05496391059562591,3
NaClFWater,NaCl/NaF/water,"BC S-loss, fixed kappa_D",0.005,298.15,F,NaF,neutral ion-pair NaF: mu_Na + mu_F,0.0325,0.034999999999999996,0.034999999999999996,-1.00167107886926,kJ/mol,-0.4040695610725946,-0.010381589168105165,-1.00167107886926,-0.3026081975198126,0.10146136355278199,0.0,0.0,NaClFWater/data/S0_NaClFWater_matrix_BC_s_loss_split0.csv,0,0.2319159295679509,0.13389672436541875,0.09355383203441368,0.05401333010878978,3
NaClFWater,NaCl/NaF/water,"BC S-loss, fixed kappa_D",0.005,298.15,F,NaF,neutral ion-pair NaF: mu_Na + mu_F,0.0325,0.0375,0.0375,-0.9365293181440231,kJ/mol,-0.37779167083595533,-0.009706442394076475,-0.9365293181440231,-0.2763303072831733,0.10146136355278199,0.0,0.0,NaClFWater/data/S0_NaClFWater_matrix_BC_s_loss_split0.csv,0,0.21765625784284198,0.12566389905637143,0.08780154526428112,0.050692245793597816,3
NaClFWater,NaCl/NaF/water,"BC S-loss, fixed kappa_D",0.005,298.15,F,NaF,neutral ion-pair NaF: mu_Na + mu_F,0.0325,0.04,0.04,-0.8575638287063265,kJ/mol,-0.34593735125932185,-0.008888022768019255,-0.8575638287063265,-0.24447598770653986,0.10146136355278199,0.0,0.0,NaClFWater/data/S0_NaClFWater_matrix_BC_s_loss_split0.csv,0,0.19458865164344336,0.11234581040758834,0.07849617775530958,0.045319789357384704,3
NaClFWater,NaCl/NaF/water,"BC S-loss, fixed kappa_D",0.005,298.15,F,NaF,neutral ion-pair NaF: mu_Na + mu_F,0.034999999999999996,0.0,0.0,-1.0041879480476172,kJ/mol,-0.40508485466110866,-0.010407674678958754,-1.0041879480476172,-0.3036234911083267,0.10146136355278199,0.0,0.0,NaClFWater/data/S0_NaClFWater_matrix_BC_s_loss_split0.csv,0,0.4178230998302103,0.24123027916061582,0.16854793965397089,0.0973111983305769,3
NaClFWater,NaCl/NaF/water,"BC S-loss, fixed kappa_D",0.005,298.15,F,NaF,neutral ion-pair NaF: mu_Na + mu_F,0.034999999999999996,0.0025,0.0025,-0.9475083959441621,kJ/mol,-0.38222058092557476,-0.009820232516972281,-0.9475083959441621,-0.2807592173727928,0.10146136355278199,0.0,0.0,NaClFWater/data/S0_NaClFWater_matrix_BC_s_loss_split0.csv,0,0.33468918994733404,0.1932328939109511,0.13501209821334273,0.07794927124732962,3
NaClFWater,NaCl/NaF/water,"BC S-loss, fixed kappa_D",0.005,298.15,F,NaF,neutral ion-pair NaF: mu_Na + mu_F,0.034999999999999996,0.005,0.005,-0.9261243791259562,kJ/mol,-0.37359436572182203,-0.009598602800338085,-0.9261243791259562,-0.2721330021690401,0.10146136355278199,0.0,0.0,NaClFWater/data/S0_NaClFWater_matrix_BC_s_loss_split0.csv,0,0.2608077623889647,0.15057743182201272,0.10520866609406171,0.06074225169048798,3
NaClFWater,NaCl/NaF/water,"BC S-loss, fixed kappa_D",0.005,298.15,F,NaF,neutral ion-pair NaF: mu_Na + mu_F,0.034999999999999996,0.0075,0.0075,-0.9285430973017611,kJ/mol,-0.3745700656419585,-0.009623671047734206,-0.9285430973017611,-0.2731087020891765,0.10146136355278199,0.0,0.0,NaClFWater/data/S0_NaClFWater_matrix_BC_s_loss_split0.csv,0,0.20111817180694838,0.11611563063166706,0.08113015651554342,0.046840517703645466,3
NaClFWater,NaCl/NaF/water,"BC S-loss, fixed kappa_D",0.005,298.15,F,NaF,neutral ion-pair NaF: mu_Na + mu_F,0.034999999999999996,0.01,0.01,-0.9449987428950506,kJ/mol,-0.3812081982908043,-0.009794221796028067,-0.9449987428950506,-0.27974683473802237,0.10146136355278199,0.0,0.0,NaClFWater/data/S0_NaClFWater_matrix_BC_s_loss_split0.csv,0,0.15978524640904268,0.09225205502679149,0.06445664224953161,0.03721405975382648,3
NaClFWater,NaCl/NaF/water,"BC S-loss, fixed kappa_D",0.005,298.15,F,NaF,neutral ion-pair NaF: mu_Na + mu_F,0.034999999999999996,0.0125,0.0125,-0.9674806558265228,kJ/mol,-0.39027729979720605,-0.010027230404034526,-0.9674806558265228,-0.28881593624442403,0.10146136355278199,0.0,0.0,NaClFWater/data/S0_NaClFWater_matrix_BC_s_loss_split0.csv,0,0.13910380037931755,0.08031161659429896,0.05611384090898464,0.03239734115406612,3
NaClFWater,NaCl/NaF/water,"BC S-loss, fixed kappa_D",0.005,298.15,F,NaF,neutral ion-pair NaF: mu_Na + mu_F,0.034999999999999996,0.015,0.015,-0.9896849767128894,kJ/mol,-0.3992344219341428,-0.010257361973231127,-0.9896849767128894,-0.2977730583813608,0.10146136355278199,0.0,0.0,NaClFWater/data/S0_NaClFWater_matrix_BC_s_loss_split0.csv,0,0.1369291453991984,0.0790560789561326,0.0552365949728306,0.03189086297668208,3
NaClFWater,NaCl/NaF/water,"BC S-loss, fixed kappa_D",0.005,298.15,F,NaF,neutral ion-pair NaF: mu_Na + mu_F,0.034999999999999996,0.0175,0.0175,-1.0068974638840982,kJ/mol,-0.4061778610360177,-0.010435756831725485,-1.0068974638840982,-0.30471649748323576,0.10146136355278199,0.0,0.0,NaClFWater/data/S0_NaClFWater_matrix_BC_s_loss_split0.csv,0,0.14714862169773182,0.08495629634806788,0.05935908526874857,0.03427098385876194,3
NaClFWater,NaCl/NaF/water,"BC S-loss, fixed kappa_D",0.005,298.15,F,NaF,neutral ion-pair NaF: mu_Na + mu_F,0.034999999999999996,0.02,0.02,-1.0158176743965053,kJ/mol,-0.4097762334183893,-0.010528208298865138,-1.0158176743965053,-0.3083148698656073,0.10146136355278199,0.0,0.0,NaClFWater/data/S0_NaClFWater_matrix_BC_s_loss_split0.csv,0,0.16397923691120703,0.0946734565721948,0.0661484789583095,0.038190842133064284,3
NaClFWater,NaCl/NaF/water,"BC S-loss, fixed kappa_D",0.005,298.15,F,NaF,neutral ion-pair NaF: mu_Na + mu_F,0.034999999999999996,0.0225,0.0225,-1.0143367314631284,kJ/mol,-0.4091788277692827,-0.010512859406958341,-1.0143367314631284,-0.3077174642165007,0.10146136355278199,0.0,0.0,NaClFWater/data/S0_NaClFWater_matrix_BC_s_loss_split0.csv,0,0.18373004587468592,0.1060765914439722,0.07411586553565845,0.04279081491823451,3
NaClFWater,NaCl/NaF/water,"BC S-loss, fixed kappa_D",0.005,298.15,F,NaF,neutral ion-pair NaF: mu_Na + mu_F,0.034999999999999996,0.025,0.025,-1.0012823271674114,kJ/mol,-0.40391274040277003,-0.010377560040637944,-1.0012823271674114,-0.3024513768499881,0.10146136355278199,0.0,0.0,NaClFWater/data/S0_NaClFWater_matrix_BC_s_loss_split0.csv,0,0.20380448390732742,0.11766657364594824,0.08221380260875945,0.04746616106727003,3
NaClFWater,NaCl/NaF/water,"BC S-loss, fixed kappa_D",0.005,298.15,F,NaF,neutral ion-pair NaF: mu_Na + mu_F,0.034999999999999996,0.0275,0.0275,-0.9761454035564756,kJ/mol,-0.3937726196540987,-0.01011703418600973,-0.9761454035564756,-0.29231125610131675,0.10146136355278199,0.0,0.0,NaClFWater/data/S0_NaClFWater_matrix_BC_s_loss_split0.csv,0,0.22169381321439557,0.1279949827370059,0.08943027675229775,0.051632594356641845,3
NaClFWater,NaCl/NaF/water,"BC S-loss, fixed kappa_D",0.005,298.15,F,NaF,neutral ion-pair NaF: mu_Na + mu_F,0.034999999999999996,0.03,0.03,-0.9388030868282056,kJ/mol,-0.37870889878990144,-0.00973000834585491,-0.9388030868282056,-0.2772475352371195,0.10146136355278199,0.0,0.0,NaClFWater/data/S0_NaClFWater_matrix_BC_s_loss_split0.csv,0,0.23465725219658753,0.13547942772299773,0.09465966912473077,0.05465178545056422,3
NaClFWater,NaCl/NaF/water,"BC S-loss, fixed kappa_D",0.005,298.15,F,NaF,neutral ion-pair NaF: mu_Na + mu_F,0.034999999999999996,0.0325,0.0325,-0.8892519393944374,kJ/mol,-0.3587201911027351,-0.009216446892082786,-0.8892519393944374,-0.2572588275499531,0.10146136355278199,0.0,0.0,NaClFWater/data/S0_NaClFWater_matrix_BC_s_loss_split0.csv,0,0.23983653059573568,0.13846968550095393,0.09674896649346285,0.05585804184881886,3
NaClFWater,NaCl/NaF/water,"BC S-loss, fixed kappa_D",0.005,298.15,F,NaF,neutral ion-pair NaF: mu_Na + mu_F,0.034999999999999996,0.034999999999999996,0.034999999999999996,-0.8273644897496367,kJ/mol,-0.33375507516656777,-0.008575028675636531,-0.8273644897496367,-0.23229371161378579,0.10146136355278199,0.0,0.0,NaClFWater/data/S0_NaClFWater_matrix_BC_s_loss_split0.csv,0,0.2346319839709145,0.13546483910610346,0.09464947603732699,0.054645900468807775,3
NaClFWater,NaCl/NaF/water,"BC S-loss, fixed kappa_D",0.005,298.15,F,NaF,neutral ion-pair NaF: mu_Na + mu_F,0.034999999999999996,0.0375,0.0375,-0.7526803484113508,kJ/mol,-0.30362783195644044,-0.007800982095773179,-0.7526803484113508,-0.20216646840365846,0.10146136355278199,0.0,0.0,NaClFWater/data/S0_NaClFWater_matrix_BC_s_loss_split0.csv,0,0.21758778405356063,0.1256243656956974,0.08777392324886751,0.050676298215563215,3
NaClFWater,NaCl/NaF/water,"BC S-loss, fixed kappa_D",0.005,298.15,F,NaF,neutral ion-pair NaF: mu_Na + mu_F,0.034999999999999996,0.04,0.04,-0.6642411394751444,kJ/mol,-0.26795185698789026,-0.006884374286187267,-0.6642411394751444,-0.16649049343510824,0.10146136355278199,0.0,0.0,NaClFWater/data/S0_NaClFWater_matrix_BC_s_loss_split0.csv,0,0.19112701599703483,0.11034723413529797,0.07709976966712108,0.0445135727717705,3
NaClFWater,NaCl/NaF/water,"BC S-loss, fixed kappa_D",0.005,298.15,F,NaF,neutral ion-pair NaF: mu_Na + mu_F,0.0375,0.0,0.0,-0.9841721368295929,kJ/mol,-0.39701056737859186,-0.01020022541410981,-0.9841721368295929,-0.29554920382580985,0.10146136355278199,0.0,0.0,NaClFWater/data/S0_NaClFWater_matrix_BC_s_loss_split0.csv,0,0.4048043466448409,0.23371389850452948,0.16329623378335417,0.0942791245324716,3
NaClFWater,NaCl/NaF/water,"BC S-loss, fixed kappa_D",0.005,298.15,F,NaF,neutral ion-pair NaF: mu_Na + mu_F,0.0375,0.0025,0.0025,-0.9113685348161873,kJ/mol,-0.3676419251859182,-0.009445669250908393,-0.9113685348161873,-0.26618056163313625,0.10146136355278199,0.0,0.0,NaClFWater/data/S0_NaClFWater_matrix_BC_s_loss_split0.csv,0,0.3269902068471853,0.18878788394559387,0.1319063634191484,0.07615617442786994,3
NaClFWater,NaCl/NaF/water,"BC S-loss, fixed kappa_D",0.005,298.15,F,NaF,neutral ion-pair NaF: mu_Na + mu_F,0.0375,0.005,0.005,-0.8765918832636006,kJ/mol,-0.35361318199380054,-0.009085234656481589,-0.8765918832636006,-0.2521518184410186,0.10146136355278199,0.0,0.0,NaClFWater/data/S0_NaClFWater_matrix_BC_s_loss_split0.csv,0,0.25609687304628653,0.14785759859189496,0.10330831474209262,0.05964508332587376,3
NaClFWater,NaCl/NaF/water,"BC S-loss, fixed kappa_D",0.005,298.15,F,NaF,neutral ion-pair NaF: mu_Na + mu_F,0.0375,0.0075,0.0075,-0.8672586590896127,kJ/mol,-0.34984820177730813,-0.008988502604381663,-0.8672586590896127,-0.24838683822452617,0.10146136355278199,0.0,0.0,NaClFWater/data/S0_NaClFWater_matrix_BC_s_loss_split0.csv,0,0.19747556394485655,0.11401257000193608,0.07966074505798536,0.045992152603074,3
NaClFWater,NaCl/NaF/water,"BC S-loss, fixed kappa_D",0.005,298.15,F,NaF,neutral ion-pair NaF: mu_Na + mu_F,0.0375,0.01,0.01,-0.8727612010002647,kJ/mol,-0.35206790217749395,-0.009045532432537584,-0.8727612010002647,-0.250606538624712,0.10146136355278199,0.0,0.0,NaClFWater/data/S0_NaClFWater_matrix_BC_s_loss_split0.csv,0,0.1555701805602974,0.0898184856243664,0.06275630384172091,0.03623236891636352,3
NaClFWater,NaCl/NaF/water,"BC S-loss, fixed kappa_D",0.005,298.15,F,NaF,neutral ion-pair NaF: mu_Na + mu_F,0.0375,0.0125,0.0125,-0.8844909920230363,kJ/mol,-0.3567996465694704,-0.009167103149707144,-0.8844909920230363,-0.2553382830166884,0.10146136355278199,0.0,0.0,NaClFWater/data/S0_NaClFWater_matrix_BC_s_loss_split0.csv,0,0.13333335420179843,0.07698004794036405,0.053786069145048625,0.03105340149954565,3
NaClFWater,NaCl/NaF/water,"BC S-loss, fixed kappa_D",0.005,298.15,F,NaF,neutral ion-pair NaF: mu_Na + mu_F,0.0375,0.015,0.015,-0.8957741774047115,kJ/mol,-0.36135123227544974,-0.009284045125582452,-0.8957741774047115,-0.2598898687226677,0.10146136355278199,0.0,0.0,NaClFWater/data/S0_NaClFWater_matrix_BC_s_loss_split0.csv,0,0.12993652539707423,0.07501888791556546,0.05241580384227771,0.03026227845812966,3
NaClFWater,NaCl/NaF/water,"BC S-loss, fixed kappa_D",0.005,298.15,F,NaF,neutral ion-pair NaF: mu_Na + mu_F,0.0375,0.0175,0.0175,-0.9017281429799837,kJ/mol,-0.36375303493042643,-0.009345753630327636,-0.9017281429799837,-0.2622916713776445,0.10146136355278199,0.0,0.0,NaClFWater/data/S0_NaClFWater_matrix_BC_s_loss_split0.csv,0,0.14022082369530053,0.08095653030647282,0.05656444303828501,0.03265749641471511,3
NaClFWater,NaCl/NaF/water,"BC S-loss, fixed kappa_D",0.005,298.15,F,NaF,neutral ion-pair NaF: mu_Na + mu_F,0.0375,0.02,0.02,-0.8990509342286273,kJ/mol,-0.3626730610868355,-0.00931800631690294,-0.8990509342286273,-0.2612116975340535,0.10146136355278199,0.0,0.0,NaClFWater/data/S0_NaClFWater_matrix_BC_s_loss_split0.csv,0,0.15839865350183266,0.09145150523855734,0.06389729697220245,0.036891121607390547,3
NaClFWater,NaCl/NaF/water,"BC S-loss, fixed kappa_D",0.005,298.15,F,NaF,neutral ion-pair NaF: mu_Na + mu_F,0.0375,0.0225,0.0225,-0.8857576365320659,kJ/mol,-0.3573106052080849,-0.009180230994957128,-0.8857576365320659,-0.2558492416553029,0.10146136355278199,0.0,0.0,NaClFWater/data/S0_NaClFWater_matrix_BC_s_loss_split0.csv,0,0.18031330154609412,0.10410393318610761,0.07273756640106642,0.041995053541853976,3
NaClFWater,NaCl/NaF/water,"BC S-loss, fixed kappa_D",0.005,298.15,F,NaF,neutral ion-pair NaF: mu_Na + mu_F,0.0375,0.025,0.025,-0.8608795248258575,kJ/mol,-0.34727488800559725,-0.008922387536699716,-0.8608795248258575,-0.24581352445281526,0.10146136355278199,0.0,0.0,NaClFWater/data/S0_NaClFWater_matrix_BC_s_loss_split0.csv,0,0.2027791197956029,0.1170745794000267,0.08180017538590718,0.04722735327881211,3
NaClFWater,NaCl/NaF/water,"BC S-loss, fixed kappa_D",0.005,298.15,F,NaF,neutral ion-pair NaF: mu_Na + mu_F,0.0375,0.0275,0.0275,-0.8241427165554165,kJ/mol,-0.3324554265015254,-0.008541637349480878,-0.8241427165554165,-0.23099406294874342,0.10146136355278199,0.0,0.0,NaClFWater/data/S0_NaClFWater_matrix_BC_s_loss_split0.csv,0,0.22269197243504016,0.12857127023173917,0.08983292964572233,0.0518650661130505,3
NaClFWater,NaCl/NaF/water,"BC S-loss, fixed kappa_D",0.005,298.15,F,NaF,neutral ion-pair NaF: mu_Na + mu_F,0.0375,0.03,0.03,-0.775643260372264,kJ/mol,-0.3128909662853951,-0.008038975907425083,-0.775643260372264,-0.2114296027326131,0.10146136355278199,0.0,0.0,NaClFWater/data/S0_NaClFWater_matrix_BC_s_loss_split0.csv,0,0.2367924569005222,0.13671218873358937,0.0955210009987557,0.055149075639894116,3
NaClFWater,NaCl/NaF/water,"BC S-loss, fixed kappa_D",0.005,298.15,F,NaF,neutral ion-pair NaF: mu_Na + mu_F,0.0375,0.0325,0.0325,-0.7155350268263918,kJ/mol,-0.2886435780378008,-0.007415997966404574,-0.7155350268263918,-0.1871822144850188,0.10146136355278199,0.0,0.0,NaClFWater/data/S0_NaClFWater_matrix_BC_s_loss_split0.csv,0,0.24185951623397342,0.13963765680375723,0.09756502970637067,0.056329196164466945,3
NaClFWater,NaCl/NaF/water,"BC S-loss, fixed kappa_D",0.005,298.15,F,NaF,neutral ion-pair NaF: mu_Na + mu_F,0.0375,0.034999999999999996,0.034999999999999996,-0.643745501233451,kJ/mol,-0.2596840096646227,-0.006671951964676736,-0.643745501233451,-0.15822264611184073,0.10146136355278199,0.0,0.0,NaClFWater/data/S0_NaClFWater_matrix_BC_s_loss_split0.csv,0,0.2351915755271299,0.13578791944172067,0.09487521272801305,0.054776229607941346,3
NaClFWater,NaCl/NaF/water,"BC S-loss, fixed kappa_D",0.005,298.15,F,NaF,neutral ion-pair NaF: mu_Na + mu_F,0.0375,0.0375,0.0375,-0.5597327100658714,kJ/mol,-0.22579363150786427,-0.005801220742455371,-0.5597327100658714,-0.12433226795508229,0.10146136355278199,0.0,0.0,NaClFWater/data/S0_NaClFWater_matrix_BC_s_loss_split0.csv,0,0.21572708184379838,0.12455008877400943,0.08702332443350172,0.050242939787458356,3
NaClFWater,NaCl/NaF/water,"BC S-loss, fixed kappa_D",0.005,298.15,F,NaF,neutral ion-pair NaF: mu_Na + mu_F,0.0375,0.04,0.04,-0.4622940871656752,kJ/mol,-0.18648733384451796,-0.004791340579799908,-0.4622940871656752,-0.08502597029173597,0.10146136355278199,0.0,0.0,NaClFWater/data/S0_NaClFWater_matrix_BC_s_loss_split0.csv,0,0.18752267415765544,0.10826626640408085,0.07564579454922343,0.04367411984605728,3
NaClFWater,NaCl/NaF/water,"BC S-loss, fixed kappa_D",0.005,298.15,F,NaF,neutral ion-pair NaF: mu_Na + mu_F,0.04,0.0,0.0,-0.9552429563480256,kJ/mol,-0.3853406674424048,-0.00990039558666922,-0.9552429563480256,-0.2838793038896228,0.10146136355278199,0.0,0.0,NaClFWater/data/S0_NaClFWater_matrix_BC_s_loss_split0.csv,0,0.3796615866989145,0.21919771928157872,0.15315375868367115,0.08842336380342053,3
NaClFWater,NaCl/NaF/water,"BC S-loss, fixed kappa_D",0.005,298.15,F,NaF,neutral ion-pair NaF: mu_Na + mu_F,0.04,0.0025,0.0025,-0.866776506937726,kJ/mol,-0.34965370379040106,-0.008983505449464246,-0.866776506937726,-0.24819234023761907,0.10146136355278199,0.0,0.0,NaClFWater/data/S0_NaClFWater_matrix_BC_s_loss_split0.csv,0,0.3133086251217026,0.18088881905344656,0.12638727552770673,0.07296972754806488,3
NaClFWater,NaCl/NaF/water,"BC S-loss, fixed kappa_D",0.005,298.15,F,NaF,neutral ion-pair NaF: mu_Na + mu_F,0.04,0.005,0.005,-0.8190798698602907,kJ/mol,-0.3304130971530663,-0.008489164641105162,-0.8190798698602907,-0.22895173360028434,0.10146136355278199,0.0,0.0,NaClFWater/data/S0_NaClFWater_matrix_BC_s_loss_split0.csv,0,0.250391398043887,0.1445635410634049,0.10100675205493517,0.05831627548888661,3
NaClFWater,NaCl/NaF/water,"BC S-loss, fixed kappa_D",0.005,298.15,F,NaF,neutral ion-pair NaF: mu_Na + mu_F,0.04,0.0075,0.0075,-0.7984242476313113,kJ/mol,-0.32208071301638264,-0.008275084202409742,-0.7984242476313113,-0.22061934946360068,0.10146136355278199,0.0,0.0,NaClFWater/data/S0_NaClFWater_matrix_BC_s_loss_split0.csv,0,0.19667193157222027,0.11354859263526504,0.07933656341101054,0.045804986241926755,3
NaClFWater,NaCl/NaF/water,"BC S-loss, fixed kappa_D",0.005,298.15,F,NaF,neutral ion-pair NaF: mu_Na + mu_F,0.04,0.01,0.01,-0.7933170224417014,kJ/mol,-0.320020481584929,-0.008222151543350265,-0.7933170224417014,-0.21855911803214703,0.10146136355278199,0.0,0.0,NaClFWater/data/S0_NaClFWater_matrix_BC_s_loss_split0.csv,0,0.15678546072876962,0.09052012795677464,0.06324654233878235,0.036515408244609054,3
NaClFWater,NaCl/NaF/water,"BC S-loss, fixed kappa_D",0.005,298.15,F,NaF,neutral ion-pair NaF: mu_Na + mu_F,0.04,0.0125,0.0125,-0.7945213197751471,kJ/mol,-0.3205062896562528,-0.008234633205660202,-0.7945213197751471,-0.2190449261034708,0.10146136355278199,0.0,0.0,NaClFWater/data/S0_NaClFWater_matrix_BC_s_loss_split0.csv,0,0.1340707764222245,0.07740579885783345,0.054083541917517124,0.031225147484806922,3
NaClFWater,NaCl/NaF/water,"BC S-loss, fixed kappa_D",0.005,298.15,F,NaF,neutral ion-pair NaF: mu_Na + mu_F,0.04,0.015,0.015,-0.794976062898819,kJ/mol,-0.3206897309657396,-0.008239346286018188,-0.794976062898819,-0.21922836741295765,0.10146136355278199,0.0,0.0,NaClFWater/data/S0_NaClFWater_matrix_BC_s_loss_split0.csv,0,0.12905235530089673,0.07450841207252797,0.052059133643634015,0.030056354822930804,3
NaClFWater,NaCl/NaF/water,"BC S-loss, fixed kappa_D",0.005,298.15,F,NaF,neutral ion-pair NaF: mu_Na + mu_F,0.04,0.0175,0.0175,-0.7896265028590728,kJ/mol,-0.31853174275704355,-0.008183902003224828,-0.7896265028590728,-0.2170703792042616,0.10146136355278199,0.0,0.0,NaClFWater/data/S0_NaClFWater_matrix_BC_s_loss_split0.csv,0,0.13828971702927914,0.07984160535301149,0.0557854433852208,0.032207740755319854,3
NaClFWater,NaCl/NaF/water,"BC S-loss, fixed kappa_D",0.005,298.15,F,NaF,neutral ion-pair NaF: mu_Na + mu_F,0.04,0.02,0.02,-0.7751785676631809,kJ/mol,-0.3127035113583697,-0.008034159706880928,-0.7751785676631809,-0.21124214780558773,0.10146136355278199,0.0,0.0,NaClFWater/data/S0_NaClFWater_matrix_BC_s_loss_split0.csv,0,0.15659061028700175,0.09040763100176824,0.06316794055608058,0.0364700274842074,3
NaClFWater,NaCl/NaF/water,"BC S-loss, fixed kappa_D",0.005,298.15,F,NaF,neutral ion-pair NaF: mu_Na + mu_F,0.04,0.0225,0.0225,-0.7497930848451513,kJ/mol,-0.3024631229551462,-0.00777105771760489,-0.7497930848451513,-0.20100175940236423,0.10146136355278199,0.0,0.0,NaClFWater/data/S0_NaClFWater_matrix_BC_s_loss_split0.csv,0,0.17941962173611117,0.10358796690724462,0.07237706002709096,0.04178691508979467,3
NaClFWater,NaCl/NaF/water,"BC S-loss, fixed kappa_D",0.005,298.15,F,NaF,neutral ion-pair NaF: mu_Na + mu_F,0.04,0.025,0.025,-0.7127378556288909,kJ/mol,-0.2875152118886104,-0.0073870073298394345,-0.7127378556288909,-0.18605384833582841,0.10146136355278199,0.0,0.0,NaClFWater/data/S0_NaClFWater_matrix_BC_s_loss_split0.csv,0,0.20297571485552962,0.11718808361079676,0.08187948093964575,0.04727314036161131,3
NaClFWater,NaCl/NaF/water,"BC S-loss, fixed kappa_D",0.005,298.15,F,NaF,neutral ion-pair NaF: mu_Na + mu_F,0.04,0.0275,0.0275,-0.6640166774113858,kJ/mol,-0.26786131001144886,-0.006882047900830911,-0.6640166774113858,-0.1663999464586669,0.10146136355278199,0.0,0.0,NaClFWater/data/S0_NaClFWater_matrix_BC_s_loss_split0.csv,0,0.22362503767082292,0.12910997569678984,0.09020932392147646,0.052082377449478585,3
NaClFWater,NaCl/NaF/water,"BC S-loss, fixed kappa_D",0.005,298.15,F,NaF,neutral ion-pair NaF: mu_Na + mu_F,0.04,0.03,0.03,-0.603994655450035,kJ/mol,-0.24364869912525772,-0.006259963479919861,-0.603994655450035,-0.14218733557247573,0.10146136355278199,0.0,0.0,NaClFWater/data/S0_NaClFWater_matrix_BC_s_loss_split0.csv,0,0.23774081467615063,0.1372597233506365,0.09590356421558587,0.055369948616113066,3
NaClFWater,NaCl/NaF/water,"BC S-loss, fixed kappa_D",0.005,298.15,F,NaF,neutral ion-pair NaF: mu_Na + mu_F,0.04,0.0325,0.0325,-0.5330385378461857,kJ/mol,-0.21502532374741576,-0.0055245551433245055,-0.5330385378461857,-0.11356396019463377,0.10146136355278199,0.0,0.0,NaClFWater/data/S0_NaClFWater_matrix_BC_s_loss_split0.csv,0,0.2419305545744072,0.13967867080872945,0.09759368625006444,0.05634574102768258,3
NaClFWater,NaCl/NaF/water,"BC S-loss, fixed kappa_D",0.005,298.15,F,NaF,neutral ion-pair NaF: mu_Na + mu_F,0.04,0.034999999999999996,0.034999999999999996,-0.45118941855818173,kJ/mol,-0.18200776099396532,-0.004676248799910354,-0.45118941855818173,-0.08054639744118332,0.10146136355278199,0.0,0.0,NaClFWater/data/S0_NaClFWater_matrix_BC_s_loss_split0.csv,0,0.23361055527116198,0.13487511697134333,0.09423743634177953,0.054408009239666634,3
NaClFWater,NaCl/NaF/water,"BC S-loss, fixed kappa_D",0.005,298.15,F,NaF,neutral ion-pair NaF: mu_Na + mu_F,0.04,0.0375,0.0375,-0.3578830208695569,kJ/mol,-0.14436838420186712,-0.003709196133627301,-0.3578830208695569,-0.04290702064908514,0.10146136355278199,0.0,0.0,NaClFWater/data/S0_NaClFWater_matrix_BC_s_loss_split0.csv,0,0.2124235984030907,0.12264282172025337,0.0856907142263625,0.04947355692564168,3
NaClFWater,NaCl/NaF/water,"BC S-loss, fixed kappa_D",0.005,298.15,F,NaF,neutral ion-pair NaF: mu_Na + mu_F,0.04,0.04,0.04,-0.25173005651339,kJ/mol,-0.10154676079793369,-0.0026089981862469354,-0.25173005651339,-8.539724515170893e-05,0.10146136355278199,0.0,0.0,NaClFWater/data/S0_NaClFWater_matrix_BC_s_loss_split0.csv,0,0.18463928492736784,0.10660154085579583,0.07448264843742894,0.043002577125305856,3
NaClFWater,NaCl/NaF/water,"BC S-loss, fixed kappa_D",0.005,298.15,F,NaF,neutral ion-pair NaF: mu_Na + mu_F,0.0425,0.0,0.0,-0.9170819238571171,kJ/mol,-0.369946680360253,-0.009504884355578726,-0.9170819238571171,-0.268485316807471,0.10146136355278199,0.0,0.0,NaClFWater/data/S0_NaClFWater_matrix_BC_s_loss_split0.csv,0,0.3442815042638254,0.1987710191637289,0.13888159421587326,0.08018332580601881,3
NaClFWater,NaCl/NaF/water,"BC S-loss, fixed kappa_D",0.005,298.15,F,NaF,neutral ion-pair NaF: mu_Na + mu_F,0.0425,0.0025,0.0025,-0.8134258095502729,kJ/mol,-0.3281322749191591,-0.008430564435400356,-0.8134258095502729,-0.2266709113663771,0.10146136355278199,0.0,0.0,NaClFWater/data/S0_NaClFWater_matrix_BC_s_loss_split0.csv,0,0.2945159694135851,0.17003887422157696,0.1188064036191962,0.06859290911099426,3
NaClFWater,NaCl/NaF/water,"BC S-loss, fixed kappa_D",0.005,298.15,F,NaF,neutral ion-pair NaF: mu_Na + mu_F,0.0425,0.005,0.005,-0.7533577860881291,kJ/mol,-0.30390110723660413,-0.007808003242530503,-0.7533577860881291,-0.20243974368382214,0.10146136355278199,0.0,0.0,NaClFWater/data/S0_NaClFWater_matrix_BC_s_loss_split0.csv,0,0.24391939088514408,0.1408269259881075,0.0983959737794517,0.056808941948741795,3
NaClFWater,NaCl/NaF/water,"BC S-loss, fixed kappa_D",0.005,298.15,F,NaF,neutral ion-pair NaF: mu_Na + mu_F,0.0425,0.0075,0.0075,-0.7219322136328528,kJ/mol,-0.29122417412319845,-0.007482300135507102,-0.7219322136328528,-0.1897628105704165,0.10146136355278199,0.0,0.0,NaClFWater/data/S0_NaClFWater_matrix_BC_s_loss_split0.csv,0,0.19857061254622338,0.11464479660671095,0.08010248268727477,0.04624718994225543,3
NaClFWater,NaCl/NaF/water,"BC S-loss, fixed kappa_D",0.005,298.15,F,NaF,neutral ion-pair NaF: mu_Na + mu_F,0.0425,0.01,0.01,-0.7067108760881855,kJ/mol,-0.28508395573179346,-0.00732454208866784,-0.7067108760881855,-0.18362259217901147,0.10146136355278199,0.0,0.0,NaClFWater/data/S0_NaClFWater_matrix_BC_s_loss_split0.csv,0,0.1632948099482745,0.09427830248090507,0.06587238423187437,0.03803143876843513,3
NaClFWater,NaCl/NaF/water,"BC S-loss, fixed kappa_D",0.005,298.15,F,NaF,neutral ion-pair NaF: mu_Na + mu_F,0.0425,0.0125,0.0125,-0.6977806700270445,kJ/mol,-0.2814815511904879,-0.007231987024965748,-0.6977806700270445,-0.1800201876377059,0.10146136355278199,0.0,0.0,NaClFWater/data/S0_NaClFWater_matrix_BC_s_loss_split0.csv,0,0.1416796069251882,0.08179875919693777,0.05715290956370988,0.032997247721578235,3
NaClFWater,NaCl/NaF/water,"BC S-loss, fixed kappa_D",0.005,298.15,F,NaF,neutral ion-pair NaF: mu_Na + mu_F,0.0425,0.015,0.015,-0.687659573133609,kJ/mol,-0.27739874669949643,-0.007127089247546792,-0.687659573133609,-0.17593738314671445,0.10146136355278199,0.0,0.0,NaClFWater/data/S0_NaClFWater_matrix_BC_s_loss_split0.csv,0,0.13529482599219472,0.0781125042065572,0.05457731795128991,0.031510229210825025,3
NaClFWater,NaCl/NaF/water,"BC S-loss, fixed kappa_D",0.005,298.15,F,NaF,neutral ion-pair NaF: mu_Na + mu_F,0.0425,0.0175,0.0175,-0.6711019868081907,kJ/mol,-0.27071949162258446,-0.0069554819580162075,-0.6711019868081907,-0.16925812806980245,0.10146136355278199,0.0,0.0,NaClFWater/data/S0_NaClFWater_matrix_BC_s_loss_split0.csv,0,0.14256744596520832,0.08231135330569045,0.05751105979762602,0.03320402585554005,3
NaClFWater,NaCl/NaF/water,"BC S-loss, fixed kappa_D",0.005,298.15,F,NaF,neutral ion-pair NaF: mu_Na + mu_F,0.0425,0.02,0.02,-0.6448183450459902,kJ/mol,-0.2601167899830098,-0.006683071207248759,-0.6448183450459902,-0.15865542643022781,0.10146136355278199,0.0,0.0,NaClFWater/data/S0_NaClFWater_matrix_BC_s_loss_split0.csv,0,0.15949626912459053,0.09208521391382335,0.06434007012625503,0.037146756807072745,3
NaClFWater,NaCl/NaF/water,"BC S-loss, fixed kappa_D",0.005,298.15,F,NaF,neutral ion-pair NaF: mu_Na + mu_F,0.0425,0.0225,0.0225,-0.6071269554929146,kJ/mol,-0.24491225472766445,-0.006292427482208041,-0.6071269554929146,-0.14345089117488247,0.10146136355278199,0.0,0.0,NaClFWater/data/S0_NaClFWater_matrix_BC_s_loss_split0.csv,0,0.1815659026449909,0.10482712276774288,0.07324285999185436,0.042286784932515184,3
NaClFWater,NaCl/NaF/water,"BC S-loss, fixed kappa_D",0.005,298.15,F,NaF,neutral ion-pair NaF: mu_Na + mu_F,0.0425,0.025,0.025,-0.5575582523898048,kJ/mol,-0.22491646516326835,-0.005778684076744866,-0.5575582523898048,-0.12345510161048638,0.10146136355278199,0.0,0.0,NaClFWater/data/S0_NaClFWater_matrix_BC_s_loss_split0.csv,0,0.20454471105296415,0.11809394398774307,0.08251240687531079,0.047638560320944615,3
NaClFWater,NaCl/NaF/water,"BC S-loss, fixed kappa_D",0.005,298.15,F,NaF,neutral ion-pair NaF: mu_Na + mu_F,0.0425,0.0275,0.0275,-0.49643293886113915,kJ/mol,-0.20025879147278497,-0.0051451648445208775,-0.49643293886113915,-0.09879742792000297,0.10146136355278199,0.0,0.0,NaClFWater/data/S0_NaClFWater_matrix_BC_s_loss_split0.csv,0,0.22441610452902552,0.1295666983603201,0.09052843669703331,0.05226661729634818,3
NaClFWater,NaCl/NaF/water,"BC S-loss, fixed kappa_D",0.005,298.15,F,NaF,neutral ion-pair NaF: mu_Na + mu_F,0.0425,0.03,0.03,-0.4244358190007491,kJ/mol,-0.1712154805155402,-0.004398967279826138,-0.4244358190007491,-0.0697541169627582,0.10146136355278199,0.0,0.0,NaClFWater/data/S0_NaClFWater_matrix_BC_s_loss_split0.csv,0,0.2373487171851335,0.1370333457586492,0.09574539386961581,0.05527862892428943,3
NaClFWater,NaCl/NaF/water,"BC S-loss, fixed kappa_D",0.005,298.15,F,NaF,neutral ion-pair NaF: mu_Na + mu_F,0.0425,0.0325,0.0325,-0.3422064950335065,kJ/mol,-0.13804454492234364,-0.003546720392591851,-0.3422064950335065,-0.03658318136956165,0.10146136355278199,0.0,0.0,NaClFWater/data/S0_NaClFWater_matrix_BC_s_loss_split0.csv,0,0.2399575560744496,0.1385395595936682,0.09679778762156985,0.05588622874027358,3
NaClFWater,NaCl/NaF/water,"BC S-loss, fixed kappa_D",0.005,298.15,F,NaF,neutral ion-pair NaF: mu_Na + mu_F,0.0425,0.034999999999999996,0.034999999999999996,-0.2499665748162738,kJ/mol,-0.10083538029554595,-0.0025907209864044485,-0.2499665748162738,0.0006259832572360307,0.10146136355278199,0.0,0.0,NaClFWater/data/S0_NaClFWater_matrix_BC_s_loss_split0.csv,0,0.2299838246137235,0.13278122304999296,0.09277442967642392,0.05356334194759736,3
NaClFWater,NaCl/NaF/water,"BC S-loss, fixed kappa_D",0.005,298.15,F,NaF,neutral ion-pair NaF: mu_Na + mu_F,0.0425,0.0375,0.0375,-0.1472006925094241,kJ/mol,-0.059380090397546874,-0.0015256276707305003,-0.1472006925094241,0.04208127315523511,0.10146136355278199,0.0,0.0,NaClFWater/data/S0_NaClFWater_matrix_BC_s_loss_split0.csv,0,0.20807031347113847,0.12012945149293162,0.0839346188685295,0.04845967479807415,3
NaClFWater,NaCl/NaF/water,"BC S-loss, fixed kappa_D",0.005,298.15,F,NaF,neutral ion-pair NaF: mu_Na + mu_F,0.0425,0.04,0.04,-0.03240560331794698,kJ/mol,-0.01307227310960879,-0.00033586041115540844,-0.03240560331794698,0.0883890904431732,0.10146136355278199,0.0,0.0,NaClFWater/data/S0_NaClFWater_matrix_BC_s_loss_split0.csv,0,0.1831121655114259,0.10571985804991706,0.07386661540510694,0.042646910288265054,3
NaClFWater,NaCl/NaF/water,"BC S-loss, fixed kappa_D",0.005,298.15,F,NaF,neutral ion-pair NaF: mu_Na + mu_F,0.045,0.0,0.0,-0.8694691316136884,kJ/mol,-0.35073989634791963,-0.009011412537688557,-0.8694691316136884,-0.24927853279513765,0.10146136355278199,0.0,0.0,NaClFWater/data/S0_NaClFWater_matrix_BC_s_loss_split0.csv,0,0.30196138740186984,0.17433748830134244,0.12180985139960367,0.0703269504955095,3
NaClFWater,NaCl/NaF/water,"BC S-loss, fixed kappa_D",0.005,298.15,F,NaF,neutral ion-pair NaF: mu_Na + mu_F,0.045,0.0025,0.0025,-0.7510824550074675,kJ/mol,-0.30298324901901874,-0.007784421097653649,-0.7510824550074675,-0.20152188546623676,0.10146136355278199,0.0,0.0,NaClFWater/data/S0_NaClFWater_matrix_BC_s_loss_split0.csv,0,0.27205745042812907,0.15707244223972358,0.10974673912430245,0.06336230937609966,3
NaClFWater,NaCl/NaF/water,"BC S-loss, fixed kappa_D",0.005,298.15,F,NaF,neutral ion-pair NaF: mu_Na + mu_F,0.045,0.005,0.005,-0.6792392080773667,kJ/mol,-0.2740020097025696,-0.0070398183135012,-0.6792392080773667,-0.17254064614978762,0.10146136355278199,0.0,0.0,NaClFWater/data/S0_NaClFWater_matrix_BC_s_loss_split0.csv,0,0.23706830316532082,0.1368714486488258,0.0956322761283786,0.055213320365936014,3
NaClFWater,NaCl/NaF/water,"BC S-loss, fixed kappa_D",0.005,298.15,F,NaF,neutral ion-pair NaF: mu_Na + mu_F,0.045,0.0075,0.0075,-0.6376895790098681,kJ/mol,-0.25724107816106445,-0.006609186753735231,-0.6376895790098681,-0.15577971460828244,0.10146136355278199,0.0,0.0,NaClFWater/data/S0_NaClFWater_matrix_BC_s_loss_split0.csv,0,0.20290323019645498,0.1171462345733679,0.08185024095758513,0.047256258650097506,3
NaClFWater,NaCl/NaF/water,"BC S-loss, fixed kappa_D",0.005,298.15,F,NaF,neutral ion-pair NaF: mu_Na + mu_F,0.045,0.01,0.01,-0.6129726999159675,kJ/mol,-0.24727040146165224,-0.006353014353749131,-0.6129726999159675,-0.14580903790887026,0.10146136355278199,0.0,0.0,NaClFWater/data/S0_NaClFWater_matrix_BC_s_loss_split0.csv,0,0.17447703057684036,0.10073436057094536,0.07038324121528865,0.040635783262085265,3
NaClFWater,NaCl/NaF/water,"BC S-loss, fixed kappa_D",0.005,298.15,F,NaF,neutral ion-pair NaF: mu_Na + mu_F,0.045,0.0125,0.0125,-0.5944349786529649,kJ/mol,-0.239792368949739,-0.006160884411769985,-0.5944349786529649,-0.138331005396957,0.10146136355278199,0.0,0.0,NaClFWater/data/S0_NaClFWater_matrix_BC_s_loss_split0.csv,0,0.15559435759125947,0.08983244423970055,0.0627660567461373,0.0362379997583537,3
NaClFWater,NaCl/NaF/water,"BC S-loss, fixed kappa_D",0.005,298.15,F,NaF,neutral ion-pair NaF: mu_Na + mu_F,0.045,0.015,0.015,-0.5741240376220852,kJ/mol,-0.23159902764194812,-0.005950376341957053,-0.5741240376220852,-0.13013766408916613,0.10146136355278199,0.0,0.0,NaClFWater/data/S0_NaClFWater_matrix_BC_s_loss_split0.csv,0,0.14855424495483813,0.0857678333139374,0.05992610730274152,0.034598354182724216,3
NaClFWater,NaCl/NaF/water,"BC S-loss, fixed kappa_D",0.005,298.15,F,NaF,neutral ion-pair NaF: mu_Na + mu_F,0.045,0.0175,0.0175,-0.5465703966891803,kJ/mol,-0.22048401410848467,-0.005664802977321414,-0.5465703966891803,-0.1190226505557027,0.10146136355278199,0.0,0.0,NaClFWater/data/S0_NaClFWater_matrix_BC_s_loss_split0.csv,0,0.15332483267131386,0.0885221334162374,0.061850540707398365,0.03570942632694035,3
NaClFWater,NaCl/NaF/water,"BC S-loss, fixed kappa_D",0.005,298.15,F,NaF,neutral ion-pair NaF: mu_Na + mu_F,0.045,0.02,0.02,-0.5084732864807933,kJ/mol,-0.20511581298460413,-0.005269954254004005,-0.5084732864807933,-0.10365444943182216,0.10146136355278199,0.0,0.0,NaClFWater/data/S0_NaClFWater_matrix_BC_s_loss_split0.csv,0,0.16739361200242822,0.09664474695022571,0.06752582235331334,0.03898605171293631,3
NaClFWater,NaCl/NaF/water,"BC S-loss, fixed kappa_D",0.005,298.15,F,NaF,neutral ion-pair NaF: mu_Na + mu_F,0.045,0.0225,0.0225,-0.45831044990027425,kJ/mol,-0.18488035267548983,-0.004750053088969253,-0.45831044990027425,-0.08341898912270784,0.10146136355278199,0.0,0.0,NaClFWater/data/S0_NaClFWater_matrix_BC_s_loss_split0.csv,0,0.1868359500019999,0.1078697860279541,0.07536877314568352,0.04351418146415222,3
NaClFWater,NaCl/NaF/water,"BC S-loss, fixed kappa_D",0.005,298.15,F,NaF,neutral ion-pair NaF: mu_Na + mu_F,0.045,0.025,0.025,-0.3958942966005342,kJ/mol,-0.1597019600876396,-0.0041031552452750475,-0.3958942966005342,-0.0582405965348576,0.10146136355278199,0.0,0.0,NaClFWater/data/S0_NaClFWater_matrix_BC_s_loss_split0.csv,0,0.20738703557311375,0.11973496081457573,0.08365898766965618,0.04830053905120758,3
NaClFWater,NaCl/NaF/water,"BC S-loss, fixed kappa_D",0.005,298.15,F,NaF,neutral ion-pair NaF: mu_Na + mu_F,0.045,0.0275,0.0275,-0.3218982849167003,kJ/mol,-0.1298523052528793,-0.0033362406267087863,-0.3218982849167003,-0.028390941700097306,0.10146136355278199,0.0,0.0,NaClFWater/data/S0_NaClFWater_matrix_BC_s_loss_split0.csv,0,0.2248819800746262,0.12983567173198152,0.09071636877493439,0.05237511993211373,3
NaClFWater,NaCl/NaF/water,"BC S-loss, fixed kappa_D",0.005,298.15,F,NaF,neutral ion-pair NaF: mu_Na + mu_F,0.045,0.03,0.03,-0.23737782546210903,kJ/mol,-0.09575713601626373,-0.002460247793464987,-0.23737782546210903,0.005704227536518255,0.10146136355278199,0.0,0.0,NaClFWater/data/S0_NaClFWater_matrix_BC_s_loss_split0.csv,0,0.23545634209024088,0.13594078248820518,0.0949820183563274,0.054837893866199604,3
NaClFWater,NaCl/NaF/water,"BC S-loss, fixed kappa_D",0.005,298.15,F,NaF,neutral ion-pair NaF: mu_Na + mu_F,0.045,0.0325,0.0325,-0.14330937271908922,kJ/mol,-0.05781034967841911,-0.0014852969831053995,-0.14330937271908922,0.043651013874362876,0.10146136355278199,0.0,0.0,NaClFWater/data/S0_NaClFWater_matrix_BC_s_loss_split0.csv,0,0.23589364159658058,0.1361932574759069,0.09515842298985581,0.05493974112885353,3
NaClFWater,NaCl/NaF/water,"BC S-loss, fixed kappa_D",0.005,298.15,F,NaF,neutral ion-pair NaF: mu_Na + mu_F,0.045,0.034999999999999996,0.034999999999999996,-0.04016972973546306,kJ/mol,-0.0162042864219821,-0.0004163299109904982,-0.04016972973546306,0.08525707713079989,0.10146136355278199,0.0,0.0,NaClFWater/data/S0_NaClFWater_matrix_BC_s_loss_split0.csv,0,0.22444101103868566,0.12958107814037695,0.09053848386984134,0.05227241803427349,3
NaClFWater,NaCl/NaF/water,"BC S-loss, fixed kappa_D",0.005,298.15,F,NaF,neutral ion-pair NaF: mu_Na + mu_F,0.045,0.0375,0.0375,0.07242497295939523,kJ/mol,0.029215904952984123,0.0007506319495860224,0.07242497295939523,0.1306772685057661,0.10146136355278199,0.0,0.0,NaClFWater/data/S0_NaClFWater_matrix_BC_s_loss_split0.csv,0,0.20297131044333916,0.11718554072223297,0.08187770421978417,0.04727211457192095,3
NaClFWater,NaCl/NaF/water,"BC S-loss, fixed kappa_D",0.005,298.15,F,NaF,neutral ion-pair NaF: mu_Na + mu_F,0.045,0.04,0.04,0.1960044819635981,kJ/mol,0.0790673172721498,0.0020314433048724823,0.1960044819635981,0.1805286808249318,0.10146136355278199,0.0,0.0,NaClFWater/data/S0_NaClFWater_matrix_BC_s_loss_split0.csv,0,0.18303618230902732,0.10567598912755835,0.07383596412656873,0.04262921376435001,3
NaClFWater,NaCl/NaF/water,"BC S-loss, fixed kappa_D",0.005,298.15,F,NaF,neutral ion-pair NaF: mu_Na + mu_F,0.0475,0.0,0.0,-0.8123033324735507,kJ/mol,-0.3276794727675614,-0.00841893078029443,-0.8123033324735507,-0.22621810921477942,0.10146136355278199,0.0,0.0,NaClFWater/data/S0_NaClFWater_matrix_BC_s_loss_split0.csv,0,0.25803581580829765,0.14897704771748535,0.1040904754406676,0.06009666401574557,3
NaClFWater,NaCl/NaF/water,"BC S-loss, fixed kappa_D",0.005,298.15,F,NaF,neutral ion-pair NaF: mu_Na + mu_F,0.0475,0.0025,0.0025,-0.6795821161733093,kJ/mol,-0.2741403372701102,-0.007043372305474805,-0.6795821161733093,-0.1726789737173282,0.10146136355278199,0.0,0.0,NaClFWater/data/S0_NaClFWater_matrix_BC_s_loss_split0.csv,0,0.2479990524668325,0.14318231970049786,0.10004169072128298,0.05775909706811802,3
NaClFWater,NaCl/NaF/water,"BC S-loss, fixed kappa_D",0.005,298.15,F,NaF,neutral ion-pair NaF: mu_Na + mu_F,0.0475,0.005,0.005,-0.596556969134357,kJ/mol,-0.2406483702664429,-0.006182877293326783,-0.596556969134357,-0.1391870067136609,0.10146136355278199,0.0,0.0,NaClFWater/data/S0_NaClFWater_matrix_BC_s_loss_split0.csv,0,0.2303921755370588,0.13301698456550443,0.09293915658312661,0.05365844707152493,3
NaClFWater,NaCl/NaF/water,"BC S-loss, fixed kappa_D",0.005,298.15,F,NaF,neutral ion-pair NaF: mu_Na + mu_F,0.0475,0.0075,0.0075,-0.5455727234353662,kJ/mol,-0.22008155725187106,-0.00565446282269022,-0.5455727234353662,-0.11862019369908909,0.10146136355278199,0.0,0.0,NaClFWater/data/S0_NaClFWater_matrix_BC_s_loss_split0.csv,0,0.20936940100111054,0.12087948002806188,0.08445866487435334,0.048762232900604295,3
NaClFWater,NaCl/NaF/water,"BC S-loss, fixed kappa_D",0.005,298.15,F,NaF,neutral ion-pair NaF: mu_Na + mu_F,0.0475,0.01,0.01,-0.5120541310431207,kJ/mol,-0.20656030940772357,-0.005307067092644502,-0.5120541310431207,-0.10509894585494159,0.10146136355278199,0.0,0.0,NaClFWater/data/S0_NaClFWater_matrix_BC_s_loss_split0.csv,0,0.18946285747718536,0.10938643176588868,0.0764284556830637,0.04412598946236421,3
NaClFWater,NaCl/NaF/water,"BC S-loss, fixed kappa_D",0.005,298.15,F,NaF,neutral ion-pair NaF: mu_Na + mu_F,0.0475,0.0125,0.0125,-0.4845279883913552,kJ/mol,-0.19545638855590447,-0.005021778727609671,-0.4845279883913552,-0.0939950250031225,0.10146136355278199,0.0,0.0,NaClFWater/data/S0_NaClFWater_matrix_BC_s_loss_split0.csv,0,0.17461317496977785,0.10081296357285648,0.07043816124468479,0.04066749135584103,3
NaClFWater,NaCl/NaF/water,"BC S-loss, fixed kappa_D",0.005,298.15,F,NaF,neutral ion-pair NaF: mu_Na + mu_F,0.0475,0.015,0.015,-0.4545077480105632,kJ/mol,-0.18334636001474533,-0.004710640861162574,-0.4545077480105632,-0.08188499646196334,0.10146136355278199,0.0,0.0,NaClFWater/data/S0_NaClFWater_matrix_BC_s_loss_split0.csv,0,0.16766542731238473,0.09680167959259896,0.06763547141407181,0.0390493576276816,3
NaClFWater,NaCl/NaF/water,"BC S-loss, fixed kappa_D",0.005,298.15,F,NaF,neutral ion-pair NaF: mu_Na + mu_F,0.0475,0.0175,0.0175,-0.41625370113300797,kJ/mol,-0.1679148513517287,-0.004314165603886977,-0.41625370113300797,-0.06645348779894672,0.10146136355278199,0.0,0.0,NaClFWater/data/S0_NaClFWater_matrix_BC_s_loss_split0.csv,0,0.16973477745520266,0.09799641945460248,0.06847023785742153,0.039531310258460024,3
NaClFWater,NaCl/NaF/water,"BC S-loss, fixed kappa_D",0.005,298.15,F,NaF,neutral ion-pair NaF: mu_Na + mu_F,0.0475,0.02,0.02,-0.36642655122110435,kJ/mol,-0.14781480551918935,-0.003797743586005708,-0.36642655122110435,-0.04635344196640738,0.10146136355278199,0.0,0.0,NaClFWater/data/S0_NaClFWater_matrix_BC_s_loss_split0.csv,0,0.17975554544406339,0.103781912550458,0.07251257012425714,0.04186515188087148,3
NaClFWater,NaCl/NaF/water,"BC S-loss, fixed kappa_D",0.005,298.15,F,NaF,neutral ion-pair NaF: mu_Na + mu_F,0.0475,0.0225,0.0225,-0.30365606171062204,kJ/mol,-0.12249347531422393,-0.0031471733062744534,-0.30365606171062204,-0.021032111761441943,0.10146136355278199,0.0,0.0,NaClFWater/data/S0_NaClFWater_matrix_BC_s_loss_split0.csv,0,0.19484127015957398,0.11249165977587863,0.07859808291667945,0.045378624329733414,3
NaClFWater,NaCl/NaF/water,"BC S-loss, fixed kappa_D",0.005,298.15,F,NaF,neutral ion-pair NaF: mu_Na + mu_F,0.0475,0.025,0.025,-0.2280493119788813,kJ/mol,-0.09199405607101596,-0.0023635645642343657,-0.2280493119788813,0.009467307481766022,0.10146136355278199,0.0,0.0,NaClFWater/data/S0_NaClFWater_matrix_BC_s_loss_split0.csv,0,0.21117954927700724,0.12192456962242398,0.08518887046254262,0.04918381729350914,3
NaClFWater,NaCl/NaF/water,"BC S-loss, fixed kappa_D",0.005,298.15,F,NaF,neutral ion-pair NaF: mu_Na + mu_F,0.0475,0.0275,0.0275,-0.14066481541716838,kJ/mol,-0.05674354728114439,-0.0014578880781073165,-0.14066481541716838,0.044717816271637595,0.10146136355278199,0.0,0.0,NaClFWater/data/S0_NaClFWater_matrix_BC_s_loss_split0.csv,0,0.22477450429339502,0.1297736205607563,0.09067301353321469,0.052350088771636084,3
NaClFWater,NaCl/NaF/water,"BC S-loss, fixed kappa_D",0.005,298.15,F,NaF,neutral ion-pair NaF: mu_Na + mu_F,0.0475,0.03,0.03,-0.04297931687117155,kJ/mol,-0.017337661104220595,-0.00044544922968725565,-0.04297931687117155,0.08412370244856139,0.10146136355278199,0.0,0.0,NaClFWater/data/S0_NaClFWater_matrix_BC_s_loss_split0.csv,0,0.23192611530093857,0.13390260510110108,0.09355794091281133,0.05401570237083873,3
NaClFWater,NaCl/NaF/water,"BC S-loss, fixed kappa_D",0.005,298.15,F,NaF,neutral ion-pair NaF: mu_Na + mu_F,0.0475,0.0325,0.0325,0.06362653905267683,kJ/mol,0.025666656699927626,0.0006594426080255289,0.06362653905267683,0.1271280202527096,0.10146136355278199,0.0,0.0,NaClFWater/data/S0_NaClFWater_matrix_BC_s_loss_split0.csv,0,0.2297370833471702,0.1326387669133282,0.09267489537082407,0.05350587578946568,3
NaClFWater,NaCl/NaF/water,"BC S-loss, fixed kappa_D",0.005,298.15,F,NaF,neutral ion-pair NaF: mu_Na + mu_F,0.0475,0.034999999999999996,0.034999999999999996,0.17833920220997707,kJ/mol,0.0719412237002679,0.0018483555819557296,0.17833920220997707,0.17340258725304988,0.10146136355278199,0.0,0.0,NaClFWater/data/S0_NaClFWater_matrix_BC_s_loss_split0.csv,0,0.2171023527092279,0.12534410177837382,0.08757810245063019,0.050563241024987965,3
NaClFWater,NaCl/NaF/water,"BC S-loss, fixed kappa_D",0.005,298.15,F,NaF,neutral ion-pair NaF: mu_Na + mu_F,0.0475,0.0375,0.0375,0.3013181589303594,kJ/mol,0.12155037595737964,0.0031229426514300944,0.3013181589303594,0.22301173951016162,0.10146136355278199,0.0,0.0,NaClFWater/data/S0_NaClFWater_matrix_BC_s_loss_split0.csv,0,0.1972250677466638,0.11386794595447852,0.07955969603002662,0.045933811919580673,3
NaClFWater,NaCl/NaF/water,"BC S-loss, fixed kappa_D",0.005,298.15,F,NaF,neutral ion-pair NaF: mu_Na + mu_F,0.0475,0.04,0.04,0.4340187218400707,kJ/mol,0.17508117997095132,0.004498287068940954,0.4340187218400707,0.2765425435237333,0.10146136355278199,0.0,0.0,NaClFWater/data/S0_NaClFWater_matrix_BC_s_loss_split0.csv,0,0.18381842825962305,0.10612761903770729,0.07415151858808401,0.04281139921764984,3
NaClFWater,NaCl/NaF/water,"BC S-loss, fixed kappa_D",0.005,298.15,F,NaF,neutral ion-pair NaF: mu_Na + mu_F,0.05,0.0,0.0,-0.7456066516188454,kJ/mol,-0.30077433481710525,-0.0077276683947502525,-0.7456066516188454,-0.1993129712643233,0.10146136355278199,0.0,0.0,NaClFWater/data/S0_NaClFWater_matrix_BC_s_loss_split0.csv,0,0.22073613894351532,0.1274420692389172,0.08904395530362226,0.05140955156425532,3
NaClFWater,NaCl/NaF/water,"BC S-loss, fixed kappa_D",0.005,298.15,F,NaF,neutral ion-pair NaF: mu_Na + mu_F,0.05,0.0025,0.0025,-0.5988176466217792,kJ/mol,-0.24156031729110947,-0.006206307564411873,-0.5988176466217792,-0.14009895373832748,0.10146136355278199,0.0,0.0,NaClFWater/data/S0_NaClFWater_matrix_BC_s_loss_split0.csv,0,0.22494903269164276,0.1298743845784659,0.09074341749591497,0.05239073651845311,3
NaClFWater,NaCl/NaF/water,"BC S-loss, fixed kappa_D",0.005,298.15,F,NaF,neutral ion-pair NaF: mu_Na + mu_F,0.05,0.005,0.005,-0.5051342145357823,kJ/mol,-0.2037688465365627,-0.005235347211964836,-0.5051342145357823,-0.10230748298378071,0.10146136355278199,0.0,0.0,NaClFWater/data/S0_NaClFWater_matrix_BC_s_loss_split0.csv,0,0.22452513345097777,0.12962964623775866,0.09057241846866156,0.05229201018403718,3
NaClFWater,NaCl/NaF/water,"BC S-loss, fixed kappa_D",0.005,298.15,F,NaF,neutral ion-pair NaF: mu_Na + mu_F,0.05,0.0075,0.0075,-0.4453832721917521,kJ/mol,-0.17966558793606408,-0.004616072333305965,-0.4453832721917521,-0.07820422438328208,0.10146136355278199,0.0,0.0,NaClFWater/data/S0_NaClFWater_matrix_BC_s_loss_split0.csv,0,0.21766225713860163,0.1256673627513932,0.08780396535292646,0.05069364303242867,3
NaClFWater,NaCl/NaF/water,"BC S-loss, fixed kappa_D",0.005,298.15,F,NaF,neutral ion-pair NaF: mu_Na + mu_F,0.05,0.01,0.01,-0.4037710641411618,kJ/mol,-0.16287941231717298,-0.00418479218808443,-0.4037710641411618,-0.061418048764391005,0.10146136355278199,0.0,0.0,NaClFWater/data/S0_NaClFWater_matrix_BC_s_loss_split0.csv,0,0.2073140667935787,0.11969283227006872,0.08362955239560195,0.0482835445878087,3
NaClFWater,NaCl/NaF/water,"BC S-loss, fixed kappa_D",0.005,298.15,F,NaF,neutral ion-pair NaF: mu_Na + mu_F,0.05,0.0125,0.0125,-0.36791279887203326,kJ/mol,-0.14841435106724885,-0.0038131474574356616,-0.36791279887203326,-0.04695298751446685,0.10146136355278199,0.0,0.0,NaClFWater/data/S0_NaClFWater_matrix_BC_s_loss_split0.csv,0,0.19731267084741708,0.11391852362828028,0.07959503472275395,0.045954214723339604,3
NaClFWater,NaCl/NaF/water,"BC S-loss, fixed kappa_D",0.005,298.15,F,NaF,neutral ion-pair NaF: mu_Na + mu_F,0.05,0.015,0.015,-0.32871122954401866,kJ/mol,-0.13260061615377908,-0.003406851821978307,-0.32871122954401866,-0.031139252600997095,0.10146136355278199,0.0,0.0,NaClFWater/data/S0_NaClFWater_matrix_BC_s_loss_split0.csv,0,0.1909617714876337,0.11025183017331314,0.07703311078299045,0.0444750872470738,3
NaClFWater,NaCl/NaF/water,"BC S-loss, fixed kappa_D",0.005,298.15,F,NaF,neutral ion-pair NaF: mu_Na + mu_F,0.05,0.0175,0.0175,-0.2800980970826273,kJ/mol,-0.1129902994436146,-0.0029030122083213428,-0.2800980970826273,-0.011528935890832617,0.10146136355278199,0.0,0.0,NaClFWater/data/S0_NaClFWater_matrix_BC_s_loss_split0.csv,0,0.19027589143325724,0.10985583713928708,0.07675642988607048,0.04431534545675743,3
NaClFWater,NaCl/NaF/water,"BC S-loss, fixed kappa_D",0.005,298.15,F,NaF,neutral ion-pair NaF: mu_Na + mu_F,0.05,0.02,0.02,-0.2186575894248135,kJ/mol,-0.08820547787384803,-0.0022662262191488476,-0.2186575894248135,0.013255885678933958,0.10146136355278199,0.0,0.0,NaClFWater/data/S0_NaClFWater_matrix_BC_s_loss_split0.csv,0,0.1954507096889826,0.1128435198522375,0.07884392805321512,0.04552056308549124,3
NaClFWater,NaCl/NaF/water,"BC S-loss, fixed kappa_D",0.005,298.15,F,NaF,neutral ion-pair NaF: mu_Na + mu_F,0.05,0.0225,0.0225,-0.14315526037147036,kJ/mol,-0.05774818145776077,-0.001483699721177345,-0.14315526037147036,0.043713182095021216,0.10146136355278199,0.0,0.0,NaClFWater/data/S0_NaClFWater_matrix_BC_s_loss_split0.csv,0,0.20482737207725588,0.11825713840620733,0.08262643104794322,0.04770439220770807,3
NaClFWater,NaCl/NaF/water,"BC S-loss, fixed kappa_D",0.005,298.15,F,NaF,neutral ion-pair NaF: mu_Na + mu_F,0.05,0.025,0.025,-0.05399905006260652,kJ/mol,-0.021782971393928388,-0.0005596607160214261,-0.05399905006260652,0.0796783921588536,0.10146136355278199,0.0,0.0,NaClFWater/data/S0_NaClFWater_matrix_BC_s_loss_split0.csv,0,0.21544809457225667,0.12438901539768435,0.08691078223603312,0.050177963519454666,3
NaClFWater,NaCl/NaF/water,"BC S-loss, fixed kappa_D",0.005,298.15,F,NaF,neutral ion-pair NaF: mu_Na + mu_F,0.05,0.0275,0.0275,0.04733897282705333,kJ/mol,0.01909632650415334,0.0004906338796217826,0.04733897282705333,0.12055769005693533,0.10146136355278199,0.0,0.0,NaClFWater/data/S0_NaClFWater_matrix_BC_s_loss_split0.csv,0,0.2238325952741248,0.1292298091349285,0.09029305171539274,0.052130717713834804,3
NaClFWater,NaCl/NaF/water,"BC S-loss, fixed kappa_D",0.005,298.15,F,NaF,neutral ion-pair NaF: mu_Na + mu_F,0.05,0.03,0.03,0.158910811273915,kJ/mol,0.06410389908993439,0.001646994499310495,0.158910811273915,0.16556526264271637,0.10146136355278199,0.0,0.0,NaClFWater/data/S0_NaClFWater_matrix_BC_s_loss_split0.csv,0,0.22667179923738687,0.13086902430740213,0.09143837369127121,0.05279196966491703,3
NaClFWater,NaCl/NaF/water,"BC S-loss, fixed kappa_D",0.005,298.15,F,NaF,neutral ion-pair NaF: mu_Na + mu_F,0.05,0.0325,0.0325,0.27886193636190737,kJ/mol,0.11249163782666913,0.002890200305273538,0.27886193636190737,0.2139530013794511,0.10146136355278199,0.0,0.0,NaClFWater/data/S0_NaClFWater_matrix_BC_s_loss_split0.csv,0,0.2215332263945073,0.1279022678933151,0.0893654967589495,0.05159519361004413,3
NaClFWater,NaCl/NaF/water,"BC S-loss, fixed kappa_D",0.005,298.15,F,NaF,neutral ion-pair NaF: mu_Na + mu_F,0.05,0.034999999999999996,0.034999999999999996,0.40595491052176297,kJ/mol,0.16376036602251068,0.00420742616086045,0.40595491052176297,0.26522172957529266,0.10146136355278199,0.0,0.0,NaClFWater/data/S0_NaClFWater_matrix_BC_s_loss_split0.csv,0,0.20804768407787688,0.12011638640664045,0.08392549027412818,0.04845440440163923,3
NaClFWater,NaCl/NaF/water,"BC S-loss, fixed kappa_D",0.005,298.15,F,NaF,neutral ion-pair NaF: mu_Na + mu_F,0.05,0.0375,0.0375,0.5400232010525875,kJ/mol,0.21784290514273433,0.005596946076252608,0.5400232010525875,0.3193042686955163,0.10146136355278199,0.0,0.0,NaClFWater/data/S0_NaClFWater_matrix_BC_s_loss_split0.csv,0,0.1906654540706897,0.11008075123287493,0.07691357768362421,0.044406074779977635,3
NaClFWater,NaCl/NaF/water,"BC S-loss, fixed kappa_D",0.005,298.15,F,NaF,neutral ion-pair NaF: mu_Na + mu_F,0.05,0.04,0.04,0.6823350178105804,kJ/mol,0.2752508452798891,0.007071904120380167,0.6823350178105804,0.3767122088326711,0.10146136355278199,0.0,0.0,NaClFWater/data/S0_NaClFWater_matrix_BC_s_loss_split0.csv,0,0.18428607975018457,0.1063976177516699,0.07434016707411144,0.04292031547184,3
NaClFWater,NaCl/NaF/water,"BC S-loss, fixed kappa_D",0.005,298.15,F,NaF,neutral ion-pair NaF: mu_Na + mu_F,0.052500000000000005,0.0,0.0,-0.6695183195970553,kJ/mol,-0.27008064746666566,-0.006939068403994497,-0.6695183195970553,-0.16861928391388367,0.10146136355278199,0.0,0.0,NaClFWater/data/S0_NaClFWater_matrix_BC_s_loss_split0.csv,0,0.20070169861050235,0.11587517971958868,0.08096215312077992,0.04674352089845399,3
NaClFWater,NaCl/NaF/water,"BC S-loss, fixed kappa_D",0.005,298.15,F,NaF,neutral ion-pair NaF: mu_Na + mu_F,0.052500000000000005,0.0025,0.0025,-0.5087223970832241,kJ/mol,-0.2052163030695294,-0.005272536103461789,-0.5087223970832241,-0.10375493951674741,0.10146136355278199,0.0,0.0,NaClFWater/data/S0_NaClFWater_matrix_BC_s_loss_split0.csv,0,0.20568516255378355,0.11875238396873887,0.08297245982790365,0.047904172016965584,3
NaClFWater,NaCl/NaF/water,"BC S-loss, fixed kappa_D",0.005,298.15,F,NaF,neutral ion-pair NaF: mu_Na + mu_F,0.052500000000000005,0.005,0.005,-0.4047577326988797,kJ/mol,-0.16327742992939281,-0.004195018287077801,-0.4047577326988797,-0.06181606637661082,0.10146136355278199,0.0,0.0,NaClFWater/data/S0_NaClFWater_matrix_BC_s_loss_split0.csv,0,0.22000906497966727,0.12702229289016878,0.08875065697082922,0.05124021569286439,3
NaClFWater,NaCl/NaF/water,"BC S-loss, fixed kappa_D",0.005,298.15,F,NaF,neutral ion-pair NaF: mu_Na + mu_F,0.052500000000000005,0.0075,0.0075,-0.33681235754151756,kJ/mol,-0.13586857437199729,-0.0034908140970628665,-0.33681235754151756,-0.03440721081921529,0.10146136355278199,0.0,0.0,NaClFWater/data/S0_NaClFWater_matrix_BC_s_loss_split0.csv,0,0.22743962804716372,0.13131233047741833,0.09174811234369958,0.05297079735927498,3
NaClFWater,NaCl/NaF/water,"BC S-loss, fixed kappa_D",0.005,298.15,F,NaF,neutral ion-pair NaF: mu_Na + mu_F,0.052500000000000005,0.01,0.01,-0.28776020544674197,kJ/mol,-0.11608115913687185,-0.0029824243655411915,-0.28776020544674197,-0.014619795584089866,0.10146136355278199,0.0,0.0,NaClFWater/data/S0_NaClFWater_matrix_BC_s_loss_split0.csv,0,0.22710011376042571,0.13111631181257644,0.09161115382336876,0.052891724320694174,3
NaClFWater,NaCl/NaF/water,"BC S-loss, fixed kappa_D",0.005,298.15,F,NaF,neutral ion-pair NaF: mu_Na + mu_F,0.052500000000000005,0.0125,0.0125,-0.24420248056014685,kJ/mol,-0.09851017086783292,-0.0025309803592108433,-0.24420248056014685,0.002951192684949056,0.10146136355278199,0.0,0.0,NaClFWater/data/S0_NaClFWater_matrix_BC_s_loss_split0.csv,0,0.22229485842723304,0.12834199635243276,0.089672735659677,0.05177257807208467,3
NaClFWater,NaCl/NaF/water,"BC S-loss, fixed kappa_D",0.005,298.15,F,NaF,neutral ion-pair NaF: mu_Na + mu_F,0.052500000000000005,0.015,0.015,-0.19634403427901595,kJ/mol,-0.07920429113307724,-0.0020349625166318215,-0.19634403427901595,0.022257072419704742,0.10146136355278199,0.0,0.0,NaClFWater/data/S0_NaClFWater_matrix_BC_s_loss_split0.csv,0,0.21673922107386423,0.12513444763094533,0.08743161679919398,0.05047866749469885,3
NaClFWater,NaCl/NaF/water,"BC S-loss, fixed kappa_D",0.005,298.15,F,NaF,neutral ion-pair NaF: mu_Na + mu_F,0.052500000000000005,0.0175,0.0175,-0.13771937569404702,kJ/mol,-0.055555370282532275,-0.0014273607465611349,-0.13771937569404702,0.04590599327024971,0.10146136355278199,0.0,0.0,NaClFWater/data/S0_NaClFWater_matrix_BC_s_loss_split0.csv,0,0.21324269752644778,0.12311572881961658,0.08602113509028868,0.049664325500375334,3
NaClFWater,NaCl/NaF/water,"BC S-loss, fixed kappa_D",0.005,298.15,F,NaF,neutral ion-pair NaF: mu_Na + mu_F,0.052500000000000005,0.02,0.02,-0.06478867999521151,kJ/mol,-0.0261354590747397,-0.0006714873501323382,-0.06478867999521151,0.07532590447804229,0.10146136355278199,0.0,0.0,NaClFWater/data/S0_NaClFWater_matrix_BC_s_loss_split0.csv,0,0.21309372117211942,0.12302971728134221,0.08596103870598294,0.04962962883671909,3
NaClFWater,NaCl/NaF/water,"BC S-loss, fixed kappa_D",0.005,298.15,F,NaF,neutral ion-pair NaF: mu_Na + mu_F,0.052500000000000005,0.0225,0.0225,0.02357109104657494,kJ/mol,0.009508471008210909,0.00024429714369489396,0.02357109104657494,0.1109698345609929,0.10146136355278199,0.0,0.0,NaClFWater/data/S0_NaClFWater_matrix_BC_s_loss_split0.csv,0,0.2158591675758377,0.12462634850695845,0.08707660721753632,0.05027370261716391,3
NaClFWater,NaCl/NaF/water,"BC S-loss, fixed kappa_D",0.005,298.15,F,NaF,neutral ion-pair NaF: mu_Na + mu_F,0.052500000000000005,0.025,0.025,0.1266512794232412,kJ/mol,0.051090550546394664,0.0013126480122309663,0.1266512794232412,0.15255191409917665,0.10146136355278199,0.0,0.0,NaClFWater/data/S0_NaClFWater_matrix_BC_s_loss_split0.csv,0,0.21966365348332817,0.1268228694697762,0.08861131954294546,0.05115976919136751,3
NaClFWater,NaCl/NaF/water,"BC S-loss, fixed kappa_D",0.005,298.15,F,NaF,neutral ion-pair NaF: mu_Na + mu_F,0.052500000000000005,0.0275,0.0275,0.24254188558237297,kJ/mol,0.09784029440045414,0.00251376950507165,0.24254188558237297,0.19930165795323612,0.10146136355278199,0.0,0.0,NaClFWater/data/S0_NaClFWater_matrix_BC_s_loss_split0.csv,0,0.22183643540638195,0.12807732569794167,0.08948780989639152,0.051665811132871706,3
NaClFWater,NaCl/NaF/water,"BC S-loss, fixed kappa_D",0.005,298.15,F,NaF,neutral ion-pair NaF: mu_Na + mu_F,0.052500000000000005,0.03,0.03,0.36877535082721297,kJ/mol,0.14876230060605874,0.0038220871784915298,0.36877535082721297,0.25022366415884073,0.10146136355278199,0.0,0.0,NaClFWater/data/S0_NaClFWater_matrix_BC_s_loss_split0.csv,0,0.21968761328642022,0.12683670266854113,0.08862098481862628,0.05116534944088362,3
NaClFWater,NaCl/NaF/water,"BC S-loss, fixed kappa_D",0.005,298.15,F,NaF,neutral ion-pair NaF: mu_Na + mu_F,0.052500000000000005,0.0325,0.0325,0.5029524446629845,kJ/mol,0.20288873048503606,0.005212734760675631,0.5029524446629845,0.30435009403781804,0.10146136355278199,0.0,0.0,NaClFWater/data/S0_NaClFWater_matrix_BC_s_loss_split0.csv,0,0.2113836685288512,0.12204241792742287,0.0852712112411065,0.04923135676417828,3
NaClFWater,NaCl/NaF/water,"BC S-loss, fixed kappa_D",0.005,298.15,F,NaF,neutral ion-pair NaF: mu_Na + mu_F,0.052500000000000005,0.034999999999999996,0.034999999999999996,0.6433207475229398,kJ/mol,0.2595126659481165,0.006667549702683575,0.6433207475229398,0.36097402950089846,0.10146136355278199,0.0,0.0,NaClFWater/data/S0_NaClFWater_matrix_BC_s_loss_split0.csv,0,0.19731263667945745,0.11391850390139958,0.07959502093955431,0.04595420676560558,3
NaClFWater,NaCl/NaF/water,"BC S-loss, fixed kappa_D",0.005,298.15,F,NaF,neutral ion-pair NaF: mu_Na + mu_F,0.052500000000000005,0.0375,0.0375,0.7892792898582262,kJ/mol,0.3183916786104285,0.008180303394055954,0.7892792898582262,0.41985304216321045,0.10146136355278199,0.0,0.0,NaClFWater/data/S0_NaClFWater_matrix_BC_s_loss_split0.csv,0,0.18289290054729035,0.10559326536384954,0.07377816491503501,0.04259584337401207,3
NaClFWater,NaCl/NaF/water,"BC S-loss, fixed kappa_D",0.005,298.15,F,NaF,neutral ion-pair NaF: mu_Na + mu_F,0.052500000000000005,0.04,0.04,0.9417870185265431,kJ/mol,0.3799126032763871,0.009760934618611829,0.9417870185265431,0.48137396682916905,0.10146136355278199,0.0,0.0,NaClFWater/data/S0_NaClFWater_matrix_BC_s_loss_split0.csv,0,0.18299362221746213,0.10565141704723645,0.07381879557904775,0.04261930149881717,3
NaClFWater,NaCl/NaF/water,"BC S-loss, fixed kappa_D",0.005,298.15,F,NaF,neutral ion-pair NaF: mu_Na + mu_F,0.055,0.0,0.0,-0.5842816603431722,kJ/mol,-0.2356965664858208,-0.006055652682903201,-0.5842816603431722,-0.1342352029330388,0.10146136355278199,0.0,0.0,NaClFWater/data/S0_NaClFWater_matrix_BC_s_loss_split0.csv,0,0.20488393827234422,0.1182897969141686,0.08264924959397403,0.04771756650140148,3
NaClFWater,NaCl/NaF/water,"BC S-loss, fixed kappa_D",0.005,298.15,F,NaF,neutral ion-pair NaF: mu_Na + mu_F,0.055,0.0025,0.0025,-0.4092542176357671,kJ/mol,-0.1650912915184372,-0.004241621069468238,-0.4092542176357671,-0.06362992796565524,0.10146136355278199,0.0,0.0,NaClFWater/data/S0_NaClFWater_matrix_BC_s_loss_split0.csv,0,0.19229939194296292,0.111024105703271,0.0775727007957886,0.04478661968621485,3
NaClFWater,NaCl/NaF/water,"BC S-loss, fixed kappa_D",0.005,298.15,F,NaF,neutral ion-pair NaF: mu_Na + mu_F,0.055,0.005,0.005,-0.29515904548487687,kJ/mol,-0.11906581758386461,-0.0030591079388386784,-0.29515904548487687,-0.01760445403108263,0.10146136355278199,0.0,0.0,NaClFWater/data/S0_NaClFWater_matrix_BC_s_loss_split0.csv,0,0.21709135910805555,0.12533775461977759,0.08757366768187823,0.050560680610055225,3
NaClFWater,NaCl/NaF/water,"BC S-loss, fixed kappa_D",0.005,298.15,F,NaF,neutral ion-pair NaF: mu_Na + mu_F,0.055,0.0075,0.0075,-0.2194192342563469,kJ/mol,-0.08851272193755637,-0.002274120111565025,-0.2194192342563469,0.012948641615225614,0.10146136355278199,0.0,0.0,NaClFWater/data/S0_NaClFWater_matrix_BC_s_loss_split0.csv,0,0.23828629602593002,0.13757465715476955,0.09612360891312018,0.05549699148146825,3
NaClFWater,NaCl/NaF/water,"BC S-loss, fixed kappa_D",0.005,298.15,F,NaF,neutral ion-pair NaF: mu_Na + mu_F,0.055,0.01,0.01,-0.16345600107674327,kJ/mol,-0.0659374080005577,-0.0016941020720651066,-0.16345600107674327,0.03552395555222429,0.10146136355278199,0.0,0.0,NaClFWater/data/S0_NaClFWater_matrix_BC_s_loss_split0.csv,0,0.24791532906230063,0.14313398197035393,0.10000791708037994,0.057739597847451134,3
NaClFWater,NaCl/NaF/water,"BC S-loss, fixed kappa_D",0.005,298.15,F,NaF,neutral ion-pair NaF: mu_Na + mu_F,0.055,0.0125,0.0125,-0.1127464211598634,kJ/mol,-0.04548139391425729,-0.0011685343116596412,-0.1127464211598634,0.055979969638524696,0.10146136355278199,0.0,0.0,NaClFWater/data/S0_NaClFWater_matrix_BC_s_loss_split0.csv,0,0.24826797223786568,0.1433375806026943,0.1001501717347987,0.057821728610473286,3
NaClFWater,NaCl/NaF/water,"BC S-loss, fixed kappa_D",0.005,298.15,F,NaF,neutral ion-pair NaF: mu_Na + mu_F,0.055,0.015,0.015,-0.05670188606071094,kJ/mol,-0.022873283152393176,-0.0005876736371419609,-0.05670188606071094,0.07858808040038881,0.10146136355278199,0.0,0.0,NaClFWater/data/S0_NaClFWater_matrix_BC_s_loss_split0.csv,0,0.24345149362569188,0.1405567853794097,0.0982072261513707,0.05669996845486033,3
NaClFWater,NaCl/NaF/water,"BC S-loss, fixed kappa_D",0.005,298.15,F,NaF,neutral ion-pair NaF: mu_Na + mu_F,0.055,0.0175,0.0175,0.011617532162254605,kJ/mol,0.004686459677809743,0.00012040723606787677,0.011617532162254605,0.10614782323059173,0.10146136355278199,0.0,0.0,NaClFWater/data/S0_NaClFWater_matrix_BC_s_loss_split0.csv,0,0.23704683556305167,0.13685905432287684,0.0956236161951838,0.055208320551174826,3
NaClFWater,NaCl/NaF/water,"BC S-loss, fixed kappa_D",0.005,298.15,F,NaF,neutral ion-pair NaF: mu_Na + mu_F,0.055,0.02,0.02,0.09593136552712432,kJ/mol,0.03869827688885402,0.0009942585407998192,0.09593136552712432,0.140159640441636,0.10146136355278199,0.0,0.0,NaClFWater/data/S0_NaClFWater_matrix_BC_s_loss_split0.csv,0,0.23132678251987623,0.13355658015862057,0.09331617279262798,0.0538761174815694,3
NaClFWater,NaCl/NaF/water,"BC S-loss, fixed kappa_D",0.005,298.15,F,NaF,neutral ion-pair NaF: mu_Na + mu_F,0.055,0.0225,0.0225,0.19728302471261117,kJ/mol,0.07958307560670155,0.0020446944666900895,0.19728302471261117,0.18104443915948354,0.10146136355278199,0.0,0.0,NaClFWater/data/S0_NaClFWater_matrix_BC_s_loss_split0.csv,0,0.22699959576598147,0.13105827772142564,0.09157060532121891,0.05286831363206272,3
NaClFWater,NaCl/NaF/water,"BC S-loss, fixed kappa_D",0.005,298.15,F,NaF,neutral ion-pair NaF: mu_Na + mu_F,0.055,0.025,0.025,0.3146694273104311,kJ/mol,0.12693621694640767,0.003261318797171953,0.3146694273104311,0.22839758049918965,0.10146136355278199,0.0,0.0,NaClFWater/data/S0_NaClFWater_matrix_BC_s_loss_split0.csv,0,0.22333625167884338,0.12894324502658225,0.09009282896471402,0.052015119054832554,3
NaClFWater,NaCl/NaF/water,"BC S-loss, fixed kappa_D",0.005,298.15,F,NaF,neutral ion-pair NaF: mu_Na + mu_F,0.055,0.0275,0.0275,0.4457227772632033,kJ/mol,0.17980254273899007,0.004619591055416095,0.4457227772632033,0.28126390629177206,0.10146136355278199,0.0,0.0,NaClFWater/data/S0_NaClFWater_matrix_BC_s_loss_split0.csv,0,0.21865780471337026,0.12624214241167694,0.08820556472027341,0.050925506535272815,3
NaClFWater,NaCl/NaF/water,"BC S-loss, fixed kappa_D",0.005,298.15,F,NaF,neutral ion-pair NaF: mu_Na + mu_F,0.055,0.03,0.03,0.5874101879986422,kJ/mol,0.2369586003242903,0.0060880775871510195,0.5874101879986422,0.3384199638770723,0.10146136355278199,0.0,0.0,NaClFWater/data/S0_NaClFWater_matrix_BC_s_loss_split0.csv,0,0.21107873835841953,0.12186636641144011,0.08514820379612449,0.049160338382705594,3
NaClFWater,NaCl/NaF/water,"BC S-loss, fixed kappa_D",0.005,298.15,F,NaF,neutral ion-pair NaF: mu_Na + mu_F,0.055,0.0325,0.0325,0.7367172419240317,kJ/mol,0.297188387344575,0.0076355361555897625,0.7367172419240317,0.39864975089735694,0.10146136355278199,0.0,0.0,NaClFWater/data/S0_NaClFWater_matrix_BC_s_loss_split0.csv,0,0.19946925097988252,0.1151636257482882,0.08046498934750645,0.04645648326012322,3
NaClFWater,NaCl/NaF/water,"BC S-loss, fixed kappa_D",0.005,298.15,F,NaF,neutral ion-pair NaF: mu_Na + mu_F,0.055,0.034999999999999996,0.034999999999999996,0.8912834029547781,kJ/mol,0.35953967427089095,0.009237501528218672,0.8912834029547781,0.4610010378236729,0.10146136355278199,0.0,0.0,NaClFWater/data/S0_NaClFWater_matrix_BC_s_loss_split0.csv,0,0.18492470346000486,0.10676632732244554,0.07459778497639623,0.043069051237072185,3
NaClFWater,NaCl/NaF/water,"BC S-loss, fixed kappa_D",0.005,298.15,F,NaF,neutral ion-pair NaF: mu_Na + mu_F,0.055,0.0375,0.0375,1.0499603820749834,kJ/mol,0.42354924653268056,0.010882072528033858,1.0499603820749834,0.5250106100854626,0.10146136355278199,0.0,0.0,NaClFWater/data/S0_NaClFWater_matrix_BC_s_loss_split0.csv,0,0.17340261765579212,0.10011404798175734,0.06994982792565993,0.04038555198264777,3
NaClFWater,NaCl/NaF/water,"BC S-loss, fixed kappa_D",0.005,298.15,F,NaF,neutral ion-pair NaF: mu_Na + mu_F,0.055,0.04,0.04,1.213268862247893,kJ/mol,0.4894271452710477,0.012574645653671722,1.213268862247893,0.5908885088238297,0.10146136355278199,0.0,0.0,NaClFWater/data/S0_NaClFWater_matrix_BC_s_loss_split0.csv,0,0.1785964241180231,0.10311269354084521,0.07204498584901614,0.04159519197369225,3
NaClFWater,NaCl/NaF/water,"BC S-loss, fixed kappa_D",0.005,298.15,F,NaF,neutral ion-pair NaF: mu_Na + mu_F,0.0575,0.0,0.0,-0.49022805497372973,kJ/mol,-0.19775576951100265,-0.005080855754727054,-0.49022805497372973,-0.09629440595822067,0.10146136355278199,0.0,0.0,NaClFWater/data/S0_NaClFWater_matrix_BC_s_loss_split0.csv,0,0.22867542327456064,0.1320258171846192,0.09224662652229956,0.053258614654484525,3
NaClFWater,NaCl/NaF/water,"BC S-loss, fixed kappa_D",0.005,298.15,F,NaF,neutral ion-pair NaF: mu_Na + mu_F,0.0575,0.0025,0.0025,-0.30038412642583073,kJ/mol,-0.12117359148980923,-0.0031132620866856087,-0.30038412642583073,-0.019712227937027246,0.10146136355278199,0.0,0.0,NaClFWater/data/S0_NaClFWater_matrix_BC_s_loss_split0.csv,0,0.18504809088683094,0.10683756508653819,0.07464755890363765,0.04309778822736365,3
NaClFWater,NaCl/NaF/water,"BC S-loss, fixed kappa_D",0.005,298.15,F,NaF,neutral ion-pair NaF: mu_Na + mu_F,0.0575,0.005,0.005,-0.1760074408821212,kJ/mol,-0.07100060177741438,-0.0018241885787801948,-0.1760074408821212,0.030460761775367613,0.10146136355278199,0.0,0.0,NaClFWater/data/S0_NaClFWater_matrix_BC_s_loss_split0.csv,0,0.21559324272130753,0.12447281672061124,0.08696933433972737,0.05021176859228416,3
NaClFWater,NaCl/NaF/water,"BC S-loss, fixed kappa_D",0.005,298.15,F,NaF,neutral ion-pair NaF: mu_Na + mu_F,0.0575,0.0075,0.0075,-0.09262858595414798,kJ/mol,-0.03736595061875886,-0.0009600276426908748,-0.09262858595414798,0.06409541293402313,0.10146136355278199,0.0,0.0,NaClFWater/data/S0_NaClFWater_matrix_BC_s_loss_split0.csv,0,0.24970704197729535,0.14416842790413667,0.10073068592776173,0.058156888636048884,3
NaClFWater,NaCl/NaF/water,"BC S-loss, fixed kappa_D",0.005,298.15,F,NaF,neutral ion-pair NaF: mu_Na + mu_F,0.0575,0.01,0.01,-0.030092364060164006,kJ/mol,-0.012139122905648211,-0.0003118853757086978,-0.030092364060164006,0.08932224064713377,0.10146136355278199,0.0,0.0,NaClFWater/data/S0_NaClFWater_matrix_BC_s_loss_split0.csv,0,0.26888613906454073,0.15524148477027175,0.10846744653241071,0.06262370945379866,3
NaClFWater,NaCl/NaF/water,"BC S-loss, fixed kappa_D",0.005,298.15,F,NaF,neutral ion-pair NaF: mu_Na + mu_F,0.0575,0.0125,0.0125,0.02736315904006193,kJ/mol,0.011038174003544884,0.00028359915893361203,0.02736315904006193,0.11249953755632687,0.10146136355278199,0.0,0.0,NaClFWater/data/S0_NaClFWater_matrix_BC_s_loss_split0.csv,0,0.27406016796322297,0.15822871174772085,0.11055462627651144,0.06382874324090236,3
NaClFWater,NaCl/NaF/water,"BC S-loss, fixed kappa_D",0.005,298.15,F,NaF,neutral ion-pair NaF: mu_Na + mu_F,0.0575,0.015,0.015,0.09122145823598099,kJ/mol,0.03679832169201111,0.000945443791579237,0.09122145823598099,0.1382596852447931,0.10146136355278199,0.0,0.0,NaClFWater/data/S0_NaClFWater_matrix_BC_s_loss_split0.csv,0,0.2697528371323854,0.155741873133048,0.10881706859422745,0.06282556384530319,3
NaClFWater,NaCl/NaF/water,"BC S-loss, fixed kappa_D",0.005,298.15,F,NaF,neutral ion-pair NaF: mu_Na + mu_F,0.0575,0.0175,0.0175,0.16898062842295833,kJ/mol,0.06816601756508137,0.001751360799630675,0.16898062842295833,0.16962738111786335,0.10146136355278199,0.0,0.0,NaClFWater/data/S0_NaClFWater_matrix_BC_s_loss_split0.csv,0,0.2603261827703977,0.15029939169959683,0.10501439906449393,0.060630091568672356,3
NaClFWater,NaCl/NaF/water,"BC S-loss, fixed kappa_D",0.005,298.15,F,NaF,neutral ion-pair NaF: mu_Na + mu_F,0.0575,0.02,0.02,0.26460237609531495,kJ/mol,0.1067393960183956,0.002742410377493343,0.26460237609531495,0.2082007595711776,0.10146136355278199,0.0,0.0,NaClFWater/data/S0_NaClFWater_matrix_BC_s_loss_split0.csv,0,0.248972145599828,0.1437441352827794,0.10043423206886397,0.05798573092081196,3
NaClFWater,NaCl/NaF/water,"BC S-loss, fixed kappa_D",0.005,298.15,F,NaF,neutral ion-pair NaF: mu_Na + mu_F,0.0575,0.0225,0.0225,0.37908883860101156,kJ/mol,0.1529227147038589,0.003928978946873941,0.37908883860101156,0.2543840782566409,0.10146136355278199,0.0,0.0,NaClFWater/data/S0_NaClFWater_matrix_BC_s_loss_split0.csv,0,0.2374367010008089,0.13708414323831372,0.09578088614101252,0.05529912039673448,3
NaClFWater,NaCl/NaF/water,"BC S-loss, fixed kappa_D",0.005,298.15,F,NaF,neutral ion-pair NaF: mu_Na + mu_F,0.0575,0.025,0.025,0.5111547581582615,kJ/mol,0.20619750647321547,0.005297745749544447,0.5111547581582615,0.30765887002599746,0.10146136355278199,0.0,0.0,NaClFWater/data/S0_NaClFWater_matrix_BC_s_loss_split0.csv,0,0.22609105886893505,0.13053373369934718,0.09120410566584077,0.052656714957372244,3
NaClFWater,NaCl/NaF/water,"BC S-loss, fixed kappa_D",0.005,298.15,F,NaF,neutral ion-pair NaF: mu_Na + mu_F,0.0575,0.0275,0.0275,0.6579596209815916,kJ/mol,0.2654179209742594,0.006819270934670385,0.6579596209815916,0.36687928452704144,0.10146136355278199,0.0,0.0,NaClFWater/data/S0_NaClFWater_matrix_BC_s_loss_split0.csv,0,0.2143036823476913,0.12372828869176762,0.08644913154548081,0.04991142936899272,3
NaClFWater,NaCl/NaF/water,"BC S-loss, fixed kappa_D",0.005,298.15,F,NaF,neutral ion-pair NaF: mu_Na + mu_F,0.0575,0.03,0.03,0.8158630304192136,kJ/mol,0.3291154387416202,0.008455824449697502,0.8158630304192136,0.4305768022944022,0.10146136355278199,0.0,0.0,NaClFWater/data/S0_NaClFWater_matrix_BC_s_loss_split0.csv,0,0.20109583616423646,0.11610273514233481,0.08112114641877882,0.046835315721853,3
NaClFWater,NaCl/NaF/water,"BC S-loss, fixed kappa_D",0.005,298.15,F,NaF,neutral ion-pair NaF: mu_Na + mu_F,0.0575,0.0325,0.0325,0.9811668379915576,kJ/mol,0.3957982434850561,0.010169077686555283,0.9811668379915576,0.49725960703783806,0.10146136355278199,0.0,0.0,NaClFWater/data/S0_NaClFWater_matrix_BC_s_loss_split0.csv,0,0.18609413677626188,0.10744149996238583,0.07506952906162735,0.04334141281166899,3
NaClFWater,NaCl/NaF/water,"BC S-loss, fixed kappa_D",0.005,298.15,F,NaF,neutral ion-pair NaF: mu_Na + mu_F,0.0575,0.034999999999999996,0.034999999999999996,1.1508093506249892,kJ/mol,0.4642312621326772,0.011927298432624411,1.1508093506249892,0.5656926256854592,0.10146136355278199,0.0,0.0,NaClFWater/data/S0_NaClFWater_matrix_BC_s_loss_split0.csv,0,0.17098844666295143,0.09872022570917098,0.0689759623184663,0.03982329041218,3
NaClFWater,NaCl/NaF/water,"BC S-loss, fixed kappa_D",0.005,298.15,F,NaF,neutral ion-pair NaF: mu_Na + mu_F,0.0575,0.0375,0.0375,1.3229801972432587,kJ/mol,0.5336841992196443,0.013711723513893048,1.3229801972432587,0.6351455627724263,0.10146136355278199,0.0,0.0,NaClFWater/data/S0_NaClFWater_matrix_BC_s_loss_split0.csv,0,0.16179248609562066,0.09341093540016537,0.06526635361709815,0.03768154682985692,3
NaClFWater,NaCl/NaF/water,"BC S-loss, fixed kappa_D",0.005,298.15,F,NaF,neutral ion-pair NaF: mu_Na + mu_F,0.0575,0.04,0.04,1.4976289056699592,kJ/mol,0.6041366944993681,0.015521829823114784,1.4976289056699592,0.7055980580521501,0.10146136355278199,0.0,0.0,NaClFWater/data/S0_NaClFWater_matrix_BC_s_loss_split0.csv,0,0.1702019823129815,0.0982661603050078,0.06865870617381416,0.03964012249166303,3
NaClFWater,NaCl/NaF/water,"BC S-loss, fixed kappa_D",0.005,298.15,F,NaF,neutral ion-pair NaF: mu_Na + mu_F,0.06,0.0,0.0,-0.38776078952762694,kJ/mol,-0.15642094029754994,-0.00401885738472174,-0.38776078952762694,-0.054959576744767966,0.10146136355278199,0.0,0.0,NaClFWater/data/S0_NaClFWater_matrix_BC_s_loss_split0.csv,0,0.26003189778926483,0.1501294861865213,0.10489568584049744,0.06056155245684162,3
NaClFWater,NaCl/NaF/water,"BC S-loss, fixed kappa_D",0.005,298.15,F,NaF,neutral ion-pair NaF: mu_Na + mu_F,0.06,0.0025,0.0025,-0.18209239279558026,kJ/mol,-0.07345524372594184,-0.0018872546612556105,-0.18209239279558026,0.028006119826840144,0.10146136355278199,0.0,0.0,NaClFWater/data/S0_NaClFWater_matrix_BC_s_loss_split0.csv,0,0.1817979436409181,0.10496109169920449,0.07333646427508973,0.042340827390638436,3
NaClFWater,NaCl/NaF/water,"BC S-loss, fixed kappa_D",0.005,298.15,F,NaF,neutral ion-pair NaF: mu_Na + mu_F,0.06,0.005,0.005,-0.04691752717045894,kJ/mol,-0.018926317241563587,-0.0004862659031914515,-0.04691752717045894,0.0825350463112184,0.10146136355278199,0.0,0.0,NaClFWater/data/S0_NaClFWater_matrix_BC_s_loss_split0.csv,0,0.21494559734818133,0.1240988984900974,0.08670807713946435,0.05006093167738458,3
NaClFWater,NaCl/NaF/water,"BC S-loss, fixed kappa_D",0.005,298.15,F,NaF,neutral ion-pair NaF: mu_Na + mu_F,0.06,0.0075,0.0075,0.04425110170366676,kJ/mol,0.017850693325960718,0.00045863035063575813,0.04425110170366676,0.1193120568787427,0.10146136355278199,0.0,0.0,NaClFWater/data/S0_NaClFWater_matrix_BC_s_loss_split0.csv,0,0.26116753634262674,0.15078514741100693,0.10535379727195862,0.060826043215114575,3
NaClFWater,NaCl/NaF/water,"BC S-loss, fixed kappa_D",0.005,298.15,F,NaF,neutral ion-pair NaF: mu_Na + mu_F,0.06,0.01,0.01,0.1132686594774172,kJ/mol,0.045692062478220885,0.0011739469304075103,0.1132686594774172,0.14715342603100287,0.10146136355278199,0.0,0.0,NaClFWater/data/S0_NaClFWater_matrix_BC_s_loss_split0.csv,0,0.2891911132489963,0.16696456708155558,0.11665838084147065,0.06735274758204897,3
NaClFWater,NaCl/NaF/water,"BC S-loss, fixed kappa_D",0.005,298.15,F,NaF,neutral ion-pair NaF: mu_Na + mu_F,0.06,0.0125,0.0125,0.1772526556178212,kJ/mol,0.07150291574285642,0.0018370943200807233,0.1772526556178212,0.1729642792956384,0.10146136355278199,0.0,0.0,NaClFWater/data/S0_NaClFWater_matrix_BC_s_loss_split0.csv,0,0.2986249758548607,0.17241121019654934,0.12046395814402582,0.06954989866210112,3
NaClFWater,NaCl/NaF/water,"BC S-loss, fixed kappa_D",0.005,298.15,F,NaF,neutral ion-pair NaF: mu_Na + mu_F,0.06,0.015,0.015,0.24868606442789717,kJ/mol,0.10031882822421698,0.0025774494314418916,0.24868606442789717,0.20178019177699896,0.10146136355278199,0.0,0.0,NaClFWater/data/S0_NaClFWater_matrix_BC_s_loss_split0.csv,0,0.2944976954138112,0.17002832372288834,0.1187990319707345,0.06858865308777053,3
NaClFWater,NaCl/NaF/water,"BC S-loss, fixed kappa_D",0.005,298.15,F,NaF,neutral ion-pair NaF: mu_Na + mu_F,0.06,0.0175,0.0175,0.33571331503535634,kJ/mol,0.13542522561966433,0.0034794233241655093,0.33571331503535634,0.23688658917244632,0.10146136355278199,0.0,0.0,NaClFWater/data/S0_NaClFWater_matrix_BC_s_loss_split0.csv,0,0.28196724503526693,0.16279386482376854,0.11374430523327507,0.06567030524521833,3
NaClFWater,NaCl/NaF/water,"BC S-loss, fixed kappa_D",0.005,298.15,F,NaF,neutral ion-pair NaF: mu_Na + mu_F,0.06,0.02,0.02,0.44260602632092183,kJ/mol,0.178545259573101,0.004587288208199425,0.44260602632092183,0.280006623125883,0.10146136355278199,0.0,0.0,NaClFWater/data/S0_NaClFWater_matrix_BC_s_loss_split0.csv,0,0.2650938288932616,0.1530519934720332,0.10693764584365596,0.061740478614339636,3
NaClFWater,NaCl/NaF/water,"BC S-loss, fixed kappa_D",0.005,298.15,F,NaF,neutral ion-pair NaF: mu_Na + mu_F,0.06,0.0225,0.0225,0.5703691285275968,kJ/mol,0.23008431437759977,0.00591145945156768,0.5703691285275968,0.33154567793038175,0.10146136355278199,0.0,0.0,NaClFWater/data/S0_NaClFWater_matrix_BC_s_loss_split0.csv,0,0.24655702793665726,0.14234976644982317,0.09945998457916141,0.05742324887037487,3
NaClFWater,NaCl/NaF/water,"BC S-loss, fixed kappa_D",0.005,298.15,F,NaF,neutral ion-pair NaF: mu_Na + mu_F,0.06,0.025,0.025,0.7174531874202924,kJ/mol,0.28941735530420554,0.007435878300043441,0.7174531874202924,0.39087871885698755,0.10146136355278199,0.0,0.0,NaClFWater/data/S0_NaClFWater_matrix_BC_s_loss_split0.csv,0,0.2277219649883637,0.1314753377864223,0.09186200578268558,0.05303655376693248,3
NaClFWater,NaCl/NaF/water,"BC S-loss, fixed kappa_D",0.005,298.15,F,NaF,neutral ion-pair NaF: mu_Na + mu_F,0.06,0.0275,0.0275,0.8805354494294104,kJ/mol,0.3552039986633587,0.009126106839630665,0.8805354494294104,0.4566653622161407,0.10146136355278199,0.0,0.0,NaClFWater/data/S0_NaClFWater_matrix_BC_s_loss_split0.csv,0,0.20895227308436473,0.12063865111304217,0.08429039736839634,0.048665083610744155,3
NaClFWater,NaCl/NaF/water,"BC S-loss, fixed kappa_D",0.005,298.15,F,NaF,neutral ion-pair NaF: mu_Na + mu_F,0.06,0.03,0.03,1.0553305132917634,kJ/mol,0.4257155330607053,0.010937730016053138,1.0553305132917634,0.5271768966134873,0.10146136355278199,0.0,0.0,NaClFWater/data/S0_NaClFWater_matrix_BC_s_loss_split0.csv,0,0.1901760476163222,0.10979819228470272,0.07671615334406404,0.044292091784387984,3
NaClFWater,NaCl/NaF/water,"BC S-loss, fixed kappa_D",0.005,298.15,F,NaF,neutral ion-pair NaF: mu_Na + mu_F,0.06,0.0325,0.0325,1.2373916106944152,kJ/mol,0.4991581523673633,0.012824660323417445,1.2373916106944152,0.6006195159201453,0.10146136355278199,0.0,0.0,NaClFWater/data/S0_NaClFWater_matrix_BC_s_loss_split0.csv,0,0.17175780549816794,0.09916441523978665,0.06928631817620373,0.040002474450189285,3
NaClFWater,NaCl/NaF/water,"BC S-loss, fixed kappa_D",0.005,298.15,F,NaF,neutral ion-pair NaF: mu_Na + mu_F,0.06,0.034999999999999996,0.034999999999999996,1.42286521650481,kJ/mol,0.5739773620573931,0.014746958788123266,1.42286521650481,0.6754387256101752,0.10146136355278199,0.0,0.0,NaClFWater/data/S0_NaClFWater_matrix_BC_s_loss_split0.csv,0,0.15582617211513175,0.08996628241746028,0.06285956967157495,0.03629198947102784,3
NaClFWater,NaCl/NaF/water,"BC S-loss, fixed kappa_D",0.005,298.15,F,NaF,neutral ion-pair NaF: mu_Na + mu_F,0.06,0.0375,0.0375,1.6091649896919915,kJ/mol,0.6491298439126607,0.016677819874303165,1.6091649896919915,0.7505912074654427,0.10146136355278199,0.0,0.0,NaClFWater/data/S0_NaClFWater_matrix_BC_s_loss_split0.csv,0,0.14802943392067566,0.08546483352209001,0.05971440091658983,0.03447612544369038,3
NaClFWater,NaCl/NaF/water,"BC S-loss, fixed kappa_D",0.005,298.15,F,NaF,neutral ion-pair NaF: mu_Na + mu_F,0.06,0.04,0.04,1.7955356792212622,kJ/mol,0.7243109330980443,0.018609415956575504,1.7955356792212622,0.8257722966508263,0.10146136355278199,0.0,0.0,NaClFWater/data/S0_NaClFWater_matrix_BC_s_loss_split0.csv,0,0.15769776552157735,0.09104684737448518,0.06361456194618716,0.03672788446401128,3
NaClFWater,NaCl/NaF/water,"BC S-loss, fixed kappa_D",0.005,298.15,F,NaF,neutral ion-pair NaF: mu_Na + mu_F,0.0625,0.0,0.0,-0.27734067917662697,kJ/mol,-0.11187796959155477,-0.0028744335855890313,-0.27734067917662697,-0.010416606038772784,0.10146136355278199,0.0,0.0,NaClFWater/data/S0_NaClFWater_matrix_BC_s_loss_split0.csv,0,0.28792068558080247,0.16623108532533792,0.11614589609364202,0.06705686437493454,3
NaClFWater,NaCl/NaF/water,"BC S-loss, fixed kappa_D",0.005,298.15,F,NaF,neutral ion-pair NaF: mu_Na + mu_F,0.0625,0.0025,0.0025,-0.0543733704712452,kJ/mol,-0.02193397054565581,-0.0005635402736743342,-0.0543733704712452,0.07952739300712618,0.10146136355278199,0.0,0.0,NaClFWater/data/S0_NaClFWater_matrix_BC_s_loss_split0.csv,0,0.1787514068161823,0.10320217284334715,0.07210750516512708,0.04163128751767845,3
NaClFWater,NaCl/NaF/water,"BC S-loss, fixed kappa_D",0.005,298.15,F,NaF,neutral ion-pair NaF: mu_Na + mu_F,0.0625,0.005,0.005,0.09252791240677904,kJ/mol,0.03732533936726609,0.0009589842348987082,0.09252791240677904,0.13878670292004808,0.10146136355278199,0.0,0.0,NaClFWater/data/S0_NaClFWater_matrix_BC_s_loss_split0.csv,0,0.21442181151752834,0.1237964905997722,0.0864967843157493,0.049938941708734856,3
NaClFWater,NaCl/NaF/water,"BC S-loss, fixed kappa_D",0.005,298.15,F,NaF,neutral ion-pair NaF: mu_Na + mu_F,0.0625,0.0075,0.0075,0.19198785909669347,kJ/mol,0.07744702986137977,0.0019898139423730754,0.19198785909669347,0.17890839341416176,0.10146136355278199,0.0,0.0,NaClFWater/data/S0_NaClFWater_matrix_BC_s_loss_split0.csv,0,0.27217735661963355,0.15714167011166622,0.10979510873703584,0.06339023558503187,3
NaClFWater,NaCl/NaF/water,"BC S-loss, fixed kappa_D",0.005,298.15,F,NaF,neutral ion-pair NaF: mu_Na + mu_F,0.0625,0.01,0.01,0.26768157763271555,kJ/mol,0.10798153192500085,0.002774324052552402,0.26768157763271555,0.20944289547778283,0.10146136355278199,0.0,0.0,NaClFWater/data/S0_NaClFWater_matrix_BC_s_loss_split0.csv,0,0.3080954440431319,0.1778789875543995,0.12428430197216801,0.07175557519967594,3
NaClFWater,NaCl/NaF/water,"BC S-loss, fixed kappa_D",0.005,298.15,F,NaF,neutral ion-pair NaF: mu_Na + mu_F,0.0625,0.0125,0.0125,0.3381973086214372,kJ/mol,0.13642725734365888,0.0035051681035156435,0.3381973086214372,0.23788862089644086,0.10146136355278199,0.0,0.0,NaClFWater/data/S0_NaClFWater_matrix_BC_s_loss_split0.csv,0,0.3210542674659778,0.18536076774596041,0.12951183244893652,0.07477369132763521,3
NaClFWater,NaCl/NaF/water,"BC S-loss, fixed kappa_D",0.005,298.15,F,NaF,neutral ion-pair NaF: mu_Na + mu_F,0.0625,0.015,0.015,0.41712273920107196,kJ/mol,0.16826541735899966,0.004323172548765798,0.41712273920107196,0.26972678091178165,0.10146136355278199,0.0,0.0,NaClFWater/data/S0_NaClFWater_matrix_BC_s_loss_split0.csv,0,0.3167385749856605,0.18286910153070957,0.12777090171525227,0.07376856449990211,3
NaClFWater,NaCl/NaF/water,"BC S-loss, fixed kappa_D",0.005,298.15,F,NaF,neutral ion-pair NaF: mu_Na + mu_F,0.0625,0.0175,0.0175,0.5133391157872484,kJ/mol,0.20707866641382863,0.005320385021036601,0.5133391157872484,0.3085400299666106,0.10146136355278199,0.0,0.0,NaClFWater/data/S0_NaClFWater_matrix_BC_s_loss_split0.csv,0,0.30110298969853844,0.1738418921562523,0.1214635776671102,0.07012702926284109,3
NaClFWater,NaCl/NaF/water,"BC S-loss, fixed kappa_D",0.005,298.15,F,NaF,neutral ion-pair NaF: mu_Na + mu_F,0.0625,0.02,0.02,0.631499449785099,kJ/mol,0.2547440081631379,0.006545030585243694,0.631499449785099,0.3562053717159199,0.10146136355278199,0.0,0.0,NaClFWater/data/S0_NaClFWater_matrix_BC_s_loss_split0.csv,0,0.2790149721157405,0.16108936925895873,0.11255337175428694,0.06498271948053759,3
NaClFWater,NaCl/NaF/water,"BC S-loss, fixed kappa_D",0.005,298.15,F,NaF,neutral ion-pair NaF: mu_Na + mu_F,0.0625,0.0225,0.0225,0.7726603562823048,kJ/mol,0.3116876763314592,0.008008060285078498,0.7726603562823048,0.41314903988424123,0.10146136355278199,0.0,0.0,NaClFWater/data/S0_NaClFWater_matrix_BC_s_loss_split0.csv,0,0.2539804347447907,0.1466356723688031,0.10245455314952669,0.059152163840582056,3
NaClFWater,NaCl/NaF/water,"BC S-loss, fixed kappa_D",0.005,298.15,F,NaF,neutral ion-pair NaF: mu_Na + mu_F,0.0625,0.025,0.025,0.935031755546626,kJ/mol,0.3771875608899119,0.009690921251490181,0.935031755546626,0.47864892444269386,0.10146136355278199,0.0,0.0,NaClFWater/data/S0_NaClFWater_matrix_BC_s_loss_split0.csv,0,0.22822419452277212,0.131765300143308,0.09206460289445925,0.05315352326395205,3
NaClFWater,NaCl/NaF/water,"BC S-loss, fixed kappa_D",0.005,298.15,F,NaF,neutral ion-pair NaF: mu_Na + mu_F,0.0625,0.0275,0.0275,1.1148049886486602,kJ/mol,0.449707266135012,0.01155413951630635,1.1148049886486602,0.551168629687794,0.10146136355278199,0.0,0.0,NaClFWater/data/S0_NaClFWater_matrix_BC_s_loss_split0.csv,0,0.20298043507505814,0.11719080883081218,0.08188138505475223,0.04727423970298061,3
NaClFWater,NaCl/NaF/water,"BC S-loss, fixed kappa_D",0.005,298.15,F,NaF,neutral ion-pair NaF: mu_Na + mu_F,0.0625,0.03,0.03,1.307017960847865,kJ/mol,0.5272451055989074,0.013546286591576973,1.307017960847865,0.6287064691516894,0.10146136355278199,0.0,0.0,NaClFWater/data/S0_NaClFWater_matrix_BC_s_loss_split0.csv,0,0.17898925097743076,0.10333949223386914,0.0722034504188803,0.041686681535760335,3
NaClFWater,NaCl/NaF/water,"BC S-loss, fixed kappa_D",0.005,298.15,F,NaF,neutral ion-pair NaF: mu_Na + mu_F,0.0625,0.0325,0.0325,1.506415804140083,kJ/mol,0.6076812894097258,0.015612899608299813,1.506415804140083,0.7091426529625078,0.10146136355278199,0.0,0.0,NaClFWater/data/S0_NaClFWater_matrix_BC_s_loss_split0.csv,0,0.15725702961932045,0.09079238838267562,0.06343677108616266,0.03662523686311668,3
NaClFWater,NaCl/NaF/water,"BC S-loss, fixed kappa_D",0.005,298.15,F,NaF,neutral ion-pair NaF: mu_Na + mu_F,0.0625,0.034999999999999996,0.034999999999999996,1.7082671736069575,kJ/mol,0.6891072145292306,0.017704941631905058,1.7082671736069575,0.7905685780820126,0.10146136355278199,0.0,0.0,NaClFWater/data/S0_NaClFWater_matrix_BC_s_loss_split0.csv,0,0.14017754324165518,0.08093154232491002,0.05654698389997459,0.032647416376511765,3
NaClFWater,NaCl/NaF/water,"BC S-loss, fixed kappa_D",0.005,298.15,F,NaF,neutral ion-pair NaF: mu_Na + mu_F,0.0625,0.0375,0.0375,1.9090995734201248,kJ/mol,0.7701220919211876,0.019786422779247914,1.9090995734201248,0.8715834554739696,0.10146136355278199,0.0,0.0,NaClFWater/data/S0_NaClFWater_matrix_BC_s_loss_split0.csv,0,0.13277100389826826,0.07665537484124203,0.053559219588233,0.030922429846852603,3
NaClFWater,NaCl/NaF/water,"BC S-loss, fixed kappa_D",0.005,298.15,F,NaF,neutral ion-pair NaF: mu_Na + mu_F,0.0625,0.04,0.04,2.1073218664029763,kJ/mol,0.8500840640795535,0.021840852075570183,2.1073218664029763,0.9515454276323355,0.10146136355278199,0.0,0.0,NaClFWater/data/S0_NaClFWater_matrix_BC_s_loss_split0.csv,0,0.14211664914682975,0.08205108564124976,0.05732921040976033,0.03309903506250382,3
NaClFWater,NaCl/NaF/water,"BC S-loss, fixed kappa_D",0.005,298.15,F,NaF,neutral ion-pair NaF: mu_Na + mu_F,0.065,0.0,0.0,-0.15947425920264782,kJ/mol,-0.0643311914237685,-0.0016528342255810458,-0.15947425920264782,0.03713017212901349,0.10146136355278199,0.0,0.0,NaClFWater/data/S0_NaClFWater_matrix_BC_s_loss_split0.csv,0,0.30450776278121355,0.17580763881206435,0.12283704765550334,0.07092000253036375,3
NaClFWater,NaCl/NaF/water,"BC S-loss, fixed kappa_D",0.005,298.15,F,NaF,neutral ion-pair NaF: mu_Na + mu_F,0.065,0.0025,0.0025,0.08275106489039938,kJ/mol,0.033381403510520796,0.0008576543508524993,0.08275106489039938,0.13484276706330278,0.10146136355278199,0.0,0.0,NaClFWater/data/S0_NaClFWater_matrix_BC_s_loss_split0.csv,0,0.17185298355850565,0.09921936631854357,0.0693247125732026,0.040024641465631956,3
NaClFWater,NaCl/NaF/water,"BC S-loss, fixed kappa_D",0.005,298.15,F,NaF,neutral ion-pair NaF: mu_Na + mu_F,0.065,0.005,0.005,0.2427408049493012,kJ/mol,0.09792053756907418,0.002515831159030313,0.2427408049493012,0.19938190112185616,0.10146136355278199,0.0,0.0,NaClFWater/data/S0_NaClFWater_matrix_BC_s_loss_split0.csv,0,0.21351887866454047,0.1232751820740395,0.08613254530627655,0.04972864821856641,3
NaClFWater,NaCl/NaF/water,"BC S-loss, fixed kappa_D",0.005,298.15,F,NaF,neutral ion-pair NaF: mu_Na + mu_F,0.065,0.0075,0.0075,0.3513671514161905,kJ/mol,0.1417399120760669,0.0036416639055687483,0.3513671514161905,0.24320127562884888,0.10146136355278199,0.0,0.0,NaClFWater/data/S0_NaClFWater_matrix_BC_s_loss_split0.csv,0,0.28239525461176757,0.16304097626797692,0.11391696235132494,0.06576998887880192,3
NaClFWater,NaCl/NaF/water,"BC S-loss, fixed kappa_D",0.005,298.15,F,NaF,neutral ion-pair NaF: mu_Na + mu_F,0.065,0.01,0.01,0.4342382139306773,kJ/mol,0.17516972208280948,0.004500561944155379,0.4342382139306773,0.27663108563559147,0.10146136355278199,0.0,0.0,NaClFWater/data/S0_NaClFWater_matrix_BC_s_loss_split0.csv,0,0.3249921531959402,0.1876343071321922,0.1311003576564888,0.07569082678383003,3
NaClFWater,NaCl/NaF/water,"BC S-loss, fixed kappa_D",0.005,298.15,F,NaF,neutral ion-pair NaF: mu_Na + mu_F,0.065,0.0125,0.0125,0.511523701332547,kJ/mol,0.20634633647304193,0.0053015695760905155,0.511523701332547,0.3078077000258239,0.10146136355278199,0.0,0.0,NaClFWater/data/S0_NaClFWater_matrix_BC_s_loss_split0.csv,0,0.3405964621634563,0.1966434591151057,0.1373950649794386,0.07932507775120501,3
NaClFWater,NaCl/NaF/water,"BC S-loss, fixed kappa_D",0.005,298.15,F,NaF,neutral ion-pair NaF: mu_Na + mu_F,0.065,0.015,0.015,0.5980192122431964,kJ/mol,0.2412382324913133,0.006198032375209549,0.5980192122431964,0.3426995960440953,0.10146136355278199,0.0,0.0,NaClFWater/data/S0_NaClFWater_matrix_BC_s_loss_split0.csv,0,0.33572841606059844,0.1938328913871932,0.13543131730461969,0.0781913075025278,3
NaClFWater,NaCl/NaF/water,"BC S-loss, fixed kappa_D",0.005,298.15,F,NaF,neutral ion-pair NaF: mu_Na + mu_F,0.065,0.0175,0.0175,0.7034335184750204,kJ/mol,0.2837618845647548,0.007290574670605566,0.7034335184750204,0.3852232481175368,0.10146136355278199,0.0,0.0,NaClFWater/data/S0_NaClFWater_matrix_BC_s_loss_split0.csv,0,0.3171067746281026,0.18308168169338904,0.1279194317777121,0.07385431837144604,3
NaClFWater,NaCl/NaF/water,"BC S-loss, fixed kappa_D",0.005,298.15,F,NaF,neutral ion-pair NaF: mu_Na + mu_F,0.065,0.02,0.02,0.832874732092296,kJ/mol,0.3359778818860304,0.008632138313146244,0.832874732092296,0.43743924543881235,0.10146136355278199,0.0,0.0,NaClFWater/data/S0_NaClFWater_matrix_BC_s_loss_split0.csv,0,0.29031678363468166,0.1676144731817498,0.11711247115939197,0.06761491674933724,3
NaClFWater,NaCl/NaF/water,"BC S-loss, fixed kappa_D",0.005,298.15,F,NaF,neutral ion-pair NaF: mu_Na + mu_F,0.065,0.0225,0.0225,0.9875039750838093,kJ/mol,0.3983546157886406,0.010234757484226975,0.9875039750838093,0.49981597934142263,0.10146136355278199,0.0,0.0,NaClFWater/data/S0_NaClFWater_matrix_BC_s_loss_split0.csv,0,0.2595709162269216,0.14986333835741097,0.10470972797320142,0.060454189632100336,3
NaClFWater,NaCl/NaF/water,"BC S-loss, fixed kappa_D",0.005,298.15,F,NaF,neutral ion-pair NaF: mu_Na + mu_F,0.065,0.025,0.025,1.1653193513946718,kJ/mol,0.47008453050175814,0.012077683993311439,1.1653193513946718,0.5715458940545401,0.10146136355278199,0.0,0.0,NaClFWater/data/S0_NaClFWater_matrix_BC_s_loss_split0.csv,0,0.22780881310280582,0.13152547956867408,0.0918970399173661,0.053056780734021106,3
NaClFWater,NaCl/NaF/water,"BC S-loss, fixed kappa_D",0.005,298.15,F,NaF,neutral ion-pair NaF: mu_Na + mu_F,0.065,0.0275,0.0275,1.3620289211067635,kJ/mol,0.5494362769673445,0.014116435017740514,1.3620289211067635,0.6508976405201266,0.10146136355278199,0.0,0.0,NaClFWater/data/S0_NaClFWater_matrix_BC_s_loss_split0.csv,0,0.19697807124923639,0.11372534246019991,0.07946005876545209,0.04587628631805725,3
NaClFWater,NaCl/NaF/water,"BC S-loss, fixed kappa_D",0.005,298.15,F,NaF,neutral ion-pair NaF: mu_Na + mu_F,0.065,0.03,0.03,1.571969109307546,kJ/mol,0.6341251948040751,0.016292311739903195,1.571969109307546,0.7355865583568572,0.10146136355278199,0.0,0.0,NaClFWater/data/S0_NaClFWater_matrix_BC_s_loss_split0.csv,0,0.16847673113537304,0.09727008607319583,0.0679627476892553,0.03923831067325816,3
NaClFWater,NaCl/NaF/water,"BC S-loss, fixed kappa_D",0.005,298.15,F,NaF,neutral ion-pair NaF: mu_Na + mu_F,0.065,0.0325,0.0325,1.789024589503733,kJ/mol,0.7216843890959591,0.018541933266988053,1.789024589503733,0.8231457526487411,0.10146136355278199,0.0,0.0,NaClFWater/data/S0_NaClFWater_matrix_BC_s_loss_split0.csv,0,0.14379933506396142,0.08302258480846732,0.058007998261682674,0.033490933411533835,3
NaClFWater,NaCl/NaF/water,"BC S-loss, fixed kappa_D",0.005,298.15,F,NaF,neutral ion-pair NaF: mu_Na + mu_F,0.065,0.034999999999999996,0.034999999999999996,2.0075071899305703,kJ/mol,0.8098192772032696,0.020806345852975028,2.0075071899305703,0.9112806407560516,0.10146136355278199,0.0,0.0,NaClFWater/data/S0_NaClFWater_matrix_BC_s_loss_split0.csv,0,0.1254409273972904,0.07242335320022192,0.050602300039630184,0.029215251549494697,3
NaClFWater,NaCl/NaF/water,"BC S-loss, fixed kappa_D",0.005,298.15,F,NaF,neutral ion-pair NaF: mu_Na + mu_F,0.065,0.0375,0.0375,2.222954586571119,kJ/mol,0.8967297778968234,0.023039300768459725,2.222954586571119,0.9981911414496054,0.10146136355278199,0.0,0.0,NaClFWater/data/S0_NaClFWater_matrix_BC_s_loss_split0.csv,0,0.1177417243968201,0.06797821627535482,0.047496476538645464,0.027422103515145704,3
NaClFWater,NaCl/NaF/water,"BC S-loss, fixed kappa_D",0.005,298.15,F,NaF,neutral ion-pair NaF: mu_Na + mu_F,0.065,0.04,0.04,2.4328143851534225,kJ/mol,0.9813862669267942,0.025214344310938944,2.4328143851534225,1.0828476304795762,0.10146136355278199,0.0,0.0,NaClFWater/data/S0_NaClFWater_matrix_BC_s_loss_split0.csv,0,0.12609295631022072,0.07279980226862165,0.050865325539929,0.029367109392895958,3
NaClFWater,NaCl/NaF/water,"BC S-loss, fixed kappa_D",0.005,298.15,F,NaF,neutral ion-pair NaF: mu_Na + mu_F,0.0675,0.0,0.0,-0.03470423813508264,kJ/mol,-0.013999531948582833,-0.00035968408224107385,-0.03470423813508264,0.08746183160419915,0.10146136355278199,0.0,0.0,NaClFWater/data/S0_NaClFWater_matrix_BC_s_loss_split0.csv,0,0.30443580245803126,0.17576609250010408,0.1228080191881588,0.0709032429369282,3
NaClFWater,NaCl/NaF/water,"BC S-loss, fixed kappa_D",0.005,298.15,F,NaF,neutral ion-pair NaF: mu_Na + mu_F,0.0675,0.0025,0.0025,0.22921104716298307,kJ/mol,0.09246269476472019,0.0023756051009513612,0.22921104716298307,0.19392405831750217,0.10146136355278199,0.0,0.0,NaClFWater/data/S0_NaClFWater_matrix_BC_s_loss_split0.csv,0,0.15797011384641518,0.09120408775314363,0.06372442602272647,0.03679131451817552,3
NaClFWater,NaCl/NaF/water,"BC S-loss, fixed kappa_D",0.005,298.15,F,NaF,neutral ion-pair NaF: mu_Na + mu_F,0.0675,0.005,0.005,0.40407919261534647,kJ/mol,0.16300370994335414,0.0041879857146795985,0.40407919261534647,0.2644650734961361,0.10146136355278199,0.0,0.0,NaClFWater/data/S0_NaClFWater_matrix_BC_s_loss_split0.csv,0,0.2124035218495878,0.12263123051668408,0.0856826154359183,0.04946888108679862,3
NaClFWater,NaCl/NaF/water,"BC S-loss, fixed kappa_D",0.005,298.15,F,NaF,neutral ion-pair NaF: mu_Na + mu_F,0.0675,0.0075,0.0075,0.5231172969721773,kJ/mol,0.21102314026640576,0.005421728727583285,0.5231172969721773,0.31248450381918774,0.10146136355278199,0.0,0.0,NaClFWater/data/S0_NaClFWater_matrix_BC_s_loss_split0.csv,0,0.2917300948895499,0.1684304488151967,0.1176825944967436,0.0679440776116285,3
NaClFWater,NaCl/NaF/water,"BC S-loss, fixed kappa_D",0.005,298.15,F,NaF,neutral ion-pair NaF: mu_Na + mu_F,0.0675,0.01,0.01,0.6139694987669948,kJ/mol,0.24767250558815548,0.006363345445834057,0.6139694987669948,0.34913386914093747,0.10146136355278199,0.0,0.0,NaClFWater/data/S0_NaClFWater_matrix_BC_s_loss_split0.csv,0,0.33943967506544626,0.19597558777267451,0.13692842232117694,0.07905566148684227,3
NaClFWater,NaCl/NaF/water,"BC S-loss, fixed kappa_D",0.005,298.15,F,NaF,neutral ion-pair NaF: mu_Na + mu_F,0.0675,0.0125,0.0125,0.698490449341651,kJ/mol,0.2817678729403733,0.007239343369178642,0.698490449341651,0.38322923649315527,0.10146136355278199,0.0,0.0,NaClFWater/data/S0_NaClFWater_matrix_BC_s_loss_split0.csv,0,0.35667354055903366,0.205925564654575,0.1438804853411445,0.08306943694284379,3
NaClFWater,NaCl/NaF/water,"BC S-loss, fixed kappa_D",0.005,298.15,F,NaF,neutral ion-pair NaF: mu_Na + mu_F,0.0675,0.015,0.015,0.7927823791660216,kJ/mol,0.3198048089172323,0.008216610356271303,0.7927823791660216,0.42126617247001424,0.10146136355278199,0.0,0.0,NaClFWater/data/S0_NaClFWater_matrix_BC_s_loss_split0.csv,0,0.35092381200517975,0.20260595732624018,0.14156107097244278,0.08173032243271156,3
NaClFWater,NaCl/NaF/water,"BC S-loss, fixed kappa_D",0.005,298.15,F,NaF,neutral ion-pair NaF: mu_Na + mu_F,0.0675,0.0175,0.0175,0.9074705126020738,kJ/mol,0.36606948073949763,0.009405269097555902,0.9074705126020738,0.46753084429227965,0.10146136355278199,0.0,0.0,NaClFWater/data/S0_NaClFWater_matrix_BC_s_loss_split0.csv,0,0.3295853939000573,0.19028621588916694,0.13295325008232234,0.07676059472466444,3
NaClFWater,NaCl/NaF/water,"BC S-loss, fixed kappa_D",0.005,298.15,F,NaF,neutral ion-pair NaF: mu_Na + mu_F,0.0675,0.02,0.02,1.0481925293840615,kJ/mol,0.4228361027912557,0.010863750026032902,1.0481925293840615,0.5242974663440377,0.10146136355278199,0.0,0.0,NaClFWater/data/S0_NaClFWater_matrix_BC_s_loss_split0.csv,0,0.29882924658113585,0.17252914595535185,0.12054636002668687,0.0695974734112372,3
NaClFWater,NaCl/NaF/water,"BC S-loss, fixed kappa_D",0.005,298.15,F,NaF,neutral ion-pair NaF: mu_Na + mu_F,0.0675,0.0225,0.0225,1.2162699340178451,kJ/mol,0.49063776398452874,0.012605749570752776,1.2162699340178451,0.5920991275373108,0.10146136355278199,0.0,0.0,NaClFWater/data/S0_NaClFWater_matrix_BC_s_loss_split0.csv,0,0.26343221840862374,0.15209266221143922,0.1062673597254233,0.06135348874354394,3
NaClFWater,NaCl/NaF/water,"BC S-loss, fixed kappa_D",0.005,298.15,F,NaF,neutral ion-pair NaF: mu_Na + mu_F,0.0675,0.025,0.025,1.4095228815343286,kJ/mol,0.5685951247651956,0.01460867523064735,1.4095228815343286,0.6700564883179776,0.10146136355278199,0.0,0.0,NaClFWater/data/S0_NaClFWater_matrix_BC_s_loss_split0.csv,0,0.22689985250672673,0.13100069092384506,0.09153036934372362,0.05284508337962471,3
NaClFWater,NaCl/NaF/water,"BC S-loss, fixed kappa_D",0.005,298.15,F,NaF,neutral ion-pair NaF: mu_Na + mu_F,0.0675,0.0275,0.0275,1.623185451660206,kJ/mol,0.6547856345539625,0.016823131722844664,1.623185451660206,0.7562469981067446,0.10146136355278199,0.0,0.0,NaClFWater/data/S0_NaClFWater_matrix_BC_s_loss_split0.csv,0,0.1917378455657636,0.11069989675123251,0.07734617553920134,0.04465583526834594,3
NaClFWater,NaCl/NaF/water,"BC S-loss, fixed kappa_D",0.005,298.15,F,NaF,neutral ion-pair NaF: mu_Na + mu_F,0.0675,0.03,0.03,1.8508757127503126,kJ/mol,0.7466348511281712,0.019182974986847512,1.8508757127503126,0.8480962146809532,0.10146136355278199,0.0,0.0,NaClFWater/data/S0_NaClFWater_matrix_BC_s_loss_split0.csv,0,0.15984399278444741,0.09228597226244532,0.06448034027039404,0.03722774181255067,3
NaClFWater,NaCl/NaF/water,"BC S-loss, fixed kappa_D",0.005,298.15,F,NaF,neutral ion-pair NaF: mu_Na + mu_F,0.0675,0.0325,0.0325,2.085574268770722,kJ/mol,0.8413111820277244,0.021615454109337406,2.085574268770722,0.9427725455805064,0.10146136355278199,0.0,0.0,NaClFWater/data/S0_NaClFWater_matrix_BC_s_loss_split0.csv,0,0.1330459490401029,0.07681411449289265,0.05367013120894747,0.03098646470092836,3
NaClFWater,NaCl/NaF/water,"BC S-loss, fixed kappa_D",0.005,298.15,F,NaF,neutral ion-pair NaF: mu_Na + mu_F,0.0675,0.034999999999999996,0.034999999999999996,2.3205662791159596,kJ/mol,0.9361058910682959,0.024050974671581567,2.3205662791159596,1.037567254621078,0.10146136355278199,0.0,0.0,NaClFWater/data/S0_NaClFWater_matrix_BC_s_loss_split0.csv,0,0.1138278562261537,0.06571854343344787,0.04591763990536416,0.026510561759914304,3
NaClFWater,NaCl/NaF/water,"BC S-loss, fixed kappa_D",0.005,298.15,F,NaF,neutral ion-pair NaF: mu_Na + mu_F,0.0675,0.0375,0.0375,2.5503050964843643,kJ/mol,1.0287814859354056,0.02643204972525837,2.5503050964843643,1.1302428494881875,0.10146136355278199,0.0,0.0,NaClFWater/data/S0_NaClFWater_matrix_BC_s_loss_split0.csv,0,0.10600000346275727,0.06119913053332418,0.042759919674670265,0.024687451134697655,3
NaClFWater,NaCl/NaF/water,"BC S-loss, fixed kappa_D",0.005,298.15,F,NaF,neutral ion-pair NaF: mu_Na + mu_F,0.0675,0.04,0.04,2.7711605285589647,kJ/mol,1.117873563545974,0.028721054978291253,2.7711605285589647,1.219334927098756,0.10146136355278199,0.0,0.0,NaClFWater/data/S0_NaClFWater_matrix_BC_s_loss_split0.csv,0,0.11414553978707061,0.06590195812286036,0.04604579201010963,0.026584550412086315,3
NaClFWater,NaCl/NaF/water,"BC S-loss, fixed kappa_D",0.005,298.15,F,NaF,neutral ion-pair NaF: mu_Na + mu_F,0.07,0.0,0.0,0.0963990684019419,kJ/mol,0.03888694610305682,0.0009991059395133561,0.0963990684019419,0.1403483096558388,0.10146136355278199,0.0,0.0,NaClFWater/data/S0_NaClFWater_matrix_BC_s_loss_split0.csv,0,0.2841535647349237,0.16405613709089997,0.11462625666427967,0.066179500141321,3
NaClFWater,NaCl/NaF/water,"BC S-loss, fixed kappa_D",0.005,298.15,F,NaF,neutral ion-pair NaF: mu_Na + mu_F,0.07,0.0025,0.0025,0.38486403322583196,kJ/mol,0.1552524019698567,0.003988834621281967,0.38486403322583196,0.2567137655226387,0.10146136355278199,0.0,0.0,NaClFWater/data/S0_NaClFWater_matrix_BC_s_loss_split0.csv,0,0.13590786333336977,0.07846644148050791,0.054824614428741696,0.031653005898651464,3
NaClFWater,NaCl/NaF/water,"BC S-loss, fixed kappa_D",0.005,298.15,F,NaF,neutral ion-pair NaF: mu_Na + mu_F,0.07,0.005,0.005,0.5767914149555351,kJ/mol,0.23267503553623495,0.005978021759915465,0.5767914149555351,0.33413639908901693,0.10146136355278199,0.0,0.0,NaClFWater/data/S0_NaClFWater_matrix_BC_s_loss_split0.csv,0,0.2123187195681245,0.12258226989665336,0.0856484065809641,0.04944913059518215,3
NaClFWater,NaCl/NaF/water,"BC S-loss, fixed kappa_D",0.005,298.15,F,NaF,neutral ion-pair NaF: mu_Na + mu_F,0.07,0.0075,0.0075,0.7078250018148076,kJ/mol,0.2855333889867139,0.0073360891881293355,0.7078250018148076,0.3869947525394959,0.10146136355278199,0.0,0.0,NaClFWater/data/S0_NaClFWater_matrix_BC_s_loss_split0.csv,0,0.3004060637942645,0.1734395217978145,0.12118244092453995,0.06996471488883907,3
NaClFWater,NaCl/NaF/water,"BC S-loss, fixed kappa_D",0.005,298.15,F,NaF,neutral ion-pair NaF: mu_Na + mu_F,0.07,0.01,0.01,0.8077351426141225,kJ/mol,0.32583668573863056,0.008371584828751112,0.8077351426141225,0.4272980492914125,0.10146136355278199,0.0,0.0,NaClFWater/data/S0_NaClFWater_matrix_BC_s_loss_split0.csv,0,0.3511849066667043,0.20275670039935534,0.14166639537234435,0.08179113150334696,3
NaClFWater,NaCl/NaF/water,"BC S-loss, fixed kappa_D",0.005,298.15,F,NaF,neutral ion-pair NaF: mu_Na + mu_F,0.07,0.0125,0.0125,0.9001550526256887,kJ/mol,0.36311845743049,0.009329449697702332,0.9001550526256887,0.46457982098327194,0.10146136355278199,0.0,0.0,NaClFWater/data/S0_NaClFWater_matrix_BC_s_loss_split0.csv,0,0.3688906386162899,0.21297910950664795,0.14880880717624137,0.08591480488099007,3
NaClFWater,NaCl/NaF/water,"BC S-loss, fixed kappa_D",0.005,298.15,F,NaF,neutral ion-pair NaF: mu_Na + mu_F,0.07,0.015,0.015,1.002585563296828,kJ/mol,0.40443845993475624,0.010391067131308773,1.002585563296828,0.5058998234875383,0.10146136355278199,0.0,0.0,NaClFWater/data/S0_NaClFWater_matrix_BC_s_loss_split0.csv,0,0.3619844797954733,0.20899183685238318,0.1460228940933009,0.0843063572126155,3
NaClFWater,NaCl/NaF/water,"BC S-loss, fixed kappa_D",0.005,298.15,F,NaF,neutral ion-pair NaF: mu_Na + mu_F,0.07,0.0175,0.0175,1.1266536374731224,kJ/mol,0.4544869572240353,0.011676942107783361,1.1266536374731224,0.5559483207768173,0.10146136355278199,0.0,0.0,NaClFWater/data/S0_NaClFWater_matrix_BC_s_loss_split0.csv,0,0.3383694868993458,0.19535771434689286,0.13649671327849458,0.07880641415483802,3
NaClFWater,NaCl/NaF/water,"BC S-loss, fixed kappa_D",0.005,298.15,F,NaF,neutral ion-pair NaF: mu_Na + mu_F,0.07,0.02,0.02,1.2786003562021204,kJ/mol,0.5157815730300098,0.01325175887404839,1.2786003562021204,0.6172429365827918,0.10146136355278199,0.0,0.0,NaClFWater/data/S0_NaClFWater_matrix_BC_s_loss_split0.csv,0,0.30461615793453267,0.175870220783012,0.1228807737677452,0.0709452478130372,3
NaClFWater,NaCl/NaF/water,"BC S-loss, fixed kappa_D",0.005,298.15,F,NaF,neutral ion-pair NaF: mu_Na + mu_F,0.07,0.0225,0.0225,1.459965677409562,kJ/mol,0.5889435193815089,0.01513147796930525,1.459965677409562,0.6904048829342909,0.10146136355278199,0.0,0.0,NaClFWater/data/S0_NaClFWater_matrix_BC_s_loss_split0.csv,0,0.2658915763035517,0.15351257315410952,0.10725945352356477,0.06192627436496227,3
NaClFWater,NaCl/NaF/water,"BC S-loss, fixed kappa_D",0.005,298.15,F,NaF,neutral ion-pair NaF: mu_Na + mu_F,0.07,0.025,0.025,1.6684304332902418,kJ/mol,0.6730372545254846,0.017292062913043083,1.6684304332902418,0.7744986180782666,0.10146136355278199,0.0,0.0,NaClFWater/data/S0_NaClFWater_matrix_BC_s_loss_split0.csv,0,0.2261109822903885,0.13054523649208652,0.09121214268351209,0.052661355131688264,3
NaClFWater,NaCl/NaF/water,"BC S-loss, fixed kappa_D",0.005,298.15,F,NaF,neutral ion-pair NaF: mu_Na + mu_F,0.07,0.0275,0.0275,1.8987709979011065,kJ/mol,0.7659555914955328,0.019679374637405544,1.8987709979011065,0.8674169550483148,0.10146136355278199,0.0,0.0,NaClFWater/data/S0_NaClFWater_matrix_BC_s_loss_split0.csv,0,0.18820002560333376,0.10865733544357922,0.07591903504415327,0.043831875319358525,3
NaClFWater,NaCl/NaF/water,"BC S-loss, fixed kappa_D",0.005,298.15,F,NaF,neutral ion-pair NaF: mu_Na + mu_F,0.07,0.03,0.03,2.143879018789831,kJ/mol,0.8648310532166417,0.02221974026076623,2.143879018789831,0.9662924167694237,0.10146136355278199,0.0,0.0,NaClFWater/data/S0_NaClFWater_matrix_BC_s_loss_split0.csv,0,0.15443624778396114,0.08916380923070572,0.062298880512959884,0.03596827543436972,3
NaClFWater,NaCl/NaF/water,"BC S-loss, fixed kappa_D",0.005,298.15,F,NaF,neutral ion-pair NaF: mu_Na + mu_F,0.07,0.0325,0.0325,2.3957976278937476,kJ/mol,0.9664538752727073,0.024830692656905736,2.3957976278937476,1.0679152388254893,0.10146136355278199,0.0,0.0,NaClFWater/data/S0_NaClFWater_matrix_BC_s_loss_split0.csv,0,0.12688470108829497,0.07325691632937231,0.051184711785281216,0.029551507127625522,3
NaClFWater,NaCl/NaF/water,"BC S-loss, fixed kappa_D",0.005,298.15,F,NaF,neutral ion-pair NaF: mu_Na + mu_F,0.07,0.034999999999999996,0.034999999999999996,2.6467266241108245,kJ/mol,1.067677491987566,0.027431388438230897,2.6467266241108245,1.169138855540348,0.10146136355278199,0.0,0.0,NaClFWater/data/S0_NaClFWater_matrix_BC_s_loss_split0.csv,0,0.10799600401020762,0.06235152198669728,0.04356509722458942,0.025152320609888923,3
NaClFWater,NaCl/NaF/water,"BC S-loss, fixed kappa_D",0.005,298.15,F,NaF,neutral ion-pair NaF: mu_Na + mu_F,0.07,0.0375,0.0375,2.889952184549826,kJ/mol,1.1657935777181903,0.029952243733873733,2.889952184549826,1.2672549412709722,0.10146136355278199,0.0,0.0,NaClFWater/data/S0_NaClFWater_matrix_BC_s_loss_split0.csv,0,0.1013035568373604,0.05848763580991659,0.040865394449216816,0.02359364648579557,3
NaClFWater,NaCl/NaF/water,"BC S-loss, fixed kappa_D",0.005,298.15,F,NaF,neutral ion-pair NaF: mu_Na + mu_F,0.07,0.04,0.04,3.1206614536196695,kJ/mol,1.258860648391395,0.03234337681067245,3.1206614536196695,1.360322011944177,0.10146136355278199,0.0,0.0,NaClFWater/data/S0_NaClFWater_matrix_BC_s_loss_split0.csv,0,0.11140207029340252,0.06431801527217756,0.04493908888419536,0.02594559506442671,3
NaClFWater,NaCl/NaF/water,"BC S-loss, fixed kappa_D",0.005,298.15,F,NaF,neutral ion-pair NaF: mu_Na + mu_F,0.07250000000000001,0.0,0.0,0.23324737099433548,kJ/mol,0.09409092945501646,0.00241743864955879,0.23324737099433548,0.19555229300779844,0.10146136355278199,0.0,0.0,NaClFWater/data/S0_NaClFWater_matrix_BC_s_loss_split0.csv,0,0.24169279796848575,0.1395414019682991,0.09749777631573225,0.05629036740127794,3
NaClFWater,NaCl/NaF/water,"BC S-loss, fixed kappa_D",0.005,298.15,F,NaF,neutral ion-pair NaF: mu_Na + mu_F,0.07250000000000001,0.0025,0.0025,0.5494696766107647,kJ/mol,0.2216535704529323,0.005694851896237196,0.5494696766107647,0.3231149340057143,0.10146136355278199,0.0,0.0,NaClFWater/data/S0_NaClFWater_matrix_BC_s_loss_split0.csv,0,0.10862019131279828,0.06271189669387274,0.043816891545804794,0.025297694129023038,3
NaClFWater,NaCl/NaF/water,"BC S-loss, fixed kappa_D",0.005,298.15,F,NaF,neutral ion-pair NaF: mu_Na + mu_F,0.07250000000000001,0.005,0.005,0.7609584773833414,kJ/mol,0.30696719156337904,0.007886778856686762,0.7609584773833414,0.408428555116161,0.10146136355278199,0.0,0.0,NaClFWater/data/S0_NaClFWater_matrix_BC_s_loss_split0.csv,0,0.2157437001305949,0.12455968334636487,0.08703002817487279,0.05024681019434352,3
NaClFWater,NaCl/NaF/water,"BC S-loss, fixed kappa_D",0.005,298.15,F,NaF,neutral ion-pair NaF: mu_Na + mu_F,0.07250000000000001,0.0075,0.0075,0.9058479155506981,kJ/mol,0.36541493246294443,0.009388452064172272,0.9058479155506981,0.4668762960157264,0.10146136355278199,0.0,0.0,NaClFWater/data/S0_NaClFWater_matrix_BC_s_loss_split0.csv,0,0.3089551310098432,0.17837532805604905,0.1246310957876498,0.07195579670239766,3
NaClFWater,NaCl/NaF/water,"BC S-loss, fixed kappa_D",0.005,298.15,F,NaF,neutral ion-pair NaF: mu_Na + mu_F,0.07250000000000001,0.01,0.01,1.016109460933624,kJ/mol,0.40989393878142477,0.010531232453217852,1.016109460933624,0.5113553023342068,0.10146136355278199,0.0,0.0,NaClFWater/data/S0_NaClFWater_matrix_BC_s_loss_split0.csv,0,0.3601604392722995,0.207938726565316,0.14528708443569405,0.08388153730872384,3
NaClFWater,NaCl/NaF/water,"BC S-loss, fixed kappa_D",0.005,298.15,F,NaF,neutral ion-pair NaF: mu_Na + mu_F,0.07250000000000001,0.0125,0.0125,1.1172363969685415,kJ/mol,0.450688085201598,0.011579339287777655,1.1172363969685415,0.55214944875438,0.10146136355278199,0.0,0.0,NaClFWater/data/S0_NaClFWater_matrix_BC_s_loss_split0.csv,0,0.37703278610571433,0.21767998055144877,0.15209331247108723,0.08781111489712408,3
NaClFWater,NaCl/NaF/water,"BC S-loss, fixed kappa_D",0.005,298.15,F,NaF,neutral ion-pair NaF: mu_Na + mu_F,0.07250000000000001,0.015,0.015,1.2282113542411786,kJ/mol,0.4954548786342525,0.012729513670024062,1.2282113542411786,0.5969162421870345,0.10146136355278199,0.0,0.0,NaClFWater/data/S0_NaClFWater_matrix_BC_s_loss_split0.csv,0,0.3687653463975861,0.21290677201045197,0.1487582648646129,0.08588562426376592,3
NaClFWater,NaCl/NaF/water,"BC S-loss, fixed kappa_D",0.005,298.15,F,NaF,neutral ion-pair NaF: mu_Na + mu_F,0.07250000000000001,0.0175,0.0175,1.3617429885435566,kJ/mol,0.5493209330707813,0.01411347153555198,1.3617429885435566,0.6507822966235633,0.10146136355278199,0.0,0.0,NaClFWater/data/S0_NaClFWater_matrix_BC_s_loss_split0.csv,0,0.3434989602811332,0.19831921718466883,0.1385659195295647,0.08000107094090221,3
NaClFWater,NaCl/NaF/water,"BC S-loss, fixed kappa_D",0.005,298.15,F,NaF,neutral ion-pair NaF: mu_Na + mu_F,0.07250000000000001,0.02,0.02,1.5247477032999344,kJ/mol,0.6150762942205964,0.015802896354500714,1.5247477032999344,0.7165376577733784,0.10146136355278199,0.0,0.0,NaClFWater/data/S0_NaClFWater_matrix_BC_s_loss_split0.csv,0,0.3079538551648658,0.1777972411774183,0.12422718566213313,0.07172259908270219,3
NaClFWater,NaCl/NaF/water,"BC S-loss, fixed kappa_D",0.005,298.15,F,NaF,neutral ion-pair NaF: mu_Na + mu_F,0.07250000000000001,0.0225,0.0225,1.719043356504799,kJ/mol,0.693454277737329,0.017816628897321607,1.719043356504799,0.794915641290111,0.10146136355278199,0.0,0.0,NaClFWater/data/S0_NaClFWater_matrix_BC_s_loss_split0.csv,0,0.2674707006900824,0.15442428104375688,0.10789646512468322,0.06229405318434493,3
NaClFWater,NaCl/NaF/water,"BC S-loss, fixed kappa_D",0.005,298.15,F,NaF,neutral ion-pair NaF: mu_Na + mu_F,0.07250000000000001,0.025,0.025,1.9422145174307848,kJ/mol,0.7834805098426033,0.020129634988620637,1.9422145174307848,0.8849418733953853,0.10146136355278199,0.0,0.0,NaClFWater/data/S0_NaClFWater_matrix_BC_s_loss_split0.csv,0,0.2261952918106254,0.13059391261629053,0.09124615276082694,0.052680990858981154,3
NaClFWater,NaCl/NaF/water,"BC S-loss, fixed kappa_D",0.005,298.15,F,NaF,neutral ion-pair NaF: mu_Na + mu_F,0.07250000000000001,0.0275,0.0275,2.188603315328614,kJ/mol,0.8828726311886311,0.022683274930273,2.188603315328614,0.9843339947414131,0.10146136355278199,0.0,0.0,NaClFWater/data/S0_NaClFWater_matrix_BC_s_loss_split0.csv,0,0.1873325589019522,0.10815650331002352,0.07556910291906081,0.0436298419127383,3
NaClFWater,NaCl/NaF/water,"BC S-loss, fixed kappa_D",0.005,298.15,F,NaF,neutral ion-pair NaF: mu_Na + mu_F,0.07250000000000001,0.03,0.03,2.45037645445629,kJ/mol,0.9884707258718871,0.02539636233291276,2.45037645445629,1.0899320894246691,0.10146136355278199,0.0,0.0,NaClFWater/data/S0_NaClFWater_matrix_BC_s_loss_split0.csv,0,0.15343565223258848,0.08858611511977077,0.06189524481479166,0.03573523625537776,3
NaClFWater,NaCl/NaF/water,"BC S-loss, fixed kappa_D",0.005,298.15,F,NaF,neutral ion-pair NaF: mu_Na + mu_F,0.07250000000000001,0.0325,0.0325,2.718617642950958,kJ/mol,1.0966780022754206,0.028176486343340912,2.718617642950958,1.1981393658282025,0.10146136355278199,0.0,0.0,NaClFWater/data/S0_NaClFWater_matrix_BC_s_loss_split0.csv,0,0.12673788533500607,0.07317215221468969,0.051125486977615785,0.029517313668977183,3
NaClFWater,NaCl/NaF/water,"BC S-loss, fixed kappa_D",0.005,298.15,F,NaF,neutral ion-pair NaF: mu_Na + mu_F,0.07250000000000001,0.034999999999999996,0.034999999999999996,2.9843955156782886,kJ/mol,1.2038915882930694,0.03093107988490829,2.9843955156782886,1.3053529518458513,0.10146136355278199,0.0,0.0,NaClFWater/data/S0_NaClFWater_matrix_BC_s_loss_split0.csv,0,0.1096493222825803,0.06330606573630777,0.04423203830207871,0.025537379220510983,3
NaClFWater,NaCl/NaF/water,"BC S-loss, fixed kappa_D",0.005,298.15,F,NaF,neutral ion-pair NaF: mu_Na + mu_F,0.07250000000000001,0.0375,0.0375,3.2397600137891853,kJ/mol,1.3069044663145395,0.03357774640392109,3.2397600137891853,1.4083658298673214,0.10146136355278199,0.0,0.0,NaClFWater/data/S0_NaClFWater_matrix_BC_s_loss_split0.csv,0,0.10559174690423329,0.06096342349936192,0.04259523083430363,0.02459236798837945,3
NaClFWater,NaCl/NaF/water,"BC S-loss, fixed kappa_D",0.005,298.15,F,NaF,neutral ion-pair NaF: mu_Na + mu_F,0.07250000000000001,0.04,0.04,3.478624956171465,kJ/mol,1.4032614985381244,0.03605340707815685,3.478624956171465,1.5047228620909063,0.10146136355278199,0.0,0.0,NaClFWater/data/S0_NaClFWater_matrix_BC_s_loss_split0.csv,0,0.11956387056172516,0.0690302328541656,0.04823152202073576,0.027846482222097155,3
NaClFWater,NaCl/NaF/water,"BC S-loss, fixed kappa_D",0.005,298.15,F,NaF,neutral ion-pair NaF: mu_Na + mu_F,0.07500000000000001,0.0,0.0,0.3752476486630268,kJ/mol,0.1513731961393516,0.003889167818556416,0.3752476486630268,0.2528345596921336,0.10146136355278199,0.0,0.0,NaClFWater/data/S0_NaClFWater_matrix_BC_s_loss_split0.csv,0,0.1769400253349937,0.10215637125757782,0.07137680210752743,0.04120941591067562,3
NaClFWater,NaCl/NaF/water,"BC S-loss, fixed kappa_D",0.005,298.15,F,NaF,neutral ion-pair NaF: mu_Na + mu_F,0.07500000000000001,0.0025,0.0025,0.722668642021863,kJ/mol,0.2915212459885903,0.007489932677913202,0.722668642021863,0.3929826095413723,0.10146136355278199,0.0,0.0,NaClFWater/data/S0_NaClFWater_matrix_BC_s_loss_split0.csv,0,0.09044114306947165,0.05221621829697692,0.03648354610002171,0.021063785161839658,3
NaClFWater,NaCl/NaF/water,"BC S-loss, fixed kappa_D",0.005,298.15,F,NaF,neutral ion-pair NaF: mu_Na + mu_F,0.07500000000000001,0.005,0.005,0.9564406957455819,kJ/mol,0.3858238300721937,0.009912809280763213,0.9564406957455819,0.48728519362497563,0.10146136355278199,0.0,0.0,NaClFWater/data/S0_NaClFWater_matrix_BC_s_loss_split0.csv,0,0.22592924313487917,0.1304403093417309,0.09113882993410216,0.05261902799608141,3
NaClFWater,NaCl/NaF/water,"BC S-loss, fixed kappa_D",0.005,298.15,F,NaF,neutral ion-pair NaF: mu_Na + mu_F,0.07500000000000001,0.0075,0.0075,1.1172318853616854,kJ/mol,0.4506862652398954,0.011579292528267615,1.1172318853616854,0.5521476287926774,0.10146136355278199,0.0,0.0,NaClFWater/data/S0_NaClFWater_matrix_BC_s_loss_split0.csv,0,0.3180989667419258,0.18365452407739266,0.12831967756736273,0.07408540038584287,3
NaClFWater,NaCl/NaF/water,"BC S-loss, fixed kappa_D",0.005,298.15,F,NaF,neutral ion-pair NaF: mu_Na + mu_F,0.07500000000000001,0.01,0.01,1.2392724666317532,kJ/mol,0.49991688110484345,0.012844154021536268,1.2392724666317532,0.6013782446576255,0.10146136355278199,0.0,0.0,NaClFWater/data/S0_NaClFWater_matrix_BC_s_loss_split0.csv,0,0.3664448225753666,0.21156701695703256,0.14782217610046366,0.08534517316379897,3
NaClFWater,NaCl/NaF/water,"BC S-loss, fixed kappa_D",0.005,298.15,F,NaF,neutral ion-pair NaF: mu_Na + mu_F,0.07500000000000001,0.0125,0.0125,1.3499832811427162,kJ/mol,0.5445771205478485,0.013991590756972982,1.3499832811427162,0.6460384841006305,0.10146136355278199,0.0,0.0,NaClFWater/data/S0_NaClFWater_matrix_BC_s_loss_split0.csv,0,0.38104390985399167,0.21999580392726958,0.15371138156239408,0.0887453075225575,3
NaClFWater,NaCl/NaF/water,"BC S-loss, fixed kappa_D",0.005,298.15,F,NaF,neutral ion-pair NaF: mu_Na + mu_F,0.07500000000000001,0.015,0.015,1.469901468103523,kJ/mol,0.5929515721937655,0.015234455183303908,1.469901468103523,0.6944129357465475,0.10146136355278199,0.0,0.0,NaClFWater/data/S0_NaClFWater_matrix_BC_s_loss_split0.csv,0,0.37129836646811865,0.21436921183003663,0.14978007364963197,0.086475565840857,3
NaClFWater,NaCl/NaF/water,"BC S-loss, fixed kappa_D",0.005,298.15,F,NaF,neutral ion-pair NaF: mu_Na + mu_F,0.07500000000000001,0.0175,0.0175,1.6128905280449641,kJ/mol,0.6506327091533585,0.016716432358407474,1.6128905280449641,0.7520940727061405,0.10146136355278199,0.0,0.0,NaClFWater/data/S0_NaClFWater_matrix_BC_s_loss_split0.csv,0,0.3452010791324938,0.19930193596169463,0.1392525465388411,0.0803974952295408,3
NaClFWater,NaCl/NaF/water,"BC S-loss, fixed kappa_D",0.005,298.15,F,NaF,neutral ion-pair NaF: mu_Na + mu_F,0.07500000000000001,0.02,0.02,1.7866110396335995,kJ/mol,0.7207107740468428,0.018516918585305575,1.7866110396335995,0.8221721375996248,0.10146136355278199,0.0,0.0,NaClFWater/data/S0_NaClFWater_matrix_BC_s_loss_split0.csv,0,0.30930112909163043,0.17857509014170803,0.12477066984143759,0.07203637981992392,3
NaClFWater,NaCl/NaF/water,"BC S-loss, fixed kappa_D",0.005,298.15,F,NaF,neutral ion-pair NaF: mu_Na + mu_F,0.07500000000000001,0.0225,0.0225,1.9932188015973549,kJ/mol,0.8040554062839309,0.020658257143338687,1.9932188015973549,0.9055167698367129,0.10146136355278199,0.0,0.0,NaClFWater/data/S0_NaClFWater_matrix_BC_s_loss_split0.csv,0,0.26884008351935035,0.1552148945888584,0.10844886793478262,0.06261298309545692,3
NaClFWater,NaCl/NaF/water,"BC S-loss, fixed kappa_D",0.005,298.15,F,NaF,neutral ion-pair NaF: mu_Na + mu_F,0.07500000000000001,0.025,0.025,2.230249256119854,kJ/mol,0.8996724144418001,0.023114904690714866,2.230249256119854,1.0011337779945821,0.10146136355278199,0.0,0.0,NaClFWater/data/S0_NaClFWater_matrix_BC_s_loss_split0.csv,0,0.22796261679979887,0.1316142781745354,0.09195908362976456,0.05309260168807588,3
NaClFWater,NaCl/NaF/water,"BC S-loss, fixed kappa_D",0.005,298.15,F,NaF,neutral ion-pair NaF: mu_Na + mu_F,0.07500000000000001,0.0275,0.0275,2.4916410145368544,kJ/mol,1.005116661879573,0.02582403936082756,2.4916410145368544,1.106578025432355,0.10146136355278199,0.0,0.0,NaClFWater/data/S0_NaClFWater_matrix_BC_s_loss_split0.csv,0,0.1899533620192132,0.10966962469526718,0.07662632298619582,0.04424022820309136,3
NaClFWater,NaCl/NaF/water,"BC S-loss, fixed kappa_D",0.005,298.15,F,NaF,neutral ion-pair NaF: mu_Na + mu_F,0.07500000000000001,0.03,0.03,2.7688473934199953,kJ/mol,1.1169404553430697,0.028697081021960006,2.7688473934199953,1.2184018188958516,0.10146136355278199,0.0,0.0,NaClFWater/data/S0_NaClFWater_matrix_BC_s_loss_split0.csv,0,0.15746088730088217,0.09091008567000165,0.06351900634846337,0.036672715413942875,3
NaClFWater,NaCl/NaF/water,"BC S-loss, fixed kappa_D",0.005,298.15,F,NaF,neutral ion-pair NaF: mu_Na + mu_F,0.07500000000000001,0.0325,0.0325,3.0519831695239468,kJ/mol,1.2311561406990055,0.031631576554786996,3.0519831695239468,1.3326175042517874,0.10146136355278199,0.0,0.0,NaClFWater/data/S0_NaClFWater_matrix_BC_s_loss_split0.csv,0,0.13272479004810228,0.07662869326240843,0.053540577131097236,0.030911666619206912,3
NaClFWater,NaCl/NaF/water,"BC S-loss, fixed kappa_D",0.005,298.15,F,NaF,neutral ion-pair NaF: mu_Na + mu_F,0.07500000000000001,0.034999999999999996,0.034999999999999996,3.3309542927477507,kJ/mol,1.3436918240095586,0.034522908502140126,3.3309542927477507,1.4451531875623405,0.10146136355278199,0.0,0.0,NaClFWater/data/S0_NaClFWater_matrix_BC_s_loss_split0.csv,0,0.11803419637782817,0.06814707505232025,0.04761445840663082,0.027490220378386544,3
NaClFWater,NaCl/NaF/water,"BC S-loss, fixed kappa_D",0.005,298.15,F,NaF,neutral ion-pair NaF: mu_Na + mu_F,0.07500000000000001,0.0375,0.0375,3.5965209983922515,kJ/mol,1.4508202261856529,0.037275313451118564,3.5965209983922515,1.5522815897384348,0.10146136355278199,0.0,0.0,NaClFWater/data/S0_NaClFWater_matrix_BC_s_loss_split0.csv,0,0.11683675637938858,0.06745573274688273,0.047131416553085184,0.027211336034212115,3
NaClFWater,NaCl/NaF/water,"BC S-loss, fixed kappa_D",0.005,298.15,F,NaF,neutral ion-pair NaF: mu_Na + mu_F,0.07750000000000001,0.0,0.0,0.5218217008733514,kJ/mol,0.2105005026880393,0.0054083008202496785,0.5218217008733514,0.3119618662408213,0.10146136355278199,0.0,0.0,NaClFWater/data/S0_NaClFWater_matrix_BC_s_loss_split0.csv,0,0.09439849863821277,0.05450099859986867,0.03807992535205572,0.021985455152730225,3
NaClFWater,NaCl/NaF/water,"BC S-loss, fixed kappa_D",0.005,298.15,F,NaF,neutral ion-pair NaF: mu_Na + mu_F,0.07750000000000001,0.0025,0.0025,0.9039699225845769,kJ/mol,0.3646573586350421,0.009368988038659156,0.9039699225845769,0.4661187221878241,0.10146136355278199,0.0,0.0,NaClFWater/data/S0_NaClFWater_matrix_BC_s_loss_split0.csv,0,0.109753013099403,0.06336593165731284,0.04427386670635707,0.025561528860980866,3
NaClFWater,NaCl/NaF/water,"BC S-loss, fixed kappa_D",0.005,298.15,F,NaF,neutral ion-pair NaF: mu_Na + mu_F,0.07750000000000001,0.005,0.005,1.1628349241886127,kJ/mol,0.469082323857435,0.012051934719806921,1.1628349241886127,0.570543687410217,0.10146136355278199,0.0,0.0,NaClFWater/data/S0_NaClFWater_matrix_BC_s_loss_split0.csv,0,0.24558603813449398,0.1417891652261638,0.09906829170567943,0.057197104884430396,3
NaClFWater,NaCl/NaF/water,"BC S-loss, fixed kappa_D",0.005,298.15,F,NaF,neutral ion-pair NaF: mu_Na + mu_F,0.07750000000000001,0.0075,0.0075,1.3416408019831332,kJ/mol,0.5412118023676777,0.013905127053362774,1.3416408019831332,0.6426731659204598,0.10146136355278199,0.0,0.0,NaClFWater/data/S0_NaClFWater_matrix_BC_s_loss_split0.csv,0,0.3285009876218287,0.18966013363252074,0.13251580551782233,0.07650803598759481,3
NaClFWater,NaCl/NaF/water,"BC S-loss, fixed kappa_D",0.005,298.15,F,NaF,neutral ion-pair NaF: mu_Na + mu_F,0.07750000000000001,0.01,0.01,1.4769155325455727,kJ/mol,0.595781013913929,0.015307150838566486,1.4769155325455727,0.697242377466711,0.10146136355278199,0.0,0.0,NaClFWater/data/S0_NaClFWater_matrix_BC_s_loss_split0.csv,0,0.3701772518876262,0.2137219360251969,0.1493278211228214,0.08621445772276122,3
NaClFWater,NaCl/NaF/water,"BC S-loss, fixed kappa_D",0.005,298.15,F,NaF,neutral ion-pair NaF: mu_Na + mu_F,0.07750000000000001,0.0125,0.0125,1.5980595208548487,kJ/mol,0.6446499482531043,0.016562719800617742,1.5980595208548487,0.7461113118058863,0.10146136355278199,0.0,0.0,NaClFWater/data/S0_NaClFWater_matrix_BC_s_loss_split0.csv,0,0.3809840378860786,0.21996123683047808,0.153687229482629,0.08873136331280365,3
NaClFWater,NaCl/NaF/water,"BC S-loss, fixed kappa_D",0.005,298.15,F,NaF,neutral ion-pair NaF: mu_Na + mu_F,0.07750000000000001,0.015,0.015,1.7272252405988189,kJ/mol,0.6967548125978839,0.017901428150366883,1.7272252405988189,0.7982161761506659,0.10146136355278199,0.0,0.0,NaClFWater/data/S0_NaClFWater_matrix_BC_s_loss_split0.csv,0,0.3697615994635115,0.21348195898624497,0.14916014882388637,0.08611765207583544,3
NaClFWater,NaCl/NaF/water,"BC S-loss, fixed kappa_D",0.005,298.15,F,NaF,neutral ion-pair NaF: mu_Na + mu_F,0.07750000000000001,0.0175,0.0175,1.8794961520340518,kJ/mol,0.7581802062682438,0.019479604937259865,1.8794961520340518,0.8596415698210258,0.10146136355278199,0.0,0.0,NaClFWater/data/S0_NaClFWater_matrix_BC_s_loss_split0.csv,0,0.3438585098480663,0.19852680322392469,0.13871096019087487,0.08008481020575307,3
NaClFWater,NaCl/NaF/water,"BC S-loss, fixed kappa_D",0.005,298.15,F,NaF,neutral ion-pair NaF: mu_Na + mu_F,0.07750000000000001,0.02,0.02,2.06334178117842,kJ/mol,0.8323426975696182,0.021385030612805167,2.06334178117842,0.9338040611224002,0.10146136355278199,0.0,0.0,NaClFWater/data/S0_NaClFWater_matrix_BC_s_loss_split0.csv,0,0.3092561633181689,0.1785491291402957,0.12475253085277244,0.07202590726993527,3
NaClFWater,NaCl/NaF/water,"BC S-loss, fixed kappa_D",0.005,298.15,F,NaF,neutral ion-pair NaF: mu_Na + mu_F,0.07750000000000001,0.0225,0.0225,2.2813157732543528,kJ/mol,0.9202724153795695,0.023644171844694032,2.2813157732543528,1.0217337789323515,0.10146136355278199,0.0,0.0,NaClFWater/data/S0_NaClFWater_matrix_BC_s_loss_split0.csv,0,0.2707516654121281,0.15631854690923164,0.10921999138305163,0.06305819142589347,3
NaClFWater,NaCl/NaF/water,"BC S-loss, fixed kappa_D",0.005,298.15,F,NaF,neutral ion-pair NaF: mu_Na + mu_F,0.07750000000000001,0.025,0.025,2.5309552431418614,kJ/mol,1.020975843033396,0.026231502627410922,2.5309552431418614,1.1224372065861778,0.10146136355278199,0.0,0.0,NaClFWater/data/S0_NaClFWater_matrix_BC_s_loss_split0.csv,0,0.232168799819896,0.1340427190734493,0.09365583874486706,0.05407222371052919,3
NaClFWater,NaCl/NaF/water,"BC S-loss, fixed kappa_D",0.005,298.15,F,NaF,neutral ion-pair NaF: mu_Na + mu_F,0.07750000000000001,0.0275,0.0275,2.8058332211176054,kJ/mol,1.1318603701523806,0.029080412113671628,2.8058332211176054,1.2333217337051625,0.10146136355278199,0.0,0.0,NaClFWater/data/S0_NaClFWater_matrix_BC_s_loss_split0.csv,0,0.19655743098637377,0.11348248569120419,0.07929037439503359,0.04577831900111885,3
NaClFWater,NaCl/NaF/water,"BC S-loss, fixed kappa_D",0.005,298.15,F,NaF,neutral ion-pair NaF: mu_Na + mu_F,0.07750000000000001,0.03,0.03,3.096711588189316,kJ/mol,1.2491993815181266,0.03209515394712526,3.096711588189316,1.3506607450709085,0.10146136355278199,0.0,0.0,NaClFWater/data/S0_NaClFWater_matrix_BC_s_loss_split0.csv,0,0.16635214295483666,0.09604345451524605,0.06710569847252193,0.0387434930772684,3
NaClFWater,NaCl/NaF/water,"BC S-loss, fixed kappa_D",0.005,298.15,F,NaF,neutral ion-pair NaF: mu_Na + mu_F,0.07750000000000001,0.0325,0.0325,3.392739803327728,kJ/mol,1.3686158181902432,0.035163270194630065,3.392739803327728,1.4700771817430252,0.10146136355278199,0.0,0.0,NaClFWater/data/S0_NaClFWater_matrix_BC_s_loss_split0.csv,0,0.14356659552100853,0.0828882125706924,0.057914112187751755,0.033436728261476666,3
NaClFWater,NaCl/NaF/water,"BC S-loss, fixed kappa_D",0.005,298.15,F,NaF,neutral ion-pair NaF: mu_Na + mu_F,0.07750000000000001,0.034999999999999996,0.034999999999999996,3.6826449407483715,kJ/mol,1.4855622331376386,0.03816792521354274,3.6826449407483715,1.5870235966904205,0.10146136355278199,0.0,0.0,NaClFWater/data/S0_NaClFWater_matrix_BC_s_loss_split0.csv,0,0.1304009341774794,0.0752870144499464,0.052603144233764644,0.03037043948358473,3
NaClFWater,NaCl/NaF/water,"BC S-loss, fixed kappa_D",0.005,298.15,F,NaF,neutral ion-pair NaF: mu_Na + mu_F,0.08,0.0,0.0,0.6724345289832984,kJ/mol,0.27125703308021976,0.006969292784447133,0.6724345289832984,0.37271839663300177,0.10146136355278199,0.0,0.0,NaClFWater/data/S0_NaClFWater_matrix_BC_s_loss_split0.csv,0,0.05860553184425413,0.03383591958628131,0.02364120521026303,0.013649256192112545,3
NaClFWater,NaCl/NaF/water,"BC S-loss, fixed kappa_D",0.005,298.15,F,NaF,neutral ion-pair NaF: mu_Na + mu_F,0.08,0.0025,0.0025,1.0927509648936036,kJ/mol,0.44081077317781303,0.011325565667107183,1.0927509648936036,0.542272136730595,0.10146136355278199,0.0,0.0,NaClFWater/data/S0_NaClFWater_matrix_BC_s_loss_split0.csv,0,0.16801130938224335,0.09700137469873969,0.06777499866917477,0.03912991372597459,3
NaClFWater,NaCl/NaF/water,"BC S-loss, fixed kappa_D",0.005,298.15,F,NaF,neutral ion-pair NaF: mu_Na + mu_F,0.08,0.005,0.005,1.3794483338134906,kJ/mol,0.5564631888898642,0.01429697450828371,1.3794483338134906,0.6579245524426462,0.10146136355278199,0.0,0.0,NaClFWater/data/S0_NaClFWater_matrix_BC_s_loss_split0.csv,0,0.2753800216040454,0.15899072960254057,0.11108704923707972,0.0641361377805092,3
NaClFWater,NaCl/NaF/water,"BC S-loss, fixed kappa_D",0.005,298.15,F,NaF,neutral ion-pair NaF: mu_Na + mu_F,0.08,0.0075,0.0075,1.5783065241596594,kJ/mol,0.6366816791547256,0.016357994416352994,1.5783065241596594,0.7381430427075076,0.10146136355278199,0.0,0.0,NaClFWater/data/S0_NaClFWater_matrix_BC_s_loss_split0.csv,0,0.3404182685731661,0.19654057899778377,0.13732318249492503,0.07928357637942107,3
NaClFWater,NaCl/NaF/water,"BC S-loss, fixed kappa_D",0.005,298.15,F,NaF,neutral ion-pair NaF: mu_Na + mu_F,0.08,0.01,0.01,1.7281704783586926,kJ/mol,0.6971361172145376,0.01791122484939933,1.7281704783586926,0.7985974807673196,0.10146136355278199,0.0,0.0,NaClFWater/data/S0_NaClFWater_matrix_BC_s_loss_split0.csv,0,0.3714254952818725,0.2144426096848792,0.14983135683535714,0.08650517420194033,3
NaClFWater,NaCl/NaF/water,"BC S-loss, fixed kappa_D",0.005,298.15,F,NaF,neutral ion-pair NaF: mu_Na + mu_F,0.08,0.0125,0.0125,1.8604556460973682,kJ/mol,0.7504993527038972,0.01928226399934374,1.8604556460973682,0.8519607162566792,0.10146136355278199,0.0,0.0,NaClFWater/data/S0_NaClFWater_matrix_BC_s_loss_split0.csv,0,0.37696273621727777,0.21763953722950322,0.1520650546644371,0.08779480024484791,3
NaClFWater,NaCl/NaF/water,"BC S-loss, fixed kappa_D",0.005,298.15,F,NaF,neutral ion-pair NaF: mu_Na + mu_F,0.08,0.015,0.015,1.9989777377326312,kJ/mol,0.8063785349491341,0.02071794431037688,1.9989777377326312,0.9078398985019162,0.10146136355278199,0.0,0.0,NaClFWater/data/S0_NaClFWater_matrix_BC_s_loss_split0.csv,0,0.36443366029388213,0.21040587187243348,0.1470108823759383,0.08487677251355238,3
NaClFWater,NaCl/NaF/water,"BC S-loss, fixed kappa_D",0.005,298.15,F,NaF,neutral ion-pair NaF: mu_Na + mu_F,0.08,0.0175,0.0175,2.160096267592382,kJ/mol,0.8713730176835093,0.022387820200435726,2.160096267592382,0.9728343812362913,0.10146136355278199,0.0,0.0,NaClFWater/data/S0_NaClFWater_matrix_BC_s_loss_split0.csv,0,0.3399640238954425,0.1962783207108221,0.13713994225626855,0.07917778257830639,3
NaClFWater,NaCl/NaF/water,"BC S-loss, fixed kappa_D",0.005,298.15,F,NaF,neutral ion-pair NaF: mu_Na + mu_F,0.08,0.02,0.02,2.3531495453833564,kJ/mol,0.9492498326043147,0.02438867642945297,2.3531495453833564,1.0507111961570967,0.10146136355278199,0.0,0.0,NaClFWater/data/S0_NaClFWater_matrix_BC_s_loss_split0.csv,0,0.30849531119983664,0.17810985096496307,0.12444560656596686,0.07184870445032723,3
NaClFWater,NaCl/NaF/water,"BC S-loss, fixed kappa_D",0.005,298.15,F,NaF,neutral ion-pair NaF: mu_Na + mu_F,0.08,0.0225,0.0225,2.5811481451926235,kJ/mol,1.0412234316165723,0.02675171539908661,2.5811481451926235,1.1426847951693542,0.10146136355278199,0.0,0.0,NaClFWater/data/S0_NaClFWater_matrix_BC_s_loss_split0.csv,0,0.27394809884095855,0.15816400860981364,0.11050941810189359,0.06380264228911717,3
NaClFWater,NaCl/NaF/water,"BC S-loss, fixed kappa_D",0.005,298.15,F,NaF,neutral ion-pair NaF: mu_Na + mu_F,0.08,0.025,0.025,2.8416848595661905,kJ/mol,1.1463227581730135,0.029451988162165325,2.8416848595661905,1.2477841217257954,0.10146136355278199,0.0,0.0,NaClFWater/data/S0_NaClFWater_matrix_BC_s_loss_split0.csv,0,0.23940054132955235,0.1382179669807592,0.096573090404859,0.05575649974171941,3
NaClFWater,NaCl/NaF/water,"BC S-loss, fixed kappa_D",0.005,298.15,F,NaF,neutral ion-pair NaF: mu_Na + mu_F,0.08,0.0275,0.0275,3.1280120801532485,kJ/mol,1.2618258577297587,0.03241956068620766,3.1280120801532485,1.3632872212825407,0.10146136355278199,0.0,0.0,NaClFWater/data/S0_NaClFWater_matrix_BC_s_loss_split0.csv,0,0.20724917710118937,0.11965536818870011,0.08360337618858649,0.04826843174764196,3
NaClFWater,NaCl/NaF/water,"BC S-loss, fixed kappa_D",0.005,298.15,F,NaF,neutral ion-pair NaF: mu_Na + mu_F,0.08,0.03,0.03,3.430232667974122,kJ/mol,1.3837402694004395,0.035551856354004485,3.430232667974122,1.4852016329532214,0.10146136355278199,0.0,0.0,NaClFWater/data/S0_NaClFWater_matrix_BC_s_loss_split0.csv,0,0.17936996167013783,0.10355929565478694,0.07235702738215988,0.04177534923685113,3
NaClFWater,NaCl/NaF/water,"BC S-loss, fixed kappa_D",0.005,298.15,F,NaF,neutral ion-pair NaF: mu_Na + mu_F,0.08,0.0325,0.0325,3.7365478631160336,kJ/mol,1.5073064270562835,0.03872658963621234,3.7365478631160336,1.6087677906090654,0.10146136355278199,0.0,0.0,NaClFWater/data/S0_NaClFWater_matrix_BC_s_loss_split0.csv,0,0.1574529216374082,0.09090548669205069,0.0635157930360184,0.03667086020713778,3
NaClFWater,NaCl/NaF/water,"BC S-loss, fixed kappa_D",0.005,298.15,F,NaF,neutral ion-pair NaF: mu_Na + mu_F,0.08,0.034999999999999996,0.034999999999999996,4.03450563652386,kJ/mol,1.6275012387653096,0.04181470434593848,4.03450563652386,1.7289626023180915,0.10146136355278199,0.0,0.0,NaClFWater/data/S0_NaClFWater_matrix_BC_s_loss_split0.csv,0,0.1439620724659104,0.08311654129128979,0.05807364579006075,0.03352883502971456,3
NaClFWater,NaCl/NaF/water,"BC S-loss, fixed kappa_D",0.005,298.15,F,NaF,neutral ion-pair NaF: mu_Na + mu_F,0.0825,0.0,0.0,0.8266335374650735,kJ/mol,0.33346021233682344,0.008567452889053586,0.8266335374650735,0.4349215758896054,0.10146136355278199,0.0,0.0,NaClFWater/data/S0_NaClFWater_matrix_BC_s_loss_split0.csv,0,0.16654526216528864,0.0961549519433862,0.06718360188437861,0.03878847063307464,3
NaClFWater,NaCl/NaF/water,"BC S-loss, fixed kappa_D",0.005,298.15,F,NaF,neutral ion-pair NaF: mu_Na + mu_F,0.0825,0.0025,0.0025,1.2882742403799086,kJ/mol,0.5196839739438892,0.013352021618288745,1.2882742403799086,0.6211453374966712,0.10146136355278199,0.0,0.0,NaClFWater/data/S0_NaClFWater_matrix_BC_s_loss_split0.csv,0,0.24651536659221798,0.14232571326139634,0.09944317858214659,0.05741354592347436,3
NaClFWater,NaCl/NaF/water,"BC S-loss, fixed kappa_D",0.005,298.15,F,NaF,neutral ion-pair NaF: mu_Na + mu_F,0.0825,0.005,0.005,1.6052938965608112,kJ/mol,0.6475682625359149,0.016637698821227787,1.6052938965608112,0.7490296260886969,0.10146136355278199,0.0,0.0,NaClFWater/data/S0_NaClFWater_matrix_BC_s_loss_split0.csv,0,0.31340461608257864,0.1809442394605481,0.1264259978450885,0.0729920838884289,3
NaClFWater,NaCl/NaF/water,"BC S-loss, fixed kappa_D",0.005,298.15,F,NaF,neutral ion-pair NaF: mu_Na + mu_F,0.0825,0.0075,0.0075,1.8260054148802791,kJ/mol,0.7366022859916861,0.01892521251329526,1.8260054148802791,0.8380636495444681,0.10146136355278199,0.0,0.0,NaClFWater/data/S0_NaClFWater_matrix_BC_s_loss_split0.csv,0,0.35334595975163924,0.2040043849796756,0.1425381543657955,0.08229444179288448,3
NaClFWater,NaCl/NaF/water,"BC S-loss, fixed kappa_D",0.005,298.15,F,NaF,neutral ion-pair NaF: mu_Na + mu_F,0.0825,0.01,0.01,1.9915698193939018,kJ/mol,0.8033902143569382,0.02064116664712401,1.9915698193939018,0.9048515779097203,0.10146136355278199,0.0,0.0,NaClFWater/data/S0_NaClFWater_matrix_BC_s_loss_split0.csv,0,0.37001972916112863,0.21363099023665005,0.14926427717082208,0.08617777060496905,3
NaClFWater,NaCl/NaF/water,"BC S-loss, fixed kappa_D",0.005,298.15,F,NaF,neutral ion-pair NaF: mu_Na + mu_F,0.0825,0.0125,0.0125,2.135435971627678,kJ/mol,0.8614251663612703,0.02213223424325861,2.135435971627678,0.9628865299140523,0.10146136355278199,0.0,0.0,NaClFWater/data/S0_NaClFWater_matrix_BC_s_loss_split0.csv,0,0.36905160409971954,0.2130720429718363,0.14887373992074143,0.0859522938185064,3
NaClFWater,NaCl/NaF/water,"BC S-loss, fixed kappa_D",0.005,298.15,F,NaF,neutral ion-pair NaF: mu_Na + mu_F,0.0825,0.015,0.015,2.2831171104110366,kJ/mol,0.9209990666023108,0.02366284138872743,2.2831171104110366,1.0224604301550928,0.10146136355278199,0.0,0.0,NaClFWater/data/S0_NaClFWater_matrix_BC_s_loss_split0.csv,0,0.3556334772293566,0.2053250838112117,0.14346092852057157,0.08282720569954566,3
NaClFWater,NaCl/NaF/water,"BC S-loss, fixed kappa_D",0.005,298.15,F,NaF,neutral ion-pair NaF: mu_Na + mu_F,0.0825,0.0175,0.0175,2.4522951586026123,kJ/mol,0.9892447224048685,0.025416248300075495,2.4522951586026123,1.0907060859576505,0.10146136355278199,0.0,0.0,NaClFWater/data/S0_NaClFWater_matrix_BC_s_loss_split0.csv,0,0.3340586521835972,0.1928688527633234,0.13475774214496108,0.07780241870277946,3
NaClFWater,NaCl/NaF/water,"BC S-loss, fixed kappa_D",0.005,298.15,F,NaF,neutral ion-pair NaF: mu_Na + mu_F,0.0825,0.02,0.02,2.653231399645336,kJ/mol,1.070301488876917,0.027498805685922893,2.653231399645336,1.1717628524296988,0.10146136355278199,0.0,0.0,NaClFWater/data/S0_NaClFWater_matrix_BC_s_loss_split0.csv,0,0.30768972549890583,0.17764474584367534,0.12412063695523504,0.07166108315809276,3
NaClFWater,NaCl/NaF/water,"BC S-loss, fixed kappa_D",0.005,298.15,F,NaF,neutral ion-pair NaF: mu_Na + mu_F,0.0825,0.0225,0.0225,2.8894509673540654,kJ/mol,1.1655913889792264,0.0299470489837006,2.8894509673540654,1.2670527525320083,0.10146136355278199,0.0,0.0,NaClFWater/data/S0_NaClFWater_matrix_BC_s_loss_split0.csv,0,0.279056125966331,0.16111312944567532,0.11256997303058941,0.06499230423187971,3
NaClFWater,NaCl/NaF/water,"BC S-loss, fixed kappa_D",0.005,298.15,F,NaF,neutral ion-pair NaF: mu_Na + mu_F,0.0825,0.025,0.025,3.15865902323642,kJ/mol,1.2741886952929766,0.032737193868456416,3.15865902323642,1.3756500588457585,0.10146136355278199,0.0,0.0,NaClFWater/data/S0_NaClFWater_matrix_BC_s_loss_split0.csv,0,0.2499965063178092,0.14433555021905312,0.10084745452724017,0.05822430501839066,3
NaClFWater,NaCl/NaF/water,"BC S-loss, fixed kappa_D",0.005,298.15,F,NaF,neutral ion-pair NaF: mu_Na + mu_F,0.0825,0.0275,0.0275,3.453838904385566,kJ/mol,1.3932629178891187,0.035796517753738044,3.453838904385566,1.4947242814419006,0.10146136355278199,0.0,0.0,NaClFWater/data/S0_NaClFWater_matrix_BC_s_loss_split0.csv,0,0.22183981336119596,0.12807927596106283,0.08948917254801209,0.051666597860151646,3
NaClFWater,NaCl/NaF/water,"BC S-loss, fixed kappa_D",0.005,298.15,F,NaF,neutral ion-pair NaF: mu_Na + mu_F,0.0825,0.03,0.03,3.764477154352752,kJ/mol,1.518572976215144,0.03901605634189309,3.764477154352752,1.620034339767926,0.10146136355278199,0.0,0.0,NaClFWater/data/S0_NaClFWater_matrix_BC_s_loss_split0.csv,0,0.19570425295258395,0.11298990312372896,0.07894620625351223,0.045579613431965,3
NaClFWater,NaCl/NaF/water,"BC S-loss, fixed kappa_D",0.005,298.15,F,NaF,neutral ion-pair NaF: mu_Na + mu_F,0.0825,0.0325,0.0325,4.077857389770879,kJ/mol,1.6449891390109923,0.04226401360665477,4.077857389770879,1.7464505025637742,0.10146136355278199,0.0,0.0,NaClFWater/data/S0_NaClFWater_matrix_BC_s_loss_split0.csv,0,0.17315151136822046,0.09996907169903263,0.06984853279041843,0.04032706920904849,3
NaClFWater,NaCl/NaF/water,"BC S-loss, fixed kappa_D",0.005,298.15,F,NaF,neutral ion-pair NaF: mu_Na + mu_F,0.085,0.0,0.0,0.9840997243389786,kJ/mol,0.39698135650896016,0.010199474911530613,0.9840997243389786,0.4984427200617422,0.10146136355278199,0.0,0.0,NaClFWater/data/S0_NaClFWater_matrix_BC_s_loss_split0.csv,0,0.30426337945256915,0.17566654403148604,0.1227384645313402,0.0708630855370906,3
NaClFWater,NaCl/NaF/water,"BC S-loss, fixed kappa_D",0.005,298.15,F,NaF,neutral ion-pair NaF: mu_Na + mu_F,0.085,0.0025,0.0025,1.4897228286283697,kJ/mol,0.6009474189503452,0.015439889108733949,1.4897228286283697,0.7024087825031272,0.10146136355278199,0.0,0.0,NaClFWater/data/S0_NaClFWater_matrix_BC_s_loss_split0.csv,0,0.33392112732958557,0.19278945275183954,0.13470226524384116,0.07777038909898407,3
NaClFWater,NaCl/NaF/water,"BC S-loss, fixed kappa_D",0.005,298.15,F,NaF,neutral ion-pair NaF: mu_Na + mu_F,0.085,0.005,0.005,1.8391114420122825,kJ/mol,0.7418891977757542,0.019061046912611346,1.8391114420122825,0.8433505613285363,0.10146136355278199,0.0,0.0,NaClFWater/data/S0_NaClFWater_matrix_BC_s_loss_split0.csv,0,0.3557469752580461,0.20539061192862806,0.14350671310954755,0.08285363944431567,3
NaClFWater,NaCl/NaF/water,"BC S-loss, fixed kappa_D",0.005,298.15,F,NaF,neutral ion-pair NaF: mu_Na + mu_F,0.085,0.0075,0.0075,2.083066523140548,kJ/mol,0.8402995688370849,0.021589463157397404,2.083066523140548,0.9417609323898669,0.10146136355278199,0.0,0.0,NaClFWater/data/S0_NaClFWater_matrix_BC_s_loss_split0.csv,0,0.3657725196753043,0.21117886269670463,0.147550972165892,0.08518859349916873,3
NaClFWater,NaCl/NaF/water,"BC S-loss, fixed kappa_D",0.005,298.15,F,NaF,neutral ion-pair NaF: mu_Na + mu_F,0.085,0.01,0.01,2.2650442396587667,kJ/mol,0.9137085526738912,0.023475529282791285,2.2650442396587667,1.0151699162266732,0.10146136355278199,0.0,0.0,NaClFWater/data/S0_NaClFWater_matrix_BC_s_loss_split0.csv,0,0.3653830797209063,0.21095401943419975,0.14739387385811675,0.08509789274888546,3
NaClFWater,NaCl/NaF/water,"BC S-loss, fixed kappa_D",0.005,298.15,F,NaF,neutral ion-pair NaF: mu_Na + mu_F,0.085,0.0125,0.0125,2.4205279633571264,kJ/mol,0.9764299802104138,0.0250870045223337,2.4205279633571264,1.0778913437631958,0.10146136355278199,0.0,0.0,NaClFWater/data/S0_NaClFWater_matrix_BC_s_loss_split0.csv,0,0.35718751112532,0.20622230569937597,0.14408781873182003,0.0831891409317623,3
NaClFWater,NaCl/NaF/water,"BC S-loss, fixed kappa_D",0.005,298.15,F,NaF,neutral ion-pair NaF: mu_Na + mu_F,0.085,0.015,0.015,2.57674880701412,kJ/mol,1.0394487585883716,0.026706119471896276,2.57674880701412,1.1409101221411535,0.10146136355278199,0.0,0.0,NaClFWater/data/S0_NaClFWater_matrix_BC_s_loss_split0.csv,0,0.34364966447171813,0.19840622628967106,0.13862671291516399,0.0800361700184429,3
NaClFWater,NaCl/NaF/water,"BC S-loss, fixed kappa_D",0.005,298.15,F,NaF,neutral ion-pair NaF: mu_Na + mu_F,0.085,0.0175,0.0175,2.752747244317239,kJ/mol,1.1104457283629339,0.028530214735155827,2.752747244317239,1.2119070919157158,0.10146136355278199,0.0,0.0,NaClFWater/data/S0_NaClFWater_matrix_BC_s_loss_split0.csv,0,0.32665225310394796,0.18859276626096214,0.13177003441497379,0.07607746484061137,3
NaClFWater,NaCl/NaF/water,"BC S-loss, fixed kappa_D",0.005,298.15,F,NaF,neutral ion-pair NaF: mu_Na + mu_F,0.085,0.02,0.02,2.959755529820261,kJ/mol,1.1939519299755632,0.030675704427153505,2.959755529820261,1.2954132935283451,0.10146136355278199,0.0,0.0,NaClFWater/data/S0_NaClFWater_matrix_BC_s_loss_split0.csv,0,0.3074013886592258,0.17747827449166878,0.124004323184469,0.07159392937123053,3
NaClFWater,NaCl/NaF/water,"BC S-loss, fixed kappa_D",0.005,298.15,F,NaF,neutral ion-pair NaF: mu_Na + mu_F,0.085,0.0225,0.0225,3.2018689493386647,kJ/mol,1.2916193831129972,0.03318503319439969,3.2018689493386647,1.393080746665779,0.10146136355278199,0.0,0.0,NaClFWater/data/S0_NaClFWater_matrix_BC_s_loss_split0.csv,0,0.28648468321903997,0.1654020089752174,0.11556661926688998,0.06672241874307393,3
NaClFWater,NaCl/NaF/water,"BC S-loss, fixed kappa_D",0.005,298.15,F,NaF,neutral ion-pair NaF: mu_Na + mu_F,0.085,0.025,0.025,3.476963839420442,kJ/mol,1.4025914115897882,0.036036190816219005,3.476963839420442,1.50405277514257,0.10146136355278199,0.0,0.0,NaClFWater/data/S0_NaClFWater_matrix_BC_s_loss_split0.csv,0,0.26404140322611036,0.15244437522980134,0.10651310211232712,0.06149536817677416,3
NaClFWater,NaCl/NaF/water,"BC S-loss, fixed kappa_D",0.005,298.15,F,NaF,neutral ion-pair NaF: mu_Na + mu_F,0.085,0.0275,0.0275,3.777812189170587,kJ/mol,1.5239522686589402,0.03915426423861845,3.777812189170587,1.625413632211722,0.10146136355278199,0.0,0.0,NaClFWater/data/S0_NaClFWater_matrix_BC_s_loss_split0.csv,0,0.24007605466127538,0.13860797478467066,0.09684558941297282,0.05591382711740783,3
NaClFWater,NaCl/NaF/water,"BC S-loss, fixed kappa_D",0.005,298.15,F,NaF,neutral ion-pair NaF: mu_Na + mu_F,0.085,0.03,0.03,4.0933367760442865,kJ/mol,1.6512334530868558,0.0424244461401031,4.0933367760442865,1.7526948166396377,0.10146136355278199,0.0,0.0,NaClFWater/data/S0_NaClFWater_matrix_BC_s_loss_split0.csv,0,0.21503277670147905,0.12414923151319163,0.08674324489439383,0.05008123579015991,3
NaClFWater,NaCl/NaF/water,"BC S-loss, fixed kappa_D",0.005,298.15,F,NaF,neutral ion-pair NaF: mu_Na + mu_F,0.0875,0.0,0.0,1.1447109449307626,kJ/mol,0.4617711929901295,0.011864092911537227,1.1447109449307626,0.5632325565429115,0.10146136355278199,0.0,0.0,NaClFWater/data/S0_NaClFWater_matrix_BC_s_loss_split0.csv,0,0.4512140058568114,0.2605085277435594,0.18201767939849436,0.10508795619799173,3
NaClFWater,NaCl/NaF/water,"BC S-loss, fixed kappa_D",0.005,298.15,F,NaF,neutral ion-pair NaF: mu_Na + mu_F,0.0875,0.0025,0.0025,1.6962562089045334,kJ/mol,0.68426204595269,0.017580456754899387,1.6962562089045334,0.785723409505472,0.10146136355278199,0.0,0.0,NaClFWater/data/S0_NaClFWater_matrix_BC_s_loss_split0.csv,0,0.4226778952877702,0.2440331966248986,0.17050634207869492,0.09844188249767293,3
NaClFWater,NaCl/NaF/water,"BC S-loss, fixed kappa_D",0.005,298.15,F,NaF,neutral ion-pair NaF: mu_Na + mu_F,0.0875,0.005,0.005,2.0794165002480978,kJ/mol,0.8388271661899784,0.02155163333588916,2.0794165002480978,0.9402885297427604,0.10146136355278199,0.0,0.0,NaClFWater/data/S0_NaClFWater_matrix_BC_s_loss_split0.csv,0,0.3972819071351025,0.22937081602861933,0.16026171587122037,0.09252714479904041,3
NaClFWater,NaCl/NaF/water,"BC S-loss, fixed kappa_D",0.005,298.15,F,NaF,neutral ion-pair NaF: mu_Na + mu_F,0.0875,0.0075,0.0075,2.3474145387120804,kJ/mol,0.9469363569761405,0.0243292372738324,2.3474145387120804,1.0483977205289225,0.10146136355278199,0.0,0.0,NaClFWater/data/S0_NaClFWater_matrix_BC_s_loss_split0.csv,0,0.37511739389012205,0.21657412834017287,0.15132065195591102,0.0873650191406949,3
NaClFWater,NaCl/NaF/water,"BC S-loss, fixed kappa_D",0.005,298.15,F,NaF,neutral ion-pair NaF: mu_Na + mu_F,0.0875,0.01,0.01,2.5459611986235773,kJ/mol,1.0270291772794207,0.02638702839647067,2.5459611986235773,1.1284905408322026,0.10146136355278199,0.0,0.0,NaClFWater/data/S0_NaClFWater_matrix_BC_s_loss_split0.csv,0,0.35640592504124247,0.20577105676333893,0.14377253045745936,0.08300710916168784,3
NaClFWater,NaCl/NaF/water,"BC S-loss, fixed kappa_D",0.005,298.15,F,NaF,neutral ion-pair NaF: mu_Na + mu_F,0.0875,0.0125,0.0125,2.7125584508130616,kJ/mol,1.0942337517032885,0.028113687242125707,2.7125584508130616,1.1956951152560704,0.10146136355278199,0.0,0.0,NaClFWater/data/S0_NaClFWater_matrix_BC_s_loss_split0.csv,0,0.34109240729624757,0.19692979317102602,0.13759512699215964,0.07944058360810412,3
NaClFWater,NaCl/NaF/water,"BC S-loss, fixed kappa_D",0.005,298.15,F,NaF,neutral ion-pair NaF: mu_Na + mu_F,0.0875,0.015,0.015,2.876161675261952,kJ/mol,1.1602305489431066,0.029809315176919426,2.876161675261952,1.2616919124958885,0.10146136355278199,0.0,0.0,NaClFWater/data/S0_NaClFWater_matrix_BC_s_loss_split0.csv,0,0.3286723530192097,0.18975907149082846,0.13258493354034737,0.0765479470700082,3
NaClFWater,NaCl/NaF/water,"BC S-loss, fixed kappa_D",0.005,298.15,F,NaF,neutral ion-pair NaF: mu_Na + mu_F,0.0875,0.0175,0.0175,3.057195603012609,kJ/mol,1.2332588126801725,0.031685599621027905,3.057195603012609,1.3347201762329544,0.10146136355278199,0.0,0.0,NaClFWater/data/S0_NaClFWater_matrix_BC_s_loss_split0.csv,0,0.31813113070253807,0.18367309394871037,0.12833265236290306,0.07409289138754074,3
NaClFWater,NaCl/NaF/water,"BC S-loss, fixed kappa_D",0.005,298.15,F,NaF,neutral ion-pair NaF: mu_Na + mu_F,0.0875,0.02,0.02,3.2679048573294778,kJ/mol,1.3182579682930737,0.03386944715180107,3.2679048573294778,1.4197193318458556,0.10146136355278199,0.0,0.0,NaClFWater/data/S0_NaClFWater_matrix_BC_s_loss_split0.csv,0,0.30797035697793435,0.17780676850363555,0.12423384241853162,0.07172644236280079,3
NaClFWater,NaCl/NaF/water,"BC S-loss, fixed kappa_D",0.005,298.15,F,NaF,neutral ion-pair NaF: mu_Na + mu_F,0.0875,0.0225,0.0225,3.51300789397972,kJ/mol,1.41713141939503,0.03640976111717009,3.51300789397972,1.5185927829478119,0.10146136355278199,0.0,0.0,NaClFWater/data/S0_NaClFWater_matrix_BC_s_loss_split0.csv,0,0.2963567368183818,0.17110164177825182,0.1195489608248335,0.06902162471355765,3
NaClFWater,NaCl/NaF/water,"BC S-loss, fixed kappa_D",0.005,298.15,F,NaF,neutral ion-pair NaF: mu_Na + mu_F,0.0875,0.025,0.025,3.7906125181010495,kJ/mol,1.529115863177767,0.039286930299340383,3.7906125181010495,1.630577226730549,0.10146136355278199,0.0,0.0,NaClFWater/data/S0_NaClFWater_matrix_BC_s_loss_split0.csv,0,0.2814410141532032,0.16249004528235317,0.11353202608693265,0.06554774582293418,3
NaClFWater,NaCl/NaF/water,"BC S-loss, fixed kappa_D",0.005,298.15,F,NaF,neutral ion-pair NaF: mu_Na + mu_F,0.0875,0.0275,0.0275,4.09334252792867,kJ/mol,1.6512357733708765,0.04242450575418388,4.09334252792867,1.7526971369236584,0.10146136355278199,0.0,0.0,NaClFWater/data/S0_NaClFWater_matrix_BC_s_loss_split0.csv,0,0.2619135620947716,0.15121586557983016,0.1056547406700233,0.060999792966998055,3
NaClFWater,NaCl/NaF/water,"BC S-loss, fixed kappa_D",0.005,298.15,F,NaF,neutral ion-pair NaF: mu_Na + mu_F,0.09,0.0,0.0,1.308616108855814,kJ/mol,0.5278897912424521,0.013562850228481693,1.308616108855814,0.6293511547952341,0.10146136355278199,0.0,0.0,NaClFWater/data/S0_NaClFWater_matrix_BC_s_loss_split0.csv,0,0.5988645956774629,0.3457546355225196,0.24157925632681,0.13947584867091337,3
NaClFWater,NaCl/NaF/water,"BC S-loss, fixed kappa_D",0.005,298.15,F,NaF,neutral ion-pair NaF: mu_Na + mu_F,0.09,0.0025,0.0025,1.9070858732182976,kJ/mol,0.7693097744111297,0.01976555224734966,1.9070858732182976,0.8707711379639117,0.10146136355278199,0.0,0.0,NaClFWater/data/S0_NaClFWater_matrix_BC_s_loss_split0.csv,0,0.5058315124818932,0.2920419598960166,0.20405013335911906,0.11780839942306644,3
NaClFWater,NaCl/NaF/water,"BC S-loss, fixed kappa_D",0.005,298.15,F,NaF,neutral ion-pair NaF: mu_Na + mu_F,0.09,0.005,0.005,2.3245772310066535,kJ/mol,0.9377238908330344,0.024092545258554313,2.3245772310066535,1.0391852543858164,0.10146136355278199,0.0,0.0,NaClFWater/data/S0_NaClFWater_matrix_BC_s_loss_split0.csv,0,0.43216520472925346,0.24951069728482422,0.17433347959184697,0.10065148137111699,3
NaClFWater,NaCl/NaF/water,"BC S-loss, fixed kappa_D",0.005,298.15,F,NaF,neutral ion-pair NaF: mu_Na + mu_F,0.09,0.0075,0.0075,2.61664842061521,kJ/mol,1.0555440813893036,0.02711964982643167,2.61664842061521,1.1570054449420855,0.10146136355278199,0.0,0.0,NaClFWater/data/S0_NaClFWater_matrix_BC_s_loss_split0.csv,0,0.37783987623529364,0.21814595425502167,0.15241888896149888,0.08799908657150507,3
NaClFWater,NaCl/NaF/water,"BC S-loss, fixed kappa_D",0.005,298.15,F,NaF,neutral ion-pair NaF: mu_Na + mu_F,0.09,0.01,0.01,2.8312060784435062,kJ/mol,1.1420956654894565,0.0293433832489427,2.8312060784435062,1.2435570290422384,0.10146136355278199,0.0,0.0,NaClFWater/data/S0_NaClFWater_matrix_BC_s_loss_split0.csv,0,0.3414210777848654,0.19711955116610422,0.1377277111736089,0.07951713112095414,3
NaClFWater,NaCl/NaF/water,"BC S-loss, fixed kappa_D",0.005,298.15,F,NaF,neutral ion-pair NaF: mu_Na + mu_F,0.09,0.0125,0.0125,3.0077384860343592,kJ/mol,1.2133080364514364,0.03117301272425266,3.0077384860343592,1.3147694000042183,0.10146136355278199,0.0,0.0,NaClFWater/data/S0_NaClFWater_matrix_BC_s_loss_split0.csv,0,0.3202577445846318,0.1849008950459996,0.12919051873843876,0.07458818077038501,3
NaClFWater,NaCl/NaF/water,"BC S-loss, fixed kappa_D",0.005,298.15,F,NaF,neutral ion-pair NaF: mu_Na + mu_F,0.09,0.015,0.015,3.176918034860827,kJ/mol,1.2815542976032899,0.0329264351885854,3.176918034860827,1.3830156611560718,0.10146136355278199,0.0,0.0,NaClFWater/data/S0_NaClFWater_matrix_BC_s_loss_split0.csv,0,0.3107548453225386,0.1794143935989482,0.1253570923625013,0.07237495102031892,3
NaClFWater,NaCl/NaF/water,"BC S-loss, fixed kappa_D",0.005,298.15,F,NaF,neutral ion-pair NaF: mu_Na + mu_F,0.09,0.0175,0.0175,3.360568977931321,kJ/mol,1.355638253427224,0.03482984308516279,3.360568977931321,1.457099616980006,0.10146136355278199,0.0,0.0,NaClFWater/data/S0_NaClFWater_matrix_BC_s_loss_split0.csv,0,0.30866681575573807,0.17820886916648,0.12451479072440658,0.07188864794282605,3
NaClFWater,NaCl/NaF/water,"BC S-loss, fixed kappa_D",0.005,298.15,F,NaF,neutral ion-pair NaF: mu_Na + mu_F,0.09,0.02,0.02,3.5719828386610675,kJ/mol,1.4409216440649617,0.037020993346800424,3.5719828386610675,1.5423830076177436,0.10146136355278199,0.0,0.0,NaClFWater/data/S0_NaClFWater_matrix_BC_s_loss_split0.csv,0,0.3094160740310083,0.1786414536333998,0.12481703810760966,0.07206315055088022,3
NaClFWater,NaCl/NaF/water,"BC S-loss, fixed kappa_D",0.005,298.15,F,NaF,neutral ion-pair NaF: mu_Na + mu_F,0.09,0.0225,0.0225,3.816551188927018,kJ/mol,1.5395794051094032,0.039555765678301213,3.816551188927018,1.641040768662185,0.10146136355278199,0.0,0.0,NaClFWater/data/S0_NaClFWater_matrix_BC_s_loss_split0.csv,0,0.3084981888062185,0.17811151235178224,0.12444676737930399,0.0718493746462199,3
NaClFWater,NaCl/NaF/water,"BC S-loss, fixed kappa_D",0.005,298.15,F,NaF,neutral ion-pair NaF: mu_Na + mu_F,0.09,0.025,0.025,4.092674411737707,kJ/mol,1.6509662583357283,0.042417581217819134,4.092674411737707,1.7524276218885102,0.10146136355278199,0.0,0.0,NaClFWater/data/S0_NaClFWater_matrix_BC_s_loss_split0.csv,0,0.3020537425388039,0.17439080956451236,0.12184710704213048,0.07034846005075118,3
NaClFWater,NaCl/NaF/water,"BC S-loss, fixed kappa_D",0.005,298.15,F,NaF,neutral ion-pair NaF: mu_Na + mu_F,0.0925,0.0,0.0,1.4763178530174166,kJ/mol,0.5955399127084547,0.015300956326768754,1.4763178530174166,0.6970012762612368,0.10146136355278199,0.0,0.0,NaClFWater/data/S0_NaClFWater_matrix_BC_s_loss_split0.csv,0,0.7389950254229829,0.42665897685775356,0.29810723485655327,0.17211229229180602,3
NaClFWater,NaCl/NaF/water,"BC S-loss, fixed kappa_D",0.005,298.15,F,NaF,neutral ion-pair NaF: mu_Na + mu_F,0.0925,0.0025,0.0025,2.121568671209913,kJ/mol,0.8558311603933696,0.021988509802326913,2.121568671209913,0.9572925239461516,0.10146136355278199,0.0,0.0,NaClFWater/data/S0_NaClFWater_matrix_BC_s_loss_split0.csv,0,0.5762009250477815,0.33266975918364805,0.23243683459095746,0.1341974690206738,3
NaClFWater,NaCl/NaF/water,"BC S-loss, fixed kappa_D",0.005,298.15,F,NaF,neutral ion-pair NaF: mu_Na + mu_F,0.0925,0.005,0.005,2.572917680775964,kJ/mol,1.0379032996746402,0.026666412646477514,2.572917680775964,1.1393646632274221,0.10146136355278199,0.0,0.0,NaClFWater/data/S0_NaClFWater_matrix_BC_s_loss_split0.csv,0,0.45405899083285317,0.2621510805853176,0.18316533340865612,0.10575055454969517,3
NaClFWater,NaCl/NaF/water,"BC S-loss, fixed kappa_D",0.005,298.15,F,NaF,neutral ion-pair NaF: mu_Na + mu_F,0.0925,0.0075,0.0075,2.888154217038625,kJ/mol,1.1650682857951231,0.02993360911375476,2.888154217038625,1.266529649347905,0.10146136355278199,0.0,0.0,NaClFWater/data/S0_NaClFWater_matrix_BC_s_loss_split0.csv,0,0.3696625785963907,0.21342478926195735,0.14912020425609496,0.08609459006886841,3
NaClFWater,NaCl/NaF/water,"BC S-loss, fixed kappa_D",0.005,298.15,F,NaF,neutral ion-pair NaF: mu_Na + mu_F,0.0925,0.01,0.01,3.117304595566206,kJ/mol,1.2575065071080338,0.03230858542860915,3.117304595566206,1.3589678706608157,0.10146136355278199,0.0,0.0,NaClFWater/data/S0_NaClFWater_matrix_BC_s_loss_split0.csv,0,0.3183536646852674,0.183801574003543,0.12842242156021944,0.07414471965777629,3
NaClFWater,NaCl/NaF/water,"BC S-loss, fixed kappa_D",0.005,298.15,F,NaF,neutral ion-pair NaF: mu_Na + mu_F,0.0925,0.0125,0.0125,3.3017957066538646,kJ/mol,1.3319293828919072,0.03422070105307285,3.3017957066538646,1.4333907464446891,0.10146136355278199,0.0,0.0,NaClFWater/data/S0_NaClFWater_matrix_BC_s_loss_split0.csv,0,0.29408447546404287,0.16978975107365504,0.11863234092089629,0.06849241396527493,3
NaClFWater,NaCl/NaF/water,"BC S-loss, fixed kappa_D",0.005,298.15,F,NaF,neutral ion-pair NaF: mu_Na + mu_F,0.0925,0.015,0.015,3.4739966125832202,kJ/mol,1.4013944457683605,0.036005437677147256,3.4739966125832202,1.5028558093211424,0.10146136355278199,0.0,0.0,NaClFWater/data/S0_NaClFWater_matrix_BC_s_loss_split0.csv,0,0.2898569255361336,0.16734897398476406,0.11692696649228537,0.06750781557984732,3
NaClFWater,NaCl/NaF/water,"BC S-loss, fixed kappa_D",0.005,298.15,F,NaF,neutral ion-pair NaF: mu_Na + mu_F,0.0925,0.0175,0.0175,3.657136111249795,kJ/mol,1.4752720872440377,0.03790354482600833,3.657136111249795,1.5767334507968196,0.10146136355278199,0.0,0.0,NaClFWater/data/S0_NaClFWater_matrix_BC_s_loss_split0.csv,0,0.2981512858677758,0.17213772515499343,0.12027287375594321,0.0694395760392037,3
NaClFWater,NaCl/NaF/water,"BC S-loss, fixed kappa_D",0.005,298.15,F,NaF,neutral ion-pair NaF: mu_Na + mu_F,0.0925,0.02,0.02,3.865580140614358,kJ/mol,1.5593574614056043,0.04006391495454409,3.865580140614358,1.6608188249583862,0.10146136355278199,0.0,0.0,NaClFWater/data/S0_NaClFWater_matrix_BC_s_loss_split0.csv,0,0.3113794194729939,0.17977499165284244,0.12560904273638734,0.07252041463650444,3
NaClFWater,NaCl/NaF/water,"BC S-loss, fixed kappa_D",0.005,298.15,F,NaF,neutral ion-pair NaF: mu_Na + mu_F,0.0925,0.0225,0.0225,4.105439814213874,kJ/mol,1.6561157636816175,0.04254988529135062,4.105439814213874,1.7575771272343994,0.10146136355278199,0.0,0.0,NaClFWater/data/S0_NaClFWater_matrix_BC_s_loss_split0.csv,0,0.32248819464130046,0.18618864598663126,0.13009027215490948,0.07510765364758867,3
NaClFWater,NaCl/NaF/water,"BC S-loss, fixed kappa_D",0.005,298.15,F,NaF,neutral ion-pair NaF: mu_Na + mu_F,0.095,0.0,0.0,1.6487599728907465,kJ/mol,0.6651022801936985,0.01708819295720332,1.6487599728907465,0.7665636437464806,0.10146136355278199,0.0,0.0,NaClFWater/data/S0_NaClFWater_matrix_BC_s_loss_split0.csv,0,0.8631781662311895,0.4983561466321848,0.3482021495022197,0.2010346047475129,3
NaClFWater,NaCl/NaF/water,"BC S-loss, fixed kappa_D",0.005,298.15,F,NaF,neutral ion-pair NaF: mu_Na + mu_F,0.095,0.0025,0.0025,2.3393141322298807,kJ/mol,0.9436686898139152,0.024245282476726967,2.3393141322298807,1.0451300533666972,0.10146136355278199,0.0,0.0,NaClFWater/data/S0_NaClFWater_matrix_BC_s_loss_split0.csv,0,0.6263222386977261,0.36160731311158123,0.25265554473858104,0.14587074676707132,3
NaClFWater,NaCl/NaF/water,"BC S-loss, fixed kappa_D",0.005,298.15,F,NaF,neutral ion-pair NaF: mu_Na + mu_F,0.095,0.005,0.005,2.8228435597139483,kJ/mol,1.1387222634378287,0.02925671184982548,2.8228435597139483,1.2401836269906106,0.10146136355278199,0.0,0.0,NaClFWater/data/S0_NaClFWater_matrix_BC_s_loss_split0.csv,0,0.4562535810996882,0.26341812786663577,0.1840506211488744,0.10626167566482048,3
NaClFWater,NaCl/NaF/water,"BC S-loss, fixed kappa_D",0.005,298.15,F,NaF,neutral ion-pair NaF: mu_Na + mu_F,0.095,0.0075,0.0075,3.1592481976988207,kJ/mol,1.2744263655935768,0.032743300231459216,3.1592481976988207,1.3758877291463587,0.10146136355278199,0.0,0.0,NaClFWater/data/S0_NaClFWater_matrix_BC_s_loss_split0.csv,0,0.3458828641813404,0.19969556474317565,0.1395275755291402,0.08055628329112494,3
NaClFWater,NaCl/NaF/water,"BC S-loss, fixed kappa_D",0.005,298.15,F,NaF,neutral ion-pair NaF: mu_Na + mu_F,0.095,0.01,0.01,3.400582494339273,kJ/mol,1.3717795241028072,0.03524455395910309,3.400582494339273,1.4732408876555891,0.10146136355278199,0.0,0.0,NaClFWater/data/S0_NaClFWater_matrix_BC_s_loss_split0.csv,0,0.2852068701461993,0.1646642632536388,0.11505115528039016,0.0664248154717107,3
NaClFWater,NaCl/NaF/water,"BC S-loss, fixed kappa_D",0.005,298.15,F,NaF,neutral ion-pair NaF: mu_Na + mu_F,0.095,0.0125,0.0125,3.5901500674010647,kJ/mol,1.448250221576816,0.037209283404365585,3.5901500674010647,1.549711585129598,0.10146136355278199,0.0,0.0,NaClFWater/data/S0_NaClFWater_matrix_BC_s_loss_split0.csv,0,0.2623843428475745,0.15148767097419022,0.10584465148621791,0.06110943802785004,3
NaClFWater,NaCl/NaF/water,"BC S-loss, fixed kappa_D",0.005,298.15,F,NaF,neutral ion-pair NaF: mu_Na + mu_F,0.095,0.015,0.015,3.761984022070144,kJ/mol,1.5175672579825017,0.038990216846627845,3.761984022070144,1.6190286215352836,0.10146136355278199,0.0,0.0,NaClFWater/data/S0_NaClFWater_matrix_BC_s_loss_split0.csv,0,0.2660685902842532,0.15361477222351785,0.10733086015893104,0.06196750100511292,3
NaClFWater,NaCl/NaF/water,"BC S-loss, fixed kappa_D",0.005,298.15,F,NaF,neutral ion-pair NaF: mu_Na + mu_F,0.095,0.0175,0.0175,3.94071284187821,kJ/mol,1.5896656516512024,0.04084261053043293,3.94071284187821,1.6911270152039843,0.10146136355278199,0.0,0.0,NaClFWater/data/S0_NaClFWater_matrix_BC_s_loss_split0.csv,0,0.2861928806885908,0.16523353670571234,0.1154489074522178,0.06665445779518614,3
NaClFWater,NaCl/NaF/water,"BC S-loss, fixed kappa_D",0.005,298.15,F,NaF,neutral ion-pair NaF: mu_Na + mu_F,0.095,0.02,0.02,4.141797338958219,kJ/mol,1.670782223934935,0.04292670448182889,4.141797338958219,1.772243587487717,0.10146136355278199,0.0,0.0,NaClFWater/data/S0_NaClFWater_matrix_BC_s_loss_split0.csv,0,0.31312289593164155,0.18078158825556845,0.12631235321649154,0.07292647113151648,3
NaClFWater,NaCl/NaF/water,"BC S-loss, fixed kappa_D",0.005,298.15,F,NaF,neutral ion-pair NaF: mu_Na + mu_F,0.0975,0.0,0.0,1.8274147539276087,kJ/mol,0.7371708069585685,0.01893981928321864,1.8274147539276087,0.8386321705113505,0.10146136355278199,0.0,0.0,NaClFWater/data/S0_NaClFWater_matrix_BC_s_loss_split0.csv,0,0.9631792794378753,0.5560918162613271,0.38854214410984134,0.22432491149333128,3
NaClFWater,NaCl/NaF/water,"BC S-loss, fixed kappa_D",0.005,298.15,F,NaF,neutral ion-pair NaF: mu_Na + mu_F,0.0975,0.0025,0.0025,2.560300463471133,kJ/mol,1.0328135715534332,0.02653564440402079,2.560300463471133,1.1342749351062151,0.10146136355278199,0.0,0.0,NaClFWater/data/S0_NaClFWater_matrix_BC_s_loss_split0.csv,0,0.6487450805897033,0.3745531469139107,0.2617008172561017,0.1510930372899554,3
NaClFWater,NaCl/NaF/water,"BC S-loss, fixed kappa_D",0.005,298.15,F,NaF,neutral ion-pair NaF: mu_Na + mu_F,0.0975,0.005,0.005,3.072984818641722,kJ/mol,1.2396281105100933,0.031849243309466146,3.072984818641722,1.3410894740628752,0.10146136355278199,0.0,0.0,NaClFWater/data/S0_NaClFWater_matrix_BC_s_loss_split0.csv,0,0.43178689087328215,0.24929227767824103,0.17418086950161396,0.1005633718944399,3
NaClFWater,NaCl/NaF/water,"BC S-loss, fixed kappa_D",0.005,298.15,F,NaF,neutral ion-pair NaF: mu_Na + mu_F,0.0975,0.0075,0.0075,3.4273441613332722,kJ/mol,1.3825750589484804,0.03552191909227532,3.4273441613332722,1.4840364225012623,0.10146136355278199,0.0,0.0,NaClFWater/data/S0_NaClFWater_matrix_BC_s_loss_split0.csv,0,0.30188248800701684,0.17429193571448515,0.12177802374228212,0.07030857478898722,3
NaClFWater,NaCl/NaF/water,"BC S-loss, fixed kappa_D",0.005,298.15,F,NaF,neutral ion-pair NaF: mu_Na + mu_F,0.0975,0.01,0.01,3.677355976136171,kJ/mol,1.4834286888490356,0.03811310895810038,3.677355976136171,1.5848900524018175,0.10146136355278199,0.0,0.0,NaClFWater/data/S0_NaClFWater_matrix_BC_s_loss_split0.csv,0,0.2414562763283796,0.13940484613571463,0.09740236456099757,0.05623528139899802,3
NaClFWater,NaCl/NaF/water,"BC S-loss, fixed kappa_D",0.005,298.15,F,NaF,neutral ion-pair NaF: mu_Na + mu_F,0.0975,0.0125,0.0125,3.8681259935329795,kJ/mol,1.560384446903223,0.040090300860697425,3.8681259935329795,1.661845810456005,0.10146136355278199,0.0,0.0,NaClFWater/data/S0_NaClFWater_matrix_BC_s_loss_split0.csv,0,0.22681028752042467,0.13094898055489362,0.09149423923528183,0.05282422365178999,3
NaClFWater,NaCl/NaF/water,"BC S-loss, fixed kappa_D",0.005,298.15,F,NaF,neutral ion-pair NaF: mu_Na + mu_F,0.0975,0.015,0.015,4.0353074150228005,kJ/mol,1.6278246725680607,0.04182301419450596,4.0353074150228005,1.7292860361208426,0.10146136355278199,0.0,0.0,NaClFWater/data/S0_NaClFWater_matrix_BC_s_loss_split0.csv,0,0.24021849563292752,0.13869021311799765,0.09690304945360728,0.05594700168733579,3
NaClFWater,NaCl/NaF/water,"BC S-loss, fixed kappa_D",0.005,298.15,F,NaF,neutral ion-pair NaF: mu_Na + mu_F,0.0975,0.0175,0.0175,4.204914174240561,kJ/mol,1.6962432684502833,0.043580864382533946,4.204914174240561,1.7977046320030652,0.10146136355278199,0.0,0.0,NaClFWater/data/S0_NaClFWater_matrix_BC_s_loss_split0.csv,0,0.2722131141933085,0.157162314756453,0.10980953317975427,0.06339856354091827,3
NaClFWater,NaCl/NaF/water,"BC S-loss, fixed kappa_D",0.005,298.15,F,NaF,neutral ion-pair NaF: mu_Na + mu_F,0.1,0.0,0.0,2.0143644497660795,kJ/mol,0.8125854646577608,0.0208774163430121,2.0143644497660795,0.9140468282105428,0.10146136355278199,0.0,0.0,NaClFWater/data/S0_NaClFWater_matrix_BC_s_loss_split0.csv,0,1.0318002721853863,0.5957101648961619,0.4162235407327257,0.24030677328509836,3
NaClFWater,NaCl/NaF/water,"BC S-loss, fixed kappa_D",0.005,298.15,F,NaF,neutral ion-pair NaF: mu_Na + mu_F,0.1,0.0025,0.0025,2.784992644804512,kJ/mol,1.1234533763786982,0.028864414760974455,2.784992644804512,1.2249147399314801,0.10146136355278199,0.0,0.0,NaClFWater/data/S0_NaClFWater_matrix_BC_s_loss_split0.csv,0,0.6367362247677741,0.36761983077246047,0.25685649939236876,0.14829616906728907,3
NaClFWater,NaCl/NaF/water,"BC S-loss, fixed kappa_D",0.005,298.15,F,NaF,neutral ion-pair NaF: mu_Na + mu_F,0.1,0.005,0.005,3.3223476612285205,kJ/mol,1.3402199479679595,0.034433707052244245,3.3223476612285205,1.4416813115207414,0.10146136355278199,0.0,0.0,NaClFWater/data/S0_NaClFWater_matrix_BC_s_loss_split0.csv,0,0.3736115325412653,0.21570471888504814,0.15071319433124283,0.08701430331757143,3
NaClFWater,NaCl/NaF/water,"BC S-loss, fixed kappa_D",0.005,298.15,F,NaF,neutral ion-pair NaF: mu_Na + mu_F,0.1,0.0075,0.0075,3.690136823788824,kJ/mol,1.488584424708928,0.03824557310960586,3.690136823788824,1.5900457882617098,0.10146136355278199,0.0,0.0,NaClFWater/data/S0_NaClFWater_matrix_BC_s_loss_split0.csv,0,0.23454027502816793,0.13541189092332162,0.09461248106659886,0.05462454141249923,3
NaClFWater,NaCl/NaF/water,"BC S-loss, fixed kappa_D",0.005,298.15,F,NaF,neutral ion-pair NaF: mu_Na + mu_F,0.1,0.01,0.01,3.9441440718238474,kJ/mol,1.59104979421788,0.040878172722841555,3.9441440718238474,1.692511157770662,0.10146136355278199,0.0,0.0,NaClFWater/data/S0_NaClFWater_matrix_BC_s_loss_split0.csv,0,0.19279531092098917,0.1113104246587307,0.07777275225779624,0.04490211945165674,3
NaClFWater,NaCl/NaF/water,"BC S-loss, fixed kappa_D",0.005,298.15,F,NaF,neutral ion-pair NaF: mu_Na + mu_F,0.1,0.0125,0.0125,4.131191494099895,kJ/mol,1.6665038743178684,0.042816782645786595,4.131191494099895,1.7679652378706503,0.10146136355278199,0.0,0.0,NaClFWater/data/S0_NaClFWater_matrix_BC_s_loss_split0.csv,0,0.1947591042652951,0.11244422127469852,0.07856493756833427,0.04535948785394393,3
NaClFWater,NaCl/NaF/water,"BC S-loss, fixed kappa_D",0.005,298.15,F,NaF,neutral ion-pair NaF: mu_Na + mu_F,0.1,0.015,0.015,4.288498226959175,kJ/mol,1.7299606954651519,0.0444471520438583,4.288498226959175,1.8314220590179338,0.10146136355278199,0.0,0.0,NaClFWater/data/S0_NaClFWater_matrix_BC_s_loss_split0.csv,0,0.21528933265542335,0.12429735416226358,0.08684673840028376,0.05014098779364484,3
