algorithm,method,kcut,file,split,source,n_O,n_Na,n_Cl,n_F,n_X,x_O,x_Na,x_Cl,x_F,x_X,x_F_anion,n_fit_points,fit_rmse_scaled,fit_success,kappa_D_input,kappa_D_fit,S0_OO,S0_ONa,S0_OCl,S0_OF,S0_NaNa,S0_NaCl,S0_NaF,S0_ClCl,S0_ClF,S0_FF,S0_OO_std_split1_to3,S0_OO_se_split1_to3,S0_OO_uncertainty_n_splits,S0_ONa_std_split1_to3,S0_ONa_se_split1_to3,S0_ONa_uncertainty_n_splits,S0_OCl_std_split1_to3,S0_OCl_se_split1_to3,S0_OCl_uncertainty_n_splits,S0_OF_std_split1_to3,S0_OF_se_split1_to3,S0_OF_uncertainty_n_splits,S0_NaNa_std_split1_to3,S0_NaNa_se_split1_to3,S0_NaNa_uncertainty_n_splits,S0_NaCl_std_split1_to3,S0_NaCl_se_split1_to3,S0_NaCl_uncertainty_n_splits,S0_NaF_std_split1_to3,S0_NaF_se_split1_to3,S0_NaF_uncertainty_n_splits,S0_ClCl_std_split1_to3,S0_ClCl_se_split1_to3,S0_ClCl_uncertainty_n_splits,S0_ClF_std_split1_to3,S0_ClF_se_split1_to3,S0_ClF_uncertainty_n_splits,S0_FF_std_split1_to3,S0_FF_se_split1_to3,S0_FF_uncertainty_n_splits
matrix_BC_s_loss,"BC S-loss, fixed kappa_D",0.0025,O31872-Na64-Cl32-F32-allSk.dat,0,main,31872,64,32,32,128,0.996,0.002,0.001,0.001,0.004,0.5,89,0.8816342906432306,1,0.1090765135081884,0.1090765135081884,0.0621008437402673,0.0061097949844923,-0.0214408690069459,0.0300814239373341,0.5250647842645345,0.3501350654307958,0.3924186736006121,0.7212610923245184,-0.2260953341298957,0.7810591444643422,0.0004631148293990743,0.00026737947141926315,3,0.001135599435752982,0.0006556386399235713,3,0.0017898710547734416,0.001033382535288166,3,0.002231426557506881,0.0012883147236534777,3,0.009861876280317844,0.005693756925156293,3,0.016354165317456773,0.00944208174840531,3,0.011440846794430993,0.0066053759765220006,3,0.047358742188230434,0.02734258255085693,3,0.037042415193076876,0.021386448383156818,3,0.04991704625086177,0.028819620090086043,3
matrix_BC_s_loss,"BC S-loss, fixed kappa_D",0.005,O31872-Na64-Cl32-F32-allSk.dat,0,main,31872,64,32,32,128,0.996,0.002,0.001,0.001,0.004,0.5,229,0.8496066486669426,1,0.1090765135081884,0.1090765135081884,0.0620404597992632,0.0054185210175922,-0.0229671487640095,0.0306300946750921,0.5285140383522242,0.3558455997638535,0.3915861211784359,0.7347867495788147,-0.2315450762819847,0.7853314796896033,0.00024400089599515046,0.00014087398298531,3,0.00025777972549644024,0.00014882919390699762,3,0.0012757416341384576,0.0007365497758862516,3,0.0014957986511286289,0.000863599753882593,3,0.00984173611877441,0.005682128997467669,3,0.00839273515004261,0.004845547898114336,3,0.0064916592447097216,0.0037479612124204807,3,0.02162211947925605,0.012483536501798733,3,0.00983539412878918,0.005678467447842498,3,0.01710081626205201,0.009873160872258058,3
matrix_BC_s_loss,"BC S-loss, fixed kappa_D",0.01,O31872-Na64-Cl32-F32-allSk.dat,0,main,31872,64,32,32,128,0.996,0.002,0.001,0.001,0.004,0.5,467,0.8044375346745954,1,0.1090765135081884,0.1090765135081884,0.0614661267247125,0.0038546382235129,-0.0237927981180154,0.0292440797717492,0.5290596809595876,0.3561431751229455,0.392060200994886,0.7366121273313684,-0.2329496189258826,0.787406472439572,0.00016911059818614353,9.763604938558861e-05,3,0.00016750321622425817,9.670802697720355e-05,3,0.0009336179051117806,0.000539024548836541,3,0.0008276469318353272,0.00047784217888909405,3,0.012872615379946351,0.007432007954786543,3,0.012547556400184257,0.007244335065318392,3,0.006151332278669588,0.003551473346964721,3,0.01818016591700733,0.010496323686096242,3,0.0017556819398283452,0.0010136434405712594,3,0.008371299989368853,0.004833172302329219,3
matrix_BC_s_loss,"BC S-loss, fixed kappa_D",0.0025,O31616-Na192-Cl160-F32-allSk.dat,0,main,31616,192,160,32,384,0.988,0.006,0.005,0.001,0.012,0.1666666666666666,89,0.77672186781616,1,0.1895983020700457,0.1895983020700457,0.0615941612892091,-0.0169981988130794,-0.0339082067586446,0.03418414166902,0.5173355632920809,0.4723287481160514,0.2110489673460426,0.5919972614595843,-0.1667816953854592,0.8898974890236633,0.0006483977360485977,0.00037435260744960185,3,0.0018553819033212528,0.0010712052413320856,3,0.0006159543393207065,0.000355621403615328,3,0.003596188600198618,0.002076260456381336,3,0.04538131673686867,0.026200915434210797,3,0.047392100974040514,0.027361842254824218,3,0.026478106182728455,0.015287141732229769,3,0.04204256248085766,0.02427328476574483,3,0.026549072833294194,0.015328114347037384,3,0.058273850346482844,0.03364442318425784,3
matrix_BC_s_loss,"BC S-loss, fixed kappa_D",0.005,O31616-Na192-Cl160-F32-allSk.dat,0,main,31616,192,160,32,384,0.988,0.006,0.005,0.001,0.012,0.1666666666666666,229,0.7230682056241403,1,0.1895983020700457,0.1895983020700457,0.0617804676552321,-0.0180271569997673,-0.0358470674427778,0.0359991434335986,0.5171838971266164,0.4667193507132046,0.2232204565349873,0.5866262227960506,-0.1685118492254868,0.9235801685442137,0.00023895162275774085,0.00013795878372247958,3,0.0020573017475574965,0.0011877837177566083,3,0.0009877908079236773,0.000570301288857773,3,0.002861992913346155,0.001652372378939204,3,0.049861917811453146,0.02878779167075347,3,0.04609761782688659,0.026614472061353464,3,0.01907435914707914,0.011012586388185742,3,0.03930462908305731,0.022692538181501534,3,0.025035482454642776,0.01445424253448016,3,0.009849771514145527,0.005686768235148228,3
matrix_BC_s_loss,"BC S-loss, fixed kappa_D",0.01,O31616-Na192-Cl160-F32-allSk.dat,0,main,31616,192,160,32,384,0.988,0.006,0.005,0.001,0.012,0.1666666666666666,467,0.6934877360595474,1,0.1895983020700457,0.1895983020700457,0.0613182502498115,-0.0182296032442109,-0.0358112694053928,0.0354232065893152,0.5143284311103454,0.459241843302375,0.2329462366901384,0.5770099783416476,-0.1653253506415982,0.9402781398310386,0.00011119852364631387,6.420049756068828e-05,3,0.0008338723944539103,0.00048143645140776297,3,0.00028214020833597787,0.00016289372523199393,3,0.0015151917002541493,0.0008747963360156199,3,0.02801663221390301,0.016175410150483644,3,0.025879839768900903,0.01494173245715932,3,0.010758801174731701,0.00621159675438901,3,0.023946866039893308,0.01382572955438031,3,0.009871387517589173,0.005699248240555221,3,0.004737614784195635,0.0027352631709721006,3
matrix_BC_s_loss,"BC S-loss, fixed kappa_D",0.0025,O31616-Na192-Cl32-F160-allSk.dat,0,main,31616,192,32,160,384,0.988,0.006,0.001,0.005,0.012,0.8333333333333334,89,0.9039570238518716,1,0.1895983020700457,0.1895983020700457,0.062504059243773,0.0301154841231337,-0.0326522436825384,0.0475923872672668,0.5448313778608815,0.1941258691250421,0.510017143471087,0.8785047578467422,-0.1802250363902989,0.6392948749101424,0.00017260117439070807,9.965133449692086e-05,3,0.0023693478805426613,0.0013679436366351749,3,0.004885056559675672,0.002820388719735296,3,0.0017111570093254502,0.0009879369599597636,3,0.05138552760687575,0.029667448196280664,3,0.027564498353132752,0.01591437054425819,3,0.0447073516795801,0.02581180152696084,3,0.06564864864766402,0.03790226496866399,3,0.0550431616417151,0.0317791841908923,3,0.024359925208297824,0.0140642093764499,3
matrix_BC_s_loss,"BC S-loss, fixed kappa_D",0.005,O31616-Na192-Cl32-F160-allSk.dat,0,main,31616,192,32,160,384,0.988,0.006,0.001,0.005,0.012,0.8333333333333334,229,0.8336384280476206,1,0.1895983020700457,0.1895983020700457,0.0621803097132317,0.0302025844700509,-0.0342268371431589,0.0483919805197878,0.5559656886812989,0.1978737245043019,0.5205380779887467,0.9112169063223736,-0.1907487840596391,0.6555263442661963,6.430437541356617e-05,3.7126148455093186e-05,3,0.0022078033703707366,0.001274675870201308,3,0.002948344461544816,0.001702227468536642,3,0.0018728102054883277,0.0010812674762797644,3,0.030209626150375573,0.017441535790037297,3,0.008884265605919914,0.005129333139129996,3,0.030306842886330912,0.01749766389871085,3,0.05705983555710004,0.03294351141880749,3,0.028840934595048398,0.016651321352131584,3,0.020798037665101125,0.01200775264456211,3
matrix_BC_s_loss,"BC S-loss, fixed kappa_D",0.01,O31616-Na192-Cl32-F160-allSk.dat,0,main,31616,192,32,160,384,0.988,0.006,0.001,0.005,0.012,0.8333333333333334,467,0.7559799228713865,1,0.1895983020700457,0.1895983020700457,0.0613256480145157,0.0276825950288681,-0.033721236981406,0.0454053591303436,0.5614443377428942,0.1977795950737014,0.5265817333012287,0.8998990501787764,-0.1857903985452398,0.6599293795412913,0.00017442729538815605,0.00010070564594637026,3,0.0013265411838492027,0.000765878909586462,3,0.0013219775825455268,0.0007632441131453107,3,0.0009728864003073229,0.0005616962251083589,3,0.009505208814480587,0.005487834867743971,3,0.0012469971519909124,0.00071995414138065,3,0.010901851442216712,0.006294186864829129,3,0.023985562278345574,0.013848070838067352,3,0.009649865026898347,0.005571352170923316,3,0.007784615200496014,0.004494449681544026,3
matrix_BC_s_loss,"BC S-loss, fixed kappa_D",0.0025,O31360-Na320-Cl160-F160-allSk.dat,0,main,31360,320,160,160,640,0.98,0.01,0.005,0.005,0.02,0.5,86,0.8406343642212275,1,0.2445270316186424,0.2445270316186424,0.0635895530292963,0.0071291314431593,-0.0513424540965165,0.0614245684713729,0.5151098917436592,0.3385432622242304,0.3899321327921894,0.7050650814845087,-0.2262926085969711,0.7777399191967521,0.0003531370851237764,0.00020388379115705212,3,0.003912552849463538,0.0022589134408564113,3,0.005243506283537861,0.0030273397642980784,3,0.007126712503949808,0.004114609382592494,3,0.04127320300319692,0.023829094864213817,3,0.023498056742963482,0.013566609385983069,3,0.04125993983972854,0.02382143737321504,3,0.03445482969539444,0.019892505199518695,3,0.06355824154741795,0.03669536786662101,3,0.07351144016136317,0.04244184976568009,3
matrix_BC_s_loss,"BC S-loss, fixed kappa_D",0.005,O31360-Na320-Cl160-F160-allSk.dat,0,main,31360,320,160,160,640,0.98,0.01,0.005,0.005,0.02,0.5,228,0.7437183830122466,1,0.2445270316186424,0.2445270316186424,0.0639273092651909,0.0066751610621688,-0.0546073011149516,0.0640474044200957,0.5337562529302843,0.3408999866821965,0.4139453452132557,0.7183255097333612,-0.2362201251545914,0.8216272464363904,0.0001682958405021069,9.716564881738575e-05,3,0.0030995916686941314,0.0017895500842984781,3,0.002782291113825948,0.0016063565235313148,3,0.0036620178406267957,0.002114266986063093,3,0.014974991207861764,0.008645815204971269,3,0.015484393672346514,0.008939918854967399,3,0.02936228220620186,0.016952321535772405,3,0.010159527679689431,0.0058656060407081476,3,0.01991137226312489,0.011495836136050003,3,0.051389280849732086,0.0296696151320541,3
matrix_BC_s_loss,"BC S-loss, fixed kappa_D",0.01,O31360-Na320-Cl160-F160-allSk.dat,0,main,31360,320,160,160,640,0.98,0.01,0.005,0.005,0.02,0.5,467,0.6754730767759345,1,0.2445270316186424,0.2445270316186424,0.063324033053267,0.0053911229159747,-0.05526979450811,0.0628939936523019,0.5387065013567593,0.3379694739059115,0.4238765664513778,0.7149193158886539,-0.236958302222814,0.8364102912704929,0.00030496093791732866,0.00017606927959889045,3,0.001481979544276158,0.0008556212888213589,3,0.00044348789481356125,0.00025604785545295004,3,0.001743476684502984,0.001006596733123634,3,0.009423904114470088,0.005440893577306528,3,0.004389598734852202,0.00253433601120136,3,0.016937089102985747,0.0097786329528975,3,0.004440660924712623,0.0025638167802626856,3,0.002401524820831577,0.001386521001772679,3,0.02634815885118555,0.015212116605382998,3
matrix_BC_s_loss,"BC S-loss, fixed kappa_D",0.0025,O31296-Na352-Cl320-F32-allSk.dat,0,main,31296,352,320,32,704,0.978,0.011,0.01,0.001,0.022,0.0909090909090909,89,0.8269167587492168,1,0.2551535003183825,0.2551535003183825,0.0608905547213607,-0.025390401867634,-0.0393414055368471,0.0401980115775152,0.419588916449202,0.3955745244708587,0.1407025203878574,0.4656930205047863,-0.1606783609455219,0.9747670584743496,0.0005457651518114779,0.00031509765731267377,3,0.002091387686239125,0.0012074632436300276,3,0.003217444293217813,0.0018575923287919298,3,0.0032923806905350446,0.0019008568779551342,3,0.026844636857425885,0.015498758315932585,3,0.02228359752895549,0.012865441031855732,3,0.03956402096446306,0.022842298154056747,3,0.028628200656580925,0.016528499355491617,3,0.02997410170034639,0.01730555568541221,3,0.08284003283278799,0.04782771525568758,3
matrix_BC_s_loss,"BC S-loss, fixed kappa_D",0.005,O31296-Na352-Cl320-F32-allSk.dat,0,main,31296,352,320,32,704,0.978,0.011,0.01,0.001,0.022,0.0909090909090909,229,0.7660656596568693,1,0.2551535003183825,0.2551535003183825,0.061081982150437,-0.0279098026446887,-0.0414411037144964,0.0384819331437716,0.4577505661435137,0.4257721550696658,0.1717771011722455,0.4880125806260784,-0.1311047970478708,0.9843099630086484,0.0003808723946290347,0.00021989677956597058,3,0.00046238966946739857,0.00026696080013750465,3,0.0002170537373981548,0.00012531603371543901,3,0.0012640435912612711,0.0007297959076821162,3,0.01584579479038348,0.009148573887751473,3,0.004951841178127515,0.0028589468371761945,3,0.03928833643634697,0.02268313161753751,3,0.00509536461016145,0.0029418101292960058,3,0.026317453868655367,0.015194389075453734,3,0.04723709087876504,0.027272347134589814,3
matrix_BC_s_loss,"BC S-loss, fixed kappa_D",0.01,O31296-Na352-Cl320-F32-allSk.dat,0,main,31296,352,320,32,704,0.978,0.011,0.01,0.001,0.022,0.0909090909090909,467,0.7390116138814731,1,0.2551535003183825,0.2551535003183825,0.0608388740832944,-0.0306566351706172,-0.0429748842539431,0.0342219602288158,0.4690120185160642,0.4380209730212455,0.1703929499147026,0.497812745548715,-0.1214709063779299,0.9492542153882214,0.00021896381579485465,0.00012641881799194696,3,0.0007180845160176062,0.00041458628862366706,3,0.0007735524334028978,0.00044661070565745316,3,0.0006328772394806572,0.0003653918445781447,3,0.014987472440014606,0.008653021247714532,3,0.01088193625276056,0.006282688824835658,3,0.015931455555990973,0.009198030153833947,3,0.008987696811723645,0.005189049173643388,3,0.011731274838803176,0.006773054686120498,3,0.023135176478097593,0.013357100367379145,3
matrix_BC_s_loss,"BC S-loss, fixed kappa_D",0.0025,O31296-Na352-Cl32-F320-allSk.dat,0,main,31296,352,32,320,704,0.978,0.011,0.001,0.01,0.022,0.9090909090909092,86,0.9194378128321564,1,0.2551535003183825,0.2551535003183825,0.0625409936908436,0.0517078183437398,-0.0360513176195203,0.0656320450312736,0.6604052045149454,0.1094460892952044,0.6580289295557915,0.8824420432594559,-0.1642646491288406,0.7420916066996004,0.00043880537469357566,0.0002533444012011905,3,0.0016037746959373718,0.0009259397524189519,3,0.009418127454086163,0.005437558420878851,3,0.0015769087839375374,0.0009104287108938227,3,0.06211308753555318,0.03586100780885042,3,0.06659816527866445,0.03845046865117211,3,0.04438612663548221,0.025626342161280475,3,0.056314806315600596,0.03251336858567364,3,0.08747206630756797,0.05050202102924717,3,0.019881373544243252,0.011478516367628346,3
matrix_BC_s_loss,"BC S-loss, fixed kappa_D",0.005,O31296-Na352-Cl32-F320-allSk.dat,0,main,31296,352,32,320,704,0.978,0.011,0.001,0.01,0.022,0.9090909090909092,228,0.8494279760601271,1,0.2551535003183825,0.2551535003183825,0.0620150261881277,0.0503642637873268,-0.0368888800728359,0.0644877736280199,0.6427969800212318,0.1225179121439928,0.6354275945689779,0.9170485620417468,-0.1614983477874621,0.7175123452916592,0.0001727650895728936,9.974597097147994e-05,3,0.0020233022972022366,0.0011681541259416996,3,0.0023958355921664147,0.001383236324071366,3,0.001427695999704085,0.0008242806697501054,3,0.03014932462953281,0.017406720690746183,3,0.015386634513599846,0.008883477578349258,3,0.028391510014060796,0.016391845949317956,3,0.011347085463715639,0.006551242846993914,3,0.012759540868513847,0.0073667243551725015,3,0.027195126795336755,0.01570111377593368,3
matrix_BC_s_loss,"BC S-loss, fixed kappa_D",0.01,O31296-Na352-Cl32-F320-allSk.dat,0,main,31296,352,32,320,704,0.978,0.011,0.001,0.01,0.022,0.9090909090909092,467,0.752296456515768,1,0.2551535003183825,0.2551535003183825,0.0608360376940185,0.0448542747978376,-0.0375856534417294,0.0589291875083887,0.6209880694058305,0.1289786545650951,0.6105111500039577,0.9313576621418505,-0.1592471987288289,0.6906678819291426,0.00018245633676310154,0.0001053412151455297,3,0.0011524925217642628,0.0006653918676796278,3,0.0015926767915711237,0.0009195323743456578,3,0.0007187408172936226,0.00041496520434204464,3,0.02041594422086385,0.011787150891676128,3,0.00904104776719593,0.005219851362146835,3,0.01884487244895919,0.010880092181250751,3,0.0057618549137471685,0.003326608485483496,3,0.0084996132477972,0.004907253996623424,3,0.017716111846118272,0.010228401943349903,3
matrix_BC_s_loss,"BC S-loss, fixed kappa_D",0.0025,O31040-Na480-Cl320-F160-allSk.dat,0,main,31040,480,320,160,960,0.97,0.015,0.01,0.005,0.03,0.3333333333333333,86,0.8632005321604643,1,0.2998682691886077,0.2998682691886077,0.0661174581613625,-0.0101528303410941,-0.0704013824437481,0.0819773718703616,0.5054294389687684,0.3630182590518275,0.3620441225947759,0.6337877418936622,-0.2675451514988701,1.0054447967127136,0.0023902040450991075,0.0013799849488561023,3,0.005992459358454567,0.0034597480237116363,3,0.00830356259175194,0.004794064097580889,3,0.015884884316577755,0.009171142236222233,3,0.03330840789317827,0.01923061826340433,3,0.052263919963253594,0.03017458825968952,3,0.03811846613779674,0.022007706685752585,3,0.05743535649572859,0.033160318533811024,3,0.05380517469209769,0.031064432092277442,3,0.14132930644571348,0.0815965131208158,3
matrix_BC_s_loss,"BC S-loss, fixed kappa_D",0.005,O31040-Na480-Cl320-F160-allSk.dat,0,main,31040,480,320,160,960,0.97,0.015,0.01,0.005,0.03,0.3333333333333333,228,0.7310480899119929,1,0.2998682691886077,0.2998682691886077,0.0644623584017112,-0.009174331885369,-0.0632493956707978,0.0735577442185862,0.5098792747981573,0.3600913568469277,0.3738907291305269,0.5965965981292625,-0.2200184749147603,0.958750850530144,0.0008518527366045401,0.0004918174067885506,3,0.0029359984608217787,0.0016950995016957809,3,0.0022291556245227816,0.0012870035998837964,3,0.006271728002946994,0.0036209838507855613,3,0.02763090345506898,0.015952709547736636,3,0.021354739863636826,0.012329164808745154,3,0.03693198137286771,0.02132268938733142,3,0.019175612190896953,0.011071044860290225,3,0.010568323553114574,0.006101624448273762,3,0.06991532083803743,0.04036562930631997,3
matrix_BC_s_loss,"BC S-loss, fixed kappa_D",0.01,O31040-Na480-Cl320-F160-allSk.dat,0,main,31040,480,320,160,960,0.97,0.015,0.01,0.005,0.03,0.3333333333333333,467,0.6442238217327118,1,0.2998682691886077,0.2998682691886077,0.0639778619168216,-0.0115375017373534,-0.0636898531956435,0.0700875149733201,0.5061794980289033,0.3610285860489877,0.3661570855409101,0.5963397832602639,-0.2180319552476983,0.9425464238502186,0.00041142358135849434,0.00023753551544828663,3,0.0017612873559255452,0.0010168797290638978,3,0.0008481738210736804,0.0004896933839164829,3,0.0026060721167064384,0.0015046164381080402,3,0.018196984899999356,0.010506034130454183,3,0.012746631246894898,0.007359270981655665,3,0.01950889809454903,0.01126346756648086,3,0.011734757294538536,0.006775065282876749,3,0.007977693385645341,0.004605923423714635,3,0.024326525053594696,0.014044925788141075,3
matrix_BC_s_loss,"BC S-loss, fixed kappa_D",0.0025,O31040-Na480-Cl160-F320-allSk.dat,0,main,31040,480,160,320,960,0.97,0.015,0.005,0.01,0.03,0.6666666666666666,86,0.8960551919630771,1,0.2998682691886077,0.2998682691886077,0.0641417775398873,0.0229074820535292,-0.0662027365319708,0.0748682250964177,0.5789944224517094,0.2870531686271415,0.5061432073647287,0.8082268419457704,-0.2199357845840457,0.7754143821146036,0.0006015599347349157,0.0003473107902528973,3,0.006979730315077983,0.004029749176281265,3,0.009925719241025472,0.005730616675706704,3,0.00840406110529953,0.004852086941430748,3,0.02409749966936325,0.01391269792090379,3,0.04006547074873458,0.02313181032199099,3,0.050250575670229614,0.02901218339014073,3,0.10795621751489842,0.0623285512429204,3,0.05411527290478708,0.031243467378848883,3,0.08512866408731719,0.04914905712656581,3
matrix_BC_s_loss,"BC S-loss, fixed kappa_D",0.005,O31040-Na480-Cl160-F320-allSk.dat,0,main,31040,480,160,320,960,0.97,0.015,0.005,0.01,0.03,0.6666666666666666,228,0.7905030918100195,1,0.2998682691886077,0.2998682691886077,0.0640938321383652,0.0231970638387577,-0.067774802527156,0.076334507428393,0.5883662876269187,0.2792032092204733,0.5231721107019341,0.8057163346257177,-0.227774785357767,0.8018134547470939,0.0004040225361958832,0.0002332625200313685,3,0.0015876262870675752,0.0009166164642109907,3,0.006495418793968596,0.0037501317891971233,3,0.0032245758891112993,0.0018617097576007855,3,0.017328093048857563,0.010004379186300798,3,0.011838384585394279,0.006834894527147703,3,0.018200312435597322,0.010507955284027407,3,0.056695892181104005,0.032733388612706395,3,0.025688828870571882,0.014831452263590908,3,0.02898531207623073,0.016734677729757123,3
matrix_BC_s_loss,"BC S-loss, fixed kappa_D",0.01,O31040-Na480-Cl160-F320-allSk.dat,0,main,31040,480,160,320,960,0.97,0.015,0.005,0.01,0.03,0.6666666666666666,467,0.7017522802476375,1,0.2998682691886077,0.2998682691886077,0.0635984752362182,0.0213733639862521,-0.0672438599380388,0.0737255072818936,0.5729625400115117,0.2626869527996621,0.5159852067247255,0.7867676704869931,-0.2346042567968254,0.7978404965263016,0.00017927725815823804,0.00010350577325723677,3,0.0012226427730626227,0.0007058931341504558,3,0.0024307510193075994,0.0014033947553302,3,0.0016583316600417904,0.0009574382303308067,3,0.01876448860958858,0.010833682549951634,3,0.00795392423825854,0.004592200300072458,3,0.017419499924640362,0.01005715297063978,3,0.019327097881867785,0.011158505164750612,3,0.009207046958957877,0.005315691040195855,3,0.021474575757102852,0.012398352094096343,3
matrix_BC_s_loss,"BC S-loss, fixed kappa_D",0.0025,O30976-Na512-Cl480-F32-allSk.dat,0,main,30976,512,480,32,1024,0.968,0.016,0.015,0.001,0.032,0.0625,86,0.7784342723447618,1,0.3102221138316356,0.3102221138316356,0.0606678401482235,-0.0402660014509322,-0.0498752088941708,0.032101847632011,0.4695147659187357,0.4439487975364483,0.1586527642474701,0.4792308795367417,-0.0802580252883399,0.9454490523311148,0.0011993425154729447,0.0006924407241588675,3,0.0019685493750238327,0.0011365425115830794,3,0.0036651460768235885,0.0021160730740733998,3,0.006321701456694065,0.003649836037758768,3,0.03569648202980598,0.020609373509031123,3,0.027559998328169157,0.0159117724536341,3,0.04032953947640122,0.023284270472993886,3,0.025959366696048036,0.01498764734995554,3,0.02618208114677693,0.015116231598036288,3,0.0902934001366586,0.05213091887494643,3
matrix_BC_s_loss,"BC S-loss, fixed kappa_D",0.005,O30976-Na512-Cl480-F32-allSk.dat,0,main,30976,512,480,32,1024,0.968,0.016,0.015,0.001,0.032,0.0625,228,0.6839987079405144,1,0.3102221138316356,0.3102221138316356,0.0604474626406629,-0.0410994102084428,-0.0508686672376245,0.0326158602213153,0.4695288032788812,0.4458563010858124,0.1513211842085335,0.4839009531189687,-0.090715128300412,0.9566229179906994,0.0005970739945707839,0.00034472083149156724,3,0.002800687574498246,0.0016169777250526025,3,0.0033016859465787238,0.0019062292700368307,3,0.0017208746600618525,0.0009935474482283162,3,0.019126755382741476,0.011042837368949916,3,0.01705417442569889,0.009846232195484087,3,0.012148876150832008,0.007014156916034285,3,0.0175751522277353,0.010147018869731626,3,0.0041194124577511775,0.00237834389138574,3,0.04102680195972756,0.023686835155438176,3
matrix_BC_s_loss,"BC S-loss, fixed kappa_D",0.01,O30976-Na512-Cl480-F32-allSk.dat,0,main,30976,512,480,32,1024,0.968,0.016,0.015,0.001,0.032,0.0625,467,0.6179191197890874,1,0.3102221138316356,0.3102221138316356,0.0605167075692663,-0.0416545810768823,-0.0515170594620961,0.032906389034746,0.4603740153514004,0.4362867316866636,0.1517648154118895,0.4753745171549831,-0.0959706614059861,0.9787520349974534,0.00013265239312145293,7.658689487731891e-05,3,0.000855822813566202,0.0004941095317910697,3,0.0006766080682235331,0.00039063985032472955,3,0.002061111041983119,0.0011899830149186637,3,0.004193565239701685,0.0024211560200060257,3,0.0037121246795393235,0.0021431961829974817,3,0.0027351732000625395,0.0015791529833363573,3,0.0035356230041913702,0.002041292893222921,3,0.00565345178816346,0.003264021911746745,3,0.025891792360362643,0.014948633289057269,3
matrix_BC_s_loss,"BC S-loss, fixed kappa_D",0.0025,O30976-Na512-Cl32-F480-allSk.dat,0,main,30976,512,32,480,1024,0.968,0.016,0.001,0.015,0.032,0.9375,86,0.8924336752491466,1,0.3102221138316356,0.3102221138316356,0.061565239956035,0.0643293653287561,-0.0459854489386819,0.0783124746845898,0.6627175982717513,-0.0259244549732391,0.6911454578500758,0.8836340666182579,-0.2549279969091657,0.779634085250146,0.0015312632749530093,0.0008840752639943079,3,0.010363223781250892,0.005983210039777534,3,0.009006523382582872,0.00519991869939688,3,0.01302110106521033,0.007517736205144508,3,0.09119858314125819,0.052653526526317884,3,0.06585690067989856,0.03802249933553389,3,0.11081019948920968,0.06397629850405134,3,0.07705180034166408,0.04448587766880505,3,0.08757911626004602,0.05056382634812711,3,0.13650199939287536,0.07880946609439872,3
matrix_BC_s_loss,"BC S-loss, fixed kappa_D",0.005,O30976-Na512-Cl32-F480-allSk.dat,0,main,30976,512,32,480,1024,0.968,0.016,0.001,0.015,0.032,0.9375,228,0.8341443545727276,1,0.3102221138316356,0.3102221138316356,0.06142359134536,0.0625576389730831,-0.0451162886993493,0.0762582273638996,0.6797498950271184,0.0319355911940816,0.6937969386172739,0.945719117269788,-0.2112006893328001,0.7710821805434018,0.0008950247527620623,0.000516742781938555,3,0.0070673142080055215,0.004080315760439655,3,0.0037484658971710257,0.0021641777947798238,3,0.008266920952901278,0.00477290903752691,3,0.06487259000735493,0.0374542073037746,3,0.03306790158272991,0.019091761880325166,3,0.07541692966506337,0.04354198464357941,3,0.028568106927254627,0.016493804224688473,3,0.04146171425579341,0.023937931886645673,3,0.08843434876928782,0.051057595067557575,3
matrix_BC_s_loss,"BC S-loss, fixed kappa_D",0.01,O30976-Na512-Cl32-F480-allSk.dat,0,main,30976,512,32,480,1024,0.968,0.016,0.001,0.015,0.032,0.9375,467,0.7609984877921186,1,0.3102221138316356,0.3102221138316356,0.0602225427737726,0.057250011960931,-0.0428048119921339,0.0701797130375013,0.6657253932204465,0.0734310209432689,0.6685984215434938,0.9430448634015858,-0.1676539043898423,0.733813532492172,0.0005811551977188282,0.00033553010984391566,3,0.004792239831713755,0.002766800956861184,3,0.0008579457448900676,0.0004953352067623745,3,0.005170873985826633,0.00298540548766264,3,0.04276842515418022,0.024692361775582317,3,0.015569112972605815,0.008988831565777662,3,0.048173705314681445,0.02781310173129304,3,0.006871312077247986,0.003967153877485052,3,0.015615406993503046,0.009015559431204549,3,0.0537847710778219,0.031052652060082873,3
matrix_BC_s_loss,"BC S-loss, fixed kappa_D",0.0025,O30720-Na640-Cl480-F160-allSk.dat,0,main,30720,640,480,160,1280,0.96,0.02,0.015,0.005,0.04,0.25,86,0.8195315159614756,1,0.3484383615032881,0.3484383615032881,0.0643315668368239,-0.0183011136723934,-0.064554393849728,0.0752092626547539,0.4733225829981287,0.3584292564127732,0.3258274829702016,0.5237044210072168,-0.1902241525073947,0.9811328629099416,0.0031719083755825553,0.001831302154487417,3,0.010088768387594106,0.005824753144369244,3,0.01539160012625574,0.00888634447615283,3,0.01959423954012553,0.011312739473057484,3,0.06612663171337829,0.038178228620322205,3,0.06297446513458926,0.036358324397527814,3,0.053206446741268,0.03071875634869457,3,0.08983993463132971,0.05186911044337659,3,0.051457803691978984,0.029709176813470985,3,0.19441827723416105,0.11224744469652619,3
matrix_BC_s_loss,"BC S-loss, fixed kappa_D",0.005,O30720-Na640-Cl480-F160-allSk.dat,0,main,30720,640,480,160,1280,0.96,0.02,0.015,0.005,0.04,0.25,228,0.6731463077106706,1,0.3484383615032881,0.3484383615032881,0.0640201142525538,-0.0223577371445406,-0.0664626566269297,0.0704012237947653,0.4858311257647362,0.3674102768027214,0.3352889848842142,0.5262345006247747,-0.176644338172303,0.9765349383522358,0.0018482449556185244,0.001067084722654723,3,0.004257298144521423,0.002457952229759938,3,0.007588765606068018,0.0043813758654803435,3,0.009644956642328886,0.005568518313770852,3,0.03322281181761949,0.019181199346138895,3,0.03378215142549485,0.019504134219314153,3,0.01645698513398224,0.009501444797154316,3,0.04813684025076,0.027791817676714303,3,0.022762955989747605,0.013142198768232385,3,0.07169074739281606,0.041390672305647816,3
matrix_BC_s_loss,"BC S-loss, fixed kappa_D",0.01,O30720-Na640-Cl480-F160-allSk.dat,0,main,30720,640,480,160,1280,0.96,0.02,0.015,0.005,0.04,0.25,467,0.5709573278622823,1,0.3484383615032881,0.3484383615032881,0.0633731973781466,-0.0241730790839096,-0.0671193649216207,0.0679079920481841,0.4707189222512835,0.3582579367367673,0.3209168958596895,0.5257581741177162,-0.1941239965929939,0.978066416786772,0.0006159126928238214,0.00035559735899914056,3,0.001944948443033864,0.001122916507145545,3,0.002956494053926432,0.0017069326378919534,3,0.002909806886385494,0.001679977789144492,3,0.013000290064614995,0.0075057209683486855,3,0.011433257384453652,0.006600994228628592,3,0.007021039507451761,0.004053599049618272,3,0.015607084262506577,0.009010754300223345,3,0.005566130149292222,0.003213606740038356,3,0.0235243705458304,0.013581801667151686,3
matrix_BC_s_loss,"BC S-loss, fixed kappa_D",0.0025,O30720-Na640-Cl320-F320-allSk.dat,0,main,30720,640,320,320,1280,0.96,0.02,0.01,0.01,0.04,0.5,86,0.9212594083905408,1,0.3484383615032881,0.3484383615032881,0.0660108764523701,0.0038859525835997,-0.0801755921657114,0.085671159012177,0.4898686315114354,0.2713101756827164,0.4214686867819038,0.659694265242527,-0.2760037351822025,0.8720504681447488,0.0019608718702468957,0.0011321099021334101,3,0.004685299014498907,0.0027050586472548324,3,0.006539641719702803,0.0037756639072741207,3,0.013160815488206324,0.007598400364870917,3,0.04500016619933503,0.02598085806876398,3,0.01035789096974596,0.0059801311396196245,3,0.06280586293316029,0.03626098187114683,3,0.038637650605579235,0.02230745797798588,3,0.04694855321110316,0.02710575983449388,3,0.12754889723100496,0.07364039015116063,3
matrix_BC_s_loss,"BC S-loss, fixed kappa_D",0.005,O30720-Na640-Cl320-F320-allSk.dat,0,main,30720,640,320,320,1280,0.96,0.02,0.01,0.01,0.04,0.5,228,0.7854543631288126,1,0.3484383615032881,0.3484383615032881,0.0658523916067108,0.0061878197746737,-0.0790074511447318,0.0877583497915958,0.5166266998531827,0.2792180682760475,0.4514024173403776,0.6550712303973125,-0.2601972513817094,0.8985766720724715,0.0010521219629161904,0.00060744289850998,3,0.0032872238640219587,0.0018978795827796398,3,0.002405013242494592,0.0013885350429588674,3,0.006778192829554909,0.003913391454762718,3,0.0067426452232947215,0.003892868034719352,3,0.014424656521636903,0.008328079325734957,3,0.023453024189942575,0.013540609829374151,3,0.0027269916047009007,0.0015744293370519146,3,0.019932772087211267,0.011508191330246885,3,0.052540006756908536,0.0303339870443259,3
matrix_BC_s_loss,"BC S-loss, fixed kappa_D",0.01,O30720-Na640-Cl320-F320-allSk.dat,0,main,30720,640,320,320,1280,0.96,0.02,0.01,0.01,0.04,0.5,467,0.6657205499262231,1,0.3484383615032881,0.3484383615032881,0.0651608764423421,0.004824485785485,-0.077048440761731,0.0838712939910402,0.5154137418414385,0.2775775539578456,0.4513275499877819,0.6459853055369257,-0.2534313641193909,0.8917049063847331,0.0004818077018486538,0.0002781718063599552,3,0.0022875528707578577,0.0013207192657175505,3,0.0008304865468459731,0.00047948163137988536,3,0.004013108167709814,0.002316969080914347,3,0.008074214878683842,0.004661650133702998,3,0.006227423137286313,0.0035954044246699567,3,0.017591841807601514,0.010156654603160047,3,0.0006888669240221636,0.00039771750402002565,3,0.008349031333124417,0.0048203154876520025,3,0.03314130626403708,0.01913414209283764,3
matrix_BC_s_loss,"BC S-loss, fixed kappa_D",0.0025,O30720-Na640-Cl160-F480-allSk.dat,0,main,30720,640,160,480,1280,0.96,0.02,0.005,0.015,0.04,0.75,86,0.9215248419595684,1,0.3484383615032881,0.3484383615032881,0.0637741666836863,0.038361719047803,-0.0703819008018145,0.0849313070116569,0.5703256759772963,0.1574029395209739,0.567678735598822,0.7559144852198801,-0.2546741725186898,0.8025351436817233,0.0009825750494356768,0.0005672899692906978,3,0.005008586827146482,0.0028917089529126353,3,0.004678328591127518,0.0027010342714449955,3,0.006563026562970273,0.0037891651528295517,3,0.015883363133066757,0.00917026398051267,3,0.04080084094616923,0.023556376503433913,3,0.03529876878985298,0.02037975366288398,3,0.03241093244105559,0.018712460569530222,3,0.03621483899304673,0.020908647041294484,3,0.056616605380088635,0.03268761235679699,3
matrix_BC_s_loss,"BC S-loss, fixed kappa_D",0.005,O30720-Na640-Cl160-F480-allSk.dat,0,main,30720,640,160,480,1280,0.96,0.02,0.005,0.015,0.04,0.75,228,0.8250381175576316,1,0.3484383615032881,0.3484383615032881,0.0641382793052532,0.037825869333844,-0.0754251894315101,0.0872243051064138,0.5908490602879064,0.1771447287415351,0.5799791711908717,0.8077409952108976,-0.2618003673716108,0.8208527737987942,0.001089750638206275,0.0006291678243179593,3,0.004111060325972878,0.0023735217858552315,3,0.005009725945836358,0.002892366623394874,3,0.007144477252614762,0.004124865865016291,3,0.0043342180110302365,0.0025023619353948317,3,0.025116868600570233,0.014501230847739684,3,0.01689529769514688,0.009754504672331916,3,0.0219418329293964,0.012668123148300807,3,0.03177965707240185,0.018347993565505205,3,0.0356175700879257,0.020563813678144267,3
matrix_BC_s_loss,"BC S-loss, fixed kappa_D",0.01,O30720-Na640-Cl160-F480-allSk.dat,0,main,30720,640,160,480,1280,0.96,0.02,0.005,0.015,0.04,0.75,467,0.7182106813841542,1,0.3484383615032881,0.3484383615032881,0.0637170276704615,0.0345848781921056,-0.0757138190427324,0.0836485712739013,0.5824628202167612,0.1817526884638021,0.567635168479677,0.8108982839339556,-0.2583024152936461,0.8045796036485973,0.0007916620918944254,0.00045706632186246876,3,0.0032046025522465132,0.0018501781461852864,3,0.002375693599577187,0.00137160733922796,3,0.0049269756397492745,0.0028445907118999723,3,0.009831313228121323,0.005676111338743375,3,0.011964995807297464,0.006907993550195935,3,0.017316678170718098,0.00999778880333421,3,0.008510219459187148,0.004913377495624491,3,0.015612018237727933,0.00901360293214557,3,0.028975172076463912,0.016728823398162167,3
matrix_BC_s_loss,"BC S-loss, fixed kappa_D",0.0025,O30656-Na672-Cl640-F32-allSk.dat,0,main,30656,672,640,32,1344,0.958,0.021,0.02,0.001,0.042,0.0476190476190476,86,0.7731546629280805,1,0.3576973280247196,0.3576973280247196,0.0591145477883667,-0.0401846039931053,-0.0462065706888478,0.0224930765645963,0.4066322827158407,0.3763622065844967,0.1802802593885159,0.3912579868663421,-0.0250506103516584,0.9381776702024835,0.0011420942448888687,0.0006593884197265107,3,0.006584659503294088,0.0038016549367488697,3,0.007420502382413472,0.004284229048008677,3,0.004533150093957924,0.0026172154270235845,3,0.0374732645314093,0.021635199364623214,3,0.04244126046588317,0.02450347315472467,3,0.018447284196153737,0.01065054449646689,3,0.04478587744257826,0.02585713839736615,3,0.008462119812951838,0.00488560715192261,3,0.07238899064704203,0.04179380323643502,3
matrix_BC_s_loss,"BC S-loss, fixed kappa_D",0.005,O30656-Na672-Cl640-F32-allSk.dat,0,main,30656,672,640,32,1344,0.958,0.021,0.02,0.001,0.042,0.0476190476190476,228,0.6736873706829543,1,0.3576973280247196,0.3576973280247196,0.059495135420107,-0.0431315413902535,-0.0504508625423179,0.0279695630752838,0.4136705575846071,0.3863538619993222,0.1678496453059362,0.4071691183705468,-0.0504198363799847,0.994668068106068,0.0001600198479069108,9.238750226473792e-05,3,0.0007040269076108049,0.00040647012462583805,3,0.0017044320219035166,0.0009840542866614134,3,0.004482922526848674,0.0025882165276323197,3,0.009031039638779976,0.0052140731665118005,3,0.000859647093643939,0.0004963174809234077,3,0.03754141301350447,0.02167454490910573,3,0.006561494226118782,0.003788280457735854,3,0.03323726974555891,0.019189546634726645,3,0.031038801814054877,0.01792026058266803,3
matrix_BC_s_loss,"BC S-loss, fixed kappa_D",0.01,O30656-Na672-Cl640-F32-allSk.dat,0,main,30656,672,640,32,1344,0.958,0.021,0.02,0.001,0.042,0.0476190476190476,467,0.6082663753586292,1,0.3576973280247196,0.3576973280247196,0.0601530514283093,-0.0463114777028609,-0.054115184817835,0.0297846116166681,0.4162396357252345,0.3931473465686197,0.1492412537495273,0.41826216018784,-0.0688977702700962,0.9920295377615196,0.00020185619982734625,0.00011654173130791326,3,0.0003068486332696978,0.0001771591410187288,3,0.0007763016560746202,0.00044819797010703426,3,0.0036728847382720324,0.0021205409923438262,3,0.005827788496941872,0.0033646752574895944,3,0.0017652853023353496,0.001019187944499804,3,0.02108679779758829,0.012174468384784809,3,0.0035472114288683967,0.002047983473329686,3,0.01912256075350649,0.011040415598631946,3,0.01198180391680525,0.0069176977167448245,3
matrix_BC_s_loss,"BC S-loss, fixed kappa_D",0.0025,O30656-Na672-Cl32-F640-allSk.dat,0,main,30656,672,32,640,1344,0.958,0.021,0.001,0.02,0.042,0.9523809523809524,86,0.947091306394096,1,0.3576973280247196,0.3576973280247196,0.0596192654001894,0.0643325856578966,-0.0383193078106957,0.07448974149988,0.7036190712712286,0.0850819734534933,0.7019700905004653,0.9353285172597388,-0.1219627352838233,0.7465769923350913,0.000777735824519218,0.00044902598764458605,3,0.004661562927192262,0.0026913546108588327,3,0.008026567491528809,0.004634140901902857,3,0.005452044162694167,0.0031477391649652052,3,0.03854659731217926,0.0222548883345308,3,0.046941404116386136,0.027101632302734543,3,0.048940434784284954,0.028255773196964245,3,0.06479503748523872,0.03740943233425447,3,0.0519219596832101,0.02997715739995425,3,0.059605126127917234,0.034413035615034615,3
matrix_BC_s_loss,"BC S-loss, fixed kappa_D",0.005,O30656-Na672-Cl32-F640-allSk.dat,0,main,30656,672,32,640,1344,0.958,0.021,0.001,0.02,0.042,0.9523809523809524,228,0.8870623871110302,1,0.3576973280247196,0.3576973280247196,0.0591706583575951,0.0637350543429874,-0.0414876311396232,0.0745859127371986,0.6913461536693556,0.0724667437737275,0.692214943369931,0.9548759144446396,-0.1392604299156692,0.7404488232040476,0.0006294696173812331,0.00036342445304174566,3,0.003562449923029296,0.0020567814220355256,3,0.004057941416738242,0.0023428535693095554,3,0.004107789319202351,0.002371633269215747,3,0.027556574529092867,0.015909795722315753,3,0.022368727058238065,0.012914590588503014,3,0.031151108463495402,0.0179851008569543,3,0.015980486809526927,0.009226338361261636,3,0.025962171626708053,0.014989266777427158,3,0.03557384783866485,0.02053857062576394,3
matrix_BC_s_loss,"BC S-loss, fixed kappa_D",0.01,O30656-Na672-Cl32-F640-allSk.dat,0,main,30656,672,32,640,1344,0.958,0.021,0.001,0.02,0.042,0.9523809523809524,461,0.7925776595700158,1,0.3576973280247196,0.3576973280247196,0.0582018550578485,0.0590509850493011,-0.042321096639813,0.0699725385450564,0.6682222223070662,0.0671498743679896,0.6697088528933222,0.9458539727610284,-0.1426912323292732,0.7181540938406622,0.00035434848975855927,0.00020458319594904157,3,0.001917582750583521,0.001107116917242779,3,0.0027164631502891675,0.0015683507310631497,3,0.002461770835081097,0.0014213040543172412,3,0.013365218820642387,0.007716412683876135,3,0.015717596085153242,0.009074558330777032,3,0.013689595342562309,0.007903691556125397,3,0.007219895282940103,0.0041684084851263785,3,0.0177183860596515,0.010229714961145508,3,0.015068341471176121,0.008699711004624735,3
matrix_BC_s_loss,"BC S-loss, fixed kappa_D",0.0025,O30400-Na800-Cl640-F160-allSk.dat,0,main,30400,800,640,160,1600,0.95,0.025,0.02,0.005,0.05,0.2,86,0.8283360001589204,1,0.3909670996920168,0.3909670996920168,0.063764109590059,-0.0340945179940048,-0.0710841533858463,0.0659306468770079,0.4556743885390346,0.3621350462671681,0.2946488158445967,0.4794385153051102,-0.1491184501218011,0.9570916819619376,0.0029487830298426344,0.0017024806760614452,3,0.01016153565067874,0.005866765343299349,3,0.011792727783989937,0.0068085345605665695,3,0.023530460597485293,0.013585317760114016,3,0.05839461566379118,0.03371414707271458,3,0.050981140595280354,0.029433975246279272,3,0.031268498499186295,0.01805287602566062,3,0.059128527462786656,0.03413787124742606,3,0.05478162878143226,0.031628188123606064,3,0.1469283108619961,0.08482909982775047,3
matrix_BC_s_loss,"BC S-loss, fixed kappa_D",0.005,O30400-Na800-Cl640-F160-allSk.dat,0,main,30400,800,640,160,1600,0.95,0.025,0.02,0.005,0.05,0.2,228,0.6775695347446266,1,0.3909670996920168,0.3909670996920168,0.0632360654233122,-0.0320055800527248,-0.0688403822018478,0.0661141117464915,0.4373608492231815,0.3451193120152682,0.2877299655295335,0.4667961258213031,-0.1618820096285065,0.9671477813447212,0.0016738352376203132,0.0009663892250191691,3,0.003233026758244933,0.0018665888691699753,3,0.005433813773090812,0.0031372138446202763,3,0.008500384875901785,0.0049076994963173195,3,0.02071154597361409,0.011957816643199405,3,0.019890446223731748,0.0114837544815733,3,0.011955292768790243,0.006902391498301833,3,0.03220632642641255,0.018594331231898246,3,0.02382126717915916,0.013753215018325538,3,0.048369194679015924,0.02792596756841526,3
matrix_BC_s_loss,"BC S-loss, fixed kappa_D",0.01,O30400-Na800-Cl640-F160-allSk.dat,0,main,30400,800,640,160,1600,0.95,0.025,0.02,0.005,0.05,0.2,467,0.5533111141925133,1,0.3909670996920168,0.3909670996920168,0.0631538996702016,-0.0335334508806654,-0.0704879152386283,0.0659927547879383,0.4302329444881841,0.3396517349695471,0.2827266400963782,0.4686461408321488,-0.1778079135966472,0.987811813498914,0.000821398040661905,0.00047423437988798205,3,0.0006021576958083828,0.0003476559077695746,3,0.0026059367945762257,0.0015045383098397345,3,0.003887487417533593,0.002244441906984303,3,0.004846362103116907,0.0027980484648249472,3,0.00793389061427578,0.004580633881873167,3,0.010592746612369176,0.00611572510810884,3,0.014673773990439782,0.008471907363408138,3,0.01170184725051925,0.006756064660103172,3,0.020730752995817923,0.011968905822639118,3
matrix_BC_s_loss,"BC S-loss, fixed kappa_D",0.0025,O30400-Na800-Cl480-F320-allSk.dat,0,main,30400,800,480,320,1600,0.95,0.025,0.015,0.01,0.05,0.4,86,0.8852946484042172,1,0.3909670996920168,0.3909670996920168,0.0660127835705555,-0.0068083331819892,-0.0833330941027313,0.091296859657319,0.512951477911705,0.3171152985872942,0.4226621640906683,0.6052035962511818,-0.2398166884462679,0.9620018188998524,0.005092803206528287,0.0029403313022188958,3,0.0006295823770850721,0.00036348955488711086,3,0.017520837721545342,0.010115660374961952,3,0.022327919600218182,0.01289103039163029,3,0.036800263707331964,0.021246642157677326,3,0.02995434415658434,0.017294148662202663,3,0.022211429648223053,0.012823774886488015,3,0.08441064354922061,0.04873450777561207,3,0.08842012623939219,0.051049383686093776,3,0.12607326560240448,0.07278843383316341,3
matrix_BC_s_loss,"BC S-loss, fixed kappa_D",0.005,O30400-Na800-Cl480-F320-allSk.dat,0,main,30400,800,480,320,1600,0.95,0.025,0.015,0.01,0.05,0.4,228,0.7018496690861314,1,0.3909670996920168,0.3909670996920168,0.0670815654190446,-0.0067928349540597,-0.0859101764481624,0.0944776328930164,0.5049986713064865,0.3048813109727387,0.4250711863466021,0.5966276413750646,-0.2486569645586004,0.976637900361511,0.0021272335209991102,0.0012281588459780318,3,0.003189356416416008,0.0018413757855594425,3,0.005971555872205439,0.003447679390298701,3,0.011257322871274286,0.0064994183900847395,3,0.028943580364239146,0.01671058391460504,3,0.016405161436498353,0.009471524371461593,3,0.028913452817126244,0.01669318976716938,3,0.03634868923117147,0.0209859255123069,3,0.021293183190946013,0.012293625047196695,3,0.07176550087449901,0.04143383124842033,3
matrix_BC_s_loss,"BC S-loss, fixed kappa_D",0.01,O30400-Na800-Cl480-F320-allSk.dat,0,main,30400,800,480,320,1600,0.95,0.025,0.015,0.01,0.05,0.4,467,0.5705470941939045,1,0.3909670996920168,0.3909670996920168,0.0664069968813091,-0.0087813093665952,-0.0844363325998338,0.0895284960922551,0.4866684097606831,0.2911358747939196,0.4129231505159828,0.5828270299071349,-0.2534881793199607,0.963347174702032,0.0009173411308809482,0.0005296271488528312,3,0.0020742001312128925,0.0011975400041089206,3,0.0024811391744937856,0.0014324863702909131,3,0.00580586741105323,0.003352019112650858,3,0.009172990641815973,0.00529602861632637,3,0.0021489845318934334,0.0012407167979730158,3,0.013964337847503193,0.008062314215310848,3,0.012421975890136567,0.007171831124037388,3,0.012561929775277194,0.007252633537297464,3,0.03526903499592941,0.02036258684895818,3
matrix_BC_s_loss,"BC S-loss, fixed kappa_D",0.0025,O30400-Na800-Cl320-F480-allSk.dat,0,main,30400,800,320,480,1600,0.95,0.025,0.01,0.015,0.05,0.6,86,0.9337692056052016,1,0.3909670996920168,0.3909670996920168,0.0667126348847187,0.0299448119660477,-0.085103237229616,0.1081450882404678,0.6455396523752971,0.1971736431396172,0.6723965021827892,0.6709104050102483,-0.293245973069443,1.1074944860493785,0.0049145326522635376,0.002837406749725559,3,0.013341127265422043,0.007702503417984473,3,0.013100993787402737,0.007563862289808585,3,0.027303520928520064,0.01576369515790564,3,0.030498506076465832,0.017608320693128985,3,0.047041470454295645,0.02715940562986342,3,0.05013547825957602,0.028945731869116847,3,0.03215630895489406,0.01856545363125286,3,0.0765616767787351,0.04420290469781183,3,0.12198460290620183,0.07042784332488523,3
matrix_BC_s_loss,"BC S-loss, fixed kappa_D",0.005,O30400-Na800-Cl320-F480-allSk.dat,0,main,30400,800,320,480,1600,0.95,0.025,0.01,0.015,0.05,0.6,228,0.8060361789147377,1,0.3909670996920168,0.3909670996920168,0.0674456878394543,0.0257703279366624,-0.0884203109245868,0.1054642318628241,0.6092876349730557,0.2255101653360853,0.6024586754722231,0.6882315220113494,-0.270806313026572,0.9988832343072058,0.00088507561046561,0.0005109986419554923,3,0.0025180237856145854,0.0014537817104504614,3,0.0035849557323324155,0.002069775157095012,3,0.004724462383330908,0.002727669628792361,3,0.036239767503426314,0.020923039523472634,3,0.01764750105419484,0.010188789484163595,3,0.035481168179059684,0.020485061999342493,3,0.02061289258265474,0.011900859081372556,3,0.011725393181734779,0.006769658909828778,3,0.04691572558772805,0.027086806797301407,3
matrix_BC_s_loss,"BC S-loss, fixed kappa_D",0.01,O30400-Na800-Cl320-F480-allSk.dat,0,main,30400,800,320,480,1600,0.95,0.025,0.01,0.015,0.05,0.6,461,0.6969051450839822,1,0.3909670996920168,0.3909670996920168,0.0661825631235314,0.0184926059940356,-0.0879456799582962,0.0956811986742715,0.5697297806573031,0.2314798227845507,0.5465155002507049,0.6951555842269249,-0.2687529915248972,0.9249843756659086,0.0003407565335221802,0.00019673587635715448,3,0.0004679659931662778,0.0002701802921261411,3,0.0008972500479966916,0.0005180275567412946,3,0.00079196256484475,0.0004572398000012229,3,0.022089968365520168,0.012753649182223386,3,0.013507690998095288,0.0077986690338806,3,0.017524751103270342,0.010117919766954324,3,0.012448422987275243,0.007187100362689687,3,0.007745495030853356,0.004471863641070094,3,0.016413655208416145,0.009476428252964764,3
matrix_BC_s_loss,"BC S-loss, fixed kappa_D",0.0025,O30400-Na800-Cl160-F640-allSk.dat,0,main,30400,800,160,640,1600,0.95,0.025,0.005,0.02,0.05,0.8,86,0.9582861499233852,1,0.3909670996920168,0.3909670996920168,0.063235110814915,0.0479156873731924,-0.0746516656239355,0.0908971998895111,0.6939623252290613,0.1719274204713468,0.6899097562823258,0.8169834334397913,-0.2162710170348354,0.8794780652112142,0.0009754212028727418,0.0005631596940518461,3,0.00800915199858543,0.004624086062363928,3,0.003943162061599349,0.0022765856777227037,3,0.010906319633814391,0.00629676657645084,3,0.051846125351834645,0.029933374428320815,3,0.01419173402132816,0.008193601457481384,3,0.055834609054259327,0.03223612656757414,3,0.05771159730561616,0.033319806239760774,3,0.02555762735750416,0.014755703034703173,3,0.07461456175750786,0.04307873731616312,3
matrix_BC_s_loss,"BC S-loss, fixed kappa_D",0.005,O30400-Na800-Cl160-F640-allSk.dat,0,main,30400,800,160,640,1600,0.95,0.025,0.005,0.02,0.05,0.8,228,0.886147317677698,1,0.3909670996920168,0.3909670996920168,0.0628801498184055,0.0448599960555057,-0.0774921977504093,0.0889010992004463,0.6566569533490307,0.1578391501166699,0.6552452177348354,0.8225715378089159,-0.234816234318624,0.8499945415526835,0.0009455583734625659,0.0005459183814531171,3,0.0024325969250037953,0.0014044604894807972,3,0.0038507832495909854,0.0022232507457422574,3,0.0034560072161933988,0.0019953266965905482,3,0.02249821431617728,0.012989350091730847,3,0.014273031559851754,0.008240538613232434,3,0.018732391640549562,0.010815151356236785,3,0.04023179847943719,0.02322783968208584,3,0.011434506815012107,0.006601715587697851,3,0.01901640473169679,0.010979126390864015,3
matrix_BC_s_loss,"BC S-loss, fixed kappa_D",0.01,O30400-Na800-Cl160-F640-allSk.dat,0,main,30400,800,160,640,1600,0.95,0.025,0.005,0.02,0.05,0.8,461,0.7850025432719872,1,0.3909670996920168,0.3909670996920168,0.0624013940673069,0.0400384840688042,-0.0793487009789973,0.084438736536443,0.6231186561255576,0.1512500367839275,0.6210428181805676,0.8276887225535174,-0.2447416793526559,0.8167178188712236,0.0004881225909526575,0.0002818177092840544,3,0.0009813396910938977,0.000566576734819526,3,0.0025258323201929112,0.0014582899699912345,3,0.0023132153379557354,0.001335535498062315,3,0.01726548650333693,0.009968233280391429,3,0.007565131038266553,0.004367730441397988,3,0.015531713725730041,0.008967239100526445,3,0.028042837794521304,0.016190539949507886,3,0.00948272690089606,0.0054748549288840456,3,0.01861159307610626,0.010745408272537725,3
matrix_BC_s_loss,"BC S-loss, fixed kappa_D",0.0025,O30336-Na832-Cl800-F32-allSk.dat,0,main,30336,832,800,32,1664,0.948,0.026,0.025,0.001,0.052,0.0384615384615384,86,0.8511532815141034,1,0.3986921177976689,0.3986921177976689,0.0622135984098637,-0.0594854562279578,-0.0659617611499537,0.0264913036684422,0.4387506350724084,0.4155155259635633,0.1596204200176212,0.4313290074320705,-0.0379232620713742,1.0035239467945984,0.001497630542711218,0.0008646573969809271,3,0.00568655315013629,0.0032831329919923015,3,0.004626174592154255,0.002670923146098466,3,0.00787192685928876,0.004544859091251411,3,0.03616193377965871,0.02087810220210338,3,0.031763516500453386,0.018338674801945884,3,0.03325404549677538,0.019199232119207328,3,0.02727056474354,0.015744667895635937,3,0.04192430764486082,0.02420501030434908,3,0.04109215198505242,0.023724565010151032,3
matrix_BC_s_loss,"BC S-loss, fixed kappa_D",0.005,O30336-Na832-Cl800-F32-allSk.dat,0,main,30336,832,800,32,1664,0.948,0.026,0.025,0.001,0.052,0.0384615384615384,228,0.7125225197774713,1,0.3986921177976689,0.3986921177976689,0.0611259190523965,-0.0559464141776532,-0.0628581326769024,0.029018805777114,0.4149928024814119,0.3973861711024806,0.1291255423408726,0.4176441145534333,-0.0619407318836964,0.9681173195178427,0.00033186334873499363,0.00019160139372631925,3,0.003600600986098814,0.0020788079485685824,3,0.0037278485572313945,0.002152274368015704,3,0.00651171186765321,0.0037595385996748616,3,0.020267957593788948,0.01170171077269797,3,0.021608443445293505,0.01247564063990901,3,0.011346775680109307,0.006551063993345408,3,0.023564455810716478,0.0136049449056242,3,0.01870406339033028,0.010798796033347012,3,0.03692946187097577,0.021321234752235883,3
matrix_BC_s_loss,"BC S-loss, fixed kappa_D",0.01,O30336-Na832-Cl800-F32-allSk.dat,0,main,30336,832,800,32,1664,0.948,0.026,0.025,0.001,0.052,0.0384615384615384,467,0.6179480737440128,1,0.3986921177976689,0.3986921177976689,0.0606558504327508,-0.0547680827912248,-0.0617735677069852,0.029604315660406,0.3990069146241297,0.3820585781454233,0.124251152999773,0.4038141736364133,-0.0709467228830401,0.9882926681474464,0.00034677617313405454,0.00020021131690749468,3,0.001956765701059297,0.001129739204247612,3,0.0018461953162636122,0.0010659013628214228,3,0.0019146094519995136,0.001105400282504921,3,0.01271763845851097,0.007342531987477647,3,0.013438047200108518,0.00775846016836555,3,0.0026660734773941122,0.0015392582398528125,3,0.014156051865566356,0.00817300035524704,3,0.0042080452213654855,0.0024295160413174816,3,0.011718653561649445,0.006765767788358274,3
matrix_BC_s_loss,"BC S-loss, fixed kappa_D",0.0025,O30336-Na832-Cl32-F800-allSk.dat,0,main,30336,832,32,800,1664,0.948,0.026,0.001,0.025,0.052,0.9615384615384616,86,0.9035768625963724,1,0.3986921177976689,0.3986921177976689,0.0569760214930747,0.0714720457654039,-0.0345836315880546,0.0798041975244492,0.8035715708962023,0.1001867716684227,0.7994480697799443,0.9207619662741372,-0.0819815325065969,0.8316765680837238,0.0013090570604319398,0.0007557844462249606,3,0.013819893768815693,0.007978919387597773,3,0.007482364856225789,0.004319945363916955,3,0.014226899690723141,0.00821390436617281,3,0.1956736281906644,0.11297222190919083,3,0.05854361090909922,0.03380016951770115,3,0.19523751588715618,0.11272043235336346,3,0.03381952336665866,0.019525710919605217,3,0.06520801839991738,0.03764786697651437,3,0.1942452866812899,0.11214756855425877,3
matrix_BC_s_loss,"BC S-loss, fixed kappa_D",0.005,O30336-Na832-Cl32-F800-allSk.dat,0,main,30336,832,32,800,1664,0.948,0.026,0.001,0.025,0.052,0.9615384615384616,228,0.8740047267481202,1,0.3986921177976689,0.3986921177976689,0.056589127070996,0.0638475035872121,-0.0397282467026291,0.0730575826776018,0.7162962883387196,0.0782476920946506,0.7148322119317132,0.947755854002549,-0.1097538690236651,0.7509394533216326,0.0008242989812247349,0.000475909238702835,3,0.008030264993815931,0.004636275655843657,3,0.004291928705195809,0.0024779461932874828,3,0.008917429225191337,0.005148480163643655,3,0.08837494011176804,0.05102329546314634,3,0.016302114854121842,0.009412030399387443,3,0.093010665888671,0.05369973298833055,3,0.026130693588334378,0.015086562977336482,3,0.021645551820523124,0.01249706517033702,3,0.09856373212437057,0.05690579727433952,3
matrix_BC_s_loss,"BC S-loss, fixed kappa_D",0.01,O30336-Na832-Cl32-F800-allSk.dat,0,main,30336,832,32,800,1664,0.948,0.026,0.001,0.025,0.052,0.9615384615384616,461,0.7840258162467192,1,0.3986921177976689,0.3986921177976689,0.0557417005129615,0.0573912732914436,-0.0418235181210689,0.0668925481088153,0.6606328343819862,0.0634045753279766,0.6610350277011764,0.9545390097196734,-0.1262475685742513,0.6993756147981793,0.0009334512547981258,0.0005389283332330919,3,0.006803601609743502,0.003928061220844382,3,0.003165320562933918,0.0018274986790813553,3,0.007508154734464034,0.0043348351570601735,3,0.05527361555733849,0.031912236821113264,3,0.020212016363025356,0.011669413088057811,3,0.05999840890731598,0.03464009753358813,3,0.017612927387877914,0.010168828368608647,3,0.02331153821148542,0.013458922861625354,3,0.06522101560651473,0.03765537091724207,3
matrix_BC_s_loss,"BC S-loss, fixed kappa_D",0.0025,O30080-Na960-Cl800-F160-allSk.dat,0,main,30080,960,800,160,1920,0.94,0.03,0.025,0.005,0.06,0.1666666666666666,86,0.8613034565209456,1,0.4293830120105448,0.4293830120105448,0.062325873987404,-0.0348066223168876,-0.0653537959570308,0.0608770660014276,0.393039703452075,0.3202222236984974,0.2467080620164157,0.4104230185466899,-0.133352716640366,0.9024946067632524,0.002647017795453444,0.0015282564367547758,3,0.000781361998207807,0.0004511195599998213,3,0.006309757835692723,0.0036429403849585445,3,0.016022566216563516,0.00925063291824155,3,0.024240183833609,0.013995076661540172,3,0.018095876442105398,0.010447659135071759,3,0.018991763481466844,0.010964899758410588,3,0.015484834571083484,0.008940173407971872,3,0.044619494172301995,0.025761076971483495,3,0.08015481936693787,0.04627740653834741,3
matrix_BC_s_loss,"BC S-loss, fixed kappa_D",0.005,O30080-Na960-Cl800-F160-allSk.dat,0,main,30080,960,800,160,1920,0.94,0.03,0.025,0.005,0.06,0.1666666666666666,228,0.6773806312184608,1,0.4293830120105448,0.4293830120105448,0.0631567344050241,-0.0372586142692197,-0.0704757395079861,0.0663239508216558,0.3975099682155215,0.3182702090064322,0.2620227672465388,0.4194276823454654,-0.1582691969749351,0.9957227639263204,0.0006361471352735957,0.0003672797197944198,3,0.0009481210781412043,0.0005473979596891825,3,0.0010229684821625145,0.0005906111285490307,3,0.004408068389937218,0.0025449994715365334,3,0.007389524895693168,0.004266344187711892,3,0.006444157478851508,0.0037205360551152583,3,0.010116927165896652,0.00584101062260227,3,0.002258670688206799,0.0013040441298469126,3,0.016292457532159202,0.009406454741952662,3,0.03577252162795359,0.020653274991490715,3
matrix_BC_s_loss,"BC S-loss, fixed kappa_D",0.01,O30080-Na960-Cl800-F160-allSk.dat,0,main,30080,960,800,160,1920,0.94,0.03,0.025,0.005,0.06,0.1666666666666666,467,0.5490390637552622,1,0.4293830120105448,0.4293830120105448,0.0636781740805606,-0.0395294190678192,-0.073232277605028,0.0669254443271771,0.3964467425951385,0.3192640363293113,0.2571961415432923,0.4243557324267746,-0.166854282119776,1.0030968277504515,0.00047163220680144754,0.000272296981555313,3,0.0007233095692806492,0.0004176029745316151,3,0.0009912899028983826,0.0005723214922833392,3,0.0030224723047004355,0.001745025198736985,3,0.00406510903586245,0.0023469917961403655,3,0.00245783771096582,0.00141903326405053,3,0.006615187056325896,0.0038192800277094844,3,0.003321778987655178,0.0019178299927111598,3,0.010422136087965035,0.006017223075917526,3,0.011099021986767387,0.006408023331801726,3
matrix_BC_s_loss,"BC S-loss, fixed kappa_D",0.0025,O30080-Na960-Cl640-F320-allSk.dat,0,main,30080,960,640,320,1920,0.94,0.03,0.02,0.01,0.06,0.3333333333333333,86,0.89075477196965,1,0.4293830120105448,0.4293830120105448,0.0652159185375004,-0.0209870033880609,-0.0855651890767528,0.0846568946926202,0.4400849082249007,0.3049307129648532,0.3310122708308218,0.5336596735356749,-0.2265532603624222,0.8937247644121132,0.0007604038466961905,0.00043901936558287253,3,0.0034981879886723227,0.002019679776935881,3,0.002086583483645744,0.0012046895359694974,3,0.0031858099141813083,0.001839328211539557,3,0.030959204313263936,0.017874304944159557,3,0.007889361820062791,0.004554925170547609,3,0.0642831788459589,0.03711391061107923,3,0.023611190530779785,0.013631927208833253,3,0.019736735308454333,0.011395009443260502,3,0.08533656314078288,0.04926908770104849,3
matrix_BC_s_loss,"BC S-loss, fixed kappa_D",0.005,O30080-Na960-Cl640-F320-allSk.dat,0,main,30080,960,640,320,1920,0.94,0.03,0.02,0.01,0.06,0.3333333333333333,228,0.6951578514798021,1,0.4293830120105448,0.4293830120105448,0.0662406880575977,-0.0188677407121505,-0.0869184084901775,0.0902413065692133,0.4448172783598578,0.2883112003787915,0.3627125164440278,0.5246318091196085,-0.2425717722620446,0.9712847972040796,0.0008275158055788366,0.00047776647310961135,3,0.0018838836933425644,0.001087660757473276,3,0.004553272154763002,0.0026288329042460463,3,0.0044101944598183025,0.002546226958554693,3,0.020357967556538247,0.011753678048921025,3,0.006835254247090542,0.003946335879537258,3,0.028278166516105867,0.016326407050262785,3,0.020625340188232612,0.011908045709803706,3,0.03212958499768242,0.018550024547362907,3,0.012679201627851428,0.007320340472949564,3
matrix_BC_s_loss,"BC S-loss, fixed kappa_D",0.01,O30080-Na960-Cl640-F320-allSk.dat,0,main,30080,960,640,320,1920,0.94,0.03,0.02,0.01,0.06,0.3333333333333333,467,0.5493292306080844,1,0.4293830120105448,0.4293830120105448,0.0662037892588926,-0.0199945177183509,-0.0869381644638593,0.0883176107115924,0.4396896543234559,0.2852717478799833,0.3581296460368717,0.5209027950763703,-0.2425626361829451,0.9633341124474118,0.0004553551209812469,0.0002628994016753975,3,0.0008588903225198301,0.0004958805589111885,3,0.003159575848232376,0.0018241819665020024,3,0.0033770664876776697,0.0019497502457319668,3,0.011122931946558433,0.0064218277535234,3,0.002132491525955552,0.0012311945565550337,3,0.016454282396546106,0.009499884370968015,3,0.010821652098873662,0.006247883752361188,3,0.017706882445221832,0.010223073346257884,3,0.029985297374767034,0.017312019511052726,3
matrix_BC_s_loss,"BC S-loss, fixed kappa_D",0.0025,O30080-Na960-Cl480-F480-allSk.dat,0,main,30080,960,480,480,1920,0.94,0.03,0.015,0.015,0.06,0.5,86,0.9025593854781432,1,0.4293830120105448,0.4293830120105448,0.0645647642735417,0.0028401440577896,-0.0839695434937287,0.0879861137393482,0.5053636955170752,0.2425896531052508,0.4721025390259842,0.5624316743964461,-0.219358096883616,0.8870119104049363,0.003572953736665934,0.0020628458016661564,3,0.018170716021378708,0.010490867786311243,3,0.01716967782767815,0.00991291811570913,3,0.01792406984663284,0.010348466550927126,3,0.09621519376627868,0.055549868021093005,3,0.05227212505549858,0.03017932547190589,3,0.1385032837460335,0.07996490815441956,3,0.0611323937552545,0.035294803990802384,3,0.09434094684543642,0.0544677710568169,3,0.17497103487203447,0.1010195740837565,3
matrix_BC_s_loss,"BC S-loss, fixed kappa_D",0.005,O30080-Na960-Cl480-F480-allSk.dat,0,main,30080,960,480,480,1920,0.94,0.03,0.015,0.015,0.06,0.5,228,0.734870627325886,1,0.4293830120105448,0.4293830120105448,0.0662741897386343,0.0036246897148603,-0.090521787485174,0.0956478728393238,0.5164498893839464,0.2407210905860727,0.4896493472667888,0.5933880900537064,-0.25295705899764,0.9454258067094662,0.0012384521356761037,0.0007150206739110654,3,0.008647736845409626,0.004992773195578293,3,0.005306299566164496,0.0030635934829258663,3,0.010723635675007927,0.006191293943657301,3,0.04933917308854747,0.02848598486426642,3,0.019521825742699065,0.011270931347620273,3,0.07723330837420357,0.044590671380251815,3,0.020982050808879646,0.012113992682657069,3,0.033048985504653926,0.019080840677555985,3,0.10856212854069834,0.06267837413677095,3
matrix_BC_s_loss,"BC S-loss, fixed kappa_D",0.01,O30080-Na960-Cl480-F480-allSk.dat,0,main,30080,960,480,480,1920,0.94,0.03,0.015,0.015,0.06,0.5,461,0.5936918639369922,1,0.4293830120105448,0.4293830120105448,0.066553315815056,0.0011311256985105,-0.0931994208328848,0.094799074136467,0.4959990805459331,0.2349416227798298,0.4665070038528141,0.6069888494603457,-0.2747312201591665,0.934471751949854,0.00033406475180661237,0.00019287237438231317,3,0.004554000042069486,0.0026292531501783847,3,0.001954873098122138,0.001128646509432374,3,0.004559560400166396,0.0026324634244224267,3,0.02255420783614273,0.013021677965555773,3,0.00918227453917471,0.005301388676965567,3,0.03624764104813351,0.020927585316628812,3,0.012406654828116552,0.007162985504755862,3,0.005881898014239316,0.0033959154018669948,3,0.04801641215287542,0.027722288481982646,3
matrix_BC_s_loss,"BC S-loss, fixed kappa_D",0.0025,O30080-Na960-Cl320-F640-allSk.dat,0,main,30080,960,320,640,1920,0.94,0.03,0.01,0.02,0.06,0.6666666666666666,86,0.9414647011969598,1,0.4293830120105448,0.4293830120105448,0.0653202347679254,0.0193562791774954,-0.0949073890764644,0.0908161620525393,0.5537296287353966,0.2126455353684217,0.5278144228831906,0.7033444570030813,-0.2369031061900555,0.8139538003438442,0.002504764622210718,0.0014461265288900093,3,0.00949072068489373,0.005479470142226945,3,0.014075261127292613,0.008126355800756666,3,0.008552038995294152,0.004937522016053256,3,0.11927111158735713,0.06886120838150654,3,0.02433196893415225,0.014048068814046414,3,0.12960668670775422,0.07482845545949739,3,0.0546568997756885,0.03155617579856415,3,0.06708951967051535,0.03873415224157473,3,0.12053088729585977,0.06958854022592909,3
matrix_BC_s_loss,"BC S-loss, fixed kappa_D",0.005,O30080-Na960-Cl320-F640-allSk.dat,0,main,30080,960,320,640,1920,0.94,0.03,0.01,0.02,0.06,0.6666666666666666,228,0.8220179241842442,1,0.4293830120105448,0.4293830120105448,0.0652024943736349,0.0225810850570786,-0.094954075175482,0.0947987385719948,0.5558077516117541,0.1847257157085282,0.5501018870291474,0.7063945885894362,-0.273254530856911,0.8669545966406541,0.0013416016367378096,0.0007745740661158169,3,0.004870742472065156,0.002812124477400161,3,0.008485244607677423,0.004898958258382382,3,0.002910858345093958,0.0016805848491128652,3,0.05676801579663895,0.032775029201550426,3,0.016676800295023015,0.00962835513955317,3,0.06759413100381997,0.03902548973069429,3,0.03789602365890479,0.02187927946068511,3,0.03428319515167275,0.019793411949498737,3,0.06417058238696312,0.037048903015168215,3
matrix_BC_s_loss,"BC S-loss, fixed kappa_D",0.01,O30080-Na960-Cl320-F640-allSk.dat,0,main,30080,960,320,640,1920,0.94,0.03,0.01,0.02,0.06,0.6666666666666666,461,0.6853879789857369,1,0.4293830120105448,0.4293830120105448,0.0650648936382543,0.0210257878938329,-0.0958382798908416,0.0935191234980077,0.5454010112177183,0.179856530018518,0.5407993193239111,0.7185529639475997,-0.2878153107225732,0.8658573507352673,0.0007078838611223932,0.0004086969377740054,3,0.003512704099335337,0.002028060657334759,3,0.004755124748637076,0.0027453725536558675,3,0.0030401680199032455,0.0017552418246728305,3,0.03224006397286848,0.018613809613426374,3,0.01052170866899901,0.006074711332381398,3,0.043505000332701924,0.025117623653180217,3,0.020552913438110682,0.01186623010612428,3,0.01748971109818147,0.010097689410583859,3,0.050897311630722315,0.0293855765710258,3
matrix_BC_s_loss,"BC S-loss, fixed kappa_D",0.0025,O30080-Na960-Cl160-F800-allSk.dat,0,main,30080,960,160,800,1920,0.94,0.03,0.005,0.025,0.06,0.8333333333333334,86,0.9325867503754656,1,0.4293830120105448,0.4293830120105448,0.0637797617247848,0.0566272373020957,-0.0880514361215911,0.1014098298159832,0.6555640095660845,0.0808218391067291,0.6819897665939145,0.8279095829972585,-0.2817165325254574,0.873069821724831,0.0014500648830632747,0.0008371953505790048,3,0.008587770672080143,0.004958151709264245,3,0.009382351409635949,0.00541690311198498,3,0.005554984461963057,0.0032071717744585598,3,0.12895556874294192,0.07445253232723881,3,0.07008381283868934,0.04046290820825264,3,0.11395794241587322,0.06579364873010028,3,0.04787893189348284,0.027642914217214078,3,0.0648500623849345,0.03744120097490596,3,0.0977826324589976,0.05645482917227251,3
matrix_BC_s_loss,"BC S-loss, fixed kappa_D",0.005,O30080-Na960-Cl160-F800-allSk.dat,0,main,30080,960,160,800,1920,0.94,0.03,0.005,0.025,0.06,0.8333333333333334,228,0.8847204427254551,1,0.4293830120105448,0.4293830120105448,0.0625544137859103,0.0484233423422656,-0.0864484179449114,0.0917060216357347,0.6218510491447917,0.1148404015517832,0.6298455051630802,0.8444004702784258,-0.2518260134693442,0.8025811987661575,0.0005061618226601441,0.0002922326645663458,3,0.0016943790839596515,0.0009782502202333764,3,0.004043671146128695,0.0023346146247317247,3,0.0002509815543712419,0.0001449042679778672,3,0.01792563209434836,0.010349368515066222,3,0.020348058754551483,0.011747957199426621,3,0.01579478105451194,0.009119121093613671,3,0.02792080764248937,0.016120085808383,3,0.022179951871935874,0.012805601183875122,3,0.012741734569962956,0.007356443883910874,3
matrix_BC_s_loss,"BC S-loss, fixed kappa_D",0.01,O30080-Na960-Cl160-F800-allSk.dat,0,main,30080,960,160,800,1920,0.94,0.03,0.005,0.025,0.06,0.8333333333333334,461,0.7864958553296666,1,0.4293830120105448,0.4293830120105448,0.0613773891266922,0.0416281367132827,-0.0862012810620069,0.0841517238499904,0.5926066548590606,0.1199236079583598,0.5955365972875863,0.8565918547994286,-0.2517097927484308,0.7649456977461371,0.0002217959523604579,0.0001280539528004798,3,0.0003105408376686729,0.00017929083622238019,3,0.002156563913701248,0.0012450927561000486,3,0.001302013522516237,0.0007517178577132823,3,0.008157229542022939,0.004709578671928512,3,0.008426412301145145,0.004864991410368924,3,0.007906943598168648,0.0045650760148698575,3,0.010905435888027185,0.0062962563455827006,3,0.013945239870220243,0.008051287992985559,3,0.009819780303315285,0.0056694528015020645,3
matrix_BC_s_loss,"BC S-loss, fixed kappa_D",0.0025,O30016-Na992-Cl960-F32-allSk.dat,0,main,30016,992,960,32,1984,0.938,0.031,0.03,0.001,0.062,0.032258064516129,86,0.896188141220533,1,0.4370829809651164,0.4370829809651164,0.0610528102452225,-0.0562265285770198,-0.0619972322978359,0.0265167642673512,0.3623083563855187,0.3520588605523803,0.0889417600977661,0.3684858892932466,-0.0580995594805382,0.8134311553257594,0.0012907754292912515,0.0007452295415646588,3,0.005746175100083329,0.003317555740843835,3,0.00374827859428716,0.002164069655409404,3,0.01718385432486097,0.009921102920173796,3,0.047769480114560815,0.027579722203190164,3,0.04230685128612586,0.02442587197861023,3,0.04356972976400596,0.02515499520776809,3,0.03796221986716754,0.02191749785934494,3,0.03456607373071364,0.01995673197325597,3,0.05945654795538666,0.03432725396712838,3
matrix_BC_s_loss,"BC S-loss, fixed kappa_D",0.005,O30016-Na992-Cl960-F32-allSk.dat,0,main,30016,992,960,32,1984,0.938,0.031,0.03,0.001,0.062,0.032258064516129,228,0.7692728677371035,1,0.4370829809651164,0.4370829809651164,0.0604557292720612,-0.0578003727306905,-0.0638604887803097,0.0279594469345812,0.3689536705677882,0.353950835761149,0.1155785285807838,0.370979578321218,-0.0612239846580288,0.978851587115946,0.0008692402106255433,0.0005018560695951045,3,0.003463769968935161,0.001999808523975657,3,0.0024354026029472973,0.0014060803483967373,3,0.006060213318551509,0.0034988657908122693,3,0.0304114538269208,0.0175580610534206,3,0.02483870849436839,0.014340635035546235,3,0.033297024554049655,0.01922404608949415,3,0.020137192258431535,0.011626213371128695,3,0.029193588455371317,0.016854926153319783,3,0.04506661555454716,0.026019222621883182,3
matrix_BC_s_loss,"BC S-loss, fixed kappa_D",0.01,O30016-Na992-Cl960-F32-allSk.dat,0,main,30016,992,960,32,1984,0.938,0.031,0.03,0.001,0.062,0.032258064516129,467,0.6859941556011985,1,0.4370829809651164,0.4370829809651164,0.0605146712948083,-0.0573994331722309,-0.0639750422869699,0.0308192193162128,0.3629102778652899,0.3486619708471627,0.110898648231106,0.3668070063363844,-0.0678170202568691,0.9889066592818954,9.947864294874963e-05,5.743402128507927e-05,3,0.0010812010897671184,0.0006242317402251626,3,0.0006348160396890534,0.0003665112114003672,3,0.0028917891955291004,0.0016695752704783775,3,0.013413192714553998,0.007744110424440079,3,0.009934030128719358,0.005735414968953975,3,0.020672831986668465,0.011935465112414945,3,0.006671024524539247,0.00385151780501333,3,0.01915236449891984,0.011057622799069203,3,0.04418267929060751,0.025508881781951154,3
matrix_BC_s_loss,"BC S-loss, fixed kappa_D",0.0025,O30016-Na992-Cl32-F960-allSk.dat,0,main,30016,992,32,960,1984,0.938,0.031,0.001,0.03,0.062,0.967741935483871,86,0.9687783971560372,1,0.4370829809651164,0.4370829809651164,0.0525703544514964,0.0500681748646532,-0.0440716603263561,0.0589421515740054,0.6043306058940009,0.047098436889216,0.6057212595162441,0.9278560765763296,-0.1215255915607009,0.6379212954125602,0.0027332251388754334,0.0015780282696855837,3,0.005939444544454629,0.0034291399065777346,3,0.00943442917791162,0.0054469702255177345,3,0.007625293221103307,0.004402465093853823,3,0.07200334383279448,0.04157114994441708,3,0.018837584509487557,0.010875884487434966,3,0.070117037031134,0.040482090204704176,3,0.02965990400850083,0.017124153563446414,3,0.01629986300424594,0.009410730293255417,3,0.06909861385778729,0.0398941033114235,3
matrix_BC_s_loss,"BC S-loss, fixed kappa_D",0.005,O30016-Na992-Cl32-F960-allSk.dat,0,main,30016,992,32,960,1984,0.938,0.031,0.001,0.03,0.062,0.967741935483871,226,0.9174092638880412,1,0.4370829809651164,0.4370829809651164,0.0543519042053419,0.0577553543927503,-0.0501045601755813,0.0678578523073973,0.6450579438428908,0.0247825035331754,0.6511961355767312,1.0072772586597385,-0.1587106659666496,0.69093690792673,0.0008937187161840966,0.0005159887413686949,3,0.0038892643231035794,0.0022454678038934593,3,0.00236351659109493,0.0013645769401028046,3,0.0035429276146717033,0.0020455102120500667,3,0.03584754811685813,0.020696591555056102,3,0.015545938173718394,0.008975451589401594,3,0.03361839208383204,0.019409587719322816,3,0.02808629642929239,0.016215630803991587,3,0.01370950928417197,0.007915188875674361,3,0.03172860506678889,0.01831851867632189,3
matrix_BC_s_loss,"BC S-loss, fixed kappa_D",0.01,O30016-Na992-Cl32-F960-allSk.dat,0,main,30016,992,32,960,1984,0.938,0.031,0.001,0.03,0.062,0.967741935483871,461,0.8273292615412963,1,0.4370829809651164,0.4370829809651164,0.0537273617586399,0.0537177603178838,-0.0481651346557084,0.063399427583625,0.6236320796053055,0.0297547215302604,0.6285083021765568,0.9901543844981636,-0.1505300621708047,0.66638047653128,0.000508881981659133,0.00029380314909665064,3,0.0019027410444075077,0.0010985480541868243,3,0.0019631804959116066,0.0011334427877823891,3,0.00191862536779468,0.0011077188725703033,3,0.025782845158311283,0.01488573259262546,3,0.01672084446830241,0.009653784054852262,3,0.024058559456586432,0.013890215778574794,3,0.03814032247274383,0.022020325446617785,3,0.017559151988110432,0.010137781127077111,3,0.023603493072859937,0.013627483079431152,3
matrix_BC_s_loss,"BC S-loss, fixed kappa_D",0.0025,O29760-Na1120-Cl960-F160-allSk.dat,0,main,29760,1120,960,160,2240,0.93,0.035,0.03,0.005,0.07,0.1428571428571428,86,0.8306680893353835,1,0.464726407914093,0.464726407914093,0.0598357872380772,-0.0385501114601607,-0.0651985540138541,0.0577091813638244,0.3658498116452158,0.2984980643760549,0.2367796718832839,0.3728094879411247,-0.1234413715508437,0.9288285007675212,0.0011842351433313868,0.0006837184787861912,3,0.006455470842029343,0.0037270678283914216,3,0.00652657611733662,0.00376812047823088,3,0.0015102767352821525,0.00087195867966598,3,0.03371490935100708,0.01946531198950777,3,0.03787575324803614,0.021867576333513508,3,0.007556783951364442,0.004362911248528105,3,0.04219516100877008,0.024361387566913008,3,0.006031920857287772,0.0034825311306856135,3,0.005219156065027208,0.003013281159086127,3
matrix_BC_s_loss,"BC S-loss, fixed kappa_D",0.005,O29760-Na1120-Cl960-F160-allSk.dat,0,main,29760,1120,960,160,2240,0.93,0.035,0.03,0.005,0.07,0.1428571428571428,228,0.6778447269640985,1,0.464726407914093,0.464726407914093,0.0627554773075005,-0.042878815645255,-0.0722979757417817,0.0636464672931511,0.3711147421907688,0.30497226925799,0.234850870325868,0.3868720369149002,-0.1407583049650126,0.9661430222926706,0.00045854410192244625,0.00026474056068023956,3,0.001916296620128675,0.0011063743694784607,3,0.002092191773400803,0.0012079274835692742,3,0.0030403908513213537,0.001755370476452059,3,0.01857495348547987,0.010724254395026582,3,0.013335600154800509,0.0076993123391792895,3,0.01899609065521605,0.01096739805333952,3,0.013886275795240268,0.008017245068423353,3,0.017719752992567322,0.01023050416023242,3,0.02812848146689711,0.016239986346808448,3
matrix_BC_s_loss,"BC S-loss, fixed kappa_D",0.01,O29760-Na1120-Cl960-F160-allSk.dat,0,main,29760,1120,960,160,2240,0.93,0.035,0.03,0.005,0.07,0.1428571428571428,467,0.5459923515187762,1,0.464726407914093,0.464726407914093,0.0632968683986472,-0.0447832086900963,-0.0743541785319087,0.063644564541478,0.3655245628647572,0.2990874110377484,0.2344755458932016,0.3843568738754864,-0.1501673102501752,0.9881972691186672,0.00032504351634028483,0.000187663961657406,3,0.0016191947213036971,0.0009348425082151107,3,0.001647194471779448,0.0009510081716895278,3,0.0025547446688580096,0.0014749825222759333,3,0.0119172518992608,0.006880428592038802,3,0.008615201015596803,0.004973988625477552,3,0.010869533052969333,0.006275527834097379,3,0.009357619075529556,0.005402623892230967,3,0.006080410938551425,0.0035105268921562104,3,0.02579268616295781,0.014891414299307227,3
matrix_BC_s_loss,"BC S-loss, fixed kappa_D",0.0025,O29760-Na1120-Cl800-F320-allSk.dat,0,main,29760,1120,800,320,2240,0.93,0.035,0.025,0.01,0.07,0.2857142857142857,86,0.8791063121901194,1,0.464726407914093,0.464726407914093,0.0670412968066457,-0.0165389300274731,-0.0816211855121317,0.0981129209174204,0.4554821044129301,0.2694621202943036,0.4260719686258495,0.4358465079373932,-0.1850163712289346,1.0896442331044522,0.00571724255367058,0.003300851527384093,3,0.01261051585347639,0.007280684722624637,3,0.01331216526124954,0.0076857821970792075,3,0.03184529664995799,0.018385890593276735,3,0.032484187218059776,0.018754754234753014,3,0.03552503459615322,0.02051038828705983,3,0.08028480961632982,0.04635245644382588,3,0.05100742608428366,0.02944915118043111,3,0.0414887579509405,0.023953545571318725,3,0.20214929637642653,0.1167109506794233,3
matrix_BC_s_loss,"BC S-loss, fixed kappa_D",0.005,O29760-Na1120-Cl800-F320-allSk.dat,0,main,29760,1120,800,320,2240,0.93,0.035,0.025,0.01,0.07,0.2857142857142857,228,0.7096197778326108,1,0.464726407914093,0.464726407914093,0.0656185141785973,-0.0215986685373257,-0.0816658949432601,0.0887177087497815,0.4228443413052639,0.2654277266453702,0.3713912413702345,0.4398565081888236,-0.1989043977339615,1.0093048575597172,0.0013012411402728128,0.000751271922617124,3,0.004751469859732776,0.0027432624025631115,3,0.004354186913341447,0.0025138909865196303,3,0.005038408438918122,0.00290892646849666,3,0.00953894848871272,0.005507314477744263,3,0.01742611807154709,0.010060973959537915,3,0.013401303367009827,0.007737246106434962,3,0.021079001935941876,0.012169967441964686,3,0.005271839091456416,0.003043697718576754,3,0.030064650171244753,0.017357833869460087,3
matrix_BC_s_loss,"BC S-loss, fixed kappa_D",0.01,O29760-Na1120-Cl800-F320-allSk.dat,0,main,29760,1120,800,320,2240,0.93,0.035,0.025,0.01,0.07,0.2857142857142857,461,0.5522254151174308,1,0.464726407914093,0.464726407914093,0.0659070403332994,-0.0252848063303274,-0.0850184381202325,0.0871224125955003,0.4152719636569814,0.2679284699940032,0.3532705975760661,0.4548951972719059,-0.2180041905853661,1.005603661330863,0.0007440994251654051,0.00042960600342309245,3,0.0019163660288180095,0.001106414442603932,3,0.0021222479358205633,0.0012252804170331298,3,0.0028576618962211134,0.0016498718650361963,3,0.00276498753071012,0.0015963662951614464,3,0.005904425052309871,0.0034089213933610747,3,0.009708311618615016,0.005605096326384151,3,0.008462306497273288,0.0048857149341658525,3,0.002556732837818687,0.0014761303921605748,3,0.014138019873520166,0.008162589579785147,3
matrix_BC_s_loss,"BC S-loss, fixed kappa_D",0.0025,O29760-Na1120-Cl640-F480-allSk.dat,0,main,29760,1120,640,480,2240,0.93,0.035,0.02,0.015,0.07,0.4285714285714285,86,0.9065151282618612,1,0.464726407914093,0.464726407914093,0.0696108641058108,0.0067762874917926,-0.0959475005506086,0.1211415806625719,0.4434754568503015,0.1795103949900224,0.4701392002175587,0.5069156620733488,-0.311129130217904,1.0774104648890694,0.004756301317166957,0.002746051845813314,3,0.01010154738842615,0.005832131103939599,3,0.013205731571342059,0.007624332677560278,3,0.03062154005727696,0.017679354395069763,3,0.015463096785967748,0.008927623091883717,3,0.032321031892640524,0.018660556463702488,3,0.05701325492891233,0.03291661808058429,3,0.032829160725718655,0.018953924782263157,3,0.08401110818577692,0.04850383592597708,3,0.18405230002834708,0.10626264496633596,3
matrix_BC_s_loss,"BC S-loss, fixed kappa_D",0.005,O29760-Na1120-Cl640-F480-allSk.dat,0,main,29760,1120,640,480,2240,0.93,0.035,0.02,0.015,0.07,0.4285714285714285,228,0.73149360975878,1,0.464726407914093,0.464726407914093,0.0694735894919761,-0.0016931334947626,-0.0991072947587743,0.1118529424814629,0.4568847697671092,0.2192428887771788,0.4447431320699192,0.5424902145800339,-0.2915146983736388,1.0159685349982217,0.00284457418122505,0.001642315669260142,3,0.003736272427817917,0.002157137891966451,3,0.006552574889687823,0.003783130876446447,3,0.012491286960324735,0.007211847889068349,3,0.012395822731728116,0.0071567315909901105,3,0.01649048653113575,0.009520786837819123,3,0.007719218077332595,0.004456692634881399,3,0.01915464064483939,0.01105893693252857,3,0.03692232421946814,0.021317113827216568,3,0.039483719847410524,0.022795936282510237,3
matrix_BC_s_loss,"BC S-loss, fixed kappa_D",0.01,O29760-Na1120-Cl640-F480-allSk.dat,0,main,29760,1120,640,480,2240,0.93,0.035,0.02,0.015,0.07,0.4285714285714285,461,0.5690686388309998,1,0.464726407914093,0.464726407914093,0.0686354657900558,-0.006835675613368,-0.0988457592650557,0.1036955844650581,0.4461819146558127,0.2238401681036711,0.4230857699233183,0.5444195549232812,-0.2867200485385345,0.97734998312233,0.0013900212076930676,0.0008025291184408813,3,0.0014258602276576693,0.0008232207862649366,3,0.0028650269687947394,0.0016541240916691804,3,0.0041416974781869195,0.0023912101539332125,3,0.009876398289492294,0.005702141211062336,3,0.007180390087421011,0.004145600149859041,3,0.0125074698921675,0.007221191109124046,3,0.005712445761316075,0.0032980820980269727,3,0.012671029083780008,0.007315622052429965,3,0.016810063970317122,0.009705294958357421,3
matrix_BC_s_loss,"BC S-loss, fixed kappa_D",0.0025,O29760-Na1120-Cl480-F640-allSk.dat,0,main,29760,1120,480,640,2240,0.93,0.035,0.015,0.02,0.07,0.5714285714285714,86,0.9062668841312816,1,0.464726407914093,0.464726407914093,0.0658186060887782,0.0184883591575174,-0.0915291826140137,0.1037243975715782,0.5277680590488316,0.173349915686367,0.5480460863549459,0.5553567252046729,-0.2516326488397095,0.9429170920654654,0.005878768072779648,0.0033941083293227074,3,0.008781532048390113,0.005070019892035358,3,0.025040635725694083,0.014457217776908839,3,0.03328571766220779,0.019217518052445547,3,0.0019318728616504498,0.00111536731671402,3,0.05035609480616141,0.02907310489167561,3,0.0421929098641939,0.024360087867985963,3,0.08687191440595904,0.050155523167298585,3,0.14153051885975138,0.08171268316222487,3,0.17837609586024664,0.10298548696190789,3
matrix_BC_s_loss,"BC S-loss, fixed kappa_D",0.005,O29760-Na1120-Cl480-F640-allSk.dat,0,main,29760,1120,480,640,2240,0.93,0.035,0.015,0.02,0.07,0.5714285714285714,228,0.7757809570638124,1,0.464726407914093,0.464726407914093,0.0670284645418621,0.0137748421403093,-0.0997107981194459,0.1045744875292773,0.5112275611155207,0.1816724660962957,0.5189575242293117,0.6123831576642914,-0.2900092887077015,0.9376716864125928,0.0032296100887115975,0.0018646162540951721,3,0.00667952567289782,0.003856425945306573,3,0.011243344658664564,0.006491348065271727,3,0.017907081083162302,0.010338658083764211,3,0.005609160011508821,0.0032384500425723024,3,0.027027929061675327,0.01560458211939636,3,0.028551825055378045,0.016484403881577618,3,0.031288905069968176,0.018064657764794774,3,0.0626562214845088,0.036174586340485974,3,0.09118669268804937,0.05264666156995698,3
matrix_BC_s_loss,"BC S-loss, fixed kappa_D",0.01,O29760-Na1120-Cl480-F640-allSk.dat,0,main,29760,1120,480,640,2240,0.93,0.035,0.015,0.02,0.07,0.5714285714285714,461,0.6346683215892435,1,0.464726407914093,0.464726407914093,0.0677563964596299,0.0095217808054937,-0.1052590558521996,0.1037531483712722,0.4893538473982717,0.1812368595541596,0.4903985671882246,0.6383054578801526,-0.3130349125091465,0.9198325125455812,0.0016718446783511695,0.0009652399750892911,3,0.004313103288759576,0.0024901713448080014,3,0.005248414377452584,0.0030301734536409513,3,0.009938895118195314,0.005738223771937522,3,0.0012877064938470564,0.0007434576908598272,3,0.012926097545728623,0.0074628858975977815,3,0.012824917679539635,0.007404469674616999,3,0.014026800160999773,0.008098376848822305,3,0.028083659268253257,0.016214108238355746,3,0.040900200025771466,0.023613741494788697,3
matrix_BC_s_loss,"BC S-loss, fixed kappa_D",0.0025,O29760-Na1120-Cl320-F800-allSk.dat,0,main,29760,1120,320,800,2240,0.93,0.035,0.01,0.025,0.07,0.7142857142857143,86,0.9346485099445316,1,0.464726407914093,0.464726407914093,0.061425465335003,0.0193708104705746,-0.0983595466319053,0.085127891437117,0.5132812987865923,0.1513020718805298,0.5116307905898966,0.7201280944288009,-0.2764259713756669,0.7801968501183549,0.0035962595914344414,0.0020763014431904483,3,0.009859696978792786,0.005692498704834155,3,0.011814647558545463,0.006821189948306778,3,0.01830666087057483,0.010569355581589567,3,0.03312540624808904,0.01912496221434992,3,0.013310986788429364,0.0076851018054792455,3,0.047494905974047284,0.027421196749252166,3,0.05014630513190007,0.02895198276676762,3,0.04704589357617366,0.02716195932047035,3,0.08482128449032779,0.04897159143350058,3
matrix_BC_s_loss,"BC S-loss, fixed kappa_D",0.005,O29760-Na1120-Cl320-F800-allSk.dat,0,main,29760,1120,320,800,2240,0.93,0.035,0.01,0.025,0.07,0.7142857142857143,228,0.8335247841878228,1,0.464726407914093,0.464726407914093,0.064875039650741,0.025919234516857,-0.1070339016681469,0.0983622350888871,0.529534612170885,0.1333208300256026,0.54223430621812,0.7566881027495077,-0.3208242431718869,0.8444873507485904,0.0009352648554140512,0.0005399754160368989,3,0.002548972205735534,0.0014716497891382849,3,0.005395074862618497,0.0031148479242309726,3,0.005447039873391537,0.003144849937189229,3,0.030126634671071177,0.01739362063712046,3,0.003437161604937215,0.001984446177858747,3,0.03359693995455691,0.019397202326711126,3,0.018841758384680815,0.010878294275401358,3,0.01227630657108602,0.0070877289034708855,3,0.04122086254491957,0.023798876086537878,3
matrix_BC_s_loss,"BC S-loss, fixed kappa_D",0.01,O29760-Na1120-Cl320-F800-allSk.dat,0,main,29760,1120,320,800,2240,0.93,0.035,0.01,0.025,0.07,0.7142857142857143,461,0.706374025660249,1,0.464726407914093,0.464726407914093,0.0648211176835885,0.0249109806275339,-0.1066258211851145,0.096911160239707,0.5263630529679302,0.1328274520204772,0.5387937064105444,0.7548079321447778,-0.3202188916000682,0.8400335202055015,0.0003547974473481859,0.00020484240173426722,3,0.0020550767425898064,0.001186499110539564,3,0.0013515857753663423,0.0007803384112406268,3,0.003257997464657242,0.0018810057132389768,3,0.014996089523710125,0.008657996323305767,3,0.008181040427092695,0.0047233258928331785,3,0.017004189296675125,0.009817373267786736,3,0.006161057722905845,0.0035570883348125123,3,0.006059364586436063,0.0034983757750969464,3,0.021196438142346015,0.012237769267344724,3
matrix_BC_s_loss,"BC S-loss, fixed kappa_D",0.0025,O29760-Na1120-Cl160-F960-allSk.dat,0,main,29760,1120,160,960,2240,0.93,0.035,0.005,0.03,0.07,0.8571428571428571,86,0.940820716550092,1,0.464726407914093,0.464726407914093,0.0622039044418256,0.058469714562065,-0.0938090685790396,0.1014519016751778,0.6200166228151167,0.0249361036037249,0.6595143718608365,0.8465147791471749,-0.3186541411918329,0.8424469468746995,0.0027842508423984178,0.0016074879733501688,3,0.006791141175313351,0.003920867185671915,3,0.018205079181723368,0.01051070736618644,3,0.013522532906908682,0.007807238013929301,3,0.06635265210062681,0.03830872155174248,3,0.06662086994935273,0.038463577198905856,3,0.06218947123972365,0.03590510796101494,3,0.08959364106166859,0.051726912784633074,3,0.10543580895018723,0.06087339267961655,3,0.06716005066405721,0.03877487332968234,3
matrix_BC_s_loss,"BC S-loss, fixed kappa_D",0.005,O29760-Na1120-Cl160-F960-allSk.dat,0,main,29760,1120,160,960,2240,0.93,0.035,0.005,0.03,0.07,0.8571428571428571,222,0.8835613028598764,1,0.464726407914093,0.464726407914093,0.0611212791473708,0.0516195667068116,-0.0909758219366975,0.0928962282443705,0.6181337736153203,0.0632617669110531,0.641834275761712,0.8440857788374182,-0.2762660583029587,0.8060453981090496,0.0007717580863531718,0.0004455747389052742,3,0.0017163378862118963,0.0009909281406247916,3,0.0062406170085507985,0.003603021909796161,3,0.0012159801523903707,0.0007020464683118227,3,0.03474754953562542,0.020061507078073193,3,0.011537280582175834,0.00666105204983546,3,0.035020677422431354,0.020219197537043793,3,0.0275144622544737,0.015885482189228188,3,0.02022760649382877,0.011678414054273865,3,0.031074920675428736,0.01794111381700505,3
matrix_BC_s_loss,"BC S-loss, fixed kappa_D",0.01,O29760-Na1120-Cl160-F960-allSk.dat,0,main,29760,1120,160,960,2240,0.93,0.035,0.005,0.03,0.07,0.8571428571428571,461,0.7799328603810494,1,0.464726407914093,0.464726407914093,0.05998595648751,0.0443105886406023,-0.0917322809341153,0.0853104527339635,0.5916060503898616,0.0742436759753709,0.6086977142362864,0.8715074625625426,-0.2755990963021583,0.7699815348652315,0.0004512618376648701,0.00026053614345081797,3,0.0017251776853359215,0.0009960318010286298,3,0.002402553289299638,0.001387114788319567,3,0.0013470249506894272,0.0007777052178856832,3,0.024133427645544166,0.013933440947623282,3,0.004393534699592738,0.0025366084415038292,3,0.02517290272634134,0.014533582165337438,3,0.009426167984105052,0.005442200623049684,3,0.0036304344145286194,0.00209603228650338,3,0.02572777282566389,0.014853936566546587,3
matrix_BC_s_loss,"BC S-loss, fixed kappa_D",0.0025,O29440-Na1280-Cl960-F320-allSk.dat,0,main,29440,1280,960,320,2560,0.92,0.04,0.03,0.01,0.08,0.25,86,0.9110123186195564,1,0.4987430402726989,0.4987430402726989,0.0600494171034621,-0.0360191447114503,-0.0731199968649476,0.0546092601964654,0.3710513857398599,0.2729280965813457,0.2693774413877634,0.3915996809508768,-0.1324143504719893,0.7681032654442442,0.0042026561768214905,0.0024264046749993312,3,0.005993283767900725,0.0034602239967272985,3,0.013372490688088327,0.00772061109850356,3,0.012340932487385282,0.0071250406936428905,3,0.029717323573057407,0.017157304764499906,3,0.03101719739644421,0.017907787266344826,3,0.03150051810017008,0.018186832604745875,3,0.038477788130639706,0.022215161335046224,3,0.044781435676101815,0.025854573942295296,3,0.1401497576067405,0.08091550028111244,3
matrix_BC_s_loss,"BC S-loss, fixed kappa_D",0.005,O29440-Na1280-Cl960-F320-allSk.dat,0,main,29440,1280,960,320,2560,0.92,0.04,0.03,0.01,0.08,0.25,228,0.7830499333234388,1,0.4987430402726989,0.4987430402726989,0.0634047982279218,-0.032314008837159,-0.0818297622942337,0.0771052881905787,0.3715556597853345,0.2585052008028145,0.2953671777593991,0.4036271659766449,-0.1820923571809558,0.9061275698261932,0.0017459469891156864,0.0010080229641567582,3,0.0017149516832998337,0.000990127816000361,3,0.004941753955565522,0.002853122976514652,3,0.010326934319239072,0.005962258309116264,3,0.021441386299573685,0.012379190151857622,3,0.007606590679425507,0.004391667176381615,3,0.03435782608098189,0.01983650013662524,3,0.014968617890859853,0.008642135568684584,3,0.03428325227691501,0.019793444930772734,3,0.1003117075273629,0.057914991343793985,3
matrix_BC_s_loss,"BC S-loss, fixed kappa_D",0.01,O29440-Na1280-Cl960-F320-allSk.dat,0,main,29440,1280,960,320,2560,0.92,0.04,0.03,0.01,0.08,0.25,461,0.6461202468806156,1,0.4987430402726989,0.4987430402726989,0.0649475727644651,-0.033526141393982,-0.0857278895413837,0.081432777523365,0.3672687879996692,0.255485626323962,0.2920234906026794,0.4148250622683892,-0.2075268314538493,0.9434939972172088,0.0008118438262344562,0.00046871825161639907,3,0.002166299816737878,0.0012507137823390508,3,0.001696211965914049,0.0009793084351231406,3,0.006859340767610644,0.0039602422386433795,3,0.01212805519313891,0.0070021359305053885,3,0.002221006334696689,0.0012822986052089976,3,0.024026567063012025,0.01387174496153259,3,0.006254200411290463,0.0036108642910244173,3,0.015061839141570613,0.008695956882876636,3,0.06072463679834171,0.03505938540196484,3
matrix_BC_s_loss,"BC S-loss, fixed kappa_D",0.0025,O29440-Na1280-Cl800-F480-allSk.dat,0,main,29440,1280,800,480,2560,0.92,0.04,0.025,0.015,0.08,0.375,86,0.8758098256411437,1,0.4987430402726989,0.4987430402726989,0.0621397706366115,-0.0217216060770332,-0.0824249174807532,0.070938876716846,0.455914585429192,0.2392457986815773,0.4356404024147535,0.43438998995069,-0.1701083123630811,0.9310066851158042,0.00989683630106439,0.005713941102545186,3,0.0024148395617031994,0.0013942082709991002,3,0.028246074802472477,0.016307878890757792,3,0.035178401947244864,0.02031025983390268,3,0.05534986936436083,0.031956261977124346,3,0.013119660852452383,0.007574639724839979,3,0.07487406783596742,0.04322856322041809,3,0.08643245112157515,0.04990179892176058,3,0.09767851490279748,0.056394716873173004,3,0.18984368218044867,0.10960630101083181,3
matrix_BC_s_loss,"BC S-loss, fixed kappa_D",0.005,O29440-Na1280-Cl800-F480-allSk.dat,0,main,29440,1280,800,480,2560,0.92,0.04,0.025,0.015,0.08,0.375,228,0.7221412902375269,1,0.4987430402726989,0.4987430402726989,0.0661734303704976,-0.0158228149895302,-0.0936423682095032,0.0950532288457362,0.4469717919124609,0.2294436480450118,0.4336914038115245,0.4745822032674768,-0.2380030815984469,1.015475753905321,0.0034946311684068117,0.0020176262457981295,3,0.0028957075960957595,0.001671837560100331,3,0.009138925469765545,0.005276361080073065,3,0.012207289941955177,0.007047882134063633,3,0.04020970767431093,0.023215085549799577,3,0.0028694845269928077,0.0016566976640947635,3,0.06197252620567338,0.035779854687206666,3,0.026417729506587277,0.015252283242006885,3,0.03301934320195692,0.01906372668611447,3,0.11264711360128066,0.06503684136113375,3
matrix_BC_s_loss,"BC S-loss, fixed kappa_D",0.01,O29440-Na1280-Cl800-F480-allSk.dat,0,main,29440,1280,800,480,2560,0.92,0.04,0.025,0.015,0.08,0.375,461,0.5424191270452974,1,0.4987430402726989,0.4987430402726989,0.0677139156439875,-0.0161427496104381,-0.0978539878659465,0.0999679553942075,0.4220936551439029,0.2203890128032583,0.404755060421196,0.4870168152661952,-0.2688422540938548,1.0080361035149912,0.000959298335695851,0.0005538511523471596,3,0.003128408691240123,0.00180618760002265,3,0.0024150243280301833,0.0013943149458877215,3,0.00448575192550268,0.0025898500817068547,3,0.024287508492421922,0.01402239956604512,3,0.004002989385370511,0.0023111269992068793,3,0.04014366857356237,0.023176957857205357,3,0.007635901558843334,0.0044085898205036824,3,0.0033470389269892016,0.001932413825485372,3,0.06436335712142181,0.037160201560000904,3
matrix_BC_s_loss,"BC S-loss, fixed kappa_D",0.0025,O29440-Na1280-Cl640-F640-allSk.dat,0,main,29440,1280,640,640,2560,0.92,0.04,0.02,0.02,0.08,0.5,86,0.943576709660107,1,0.4987430402726989,0.4987430402726989,0.0723539969679129,0.0014534824955515,-0.1122392153946606,0.1142947500525415,0.4566178882093083,0.1943230414384844,0.4514321688892811,0.5720458378449197,-0.2972315571610261,0.9356530528957492,0.003038962085796802,0.0017545455782918503,3,0.016748539746320026,0.009669773931071015,3,0.009981002328127856,0.005762534380926899,3,0.02042299221791224,0.011791220054669265,3,0.018521017021255023,0.010693114162887228,3,0.06348880396199698,0.03665527805798634,3,0.04549557846429397,0.026266884473297867,3,0.05652713827655783,0.032635958500489864,3,0.05400320938353195,0.031178767474685898,3,0.10410665332558808,0.06010600432195933,3
matrix_BC_s_loss,"BC S-loss, fixed kappa_D",0.005,O29440-Na1280-Cl640-F640-allSk.dat,0,main,29440,1280,640,640,2560,0.92,0.04,0.02,0.02,0.08,0.5,228,0.7670864065253455,1,0.4987430402726989,0.4987430402726989,0.0694550262016792,0.0011188008907965,-0.1065587903325093,0.1081410137258688,0.4594796775908129,0.1885863157788067,0.4612160759049379,0.5578748872747966,-0.2911735618224329,0.9434315915516952,0.00022699979864502617,0.0001310583948536967,3,0.009286025012938692,0.005361289040921752,3,0.005744160645861287,0.003316392695156469,3,0.007445897311649506,0.004298890817239153,3,0.00033484829157227333,0.00019332475127693832,3,0.02337950029256195,0.013498160787429579,3,0.023539949726509246,0.013590796311310372,3,0.03193175839229615,0.018435809303490275,3,0.007362198485224087,0.004250567277271582,3,0.036056394483035895,0.02081716906078811,3
matrix_BC_s_loss,"BC S-loss, fixed kappa_D",0.01,O29440-Na1280-Cl640-F640-allSk.dat,0,main,29440,1280,640,640,2560,0.92,0.04,0.02,0.02,0.08,0.5,461,0.5863758866458081,1,0.4987430402726989,0.4987430402726989,0.0683195001323225,-0.0026137477667193,-0.1067382920778733,0.1030418945375563,0.4448286003297008,0.1847229861506437,0.4443596533670603,0.5660431066570681,-0.3048053543607704,0.9332248027238744,0.000809396765943091,0.0004673054406984561,3,0.0029352048078925526,0.001694641285963449,3,0.0032598406355546635,0.0018820698684527658,3,0.0021813003457370173,0.0012593743417946908,3,0.002155498585855606,0.0012444776887815918,3,0.00745449358437262,0.004303853877609871,3,0.00966895744095148,0.005582375181316373,3,0.014318909495069016,0.008267026251479985,3,0.0037846003696713195,0.0021850400422048937,3,0.009966175921997613,0.005753974351356488,3
matrix_BC_s_loss,"BC S-loss, fixed kappa_D",0.0025,O29440-Na1280-Cl480-F800-allSk.dat,0,main,29440,1280,480,800,2560,0.92,0.04,0.015,0.025,0.08,0.625,86,0.9682779680943508,1,0.4987430402726989,0.4987430402726989,0.0720100293670807,0.0207026447957542,-0.1207495218219947,0.1197191818734249,0.4815424761390737,0.1228620476509626,0.513939873000079,0.6555725073334973,-0.3523947171991421,0.9230520058239196,0.004170407429794489,0.0024077858522222636,3,0.008190901776177475,0.004729019345381849,3,0.010846856574836503,0.006262435563343118,3,0.01365805969219074,0.007885484439894301,3,0.06600212595324034,0.038106345186190896,3,0.02149573292575309,0.012410567191111848,3,0.09924964963826499,0.05730181193562834,3,0.029079069098525936,0.01678880837181768,3,0.03133569109243096,0.018091669687457974,3,0.14751573392620979,0.08516824869200243,3
matrix_BC_s_loss,"BC S-loss, fixed kappa_D",0.005,O29440-Na1280-Cl480-F800-allSk.dat,0,main,29440,1280,480,800,2560,0.92,0.04,0.015,0.025,0.08,0.625,222,0.8495908874620908,1,0.4987430402726989,0.4987430402726989,0.0690081816909111,0.0176919888943377,-0.1160230579019403,0.1122498667038592,0.4848834222553926,0.1333657805908414,0.5100297161572315,0.6595474790935794,-0.3421874290751693,0.9101994737883456,0.001452568095684096,0.000838640581059475,3,0.0034547066395787984,0.001994575808332007,3,0.005932377486806295,0.00342505973894209,3,0.008965056991053363,0.005175978067084996,3,0.0380313800398263,0.021957427503646675,3,0.00237115580311956,0.0013689874412216212,3,0.049545462979957745,0.028605086388603245,3,0.02630678492964297,0.01518822936064296,3,0.021533966350039173,0.01243264126891546,3,0.07802343390177091,0.04504685056628641,3
matrix_BC_s_loss,"BC S-loss, fixed kappa_D",0.01,O29440-Na1280-Cl480-F800-allSk.dat,0,main,29440,1280,480,800,2560,0.92,0.04,0.015,0.025,0.08,0.625,461,0.6679043971400147,1,0.4987430402726989,0.4987430402726989,0.0676928063821354,0.0141991297424828,-0.1132509595143006,0.1056844523395736,0.4841894461358966,0.1374714215997277,0.5059716822348979,0.6585700456411672,-0.3362370416412965,0.900457271494651,0.0007507256664588979,0.0004334316656176059,3,0.0020541776432826224,0.0011859800153125332,3,0.00251540329289564,0.0014522687682737689,3,0.0045419332859298394,0.0026222864052729143,3,0.020861580567587128,0.012044439156417494,3,0.0006947565357991172,0.00040111787296487225,3,0.02657090620138331,0.015340719847980952,3,0.01079982471035611,0.006235281703724873,3,0.008485679731234791,0.004899209477085358,3,0.040105736761672374,0.023155057915399815,3
matrix_BC_s_loss,"BC S-loss, fixed kappa_D",0.0025,O29440-Na1280-Cl320-F960-allSk.dat,0,main,29440,1280,320,960,2560,0.92,0.04,0.01,0.03,0.08,0.75,86,0.9758374167609324,1,0.4987430402726989,0.4987430402726989,0.0612433897471295,0.024568191091078,-0.0985545774604964,0.0852694153065596,0.4874234005039224,0.1157465711364513,0.4960017489771184,0.6895734365924798,-0.2644727812358708,0.7254269180207881,0.002527517243974603,0.0014592627611901582,3,0.010537650034780077,0.006083915084206347,3,0.007542674148184987,0.004354764949864234,3,0.015979286282662264,0.009225645236753153,3,0.066272828171206,0.0382626351846036,3,0.07910282365357714,0.04567003653005226,3,0.032727919880404084,0.018895473352967804,3,0.017935775569888193,0.010355224853399663,3,0.08762681915788532,0.05059136762903575,3,0.027062976130432456,0.015624816553977596,3
matrix_BC_s_loss,"BC S-loss, fixed kappa_D",0.005,O29440-Na1280-Cl320-F960-allSk.dat,0,main,29440,1280,320,960,2560,0.92,0.04,0.01,0.03,0.08,0.75,222,0.9240277346550672,1,0.4987430402726989,0.4987430402726989,0.0629922509562595,0.023979413001283,-0.1083722526213563,0.0902577903262261,0.5295958751380236,0.1078115400268937,0.5492796204890315,0.7475205891626722,-0.307091170065306,0.8115526432023972,0.0018702229430366199,0.0010797737196068067,3,0.005229433093281968,0.003019214604115482,3,0.006814330291793571,0.003934255428314039,3,0.009423157597283932,0.005440462575408146,3,0.014759405614474613,0.008521346804595792,3,0.01953052376247148,0.011275953151677292,3,0.015366331209325826,0.008871755460161213,3,0.020210648975024562,0.011668623626227465,3,0.031860874982986065,0.01839488474804402,3,0.030849771413533168,0.017811123830041797,3
matrix_BC_s_loss,"BC S-loss, fixed kappa_D",0.01,O29440-Na1280-Cl320-F960-allSk.dat,0,main,29440,1280,320,960,2560,0.92,0.04,0.01,0.03,0.08,0.75,461,0.8171895298790202,1,0.4987430402726989,0.4987430402726989,0.0630366073906553,0.0242050161165515,-0.1100223487350424,0.0914709778003121,0.5352036764969651,0.1070371925990051,0.556202021433263,0.7681686186012286,-0.3199064548117675,0.8269448513976896,0.00040835365249113336,0.00023576309119032276,3,0.0028206058007289175,0.0016284775183286605,3,0.0017473136834845742,0.0010088120255185354,3,0.004209309962559051,0.002430246239986042,3,0.008056527407278675,0.004651438267325941,3,0.005905557327887977,0.0034095751129708906,3,0.012294240776095052,0.007098083221560553,3,0.012532965234590842,0.007235910851935244,3,0.013689953517460484,0.007903898348499274,3,0.020991366188614607,0.012119370919654654,3
matrix_BC_s_loss,"BC S-loss, fixed kappa_D",0.0025,O29376-Na1312-Cl1280-F32-allSk.dat,0,main,29376,1312,1280,32,2624,0.918,0.041,0.04,0.001,0.082,0.024390243902439,86,0.8260696941180388,1,0.5048041082417978,0.5048041082417978,0.0582023143517566,-0.0523603673994113,-0.0586158491784339,0.0354492432014615,0.2816819345580473,0.2738611967215831,0.0715941336563263,0.2918281031057915,-0.0921157157011837,1.04101707229738,0.002984875927456025,0.00172331892021437,3,0.005906450351735896,0.0034100907005298795,3,0.006930924372494956,0.004001571052192901,3,0.011609320628327952,0.006702644389873819,3,0.022233792874503607,0.012836686301201041,3,0.022921709804636568,0.013233855325993407,3,0.030680200391589713,0.017713221954875985,3,0.025230264136450603,0.014566699790905118,3,0.029535941322290305,0.0170525836731933,3,0.03360375277633675,0.019401135711199658,3
matrix_BC_s_loss,"BC S-loss, fixed kappa_D",0.005,O29376-Na1312-Cl1280-F32-allSk.dat,0,main,29376,1312,1280,32,2624,0.918,0.041,0.04,0.001,0.082,0.024390243902439,228,0.6868888190122288,1,0.5048041082417978,0.5048041082417978,0.0600289625022993,-0.0581295623004864,-0.0639767528009397,0.0324137030274453,0.2999185217193792,0.2895530140197536,0.0891215003382107,0.3043978733064181,-0.0711372670276838,1.0205676195461315,0.001721581704866912,0.0009939556607368467,3,0.004257390921456559,0.0024580057945484137,3,0.004428624123652304,0.0025568673299303283,3,0.0014129469995786375,0.0008157653305574004,3,0.016716983844561432,0.009651555122696168,3,0.016833838386833243,0.009719021124132829,3,0.001845286239344381,0.0010653765070173906,3,0.01687122619901335,0.009740606987559425,3,0.0017566258517941525,0.0010141884083988096,3,0.004215059412251558,0.002433565686313703,3
matrix_BC_s_loss,"BC S-loss, fixed kappa_D",0.01,O29376-Na1312-Cl1280-F32-allSk.dat,0,main,29376,1312,1280,32,2624,0.918,0.041,0.04,0.001,0.082,0.024390243902439,467,0.6226531261659177,1,0.5048041082417978,0.5048041082417978,0.0602000036438767,-0.0603878816754006,-0.0659275072603982,0.0302910579973079,0.3027985164304865,0.2917288945772162,0.0938009873204637,0.3054095150015322,-0.0636030173575444,1.0028801772249218,0.0005928345698407734,0.00034227319848248656,3,0.001753958699809582,0.0010126485274825482,3,0.0016953790857672578,0.000978827571546188,3,0.0008835823173932425,0.000510136488798182,3,0.0077822751308939345,0.004493098641729343,3,0.00720934037425281,0.004162314605754497,3,0.0044887539092252375,0.002591583277817176,3,0.006691216330815927,0.0038631755498025958,3,0.004827849543966557,0.002787360233816104,3,0.007997656465192309,0.004617449113064931,3
matrix_BC_s_loss,"BC S-loss, fixed kappa_D",0.0025,O29376-Na1312-Cl32-F1280-allSk.dat,0,main,29376,1312,32,1280,2624,0.918,0.041,0.001,0.04,0.082,0.975609756097561,86,0.9590862401347866,1,0.5048041082417978,0.5048041082417978,0.0487374849027575,0.0452636160671704,-0.0434584028863674,0.0526972954016591,0.6015966896727978,0.0536195572684635,0.6005922306222378,0.9071303866235956,-0.0891442435588433,0.6221482322429017,0.0021197840937419656,0.0012238579171458108,3,0.014656148639378641,0.008461731362228426,3,0.009481507244328113,0.005474150759836223,3,0.016305179947835716,0.009413800032068239,3,0.09581905479157529,0.0553211570774115,3,0.07003572873411691,0.04043514683753401,3,0.10247315264652922,0.05916290226518326,3,0.05258990132877597,0.030362793688824666,3,0.07602573495287689,0.04389347854038261,3,0.11145862203986458,0.06435066543822057,3
matrix_BC_s_loss,"BC S-loss, fixed kappa_D",0.005,O29376-Na1312-Cl32-F1280-allSk.dat,0,main,29376,1312,32,1280,2624,0.918,0.041,0.001,0.04,0.082,0.975609756097561,222,0.8876615415633353,1,0.5048041082417978,0.5048041082417978,0.0486345216106297,0.0470787945580291,-0.0451654833615232,0.0548049366807823,0.6327238240337625,0.0374279106474416,0.6346661764056813,0.935377339713547,-0.1100032717957786,0.6599435750362901,0.0003976149705436609,0.00022956311027720776,3,0.003932705187264364,0.0022705483985105183,3,0.003082945629077553,0.0017799394888449057,3,0.004468984359569891,0.002580169323001904,3,0.033920793983766725,0.019584179537653557,3,0.029203794953340967,0.016860818877670044,3,0.034311351721467764,0.019809668152649344,3,0.04009502980733503,0.02314887625243095,3,0.0315977950356179,0.018242995469612618,3,0.03633228338959312,0.020976453595255358,3
matrix_BC_s_loss,"BC S-loss, fixed kappa_D",0.01,O29376-Na1312-Cl32-F1280-allSk.dat,0,main,29376,1312,32,1280,2624,0.918,0.041,0.001,0.04,0.082,0.975609756097561,461,0.7965064083870335,1,0.5048041082417978,0.5048041082417978,0.048034069902044,0.0435774183505552,-0.0455629339788291,0.0513229059093338,0.6076612066848188,0.021582741110751,0.6117975515398726,0.9647667260187194,-0.1306921532719266,0.6400620563665829,0.00028700840226401507,0.0001657043783068135,3,0.0030600580110692987,0.0017667253164267305,3,0.0016497160149924243,0.0009524639853423129,3,0.0033585874145332898,0.0019390813478776842,3,0.018930163040502414,0.010929334727237575,3,0.019819159039069164,0.011442596806318588,3,0.020500058757743966,0.011835714442186625,3,0.01569556223741184,0.00906183708285225,3,0.020678194606450352,0.01193856122238958,3,0.02283066387773944,0.013181289935590732,3
matrix_BC_s_loss,"BC S-loss, fixed kappa_D",0.0025,O29120-Na1440-Cl960-F480-allSk.dat,0,main,29120,1440,960,480,2880,0.91,0.045,0.03,0.015,0.09,0.3333333333333333,86,0.9002777680075805,1,0.5302846053397241,0.5302846053397241,0.0682810852660957,-0.0091657569844725,-0.0946055465240157,0.1179168901830462,0.3876387327585621,0.1787044746582908,0.4186836884009297,0.4163270950134377,-0.2792501945033311,1.120100832972682,0.00899066184137668,0.005190761034311723,3,0.007283167594823578,0.004204938771424552,3,0.024115902384360986,0.013923322733361554,3,0.035692472627090514,0.02060705867929406,3,0.002089544126336138,0.0012063988638237708,3,0.02074312828544034,0.011976050699433922,3,0.032376738552857394,0.018692718718974353,3,0.07549014468831082,0.043584255356960054,3,0.09624368915325664,0.05556631984043539,3,0.1372868389991497,0.0792625934523519,3
matrix_BC_s_loss,"BC S-loss, fixed kappa_D",0.005,O29120-Na1440-Cl960-F480-allSk.dat,0,main,29120,1440,960,480,2880,0.91,0.045,0.03,0.015,0.09,0.3333333333333333,228,0.7088872210595212,1,0.5302846053397241,0.5302846053397241,0.0696612677733812,-0.0163026402459508,-0.100173515997907,0.1134297437113343,0.3966742721542576,0.2051341505327757,0.396956495637243,0.4390719683683673,-0.265638761434146,1.0632187579503587,0.002834190429027107,0.0016363206071334613,3,0.002594953367981409,0.0014981970255385924,3,0.005795965826022519,0.003346302429867973,3,0.009124714916451629,0.005268156613291942,3,0.010282167553045549,0.005936412204603683,3,0.014468095078962531,0.008353158588500118,3,0.005351726303457027,0.0030898206219301155,3,0.010739186724745987,0.006200272346409751,3,0.03222976097622077,0.018607861175538358,3,0.04794382561563999,0.027680380625170226,3
matrix_BC_s_loss,"BC S-loss, fixed kappa_D",0.01,O29120-Na1440-Cl960-F480-allSk.dat,0,main,29120,1440,960,480,2880,0.91,0.045,0.03,0.015,0.09,0.3333333333333333,461,0.5259744010289549,1,0.5302846053397241,0.5302846053397241,0.068767254000348,-0.0210111592065953,-0.1003480154620415,0.1055211291519023,0.3810837161086953,0.204177839349177,0.3713052886937733,0.4451703715508298,-0.2759195854814431,1.0333288450488645,0.0014968337931535406,0.0008641973934093253,3,0.0020834185584416905,0.0012028622655509721,3,0.0033304213040574564,0.001922819636412437,3,0.006581034599263994,0.003799562097431308,3,0.007872476516772677,0.004545176436147712,3,0.007520789859313795,0.004342130049793428,3,0.007102993885394877,0.0041009154317849985,3,0.007513119327436091,0.004337701466149008,3,0.018208697198370025,0.010512796229071319,3,0.01943838598666041,0.011222757382010238,3
matrix_BC_s_loss,"BC S-loss, fixed kappa_D",0.0025,O29120-Na1440-Cl800-F640-allSk.dat,0,main,29120,1440,800,640,2880,0.91,0.045,0.025,0.02,0.09,0.4444444444444444,86,0.9455343257187264,1,0.5302846053397241,0.5302846053397241,0.0711677040996175,0.0012943590247661,-0.1096877259061555,0.1245761442489135,0.4366656138478298,0.1601925474719094,0.475897707953719,0.5021354268633451,-0.3211156529807926,1.072864776282721,0.004010063889717397,0.002315211466195937,3,0.00671312652209178,0.0038758254046337057,3,0.007862017728907964,0.004539138052158624,3,0.01839143430864988,0.010618299548882328,3,0.009705899962974376,0.005603703956350835,3,0.016785755613223628,0.009691260521845933,3,0.028272179596574416,0.016322950500659687,3,0.020090310906169185,0.011599146409780053,3,0.0473593570171868,0.027342937522520393,3,0.09134378677233768,0.052737359881808936,3
matrix_BC_s_loss,"BC S-loss, fixed kappa_D",0.005,O29120-Na1440-Cl800-F640-allSk.dat,0,main,29120,1440,800,640,2880,0.91,0.045,0.025,0.02,0.09,0.4444444444444444,228,0.7509218922591335,1,0.5302846053397241,0.5302846053397241,0.0713362639750744,-0.0031165708760244,-0.1107445325996529,0.119141295200596,0.4389508617314616,0.1712914614877583,0.4669166166712349,0.5099106200362818,-0.3131602121934586,1.0504986861632684,0.0018075083558500718,0.0010435654358125369,3,0.0031845638683847426,0.0018386088066634871,3,0.003086826846776593,0.0017821803109282297,3,0.007495145091602477,0.004327324036251993,3,0.0031985309058771916,0.0018466726795195343,3,0.0057768935247563685,0.0033352910315978955,3,0.003026067234506572,0.001747100732428276,3,0.008095191826351147,0.004673761180085494,3,0.017172545385759744,0.009914573701139455,3,0.023241305214952847,0.01341837382217128,3
matrix_BC_s_loss,"BC S-loss, fixed kappa_D",0.01,O29120-Na1440-Cl800-F640-allSk.dat,0,main,29120,1440,800,640,2880,0.91,0.045,0.025,0.02,0.09,0.4444444444444444,461,0.5600133905229343,1,0.5302846053397241,0.5302846053397241,0.0700564174619963,-0.0078084391048655,-0.1102863126080677,0.1115911873324174,0.419947774706468,0.1783937628507874,0.4304713718115333,0.5200838694895088,-0.3138807988136539,0.9966364592069328,0.0011095235650325915,0.0006405837289438,3,0.0012706612727541528,0.0007336166278734427,3,0.0020858193379314333,0.0012042483562356402,3,0.004206786681011703,0.0024287894227054394,3,0.007435514292281511,0.004292896178212041,3,0.006884378901057543,0.0039746980117289525,3,0.007804606201992693,0.004505991491639504,3,0.003346626260363766,0.0019321755722980908,3,0.013964620770133732,0.00806247756076775,3,0.019862758940545344,0.011467769221172501,3
matrix_BC_s_loss,"BC S-loss, fixed kappa_D",0.0025,O29120-Na1440-Cl640-F800-allSk.dat,0,main,29120,1440,640,800,2880,0.91,0.045,0.02,0.025,0.09,0.5555555555555556,86,0.9394259754639832,1,0.5302846053397241,0.5302846053397241,0.0655019535341317,0.0107877315698179,-0.1009634343129517,0.104777701614118,0.5093996776972168,0.1602036404674003,0.5401408920972588,0.5362994040146597,-0.264745031270935,0.9614702059449572,0.0032932297593899562,0.0019013470880870778,3,0.013220058814707582,0.007632604515374108,3,0.011946386159396015,0.006897249264970509,3,0.007051878219685998,0.00407140378842817,3,0.06571588448653791,0.03794108359833702,3,0.03562975891431053,0.020570850900338652,3,0.08626731812778327,0.049806459343342754,3,0.041265524342709935,0.023824661587514638,3,0.017334845512276723,0.010008277722873542,3,0.1075321218725761,0.06208369950966346,3
matrix_BC_s_loss,"BC S-loss, fixed kappa_D",0.005,O29120-Na1440-Cl640-F800-allSk.dat,0,main,29120,1440,640,800,2880,0.91,0.045,0.02,0.025,0.09,0.5555555555555556,222,0.8198178746087394,1,0.5302846053397241,0.5302846053397241,0.069307373660702,0.0097667201153454,-0.1162556198926966,0.1170856175956548,0.5038124571895807,0.1496718493744951,0.5420647695044708,0.5963122277795799,-0.3325520131401035,1.0246997666661208,0.0022984426448127986,0.0013270064796995847,3,0.007505009296725885,0.004333019137735334,3,0.005181028640907893,0.0029912682805073327,3,0.013572064564435963,0.007835835129736084,3,0.04543006124157413,0.02622905808712401,3,0.01149163609459773,0.00663469919264522,3,0.06545666312698821,0.0377914220766213,3,0.010785055679435837,0.006226754799747383,3,0.013304628912539451,0.00768143108412273,3,0.09898645748821829,0.057149857876950275,3
matrix_BC_s_loss,"BC S-loss, fixed kappa_D",0.01,O29120-Na1440-Cl640-F800-allSk.dat,0,main,29120,1440,640,800,2880,0.91,0.045,0.02,0.025,0.09,0.5555555555555556,461,0.6282970032026832,1,0.5302846053397241,0.5302846053397241,0.0702413243438589,0.0070823248279325,-0.1193484689892104,0.1162504517205549,0.4722960199075625,0.1440719173906177,0.5047897632358801,0.6057000003894616,-0.3484617893765009,0.9889202344076992,0.0011323666782291665,0.0006537722064969717,3,0.003629057605807568,0.0020952373856176583,3,0.0009981826387813184,0.0005763010152008052,3,0.0056067849535583825,0.003237078802225276,3,0.018915464249814846,0.010920848376477344,3,0.009168391323910674,0.005293373198895657,3,0.026769191239324176,0.015455199768012386,3,0.0017941526486253917,0.00103585451465115,3,0.011670742943773758,0.006738106580230705,3,0.039349595011296486,0.022718499272274782,3
matrix_BC_s_loss,"BC S-loss, fixed kappa_D",0.0025,O29120-Na1440-Cl480-F960-allSk.dat,0,main,29120,1440,480,960,2880,0.91,0.045,0.015,0.03,0.09,0.6666666666666666,86,0.9716811689743878,1,0.5302846053397241,0.5302846053397241,0.0689616441125884,0.0315346686579042,-0.1218448052585305,0.1247792117604625,0.5047192553730572,0.0608021265822625,0.5751587234938527,0.6557567171111361,-0.3892229287765846,0.9796448691664408,0.8194120126562009,0.4730877460842706,3,1.4324620999788582,0.8270323790267304,3,2.315073162212354,1.336608113396981,3,3.391332042726619,1.957986467779617,3,2.513142987501466,1.4509637803459918,3,4.042478762840332,2.333926201919211,3,5.936082650266381,3.4271989160631624,3,6.568092702055528,3.792090089594176,3,9.595229763730911,5.5398084870263515,3,14.054593935656632,8.114423592102238,3
matrix_BC_s_loss,"BC S-loss, fixed kappa_D",0.005,O29120-Na1440-Cl480-F960-allSk.dat,0,main,29120,1440,480,960,2880,0.91,0.045,0.015,0.03,0.09,0.6666666666666666,222,0.8694570151574726,1,0.5302846053397241,0.5302846053397241,0.0678753518685045,0.0287288954597154,-0.1177484176953041,0.1184462720013672,0.50730690044238,0.0718369529255705,0.5705251279849186,0.6445041330782679,-0.3677513033304088,0.958787164874682,0.0017215419205121967,0.000993932691228942,3,0.003072797607814019,0.001774080526036662,3,0.006311273639734344,0.0036438155348300126,3,0.005440006774682589,0.0031407893757563806,3,0.007912537339053517,0.004568305562675514,3,0.010103806432848833,0.005833435363845146,3,0.015782161983891718,0.009111835469794162,3,0.022148812015726483,0.012787622579510103,3,0.021075934739680554,0.012168196595377554,3,0.027913623442855605,0.016115938008790534,3
matrix_BC_s_loss,"BC S-loss, fixed kappa_D",0.01,O29120-Na1440-Cl480-F960-allSk.dat,0,main,29120,1440,480,960,2880,0.91,0.045,0.015,0.03,0.09,0.6666666666666666,461,0.6989804269520177,1,0.5302846053397241,0.5302846053397241,0.0669606771000469,0.0207414284487676,-0.1176783042507245,0.1086140850521848,0.4912188876771055,0.0978181031335239,0.5324499693646961,0.6629651818734852,-0.3489849556512771,0.8988849979251248,0.0012388655296792551,0.0007152593470500663,3,0.0028029426476462063,0.0016182796921416197,3,0.0028643229235089003,0.0016537176109338795,3,0.004865243154920874,0.002808949445166551,3,0.004370185472517952,0.0025231277589668317,3,0.008601353580385355,0.004965993805030636,3,0.0017832439801853729,0.0010295563919908047,3,0.006512617390454872,0.0037600614035081586,3,0.014455439805666225,0.008345852063055827,3,0.011827204158322249,0.006828439504568012,3
matrix_BC_s_loss,"BC S-loss, fixed kappa_D",0.0025,O28800-Na1600-Cl960-F640-allSk.dat,0,main,28800,1600,960,640,3200,0.9,0.05,0.03,0.02,0.1,0.4,86,0.9399397347767466,1,0.5598492526579522,0.5598492526579522,0.0701416538860908,-0.011541281945398,-0.1105823926149435,0.1171868491885447,0.3429375533313479,0.1569832979261344,0.3499673928370909,0.4673650911384849,-0.324190610413636,0.9503978215354614,0.006460420274723068,0.0037299253846894793,3,0.020735055596009223,0.011971389930017782,3,0.014114960625860507,0.008149276316941532,3,0.049816982606540855,0.028761848318101267,3,0.05220892989959917,0.03014283973163588,3,0.033639827221337695,0.01942196330173182,3,0.12255402835102387,0.07075660125873666,3,0.03792019001464591,0.021893231912677575,3,0.09946850321960017,0.05742816710972532,3,0.3132488976314756,0.180854335370886,3
matrix_BC_s_loss,"BC S-loss, fixed kappa_D",0.005,O28800-Na1600-Cl960-F640-allSk.dat,0,main,28800,1600,960,640,3200,0.9,0.05,0.03,0.02,0.1,0.4,222,0.7576226193616756,1,0.5598492526579522,0.5598492526579522,0.0707842522898967,-0.0101430180468345,-0.1111182995302836,0.1200540477793744,0.3614095548279837,0.1470193364232053,0.3913775024222505,0.4639449187152029,-0.3357561782126915,1.0300378236052237,0.0025300788615091555,0.0014607417117632928,3,0.00834764592242576,0.004819515620412195,3,0.004259935495844807,0.0024594749052564415,3,0.018412950135012412,0.010630721717024573,3,0.029044058976424238,0.016768595268397902,3,0.011988815401135439,0.006921745799110277,3,0.05923556271684418,0.03419966808016895,3,0.007945257176902374,0.004587196369865392,3,0.028368520633075378,0.016378573024017525,3,0.12745962123031745,0.07358884662813153,3
matrix_BC_s_loss,"BC S-loss, fixed kappa_D",0.01,O28800-Na1600-Cl960-F640-allSk.dat,0,main,28800,1600,960,640,3200,0.9,0.05,0.03,0.02,0.1,0.4,461,0.5352049986598795,1,0.5598492526579522,0.5598492526579522,0.0710276659706167,-0.0125184599377069,-0.1122215359832903,0.1176493275548599,0.3717196635770535,0.1563647678220547,0.3962334465311128,0.4716955781020517,-0.3304723340780291,1.031244384387304,0.00120198069955498,0.0006939638804488024,3,0.003036988818196372,0.001753406311711559,3,0.0032852189320514585,0.0018967220347667645,3,0.008743019395060208,0.00504778460126813,3,0.013444470166124264,0.007762168469523737,3,0.005946121981745482,0.0034329951267951055,3,0.02568226695218127,0.014827663738241686,3,0.009565239778337594,0.005522493760886526,3,0.019417498621104073,0.011210698055883624,3,0.06349391430307372,0.03665822851478264,3
matrix_BC_s_loss,"BC S-loss, fixed kappa_D",0.0025,O28800-Na1600-Cl800-F800-allSk.dat,0,main,28800,1600,800,800,3200,0.9,0.05,0.025,0.025,0.1,0.5,86,0.9498645864030923,1,0.5598492526579522,0.5598492526579522,0.0687985572769386,-0.0125874079627305,-0.1189508643340173,0.1011495812780007,0.3614977195641466,0.1520762717905807,0.3591587059839811,0.5431542976953673,-0.3280859716139912,0.8360130846609081,0.01679263547363902,0.009695232611108748,3,0.002087462502669263,0.001205197037839349,3,0.04630899366321359,0.02673650995735704,3,0.04464282328818886,0.025774546042820735,3,0.03824161226579977,0.022078805135904794,3,0.01752889911604993,0.010120314623249221,3,0.037027705170318476,0.021377955547557472,3,0.13337132591930728,0.07700197092168938,3,0.10863785642831678,0.06272209565307262,3,0.15875397713813652,0.09165665143562682,3
matrix_BC_s_loss,"BC S-loss, fixed kappa_D",0.005,O28800-Na1600-Cl800-F800-allSk.dat,0,main,28800,1600,800,800,3200,0.9,0.05,0.025,0.025,0.1,0.5,222,0.8196395942627998,1,0.5598492526579522,0.5598492526579522,0.0707781674588071,-0.0030337708020589,-0.1206635317945737,0.1163731319811704,0.4125987926236415,0.1421900203767344,0.4413127879703835,0.5433540248648218,-0.3422669696139372,0.9663774996103356,0.0012213763195034477,0.00070516194684715,3,0.0028870635935187095,0.0016668469428855954,3,0.0038258351953837605,0.0022088469799299588,3,0.004586629021790483,0.002648091500403685,3,0.023551772722459986,0.01359762232120516,3,0.015213579278273229,0.008783564091648762,3,0.02243908970181871,0.012955214479715193,3,0.01800080909798624,0.010392771978353421,3,0.005165251435788416,0.0029821593068845432,3,0.03290453807948547,0.01899744391775123,3
matrix_BC_s_loss,"BC S-loss, fixed kappa_D",0.01,O28800-Na1600-Cl800-F800-allSk.dat,0,main,28800,1600,800,800,3200,0.9,0.05,0.025,0.025,0.1,0.5,461,0.5910452896162568,1,0.5598492526579522,0.5598492526579522,0.0711462391357247,-0.0038779400801171,-0.1212883716212364,0.1158041361658646,0.4005039459574923,0.1360618046982051,0.4303363074588218,0.5444929000635763,-0.3520724505384157,0.9606598929282394,0.0004770296104047012,0.00027541317397857657,3,0.0027292250360888334,0.0015757188092649541,3,0.0007054198479280656,0.0004072743390929736,3,0.004399214940259774,0.002539887929982004,3,0.005644288663087147,0.003258731579017317,3,0.0069115506279208445,0.003990385615547827,3,0.0066393847940486245,0.0038332505980974815,3,0.001619472976112879,0.0009350031587040951,3,0.009410490226470567,0.005433149065459124,3,0.016054448637034743,0.00926904024228303,3
matrix_BC_s_loss,"BC S-loss, fixed kappa_D",0.0025,O28800-Na1600-Cl640-F960-allSk.dat,0,main,28800,1600,640,960,3200,0.9,0.05,0.02,0.03,0.1,0.6,86,0.9632905231802078,1,0.5598492526579522,0.5598492526579522,0.0680830011449772,0.0167633891139212,-0.1149503454849626,0.1154980063530034,0.5182112957418007,0.1127757418478044,0.5769268984445332,0.5642258291458998,-0.3150956036911607,1.0020839062974487,0.0914383324061438,0.052791945828937606,3,0.4437510376308185,0.25619978102932883,3,0.11579950744909843,0.06685687679776306,3,0.6662985632104726,0.38468765483022727,3,2.2622151088871987,1.3060905020808629,3,0.47262675601556314,0.272871184811805,3,3.306243819732502,1.9088607593290967,3,0.18268394988458125,0.10547262764248709,3,0.7562760502368284,0.43663618118589986,3,4.884467606611765,2.82004868752531,3
matrix_BC_s_loss,"BC S-loss, fixed kappa_D",0.005,O28800-Na1600-Cl640-F960-allSk.dat,0,main,28800,1600,640,960,3200,0.9,0.05,0.02,0.03,0.1,0.6,222,0.8569791750233091,1,0.5598492526579522,0.5598492526579522,0.0691339890636363,0.0137380003482767,-0.1215222064217359,0.1169581482364966,0.4987515543781695,0.1078618729546795,0.5558166375206145,0.5946937855361044,-0.3463163633744577,1.0003223201686835,0.0020057853605509107,0.001158040717850679,3,0.003285158890756463,0.0018966873699089366,3,0.00668139221930628,0.003857503596377952,3,0.007197342827051971,0.004155387818648478,3,0.02076434563597432,0.011988300542476205,3,0.005211670610517782,0.003008959429910103,3,0.023189077527053674,0.01338822015250354,3,0.02444804747020771,0.01411508678808517,3,0.024954910003422877,0.014407724008079083,3,0.030254326363523047,0.017467343470130823,3
matrix_BC_s_loss,"BC S-loss, fixed kappa_D",0.01,O28800-Na1600-Cl640-F960-allSk.dat,0,main,28800,1600,640,960,3200,0.9,0.05,0.02,0.03,0.1,0.6,461,0.6504337606032576,1,0.5598492526579522,0.5598492526579522,0.0693871520593389,0.0097121734981152,-0.1241735923723364,0.1139256756847517,0.4663420987582893,0.1078692379412108,0.5139701967424783,0.6143738574316331,-0.3623755666328416,0.9594110819776518,0.0012330949488709828,0.0007119277006670297,3,0.0012328786312694956,0.0007118028096415808,3,0.003568211969809628,0.0020601081412952335,3,0.004504979700532928,0.002600951242796486,3,0.016377550927954537,0.009455583436921359,3,0.005988118406401964,0.003457241773875527,3,0.016811889262372346,0.009706348791216854,3,0.011008305916631538,0.006355648384288969,3,0.011945451776100806,0.006896709798523494,3,0.01274517056564891,0.007358427656945094,3
matrix_BC_s_loss,"BC S-loss, fixed kappa_D",0.0025,O28736-Na1632-Cl1600-F32-allSk.dat,0,main,28736,1632,1600,32,3264,0.898,0.051,0.05,0.001,0.102,0.0196078431372549,86,0.90307865964371,1,0.5657081512163484,0.5657081512163484,0.0559134578825345,-0.0533223179220278,-0.0567531854927505,0.0205081060744497,0.242907092624139,0.2341699149139389,0.0788722689054873,0.2428505673780464,-0.0449051426043082,0.8807879718418764,0.0038050490365274326,0.0021968460855188395,3,0.006143170793409701,0.0035467613112529378,3,0.006008941089568718,0.0034692637556071027,3,0.01130525741551515,0.006527093412105685,3,0.018984993980598955,0.010960991385262232,3,0.019151670631364838,0.01105722219444954,3,0.01197376471528796,0.006913056281584747,3,0.017609974070775837,0.01016712327018476,3,0.012770294894284714,0.007372933194846183,3,0.10845797853392494,0.06261824310232422,3
matrix_BC_s_loss,"BC S-loss, fixed kappa_D",0.005,O28736-Na1632-Cl1600-F32-allSk.dat,0,main,28736,1632,1600,32,3264,0.898,0.051,0.05,0.001,0.102,0.0196078431372549,228,0.7575968985784199,1,0.5657081512163484,0.5657081512163484,0.0592005802437946,-0.0611152402253805,-0.0654063820209894,0.0260428486364366,0.2668204331758534,0.2571580066091702,0.0870973237005651,0.2659200251222775,-0.0438630311464572,0.9321577711957818,0.0013593226373544327,0.0007848052905921339,3,0.003441787978302182,0.0019871172157663827,3,0.002863702363419777,0.001653359330399376,3,0.005103633152849491,0.002946583974642752,3,0.012052344899799332,0.006958424572265358,3,0.01024053951839046,0.005912378247589734,3,0.023429642391250415,0.013527110341605095,3,0.009569526119173421,0.00552496848092193,3,0.02045606682465869,0.011810315687777668,3,0.026487704736473702,0.015292683459818419,3
matrix_BC_s_loss,"BC S-loss, fixed kappa_D",0.01,O28736-Na1632-Cl1600-F32-allSk.dat,0,main,28736,1632,1600,32,3264,0.898,0.051,0.05,0.001,0.102,0.0196078431372549,461,0.6698565657669937,1,0.5657081512163484,0.5657081512163484,0.0592350869312206,-0.0630063706580624,-0.0672842664008044,0.0258161237949145,0.2629432738107424,0.2545254816051325,0.0780236304085526,0.2652213784151731,-0.0577228418066713,0.9653623010063146,0.0008945797281976944,0.0005164858468865211,3,0.00202436592118038,0.0011687682095317972,3,0.0017231662856943986,0.0009948705189041487,3,0.003766312694078033,0.002174481647778257,3,0.008010563010903015,0.004624900710705315,3,0.006830792530697266,0.003943759906376552,3,0.00899363392039299,0.0051924769649318425,3,0.005824187673448545,0.003362596321076418,3,0.008573001714517506,0.004949624847639805,3,0.036538443392589395,0.021095480128481392,3
matrix_BC_s_loss,"BC S-loss, fixed kappa_D",0.0025,O28672-Na1664-Cl960-F704-allSk.dat,0,main,28672,1664,960,704,3328,0.896,0.052,0.03,0.022,0.104,0.4230769230769231,86,0.9728538599987254,1,0.5716909750094119,0.5716909750094119,0.0705262114249492,-0.0042339963292465,-0.1080646231422659,0.1196828947896554,0.3367120236763035,0.1146948210749045,0.383730487382344,0.4371639412824646,-0.3341642794817469,0.980171752290646,0.00810558373820442,0.0046797609531913755,3,0.017605076238412426,0.0101642955053513,3,0.006531970571458282,0.003771234967770153,3,0.034626777850953284,0.01999177951341725,3,0.06012491631718905,0.034713136620732825,3,0.007521884642277305,0.004342762123032114,3,0.10029942925343004,0.05790790247903366,3,0.015902787860781756,0.00918147885228786,3,0.029079187502918664,0.016788876732625694,3,0.17992830367872983,0.10388165456374741,3
matrix_BC_s_loss,"BC S-loss, fixed kappa_D",0.005,O28672-Na1664-Cl960-F704-allSk.dat,0,main,28672,1664,960,704,3328,0.896,0.052,0.03,0.022,0.104,0.4230769230769231,222,0.89655250483527,1,0.5716909750094119,0.5716909750094119,0.0703074073906852,-0.0063827033952719,-0.1106981836354406,0.1194547823635639,0.3775762213574673,0.1385208029982609,0.4187328519925806,0.4635636320617451,-0.3283621205880171,1.0272093538474096,0.0037913577452736995,0.002188941414827943,3,0.016417193836007354,0.009478471280557111,3,0.005202158123422307,0.0030034673929248677,3,0.03115665272193892,0.017988301836059123,3,0.026961632492938918,0.015566305777590045,3,0.04131734887115599,0.023854582492963593,3,0.08967655115606529,0.05177478094995155,3,0.006841172839053897,0.003949752980200524,3,0.06530897541113437,0.03770615453411708,3,0.21388865728715614,0.12348867386134722,3
matrix_BC_s_loss,"BC S-loss, fixed kappa_D",0.01,O28672-Na1664-Cl960-F704-allSk.dat,0,main,28672,1664,960,704,3328,0.896,0.052,0.03,0.022,0.104,0.4230769230769231,461,0.7132137020895521,1,0.5716909750094119,0.5716909750094119,0.0714034001752582,-0.0095447875357157,-0.114518536384824,0.1190545664076905,0.3703161030283161,0.146188855697839,0.398616700889612,0.4762100080339163,-0.3313409481033938,0.999761058243135,0.0020681807156285406,0.0011940646929009307,3,0.010095728516753005,0.005828771576812729,3,0.002123444458126021,0.0012259712295082774,3,0.01602169932250851,0.009250132416725534,3,0.017544825633408635,0.010129509802333523,3,0.020568038738949076,0.011874962702634901,3,0.05067642917734887,0.029258050027111376,3,0.012583092192439263,0.0072648516645426875,3,0.017366466246642332,0.0100265339623715,3,0.09818078038816581,0.056684699986355065,3
matrix_BC_s_loss,"BC S-loss, fixed kappa_D",0.0025,O28672-Na1664-Cl704-F960-allSk.dat,0,main,28672,1664,704,960,3328,0.896,0.052,0.022,0.03,0.104,0.5769230769230769,86,0.9734389885466108,1,0.5716909750094119,0.5716909750094119,0.0609710401682963,0.0065734454934048,-0.0921824891125922,0.0875947106258824,0.4488964932931554,0.1049333724168797,0.5011401240576904,0.4651191055712115,-0.2601530015385407,0.8825633523959656,0.002370385148245743,0.0013685425034227709,3,0.014393125360253963,0.008309874801222656,3,0.0028629640745268877,0.0016529330791083265,3,0.0212729490834322,0.012281942879776785,3,0.011304700782521103,0.006526772039896732,3,0.029924539698186033,0.01727694105012335,3,0.014627755147643402,0.008445338372131853,3,0.015898659451289134,0.009179095313955969,3,0.02580104069927379,0.014896237793098214,3,0.03982852061826307,0.022995007100378745,3
matrix_BC_s_loss,"BC S-loss, fixed kappa_D",0.005,O28672-Na1664-Cl704-F960-allSk.dat,0,main,28672,1664,704,960,3328,0.896,0.052,0.022,0.03,0.104,0.5769230769230769,222,0.9099309350815908,1,0.5716909750094119,0.5716909750094119,0.0666101038964008,0.0140914542822486,-0.1130038166556767,0.1153229487863541,0.4665837725821361,0.0902964895638107,0.536960786931634,0.5406859858832285,-0.3441349634483783,1.0016413020206472,0.002199588066617244,0.0012699327623677543,3,0.0018152571684075765,0.0010480392148285121,3,0.004699334455741784,0.0027131620130346028,3,0.006370282700648277,0.003677884432033299,3,0.032189619740239005,0.01858468562213868,3,0.012088993911924929,0.006979583889281605,3,0.04756019111390872,0.027458889142325246,3,0.014292590250372193,0.008251830828469406,3,0.013395354921856714,0.007733811770024553,3,0.07403419503086983,0.042743662430309956,3
matrix_BC_s_loss,"BC S-loss, fixed kappa_D",0.01,O28672-Na1664-Cl704-F960-allSk.dat,0,main,28672,1664,704,960,3328,0.896,0.052,0.022,0.03,0.104,0.5769230769230769,461,0.7616963917655486,1,0.5716909750094119,0.5716909750094119,0.0699738534231021,0.0096152197811364,-0.1237753387240659,0.1186538926350862,0.4457529949849075,0.0997782606931074,0.5014160901618202,0.5801928322760921,-0.3654832737127624,0.9731261348983538,0.00033813660561393146,0.00019522326027406967,3,0.0019798321553948593,0.001143056627867499,3,0.0017631950792225887,0.0010179811536229853,3,0.003263442945698659,0.001884149663184106,3,0.020524606892445098,0.011849887314364427,3,0.005427753769854995,0.0031337151001207876,3,0.02716619033764507,0.015684407304295992,3,0.009245825002336297,0.005338079553979034,3,0.012609797422393328,0.007280269936245437,3,0.04371399874224137,0.025238288941188017,3
matrix_BC_s_loss,"BC S-loss, fixed kappa_D",0.0025,O28480-Na1760-Cl1600-F160-allSk.dat,0,main,28480,1760,1600,160,3520,0.89,0.055,0.05,0.005,0.11,0.0909090909090909,86,0.8865075134677487,1,0.5888069257011409,0.5888069257011409,0.0598449794789269,-0.0476287188998578,-0.0678701312535267,0.0566576100195858,0.2440319687659854,0.2069458724346909,0.1549421679842232,0.2615594554787936,-0.1407618120877727,0.9590129691778688,0.004130075167982178,0.0023845000100078994,3,0.0007813010316896176,0.0004510843609641331,3,0.004941369590424915,0.0028529010631972557,3,0.01304041006025981,0.007528884258634106,3,0.012868922676155015,0.007429875971258578,3,0.005096585254380463,0.0029425148685644376,3,0.026633684729136665,0.01537696504787868,3,0.009683574651383408,0.005590814431694047,3,0.014108014378620687,0.008145265899227766,3,0.13234807677987104,0.0764111977555878,3
matrix_BC_s_loss,"BC S-loss, fixed kappa_D",0.005,O28480-Na1760-Cl1600-F160-allSk.dat,0,main,28480,1760,1600,160,3520,0.89,0.055,0.05,0.005,0.11,0.0909090909090909,228,0.7133215157545408,1,0.5888069257011409,0.5888069257011409,0.0619159374075263,-0.0505596578921581,-0.0724292938202507,0.0613541230325306,0.2567054112621353,0.2164946357567769,0.16677938061043,0.2707738567298839,-0.138230642164656,0.9902682999206918,0.0006140236977038636,0.0003545067471581351,3,0.0018025743561815,0.0010407167897757055,3,0.0015651792611832,0.0009036566677741401,3,0.003777150923018614,0.0021807391021746404,3,0.008544829362876781,0.004933359532836328,3,0.00817821356807673,0.00472169380501935,3,0.012136216136375843,0.007006847653280073,3,0.006827132016741317,0.003941646507658712,3,0.006060608787112265,0.0034990941146922773,3,0.050765410736294425,0.029309423554121507,3
matrix_BC_s_loss,"BC S-loss, fixed kappa_D",0.01,O28480-Na1760-Cl1600-F160-allSk.dat,0,main,28480,1760,1600,160,3520,0.89,0.055,0.05,0.005,0.11,0.0909090909090909,461,0.5874112845101953,1,0.5888069257011409,0.5888069257011409,0.0621132350045167,-0.0530860629427885,-0.0746420465405688,0.0599723239060699,0.2611530893215049,0.2191253859299579,0.1732114974195207,0.2736302778630786,-0.1385382276605863,1.0125738887265563,0.0004177367476304397,0.00024118042369483314,3,0.0007623746126994874,0.0004401571878653858,3,0.0007680224678728763,0.0004434179785700859,3,0.003609116828595349,0.002083724572526333,3,0.0033933964313370194,0.001959178343099544,3,0.0019606910247967177,0.0011320054909640682,3,0.005189436489424445,0.00299612255411167,3,0.0028445900610438927,0.0016423248374778255,3,0.009547375192429042,0.005512179637403263,3,0.03280117490156194,0.018937767159152782,3
matrix_BC_s_loss,"BC S-loss, fixed kappa_D",0.0025,O28480-Na1760-Cl960-F800-allSk.dat,0,main,28480,1760,960,800,3520,0.89,0.055,0.03,0.025,0.11,0.4545454545454545,86,0.954319080844466,1,0.5888069257011409,0.5888069257011409,0.0661236344303515,-0.0091947895257083,-0.110642108327552,0.1075642802479166,0.423509595591994,0.1312464272428365,0.4843929868342441,0.4684746989237648,-0.318518409410967,1.0673903428540787,0.012731998557085294,0.007350822794255122,3,0.014607844047435566,0.008433842693066997,3,0.03525982812570144,0.020357271259953666,3,0.041172017314120284,0.02377067527938728,3,0.030739505230103457,0.017747461619356142,3,0.033712829611849016,0.019464111251545017,3,0.060090583195948,0.03469331438394218,3,0.09859742963039725,0.05692525253851504,3,0.10978322031305637,0.0633833718002471,3,0.1020342894006504,0.05890952445203769,3
matrix_BC_s_loss,"BC S-loss, fixed kappa_D",0.005,O28480-Na1760-Cl960-F800-allSk.dat,0,main,28480,1760,960,800,3520,0.89,0.055,0.03,0.025,0.11,0.4545454545454545,222,0.795401537033594,1,0.5888069257011409,0.5888069257011409,0.0724759339753793,0.0016898114888711,-0.1199958534303663,0.1339552669432393,0.4161787151534629,0.1149939859744746,0.4913231913452009,0.4865882142474551,-0.362467037357176,1.1258128070910445,0.002044302485537995,0.0011802785903303823,3,0.00650949874552424,0.0037582608530179517,3,0.005838078383837343,0.0033706161264586256,3,0.00824415827464948,0.004759766999110758,3,0.015232250722960933,0.008794344055265368,3,0.01825596686050923,0.01054008738123189,3,0.019012848151985024,0.010977072998610032,3,0.018399523248911698,0.010622969700719947,3,0.0205465622802302,0.011862563263412318,3,0.026417075309710956,0.015251905541264238,3
matrix_BC_s_loss,"BC S-loss, fixed kappa_D",0.01,O28480-Na1760-Cl960-F800-allSk.dat,0,main,28480,1760,960,800,3520,0.89,0.055,0.03,0.025,0.11,0.4545454545454545,461,0.5688797623889973,1,0.5888069257011409,0.5888069257011409,0.0719513228450674,-0.0031537941973513,-0.1189261331019868,0.1255992188026383,0.3887531231507739,0.1209083085683775,0.4441656487675055,0.4883519468746086,-0.3556267515931557,1.048373710281603,0.0009819145719063857,0.000566908642411368,3,0.0010794137948228737,0.0006231998450079816,3,0.0020565315939722415,0.0011873390693768438,3,0.0025801083803219764,0.0014896262679173025,3,0.007453174207382737,0.004303092134949599,3,0.0059851396729232705,0.0034555220012997593,3,0.006307644714755872,0.003641720374016823,3,0.002430834790496515,0.0014034431206486704,3,0.009295838774939447,0.005366955019054651,3,0.0074970943157750295,0.004328449421352727,3
matrix_BC_s_loss,"BC S-loss, fixed kappa_D",0.0025,O28480-Na1760-Cl800-F960-allSk.dat,0,main,28480,1760,800,960,3520,0.89,0.055,0.025,0.03,0.11,0.5454545454545454,86,0.9457915520895678,1,0.5888069257011409,0.5888069257011409,0.0652259649322166,-0.0004717545827215,-0.1091486646464856,0.0989998841894792,0.4359059477758435,0.113008272530171,0.4870574766742548,0.4897336181347386,-0.2940496586889163,0.9279083261121456,0.00987834253823829,0.005703263723599208,3,0.010736266536249827,0.006198586374795409,3,0.02619322718691801,0.015122666767312137,3,0.03603224379736891,0.020803225655917166,3,0.04780413955786498,0.027599732842111785,3,0.021173327055058266,0.012224426074877877,3,0.04718431558142903,0.027241877302466303,3,0.08458628528406809,0.048835914578507195,3,0.04998537751688951,0.028859071164921226,3,0.10934386229794113,0.06312970833194968,3
matrix_BC_s_loss,"BC S-loss, fixed kappa_D",0.005,O28480-Na1760-Cl800-F960-allSk.dat,0,main,28480,1760,800,960,3520,0.89,0.055,0.025,0.03,0.11,0.5454545454545454,222,0.8450941962027386,1,0.5888069257011409,0.5888069257011409,0.0682754443505151,0.0051957498631965,-0.1162794953026382,0.1131832494925334,0.4308257351413543,0.1020705929624949,0.4901635259598362,0.5121068899190864,-0.3292832562356187,0.9642776636565844,0.0025095534058102893,0.0014488913343903129,3,0.007320669356518909,0.004226590423634437,3,0.006568560044887554,0.0037923599101040498,3,0.005995894494514397,0.0034617313004404824,3,0.02479016585934122,0.014312608932146123,3,0.024289502996041486,0.014023551093246775,3,0.05283399616176074,0.030503721906356217,3,0.024215171509242555,0.013980635789334147,3,0.022006395201155382,0.01270539819328035,3,0.09077823075932419,0.05241083596545379,3
matrix_BC_s_loss,"BC S-loss, fixed kappa_D",0.01,O28480-Na1760-Cl800-F960-allSk.dat,0,main,28480,1760,800,960,3520,0.89,0.055,0.025,0.03,0.11,0.5454545454545454,461,0.6368273916350738,1,0.5888069257011409,0.5888069257011409,0.0691485818515494,0.0024511411425879,-0.1202708389486526,0.113110613300008,0.4048451317028139,0.0981864568920904,0.4585313375117495,0.5362593181094077,-0.3565904509003564,0.9463754221941972,0.00125760448783142,0.0007260782895835518,3,0.005127126307832342,0.002960147753996215,3,0.003185490045478294,0.0018391435352577664,3,0.008260096708986534,0.004768969058465718,3,0.022717271743757626,0.013115822956512344,3,0.01377909418440243,0.00795536373655395,3,0.04208600339213531,0.024298365387564823,3,0.008826904400379854,0.005096215631670401,3,0.016685476878359473,0.009633364567278119,3,0.07218965532603266,0.04167871693519126,3
matrix_BC_s_loss,"BC S-loss, fixed kappa_D",0.0025,O28224-Na1888-Cl1760-F128-allSk.dat,0,main,28224,1888,1760,128,3776,0.882,0.059,0.055,0.004,0.118,0.0677966101694915,86,0.8724771369123541,1,0.610671322963451,0.610671322963451,0.0599383982654552,-0.0498914830706846,-0.063886725209835,0.0452864409017137,0.2391887874567888,0.2048623426209048,0.158972071151767,0.234372195536068,-0.0822866050154557,0.9156707219905612,0.002899858167543049,0.0016742338936427143,3,0.0031704266651423132,0.0018304466885658822,3,0.006773159117301845,0.003910485239638389,3,0.013659142542797223,0.007886109623983447,3,0.030510547966809503,0.017615273081760457,3,0.016524353412031602,0.009540339890620957,3,0.05633553200550847,0.032525334568321095,3,0.01892436331830724,0.010925986256066967,3,0.006729216359454485,0.0038851148765662808,3,0.2406161616646544,0.13891980570846274,3
matrix_BC_s_loss,"BC S-loss, fixed kappa_D",0.005,O28224-Na1888-Cl1760-F128-allSk.dat,0,main,28224,1888,1760,128,3776,0.882,0.059,0.055,0.004,0.118,0.0677966101694915,228,0.7087075513932625,1,0.610671322963451,0.610671322963451,0.0608650328026878,-0.0537948586206751,-0.0692259539456045,0.0500936326838771,0.2416135610928177,0.2111997433257167,0.1447848802441576,0.2478562897465753,-0.1079477153192126,0.9563377251394276,0.0011611835014253495,0.0006704096071264777,3,0.0016180709566242558,0.0009341937023749294,3,0.0022123168038220946,0.0012772817022194188,3,0.0048698586126541855,0.0028116141809313116,3,0.012072566796195774,0.006970099689593368,3,0.009576372735161855,0.00552892137650589,3,0.01134225924779643,0.006548456429933791,3,0.007914804740940841,0.004569614647765521,3,0.008600543973790165,0.004965526378444966,3,0.03137819552671788,0.01811620963403528,3
matrix_BC_s_loss,"BC S-loss, fixed kappa_D",0.01,O28224-Na1888-Cl1760-F128-allSk.dat,0,main,28224,1888,1760,128,3776,0.882,0.059,0.055,0.004,0.118,0.0677966101694915,461,0.6059582460337382,1,0.610671322963451,0.610671322963451,0.0611031738850334,-0.0549994006512521,-0.0714851986826279,0.0538450049360753,0.2410229966098112,0.2117217517242169,0.1405811153628101,0.2513508238852178,-0.1189009834200192,0.9808086649267044,0.0005981367815803354,0.00034533443185762305,3,0.0012992877341327625,0.0007501441230563293,3,0.001292812833963299,0.0007464058377005137,3,0.001732864187201923,0.0010004696049500923,3,0.006100762911838725,0.003522277109412173,3,0.005068493099300029,0.0029262958552666325,3,0.00469215922121117,0.0027090193894468537,3,0.004668894625913285,0.0026955875690890326,3,0.003892513275136623,0.002247343587224321,3,0.011996788141332163,0.006926348862809035,3
matrix_BC_s_loss,"BC S-loss, fixed kappa_D",0.0025,O28160-Na1920-Cl1600-F320-allSk.dat,0,main,28160,1920,1600,320,3840,0.88,0.06,0.05,0.01,0.12,0.1666666666666666,86,0.9367795028304624,1,0.6162767600248704,0.6162767600248704,0.0538944050308012,-0.0440585062904884,-0.0619763898260763,0.0306625614102334,0.2284235321292378,0.1810646817672848,0.1546481622048562,0.2430257076694412,-0.0999059218595978,0.6022055196939078,0.004829219250969466,0.002788151034522944,3,0.010616107549665922,0.006129212551545638,3,0.009207886055217121,0.005316175492647007,3,0.01689022441690313,0.009751575613772212,3,0.015760798850922225,0.009099501459223492,3,0.026242859695742655,0.015151322109642602,3,0.022247030475396033,0.012844329033639709,3,0.02567758506374269,0.014824960648691357,3,0.019248498224373488,0.011113125631338067,3,0.09159697763057367,0.052883539691967844,3
matrix_BC_s_loss,"BC S-loss, fixed kappa_D",0.005,O28160-Na1920-Cl1600-F320-allSk.dat,0,main,28160,1920,1600,320,3840,0.88,0.06,0.05,0.01,0.12,0.1666666666666666,228,0.7998322244753503,1,0.6162767600248704,0.6162767600248704,0.0620606574466114,-0.0434556417456956,-0.0770195058575114,0.0657767019686968,0.2583149218513045,0.1895984733097204,0.2087846767318944,0.2768364937375771,-0.154605703030407,0.8571247857902126,0.0022581544449748947,0.0013037460766780055,3,0.00329407207776407,0.0019018334008271158,3,0.004261197844002864,0.0024602037223053065,3,0.005041856065538361,0.0029109169566539205,3,0.014556672259021167,0.00840429864725103,3,0.015021656086599621,0.008672757185272273,3,0.005416679260424238,0.003127321229119797,3,0.013248301341373982,0.007648910345747549,3,0.013482033860091898,0.007783855878347707,3,0.018715956532829998,0.010805662542370734,3
matrix_BC_s_loss,"BC S-loss, fixed kappa_D",0.01,O28160-Na1920-Cl1600-F320-allSk.dat,0,main,28160,1920,1600,320,3840,0.88,0.06,0.05,0.01,0.12,0.1666666666666666,461,0.6598763862333337,1,0.6162767600248704,0.6162767600248704,0.063420885716363,-0.0441917555722596,-0.0815643262969263,0.0741361261490695,0.2594144882784909,0.1877284465759845,0.2156595603131709,0.2875794584407133,-0.1832083136895166,0.9379221243731068,0.00046158822092389466,0.00026649808360517107,3,0.000409836518714838,0.00023661922440375085,3,0.0012988456312245703,0.0007498888748232751,3,0.0024009490102027127,0.0013861885573511017,3,0.003578550584524683,0.0020660771432840187,3,0.006195056676885807,0.0035767176400450093,3,0.005696635316097908,0.003288953933224256,3,0.005725671347925219,0.0033057178940159525,3,0.008312643772623191,0.004799307119801466,3,0.025394793234411978,0.014661690709902643,3
matrix_BC_s_loss,"BC S-loss, fixed kappa_D",0.0025,O28160-Na1920-Cl1280-F640-allSk.dat,0,main,28160,1920,1280,640,3840,0.88,0.06,0.04,0.02,0.12,0.3333333333333333,86,0.9378414075043056,1,0.6162767600248704,0.6162767600248704,0.0581179073037955,-0.0416263453565685,-0.0885639565926553,0.0531494034597697,0.2760485963683587,0.1721910594395536,0.2346152626892623,0.3574695323164641,-0.2072945971786921,0.6995243859456948,0.012256944492430878,0.007076550202147269,3,0.026075498709290764,0.015054696199062762,3,0.019240984036950258,0.011108787313206525,3,0.05617074140506023,0.032430192670792383,3,0.028887821095147127,0.016678391285584945,3,0.03707090363621292,0.021402896193470206,3,0.09934740745321803,0.05735825243640687,3,0.041179396828152005,0.023774935843799982,3,0.07136594820460622,0.04120314940690229,3,0.2600771329385493,0.15015560271213751,3
matrix_BC_s_loss,"BC S-loss, fixed kappa_D",0.005,O28160-Na1920-Cl1280-F640-allSk.dat,0,main,28160,1920,1280,640,3840,0.88,0.06,0.04,0.02,0.12,0.3333333333333333,222,0.7822173165078485,1,0.6162767600248704,0.6162767600248704,0.0707596489520316,-0.0194815310082301,-0.1082016897791744,0.1192772956419116,0.3112216967117517,0.1341632535437837,0.3493162983888265,0.3858563540766969,-0.3133057174165213,1.0481147714608148,0.0026488769913542653,0.0015293298440085912,3,0.002862407967759657,0.0016526120107165677,3,0.0070315552657394115,0.00405967032549638,3,0.00735262807955421,0.004245041800981825,3,0.011561814147395634,0.006675216510319293,3,0.008455667369434604,0.004881881831921004,3,0.01022808950085902,0.005905190226616541,3,0.020905842999788996,0.01206999408356423,3,0.016754034155371914,0.00967294612961616,3,0.041198090120456395,0.023785728421143962,3
matrix_BC_s_loss,"BC S-loss, fixed kappa_D",0.01,O28160-Na1920-Cl1280-F640-allSk.dat,0,main,28160,1920,1280,640,3840,0.88,0.06,0.04,0.02,0.12,0.3333333333333333,461,0.5515475502909108,1,0.6162767600248704,0.6162767600248704,0.0716349461541319,-0.0197253068616972,-0.1098835621562314,0.1212335902038627,0.3134033575751562,0.1363875334500262,0.3499494390392058,0.3970876874432874,-0.3253366555792203,1.0662257191533702,0.0019823458990325554,0.0011445079384333966,3,0.001011244972338168,0.000583842556996097,3,0.004882032120873123,0.002818642559178497,3,0.00517549210706118,0.002988071761200556,3,0.013465534408040535,0.007774329915264371,3,0.006466552637642629,0.003733465906071857,3,0.014930003772182543,0.00861984169687172,3,0.014614496881693289,0.008437683708716568,3,0.01144603543409716,0.00660837163902999,3,0.04152043360548028,0.023971833518994026,3
matrix_BC_s_loss,"BC S-loss, fixed kappa_D",0.0025,O28160-Na1920-Cl960-F960-allSk.dat,0,main,28160,1920,960,960,3840,0.88,0.06,0.03,0.03,0.12,0.5,86,0.9607410998398362,1,0.6162767600248704,0.6162767600248704,0.064457732088393,-0.0173592816166525,-0.1038437083037372,0.0792939768084133,0.351190658646733,0.1414442076031501,0.3552143848337997,0.4410212898589706,-0.2409889731474802,0.7433379737294555,0.011702653771298832,0.006756530305092371,3,0.021159415586080157,0.012216394284518543,3,0.032283263234405044,0.0186387507187033,3,0.03738802981197659,0.02158598907641444,3,0.06261555462355002,0.036151107317364324,3,0.04034943689168722,0.023295758251065436,3,0.1137368352055439,0.06566599242269687,3,0.10542770225244179,0.06086871227549098,3,0.06422628938149579,0.037081065463457394,3,0.1854535883757717,0.10707167917093384,3
matrix_BC_s_loss,"BC S-loss, fixed kappa_D",0.005,O28160-Na1920-Cl960-F960-allSk.dat,0,main,28160,1920,960,960,3840,0.88,0.06,0.03,0.03,0.12,0.5,222,0.9205962885573276,1,0.6162767600248704,0.6162767600248704,0.0670888537756078,-0.0116231327680955,-0.1136349489633194,0.0971973569654156,0.3479146134265024,0.1139811708566684,0.3780443939988837,0.4685436309042676,-0.3073499132236023,0.8419854223959415,0.005244091965706583,0.0030276779080558496,3,0.010288212630621222,0.00593990233176927,3,0.01697797412522467,0.009802237931492964,3,0.009907883214845717,0.00572031904119055,3,0.03140063507070257,0.018129165110795334,3,0.021731912690943416,0.012546925642121627,3,0.060093831014927164,0.03469518951310408,3,0.06506627079769414,0.0375660289602138,3,0.03454387611013978,0.019943916171042287,3,0.05635632620439146,0.03253734010464377,3
matrix_BC_s_loss,"BC S-loss, fixed kappa_D",0.01,O28160-Na1920-Cl960-F960-allSk.dat,0,main,28160,1920,960,960,3840,0.88,0.06,0.03,0.03,0.12,0.5,461,0.7514054462193848,1,0.6162767600248704,0.6162767600248704,0.0704299006585122,-0.0075986997354144,-0.1217558450441367,0.1110096608219129,0.3512432415339895,0.1064393893950298,0.3902935664742268,0.4963958252208019,-0.3458677971676396,0.8978262521824564,0.002559053956483524,0.0014774704906465395,3,0.0047677047420187114,0.0027526356162211585,3,0.00930016174338223,0.00536945088604879,3,0.002610497530015553,0.0015071714516733327,3,0.023545183127134224,0.01359381781656998,3,0.0037506718357454777,0.0021654513940095993,3,0.036376627070444575,0.021002055431331806,3,0.027953272557773454,0.016138829435961483,3,0.022749470634873467,0.013134412994965684,3,0.031219406503088593,0.018024532748498554,3
matrix_BC_s_loss,"BC S-loss, fixed kappa_D",0.0025,O28160-Na1920-Cl640-F1280-allSk.dat,0,main,28160,1920,640,1280,3840,0.88,0.06,0.02,0.04,0.12,0.6666666666666666,86,0.9626712933660562,1,0.6162767600248704,0.6162767600248704,0.0708058319794677,0.0327232071480509,-0.1369474503560468,0.1369140509430288,0.4820938769185722,-0.0036945965253657,0.5930544775421436,0.6157989815400463,-0.4399605738410392,1.037439535043282,0.0036097126854074766,0.0020840685906172137,3,0.011238222931171068,0.006488391034524641,3,0.020075497240325407,0.011590593735817464,3,0.004827548516704158,0.0027871864356451242,3,0.062128674847720215,0.035870007147726,3,0.03758022769189256,0.0216969545741216,3,0.09922425042983599,0.05728714769580465,3,0.10551409360373958,0.06091859034541842,3,0.028606663315907666,0.016516064766056285,3,0.10312996616462677,0.05954211372666427,3
matrix_BC_s_loss,"BC S-loss, fixed kappa_D",0.005,O28160-Na1920-Cl640-F1280-allSk.dat,0,main,28160,1920,640,1280,3840,0.88,0.06,0.02,0.04,0.12,0.6666666666666666,210,0.9002338702634821,1,0.6162767600248704,0.6162767600248704,0.0714527351198608,0.0237275540321535,-0.1434672054998448,0.1305068339983711,0.4430248536458914,0.0108839225249978,0.5348963219784797,0.6526923374132765,-0.4481931495203113,0.9720319423765356,0.003314685954952586,0.0019137348283709474,3,0.003339988989457092,0.0019283435421534384,3,0.013370727886277746,0.007719593344403693,3,0.005904083821879316,0.003408724383880138,3,0.030266356003696898,0.017474288786123452,3,0.009783231807214913,0.005648351517440039,3,0.04298083319734505,0.02481499561648157,3,0.05907547026006582,0.03410723865715273,3,0.030436902019162163,0.01757275357406154,3,0.03135344914786066,0.018101922305540596,3
matrix_BC_s_loss,"BC S-loss, fixed kappa_D",0.01,O28160-Na1920-Cl640-F1280-allSk.dat,0,main,28160,1920,640,1280,3840,0.88,0.06,0.02,0.04,0.12,0.6666666666666666,455,0.7077635384036024,1,0.6162767600248704,0.6162767600248704,0.0696148938348669,0.0164971115993712,-0.1402033276209872,0.1193434765298238,0.4289489684849516,0.0306227883592657,0.5036994679329798,0.6573501349315786,-0.4273116350332905,0.9190582948855396,0.0010825263914172247,0.0006249969034896089,3,0.0009153803705126801,0.0005284951033263953,3,0.005382043316353816,0.003107324157487102,3,0.002708723848109812,0.0015638824428665591,3,0.01943150604762574,0.011218785247356564,3,0.0043789434535677196,0.0025281841816834727,3,0.02601482972440525,0.015019668944307651,3,0.0206162182157462,0.011902779136533136,3,0.010198891200195782,0.00588833257986874,3,0.02465240149594072,0.014233070639852108,3
matrix_BC_s_loss,"BC S-loss, fixed kappa_D",0.0025,O28096-Na1952-Cl1920-F32-allSk.dat,0,main,28096,1952,1920,32,3904,0.878,0.061,0.06,0.001,0.122,0.0163934426229508,86,0.8769444798196517,1,0.6216473153609047,0.6216473153609047,0.061153720284511,-0.0630299925348089,-0.0653173809810795,0.0136662787478219,0.235070033187073,0.2250256504425716,0.0929144572475606,0.2298794702722602,-0.023132206559114,0.90486641113376,0.003633416939426549,0.0020977542480560643,3,0.007284812588869534,0.0042058885091798,3,0.007919118074437558,0.004572104952020955,3,0.005123133081473715,0.0029578422636831266,3,0.01614285237434687,0.009320080163817555,3,0.016472150142539985,0.009510200318927393,3,0.008196286901787012,0.004732128449102135,3,0.0180027977757866,0.01039392014201679,3,0.010799813027826755,0.006235274958813404,3,0.0949431098324645,0.05481543001947359,3
matrix_BC_s_loss,"BC S-loss, fixed kappa_D",0.005,O28096-Na1952-Cl1920-F32-allSk.dat,0,main,28096,1952,1920,32,3904,0.878,0.061,0.06,0.001,0.122,0.0163934426229508,228,0.7053685452430799,1,0.6216473153609047,0.6216473153609047,0.0600233269037841,-0.0616991166512279,-0.065099931900034,0.0223763983471577,0.2274062210468015,0.2194457624778868,0.0762797972846503,0.2274026850664937,-0.0475274290187562,0.9639101441760614,0.0018550856055178926,0.0010710341737155552,3,0.0037812120013679894,0.002183083766852852,3,0.003899493449202541,0.0022513735926002693,3,0.0015965504453477489,0.0009217688293963398,3,0.00994401371372747,0.005741178994445885,3,0.00992136871959715,0.005728104900988948,3,0.0036402891886435527,0.0021017219429914397,3,0.010150701664499223,0.005860510338462209,3,0.004023772216040526,0.0023231259720887347,3,0.059573334871029164,0.03439468092431241,3
matrix_BC_s_loss,"BC S-loss, fixed kappa_D",0.01,O28096-Na1952-Cl1920-F32-allSk.dat,0,main,28096,1952,1920,32,3904,0.878,0.061,0.06,0.001,0.122,0.0163934426229508,461,0.6391981557609208,1,0.6216473153609047,0.6216473153609047,0.0591825794548269,-0.0618930454009661,-0.0655401093781092,0.0242713664762878,0.2236805334251037,0.2162473711633135,0.0719558793367506,0.224971735314665,-0.0536776079382265,0.9777783464874408,0.000769821521882485,0.0004444566628868201,3,0.0014222591254464552,0.0008211416889339127,3,0.001484066136502957,0.0008568259834051901,3,0.0013004663352571661,0.000750824588732771,3,0.0024661993033593234,0.001423860831669773,3,0.0025992413171163128,0.0015006726741259007,3,0.0018685809328893004,0.0010788257046062397,3,0.002730091108018752,0.0015762188361268302,3,0.00624894520584119,0.003607830196743633,3,0.03668901398017785,0.021182412097757626,3
matrix_BC_s_loss,"BC S-loss, fixed kappa_D",0.0025,O27840-Na2080-Cl1600-F480-allSk.dat,0,main,27840,2080,1600,480,4160,0.87,0.065,0.05,0.015,0.13,0.2307692307692307,86,0.9586975766008662,1,0.6425594662531868,0.6425594662531868,0.067329171972885,-0.0264593453175203,-0.088882867324364,0.1071976518486945,0.2714843035988625,0.1336646836456803,0.3211024362753898,0.2933604746474268,-0.2573552708747839,1.1382923144434578,0.004936069813924064,0.0028498412358078443,3,0.003470975595125707,0.0020039686941964482,3,0.01120868690447875,0.00647133840156304,3,0.017064510834264118,0.009852199923751675,3,0.03746230763188703,0.02162887339573455,3,0.010734821767665603,0.00619775223726439,3,0.059044844857712095,0.03408955707285977,3,0.024268370873151354,0.014011350456407608,3,0.06629605940094158,0.03827604774134504,3,0.053999625585721155,0.031176698368055113,3
matrix_BC_s_loss,"BC S-loss, fixed kappa_D",0.005,O27840-Na2080-Cl1600-F480-allSk.dat,0,main,27840,2080,1600,480,4160,0.87,0.065,0.05,0.015,0.13,0.2307692307692307,222,0.7750559530132604,1,0.6425594662531868,0.6425594662531868,0.0684478974481899,-0.0317730438338239,-0.0935898537330922,0.104730048428994,0.2752981776575309,0.1506872445963236,0.2979628461656528,0.3097833755998611,-0.2519039622243943,1.0801707340846305,0.0023736004068949253,0.0013703988338693905,3,0.002932797026512371,0.0016932511527354515,3,0.005272860711893678,0.003044287551411217,3,0.004687427342105024,0.002706287437771148,3,0.009140033729907583,0.005277000934364402,3,0.006556764711546398,0.003785549871224352,3,0.013553886846772492,0.007825340219549826,3,0.011583166497259007,0.006687544295260743,3,0.009833495170209372,0.005677371083595266,3,0.044518623282626096,0.025702839136175718,3
matrix_BC_s_loss,"BC S-loss, fixed kappa_D",0.01,O27840-Na2080-Cl1600-F480-allSk.dat,0,main,27840,2080,1600,480,4160,0.87,0.065,0.05,0.015,0.13,0.2307692307692307,461,0.5715466761872664,1,0.6425594662531868,0.6425594662531868,0.0679668592460654,-0.032390819802216,-0.09441641069873,0.104953124850781,0.2657106355982314,0.1489036451839672,0.2812611779480257,0.3138366009654506,-0.2630169636890491,1.0656929111675637,0.0010959041879439286,0.0006327205779154654,3,0.0008364880239128244,0.00048294658577996733,3,0.0022398670167747526,0.0012931878250838674,3,0.0024807177974831085,0.0014322430881603683,3,0.0036727990952147124,0.0021204915463016285,3,0.002582415978949019,0.0014909585606058071,3,0.002972127969446514,0.0017159588832259608,3,0.005121632276656596,0.002956975773617962,3,0.005388135040897497,0.003110841216292225,3,0.013171064735558938,0.00760431777058894,3
matrix_BC_s_loss,"BC S-loss, fixed kappa_D",0.0025,O27584-Na2208-Cl1408-F800-allSk.dat,0,main,27584,2208,1408,800,4416,0.862,0.069,0.044,0.025,0.138,0.3623188405797101,86,0.9553566851366658,1,0.6629473630327716,0.6629473630327716,0.0676798507647208,-0.0084951707160896,-0.1029901803987802,0.1225186766315411,0.3286240641306046,0.0868447073309839,0.4307387749092398,0.3446733726419923,-0.3129836372551971,1.130816713387513,0.005774155518696466,0.003333710243062168,3,0.02098819160458847,0.012117538072712597,3,0.009948221610532965,0.00574360842479926,3,0.03775121407476455,0.021795673608300502,3,0.040784032391308,0.023546672079760092,3,0.03590912329305964,0.020732141999611445,3,0.10115593589347593,0.05840240681822686,3,0.022304377732995796,0.012877438488252218,3,0.06401705276136153,0.03696026264449856,3,0.22080777938786597,0.12748343086874792,3
matrix_BC_s_loss,"BC S-loss, fixed kappa_D",0.005,O27584-Na2208-Cl1408-F800-allSk.dat,0,main,27584,2208,1408,800,4416,0.862,0.069,0.044,0.025,0.138,0.3623188405797101,222,0.811720842118621,1,0.6629473630327716,0.6629473630327716,0.0716378140476825,-0.0083652996808538,-0.1114249950071103,0.1339244806924352,0.3006739996616027,0.081683773933131,0.3911513922710546,0.3673729011857713,-0.3516719513977753,1.1163750626418825,0.0021202479759967114,0.0012241257396904605,3,0.005236662911287122,0.003023388741486949,3,0.0063522419238448554,0.0036674685846894537,3,0.015506272891499417,0.008952550828034986,3,0.01982342831277252,0.011445061672640464,3,0.015569949892276702,0.008989314761574939,3,0.013456454671011713,0.00776908772664661,3,0.017281067243206643,0.00997722882474938,3,0.039566565307200964,0.022843767131021386,3,0.047309554602499373,0.027314184084994312,3
matrix_BC_s_loss,"BC S-loss, fixed kappa_D",0.01,O27584-Na2208-Cl1408-F800-allSk.dat,0,main,27584,2208,1408,800,4416,0.862,0.069,0.044,0.025,0.138,0.3623188405797101,461,0.5695760073963629,1,0.6629473630327716,0.6629473630327716,0.0727977947514838,-0.011583210217743,-0.1150991727529427,0.1334528337999432,0.2957320094942997,0.0923266649686466,0.3688217510804725,0.3852522926936114,-0.3577103461131138,1.087289112411802,0.0015707181804923206,0.0009068545643282805,3,0.0026306736768365144,0.0015188201554716242,3,0.004311206156603673,0.002489076035047103,3,0.009037164808559144,0.0052176095349326344,3,0.007858331667130835,0.004537009903399348,3,0.011068332269207164,0.006390304615106978,3,0.005454278249516343,0.003149029015593382,3,0.011416622134452074,0.006591389862562145,3,0.030370190570179433,0.01753423770103333,3,0.04210271397907807,0.024308013249434542,3
matrix_BC_s_loss,"BC S-loss, fixed kappa_D",0.0025,O27520-Na2240-Cl1600-F640-allSk.dat,0,main,27520,2240,1600,640,4480,0.86,0.07,0.05,0.02,0.14,0.2857142857142857,86,0.9369110540445468,1,0.6677807386085743,0.6677807386085743,0.0617999777628391,-0.0405602244954911,-0.087349630545984,0.0622306608533815,0.2748143380656799,0.1503498517803881,0.2764065602600472,0.3002998364895148,-0.1935369153842766,0.8231180559436886,0.010000659296475858,0.00577388333689407,3,0.004685338867608977,0.0027050816564586594,3,0.017620662078456518,0.010173293994296301,3,0.03558054881487511,0.020542439436182766,3,0.022948700607695875,0.013249438473405343,3,0.016960540021302963,0.009792172346900687,3,0.027399684674434856,0.01581921532249583,3,0.03505836046864471,0.02024095385391896,3,0.0639527434512784,0.03692313364701066,3,0.14223071518105568,0.08211694169681549,3
matrix_BC_s_loss,"BC S-loss, fixed kappa_D",0.005,O27520-Na2240-Cl1600-F640-allSk.dat,0,main,27520,2240,1600,640,4480,0.86,0.07,0.05,0.02,0.14,0.2857142857142857,222,0.8006030842402897,1,0.6677807386085743,0.6677807386085743,0.0684517992367428,-0.0283124244124853,-0.1003791243536394,0.1057456352751615,0.2743101247442668,0.1239749745174191,0.3171656060899444,0.3263526683675007,-0.2840729366683374,1.0425212671708926,0.002987122100258128,0.0017246157486863105,3,0.0019606924764147635,0.0011320063290561377,3,0.0034507981818596586,0.001992319259215745,3,0.0091218187230029,0.005266484495224692,3,0.007325241919986963,0.004229230394383604,3,0.005965357272911659,0.003444100627327838,3,0.0043127833410783745,0.002489986622928133,3,0.0068246044263132865,0.003940187202644688,3,0.021439842843374683,0.012378299037005646,3,0.026568517182087265,0.01533934054704728,3
matrix_BC_s_loss,"BC S-loss, fixed kappa_D",0.01,O27520-Na2240-Cl1600-F640-allSk.dat,0,main,27520,2240,1600,640,4480,0.86,0.07,0.05,0.02,0.14,0.2857142857142857,461,0.5811100204386703,1,0.6677807386085743,0.6677807386085743,0.0710144696393223,-0.0253369384236783,-0.1052277354250399,0.1189785870767601,0.2701905905679755,0.1182819383548057,0.318460143887332,0.3345977153428516,-0.3077601960024397,1.0823959711383428,0.0006124440962130334,0.0003535947638121919,3,0.0012981980430982793,0.000749514989644237,3,0.0017977679786168681,0.0010379418263949383,3,0.005090618296252724,0.002939069843683144,3,0.004117130983321494,0.002377026681509613,3,0.0017696778927774434,0.0010217240077739866,3,0.009768197694424207,0.005639671568373298,3,0.006496111098412264,0.0037505314913540365,3,0.012917776533248066,0.007458081758802202,3,0.038672505319577374,0.022327581356495232,3
matrix_BC_s_loss,"BC S-loss, fixed kappa_D",0.0025,O27456-Na2272-Cl2240-F32-allSk.dat,0,main,27456,2272,2240,32,4544,0.858,0.071,0.07,0.001,0.142,0.0140845070422535,86,0.9368792475833808,1,0.672685109543546,0.672685109543546,0.0586826595706118,-0.0568846354947959,-0.0580824585678176,0.0066342547934518,0.1874469934562402,0.1757437452173549,0.109078776026389,0.1784398090994086,-0.0120914352580877,1.0202783093117804,0.0044417622811964335,0.002564452648725087,3,0.00690172395796424,0.0039847121850031435,3,0.006250755839704947,0.0036088755666922765,3,0.006895426137810668,0.0039810761368421705,3,0.017041513910385206,0.009838922643559652,3,0.01563284907871871,0.00902562962379904,3,0.02953945465121322,0.017054612094592695,3,0.013989605144515487,0.00807690229604259,3,0.029196373907955164,0.01685653433511888,3,0.06823277322368487,0.039394209988249156,3
matrix_BC_s_loss,"BC S-loss, fixed kappa_D",0.005,O27456-Na2272-Cl2240-F32-allSk.dat,0,main,27456,2272,2240,32,4544,0.858,0.071,0.07,0.001,0.142,0.0140845070422535,228,0.7824500872246478,1,0.672685109543546,0.672685109543546,0.0580304428448579,-0.0556076046910538,-0.0582236493619372,0.0185759945462873,0.1807104240663397,0.1735215848975076,0.0709073605113561,0.1803477893547357,-0.0467789990436147,0.9888572254999806,0.0026045433669454067,0.001503733814021985,3,0.006453779561520664,0.0037260913671344604,3,0.006932279183134359,0.004002353252480262,3,0.00552515412245797,0.0031899492199152796,3,0.01621181273940284,0.009359894449146035,3,0.01899513877953558,0.010966848487659168,3,0.028931216479639723,0.01670344562250333,3,0.020499114506146915,0.011835169278272885,3,0.013412102153157255,0.007743480788524101,3,0.13194523953366202,0.07617861956304943,3
matrix_BC_s_loss,"BC S-loss, fixed kappa_D",0.01,O27456-Na2272-Cl2240-F32-allSk.dat,0,main,27456,2272,2240,32,4544,0.858,0.071,0.07,0.001,0.142,0.0140845070422535,461,0.6774882341509483,1,0.672685109543546,0.672685109543546,0.0579862854354234,-0.0577044891549752,-0.0609577852252319,0.0237827538355591,0.182497695071756,0.1763449256572148,0.0623454101389366,0.1842268407448921,-0.0554435793317612,0.9892060290493432,0.0019113347144269837,0.0011035096118858956,3,0.0033232684464641372,0.0019186899321554593,3,0.0035155294046751817,0.0020296918481332612,3,0.0014916233431118927,0.0008611891386751809,3,0.006208586005560039,0.003584528801597032,3,0.007542272880049483,0.004354533277598183,3,0.012743785666985622,0.007357628085329044,3,0.007993648379680321,0.004615135043815649,3,0.004011017546630067,0.0023157620602711816,3,0.07409045193903754,0.04277614237138436,3
matrix_BC_s_loss,"BC S-loss, fixed kappa_D",0.0025,O27328-Na2336-Cl1920-F416-allSk.dat,0,main,27328,2336,1920,416,4672,0.854,0.073,0.06,0.013,0.146,0.1780821917808219,86,0.96885231144926,1,0.682713187686647,0.682713187686647,0.0602409331411938,-0.0411180542428444,-0.0726911965811189,0.0587290990809287,0.2381213045424655,0.1450003679850159,0.2527605981511429,0.2318648702066359,-0.1545211347891865,0.9309264531791483,0.0034727802654130778,0.0020050106210726605,3,0.003960732423665125,0.002286729930991139,3,0.00686004157193242,0.003960646848207206,3,0.024123134932341268,0.013927498446884897,3,0.013522360942774146,0.007807138730389935,3,0.004024562828537996,0.002323582432426974,3,0.03958664023527024,0.022855357396146143,3,0.02122190857960801,0.012252474631154312,3,0.043324317601076856,0.025013306429438567,3,0.08811901886946287,0.0508755392650101,3
matrix_BC_s_loss,"BC S-loss, fixed kappa_D",0.005,O27328-Na2336-Cl1920-F416-allSk.dat,0,main,27328,2336,1920,416,4672,0.854,0.073,0.06,0.013,0.146,0.1780821917808219,222,0.8469948171009622,1,0.682713187686647,0.682713187686647,0.0635854012231968,-0.0383126415893001,-0.0790126263880152,0.0789576398447305,0.2291133041101911,0.1376262403907662,0.2472566845511496,0.2422861026463277,-0.1943838581773008,1.003522805088566,0.0033825777252326546,0.0019529321602179052,3,0.002830162324938402,0.0016339949801535236,3,0.006312510606930629,0.003644529698173767,3,0.007662428544473639,0.004423905182798128,3,0.0013254675058555574,0.000765259021307808,3,0.008530724701422686,0.004925216202748978,3,0.015201566069283436,0.008776628262204674,3,0.01488922730952834,0.008596299395181715,3,0.01240248958090653,0.007160580698157915,3,0.015165417649280262,0.008755757962185062,3
matrix_BC_s_loss,"BC S-loss, fixed kappa_D",0.01,O27328-Na2336-Cl1920-F416-allSk.dat,0,main,27328,2336,1920,416,4672,0.854,0.073,0.06,0.013,0.146,0.1780821917808219,461,0.6705781099150125,1,0.682713187686647,0.682713187686647,0.0650267751800252,-0.0372500366292129,-0.0835887340636254,0.0913067301760641,0.2268847831466156,0.1371710697502587,0.2429536657744788,0.2522657121769204,-0.216902107532688,1.0417029862639282,0.0019370926936667903,0.0011183809881337788,3,0.0024708971506566054,0.0014265731350714705,3,0.003217195798378391,0.0018574488602294973,3,0.0011662274201897547,0.0006733217149828776,3,0.003799338530321923,0.0021935491232238794,3,0.00399430497178001,0.0023061130506826497,3,0.0005438945001117393,0.0003140176360502696,3,0.005569999431334084,0.003215840671066796,3,0.009421695518382749,0.005439618443760971,3,0.019247557399828103,0.011112582446033529,3
matrix_BC_s_loss,"BC S-loss, fixed kappa_D",0.0025,O27264-Na2368-Cl1120-F1248-allSk.dat,0,main,27264,2368,1120,1248,4736,0.852,0.074,0.035,0.039,0.148,0.527027027027027,86,0.9904116446470288,1,0.6878401892134671,0.6878401892134671,0.0605023045408064,-0.0248551652174322,-0.1099107006497592,0.0698844512689749,0.2397642772199563,0.0837408173448981,0.2509389024545656,0.4320663507817369,-0.2939589819499462,0.624138366776595,0.015480527434153842,0.008937686681306107,3,0.007978572532014375,0.004606430999107454,3,0.03865279498053182,0.02231620158694146,3,0.0455380973566422,0.02629143276724076,3,0.03138465700143108,0.01811994016820031,3,0.030357453826526055,0.017526884138656454,3,0.06934783858963849,0.0400379932774465,3,0.10580150450314753,0.06108452710555963,3,0.1309868709108962,0.07562530518071268,3,0.19506765575534593,0.11262236356053823,3
matrix_BC_s_loss,"BC S-loss, fixed kappa_D",0.005,O27264-Na2368-Cl1120-F1248-allSk.dat,0,main,27264,2368,1120,1248,4736,0.852,0.074,0.035,0.039,0.148,0.527027027027027,210,0.919993539219082,1,0.6878401892134671,0.6878401892134671,0.0748307046244145,0.0003340031040368,-0.141010970480334,0.1340441350357155,0.2997389918903509,0.0297193559095623,0.3847287418521398,0.5051125311960032,-0.4375710718303995,0.9444786291732872,0.0037769918805507087,0.0021806472789629825,3,0.012666440160477974,0.007312972636326245,3,0.009621266827114937,0.005554840992580026,3,0.02175238628767548,0.012558746078706162,3,0.042399820194317886,0.024479547602781163,3,0.031266715380225046,0.018051846541448344,3,0.08736440812070982,0.050439864546084144,3,0.030385319174874182,0.01754297220502631,3,0.05465735899052618,0.0315564409263743,3,0.1628290080768586,0.09400937164505406,3
matrix_BC_s_loss,"BC S-loss, fixed kappa_D",0.01,O27264-Na2368-Cl1120-F1248-allSk.dat,0,main,27264,2368,1120,1248,4736,0.852,0.074,0.035,0.039,0.148,0.527027027027027,449,0.677112692733108,1,0.6878401892134671,0.6878401892134671,0.0762191867833367,0.002672674006765,-0.1441266883413869,0.1402172103922393,0.3058731910750393,0.027377559018632,0.3953969012173088,0.519066343001087,-0.4540157148084603,0.9747522652530926,0.00292706795085614,0.0016899434693631189,3,0.00739640709724943,0.004270317628633017,3,0.008866696625040561,0.005119189683289915,3,0.01437998005257732,0.008302285354296965,3,0.023715433721086636,0.013692112042818099,3,0.015573245118395147,0.008991217261261465,3,0.04702739579055106,0.02715127961896173,3,0.03143317435630726,0.01814795167609844,3,0.04047488032343236,0.023368183050151564,3,0.0915951075926763,0.052882460025084406,3
matrix_BC_s_loss,"BC S-loss, fixed kappa_D",0.0025,O27200-Na2400-Cl2240-F160-allSk.dat,0,main,27200,2400,2240,160,4800,0.85,0.075,0.07,0.005,0.15,0.0666666666666666,86,0.911255949174198,1,0.6930447783452088,0.6930447783452088,0.0609953494169226,-0.0512643882154202,-0.0674574812220822,0.0538566610959342,0.1810019397153112,0.1625677470656267,0.092744686489339,0.2020391041774303,-0.1263389295470402,0.8319156151992338,0.005631300207441463,0.0032512326906539244,3,0.005969400058208611,0.0034464347305073095,3,0.010967516740775481,0.006332098742628451,3,0.019049802551840703,0.01099840863131445,3,0.006581416600975159,0.00379978264622208,3,0.012711710819725107,0.007339109663628969,3,0.02499166949875997,0.014428947112607228,3,0.02483884925532664,0.014340716303923372,3,0.044298023197964914,0.025575475617913332,3,0.09919134677807287,0.057268150763601894,3
matrix_BC_s_loss,"BC S-loss, fixed kappa_D",0.005,O27200-Na2400-Cl2240-F160-allSk.dat,0,main,27200,2400,2240,160,4800,0.85,0.075,0.07,0.005,0.15,0.0666666666666666,228,0.7361320790229127,1,0.6930447783452088,0.6930447783452088,0.0616730129452706,-0.0507201670455735,-0.0681673192255092,0.058620391232339,0.1837924049806665,0.1576607716688487,0.121912332730303,0.1981150215748028,-0.1306609908825788,0.9610530960607648,0.0027679232155818755,0.0015980612136124105,3,0.003012094779344507,0.0017390337316792177,3,0.004492678659452947,0.002593849233417646,3,0.007551820421325768,0.004360045553124145,3,0.005452182232754467,0.003147818879751686,3,0.007564780081060818,0.004367527816160783,3,0.00885881256734989,0.005114637820459899,3,0.0105706943078896,0.006102993204181306,3,0.013167258736879673,0.007602120376226931,3,0.018928530977657978,0.010928392455315005,3
matrix_BC_s_loss,"BC S-loss, fixed kappa_D",0.01,O27200-Na2400-Cl2240-F160-allSk.dat,0,main,27200,2400,2240,160,4800,0.85,0.075,0.07,0.005,0.15,0.0666666666666666,461,0.6240842456554435,1,0.6930447783452088,0.6930447783452088,0.0612526412199906,-0.0513352409182362,-0.069121394432225,0.0598080429115755,0.1842291460823868,0.1561732395293139,0.1291696593618241,0.197778600596277,-0.1351634060465785,1.006007096199336,0.0011399136726434312,0.0006581294657536199,3,0.0013751874125053308,0.0007939648227961377,3,0.0016383132904904114,0.0009458806192815806,3,0.0015088210722973068,0.00087111825224983,3,0.0017721805298433657,0.001023168905957681,3,0.0031453489736650744,0.001815968076640844,3,0.005260614740641027,0.0030372173366120104,3,0.0033814644700050425,0.0019522894220125667,3,0.00472975164184764,0.0027307233836208096,3,0.03145856830662388,0.018162612880149528,3
matrix_BC_s_loss,"BC S-loss, fixed kappa_D",0.0025,O27200-Na2400-Cl1600-F800-allSk.dat,0,main,27200,2400,1600,800,4800,0.85,0.075,0.05,0.025,0.15,0.3333333333333333,86,0.9577949201634288,1,0.6930447783452088,0.6930447783452088,0.0766543379230296,-0.0232565769494281,-0.1183921183783797,0.1271501666022408,0.2240559171923639,0.0911266075923647,0.2592037479634462,0.3534512539680776,-0.3420196427280651,0.932642878328997,0.003975176216497389,0.002295069058670966,3,0.01170247572159917,0.006756427508050341,3,0.011370839408962531,0.0065649571936765225,3,0.030415466477054363,0.017560377758055377,3,0.0028832132343932664,0.0016646239370080441,3,0.02802252073108182,0.016178809887461957,3,0.04427954300810534,0.025564806075323233,3,0.02802534256829603,0.016180439075937192,3,0.0644521492946067,0.03721146574509113,3,0.15996857551515214,0.09235790013555407,3
matrix_BC_s_loss,"BC S-loss, fixed kappa_D",0.005,O27200-Na2400-Cl1600-F800-allSk.dat,0,main,27200,2400,1600,800,4800,0.85,0.075,0.05,0.025,0.15,0.3333333333333333,222,0.8248519238681696,1,0.6930447783452088,0.6930447783452088,0.0732222211816498,-0.0216749050647118,-0.1107402487579946,0.1190683248728133,0.2456661084636512,0.0922688175910543,0.2950183683353722,0.3403164902919584,-0.3214659160480883,0.9656082614388312,0.0017306386860912932,0.0009991847112847884,3,0.0056686500435272165,0.0032727966285722226,3,0.004595317679608684,0.0026531078993339203,3,0.014810060527738544,0.0085505924324045,3,0.009608027777454883,0.005547197423694979,3,0.020139593107373337,0.011627599501911529,3,0.017462240873884108,0.010081829469191075,3,0.010370835551252913,0.00598760469723721,3,0.04572377835271238,0.026398635740305276,3,0.08820273490910645,0.05092387274303381,3
matrix_BC_s_loss,"BC S-loss, fixed kappa_D",0.01,O27200-Na2400-Cl1600-F800-allSk.dat,0,main,27200,2400,1600,800,4800,0.85,0.075,0.05,0.025,0.15,0.3333333333333333,461,0.5979198606309519,1,0.6930447783452088,0.6930447783452088,0.0720935347155376,-0.0209185087211442,-0.111920308181753,0.1220472978120171,0.251078783242339,0.0925606428504587,0.3039806928172134,0.3538373903888613,-0.3400819001643996,1.007458440009508,0.0014631569464378534,0.0008447540568925656,3,0.004231377093509814,0.002442986703980708,3,0.0032611259287518746,0.0018828119328261632,3,0.011452674194952748,0.00661220452939705,3,0.0031707844795772822,0.0018306532728262315,3,0.012931892280950675,0.007466231489538116,3,0.023775193951490588,0.013726614627928653,3,0.005235456162117739,0.0030226920245291617,3,0.028545398064557248,0.01648069325669715,3,0.0812375124902165,0.04690249970452209,3
matrix_BC_s_loss,"BC S-loss, fixed kappa_D",0.0025,O27200-Na2400-Cl1280-F1120-allSk.dat,0,main,27200,2400,1280,1120,4800,0.85,0.075,0.04,0.035,0.15,0.4666666666666667,86,0.9641107445165016,1,0.6930447783452088,0.6930447783452088,0.0551360635895839,-0.0552382482700032,-0.0887532413525554,0.0140206902561803,0.2134392280420685,0.1566622925168789,0.1449640018888656,0.3453141379155129,-0.1398262273536124,0.3616860947252047,0.0035283636738739636,0.00203710171691003,3,0.016754920953692635,0.009673458122865344,3,0.015014021834227214,0.008668349547610001,3,0.017482965429922503,0.01009379479719868,3,0.046868532506683755,0.027059559859256593,3,0.023497710056193926,0.01356640922628334,3,0.09216760205258047,0.05321298985561964,3,0.048501869438141075,0.028002567376310836,3,0.047967863232889985,0.027694258749960187,3,0.14142758754876908,0.08165325574212119,3
matrix_BC_s_loss,"BC S-loss, fixed kappa_D",0.005,O27200-Na2400-Cl1280-F1120-allSk.dat,0,main,27200,2400,1280,1120,4800,0.85,0.075,0.04,0.035,0.15,0.4666666666666667,210,0.8958865373642914,1,0.6930447783452088,0.6930447783452088,0.0700440387182002,-0.0120135368919177,-0.1227422382671295,0.1136309548437462,0.2755975991137026,0.0580232650606791,0.3414040960995307,0.4241313929302972,-0.3684781683262474,0.8936841549706431,0.004959285927694303,0.0028632450653426293,3,0.004534772569619569,0.002618152163783589,3,0.009855493821084395,0.005690072010599769,3,0.014365300124503032,0.00829380989387159,3,0.005079904685437281,0.002932884337594856,3,0.012602699634263904,0.007276172026358264,3,0.017899319309062887,0.010334176821398524,3,0.02494163817593899,0.014400061514908623,3,0.022455410613005957,0.01296463736218257,3,0.04381201989631118,0.0252948814808765,3
matrix_BC_s_loss,"BC S-loss, fixed kappa_D",0.01,O27200-Na2400-Cl1280-F1120-allSk.dat,0,main,27200,2400,1280,1120,4800,0.85,0.075,0.04,0.035,0.15,0.4666666666666667,455,0.6502929367161286,1,0.6930447783452088,0.6930447783452088,0.0751229203699877,-0.0039862918423596,-0.1336263828474316,0.1370172783786493,0.2860840123469855,0.0422838216196617,0.3735808060627514,0.45525049260454,-0.4247860712341733,1.0009817156137952,0.0006203033819266197,0.00035813232453456913,3,0.0033069182669648086,0.001909250151620223,3,0.0024209861710082683,0.0013977570175359852,3,0.003047283809380485,0.0017593501276430114,3,0.007181224698560367,0.004146082012825017,3,0.004805009272098737,0.0027741733967048534,3,0.013815245502020394,0.007976235709512242,3,0.00815505136671413,0.0047083211018276285,3,0.008494652327312911,0.004904389807846391,3,0.019317870094078392,0.011153177498986382,3
matrix_BC_s_loss,"BC S-loss, fixed kappa_D",0.0025,O26880-Na2560-Cl2240-F320-allSk.dat,0,main,26880,2560,2240,320,5120,0.84,0.08,0.07,0.01,0.16,0.125,86,0.9767791828664896,1,0.7165296389881972,0.7165296389881972,0.0525342256479666,-0.0387279815727249,-0.0591803581980306,0.0470372367247456,0.1744565922183701,0.1189669019902824,0.1786809206071409,0.1794244019501819,-0.1382231341603376,0.8710900009440276,0.005990649964942715,0.0034587033698804987,3,0.010907174861544695,0.00629726034241115,3,0.010584531826525313,0.006110982299290551,3,0.03446896461481452,0.01990066599905085,3,0.013237157578809904,0.0076424764914313935,3,0.017093895133585744,0.009869164956874964,3,0.0332162646888052,0.019177419359555546,3,0.02034700138584575,0.011747346727319733,3,0.04188993682772503,0.024185166303823464,3,0.0921447115985866,0.05319977404584441,3
matrix_BC_s_loss,"BC S-loss, fixed kappa_D",0.005,O26880-Na2560-Cl2240-F320-allSk.dat,0,main,26880,2560,2240,320,5120,0.84,0.08,0.07,0.01,0.16,0.125,222,0.8484685377412261,1,0.7165296389881972,0.7165296389881972,0.0616818874165056,-0.0391057127988662,-0.070880878829467,0.0769255192796252,0.1820919159637198,0.1243658114540761,0.1859927056025553,0.197390611600482,-0.170486834926037,0.9771325805560152,0.0014944550808364365,0.0008628240432127206,3,0.001988368146969795,0.0011479848849010887,3,0.003980275745346611,0.0022980132730248044,3,0.005438787430133037,0.0031400853868524623,3,0.00942566374456535,0.0054419095002157004,3,0.003517503690474662,0.0020308317025710485,3,0.03262639126386337,0.018836855778877573,3,0.010031431699322043,0.005791649791960927,3,0.022099857499923704,0.01275935867663332,3,0.051855646123241,0.029938871248255165,3
matrix_BC_s_loss,"BC S-loss, fixed kappa_D",0.01,O26880-Na2560-Cl2240-F320-allSk.dat,0,main,26880,2560,2240,320,5120,0.84,0.08,0.07,0.01,0.16,0.125,461,0.6867615514989273,1,0.7165296389881972,0.7165296389881972,0.0627461042751986,-0.0422096951390799,-0.07552540476994,0.0804343920301115,0.184526202143566,0.1312419665971339,0.1746853101781985,0.2093966544655879,-0.1828031348565013,0.977736303316024,0.0009896195789730895,0.0005713571303154374,3,0.0008775759298538894,0.0005066686993354792,3,0.0021615191090212592,0.001247953639451944,3,0.007556488303414454,0.004362740556104594,3,0.0016265952594035995,0.0009391152108792374,3,0.0020997692127362423,0.0012123023202093581,3,0.007624510169262629,0.0044020129986628185,3,0.006284289889261015,0.0036282364592304904,3,0.016314812241455725,0.009419361239382666,3,0.03761038144115276,0.02171436384937405,3
matrix_BC_s_loss,"BC S-loss, fixed kappa_D",0.0025,O26880-Na2560-Cl1920-F640-allSk.dat,0,main,26880,2560,1920,640,5120,0.84,0.08,0.06,0.02,0.16,0.25,86,0.9429162421703624,1,0.7165296389881972,0.7165296389881972,0.0593653437974338,-0.0269175304457245,-0.0756424698391546,0.0771815400799631,0.2581117955308235,0.1078751750546307,0.3293783069916399,0.2314929335163281,-0.1852071723341832,0.97954484639225,0.0068419379270966375,0.003950194703987954,3,0.04907954221704838,0.028336086910716488,3,0.009396840452816796,0.005425268364965742,3,0.1144348718179749,0.06606900404878813,3,0.1911718053551945,0.1103730932832883,3,0.05443787718215923,0.031429723045231416,3,0.47530632397038425,0.27441823409183286,3,0.015551463199502815,0.008978641464525509,3,0.13513346035965745,0.07801933971517386,3,1.1809217889663766,0.6818055127516319,3
matrix_BC_s_loss,"BC S-loss, fixed kappa_D",0.005,O26880-Na2560-Cl1920-F640-allSk.dat,0,main,26880,2560,1920,640,5120,0.84,0.08,0.06,0.02,0.16,0.25,222,0.8094642919230921,1,0.7165296389881972,0.7165296389881972,0.0683209571809635,-0.0309091250786341,-0.0946381760537022,0.1020998791033921,0.2241244733667511,0.1115601127565346,0.2550211633410714,0.2747447881154667,-0.252751706617665,0.9478211242436816,0.0018024652494487239,0.0010406537969741667,3,0.003115954896721699,0.0017989973984050055,3,0.004291587795259274,0.0024777493688438543,3,0.0022054762627421714,0.0012733323139855225,3,0.009684467655443339,0.005591330007828436,3,0.005787686144202494,0.0033415221533403773,3,0.028786662802714358,0.016619987518218124,3,0.011597376085909862,0.006695748205093388,3,0.008903484282429463,0.0051404290471862525,3,0.0422815873897998,0.024411285861265602,3
matrix_BC_s_loss,"BC S-loss, fixed kappa_D",0.01,O26880-Na2560-Cl1920-F640-allSk.dat,0,main,26880,2560,1920,640,5120,0.84,0.08,0.06,0.02,0.16,0.25,461,0.6177545496665784,1,0.7165296389881972,0.7165296389881972,0.0692708653632716,-0.0289654572632371,-0.0980572359651012,0.1119092002148512,0.2148793722534874,0.1024715898495998,0.2522727445551085,0.2841914164735002,-0.2872907927078691,1.0021477386269846,0.0008581892946170736,0.0004954758202628225,3,0.0027820602624768127,0.0016062232414427488,3,0.0025219064933004426,0.0014560233927780758,3,0.0012443315783542614,0.0007184151717239848,3,0.004847230488903145,0.002798549827592392,3,0.004619742486550728,0.002667209568196814,3,0.01743082886581781,0.010063693737878212,3,0.007037010389209249,0.0040628198425001535,3,0.0031175402673477605,0.0017999127125627274,3,0.02957704693291305,0.017076316008551546,3
matrix_BC_s_loss,"BC S-loss, fixed kappa_D",0.0025,O26880-Na2560-Cl1600-F960-allSk.dat,0,main,26880,2560,1600,960,5120,0.84,0.08,0.05,0.03,0.16,0.375,86,0.9468180293717772,1,0.7165296389881972,0.7165296389881972,0.0680687755797833,-0.0039246396983899,-0.1013005911415586,0.1243695910271903,0.2176857082941655,0.0399142767062198,0.3039501634249982,0.3111997250236192,-0.3365773765319381,0.9308680630906624,0.016254455688921213,0.009384514367529507,3,0.026580957041509746,0.015346522703233532,3,0.033388765500231565,0.019277012749467984,3,0.086204797632354,0.0497703631184768,3,0.0331866480980957,0.019160320212936933,3,0.04860947042468064,0.028064690834854522,3,0.11693881033667776,0.0675146536265955,3,0.06985437799455461,0.04033044393922998,3,0.16808419250259657,0.09704345378789501,3,0.4067749269966371,0.2348516136010988,3
matrix_BC_s_loss,"BC S-loss, fixed kappa_D",0.005,O26880-Na2560-Cl1600-F960-allSk.dat,0,main,26880,2560,1600,960,5120,0.84,0.08,0.05,0.03,0.16,0.375,210,0.8671131564589089,1,0.7165296389881972,0.7165296389881972,0.0703593725798952,-0.0098676730327132,-0.1109990211144931,0.1271852774880728,0.2386320444175576,0.0509360891796428,0.3239262883622272,0.3430660639791418,-0.3597180988246984,0.9933634825332178,0.006770471213019222,0.00390893337737726,3,0.006478922861351269,0.0037406078580599755,3,0.013209239887661123,0.007626358204931492,3,0.02760214603454854,0.01593610644325796,3,0.0022025100685210243,0.0012716197809534745,3,0.010775521540245442,0.006221250261919317,3,0.01686188020161234,0.009735211073444107,3,0.026301779534981636,0.015185339494687838,3,0.05090994248091912,0.029392868995787018,3,0.09204620096435512,0.05314289890465282,3
matrix_BC_s_loss,"BC S-loss, fixed kappa_D",0.01,O26880-Na2560-Cl1600-F960-allSk.dat,0,main,26880,2560,1600,960,5120,0.84,0.08,0.05,0.03,0.16,0.375,455,0.6134063534439805,1,0.7165296389881972,0.7165296389881972,0.0735387554004412,-0.0097868307276745,-0.1181897376924922,0.1366004676040191,0.2481583849569129,0.055972928043226,0.3329802063084383,0.3643302313982429,-0.3789448974981478,1.0329701589817653,0.0026142538183078078,0.00150934014573002,3,0.0015578454508789331,0.000899422490420786,3,0.005010010605331972,0.002892530971631294,3,0.008050322242256528,0.004647855713630038,3,0.00854244573699416,0.00493198334579135,3,0.007173372706339059,0.00414154866300237,3,0.023015278820595265,0.01328787742254497,3,0.009084085884683058,0.005244699430863443,3,0.015065613917909993,0.008698136251012307,3,0.0503961542794288,0.02909623323935013,3
matrix_BC_s_loss,"BC S-loss, fixed kappa_D",0.0025,O26880-Na2560-Cl1280-F1280-allSk.dat,0,main,26880,2560,1280,1280,5120,0.84,0.08,0.04,0.04,0.16,0.5,86,0.9952960680719264,1,0.7165296389881972,0.7165296389881972,0.0648771779304208,-0.0282859996336435,-0.1190976180176453,0.0790951737104663,0.2547840010278897,0.07441706926887,0.285901920460452,0.4327813283011981,-0.3275396996691037,0.7318660730927892,0.04981385450797473,0.028760042309552064,3,0.06562784045152646,0.037890251351022614,3,0.10705506490387415,0.0618082705403646,3,0.03801073540237214,0.021945508316655194,3,0.05910351646394164,0.03412343114051018,3,0.1486084715935127,0.08579914107837341,3,0.08030500027708215,0.046364113527246356,3,0.24553957267504026,0.14176233838064017,3,0.20607256901804719,0.11897605319516728,3,0.295628228354255,0.1706810372203813,3
matrix_BC_s_loss,"BC S-loss, fixed kappa_D",0.005,O26880-Na2560-Cl1280-F1280-allSk.dat,0,main,26880,2560,1280,1280,5120,0.84,0.08,0.04,0.04,0.16,0.5,210,0.9677262023299058,1,0.7165296389881972,0.7165296389881972,0.0770899199099269,-0.0028683169288183,-0.1423842072983089,0.1383277945963897,0.2832335950763698,0.0199697874074668,0.3805830040692248,0.4702436977956686,-0.4420021536063215,0.9802277995697142,0.003646569143150202,0.0021053476764163522,3,0.018498937211116614,0.010680366378560163,3,0.013734103455000903,0.007929388326822941,3,0.03461996210702032,0.019987844441822826,3,0.05312051975904654,0.030669146382378356,3,0.03366065023826342,0.019433985476159227,3,0.10534863789056081,0.060823064444875695,3,0.044186719502113725,0.025511214399151848,3,0.07423294430093957,0.04285841037488596,3,0.19999452051645444,0.11546689025662511,3
matrix_BC_s_loss,"BC S-loss, fixed kappa_D",0.01,O26880-Na2560-Cl1280-F1280-allSk.dat,0,main,26880,2560,1280,1280,5120,0.84,0.08,0.04,0.04,0.16,0.5,449,0.8252748108497096,1,0.7165296389881972,0.7165296389881972,0.0766214662730224,-0.0003883658010801,-0.1407470698886014,0.1401978377055519,0.2866074198761457,0.022255839098849,0.3830682611667564,0.4776772342852196,-0.4462027247896339,0.9879430550463396,0.002274798071048024,0.001313355278671618,3,0.006328304619983914,0.0036536483758616654,3,0.006285793100489181,0.003629104338637721,3,0.012975949924566691,0.007491668181939684,3,0.012977804111949275,0.007492738697524147,3,0.013745084662976964,0.007935728330203947,3,0.031149944559205337,0.01798442887649912,3,0.017369362087158034,0.010028205876672771,3,0.029561450907673807,0.01706731163918138,3,0.06688706816682898,0.03861726681142356,3
matrix_BC_s_loss,"BC S-loss, fixed kappa_D",0.0025,O26816-Na2592-Cl2560-F32-allSk.dat,0,main,26816,2592,2560,32,5184,0.838,0.081,0.08,0.001,0.162,0.0123456790123456,86,0.9411637977724966,1,0.7214189111166868,0.7214189111166868,0.0589880048662731,-0.054208629537767,-0.0575846418636044,0.0271750288280962,0.1511077684020922,0.1488757255555378,0.0283849454516895,0.1579342225527668,-0.0727251004064279,0.9059375817822878,0.003219123210451477,0.0018585616521087326,3,0.002456053507671888,0.0014180031537984893,3,0.0036670292345767925,0.0021171603157091384,3,0.013686630912114375,0.007901980041408288,3,0.0040884996460696975,0.0023604963712400297,3,0.004206666496088853,0.002428720033907879,3,0.021433031509626554,0.012374366511632623,3,0.0057352452916643185,0.0033112454130109284,3,0.029463049282245853,0.017010499434251855,3,0.08148821481391637,0.04704724275859667,3
matrix_BC_s_loss,"BC S-loss, fixed kappa_D",0.005,O26816-Na2592-Cl2560-F32-allSk.dat,0,main,26816,2592,2560,32,5184,0.838,0.081,0.08,0.001,0.162,0.0123456790123456,228,0.7466970518744801,1,0.7214189111166868,0.7214189111166868,0.05997971065768,-0.0556900138949158,-0.0596940503546719,0.032709692727125,0.1554089949316369,0.1520630816111814,0.0385874049819321,0.160893882563356,-0.0705108998014952,0.9779553052806684,0.0012974163146561408,0.0007490636585177351,3,0.0004297053788322709,0.0002480905161410417,3,0.0011735575898914393,0.0006775537904333509,3,0.009140368440180102,0.005277194179430342,3,0.001885036727793748,0.001088326462224052,3,0.0010953822494039265,0.0006324192365588948,3,0.008609018971263187,0.004970419420517396,3,0.0006310804980541561,0.0003643544954318901,3,0.013290883318115836,0.007673495061482085,3,0.05656601692986568,0.03265840510144288,3
matrix_BC_s_loss,"BC S-loss, fixed kappa_D",0.01,O26816-Na2592-Cl2560-F32-allSk.dat,0,main,26816,2592,2560,32,5184,0.838,0.081,0.08,0.001,0.162,0.0123456790123456,461,0.6530548857785234,1,0.7214189111166868,0.7214189111166868,0.0584619572942098,-0.0552950887495284,-0.0588566545742349,0.0287741234790977,0.1544734351576158,0.1503597230119033,0.045402669487922,0.158497784079163,-0.0644097708292392,0.9847225293487464,0.00022748340547638102,0.00013133760538796137,3,0.0007289949296459173,0.00042088541886894264,3,0.00014235249882822522,8.218725351829172e-05,3,0.005492407774123365,0.0031710431068893183,3,0.002655641845161232,0.0015332355341750718,3,0.0019144644509375408,0.0011053165661027583,3,0.006777614292501168,0.003913057436239004,3,0.000863187285108714,0.0004983614114185784,3,0.009536560175922552,0.005505935584711951,3,0.024458598923647216,0.014121178672568811,3
matrix_BC_s_loss,"BC S-loss, fixed kappa_D",0.0025,O26560-Na2720-Cl2240-F480-allSk.dat,0,main,26560,2720,2240,480,5440,0.83,0.085,0.07,0.015,0.17,0.1764705882352941,86,0.915882929787254,1,0.7397790686112217,0.7397790686112217,0.0632944605040994,-0.0395537931118626,-0.0733077082476974,0.064205888587368,0.1652492603246995,0.108164893183558,0.1597090466949545,0.1990842308007842,-0.1725871446035012,0.7530144194722461,0.0019995435042542303,0.0011544369804375476,3,0.005099316910782721,0.0029440919911236153,3,0.0016461007989264488,0.0009503767393734433,3,0.01015308260858139,0.005861884977168973,3,0.008174300893604824,0.004719434821359744,3,0.012666344346940944,0.007312917318354849,3,0.022082902588211252,0.01274956975379205,3,0.002316931140904265,0.0013376808178949043,3,0.025444540065297915,0.01469041205610597,3,0.10063974209530234,0.05810438218989732,3
matrix_BC_s_loss,"BC S-loss, fixed kappa_D",0.005,O26560-Na2720-Cl2240-F480-allSk.dat,0,main,26560,2720,2240,480,5440,0.83,0.085,0.07,0.015,0.17,0.1764705882352941,222,0.7809250036542785,1,0.7397790686112217,0.7397790686112217,0.0634431162181084,-0.0357694205311339,-0.0785548852940878,0.0845496951768705,0.1762907770755717,0.1063027355422209,0.1900158341722798,0.2148909451807733,-0.2111663721730936,0.9084996607695042,0.0008381682376119767,0.00048391665761146895,3,0.003446092535503523,0.001989602453025319,3,0.0019229598761756278,0.0011102214021508482,3,0.007709383362339366,0.004451014559532655,3,0.005272850328827815,0.003044281556745346,3,0.008965046716646328,0.005175972135153329,3,0.01857243074111975,0.01072279788789117,3,0.004773431425584432,0.0027559419185193912,3,0.01481610171206201,0.008554080311799878,3,0.07576790630273968,0.0437446210998211,3
matrix_BC_s_loss,"BC S-loss, fixed kappa_D",0.01,O26560-Na2720-Cl2240-F480-allSk.dat,0,main,26560,2720,2240,480,5440,0.83,0.085,0.07,0.015,0.17,0.1764705882352941,461,0.630790545949148,1,0.7397790686112217,0.7397790686112217,0.0655698734223907,-0.0349542522415179,-0.0841603926450153,0.0985994637175008,0.1808570376817703,0.1078903641604466,0.1974560388073295,0.2291228513879137,-0.2381314913812181,0.9844622055643149,0.0009726297402112273,0.0005615480423327879,3,0.0030469319405685685,0.0017591469760897319,3,0.0011994108389804207,0.0006924801707543008,3,0.006756251496918021,0.0039007236204584316,3,0.002205202488096021,0.0012731742501198703,3,0.0050927428486453276,0.0029402964545789216,3,0.012828551604919539,0.007406567722413302,3,0.0035010775293457994,0.0020213480540215473,3,0.006012199101201587,0.0034711447695003625,3,0.04346996588454279,0.025097396505104633,3
matrix_BC_s_loss,"BC S-loss, fixed kappa_D",0.0025,O26368-Na2816-Cl1568-F1248-allSk.dat,0,main,26368,2816,1568,1248,5632,0.824,0.088,0.049,0.039,0.176,0.4431818181818182,86,0.9660465759301154,1,0.7537078193972535,0.7537078193972535,0.0456733278949159,-0.067470914735372,-0.0652044377865113,-0.0282629744875291,0.1431212796888882,0.1521205803932485,0.0444760028676085,0.241877713471323,-0.0426143385518363,0.1145752584091661,0.0070511326081457845,0.0040709733094047166,3,0.006112709794411081,0.0035291746452813,3,0.019470908655976855,0.011241534353894852,3,0.01264816489287542,0.007302421405656398,3,0.032821209927409604,0.018949334386719155,3,0.020130229124623145,0.011622193203950018,3,0.034503333896059286,0.01992050911282937,3,0.047434008929012346,0.02738603782390839,3,0.05071187562166186,0.029278515041277296,3,0.015555388636851337,0.008980907816835366,3
matrix_BC_s_loss,"BC S-loss, fixed kappa_D",0.005,O26368-Na2816-Cl1568-F1248-allSk.dat,0,main,26368,2816,1568,1248,5632,0.824,0.088,0.049,0.039,0.176,0.4431818181818182,210,0.9598315725849534,1,0.7537078193972535,0.7537078193972535,0.0691057447431191,-0.0187302724164794,-0.1158426541320125,0.1017122902570838,0.2222675807965679,0.0490067195704112,0.2789444754323344,0.3612128870193012,-0.331267749012099,0.7903293758809031,0.007344490892826513,0.004240343794034142,3,0.007237291575261057,0.004178452239180783,3,0.017039873501498215,0.009837975553047166,3,0.008248729655600178,0.0047624062871332124,3,0.033093019770298486,0.01910626387267944,3,0.01421334027431881,0.008206075833461715,3,0.061625962216103086,0.035579765874536824,3,0.04278116846878532,0.024699719131699934,3,0.02945510604817653,0.017005913405923695,3,0.0596112785399374,0.03441658771177062,3
matrix_BC_s_loss,"BC S-loss, fixed kappa_D",0.01,O26368-Na2816-Cl1568-F1248-allSk.dat,0,main,26368,2816,1568,1248,5632,0.824,0.088,0.049,0.039,0.176,0.4431818181818182,449,0.8164706259861594,1,0.7537078193972535,0.7537078193972535,0.0740080906514887,-0.0096507507558581,-0.1255687049632924,0.1262528615808113,0.231987888772757,0.035319433269833,0.3088877317145165,0.3888957186574145,-0.3828575090562678,0.8931350073329215,0.003284345526953671,0.0018962177740984452,3,0.0012616252975250623,0.0007283997051425364,3,0.00719432518327457,0.004153645581201276,3,0.00619338683260689,0.0035757535550010717,3,0.019699521355295527,0.011373523957386654,3,0.0017817938964002353,0.0010287191857271082,3,0.02910775087330625,0.016805367802207927,3,0.015211230681821727,0.00878220812885527,3,0.019185615597827468,0.011076820329974372,3,0.031708488202190736,0.018306904199130895,3
matrix_BC_s_loss,"BC S-loss, fixed kappa_D",0.0025,O26304-Na2848-Cl1888-F960-allSk.dat,0,main,26304,2848,1888,960,5696,0.822,0.089,0.059,0.03,0.178,0.3370786516853932,86,0.9652346389518578,1,0.7583138398668687,0.7583138398668687,0.0505251732832062,-0.04908239209024,-0.0629330358032778,0.0037163814391723,0.12693130453749,0.1236184860409922,0.045266699401905,0.2112923284259893,-0.0833912532729883,0.1949135641624966,0.00709466127880506,0.004096104599127316,3,0.004470800402121333,0.002581217815657839,3,0.012582828678072486,0.007264699524452093,3,0.01694918692701216,0.009785617634855756,3,0.028798286901776625,0.01662669869494081,3,0.006320624124560252,0.0036492140397613045,3,0.05139671868824693,0.029673909370122837,3,0.03846182604444248,0.022205945620283427,3,0.05718735264740566,0.03301713344522172,3,0.057170025692132795,0.03300712972293069,3
matrix_BC_s_loss,"BC S-loss, fixed kappa_D",0.005,O26304-Na2848-Cl1888-F960-allSk.dat,0,main,26304,2848,1888,960,5696,0.822,0.089,0.059,0.03,0.178,0.3370786516853932,210,0.9487254232926764,1,0.7583138398668687,0.7583138398668687,0.0706525209076529,-0.0177156595003167,-0.1096432100757238,0.1232478506020844,0.1775693552370956,0.0412340124540639,0.2480200000702563,0.31906065271673,-0.3764224153607587,0.9550768659252924,0.008055059893647038,0.004650590997935676,3,0.009887763356110451,0.005708702835333686,3,0.012073849085821244,0.006970840019853812,3,0.03203321131899656,0.01849438317803083,3,0.028437488128173767,0.016418391425877914,3,0.019720088012533908,0.011385398122479564,3,0.055768256062034935,0.03219781764965185,3,0.01828005370353703,0.01055399392653792,3,0.05837061038678726,0.033700287619574394,3,0.14460243565912623,0.08348625515327207,3
matrix_BC_s_loss,"BC S-loss, fixed kappa_D",0.01,O26304-Na2848-Cl1888-F960-allSk.dat,0,main,26304,2848,1888,960,5696,0.822,0.089,0.059,0.03,0.178,0.3370786516853932,455,0.759815125702187,1,0.7583138398668687,0.7583138398668687,0.0762986574043163,-0.0082393344439149,-0.1179793439026752,0.1512603048235693,0.2151376913977434,0.0342193280992406,0.322565001332716,0.325704513855138,-0.3978217285673072,1.1134832282622655,0.00271307087463825,0.0015663921998029272,3,0.00594072520169481,0.0034298792943800926,3,0.006275935007508331,0.0036234127660015308,3,0.01880401802961083,0.01085650487124239,3,0.01405042556852877,0.008112016984218887,3,0.010134118552243516,0.005850936074137374,3,0.03834003722799917,0.022135630814325593,3,0.015674028466810697,0.009049404554599013,3,0.037470581641716544,0.021633650397536897,3,0.11746386769125736,0.06781779563160202,3
matrix_BC_s_loss,"BC S-loss, fixed kappa_D",0.0025,O26240-Na2880-Cl2240-F640-allSk.dat,0,main,26240,2880,2240,640,5760,0.82,0.09,0.07,0.02,0.18,0.2222222222222222,86,0.953653618785854,1,0.7625952127291019,0.7625952127291019,0.0665618244496377,-0.023460055912952,-0.0882937607904838,0.1154162072646909,0.1632658472803031,0.0594018642114815,0.2352084512366924,0.231642614323128,-0.3073532664896962,1.0739577825406876,0.019392819320899604,0.011196449455267163,3,0.02270411395196581,0.013108226301879399,3,0.02095492584436228,0.01209833207709121,3,0.0835388487161436,0.04823117679405693,3,0.014406864724235172,0.0083178072267157,3,0.030416351000663693,0.017560888437999328,3,0.08719976665206652,0.050344808749843165,3,0.030774633886204456,0.017767743158412324,3,0.10833994849889655,0.06255009842982812,3,0.38020402001091363,0.21951089330027887,3
matrix_BC_s_loss,"BC S-loss, fixed kappa_D",0.005,O26240-Na2880-Cl2240-F640-allSk.dat,0,main,26240,2880,2240,640,5760,0.82,0.09,0.07,0.02,0.18,0.2222222222222222,222,0.8213685564300744,1,0.7625952127291019,0.7625952127291019,0.0704445159398628,-0.0214310956174701,-0.0940055232616579,0.1304060111366546,0.1830218090515152,0.0660185781454831,0.2647384365648877,0.2436452278983301,-0.3157719304861083,1.1523502193268775,0.002088655277375362,0.0012058856866369978,3,0.006056233255858463,0.0034965679005450477,3,0.004458814339216996,0.002574297659013496,3,0.017736086632590443,0.010239934391696617,3,0.001822310481682098,0.001052111447146236,3,0.00954525415555625,0.005510955056193795,3,0.02161185403695497,0.012477609745922854,3,0.010201512725497712,0.0058898461182074965,3,0.02912913947267647,0.016817716515811914,3,0.09491130274077243,0.05479706618652303,3
matrix_BC_s_loss,"BC S-loss, fixed kappa_D",0.01,O26240-Na2880-Cl2240-F640-allSk.dat,0,main,26240,2880,2240,640,5760,0.82,0.09,0.07,0.02,0.18,0.2222222222222222,461,0.6240330574183348,1,0.7625952127291019,0.7625952127291019,0.070646396020502,-0.0233855531866717,-0.0949932827108237,0.1281079092541467,0.1832095043590444,0.0759997281248872,0.246463576664672,0.2500339024193488,-0.3065508295893105,1.096332287102502,0.001557057670730552,0.0008989676653400559,3,0.0014856973272113173,0.0008577677517997616,3,0.0037960777040825797,0.002191666484316814,3,0.009869244787479413,0.00569801113474955,3,0.002236143414339597,0.0012910380022155752,3,0.0022922429427019134,0.0013234270800169697,3,0.0015072260760685475,0.0008701973807477992,3,0.008708410736533447,0.005027803282951413,3,0.021092070261246213,0.012177512443097002,3,0.0386868965119989,0.02233589011531376,3
matrix_BC_s_loss,"BC S-loss, fixed kappa_D",0.0025,O26240-Na2880-Cl2208-F672-allSk.dat,0,main,26240,2880,2208,672,5760,0.82,0.09,0.069,0.021,0.18,0.2333333333333333,86,0.9458834117001976,1,0.7625952127291019,0.7625952127291019,0.0446310557524286,-0.0442841966273002,-0.0532569493041979,0.0048594219407951,0.1216489895466543,0.0992399030987596,0.0719497332483601,0.170882087361012,-0.1043039702420878,0.3380171007833267,0.019773455065731065,0.0114162096050088,3,0.0013745056902745058,0.0007935712302826584,3,0.03140094161787951,0.018129342095890462,3,0.0593296834002651,0.03425400868207833,3,0.011000660146691437,0.00635123409695589,3,0.003934598354047251,0.0022716414188622388,3,0.015972285372389636,0.009221603259322678,3,0.05369313966135736,0.030999748637120843,3,0.09150268426028478,0.052829099389248756,3,0.19631266252888316,0.11334116855638286,3
matrix_BC_s_loss,"BC S-loss, fixed kappa_D",0.005,O26240-Na2880-Cl2208-F672-allSk.dat,0,main,26240,2880,2208,672,5760,0.82,0.09,0.069,0.021,0.18,0.2333333333333333,222,0.8753434878761595,1,0.7625952127291019,0.7625952127291019,0.0610331439159764,-0.0287156193549207,-0.0772711727227267,0.0806189154516371,0.1517075082175837,0.0757443705824604,0.1767660482026491,0.2128438272521022,-0.2290064565115601,0.7810499401643118,0.00524922910096585,0.0030306438344806508,3,0.0033095425766987495,0.0019107652975515507,3,0.00908381478663277,0.005244542912331133,3,0.009683888824761006,0.0055909958197781755,3,0.004043826014814303,0.0023347040382090496,3,0.005083278139559436,0.0029348320022403807,3,0.01754186321734052,0.010127799450619144,3,0.016046552607940044,0.009264481467759676,3,0.026293959010646156,0.015180824312857544,3,0.05553433247938499,0.032062761806239105,3
matrix_BC_s_loss,"BC S-loss, fixed kappa_D",0.01,O26240-Na2880-Cl2208-F672-allSk.dat,0,main,26240,2880,2208,672,5760,0.82,0.09,0.069,0.021,0.18,0.2333333333333333,461,0.7081390821007654,1,0.7625952127291019,0.7625952127291019,0.0653662387885508,-0.0258374051290823,-0.0880069806680094,0.1060376894910599,0.1712758679868761,0.0761779079969273,0.2164905482914554,0.2398267235161573,-0.2770196018695259,0.9503186851180762,0.0015618013025121326,0.000901706402426088,3,0.002488899995402963,0.001436967082331959,3,0.0023829487200261643,0.0013757960849721802,3,0.007284546885448265,0.004205735105238006,3,0.0025208408788799834,0.0014554081600055713,3,0.005048436874031539,0.002914716388208942,3,0.0074563031462156065,0.004304898628627034,3,0.0060765606749642355,0.0035083039414376955,3,0.014903456914730684,0.00860451486157575,3,0.04220434954698246,0.024366692571923386,3
matrix_BC_s_loss,"BC S-loss, fixed kappa_D",0.0025,O26176-Na2912-Cl2880-F32-allSk.dat,0,main,26176,2912,2880,32,5824,0.818,0.091,0.09,0.001,0.182,0.0109890109890109,86,0.9578514928230702,1,0.7669252045948599,0.7669252045948599,0.0580020521800319,-0.0533364623200566,-0.0540591990463683,0.0040531696927805,0.1368081470295721,0.1305936445787604,0.0661464508130707,0.1333551744080171,-0.0193342964990795,0.8144181663341926,0.004234828802102765,0.002444979548866012,3,0.004983024796401292,0.0028769507075808664,3,0.005965259390376052,0.003444044114819557,3,0.00907761443075281,0.005240963135194766,3,0.008296157709615325,0.0047897888868859975,3,0.009889935889972173,0.005709957148343575,3,0.01534242529391723,0.008857953373464837,3,0.011199977905050656,0.006466310258398857,3,0.012769634563705185,0.007372551952808338,3,0.030114471620896924,0.017386598296828187,3
matrix_BC_s_loss,"BC S-loss, fixed kappa_D",0.005,O26176-Na2912-Cl2880-F32-allSk.dat,0,main,26176,2912,2880,32,5824,0.818,0.091,0.09,0.001,0.182,0.0109890109890109,222,0.8150961805712622,1,0.7669252045948599,0.7669252045948599,0.057929930278659,-0.0516579819457824,-0.0534685861591398,0.0144618061538015,0.1312188587035603,0.1266579758786876,0.0501650700152162,0.1316736814798485,-0.0409261404995355,0.8668037277491866,0.0023305573693732785,0.0013455479245695285,3,0.004450736174357613,0.002569633728357373,3,0.004401320511228029,0.002541103581947324,3,0.008182392082518699,0.004724106271457233,3,0.008853849886322034,0.005111772615232564,3,0.008035315656869463,0.0046391916575171995,3,0.01787548760073505,0.0103204175781802,3,0.007508852296838342,0.004335237894884757,3,0.01885813344526285,0.010887748421036392,3,0.010345375547419966,0.005972905357170689,3
matrix_BC_s_loss,"BC S-loss, fixed kappa_D",0.01,O26176-Na2912-Cl2880-F32-allSk.dat,0,main,26176,2912,2880,32,5824,0.818,0.091,0.09,0.001,0.182,0.0109890109890109,461,0.6824666451673007,1,0.7669252045948599,0.7669252045948599,0.0567153005845966,-0.0517171723936289,-0.054137990397149,0.020247691470735,0.1330954285232991,0.128835950119956,0.0474043273049075,0.1348079728982347,-0.0498840896137732,0.9254504878799278,0.0016503903566531778,0.0009528533166816747,3,0.002747379587008696,0.0015862003441255534,3,0.002245328672093382,0.001296341113252299,3,0.008183522578670308,0.0047247589637146835,3,0.006706195890174464,0.0038718240024305894,3,0.005038842447630076,0.0029091770435433375,3,0.017584889716130595,0.010152640811277881,3,0.003675764896055408,0.002122203852215367,3,0.014689270465590782,0.008480854257508058,3,0.031463217964366325,0.01816529736129877,3
matrix_BC_s_loss,"BC S-loss, fixed kappa_D",0.0025,O25920-Na3040-Cl2880-F160-allSk.dat,0,main,25920,3040,2880,160,6080,0.81,0.095,0.09,0.005,0.19,0.0526315789473684,86,0.9117026145408876,1,0.7847483104534467,0.7847483104534467,0.0593558248675685,-0.0416821563662603,-0.0553347014632193,0.0530769484880641,0.1298820367536179,0.1043503487742804,0.1234216373654059,0.1331218933935595,-0.1099357362275595,1.004400272209586,0.002429465721413021,0.0014026526882447762,3,0.00544082598199203,0.0031412623453170086,3,0.0032022928062046966,0.0018488446136862837,3,0.0222686315178234,0.012856800401299925,3,0.018641554316708768,0.010762706402864837,3,0.008465740256069105,0.0048876974157309495,3,0.05317176070923173,0.030698730358761306,3,0.007492013017207576,0.004325515732256975,3,0.035430498807632334,0.020455808024109245,3,0.08191891437583362,0.04729590726660945,3
matrix_BC_s_loss,"BC S-loss, fixed kappa_D",0.005,O25920-Na3040-Cl2880-F160-allSk.dat,0,main,25920,3040,2880,160,6080,0.81,0.095,0.09,0.005,0.19,0.0526315789473684,222,0.7609125014459729,1,0.7847483104534467,0.7847483104534467,0.0598974708917352,-0.0442725218775874,-0.0591147276838955,0.0578231000395749,0.1332447842900852,0.1091951214657737,0.1175248843087331,0.1419038760777325,-0.126076658710364,1.0471770559937192,0.0011318276259854585,0.0006534609845389596,3,0.0013451929623425752,0.000776647518920476,3,0.0006811090148759002,0.0003932384730860818,3,0.007442201353538213,0.0042967569548286845,3,0.0026941373671326547,0.0015554609341478678,3,0.000425155555558872,0.00024546367444937966,3,0.010320174828327046,0.00595835571521862,3,0.001808808599725213,0.0010443161319638617,3,0.006711699651963148,0.003875001600780841,3,0.04606845973388505,0.02659763762850997,3
matrix_BC_s_loss,"BC S-loss, fixed kappa_D",0.01,O25920-Na3040-Cl2880-F160-allSk.dat,0,main,25920,3040,2880,160,6080,0.81,0.095,0.09,0.005,0.19,0.0526315789473684,461,0.6519267752835978,1,0.7847483104534467,0.7847483104534467,0.0597032820469881,-0.045304605300438,-0.0607544344817553,0.0602810394736114,0.1328371883078508,0.1117031977682781,0.1051073480449753,0.1456901289070499,-0.1312079178704409,1.014820359180943,0.00028718926387462384,0.00016580879880638455,3,0.0010700391457540456,0.0006177873888445355,3,0.0007488555819073401,0.00043235197179835666,3,0.0023607823825176756,0.0013629983440447062,3,0.0021799679099241934,0.001258605059619479,3,0.001738735319487623,0.0010038593047556892,3,0.004232332680751863,0.0024435384125321385,3,0.0017540450356336409,0.0010126983734938093,3,0.000437618902369304,0.0002526593910853862,3,0.016594728831996475,0.00958097115828201,3
matrix_BC_s_loss,"BC S-loss, fixed kappa_D",0.0025,O25920-Na3040-Cl2240-F800-allSk.dat,0,main,25920,3040,2240,800,6080,0.81,0.095,0.07,0.025,0.19,0.2631578947368421,86,0.9691574596660884,1,0.7847483104534467,0.7847483104534467,0.0686025370075186,-0.026064951916597,-0.0843506161838829,0.0903356323614651,0.1299936431570789,0.0615356120609729,0.1504354875574577,0.2235739435473389,-0.2541557719532392,0.7185367016890929,0.0568098984351355,0.032799210154160784,3,0.008288137626036635,0.004785158489472917,3,0.10372552521282781,0.059885959903461454,3,0.1763441693922436,0.10181235366863281,3,0.019215082575273823,0.01109383309733523,3,0.012195295365194255,0.007040957061941899,3,0.0320435042039096,0.018500325777906113,3,0.1849877858927164,0.10680274798195268,3,0.32725091431651215,0.18893840347318946,3,0.5108844821653458,0.29495929330296494,3
matrix_BC_s_loss,"BC S-loss, fixed kappa_D",0.005,O25920-Na3040-Cl2240-F800-allSk.dat,0,main,25920,3040,2240,800,6080,0.81,0.095,0.07,0.025,0.19,0.2631578947368421,210,0.8660036946108611,1,0.7847483104534467,0.7847483104534467,0.0689856179251792,-0.0212159001836593,-0.0910232228173213,0.1109535808490897,0.1600813528783714,0.0556418735207504,0.2189493422363022,0.2386025655555847,-0.2907924780243428,0.9133997269011992,0.0055400976801622615,0.003198576886978503,3,0.003985205140703718,0.0023008592607611724,3,0.005073197680732043,0.0029290120466228305,3,0.0154873433049715,0.008941621826157445,3,0.006798853392086768,0.0039253198361020964,3,0.0027510164104342823,0.001588300065109311,3,0.009879263642910138,0.005703795523629451,3,0.006323452814695862,0.003650847184772553,3,0.01577925415376284,0.009110156633286496,3,0.024593597777935544,0.01419912029743247,3
matrix_BC_s_loss,"BC S-loss, fixed kappa_D",0.01,O25920-Na3040-Cl2240-F800-allSk.dat,0,main,25920,3040,2240,800,6080,0.81,0.095,0.07,0.025,0.19,0.2631578947368421,455,0.6634399001947862,1,0.7847483104534467,0.7847483104534467,0.0699580142930856,-0.0219854020478327,-0.0980524211266203,0.1212156440534234,0.1694961228466082,0.0591177770948677,0.2314858084200181,0.2606173595600374,-0.3208544908362965,0.988141167315699,0.0009159681247628841,0.0005288344434009679,3,0.0013390436773700225,0.0007730972275862489,3,0.0018482829981171316,0.0010671066865015346,3,0.0016413073895713167,0.0009476092631919217,3,0.005127029167806659,0.0029600916701762376,3,0.004135059653950774,0.0023873778043236402,3,0.015886612813195634,0.009172140184209858,3,0.0061532056928035265,0.003552554963119254,3,0.005002311174130714,0.002888085702954641,3,0.03382859628289536,0.019530949170236813,3
matrix_BC_s_loss,"BC S-loss, fixed kappa_D",0.0025,O25792-Na3104-Cl3072-F32-allSk.dat,0,main,25792,3104,3072,32,6208,0.806,0.097,0.096,0.001,0.194,0.0103092783505154,86,0.9291112794778036,1,0.7931743612166272,0.7931743612166272,0.0606725036207658,-0.0528405679878445,-0.0545778563761569,0.0143323572275391,0.1259514745263073,0.1211373255502745,0.053579616921809,0.1254047038418464,-0.0356458491949243,0.8769545960406578,0.0016555568061064447,0.0009558361676642729,3,0.004846407310119829,0.0027980745651002533,3,0.0039338866136129705,0.002271230495330914,3,0.009425857401165142,0.005442021307905722,3,0.009893058656293838,0.005711760078320006,3,0.00908522459324366,0.005245356864557436,3,0.018915913533093128,0.010921107770299003,3,0.008217341425015724,0.004744284283755891,3,0.010103482703477369,0.005833248458605387,3,0.13238792592895055,0.07643420467253584,3
matrix_BC_s_loss,"BC S-loss, fixed kappa_D",0.005,O25792-Na3104-Cl3072-F32-allSk.dat,0,main,25792,3104,3072,32,6208,0.806,0.097,0.096,0.001,0.194,0.0103092783505154,222,0.7527335020398015,1,0.7931743612166272,0.7931743612166272,0.0597395518764771,-0.0515698615798188,-0.053812628229876,0.0193496899672004,0.1230191353460493,0.1187937044071212,0.0476621291133085,0.1241869494172864,-0.0467963326863697,0.9279260798283502,0.0016338797067074037,0.0009433208884909864,3,0.0035026693281390254,0.002022267079483312,3,0.003346176335771507,0.0019319158082136353,3,0.0022954306215136784,0.0013252674872370324,3,0.006336548070805217,0.0036584077344123957,3,0.0064716330883979835,0.0037363991056830652,3,0.0030838311294323164,0.0017804507327130955,3,0.0066826856395711415,0.003858250352916045,3,0.0032684049868857944,0.0018870144989992287,3,0.056283734950907084,0.03249542952490375,3
matrix_BC_s_loss,"BC S-loss, fixed kappa_D",0.01,O25792-Na3104-Cl3072-F32-allSk.dat,0,main,25792,3104,3072,32,6208,0.806,0.097,0.096,0.001,0.194,0.0103092783505154,461,0.6595185006928574,1,0.7931743612166272,0.7931743612166272,0.0577867170541461,-0.0506573810484531,-0.0531628113633665,0.0219697019707174,0.1227070128782637,0.1187578951732769,0.0449389367153368,0.1245369913955346,-0.0505787096795438,0.93816531972627,0.0010803765985091657,0.0006237557199754391,3,0.0018029474347805773,0.0010409321868053115,3,0.001864909915743207,0.0010767062418687429,3,0.0005378150965280181,0.0003105076907546958,3,0.0029771341000831043,0.0017188491740965947,3,0.002830429554049964,0.0016341492649530193,3,0.0023550570146844297,0.001359692801384972,3,0.003020968297769874,0.0017441568599307624,3,0.0020844538498705676,0.0012034599913361241,3,0.04329904872343186,0.02499871743612811,3
matrix_BC_s_loss,"BC S-loss, fixed kappa_D",0.0025,O25600-Na3200-Cl2880-F320-allSk.dat,0,main,25600,3200,2880,320,6400,0.8,0.1,0.09,0.01,0.2,0.1,86,0.9673659817510586,1,0.8059909930677207,0.8059909930677207,0.0479023937852136,-0.0407388875024046,-0.0498987154521107,0.0208684725073651,0.1203421082316211,0.0919430728916829,0.1047259417633718,0.1338918476724636,-0.1109260176047889,0.6639505588927723,0.016955267770131902,0.00978912841126784,3,0.006084878231069012,0.0035131060846937882,3,0.018344024869764615,0.01059092769657979,3,0.054729606808898455,0.0315981532237599,3,0.013097266855576347,0.0075617105447153676,3,0.01584410449868867,0.009147597997386465,3,0.013249708109700182,0.007649722543819368,3,0.02413224312478261,0.013932757064242735,3,0.06558126116330995,0.037863358786432155,3,0.17196789018491523,0.09928570769023282,3
matrix_BC_s_loss,"BC S-loss, fixed kappa_D",0.005,O25600-Na3200-Cl2880-F320-allSk.dat,0,main,25600,3200,2880,320,6400,0.8,0.1,0.09,0.01,0.2,0.1,222,0.8918111721088127,1,0.8059909930677207,0.8059909930677207,0.0623553059015583,-0.0411090421020523,-0.066573723003321,0.0697229635397216,0.1300961460806177,0.0947739116928792,0.1270784013461018,0.1568734811343822,-0.1709190196899839,0.9146142487366408,0.004781540562255841,0.0027606237307595243,3,0.0020924480697502384,0.001208075456335613,3,0.005294487142087675,0.0030567735767053315,3,0.009958634539607283,0.00574962033220337,3,0.006098991011743195,0.003521254102415042,3,0.00426664386144151,0.00246334798193952,3,0.014323092175115903,0.008269441122930989,3,0.007976682220654887,0.004605339627335201,3,0.010515450269527254,0.006071098043761683,3,0.05106977313140019,0.029485147264867017,3
matrix_BC_s_loss,"BC S-loss, fixed kappa_D",0.01,O25600-Na3200-Cl2880-F320-allSk.dat,0,main,25600,3200,2880,320,6400,0.8,0.1,0.09,0.01,0.2,0.1,461,0.7076925059072355,1,0.8059909930677207,0.8059909930677207,0.064047329647006,-0.0392282309029514,-0.0693573881295255,0.0840216061562463,0.132644993199711,0.0920529639246013,0.1433014069548285,0.1584096638432849,-0.1841319601588021,1.005554718360358,0.0020972591081653657,0.0012108531106596685,3,0.0019947984067357153,0.0011516973971079018,3,0.0029920323869491016,0.0017274507040291424,3,0.005333971289734847,0.0030795697599781493,3,0.003771563215152947,0.0021775130375342447,3,0.0030219531501564554,0.0017447254647212672,3,0.009352577428895212,0.005399713096189469,3,0.004899931608084028,0.0028289768329380696,3,0.007093638199161549,0.004095513923819733,3,0.047477061519872556,0.027410894248830843,3
matrix_BC_s_loss,"BC S-loss, fixed kappa_D",0.0025,O25600-Na3200-Cl2560-F640-allSk.dat,0,main,25600,3200,2560,640,6400,0.8,0.1,0.08,0.02,0.2,0.2,86,0.9326148684432578,1,0.8059909930677207,0.8059909930677207,0.0931493898537599,-0.0394430890790316,-0.1165650428161524,0.1449326572090106,0.087066572714245,0.0751835120308034,0.0443197510953735,0.2417277959818212,-0.315340148275593,0.7297822727463121,0.019159869673035144,0.011061955913364988,3,0.04029285092914358,0.02326308833035851,3,0.023104094536600825,0.01333915520008905,3,0.12150484098093411,0.07015085264818499,3,0.09284529768489683,0.05360425761136613,3,0.08141998854745978,0.047007852305292155,3,0.07675861916940897,0.04431660944008224,3,0.023238611871115096,0.013416818819381534,3,0.20521548377522456,0.11848121479950519,3,0.4066538401830743,0.23478170409669302,3
matrix_BC_s_loss,"BC S-loss, fixed kappa_D",0.005,O25600-Na3200-Cl2560-F640-allSk.dat,0,main,25600,3200,2560,640,6400,0.8,0.1,0.08,0.02,0.2,0.2,210,0.8690653482975049,1,0.8059909930677207,0.8059909930677207,0.0709651505775939,-0.0322337339414859,-0.089466745399472,0.1068566705371393,0.1331376992687296,0.0731336143812928,0.1514377171702177,0.2149663171663227,-0.2664009011358182,0.8714268322216304,0.0033792850725001067,0.0019510311462764207,3,0.0015150412206872811,0.0008747094565971811,3,0.00804145898215751,0.004642738508025972,3,0.014193984557975006,0.008194900805420261,3,0.009399350868736993,0.005426717754273046,3,0.00023277801548616126,0.00013439444990236208,3,0.02055311236637381,0.011866344957410548,3,0.01709018492978927,0.009867022869714321,3,0.034689069650689686,0.020027743700763368,3,0.024768620446890884,0.014300169682468122,3
matrix_BC_s_loss,"BC S-loss, fixed kappa_D",0.01,O25600-Na3200-Cl2560-F640-allSk.dat,0,main,25600,3200,2560,640,6400,0.8,0.1,0.08,0.02,0.2,0.2,455,0.6727064069978764,1,0.8059909930677207,0.8059909930677207,0.071156568744723,-0.0295744879201461,-0.0914341138840643,0.1167376623789355,0.1452951490466688,0.0711428256684057,0.1826041787325036,0.2213170653177684,-0.2835539363295647,0.9754232292805288,0.001940669687595698,0.0011204461665415232,3,0.0016457942935609068,0.0009501997784181396,3,0.003511231290369125,0.0020272103306816515,3,0.009680738415201732,0.005589176929971071,3,0.0028899768205208386,0.001668528895279485,3,0.004135620806373533,0.0023877017858259762,3,0.006328199282773255,0.0036535875593947356,3,0.004946951324738453,0.0028561236790057218,3,0.017315829777277875,0.00999729898315312,3,0.04033777816924081,0.02328902708452259,3
matrix_BC_s_loss,"BC S-loss, fixed kappa_D",0.0025,O25600-Na3200-Cl2240-F960-allSk.dat,0,main,25600,3200,2240,960,6400,0.8,0.1,0.07,0.03,0.2,0.3,86,0.9453200038855262,1,0.8059909930677207,0.8059909930677207,0.0431885290054623,-0.0280769576768522,-0.0471635432642147,0.02078222546443,0.1336831983767176,0.0613905352879053,0.1502954193976594,0.1531054350078076,-0.121789145095798,0.4604366303878102,0.021564424770113912,0.012450226445944701,3,0.022682498378407783,0.013095746544666984,3,0.03378325501531147,0.019504771377191855,3,0.09298681758150419,0.053685964161768074,3,0.05183046784708145,0.02992433456373672,3,0.02655989476117398,0.015334362390011928,3,0.1338372273772026,0.07727095925382108,3,0.05390610370517655,0.031122703485147566,3,0.1308111950321485,0.07552387866482757,3,0.44212362212063416,0.25526019224644053,3
matrix_BC_s_loss,"BC S-loss, fixed kappa_D",0.005,O25600-Na3200-Cl2240-F960-allSk.dat,0,main,25600,3200,2240,960,6400,0.8,0.1,0.07,0.03,0.2,0.3,210,0.9316470824559606,1,0.8059909930677207,0.8059909930677207,0.0607170295432975,-0.0229198627658453,-0.0825306791230854,0.0842219419066294,0.151263066622021,0.0520501997903702,0.1966593188619767,0.226522661114852,-0.2509888519010916,0.7424409544232908,0.004839152892953754,0.002793886225396606,3,0.007317023136793865,0.004224485277694658,3,0.005720103381125687,0.003302503226885404,3,0.021939868879908103,0.012666989203800038,3,0.011139665542869012,0.006431488899857823,3,0.009578839253614128,0.005530345421598271,3,0.03312500362267547,0.01912472975845901,3,0.005525096139643282,0.0031899157435216112,3,0.025927886170302516,0.014969472059942134,3,0.09826628271618915,0.056734064778455676,3
matrix_BC_s_loss,"BC S-loss, fixed kappa_D",0.01,O25600-Na3200-Cl2240-F960-allSk.dat,0,main,25600,3200,2240,960,6400,0.8,0.1,0.07,0.03,0.2,0.3,449,0.7858608055468607,1,0.8059909930677207,0.8059909930677207,0.0693292016614395,-0.020773871053024,-0.0974918875549122,0.11099359218002,0.1614358959946713,0.0474375667314948,0.2222781926472665,0.2592941339790576,-0.309469580832363,0.8785451936648089,0.0009089835795326937,0.0005248019143321503,3,0.003043839066282714,0.0017573613042882242,3,0.0022959719392222377,0.0013255800171617861,3,0.00807082357813387,0.0046596921654175685,3,0.004189308006881644,0.0024186981054913717,3,0.00635666679154515,0.0036700232832473476,3,0.007846890130284124,0.004530404129020957,3,0.008337154850788434,0.004813458597378297,3,0.02293272189789497,0.013240213161000488,3,0.0419727523388262,0.0242329798614508,3
matrix_BC_s_loss,"BC S-loss, fixed kappa_D",0.0025,O25600-Na3200-Cl1920-F1280-allSk.dat,0,main,25600,3200,1920,1280,6400,0.8,0.1,0.06,0.04,0.2,0.4,86,0.9846778802469436,1,0.8059909930677207,0.8059909930677207,0.0396452616568388,-0.0207350426199845,-0.0378333894606883,0.0135512686794305,0.1898704623237669,0.0497029260513426,0.2393381568916078,0.1463278667891048,-0.1006270780430471,0.5016693511384461,0.004407110237360012,0.0025444462818881588,3,0.018338649308707343,0.01058782411495633,3,0.009916737830675941,0.0057254312560237,3,0.041058878625766966,0.02370535462721073,3,0.015232546484930288,0.00879451481351799,3,0.03464904086804269,0.020004633072326795,3,0.06610439561217032,0.038165390601304056,3,0.01818328010882349,0.010498121665579611,3,0.07628403026969884,0.04404260541108018,3,0.19794791722138783,0.11428528329329403,3
matrix_BC_s_loss,"BC S-loss, fixed kappa_D",0.005,O25600-Na3200-Cl1920-F1280-allSk.dat,0,main,25600,3200,1920,1280,6400,0.8,0.1,0.06,0.04,0.2,0.4,210,0.977429033263934,1,0.8059909930677207,0.8059909930677207,0.0593524779749062,-0.0240726858125038,-0.0917403069852266,0.0742962121974797,0.1744533004370138,0.0404856336438211,0.226250315186997,0.2796375030405197,-0.278471190282818,0.6987893207901402,0.005833058575511619,0.003367717938770488,3,0.00020630742529308723,0.00011911164752878252,3,0.009120949324044976,0.005265982547502303,3,0.011440380165009267,0.006605106567899755,3,0.007212288819935178,0.004164016891662904,3,0.001810986900214368,0.0010455737743376515,3,0.009899005932278115,0.005715193739710472,3,0.015496729117616568,0.008947040727614639,3,0.016146521548816854,0.009322198562685504,3,0.03302199211779231,0.019065256038385093,3
matrix_BC_s_loss,"BC S-loss, fixed kappa_D",0.01,O25600-Na3200-Cl1920-F1280-allSk.dat,0,main,25600,3200,1920,1280,6400,0.8,0.1,0.06,0.04,0.2,0.4,449,0.8675909239709707,1,0.8059909930677207,0.8059909930677207,0.073624764183733,-0.0090019289491244,-0.1210463485726293,0.1340175952078867,0.1851431874967294,0.0134732326812182,0.2762358102492489,0.3447164454164027,-0.4008866472490442,0.9277510310724916,0.001242776927385997,0.0007175175935689613,3,0.002804138524382358,0.0016189701318971546,3,0.004824117171139973,0.0027852053473599596,3,0.0074859038704220065,0.0043219886147158075,3,0.002803462652777573,0.0016185799172441942,3,0.012179638694547992,0.0070319176789296655,3,0.01728215592722404,0.009977857376759887,3,0.014689720461323696,0.00848111406266559,3,0.033157028366435644,0.019143219252889677,3,0.06408873844788898,0.037001650394912225,3
matrix_BC_s_loss,"BC S-loss, fixed kappa_D",0.0025,O25280-Na3360-Cl2880-F480-allSk.dat,0,main,25280,3360,2880,480,6720,0.79,0.105,0.09,0.015,0.21,0.1428571428571428,86,0.9782658514184188,1,0.8268737547161753,0.8268737547161753,0.0635454054901972,-0.0363855430424409,-0.0721410799805412,0.0804417372373016,0.1345854330020117,0.0812209636934832,0.1571296683491159,0.1678391138609701,-0.1962297166623014,0.8963887042353742,0.009816912284732002,0.005667796950200966,3,0.004027561649289551,0.0023253138023951354,3,0.009046815986838508,0.005223181645310223,3,0.03241290991996609,0.018713602267511516,3,0.007643849590832462,0.004413178618912133,3,0.008227741651524671,0.004750288857330465,3,0.030238812992474783,0.01745838682118007,3,0.008662709179770729,0.005001417476852073,3,0.04297002582111485,0.02480875597490583,3,0.174318562353418,0.10064286889949445,3
matrix_BC_s_loss,"BC S-loss, fixed kappa_D",0.005,O25280-Na3360-Cl2880-F480-allSk.dat,0,main,25280,3360,2880,480,6720,0.79,0.105,0.09,0.015,0.21,0.1428571428571428,222,0.8584544682003418,1,0.8268737547161753,0.8268737547161753,0.0670733036420969,-0.0342139608768138,-0.0741904351752573,0.0912070781278702,0.1278729369223049,0.073812241969671,0.1575176609153286,0.1682222553650099,-0.2167698530605703,0.9477280894990422,0.0018947663323555157,0.001093943852036897,3,0.001001713578396438,0.0005783396041380868,3,0.0035329139050033673,0.0020397287940774663,3,0.00904792971691081,0.005223824657667271,3,0.006079435962633386,0.0035099639895474774,3,0.00046558853841025964,0.0002688076679827678,3,0.015843001350228772,0.009146961094326186,3,0.006637094210122735,0.003831928128851268,3,0.017350632854920736,0.010017392549398853,3,0.06753934911116069,0.038993861390220735,3
matrix_BC_s_loss,"BC S-loss, fixed kappa_D",0.01,O25280-Na3360-Cl2880-F480-allSk.dat,0,main,25280,3360,2880,480,6720,0.79,0.105,0.09,0.015,0.21,0.1428571428571428,461,0.6786341242322436,1,0.8268737547161753,0.8268737547161753,0.066809688300641,-0.0335838272878072,-0.076514400231926,0.0985667834660268,0.13375879174436,0.0753406637152535,0.1693463156390659,0.1750012373098876,-0.2293310759638263,1.009792354900839,0.0014103917951718377,0.0008142900826053,3,0.0011005911580948967,0.0006354266013938106,3,0.002040757972975164,0.0011782321650480859,3,0.006184602791817301,0.00357068208668663,3,0.0010318940797881095,0.0005957643247408462,3,0.0021826094643482234,0.0012601301617772716,3,0.007933127928203705,0.0045801935448641475,3,0.003254059271355167,0.0018787319962759034,3,0.01049540812575783,0.006059526706661269,3,0.043766188776575954,0.025268420871560105,3
matrix_BC_s_loss,"BC S-loss, fixed kappa_D",0.0025,O24960-Na3520-Cl2880-F640-allSk.dat,0,main,24960,3520,2880,640,7040,0.78,0.11,0.09,0.02,0.22,0.1818181818181818,86,0.9373464835824216,1,0.8473113211912621,0.8473113211912621,0.0675391822305529,-0.0679703877475019,-0.0879273745546283,0.0271174394524254,0.1018121273282012,0.0896230915038517,0.0486513160208443,0.1870670737449501,-0.1866444087284536,0.5100300309474886,0.00569821820091698,0.0032898678122006437,3,0.04151669903299201,0.023969677362562614,3,0.01696507262852073,0.009794789248897996,3,0.06574628999194931,0.03795863822507114,3,0.02175944280755878,0.012562820162360329,3,0.04719574366215978,0.027248475307952522,3,0.09027781769884129,0.05212192235027798,3,0.03764343563443977,0.02173344769676615,3,0.07262281122394348,0.041928799609451145,3,0.28920674743193203,0.16697359348128207,3
matrix_BC_s_loss,"BC S-loss, fixed kappa_D",0.005,O24960-Na3520-Cl2880-F640-allSk.dat,0,main,24960,3520,2880,640,7040,0.78,0.11,0.09,0.02,0.22,0.1818181818181818,210,0.8589830052342884,1,0.8473113211912621,0.8473113211912621,0.0686502780368904,-0.0343612707111412,-0.0798063200964452,0.0887104475296739,0.1375436334676409,0.0668103153767157,0.1808423318717374,0.1811086760507042,-0.2275054408206512,0.90672478161056,0.006467349786611374,0.0037339261402435458,3,0.006752267164905989,0.003898423265298744,3,0.008565248063734515,0.004945148275273044,3,0.02892459530120832,0.01669962288335361,3,0.00411519702676428,0.0023759101111707048,3,0.007391293190954811,0.004267365113457208,3,0.020821955782380174,0.012021561776011679,3,0.013769684099864515,0.007949930821712888,3,0.03197285245923672,0.01845953497410051,3,0.11020824234948719,0.06362875838739195,3
matrix_BC_s_loss,"BC S-loss, fixed kappa_D",0.01,O24960-Na3520-Cl2880-F640-allSk.dat,0,main,24960,3520,2880,640,7040,0.78,0.11,0.09,0.02,0.22,0.1818181818181818,455,0.6891505477130171,1,0.8473113211912621,0.8473113211912621,0.069765836309054,-0.0295187785393725,-0.0857625004962322,0.1127020649812961,0.135521776861243,0.059246502602509,0.1921459277391625,0.1966838288838467,-0.2782840426998936,1.0409517448941354,0.0015864767055446143,0.0009159527530092538,3,0.001706829063010194,0.0009854382189896124,3,0.0027554514192721113,0.00159086061865569,3,0.006875526785122423,0.003969587240210913,3,0.00157769898627467,0.0009108849344258805,3,0.001905120428058589,0.0010999217919782814,3,0.002422901347124233,0.0013988627449820828,3,0.005852192504591147,0.003378764917875209,3,0.01652781322537162,0.009542337414784162,3,0.03610266652578041,0.020843884237122613,3
matrix_BC_s_loss,"BC S-loss, fixed kappa_D",0.0025,O24896-Na3552-Cl3104-F448-allSk.dat,0,main,24896,3552,3104,448,7104,0.778,0.111,0.097,0.014,0.222,0.1261261261261261,86,0.9875805682484992,1,0.8513146044397684,0.8513146044397684,0.0664527823198965,-0.0376227096601892,-0.069879899499901,0.0780021581308131,0.1132102833352278,0.0737438160578897,0.1246645377033104,0.1509772655739119,-0.1897593056091252,0.8505147567124499,0.00819720272424191,0.004732657199443001,3,0.0029070588160937916,0.0016783911900218255,3,0.009751856155802735,0.005630236776651218,3,0.02654699321072901,0.015326913676389562,3,0.02163211209442751,0.012489305740857883,3,0.006932241069105869,0.004002331247335652,3,0.07153205140831616,0.04129904913627749,3,0.017701328764819016,0.010219866927382325,3,0.04093238020900709,0.023632320732242352,3,0.28702452810654344,0.16571368856633817,3
matrix_BC_s_loss,"BC S-loss, fixed kappa_D",0.005,O24896-Na3552-Cl3104-F448-allSk.dat,0,main,24896,3552,3104,448,7104,0.778,0.111,0.097,0.014,0.222,0.1261261261261261,222,0.8807181124006966,1,0.8513146044397684,0.8513146044397684,0.0678599125728457,-0.0331080146820246,-0.07063588332765,0.0927044236306145,0.1179994875968008,0.0683468930541783,0.1523557222165323,0.1504645969274053,-0.2036063541609696,0.9649352661136252,0.0034811430982697447,0.002009838904873645,3,0.0034757808961885473,0.0020067430360586167,3,0.003419637932118314,0.001974328880639564,3,0.016598839646271072,0.009583344538010036,3,0.0030410556140421084,0.001755754277387834,3,0.003279018077070851,0.001893141969474505,3,0.012544030891924877,0.00724229961217581,3,0.0038960127353961566,0.0022493640015471814,3,0.0187177205180515,0.010806680979713216,3,0.0735894365360739,0.04248688099361515,3
matrix_BC_s_loss,"BC S-loss, fixed kappa_D",0.01,O24896-Na3552-Cl3104-F448-allSk.dat,0,main,24896,3552,3104,448,7104,0.778,0.111,0.097,0.014,0.222,0.1261261261261261,461,0.6997064128565628,1,0.8513146044397684,0.8513146044397684,0.0669467734628502,-0.0343543472960627,-0.0732373480881108,0.096042657554415,0.1193881991014986,0.0725593486952052,0.1451779156317599,0.1596856732398625,-0.216016922659821,0.9773915213729326,0.0015029065240509062,0.0008677034862276356,3,0.001431424258382086,0.0008264331809014579,3,0.0014783789210746003,0.0008535424680466891,3,0.00652636507964393,0.0037679986355621965,3,0.0006364410963942962,0.0003674494383265875,3,0.0024933526151622054,0.0014395378035485568,3,0.004824845852027188,0.002785626051466346,3,0.0021965304757996917,0.0012681674614861689,3,0.00918710058497024,0.005304174995804737,3,0.03620148058916453,0.020900934563217156,3
matrix_BC_s_loss,"BC S-loss, fixed kappa_D",0.0025,O24640-Na3680-Cl2880-F800-allSk.dat,0,main,24640,3680,2880,800,7360,0.77,0.115,0.09,0.025,0.23,0.217391304347826,86,0.9709978930812516,1,0.867092949675143,0.867092949675143,0.0779344570069549,-0.0343856879512983,-0.0947679230654275,0.1060604071029699,0.0398531138909121,0.0651981853723558,-0.0382294523006743,0.2060746765463741,-0.2511646784804044,0.3945584304695977,0.01560873194013614,0.00901170558734631,3,0.005774796264182493,0.003334080177641008,3,0.027235934758184584,0.015724674264268955,3,0.06076256138039888,0.03508128116962445,3,0.01641512134422817,0.009477274726870507,3,0.008461694345145324,0.004885361507969988,3,0.01924498005298969,0.011111094414142576,3,0.049604607183178294,0.028639233310253632,3,0.1119854149197178,0.06465480944921101,3,0.17120746965510406,0.09884667869264901,3
matrix_BC_s_loss,"BC S-loss, fixed kappa_D",0.005,O24640-Na3680-Cl2880-F800-allSk.dat,0,main,24640,3680,2880,800,7360,0.77,0.115,0.09,0.025,0.23,0.217391304347826,210,0.939603320168777,1,0.867092949675143,0.867092949675143,0.0739373204656294,-0.0232594169564121,-0.0915449933178679,0.123808520619557,0.117555566796117,0.0421712950655609,0.1721141953557119,0.2053831474434028,-0.2992397718989845,0.9369113713179364,0.004771067249439027,0.00275457696078543,3,0.006162250318847201,0.0035577768804002886,3,0.009770297348353985,0.0056408838041348604,3,0.0270186550789979,0.015599227783001088,3,0.007441713119488099,0.004296475072768424,3,0.011591868055820005,0.006692568142438304,3,0.03433653171742023,0.019824205830090695,3,0.01757175629218069,0.010145058225425023,3,0.047402919315978835,0.02736808822745449,3,0.16094699307817129,0.09292278977894303,3
matrix_BC_s_loss,"BC S-loss, fixed kappa_D",0.01,O24640-Na3680-Cl2880-F800-allSk.dat,0,main,24640,3680,2880,800,7360,0.77,0.115,0.09,0.025,0.23,0.217391304347826,455,0.7448882404444181,1,0.867092949675143,0.867092949675143,0.0752131430490049,-0.0230536295938975,-0.0956703795762791,0.1320772554238266,0.1311358458724436,0.0438355213132813,0.1980830017975484,0.2139948850396035,-0.3120100274990053,1.0168381125210195,0.002748567543693796,0.0015868862112374817,3,0.0031290583561084354,0.0018065626842092531,3,0.004699262218269123,0.0027131203067103163,3,0.01174413797249536,0.006780481219820302,3,0.002362962323665794,0.0013642569336533897,3,0.005085163105594382,0.00293592028788807,3,0.012159164500715957,0.007020096897609299,3,0.008077054637279443,0.004663289669092602,3,0.015563948457430496,0.008985849831550957,3,0.051447683086436505,0.029703333679136676,3
matrix_BC_s_loss,"BC S-loss, fixed kappa_D",0.0025,O24320-Na3840-Cl2880-F960-allSk.dat,0,main,24320,3840,2880,960,7680,0.76,0.12,0.09,0.03,0.24,0.25,86,0.9594483108527372,1,0.8860906032372917,0.8860906032372917,0.0540854974819804,-0.0624779950657422,-0.0578458732760138,-0.0247639986092378,0.0852386701890091,0.0942128168579062,0.0072959548559428,0.1400730786416492,-0.0541880552641136,0.1084483745926808,0.008147333601882375,0.004703865248224473,3,0.012289692556163025,0.0070954573055584625,3,0.012523993970471404,0.0072307312901809155,3,0.014457789457490738,0.008347208635169212,3,0.03331111118794873,0.019232179011367756,3,0.02036019446735508,0.011754963756480585,3,0.05655647947749634,0.03265289865075006,3,0.025909654272286496,0.014958945868714747,3,0.004341800059196882,0.0025067394329448527,3,0.11561049811038109,0.06674775220517525,3
matrix_BC_s_loss,"BC S-loss, fixed kappa_D",0.005,O24320-Na3840-Cl2880-F960-allSk.dat,0,main,24320,3840,2880,960,7680,0.76,0.12,0.09,0.03,0.24,0.25,210,0.955189371069112,1,0.8860906032372917,0.8860906032372917,0.055326851039132,-0.0395981642159027,-0.0672856050413846,0.0373457581178853,0.1104070206557132,0.0551123189064915,0.1253567048424442,0.1719441373110696,-0.1875913440733885,0.5756311486801327,0.004857040176063647,0.002804213453115174,3,0.004194371187439731,0.002421621334149539,3,0.009574086585938061,0.005527601467636125,3,0.02116688378061176,0.012220706048641724,3,0.009932882712986146,0.005734752508171532,3,0.008671714317947707,0.005006616595802641,3,0.030386411104785394,0.01754360263105448,3,0.014308753618327796,0.008261162753309586,3,0.038713818516274666,0.0223514335417295,3,0.1094409244229912,0.06318574717597547,3
matrix_BC_s_loss,"BC S-loss, fixed kappa_D",0.01,O24320-Na3840-Cl2880-F960-allSk.dat,0,main,24320,3840,2880,960,7680,0.76,0.12,0.09,0.03,0.24,0.25,449,0.8459779343983871,1,0.8860906032372917,0.8860906032372917,0.0708089254669436,-0.0246788008905862,-0.0928577498554513,0.1114767388449906,0.1302353076572694,0.0360046994397448,0.1981086465736541,0.2164308988586151,-0.3028599142714328,0.9207860522413844,0.00038871835813344513,0.00022442664870729392,3,0.0016331012397967223,0.0009428714404105492,3,0.002642372469043816,0.0015255744563017033,3,0.003163863432134546,0.0018266574042220935,3,0.0011133175935584814,0.0006427742123345356,3,0.0021192962138776848,0.001223576239574836,3,0.0016281279954073844,0.0009400001364236192,3,0.006979425383463939,0.0040295731239318126,3,0.008015441211792663,0.004627717141302114,3,0.011610634715941216,0.006703403078711075,3
matrix_BC_s_loss,"BC S-loss, fixed kappa_D",0.0025,O24320-Na3840-Cl2560-F1280-allSk.dat,0,main,24320,3840,2560,1280,7680,0.76,0.12,0.08,0.04,0.24,0.3333333333333333,83,0.98079198361473,1,0.8860906032372917,0.8860906032372917,0.0720587241611422,-0.0450307684437747,-0.0936854473078095,0.054495651331207,0.0611326181532685,0.0729339053743834,0.0027406825038795,0.2174008628444049,-0.1811260190033188,0.2608978739172753,0.01944639660206813,0.011227382312972259,3,0.032620698024899,0.018833568785828935,3,0.03965487205576496,0.022894751056076072,3,0.1125651727720493,0.0649895328013194,3,0.013093367187474163,0.007559459070286822,3,0.053969110826662885,0.031159080663698564,3,0.07225442296254266,0.041716110547565084,3,0.08031182508106227,0.04636805382966144,3,0.2066427270530427,0.11930523409015258,3,0.41137488607426576,0.23750740121282898,3
matrix_BC_s_loss,"BC S-loss, fixed kappa_D",0.005,O24320-Na3840-Cl2560-F1280-allSk.dat,0,main,24320,3840,2560,1280,7680,0.76,0.12,0.08,0.04,0.24,0.3333333333333333,207,0.96430661190123,1,0.8860906032372917,0.8860906032372917,0.0768396852116634,-0.0222410907546094,-0.1134870530506701,0.1219722303752785,0.1304324980058678,0.0128392043275787,0.2077583366141481,0.2817320146234099,-0.3761910818109971,0.8918625246526206,0.004426958372610124,0.002555905608117723,3,0.010604196977559767,0.006122335979533948,3,0.01635829857933012,0.009444468088260518,3,0.03864278904202656,0.022310424655651955,3,0.014998396215264375,0.008659328092295552,3,0.024140048841100745,0.01393726369666023,3,0.04359387976257766,0.025168938215944393,3,0.041247941338897386,0.023814510035530298,3,0.0984714117671845,0.05685249609126646,3,0.19723360707790435,0.11387287613966897,3
matrix_BC_s_loss,"BC S-loss, fixed kappa_D",0.01,O24320-Na3840-Cl2560-F1280-allSk.dat,0,main,24320,3840,2560,1280,7680,0.76,0.12,0.08,0.04,0.24,0.3333333333333333,446,0.824909380134776,1,0.8860906032372917,0.8860906032372917,0.0835287812888544,-0.0106286634562942,-0.1238782623223284,0.1567809335365966,0.1530733787490623,-0.0005106902282883,0.2658530943266269,0.2987242132164926,-0.4233443751623204,1.0591704236320365,0.00521522499816423,0.003011011556574584,3,0.008012698426811706,0.00462613359365503,3,0.010140719806054908,0.005854747309802371,3,0.02814577867783591,0.016249972896200192,3,0.008695594438861405,0.005020403790040445,3,0.011851723241126638,0.006842595603625408,3,0.03177571844794905,0.01834571959961714,3,0.021340513490298956,0.012320951208268944,3,0.050665370615544984,0.029251665363477054,3,0.12653070829172583,0.07305253849298192,3
