algorithm,method,kcut,file,split,source,n_O,n_Na,n_Cl,n_F,n_X,x_O,x_Na,x_Cl,x_F,x_X,x_F_anion,n_fit_points,fit_rmse_scaled,fit_success,kappa_D_input,kappa_D_fit,S0_OO,S0_ONa,S0_OCl,S0_OF,S0_NaNa,S0_NaCl,S0_NaF,S0_ClCl,S0_ClF,S0_FF
matrix_BC_s_loss,"BC S-loss, fixed kappa_D",0.0025,O31872-Na64-Cl32-F32-3-allSk.dat,3,main,31872,64,32,32,128,0.996,0.002,0.001,0.001,0.004,0.5,89,0.9551093302926696,1,0.10907651350818841,0.10907651350818841,0.062364702930065394,0.006784303505129909,-0.021423746981289623,0.031018201009499674,0.5181878818353264,0.3653040862866321,0.3675242440622737,0.7479516818762166,-0.2313336886593503,0.7510914591131371
matrix_BC_s_loss,"BC S-loss, fixed kappa_D",0.005,O31872-Na64-Cl32-F32-3-allSk.dat,3,main,31872,64,32,32,128,0.996,0.002,0.001,0.001,0.004,0.5,229,0.9365454623597105,1,0.10907651350818841,0.10907651350818841,0.06211162065398949,0.005255409002370228,-0.02397005109916457,0.03140232178613422,0.5243742549623253,0.3609650491279433,0.38061213399906474,0.7444963922173062,-0.23401472419789857,0.7722815661031417
matrix_BC_s_loss,"BC S-loss, fixed kappa_D",0.01,O31872-Na64-Cl32-F32-3-allSk.dat,3,main,31872,64,32,32,128,0.996,0.002,0.001,0.001,0.004,0.5,467,0.8965519825626801,1,0.10907651350818841,0.10907651350818841,0.06138989330025543,0.0035625366970251267,-0.024742133212855698,0.029780320926240476,0.5349618696726649,0.36594466351679933,0.3906056679267513,0.7460816907093786,-0.22855778448586206,0.7809576176076752
matrix_BC_s_loss,"BC S-loss, fixed kappa_D",0.0025,O31616-Na192-Cl160-F32-3-allSk.dat,3,main,31616,192,160,32,384,0.988,0.006,0.005,0.001,0.012,0.16666666666666666,89,0.863662325723073,1,0.1895983020700457,0.1895983020700457,0.0613236779083601,-0.015519128893955111,-0.034370352477060315,0.03884049750666205,0.4645359964295821,0.4290029586349942,0.17859638035144687,0.5593007890374453,-0.19979623735694252,0.8842279701478787
matrix_BC_s_loss,"BC S-loss, fixed kappa_D",0.005,O31616-Na192-Cl160-F32-3-allSk.dat,3,main,31616,192,160,32,384,0.988,0.006,0.005,0.001,0.012,0.16666666666666666,229,0.8446998407227931,1,0.1895983020700457,0.1895983020700457,0.06184575598587292,-0.01602827225032366,-0.034931113281744336,0.03884725535602217,0.46656289618447,0.420771738112264,0.20196681913731065,0.5459659765237783,-0.19014098035018245,0.9198838092308474
matrix_BC_s_loss,"BC S-loss, fixed kappa_D",0.01,O31616-Na192-Cl160-F32-3-allSk.dat,3,main,31616,192,160,32,384,0.988,0.006,0.005,0.001,0.012,0.16666666666666666,467,0.8226801488588378,1,0.1895983020700457,0.1895983020700457,0.06148315054720042,-0.016976447345031273,-0.03511475759631273,0.03693535135822963,0.4840438113328266,0.43156244634663293,0.22065738435025795,0.5505146374820773,-0.17388036632208576,0.9293063186840709
matrix_BC_s_loss,"BC S-loss, fixed kappa_D",0.0025,O31616-Na192-Cl32-F160-3-allSk.dat,3,main,31616,192,32,160,384,0.988,0.006,0.001,0.005,0.012,0.8333333333333334,89,0.968375359622205,1,0.1895983020700457,0.1895983020700457,0.062414264041236865,0.02874662676170892,-0.028502632510348375,0.0442371166253062,0.5263844504040341,0.17804122926199648,0.49700281652700784,0.820299871169166,-0.17181485990822634,0.6212772487707667
matrix_BC_s_loss,"BC S-loss, fixed kappa_D",0.005,O31616-Na192-Cl32-F160-3-allSk.dat,3,main,31616,192,32,160,384,0.988,0.006,0.001,0.005,0.012,0.8333333333333334,229,0.9298569927521778,1,0.1895983020700457,0.1895983020700457,0.06206868323583571,0.028480472694178974,-0.031544662969904366,0.04530599683162881,0.5375830001511583,0.18927849366356073,0.5042447557260882,0.8716870437838622,-0.1824860957410485,0.6339827174348254
matrix_BC_s_loss,"BC S-loss, fixed kappa_D",0.01,O31616-Na192-Cl32-F160-3-allSk.dat,3,main,31616,192,32,160,384,0.988,0.006,0.001,0.005,0.012,0.8333333333333334,467,0.8634986919468086,1,0.1895983020700457,0.1895983020700457,0.061045297412393486,0.02648726865322956,-0.032855217526333344,0.04370864901703139,0.5572474259257709,0.19850484872482888,0.5216599034600619,0.8857374349628279,-0.1786626561171577,0.6513501617658128
matrix_BC_s_loss,"BC S-loss, fixed kappa_D",0.0025,O31360-Na320-Cl160-F160-3-allSk.dat,3,main,31360,320,160,160,640,0.98,0.01,0.005,0.005,0.02,0.5,86,0.9191873510101981,1,0.24452703161864242,0.24452703161864242,0.06278004901175062,0.0017822144874243134,-0.0498027988858894,0.05232323078506269,0.46872968234557866,0.32593128189520937,0.33695259196474076,0.6391729984219799,-0.1782365591641264,0.6547594845974303
matrix_BC_s_loss,"BC S-loss, fixed kappa_D",0.005,O31360-Na320-Cl160-F160-3-allSk.dat,3,main,31360,320,160,160,640,0.98,0.01,0.005,0.005,0.02,0.5,228,0.861981917947366,1,0.24452703161864242,0.24452703161864242,0.06346953641694177,0.0027834717422117045,-0.05608128172115663,0.06001770520947468,0.5063021332486344,0.34591759632700647,0.3701017471716421,0.7112301135532084,-0.2220287573640542,0.7454316676721688
matrix_BC_s_loss,"BC S-loss, fixed kappa_D",0.01,O31360-Na320-Cl160-F160-3-allSk.dat,3,main,31360,320,160,160,640,0.98,0.01,0.005,0.005,0.02,0.5,467,0.8061058819537853,1,0.24452703161864242,0.24452703161864242,0.06279603622956473,0.003799516656205648,-0.054877633005983875,0.060250960991652384,0.521620171089067,0.33628008317252717,0.40140223718900553,0.7061865197720978,-0.23061466539355735,0.798283153193151
matrix_BC_s_loss,"BC S-loss, fixed kappa_D",0.0025,O31296-Na352-Cl320-F32-3-allSk.dat,3,main,31296,352,320,32,704,0.978,0.011,0.01,0.001,0.022,0.09090909090909091,89,0.905980350585783,1,0.2551535003183825,0.2551535003183825,0.06053110599783429,-0.02421237190703506,-0.03751344624814264,0.038324580126251694,0.4032100588013078,0.39144884862449036,0.09942652763721638,0.4708657807026802,-0.19071938374976588,0.9328681329735131
matrix_BC_s_loss,"BC S-loss, fixed kappa_D",0.005,O31296-Na352-Cl320-F32-3-allSk.dat,3,main,31296,352,320,32,704,0.978,0.011,0.01,0.001,0.022,0.09090909090909091,229,0.8760630691437834,1,0.2551535003183825,0.2551535003183825,0.06124744682282403,-0.02601590995829689,-0.03938928176480366,0.03827483386357503,0.42647411202637764,0.405184852365649,0.13314760551697563,0.47154027534101983,-0.14729515254814957,0.9073888195881696
matrix_BC_s_loss,"BC S-loss, fixed kappa_D",0.01,O31296-Na352-Cl320-F32-3-allSk.dat,3,main,31296,352,320,32,704,0.978,0.011,0.01,0.001,0.022,0.09090909090909091,467,0.8583355466084983,1,0.2551535003183825,0.2551535003183825,0.06083952842307559,-0.02935324067340346,-0.04158346860356425,0.034144788102686105,0.4512629726024646,0.4244344181287256,0.15449048324776934,0.4866494250983512,-0.13123089227650037,0.9273754855834776
matrix_BC_s_loss,"BC S-loss, fixed kappa_D",0.0025,O31296-Na352-Cl32-F320-3-allSk.dat,3,main,31296,352,32,320,704,0.978,0.011,0.001,0.01,0.022,0.9090909090909091,86,0.9465548107859881,1,0.2551535003183825,0.2551535003183825,0.06164219814601085,0.05172342610263593,-0.02911263139464023,0.06345420934291829,0.6697018258976438,0.157276158799162,0.6526541122923868,0.8539618739516419,-0.10509382870850534,0.7177429944415378
matrix_BC_s_loss,"BC S-loss, fixed kappa_D",0.005,O31296-Na352-Cl32-F320-3-allSk.dat,3,main,31296,352,32,320,704,0.978,0.011,0.001,0.01,0.022,0.9090909090909091,228,0.8983964191046035,1,0.2551535003183825,0.2551535003183825,0.061636693644359,0.050420847103043134,-0.03329050808699366,0.06340921357582147,0.6551301030185703,0.13395535306531842,0.6447458467026568,0.9091544329226706,-0.1470063157327786,0.7227026276572452
matrix_BC_s_loss,"BC S-loss, fixed kappa_D",0.01,O31296-Na352-Cl32-F320-3-allSk.dat,3,main,31296,352,32,320,704,0.978,0.011,0.001,0.01,0.022,0.9090909090909091,467,0.8309512203789295,1,0.2551535003183825,0.2551535003183825,0.06043239514265785,0.04435526524956334,-0.03533840456331034,0.05769517938633093,0.6283226292067551,0.13845589426381463,0.6152067348826685,0.9294201466738626,-0.1486946896885177,0.6922556565375781
matrix_BC_s_loss,"BC S-loss, fixed kappa_D",0.0025,O31040-Na480-Cl320-F160-3-allSk.dat,3,main,31040,480,320,160,960,0.97,0.015,0.01,0.005,0.03,0.3333333333333333,86,0.9078546899900936,1,0.2998682691886077,0.2998682691886077,0.0637121826289077,-0.01169194256667265,-0.05999533136704337,0.06459517273368642,0.4644869834654081,0.3531197878608188,0.3051282616814117,0.5850102243529126,-0.21570797967393424,0.8335548024243545
matrix_BC_s_loss,"BC S-loss, fixed kappa_D",0.005,O31040-Na480-Cl320-F160-3-allSk.dat,3,main,31040,480,320,160,960,0.97,0.015,0.01,0.005,0.03,0.3333333333333333,228,0.8156911641082848,1,0.2998682691886077,0.2998682691886077,0.0636261937208957,-0.010605168015879199,-0.05989149586779341,0.06633067590073842,0.46639436352073427,0.3464939202573239,0.31780233267393115,0.5779880695643039,-0.21725349246827863,0.8576926224767161
matrix_BC_s_loss,"BC S-loss, fixed kappa_D",0.01,O31040-Na480-Cl320-F160-3-allSk.dat,3,main,31040,480,320,160,960,0.97,0.015,0.01,0.005,0.03,0.3333333333333333,467,0.7557667924472988,1,0.2998682691886077,0.2998682691886077,0.06361006797856757,-0.012652584236453268,-0.06270646528695918,0.06676541491271326,0.4793256194390493,0.34901126786004677,0.3366398578091505,0.5865696073944552,-0.22502944570546848,0.9013170316281847
matrix_BC_s_loss,"BC S-loss, fixed kappa_D",0.0025,O31040-Na480-Cl160-F320-3-allSk.dat,3,main,31040,480,160,320,960,0.97,0.015,0.005,0.01,0.03,0.6666666666666666,86,0.9478354018407715,1,0.2998682691886077,0.2998682691886077,0.06398879754847404,0.02687024849021903,-0.06704419408016907,0.08031660330468787,0.5932055124559974,0.259805533035247,0.5428151548626935,0.8176006421935735,-0.25993546425347513,0.8486122064762206
matrix_BC_s_loss,"BC S-loss, fixed kappa_D",0.005,O31040-Na480-Cl160-F320-3-allSk.dat,3,main,31040,480,160,320,960,0.97,0.015,0.005,0.01,0.03,0.6666666666666666,228,0.8952255072644075,1,0.2998682691886077,0.2998682691886077,0.06397514107955525,0.023246942826825573,-0.06671617455261422,0.07564703344366702,0.5975740233409499,0.28026820163135113,0.5336961744391792,0.8063610471431502,-0.22692632195746576,0.814102793611541
matrix_BC_s_loss,"BC S-loss, fixed kappa_D",0.01,O31040-Na480-Cl160-F320-3-allSk.dat,3,main,31040,480,160,320,960,0.97,0.015,0.005,0.01,0.03,0.6666666666666666,467,0.8328085307820936,1,0.2998682691886077,0.2998682691886077,0.06364104858906508,0.02190045134842361,-0.06664389403370638,0.07394681486605433,0.5881619137396787,0.2685093464456226,0.5304835077168659,0.7893477742331985,-0.22929771889481892,0.8118449273751851
matrix_BC_s_loss,"BC S-loss, fixed kappa_D",0.0025,O30976-Na512-Cl480-F32-3-allSk.dat,3,main,30976,512,480,32,1024,0.968,0.016,0.015,0.001,0.032,0.0625,86,0.8459709090482849,1,0.3102221138316356,0.3102221138316356,0.059207960222281336,-0.03669399122037427,-0.044065275396817524,0.02388811287642067,0.41086102052362117,0.3942569887526991,0.11649333052939595,0.4276960402804291,-0.07943168623416239,0.7736109200636676
matrix_BC_s_loss,"BC S-loss, fixed kappa_D",0.005,O30976-Na512-Cl480-F32-3-allSk.dat,3,main,30976,512,480,32,1024,0.968,0.016,0.015,0.001,0.032,0.0625,228,0.7771490100798492,1,0.3102221138316356,0.3102221138316356,0.059875659107611626,-0.03806674967993599,-0.04711911235824995,0.0302245387318345,0.4353865058347499,0.415960146316673,0.13053930396852637,0.45292270507618476,-0.09032150861258587,0.8719709145349801
matrix_BC_s_loss,"BC S-loss, fixed kappa_D",0.01,O30976-Na512-Cl480-F32-3-allSk.dat,3,main,30976,512,480,32,1024,0.968,0.016,0.015,0.001,0.032,0.0625,467,0.7334210685936586,1,0.3102221138316356,0.3102221138316356,0.06066047413275618,-0.041884103652492455,-0.05108398023051278,0.030310990080794964,0.4557300245960443,0.4327229567875239,0.14699129322446472,0.4702079537606133,-0.09021574701902615,0.9373692586682085
matrix_BC_s_loss,"BC S-loss, fixed kappa_D",0.0025,O30976-Na512-Cl32-F480-3-allSk.dat,3,main,30976,512,32,480,1024,0.968,0.016,0.001,0.015,0.032,0.9375,86,0.946178492317925,1,0.3102221138316356,0.3102221138316356,0.0612644749587457,0.06255016099903106,-0.04378266393380741,0.07590616371170616,0.6706749076223246,-0.022785139678499183,0.698553163885179,0.8283582054933356,-0.23741356004221992,0.7827625229919016
matrix_BC_s_loss,"BC S-loss, fixed kappa_D",0.005,O30976-Na512-Cl32-F480-3-allSk.dat,3,main,30976,512,32,480,1024,0.968,0.016,0.001,0.015,0.032,0.9375,228,0.8925258767238665,1,0.3102221138316356,0.3102221138316356,0.06146940789213908,0.0624071090829396,-0.045077047190556656,0.07609262864786204,0.6886422262014267,0.028350712084734275,0.7039065105690672,0.9299498379175452,-0.21083152613558334,0.7814279840308331
matrix_BC_s_loss,"BC S-loss, fixed kappa_D",0.01,O30976-Na512-Cl32-F480-3-allSk.dat,3,main,30976,512,32,480,1024,0.968,0.016,0.001,0.015,0.032,0.9375,467,0.8335238389835443,1,0.3102221138316356,0.3102221138316356,0.060048989705185116,0.056243995729610086,-0.04218377285474047,0.068980352325758,0.6642373853468968,0.0725943883169024,0.6672776312352053,0.9419215137522581,-0.1682279272186044,0.7325976381844925
matrix_BC_s_loss,"BC S-loss, fixed kappa_D",0.0025,O30720-Na640-Cl480-F160-3-allSk.dat,3,main,30720,640,480,160,1280,0.96,0.02,0.015,0.005,0.04,0.25,86,0.9342949615357097,1,0.34843836150328816,0.34843836150328816,0.06473679835987925,-0.02774921481834037,-0.07380997733234412,0.07234420120844641,0.52229556998113,0.41518717444965514,0.32546585916449466,0.5922338573804118,-0.19540478204606332,0.9893827288746937
matrix_BC_s_loss,"BC S-loss, fixed kappa_D",0.005,O30720-Na640-Cl480-F160-3-allSk.dat,3,main,30720,640,480,160,1280,0.96,0.02,0.015,0.005,0.04,0.25,228,0.8295144083440287,1,0.34843836150328816,0.34843836150328816,0.06413138849643617,-0.026315262094542186,-0.07112307225414279,0.07055825054548323,0.5086411506016763,0.3983304548966609,0.3273537151203124,0.5628127299161514,-0.17815933356799263,0.9632884478229995
matrix_BC_s_loss,"BC S-loss, fixed kappa_D",0.01,O30720-Na640-Cl480-F160-3-allSk.dat,3,main,30720,640,480,160,1280,0.96,0.02,0.015,0.005,0.04,0.25,467,0.737224830600868,1,0.34843836150328816,0.34843836150328816,0.06335551997132093,-0.02602788788843216,-0.06880696617587867,0.06712138555443067,0.47744499933061657,0.3669590572271308,0.3192982672462674,0.534151141580358,-0.1912588016838351,0.9698664964036772
matrix_BC_s_loss,"BC S-loss, fixed kappa_D",0.0025,O30720-Na640-Cl320-F320-3-allSk.dat,3,main,30720,640,320,320,1280,0.96,0.02,0.01,0.01,0.04,0.5,86,0.9614899575082196,1,0.34843836150328816,0.34843836150328816,0.06867437353418719,0.008760481408311836,-0.08858819412856353,0.1009773857491155,0.5173566789971088,0.2620862832428531,0.4695665487791618,0.7033132857800724,-0.3326673095060731,0.9967346912262912
matrix_BC_s_loss,"BC S-loss, fixed kappa_D",0.005,O30720-Na640-Cl320-F320-3-allSk.dat,3,main,30720,640,320,320,1280,0.96,0.02,0.01,0.01,0.04,0.5,228,0.8972241602124313,1,0.34843836150328816,0.34843836150328816,0.06698146007814501,0.009097538843811911,-0.08098070694480546,0.09384656976194035,0.510900047182791,0.25857607573968056,0.4639457000032766,0.6461594790488354,-0.2804776858325667,0.9365959869818798
matrix_BC_s_loss,"BC S-loss, fixed kappa_D",0.01,O30720-Na640-Cl320-F320-3-allSk.dat,3,main,30720,640,320,320,1280,0.96,0.02,0.01,0.01,0.04,0.5,467,0.8040036814819206,1,0.34843836150328816,0.34843836150328816,0.06559369140326451,0.006891663406524182,-0.07722455233688907,0.08697083619370592,0.5170798483279581,0.2706563504140787,0.46060498392114224,0.639872178150744,-0.2571062966527491,0.9085001118106699
matrix_BC_s_loss,"BC S-loss, fixed kappa_D",0.0025,O30720-Na640-Cl160-F480-3-allSk.dat,3,main,30720,640,160,480,1280,0.96,0.02,0.005,0.015,0.04,0.75,86,0.9705788200729897,1,0.34843836150328816,0.34843836150328816,0.06350050898640158,0.032119431697937975,-0.06881421113897321,0.0768182283992025,0.5180669151484363,0.18409903535233835,0.4919225182201542,0.7602621550118471,-0.22635830461432888,0.6987112247320795
matrix_BC_s_loss,"BC S-loss, fixed kappa_D",0.005,O30720-Na640-Cl160-F480-3-allSk.dat,3,main,30720,640,160,480,1280,0.96,0.02,0.005,0.015,0.04,0.75,228,0.912105965811561,1,0.34843836150328816,0.34843836150328816,0.0641216325902207,0.03490890042739041,-0.07612139720764419,0.08425803528665919,0.5684369935217168,0.1849331197219075,0.5496033160006889,0.8196040880254513,-0.2596562679433709,0.7845398610748961
matrix_BC_s_loss,"BC S-loss, fixed kappa_D",0.01,O30720-Na640-Cl160-F480-3-allSk.dat,3,main,30720,640,160,480,1280,0.96,0.02,0.005,0.015,0.04,0.75,467,0.8398057669917235,1,0.34843836150328816,0.34843836150328816,0.06367698323648864,0.03266429924106791,-0.07594583224065979,0.08156483060741718,0.575797510488878,0.18536698271523394,0.5578520179894308,0.8141503276490505,-0.25600655608998335,0.7919574795812085
matrix_BC_s_loss,"BC S-loss, fixed kappa_D",0.0025,O30656-Na672-Cl640-F32-3-allSk.dat,3,main,30656,672,640,32,1344,0.958,0.021,0.02,0.001,0.042,0.047619047619047616,86,0.8615600501727662,1,0.35769732802471965,0.35769732802471965,0.058685837282043574,-0.03841647176282345,-0.04323891461585187,0.01732391492243601,0.39376344255424256,0.3621461851239506,0.1848838059524591,0.37351640019832855,-0.010853817138963107,0.8957837814248186
matrix_BC_s_loss,"BC S-loss, fixed kappa_D",0.005,O30656-Na672-Cl640-F32-3-allSk.dat,3,main,30656,672,640,32,1344,0.958,0.021,0.02,0.001,0.042,0.047619047619047616,228,0.7709651918534479,1,0.35769732802471965,0.35769732802471965,0.05928931244976858,-0.04246507014600437,-0.04909075050561448,0.024941112058397993,0.41210007604930654,0.382322666499049,0.17868084913129506,0.3991846933454753,-0.033185660666531974,0.9672293026403569
matrix_BC_s_loss,"BC S-loss, fixed kappa_D",0.01,O30656-Na672-Cl640-F32-3-allSk.dat,3,main,30656,672,640,32,1344,0.958,0.021,0.02,0.001,0.042,0.047619047619047616,467,0.7107765622806437,1,0.35769732802471965,0.35769732802471965,0.060018653858739404,-0.04570460302272322,-0.05333971423117756,0.02909765088311529,0.4140627740744749,0.38980861809746764,0.15419686809729483,0.413079381272612,-0.06101965428044979,0.9795070098502183
matrix_BC_s_loss,"BC S-loss, fixed kappa_D",0.0025,O30656-Na672-Cl32-F640-3-allSk.dat,3,main,30656,672,32,640,1344,0.958,0.021,0.001,0.02,0.042,0.9523809523809523,86,0.9815892097041243,1,0.35769732802471965,0.35769732802471965,0.058709158587355,0.06332028456049105,-0.0307892110516996,0.07176866072630916,0.6847642148349684,0.08807881936262224,0.6819794968232153,0.8762570692300125,-0.10568310470304078,0.7224524933530615
matrix_BC_s_loss,"BC S-loss, fixed kappa_D",0.005,O30656-Na672-Cl32-F640-3-allSk.dat,3,main,30656,672,32,640,1344,0.958,0.021,0.001,0.02,0.042,0.9523809523809523,228,0.9473959842331453,1,0.35769732802471965,0.35769732802471965,0.05876923373416648,0.06359529592545823,-0.03937355674958419,0.07396998157028176,0.6904465129614386,0.07827622224597873,0.6899940470880457,0.9500009790603805,-0.13221741723705097,0.736598216206791
matrix_BC_s_loss,"BC S-loss, fixed kappa_D",0.01,O30656-Na672-Cl32-F640-3-allSk.dat,3,main,30656,672,32,640,1344,0.958,0.021,0.001,0.02,0.042,0.9523809523809523,461,0.8903626877026604,1,0.35769732802471965,0.35769732802471965,0.058047644100590476,0.058308414400459155,-0.04187447415263158,0.06911176223300168,0.6669442193410691,0.069370063359965,0.6679028401952944,0.9465469985987554,-0.14057118088841564,0.715829423606968
matrix_BC_s_loss,"BC S-loss, fixed kappa_D",0.0025,O30400-Na800-Cl640-F160-3-allSk.dat,3,main,30400,800,640,160,1600,0.95,0.025,0.02,0.005,0.05,0.2,86,0.9110457248071464,1,0.3909670996920168,0.3909670996920168,0.06385317454392139,-0.04650972275749742,-0.07550166542671209,0.04700442915299096,0.49672470760792997,0.4123327030049883,0.2860448063050617,0.5088621543011458,-0.09572035533690568,0.8310563421826898
matrix_BC_s_loss,"BC S-loss, fixed kappa_D",0.005,O30400-Na800-Cl640-F160-3-allSk.dat,3,main,30400,800,640,160,1600,0.95,0.025,0.02,0.005,0.05,0.2,228,0.8280808088771251,1,0.3909670996920168,0.3909670996920168,0.06294653368929204,-0.035744239669188924,-0.06844722818904234,0.05696790667373366,0.44099162009357207,0.35028858230290805,0.2855100754311729,0.46346552491432075,-0.1436619680573093,0.9257438730398138
matrix_BC_s_loss,"BC S-loss, fixed kappa_D",0.01,O30400-Na800-Cl640-F160-3-allSk.dat,3,main,30400,800,640,160,1600,0.95,0.025,0.02,0.005,0.05,0.2,467,0.7134313387173928,1,0.3909670996920168,0.3909670996920168,0.06307863313954805,-0.03388773244923174,-0.06996514659763606,0.06415501983546446,0.42877585215795777,0.3388204911893176,0.28113097015695765,0.4667156223000324,-0.1758055941308817,0.9802391481131856
matrix_BC_s_loss,"BC S-loss, fixed kappa_D",0.0025,O30400-Na800-Cl480-F320-3-allSk.dat,3,main,30400,800,480,320,1600,0.95,0.025,0.015,0.01,0.05,0.4,86,0.9422670452616067,1,0.3909670996920168,0.3909670996920168,0.06282255438432018,-0.007445905077879018,-0.07592202672801374,0.08121210321703437,0.46373925240679637,0.2743845134589148,0.3971851133665164,0.5585286073605418,-0.25021503878666174,0.9344543909742014
matrix_BC_s_loss,"BC S-loss, fixed kappa_D",0.005,O30400-Na800-Cl480-F320-3-allSk.dat,3,main,30400,800,480,320,1600,0.95,0.025,0.015,0.01,0.05,0.4,228,0.8275101946265964,1,0.3909670996920168,0.3909670996920168,0.06730533329401188,-0.004450162181483641,-0.08208120204342978,0.09349220701503147,0.47385889839387263,0.2797059306929581,0.4066683001174589,0.55769332332138,-0.2407781295237182,0.9378908195574787
matrix_BC_s_loss,"BC S-loss, fixed kappa_D",0.01,O30400-Na800-Cl480-F320-3-allSk.dat,3,main,30400,800,480,320,1600,0.95,0.025,0.015,0.01,0.05,0.4,467,0.7168485875775865,1,0.3909670996920168,0.3909670996920168,0.06606872423814387,-0.008521375831143985,-0.08174614095562,0.08664468867908678,0.4775771579967759,0.2850196877118628,0.40603938809921825,0.5645778647368217,-0.24080814875794077,0.9369331882478888
matrix_BC_s_loss,"BC S-loss, fixed kappa_D",0.0025,O30400-Na800-Cl320-F480-3-allSk.dat,3,main,30400,800,320,480,1600,0.95,0.025,0.01,0.015,0.05,0.6,86,0.9706983207047349,1,0.3909670996920168,0.3909670996920168,0.06517617449722468,0.020352860242914834,-0.08305857534350027,0.09409247237419464,0.6312898683544307,0.23154446247403798,0.6259364536459274,0.6641124760126735,-0.24332295032629533,1.0067528439209361
matrix_BC_s_loss,"BC S-loss, fixed kappa_D",0.005,O30400-Na800-Cl320-F480-3-allSk.dat,3,main,30400,800,320,480,1600,0.95,0.025,0.01,0.015,0.05,0.6,228,0.9000997599762496,1,0.3909670996920168,0.3909670996920168,0.06733574033667548,0.022076235334270167,-0.08859829129454605,0.10084049918356361,0.628456805195446,0.24751613386997331,0.6092381697482777,0.6957473815813191,-0.24853340345188096,0.9894497692677809
matrix_BC_s_loss,"BC S-loss, fixed kappa_D",0.01,O30400-Na800-Cl320-F480-3-allSk.dat,3,main,30400,800,320,480,1600,0.95,0.025,0.01,0.015,0.05,0.6,461,0.8208427841169822,1,0.3909670996920168,0.3909670996920168,0.06612127394047138,0.017327209882881375,-0.08747861177730223,0.09379531919135123,0.583162602622871,0.24530701983360942,0.5525673397247391,0.7019851852857476,-0.25647850280661516,0.9227751887604138
matrix_BC_s_loss,"BC S-loss, fixed kappa_D",0.0025,O30400-Na800-Cl160-F640-3-allSk.dat,3,main,30400,800,160,640,1600,0.95,0.025,0.005,0.02,0.05,0.8,86,0.9689232637890942,1,0.3909670996920168,0.3909670996920168,0.06410561120674817,0.05353781295979386,-0.07771567225393547,0.09871493069935186,0.7130882050510413,0.16308956742095768,0.7157120665132398,0.8449432520734002,-0.24013194644955194,0.9202563897450036
matrix_BC_s_loss,"BC S-loss, fixed kappa_D",0.005,O30400-Na800-Cl160-F640-3-allSk.dat,3,main,30400,800,160,640,1600,0.95,0.025,0.005,0.02,0.05,0.8,228,0.9384900523275362,1,0.3909670996920168,0.3909670996920168,0.06310356911432573,0.04796002329040722,-0.07677161617621975,0.0920067442280217,0.6695476902665739,0.16711334378857046,0.6650204029127315,0.8281412734612278,-0.22723223840134596,0.8571315328692565
matrix_BC_s_loss,"BC S-loss, fixed kappa_D",0.01,O30400-Na800-Cl160-F640-3-allSk.dat,3,main,30400,800,160,640,1600,0.95,0.025,0.005,0.02,0.05,0.8,461,0.8790542381011691,1,0.3909670996920168,0.3909670996920168,0.062441685724190156,0.04086511108701153,-0.07952155314532652,0.08544935972198234,0.6371929216724828,0.15716914950657893,0.6338187690673959,0.844647480519685,-0.2466032891285735,0.8319325710892558
matrix_BC_s_loss,"BC S-loss, fixed kappa_D",0.0025,O30336-Na832-Cl800-F32-3-allSk.dat,3,main,30336,832,800,32,1664,0.948,0.026,0.025,0.001,0.052,0.038461538461538464,86,0.8856570100989176,1,0.39869211779766894,0.39869211779766894,0.060512679207474995,-0.05126070948868774,-0.059449313172822066,0.03586720790068083,0.38510905417678404,0.37043425020914356,0.11150733106296506,0.3953734955274576,-0.08801600731775315,1.0086580935874756
matrix_BC_s_loss,"BC S-loss, fixed kappa_D",0.005,O30336-Na832-Cl800-F32-3-allSk.dat,3,main,30336,832,800,32,1664,0.948,0.026,0.025,0.001,0.052,0.038461538461538464,228,0.7701699532163648,1,0.39869211779766894,0.39869211779766894,0.06074518077317276,-0.05447274325919453,-0.06269570734892974,0.03572095590708595,0.4039535841126938,0.38921617611225323,0.11368632741510426,0.41328072293852636,-0.08178273769028696,0.9886024903697498
matrix_BC_s_loss,"BC S-loss, fixed kappa_D",0.01,O30336-Na832-Cl800-F32-3-allSk.dat,3,main,30336,832,800,32,1664,0.948,0.026,0.025,0.001,0.052,0.038461538461538464,467,0.7011637843512475,1,0.39869211779766894,0.39869211779766894,0.060208935009391784,-0.05353769586364204,-0.060840890281244564,0.031214695484716226,0.3962124117603909,0.3801554395582485,0.11951762130264984,0.4026693441523701,-0.07492671625589992,0.9840562645199039
matrix_BC_s_loss,"BC S-loss, fixed kappa_D",0.0025,O30336-Na832-Cl32-F800-3-allSk.dat,3,main,30336,832,32,800,1664,0.948,0.026,0.001,0.025,0.052,0.9615384615384616,86,0.901304380930767,1,0.39869211779766894,0.39869211779766894,0.05806243875829178,0.08354162209009094,-0.033269127522231275,0.09184989775135981,0.9976649639086639,0.13275217286684998,0.9908721892262536,0.8731928714326622,-0.03925739030255024,1.0183468037287242
matrix_BC_s_loss,"BC S-loss, fixed kappa_D",0.005,O30336-Na832-Cl32-F800-3-allSk.dat,3,main,30336,832,32,800,1664,0.948,0.026,0.001,0.025,0.052,0.9615384615384616,228,0.9034046941382713,1,0.39869211779766894,0.39869211779766894,0.057349406614385645,0.07143710542082635,-0.04372171095313639,0.08159618109770297,0.8054300542277604,0.05629387568193316,0.8101219375319023,0.9544260902297762,-0.13347650392636656,0.8528608143582264
matrix_BC_s_loss,"BC S-loss, fixed kappa_D",0.01,O30336-Na832-Cl32-F800-3-allSk.dat,3,main,30336,832,32,800,1664,0.948,0.026,0.001,0.025,0.052,0.9615384615384616,461,0.8548768569969165,1,0.39869211779766894,0.39869211779766894,0.05660639913718687,0.06406312529891693,-0.04502546876732608,0.07433691895364862,0.7195996018695185,0.0371560485985554,0.7264192726615437,0.9576724968095393,-0.1536426159915007,0.7715337324685181
matrix_BC_s_loss,"BC S-loss, fixed kappa_D",0.0025,O30080-Na960-Cl800-F160-3-allSk.dat,3,main,30080,960,800,160,1920,0.94,0.03,0.025,0.005,0.06,0.16666666666666666,86,0.9522141347124657,1,0.42938301201054485,0.42938301201054485,0.06008119439635809,-0.035439272153991064,-0.06462860295588051,0.05770581586729007,0.40723371680828907,0.3298997503482911,0.25983654469838485,0.41574661712194866,-0.12155164267538487,0.9082646868378416
matrix_BC_s_loss,"BC S-loss, fixed kappa_D",0.005,O30080-Na960-Cl800-F160-3-allSk.dat,3,main,30080,960,800,160,1920,0.94,0.03,0.025,0.005,0.06,0.16666666666666666,228,0.828620135735232,1,0.42938301201054485,0.42938301201054485,0.06296624220910532,-0.037194447478902604,-0.0699081559452688,0.06521197128721763,0.38713706576541584,0.316264517402751,0.24109931185984634,0.4150099393973493,-0.15330374444623063,0.9333678851798038
matrix_BC_s_loss,"BC S-loss, fixed kappa_D",0.01,O30080-Na960-Cl800-F160-3-allSk.dat,3,main,30080,960,800,160,1920,0.94,0.03,0.025,0.005,0.06,0.16666666666666666,467,0.6940178351629284,1,0.42938301201054485,0.42938301201054485,0.0634447066192875,-0.04018518007706062,-0.07336707967613526,0.06562059105582671,0.392913791889439,0.3198467078516777,0.24723932189535766,0.42467607930435347,-0.1661433515969738,0.9771180111758287
matrix_BC_s_loss,"BC S-loss, fixed kappa_D",0.0025,O30080-Na960-Cl640-F320-3-allSk.dat,3,main,30080,960,640,320,1920,0.94,0.03,0.02,0.01,0.06,0.3333333333333333,86,0.9464744219211723,1,0.42938301201054485,0.42938301201054485,0.0638183725900803,-0.01921280267452802,-0.08084330988532973,0.08105215487888644,0.4318734975250954,0.29133855266401126,0.33601190773634415,0.5117407303120929,-0.21909750580842557,0.8918403603438874
matrix_BC_s_loss,"BC S-loss, fixed kappa_D",0.005,O30080-Na960-Cl640-F320-3-allSk.dat,3,main,30080,960,640,320,1920,0.94,0.03,0.02,0.01,0.06,0.3333333333333333,228,0.8276434447740927,1,0.42938301201054485,0.42938301201054485,0.06526599091036477,-0.02061882366142674,-0.08665356490403203,0.08683379654136487,0.437851839927099,0.28871847538605494,0.35007204934260944,0.5278287849166012,-0.24638755778749716,0.9547872015942216
matrix_BC_s_loss,"BC S-loss, fixed kappa_D",0.01,O30080-Na960-Cl640-F320-3-allSk.dat,3,main,30080,960,640,320,1920,0.94,0.03,0.02,0.01,0.06,0.3333333333333333,467,0.6913218920103297,1,0.42938301201054485,0.42938301201054485,0.06587566606190545,-0.019475268466600915,-0.08662266769399982,0.08877079698659533,0.44508980491098626,0.2854202811622979,0.3672729234406834,0.520801706028633,-0.2421624074890441,0.9786047246115444
matrix_BC_s_loss,"BC S-loss, fixed kappa_D",0.0025,O30080-Na960-Cl480-F480-3-allSk.dat,3,main,30080,960,480,480,1920,0.94,0.03,0.015,0.015,0.06,0.5,86,0.9332618394433686,1,0.42938301201054485,0.42938301201054485,0.06332707696081623,-0.012409263252992353,-0.08514203960012445,0.0675926912086846,0.483836099529151,0.2858028504603757,0.3984447234594485,0.5650286311628212,-0.16084236387686826,0.7243282956492175
matrix_BC_s_loss,"BC S-loss, fixed kappa_D",0.005,O30080-Na960-Cl480-F480-3-allSk.dat,3,main,30080,960,480,480,1920,0.94,0.03,0.015,0.015,0.06,0.5,228,0.8527470094075985,1,0.42938301201054485,0.42938301201054485,0.06469428714659589,-0.002775331843962975,-0.08759001394971441,0.08366510201589603,0.48961541152913063,0.2550836948141758,0.4373370605172051,0.5869250330647412,-0.22618221231829436,0.8446702146301088
matrix_BC_s_loss,"BC S-loss, fixed kappa_D",0.01,O30080-Na960-Cl480-F480-3-allSk.dat,3,main,30080,960,480,480,1920,0.94,0.03,0.015,0.015,0.06,0.5,461,0.7375488924902535,1,0.42938301201054485,0.42938301201054485,0.06603500135062579,-0.0023666821184994413,-0.09377774780305972,0.09043075385325192,0.4817391421964329,0.24142587606907862,0.43985615235109776,0.613020740068179,-0.2715929918234818,0.8936435279716506
matrix_BC_s_loss,"BC S-loss, fixed kappa_D",0.0025,O30080-Na960-Cl320-F640-3-allSk.dat,3,main,30080,960,320,640,1920,0.94,0.03,0.01,0.02,0.06,0.6666666666666666,86,0.9800395081028795,1,0.42938301201054485,0.42938301201054485,0.06574498355751027,0.01411786284698948,-0.09739900350493627,0.08616227597601298,0.4980867421848183,0.1993043603866336,0.46909971824956465,0.7146622335263648,-0.26124551835490606,0.7592559516807426
matrix_BC_s_loss,"BC S-loss, fixed kappa_D",0.005,O30080-Na960-Cl320-F640-3-allSk.dat,3,main,30080,960,320,640,1920,0.94,0.03,0.01,0.02,0.06,0.6666666666666666,228,0.927312376644231,1,0.42938301201054485,0.42938301201054485,0.06472197708707211,0.021113106704687398,-0.09330368955736495,0.0918338407514465,0.5369910475895372,0.17110535732050638,0.5366872730598051,0.6864802448115535,-0.27585442741093524,0.8523635214637382
matrix_BC_s_loss,"BC S-loss, fixed kappa_D",0.01,O30080-Na960-Cl320-F640-3-allSk.dat,3,main,30080,960,320,640,1920,0.94,0.03,0.01,0.02,0.06,0.6666666666666666,461,0.8319089517326345,1,0.42938301201054485,0.42938301201054485,0.06489304337560993,0.021082177237619584,-0.09609071226433233,0.09376668270069785,0.5450490290383764,0.1715837862278074,0.5462179441883712,0.7146882479031338,-0.2952145443301804,0.8777258320075321
matrix_BC_s_loss,"BC S-loss, fixed kappa_D",0.0025,O30080-Na960-Cl160-F800-3-allSk.dat,3,main,30080,960,160,800,1920,0.94,0.03,0.005,0.025,0.06,0.8333333333333334,86,0.9600255846630156,1,0.42938301201054485,0.42938301201054485,0.06056689742468847,0.05703291752085614,-0.06979320908204195,0.09368890286806936,0.7881798487295011,0.19422501865666525,0.776547696110821,0.8052100353481844,-0.14733802714047511,0.9165569491484891
matrix_BC_s_loss,"BC S-loss, fixed kappa_D",0.005,O30080-Na960-Cl160-F800-3-allSk.dat,3,main,30080,960,160,800,1920,0.94,0.03,0.005,0.025,0.06,0.8333333333333334,228,0.9423045612527037,1,0.42938301201054485,0.42938301201054485,0.06137073393033582,0.04599642948940701,-0.07971751456636846,0.08603732030563402,0.6165920119962556,0.14302942598586052,0.6114780036382583,0.8288563275735292,-0.2139949324081061,0.7655420351627997
matrix_BC_s_loss,"BC S-loss, fixed kappa_D",0.01,O30080-Na960-Cl160-F800-3-allSk.dat,3,main,30080,960,160,800,1920,0.94,0.03,0.005,0.025,0.06,0.8333333333333334,461,0.871142469190108,1,0.42938301201054485,0.42938301201054485,0.060499616742793055,0.03956167785423316,-0.08241930695499539,0.08019668134899034,0.5830795752099427,0.12564156684892108,0.5825430554712769,0.8371413210482666,-0.2367475394806852,0.7440206627561288
matrix_BC_s_loss,"BC S-loss, fixed kappa_D",0.0025,O30016-Na992-Cl960-F32-3-allSk.dat,3,main,30016,992,960,32,1984,0.938,0.031,0.03,0.001,0.062,0.03225806451612903,86,0.9436581960112493,1,0.43708298096511644,0.43708298096511644,0.05935632470520269,-0.05941928845851223,-0.06019679587134909,-0.0011211668613040626,0.3958379320919801,0.37510430269799133,0.1494014517086989,0.3804489196645342,0.00468781611871949,0.8061558522421737
matrix_BC_s_loss,"BC S-loss, fixed kappa_D",0.005,O30016-Na992-Cl960-F32-3-allSk.dat,3,main,30016,992,960,32,1984,0.938,0.031,0.03,0.001,0.062,0.03225806451612903,228,0.8613903752608577,1,0.43708298096511644,0.43708298096511644,0.05965927396512694,-0.05983161504440947,-0.0639583317712186,0.01718587650012999,0.3921020877917759,0.3716160523317515,0.14770708506709185,0.3831132012217097,-0.0293268110431589,0.9830278038543537
matrix_BC_s_loss,"BC S-loss, fixed kappa_D",0.01,O30016-Na992-Cl960-F32-3-allSk.dat,3,main,30016,992,960,32,1984,0.938,0.031,0.03,0.001,0.062,0.03225806451612903,467,0.775305995013997,1,0.43708298096511644,0.43708298096511644,0.06032859001433731,-0.05657840780039591,-0.06271876080330624,0.02850955805070747,0.3681600494954269,0.35122401533311987,0.1260952440434738,0.3673032427308246,-0.05627015894287065,1.010272959781721
matrix_BC_s_loss,"BC S-loss, fixed kappa_D",0.0025,O30016-Na992-Cl32-F960-3-allSk.dat,3,main,30016,992,32,960,1984,0.938,0.031,0.001,0.03,0.062,0.967741935483871,86,0.9911503302394706,1,0.43708298096511644,0.43708298096511644,0.04841483167879761,0.03539040202838315,-0.022086717440138876,0.04000787143734373,0.49909644310581425,0.0605758450968607,0.4962869444020068,0.7952462422226818,-0.08361426864179305,0.51975639717819
matrix_BC_s_loss,"BC S-loss, fixed kappa_D",0.005,O30016-Na992-Cl32-F960-3-allSk.dat,3,main,30016,992,32,960,1984,0.938,0.031,0.001,0.03,0.062,0.967741935483871,226,0.9628123769050592,1,0.43708298096511644,0.43708298096511644,0.05290766279108943,0.05065694160838363,-0.04648328493410471,0.05998095105807756,0.583281924154481,0.030594138823801284,0.5873379008926611,0.9750677105198771,-0.1469223320526928,0.6238708482533172
matrix_BC_s_loss,"BC S-loss, fixed kappa_D",0.01,O30016-Na992-Cl32-F960-3-allSk.dat,3,main,30016,992,32,960,1984,0.938,0.031,0.001,0.03,0.062,0.967741935483871,461,0.8993332561450289,1,0.43708298096511644,0.43708298096511644,0.052729118391439955,0.04893447622745074,-0.047323838186578066,0.05838347657180708,0.5905461523576885,0.022031655333761252,0.596285495570257,0.9828129607671419,-0.1570404365421008,0.6348136517670848
matrix_BC_s_loss,"BC S-loss, fixed kappa_D",0.0025,O29760-Na1120-Cl960-F160-3-allSk.dat,3,main,29760,1120,960,160,2240,0.93,0.035,0.03,0.005,0.07,0.14285714285714285,86,0.905664384189855,1,0.46472640791409303,0.46472640791409303,0.05859616252737074,-0.030804080227913665,-0.05452207028059902,0.05205131625848952,0.3167227861710568,0.2439580284710568,0.24039703834664355,0.30499323684572877,-0.10162553159982204,0.8849614766403289
matrix_BC_s_loss,"BC S-loss, fixed kappa_D",0.005,O29760-Na1120-Cl960-F160-3-allSk.dat,3,main,29760,1120,960,160,2240,0.93,0.035,0.03,0.005,0.07,0.14285714285714285,228,0.7725971793341473,1,0.46472640791409303,0.46472640791409303,0.061767197855488405,-0.040659729199525624,-0.06783910049348206,0.05859564898124537,0.3444464207876269,0.28390473350160184,0.21589783675060403,0.3618301790914604,-0.13515799143462626,0.9022800983132134
matrix_BC_s_loss,"BC S-loss, fixed kappa_D",0.01,O29760-Na1120-Cl960-F160-3-allSk.dat,3,main,29760,1120,960,160,2240,0.93,0.035,0.03,0.005,0.07,0.14285714285714285,467,0.6533350343524279,1,0.46472640791409303,0.46472640791409303,0.06278942884189578,-0.04379868605197812,-0.07196805133254808,0.060404572502242015,0.35039037688325947,0.2884965841256666,0.22037637537949534,0.37089327753729406,-0.14520906330669775,0.9387491952168715
matrix_BC_s_loss,"BC S-loss, fixed kappa_D",0.0025,O29760-Na1120-Cl800-F320-3-allSk.dat,3,main,29760,1120,800,320,2240,0.93,0.035,0.025,0.01,0.07,0.2857142857142857,86,0.928732319087335,1,0.46472640791409303,0.46472640791409303,0.06446751757829002,-0.00673575105177953,-0.06774326167783533,0.09451006517619903,0.44354064189279163,0.21825976887282378,0.4846895639262875,0.3746141568917125,-0.1839903515414502,1.1976854327615445
matrix_BC_s_loss,"BC S-loss, fixed kappa_D",0.005,O29760-Na1120-Cl800-F320-3-allSk.dat,3,main,29760,1120,800,320,2240,0.93,0.035,0.025,0.01,0.07,0.2857142857142857,228,0.8159533939152194,1,0.46472640791409303,0.46472640791409303,0.0645189379445699,-0.016555531645527102,-0.07530929111297495,0.0881018808081108,0.4080290551089324,0.24099532531327458,0.38230539731177454,0.4098175742249127,-0.19711751028971752,1.026898056536166
matrix_BC_s_loss,"BC S-loss, fixed kappa_D",0.01,O29760-Na1120-Cl800-F320-3-allSk.dat,3,main,29760,1120,800,320,2240,0.93,0.035,0.025,0.01,0.07,0.2857142857142857,461,0.6857986222855852,1,0.46472640791409303,0.46472640791409303,0.06552378766975478,-0.023107164845381528,-0.082109792883334,0.08659743484244736,0.4128952921045831,0.25967215080967315,0.361878639096997,0.44171384699569827,-0.21260880466251986,1.0131769782161848
matrix_BC_s_loss,"BC S-loss, fixed kappa_D",0.0025,O29760-Na1120-Cl640-F480-3-allSk.dat,3,main,29760,1120,640,480,2240,0.93,0.035,0.02,0.015,0.07,0.42857142857142855,86,0.9526676394019383,1,0.46472640791409303,0.46472640791409303,0.0647453401461337,0.0022268402248428673,-0.08430904024271166,0.10075324878880212,0.4379442030173945,0.1925046529516563,0.4466855937609843,0.47387712344421523,-0.2531304549725899,0.9746133877223694
matrix_BC_s_loss,"BC S-loss, fixed kappa_D",0.005,O29760-Na1120-Cl640-F480-3-allSk.dat,3,main,29760,1120,640,480,2240,0.93,0.035,0.02,0.015,0.07,0.42857142857142855,228,0.8447711419080328,1,0.46472640791409303,0.46472640791409303,0.06609445989063706,-0.004549318512605316,-0.09077131068754761,0.09786448250547555,0.465457709860126,0.23067452171228392,0.44463840166672314,0.5175926233103911,-0.24530332858287934,0.962448263088186
matrix_BC_s_loss,"BC S-loss, fixed kappa_D",0.01,O29760-Na1120-Cl640-F480-3-allSk.dat,3,main,29760,1120,640,480,2240,0.93,0.035,0.02,0.015,0.07,0.42857142857142855,461,0.7117719983218249,1,0.46472640791409303,0.46472640791409303,0.06698964500231802,-0.007614395533364349,-0.09475243782153578,0.09777950966428199,0.45590888994641976,0.22876311971299135,0.4322594352336786,0.5313178574367377,-0.2640715785997021,0.9652107879187996
matrix_BC_s_loss,"BC S-loss, fixed kappa_D",0.0025,O29760-Na1120-Cl480-F640-3-allSk.dat,3,main,29760,1120,480,640,2240,0.93,0.035,0.015,0.02,0.07,0.5714285714285714,86,0.9560062179420348,1,0.46472640791409303,0.46472640791409303,0.05997357165362685,0.010162819348952863,-0.07100331733155182,0.07493482287039409,0.5070685739906827,0.20007554296578323,0.49751816933341747,0.4983993132919908,-0.16695140148274284,0.8027388292776424
matrix_BC_s_loss,"BC S-loss, fixed kappa_D",0.005,O29760-Na1120-Cl480-F640-3-allSk.dat,3,main,29760,1120,480,640,2240,0.93,0.035,0.015,0.02,0.07,0.5714285714285714,228,0.886504611878529,1,0.46472640791409303,0.46472640791409303,0.06435730225100698,0.00710511433951648,-0.09305362676705188,0.08998598748406234,0.49392010255306207,0.19295796058687328,0.48628838371479177,0.5928803082437422,-0.25819001974109446,0.866898180483839
matrix_BC_s_loss,"BC S-loss, fixed kappa_D",0.01,O29760-Na1120-Cl480-F640-3-allSk.dat,3,main,29760,1120,480,640,2240,0.93,0.035,0.015,0.02,0.07,0.5714285714285714,461,0.7756282477248561,1,0.46472640791409303,0.46472640791409303,0.06674395758627921,0.0061842542620314245,-0.10339823411074545,0.09772649685721949,0.48530246809434185,0.18548109426573978,0.48136348105587634,0.6363766455258393,-0.3057499172348635,0.9015712260814815
matrix_BC_s_loss,"BC S-loss, fixed kappa_D",0.0025,O29760-Na1120-Cl320-F800-3-allSk.dat,3,main,29760,1120,320,800,2240,0.93,0.035,0.01,0.025,0.07,0.7142857142857143,86,0.9792353491384838,1,0.46472640791409303,0.46472640791409303,0.06407253927203106,0.03219930778068082,-0.09918630092652361,0.10082965948115438,0.5455683865446418,0.13613557349544786,0.5594255238232334,0.7090662083781704,-0.2873750632434988,0.8436731548449871
matrix_BC_s_loss,"BC S-loss, fixed kappa_D",0.005,O29760-Na1120-Cl320-F800-3-allSk.dat,3,main,29760,1120,320,800,2240,0.93,0.035,0.01,0.025,0.07,0.7142857142857143,228,0.9182665841915314,1,0.46472640791409303,0.46472640791409303,0.0634896880725418,0.0277338494165124,-0.09778570074235014,0.09466024055640047,0.5482655193201729,0.13492685474456975,0.5633812752210298,0.7091086074283637,-0.28883205407045115,0.8492751449279097
matrix_BC_s_loss,"BC S-loss, fixed kappa_D",0.01,O29760-Na1120-Cl320-F800-3-allSk.dat,3,main,29760,1120,320,800,2240,0.93,0.035,0.01,0.025,0.07,0.7142857142857143,461,0.8204745611569642,1,0.46472640791409303,0.46472640791409303,0.0636988932176889,0.024189147094231464,-0.1021656164177587,0.09323619410596312,0.5404377966727621,0.13949433083668333,0.5512306633587295,0.7433387099840784,-0.3050767612002243,0.8451724019802326
matrix_BC_s_loss,"BC S-loss, fixed kappa_D",0.0025,O29760-Na1120-Cl160-F960-3-allSk.dat,3,main,29760,1120,160,960,2240,0.93,0.035,0.005,0.03,0.07,0.8571428571428571,86,0.9805506508852174,1,0.46472640791409303,0.46472640791409303,0.06231487441167158,0.04821880426267877,-0.1000945206310974,0.09294567813472951,0.5155557031632239,0.022268958949751963,0.5477725402093852,0.8745904573114335,-0.3329968342905956,0.7276073541298836
matrix_BC_s_loss,"BC S-loss, fixed kappa_D",0.005,O29760-Na1120-Cl160-F960-3-allSk.dat,3,main,29760,1120,160,960,2240,0.93,0.035,0.005,0.03,0.07,0.8571428571428571,222,0.9469251760477227,1,0.46472640791409303,0.46472640791409303,0.06093163051838323,0.04512542651281712,-0.09260983232609973,0.08654883708304639,0.5668126014303145,0.0698617259735961,0.5837066522124034,0.8470882430571229,-0.2703630386370907,0.7408504911489284
matrix_BC_s_loss,"BC S-loss, fixed kappa_D",0.01,O29760-Na1120-Cl160-F960-3-allSk.dat,3,main,29760,1120,160,960,2240,0.93,0.035,0.005,0.03,0.07,0.8571428571428571,461,0.8727777012473323,1,0.46472640791409303,0.46472640791409303,0.05972733428631844,0.040964238536032815,-0.09141344461082929,0.08156581713107666,0.5745112555694393,0.07918326652923935,0.5882166460831377,0.8711143731345923,-0.27010325062587726,0.7456157832754073
matrix_BC_s_loss,"BC S-loss, fixed kappa_D",0.0025,O29440-Na1280-Cl960-F320-3-allSk.dat,3,main,29440,1280,960,320,2560,0.92,0.04,0.03,0.01,0.08,0.25,86,0.9680586163232257,1,0.4987430402726989,0.4987430402726989,0.0574480692446851,-0.029092300267166006,-0.06725473120879519,0.058304010968689535,0.32931397800227546,0.21593745425376099,0.2846133139799569,0.34921638754990625,-0.1729856175645792,0.8688465065604443
matrix_BC_s_loss,"BC S-loss, fixed kappa_D",0.005,O29440-Na1280-Cl960-F320-3-allSk.dat,3,main,29440,1280,960,320,2560,0.92,0.04,0.03,0.01,0.08,0.25,228,0.8927401642166115,1,0.4987430402726989,0.4987430402726989,0.0627035828959542,-0.02895458175153512,-0.07864854718772396,0.07831411616754597,0.33984238399985756,0.24048564352713211,0.26315141491982486,0.39241475024762296,-0.19871099801407036,0.8704803744227377
matrix_BC_s_loss,"BC S-loss, fixed kappa_D",0.01,O29440-Na1280-Cl960-F320-3-allSk.dat,3,main,29440,1280,960,320,2560,0.92,0.04,0.03,0.01,0.08,0.25,461,0.7840031168103889,1,0.4987430402726989,0.4987430402726989,0.0641883391639886,-0.03321158798940138,-0.0844461370284304,0.07984182385736217,0.3504068162171241,0.24860046171988798,0.2702250019503208,0.4103314490129619,-0.21351399419403227,0.9102670899716717
matrix_BC_s_loss,"BC S-loss, fixed kappa_D",0.0025,O29440-Na1280-Cl800-F480-3-allSk.dat,3,main,29440,1280,800,480,2560,0.92,0.04,0.025,0.015,0.08,0.375,86,0.9665106852375,1,0.4987430402726989,0.4987430402726989,0.07339606157822694,-0.02346217460159322,-0.11572185301122376,0.11108269914825035,0.47087088572939123,0.24909624647483825,0.44734706511297373,0.5380902670179143,-0.2878990805016235,1.1021908130293305
matrix_BC_s_loss,"BC S-loss, fixed kappa_D",0.005,O29440-Na1280-Cl800-F480-3-allSk.dat,3,main,29440,1280,800,480,2560,0.92,0.04,0.025,0.015,0.08,0.375,228,0.8627751019657625,1,0.4987430402726989,0.4987430402726989,0.07036909706039793,-0.014316032234178128,-0.10315443981221106,0.10979382641670121,0.4670046340516171,0.22900414738559033,0.46697229094882536,0.4974385425471943,-0.2682281902984507,1.1088436625651577
matrix_BC_s_loss,"BC S-loss, fixed kappa_D",0.01,O29440-Na1280-Cl800-F480-3-allSk.dat,3,main,29440,1280,800,480,2560,0.92,0.04,0.025,0.015,0.08,0.375,461,0.7061137065610299,1,0.4987430402726989,0.4987430402726989,0.068882373956387,-0.014285054899793093,-0.09918194436908978,0.10471594262722662,0.4415389196019541,0.21994509738868423,0.43708213664758794,0.4859503770568059,-0.26819039912205533,1.0599844567854948
matrix_BC_s_loss,"BC S-loss, fixed kappa_D",0.0025,O29440-Na1280-Cl640-F640-3-allSk.dat,3,main,29440,1280,640,640,2560,0.92,0.04,0.02,0.02,0.08,0.5,86,0.9704028073878225,1,0.4987430402726989,0.4987430402726989,0.06782158919475746,0.02064025298606026,-0.09049145150782964,0.11968117721152784,0.42971311727742034,0.11371309303929075,0.4939930253440575,0.45951623146268744,-0.29870163306712894,0.9973132692264111
matrix_BC_s_loss,"BC S-loss, fixed kappa_D",0.005,O29440-Na1280-Cl640-F640-3-allSk.dat,3,main,29440,1280,640,640,2560,0.92,0.04,0.02,0.02,0.08,0.5,228,0.8826684362794012,1,0.4987430402726989,0.4987430402726989,0.06729244474910412,0.011305566374550505,-0.09490958939677868,0.11089807469397725,0.4526162168792843,0.1614158301468569,0.47868016231382915,0.5044253215774872,-0.27614886540209027,0.953104842985262
matrix_BC_s_loss,"BC S-loss, fixed kappa_D",0.01,O29440-Na1280-Cl640-F640-3-allSk.dat,3,main,29440,1280,640,640,2560,0.92,0.04,0.02,0.02,0.08,0.5,461,0.7401041958179398,1,0.4987430402726989,0.4987430402726989,0.06728186853489795,0.0010906200828346702,-0.10065106077047992,0.10219343048302118,0.4432556430841893,0.17618546735329232,0.4506726746947763,0.539362483352652,-0.29019860592858365,0.9275460146728943
matrix_BC_s_loss,"BC S-loss, fixed kappa_D",0.0025,O29440-Na1280-Cl480-F800-3-allSk.dat,3,main,29440,1280,480,800,2560,0.92,0.04,0.015,0.025,0.08,0.625,86,0.9937953605214309,1,0.4987430402726989,0.4987430402726989,0.06979194542167205,0.006932536769592115,-0.11502463533574993,0.09786674187369891,0.4067450612988648,0.1564232832143317,0.3933313741220489,0.6358026136963043,-0.29462904524863776,0.7257478840831877
matrix_BC_s_loss,"BC S-loss, fixed kappa_D",0.005,O29440-Na1280-Cl480-F800-3-allSk.dat,3,main,29440,1280,480,800,2560,0.92,0.04,0.015,0.025,0.08,0.625,222,0.9391084454682574,1,0.4987430402726989,0.4987430402726989,0.06654653856809054,0.011689469358038704,-0.10649576795621682,0.09727740627125883,0.4398159172213356,0.13893405646242088,0.4487101624661985,0.6161153498048578,-0.30150167263231975,0.8011206404546845
matrix_BC_s_loss,"BC S-loss, fixed kappa_D",0.01,O29440-Na1280-Cl480-F800-3-allSk.dat,3,main,29440,1280,480,800,2560,0.92,0.04,0.015,0.025,0.08,0.625,461,0.814924672395825,1,0.4987430402726989,0.4987430402726989,0.06645440917543902,0.011369600543269825,-0.10908047914287568,0.0988749093445448,0.45629323297680424,0.137963739959173,0.470304105402948,0.6388641282278287,-0.3203501647086711,0.8430350369747842
matrix_BC_s_loss,"BC S-loss, fixed kappa_D",0.0025,O29440-Na1280-Cl320-F960-3-allSk.dat,3,main,29440,1280,320,960,2560,0.92,0.04,0.01,0.03,0.08,0.75,86,0.9890956723405219,1,0.4987430402726989,0.4987430402726989,0.06219693930829401,0.025640470364852813,-0.09606741243801764,0.08507161136603303,0.414438690987691,0.0812754104740121,0.4316281994930109,0.6526630058939952,-0.282966401911672,0.6617720426495703
matrix_BC_s_loss,"BC S-loss, fixed kappa_D",0.005,O29440-Na1280-Cl320-F960-3-allSk.dat,3,main,29440,1280,320,960,2560,0.92,0.04,0.01,0.03,0.08,0.75,222,0.9627234333847814,1,0.4987430402726989,0.4987430402726989,0.0624057654995258,0.02271299024337254,-0.10155909264041935,0.0848618715368252,0.4822940174978221,0.11102129732564926,0.4928069857650821,0.7081502387202345,-0.280654379158335,0.7310803731363085
matrix_BC_s_loss,"BC S-loss, fixed kappa_D",0.01,O29440-Na1280-Cl320-F960-3-allSk.dat,3,main,29440,1280,320,960,2560,0.92,0.04,0.01,0.03,0.08,0.75,461,0.8971372752804054,1,0.4987430402726989,0.4987430402726989,0.06254866091745953,0.02082360283106366,-0.10663163259549949,0.08560882718316584,0.5031263773570624,0.11021397896856006,0.5173282283810448,0.7496620388709482,-0.30555343909147,0.7737705441416529
matrix_BC_s_loss,"BC S-loss, fixed kappa_D",0.0025,O29376-Na1312-Cl1280-F32-3-allSk.dat,3,main,29376,1312,1280,32,2624,0.918,0.041,0.04,0.001,0.082,0.024390243902439025,86,0.8941397498040522,1,0.5048041082417978,0.5048041082417978,0.054733427713719085,-0.04335467931606183,-0.04934662896242818,0.034490086810205114,0.24873912115792213,0.24136590877779607,0.06617545297551061,0.25755647425477624,-0.08343426895011048,0.9514142964574192
matrix_BC_s_loss,"BC S-loss, fixed kappa_D",0.005,O29376-Na1312-Cl1280-F32-3-allSk.dat,3,main,29376,1312,1280,32,2624,0.918,0.041,0.04,0.001,0.082,0.024390243902439025,228,0.7678178790126955,1,0.5048041082417978,0.5048041082417978,0.058352198030771504,-0.05295454750322839,-0.05856434803837614,0.03131891236795458,0.2776525272119274,0.26776873149533065,0.08432547117655782,0.2820785456852983,-0.06946491220240858,0.9792811483700316
matrix_BC_s_loss,"BC S-loss, fixed kappa_D",0.01,O29376-Na1312-Cl1280-F32-3-allSk.dat,3,main,29376,1312,1280,32,2624,0.918,0.041,0.04,0.001,0.082,0.024390243902439025,467,0.6858719375514363,1,0.5048041082417978,0.5048041082417978,0.05948455496657844,-0.058218454345349446,-0.06371893606473028,0.030213940009802827,0.29351876034744695,0.28364107151346807,0.08553344061545722,0.2979267521603357,-0.06806520570699011,0.9781634055998176
matrix_BC_s_loss,"BC S-loss, fixed kappa_D",0.0025,O29376-Na1312-Cl32-F1280-3-allSk.dat,3,main,29376,1312,32,1280,2624,0.918,0.041,0.001,0.04,0.082,0.975609756097561,86,0.9733680706362193,1,0.5048041082417978,0.5048041082417978,0.044882690475126524,0.020627172963464592,-0.02591884347589987,0.024981549947066767,0.4818665104591161,0.14979656376393646,0.464167743007062,0.8103036125691495,0.02353721139464078,0.46621246312877185
matrix_BC_s_loss,"BC S-loss, fixed kappa_D",0.005,O29376-Na1312-Cl32-F1280-3-allSk.dat,3,main,29376,1312,32,1280,2624,0.918,0.041,0.001,0.04,0.082,0.975609756097561,222,0.9306139248380351,1,0.5048041082417978,0.5048041082417978,0.04780351376033811,0.04071789146332666,-0.03950085440274016,0.04746935664604819,0.6034361401591215,0.06663336227717573,0.6003968690586822,0.8756107602638006,-0.07098507966268652,0.6190792278187632
matrix_BC_s_loss,"BC S-loss, fixed kappa_D",0.01,O29376-Na1312-Cl32-F1280-3-allSk.dat,3,main,29376,1312,32,1280,2624,0.918,0.041,0.001,0.04,0.082,0.975609756097561,461,0.8537590967017568,1,0.5048041082417978,0.5048041082417978,0.04757970114415711,0.0392027437257835,-0.04249961840511149,0.04640953269642925,0.5848016378737972,0.04306708372812611,0.58525702920643,0.9387605688657917,-0.1048289796879151,0.6091024986595313
matrix_BC_s_loss,"BC S-loss, fixed kappa_D",0.0025,O29120-Na1440-Cl960-F480-3-allSk.dat,3,main,29120,1440,960,480,2880,0.91,0.045,0.03,0.015,0.09,0.3333333333333333,86,0.9352978487187016,1,0.5302846053397241,0.5302846053397241,0.062313003912536066,-0.004931511156291077,-0.07840926907862071,0.1023458238659579,0.3649076999588925,0.15749753629330857,0.4093035245355556,0.3633131187959475,-0.24100860506236274,1.0497721381404113
matrix_BC_s_loss,"BC S-loss, fixed kappa_D",0.005,O29120-Na1440-Cl960-F480-3-allSk.dat,3,main,29120,1440,960,480,2880,0.91,0.045,0.03,0.015,0.09,0.3333333333333333,228,0.834619091601081,1,0.5302846053397241,0.5302846053397241,0.06741890173330455,-0.014683389842513932,-0.09613387511987122,0.11052145276342841,0.3772326175738028,0.19086691045133186,0.38345948654150197,0.4277134108606713,-0.2742869200626112,1.0520715956682454
matrix_BC_s_loss,"BC S-loss, fixed kappa_D",0.01,O29120-Na1440-Cl960-F480-3-allSk.dat,3,main,29120,1440,960,480,2880,0.91,0.045,0.03,0.015,0.09,0.3333333333333333,461,0.6769018544864757,1,0.5302846053397241,0.5302846053397241,0.06810935527411699,-0.019205830484801095,-0.09897207038120576,0.10670217002801496,0.3717667920011991,0.1961868951835215,0.36646880438456264,0.4382544375192614,-0.2799796990728825,1.030693676201091
matrix_BC_s_loss,"BC S-loss, fixed kappa_D",0.0025,O29120-Na1440-Cl800-F640-3-allSk.dat,3,main,29120,1440,800,640,2880,0.91,0.045,0.025,0.02,0.09,0.4444444444444444,86,0.9740889274853002,1,0.5302846053397241,0.5302846053397241,0.0651962972299937,-0.0042487990001046985,-0.09666466233228257,0.10170117949836656,0.41544199826387446,0.1703824379627093,0.43266964066743224,0.4707348773800378,-0.2707239356568325,0.9516830226336268
matrix_BC_s_loss,"BC S-loss, fixed kappa_D",0.005,O29120-Na1440-Cl800-F640-3-allSk.dat,3,main,29120,1440,800,640,2880,0.91,0.045,0.025,0.02,0.09,0.4444444444444444,228,0.8712719957351749,1,0.5302846053397241,0.5302846053397241,0.0690183185240939,-0.005767743461849523,-0.10594235429143221,0.1097955377532302,0.42710152745470137,0.17407142756782581,0.4460345186910074,0.49449042418957057,-0.2917499600035543,0.9952381495369073
matrix_BC_s_loss,"BC S-loss, fixed kappa_D",0.01,O29120-Na1440-Cl800-F640-3-allSk.dat,3,main,29120,1440,800,640,2880,0.91,0.045,0.025,0.02,0.09,0.4444444444444444,461,0.7129047067683372,1,0.5302846053397241,0.5302846053397241,0.06866011007925213,-0.009653229354047027,-0.107340334653625,0.10553029847547027,0.41927564225628877,0.18474482209406162,0.4223624730377193,0.513621646962547,-0.297129225520734,0.9657442827396923
matrix_BC_s_loss,"BC S-loss, fixed kappa_D",0.0025,O29120-Na1440-Cl640-F800-3-allSk.dat,3,main,29120,1440,640,800,2880,0.91,0.045,0.02,0.025,0.09,0.5555555555555556,86,0.9584331681724103,1,0.5302846053397241,0.5302846053397241,0.0631650349044457,-0.006525138839060349,-0.09415701266285992,0.07546219994492752,0.44143744879718333,0.17827688986003676,0.43279478817703676,0.49506686242213593,-0.20361771638680184,0.7627763621085506
matrix_BC_s_loss,"BC S-loss, fixed kappa_D",0.005,O29120-Na1440-Cl640-F800-3-allSk.dat,3,main,29120,1440,640,800,2880,0.91,0.045,0.02,0.025,0.09,0.5555555555555556,222,0.9134613483415922,1,0.5302846053397241,0.5302846053397241,0.0652966830577687,-0.00032392151084502385,-0.10781084646104526,0.0959943662489016,0.4614113233987849,0.16432281325233725,0.4720734585502015,0.5733649780192912,-0.2923710382957854,0.894857612727636
matrix_BC_s_loss,"BC S-loss, fixed kappa_D",0.01,O29120-Na1440-Cl640-F800-3-allSk.dat,3,main,29120,1440,640,800,2880,0.91,0.045,0.02,0.025,0.09,0.5555555555555556,461,0.7752057927696645,1,0.5302846053397241,0.5302846053397241,0.06807042818569459,0.0023640321355495597,-0.1150425342222145,0.10606885266353669,0.4520358737422653,0.15322260969618356,0.4694232967854963,0.5958985875543146,-0.3274181972046719,0.9226491795086882
matrix_BC_s_loss,"BC S-loss, fixed kappa_D",0.0025,O29120-Na1440-Cl480-F960-3-allSk.dat,3,main,29120,1440,480,960,2880,0.91,0.045,0.015,0.03,0.09,0.6666666666666666,86,0.899342565433968,1,0.5302846053397241,0.5302846053397241,-1.3496663600556535,-2.4524186505648813,3.894486192567766,-5.757404760786465,-3.8633197215329904,7.081132993839288,-9.73869817392107,-10.786375160015227,16.299700337915347,-23.45304928278907
matrix_BC_s_loss,"BC S-loss, fixed kappa_D",0.005,O29120-Na1440-Cl480-F960-3-allSk.dat,3,main,29120,1440,480,960,2880,0.91,0.045,0.015,0.03,0.09,0.6666666666666666,222,0.9477197678848504,1,0.5302846053397241,0.5302846053397241,0.06476603896735642,0.02149259180030992,-0.10686145493437163,0.1018854010118973,0.49068596212540777,0.09083494656906702,0.5367351088892358,0.602229615825308,-0.31459101022785063,0.8798130085403373
matrix_BC_s_loss,"BC S-loss, fixed kappa_D",0.01,O29120-Na1440-Cl480-F960-3-allSk.dat,3,main,29120,1440,480,960,2880,0.91,0.045,0.015,0.03,0.09,0.6666666666666666,461,0.8361832993195919,1,0.5302846053397241,0.5302846053397241,0.06467258957410887,0.01653972777341353,-0.11180664223141329,0.0993161816682318,0.486234947726534,0.10756232996375281,0.5194557056018352,0.6444787859050947,-0.32397890786632927,0.86528839406464
matrix_BC_s_loss,"BC S-loss, fixed kappa_D",0.0025,O28800-Na1600-Cl960-F640-3-allSk.dat,3,main,28800,1600,960,640,3200,0.9,0.05,0.03,0.02,0.1,0.4,86,0.9684500633555752,1,0.5598492526579522,0.5598492526579522,0.07597353909544824,0.012591440842783732,-0.12135923239019282,0.16854291350914202,0.38407607564531754,0.11134288634314346,0.4709109678944626,0.48774502491124855,-0.4213146567560198,1.2605785819545068
matrix_BC_s_loss,"BC S-loss, fixed kappa_D",0.005,O28800-Na1600-Cl960-F640-3-allSk.dat,3,main,28800,1600,960,640,3200,0.9,0.05,0.03,0.02,0.1,0.4,222,0.8784430702570495,1,0.5598492526579522,0.5598492526579522,0.07246111097202754,-0.0030920993317438694,-0.11210082163225839,0.13240586805299415,0.3780052617231565,0.14303287604724033,0.4225000159073732,0.4577218527307806,-0.33443765735896913,1.0776319865129504
matrix_BC_s_loss,"BC S-loss, fixed kappa_D",0.01,O28800-Na1600-Cl960-F640-3-allSk.dat,3,main,28800,1600,960,640,3200,0.9,0.05,0.03,0.02,0.1,0.4,461,0.6987534237991061,1,0.5598492526579522,0.5598492526579522,0.07090985953636797,-0.01201403353297617,-0.11100694575810405,0.11695933258116015,0.3750823881851868,0.16159042088986503,0.39515028918943973,0.4694656783230663,-0.31947879278193625,1.0160674789344726
matrix_BC_s_loss,"BC S-loss, fixed kappa_D",0.0025,O28800-Na1600-Cl800-F800-3-allSk.dat,3,main,28800,1600,800,800,3200,0.9,0.05,0.025,0.025,0.1,0.5,86,0.9585728566068004,1,0.5598492526579522,0.5598492526579522,0.051538280449518845,-0.02153938518833102,-0.06943102159029191,0.03896973093177601,0.27768760419403604,0.15155589852420878,0.2411536774298889,0.3936512186802531,-0.17931881152967638,0.5203616127671716
matrix_BC_s_loss,"BC S-loss, fixed kappa_D",0.005,O28800-Na1600-Cl800-F800-3-allSk.dat,3,main,28800,1600,800,800,3200,0.9,0.05,0.025,0.025,0.1,0.5,222,0.9111494278427149,1,0.5598492526579522,0.5598492526579522,0.06861331275308016,-0.0063144053192366045,-0.11395190967146543,0.1050219920306802,0.36761719038141466,0.1298986652763831,0.38999055112250564,0.5141595055819931,-0.3304550514139692,0.8819849780087745
matrix_BC_s_loss,"BC S-loss, fixed kappa_D",0.01,O28800-Na1600-Cl800-F800-3-allSk.dat,3,main,28800,1600,800,800,3200,0.9,0.05,0.025,0.025,0.1,0.5,461,0.7388329996865445,1,0.5598492526579522,0.5598492526579522,0.07023989954688015,-0.004577786620962976,-0.11971568054323126,0.1132417126182153,0.3852685782556302,0.13201360454547806,0.4128384439798344,0.5382297960699178,-0.35153436610394445,0.9353760926492315
matrix_BC_s_loss,"BC S-loss, fixed kappa_D",0.0025,O28800-Na1600-Cl640-F960-3-allSk.dat,3,main,28800,1600,640,960,3200,0.9,0.05,0.02,0.03,0.1,0.6,86,0.9774991660944484,1,0.5598492526579522,0.5598492526579522,0.04237933137875016,-0.00708973146426474,-0.04552530972625088,0.028018455773766243,0.4593149881441108,0.16411500987957345,0.45897375546960767,0.3753709066904091,-0.09461749518370749,0.6697874317401316
matrix_BC_s_loss,"BC S-loss, fixed kappa_D",0.005,O28800-Na1600-Cl640-F960-3-allSk.dat,3,main,28800,1600,640,960,3200,0.9,0.05,0.02,0.03,0.1,0.6,222,0.9398507710135461,1,0.5598492526579522,0.5598492526579522,0.0702872540592571,0.011534621910654408,-0.1262921154394855,0.11800821330939085,0.45584534639408136,0.10309473102081504,0.5043173162866502,0.6058500803826292,-0.3615797937454215,0.946299521053094
matrix_BC_s_loss,"BC S-loss, fixed kappa_D",0.01,O28800-Na1600-Cl640-F960-3-allSk.dat,3,main,28800,1600,640,960,3200,0.9,0.05,0.02,0.03,0.1,0.6,461,0.8059826705326193,1,0.5598492526579522,0.5598492526579522,0.06978638712939106,0.010390925747200797,-0.12554853804401933,0.11592457951027849,0.4391004487817214,0.10555085529027841,0.4806943293560938,0.6155805810452326,-0.36635387146986964,0.9197003942022822
matrix_BC_s_loss,"BC S-loss, fixed kappa_D",0.0025,O28736-Na1632-Cl1600-F32-3-allSk.dat,3,main,28736,1632,1600,32,3264,0.898,0.051,0.05,0.001,0.102,0.0196078431372549,86,0.9439766922970393,1,0.5657081512163484,0.5657081512163484,0.05221660436217068,-0.04363439816626834,-0.04777384213837261,0.026200145866842224,0.2137905145731974,0.20516928462412906,0.07600373403669106,0.2158168129384303,-0.0608535573497724,0.9730748575385205
matrix_BC_s_loss,"BC S-loss, fixed kappa_D",0.005,O28736-Na1632-Cl1600-F32-3-allSk.dat,3,main,28736,1632,1600,32,3264,0.898,0.051,0.05,0.001,0.102,0.0196078431372549,228,0.849743661063988,1,0.5657081512163484,0.5657081512163484,0.05693858091139642,-0.05539137046374455,-0.06007405767714896,0.02921422784330427,0.24747224840936072,0.24057826292094986,0.06616013889118899,0.25076485421787886,-0.055102842894054885,0.8621138354443122
matrix_BC_s_loss,"BC S-loss, fixed kappa_D",0.01,O28736-Na1632-Cl1600-F32-3-allSk.dat,3,main,28736,1632,1600,32,3264,0.898,0.051,0.05,0.001,0.102,0.0196078431372549,461,0.7426240455549173,1,0.5657081512163484,0.5657081512163484,0.05798279375021541,-0.06037024288014606,-0.06467369968633901,0.0261823473840148,0.2517969054238708,0.24494666391711167,0.06615510776502581,0.25606132094219713,-0.06135789520373291,0.9063078050654021
matrix_BC_s_loss,"BC S-loss, fixed kappa_D",0.0025,O28672-Na1664-Cl960-F704-3-allSk.dat,3,main,28672,1664,960,704,3328,0.896,0.052,0.03,0.022,0.104,0.4230769230769231,86,0.9670678472790932,1,0.5716909750094119,0.5716909750094119,0.04370320915246751,-0.05887252611895505,-0.07218504920565513,-0.006217364754780602,0.2244693940134146,0.1798608105146659,0.13506981489819836,0.38652173601002704,-0.1748399353630169,0.4118270428865314
matrix_BC_s_loss,"BC S-loss, fixed kappa_D",0.005,O28672-Na1664-Cl960-F704-3-allSk.dat,3,main,28672,1664,960,704,3328,0.896,0.052,0.03,0.022,0.104,0.4230769230769231,222,0.9448692948045788,1,0.5716909750094119,0.5716909750094119,0.07117890287128223,-0.004587604930850239,-0.11291622005082638,0.12480469720728556,0.370893733804995,0.12975712737652959,0.41869288223318757,0.46564683965292186,-0.34426816503016616,1.0457221620565043
matrix_BC_s_loss,"BC S-loss, fixed kappa_D",0.01,O28672-Na1664-Cl960-F704-3-allSk.dat,3,main,28672,1664,960,704,3328,0.896,0.052,0.03,0.022,0.104,0.4230769230769231,461,0.8301825748678924,1,0.5716909750094119,0.5716909750094119,0.07224521547042395,-0.009155625851101745,-0.11602339271004392,0.1214101619313446,0.367113548553183,0.14694695753907383,0.39280778224922064,0.4729987260116962,-0.3264254635658636,0.9850903064010464
matrix_BC_s_loss,"BC S-loss, fixed kappa_D",0.0025,O28672-Na1664-Cl704-F960-3-allSk.dat,3,main,28672,1664,704,960,3328,0.896,0.052,0.022,0.03,0.104,0.5769230769230769,86,0.9907373273413493,1,0.5716909750094119,0.5716909750094119,0.059043429486149955,0.0066869464332236644,-0.08572646102981146,0.08221552940631027,0.4244834264236651,0.09603392529092669,0.476619859211011,0.417598248134759,-0.2311752370492715,0.8254658486789875
matrix_BC_s_loss,"BC S-loss, fixed kappa_D",0.005,O28672-Na1664-Cl704-F960-3-allSk.dat,3,main,28672,1664,704,960,3328,0.896,0.052,0.022,0.03,0.104,0.5769230769230769,222,0.9617143924694428,1,0.5716909750094119,0.5716909750094119,0.06174241267348678,0.010116740248343012,-0.09897105313156476,0.09807305385289866,0.4110376984826731,0.08713730025955677,0.46653635031746443,0.48741578871453534,-0.30267635796159803,0.8734201941899776
matrix_BC_s_loss,"BC S-loss, fixed kappa_D",0.01,O28672-Na1664-Cl704-F960-3-allSk.dat,3,main,28672,1664,704,960,3328,0.896,0.052,0.022,0.03,0.104,0.5769230769230769,461,0.8823515773512847,1,0.5716909750094119,0.5716909750094119,0.06789556843175337,0.005023977324705192,-0.11774901089217807,0.10744860222207078,0.4064784943590771,0.09739738485996469,0.45174766763810015,0.5527342078984155,-0.34510368130766916,0.8902825777836343
matrix_BC_s_loss,"BC S-loss, fixed kappa_D",0.0025,O28480-Na1760-Cl1600-F160-3-allSk.dat,3,main,28480,1760,1600,160,3520,0.89,0.055,0.05,0.005,0.11,0.09090909090909091,86,0.9400018926077578,1,0.5888069257011409,0.5888069257011409,0.05759858890084622,-0.04656857235931921,-0.064067693796588,0.04814935529308112,0.2301587258492081,0.20056825044971333,0.12909763813191083,0.2521717385746121,-0.13222742382058683,0.8463082554140839
matrix_BC_s_loss,"BC S-loss, fixed kappa_D",0.005,O28480-Na1760-Cl1600-F160-3-allSk.dat,3,main,28480,1760,1600,160,3520,0.89,0.055,0.05,0.005,0.11,0.09090909090909091,228,0.800099924970687,1,0.5888069257011409,0.5888069257011409,0.06160203259900673,-0.05228089521450099,-0.07299362418794272,0.05742999397387047,0.26065171308117485,0.22244005422686586,0.16106671904536674,0.274287333281126,-0.12962250828524088,0.9441002354924795
matrix_BC_s_loss,"BC S-loss, fixed kappa_D",0.01,O28480-Na1760-Cl1600-F160-3-allSk.dat,3,main,28480,1760,1600,160,3520,0.89,0.055,0.05,0.005,0.11,0.09090909090909091,461,0.6637723800301311,1,0.5888069257011409,0.5888069257011409,0.06187044153149773,-0.05395305584774618,-0.07476707067156149,0.05749219476084459,0.26260700787987756,0.22076182904480407,0.17285871224916308,0.27277969884959613,-0.13042099284533828,0.9857348823662782
matrix_BC_s_loss,"BC S-loss, fixed kappa_D",0.0025,O28480-Na1760-Cl960-F800-3-allSk.dat,3,main,28480,1760,960,800,3520,0.89,0.055,0.03,0.025,0.11,0.45454545454545453,86,0.9552419142386263,1,0.5888069257011409,0.5888069257011409,0.04557779074370003,-0.011268399304375995,-0.05482038639514279,0.04333898730491739,0.43455203302731854,0.13028660798326364,0.5018229977137765,0.31084542219148753,-0.1472678302601279,0.9056476165435718
matrix_BC_s_loss,"BC S-loss, fixed kappa_D",0.005,O28480-Na1760-Cl960-F800-3-allSk.dat,3,main,28480,1760,960,800,3520,0.89,0.055,0.03,0.025,0.11,0.45454545454545453,222,0.8910623329547216,1,0.5888069257011409,0.5888069257011409,0.06893174941752653,0.004708076309871967,-0.10856020165822286,0.1259049482723175,0.4106692372951529,0.10572760367978322,0.49330212829224174,0.450689020205282,-0.33688570668181755,1.1007251012057995
matrix_BC_s_loss,"BC S-loss, fixed kappa_D",0.01,O28480-Na1760-Cl960-F800-3-allSk.dat,3,main,28480,1760,960,800,3520,0.89,0.055,0.03,0.025,0.11,0.45454545454545453,461,0.7250277271160508,1,0.5888069257011409,0.5888069257011409,0.07004432860676431,-0.0033618606271083318,-0.11448759363707703,0.12042843003970653,0.38504859984113093,0.12072323819218816,0.43887368717415853,0.4770244561191461,-0.34349261090854044,1.0272321776313234
matrix_BC_s_loss,"BC S-loss, fixed kappa_D",0.0025,O28480-Na1760-Cl800-F960-3-allSk.dat,3,main,28480,1760,800,960,3520,0.89,0.055,0.025,0.03,0.11,0.5454545454545454,86,0.9417215847849056,1,0.5888069257011409,0.5888069257011409,0.050461872888461184,-0.02261759102588698,-0.06797450106482152,0.03142758292816025,0.3540263138408546,0.124245822227603,0.3659334957994094,0.36015007985174485,-0.16054089947137723,0.642029415640586
matrix_BC_s_loss,"BC S-loss, fixed kappa_D",0.005,O28480-Na1760-Cl800-F960-3-allSk.dat,3,main,28480,1760,800,960,3520,0.89,0.055,0.025,0.03,0.11,0.5454545454545454,222,0.9128456482452055,1,0.5888069257011409,0.5888069257011409,0.06469986896558481,0.009363661594077186,-0.10725528437103553,0.11058868883579538,0.44074315639537537,0.08241079810702295,0.5215386330140496,0.47980726524375716,-0.32641735591842463,1.0041435623474357
matrix_BC_s_loss,"BC S-loss, fixed kappa_D",0.01,O28480-Na1760-Cl800-F960-3-allSk.dat,3,main,28480,1760,800,960,3520,0.89,0.055,0.025,0.03,0.11,0.5454545454545454,461,0.7487035122739204,1,0.5888069257011409,0.5888069257011409,0.0688048708232886,0.006316384719489365,-0.11775245928890274,0.11604522226366587,0.4150142038763779,0.08676159518269128,0.482729750449033,0.5213790685693673,-0.3584760395588485,0.9808615272705389
matrix_BC_s_loss,"BC S-loss, fixed kappa_D",0.0025,O28224-Na1888-Cl1760-F128-3-allSk.dat,3,main,28224,1888,1760,128,3776,0.882,0.059,0.055,0.004,0.118,0.06779661016949153,86,0.9477341197317928,1,0.610671322963451,0.610671322963451,0.06255979639626173,-0.053038984323212066,-0.07127871140174162,0.06060845137710727,0.27312890130575485,0.22133920999675094,0.2282236922859349,0.2543261689559128,-0.09299730886826818,1.2213529724489005
matrix_BC_s_loss,"BC S-loss, fixed kappa_D",0.005,O28224-Na1888-Cl1760-F128-3-allSk.dat,3,main,28224,1888,1760,128,3776,0.882,0.059,0.055,0.004,0.118,0.06779661016949153,228,0.811420348066838,1,0.610671322963451,0.610671322963451,0.06175751215283313,-0.05471614940034054,-0.07113740381319639,0.05364319411458546,0.24897683447855923,0.21680423961783607,0.15228203981152494,0.25256655969645925,-0.10388938732570469,0.9700824298426198
matrix_BC_s_loss,"BC S-loss, fixed kappa_D",0.01,O28224-Na1888-Cl1760-F128-3-allSk.dat,3,main,28224,1888,1760,128,3776,0.882,0.059,0.055,0.004,0.118,0.06779661016949153,461,0.6747456638651621,1,0.610671322963451,0.610671322963451,0.06175687075714344,-0.05604078028558357,-0.07261752613246997,0.05404429312120229,0.24278666606440302,0.21395581190682472,0.13907049955553388,0.2535336382851944,-0.118415004909318,0.9732049782864309
matrix_BC_s_loss,"BC S-loss, fixed kappa_D",0.0025,O28160-Na1920-Cl1600-F320-3-allSk.dat,3,main,28160,1920,1600,320,3840,0.88,0.06,0.05,0.01,0.12,0.16666666666666666,86,0.9776511804461957,1,0.6162767600248704,0.6162767600248704,0.05490919769659422,-0.05358969474178925,-0.06712837760905602,0.018836207964229676,0.23873192925814804,0.2047554108041194,0.12692439467376693,0.2610161637980083,-0.0821036069345199,0.4944892491658657
matrix_BC_s_loss,"BC S-loss, fixed kappa_D",0.005,O28160-Na1920-Cl1600-F320-3-allSk.dat,3,main,28160,1920,1600,320,3840,0.88,0.06,0.05,0.01,0.12,0.16666666666666666,228,0.8917192917408273,1,0.6162767600248704,0.6162767600248704,0.063285797073237,-0.04736764204954766,-0.07832452654329819,0.05911241231610922,0.26746768421628764,0.20608232317450442,0.19434526543449454,0.28594962237139654,-0.13460625697796066,0.777035475039794
matrix_BC_s_loss,"BC S-loss, fixed kappa_D",0.01,O28160-Na1920-Cl1600-F320-3-allSk.dat,3,main,28160,1920,1600,320,3840,0.88,0.06,0.05,0.01,0.12,0.16666666666666666,461,0.7633270662144385,1,0.6162767600248704,0.6162767600248704,0.06332969465214576,-0.04497384022591014,-0.08046050896505319,0.06975220722315381,0.257036523316985,0.1942014946671664,0.1953605839777572,0.2873744941512916,-0.1668943347015176,0.8517208240498433
matrix_BC_s_loss,"BC S-loss, fixed kappa_D",0.0025,O28160-Na1920-Cl1280-F640-3-allSk.dat,3,main,28160,1920,1280,640,3840,0.88,0.06,0.04,0.02,0.12,0.3333333333333333,86,0.9796237293658316,1,0.6162767600248704,0.6162767600248704,0.06830509859832104,-0.031580186640450175,-0.10029639994138898,0.08714204128054079,0.2888184247054713,0.15208464035626684,0.28516802473141545,0.36941939089119563,-0.2590195886540426,0.8602345227237169
matrix_BC_s_loss,"BC S-loss, fixed kappa_D",0.005,O28160-Na1920-Cl1280-F640-3-allSk.dat,3,main,28160,1920,1280,640,3840,0.88,0.06,0.04,0.02,0.12,0.3333333333333333,222,0.8892534794195248,1,0.6162767600248704,0.6162767600248704,0.06968089040903723,-0.019415181668543474,-0.10389314374802373,0.11329901183793555,0.3054366889657901,0.13278666325228927,0.3412431637107043,0.37436453019933924,-0.2994381485588337,1.0145199880662763
matrix_BC_s_loss,"BC S-loss, fixed kappa_D",0.01,O28160-Na1920-Cl1280-F640-3-allSk.dat,3,main,28160,1920,1280,640,3840,0.88,0.06,0.04,0.02,0.12,0.3333333333333333,461,0.6936134226865605,1,0.6162767600248704,0.6162767600248704,0.07104521848973178,-0.020593350390552767,-0.10598716709607153,0.11421975997026207,0.30408656203375994,0.1378955984535225,0.3316795498168914,0.3806302250688317,-0.299450243879848,0.9979724282652402
matrix_BC_s_loss,"BC S-loss, fixed kappa_D",0.0025,O28160-Na1920-Cl960-F960-3-allSk.dat,3,main,28160,1920,960,960,3840,0.88,0.06,0.03,0.03,0.12,0.5,86,0.9787399464692991,1,0.6162767600248704,0.6162767600248704,0.06009716904916484,-0.005295627084096116,-0.08375175615932348,0.07626260851572444,0.4055323791313157,0.12864215055639658,0.4448672399925379,0.360201833447567,-0.17827435943786954,0.8074116436908032
matrix_BC_s_loss,"BC S-loss, fixed kappa_D",0.005,O28160-Na1920-Cl960-F960-3-allSk.dat,3,main,28160,1920,960,960,3840,0.88,0.06,0.03,0.03,0.12,0.5,222,0.961187618451494,1,0.6162767600248704,0.6162767600248704,0.06440273869311934,-0.006393629358426467,-0.10378954731823513,0.09474758996676164,0.37148165557501533,0.11968936929004996,0.40566502619694755,0.4320873108175039,-0.2628209814956335,0.8365179633237936
matrix_BC_s_loss,"BC S-loss, fixed kappa_D",0.01,O28160-Na1920-Cl960-F960-3-allSk.dat,3,main,28160,1920,960,960,3840,0.88,0.06,0.03,0.03,0.12,0.5,461,0.8686735870011681,1,0.6162767600248704,0.6162767600248704,0.06884741741968031,-0.007470368633543029,-0.11535375412532572,0.10478905748784259,0.34232919707603804,0.10865480703097763,0.37547178627024724,0.47045887573171885,-0.31679777401147885,0.8477950664433145
matrix_BC_s_loss,"BC S-loss, fixed kappa_D",0.0025,O28160-Na1920-Cl640-F1280-3-allSk.dat,3,main,28160,1920,640,1280,3840,0.88,0.06,0.02,0.04,0.12,0.6666666666666666,86,0.9782032658215761,1,0.6162767600248704,0.6162767600248704,0.06637345215732367,0.03228590440006974,-0.12414749452145753,0.1273275310756669,0.4561483349136505,-0.023138574031839637,0.5750267763842072,0.563286565197324,-0.42664259987911624,1.0059429708069776
matrix_BC_s_loss,"BC S-loss, fixed kappa_D",0.005,O28160-Na1920-Cl640-F1280-3-allSk.dat,3,main,28160,1920,640,1280,3840,0.88,0.06,0.02,0.04,0.12,0.6666666666666666,210,0.9463474333158053,1,0.6162767600248704,0.6162767600248704,0.06656614475028544,0.02332992699313719,-0.12827493792392722,0.11927728689707734,0.4435639738266608,0.0032099663539792433,0.5409829131019964,0.5949646743049833,-0.4167721659381236,0.957268473076804
matrix_BC_s_loss,"BC S-loss, fixed kappa_D",0.01,O28160-Na1920-Cl640-F1280-3-allSk.dat,3,main,28160,1920,640,1280,3840,0.88,0.06,0.02,0.04,0.12,0.6666666666666666,455,0.8220263359140998,1,0.6162767600248704,0.6162767600248704,0.06781451026486304,0.017192962550053342,-0.1327596370749266,0.11493223235075103,0.43577871735497425,0.025461455010260703,0.5157137816454779,0.6285247674839993,-0.4132503387896495,0.9238299260620602
matrix_BC_s_loss,"BC S-loss, fixed kappa_D",0.0025,O28096-Na1952-Cl1920-F32-3-allSk.dat,3,main,28096,1952,1920,32,3904,0.878,0.061,0.06,0.001,0.122,0.01639344262295082,86,0.9531650019546147,1,0.6216473153609047,0.6216473153609047,0.06562416196322503,-0.07292108038471848,-0.07565148944104082,0.016462073000364126,0.25631255030990663,0.2468532731763689,0.08974778105102262,0.25289311710499135,-0.030915965013994875,0.9404266131293574
matrix_BC_s_loss,"BC S-loss, fixed kappa_D",0.005,O28096-Na1952-Cl1920-F32-3-allSk.dat,3,main,28096,1952,1920,32,3904,0.878,0.061,0.06,0.001,0.122,0.01639344262295082,228,0.8038896796284297,1,0.6216473153609047,0.6216473153609047,0.06187350934699401,-0.06548657020744343,-0.06875196777760244,0.021083988704362903,0.2348797761119068,0.22678923486944713,0.07776783575806545,0.23490204792943387,-0.048262891103210075,0.9812289609905022
matrix_BC_s_loss,"BC S-loss, fixed kappa_D",0.01,O28096-Na1952-Cl1920-F32-3-allSk.dat,3,main,28096,1952,1920,32,3904,0.878,0.061,0.06,0.001,0.122,0.01639344262295082,461,0.6931451269197348,1,0.6216473153609047,0.6216473153609047,0.060060470485482534,-0.06338652504864509,-0.06704947224636154,0.024298392046280218,0.2238433077512768,0.2169765008369394,0.06757937329863273,0.2262872400120446,-0.05817277871071301,0.978416184702023
matrix_BC_s_loss,"BC S-loss, fixed kappa_D",0.0025,O27840-Na2080-Cl1600-F480-3-allSk.dat,3,main,27840,2080,1600,480,4160,0.87,0.065,0.05,0.015,0.13,0.23076923076923078,86,0.9477357548458716,1,0.6425594662531868,0.6425594662531868,0.06485230050772443,-0.02594756970351745,-0.08053079898908871,0.09301427698020391,0.26068109212199286,0.14241041087970824,0.2826463179660668,0.27225204200497416,-0.20061103881160408,0.954639200789788
matrix_BC_s_loss,"BC S-loss, fixed kappa_D",0.005,O27840-Na2080-Cl1600-F480-3-allSk.dat,3,main,27840,2080,1600,480,4160,0.87,0.065,0.05,0.015,0.13,0.23076923076923078,222,0.8358493195373301,1,0.6425594662531868,0.6425594662531868,0.06632090236662838,-0.03232178198558183,-0.08846030417097472,0.094222525525828,0.2535558525471592,0.14929301504288645,0.2552480904899128,0.2985503826719886,-0.23429773709826285,0.9591084573386183
matrix_BC_s_loss,"BC S-loss, fixed kappa_D",0.01,O27840-Na2080-Cl1600-F480-3-allSk.dat,3,main,27840,2080,1600,480,4160,0.87,0.065,0.05,0.015,0.13,0.23076923076923078,461,0.6698802533257263,1,0.6425594662531868,0.6425594662531868,0.06641400558307328,-0.03232455787921107,-0.09178579881796925,0.10028824181918061,0.2567267083010514,0.14652821511058167,0.26689656406837525,0.30686375614387595,-0.2552312010443938,1.0215757900993065
matrix_BC_s_loss,"BC S-loss, fixed kappa_D",0.0025,O27584-Na2208-Cl1408-F800-3-allSk.dat,3,main,27584,2208,1408,800,4416,0.862,0.069,0.044,0.025,0.138,0.36231884057971014,86,0.9893266217290767,1,0.6629473630327716,0.6629473630327716,0.05928528606674435,-0.032580455088120415,-0.08335495993255224,0.05645613346461119,0.2850189211634402,0.1289903546649406,0.3023839511844886,0.30210708370838724,-0.1864954656384721,0.7497721427846775
matrix_BC_s_loss,"BC S-loss, fixed kappa_D",0.005,O27584-Na2208-Cl1408-F800-3-allSk.dat,3,main,27584,2208,1408,800,4416,0.862,0.069,0.044,0.025,0.138,0.36231884057971014,222,0.9140695175545558,1,0.6629473630327716,0.6629473630327716,0.0656152039251273,-0.01842102489642064,-0.09622067751079878,0.0970478487540399,0.3028828535049954,0.10306814317707844,0.3664514442158636,0.3283245042785281,-0.26434201654425027,0.959484176306136
matrix_BC_s_loss,"BC S-loss, fixed kappa_D",0.01,O27584-Na2208-Cl1408-F800-3-allSk.dat,3,main,27584,2208,1408,800,4416,0.862,0.069,0.044,0.025,0.138,0.36231884057971014,461,0.7292381038373239,1,0.6629473630327716,0.6629473630327716,0.06921065310119595,-0.015919073966641828,-0.10609444705001397,0.11430343734467692,0.29836944571330937,0.10665957446951241,0.3541886360198257,0.36157209463528805,-0.30248339572782224,0.9897119267640488
matrix_BC_s_loss,"BC S-loss, fixed kappa_D",0.0025,O27520-Na2240-Cl1600-F640-3-allSk.dat,3,main,27520,2240,1600,640,4480,0.86,0.07,0.05,0.02,0.14,0.2857142857142857,86,0.9882988573817517,1,0.6677807386085743,0.6677807386085743,0.07056902463160304,-0.03824964018393497,-0.10272567272351601,0.09086502562183861,0.28160148386325257,0.15447029740743162,0.28258915078617775,0.3329269652978494,-0.2374162877486788,0.9040640031845157
matrix_BC_s_loss,"BC S-loss, fixed kappa_D",0.005,O27520-Na2240-Cl1600-F640-3-allSk.dat,3,main,27520,2240,1600,640,4480,0.86,0.07,0.05,0.02,0.14,0.2857142857142857,222,0.9159321110592439,1,0.6677807386085743,0.6677807386085743,0.0701006996234458,-0.028076710619852556,-0.09927870560179103,0.1044467005839457,0.2696457328400945,0.12724524260868034,0.3032685800145385,0.31836416644320353,-0.2653238947014294,0.98687747375552
matrix_BC_s_loss,"BC S-loss, fixed kappa_D",0.01,O27520-Na2240-Cl1600-F640-3-allSk.dat,3,main,27520,2240,1600,640,4480,0.86,0.07,0.05,0.02,0.14,0.2857142857142857,461,0.7195492180261549,1,0.6677807386085743,0.6677807386085743,0.06999802710073322,-0.02789995348408103,-0.10139209708288333,0.10811894823923225,0.2618002006037672,0.1221769098474661,0.29660467092446857,0.32287083967728863,-0.28193155310365525,1.000669454996228
matrix_BC_s_loss,"BC S-loss, fixed kappa_D",0.0025,O27456-Na2272-Cl2240-F32-3-allSk.dat,3,main,27456,2272,2240,32,4544,0.858,0.071,0.07,0.001,0.142,0.014084507042253521,86,0.9755463130843521,1,0.672685109543546,0.672685109543546,0.06047242560397484,-0.060115682125841674,-0.06046956626963304,-0.0006190521124506501,0.19476639020366407,0.1840065252850789,0.10162173136241022,0.18452472888575794,0.006621895636323954,0.8008771748812349
matrix_BC_s_loss,"BC S-loss, fixed kappa_D",0.005,O27456-Na2272-Cl2240-F32-3-allSk.dat,3,main,27456,2272,2240,32,4544,0.858,0.071,0.07,0.001,0.142,0.014084507042253521,228,0.8850265103753677,1,0.672685109543546,0.672685109543546,0.059981759471335445,-0.060621713934038396,-0.06385207980874129,0.023417186755514324,0.19136991354914742,0.1892293565395204,0.029305169011115833,0.19815398450720942,-0.06340027967255862,0.7773745399470157
matrix_BC_s_loss,"BC S-loss, fixed kappa_D",0.01,O27456-Na2272-Cl2240-F32-3-allSk.dat,3,main,27456,2272,2240,32,4544,0.858,0.071,0.07,0.001,0.142,0.014084507042253521,461,0.7386824730422299,1,0.672685109543546,0.672685109543546,0.05979595532859082,-0.060708492090956814,-0.06415389245201088,0.025211126749542186,0.1861989019118102,0.1824707822924837,0.04227973956465586,0.19089479997622924,-0.05961434330816573,0.8550247984828947
matrix_BC_s_loss,"BC S-loss, fixed kappa_D",0.0025,O27328-Na2336-Cl1920-F416-3-allSk.dat,3,main,27328,2336,1920,416,4672,0.854,0.073,0.06,0.013,0.146,0.1780821917808219,86,0.992680760113244,1,0.682713187686647,0.682713187686647,0.0611536699344983,-0.03488008181002366,-0.07566072071082669,0.07989066051800145,0.2153335780593161,0.14104559354849536,0.20725719053786884,0.24426305532110673,-0.19052826008624527,0.9004536396098114
matrix_BC_s_loss,"BC S-loss, fixed kappa_D",0.005,O27328-Na2336-Cl1920-F416-3-allSk.dat,3,main,27328,2336,1920,416,4672,0.854,0.073,0.06,0.013,0.146,0.1780821917808219,222,0.9323260691567585,1,0.682713187686647,0.682713187686647,0.06666147746006865,-0.03978072912171853,-0.0826274956958129,0.08324472681126044,0.22261328570105698,0.14306038075530852,0.2201793128986379,0.24852377083380112,-0.19490734383790387,0.9404827191332836
matrix_BC_s_loss,"BC S-loss, fixed kappa_D",0.01,O27328-Na2336-Cl1920-F416-3-allSk.dat,3,main,27328,2336,1920,416,4672,0.854,0.073,0.06,0.013,0.146,0.1780821917808219,461,0.7918720809302546,1,0.682713187686647,0.682713187686647,0.0663566001425516,-0.039903146294969674,-0.08468223833648114,0.08736893255215313,0.2227539514152737,0.1400916774258363,0.22689044349980897,0.2512581734384802,-0.20781666069660087,0.98411961440411
matrix_BC_s_loss,"BC S-loss, fixed kappa_D",0.0025,O27264-Na2368-Cl1120-F1248-3-allSk.dat,3,main,27264,2368,1120,1248,4736,0.852,0.074,0.035,0.039,0.148,0.527027027027027,86,0.993649167406289,1,0.6878401892134671,0.6878401892134671,0.07812287026966921,-0.007186948215469103,-0.1501743192510818,0.13236494039665214,0.29126762478996376,0.047844039531090496,0.35588957654758047,0.5343186428477171,-0.4402726359966902,0.9073126907226394
matrix_BC_s_loss,"BC S-loss, fixed kappa_D",0.005,O27264-Na2368-Cl1120-F1248-3-allSk.dat,3,main,27264,2368,1120,1248,4736,0.852,0.074,0.035,0.039,0.148,0.527027027027027,210,0.9643711154657383,1,0.6878401892134671,0.6878401892134671,0.07731777690846378,0.0011867785103153866,-0.14707120684039593,0.14095986074870792,0.29996308429556146,0.024984807202503317,0.38952260786380305,0.5239033571979024,-0.461893922506623,0.9741238460203353
matrix_BC_s_loss,"BC S-loss, fixed kappa_D",0.01,O27264-Na2368-Cl1120-F1248-3-allSk.dat,3,main,27264,2368,1120,1248,4736,0.852,0.074,0.035,0.039,0.148,0.527027027027027,449,0.8286072200771868,1,0.6878401892134671,0.6878401892134671,0.07826491557247714,0.004786843246122857,-0.15029740989106258,0.14897513993644926,0.3124116725007205,0.021986727722252908,0.4095103936548468,0.5395242920386292,-0.4808218952137744,1.0195875645808834
matrix_BC_s_loss,"BC S-loss, fixed kappa_D",0.0025,O27200-Na2400-Cl2240-F160-3-allSk.dat,3,main,27200,2400,2240,160,4800,0.85,0.075,0.07,0.005,0.15,0.06666666666666667,86,0.9600400766323482,1,0.6930447783452088,0.6930447783452088,0.06419376435839043,-0.05627904809845166,-0.073287144787165,0.056247570622757856,0.17736359261906415,0.16910219960139822,0.05420374617885891,0.21471145134790276,-0.14844668509757647,0.7653668420902268
matrix_BC_s_loss,"BC S-loss, fixed kappa_D",0.005,O27200-Na2400-Cl2240-F160-3-allSk.dat,3,main,27200,2400,2240,160,4800,0.85,0.075,0.07,0.005,0.15,0.06666666666666667,228,0.8220833183525383,1,0.6930447783452088,0.6930447783452088,0.06354597143819132,-0.05415423834983184,-0.07090418080219929,0.055560688596258345,0.18654119246675904,0.16463893898896484,0.10644842958674554,0.20452717068809237,-0.1276267301595559,0.8898084926707053
matrix_BC_s_loss,"BC S-loss, fixed kappa_D",0.01,O27200-Na2400-Cl2240-F160-3-allSk.dat,3,main,27200,2400,2240,160,4800,0.85,0.075,0.07,0.005,0.15,0.06666666666666667,461,0.6771791301939025,1,0.6930447783452088,0.6930447783452088,0.06208515024415582,-0.05293864931541206,-0.07034036952824045,0.058159056064444166,0.18500228386256057,0.15956095124343167,0.11948835254937103,0.20025366382786453,-0.1313036936192506,0.954069834630646
matrix_BC_s_loss,"BC S-loss, fixed kappa_D",0.0025,O27200-Na2400-Cl1600-F800-3-allSk.dat,3,main,27200,2400,1600,800,4800,0.85,0.075,0.05,0.025,0.15,0.3333333333333333,86,0.9757365667306178,1,0.6930447783452088,0.6930447783452088,0.07599708776951901,-0.02511373126605092,-0.11745223952513216,0.12260429154710394,0.22552288068918347,0.10235024097206372,0.24587198872811283,0.3593018159191164,-0.33085368352756345,0.8937605430408697
matrix_BC_s_loss,"BC S-loss, fixed kappa_D",0.005,O27200-Na2400-Cl1600-F800-3-allSk.dat,3,main,27200,2400,1600,800,4800,0.85,0.075,0.05,0.025,0.15,0.3333333333333333,222,0.9134554457825813,1,0.6930447783452088,0.6930447783452088,0.07217044583441248,-0.023253117603065386,-0.10850444625086074,0.11317287834286628,0.23671811699289774,0.09337179727357581,0.2779601436562903,0.3356968524440976,-0.3130223447005479,0.9241215364931795
matrix_BC_s_loss,"BC S-loss, fixed kappa_D",0.01,O27200-Na2400-Cl1600-F800-3-allSk.dat,3,main,27200,2400,1600,800,4800,0.85,0.075,0.05,0.025,0.15,0.3333333333333333,461,0.739500891175613,1,0.6930447783452088,0.6930447783452088,0.07128427659457937,-0.02288952167246855,-0.10970300487793466,0.11549766283379247,0.24889277733129905,0.09744647692236391,0.2932848067056533,0.3462443338237567,-0.3208811837402715,0.9617787082580339
matrix_BC_s_loss,"BC S-loss, fixed kappa_D",0.0025,O27200-Na2400-Cl1280-F1120-3-allSk.dat,3,main,27200,2400,1280,1120,4800,0.85,0.075,0.04,0.035,0.15,0.4666666666666667,86,0.960320820511916,1,0.6930447783452088,0.6930447783452088,0.04403024109250214,-0.044452201032072744,-0.05758656527792147,-0.003508731530291187,0.25453296501530825,0.14728739772205324,0.21514125735638806,0.25432187120820043,-0.05627484330635457,0.3750948911644407
matrix_BC_s_loss,"BC S-loss, fixed kappa_D",0.005,O27200-Na2400-Cl1280-F1120-3-allSk.dat,3,main,27200,2400,1280,1120,4800,0.85,0.075,0.04,0.035,0.15,0.4666666666666667,210,0.933417348025734,1,0.6930447783452088,0.6930447783452088,0.06176586499825517,-0.014891403005313712,-0.10593856212222504,0.09145430479802208,0.2661114167690413,0.05475342559873425,0.33101335245810837,0.3809066166705791,-0.3270554936421747,0.8341909618365642
matrix_BC_s_loss,"BC S-loss, fixed kappa_D",0.01,O27200-Na2400-Cl1280-F1120-3-allSk.dat,3,main,27200,2400,1280,1120,4800,0.85,0.075,0.04,0.035,0.15,0.4666666666666667,455,0.7781037767016941,1,0.6930447783452088,0.6930447783452088,0.07272448397700404,-0.003512233319958216,-0.12645750795515925,0.13004737937124533,0.2877402184926545,0.04726184637635855,0.3706835112953333,0.4327721711323164,-0.3934686526982804,0.9632607816659045
matrix_BC_s_loss,"BC S-loss, fixed kappa_D",0.0025,O26880-Na2560-Cl2240-F320-3-allSk.dat,3,main,26880,2560,2240,320,5120,0.84,0.08,0.07,0.01,0.16,0.125,86,0.9743865680994755,1,0.7165296389881972,0.7165296389881972,0.050935880953077356,-0.026688538299023463,-0.05054596800941132,0.058245475485143354,0.16561037120008026,0.10041969163667355,0.20273133523716133,0.1543562102918015,-0.1243583660666798,0.9024321176835685
matrix_BC_s_loss,"BC S-loss, fixed kappa_D",0.005,O26880-Na2560-Cl2240-F320-3-allSk.dat,3,main,26880,2560,2240,320,5120,0.84,0.08,0.07,0.01,0.16,0.125,222,0.8935093210851962,1,0.7165296389881972,0.7165296389881972,0.060674374825593666,-0.03829224970375541,-0.06652497872515646,0.06770171195097063,0.18277891731691787,0.12455668425312327,0.18743083690635234,0.18658015989091742,-0.14134519834005518,0.9040987069406917
matrix_BC_s_loss,"BC S-loss, fixed kappa_D",0.01,O26880-Na2560-Cl2240-F320-3-allSk.dat,3,main,26880,2560,2240,320,5120,0.84,0.08,0.07,0.01,0.16,0.125,461,0.7582137367633957,1,0.7165296389881972,0.7165296389881972,0.06108427589568959,-0.04330664213171066,-0.07202456700805325,0.06806941130340968,0.18113307874533097,0.13202800053255392,0.16300845760584035,0.20136537265604637,-0.15933112077546452,0.882608064740474
matrix_BC_s_loss,"BC S-loss, fixed kappa_D",0.0025,O26880-Na2560-Cl1920-F640-3-allSk.dat,3,main,26880,2560,1920,640,5120,0.84,0.08,0.06,0.02,0.16,0.25,86,0.9439873199745097,1,0.7165296389881972,0.7165296389881972,0.06700524352951728,0.04942331939211698,-0.08646151450526404,0.24860237480670475,0.5484973618434412,0.01837694363394224,1.0651649236250647,0.24758810666120729,-0.3920812928191085,2.8094345671101157
matrix_BC_s_loss,"BC S-loss, fixed kappa_D",0.005,O26880-Na2560-Cl1920-F640-3-allSk.dat,3,main,26880,2560,1920,640,5120,0.84,0.08,0.06,0.02,0.16,0.25,222,0.8998597272105037,1,0.7165296389881972,0.7165296389881972,0.06892023696026739,-0.03551814418932993,-0.09696190752029482,0.09690666184528561,0.2021242057480124,0.11772430517955323,0.20034393363929476,0.28211369593110097,-0.25318664450459766,0.8392199993584321
matrix_BC_s_loss,"BC S-loss, fixed kappa_D",0.01,O26880-Na2560-Cl1920-F640-3-allSk.dat,3,main,26880,2560,1920,640,5120,0.84,0.08,0.06,0.02,0.16,0.25,461,0.7240388581201557,1,0.7165296389881972,0.7165296389881972,0.06991756181675601,-0.03324410736114693,-0.09981428104537036,0.10639519136924676,0.20376298458090508,0.10833462489915727,0.2198848946175535,0.287866739921037,-0.28193056955413764,0.9280878599097048
matrix_BC_s_loss,"BC S-loss, fixed kappa_D",0.0025,O26880-Na2560-Cl1600-F960-3-allSk.dat,3,main,26880,2560,1600,960,5120,0.84,0.08,0.05,0.03,0.16,0.375,86,0.9742862558327844,1,0.7165296389881972,0.7165296389881972,0.06977019460218503,0.0034226122278518904,-0.09982990531064495,0.13446895593762875,0.20886484709601566,0.028250355527980345,0.3046038148983427,0.3000666593689034,-0.341251754098775,0.9379700669669521
matrix_BC_s_loss,"BC S-loss, fixed kappa_D",0.005,O26880-Na2560-Cl1600-F960-3-allSk.dat,3,main,26880,2560,1600,960,5120,0.84,0.08,0.05,0.03,0.16,0.375,210,0.9485553975675061,1,0.7165296389881972,0.7165296389881972,0.06957339083927422,-0.00922417229510595,-0.10971690819317519,0.12658090912816067,0.2265017848890205,0.047465875381883765,0.3085976842494276,0.33822391834414267,-0.3591337510918612,0.9675775871570026
matrix_BC_s_loss,"BC S-loss, fixed kappa_D",0.01,O26880-Na2560-Cl1600-F960-3-allSk.dat,3,main,26880,2560,1600,960,5120,0.84,0.08,0.05,0.03,0.16,0.375,455,0.7609848385552885,1,0.7165296389881972,0.7165296389881972,0.0738883047701836,-0.00903433555330184,-0.1184938631514755,0.13822191135736564,0.24539562178026642,0.05190325420079883,0.33372255927188715,0.3610845763409585,-0.38140052439234773,1.0373526169833387
matrix_BC_s_loss,"BC S-loss, fixed kappa_D",0.0025,O26880-Na2560-Cl1280-F1280-3-allSk.dat,3,main,26880,2560,1280,1280,5120,0.84,0.08,0.04,0.04,0.16,0.5,86,0.9853334549191503,1,0.7165296389881972,0.7165296389881972,0.039263063129896913,-0.029057775346240683,-0.09119300887030263,0.050099108883258525,0.2538546443585328,0.014767557085178185,0.3442371238380576,0.390378658297129,-0.36949417878414925,0.8563189879882378
matrix_BC_s_loss,"BC S-loss, fixed kappa_D",0.005,O26880-Na2560-Cl1280-F1280-3-allSk.dat,3,main,26880,2560,1280,1280,5120,0.84,0.08,0.04,0.04,0.16,0.5,210,0.9832497854558363,1,0.7165296389881972,0.7165296389881972,0.07772154520438841,0.019099216193093044,-0.1420034160845768,0.16901378665554484,0.32090139059635553,-0.01342845368008174,0.46725155244583366,0.4603846166194795,-0.47937531793555,1.1401688004443313
matrix_BC_s_loss,"BC S-loss, fixed kappa_D",0.01,O26880-Na2560-Cl1280-F1280-3-allSk.dat,3,main,26880,2560,1280,1280,5120,0.84,0.08,0.04,0.04,0.16,0.5,449,0.9142700465478295,1,0.7165296389881972,0.7165296389881972,0.0754113175351968,0.00593200522986799,-0.13793745210487937,0.14632657435302684,0.28243766946494026,0.010939634353004879,0.3884875483293629,0.4681728311652108,-0.4527018518957886,1.0021062115562467
matrix_BC_s_loss,"BC S-loss, fixed kappa_D",0.0025,O26816-Na2592-Cl2560-F32-3-allSk.dat,3,main,26816,2592,2560,32,5184,0.838,0.081,0.08,0.001,0.162,0.012345679012345678,86,0.9519591787237819,1,0.7214189111166868,0.7214189111166868,0.05687130607916801,-0.05060411047413848,-0.05361650864633378,0.024123637930383836,0.14437319550761055,0.1416498457123366,0.03240402350792786,0.14977670163585902,-0.06479493380290913,0.871179717894966
matrix_BC_s_loss,"BC S-loss, fixed kappa_D",0.005,O26816-Na2592-Cl2560-F32-3-allSk.dat,3,main,26816,2592,2560,32,5184,0.838,0.081,0.08,0.001,0.162,0.012345679012345678,228,0.8038915165033523,1,0.7214189111166868,0.7214189111166868,0.0586837291857602,-0.05411891085989658,-0.05781999041473013,0.030087518363822,0.1531637405991686,0.1493013806631227,0.043081520203257645,0.15746695062704175,-0.06471479727856932,0.9665604252893165
matrix_BC_s_loss,"BC S-loss, fixed kappa_D",0.01,O26816-Na2592-Cl2560-F32-3-allSk.dat,3,main,26816,2592,2560,32,5184,0.838,0.081,0.08,0.001,0.162,0.012345679012345678,461,0.6825811524838289,1,0.7214189111166868,0.7214189111166868,0.05795694741486867,-0.0551691840691362,-0.05859227304611686,0.027542565327157847,0.15406702736562178,0.1499471796999984,0.04543489891630337,0.15786801755183164,-0.06248985757611592,0.9678403680246321
matrix_BC_s_loss,"BC S-loss, fixed kappa_D",0.0025,O26560-Na2720-Cl2240-F480-3-allSk.dat,3,main,26560,2720,2240,480,5440,0.83,0.085,0.07,0.015,0.17,0.17647058823529413,86,0.9865835777942693,1,0.7397790686112217,0.7397790686112217,0.058245866853511706,-0.028937761451707424,-0.06405415338397318,0.06948713548265326,0.15804662420019883,0.08519130792190918,0.19219195956613852,0.17994130642698544,-0.1859217732092583,0.8591453087134587
matrix_BC_s_loss,"BC S-loss, fixed kappa_D",0.005,O26560-Na2720-Cl2240-F480-3-allSk.dat,3,main,26560,2720,2240,480,5440,0.83,0.085,0.07,0.015,0.17,0.17647058823529413,222,0.8895181968105915,1,0.7397790686112217,0.7397790686112217,0.062044699933387557,-0.030857926269316948,-0.07335779068605508,0.0850143825796077,0.17108671087634167,0.09333210824077572,0.20564743615133163,0.20142045258537616,-0.21294305115842135,0.9495483816245329
matrix_BC_s_loss,"BC S-loss, fixed kappa_D",0.01,O26560-Na2720-Cl2240-F480-3-allSk.dat,3,main,26560,2720,2240,480,5440,0.83,0.085,0.07,0.015,0.17,0.17647058823529413,461,0.7141893046415617,1,0.7397790686112217,0.7397790686112217,0.06492787515924117,-0.03199582548961828,-0.0812597397471009,0.0993758015916039,0.17917802197477872,0.10236240254063578,0.20540094392295127,0.2201648840906994,-0.23193925105640054,0.9899980946867847
matrix_BC_s_loss,"BC S-loss, fixed kappa_D",0.0025,O26368-Na2816-Cl1568-F1248-3-allSk.dat,3,main,26368,2816,1568,1248,5632,0.824,0.088,0.049,0.039,0.176,0.4431818181818182,86,0.9817297501758077,1,0.7537078193972535,0.7537078193972535,0.04157244629482734,-0.06483382319614048,-0.05445783478724614,-0.036347542261031485,0.11597490063655325,0.1272676534235757,0.03155604364721998,0.21026548456369737,-0.044512740812699736,0.09729564600756113
matrix_BC_s_loss,"BC S-loss, fixed kappa_D",0.005,O26368-Na2816-Cl1568-F1248-3-allSk.dat,3,main,26368,2816,1568,1248,5632,0.824,0.088,0.049,0.039,0.176,0.4431818181818182,210,0.9850628477071842,1,0.7537078193972535,0.7537078193972535,0.06169550414191753,-0.01724268301831992,-0.09928860082904656,0.08539146074963577,0.23382303823566206,0.05095971988983827,0.29411322282935487,0.3213098600223626,-0.28360689211362333,0.7596919706098577
matrix_BC_s_loss,"BC S-loss, fixed kappa_D",0.01,O26368-Na2816-Cl1568-F1248-3-allSk.dat,3,main,26368,2816,1568,1248,5632,0.824,0.088,0.049,0.039,0.176,0.4431818181818182,449,0.9055695820828613,1,0.7537078193972535,0.7537078193972535,0.07109954670938409,-0.012446473612533052,-0.11803353395784076,0.11360715662582051,0.23562443502551036,0.039148959109335496,0.31005781164662205,0.36900145878503376,-0.3548056256365933,0.8634493515044226
matrix_BC_s_loss,"BC S-loss, fixed kappa_D",0.0025,O26304-Na2848-Cl1888-F960-3-allSk.dat,3,main,26304,2848,1888,960,5696,0.822,0.089,0.059,0.03,0.178,0.33707865168539325,86,0.9889029404262876,1,0.7583138398668687,0.7583138398668687,0.05110222234839549,-0.04320548971867454,-0.0595562800848065,0.00910327537944644,0.12255244209080773,0.10574796608033527,0.06278578116899547,0.20547687371098677,-0.10601599113977633,0.2568169112600105
matrix_BC_s_loss,"BC S-loss, fixed kappa_D",0.005,O26304-Na2848-Cl1888-F960-3-allSk.dat,3,main,26304,2848,1888,960,5696,0.822,0.089,0.059,0.03,0.178,0.33707865168539325,210,0.984380529058955,1,0.7583138398668687,0.7583138398668687,0.0583127092913724,-0.022139291594959427,-0.08897652407875027,0.08664605536155932,0.1990971819748808,0.04951463536374799,0.2734869884012435,0.28306611262505327,-0.3116818740037486,0.908150471707569
matrix_BC_s_loss,"BC S-loss, fixed kappa_D",0.01,O26304-Na2848-Cl1888-F960-3-allSk.dat,3,main,26304,2848,1888,960,5696,0.822,0.089,0.059,0.03,0.178,0.33707865168539325,455,0.8739307408359722,1,0.7583138398668687,0.7583138398668687,0.07376427516144057,-0.007284486597619502,-0.11717352362680003,0.1517748707368647,0.21697337060765243,0.03081299901932466,0.3305037419529464,0.33222806119684,-0.4128372799750947,1.1482144193488366
matrix_BC_s_loss,"BC S-loss, fixed kappa_D",0.0025,O26240-Na2880-Cl2240-F640-3-allSk.dat,3,main,26240,2880,2240,640,5760,0.82,0.09,0.07,0.02,0.18,0.2222222222222222,86,0.980223005060426,1,0.7625952127291019,0.7625952127291019,0.06814989212775235,-0.011174506919194124,-0.08479694837643051,0.13493585527734542,0.1661343815222875,0.04660877094392124,0.26522721724253884,0.2225925729740425,-0.31756043846302023,1.156733071763476
matrix_BC_s_loss,"BC S-loss, fixed kappa_D",0.005,O26240-Na2880-Cl2240-F640-3-allSk.dat,3,main,26240,2880,2240,640,5760,0.82,0.09,0.07,0.02,0.18,0.2222222222222222,222,0.9101206652498505,1,0.7625952127291019,0.7625952127291019,0.06957395232743709,-0.01687075669086207,-0.09000790180429047,0.13260108594745285,0.17777740530843855,0.059585187432495045,0.26564914815648616,0.23307691772817407,-0.3096477151766963,1.1428247726279233
matrix_BC_s_loss,"BC S-loss, fixed kappa_D",0.01,O26240-Na2880-Cl2240-F640-3-allSk.dat,3,main,26240,2880,2240,640,5760,0.82,0.09,0.07,0.02,0.18,0.2222222222222222,461,0.7326256541241472,1,0.7625952127291019,0.7625952127291019,0.0698779157425173,-0.024519944760970025,-0.09321478491701213,0.12237423662623698,0.17588088293441556,0.07886546021294222,0.22555592912846692,0.24667418079568706,-0.29418623019638873,1.0288484217214626
matrix_BC_s_loss,"BC S-loss, fixed kappa_D",0.0025,O26240-Na2880-Cl2208-F672-3-allSk.dat,3,main,26240,2880,2208,672,5760,0.82,0.09,0.069,0.021,0.18,0.23333333333333334,86,0.9846137081585528,1,0.7625952127291019,0.7625952127291019,0.06372681934412046,-0.03523104158331617,-0.07921651834904057,0.07065694840167748,0.14394245687615775,0.09321343283790387,0.1290255002841859,0.20893758018002417,-0.18576138773834777,0.6038292724033208
matrix_BC_s_loss,"BC S-loss, fixed kappa_D",0.005,O26240-Na2880-Cl2208-F672-3-allSk.dat,3,main,26240,2880,2208,672,5760,0.82,0.09,0.069,0.021,0.18,0.23333333333333334,222,0.9316109197069137,1,0.7625952127291019,0.7625952127291019,0.06098341523528732,-0.027905412429700252,-0.0737592647445816,0.0759303293230835,0.14138847911636898,0.07674581625726984,0.15358835399436865,0.20275776989347694,-0.20865073544915375,0.6961696767397019
matrix_BC_s_loss,"BC S-loss, fixed kappa_D",0.01,O26240-Na2880-Cl2208-F672-3-allSk.dat,3,main,26240,2880,2208,672,5760,0.82,0.09,0.069,0.021,0.18,0.23333333333333334,461,0.8073420778362403,1,0.7625952127291019,0.7625952127291019,0.06296228881815896,-0.028583174749457596,-0.08200799520228261,0.08947932173777376,0.164458141930157,0.07990894967006526,0.1956134270890999,0.22464848555785932,-0.24178271904060672,0.8432266638641235
matrix_BC_s_loss,"BC S-loss, fixed kappa_D",0.0025,O26176-Na2912-Cl2880-F32-3-allSk.dat,3,main,26176,2912,2880,32,5824,0.818,0.091,0.09,0.001,0.182,0.01098901098901099,86,0.9889315570292428,1,0.7669252045948599,0.7669252045948599,0.05826249192696572,-0.05381936097518139,-0.055899621751581835,0.01690639293632016,0.13625420243784758,0.13294477943509916,0.038557332501751994,0.1378633381275015,-0.039674095681807915,0.7441950291407812
matrix_BC_s_loss,"BC S-loss, fixed kappa_D",0.005,O26176-Na2912-Cl2880-F32-3-allSk.dat,3,main,26176,2912,2880,32,5824,0.818,0.091,0.09,0.001,0.182,0.01098901098901099,222,0.9074747638400392,1,0.7669252045948599,0.7669252045948599,0.05898838429796614,-0.052037535574269024,-0.05451958123221457,0.020811710022861172,0.1268232200368352,0.12445081596673149,0.029172307066677818,0.1311325084259664,-0.05684708576191502,0.8175848811185051
matrix_BC_s_loss,"BC S-loss, fixed kappa_D",0.01,O26176-Na2912-Cl2880-F32-3-allSk.dat,3,main,26176,2912,2880,32,5824,0.818,0.091,0.09,0.001,0.182,0.01098901098901099,461,0.7396899965814803,1,0.7669252045948599,0.7669252045948599,0.058054493230291965,-0.05231931861894824,-0.05508258630151064,0.02346480615630944,0.13069817562586003,0.1274788914028571,0.03741018155298899,0.133795803396498,-0.05322732169148809,0.8618290980419784
matrix_BC_s_loss,"BC S-loss, fixed kappa_D",0.0025,O25920-Na3040-Cl2880-F160-3-allSk.dat,3,main,25920,3040,2880,160,6080,0.81,0.095,0.09,0.005,0.19,0.05263157894736842,86,0.9600973294194042,1,0.7847483104534467,0.7847483104534467,0.061808138133197084,-0.04162995565285248,-0.058182171560926976,0.06538527861447958,0.11691576704593351,0.10501828335684409,0.06406917159859836,0.14091414300293978,-0.14008399211821473,0.8735970889694914
matrix_BC_s_loss,"BC S-loss, fixed kappa_D",0.005,O25920-Na3040-Cl2880-F160-3-allSk.dat,3,main,25920,3040,2880,160,6080,0.81,0.095,0.09,0.005,0.19,0.05263157894736842,222,0.8460409730683973,1,0.7847483104534467,0.7847483104534467,0.060890586340019974,-0.0437268794607835,-0.05932109879089246,0.06107705864892339,0.12662054337590062,0.10794496134162826,0.09395446779424883,0.14120707329051835,-0.12856969649882571,0.9550130559057733
matrix_BC_s_loss,"BC S-loss, fixed kappa_D",0.01,O25920-Na3040-Cl2880-F160-3-allSk.dat,3,main,25920,3040,2880,160,6080,0.81,0.095,0.09,0.005,0.19,0.05263157894736842,461,0.6967163405712302,1,0.7847483104534467,0.7847483104534467,0.05940182712082128,-0.0446884287655067,-0.059762494080645115,0.058758444015810526,0.12837789826671156,0.10928080135604622,0.09594711097457896,0.14256960661618667,-0.12852764419627632,0.9635203733495848
matrix_BC_s_loss,"BC S-loss, fixed kappa_D",0.0025,O25920-Na3040-Cl2240-F800-3-allSk.dat,3,main,25920,3040,2240,800,6080,0.81,0.095,0.07,0.025,0.19,0.2631578947368421,86,0.9615574723908501,1,0.7847483104534467,0.7847483104534467,0.15419042350291043,-0.02888749974215284,-0.24206452911727275,0.3487393268839347,0.12038868891262494,0.06244486395519857,0.13019051538716137,0.49615850025179514,-0.7085045185993673,1.4393428544863884
matrix_BC_s_loss,"BC S-loss, fixed kappa_D",0.005,O25920-Na3040-Cl2240-F800-3-allSk.dat,3,main,25920,3040,2240,800,6080,0.81,0.095,0.07,0.025,0.19,0.2631578947368421,210,0.9368150382082533,1,0.7847483104534467,0.7847483104534467,0.0705359447423365,-0.019058805144141603,-0.08842692236729584,0.11081409158874968,0.14957718509885182,0.05941925585595897,0.1921521800046232,0.22808765292536576,-0.26583419010733955,0.8193992373800975
matrix_BC_s_loss,"BC S-loss, fixed kappa_D",0.01,O25920-Na3040-Cl2240-F800-3-allSk.dat,3,main,25920,3040,2240,800,6080,0.81,0.095,0.07,0.025,0.19,0.2631578947368421,455,0.7842125386175539,1,0.7847483104534467,0.7847483104534467,0.06991252522693689,-0.024600438181935344,-0.09690218724133415,0.1141932907467872,0.15966749059514157,0.06586764396165685,0.20103158938711907,0.2582069223873379,-0.30366314513747067,0.9000083418495401
matrix_BC_s_loss,"BC S-loss, fixed kappa_D",0.0025,O25792-Na3104-Cl3072-F32-3-allSk.dat,3,main,25792,3104,3072,32,6208,0.806,0.097,0.096,0.001,0.194,0.010309278350515464,86,0.9615647028961701,1,0.7931743612166272,0.7931743612166272,0.05863700749919186,-0.04739108455266466,-0.049488568691667824,0.018138912748954177,0.11590055790815657,0.11033954365369757,0.0603857923738335,0.1148768317670516,-0.038840009026945475,0.9752838972231058
matrix_BC_s_loss,"BC S-loss, fixed kappa_D",0.005,O25792-Na3104-Cl3072-F32-3-allSk.dat,3,main,25792,3104,3072,32,6208,0.806,0.097,0.096,0.001,0.194,0.010309278350515464,222,0.8459510465653209,1,0.7931743612166272,0.7931743612166272,0.05878255876762504,-0.04943404686006521,-0.051961088325878736,0.022243713420255423,0.11928976855792248,0.11502325771143125,0.04787480795351887,0.12069627111419567,-0.04972940324636602,0.9587588284893129
matrix_BC_s_loss,"BC S-loss, fixed kappa_D",0.01,O25792-Na3104-Cl3072-F32-3-allSk.dat,3,main,25792,3104,3072,32,6208,0.806,0.097,0.096,0.001,0.194,0.010309278350515464,461,0.6939768053155156,1,0.7931743612166272,0.7931743612166272,0.05804262464756686,-0.05052791387458723,-0.053109316709786525,0.022720667335171193,0.1218599084679548,0.11785621407375245,0.045430560253115385,0.12372463182676446,-0.051499772886709844,0.9520317895554995
matrix_BC_s_loss,"BC S-loss, fixed kappa_D",0.0025,O25600-Na3200-Cl2880-F320-3-allSk.dat,3,main,25600,3200,2880,320,6400,0.8,0.1,0.09,0.01,0.2,0.1,86,0.986065893611327,1,0.8059909930677207,0.8059909930677207,0.06432122260221702,-0.04052047866622797,-0.06926347624508436,0.07965342426971099,0.11033408408414477,0.09008874668138796,0.07864076921026672,0.1566840051534792,-0.18516638439731609,0.804183100844032
matrix_BC_s_loss,"BC S-loss, fixed kappa_D",0.005,O25600-Na3200-Cl2880-F320-3-allSk.dat,3,main,25600,3200,2880,320,6400,0.8,0.1,0.09,0.01,0.2,0.1,222,0.9419161490351562,1,0.8059909930677207,0.8059909930677207,0.06461019641003783,-0.04001976131735693,-0.06800350939590807,0.0774569310085757,0.12090535283915041,0.09168661743783461,0.10727644396451717,0.154918648417278,-0.17481740319176503,0.8636901117865926
matrix_BC_s_loss,"BC S-loss, fixed kappa_D",0.01,O25600-Na3200-Cl2880-F320-3-allSk.dat,3,main,25600,3200,2880,320,6400,0.8,0.1,0.09,0.01,0.2,0.1,461,0.7783983645991597,1,0.8059909930677207,0.8059909930677207,0.06429336391420656,-0.04058357054921645,-0.06844963483060869,0.07701238597417151,0.1275238959930214,0.09255540368558243,0.1255997563796203,0.15447938574821102,-0.17075227184184957,0.9094381192474128
matrix_BC_s_loss,"BC S-loss, fixed kappa_D",0.0025,O25600-Na3200-Cl2560-F640-3-allSk.dat,3,main,25600,3200,2560,640,6400,0.8,0.1,0.08,0.02,0.2,0.2,86,0.9620764019482314,1,0.8059909930677207,0.8059909930677207,0.09668751252737245,-0.02852258627679781,-0.12811052040228427,0.19244259899554594,0.09899223784755376,0.05661477183437005,0.10812382940321755,0.26100147658924683,-0.3954084748262019,1.0325891821855886
matrix_BC_s_loss,"BC S-loss, fixed kappa_D",0.005,O25600-Na3200-Cl2560-F640-3-allSk.dat,3,main,25600,3200,2560,640,6400,0.8,0.1,0.08,0.02,0.2,0.2,210,0.9318311996391901,1,0.8059909930677207,0.8059909930677207,0.06918205518725008,-0.03277230665514269,-0.08555754099301559,0.09783397652566334,0.13032449368550833,0.0754282827141236,0.14055786158579142,0.2073406200686213,-0.24601847256238993,0.8063338784026159
matrix_BC_s_loss,"BC S-loss, fixed kappa_D",0.01,O25600-Na3200-Cl2560-F640-3-allSk.dat,3,main,25600,3200,2560,640,6400,0.8,0.1,0.08,0.02,0.2,0.2,455,0.7664286996367035,1,0.8059909930677207,0.8059909930677207,0.06901484146583725,-0.032427938040160205,-0.08710854338892961,0.10170601294990975,0.1441245536101938,0.07723316520485864,0.16780596868948894,0.21365489339447494,-0.2546111792734146,0.8844479115667278
matrix_BC_s_loss,"BC S-loss, fixed kappa_D",0.0025,O25600-Na3200-Cl2240-F960-3-allSk.dat,3,main,25600,3200,2240,960,6400,0.8,0.1,0.07,0.03,0.2,0.3,86,0.95485158215873,1,0.8059909930677207,0.8059909930677207,0.07796568175438168,0.009471220428187016,-0.0976300168197055,0.16642431764410998,0.20002503735704105,0.016507251885462947,0.33997883966060427,0.21915551132039782,-0.30462759246386534,1.0860399322677576
matrix_BC_s_loss,"BC S-loss, fixed kappa_D",0.005,O25600-Na3200-Cl2240-F960-3-allSk.dat,3,main,25600,3200,2240,960,6400,0.8,0.1,0.07,0.03,0.2,0.3,210,0.9450482661288133,1,0.8059909930677207,0.8059909930677207,0.06179392054921051,-0.02178672556090396,-0.07998379884092384,0.0824003340399466,0.15339387237187724,0.05397817590982814,0.19760458794300906,0.2136245752212793,-0.22776671355545072,0.7086943694960572
matrix_BC_s_loss,"BC S-loss, fixed kappa_D",0.01,O25600-Na3200-Cl2240-F960-3-allSk.dat,3,main,25600,3200,2240,960,6400,0.8,0.1,0.07,0.03,0.2,0.3,449,0.8591161808303915,1,0.8059909930677207,0.8059909930677207,0.06702291279285554,-0.024546261885451878,-0.09364366467110781,0.09822792277916689,0.157354589759819,0.05333505605950574,0.20581821726561494,0.24987814792644067,-0.2843191314307828,0.8100755815748086
matrix_BC_s_loss,"BC S-loss, fixed kappa_D",0.0025,O25600-Na3200-Cl1920-F1280-3-allSk.dat,3,main,25600,3200,1920,1280,6400,0.8,0.1,0.06,0.04,0.2,0.4,86,0.9942156267531764,1,0.8059909930677207,0.8059909930677207,0.03620940950806671,-0.02481171232722003,-0.034115367738198565,0.0025518598715506546,0.16893221797339725,0.053041357054856644,0.20214315946539896,0.13935637855700506,-0.08681026069360309,0.4259368202353001
matrix_BC_s_loss,"BC S-loss, fixed kappa_D",0.005,O25600-Na3200-Cl1920-F1280-3-allSk.dat,3,main,25600,3200,1920,1280,6400,0.8,0.1,0.06,0.04,0.2,0.4,210,0.9919414633518903,1,0.8059909930677207,0.8059909930677207,0.06310984778859105,-0.02077300750817934,-0.09409454477594942,0.08239680235145752,0.180199703657063,0.0367103147962586,0.23995997884795775,0.276790409888266,-0.2809535307720509,0.7235064361351151
matrix_BC_s_loss,"BC S-loss, fixed kappa_D",0.01,O25600-Na3200-Cl1920-F1280-3-allSk.dat,3,main,25600,3200,1920,1280,6400,0.8,0.1,0.06,0.04,0.2,0.4,449,0.9280772483566081,1,0.8059909930677207,0.8059909930677207,0.07118145868898972,-0.01221761342797964,-0.11628909753589557,0.12310673280390774,0.17585765917586374,0.019240993836767195,0.2544900649686115,0.3344395614546469,-0.3791804551973077,0.8667834414273504
matrix_BC_s_loss,"BC S-loss, fixed kappa_D",0.0025,O25280-Na3360-Cl2880-F480-3-allSk.dat,3,main,25280,3360,2880,480,6720,0.79,0.105,0.09,0.015,0.21,0.14285714285714285,86,0.9957068828920607,1,0.8268737547161753,0.8268737547161753,0.0660441256164574,-0.03085701696980947,-0.07171958706517007,0.09403639976936347,0.12528525173104524,0.06594404115278167,0.16994436662305973,0.16359771326241154,-0.22625938724219116,1.003850579059156
matrix_BC_s_loss,"BC S-loss, fixed kappa_D",0.005,O25280-Na3360-Cl2880-F480-3-allSk.dat,3,main,25280,3360,2880,480,6720,0.79,0.105,0.09,0.015,0.21,0.14285714285714285,222,0.9422050287429292,1,0.8268737547161753,0.8268737547161753,0.0665959605565474,-0.03302102201999112,-0.07401332146454644,0.09392945945463631,0.1282617436954196,0.07184136373686523,0.16337399296058014,0.16869827409786348,-0.22315030973246236,0.9788513508578678
matrix_BC_s_loss,"BC S-loss, fixed kappa_D",0.01,O25280-Na3360-Cl2880-F480-3-allSk.dat,3,main,25280,3360,2880,480,6720,0.79,0.105,0.09,0.015,0.21,0.14285714285714285,461,0.7601265222126361,1,0.8268737547161753,0.8268737547161753,0.06737303319286322,-0.033563822614989636,-0.07657691802815185,0.09877284755595801,0.13160559322704993,0.07571479516946811,0.162733056679359,0.17353048286025807,-0.22473861923980706,0.981046140698124
matrix_BC_s_loss,"BC S-loss, fixed kappa_D",0.0025,O24960-Na3520-Cl2880-F640-3-allSk.dat,3,main,24960,3520,2880,640,7040,0.78,0.11,0.09,0.02,0.22,0.18181818181818182,86,0.9818493335371926,1,0.8473113211912621,0.8473113211912621,0.06663202735753813,-0.027717556024016682,-0.07322527507136639,0.09033083487222193,0.12141970381333923,0.053796720502687155,0.17063436854044725,0.1639402127502879,-0.22160521559837149,0.8702687177725624
matrix_BC_s_loss,"BC S-loss, fixed kappa_D",0.005,O24960-Na3520-Cl2880-F640-3-allSk.dat,3,main,24960,3520,2880,640,7040,0.78,0.11,0.09,0.02,0.22,0.18181818181818182,210,0.9401899661927356,1,0.8473113211912621,0.8473113211912621,0.06745559644457394,-0.028033552755588546,-0.0755375486786995,0.09449482989042501,0.13140251669081754,0.0580445602400435,0.1850351111133585,0.1673219438194252,-0.21881688328713006,0.898126506674693
matrix_BC_s_loss,"BC S-loss, fixed kappa_D",0.01,O24960-Na3520-Cl2880-F640-3-allSk.dat,3,main,24960,3520,2880,640,7040,0.78,0.11,0.09,0.02,0.22,0.18181818181818182,455,0.7845065679142957,1,0.8473113211912621,0.8473113211912621,0.06824991570853571,-0.02887641686265791,-0.08057287485359406,0.10319967819609335,0.13438028808891833,0.06134327106570607,0.1850209816787617,0.1833971444701194,-0.24518137083235686,0.9540208939905522
matrix_BC_s_loss,"BC S-loss, fixed kappa_D",0.0025,O24896-Na3552-Cl3104-F448-3-allSk.dat,3,main,24896,3552,3104,448,7104,0.778,0.111,0.097,0.014,0.222,0.12612612612612611,86,0.9581331687255349,1,0.8513146044397684,0.8513146044397684,0.05345729352406496,-0.05001701312948953,-0.054966581445630325,0.0038475228853271926,0.06855451825804276,0.09166458056153509,-0.048247269375759405,0.13178654618401148,-0.08878436399163903,0.09784649246803756
matrix_BC_s_loss,"BC S-loss, fixed kappa_D",0.005,O24896-Na3552-Cl3104-F448-3-allSk.dat,3,main,24896,3552,3104,448,7104,0.778,0.111,0.097,0.014,0.222,0.12612612612612611,222,0.9365815904649409,1,0.8513146044397684,0.8513146044397684,0.06790726895729189,-0.02987366302604469,-0.0678163140557828,0.09438989926067302,0.11545937359784156,0.06656879662943488,0.1498836779365497,0.1432500128064194,-0.18962271016904442,0.92116655431176
matrix_BC_s_loss,"BC S-loss, fixed kappa_D",0.01,O24896-Na3552-Cl3104-F448-3-allSk.dat,3,main,24896,3552,3104,448,7104,0.778,0.111,0.097,0.014,0.222,0.12612612612612611,461,0.7604241994134918,1,0.8513146044397684,0.8513146044397684,0.06582943759392494,-0.03367515551361966,-0.07000659689693371,0.08945106536041461,0.11618169892975092,0.07102602162706435,0.14018519358931225,0.15210474773582336,-0.20037977361931816,0.9221727702443028
matrix_BC_s_loss,"BC S-loss, fixed kappa_D",0.0025,O24640-Na3680-Cl2880-F800-3-allSk.dat,3,main,24640,3680,2880,800,7360,0.77,0.115,0.09,0.025,0.23,0.21739130434782608,86,0.9693334676903151,1,0.867092949675143,0.867092949675143,0.06322457221166644,-0.03430804266453233,-0.07145135334671873,0.06198685717049801,0.04958127775719978,0.06749194633481836,-0.021716970694766635,0.167745359320972,-0.17352034313473186,0.2826539897432765
matrix_BC_s_loss,"BC S-loss, fixed kappa_D",0.005,O24640-Na3680-Cl2880-F800-3-allSk.dat,3,main,24640,3680,2880,800,7360,0.77,0.115,0.09,0.025,0.23,0.21739130434782608,210,0.9628707976700628,1,0.867092949675143,0.867092949675143,0.07543529457754933,-0.016227830263845007,-0.09488338185068777,0.14522374082740422,0.12016007337647601,0.027359910995374496,0.20580286502384665,0.21015787636379435,-0.3400660628409014,1.0866279588259686
matrix_BC_s_loss,"BC S-loss, fixed kappa_D",0.01,O24640-Na3680-Cl2880-F800-3-allSk.dat,3,main,24640,3680,2880,800,7360,0.77,0.115,0.09,0.025,0.23,0.21739130434782608,455,0.8227509242175808,1,0.867092949675143,0.867092949675143,0.07497562658617866,-0.019966081360114213,-0.09387473221499412,0.13529230732160413,0.12940289827066925,0.038233139477308054,0.2049960154182361,0.20618225800763101,-0.30920238033992437,1.0263377390014021
matrix_BC_s_loss,"BC S-loss, fixed kappa_D",0.0025,O24320-Na3840-Cl2880-F960-3-allSk.dat,3,main,24320,3840,2880,960,7680,0.76,0.12,0.09,0.03,0.24,0.25,86,0.988697243904224,1,0.8860906032372917,0.8860906032372917,0.047972836498289706,-0.06493075269155749,-0.05358498474650844,-0.03704958927935903,0.14866335757359508,0.09781063744105978,0.12791372157857595,0.14248156361685668,-0.05116403244413337,0.3444461468704937
matrix_BC_s_loss,"BC S-loss, fixed kappa_D",0.005,O24320-Na3840-Cl2880-F960-3-allSk.dat,3,main,24320,3840,2880,960,7680,0.76,0.12,0.09,0.03,0.24,0.25,210,0.9839411411827419,1,0.8860906032372917,0.8860906032372917,0.05979149690168779,-0.03688039851020448,-0.07680598818892032,0.0592710768483361,0.10202269902674409,0.045759871374870975,0.12478697588439498,0.1829668545798966,-0.2253881454837055,0.6399576711702937
matrix_BC_s_loss,"BC S-loss, fixed kappa_D",0.01,O24320-Na3840-Cl2880-F960-3-allSk.dat,3,main,24320,3840,2880,960,7680,0.76,0.12,0.09,0.03,0.24,0.25,449,0.91428309434111,1,0.8860906032372917,0.8860906032372917,0.068736588686413,-0.023659024563528686,-0.08676446038924235,0.10296240455840767,0.12167281968971001,0.03547631750924531,0.18189885498796177,0.20103439506811635,-0.277249151308361,0.844007326397356
matrix_BC_s_loss,"BC S-loss, fixed kappa_D",0.0025,O24320-Na3840-Cl2560-F1280-3-allSk.dat,3,main,24320,3840,2560,1280,7680,0.76,0.12,0.08,0.04,0.24,0.3333333333333333,83,0.9802910230984804,1,0.8860906032372917,0.8860906032372917,0.09539185334084152,0.0026086493501722803,-0.1429949176328854,0.2067436650804801,0.08271884087129311,-0.0042434144446650305,0.14927432939069984,0.31924819156299095,-0.45883493168719736,0.9074413060530313
matrix_BC_s_loss,"BC S-loss, fixed kappa_D",0.005,O24320-Na3840-Cl2560-F1280-3-allSk.dat,3,main,24320,3840,2560,1280,7680,0.76,0.12,0.08,0.04,0.24,0.3333333333333333,207,0.9827651836734548,1,0.8860906032372917,0.8860906032372917,0.07413804340115768,-0.02714335280072584,-0.12195669072632677,0.12545913990868823,0.10024360670336806,0.011037002622037759,0.15801834114815236,0.30662657028760887,-0.41451880498004257,0.8599139112578162
matrix_BC_s_loss,"BC S-loss, fixed kappa_D",0.01,O24320-Na3840-Cl2560-F1280-3-allSk.dat,3,main,24320,3840,2560,1280,7680,0.76,0.12,0.08,0.04,0.24,0.3333333333333333,446,0.8992527964796937,1,0.8860906032372917,0.8860906032372917,0.08519123078224312,-0.006967752815810201,-0.12467476311794855,0.16424823899549137,0.15169683606929482,-0.0012313612909605198,0.26448803525732323,0.2961301852552537,-0.42092410453445406,1.0533832924221276
