algorithm,method,kcut,file,split,source,n_O,n_Na,n_Cl,n_F,n_X,x_O,x_Na,x_Cl,x_F,x_X,x_F_anion,n_fit_points,fit_rmse_scaled,fit_success,kappa_D_input,kappa_D_fit,S0_OO,S0_ONa,S0_OCl,S0_OF,S0_NaNa,S0_NaCl,S0_NaF,S0_ClCl,S0_ClF,S0_FF
matrix_BC_s_loss,"BC S-loss, fixed kappa_D",0.0025,O31872-Na64-Cl32-F32-1-allSk.dat,1,main,31872,64,32,32,128,0.996,0.002,0.001,0.001,0.004,0.5,89,0.9600718848595191,1,0.10907651350818841,0.10907651350818841,0.06259923302937356,0.005182718325307277,-0.01926332411330416,0.02659279465891327,0.4985075396499219,0.3401255702508244,0.36487055326733847,0.6547962869681045,-0.1737860926095056,0.6897909775507506
matrix_BC_s_loss,"BC S-loss, fixed kappa_D",0.005,O31872-Na64-Cl32-F32-1-allSk.dat,1,main,31872,64,32,32,128,0.996,0.002,0.001,0.001,0.004,0.5,229,0.9437050471817541,1,0.10907651350818841,0.10907651350818841,0.06238611910056185,0.0049790371024941125,-0.021419519134040218,0.028460940931946226,0.5053461897716489,0.34420760533803174,0.3704598299306021,0.701658049305393,-0.21487498556438267,0.7387843013666704
matrix_BC_s_loss,"BC S-loss, fixed kappa_D",0.01,O31872-Na64-Cl32-F32-1-allSk.dat,1,main,31872,64,32,32,128,0.996,0.002,0.001,0.001,0.004,0.5,467,0.9032965698932678,1,0.10907651350818841,0.10907651350818841,0.0616721371006526,0.003762269147950359,-0.022878016149344385,0.02819866820367364,0.509376542663653,0.34087906655857536,0.3794881484310802,0.710093726537655,-0.22801792748143665,0.7646952137525245
matrix_BC_s_loss,"BC S-loss, fixed kappa_D",0.0025,O31616-Na192-Cl160-F32-1-allSk.dat,1,main,31616,192,160,32,384,0.988,0.006,0.005,0.001,0.012,0.16666666666666666,89,0.8700384803227863,1,0.1895983020700457,0.1895983020700457,0.06131287557955175,-0.015885241317112955,-0.03367913387248521,0.036398097094288914,0.4875065112838047,0.43052556795954866,0.23145776292043485,0.5487990833557259,-0.17258409365015978,0.952863181398093
matrix_BC_s_loss,"BC S-loss, fixed kappa_D",0.005,O31616-Na192-Cl160-F32-1-allSk.dat,1,main,31616,192,160,32,384,0.988,0.006,0.005,0.001,0.012,0.16666666666666666,229,0.8382257182480293,1,0.1895983020700457,0.1895983020700457,0.06163755614326105,-0.01679758733301373,-0.03505199927460802,0.037233135249575104,0.4905227314698295,0.44230881194602495,0.21249782877885165,0.5648041982103935,-0.17950968317130309,0.9219071061479769
matrix_BC_s_loss,"BC S-loss, fixed kappa_D",0.01,O31616-Na192-Cl160-F32-1-allSk.dat,1,main,31616,192,160,32,384,0.988,0.006,0.005,0.001,0.012,0.16666666666666666,467,0.8170629769090529,1,0.1895983020700457,0.1895983020700457,0.06128208299513041,-0.018071658306582424,-0.03564194727601147,0.03543147530256906,0.49993991943633087,0.44638421995575694,0.2264522447628506,0.5636665361132526,-0.16698312326917636,0.9280780655019336
matrix_BC_s_loss,"BC S-loss, fixed kappa_D",0.0025,O31616-Na192-Cl32-F160-1-allSk.dat,1,main,31616,192,32,160,384,0.988,0.006,0.001,0.005,0.012,0.8333333333333334,89,0.9548549309339978,1,0.1895983020700457,0.1895983020700457,0.062244241878567606,0.03267006198441653,-0.025963633229262335,0.047399549576614436,0.5871792988628866,0.22264789445734312,0.5436515291637777,0.799493715914519,-0.11364591092312143,0.6463644083281544
matrix_BC_s_loss,"BC S-loss, fixed kappa_D",0.005,O31616-Na192-Cl32-F160-1-allSk.dat,1,main,31616,192,32,160,384,0.988,0.006,0.001,0.005,0.012,0.8333333333333334,229,0.9139941838740001,1,0.1895983020700457,0.1895983020700457,0.06207454426316583,0.03244854181461025,-0.030142509944194124,0.0490257368695596,0.5810707138704309,0.20704432782018084,0.5439380367125948,0.8539078260109142,-0.15507349159467848,0.6652052389279115
matrix_BC_s_loss,"BC S-loss, fixed kappa_D",0.01,O31616-Na192-Cl32-F160-1-allSk.dat,1,main,31616,192,32,160,384,0.988,0.006,0.001,0.005,0.012,0.8333333333333334,467,0.8584864882375641,1,0.1895983020700457,0.1895983020700457,0.061348091930066385,0.028792815230558374,-0.03144744589018048,0.04560467413754825,0.5642172077994445,0.19656993229568426,0.5301602378995347,0.8731515949716437,-0.1751536921125727,0.6590925551945173
matrix_BC_s_loss,"BC S-loss, fixed kappa_D",0.0025,O31360-Na320-Cl160-F160-1-allSk.dat,1,main,31360,320,160,160,640,0.98,0.01,0.005,0.005,0.02,0.5,86,0.9394062019408183,1,0.24452703161864242,0.24452703161864242,0.06300502222159583,0.00865967339997259,-0.043677542779554615,0.0559241703475174,0.5354154073620495,0.3414191087810004,0.4157726218139256,0.6638585645999492,-0.18101903050852325,0.7690103111411966
matrix_BC_s_loss,"BC S-loss, fixed kappa_D",0.005,O31360-Na320-Cl160-F160-1-allSk.dat,1,main,31360,320,160,160,640,0.98,0.01,0.005,0.005,0.02,0.5,228,0.8855361658200387,1,0.24452703161864242,0.24452703161864242,0.06379299698781327,0.006642369406124754,-0.05053592787952102,0.05992965677995482,0.5361728253069036,0.33555763820346624,0.42270524312145746,0.6909948925207633,-0.21644472961553726,0.8142402173241188
matrix_BC_s_loss,"BC S-loss, fixed kappa_D",0.01,O31360-Na320-Cl160-F160-1-allSk.dat,1,main,31360,320,160,160,640,0.98,0.01,0.005,0.005,0.02,0.5,467,0.8338828326388662,1,0.24452703161864242,0.24452703161864242,0.06340575097438296,0.004334772341603843,-0.05426214728148215,0.06039244111677808,0.5352817489964646,0.3352528059296142,0.4217499031919772,0.7078960302313188,-0.23377696526202305,0.8302213982856572
matrix_BC_s_loss,"BC S-loss, fixed kappa_D",0.0025,O31296-Na352-Cl320-F32-1-allSk.dat,1,main,31296,352,320,32,704,0.978,0.011,0.01,0.001,0.022,0.09090909090909091,89,0.9423927035711804,1,0.2551535003183825,0.2551535003183825,0.0611513670429217,-0.02549755763145086,-0.039919347661272295,0.0416702295837508,0.4290615845559876,0.39401602267029995,0.17704822168887108,0.4567845751976926,-0.13767634907161486,1.0225733641443597
matrix_BC_s_loss,"BC S-loss, fixed kappa_D",0.005,O31296-Na352-Cl320-F32-1-allSk.dat,1,main,31296,352,320,32,704,0.978,0.011,0.01,0.001,0.022,0.09090909090909091,229,0.8838158750267961,1,0.2551535003183825,0.2551535003183825,0.060895758607222863,-0.026452688605884164,-0.03919743391153967,0.03621952679256117,0.45805638554234474,0.4143372000412015,0.20895189220332316,0.46493169900661474,-0.09604209604965369,0.9967268004467765
matrix_BC_s_loss,"BC S-loss, fixed kappa_D",0.01,O31296-Na352-Cl320-F32-1-allSk.dat,1,main,31296,352,320,32,704,0.978,0.011,0.01,0.001,0.022,0.09090909090909091,467,0.8661834928072796,1,0.2551535003183825,0.2551535003183825,0.06092211070338539,-0.030688652530057287,-0.04282588022170902,0.03364457853836632,0.47503620774217603,0.440169743189016,0.18357791734544063,0.49573784823046974,-0.10778284053409716,0.9496983404001692
matrix_BC_s_loss,"BC S-loss, fixed kappa_D",0.0025,O31296-Na352-Cl32-F320-1-allSk.dat,1,main,31296,352,32,320,704,0.978,0.011,0.001,0.01,0.022,0.9090909090909091,86,0.9653916045508586,1,0.2551535003183825,0.2551535003183825,0.0623148117704177,0.05004362232008032,-0.03187581377389982,0.06256621126347461,0.6732395725774792,0.1425110932898408,0.6610336559938874,0.8482790026957158,-0.11878247837667044,0.7308602651236511
matrix_BC_s_loss,"BC S-loss, fixed kappa_D",0.005,O31296-Na352-Cl32-F320-1-allSk.dat,1,main,31296,352,32,320,704,0.978,0.011,0.001,0.01,0.022,0.9090909090909091,228,0.9368429877365574,1,0.2551535003183825,0.2551535003183825,0.0618973205794189,0.04664185112070751,-0.036959301827482784,0.060605943600879855,0.6054500530634742,0.12837473008156636,0.5944057186713514,0.911913908704774,-0.15373194535839158,0.672032286791558
matrix_BC_s_loss,"BC S-loss, fixed kappa_D",0.01,O31296-Na352-Cl32-F320-1-allSk.dat,1,main,31296,352,32,320,704,0.978,0.011,0.001,0.01,0.022,0.9090909090909091,467,0.8680431220720709,1,0.2551535003183825,0.2551535003183825,0.06067795260377492,0.04225158437277993,-0.038430820749140414,0.05646672813107349,0.5972244805083965,0.12107712206326632,0.5880863716752136,0.9252202337091959,-0.16559357064850452,0.6691554750141724
matrix_BC_s_loss,"BC S-loss, fixed kappa_D",0.0025,O31040-Na480-Cl320-F160-1-allSk.dat,1,main,31040,480,320,160,960,0.97,0.015,0.01,0.005,0.03,0.3333333333333333,86,0.9132242920985529,1,0.2998682691886077,0.2998682691886077,0.06768618752677463,-0.002428368305265327,-0.07088124518743324,0.09603516097775126,0.4683113060956128,0.30511480693351134,0.3796414778703218,0.6023082100769884,-0.32331809166913,1.1147991585310042
matrix_BC_s_loss,"BC S-loss, fixed kappa_D",0.005,O31040-Na480-Cl320-F160-1-allSk.dat,1,main,31040,480,320,160,960,0.97,0.015,0.01,0.005,0.03,0.3333333333333333,228,0.8240333615534412,1,0.2998682691886077,0.2998682691886077,0.06532909425775603,-0.0056052575971013985,-0.06263374896528254,0.07886890630128336,0.5026155636247437,0.33940694841530106,0.39056178326033925,0.5761757902457244,-0.226965537779329,0.9974505938204415
matrix_BC_s_loss,"BC S-loss, fixed kappa_D",0.01,O31040-Na480-Cl320-F160-1-allSk.dat,1,main,31040,480,320,160,960,0.97,0.015,0.01,0.005,0.03,0.3333333333333333,467,0.7642098306497898,1,0.2998682691886077,0.2998682691886077,0.06441084294374405,-0.00956352641090609,-0.06258893059560712,0.07194960085951983,0.5055831416644951,0.35422043756453814,0.37475234193969703,0.5842696392233656,-0.2127542529314599,0.9499700464432067
matrix_BC_s_loss,"BC S-loss, fixed kappa_D",0.0025,O31040-Na480-Cl160-F320-1-allSk.dat,1,main,31040,480,160,320,960,0.97,0.015,0.005,0.01,0.03,0.6666666666666666,86,0.9573749244272757,1,0.2998682691886077,0.2998682691886077,0.06429138240175393,0.013497787873945878,-0.07009851219771666,0.06609847979984015,0.5499540622237421,0.3268461953471786,0.4424382560744858,0.8620753260581832,-0.2092761074640348,0.6898545397628086
matrix_BC_s_loss,"BC S-loss, fixed kappa_D",0.005,O31040-Na480-Cl160-F320-1-allSk.dat,1,main,31040,480,160,320,960,0.97,0.015,0.005,0.01,0.03,0.6666666666666666,228,0.8923875720112074,1,0.2998682691886077,0.2998682691886077,0.06418300417355266,0.020634398464552173,-0.07105631923467312,0.0755162788707042,0.5706391638297512,0.28307876963032735,0.4987204717001233,0.8302090531356832,-0.24034717997011973,0.7807564607686555
matrix_BC_s_loss,"BC S-loss, fixed kappa_D",0.01,O31040-Na480-Cl160-F320-1-allSk.dat,1,main,31040,480,160,320,960,0.97,0.015,0.005,0.01,0.03,0.6666666666666666,467,0.826114033768387,1,0.2998682691886077,0.2998682691886077,0.06335624226496944,0.01951314495073042,-0.06797374057589987,0.07196331710696174,0.5572650747719718,0.25668650397789605,0.5010027747307849,0.7855134728050382,-0.2410664240314723,0.7840602820535301
matrix_BC_s_loss,"BC S-loss, fixed kappa_D",0.0025,O30976-Na512-Cl480-F32-1-allSk.dat,1,main,30976,512,480,32,1024,0.968,0.016,0.015,0.001,0.032,0.0625,86,0.8803804206339858,1,0.3102221138316356,0.3102221138316356,0.06149581220555082,-0.04061793797362801,-0.05137659688682808,0.03650895223298488,0.4481591143045017,0.429611637126293,0.12875774129096995,0.4692483576425618,-0.09894452587965147,0.8982414660941589
matrix_BC_s_loss,"BC S-loss, fixed kappa_D",0.005,O30976-Na512-Cl480-F32-1-allSk.dat,1,main,30976,512,480,32,1024,0.968,0.016,0.015,0.001,0.032,0.0625,228,0.7961691710581037,1,0.3102221138316356,0.3102221138316356,0.06106817102686978,-0.043529827422943396,-0.05363105847772209,0.033592886631920345,0.47156851251620957,0.449061789641286,0.14706521736603978,0.48748518459803636,-0.09177484290589946,0.9437033076395097
matrix_BC_s_loss,"BC S-loss, fixed kappa_D",0.01,O30976-Na512-Cl480-F32-1-allSk.dat,1,main,30976,512,480,32,1024,0.968,0.016,0.015,0.001,0.032,0.0625,467,0.740492148802656,1,0.3102221138316356,0.3102221138316356,0.060498409417728306,-0.0413211752328044,-0.05149654863778641,0.03416057433008945,0.454926471601375,0.4313880816021749,0.1489470306079114,0.4716806954985401,-0.10125915198467918,0.9879631317193934
matrix_BC_s_loss,"BC S-loss, fixed kappa_D",0.0025,O30976-Na512-Cl32-F480-1-allSk.dat,1,main,30976,512,32,480,1024,0.968,0.016,0.001,0.015,0.032,0.9375,86,0.9279740371079478,1,0.3102221138316356,0.3102221138316356,0.06340110975275168,0.07481348488734481,-0.05568120900067946,0.09164386128786886,0.7375630085621689,-0.09786595588835646,0.7870206808717299,0.9404512636642459,-0.3438989967570962,0.9016258031843867
matrix_BC_s_loss,"BC S-loss, fixed kappa_D",0.005,O30976-Na512-Cl32-F480-1-allSk.dat,1,main,30976,512,32,480,1024,0.968,0.016,0.001,0.015,0.032,0.9375,228,0.8979413331117502,1,0.3102221138316356,0.3102221138316356,0.062138463050530446,0.06707562097553585,-0.047600958339828345,0.08156591805418353,0.7141648908693439,0.0039949287597180055,0.7365548415050902,0.9586249753577103,-0.24338995963974774,0.8235535866126313
matrix_BC_s_loss,"BC S-loss, fixed kappa_D",0.01,O30976-Na512-Cl32-F480-1-allSk.dat,1,main,30976,512,32,480,1024,0.968,0.016,0.001,0.015,0.032,0.9375,467,0.848246975607447,1,0.3102221138316356,0.3102221138316356,0.06044078062397021,0.059015987405734535,-0.04264401167346239,0.07196208617042538,0.690287804919093,0.06028829682873464,0.6973598080385326,0.9282318829165023,-0.17740295637325143,0.7660353591328075
matrix_BC_s_loss,"BC S-loss, fixed kappa_D",0.0025,O30720-Na640-Cl480-F160-1-allSk.dat,1,main,30720,640,480,160,1280,0.96,0.02,0.015,0.005,0.04,0.25,86,0.8717635282235194,1,0.34843836150328816,0.34843836150328816,0.05991855487800402,-0.011255000308328905,-0.043679164566671216,0.05314453164497893,0.390650657286815,0.29506967805371415,0.2702256404116056,0.41255540625839016,-0.12442756846932243,0.7559661512743329
matrix_BC_s_loss,"BC S-loss, fixed kappa_D",0.005,O30720-Na640-Cl480-F160-1-allSk.dat,1,main,30720,640,480,160,1280,0.96,0.02,0.015,0.005,0.04,0.25,228,0.7819689492088334,1,0.34843836150328816,0.34843836150328816,0.061661948236439224,-0.019492881455573444,-0.056194633387669335,0.058346197229002895,0.4424841747541216,0.33141328005249715,0.31094371015426536,0.4668477425617075,-0.14577744941071907,0.8743813692856979
matrix_BC_s_loss,"BC S-loss, fixed kappa_D",0.01,O30720-Na640-Cl480-F160-1-allSk.dat,1,main,30720,640,480,160,1280,0.96,0.02,0.015,0.005,0.04,0.25,467,0.6961016694422273,1,0.34843836150328816,0.34843836150328816,0.06259627857817479,-0.02259584473446727,-0.06292947699043058,0.06380536197222786,0.45185381079051956,0.34410437089290724,0.3077013680879986,0.5034456863541888,-0.18378476583102624,0.933727288252483
matrix_BC_s_loss,"BC S-loss, fixed kappa_D",0.0025,O30720-Na640-Cl320-F320-1-allSk.dat,1,main,30720,640,320,320,1280,0.96,0.02,0.01,0.01,0.04,0.5,86,0.963096279998552,1,0.34843836150328816,0.34843836150328816,0.06529193270862639,0.0011447191889342873,-0.0775608299990847,0.07917970740118434,0.4278251408754853,0.26084479267837685,0.3441913238719144,0.6360328298309815,-0.2671425863508228,0.7539026246216346
matrix_BC_s_loss,"BC S-loss, fixed kappa_D",0.005,O30720-Na640-Cl320-F320-1-allSk.dat,1,main,30720,640,320,320,1280,0.96,0.02,0.01,0.01,0.04,0.5,228,0.8930385030895449,1,0.34843836150328816,0.34843836150328816,0.06513851362200071,0.0028317094082173366,-0.07799160839316885,0.0819962502429693,0.4979084078419479,0.2807774298902498,0.42337139329942736,0.6505345577579098,-0.2534553083988579,0.8521928747237016
matrix_BC_s_loss,"BC S-loss, fixed kappa_D",0.01,O30720-Na640-Cl320-F320-1-allSk.dat,1,main,30720,640,320,320,1280,0.96,0.02,0.01,0.01,0.04,0.5,467,0.8100310290886861,1,0.34843836150328816,0.34843836150328816,0.06494545905267742,0.0038121456887755673,-0.07667291927502572,0.08206410740983426,0.5106262804870174,0.2737013343144165,0.4484332768544515,0.6410747947786665,-0.25400265575160613,0.8881830776985804
matrix_BC_s_loss,"BC S-loss, fixed kappa_D",0.0025,O30720-Na640-Cl160-F480-1-allSk.dat,1,main,30720,640,160,480,1280,0.96,0.02,0.005,0.015,0.04,0.75,86,0.9656256625250697,1,0.34843836150328816,0.34843836150328816,0.06441592975304895,0.042135904321203836,-0.06940152088265328,0.08872333816856001,0.5415020921766897,0.10915238770542711,0.5622535969454958,0.6998146558898598,-0.2779998591120184,0.8097378245916367
matrix_BC_s_loss,"BC S-loss, fixed kappa_D",0.005,O30720-Na640-Cl160-F480-1-allSk.dat,1,main,30720,640,160,480,1280,0.96,0.02,0.005,0.015,0.04,0.75,228,0.9206060860777058,1,0.34843836150328816,0.34843836150328816,0.06468247941253738,0.04078704342060397,-0.07661445450987488,0.09133019693176192,0.5763360119650083,0.14970998760167253,0.5790604016611447,0.7886664430480486,-0.2824665799102132,0.8317235135004639
matrix_BC_s_loss,"BC S-loss, fixed kappa_D",0.01,O30720-Na640-Cl160-F480-1-allSk.dat,1,main,30720,640,160,480,1280,0.96,0.02,0.005,0.015,0.04,0.75,467,0.8514425257515925,1,0.34843836150328816,0.34843836150328816,0.06400362599744096,0.036313853967084406,-0.0762534193580704,0.08595655891942927,0.5795332395744452,0.16726811503524164,0.5726150525028457,0.8059899124752818,-0.2721939104468508,0.8183501368773656
matrix_BC_s_loss,"BC S-loss, fixed kappa_D",0.0025,O30656-Na672-Cl640-F32-1-allSk.dat,1,main,30656,672,640,32,1344,0.958,0.021,0.02,0.001,0.042,0.047619047619047616,86,0.850190034221191,1,0.35769732802471965,0.35769732802471965,0.05994389679331376,-0.04625785657521249,-0.053300075427294785,0.026385054480272604,0.44673356065171355,0.42090656216747563,0.16483898679918924,0.43751101773526835,-0.027772571486258998,0.8795898499936063
matrix_BC_s_loss,"BC S-loss, fixed kappa_D",0.005,O30656-Na672-Cl640-F32-1-allSk.dat,1,main,30656,672,640,32,1344,0.958,0.021,0.02,0.001,0.042,0.047619047619047616,228,0.7675329292076336,1,0.35769732802471965,0.35769732802471965,0.05959579373279485,-0.04337671392038389,-0.05172117858142938,0.032527067430360705,0.39857580865355346,0.381052041097962,0.12238727961297058,0.41018857728206615,-0.08821926274441744,0.9553775097690275
matrix_BC_s_loss,"BC S-loss, fixed kappa_D",0.01,O30656-Na672-Cl640-F32-1-allSk.dat,1,main,30656,672,640,32,1344,0.958,0.021,0.02,0.001,0.042,0.047619047619047616,467,0.7070536453372527,1,0.35769732802471965,0.35769732802471965,0.0603271454812179,-0.0460688649641704,-0.05463830458875757,0.03323586559259118,0.4079018039786799,0.3902018273204413,0.12420527117505747,0.41985269224204236,-0.08950891077300065,0.969476075033003
matrix_BC_s_loss,"BC S-loss, fixed kappa_D",0.0025,O30656-Na672-Cl32-F640-1-allSk.dat,1,main,30656,672,32,640,1344,0.958,0.021,0.001,0.02,0.042,0.9523809523809523,86,0.9682569771424492,1,0.35769732802471965,0.35769732802471965,0.058971311387351406,0.055257498404674574,-0.03567565202905921,0.06459940486813961,0.6122810853934977,0.14971318098778522,0.5939245287139059,0.9627432575891328,-0.061865577425185767,0.6224251041017143
matrix_BC_s_loss,"BC S-loss, fixed kappa_D",0.005,O30656-Na672-Cl32-F640-1-allSk.dat,1,main,30656,672,32,640,1344,0.958,0.021,0.001,0.02,0.042,0.9523809523809523,228,0.9195020854952239,1,0.35769732802471965,0.35769732802471965,0.05841766912769103,0.056691308629868306,-0.03796647723227013,0.06658086723456351,0.6354936663754074,0.10455829738489522,0.627807285086369,0.9488689650020157,-0.10503317820087921,0.66679716671408
matrix_BC_s_loss,"BC S-loss, fixed kappa_D",0.01,O30656-Na672-Cl32-F640-1-allSk.dat,1,main,30656,672,32,640,1344,0.958,0.021,0.001,0.02,0.042,0.9523809523809523,461,0.8397750401844525,1,0.35769732802471965,0.35769732802471965,0.05756452850847837,0.054652030937806045,-0.03895516192597857,0.06471230604203991,0.6464676905219573,0.08627643275236443,0.6431402628071625,0.9381918567401923,-0.12137904089317117,0.6861638395072169
matrix_BC_s_loss,"BC S-loss, fixed kappa_D",0.0025,O30400-Na800-Cl640-F160-1-allSk.dat,1,main,30400,800,640,160,1600,0.95,0.025,0.02,0.005,0.05,0.2,86,0.8711968753890609,1,0.3909670996920168,0.3909670996920168,0.06009923678322916,-0.028678709333702774,-0.05558195592409435,0.0470363682710716,0.38192348396445847,0.31066022152515266,0.23268642929777472,0.4080606042851377,-0.12146383533489069,0.7632303440213044
matrix_BC_s_loss,"BC S-loss, fixed kappa_D",0.005,O30400-Na800-Cl640-F160-1-allSk.dat,1,main,30400,800,640,160,1600,0.95,0.025,0.02,0.005,0.05,0.2,228,0.7707536937794554,1,0.3909670996920168,0.3909670996920168,0.061008250752762117,-0.029279137013555293,-0.061516964801656845,0.05756378891847387,0.40480398007654733,0.3209665746606796,0.2632360676922715,0.42792120037190506,-0.13813932129726908,0.8648923840841936
matrix_BC_s_loss,"BC S-loss, fixed kappa_D",0.01,O30400-Na800-Cl640-F160-1-allSk.dat,1,main,30400,800,640,160,1600,0.95,0.025,0.02,0.005,0.05,0.2,467,0.6752102065227026,1,0.3909670996920168,0.3909670996920168,0.062088405747842995,-0.03305896548934359,-0.06701106306154342,0.060100032023094864,0.4196784473395557,0.3313284144458211,0.27577270805117027,0.451202057388322,-0.16153125719856462,0.9397090359387495
matrix_BC_s_loss,"BC S-loss, fixed kappa_D",0.0025,O30400-Na800-Cl480-F320-1-allSk.dat,1,main,30400,800,480,320,1600,0.95,0.025,0.015,0.01,0.05,0.4,86,0.9480590043759255,1,0.3909670996920168,0.3909670996920168,0.07136714082659805,-0.0062246276476154855,-0.10117821247742588,0.11407549635183538,0.5349471365703835,0.3300979018649769,0.4415399773075288,0.6934311783103533,-0.3273456689305964,1.0990509323504227
matrix_BC_s_loss,"BC S-loss, fixed kappa_D",0.005,O30400-Na800-Cl480-F320-1-allSk.dat,1,main,30400,800,480,320,1600,0.95,0.025,0.015,0.01,0.05,0.4,228,0.8554608589796615,1,0.3909670996920168,0.3909670996920168,0.0689651081882234,-0.004339420802121199,-0.09130920356350491,0.10496925204494426,0.5262600094770471,0.31251606353936984,0.4493376896573018,0.6270586534721467,-0.2738555868145718,1.0458684943905598
matrix_BC_s_loss,"BC S-loss, fixed kappa_D",0.01,O30400-Na800-Cl480-F320-1-allSk.dat,1,main,30400,800,480,320,1600,0.95,0.025,0.015,0.01,0.05,0.4,467,0.7379515515662698,1,0.3909670996920168,0.3909670996920168,0.06729015685053545,-0.006908379789906827,-0.08639079155972229,0.09488357135943908,0.49113767120407137,0.288715725762523,0.4229537384401277,0.58936679154689,-0.2653243104565055,0.9937031676640729
matrix_BC_s_loss,"BC S-loss, fixed kappa_D",0.0025,O30400-Na800-Cl320-F480-1-allSk.dat,1,main,30400,800,320,480,1600,0.95,0.025,0.01,0.015,0.05,0.6,86,0.9569903942409826,1,0.3909670996920168,0.3909670996920168,0.060439368766337945,0.014266402733908265,-0.0669220163708389,0.07305944428848415,0.57110188480644,0.23088261900117907,0.548774493937568,0.6074013827330493,-0.1978729728122015,0.8700274310403687
matrix_BC_s_loss,"BC S-loss, fixed kappa_D",0.005,O30400-Na800-Cl320-F480-1-allSk.dat,1,main,30400,800,320,480,1600,0.95,0.025,0.01,0.015,0.05,0.6,228,0.8938304632282839,1,0.3909670996920168,0.3909670996920168,0.06575134286397144,0.022358786969466804,-0.08160798480947218,0.09549771043138396,0.5562304496827521,0.2194228225358365,0.5389324383802323,0.6548610366662376,-0.2514181516010625,0.9010408473579677
matrix_BC_s_loss,"BC S-loss, fixed kappa_D",0.01,O30400-Na800-Cl320-F480-1-allSk.dat,1,main,30400,800,320,480,1600,0.95,0.025,0.01,0.015,0.05,0.6,461,0.8094979281227135,1,0.3909670996920168,0.3909670996920168,0.06545310769243642,0.01708515859824314,-0.0859745186472549,0.09225474542849338,0.5389827675180544,0.21834174308119508,0.517548474130474,0.6779320455688244,-0.2716512190631622,0.8899544986240493
matrix_BC_s_loss,"BC S-loss, fixed kappa_D",0.0025,O30400-Na800-Cl160-F640-1-allSk.dat,1,main,30400,800,160,640,1600,0.95,0.025,0.005,0.02,0.05,0.8,86,0.9769556267634457,1,0.3909670996920168,0.3909670996920168,0.06241017390140128,0.038227848487656785,-0.07063169437291435,0.07805588111243875,0.6102693582981725,0.14963429592415023,0.6074847369078693,0.7295207869823117,-0.19746416476529607,0.7779206658924336
matrix_BC_s_loss,"BC S-loss, fixed kappa_D",0.005,O30400-Na800-Cl160-F640-1-allSk.dat,1,main,30400,800,160,640,1600,0.95,0.025,0.005,0.02,0.05,0.8,228,0.914776465449206,1,0.3909670996920168,0.3909670996920168,0.06181685517886559,0.04363681584598723,-0.07270154771976203,0.08513821713651473,0.6276536350974697,0.1385691660707156,0.6324535141660373,0.7624267552078178,-0.2262883401441202,0.820248695214003
matrix_BC_s_loss,"BC S-loss, fixed kappa_D",0.01,O30400-Na800-Cl160-F640-1-allSk.dat,1,main,30400,800,160,640,1600,0.95,0.025,0.005,0.02,0.05,0.8,461,0.841650977107993,1,0.3909670996920168,0.3909670996920168,0.06181486330147017,0.039025885512834854,-0.07584892899676204,0.08155673094279255,0.6078422176513496,0.1437966054648393,0.6076899563989006,0.7900882556609122,-0.2342746354539069,0.796555343602866
matrix_BC_s_loss,"BC S-loss, fixed kappa_D",0.0025,O30336-Na832-Cl800-F32-1-allSk.dat,1,main,30336,832,800,32,1664,0.948,0.026,0.025,0.001,0.052,0.038461538461538464,86,0.8864695430821364,1,0.39869211779766894,0.39869211779766894,0.06250240480303487,-0.06212940136322587,-0.068659194075334,0.026496940457743045,0.4572308455983273,0.4338833854336064,0.16201207675436838,0.4478895461055369,-0.027067881578025872,0.961442148698346
matrix_BC_s_loss,"BC S-loss, fixed kappa_D",0.005,O30336-Na832-Cl800-F32-1-allSk.dat,1,main,30336,832,800,32,1664,0.948,0.026,0.025,0.001,0.052,0.038461538461538464,228,0.7862326678249322,1,0.39869211779766894,0.39869211779766894,0.061296780407103534,-0.05861671566301789,-0.06460984217044076,0.024161433863755848,0.4277869606479331,0.41109121462632175,0.12583798687275227,0.4307949250082473,-0.057812499795062804,0.9307128495907105
matrix_BC_s_loss,"BC S-loss, fixed kappa_D",0.01,O30336-Na832-Cl800-F32-1-allSk.dat,1,main,30336,832,800,32,1664,0.948,0.026,0.025,0.001,0.052,0.038461538461538464,467,0.7040482561552193,1,0.39869211779766894,0.39869211779766894,0.06089865570819793,-0.05643778361074392,-0.06307739545424171,0.027609617336098416,0.4065669282715092,0.3906212219817447,0.11998659092918139,0.41235111248994927,-0.06997032914137313,0.9616656142242367
matrix_BC_s_loss,"BC S-loss, fixed kappa_D",0.0025,O30336-Na832-Cl32-F800-1-allSk.dat,1,main,30336,832,32,800,1664,0.948,0.026,0.001,0.025,0.052,0.9615384615384616,86,0.9558992314725304,1,0.39869211779766894,0.39869211779766894,0.05674837954180893,0.06609617060686046,-0.044524728688566044,0.07631007847734107,0.6853136270554367,0.03112421321198596,0.6926606688149467,0.94023915248672,-0.15630723639471622,0.7376395005960718
matrix_BC_s_loss,"BC S-loss, fixed kappa_D",0.005,O30336-Na832-Cl32-F800-1-allSk.dat,1,main,30336,832,32,800,1664,0.948,0.026,0.001,0.025,0.052,0.9615384615384616,228,0.926068360808493,1,0.39869211779766894,0.39869211779766894,0.05599511758478455,0.058692941177687155,-0.040929790925580134,0.0680412486601521,0.660020033847782,0.07116214276888524,0.6588585778366252,0.946546740986471,-0.11673791727576989,0.6952541324725424
matrix_BC_s_loss,"BC S-loss, fixed kappa_D",0.01,O30336-Na832-Cl32-F800-1-allSk.dat,1,main,30336,832,32,800,1664,0.948,0.026,0.001,0.025,0.052,0.9615384615384616,461,0.852233527397743,1,0.39869211779766894,0.39869211779766894,0.054899232172485615,0.05191473933653615,-0.041279461550032884,0.06119874609402271,0.6159859239771406,0.06452271288591246,0.6152803067144018,0.9579316331957431,-0.12578581222410612,0.652622420498039
matrix_BC_s_loss,"BC S-loss, fixed kappa_D",0.0025,O30080-Na960-Cl800-F160-1-allSk.dat,1,main,30080,960,800,160,1920,0.94,0.03,0.025,0.005,0.06,0.16666666666666666,86,0.9071186432261859,1,0.42938301201054485,0.42938301201054485,0.06438354714045733,-0.03480440765391454,-0.06949682434796144,0.0701465839104963,0.360011494018924,0.29495896486014245,0.2222961658831516,0.3968635718484014,-0.16491496547953477,0.9132732515100784
matrix_BC_s_loss,"BC S-loss, fixed kappa_D",0.005,O30080-Na960-Cl800-F160-1-allSk.dat,1,main,30080,960,800,160,1920,0.94,0.03,0.025,0.005,0.06,0.16666666666666666,228,0.7740278894347915,1,0.42938301201054485,0.42938301201054485,0.06313531535539799,-0.036447188678930376,-0.06952401412500647,0.06618340682984694,0.38537784241595086,0.30785198378715856,0.2556011093375335,0.4114227323765915,-0.16588892050066406,0.9970311985198331
matrix_BC_s_loss,"BC S-loss, fixed kappa_D",0.01,O30080-Na960-Cl800-F160-1-allSk.dat,1,main,30080,960,800,160,1920,0.94,0.03,0.025,0.005,0.06,0.16666666666666666,467,0.6679681228696018,1,0.42938301201054485,0.42938301201054485,0.06400514728692326,-0.03880456336205057,-0.07304160606220816,0.06827461641233518,0.38982348109940146,0.315551866991045,0.24927319343006682,0.4226211698659572,-0.17206860304011862,0.995349223648888
matrix_BC_s_loss,"BC S-loss, fixed kappa_D",0.0025,O30080-Na960-Cl640-F320-1-allSk.dat,1,main,30080,960,640,320,1920,0.94,0.03,0.02,0.01,0.06,0.3333333333333333,86,0.9425033650876795,1,0.42938301201054485,0.42938301201054485,0.06470954393960922,-0.023490346651622748,-0.08390398626929618,0.07797168143118857,0.3912446652712298,0.297290990847444,0.2572226872122578,0.5282455659440688,-0.232128942841286,0.7738026622965032
matrix_BC_s_loss,"BC S-loss, fixed kappa_D",0.005,O30080-Na960-Cl640-F320-1-allSk.dat,1,main,30080,960,640,320,1920,0.94,0.03,0.02,0.01,0.06,0.3333333333333333,228,0.8262231762062919,1,0.42938301201054485,0.42938301201054485,0.06689831390752148,-0.01922032424222425,-0.08934690891324554,0.09306503221574527,0.4109390526848266,0.2752819637137089,0.32245983150371843,0.5226695579049031,-0.26236402986918816,0.9295555808844052
matrix_BC_s_loss,"BC S-loss, fixed kappa_D",0.01,O30080-Na960-Cl640-F320-1-allSk.dat,1,main,30080,960,640,320,1920,0.94,0.03,0.02,0.01,0.06,0.3333333333333333,467,0.6944174933256069,1,0.42938301201054485,0.42938301201054485,0.06649356775889481,-0.02089268858643098,-0.08875716622547286,0.08933439009545396,0.42305808617063156,0.28163701490442544,0.33446321365627407,0.5238214068027892,-0.2529857186553608,0.9370831137245467
matrix_BC_s_loss,"BC S-loss, fixed kappa_D",0.0025,O30080-Na960-Cl480-F480-1-allSk.dat,1,main,30080,960,480,480,1920,0.94,0.03,0.015,0.015,0.06,0.5,86,0.9611199702629755,1,0.42938301201054485,0.42938301201054485,0.06809853381845522,0.002982741776490508,-0.09633596248507978,0.10055419635844949,0.39918937382797703,0.1862374915346558,0.3783015348880929,0.5984029372222144,-0.33502335087155966,0.8700225121768591
matrix_BC_s_loss,"BC S-loss, fixed kappa_D",0.005,O30080-Na960-Cl480-F480-1-allSk.dat,1,main,30080,960,480,480,1920,0.94,0.03,0.015,0.015,0.06,0.5,228,0.8609684861835669,1,0.42938301201054485,0.42938301201054485,0.06708091258327188,0.0019298057774101568,-0.09513512652345739,0.09786428402661679,0.4702733460224362,0.22014923603778017,0.4449177079297246,0.602007558543226,-0.2906695231925215,0.9198781798866896
matrix_BC_s_loss,"BC S-loss, fixed kappa_D",0.01,O30080-Na960-Cl480-F480-1-allSk.dat,1,main,30080,960,480,480,1920,0.94,0.03,0.015,0.015,0.06,0.5,461,0.751528871885188,1,0.42938301201054485,0.42938301201054485,0.06660718079926523,0.0014675650964782183,-0.09298847467602445,0.09506392513912927,0.47890619869988194,0.22476021522713058,0.45251542607878675,0.5975744334142834,-0.27971548875817936,0.9196689415018393
matrix_BC_s_loss,"BC S-loss, fixed kappa_D",0.0025,O30080-Na960-Cl320-F640-1-allSk.dat,1,main,30080,960,320,640,1920,0.94,0.03,0.01,0.02,0.06,0.6666666666666666,86,0.9720872429832992,1,0.42938301201054485,0.42938301201054485,0.06118581801450485,0.02655184695047665,-0.0692918355159759,0.08151596515278009,0.6823843624096707,0.24389613921290282,0.6632861342364017,0.6053532088280098,-0.12933881332211022,0.9038126431418713
matrix_BC_s_loss,"BC S-loss, fixed kappa_D",0.005,O30080-Na960-Cl320-F640-1-allSk.dat,1,main,30080,960,320,640,1920,0.94,0.03,0.01,0.02,0.06,0.6666666666666666,228,0.9067390042879779,1,0.42938301201054485,0.42938301201054485,0.062267723575367015,0.02482002616524885,-0.08020429015947718,0.08711119720571342,0.6144509206143882,0.2003456158634644,0.6108798701862617,0.6476077275166523,-0.21255555014126737,0.898471458930711
matrix_BC_s_loss,"BC S-loss, fixed kappa_D",0.01,O30080-Na960-Cl320-F640-1-allSk.dat,1,main,30080,960,320,640,1920,0.94,0.03,0.01,0.02,0.06,0.6666666666666666,461,0.8175031874295188,1,0.42938301201054485,0.42938301201054485,0.06360191150713401,0.022915017771651433,-0.08787109716520998,0.09019929916949918,0.5771778683067965,0.18268921526025794,0.5777148511293015,0.6845466942674856,-0.26029993010681834,0.8916131467682831
matrix_BC_s_loss,"BC S-loss, fixed kappa_D",0.0025,O30080-Na960-Cl160-F800-1-allSk.dat,1,main,30080,960,160,800,1920,0.94,0.03,0.005,0.025,0.06,0.8333333333333334,86,0.9761949829415859,1,0.42938301201054485,0.42938301201054485,0.06334584433556043,0.043419664152322984,-0.08743016310078697,0.08666381658650214,0.5304436626042567,0.07071955961315657,0.5494451704612486,0.7844026442979309,-0.27332613076223794,0.7241221896300661
matrix_BC_s_loss,"BC S-loss, fixed kappa_D",0.005,O30080-Na960-Cl160-F800-1-allSk.dat,1,main,30080,960,160,800,1920,0.94,0.03,0.005,0.025,0.06,0.8333333333333334,228,0.9259454629972145,1,0.42938301201054485,0.42938301201054485,0.06212602824567828,0.043177905771303544,-0.08578063924273821,0.08566129405358064,0.5866508781555062,0.10451698471778076,0.5959024221655181,0.8308661698569493,-0.25708202685630255,0.7677489749528653
matrix_BC_s_loss,"BC S-loss, fixed kappa_D",0.01,O30080-Na960-Cl160-F800-1-allSk.dat,1,main,30080,960,160,800,1920,0.94,0.03,0.005,0.025,0.06,0.8333333333333334,461,0.8501495540092946,1,0.42938301201054485,0.42938301201054485,0.06092153033277108,0.039980399841703276,-0.08575464349130602,0.08214697614931774,0.5838515746333206,0.11113973534492116,0.5898741546766455,0.8514686048491089,-0.2590408560627678,0.7620213538325978
matrix_BC_s_loss,"BC S-loss, fixed kappa_D",0.0025,O30016-Na992-Cl960-F32-1-allSk.dat,1,main,30016,992,960,32,1984,0.938,0.031,0.03,0.001,0.062,0.03225806451612903,86,0.9326036938767565,1,0.43708298096511644,0.43708298096511644,0.061937827728770795,-0.05440042367229872,-0.0605932096360845,0.028993937247749325,0.35101653820830253,0.3437380464470919,0.07164655308184202,0.35903964040433595,-0.05268865572305133,0.6874987776100783
matrix_BC_s_loss,"BC S-loss, fixed kappa_D",0.005,O30016-Na992-Cl960-F32-1-allSk.dat,1,main,30016,992,960,32,1984,0.938,0.031,0.03,0.001,0.062,0.03225806451612903,228,0.845457400206722,1,0.43708298096511644,0.43708298096511644,0.06107764298253594,-0.05729049557205643,-0.06250671778124706,0.023383413669015793,0.3661628597020674,0.35008546316699257,0.12121146892904208,0.3632704132972143,-0.04052063260506576,0.8968175422911374
matrix_BC_s_loss,"BC S-loss, fixed kappa_D",0.01,O30016-Na992-Cl960-F32-1-allSk.dat,1,main,30016,992,960,32,1984,0.938,0.031,0.03,0.001,0.062,0.03225806451612903,467,0.7770492904715174,1,0.43708298096511644,0.43708298096511644,0.06047214787773775,-0.05819729598533291,-0.0638766871355071,0.025838193827965452,0.3667566174789785,0.35144922976075,0.11704771505374985,0.36632728027978667,-0.04967065158160203,0.9237514597991824
matrix_BC_s_loss,"BC S-loss, fixed kappa_D",0.0025,O30016-Na992-Cl32-F960-1-allSk.dat,1,main,30016,992,32,960,1984,0.938,0.031,0.001,0.03,0.062,0.967741935483871,86,0.9793511274194163,1,0.43708298096511644,0.43708298096511644,0.05343882615675227,0.04715994797254533,-0.03780565113541257,0.05484184003267662,0.6187028439185771,0.07953461367981639,0.6144090627196563,0.8538806030525291,-0.07504723144266656,0.6382669596404182
matrix_BC_s_loss,"BC S-loss, fixed kappa_D",0.005,O30016-Na992-Cl32-F960-1-allSk.dat,1,main,30016,992,32,960,1984,0.938,0.031,0.001,0.03,0.062,0.967741935483871,226,0.9502211743465908,1,0.43708298096511644,0.43708298096511644,0.054661563342922076,0.05644265058484102,-0.042200174443009685,0.0650803126562105,0.63600146593993,0.05115013410957428,0.6371759049973951,0.9598723317728246,-0.12325226132706674,0.6702111329404041
matrix_BC_s_loss,"BC S-loss, fixed kappa_D",0.01,O30016-Na992-Cl32-F960-1-allSk.dat,1,main,30016,992,32,960,1984,0.938,0.031,0.001,0.03,0.062,0.967741935483871,461,0.8980351769114026,1,0.43708298096511644,0.43708298096511644,0.05366135721676217,0.05123967003333126,-0.04390555424576796,0.06010268492865829,0.618073251144013,0.054343047125092345,0.6183683925015426,0.9723489657391351,-0.12228448060259711,0.6509160396300724
matrix_BC_s_loss,"BC S-loss, fixed kappa_D",0.0025,O29760-Na1120-Cl960-F160-1-allSk.dat,1,main,29760,1120,960,160,2240,0.93,0.035,0.03,0.005,0.07,0.14285714285714285,86,0.9129397632478983,1,0.46472640791409303,0.46472640791409303,0.05940847518824567,-0.042934837498631806,-0.0664802534824054,0.04924779640042738,0.3841407094653023,0.3195974060600976,0.23349021773678613,0.3889188998930011,-0.10707759996607825,0.8800425324966077
matrix_BC_s_loss,"BC S-loss, fixed kappa_D",0.005,O29760-Na1120-Cl960-F160-1-allSk.dat,1,main,29760,1120,960,160,2240,0.93,0.035,0.03,0.005,0.07,0.14285714285714285,228,0.7935614375751636,1,0.46472640791409303,0.46472640791409303,0.06251007529322677,-0.044283071765506776,-0.07186783224099018,0.058877522728810694,0.381372333383761,0.3103627685237705,0.2487859330130822,0.3840664675651379,-0.11962417112037188,0.9512438885920802
matrix_BC_s_loss,"BC S-loss, fixed kappa_D",0.01,O29760-Na1120-Cl960-F160-1-allSk.dat,1,main,29760,1120,960,160,2240,0.93,0.035,0.03,0.005,0.07,0.14285714285714285,467,0.6700350601972827,1,0.46472640791409303,0.46472640791409303,0.06328993073785057,-0.046588414381286414,-0.07524944686433632,0.061061389814590764,0.3742209183181262,0.30556486551707995,0.24161748142896855,0.38810162571204765,-0.14220230778204757,0.9875828625790399
matrix_BC_s_loss,"BC S-loss, fixed kappa_D",0.0025,O29760-Na1120-Cl800-F320-1-allSk.dat,1,main,29760,1120,800,320,2240,0.93,0.035,0.025,0.01,0.07,0.2857142857142857,86,0.9519249651098278,1,0.46472640791409303,0.46472640791409303,0.06207328645382288,-0.030604607307324755,-0.07597504605140376,0.06287111792892526,0.41901541919762325,0.282356382769685,0.33746142848722,0.43100333521982714,-0.15323568656538028,0.8736194175083795
matrix_BC_s_loss,"BC S-loss, fixed kappa_D",0.005,O29760-Na1120-Cl800-F320-1-allSk.dat,1,main,29760,1120,800,320,2240,0.93,0.035,0.025,0.01,0.07,0.2857142857142857,228,0.8354307881596551,1,0.46472640791409303,0.46472640791409303,0.06437525339272955,-0.025892028614549353,-0.08145547843064191,0.08035286980767761,0.41806805873998104,0.2698204828196611,0.3555100775411161,0.4405057991645332,-0.19171292261376294,0.9682232000256927
matrix_BC_s_loss,"BC S-loss, fixed kappa_D",0.01,O29760-Na1120-Cl800-F320-1-allSk.dat,1,main,29760,1120,800,320,2240,0.93,0.035,0.025,0.01,0.07,0.2857142857142857,461,0.6965674677346513,1,0.46472640791409303,0.46472640791409303,0.06501279703966406,-0.026847359882134825,-0.08416089613633754,0.0828432496466618,0.4087810508892983,0.26560892644511447,0.34479473209723277,0.4514462452203565,-0.21689038720038498,0.9879856912107001
matrix_BC_s_loss,"BC S-loss, fixed kappa_D",0.0025,O29760-Na1120-Cl640-F480-1-allSk.dat,1,main,29760,1120,640,480,2240,0.93,0.035,0.02,0.015,0.07,0.42857142857142855,86,0.9577162702384202,1,0.46472640791409303,0.46472640791409303,0.06420833080057392,0.0018393740856777613,-0.08058050602391659,0.09585604401500852,0.4238850706515255,0.175265166065288,0.4451163591260563,0.45548052499436253,-0.2582216440378585,0.9780951409777909
matrix_BC_s_loss,"BC S-loss, fixed kappa_D",0.005,O29760-Na1120-Cl640-F480-1-allSk.dat,1,main,29760,1120,640,480,2240,0.93,0.035,0.02,0.015,0.07,0.42857142857142855,228,0.8537169267006982,1,0.46472640791409303,0.46472640791409303,0.06753427019807418,0.0006193149738507875,-0.09164369788009057,0.10676704653010301,0.4515176268086085,0.2028068797873886,0.4555233542082432,0.5045414155946435,-0.27280161819392507,1.0108275925590748
matrix_BC_s_loss,"BC S-loss, fixed kappa_D",0.01,O29760-Na1120-Cl640-F480-1-allSk.dat,1,main,29760,1120,640,480,2240,0.93,0.035,0.02,0.015,0.07,0.42857142857142855,461,0.7144105649089078,1,0.46472640791409303,0.46472640791409303,0.06779308759966676,-0.004763012285001894,-0.09542265893727281,0.10290897420444003,0.4439067552527848,0.21442781399162242,0.4304788568897616,0.5317412247918701,-0.2864579823054416,0.9883405019829259
matrix_BC_s_loss,"BC S-loss, fixed kappa_D",0.0025,O29760-Na1120-Cl480-F640-1-allSk.dat,1,main,29760,1120,480,640,2240,0.93,0.035,0.015,0.02,0.07,0.5714285714285714,86,0.9365736390956547,1,0.46472640791409303,0.46472640791409303,0.06307585949500319,0.014015082480299312,-0.07869144683041157,0.086689003439154,0.5035178665592013,0.179388520916358,0.510736511535844,0.5110309527351535,-0.20525707998661175,0.8533987430772776
matrix_BC_s_loss,"BC S-loss, fixed kappa_D",0.005,O29760-Na1120-Cl480-F640-1-allSk.dat,1,main,29760,1120,480,640,2240,0.93,0.035,0.015,0.02,0.07,0.5714285714285714,228,0.8747293464996986,1,0.46472640791409303,0.46472640791409303,0.0648893654738399,0.012785781084554124,-0.09083792496584092,0.09558194918120487,0.5030690689883963,0.19078173523074216,0.500275995128147,0.5854523301711887,-0.2546360775760873,0.8823242469031356
matrix_BC_s_loss,"BC S-loss, fixed kappa_D",0.01,O29760-Na1120-Cl480-F640-1-allSk.dat,1,main,29760,1120,480,640,2240,0.93,0.035,0.015,0.02,0.07,0.5714285714285714,461,0.7684516611343973,1,0.46472640791409303,0.46472640791409303,0.06637968719313515,0.007856779522848412,-0.1002671225258801,0.09722741763343985,0.48600477563070343,0.18648029509598035,0.48142721329595517,0.620231715925311,-0.2904461796051816,0.8884021103501979
matrix_BC_s_loss,"BC S-loss, fixed kappa_D",0.0025,O29760-Na1120-Cl320-F800-1-allSk.dat,1,main,29760,1120,320,800,2240,0.93,0.035,0.01,0.025,0.07,0.7142857142857143,86,0.9642244176091622,1,0.46472640791409303,0.46472640791409303,0.05714123900961885,0.014419978741523003,-0.07585766218456258,0.06503854703685849,0.4799151683177296,0.1627236943461887,0.46492778429526993,0.614283110104836,-0.19596947955010152,0.6740519545053312
matrix_BC_s_loss,"BC S-loss, fixed kappa_D",0.005,O29760-Na1120-Cl320-F800-1-allSk.dat,1,main,29760,1120,320,800,2240,0.93,0.035,0.01,0.025,0.07,0.7142857142857143,228,0.9167158864756993,1,0.46472640791409303,0.46472640791409303,0.06274753406257569,0.022933991830665357,-0.0966526384181503,0.08826436093624397,0.49354529839328914,0.12808838566235475,0.502960464272262,0.709908867041371,-0.29742956842668977,0.7832218228177539
matrix_BC_s_loss,"BC S-loss, fixed kappa_D",0.01,O29760-Na1120-Cl320-F800-1-allSk.dat,1,main,29760,1120,320,800,2240,0.93,0.035,0.01,0.025,0.07,0.7142857142857143,461,0.8284676463838674,1,0.46472640791409303,0.46472640791409303,0.06384201327930532,0.022691018578652355,-0.10196891861080261,0.09133918192511434,0.5113703251754245,0.13109976673374868,0.522146755770397,0.7342110323495685,-0.3092364931811194,0.8133907039439527
matrix_BC_s_loss,"BC S-loss, fixed kappa_D",0.0025,O29760-Na1120-Cl160-F960-1-allSk.dat,1,main,29760,1120,160,960,2240,0.93,0.035,0.005,0.03,0.07,0.8571428571428571,86,0.9564644207679296,1,0.46472640791409303,0.46472640791409303,0.0627373881329684,0.05908071129057809,-0.10371803996544525,0.10615717419811135,0.5823911852733263,-0.04181002631721241,0.6461232479007242,0.8735719435209078,-0.40179424239884864,0.8619246840538353
matrix_BC_s_loss,"BC S-loss, fixed kappa_D",0.005,O29760-Na1120-Cl160-F960-1-allSk.dat,1,main,29760,1120,160,960,2240,0.93,0.035,0.005,0.03,0.07,0.8571428571428571,222,0.9365533330239972,1,0.46472640791409303,0.46472640791409303,0.060032886311699035,0.04699837364559541,-0.091196134175698,0.08799471134814005,0.5696186638251135,0.051586263817878425,0.594198472188953,0.837069546439655,-0.28601267809946207,0.7585718904928831
matrix_BC_s_loss,"BC S-loss, fixed kappa_D",0.01,O29760-Na1120-Cl160-F960-1-allSk.dat,1,main,29760,1120,160,960,2240,0.93,0.035,0.005,0.03,0.07,0.8571428571428571,461,0.8632353414658113,1,0.46472640791409303,0.46472640791409303,0.05888836618380553,0.03914563216250165,-0.09038091577853116,0.07917996961054843,0.5483312915909151,0.0703981917754038,0.5635255448265761,0.8589536548441776,-0.2746276234222924,0.7207934132679803
matrix_BC_s_loss,"BC S-loss, fixed kappa_D",0.0025,O29440-Na1280-Cl960-F320-1-allSk.dat,1,main,29440,1280,960,320,2560,0.92,0.04,0.03,0.01,0.08,0.25,86,0.9480189578902094,1,0.4987430402726989,0.4987430402726989,0.05436996215540381,-0.02700260565678171,-0.054649890149692903,0.04065117505376261,0.32948422433975816,0.2487944502002507,0.22804382029151732,0.33777563253876836,-0.08745565671536053,0.6075652814233413
matrix_BC_s_loss,"BC S-loss, fixed kappa_D",0.005,O29440-Na1280-Cl960-F320-1-allSk.dat,1,main,29440,1280,960,320,2560,0.92,0.04,0.03,0.01,0.08,0.25,228,0.8803391014214493,1,0.4987430402726989,0.4987430402726989,0.060421254495703146,-0.03223332705896525,-0.07247198807634322,0.06105851135582188,0.3558894196436456,0.254222943373657,0.27145178491441174,0.3710272221633889,-0.13419211303082118,0.7753311275732313
matrix_BC_s_loss,"BC S-loss, fixed kappa_D",0.01,O29440-Na1280-Cl960-F320-1-allSk.dat,1,main,29440,1280,960,320,2560,0.92,0.04,0.03,0.01,0.08,0.25,461,0.7815581916985069,1,0.4987430402726989,0.4987430402726989,0.06350653550571009,-0.034823861639504045,-0.08146955131656469,0.07146167887112191,0.3546178337983351,0.25303969812260485,0.27095805411642804,0.39882848107574576,-0.1847117964835047,0.8618463244996083
matrix_BC_s_loss,"BC S-loss, fixed kappa_D",0.0025,O29440-Na1280-Cl800-F480-1-allSk.dat,1,main,29440,1280,800,480,2560,0.92,0.04,0.025,0.015,0.08,0.375,86,0.9180682282366659,1,0.4987430402726989,0.4987430402726989,0.057410830145022795,-0.025228852070772575,-0.07471869577026488,0.05526287854315711,0.3665431181389133,0.22287109189091237,0.3108370630311651,0.4203852818584828,-0.17876809617641995,0.7383834181559515
matrix_BC_s_loss,"BC S-loss, fixed kappa_D",0.005,O29440-Na1280-Cl800-F480-1-allSk.dat,1,main,29440,1280,800,480,2560,0.92,0.04,0.025,0.015,0.08,0.375,228,0.8374895883728208,1,0.4987430402726989,0.4987430402726989,0.0648391613095772,-0.018879774107653916,-0.0935919827823181,0.08999618820297536,0.38848156734539374,0.22331406977313326,0.34609051858020107,0.47532235846064746,-0.24896817724706885,0.8865799849623136
matrix_BC_s_loss,"BC S-loss, fixed kappa_D",0.01,O29440-Na1280-Cl800-F480-1-allSk.dat,1,main,29440,1280,800,480,2560,0.92,0.04,0.025,0.015,0.08,0.375,461,0.6827090165902131,1,0.4987430402726989,0.4987430402726989,0.06729259149853,-0.019541454939667996,-0.09890169190876294,0.0957704729356076,0.39358557578708186,0.2214485709038948,0.3568336781478397,0.4895920559657888,-0.2704366244082606,0.9318391371810661
matrix_BC_s_loss,"BC S-loss, fixed kappa_D",0.0025,O29440-Na1280-Cl640-F640-1-allSk.dat,1,main,29440,1280,640,640,2560,0.92,0.04,0.02,0.02,0.08,0.5,86,0.9713721983416934,1,0.4987430402726989,0.4987430402726989,0.06322442287980769,-0.009520084514015419,-0.09230517867243006,0.07884174603777137,0.46527741020196445,0.23223927316291215,0.4257623506105358,0.5231119911791471,-0.1946760613564868,0.7967949519377553
matrix_BC_s_loss,"BC S-loss, fixed kappa_D",0.005,O29440-Na1280-Cl640-F640-1-allSk.dat,1,main,29440,1280,640,640,2560,0.92,0.04,0.02,0.02,0.08,0.5,228,0.8919715410534657,1,0.4987430402726989,0.4987430402726989,0.067606122950289,-0.003529361736158837,-0.10329941190335999,0.09830814066956346,0.45210339534785615,0.2016159674799638,0.4377547858158997,0.5506978155193115,-0.2655697799181738,0.8846485350127486
matrix_BC_s_loss,"BC S-loss, fixed kappa_D",0.01,O29440-Na1280-Cl640-F640-1-allSk.dat,1,main,29440,1280,640,640,2560,0.92,0.04,0.02,0.02,0.08,0.5,461,0.7516316360696719,1,0.4987430402726989,0.4987430402726989,0.06848301168970566,-0.0035084273337224747,-0.10712183471719969,0.10216016919924889,0.43958765183179005,0.1902598639667034,0.4314109551055561,0.5665801674940729,-0.29751208749710056,0.9076193111637084
matrix_BC_s_loss,"BC S-loss, fixed kappa_D",0.0025,O29440-Na1280-Cl480-F800-1-allSk.dat,1,main,29440,1280,480,800,2560,0.92,0.04,0.015,0.025,0.08,0.625,86,0.9789813779209062,1,0.4987430402726989,0.4987430402726989,0.06419722981583634,0.01962669112961586,-0.10215979550599844,0.10395865609022109,0.4926431847243804,0.11876738101413689,0.5311529972471603,0.5973944711892858,-0.3125095933114136,0.9139301930155002
matrix_BC_s_loss,"BC S-loss, fixed kappa_D",0.005,O29440-Na1280-Cl480-F800-1-allSk.dat,1,main,29440,1280,480,800,2560,0.92,0.04,0.015,0.025,0.08,0.625,222,0.9176565153836752,1,0.4987430402726989,0.4987430402726989,0.06925075824318556,0.016975983096732608,-0.11552816907074004,0.11096084380823962,0.47821727994211144,0.13965669192181768,0.4967247200270468,0.6627364350932448,-0.3367001404252492,0.889119401464507
matrix_BC_s_loss,"BC S-loss, fixed kappa_D",0.01,O29440-Na1280-Cl480-F800-1-allSk.dat,1,main,29440,1280,480,800,2560,0.92,0.04,0.015,0.025,0.08,0.625,461,0.8005126815526747,1,0.4987430402726989,0.4987430402726989,0.06780597844616175,0.014371163086811467,-0.11305991790560378,0.10575407902642037,0.4843596258686168,0.1386248366395565,0.5052935130135915,0.6569178026973717,-0.3334982523149139,0.8974779906533403
matrix_BC_s_loss,"BC S-loss, fixed kappa_D",0.0025,O29440-Na1280-Cl320-F960-1-allSk.dat,1,main,29440,1280,320,960,2560,0.92,0.04,0.01,0.03,0.08,0.75,86,0.9754137222574102,1,0.4987430402726989,0.4987430402726989,0.0590907742359609,0.009618961455649225,-0.09192734281836276,0.06418129609355619,0.531406488346214,0.20483231671352903,0.4953553649983101,0.6845468325320178,-0.15870331164868476,0.6636145063542526
matrix_BC_s_loss,"BC S-loss, fixed kappa_D",0.005,O29440-Na1280-Cl320-F960-1-allSk.dat,1,main,29440,1280,320,960,2560,0.92,0.04,0.01,0.03,0.08,0.75,222,0.9651453462070585,1,0.4987430402726989,0.4987430402726989,0.061120596812737606,0.01634874346621258,-0.10195213085230892,0.07773999307429645,0.5117964255607832,0.12830678606733226,0.516893650660783,0.721315640684404,-0.268295864370168,0.7517580662194028
matrix_BC_s_loss,"BC S-loss, fixed kappa_D",0.01,O29440-Na1280-Cl320-F960-1-allSk.dat,1,main,29440,1280,320,960,2560,0.92,0.04,0.01,0.03,0.08,0.75,461,0.8942281577123679,1,0.4987430402726989,0.4987430402726989,0.06244200678139997,0.021807720382414533,-0.10590787405501406,0.08632732606136159,0.5107584459884384,0.11126333726942073,0.5255351348411637,0.7366453917968167,-0.2968265798043171,0.7782086088909627
matrix_BC_s_loss,"BC S-loss, fixed kappa_D",0.0025,O29376-Na1312-Cl1280-F32-1-allSk.dat,1,main,29376,1312,1280,32,2624,0.918,0.041,0.04,0.001,0.082,0.024390243902439025,86,0.9366710897903704,1,0.5048041082417978,0.5048041082417978,0.060419716540661014,-0.0551311911428371,-0.06301801028453208,0.04554902597683064,0.28868966199018975,0.2858795371226137,0.040454824301443856,0.3079027942914777,-0.11682606264682792,0.9979101620726537
matrix_BC_s_loss,"BC S-loss, fixed kappa_D",0.005,O29376-Na1312-Cl1280-F32-1-allSk.dat,1,main,29376,1312,1280,32,2624,0.918,0.041,0.04,0.001,0.082,0.024390243902439025,228,0.7939010873216673,1,0.5048041082417978,0.5048041082417978,0.06154359763534199,-0.06145312434726347,-0.06737274243181497,0.032610646618875985,0.31056295402793216,0.3010022221247265,0.08486797281287076,0.3154526214501126,-0.06774293129850513,0.9718640902590531
matrix_BC_s_loss,"BC S-loss, fixed kappa_D",0.01,O29376-Na1312-Cl1280-F32-1-allSk.dat,1,main,29376,1312,1280,32,2624,0.918,0.041,0.04,0.001,0.082,0.024390243902439025,467,0.6945331543536376,1,0.5048041082417978,0.5048041082417978,0.06065565009422605,-0.06170268431510406,-0.06710538789086151,0.02932178455570003,0.30900351814493954,0.29802435409658906,0.09371640219437868,0.3113090794552238,-0.060604529676537726,0.9833744669380848
matrix_BC_s_loss,"BC S-loss, fixed kappa_D",0.0025,O29376-Na1312-Cl32-F1280-1-allSk.dat,1,main,29376,1312,32,1280,2624,0.918,0.041,0.001,0.04,0.082,0.975609756097561,86,0.974293651242908,1,0.5048041082417978,0.5048041082417978,0.04833372867482964,0.04067450519865051,-0.04157102177141559,0.04775275360203537,0.5375638442995675,0.011794833289095724,0.542376985190224,0.8556537923090388,-0.12334938503749396,0.5686180960692881
matrix_BC_s_loss,"BC S-loss, fixed kappa_D",0.005,O29376-Na1312-Cl32-F1280-1-allSk.dat,1,main,29376,1312,32,1280,2624,0.918,0.041,0.001,0.04,0.082,0.975609756097561,222,0.9229786088559772,1,0.5048041082417978,0.5048041082417978,0.048364377183267665,0.045302408998820834,-0.04315596995100969,0.05268875140580033,0.6023031484366693,0.008321527199181139,0.6084697130347598,0.8980327807624129,-0.13356654586363859,0.6371473580415699
matrix_BC_s_loss,"BC S-loss, fixed kappa_D",0.01,O29376-Na1312-Cl32-F1280-1-allSk.dat,1,main,29376,1312,32,1280,2624,0.918,0.041,0.001,0.04,0.082,0.975609756097561,461,0.8427257940553843,1,0.5048041082417978,0.5048041082417978,0.04776047503107561,0.04209142963987925,-0.04420670150554293,0.04960401782115309,0.5923305325214996,0.003980283086925093,0.5990596199056184,0.9394825498954794,-0.1445155044894252,0.6293515472266376
matrix_BC_s_loss,"BC S-loss, fixed kappa_D",0.0025,O29120-Na1440-Cl960-F480-1-allSk.dat,1,main,29120,1440,960,480,2880,0.91,0.045,0.03,0.015,0.09,0.3333333333333333,86,0.9637790768795972,1,0.5302846053397241,0.5302846053397241,0.07719644697907743,-0.013902239042819859,-0.1180177610374101,0.14282293389888068,0.3607288559374481,0.19186354299551037,0.3534646816106498,0.49483603508795837,-0.3674864273839198,1.131923076825177
matrix_BC_s_loss,"BC S-loss, fixed kappa_D",0.005,O29120-Na1440-Cl960-F480-1-allSk.dat,1,main,29120,1440,960,480,2880,0.91,0.045,0.03,0.015,0.09,0.3333333333333333,228,0.8524194758010483,1,0.5302846053397241,0.5302846053397241,0.07180378148463808,-0.018707865103582688,-0.10394525747214979,0.11459782000092752,0.37962668199183214,0.20108227090073102,0.3731594264580518,0.44544384040543494,-0.2816680106755277,1.0446698067325886
matrix_BC_s_loss,"BC S-loss, fixed kappa_D",0.01,O29120-Na1440-Cl960-F480-1-allSk.dat,1,main,29120,1440,960,480,2880,0.91,0.045,0.03,0.015,0.09,0.3333333333333333,461,0.6859497875396758,1,0.5302846053397241,0.5302846053397241,0.06980563878932389,-0.021962416858458678,-0.1027723382376077,0.10730201271656206,0.37037086532047614,0.20276264042350195,0.35475148034881904,0.45039327315203426,-0.28575708020289264,1.0185691263914938
matrix_BC_s_loss,"BC S-loss, fixed kappa_D",0.0025,O29120-Na1440-Cl800-F640-1-allSk.dat,1,main,29120,1440,800,640,2880,0.91,0.045,0.025,0.02,0.09,0.4444444444444444,86,0.9679600011287016,1,0.5302846053397241,0.5302846053397241,0.07195757602626596,0.009167726432948366,-0.11057002297148902,0.13737263346840395,0.42558544979240054,0.13699572095967608,0.4852123023423866,0.5088423504259232,-0.36340946125205265,1.1341225830266628
matrix_BC_s_loss,"BC S-loss, fixed kappa_D",0.005,O29120-Na1440-Cl800-F640-1-allSk.dat,1,main,29120,1440,800,640,2880,0.91,0.045,0.025,0.02,0.09,0.4444444444444444,228,0.8642604169752809,1,0.5302846053397241,0.5302846053397241,0.07200141076655592,0.000375458597228262,-0.11105369878738738,0.12472499771653449,0.42442475039772437,0.16509239214416205,0.4520582198953873,0.5104078896562192,-0.3230147805455159,1.039228833361556
matrix_BC_s_loss,"BC S-loss, fixed kappa_D",0.01,O29120-Na1440-Cl800-F640-1-allSk.dat,1,main,29120,1440,800,640,2880,0.91,0.045,0.025,0.02,0.09,0.4444444444444444,461,0.709173728330901,1,0.5302846053397241,0.5302846053397241,0.07017502291502875,-0.00762031705945021,-0.10997327177435454,0.11152338010858243,0.40456328969554267,0.17641070561577316,0.40961176968552765,0.5160739514090192,-0.3123721599600856,0.9636603465028861
matrix_BC_s_loss,"BC S-loss, fixed kappa_D",0.0025,O29120-Na1440-Cl640-F800-1-allSk.dat,1,main,29120,1440,640,800,2880,0.91,0.045,0.02,0.025,0.09,0.5555555555555556,86,0.9690600474795656,1,0.5302846053397241,0.5302846053397241,0.05755718137938076,0.007330166362981533,-0.08175851924152075,0.08296149286991145,0.5727444770786987,0.19232802274270194,0.5963939375590015,0.4848640604790147,-0.17564047993257464,0.957244052542385
matrix_BC_s_loss,"BC S-loss, fixed kappa_D",0.005,O29120-Na1440-Cl640-F800-1-allSk.dat,1,main,29120,1440,640,800,2880,0.91,0.045,0.02,0.025,0.09,0.5555555555555556,222,0.9055029439616847,1,0.5302846053397241,0.5302846053397241,0.06986818735188075,0.01411972392198256,-0.11648986690200248,0.12313530194096195,0.5485427004623749,0.15010873497676958,0.6016859259072825,0.580980294535254,-0.3182525716127368,1.091900132516231
matrix_BC_s_loss,"BC S-loss, fixed kappa_D",0.01,O29120-Na1440-Cl640-F800-1-allSk.dat,1,main,29120,1440,640,800,2880,0.91,0.045,0.02,0.025,0.09,0.5555555555555556,461,0.768908663276226,1,0.5302846053397241,0.5302846053397241,0.06974311512253453,0.009186866453907844,-0.11612814524134304,0.11619364547893496,0.4896712453701073,0.15112793007418424,0.5217899847868394,0.5925275143744735,-0.3272133253052964,0.9927232209877302
matrix_BC_s_loss,"BC S-loss, fixed kappa_D",0.0025,O29120-Na1440-Cl480-F960-1-allSk.dat,1,main,29120,1440,480,960,2880,0.91,0.045,0.015,0.03,0.09,0.6666666666666666,86,0.9576062505905608,1,0.5302846053397241,0.5302846053397241,0.04390451829057537,-0.0022335662253393507,-0.03364299354626621,0.021053640096582227,0.47876881482579436,0.1856222879295982,0.45511487200574025,0.3485462757935377,-0.019119490013178808,0.5709191264242168
matrix_BC_s_loss,"BC S-loss, fixed kappa_D",0.005,O29120-Na1440-Cl480-F960-1-allSk.dat,1,main,29120,1440,480,960,2880,0.91,0.045,0.015,0.03,0.09,0.6666666666666666,222,0.9325292631443788,1,0.5302846053397241,0.5302846053397241,0.06532092021709673,0.02726238107530679,-0.1095863111770991,0.11087868516245103,0.5003338740425922,0.07101168720923035,0.5625685006480053,0.6159004112579837,-0.34853615761773526,0.9354551665153044
matrix_BC_s_loss,"BC S-loss, fixed kappa_D",0.01,O29120-Na1440-Cl480-F960-1-allSk.dat,1,main,29120,1440,480,960,2880,0.91,0.045,0.015,0.03,0.09,0.6666666666666666,461,0.8286547138417396,1,0.5302846053397241,0.5302846053397241,0.0666481798701742,0.021961453534819764,-0.11611464356316605,0.10900262944364884,0.47936889799948856,0.09159348069645679,0.5223382280165676,0.6570082737251866,-0.35239635991085705,0.8889129216534837
matrix_BC_s_loss,"BC S-loss, fixed kappa_D",0.0025,O28800-Na1600-Cl960-F640-1-allSk.dat,1,main,28800,1600,960,640,3200,0.9,0.05,0.03,0.02,0.1,0.4,86,0.9484446611119475,1,0.5598492526579522,0.5598492526579522,0.06354984932023738,-0.02828340071887465,-0.09516553631724967,0.07183351941433773,0.27983038845881136,0.17672746289690242,0.22600463921274075,0.4165729787049583,-0.2307649653006602,0.6399729185872736
matrix_BC_s_loss,"BC S-loss, fixed kappa_D",0.005,O28800-Na1600-Cl960-F640-1-allSk.dat,1,main,28800,1600,960,640,3200,0.9,0.05,0.03,0.02,0.1,0.4,222,0.8743616238695124,1,0.5598492526579522,0.5598492526579522,0.06757351538526656,-0.019781918072502888,-0.10358198451794365,0.09558354550893594,0.32060228366893,0.1620861554328767,0.3084025321326158,0.4427266928360341,-0.28594653230510936,0.837838767784058
matrix_BC_s_loss,"BC S-loss, fixed kappa_D",0.01,O28800-Na1600-Cl960-F640-1-allSk.dat,1,main,28800,1600,960,640,3200,0.9,0.05,0.03,0.02,0.1,0.4,461,0.7006965399052779,1,0.5598492526579522,0.5598492526579522,0.06905369368454381,-0.01659169536161939,-0.10741196778036452,0.10531848287189582,0.35280619266811364,0.16074189700834113,0.3609677567429975,0.4565441704761423,-0.30499487637310063,0.9442810472334042
matrix_BC_s_loss,"BC S-loss, fixed kappa_D",0.0025,O28800-Na1600-Cl800-F800-1-allSk.dat,1,main,28800,1600,800,800,3200,0.9,0.05,0.025,0.025,0.1,0.5,86,0.9737816875664255,1,0.5598492526579522,0.5598492526579522,0.06702304120447392,-0.025714232123683116,-0.12417409305417179,0.0878086772388492,0.3413456843709576,0.1764840804512707,0.30625161584366317,0.5715862129452682,-0.3220000328281365,0.7551052214529199
matrix_BC_s_loss,"BC S-loss, fixed kappa_D",0.005,O28800-Na1600-Cl800-F800-1-allSk.dat,1,main,28800,1600,800,800,3200,0.9,0.05,0.025,0.025,0.1,0.5,222,0.909661463567351,1,0.5598492526579522,0.5598492526579522,0.06981718502335658,-0.003563422279978537,-0.11910703147558041,0.11406759135877229,0.4146738266035119,0.15424784908965677,0.43218950045417875,0.5465700161314647,-0.3284306159819936,0.9396388690395461
matrix_BC_s_loss,"BC S-loss, fixed kappa_D",0.01,O28800-Na1600-Cl800-F800-1-allSk.dat,1,main,28800,1600,800,800,3200,0.9,0.05,0.025,0.025,0.1,0.5,461,0.7448804276206002,1,0.5598492526579522,0.5598492526579522,0.07116205374359565,-0.0030610508136791614,-0.12093140325151025,0.11660242367569196,0.39638924870159675,0.13845171285937274,0.4221273386333072,0.5414185641348939,-0.3456182740753836,0.9425964814190667
matrix_BC_s_loss,"BC S-loss, fixed kappa_D",0.0025,O28800-Na1600-Cl640-F960-1-allSk.dat,1,main,28800,1600,640,960,3200,0.9,0.05,0.02,0.03,0.1,0.6,86,0.9753519543044317,1,0.5598492526579522,0.5598492526579522,0.05698583958979367,0.001051123929323397,-0.08614067888249392,0.07169056494403933,0.4535818287818365,0.13622189917536714,0.47434690808061686,0.4675725957394318,-0.20590971012510004,0.7805037994040331
matrix_BC_s_loss,"BC S-loss, fixed kappa_D",0.005,O28800-Na1600-Cl640-F960-1-allSk.dat,1,main,28800,1600,640,960,3200,0.9,0.05,0.02,0.03,0.1,0.6,222,0.9251641140353262,1,0.5598492526579522,0.5598492526579522,0.0662789434478581,0.010307909578132296,-0.11299620413044095,0.10556846837375587,0.4717125902134214,0.11128083892371105,0.5181179108603359,0.5576914794967894,-0.31169024092047926,0.9233813627313971
matrix_BC_s_loss,"BC S-loss, fixed kappa_D",0.01,O28800-Na1600-Cl640-F960-1-allSk.dat,1,main,28800,1600,640,960,3200,0.9,0.05,0.02,0.03,0.1,0.6,461,0.7868731955068847,1,0.5598492526579522,0.5598492526579522,0.06748209872828048,0.007943355890071419,-0.11847699729505515,0.10699089156841102,0.46015993017347845,0.10877656253823809,0.505248223987074,0.5942886934247078,-0.3448047478758507,0.9338045501292163
matrix_BC_s_loss,"BC S-loss, fixed kappa_D",0.0025,O28736-Na1632-Cl1600-F32-1-allSk.dat,1,main,28736,1632,1600,32,3264,0.898,0.051,0.05,0.001,0.102,0.0196078431372549,86,0.9557248381739616,1,0.5657081512163484,0.5657081512163484,0.050315801946900905,-0.04985473192082941,-0.05098219915929803,0.004464587616633493,0.2415223510330149,0.23534490100968078,0.060674829579457495,0.2441529616837887,-0.04572338195072549,0.7566180872171362
matrix_BC_s_loss,"BC S-loss, fixed kappa_D",0.005,O28736-Na1632-Cl1600-F32-1-allSk.dat,1,main,28736,1632,1600,32,3264,0.898,0.051,0.05,0.001,0.102,0.0196078431372549,228,0.8593891703214857,1,0.5657081512163484,0.5657081512163484,0.05937404589095928,-0.06177521015527819,-0.06560569149337854,0.022739051411893023,0.2674234173375016,0.25978862346270926,0.0728022217761094,0.2698529859604297,-0.052886901951974985,0.8938787263148847
matrix_BC_s_loss,"BC S-loss, fixed kappa_D",0.01,O28736-Na1632-Cl1600-F32-1-allSk.dat,1,main,28736,1632,1600,32,3264,0.898,0.051,0.05,0.001,0.102,0.0196078431372549,461,0.7452410227814795,1,0.5657081512163484,0.5657081512163484,0.0596133934819172,-0.0626347040417427,-0.06719427394790975,0.027834011597666183,0.26173113838158046,0.25315985568833427,0.07902368545881164,0.26386037904851056,-0.05785164273806968,0.9734148826924912
matrix_BC_s_loss,"BC S-loss, fixed kappa_D",0.0025,O28672-Na1664-Cl960-F704-1-allSk.dat,1,main,28672,1664,960,704,3328,0.896,0.052,0.03,0.022,0.104,0.4230769230769231,86,0.9760557291311522,1,0.5716909750094119,0.5716909750094119,0.059798261965023754,-0.030147621335740345,-0.08159108831787545,0.04892854242862209,0.2872748533675075,0.1788574673177039,0.23279934862224352,0.3718487624011477,-0.1592481457711505,0.5438703356219245
matrix_BC_s_loss,"BC S-loss, fixed kappa_D",0.005,O28672-Na1664-Cl960-F704-1-allSk.dat,1,main,28672,1664,960,704,3328,0.896,0.052,0.03,0.022,0.104,0.4230769230769231,222,0.9412371559112871,1,0.5716909750094119,0.5716909750094119,0.0672337390585945,-0.021215370488149296,-0.10555812513464946,0.09064856340411834,0.33943922034915497,0.17487168090668465,0.3176518801366377,0.45311382030214675,-0.2602730852036409,0.7922953683055282
matrix_BC_s_loss,"BC S-loss, fixed kappa_D",0.01,O28672-Na1664-Cl960-F704-1-allSk.dat,1,main,28672,1664,960,704,3328,0.896,0.052,0.03,0.022,0.104,0.4230769230769231,461,0.8305377845602511,1,0.5716909750094119,0.5716909750094119,0.06903388780083533,-0.019158274728673957,-0.11209990500437322,0.10145032066441126,0.3452779515524014,0.16479087274550447,0.3384002646583509,0.47967434210775056,-0.3067874502276676,0.8785112645023873
matrix_BC_s_loss,"BC S-loss, fixed kappa_D",0.0025,O28672-Na1664-Cl704-F960-1-allSk.dat,1,main,28672,1664,704,960,3328,0.896,0.052,0.022,0.03,0.104,0.5769230769230769,86,0.9834601106697783,1,0.5716909750094119,0.5716909750094119,0.05632644900839636,-0.01077411545012981,-0.08091886478273869,0.05510999375531618,0.43126511859263095,0.13973729793220452,0.4481230394331665,0.44170943806955876,-0.1942846628140691,0.7563568416847838
matrix_BC_s_loss,"BC S-loss, fixed kappa_D",0.005,O28672-Na1664-Cl704-F960-1-allSk.dat,1,main,28672,1664,704,960,3328,0.896,0.052,0.022,0.03,0.104,0.5769230769230769,222,0.9594175796751089,1,0.5716909750094119,0.5716909750094119,0.06531381158381752,0.01373638957481664,-0.10789407989023525,0.11047976723262871,0.47443660711445257,0.08123802508557476,0.5550567295431607,0.506108538257952,-0.3264506289906625,1.0103217582540969
matrix_BC_s_loss,"BC S-loss, fixed kappa_D",0.01,O28672-Na1664-Cl704-F960-1-allSk.dat,1,main,28672,1664,704,960,3328,0.896,0.052,0.022,0.03,0.104,0.5769230769230769,461,0.8756931870037324,1,0.5716909750094119,0.5716909750094119,0.06856794072005987,0.008494083279702608,-0.1200318699158108,0.11397213267674575,0.4473476240415562,0.09900470231337444,0.5041779526899094,0.5684010941417857,-0.35640386938769814,0.9689871585308777
matrix_BC_s_loss,"BC S-loss, fixed kappa_D",0.0025,O28480-Na1760-Cl1600-F160-1-allSk.dat,1,main,28480,1760,1600,160,3520,0.89,0.055,0.05,0.005,0.11,0.09090909090909091,86,0.9521528921020752,1,0.5888069257011409,0.5888069257011409,0.0640017380169508,-0.047640569808468904,-0.0712709262729031,0.06737256311888412,0.24984246624357945,0.20882274904112308,0.16827820299929652,0.26605172596056237,-0.14874272319437296,1.0284814504140998
matrix_BC_s_loss,"BC S-loss, fixed kappa_D",0.005,O28480-Na1760-Cl1600-F160-1-allSk.dat,1,main,28480,1760,1600,160,3520,0.89,0.055,0.05,0.005,0.11,0.09090909090909091,228,0.797772345336026,1,0.5888069257011409,0.5888069257011409,0.06221083574383949,-0.04868538844114159,-0.0707124841981468,0.06214134284283676,0.2478255729811701,0.2067183976659937,0.1682434681484051,0.26161517830394404,-0.14169247158994894,1.0060713947993078
matrix_BC_s_loss,"BC S-loss, fixed kappa_D",0.01,O28480-Na1760-Cl1600-F160-1-allSk.dat,1,main,28480,1760,1600,160,3520,0.89,0.055,0.05,0.005,0.11,0.09090909090909091,461,0.6684748140425343,1,0.5888069257011409,0.5888069257011409,0.06237907015341493,-0.05242949637001637,-0.07479820833397513,0.06264373582850491,0.25866527976712805,0.21805851802994086,0.16833409910436542,0.27566877350871866,-0.14852291742637513,1.02797174995214
matrix_BC_s_loss,"BC S-loss, fixed kappa_D",0.0025,O28480-Na1760-Cl960-F800-1-allSk.dat,1,main,28480,1760,960,800,3520,0.89,0.055,0.03,0.025,0.11,0.45454545454545453,86,0.983753057925306,1,0.5888069257011409,0.5888069257011409,0.06960337901646257,-0.02215678437502372,-0.12360678722982026,0.10254062910083697,0.37640093931531027,0.15532744806187984,0.3881401211319108,0.5047282710148083,-0.322514281826594,0.9290015303719288
matrix_BC_s_loss,"BC S-loss, fixed kappa_D",0.005,O28480-Na1760-Cl960-F800-1-allSk.dat,1,main,28480,1760,960,800,3520,0.89,0.055,0.03,0.025,0.11,0.45454545454545453,222,0.926502272510083,1,0.5888069257011409,0.5888069257011409,0.0702313630049799,-0.007150554743097219,-0.11832647841892624,0.11901417610685783,0.4141020605700789,0.1370463602325088,0.4640858491739551,0.485690099869502,-0.3287742454272665,1.0485046955997857
matrix_BC_s_loss,"BC S-loss, fixed kappa_D",0.01,O28480-Na1760-Cl960-F800-1-allSk.dat,1,main,28480,1760,960,800,3520,0.89,0.055,0.03,0.025,0.11,0.45454545454545453,461,0.7519198024467192,1,0.5888069257011409,0.5888069257011409,0.07157503499688304,-0.005330435478083789,-0.11667052084278062,0.1198998386173099,0.38876346156215935,0.1291182476003092,0.43518744550261845,0.4804528244116286,-0.3347963889926642,1.012238363833022
matrix_BC_s_loss,"BC S-loss, fixed kappa_D",0.0025,O28480-Na1760-Cl800-F960-1-allSk.dat,1,main,28480,1760,800,960,3520,0.89,0.055,0.025,0.03,0.11,0.5454545454545454,86,0.9839096709318602,1,0.5888069257011409,0.5888069257011409,0.06571908084354644,-0.016866356867839292,-0.11225653534969018,0.07963857257389867,0.4309793354153694,0.16506085798079528,0.43286951995776035,0.5066718987228079,-0.23903258875106786,0.8043140021185553
matrix_BC_s_loss,"BC S-loss, fixed kappa_D",0.005,O28480-Na1760-Cl800-F960-1-allSk.dat,1,main,28480,1760,800,960,3520,0.89,0.055,0.025,0.03,0.11,0.5454545454545454,222,0.9408178907640452,1,0.5888069257011409,0.5888069257011409,0.06969576304921299,-0.0032667099367124364,-0.12036248868135539,0.10545227071662135,0.42496582366773106,0.12294235182652212,0.46317594640886245,0.5277394332491725,-0.3152932554934509,0.9149652432265389
matrix_BC_s_loss,"BC S-loss, fixed kappa_D",0.01,O28480-Na1760-Cl800-F960-1-allSk.dat,1,main,28480,1760,800,960,3520,0.89,0.055,0.025,0.03,0.11,0.5454545454545454,461,0.784956168726969,1,0.5888069257011409,0.5888069257011409,0.07000891439350654,0.0020126783502654733,-0.12252536287388768,0.11457502122317981,0.41022850663917,0.10316413876114444,0.4612764805603926,0.5387683475510547,-0.3521410578263713,0.9460306418633815
matrix_BC_s_loss,"BC S-loss, fixed kappa_D",0.0025,O28224-Na1888-Cl1760-F128-1-allSk.dat,1,main,28224,1888,1760,128,3776,0.882,0.059,0.055,0.004,0.118,0.06779661016949153,86,0.9174095514503736,1,0.610671322963451,0.610671322963451,0.05692056045063108,-0.048301967324976436,-0.05924004959815167,0.034160757636676656,0.219154890650761,0.19347093117656264,0.12427091467904477,0.2225643530002054,-0.0822514988292571,0.7822682245247874
matrix_BC_s_loss,"BC S-loss, fixed kappa_D",0.005,O28224-Na1888-Cl1760-F128-1-allSk.dat,1,main,28224,1888,1760,128,3776,0.882,0.059,0.055,0.004,0.118,0.06779661016949153,228,0.7939613646759824,1,0.610671322963451,0.610671322963451,0.059438031195736304,-0.05380479918452756,-0.06762102013774338,0.044104201385119834,0.23859758315129287,0.2099979176831021,0.13765828592980928,0.24504336292195528,-0.10213280245090828,0.907405246323951
matrix_BC_s_loss,"BC S-loss, fixed kappa_D",0.01,O28224-Na1888-Cl1760-F128-1-allSk.dat,1,main,28224,1888,1760,128,3776,0.882,0.059,0.055,0.004,0.118,0.06779661016949153,461,0.6672699427087564,1,0.610671322963451,0.610671322963451,0.06077896489877398,-0.05561084840587996,-0.07133260186841905,0.050930851144488205,0.24262642490069453,0.2134730553753199,0.1402451908181983,0.2514547471509354,-0.11256033190656578,0.9560067571523422
matrix_BC_s_loss,"BC S-loss, fixed kappa_D",0.0025,O28160-Na1920-Cl1600-F320-1-allSk.dat,1,main,28160,1920,1600,320,3840,0.88,0.06,0.05,0.01,0.12,0.16666666666666666,86,0.9530082684115266,1,0.6162767600248704,0.6162767600248704,0.05665161832833464,-0.0330723602096033,-0.056660711489574994,0.04568679544113926,0.20976962324349535,0.15335762154338814,0.1709104738437315,0.21597373206207454,-0.10728402529697062,0.6585378260782663
matrix_BC_s_loss,"BC S-loss, fixed kappa_D",0.005,O28160-Na1920-Cl1600-F320-1-allSk.dat,1,main,28160,1920,1600,320,3840,0.88,0.06,0.05,0.01,0.12,0.16666666666666666,228,0.8775489681151702,1,0.6162767600248704,0.6162767600248704,0.05877948715362621,-0.041552029096821416,-0.06982208968252705,0.05434566979672498,0.24565680342262974,0.18093882199271816,0.19714231448418335,0.26016075389565446,-0.13852934224584226,0.7926591033375794
matrix_BC_s_loss,"BC S-loss, fixed kappa_D",0.01,O28160-Na1920-Cl1600-F320-1-allSk.dat,1,main,28160,1920,1600,320,3840,0.88,0.06,0.05,0.01,0.12,0.16666666666666666,461,0.7592030091917774,1,0.6162767600248704,0.6162767600248704,0.06241229776383046,-0.04416121777663398,-0.07857220597823064,0.06752034373676005,0.25074330685381296,0.18223804581899705,0.20669649967195125,0.27649185775398744,-0.1718643651846345,0.8906013592783222
matrix_BC_s_loss,"BC S-loss, fixed kappa_D",0.0025,O28160-Na1920-Cl1280-F640-1-allSk.dat,1,main,28160,1920,1280,640,3840,0.88,0.06,0.04,0.02,0.12,0.3333333333333333,86,0.9508195552802129,1,0.6162767600248704,0.6162767600248704,0.05153156881067863,-0.01977448105930714,-0.06458088737409726,0.05708076090650932,0.2745270885080069,0.13413530006648344,0.2857989048028204,0.28735905631662756,-0.17405791991006225,0.7411732948412857
matrix_BC_s_loss,"BC S-loss, fixed kappa_D",0.005,O28160-Na1920-Cl1280-F640-1-allSk.dat,1,main,28160,1920,1280,640,3840,0.88,0.06,0.04,0.02,0.12,0.3333333333333333,222,0.8697123460741694,1,0.6162767600248704,0.6162767600248704,0.0664356123364267,-0.020730434048349178,-0.09644527056076291,0.10048804461907698,0.2933015623927909,0.13037090668693135,0.32364090362811143,0.3538900875484503,-0.27466712718983427,0.9490004649013112
matrix_BC_s_loss,"BC S-loss, fixed kappa_D",0.01,O28160-Na1920-Cl1280-F640-1-allSk.dat,1,main,28160,1920,1280,640,3840,0.88,0.06,0.04,0.02,0.12,0.3333333333333333,461,0.6775128951855467,1,0.6162767600248704,0.6162767600248704,0.06874427772110964,-0.020389890453871767,-0.10366264319671825,0.11128478969337251,0.30267691504082295,0.1331690649993516,0.3359222973182863,0.38214535298886615,-0.309779554419389,1.0199289335563246
matrix_BC_s_loss,"BC S-loss, fixed kappa_D",0.0025,O28160-Na1920-Cl960-F960-1-allSk.dat,1,main,28160,1920,960,960,3840,0.88,0.06,0.03,0.03,0.12,0.5,86,0.9847639931299638,1,0.6162767600248704,0.6162767600248704,0.04999846720330256,-0.043221356457957,-0.07241224626459233,0.011288017777587603,0.28030563335802977,0.16837731304105738,0.2280347152634486,0.35240570891254974,-0.11428422921394626,0.43677401623140233
matrix_BC_s_loss,"BC S-loss, fixed kappa_D",0.005,O28160-Na1920-Cl960-F960-1-allSk.dat,1,main,28160,1920,960,960,3840,0.88,0.06,0.03,0.03,0.12,0.5,222,0.9735421937119386,1,0.6162767600248704,0.6162767600248704,0.06054934510323358,-0.015599482425213945,-0.09847203107788062,0.07641103146614231,0.33243243926698574,0.10891629940976176,0.36121416477437956,0.41069173081965366,-0.25666082303087984,0.7674947937760773
matrix_BC_s_loss,"BC S-loss, fixed kappa_D",0.01,O28160-Na1920-Cl960-F960-1-allSk.dat,1,main,28160,1920,960,960,3840,0.88,0.06,0.03,0.03,0.12,0.5,461,0.8827151693470601,1,0.6162767600248704,0.6162767600248704,0.06718386430734562,-0.006909262097840929,-0.11303637751208798,0.10326520534733094,0.36260343951012064,0.11010304485462163,0.4026956570637231,0.471503382612748,-0.3157941633207689,0.885291823049031
matrix_BC_s_loss,"BC S-loss, fixed kappa_D",0.0025,O28160-Na1920-Cl640-F1280-1-allSk.dat,1,main,28160,1920,640,1280,3840,0.88,0.06,0.02,0.04,0.12,0.6666666666666666,86,0.9908958004695819,1,0.6162767600248704,0.6162767600248704,0.07263543578715455,0.018346554930682595,-0.15824796500029853,0.13436805821974013,0.40117879945795487,0.0421735695085317,0.4615204601608401,0.7445790751052201,-0.4748450501726581,0.9010109716142279
matrix_BC_s_loss,"BC S-loss, fixed kappa_D",0.005,O28160-Na1920-Cl640-F1280-1-allSk.dat,1,main,28160,1920,640,1280,3840,0.88,0.06,0.02,0.04,0.12,0.6666666666666666,210,0.9586263080220329,1,0.6162767600248704,0.6162767600248704,0.07307090786887704,0.018134733928727373,-0.15397206232979477,0.13108511175993554,0.3946080990097346,0.022763629714502506,0.46719792853621256,0.707267876294327,-0.47223427269603274,0.9061183234315624
matrix_BC_s_loss,"BC S-loss, fixed kappa_D",0.01,O28160-Na1920-Cl640-F1280-1-allSk.dat,1,main,28160,1920,640,1280,3840,0.88,0.06,0.02,0.04,0.12,0.6666666666666666,455,0.8452206991469751,1,0.6162767600248704,0.6162767600248704,0.06997939737098452,0.0153718054177482,-0.1434954630274008,0.12029315482559512,0.3989888726676677,0.03319110342909526,0.46518992123226044,0.6697551154419504,-0.4329377501627698,0.8758721892240101
matrix_BC_s_loss,"BC S-loss, fixed kappa_D",0.0025,O28096-Na1952-Cl1920-F32-1-allSk.dat,1,main,28096,1952,1920,32,3904,0.878,0.061,0.06,0.001,0.122,0.01639344262295082,86,0.9308359428328781,1,0.6216473153609047,0.6216473153609047,0.05876025425151061,-0.058907462011530604,-0.060618643450013575,0.009468007019135296,0.22477655119456474,0.2142908157054461,0.09567146517397394,0.21731408345805284,-0.009642878345501392,0.8219114443518069
matrix_BC_s_loss,"BC S-loss, fixed kappa_D",0.005,O28096-Na1952-Cl1920-F32-1-allSk.dat,1,main,28096,1952,1920,32,3904,0.878,0.061,0.06,0.001,0.122,0.01639344262295082,228,0.7837250605258259,1,0.6216473153609047,0.6216473153609047,0.058186025346624426,-0.057928405600883706,-0.06095384802967833,0.019711165542312746,0.2153757694273251,0.20752832804604268,0.07463101659072639,0.21497879636836598,-0.044370539381739287,0.9265795933157382
matrix_BC_s_loss,"BC S-loss, fixed kappa_D",0.01,O28096-Na1952-Cl1920-F32-1-allSk.dat,1,main,28096,1952,1920,32,3904,0.878,0.061,0.06,0.001,0.122,0.01639344262295082,461,0.6820111264783967,1,0.6216473153609047,0.6216473153609047,0.058639012845941224,-0.06055314925216493,-0.06413959835006577,0.02388797816262634,0.21921515715450512,0.2119651393631531,0.07025020065974627,0.2208296502143236,-0.0550384542431924,0.9749976403049267
matrix_BC_s_loss,"BC S-loss, fixed kappa_D",0.0025,O27840-Na2080-Cl1600-F480-1-allSk.dat,1,main,27840,2080,1600,480,4160,0.87,0.065,0.05,0.015,0.13,0.23076923076923078,86,0.9793858471492574,1,0.6425594662531868,0.6425594662531868,0.07265720236915456,-0.03203071549582403,-0.10104890679618733,0.11781196749213312,0.20799776881468496,0.1242812899341923,0.20607633006369058,0.317918348076054,-0.3217246999943126,1.0163683412332358
matrix_BC_s_loss,"BC S-loss, fixed kappa_D",0.005,O27840-Na2080-Cl1600-F480-1-allSk.dat,1,main,27840,2080,1600,480,4160,0.87,0.065,0.05,0.015,0.13,0.23076923076923078,222,0.8963209631347948,1,0.6425594662531868,0.6425594662531868,0.07050421461817102,-0.03647318117178318,-0.09826079904986726,0.10347387272264563,0.2718064517708881,0.15800908539315564,0.27732644788501765,0.3192349100828298,-0.2539183973153246,1.0408904838988327
matrix_BC_s_loss,"BC S-loss, fixed kappa_D",0.01,O27840-Na2080-Cl1600-F480-1-allSk.dat,1,main,27840,2080,1600,480,4160,0.87,0.065,0.05,0.015,0.13,0.23076923076923078,461,0.7079991648801315,1,0.6425594662531868,0.6425594662531868,0.06856389080318294,-0.033988481961023914,-0.0961789620811262,0.10484528969249124,0.26387568865326044,0.15163542114943562,0.27245391355406395,0.3164163404017018,-0.26204025681597654,1.0455759137088374
matrix_BC_s_loss,"BC S-loss, fixed kappa_D",0.0025,O27584-Na2208-Cl1408-F800-1-allSk.dat,1,main,27584,2208,1408,800,4416,0.862,0.069,0.044,0.025,0.138,0.36231884057971014,86,0.9876544310975334,1,0.6629473630327716,0.6629473630327716,0.06729080637855826,-0.0011835860438785713,-0.09712018502773367,0.12687816450757425,0.27969206877751834,0.07033065319299585,0.37135520739454014,0.3242561900348403,-0.31333239089678616,1.0326239955803196
matrix_BC_s_loss,"BC S-loss, fixed kappa_D",0.005,O27584-Na2208-Cl1408-F800-1-allSk.dat,1,main,27584,2208,1408,800,4416,0.862,0.069,0.044,0.025,0.138,0.36231884057971014,222,0.9162088413967141,1,0.6629473630327716,0.6629473630327716,0.0684102014508564,-0.008027619231462696,-0.1030760936216425,0.12340940826531585,0.2677807474572802,0.07307233508241179,0.3479293821623432,0.3475507220440115,-0.33968125579189357,1.0286618112073918
matrix_BC_s_loss,"BC S-loss, fixed kappa_D",0.01,O27584-Na2208-Cl1408-F800-1-allSk.dat,1,main,27584,2208,1408,800,4416,0.862,0.069,0.044,0.025,0.138,0.36231884057971014,461,0.7106358246523633,1,0.6629473630327716,0.6629473630327716,0.07169083482471081,-0.011050640945641343,-0.11348186848394345,0.1321920077519585,0.28276545077269966,0.08525787624865427,0.35665789382372287,0.38013228519272185,-0.36266144240409454,1.0736493665002342
matrix_BC_s_loss,"BC S-loss, fixed kappa_D",0.0025,O27520-Na2240-Cl1600-F640-1-allSk.dat,1,main,27520,2240,1600,640,4480,0.86,0.07,0.05,0.02,0.14,0.2857142857142857,86,0.9672311940410074,1,0.6677807386085743,0.6677807386085743,0.050597587707946416,-0.04611329471831852,-0.06748671132086102,0.020435784878455474,0.25898659710533795,0.1595403272599774,0.23226415067222772,0.2635671241578605,-0.11826359234930023,0.6215175955714842
matrix_BC_s_loss,"BC S-loss, fixed kappa_D",0.005,O27520-Na2240-Cl1600-F640-1-allSk.dat,1,main,27520,2240,1600,640,4480,0.86,0.07,0.05,0.02,0.14,0.2857142857142857,222,0.8978497360891695,1,0.6677807386085743,0.6677807386085743,0.06415833872711246,-0.03170071828466016,-0.09278211044128784,0.08739478418796075,0.27256124927683517,0.1302230208056651,0.3040147310858036,0.30973191062841876,-0.24610418694799202,0.9578843683574141
matrix_BC_s_loss,"BC S-loss, fixed kappa_D",0.01,O27520-Na2240-Cl1600-F640-1-allSk.dat,1,main,27520,2240,1600,640,4480,0.86,0.07,0.05,0.02,0.14,0.2857142857142857,461,0.7145849428672225,1,0.6677807386085743,0.6677807386085743,0.06949980524595001,-0.026192783935671288,-0.10207395309631168,0.11239087903423152,0.26256029867254516,0.11930160971379045,0.3025729328908272,0.32560792356511414,-0.29163845671207367,1.0271830129476964
matrix_BC_s_loss,"BC S-loss, fixed kappa_D",0.0025,O27456-Na2272-Cl2240-F32-1-allSk.dat,1,main,27456,2272,2240,32,4544,0.858,0.071,0.07,0.001,0.142,0.014084507042253521,86,0.9691285517230378,1,0.672685109543546,0.672685109543546,0.05243106936225385,-0.048307509179710606,-0.04937150206515393,0.006025314761255323,0.17155642961592782,0.15869019223983727,0.11786276599439792,0.1590175648737274,0.006710926880648744,0.9369816763293161
matrix_BC_s_loss,"BC S-loss, fixed kappa_D",0.005,O27456-Na2272-Cl2240-F32-1-allSk.dat,1,main,27456,2272,2240,32,4544,0.858,0.071,0.07,0.001,0.142,0.014084507042253521,228,0.8690035819657139,1,0.672685109543546,0.672685109543546,0.05538822164710054,-0.05162667257136656,-0.053478157635574,0.012416292486657918,0.17064211982271424,0.16149025481728138,0.08673165043428371,0.1670650863910424,-0.03702572212964418,1.0405932932283652
matrix_BC_s_loss,"BC S-loss, fixed kappa_D",0.01,O27456-Na2272-Cl2240-F32-1-allSk.dat,1,main,27456,2272,2240,32,4544,0.858,0.071,0.07,0.001,0.142,0.014084507042253521,461,0.7314064814095564,1,0.672685109543546,0.672685109543546,0.05727065130379573,-0.05576472712337428,-0.05900423112810084,0.02378287301073397,0.17715528102995726,0.17034288620048543,0.06754609418367656,0.17772211406401886,-0.05159521476451312,1.000830043723824
matrix_BC_s_loss,"BC S-loss, fixed kappa_D",0.0025,O27328-Na2336-Cl1920-F416-1-allSk.dat,1,main,27328,2336,1920,416,4672,0.854,0.073,0.06,0.013,0.146,0.1780821917808219,86,0.9825551484398526,1,0.682713187686647,0.682713187686647,0.055866224500116066,-0.04277452742994249,-0.06199902081999839,0.03183330894487277,0.23061545453700558,0.14082573198986953,0.24394269022027038,0.20391854865527625,-0.10437535775784687,0.8023004202633974
matrix_BC_s_loss,"BC S-loss, fixed kappa_D",0.005,O27328-Na2336-Cl1920-F416-1-allSk.dat,1,main,27328,2336,1920,416,4672,0.854,0.073,0.06,0.013,0.146,0.1780821917808219,222,0.91182511926165,1,0.682713187686647,0.682713187686647,0.06003798855982601,-0.03414472394430133,-0.07127981064074201,0.07222151895991835,0.22096924613735497,0.13131087092704885,0.24152546102193012,0.22495328176264495,-0.1721123921060827,0.9420948533672846
matrix_BC_s_loss,"BC S-loss, fixed kappa_D",0.01,O27328-Na2336-Cl1920-F416-1-allSk.dat,1,main,27328,2336,1920,416,4672,0.854,0.073,0.06,0.013,0.146,0.1780821917808219,461,0.7670746447143253,1,0.682713187686647,0.682713187686647,0.06248621422229011,-0.03498030726442582,-0.07833554966938579,0.08539961264365417,0.21890241146916378,0.13577686997872399,0.2270332186277666,0.2401961624340056,-0.19427636295196465,0.9553687199673132
matrix_BC_s_loss,"BC S-loss, fixed kappa_D",0.0025,O27264-Na2368-Cl1120-F1248-1-allSk.dat,1,main,27264,2368,1120,1248,4736,0.852,0.074,0.035,0.039,0.148,0.527027027027027,86,0.9875264593110985,1,0.6878401892134671,0.6878401892134671,0.05104007556380045,-0.022944323657224708,-0.08419897158171716,0.04815907042368302,0.25106531416425737,0.10546710474907856,0.2459238081291596,0.3545952419170141,-0.19064079799049793,0.5193536907608575
matrix_BC_s_loss,"BC S-loss, fixed kappa_D",0.005,O27264-Na2368-Cl1120-F1248-1-allSk.dat,1,main,27264,2368,1120,1248,4736,0.852,0.074,0.035,0.039,0.148,0.527027027027027,210,0.9602967103863752,1,0.6878401892134671,0.6878401892134671,0.0700767706303759,-0.016308766885199923,-0.13008954914952084,0.10077294411088025,0.25268330323927224,0.07200077455388045,0.2798562365844599,0.4785373215469393,-0.3541539792067533,0.720995839030543
matrix_BC_s_loss,"BC S-loss, fixed kappa_D",0.01,O27264-Na2368-Cl1120-F1248-1-allSk.dat,1,main,27264,2368,1120,1248,4736,0.852,0.074,0.035,0.039,0.148,0.527027027027027,449,0.8092938586698704,1,0.6878401892134671,0.6878401892134671,0.07355274213971875,-0.007559024538595999,-0.13790149012403785,0.12022598409032735,0.27579128806959546,0.05054856234420885,0.3320092398065994,0.5019644769606586,-0.40589712271564266,0.8418531495998168
matrix_BC_s_loss,"BC S-loss, fixed kappa_D",0.0025,O27200-Na2400-Cl2240-F160-1-allSk.dat,1,main,27200,2400,2240,160,4800,0.85,0.075,0.07,0.005,0.15,0.06666666666666667,86,0.9086663309326787,1,0.6930447783452088,0.6930447783452088,0.05350494138399123,-0.04444239267669245,-0.052617731333817974,0.02475287641802639,0.16618101368572452,0.14427743850255054,0.1037795549427866,0.16762137942916167,-0.06839765596851752,0.6578570826628561
matrix_BC_s_loss,"BC S-loss, fixed kappa_D",0.005,O27200-Na2400-Cl2240-F160-1-allSk.dat,1,main,27200,2400,2240,160,4800,0.85,0.075,0.07,0.005,0.15,0.06666666666666667,228,0.7980498892697653,1,0.6930447783452088,0.6930447783452088,0.05801389463771044,-0.04837576812562572,-0.061973937688855396,0.04452669743043377,0.17633346995836793,0.14967304873207854,0.12291132413836676,0.18348321514949195,-0.10685010219769761,0.8758299856137618
matrix_BC_s_loss,"BC S-loss, fixed kappa_D",0.01,O27200-Na2400-Cl2240-F160-1-allSk.dat,1,main,27200,2400,2240,160,4800,0.85,0.075,0.07,0.005,0.15,0.06666666666666667,461,0.6765875137251346,1,0.6930447783452088,0.6930447783452088,0.059938293383198685,-0.051257652481951466,-0.06781185012080547,0.05520867548703393,0.18229955540207077,0.15572719802025073,0.1233653212991568,0.1944324845515017,-0.12437089756696112,0.9431451224722868
matrix_BC_s_loss,"BC S-loss, fixed kappa_D",0.0025,O27200-Na2400-Cl1600-F800-1-allSk.dat,1,main,27200,2400,1600,800,4800,0.85,0.075,0.05,0.025,0.15,0.3333333333333333,86,0.9856730576418096,1,0.6930447783452088,0.6930447783452088,0.06925507117110177,-0.030450344920127537,-0.09504992929149636,0.08167935459698013,0.22180150668156084,0.11921819280601856,0.2155714936199092,0.30494618779279775,-0.22476706744398073,0.6912494147672984
matrix_BC_s_loss,"BC S-loss, fixed kappa_D",0.005,O27200-Na2400-Cl1600-F800-1-allSk.dat,1,main,27200,2400,1600,800,4800,0.85,0.075,0.05,0.025,0.15,0.3333333333333333,222,0.9080471611859906,1,0.6930447783452088,0.6930447783452088,0.06926912555638484,-0.02696735362058035,-0.09987375647985144,0.09453399432243198,0.2543236168045966,0.114768155991046,0.2781947431391508,0.3151564714411673,-0.2469142789142657,0.8310369514997104
matrix_BC_s_loss,"BC S-loss, fixed kappa_D",0.01,O27200-Na2400-Cl1600-F800-1-allSk.dat,1,main,27200,2400,1600,800,4800,0.85,0.075,0.05,0.025,0.15,0.3333333333333333,461,0.736115788655348,1,0.6930447783452088,0.6930447783452088,0.06898928856476966,-0.025581386293117944,-0.10453965673485971,0.10353313957254016,0.24685994150005486,0.1069450129720243,0.27633087325837236,0.337140443380889,-0.29155439137007305,0.8909392866283675
matrix_BC_s_loss,"BC S-loss, fixed kappa_D",0.0025,O27200-Na2400-Cl1280-F1120-1-allSk.dat,1,main,27200,2400,1280,1120,4800,0.85,0.075,0.04,0.035,0.15,0.4666666666666667,86,0.9915522380234991,1,0.6930447783452088,0.6930447783452088,0.04757517885123679,-0.033996220830266,-0.07128780831050446,0.02644450114677452,0.2657915878308502,0.12338102970898593,0.2571791760160206,0.3075746476057304,-0.14819979535933797,0.5349040103879326
matrix_BC_s_loss,"BC S-loss, fixed kappa_D",0.005,O27200-Na2400-Cl1280-F1120-1-allSk.dat,1,main,27200,2400,1280,1120,4800,0.85,0.075,0.04,0.035,0.15,0.4666666666666667,210,0.9609990187527901,1,0.6930447783452088,0.6930447783452088,0.07168406827738821,-0.011317123501702261,-0.12564087851956293,0.1177491764361075,0.2722242207882413,0.06672657358758755,0.3271617476860857,0.4305666423408924,-0.3626174001847598,0.8665700669989648
matrix_BC_s_loss,"BC S-loss, fixed kappa_D",0.01,O27200-Na2400-Cl1280-F1120-1-allSk.dat,1,main,27200,2400,1280,1120,4800,0.85,0.075,0.04,0.035,0.15,0.4666666666666667,455,0.7942517838107893,1,0.6930447783452088,0.6930447783452088,0.07396279075004591,-0.006639433736450512,-0.13072954056057356,0.1300366216578297,0.276666629749698,0.045663391538291076,0.3561822573029047,0.44607605797433775,-0.41003100426653677,0.9597390180188097
matrix_BC_s_loss,"BC S-loss, fixed kappa_D",0.0025,O26880-Na2560-Cl2240-F320-1-allSk.dat,1,main,26880,2560,2240,320,5120,0.84,0.08,0.07,0.01,0.16,0.125,86,0.9889909288320058,1,0.7165296389881972,0.7165296389881972,0.0500974422599222,-0.04848799556698815,-0.05651168638634238,0.012371106460894024,0.18423673896408743,0.13460310818374677,0.1649738399102911,0.18108007815314547,-0.09837777191930785,0.7268996027109249
matrix_BC_s_loss,"BC S-loss, fixed kappa_D",0.005,O26880-Na2560-Cl2240-F320-1-allSk.dat,1,main,26880,2560,2240,320,5120,0.84,0.08,0.07,0.01,0.16,0.125,222,0.9285146963080024,1,0.7165296389881972,0.7165296389881972,0.05977027581104925,-0.03692517672401561,-0.06616760551007725,0.07062285759603912,0.18338269629277631,0.11850977697870158,0.2051371945882092,0.18452437680658593,-0.1530093441052201,0.9850402782391474
matrix_BC_s_loss,"BC S-loss, fixed kappa_D",0.01,O26880-Na2560-Cl2240-F320-1-allSk.dat,1,main,26880,2560,2240,320,5120,0.84,0.08,0.07,0.01,0.16,0.125,461,0.7797894366597525,1,0.7165296389881972,0.7165296389881972,0.06257616786816297,-0.04177817177457553,-0.07281377894098745,0.07448063682716977,0.1810368790598869,0.12787515480217487,0.17372376084193783,0.20031771387202088,-0.16830529768277133,0.9366589593815655
matrix_BC_s_loss,"BC S-loss, fixed kappa_D",0.0025,O26880-Na2560-Cl1920-F640-1-allSk.dat,1,main,26880,2560,1920,640,5120,0.84,0.08,0.06,0.02,0.16,0.25,86,0.975217315584095,1,0.7165296389881972,0.7165296389881972,0.053351623170302925,-0.04106678966878057,-0.06914776871455011,0.03763386930606133,0.18504694008637812,0.11376189848384838,0.173052492033238,0.2249171682459909,-0.16204416592887674,0.6267737125254123
matrix_BC_s_loss,"BC S-loss, fixed kappa_D",0.005,O26880-Na2560-Cl1920-F640-1-allSk.dat,1,main,26880,2560,1920,640,5120,0.84,0.08,0.06,0.02,0.16,0.25,222,0.891592756825283,1,0.7165296389881972,0.7165296389881972,0.06866511063523525,-0.030267159580169522,-0.09124129733309785,0.09750024356908515,0.21335877244546925,0.10769229362114838,0.24018902075548382,0.2642808486905277,-0.24236327015712006,0.9001635393116414
matrix_BC_s_loss,"BC S-loss, fixed kappa_D",0.01,O26880-Na2560-Cl1920-F640-1-allSk.dat,1,main,26880,2560,1920,640,5120,0.84,0.08,0.06,0.02,0.16,0.25,461,0.709159544671015,1,0.7165296389881972,0.7165296389881972,0.06872630575116238,-0.02827534537723951,-0.09547902792860909,0.10882383667515971,0.21235570140179122,0.09917679652728875,0.2529321522863978,0.27415814498513713,-0.27650224336851464,0.9847802384938376
matrix_BC_s_loss,"BC S-loss, fixed kappa_D",0.0025,O26880-Na2560-Cl1600-F960-1-allSk.dat,1,main,26880,2560,1600,960,5120,0.84,0.08,0.05,0.03,0.16,0.375,86,0.9401127366088945,1,0.7165296389881972,0.7165296389881972,0.045125910212073114,-0.04018523028396048,-0.05222913590543049,0.0018053182548846414,0.15257825980744175,0.10936463943809405,0.10797011251078453,0.20770454747307315,-0.08955370941372531,0.29192779713169403
matrix_BC_s_loss,"BC S-loss, fixed kappa_D",0.005,O26880-Na2560-Cl1600-F960-1-allSk.dat,1,main,26880,2560,1600,960,5120,0.84,0.08,0.05,0.03,0.16,0.375,210,0.9208134770393136,1,0.7165296389881972,0.7165296389881972,0.06244710748280981,-0.018065349964031426,-0.09365454801619245,0.09140690862997647,0.2221139735904903,0.06536545180168131,0.27832416461073467,0.3065225105392039,-0.288977523704937,0.8275698365009543
matrix_BC_s_loss,"BC S-loss, fixed kappa_D",0.01,O26880-Na2560-Cl1600-F960-1-allSk.dat,1,main,26880,2560,1600,960,5120,0.84,0.08,0.05,0.03,0.16,0.375,455,0.7528903830918318,1,0.7165296389881972,0.7165296389881972,0.07000744490423196,-0.011800460833057816,-0.11004320381587142,0.12279509340026637,0.24466336911190817,0.05625219346335436,0.32691233922585944,0.3449928016613019,-0.35352434453352594,0.9902435807677447
matrix_BC_s_loss,"BC S-loss, fixed kappa_D",0.0025,O26880-Na2560-Cl1280-F1280-1-allSk.dat,1,main,26880,2560,1280,1280,5120,0.84,0.08,0.04,0.04,0.16,0.5,86,0.9691438715943012,1,0.7165296389881972,0.7165296389881972,0.036694809446935706,-0.042683687370549825,-0.03792794531787941,-0.022435904253645333,0.2613388829058806,0.15449050242292223,0.2150984901580083,0.18251689989125564,0.03596566389307454,0.2682295381343566
matrix_BC_s_loss,"BC S-loss, fixed kappa_D",0.005,O26880-Na2560-Cl1280-F1280-1-allSk.dat,1,main,26880,2560,1280,1280,5120,0.84,0.08,0.04,0.04,0.16,0.5,210,0.9878743254035284,1,0.7165296389881972,0.7165296389881972,0.07679084114494297,-0.012178798026872086,-0.1445654551622836,0.12734203381927842,0.2149360801850178,0.041432607717234726,0.2625329119237286,0.4870117081391369,-0.42841715238093947,0.7996947569927777
matrix_BC_s_loss,"BC S-loss, fixed kappa_D",0.01,O26880-Na2560-Cl1280-F1280-1-allSk.dat,1,main,26880,2560,1280,1280,5120,0.84,0.08,0.04,0.04,0.16,0.5,449,0.9138568192449563,1,0.7165296389881972,0.7165296389881972,0.07686508091580876,-0.004771656676904185,-0.13937490852757942,0.13262676694011338,0.25677135380651095,0.03682678853100191,0.3263027424510663,0.46995328534731,-0.4178723415481211,0.879334105361954
matrix_BC_s_loss,"BC S-loss, fixed kappa_D",0.0025,O26816-Na2592-Cl2560-F32-1-allSk.dat,1,main,26816,2592,2560,32,5184,0.838,0.081,0.08,0.001,0.162,0.012345679012345678,86,0.969058898366198,1,0.7214189111166868,0.7214189111166868,0.05712858953666473,-0.053351539101739835,-0.05560807392989221,0.017209881704632893,0.15248288326689347,0.1492055539873792,0.03781090405686277,0.15538862407279425,-0.04698811954129989,0.7605726542286962
matrix_BC_s_loss,"BC S-loss, fixed kappa_D",0.005,O26816-Na2592-Cl2560-F32-1-allSk.dat,1,main,26816,2592,2560,32,5184,0.838,0.081,0.08,0.001,0.162,0.012345679012345678,228,0.8246756637737676,1,0.7214189111166868,0.7214189111166868,0.058814057620037836,-0.05489394212619391,-0.05803320910684519,0.02501932292571748,0.15420467661297152,0.1506302085195621,0.04056454665790814,0.15804659406564514,-0.057939835096330036,0.8833105594432614
matrix_BC_s_loss,"BC S-loss, fixed kappa_D",0.01,O26816-Na2592-Cl2560-F32-1-allSk.dat,1,main,26816,2592,2560,32,5184,0.838,0.081,0.08,0.001,0.162,0.012345679012345678,461,0.6859591267353291,1,0.7214189111166868,0.7214189111166868,0.058343291156222034,-0.05545226427955673,-0.05850152957071836,0.024183209115350816,0.15621502561868505,0.15148412598285957,0.05102001772890135,0.15846145960941505,-0.05396524815622132,0.9418600127599366
matrix_BC_s_loss,"BC S-loss, fixed kappa_D",0.0025,O26560-Na2720-Cl2240-F480-1-allSk.dat,1,main,26560,2720,2240,480,5440,0.83,0.085,0.07,0.015,0.17,0.17647058823529413,86,0.9565835443719547,1,0.7397790686112217,0.7397790686112217,0.06180843466734892,-0.03604762220883427,-0.06734196878494093,0.05966477459731226,0.1543206484426659,0.10144255934451112,0.14821564766833106,0.181656672083102,-0.15094167024641772,0.6788950884217095
matrix_BC_s_loss,"BC S-loss, fixed kappa_D",0.005,O26560-Na2720-Cl2240-F480-1-allSk.dat,1,main,26560,2720,2240,480,5440,0.83,0.085,0.07,0.015,0.17,0.17647058823529413,222,0.8761348895157063,1,0.7397790686112217,0.7397790686112217,0.06047128648431478,-0.03639182766834901,-0.07236465021906832,0.06969563370779516,0.16664672446766568,0.10542066086014458,0.16896389611584786,0.20199271289995469,-0.18540276361671323,0.802730268962401
matrix_BC_s_loss,"BC S-loss, fixed kappa_D",0.01,O26560-Na2720-Cl2240-F480-1-allSk.dat,1,main,26560,2720,2240,480,5440,0.83,0.085,0.07,0.015,0.17,0.17647058823529413,461,0.7205338410709743,1,0.7397790686112217,0.7397790686112217,0.06375580322733068,-0.03768799440136254,-0.08127713104621545,0.08586329879612778,0.17593794769879412,0.11024158159473747,0.18066705228592916,0.22335066131978001,-0.22006511867440806,0.9054685980629882
matrix_BC_s_loss,"BC S-loss, fixed kappa_D",0.0025,O26368-Na2816-Cl1568-F1248-1-allSk.dat,1,main,26368,2816,1568,1248,5632,0.824,0.088,0.049,0.039,0.176,0.4431818181818182,86,0.9793407288112338,1,0.7537078193972535,0.7537078193972535,0.04787606313150157,-0.06897488852402453,-0.06668778510779305,-0.028859466828006608,0.17233390398265114,0.16719996840640597,0.07145487310866228,0.23323112805160628,-0.010271126214438708,0.11884775777054246
matrix_BC_s_loss,"BC S-loss, fixed kappa_D",0.005,O26368-Na2816-Cl1568-F1248-1-allSk.dat,1,main,26368,2816,1568,1248,5632,0.824,0.088,0.049,0.039,0.176,0.4431818181818182,210,0.9868237589640209,1,0.7537078193972535,0.7537078193972535,0.07449837538702758,-0.0294165930307555,-0.12866608272607066,0.10003373518120799,0.16832857480937727,0.0669973002203318,0.1777552048809962,0.3931797565398516,-0.3400750345613392,0.6482014680703614
matrix_BC_s_loss,"BC S-loss, fixed kappa_D",0.01,O26368-Na2816-Cl1568-F1248-1-allSk.dat,1,main,26368,2816,1568,1248,5632,0.824,0.088,0.049,0.039,0.176,0.4431818181818182,449,0.91602122531353,1,0.7537078193972535,0.7537078193972535,0.07567564759825168,-0.014105561238555234,-0.12892084043203597,0.12331853264849904,0.1965716754495601,0.038634863170056266,0.251971534200682,0.39161091375207413,-0.3809207392366972,0.8054682621244162
matrix_BC_s_loss,"BC S-loss, fixed kappa_D",0.0025,O26304-Na2848-Cl1888-F960-1-allSk.dat,1,main,26304,2848,1888,960,5696,0.822,0.089,0.059,0.03,0.178,0.33707865168539325,86,0.9774944649609125,1,0.7583138398668687,0.7583138398668687,0.04133206327466529,-0.03448751667306975,-0.04670333686293007,0.006094427792564999,0.16368156382880386,0.0959049198897668,0.14743031963000286,0.17062156628654732,-0.07408931914609121,0.35783549272306786
matrix_BC_s_loss,"BC S-loss, fixed kappa_D",0.005,O26304-Na2848-Cl1888-F960-1-allSk.dat,1,main,26304,2848,1888,960,5696,0.822,0.089,0.059,0.03,0.178,0.33707865168539325,210,0.9734600894835687,1,0.7583138398668687,0.7583138398668687,0.07064957152498134,-0.0211835757386229,-0.1050035343877238,0.11076812330119469,0.1423748074053284,0.04584657495584507,0.18093230028348528,0.3007348688259781,-0.3427780379116331,0.7923427501670407
matrix_BC_s_loss,"BC S-loss, fixed kappa_D",0.01,O26304-Na2848-Cl1888-F960-1-allSk.dat,1,main,26304,2848,1888,960,5696,0.822,0.089,0.059,0.03,0.178,0.33707865168539325,455,0.8621414149156581,1,0.7583138398668687,0.7583138398668687,0.07109255420823542,-0.015835767759305952,-0.10590194407479415,0.12123910619875063,0.19186284732414266,0.04762485751662204,0.26367674473190683,0.30091287745552314,-0.33996475704766627,0.9309166133324148
matrix_BC_s_loss,"BC S-loss, fixed kappa_D",0.0025,O26240-Na2880-Cl2240-F640-1-allSk.dat,1,main,26240,2880,2240,640,5760,0.82,0.09,0.07,0.02,0.18,0.2222222222222222,86,0.9882376096731414,1,0.7625952127291019,0.7625952127291019,0.05144076606436012,-0.04987571099003144,-0.06759460290030425,0.020655562251332388,0.14092596517077952,0.10391611483169041,0.10453986752013042,0.20626807444488507,-0.16545286378502697,0.5312965126555572
matrix_BC_s_loss,"BC S-loss, fixed kappa_D",0.005,O26240-Na2880-Cl2240-F640-1-allSk.dat,1,main,26240,2880,2240,640,5760,0.82,0.09,0.07,0.02,0.18,0.2222222222222222,222,0.9232284508772074,1,0.7625952127291019,0.7625952127291019,0.06994654796977116,-0.02616619887841869,-0.09276054745317461,0.1180322037952657,0.1752736368345719,0.07587754520171631,0.22985764275972434,0.24198914565453974,-0.29175965692294487,1.033434031453052
matrix_BC_s_loss,"BC S-loss, fixed kappa_D",0.01,O26240-Na2880-Cl2240-F640-1-allSk.dat,1,main,26240,2880,2240,640,5760,0.82,0.09,0.07,0.02,0.18,0.2222222222222222,461,0.7326995958888479,1,0.7625952127291019,0.7625952127291019,0.07031796874167467,-0.025672673540717075,-0.09470919947740629,0.12272472325455351,0.1762065930146241,0.0777443737735368,0.22834422522632233,0.24779313920129636,-0.29865779315910873,1.0431288192526542
matrix_BC_s_loss,"BC S-loss, fixed kappa_D",0.0025,O26240-Na2880-Cl2208-F672-1-allSk.dat,1,main,26240,2880,2208,672,5760,0.82,0.09,0.069,0.021,0.18,0.23333333333333334,86,0.9754067806183062,1,0.7625952127291019,0.7625952127291019,0.03225744962284566,-0.03797789862009988,-0.02514830942123225,-0.03303653754713326,0.13147455275127404,0.09052957601412841,0.10807939021374022,0.11360566445752182,-0.018513727115717804,0.25730457487946223
matrix_BC_s_loss,"BC S-loss, fixed kappa_D",0.005,O26240-Na2880-Cl2208-F672-1-allSk.dat,1,main,26240,2880,2208,672,5760,0.82,0.09,0.069,0.021,0.18,0.23333333333333334,222,0.9518510062574607,1,0.7625952127291019,0.7625952127291019,0.06330794575482356,-0.02967765734901974,-0.0805001929959765,0.08448040389451951,0.14581010696258945,0.07004286666864276,0.1748921212166603,0.21532807443998814,-0.24531277141272267,0.8067282486033938
matrix_BC_s_loss,"BC S-loss, fixed kappa_D",0.01,O26240-Na2880-Cl2208-F672-1-allSk.dat,1,main,26240,2880,2208,672,5760,0.82,0.09,0.069,0.021,0.18,0.23333333333333334,461,0.8215657670177577,1,0.7625952127291019,0.7625952127291019,0.06594330878748111,-0.026419939114471228,-0.08659856050354726,0.10227875121733995,0.1674826994859347,0.07683938182690514,0.20743892032123046,0.23608316698064588,-0.2688644484615474,0.91679756405318
matrix_BC_s_loss,"BC S-loss, fixed kappa_D",0.0025,O26176-Na2912-Cl2880-F32-1-allSk.dat,1,main,26176,2912,2880,32,5824,0.818,0.091,0.09,0.001,0.182,0.01098901098901099,86,0.9835576404253217,1,0.7669252045948599,0.7669252045948599,0.05861106378074002,-0.05014788122570587,-0.051372089758036664,0.008978137701995431,0.13143925630098074,0.12623598555819454,0.0562708807858979,0.12930388003423282,-0.02246976108138776,0.7499568612902562
matrix_BC_s_loss,"BC S-loss, fixed kappa_D",0.005,O26176-Na2912-Cl2880-F32-1-allSk.dat,1,main,26176,2912,2880,32,5824,0.818,0.091,0.09,0.001,0.182,0.01098901098901099,222,0.8949459887161146,1,0.7669252045948599,0.7669252045948599,0.057089765490402844,-0.051665014545495866,-0.052463248386593095,0.004857247891112134,0.13344240592795528,0.12740735739482978,0.0642671013684192,0.13023142163301651,-0.02009501816749812,0.8037071546629881
matrix_BC_s_loss,"BC S-loss, fixed kappa_D",0.01,O26176-Na2912-Cl2880-F32-1-allSk.dat,1,main,26176,2912,2880,32,5824,0.818,0.091,0.09,0.001,0.182,0.01098901098901099,461,0.7396867386223599,1,0.7669252045948599,0.7669252045948599,0.05656198936320935,-0.05313044797352698,-0.05450085334794887,0.010208321899086137,0.13826260232588686,0.13208037952490795,0.06591666393132072,0.13608321063942475,-0.03103217311874444,0.9232019409067824
matrix_BC_s_loss,"BC S-loss, fixed kappa_D",0.0025,O25920-Na3040-Cl2880-F160-1-allSk.dat,1,main,25920,3040,2880,160,6080,0.81,0.095,0.09,0.005,0.19,0.05263157894736842,86,0.9670035787021314,1,0.7847483104534467,0.7847483104534467,0.05752321420439875,-0.04830231043830377,-0.05505337084962122,0.023026781189573832,0.15078345026057188,0.11484801066815067,0.1699909791488188,0.13432604471777895,-0.06928627029030349,1.0349302488156167
matrix_BC_s_loss,"BC S-loss, fixed kappa_D",0.005,O25920-Na3040-Cl2880-F160-1-allSk.dat,1,main,25920,3040,2880,160,6080,0.81,0.095,0.09,0.005,0.19,0.05263157894736842,222,0.8735205669595617,1,0.7847483104534467,0.7847483104534467,0.059239711200975924,-0.04596046673113034,-0.058194344576662976,0.0465606641822295,0.12917857326893223,0.10784475326323323,0.10552980846310668,0.13809457472426878,-0.11580128033010524,0.951296994170896
matrix_BC_s_loss,"BC S-loss, fixed kappa_D",0.01,O25920-Na3040-Cl2880-F160-1-allSk.dat,1,main,25920,3040,2880,160,6080,0.81,0.095,0.09,0.005,0.19,0.05263157894736842,461,0.705160348391261,1,0.7847483104534467,0.7847483104534467,0.05996199990428627,-0.046770821782883165,-0.061214301816692275,0.05584100186315991,0.13100925225196688,0.11236180572997272,0.09434532256697714,0.14576295895193964,-0.1286461040336968,0.9570409220779432
matrix_BC_s_loss,"BC S-loss, fixed kappa_D",0.0025,O25920-Na3040-Cl2240-F800-1-allSk.dat,1,main,25920,3040,2240,800,6080,0.81,0.095,0.07,0.025,0.19,0.2631578947368421,86,0.9546896108457562,1,0.7847483104534467,0.7847483104534467,0.04466215025501013,-0.035636391659149454,-0.04340646111174386,0.0031647856724448253,0.15327860107713223,0.08405604817523561,0.15814232943847994,0.13995590400735675,-0.07033561772051644,0.4259701520258543
matrix_BC_s_loss,"BC S-loss, fixed kappa_D",0.005,O25920-Na3040-Cl2240-F800-1-allSk.dat,1,main,25920,3040,2240,800,6080,0.81,0.095,0.07,0.025,0.19,0.2631578947368421,210,0.9178171426730954,1,0.7847483104534467,0.7847483104534467,0.06023631005005472,-0.027027030905513196,-0.08030176711586506,0.081685174814419,0.1630925191690225,0.06351537002359332,0.2116443063649328,0.2216375987056756,-0.24705638855719708,0.8259751148891032
matrix_BC_s_loss,"BC S-loss, fixed kappa_D",0.01,O25920-Na3040-Cl2240-F800-1-allSk.dat,1,main,25920,3040,2240,800,6080,0.81,0.095,0.07,0.025,0.19,0.2631578947368421,455,0.7576608094938837,1,0.7847483104534467,0.7847483104534467,0.06833893648169531,-0.022569557474389698,-0.09580501488289403,0.11631628555679471,0.1698407255802221,0.06033907507225661,0.2301139404187204,0.25533061474647306,-0.30962732668043713,0.966680265339237
matrix_BC_s_loss,"BC S-loss, fixed kappa_D",0.0025,O25792-Na3104-Cl3072-F32-1-allSk.dat,1,main,25792,3104,3072,32,6208,0.806,0.097,0.096,0.001,0.194,0.010309278350515464,86,0.9736908043169349,1,0.7931743612166272,0.7931743612166272,0.05773600609308809,-0.04615449563073094,-0.04886910311852319,0.024248402930655142,0.11157462231909715,0.10964419712386471,0.024593244667480026,0.115149687072501,-0.048361803210090745,0.7160623332372544
matrix_BC_s_loss,"BC S-loss, fixed kappa_D",0.005,O25792-Na3104-Cl3072-F32-1-allSk.dat,1,main,25792,3104,3072,32,6208,0.806,0.097,0.096,0.001,0.194,0.010309278350515464,222,0.8408677590142422,1,0.7931743612166272,0.7931743612166272,0.057314099541830255,-0.04680012277471314,-0.04916548248163449,0.020793625836249708,0.11334588606040572,0.10948909377944754,0.0435578655899901,0.11446936495492048,-0.043223625798630205,0.8524985365041323
matrix_BC_s_loss,"BC S-loss, fixed kappa_D",0.01,O25792-Na3104-Cl3072-F32-1-allSk.dat,1,main,25792,3104,3072,32,6208,0.806,0.097,0.096,0.001,0.194,0.010309278350515464,461,0.6958133211245271,1,0.7931743612166272,0.7931743612166272,0.05645684129550361,-0.04829458963093047,-0.05077431121220053,0.0218380721735335,0.11822037746219252,0.11467543596951717,0.04075047027370965,0.12012844465975497,-0.04759150981951688,0.8676452476679717
matrix_BC_s_loss,"BC S-loss, fixed kappa_D",0.0025,O25600-Na3200-Cl2880-F320-1-allSk.dat,1,main,25600,3200,2880,320,6400,0.8,0.1,0.09,0.01,0.2,0.1,86,0.988382217636261,1,0.8059909930677207,0.8059909930677207,0.040769368495765436,-0.04723079112162798,-0.043070888603910645,-0.020144209824271245,0.12774508722238961,0.10419557344783062,0.09137871517613193,0.12888817370538438,-0.057169186913644865,0.4604724303573059
matrix_BC_s_loss,"BC S-loss, fixed kappa_D",0.005,O25600-Na3200-Cl2880-F320-1-allSk.dat,1,main,25600,3200,2880,320,6400,0.8,0.1,0.09,0.01,0.2,0.1,222,0.9541008482625555,1,0.8059909930677207,0.8059909930677207,0.06236958025601466,-0.04080916942185026,-0.066233550695495,0.06965072729374135,0.13179300356689233,0.09393031383961004,0.13497512942724502,0.15801034694687977,-0.1769973077730358,0.95782075978522
matrix_BC_s_loss,"BC S-loss, fixed kappa_D",0.01,O25600-Na3200-Cl2880-F320-1-allSk.dat,1,main,25600,3200,2880,320,6400,0.8,0.1,0.09,0.01,0.2,0.1,461,0.7849638238427453,1,0.8059909930677207,0.8059909930677207,0.06386689450205714,-0.03869687437801185,-0.0692330533691769,0.08532889874360161,0.13348336602827726,0.09271246668266671,0.14397406634729978,0.15866353214454365,-0.18280803422392877,1.0037100763254525
matrix_BC_s_loss,"BC S-loss, fixed kappa_D",0.0025,O25600-Na3200-Cl2560-F640-1-allSk.dat,1,main,25600,3200,2560,640,6400,0.8,0.1,0.08,0.02,0.2,0.2,86,0.9483305156416462,1,0.8059909930677207,0.8059909930677207,0.07164484666280041,-0.10740295059367483,-0.09565998336721898,-0.048840331777070325,0.2490204039221044,0.2126840562484944,0.13145843845729188,0.23094154218911345,0.013692923123795192,0.26656415835888714
matrix_BC_s_loss,"BC S-loss, fixed kappa_D",0.005,O25600-Na3200-Cl2560-F640-1-allSk.dat,1,main,25600,3200,2560,640,6400,0.8,0.1,0.08,0.02,0.2,0.2,210,0.9309351603708986,1,0.8059909930677207,0.8059909930677207,0.0644951864287007,-0.033781685647881726,-0.07715901020339178,0.07877987490359098,0.1362626000061506,0.07554525946813587,0.15360191746834423,0.1918913503571855,-0.21485836516575949,0.773181059265049
matrix_BC_s_loss,"BC S-loss, fixed kappa_D",0.01,O25600-Na3200-Cl2560-F640-1-allSk.dat,1,main,25600,3200,2560,640,6400,0.8,0.1,0.08,0.02,0.2,0.2,455,0.7610994973375256,1,0.8059909930677207,0.8059909930677207,0.06844501077717008,-0.0299354742220561,-0.08660368005576766,0.10626960481232522,0.14472828114677655,0.07159128220748387,0.18043971049592583,0.21236752454012994,-0.2646520754679547,0.9327796094451819
matrix_BC_s_loss,"BC S-loss, fixed kappa_D",0.0025,O25600-Na3200-Cl2240-F960-1-allSk.dat,1,main,25600,3200,2240,960,6400,0.8,0.1,0.07,0.03,0.2,0.3,86,0.9675901746822974,1,0.8059909930677207,0.8059909930677207,0.04108989697804548,-0.029601900941706248,-0.04127510190676006,0.009003329965561593,0.10169575961961369,0.05935466885868164,0.09500445085630241,0.12977156340665938,-0.08986303403076148,0.31072165453274525
matrix_BC_s_loss,"BC S-loss, fixed kappa_D",0.005,O25600-Na3200-Cl2240-F960-1-allSk.dat,1,main,25600,3200,2240,960,6400,0.8,0.1,0.07,0.03,0.2,0.3,210,0.9786547267707,1,0.8059909930677207,0.8059909930677207,0.059777934437639325,-0.017390066358054918,-0.0806856520392366,0.09149959725282861,0.1524244625528192,0.042874165467582534,0.21279635198151559,0.22012530227719931,-0.25796979481742044,0.7825665777046362
matrix_BC_s_loss,"BC S-loss, fixed kappa_D",0.01,O25600-Na3200-Cl2240-F960-1-allSk.dat,1,main,25600,3200,2240,960,6400,0.8,0.1,0.07,0.03,0.2,0.3,449,0.884825200187653,1,0.8059909930677207,0.8059909930677207,0.06870773833906071,-0.01955183021283935,-0.0935960511688599,0.10727373491647636,0.1614534680448137,0.04840286730377624,0.22083575369446068,0.24517443235384861,-0.28613899067575543,0.8402736073570075
matrix_BC_s_loss,"BC S-loss, fixed kappa_D",0.0025,O25600-Na3200-Cl1920-F1280-1-allSk.dat,1,main,25600,3200,1920,1280,6400,0.8,0.1,0.06,0.04,0.2,0.4,86,0.9955536394010557,1,0.8059909930677207,0.8059909930677207,0.044458769047935914,0.011419618659759379,-0.05394591495235522,0.08412598515812342,0.19925757771890418,-0.015605318548419844,0.3341664271784869,0.17516561849230505,-0.2392073680053259,0.8213315108860095
matrix_BC_s_loss,"BC S-loss, fixed kappa_D",0.005,O25600-Na3200-Cl1920-F1280-1-allSk.dat,1,main,25600,3200,1920,1280,6400,0.8,0.1,0.06,0.04,0.2,0.4,210,0.995008587976676,1,0.8059909930677207,0.8059909930677207,0.05504992871802576,-0.020815786114353307,-0.08219967632984923,0.06776098431090012,0.16596271644837962,0.03449494517883642,0.22016258812607112,0.25471769961005547,-0.25742289898619525,0.6633849923300611
matrix_BC_s_loss,"BC S-loss, fixed kappa_D",0.01,O25600-Na3200-Cl1920-F1280-1-allSk.dat,1,main,25600,3200,1920,1280,6400,0.8,0.1,0.06,0.04,0.2,0.4,449,0.9359338337691983,1,0.8059909930677207,0.8059909930677207,0.06883713181184961,-0.011436740060201823,-0.10677637859739139,0.11269074827415726,0.17976619837025573,0.027775351693240163,0.2502175970424349,0.30609343954838025,-0.3309696831720634,0.8009821807052364
matrix_BC_s_loss,"BC S-loss, fixed kappa_D",0.0025,O25280-Na3360-Cl2880-F480-1-allSk.dat,1,main,25280,3360,2880,480,6720,0.79,0.105,0.09,0.015,0.21,0.14285714285714285,86,0.9881817720187035,1,0.8268737547161753,0.8268737547161753,0.04725019880720455,-0.03744855852089611,-0.05431608947478575,0.033967131232441106,0.12312444093261267,0.0823962964392416,0.12392776805031029,0.1462845877336005,-0.1403224878497303,0.6716005494661486
matrix_BC_s_loss,"BC S-loss, fixed kappa_D",0.005,O25280-Na3360-Cl2880-F480-1-allSk.dat,1,main,25280,3360,2880,480,6720,0.79,0.105,0.09,0.015,0.21,0.14285714285714285,222,0.9288803108451863,1,0.8268737547161753,0.8268737547161753,0.06367821446614241,-0.034325067490852915,-0.06865404945502081,0.07735179762429788,0.118307735079868,0.0721723586140687,0.13622739305901257,0.1586412345960073,-0.19763996449958368,0.8445408695945555
matrix_BC_s_loss,"BC S-loss, fixed kappa_D",0.01,O25280-Na3360-Cl2880-F480-1-allSk.dat,1,main,25280,3360,2880,480,6720,0.79,0.105,0.09,0.015,0.21,0.14285714285714285,461,0.7472088635970118,1,0.8268737547161753,0.8268737547161753,0.06529625959232725,-0.035108089475784414,-0.07323754618689028,0.08650734441186743,0.13013317065518853,0.07739592956008783,0.1547194712833527,0.1672257236041081,-0.20484731259309252,0.9111206350286302
matrix_BC_s_loss,"BC S-loss, fixed kappa_D",0.0025,O24960-Na3520-Cl2880-F640-1-allSk.dat,1,main,24960,3520,2880,640,7040,0.78,0.11,0.09,0.02,0.22,0.18181818181818182,86,0.9211141518276706,1,0.8473113211912621,0.8473113211912621,0.0769248725179531,-0.10832018700019172,-0.10037179084837332,-0.04111263426019222,0.15463157805902045,0.1401911055366097,0.06525295118627111,0.1961224654965735,-0.08726129048897502,0.33814088602906733
matrix_BC_s_loss,"BC S-loss, fixed kappa_D",0.005,O24960-Na3520-Cl2880-F640-1-allSk.dat,1,main,24960,3520,2880,640,7040,0.78,0.11,0.09,0.02,0.22,0.18181818181818182,210,0.9223214102919968,1,0.8473113211912621,0.8473113211912621,0.060774267925595336,-0.04149814615992878,-0.0691265164097761,0.04931770616347447,0.12772650440250166,0.07267160124563199,0.14538545847691178,0.16690769707178751,-0.18363468140801492,0.7305071082985468
matrix_BC_s_loss,"BC S-loss, fixed kappa_D",0.01,O24960-Na3520-Cl2880-F640-1-allSk.dat,1,main,24960,3520,2880,640,7040,0.78,0.11,0.09,0.02,0.22,0.18181818181818182,455,0.7822838932383639,1,0.8473113211912621,0.8473113211912621,0.06787576030809736,-0.03217474195171102,-0.08232234582192204,0.09917560856231666,0.13195517909307256,0.060415882525229316,0.18130088512935685,0.19104552199119867,-0.26358094857591247,0.9843278928291674
matrix_BC_s_loss,"BC S-loss, fixed kappa_D",0.0025,O24896-Na3552-Cl3104-F448-1-allSk.dat,1,main,24896,3552,3104,448,7104,0.778,0.111,0.097,0.014,0.222,0.12612612612612611,86,0.9889878503017308,1,0.8513146044397684,0.8513146044397684,0.057058500680055774,-0.044234264273110016,-0.05601052771049698,0.0228783187720938,0.10051410130390719,0.0785349858959342,0.07630358168848034,0.12559642504387525,-0.10946055970652607,0.5029775336671234
matrix_BC_s_loss,"BC S-loss, fixed kappa_D",0.005,O24896-Na3552-Cl3104-F448-1-allSk.dat,1,main,24896,3552,3104,448,7104,0.778,0.111,0.097,0.014,0.222,0.12612612612612611,222,0.9266754552907014,1,0.8513146044397684,0.8513146044397684,0.061630259885131475,-0.03643084566149625,-0.062320886968441375,0.06146120669244989,0.11311157198363767,0.072769205186062,0.12695197730083743,0.1383869279588118,-0.15936307463394142,0.7769461595506548
matrix_BC_s_loss,"BC S-loss, fixed kappa_D",0.01,O24896-Na3552-Cl3104-F448-1-allSk.dat,1,main,24896,3552,3104,448,7104,0.778,0.111,0.097,0.014,0.222,0.12612612612612611,461,0.7651793317742576,1,0.8513146044397684,0.8513146044397684,0.0637463551104222,-0.03653369331338417,-0.06880055522635972,0.0782275103757365,0.11745331419316264,0.07594466079151937,0.13081884173924876,0.1527380789097788,-0.1881970733380695,0.8637317372666377
matrix_BC_s_loss,"BC S-loss, fixed kappa_D",0.0025,O24640-Na3680-Cl2880-F800-1-allSk.dat,1,main,24640,3680,2880,800,7360,0.77,0.115,0.09,0.025,0.23,0.21739130434782608,86,0.988879985685842,1,0.867092949675143,0.867092949675143,0.0522692946782457,-0.045067185708894175,-0.05158772498546636,0.0012224812112434646,0.06516341630655126,0.07668434537340357,-0.005738357592754373,0.13077722259018432,-0.0836627358853273,0.14643147449995708
matrix_BC_s_loss,"BC S-loss, fixed kappa_D",0.005,O24640-Na3680-Cl2880-F800-1-allSk.dat,1,main,24640,3680,2880,800,7360,0.77,0.115,0.09,0.025,0.23,0.21739130434782608,210,0.9766942494819566,1,0.867092949675143,0.867092949675143,0.06592754346771126,-0.023926590572343222,-0.07584855905629159,0.09259570258273667,0.10527695622854773,0.04178978698666502,0.14650337023738372,0.177198816492419,-0.24658200749042336,0.7820711877023363
matrix_BC_s_loss,"BC S-loss, fixed kappa_D",0.01,O24640-Na3680-Cl2880-F800-1-allSk.dat,1,main,24640,3680,2880,800,7360,0.77,0.115,0.09,0.025,0.23,0.21739130434782608,455,0.8348001439480456,1,0.867092949675143,0.867092949675143,0.07016448726122562,-0.02430918648805931,-0.08642083405284745,0.11183460718465366,0.12501879343943817,0.04466344007107134,0.18339252054835012,0.1977934549968844,-0.27949428741519794,0.9236362613179444
matrix_BC_s_loss,"BC S-loss, fixed kappa_D",0.0025,O24320-Na3840-Cl2880-F960-1-allSk.dat,1,main,24320,3840,2880,960,7680,0.76,0.12,0.09,0.03,0.24,0.25,86,0.9507949389225244,1,0.8860906032372917,0.8860906032372917,0.05764479803009713,-0.05223772573706725,-0.05560964699072035,-0.008156717495237109,0.08284771255925827,0.08191184846850169,0.023819941829188673,0.12085757972679745,-0.045507771629615834,0.12646165626011285
matrix_BC_s_loss,"BC S-loss, fixed kappa_D",0.005,O24320-Na3840-Cl2880-F960-1-allSk.dat,1,main,24320,3840,2880,960,7680,0.76,0.12,0.09,0.03,0.24,0.25,210,0.9888430810163441,1,0.8860906032372917,0.8860906032372917,0.05420879247711837,-0.04368397266799932,-0.06066380361486053,0.017704844705320327,0.09849894595428686,0.06202541687676412,0.08956671851737816,0.15745149519420212,-0.14866315565051694,0.43662557583497186
matrix_BC_s_loss,"BC S-loss, fixed kappa_D",0.01,O24320-Na3840-Cl2880-F960-1-allSk.dat,1,main,24320,3840,2880,960,7680,0.76,0.12,0.09,0.03,0.24,0.25,449,0.9268231166245944,1,0.8860906032372917,0.8860906032372917,0.06882646279591556,-0.025983096939961602,-0.08691508691643925,0.09857515260361457,0.12201792311224267,0.03501876585319655,0.18338156454839089,0.20268565093284618,-0.2810243136744668,0.8535115185431313
matrix_BC_s_loss,"BC S-loss, fixed kappa_D",0.0025,O24320-Na3840-Cl2560-F1280-1-allSk.dat,1,main,24320,3840,2560,1280,7680,0.76,0.12,0.08,0.04,0.24,0.3333333333333333,83,0.9735922787592874,1,0.8860906032372917,0.8860906032372917,0.06234708803165663,-0.05593081641246905,-0.07305278891071874,0.006437229111513676,0.08421725609576695,0.09972991775420886,0.004829164169552702,0.17122668094236723,-0.06941380984387147,0.10653030899694671
matrix_BC_s_loss,"BC S-loss, fixed kappa_D",0.005,O24320-Na3840-Cl2560-F1280-1-allSk.dat,1,main,24320,3840,2560,1280,7680,0.76,0.12,0.08,0.04,0.24,0.3333333333333333,207,0.9819495927008713,1,0.8860906032372917,0.8860906032372917,0.06678231323291994,-0.04009733804258149,-0.089667902036656,0.05735893643176547,0.11509784381084692,0.05214791887341101,0.12560701920170422,0.22547272287173528,-0.2285437376326707,0.5407673924001923
matrix_BC_s_loss,"BC S-loss, fixed kappa_D",0.01,O24320-Na3840-Cl2560-F1280-1-allSk.dat,1,main,24320,3840,2560,1280,7680,0.76,0.12,0.08,0.04,0.24,0.3333333333333333,446,0.9162652273569065,1,0.8860906032372917,0.8860906032372917,0.07499407273766272,-0.022458105494143683,-0.10602440847845351,0.11104257665521533,0.1353375850733498,0.020067362650575335,0.20603203709921425,0.2594723520482989,-0.33219162764284405,0.8266478613620583
