mixture,central_cation,system,x_NaCl,r_A,alpha_XNa,alpha_block_sd,random_reference
LiCl-NaCl,Li,li3040,0.05,0.05,nan,nan,0.0
LiCl-NaCl,Li,li3040,0.05,0.15000000000000002,nan,nan,0.0
LiCl-NaCl,Li,li3040,0.05,0.25,nan,nan,0.0
LiCl-NaCl,Li,li3040,0.05,0.35000000000000003,nan,nan,0.0
LiCl-NaCl,Li,li3040,0.05,0.45,nan,nan,0.0
LiCl-NaCl,Li,li3040,0.05,0.55,nan,nan,0.0
LiCl-NaCl,Li,li3040,0.05,0.6500000000000001,nan,nan,0.0
LiCl-NaCl,Li,li3040,0.05,0.75,nan,nan,0.0
LiCl-NaCl,Li,li3040,0.05,0.8500000000000001,nan,nan,0.0
LiCl-NaCl,Li,li3040,0.05,0.95,nan,nan,0.0
LiCl-NaCl,Li,li3040,0.05,1.05,nan,nan,0.0
LiCl-NaCl,Li,li3040,0.05,1.1500000000000001,nan,nan,0.0
LiCl-NaCl,Li,li3040,0.05,1.25,nan,nan,0.0
LiCl-NaCl,Li,li3040,0.05,1.35,nan,nan,0.0
LiCl-NaCl,Li,li3040,0.05,1.4500000000000002,nan,nan,0.0
LiCl-NaCl,Li,li3040,0.05,1.55,nan,nan,0.0
LiCl-NaCl,Li,li3040,0.05,1.6500000000000001,nan,nan,0.0
LiCl-NaCl,Li,li3040,0.05,1.75,nan,nan,0.0
LiCl-NaCl,Li,li3040,0.05,1.85,1.0,0.0,0.0
LiCl-NaCl,Li,li3040,0.05,1.9500000000000002,1.0,0.0,0.0
LiCl-NaCl,Li,li3040,0.05,2.05,1.0,0.0,0.0
LiCl-NaCl,Li,li3040,0.05,2.1500000000000004,0.9816739230064161,0.040828661301494436,0.0
LiCl-NaCl,Li,li3040,0.05,2.25,0.8953728507351109,0.05040313492951259,0.0
LiCl-NaCl,Li,li3040,0.05,2.3500000000000005,0.8809558406577829,0.02709538110097226,0.0
LiCl-NaCl,Li,li3040,0.05,2.45,0.8459950788604964,0.016913063573892693,0.0
LiCl-NaCl,Li,li3040,0.05,2.55,0.8221531687561481,0.010998576850770972,0.0
LiCl-NaCl,Li,li3040,0.05,2.6500000000000004,0.7455405827727841,0.004465599026461126,0.0
LiCl-NaCl,Li,li3040,0.05,2.75,0.6811487608172073,0.01940804715872366,0.0
LiCl-NaCl,Li,li3040,0.05,2.8500000000000005,0.6284523622253684,0.014509775202001644,0.0
LiCl-NaCl,Li,li3040,0.05,2.95,0.540369095846633,0.02036648832933837,0.0
LiCl-NaCl,Li,li3040,0.05,3.05,0.4704681056769865,0.013342610990242136,0.0
LiCl-NaCl,Li,li3040,0.05,3.1500000000000004,0.3794261007860795,0.01236088507300153,0.0
LiCl-NaCl,Li,li3040,0.05,3.25,0.3133953047481415,0.006159190795496065,0.0
LiCl-NaCl,Li,li3040,0.05,3.3500000000000005,0.23232258370500436,0.006437397754006991,0.0
LiCl-NaCl,Li,li3040,0.05,3.45,0.17092360432714304,0.00967460432265521,0.0
LiCl-NaCl,Li,li3040,0.05,3.55,0.11816895544999284,0.006433187386313201,0.0
LiCl-NaCl,Li,li3040,0.05,3.6500000000000004,0.06389731603270532,0.016191719608898626,0.0
LiCl-NaCl,Li,li3040,0.05,3.75,0.021677682012251953,0.005460371365493639,0.0
LiCl-NaCl,Li,li3040,0.05,3.8500000000000005,-0.015963360834705398,0.007759223815897087,0.0
LiCl-NaCl,Li,li3040,0.05,3.95,-0.03921505020589078,0.013896280116857323,0.0
LiCl-NaCl,Li,li3040,0.05,4.050000000000001,-0.07375350324574215,0.011990726810217409,0.0
LiCl-NaCl,Li,li3040,0.05,4.15,-0.08358103631217673,0.008383352514894624,0.0
LiCl-NaCl,Li,li3040,0.05,4.25,-0.08267225237370934,0.006519893487039455,0.0
LiCl-NaCl,Li,li3040,0.05,4.35,-0.09795528397610997,0.010710982698898235,0.0
LiCl-NaCl,Li,li3040,0.05,4.45,-0.11997802265648017,0.01297471988912118,0.0
LiCl-NaCl,Li,li3040,0.05,4.550000000000001,-0.14382712478348925,0.0066969345036193405,0.0
LiCl-NaCl,Li,li3040,0.05,4.65,-0.16459665303747095,0.00822720381166252,0.0
LiCl-NaCl,Li,li3040,0.05,4.75,-0.18470414051071127,0.017581605811496426,0.0
LiCl-NaCl,Li,li3040,0.05,4.8500000000000005,-0.2136039557528544,0.0069700867121509575,0.0
LiCl-NaCl,Li,li3040,0.05,4.95,-0.21510746642831702,0.017390955624967005,0.0
LiCl-NaCl,Li,li3040,0.05,5.050000000000001,-0.20448145542663076,0.00911177876530017,0.0
LiCl-NaCl,Li,li3040,0.05,5.15,-0.184819751343398,0.006867586831371549,0.0
LiCl-NaCl,Li,li3040,0.05,5.25,-0.16480062834412834,0.017425109764290507,0.0
LiCl-NaCl,Li,li3040,0.05,5.3500000000000005,-0.13203919202014403,0.017029767626019647,0.0
LiCl-NaCl,Li,li3040,0.05,5.45,-0.09493618012148164,0.0134439724804791,0.0
LiCl-NaCl,Li,li3040,0.05,5.550000000000001,-0.04954573938154638,0.00806419433571745,0.0
LiCl-NaCl,Li,li3040,0.05,5.65,-0.015425964944068449,0.005717045343634905,0.0
LiCl-NaCl,Li,li3040,0.05,5.75,0.013482868488220223,0.008230093935780504,0.0
LiCl-NaCl,Li,li3040,0.05,5.8500000000000005,0.03587821844791761,0.013921659743843125,0.0
LiCl-NaCl,Li,li3040,0.05,5.95,0.048302918891507396,0.008529119215898514,0.0
LiCl-NaCl,Li,li3040,0.05,6.050000000000001,0.07475534900070147,0.008657462136428248,0.0
LiCl-NaCl,Li,li3040,0.05,6.15,0.09077148958087766,0.008415499109279056,0.0
LiCl-NaCl,Li,li3040,0.05,6.25,0.09671308986728788,0.008704041638273695,0.0
LiCl-NaCl,Li,li3040,0.05,6.3500000000000005,0.09900223256602236,0.009812919941208448,0.0
LiCl-NaCl,Li,li3040,0.05,6.45,0.09873193299000016,0.009982391006240885,0.0
LiCl-NaCl,Li,li3040,0.05,6.550000000000001,0.09321003963309105,0.009898259173523,0.0
LiCl-NaCl,Li,li3040,0.05,6.65,0.08565379993730626,0.008193058732541579,0.0
LiCl-NaCl,Li,li3040,0.05,6.75,0.073195258049227,0.0046503404849530154,0.0
LiCl-NaCl,Li,li3040,0.05,6.8500000000000005,0.06963562985608396,0.0073719168720854916,0.0
LiCl-NaCl,Li,li3040,0.05,6.95,0.052644712664462245,0.006337146406773139,0.0
LiCl-NaCl,Li,li3040,0.05,7.050000000000001,0.03650873438434965,0.006160538411345661,0.0
LiCl-NaCl,Li,li3040,0.05,7.15,0.02828275784202383,0.0048474313518506625,0.0
LiCl-NaCl,Li,li3040,0.05,7.25,0.019417898627243968,0.0041881375374911295,0.0
LiCl-NaCl,Li,li3040,0.05,7.3500000000000005,0.0008608922625430449,0.007196031620256888,0.0
LiCl-NaCl,Li,li3040,0.05,7.45,-0.014282255654090914,0.0030161275085647636,0.0
LiCl-NaCl,Li,li3040,0.05,7.550000000000001,-0.015387277113945386,0.0041265600686550405,0.0
LiCl-NaCl,Li,li3040,0.05,7.65,-0.02425374313291262,0.006338496039292906,0.0
LiCl-NaCl,Li,li3040,0.05,7.75,-0.03541157438486775,0.004683009117884637,0.0
LiCl-NaCl,Li,li3040,0.05,7.8500000000000005,-0.03989872755914048,0.010274201109636467,0.0
LiCl-NaCl,Li,li3040,0.05,7.95,-0.05165866240415862,0.003320415688410413,0.0
LiCl-NaCl,Li,li3040,0.05,8.05,-0.05398591049513257,0.002517688175404125,0.0
LiCl-NaCl,Li,li3040,0.05,8.15,-0.052376589111842176,0.009987970716847698,0.0
LiCl-NaCl,Li,li3040,0.05,8.25,-0.0542137074924256,0.005164476704608743,0.0
LiCl-NaCl,Li,li3040,0.05,8.350000000000001,-0.05108788333671743,0.0067591889215578025,0.0
LiCl-NaCl,Li,li3040,0.05,8.45,-0.047721345659018866,0.005313161810221304,0.0
LiCl-NaCl,Li,li3040,0.05,8.55,-0.049847884736400117,0.007181156702503972,0.0
LiCl-NaCl,Li,li3040,0.05,8.65,-0.03909969733685714,0.006743457525001778,0.0
LiCl-NaCl,Li,li3040,0.05,8.75,-0.027656062626510103,0.005241261973993327,0.0
LiCl-NaCl,Li,li3040,0.05,8.850000000000001,-0.02271811464568607,0.0034054749209348695,0.0
LiCl-NaCl,Li,li3040,0.05,8.95,-0.012665732380451322,0.0063588334439676755,0.0
LiCl-NaCl,Li,li3040,0.05,9.05,-0.0010341105708613352,0.0016296668750180395,0.0
LiCl-NaCl,Li,li3040,0.05,9.15,0.00030883956594984774,0.002354062765492416,0.0
LiCl-NaCl,Li,li3040,0.05,9.25,0.0093035116273813,0.008236337269591826,0.0
LiCl-NaCl,Li,li3040,0.05,9.350000000000001,0.016172062576090607,0.005924581816926185,0.0
LiCl-NaCl,Li,li3040,0.05,9.45,0.026634635361293846,0.0046372200426538,0.0
LiCl-NaCl,Li,li3040,0.05,9.55,0.029684174301742083,0.0034063865636217057,0.0
LiCl-NaCl,Li,li3040,0.05,9.650000000000002,0.030738258405514585,0.005230405481041812,0.0
LiCl-NaCl,Li,li3040,0.05,9.75,0.034071208780309004,0.00430374130459411,0.0
LiCl-NaCl,Li,li3040,0.05,9.850000000000001,0.03050909185231987,0.005245597478130116,0.0
LiCl-NaCl,Li,li3040,0.05,9.95,0.03001285962244693,0.004604054219229601,0.0
LiCl-NaCl,Li,li3040,0.05,10.05,0.02799879167506414,0.005613201131420368,0.0
LiCl-NaCl,Li,li3040,0.05,10.150000000000002,0.023828630218626023,0.004368243563277934,0.0
LiCl-NaCl,Li,li3040,0.05,10.25,0.020095625060111866,0.006291649555238906,0.0
LiCl-NaCl,Li,li3040,0.05,10.350000000000001,0.015470849029141642,0.00422297335999191,0.0
LiCl-NaCl,Li,li3040,0.05,10.45,0.010201067158657762,0.0033445749500990545,0.0
LiCl-NaCl,Li,li3040,0.05,10.55,0.008142612661071968,0.0023547633811715034,0.0
LiCl-NaCl,Li,li3040,0.05,10.650000000000002,0.0010525199662287932,0.005279479622426519,0.0
LiCl-NaCl,Li,li3040,0.05,10.75,-0.004280102747040049,0.002328649825066968,0.0
LiCl-NaCl,Li,li3040,0.05,10.850000000000001,-0.01056378635231603,0.0025107018287457154,0.0
LiCl-NaCl,Li,li3040,0.05,10.95,-0.010967968033751996,0.0028952800427760822,0.0
LiCl-NaCl,Li,li3040,0.05,11.05,-0.016250644312918228,0.002889205941060007,0.0
LiCl-NaCl,Li,li3040,0.05,11.150000000000002,-0.01544587499955119,0.0048954635501108216,0.0
LiCl-NaCl,Li,li3040,0.05,11.25,-0.0196410086468084,0.0031608244481827123,0.0
LiCl-NaCl,Li,li3040,0.05,11.350000000000001,-0.021889725032328,0.0019647199060282825,0.0
LiCl-NaCl,Li,li3040,0.05,11.45,-0.02171796680911764,0.002678763615528708,0.0
LiCl-NaCl,Li,li3040,0.05,11.55,-0.020982900595682308,0.0029993155840853858,0.0
LiCl-NaCl,Li,li3040,0.05,11.650000000000002,-0.016225293351131098,0.005108806980581764,0.0
LiCl-NaCl,Li,li3040,0.05,11.75,-0.01949997586711305,0.0033550573600680876,0.0
LiCl-NaCl,Li,li3040,0.05,11.850000000000001,-0.015957753509190598,0.0016637045918245325,0.0
LiCl-NaCl,Li,li3040,0.05,11.95,-0.014383245955240875,0.004169951949232387,0.0
LiCl-NaCl,Li,li2880,0.1,0.05,nan,nan,0.0
LiCl-NaCl,Li,li2880,0.1,0.15000000000000002,nan,nan,0.0
LiCl-NaCl,Li,li2880,0.1,0.25,nan,nan,0.0
LiCl-NaCl,Li,li2880,0.1,0.35000000000000003,nan,nan,0.0
LiCl-NaCl,Li,li2880,0.1,0.45,nan,nan,0.0
LiCl-NaCl,Li,li2880,0.1,0.55,nan,nan,0.0
LiCl-NaCl,Li,li2880,0.1,0.6500000000000001,nan,nan,0.0
LiCl-NaCl,Li,li2880,0.1,0.75,nan,nan,0.0
LiCl-NaCl,Li,li2880,0.1,0.8500000000000001,nan,nan,0.0
LiCl-NaCl,Li,li2880,0.1,0.95,nan,nan,0.0
LiCl-NaCl,Li,li2880,0.1,1.05,nan,nan,0.0
LiCl-NaCl,Li,li2880,0.1,1.1500000000000001,nan,nan,0.0
LiCl-NaCl,Li,li2880,0.1,1.25,nan,nan,0.0
LiCl-NaCl,Li,li2880,0.1,1.35,nan,nan,0.0
LiCl-NaCl,Li,li2880,0.1,1.4500000000000002,nan,nan,0.0
LiCl-NaCl,Li,li2880,0.1,1.55,nan,nan,0.0
LiCl-NaCl,Li,li2880,0.1,1.6500000000000001,nan,nan,0.0
LiCl-NaCl,Li,li2880,0.1,1.75,nan,nan,0.0
LiCl-NaCl,Li,li2880,0.1,1.85,1.0,0.0,0.0
LiCl-NaCl,Li,li2880,0.1,1.9500000000000002,0.7959821428571429,0.4967487125015158,0.0
LiCl-NaCl,Li,li2880,0.1,2.05,1.0,0.0,0.0
LiCl-NaCl,Li,li2880,0.1,2.1500000000000004,0.9284660107334526,0.024530025610917862,0.0
LiCl-NaCl,Li,li2880,0.1,2.25,0.8919840626688277,0.05382152977194453,0.0
LiCl-NaCl,Li,li2880,0.1,2.3500000000000005,0.8820659653952025,0.022012381994726486,0.0
LiCl-NaCl,Li,li2880,0.1,2.45,0.8509103706538377,0.014812260797592807,0.0
LiCl-NaCl,Li,li2880,0.1,2.55,0.8049083254642745,0.00948783828363651,0.0
LiCl-NaCl,Li,li2880,0.1,2.6500000000000004,0.7304824060000258,0.013245640141651723,0.0
LiCl-NaCl,Li,li2880,0.1,2.75,0.6672256440170975,0.011798901075252768,0.0
LiCl-NaCl,Li,li2880,0.1,2.8500000000000005,0.603410717528359,0.009667776889734171,0.0
LiCl-NaCl,Li,li2880,0.1,2.95,0.5230082925876034,0.012402166201066748,0.0
LiCl-NaCl,Li,li2880,0.1,3.05,0.43630977061418064,0.005613594000890162,0.0
LiCl-NaCl,Li,li2880,0.1,3.1500000000000004,0.36577344086600605,0.008758389962948362,0.0
LiCl-NaCl,Li,li2880,0.1,3.25,0.29595894673864975,0.005420869901810523,0.0
LiCl-NaCl,Li,li2880,0.1,3.3500000000000005,0.21259362273490567,0.00781377549671387,0.0
LiCl-NaCl,Li,li2880,0.1,3.45,0.15982336424930732,0.010531964817858858,0.0
LiCl-NaCl,Li,li2880,0.1,3.55,0.10068439654482475,0.00855121466269893,0.0
LiCl-NaCl,Li,li2880,0.1,3.6500000000000004,0.05689973104231927,0.0063254141221694106,0.0
LiCl-NaCl,Li,li2880,0.1,3.75,0.010780849863971653,0.006781223189408433,0.0
LiCl-NaCl,Li,li2880,0.1,3.8500000000000005,-0.01973183679299173,0.007524394313670769,0.0
LiCl-NaCl,Li,li2880,0.1,3.95,-0.050503720060840473,0.008277395595484434,0.0
LiCl-NaCl,Li,li2880,0.1,4.050000000000001,-0.06500459125862545,0.011670404657484354,0.0
LiCl-NaCl,Li,li2880,0.1,4.15,-0.07913227950021584,0.01250768378558405,0.0
LiCl-NaCl,Li,li2880,0.1,4.25,-0.08681160178862868,0.006960166901130548,0.0
LiCl-NaCl,Li,li2880,0.1,4.35,-0.09760285357242515,0.0052528629478610965,0.0
LiCl-NaCl,Li,li2880,0.1,4.45,-0.114699046104064,0.00750041858329103,0.0
LiCl-NaCl,Li,li2880,0.1,4.550000000000001,-0.13800718959656,0.005151941735142276,0.0
LiCl-NaCl,Li,li2880,0.1,4.65,-0.16038584478317786,0.007750055133911457,0.0
LiCl-NaCl,Li,li2880,0.1,4.75,-0.1752611589860662,0.0061796584879849435,0.0
LiCl-NaCl,Li,li2880,0.1,4.8500000000000005,-0.18932149340963078,0.006960694844472881,0.0
LiCl-NaCl,Li,li2880,0.1,4.95,-0.2014120714226766,0.012646076782122116,0.0
LiCl-NaCl,Li,li2880,0.1,5.050000000000001,-0.19535900451469557,0.0043531678904695625,0.0
LiCl-NaCl,Li,li2880,0.1,5.15,-0.17991198859355895,0.005471288706874711,0.0
LiCl-NaCl,Li,li2880,0.1,5.25,-0.1519203829810858,0.005612081918579852,0.0
LiCl-NaCl,Li,li2880,0.1,5.3500000000000005,-0.12102554412989841,0.00735197415307779,0.0
LiCl-NaCl,Li,li2880,0.1,5.45,-0.08839217713984548,0.007165834116733003,0.0
LiCl-NaCl,Li,li2880,0.1,5.550000000000001,-0.05339966646528138,0.005378594240241387,0.0
LiCl-NaCl,Li,li2880,0.1,5.65,-0.01995149448614053,0.009242803746388775,0.0
LiCl-NaCl,Li,li2880,0.1,5.75,0.009600039074598277,0.007512843398232166,0.0
LiCl-NaCl,Li,li2880,0.1,5.8500000000000005,0.035401143613621455,0.005810588748480504,0.0
LiCl-NaCl,Li,li2880,0.1,5.95,0.05925439570248847,0.003837669446199266,0.0
LiCl-NaCl,Li,li2880,0.1,6.050000000000001,0.07772935393512215,0.0082322564330307,0.0
LiCl-NaCl,Li,li2880,0.1,6.15,0.08560469867201104,0.004949115730464675,0.0
LiCl-NaCl,Li,li2880,0.1,6.25,0.09720424638188707,0.0036931574327980312,0.0
LiCl-NaCl,Li,li2880,0.1,6.3500000000000005,0.0977617465039794,0.006114435848499009,0.0
LiCl-NaCl,Li,li2880,0.1,6.45,0.09187549978752674,0.008758744860018455,0.0
LiCl-NaCl,Li,li2880,0.1,6.550000000000001,0.08936792175882424,0.0018954793096550855,0.0
LiCl-NaCl,Li,li2880,0.1,6.65,0.08408845090826267,0.002893418964441615,0.0
LiCl-NaCl,Li,li2880,0.1,6.75,0.07664600481177797,0.0034088638586289104,0.0
LiCl-NaCl,Li,li2880,0.1,6.8500000000000005,0.065756985773323,0.005765283433963234,0.0
LiCl-NaCl,Li,li2880,0.1,6.95,0.05667513292360049,0.0066099763934487216,0.0
LiCl-NaCl,Li,li2880,0.1,7.050000000000001,0.04288434023451482,0.0044507055147289115,0.0
LiCl-NaCl,Li,li2880,0.1,7.15,0.03363987544956559,0.002471382543195156,0.0
LiCl-NaCl,Li,li2880,0.1,7.25,0.012798690815626457,0.005667338347314925,0.0
LiCl-NaCl,Li,li2880,0.1,7.3500000000000005,0.004150792075635068,0.0037384469794407233,0.0
LiCl-NaCl,Li,li2880,0.1,7.45,-0.0075027141368515515,0.0041427454079421885,0.0
LiCl-NaCl,Li,li2880,0.1,7.550000000000001,-0.01412570860038409,0.0034677365377058155,0.0
LiCl-NaCl,Li,li2880,0.1,7.65,-0.02674646732381336,0.00538207705159066,0.0
LiCl-NaCl,Li,li2880,0.1,7.75,-0.031067381146378636,0.004303959393440015,0.0
LiCl-NaCl,Li,li2880,0.1,7.8500000000000005,-0.03859721378429537,0.0019531656639604463,0.0
LiCl-NaCl,Li,li2880,0.1,7.95,-0.043097775072100886,0.006086370106860132,0.0
LiCl-NaCl,Li,li2880,0.1,8.05,-0.04838021116369995,0.0056775559726734955,0.0
LiCl-NaCl,Li,li2880,0.1,8.15,-0.047552325888168934,0.0018726417983308127,0.0
LiCl-NaCl,Li,li2880,0.1,8.25,-0.051524391666051716,0.0074724421060081035,0.0
LiCl-NaCl,Li,li2880,0.1,8.350000000000001,-0.051470406453995254,0.001701075398894164,0.0
LiCl-NaCl,Li,li2880,0.1,8.45,-0.04450319640492073,0.0036930876268532623,0.0
LiCl-NaCl,Li,li2880,0.1,8.55,-0.038789788463578834,0.0020525388999576896,0.0
LiCl-NaCl,Li,li2880,0.1,8.65,-0.03268844839621199,0.004376221634778983,0.0
LiCl-NaCl,Li,li2880,0.1,8.75,-0.025590483035341727,0.0061347728150159975,0.0
LiCl-NaCl,Li,li2880,0.1,8.850000000000001,-0.015713955890566123,0.0032752140952889107,0.0
LiCl-NaCl,Li,li2880,0.1,8.95,-0.014621689446148611,0.002625554484068906,0.0
LiCl-NaCl,Li,li2880,0.1,9.05,-0.0024510690260779455,0.006252914446574923,0.0
LiCl-NaCl,Li,li2880,0.1,9.15,0.004401020287791213,0.005190608828685233,0.0
LiCl-NaCl,Li,li2880,0.1,9.25,0.013262645657741157,0.00339053988523403,0.0
LiCl-NaCl,Li,li2880,0.1,9.350000000000001,0.017070130001945905,0.0035105692966829237,0.0
LiCl-NaCl,Li,li2880,0.1,9.45,0.02304968021814091,0.0034284671474394193,0.0
LiCl-NaCl,Li,li2880,0.1,9.55,0.0265323930450575,0.0034970117636009177,0.0
LiCl-NaCl,Li,li2880,0.1,9.650000000000002,0.031203882701707042,0.003972978268136454,0.0
LiCl-NaCl,Li,li2880,0.1,9.75,0.029496685553621504,0.003865426367016058,0.0
LiCl-NaCl,Li,li2880,0.1,9.850000000000001,0.030795105012413226,0.004779949344873469,0.0
LiCl-NaCl,Li,li2880,0.1,9.95,0.0301947715996993,0.0023219180958713643,0.0
LiCl-NaCl,Li,li2880,0.1,10.05,0.027355865480918506,0.0018345698853309248,0.0
LiCl-NaCl,Li,li2880,0.1,10.150000000000002,0.02419575306058408,0.0030266768441627625,0.0
LiCl-NaCl,Li,li2880,0.1,10.25,0.023444031660380005,0.005582228003819421,0.0
LiCl-NaCl,Li,li2880,0.1,10.350000000000001,0.01757596236586645,0.0040518070746242965,0.0
LiCl-NaCl,Li,li2880,0.1,10.45,0.012772978995981066,0.002514640335486198,0.0
LiCl-NaCl,Li,li2880,0.1,10.55,0.006483718022224583,0.004111498569331504,0.0
LiCl-NaCl,Li,li2880,0.1,10.650000000000002,0.0008256777664430448,0.001182097092751765,0.0
LiCl-NaCl,Li,li2880,0.1,10.75,-0.0011044936928721327,0.003801724427173845,0.0
LiCl-NaCl,Li,li2880,0.1,10.850000000000001,-0.002958069015669862,0.0020617151190387845,0.0
LiCl-NaCl,Li,li2880,0.1,10.95,-0.005868910491664714,0.00514298943229697,0.0
LiCl-NaCl,Li,li2880,0.1,11.05,-0.012815474726895815,0.00324230486108704,0.0
LiCl-NaCl,Li,li2880,0.1,11.150000000000002,-0.013893430376384464,0.003845678480130228,0.0
LiCl-NaCl,Li,li2880,0.1,11.25,-0.017106390278970762,0.001829096164248312,0.0
LiCl-NaCl,Li,li2880,0.1,11.350000000000001,-0.015874445332789255,0.0039521115760470715,0.0
LiCl-NaCl,Li,li2880,0.1,11.45,-0.020437299379831186,0.006307904340974978,0.0
LiCl-NaCl,Li,li2880,0.1,11.55,-0.0159807239206613,0.005283054704241749,0.0
LiCl-NaCl,Li,li2880,0.1,11.650000000000002,-0.016747672986239914,0.0034853324748105293,0.0
LiCl-NaCl,Li,li2880,0.1,11.75,-0.01615958549098706,0.004116989797007072,0.0
LiCl-NaCl,Li,li2880,0.1,11.850000000000001,-0.012484034207518091,0.0020072629291080857,0.0
LiCl-NaCl,Li,li2880,0.1,11.95,-0.011518483815470937,0.002490682916808016,0.0
LiCl-NaCl,Li,li2720,0.15,0.05,nan,nan,0.0
LiCl-NaCl,Li,li2720,0.15,0.15000000000000002,nan,nan,0.0
LiCl-NaCl,Li,li2720,0.15,0.25,nan,nan,0.0
LiCl-NaCl,Li,li2720,0.15,0.35000000000000003,nan,nan,0.0
LiCl-NaCl,Li,li2720,0.15,0.45,nan,nan,0.0
LiCl-NaCl,Li,li2720,0.15,0.55,nan,nan,0.0
LiCl-NaCl,Li,li2720,0.15,0.6500000000000001,nan,nan,0.0
LiCl-NaCl,Li,li2720,0.15,0.75,nan,nan,0.0
LiCl-NaCl,Li,li2720,0.15,0.8500000000000001,nan,nan,0.0
LiCl-NaCl,Li,li2720,0.15,0.95,nan,nan,0.0
LiCl-NaCl,Li,li2720,0.15,1.05,nan,nan,0.0
LiCl-NaCl,Li,li2720,0.15,1.1500000000000001,nan,nan,0.0
LiCl-NaCl,Li,li2720,0.15,1.25,nan,nan,0.0
LiCl-NaCl,Li,li2720,0.15,1.35,nan,nan,0.0
LiCl-NaCl,Li,li2720,0.15,1.4500000000000002,nan,nan,0.0
LiCl-NaCl,Li,li2720,0.15,1.55,nan,nan,0.0
LiCl-NaCl,Li,li2720,0.15,1.6500000000000001,1.0,nan,0.0
LiCl-NaCl,Li,li2720,0.15,1.75,nan,nan,0.0
LiCl-NaCl,Li,li2720,0.15,1.85,1.0,0.0,0.0
LiCl-NaCl,Li,li2720,0.15,1.9500000000000002,1.0,0.0,0.0
LiCl-NaCl,Li,li2720,0.15,2.05,0.951353406326034,0.07487050494117686,0.0
LiCl-NaCl,Li,li2720,0.15,2.1500000000000004,0.8818582725060827,0.037694693864374594,0.0
LiCl-NaCl,Li,li2720,0.15,2.25,0.9008079425255078,0.015503210274474396,0.0
LiCl-NaCl,Li,li2720,0.15,2.3500000000000005,0.8635484015804598,0.019983882364018924,0.0
LiCl-NaCl,Li,li2720,0.15,2.45,0.8316866990926948,0.014113078060549324,0.0
LiCl-NaCl,Li,li2720,0.15,2.55,0.786707865615795,0.008114551034409933,0.0
LiCl-NaCl,Li,li2720,0.15,2.6500000000000004,0.7163907088217178,0.00781216584605149,0.0
LiCl-NaCl,Li,li2720,0.15,2.75,0.6519728762347816,0.008371746730575535,0.0
LiCl-NaCl,Li,li2720,0.15,2.8500000000000005,0.581488370929468,0.007045169851088084,0.0
LiCl-NaCl,Li,li2720,0.15,2.95,0.4994093695020847,0.009954403096725614,0.0
LiCl-NaCl,Li,li2720,0.15,3.05,0.4191683575049696,0.005694377661168841,0.0
LiCl-NaCl,Li,li2720,0.15,3.1500000000000004,0.3489043806474853,0.007438141118165855,0.0
LiCl-NaCl,Li,li2720,0.15,3.25,0.27039266405610596,0.016081489748139034,0.0
LiCl-NaCl,Li,li2720,0.15,3.3500000000000005,0.2032134617782767,0.007980833533125427,0.0
LiCl-NaCl,Li,li2720,0.15,3.45,0.14414259855034628,0.010189670609339011,0.0
LiCl-NaCl,Li,li2720,0.15,3.55,0.0890436281648086,0.003433747019770927,0.0
LiCl-NaCl,Li,li2720,0.15,3.6500000000000004,0.032624648553663205,0.0029205402775424496,0.0
LiCl-NaCl,Li,li2720,0.15,3.75,-0.0017821214557203202,0.007204436494510358,0.0
LiCl-NaCl,Li,li2720,0.15,3.8500000000000005,-0.03219807673176622,0.009776582230065597,0.0
LiCl-NaCl,Li,li2720,0.15,3.95,-0.049159719510539546,0.008836856462857673,0.0
LiCl-NaCl,Li,li2720,0.15,4.050000000000001,-0.06826039983899834,0.004057328367561907,0.0
LiCl-NaCl,Li,li2720,0.15,4.15,-0.08241313638918135,0.006793391266970469,0.0
LiCl-NaCl,Li,li2720,0.15,4.25,-0.08527980993898177,0.005832925648676617,0.0
LiCl-NaCl,Li,li2720,0.15,4.35,-0.09574489358255334,0.007261210541178507,0.0
LiCl-NaCl,Li,li2720,0.15,4.45,-0.11610924795367183,0.008147180511845865,0.0
LiCl-NaCl,Li,li2720,0.15,4.550000000000001,-0.13451047398938254,0.0029372467519393018,0.0
LiCl-NaCl,Li,li2720,0.15,4.65,-0.15394245606953794,0.007445128052124341,0.0
LiCl-NaCl,Li,li2720,0.15,4.75,-0.17012844156118767,0.005306911450959044,0.0
LiCl-NaCl,Li,li2720,0.15,4.8500000000000005,-0.19073860323302783,0.011917194732480542,0.0
LiCl-NaCl,Li,li2720,0.15,4.95,-0.19272268877888865,0.006075537813628753,0.0
LiCl-NaCl,Li,li2720,0.15,5.050000000000001,-0.18703678554037761,0.00754613874566061,0.0
LiCl-NaCl,Li,li2720,0.15,5.15,-0.17448692808034671,0.006295950260694166,0.0
LiCl-NaCl,Li,li2720,0.15,5.25,-0.1512650530773374,0.009777657457361774,0.0
LiCl-NaCl,Li,li2720,0.15,5.3500000000000005,-0.1187433646612619,0.008622947453457706,0.0
LiCl-NaCl,Li,li2720,0.15,5.45,-0.08522391165010657,0.00831264696299043,0.0
LiCl-NaCl,Li,li2720,0.15,5.550000000000001,-0.051188028000580754,0.009048532606004061,0.0
LiCl-NaCl,Li,li2720,0.15,5.65,-0.022505973287981984,0.006375463445193325,0.0
LiCl-NaCl,Li,li2720,0.15,5.75,0.010393701568082836,0.006292156263677248,0.0
LiCl-NaCl,Li,li2720,0.15,5.8500000000000005,0.034900224274060254,0.008010266195098006,0.0
LiCl-NaCl,Li,li2720,0.15,5.95,0.057539714351679594,0.0033827038086712757,0.0
LiCl-NaCl,Li,li2720,0.15,6.050000000000001,0.0650562486983236,0.004817628052667606,0.0
LiCl-NaCl,Li,li2720,0.15,6.15,0.0829289946923103,0.006342749679506291,0.0
LiCl-NaCl,Li,li2720,0.15,6.25,0.08641552322697976,0.003274193482217434,0.0
LiCl-NaCl,Li,li2720,0.15,6.3500000000000005,0.09182507694657371,0.0011127981682054556,0.0
LiCl-NaCl,Li,li2720,0.15,6.45,0.08979073604671062,0.005225633807138326,0.0
LiCl-NaCl,Li,li2720,0.15,6.550000000000001,0.08311212413674185,0.0040666119127529664,0.0
LiCl-NaCl,Li,li2720,0.15,6.65,0.08049446334224353,0.0053945748877098736,0.0
LiCl-NaCl,Li,li2720,0.15,6.75,0.07246346451783559,0.004707175207314163,0.0
LiCl-NaCl,Li,li2720,0.15,6.8500000000000005,0.06193047025443821,0.0026868177422409768,0.0
LiCl-NaCl,Li,li2720,0.15,6.95,0.051955078917455766,0.0025940496082809557,0.0
LiCl-NaCl,Li,li2720,0.15,7.050000000000001,0.04337428536907206,0.004734657029305869,0.0
LiCl-NaCl,Li,li2720,0.15,7.15,0.029532982647437866,0.003739442657923282,0.0
LiCl-NaCl,Li,li2720,0.15,7.25,0.014727393540941325,0.0035483764723471312,0.0
LiCl-NaCl,Li,li2720,0.15,7.3500000000000005,0.006317098022411871,0.002877587293948907,0.0
LiCl-NaCl,Li,li2720,0.15,7.45,-0.0032141766220190604,0.0012805529661370758,0.0
LiCl-NaCl,Li,li2720,0.15,7.550000000000001,-0.017668541972888585,0.003390239454856216,0.0
LiCl-NaCl,Li,li2720,0.15,7.65,-0.023843732511002802,0.0027483965865019644,0.0
LiCl-NaCl,Li,li2720,0.15,7.75,-0.03127274671719382,0.0021133885195475577,0.0
LiCl-NaCl,Li,li2720,0.15,7.8500000000000005,-0.03536744389943358,0.0024838535287494555,0.0
LiCl-NaCl,Li,li2720,0.15,7.95,-0.0424658451833102,0.00346179516858639,0.0
LiCl-NaCl,Li,li2720,0.15,8.05,-0.04665301598217386,0.0025843338721331433,0.0
LiCl-NaCl,Li,li2720,0.15,8.15,-0.04869516587376643,0.0012197023568586282,0.0
LiCl-NaCl,Li,li2720,0.15,8.25,-0.052630186562421244,0.003273880060062011,0.0
LiCl-NaCl,Li,li2720,0.15,8.350000000000001,-0.04543867140264335,0.002987814954731805,0.0
LiCl-NaCl,Li,li2720,0.15,8.45,-0.043671346299276825,0.0031387079620624893,0.0
LiCl-NaCl,Li,li2720,0.15,8.55,-0.03775580909959708,0.0035214904218139062,0.0
LiCl-NaCl,Li,li2720,0.15,8.65,-0.03326230500774052,0.001951271914947952,0.0
LiCl-NaCl,Li,li2720,0.15,8.75,-0.030724084210358438,0.005233146371859205,0.0
LiCl-NaCl,Li,li2720,0.15,8.850000000000001,-0.019039488699020835,0.0028341383770503262,0.0
LiCl-NaCl,Li,li2720,0.15,8.95,-0.013247078843572568,0.00461053262177063,0.0
LiCl-NaCl,Li,li2720,0.15,9.05,-0.0034653644337034883,0.003210938899354961,0.0
LiCl-NaCl,Li,li2720,0.15,9.15,0.002768777811781309,0.0020186494336107744,0.0
LiCl-NaCl,Li,li2720,0.15,9.25,0.011588055132538577,0.002254170960440927,0.0
LiCl-NaCl,Li,li2720,0.15,9.350000000000001,0.016896669956818267,0.0032530111135111728,0.0
LiCl-NaCl,Li,li2720,0.15,9.45,0.020804425737311116,0.004071130930201331,0.0
LiCl-NaCl,Li,li2720,0.15,9.55,0.027227891141964333,0.003026371885374035,0.0
LiCl-NaCl,Li,li2720,0.15,9.650000000000002,0.026917336795528102,0.002641510653095632,0.0
LiCl-NaCl,Li,li2720,0.15,9.75,0.029926456935755352,0.003355190445855064,0.0
LiCl-NaCl,Li,li2720,0.15,9.850000000000001,0.0277165496027455,0.0030610021887565717,0.0
LiCl-NaCl,Li,li2720,0.15,9.95,0.027555617445927827,0.004191187265217014,0.0
LiCl-NaCl,Li,li2720,0.15,10.05,0.024657410732460083,0.0024916891713569907,0.0
LiCl-NaCl,Li,li2720,0.15,10.150000000000002,0.0245997389371434,0.0015746975588020202,0.0
LiCl-NaCl,Li,li2720,0.15,10.25,0.020080861186442478,0.0016853060019389253,0.0
LiCl-NaCl,Li,li2720,0.15,10.350000000000001,0.01669370966357253,0.0015595987204602303,0.0
LiCl-NaCl,Li,li2720,0.15,10.45,0.010875431679837178,0.0042130790853795105,0.0
LiCl-NaCl,Li,li2720,0.15,10.55,0.008067237117836412,0.0021744658011979,0.0
LiCl-NaCl,Li,li2720,0.15,10.650000000000002,0.005005897861266817,0.0021749803798611655,0.0
LiCl-NaCl,Li,li2720,0.15,10.75,0.001262825399161116,0.002153588272571371,0.0
LiCl-NaCl,Li,li2720,0.15,10.850000000000001,-0.003417703479228207,0.002189968882246128,0.0
LiCl-NaCl,Li,li2720,0.15,10.95,-0.009080749320452108,0.004916444140407311,0.0
LiCl-NaCl,Li,li2720,0.15,11.05,-0.011044607960437158,0.0029944966967360587,0.0
LiCl-NaCl,Li,li2720,0.15,11.150000000000002,-0.012948498195531233,0.0020960781603136793,0.0
LiCl-NaCl,Li,li2720,0.15,11.25,-0.01430581031877498,0.0020147930676433982,0.0
LiCl-NaCl,Li,li2720,0.15,11.350000000000001,-0.016464984504662494,0.001807487841631227,0.0
LiCl-NaCl,Li,li2720,0.15,11.45,-0.015414091766151605,0.0021900187471996205,0.0
LiCl-NaCl,Li,li2720,0.15,11.55,-0.018835751518337718,0.0036739787178136055,0.0
LiCl-NaCl,Li,li2720,0.15,11.650000000000002,-0.016974304552162423,0.002597238234769831,0.0
LiCl-NaCl,Li,li2720,0.15,11.75,-0.014885892687566793,0.003429298635190013,0.0
LiCl-NaCl,Li,li2720,0.15,11.850000000000001,-0.015457705149787726,0.002225366286804306,0.0
LiCl-NaCl,Li,li2720,0.15,11.95,-0.013236132985480209,0.001929601303880046,0.0
LiCl-NaCl,Li,li2560,0.2,0.05,nan,nan,0.0
LiCl-NaCl,Li,li2560,0.2,0.15000000000000002,nan,nan,0.0
LiCl-NaCl,Li,li2560,0.2,0.25,nan,nan,0.0
LiCl-NaCl,Li,li2560,0.2,0.35000000000000003,nan,nan,0.0
LiCl-NaCl,Li,li2560,0.2,0.45,nan,nan,0.0
LiCl-NaCl,Li,li2560,0.2,0.55,nan,nan,0.0
LiCl-NaCl,Li,li2560,0.2,0.6500000000000001,nan,nan,0.0
LiCl-NaCl,Li,li2560,0.2,0.75,nan,nan,0.0
LiCl-NaCl,Li,li2560,0.2,0.8500000000000001,nan,nan,0.0
LiCl-NaCl,Li,li2560,0.2,0.95,nan,nan,0.0
LiCl-NaCl,Li,li2560,0.2,1.05,nan,nan,0.0
LiCl-NaCl,Li,li2560,0.2,1.1500000000000001,nan,nan,0.0
LiCl-NaCl,Li,li2560,0.2,1.25,nan,nan,0.0
LiCl-NaCl,Li,li2560,0.2,1.35,nan,nan,0.0
LiCl-NaCl,Li,li2560,0.2,1.4500000000000002,nan,nan,0.0
LiCl-NaCl,Li,li2560,0.2,1.55,nan,nan,0.0
LiCl-NaCl,Li,li2560,0.2,1.6500000000000001,nan,nan,0.0
LiCl-NaCl,Li,li2560,0.2,1.75,nan,nan,0.0
LiCl-NaCl,Li,li2560,0.2,1.85,1.0,0.0,0.0
LiCl-NaCl,Li,li2560,0.2,1.9500000000000002,1.0,0.0,0.0
LiCl-NaCl,Li,li2560,0.2,2.05,1.0,0.0,0.0
LiCl-NaCl,Li,li2560,0.2,2.1500000000000004,0.9373890918580375,0.03584493226368816,0.0
LiCl-NaCl,Li,li2560,0.2,2.25,0.8759140276893698,0.021188656620862664,0.0
LiCl-NaCl,Li,li2560,0.2,2.3500000000000005,0.8544489080255682,0.02372511598998475,0.0
LiCl-NaCl,Li,li2560,0.2,2.45,0.8177518925739005,0.012736065930663497,0.0
LiCl-NaCl,Li,li2560,0.2,2.55,0.7623148012142578,0.010232719270139985,0.0
LiCl-NaCl,Li,li2560,0.2,2.6500000000000004,0.699225251486054,0.006102769735244963,0.0
LiCl-NaCl,Li,li2560,0.2,2.75,0.6402679765846053,0.008770165942025353,0.0
LiCl-NaCl,Li,li2560,0.2,2.8500000000000005,0.5596165337397696,0.00731658068192556,0.0
LiCl-NaCl,Li,li2560,0.2,2.95,0.48124957844637717,0.008015462649771042,0.0
LiCl-NaCl,Li,li2560,0.2,3.05,0.40409027560422617,0.006254480345565129,0.0
LiCl-NaCl,Li,li2560,0.2,3.1500000000000004,0.32432975394195274,0.007086953765293869,0.0
LiCl-NaCl,Li,li2560,0.2,3.25,0.253749271488691,0.00883130269382994,0.0
LiCl-NaCl,Li,li2560,0.2,3.3500000000000005,0.1844161027641943,0.008462465298623061,0.0
LiCl-NaCl,Li,li2560,0.2,3.45,0.13103487428232552,0.006355575847201059,0.0
LiCl-NaCl,Li,li2560,0.2,3.55,0.07518610754070265,0.006162520905949201,0.0
LiCl-NaCl,Li,li2560,0.2,3.6500000000000004,0.032846621187682445,0.005045164949639989,0.0
LiCl-NaCl,Li,li2560,0.2,3.75,-0.0010177997551614748,0.010095174740955254,0.0
LiCl-NaCl,Li,li2560,0.2,3.8500000000000005,-0.03150292766804941,0.004616221148232554,0.0
LiCl-NaCl,Li,li2560,0.2,3.95,-0.05169135348702114,0.0054910770790720705,0.0
LiCl-NaCl,Li,li2560,0.2,4.050000000000001,-0.06325143669923317,0.003026440898643569,0.0
LiCl-NaCl,Li,li2560,0.2,4.15,-0.07735033780712319,0.004247323591065215,0.0
LiCl-NaCl,Li,li2560,0.2,4.25,-0.08375158160100793,0.007087468284290767,0.0
LiCl-NaCl,Li,li2560,0.2,4.35,-0.09277507886358638,0.007435908323749255,0.0
LiCl-NaCl,Li,li2560,0.2,4.45,-0.10487509447389765,0.006072214005820139,0.0
LiCl-NaCl,Li,li2560,0.2,4.550000000000001,-0.11470734010178285,0.004091460494464777,0.0
LiCl-NaCl,Li,li2560,0.2,4.65,-0.1436829032779181,0.005042078860042465,0.0
LiCl-NaCl,Li,li2560,0.2,4.75,-0.15972397569157715,0.00681530482477021,0.0
LiCl-NaCl,Li,li2560,0.2,4.8500000000000005,-0.17237540161660037,0.006976864728458696,0.0
LiCl-NaCl,Li,li2560,0.2,4.95,-0.18051341405123233,0.007482774982102166,0.0
LiCl-NaCl,Li,li2560,0.2,5.050000000000001,-0.17519256052967624,0.008051732274444032,0.0
LiCl-NaCl,Li,li2560,0.2,5.15,-0.1604250917396839,0.00445680724974154,0.0
LiCl-NaCl,Li,li2560,0.2,5.25,-0.1361708492339877,0.008079629989958734,0.0
LiCl-NaCl,Li,li2560,0.2,5.3500000000000005,-0.11312393501767093,0.004322313686210862,0.0
LiCl-NaCl,Li,li2560,0.2,5.45,-0.07625884592250753,0.008942250993126545,0.0
LiCl-NaCl,Li,li2560,0.2,5.550000000000001,-0.05097891596021009,0.0044385741983510385,0.0
LiCl-NaCl,Li,li2560,0.2,5.65,-0.01939989283188548,0.008189316124805363,0.0
LiCl-NaCl,Li,li2560,0.2,5.75,0.0122895407246002,0.0054009427453224875,0.0
LiCl-NaCl,Li,li2560,0.2,5.8500000000000005,0.03266454537643759,0.006444539450947578,0.0
LiCl-NaCl,Li,li2560,0.2,5.95,0.05007314686795117,0.0032566577432606133,0.0
LiCl-NaCl,Li,li2560,0.2,6.050000000000001,0.07040790368058003,0.003478091675020111,0.0
LiCl-NaCl,Li,li2560,0.2,6.15,0.07950912203919835,0.00485726968134554,0.0
LiCl-NaCl,Li,li2560,0.2,6.25,0.0864955581817729,0.004668074334416619,0.0
LiCl-NaCl,Li,li2560,0.2,6.3500000000000005,0.08804097074327277,0.0028870384159211996,0.0
LiCl-NaCl,Li,li2560,0.2,6.45,0.08916800885327703,0.005115070883507806,0.0
LiCl-NaCl,Li,li2560,0.2,6.550000000000001,0.08156895299306033,0.008460982314281773,0.0
LiCl-NaCl,Li,li2560,0.2,6.65,0.07449830256767942,0.003246939567662523,0.0
LiCl-NaCl,Li,li2560,0.2,6.75,0.06639026653056501,0.007868767375750922,0.0
LiCl-NaCl,Li,li2560,0.2,6.8500000000000005,0.0640799548376173,0.0047050856468591855,0.0
LiCl-NaCl,Li,li2560,0.2,6.95,0.048760708476548564,0.003915913735063648,0.0
LiCl-NaCl,Li,li2560,0.2,7.050000000000001,0.039650369238815264,0.0059013943475060004,0.0
LiCl-NaCl,Li,li2560,0.2,7.15,0.028158223928696047,0.004823186987734151,0.0
LiCl-NaCl,Li,li2560,0.2,7.25,0.017531653240184686,0.0036716070168559736,0.0
LiCl-NaCl,Li,li2560,0.2,7.3500000000000005,0.006647267105215904,0.0037098628628517826,0.0
LiCl-NaCl,Li,li2560,0.2,7.45,-0.0021566202711045257,0.005157461503462806,0.0
LiCl-NaCl,Li,li2560,0.2,7.550000000000001,-0.01012028931216169,0.004601379590737468,0.0
LiCl-NaCl,Li,li2560,0.2,7.65,-0.019982460844208294,0.005252862147011644,0.0
LiCl-NaCl,Li,li2560,0.2,7.75,-0.027730260538271212,0.004650242871109658,0.0
LiCl-NaCl,Li,li2560,0.2,7.8500000000000005,-0.036374957767730365,0.0032717532806071222,0.0
LiCl-NaCl,Li,li2560,0.2,7.95,-0.0354901168327002,0.003002527445403514,0.0
LiCl-NaCl,Li,li2560,0.2,8.05,-0.04292095630704362,0.003046791597831184,0.0
LiCl-NaCl,Li,li2560,0.2,8.15,-0.0459232703634016,0.0034029833015292283,0.0
LiCl-NaCl,Li,li2560,0.2,8.25,-0.04429819328738471,0.0025083975070222413,0.0
LiCl-NaCl,Li,li2560,0.2,8.350000000000001,-0.04345100350597009,0.004712418071225694,0.0
LiCl-NaCl,Li,li2560,0.2,8.45,-0.040707007558239416,0.0008817576920727586,0.0
LiCl-NaCl,Li,li2560,0.2,8.55,-0.03700699269756513,0.0018415634781817466,0.0
LiCl-NaCl,Li,li2560,0.2,8.65,-0.03272930086882764,0.0032047459331657094,0.0
LiCl-NaCl,Li,li2560,0.2,8.75,-0.026977929469892192,0.0021980197957656125,0.0
LiCl-NaCl,Li,li2560,0.2,8.850000000000001,-0.021004658238883867,0.0027482528762663135,0.0
LiCl-NaCl,Li,li2560,0.2,8.95,-0.014701546562071233,0.00424448775452892,0.0
LiCl-NaCl,Li,li2560,0.2,9.05,-0.0050972176719557005,0.004794604333148349,0.0
LiCl-NaCl,Li,li2560,0.2,9.15,0.0016156966570987086,0.0026246889548588227,0.0
LiCl-NaCl,Li,li2560,0.2,9.25,0.005356771233543389,0.0011756091096200687,0.0
LiCl-NaCl,Li,li2560,0.2,9.350000000000001,0.013533026720172203,0.0037959029346368556,0.0
LiCl-NaCl,Li,li2560,0.2,9.45,0.016657566565163373,0.002158219170922933,0.0
LiCl-NaCl,Li,li2560,0.2,9.55,0.02090471397617455,0.00264545146085944,0.0
LiCl-NaCl,Li,li2560,0.2,9.650000000000002,0.026008303472680128,0.0027573641477125197,0.0
LiCl-NaCl,Li,li2560,0.2,9.75,0.02787287474018496,0.002149287120544298,0.0
LiCl-NaCl,Li,li2560,0.2,9.850000000000001,0.02847392667256532,0.0032959558970370837,0.0
LiCl-NaCl,Li,li2560,0.2,9.95,0.025435527024595395,0.00200716877706619,0.0
LiCl-NaCl,Li,li2560,0.2,10.05,0.023526394468504352,0.003663257299459293,0.0
LiCl-NaCl,Li,li2560,0.2,10.150000000000002,0.022009764693075362,0.00175319295152545,0.0
LiCl-NaCl,Li,li2560,0.2,10.25,0.01949760927737254,0.0023354727497517927,0.0
LiCl-NaCl,Li,li2560,0.2,10.350000000000001,0.015155158816709036,0.002522331340174149,0.0
LiCl-NaCl,Li,li2560,0.2,10.45,0.010624626802601567,0.0031667893912735836,0.0
LiCl-NaCl,Li,li2560,0.2,10.55,0.010163537275815537,0.0017176007310113674,0.0
LiCl-NaCl,Li,li2560,0.2,10.650000000000002,0.006293817264101498,0.0024681279215726885,0.0
LiCl-NaCl,Li,li2560,0.2,10.75,0.0018042858189928346,0.0015049095943759252,0.0
LiCl-NaCl,Li,li2560,0.2,10.850000000000001,-0.0012524503867969994,0.003125683638027038,0.0
LiCl-NaCl,Li,li2560,0.2,10.95,-0.0034646063645380476,0.0016040018807933533,0.0
LiCl-NaCl,Li,li2560,0.2,11.05,-0.008232459152396121,0.0013697653121573419,0.0
LiCl-NaCl,Li,li2560,0.2,11.150000000000002,-0.013373353016674416,0.0030540280349584787,0.0
LiCl-NaCl,Li,li2560,0.2,11.25,-0.011726161421716341,0.0023032750700889633,0.0
LiCl-NaCl,Li,li2560,0.2,11.350000000000001,-0.01671610508194199,0.0032819885192953147,0.0
LiCl-NaCl,Li,li2560,0.2,11.45,-0.01476831159612968,0.0021380798103177528,0.0
LiCl-NaCl,Li,li2560,0.2,11.55,-0.015898279137336102,0.0019409472258131778,0.0
LiCl-NaCl,Li,li2560,0.2,11.650000000000002,-0.014438249165399375,0.0009615186286328013,0.0
LiCl-NaCl,Li,li2560,0.2,11.75,-0.016121549098051746,0.003114988014715829,0.0
LiCl-NaCl,Li,li2560,0.2,11.850000000000001,-0.0109493613645828,0.002917992589001826,0.0
LiCl-NaCl,Li,li2560,0.2,11.95,-0.014433567059689567,0.0018993344341015227,0.0
LiCl-NaCl,Li,li2400,0.25,0.05,nan,nan,0.0
LiCl-NaCl,Li,li2400,0.25,0.15000000000000002,nan,nan,0.0
LiCl-NaCl,Li,li2400,0.25,0.25,nan,nan,0.0
LiCl-NaCl,Li,li2400,0.25,0.35000000000000003,nan,nan,0.0
LiCl-NaCl,Li,li2400,0.25,0.45,nan,nan,0.0
LiCl-NaCl,Li,li2400,0.25,0.55,nan,nan,0.0
LiCl-NaCl,Li,li2400,0.25,0.6500000000000001,nan,nan,0.0
LiCl-NaCl,Li,li2400,0.25,0.75,nan,nan,0.0
LiCl-NaCl,Li,li2400,0.25,0.8500000000000001,nan,nan,0.0
LiCl-NaCl,Li,li2400,0.25,0.95,nan,nan,0.0
LiCl-NaCl,Li,li2400,0.25,1.05,nan,nan,0.0
LiCl-NaCl,Li,li2400,0.25,1.1500000000000001,nan,nan,0.0
LiCl-NaCl,Li,li2400,0.25,1.25,nan,nan,0.0
LiCl-NaCl,Li,li2400,0.25,1.35,nan,nan,0.0
LiCl-NaCl,Li,li2400,0.25,1.4500000000000002,nan,nan,0.0
LiCl-NaCl,Li,li2400,0.25,1.55,nan,nan,0.0
LiCl-NaCl,Li,li2400,0.25,1.6500000000000001,nan,nan,0.0
LiCl-NaCl,Li,li2400,0.25,1.75,1.0,nan,0.0
LiCl-NaCl,Li,li2400,0.25,1.85,1.0,0.0,0.0
LiCl-NaCl,Li,li2400,0.25,1.9500000000000002,1.0,0.0,0.0
LiCl-NaCl,Li,li2400,0.25,2.05,0.9666770833333334,0.04175817728823663,0.0
LiCl-NaCl,Li,li2400,0.25,2.1500000000000004,0.9600568812430632,0.035723706867316185,0.0
LiCl-NaCl,Li,li2400,0.25,2.25,0.8959020305449497,0.03976846740977989,0.0
LiCl-NaCl,Li,li2400,0.25,2.3500000000000005,0.8611473179580202,0.012551851075981151,0.0
LiCl-NaCl,Li,li2400,0.25,2.45,0.810622619250668,0.0239874996739668,0.0
LiCl-NaCl,Li,li2400,0.25,2.55,0.7540356873056919,0.015411292452230581,0.0
LiCl-NaCl,Li,li2400,0.25,2.6500000000000004,0.6942945129244468,0.009057561285187043,0.0
LiCl-NaCl,Li,li2400,0.25,2.75,0.6159325757735993,0.006476672884566728,0.0
LiCl-NaCl,Li,li2400,0.25,2.8500000000000005,0.5367657572220601,0.005429009142981157,0.0
LiCl-NaCl,Li,li2400,0.25,2.95,0.4532245477593898,0.003700300368544541,0.0
LiCl-NaCl,Li,li2400,0.25,3.05,0.381572878535428,0.004049522598702695,0.0
LiCl-NaCl,Li,li2400,0.25,3.1500000000000004,0.30477051760948193,0.010082408774388684,0.0
LiCl-NaCl,Li,li2400,0.25,3.25,0.2364818209190357,0.00875488725866673,0.0
LiCl-NaCl,Li,li2400,0.25,3.3500000000000005,0.16608572125775634,0.008396189616871871,0.0
LiCl-NaCl,Li,li2400,0.25,3.45,0.11176363721111926,0.009513559618662893,0.0
LiCl-NaCl,Li,li2400,0.25,3.55,0.06365776342201235,0.002360404227455352,0.0
LiCl-NaCl,Li,li2400,0.25,3.6500000000000004,0.0307379746421802,0.00290462339798069,0.0
LiCl-NaCl,Li,li2400,0.25,3.75,-0.011002328311743304,0.003426404960364166,0.0
LiCl-NaCl,Li,li2400,0.25,3.8500000000000005,-0.03802984287054412,0.0053382447959010515,0.0
LiCl-NaCl,Li,li2400,0.25,3.95,-0.05337209039548019,0.006170559810655922,0.0
LiCl-NaCl,Li,li2400,0.25,4.050000000000001,-0.07271949361612773,0.005565544613129706,0.0
LiCl-NaCl,Li,li2400,0.25,4.15,-0.07788196666350311,0.0046534716183332155,0.0
LiCl-NaCl,Li,li2400,0.25,4.25,-0.08163432575326723,0.00363924309540623,0.0
LiCl-NaCl,Li,li2400,0.25,4.35,-0.08695746278619598,0.00491755256398898,0.0
LiCl-NaCl,Li,li2400,0.25,4.45,-0.09926630434782613,0.003099932770784783,0.0
LiCl-NaCl,Li,li2400,0.25,4.550000000000001,-0.11322560516258529,0.0025915038243821296,0.0
LiCl-NaCl,Li,li2400,0.25,4.65,-0.13060916612623164,0.006677935065841337,0.0
LiCl-NaCl,Li,li2400,0.25,4.75,-0.15416887649687805,0.004601231123554528,0.0
LiCl-NaCl,Li,li2400,0.25,4.8500000000000005,-0.16945637965026572,0.007114025929574195,0.0
LiCl-NaCl,Li,li2400,0.25,4.95,-0.1723567390394467,0.004621802544921998,0.0
LiCl-NaCl,Li,li2400,0.25,5.050000000000001,-0.16645267127821683,0.007196336556248067,0.0
LiCl-NaCl,Li,li2400,0.25,5.15,-0.1518626960125795,0.004398819701646251,0.0
LiCl-NaCl,Li,li2400,0.25,5.25,-0.13759209703792896,0.009474186697875857,0.0
LiCl-NaCl,Li,li2400,0.25,5.3500000000000005,-0.10651864922019572,0.004462425828058225,0.0
LiCl-NaCl,Li,li2400,0.25,5.45,-0.07724597286393275,0.00563524610005555,0.0
LiCl-NaCl,Li,li2400,0.25,5.550000000000001,-0.04647805944529515,0.006123451654504809,0.0
LiCl-NaCl,Li,li2400,0.25,5.65,-0.015437829710801765,0.002016845716744336,0.0
LiCl-NaCl,Li,li2400,0.25,5.75,0.010472837433057935,0.00872444393993255,0.0
LiCl-NaCl,Li,li2400,0.25,5.8500000000000005,0.03272090359774327,0.0060589252353278914,0.0
LiCl-NaCl,Li,li2400,0.25,5.95,0.05310227866070538,0.0055290065427091506,0.0
LiCl-NaCl,Li,li2400,0.25,6.050000000000001,0.06315656971633687,0.005681174116991383,0.0
LiCl-NaCl,Li,li2400,0.25,6.15,0.07289731225438933,0.003077446405797692,0.0
LiCl-NaCl,Li,li2400,0.25,6.25,0.08105450156629279,0.0032341111794068336,0.0
LiCl-NaCl,Li,li2400,0.25,6.3500000000000005,0.0824032600749337,0.004368582780069834,0.0
LiCl-NaCl,Li,li2400,0.25,6.45,0.08009041504539549,0.0018616431073464627,0.0
LiCl-NaCl,Li,li2400,0.25,6.550000000000001,0.08077177080396414,0.0015238857042250368,0.0
LiCl-NaCl,Li,li2400,0.25,6.65,0.07011936171631639,0.0030064624240112425,0.0
LiCl-NaCl,Li,li2400,0.25,6.75,0.06275368960756222,0.004416740266072007,0.0
LiCl-NaCl,Li,li2400,0.25,6.8500000000000005,0.05678294442246867,0.004367293659639762,0.0
LiCl-NaCl,Li,li2400,0.25,6.95,0.046382441493971305,0.006138298312465783,0.0
LiCl-NaCl,Li,li2400,0.25,7.050000000000001,0.03491664170698183,0.003371264740470745,0.0
LiCl-NaCl,Li,li2400,0.25,7.15,0.02495557723911246,0.0022384061816801714,0.0
LiCl-NaCl,Li,li2400,0.25,7.25,0.0184848384641092,0.005938410050254494,0.0
LiCl-NaCl,Li,li2400,0.25,7.3500000000000005,0.006039712323457902,0.006414838417611049,0.0
LiCl-NaCl,Li,li2400,0.25,7.45,-0.004881337165281385,0.004059136657484532,0.0
LiCl-NaCl,Li,li2400,0.25,7.550000000000001,-0.009512736158945767,0.003808901860073233,0.0
LiCl-NaCl,Li,li2400,0.25,7.65,-0.019150355268935826,0.0040897263094960305,0.0
LiCl-NaCl,Li,li2400,0.25,7.75,-0.02425175077200259,0.004840251738965194,0.0
LiCl-NaCl,Li,li2400,0.25,7.8500000000000005,-0.03344830743505045,0.004638408474522132,0.0
LiCl-NaCl,Li,li2400,0.25,7.95,-0.038382448424214344,0.0016791448209195522,0.0
LiCl-NaCl,Li,li2400,0.25,8.05,-0.04004809259927877,0.0033770186936946892,0.0
LiCl-NaCl,Li,li2400,0.25,8.15,-0.04345464524789655,0.002951669894320816,0.0
LiCl-NaCl,Li,li2400,0.25,8.25,-0.0429666926273955,0.002588119729126204,0.0
LiCl-NaCl,Li,li2400,0.25,8.350000000000001,-0.04290360409402072,0.002194403159414906,0.0
LiCl-NaCl,Li,li2400,0.25,8.45,-0.03973120168657762,0.0025489877878485793,0.0
LiCl-NaCl,Li,li2400,0.25,8.55,-0.034493666784435106,0.0037868862761105005,0.0
LiCl-NaCl,Li,li2400,0.25,8.65,-0.033091932605695096,0.0038601263488877093,0.0
LiCl-NaCl,Li,li2400,0.25,8.75,-0.025149077704385903,0.004077405001193022,0.0
LiCl-NaCl,Li,li2400,0.25,8.850000000000001,-0.019689604605692024,0.0012772171778322639,0.0
LiCl-NaCl,Li,li2400,0.25,8.95,-0.01417579210827924,0.005450130181091636,0.0
LiCl-NaCl,Li,li2400,0.25,9.05,-0.006964413339374476,0.003048476567066951,0.0
LiCl-NaCl,Li,li2400,0.25,9.15,0.0006179405934693127,0.003638517215478301,0.0
LiCl-NaCl,Li,li2400,0.25,9.25,0.0050552601623514715,0.001060795095177908,0.0
LiCl-NaCl,Li,li2400,0.25,9.350000000000001,0.012322400025953528,0.0026402732350494307,0.0
LiCl-NaCl,Li,li2400,0.25,9.45,0.01579023569714244,0.0037193325366212814,0.0
LiCl-NaCl,Li,li2400,0.25,9.55,0.01886227845559063,0.004647965808253506,0.0
LiCl-NaCl,Li,li2400,0.25,9.650000000000002,0.020927093639298566,0.00225182079321756,0.0
LiCl-NaCl,Li,li2400,0.25,9.75,0.022544011741727044,0.0024753479394368804,0.0
LiCl-NaCl,Li,li2400,0.25,9.850000000000001,0.022957952748163257,0.0012436189952370299,0.0
LiCl-NaCl,Li,li2400,0.25,9.95,0.023749503185125476,0.0019289377699298945,0.0
LiCl-NaCl,Li,li2400,0.25,10.05,0.021462675519089314,0.0025735783190534724,0.0
LiCl-NaCl,Li,li2400,0.25,10.150000000000002,0.020815956165552985,0.002687005048595667,0.0
LiCl-NaCl,Li,li2400,0.25,10.25,0.018151945608593234,0.0012900407074712494,0.0
LiCl-NaCl,Li,li2400,0.25,10.350000000000001,0.016670384264910854,0.0030162587983445866,0.0
LiCl-NaCl,Li,li2400,0.25,10.45,0.011826283662500048,0.0023898306007852856,0.0
LiCl-NaCl,Li,li2400,0.25,10.55,0.009866023592605244,0.0025931505394501163,0.0
LiCl-NaCl,Li,li2400,0.25,10.650000000000002,0.006304997127308143,0.001552187253728131,0.0
LiCl-NaCl,Li,li2400,0.25,10.75,0.003346871142373864,0.00290257122743031,0.0
LiCl-NaCl,Li,li2400,0.25,10.850000000000001,-0.0006945183730073801,0.0018327380672578664,0.0
LiCl-NaCl,Li,li2400,0.25,10.95,-0.004818175716750472,0.002501202850379079,0.0
LiCl-NaCl,Li,li2400,0.25,11.05,-0.007489665405896906,0.0024718212095043773,0.0
LiCl-NaCl,Li,li2400,0.25,11.150000000000002,-0.011243727843454066,0.002289014578971196,0.0
LiCl-NaCl,Li,li2400,0.25,11.25,-0.01187941206117693,0.003277897132292987,0.0
LiCl-NaCl,Li,li2400,0.25,11.350000000000001,-0.014313404730882606,0.0027424619434666844,0.0
LiCl-NaCl,Li,li2400,0.25,11.45,-0.01548352378364748,0.0034913465660085553,0.0
LiCl-NaCl,Li,li2400,0.25,11.55,-0.012914398813284267,0.0025137838642763613,0.0
LiCl-NaCl,Li,li2400,0.25,11.650000000000002,-0.014396480082230045,0.0025325705134723194,0.0
LiCl-NaCl,Li,li2400,0.25,11.75,-0.013747708100963818,0.0019041813189576186,0.0
LiCl-NaCl,Li,li2400,0.25,11.850000000000001,-0.015297198784715693,0.0018578992672144393,0.0
LiCl-NaCl,Li,li2400,0.25,11.95,-0.010076999242912388,0.0023806378355594273,0.0
LiCl-NaCl,Li,li2240,0.3,0.05,nan,nan,0.0
LiCl-NaCl,Li,li2240,0.3,0.15000000000000002,nan,nan,0.0
LiCl-NaCl,Li,li2240,0.3,0.25,nan,nan,0.0
LiCl-NaCl,Li,li2240,0.3,0.35000000000000003,nan,nan,0.0
LiCl-NaCl,Li,li2240,0.3,0.45,nan,nan,0.0
LiCl-NaCl,Li,li2240,0.3,0.55,nan,nan,0.0
LiCl-NaCl,Li,li2240,0.3,0.6500000000000001,nan,nan,0.0
LiCl-NaCl,Li,li2240,0.3,0.75,nan,nan,0.0
LiCl-NaCl,Li,li2240,0.3,0.8500000000000001,nan,nan,0.0
LiCl-NaCl,Li,li2240,0.3,0.95,nan,nan,0.0
LiCl-NaCl,Li,li2240,0.3,1.05,nan,nan,0.0
LiCl-NaCl,Li,li2240,0.3,1.1500000000000001,nan,nan,0.0
LiCl-NaCl,Li,li2240,0.3,1.25,nan,nan,0.0
LiCl-NaCl,Li,li2240,0.3,1.35,nan,nan,0.0
LiCl-NaCl,Li,li2240,0.3,1.4500000000000002,nan,nan,0.0
LiCl-NaCl,Li,li2240,0.3,1.55,nan,nan,0.0
LiCl-NaCl,Li,li2240,0.3,1.6500000000000001,nan,nan,0.0
LiCl-NaCl,Li,li2240,0.3,1.75,1.0,nan,0.0
LiCl-NaCl,Li,li2240,0.3,1.85,1.0,0.0,0.0
LiCl-NaCl,Li,li2240,0.3,1.9500000000000002,0.909938063063063,0.1354769215913225,0.0
LiCl-NaCl,Li,li2240,0.3,2.05,0.9415387426900584,0.05272758954264337,0.0
LiCl-NaCl,Li,li2240,0.3,2.1500000000000004,0.9294338235294117,0.02862190072170428,0.0
LiCl-NaCl,Li,li2240,0.3,2.25,0.8981288367096378,0.020537098937376125,0.0
LiCl-NaCl,Li,li2240,0.3,2.3500000000000005,0.8432028931750741,0.00791013649372891,0.0
LiCl-NaCl,Li,li2240,0.3,2.45,0.796618743759361,0.0077220058895071594,0.0
LiCl-NaCl,Li,li2240,0.3,2.55,0.7412081572657234,0.006167085016281802,0.0
LiCl-NaCl,Li,li2240,0.3,2.6500000000000004,0.6690736711884652,0.013128135109688757,0.0
LiCl-NaCl,Li,li2240,0.3,2.75,0.5901351272472566,0.010994873201288098,0.0
LiCl-NaCl,Li,li2240,0.3,2.8500000000000005,0.5191920440526882,0.005948780274096933,0.0
LiCl-NaCl,Li,li2240,0.3,2.95,0.43548748586805475,0.008637486763164334,0.0
LiCl-NaCl,Li,li2240,0.3,3.05,0.35954131003761103,0.004511205819875207,0.0
LiCl-NaCl,Li,li2240,0.3,3.1500000000000004,0.2830718150668047,0.0109405625395178,0.0
LiCl-NaCl,Li,li2240,0.3,3.25,0.21683324428454553,0.003491854422728241,0.0
LiCl-NaCl,Li,li2240,0.3,3.3500000000000005,0.15011616965445718,0.00762662070803214,0.0
LiCl-NaCl,Li,li2240,0.3,3.45,0.09935097473090493,0.005774229963528992,0.0
LiCl-NaCl,Li,li2240,0.3,3.55,0.05014630417376742,0.005072801073198726,0.0
LiCl-NaCl,Li,li2240,0.3,3.6500000000000004,0.01669341518933387,0.0038700519778481473,0.0
LiCl-NaCl,Li,li2240,0.3,3.75,-0.01173284188155832,0.004764988329255717,0.0
LiCl-NaCl,Li,li2240,0.3,3.8500000000000005,-0.039020596905148475,0.005819235614573739,0.0
LiCl-NaCl,Li,li2240,0.3,3.95,-0.054950521292038035,0.006980068225436791,0.0
LiCl-NaCl,Li,li2240,0.3,4.050000000000001,-0.05744176635360576,0.004328558989604505,0.0
LiCl-NaCl,Li,li2240,0.3,4.15,-0.06926756694321812,0.004450717845036129,0.0
LiCl-NaCl,Li,li2240,0.3,4.25,-0.07979003600172851,0.0022233457799808965,0.0
LiCl-NaCl,Li,li2240,0.3,4.35,-0.08330275577282986,0.006061491283129161,0.0
LiCl-NaCl,Li,li2240,0.3,4.45,-0.09569704619786301,0.0023603039347191404,0.0
LiCl-NaCl,Li,li2240,0.3,4.550000000000001,-0.1090375411362241,0.007397965180588365,0.0
LiCl-NaCl,Li,li2240,0.3,4.65,-0.12164232156461985,0.005882732565125585,0.0
LiCl-NaCl,Li,li2240,0.3,4.75,-0.14239011863543505,0.004370529536861233,0.0
LiCl-NaCl,Li,li2240,0.3,4.8500000000000005,-0.1542114180462908,0.002363570786087852,0.0
LiCl-NaCl,Li,li2240,0.3,4.95,-0.15679550909283568,0.008959944142872583,0.0
LiCl-NaCl,Li,li2240,0.3,5.050000000000001,-0.15536540578105762,0.004570106034657165,0.0
LiCl-NaCl,Li,li2240,0.3,5.15,-0.14563709283464732,0.008084190315281462,0.0
LiCl-NaCl,Li,li2240,0.3,5.25,-0.12159017659423355,0.004693609472416995,0.0
LiCl-NaCl,Li,li2240,0.3,5.3500000000000005,-0.1004835804432056,0.006221025943325463,0.0
LiCl-NaCl,Li,li2240,0.3,5.45,-0.07325492019661595,0.006863897048050355,0.0
LiCl-NaCl,Li,li2240,0.3,5.550000000000001,-0.044749546327031764,0.004516031283343743,0.0
LiCl-NaCl,Li,li2240,0.3,5.65,-0.02091538654540015,0.006437442645706869,0.0
LiCl-NaCl,Li,li2240,0.3,5.75,0.00201624682189927,0.006163963121437214,0.0
LiCl-NaCl,Li,li2240,0.3,5.8500000000000005,0.02910735856665214,0.0054175144232249395,0.0
LiCl-NaCl,Li,li2240,0.3,5.95,0.046267910419549696,0.004244188326208676,0.0
LiCl-NaCl,Li,li2240,0.3,6.050000000000001,0.06316735515478245,0.004156498911534203,0.0
LiCl-NaCl,Li,li2240,0.3,6.15,0.07245621401873104,0.006214414728230875,0.0
LiCl-NaCl,Li,li2240,0.3,6.25,0.07825268492244275,0.0046868485458288036,0.0
LiCl-NaCl,Li,li2240,0.3,6.3500000000000005,0.08077520675466177,0.002036128067009105,0.0
LiCl-NaCl,Li,li2240,0.3,6.45,0.0826497019198521,0.00452612153404014,0.0
LiCl-NaCl,Li,li2240,0.3,6.550000000000001,0.07675339282918503,0.0041300795484857395,0.0
LiCl-NaCl,Li,li2240,0.3,6.65,0.06993412067580573,0.00413119002770442,0.0
LiCl-NaCl,Li,li2240,0.3,6.75,0.0635416566387006,0.0017182137899292664,0.0
LiCl-NaCl,Li,li2240,0.3,6.8500000000000005,0.0525869499340228,0.006080580364424172,0.0
LiCl-NaCl,Li,li2240,0.3,6.95,0.04713866482864437,0.0032156274427687375,0.0
LiCl-NaCl,Li,li2240,0.3,7.050000000000001,0.037527688590745845,0.003275122748750153,0.0
LiCl-NaCl,Li,li2240,0.3,7.15,0.02780589517556986,0.006037654617946916,0.0
LiCl-NaCl,Li,li2240,0.3,7.25,0.01954639895492627,0.002331322298697452,0.0
LiCl-NaCl,Li,li2240,0.3,7.3500000000000005,0.008581967314443939,0.00319244810965893,0.0
LiCl-NaCl,Li,li2240,0.3,7.45,0.00042328027808269386,0.0026612319525091636,0.0
LiCl-NaCl,Li,li2240,0.3,7.550000000000001,-0.008772949220850146,0.0038180957114971937,0.0
LiCl-NaCl,Li,li2240,0.3,7.65,-0.016645103045358267,0.0035474881846135654,0.0
LiCl-NaCl,Li,li2240,0.3,7.75,-0.023780154993541913,0.0047725389026705475,0.0
LiCl-NaCl,Li,li2240,0.3,7.8500000000000005,-0.025993489161641348,0.004693919495020777,0.0
LiCl-NaCl,Li,li2240,0.3,7.95,-0.03272160067311147,0.003334309404837177,0.0
LiCl-NaCl,Li,li2240,0.3,8.05,-0.03664582588530263,0.005453510585906819,0.0
LiCl-NaCl,Li,li2240,0.3,8.15,-0.03995113355529578,0.0029029018454004812,0.0
LiCl-NaCl,Li,li2240,0.3,8.25,-0.03808757273840335,0.0026726159239508717,0.0
LiCl-NaCl,Li,li2240,0.3,8.350000000000001,-0.03894524830204915,0.0013154380532045074,0.0
LiCl-NaCl,Li,li2240,0.3,8.45,-0.03604392937292711,0.0023296642747109467,0.0
LiCl-NaCl,Li,li2240,0.3,8.55,-0.03470912511512192,0.005639450542339416,0.0
LiCl-NaCl,Li,li2240,0.3,8.65,-0.030104801800861614,0.005479612042869414,0.0
LiCl-NaCl,Li,li2240,0.3,8.75,-0.022416837622288854,0.002636545822748033,0.0
LiCl-NaCl,Li,li2240,0.3,8.850000000000001,-0.017736867204106277,0.004135728769138338,0.0
LiCl-NaCl,Li,li2240,0.3,8.95,-0.012177022263288428,0.001437053483089626,0.0
LiCl-NaCl,Li,li2240,0.3,9.05,-0.004645400476723793,0.0032936911434458386,0.0
LiCl-NaCl,Li,li2240,0.3,9.15,0.001211158577499094,0.0019508119307992393,0.0
LiCl-NaCl,Li,li2240,0.3,9.25,0.005044944330312551,0.0017554276083694993,0.0
LiCl-NaCl,Li,li2240,0.3,9.350000000000001,0.010263049474053432,0.002759770894844793,0.0
LiCl-NaCl,Li,li2240,0.3,9.45,0.016615844817089442,0.00299594042973441,0.0
LiCl-NaCl,Li,li2240,0.3,9.55,0.019074743964823115,0.003666747074330352,0.0
LiCl-NaCl,Li,li2240,0.3,9.650000000000002,0.02228427738501426,0.00196290734329665,0.0
LiCl-NaCl,Li,li2240,0.3,9.75,0.02510701842306229,0.002027161435252827,0.0
LiCl-NaCl,Li,li2240,0.3,9.850000000000001,0.023173610194001326,0.002589918375577552,0.0
LiCl-NaCl,Li,li2240,0.3,9.95,0.02216716014603115,0.003741433102839147,0.0
LiCl-NaCl,Li,li2240,0.3,10.05,0.024253914017042244,0.0010862088955977886,0.0
LiCl-NaCl,Li,li2240,0.3,10.150000000000002,0.021852179891493795,0.0021529959788833455,0.0
LiCl-NaCl,Li,li2240,0.3,10.25,0.02038504601900004,0.0011498957954794327,0.0
LiCl-NaCl,Li,li2240,0.3,10.350000000000001,0.01844240146588494,0.00137484677442887,0.0
LiCl-NaCl,Li,li2240,0.3,10.45,0.015496051918643117,0.0034808811586543613,0.0
LiCl-NaCl,Li,li2240,0.3,10.55,0.0095123491284832,0.0017294946907296664,0.0
LiCl-NaCl,Li,li2240,0.3,10.650000000000002,0.009277757759624139,0.0019132069632399726,0.0
LiCl-NaCl,Li,li2240,0.3,10.75,0.004014574416554839,0.0023840237656754778,0.0
LiCl-NaCl,Li,li2240,0.3,10.850000000000001,0.0027684211250048607,0.0024661098172128935,0.0
LiCl-NaCl,Li,li2240,0.3,10.95,-0.001699975375215823,0.0018623122857314427,0.0
LiCl-NaCl,Li,li2240,0.3,11.05,-0.004068361368539719,0.0021957349816324628,0.0
LiCl-NaCl,Li,li2240,0.3,11.150000000000002,-0.00643313840498827,0.0015450676457923853,0.0
LiCl-NaCl,Li,li2240,0.3,11.25,-0.008811602769480897,0.003425691054126977,0.0
LiCl-NaCl,Li,li2240,0.3,11.350000000000001,-0.011622728289759632,0.00260167482053498,0.0
LiCl-NaCl,Li,li2240,0.3,11.45,-0.010616811893853217,0.002946874065239178,0.0
LiCl-NaCl,Li,li2240,0.3,11.55,-0.012322978273034302,0.0012448684153049683,0.0
LiCl-NaCl,Li,li2240,0.3,11.650000000000002,-0.01128926436728972,0.0013430336640390041,0.0
LiCl-NaCl,Li,li2240,0.3,11.75,-0.01272641872307334,0.0032809898168238002,0.0
LiCl-NaCl,Li,li2240,0.3,11.850000000000001,-0.011277983619086385,0.003167168928873679,0.0
LiCl-NaCl,Li,li2240,0.3,11.95,-0.00999659731132363,0.0038715834490096737,0.0
LiCl-NaCl,Li,li2080,0.35,0.05,nan,nan,0.0
LiCl-NaCl,Li,li2080,0.35,0.15000000000000002,nan,nan,0.0
LiCl-NaCl,Li,li2080,0.35,0.25,nan,nan,0.0
LiCl-NaCl,Li,li2080,0.35,0.35000000000000003,nan,nan,0.0
LiCl-NaCl,Li,li2080,0.35,0.45,nan,nan,0.0
LiCl-NaCl,Li,li2080,0.35,0.55,nan,nan,0.0
LiCl-NaCl,Li,li2080,0.35,0.6500000000000001,nan,nan,0.0
LiCl-NaCl,Li,li2080,0.35,0.75,nan,nan,0.0
LiCl-NaCl,Li,li2080,0.35,0.8500000000000001,nan,nan,0.0
LiCl-NaCl,Li,li2080,0.35,0.95,nan,nan,0.0
LiCl-NaCl,Li,li2080,0.35,1.05,nan,nan,0.0
LiCl-NaCl,Li,li2080,0.35,1.1500000000000001,nan,nan,0.0
LiCl-NaCl,Li,li2080,0.35,1.25,nan,nan,0.0
LiCl-NaCl,Li,li2080,0.35,1.35,nan,nan,0.0
LiCl-NaCl,Li,li2080,0.35,1.4500000000000002,nan,nan,0.0
LiCl-NaCl,Li,li2080,0.35,1.55,nan,nan,0.0
LiCl-NaCl,Li,li2080,0.35,1.6500000000000001,nan,nan,0.0
LiCl-NaCl,Li,li2080,0.35,1.75,nan,nan,0.0
LiCl-NaCl,Li,li2080,0.35,1.85,1.0,0.0,0.0
LiCl-NaCl,Li,li2080,0.35,1.9500000000000002,1.0,0.0,0.0
LiCl-NaCl,Li,li2080,0.35,2.05,0.9276898734177215,0.09075714336331066,0.0
LiCl-NaCl,Li,li2080,0.35,2.1500000000000004,0.9172672413793104,0.040049269625513244,0.0
LiCl-NaCl,Li,li2080,0.35,2.25,0.8793133802816901,0.023934907075730847,0.0
LiCl-NaCl,Li,li2080,0.35,2.3500000000000005,0.8481395256287807,0.01597453557616264,0.0
LiCl-NaCl,Li,li2080,0.35,2.45,0.7862023066250433,0.007880259793269815,0.0
LiCl-NaCl,Li,li2080,0.35,2.55,0.7262351069111024,0.006039757120026129,0.0
LiCl-NaCl,Li,li2080,0.35,2.6500000000000004,0.647605900034881,0.011612232546775248,0.0
LiCl-NaCl,Li,li2080,0.35,2.75,0.576669126556498,0.011771882009566156,0.0
LiCl-NaCl,Li,li2080,0.35,2.8500000000000005,0.4901853068034576,0.003488064577073998,0.0
LiCl-NaCl,Li,li2080,0.35,2.95,0.41507597025376364,0.007691234192619047,0.0
LiCl-NaCl,Li,li2080,0.35,3.05,0.3323170579358179,0.0065310969597225845,0.0
LiCl-NaCl,Li,li2080,0.35,3.1500000000000004,0.25746662247225416,0.009348902295697256,0.0
LiCl-NaCl,Li,li2080,0.35,3.25,0.19507830296612327,0.006816635127955371,0.0
LiCl-NaCl,Li,li2080,0.35,3.3500000000000005,0.13489906992208656,0.005463037793144316,0.0
LiCl-NaCl,Li,li2080,0.35,3.45,0.08698297806724098,0.005064247007961812,0.0
LiCl-NaCl,Li,li2080,0.35,3.55,0.04401808177222288,0.0069714673008930755,0.0
LiCl-NaCl,Li,li2080,0.35,3.6500000000000004,0.006797749038351397,0.005101625169479732,0.0
LiCl-NaCl,Li,li2080,0.35,3.75,-0.019044545710145133,0.006490342376693318,0.0
LiCl-NaCl,Li,li2080,0.35,3.8500000000000005,-0.037396881386094094,0.006182328370678767,0.0
LiCl-NaCl,Li,li2080,0.35,3.95,-0.05497820008451826,0.007211680320382953,0.0
LiCl-NaCl,Li,li2080,0.35,4.050000000000001,-0.061065828633870334,0.003910417886869289,0.0
LiCl-NaCl,Li,li2080,0.35,4.15,-0.06508384090457975,0.004235206407534325,0.0
LiCl-NaCl,Li,li2080,0.35,4.25,-0.07303146771537028,0.00670121526027079,0.0
LiCl-NaCl,Li,li2080,0.35,4.35,-0.07754771218123024,0.00970173227355877,0.0
LiCl-NaCl,Li,li2080,0.35,4.45,-0.0860494292366365,0.00635653378338461,0.0
LiCl-NaCl,Li,li2080,0.35,4.550000000000001,-0.09498480566537215,0.00494807893926031,0.0
LiCl-NaCl,Li,li2080,0.35,4.65,-0.11883217546263847,0.006550510224214793,0.0
LiCl-NaCl,Li,li2080,0.35,4.75,-0.13427404508475416,0.0031639462683655346,0.0
LiCl-NaCl,Li,li2080,0.35,4.8500000000000005,-0.1414721093042255,0.00747629663014216,0.0
LiCl-NaCl,Li,li2080,0.35,4.95,-0.14828901867518995,0.007432075127088156,0.0
LiCl-NaCl,Li,li2080,0.35,5.050000000000001,-0.15084259882284434,0.0071002368981683784,0.0
LiCl-NaCl,Li,li2080,0.35,5.15,-0.13643096210471484,0.004528191961773668,0.0
LiCl-NaCl,Li,li2080,0.35,5.25,-0.12023914763470156,0.0028986484315022486,0.0
LiCl-NaCl,Li,li2080,0.35,5.3500000000000005,-0.09746499530316721,0.004634141972831021,0.0
LiCl-NaCl,Li,li2080,0.35,5.45,-0.06991015529453404,0.00231573713783021,0.0
LiCl-NaCl,Li,li2080,0.35,5.550000000000001,-0.04379573391971747,0.0024589616659079364,0.0
LiCl-NaCl,Li,li2080,0.35,5.65,-0.018695628904501493,0.0038634419565348323,0.0
LiCl-NaCl,Li,li2080,0.35,5.75,0.0083698380723638,0.0035023644337665518,0.0
LiCl-NaCl,Li,li2080,0.35,5.8500000000000005,0.025394016875290193,0.006323362933903812,0.0
LiCl-NaCl,Li,li2080,0.35,5.95,0.041523637028089366,0.0036921973172173187,0.0
LiCl-NaCl,Li,li2080,0.35,6.050000000000001,0.058342216327260554,0.0058156415999512856,0.0
LiCl-NaCl,Li,li2080,0.35,6.15,0.0677719388407052,0.003116307366373826,0.0
LiCl-NaCl,Li,li2080,0.35,6.25,0.07282906704213532,0.004476186113488996,0.0
LiCl-NaCl,Li,li2080,0.35,6.3500000000000005,0.07490497092081339,0.0036074790739579195,0.0
LiCl-NaCl,Li,li2080,0.35,6.45,0.07691795779261301,0.0042553491821471735,0.0
LiCl-NaCl,Li,li2080,0.35,6.550000000000001,0.07113191495379778,0.00272863855088035,0.0
LiCl-NaCl,Li,li2080,0.35,6.65,0.064948938177249,0.003400871947105797,0.0
LiCl-NaCl,Li,li2080,0.35,6.75,0.058093957932682794,0.0031161411616326914,0.0
LiCl-NaCl,Li,li2080,0.35,6.8500000000000005,0.05193688244843975,0.003785818769554737,0.0
LiCl-NaCl,Li,li2080,0.35,6.95,0.04442451996134833,0.0033974314192864894,0.0
LiCl-NaCl,Li,li2080,0.35,7.050000000000001,0.0390802488598766,0.003197938057779224,0.0
LiCl-NaCl,Li,li2080,0.35,7.15,0.028070524208984926,0.002175695307305598,0.0
LiCl-NaCl,Li,li2080,0.35,7.25,0.016416632244712126,0.0023613401591755945,0.0
LiCl-NaCl,Li,li2080,0.35,7.3500000000000005,0.009972135277167893,0.00422357471940305,0.0
LiCl-NaCl,Li,li2080,0.35,7.45,0.002536501164910776,0.00492589638988546,0.0
LiCl-NaCl,Li,li2080,0.35,7.550000000000001,-0.007219064182009793,0.004452344117461906,0.0
LiCl-NaCl,Li,li2080,0.35,7.65,-0.0152202076993877,0.0026231721739831525,0.0
LiCl-NaCl,Li,li2080,0.35,7.75,-0.021301491084928514,0.0012720088317710744,0.0
LiCl-NaCl,Li,li2080,0.35,7.8500000000000005,-0.0261514085670147,0.003007462919131298,0.0
LiCl-NaCl,Li,li2080,0.35,7.95,-0.03044606434310304,0.0031446644898485334,0.0
LiCl-NaCl,Li,li2080,0.35,8.05,-0.03293720343775308,0.0027260493261837184,0.0
LiCl-NaCl,Li,li2080,0.35,8.15,-0.03784005463295825,0.003913515911989589,0.0
LiCl-NaCl,Li,li2080,0.35,8.25,-0.03517158184783464,0.0017149809502079243,0.0
LiCl-NaCl,Li,li2080,0.35,8.350000000000001,-0.037921720049503005,0.0022193000818090188,0.0
LiCl-NaCl,Li,li2080,0.35,8.45,-0.033635957355413915,0.0029307302631689574,0.0
LiCl-NaCl,Li,li2080,0.35,8.55,-0.03146367427381391,0.0016557292524197204,0.0
LiCl-NaCl,Li,li2080,0.35,8.65,-0.02566762169866621,0.0038354834626982155,0.0
LiCl-NaCl,Li,li2080,0.35,8.75,-0.023875643071344044,0.002412870328493318,0.0
LiCl-NaCl,Li,li2080,0.35,8.850000000000001,-0.019235951092621217,0.0028380791107532983,0.0
LiCl-NaCl,Li,li2080,0.35,8.95,-0.011890829726734164,0.0008425998867011119,0.0
LiCl-NaCl,Li,li2080,0.35,9.05,-0.007008784309188387,0.004021897397311741,0.0
LiCl-NaCl,Li,li2080,0.35,9.15,-0.0008549963539097316,0.0024675873881048072,0.0
LiCl-NaCl,Li,li2080,0.35,9.25,0.0038927576601671676,0.0036730842686919026,0.0
LiCl-NaCl,Li,li2080,0.35,9.350000000000001,0.008566245380494997,0.0018824216460301458,0.0
LiCl-NaCl,Li,li2080,0.35,9.45,0.01339767675053305,0.0022949734739765057,0.0
LiCl-NaCl,Li,li2080,0.35,9.55,0.01745038971430901,0.004584886365673846,0.0
LiCl-NaCl,Li,li2080,0.35,9.650000000000002,0.020410029701197208,0.0021601627731191284,0.0
LiCl-NaCl,Li,li2080,0.35,9.75,0.0219274639596988,0.0034449234212113366,0.0
LiCl-NaCl,Li,li2080,0.35,9.850000000000001,0.023077668210454427,0.0016137022158601198,0.0
LiCl-NaCl,Li,li2080,0.35,9.95,0.023719108181126658,0.0029963463322403862,0.0
LiCl-NaCl,Li,li2080,0.35,10.05,0.022443731944772893,0.0017951995349752268,0.0
LiCl-NaCl,Li,li2080,0.35,10.150000000000002,0.021485192806432574,0.001337205815703868,0.0
LiCl-NaCl,Li,li2080,0.35,10.25,0.020841763445524908,0.004221525595491114,0.0
LiCl-NaCl,Li,li2080,0.35,10.350000000000001,0.015413651549975205,0.0016037813930758695,0.0
LiCl-NaCl,Li,li2080,0.35,10.45,0.013595964232222868,0.001662615779283242,0.0
LiCl-NaCl,Li,li2080,0.35,10.55,0.010969319178337988,0.002838146660890091,0.0
LiCl-NaCl,Li,li2080,0.35,10.650000000000002,0.008771042703949572,0.002021945467868559,0.0
LiCl-NaCl,Li,li2080,0.35,10.75,0.005461597098280535,0.002216156573499557,0.0
LiCl-NaCl,Li,li2080,0.35,10.850000000000001,0.0037665370182694557,0.0014274323405217729,0.0
LiCl-NaCl,Li,li2080,0.35,10.95,-0.002120061029663667,0.001157179688057177,0.0
LiCl-NaCl,Li,li2080,0.35,11.05,-0.0036982268769281124,0.0027326751977522585,0.0
LiCl-NaCl,Li,li2080,0.35,11.150000000000002,-0.0062860343136712515,0.0005290830941530495,0.0
LiCl-NaCl,Li,li2080,0.35,11.25,-0.00827916545645846,0.0033986148183217306,0.0
LiCl-NaCl,Li,li2080,0.35,11.350000000000001,-0.008597020642561626,0.0012819673275326984,0.0
LiCl-NaCl,Li,li2080,0.35,11.45,-0.010838355608049355,0.0020627980536635036,0.0
LiCl-NaCl,Li,li2080,0.35,11.55,-0.012527573816434101,0.0025419704192021146,0.0
LiCl-NaCl,Li,li2080,0.35,11.650000000000002,-0.012356579794890576,0.0019593260106629544,0.0
LiCl-NaCl,Li,li2080,0.35,11.75,-0.01257398518247066,0.002396364671479731,0.0
LiCl-NaCl,Li,li2080,0.35,11.850000000000001,-0.009292651822211617,0.0020104069489613424,0.0
LiCl-NaCl,Li,li2080,0.35,11.95,-0.0099441534196405,0.0031148953047790114,0.0
LiCl-NaCl,Li,li1920,0.4,0.05,nan,nan,0.0
LiCl-NaCl,Li,li1920,0.4,0.15000000000000002,nan,nan,0.0
LiCl-NaCl,Li,li1920,0.4,0.25,nan,nan,0.0
LiCl-NaCl,Li,li1920,0.4,0.35000000000000003,nan,nan,0.0
LiCl-NaCl,Li,li1920,0.4,0.45,nan,nan,0.0
LiCl-NaCl,Li,li1920,0.4,0.55,nan,nan,0.0
LiCl-NaCl,Li,li1920,0.4,0.6500000000000001,nan,nan,0.0
LiCl-NaCl,Li,li1920,0.4,0.75,nan,nan,0.0
LiCl-NaCl,Li,li1920,0.4,0.8500000000000001,nan,nan,0.0
LiCl-NaCl,Li,li1920,0.4,0.95,nan,nan,0.0
LiCl-NaCl,Li,li1920,0.4,1.05,nan,nan,0.0
LiCl-NaCl,Li,li1920,0.4,1.1500000000000001,nan,nan,0.0
LiCl-NaCl,Li,li1920,0.4,1.25,nan,nan,0.0
LiCl-NaCl,Li,li1920,0.4,1.35,nan,nan,0.0
LiCl-NaCl,Li,li1920,0.4,1.4500000000000002,nan,nan,0.0
LiCl-NaCl,Li,li1920,0.4,1.55,nan,nan,0.0
LiCl-NaCl,Li,li1920,0.4,1.6500000000000001,nan,nan,0.0
LiCl-NaCl,Li,li1920,0.4,1.75,nan,nan,0.0
LiCl-NaCl,Li,li1920,0.4,1.85,1.0,0.0,0.0
LiCl-NaCl,Li,li1920,0.4,1.9500000000000002,1.0,0.0,0.0
LiCl-NaCl,Li,li1920,0.4,2.05,0.8551177536231884,0.10791059547874002,0.0
LiCl-NaCl,Li,li1920,0.4,2.1500000000000004,0.8917005208333333,0.032887281105028796,0.0
LiCl-NaCl,Li,li1920,0.4,2.25,0.8820799215529088,0.03286340015514694,0.0
LiCl-NaCl,Li,li1920,0.4,2.3500000000000005,0.8100766407599309,0.012280023557154626,0.0
LiCl-NaCl,Li,li1920,0.4,2.45,0.7620263443471023,0.022310777248250726,0.0
LiCl-NaCl,Li,li1920,0.4,2.55,0.7068462693681152,0.00566239368727036,0.0
LiCl-NaCl,Li,li1920,0.4,2.6500000000000004,0.6225467793704846,0.007379017621437151,0.0
LiCl-NaCl,Li,li1920,0.4,2.75,0.5406346241921989,0.008822043769958874,0.0
LiCl-NaCl,Li,li1920,0.4,2.8500000000000005,0.4670924265182306,0.004929445385802839,0.0
LiCl-NaCl,Li,li1920,0.4,2.95,0.38902165959955215,0.012984049230552441,0.0
LiCl-NaCl,Li,li1920,0.4,3.05,0.3152800719290627,0.005099632889818661,0.0
LiCl-NaCl,Li,li1920,0.4,3.1500000000000004,0.24021954900211284,0.004462759870349673,0.0
LiCl-NaCl,Li,li1920,0.4,3.25,0.1779310000037293,0.003043303105200713,0.0
LiCl-NaCl,Li,li1920,0.4,3.3500000000000005,0.12134986891781907,0.0022495572570599824,0.0
LiCl-NaCl,Li,li1920,0.4,3.45,0.07632982369135721,0.008217026879538084,0.0
LiCl-NaCl,Li,li1920,0.4,3.55,0.03611725299010271,0.0033486365854442173,0.0
LiCl-NaCl,Li,li1920,0.4,3.6500000000000004,0.004772082297756719,0.0021429377231052867,0.0
LiCl-NaCl,Li,li1920,0.4,3.75,-0.018407759298902038,0.006093098530224354,0.0
LiCl-NaCl,Li,li1920,0.4,3.8500000000000005,-0.033747639899302406,0.0052216571227505,0.0
LiCl-NaCl,Li,li1920,0.4,3.95,-0.047121753889167506,0.005708381861775176,0.0
LiCl-NaCl,Li,li1920,0.4,4.050000000000001,-0.06190157531957152,0.006164615764848668,0.0
LiCl-NaCl,Li,li1920,0.4,4.15,-0.06136620992515063,0.005555590854918334,0.0
LiCl-NaCl,Li,li1920,0.4,4.25,-0.06554559907696,0.002301832790640663,0.0
LiCl-NaCl,Li,li1920,0.4,4.35,-0.07227547568627402,0.00471994782854478,0.0
LiCl-NaCl,Li,li1920,0.4,4.45,-0.07730630308749675,0.0032856048376412495,0.0
LiCl-NaCl,Li,li1920,0.4,4.550000000000001,-0.09276319041499037,0.0026732636797372773,0.0
LiCl-NaCl,Li,li1920,0.4,4.65,-0.11072016358559855,0.0034522411329962637,0.0
LiCl-NaCl,Li,li1920,0.4,4.75,-0.12071827448654138,0.002557230239078503,0.0
LiCl-NaCl,Li,li1920,0.4,4.8500000000000005,-0.13381373857170642,0.00437291650123857,0.0
LiCl-NaCl,Li,li1920,0.4,4.95,-0.13893920449203945,0.00573835674340365,0.0
LiCl-NaCl,Li,li1920,0.4,5.050000000000001,-0.13195771003335377,0.004839840699569394,0.0
LiCl-NaCl,Li,li1920,0.4,5.15,-0.12377802366593205,0.003540531112329159,0.0
LiCl-NaCl,Li,li1920,0.4,5.25,-0.11022743538637703,0.0014862139139190202,0.0
LiCl-NaCl,Li,li1920,0.4,5.3500000000000005,-0.08675217693359705,0.002731371608474176,0.0
LiCl-NaCl,Li,li1920,0.4,5.45,-0.0666942130465995,0.0064563868828803675,0.0
LiCl-NaCl,Li,li1920,0.4,5.550000000000001,-0.039921182407089084,0.0034985661766766055,0.0
LiCl-NaCl,Li,li1920,0.4,5.65,-0.01796309638284299,0.0028821750690731516,0.0
LiCl-NaCl,Li,li1920,0.4,5.75,0.005653135010403987,0.0027380846273057325,0.0
LiCl-NaCl,Li,li1920,0.4,5.8500000000000005,0.02377782627617997,0.005108340769726585,0.0
LiCl-NaCl,Li,li1920,0.4,5.95,0.04412733049948714,0.004159651490713266,0.0
LiCl-NaCl,Li,li1920,0.4,6.050000000000001,0.05521300720169098,0.004720023229373325,0.0
LiCl-NaCl,Li,li1920,0.4,6.15,0.06394924174662686,0.003057883358855011,0.0
LiCl-NaCl,Li,li1920,0.4,6.25,0.06999906277019241,0.0021060337254589514,0.0
LiCl-NaCl,Li,li1920,0.4,6.3500000000000005,0.07040784640456332,0.003404436833962318,0.0
LiCl-NaCl,Li,li1920,0.4,6.45,0.07355806153775479,0.004306797113827887,0.0
LiCl-NaCl,Li,li1920,0.4,6.550000000000001,0.07009728862547626,0.004417588901107528,0.0
LiCl-NaCl,Li,li1920,0.4,6.65,0.06535411659680901,0.003926322200440461,0.0
LiCl-NaCl,Li,li1920,0.4,6.75,0.056673014502879426,0.0035652392259936877,0.0
LiCl-NaCl,Li,li1920,0.4,6.8500000000000005,0.05093113290168938,0.0022493453533690764,0.0
LiCl-NaCl,Li,li1920,0.4,6.95,0.04288605348504004,0.004213882314719663,0.0
LiCl-NaCl,Li,li1920,0.4,7.050000000000001,0.03299540966263892,0.0037953131386042004,0.0
LiCl-NaCl,Li,li1920,0.4,7.15,0.025189963705628537,0.0033690591900779675,0.0
LiCl-NaCl,Li,li1920,0.4,7.25,0.0179971272921714,0.004658121645863789,0.0
LiCl-NaCl,Li,li1920,0.4,7.3500000000000005,0.007984047202797329,0.0023322339198225774,0.0
LiCl-NaCl,Li,li1920,0.4,7.45,0.0010299488671897672,0.0014860073062568128,0.0
LiCl-NaCl,Li,li1920,0.4,7.550000000000001,-0.00840158451185502,0.002618569007222996,0.0
LiCl-NaCl,Li,li1920,0.4,7.65,-0.014147835871039849,0.0029509593579374917,0.0
LiCl-NaCl,Li,li1920,0.4,7.75,-0.020901442392140535,0.0020948145541390766,0.0
LiCl-NaCl,Li,li1920,0.4,7.8500000000000005,-0.02664247681004528,0.002852178888770698,0.0
LiCl-NaCl,Li,li1920,0.4,7.95,-0.030668029174997224,0.003389924199148806,0.0
LiCl-NaCl,Li,li1920,0.4,8.05,-0.030258698540117424,0.002563252020626773,0.0
LiCl-NaCl,Li,li1920,0.4,8.15,-0.03444317603686575,0.001519408101663906,0.0
LiCl-NaCl,Li,li1920,0.4,8.25,-0.03599941489285996,0.0024760709579887954,0.0
LiCl-NaCl,Li,li1920,0.4,8.350000000000001,-0.032768508253430806,0.005286979640161473,0.0
LiCl-NaCl,Li,li1920,0.4,8.45,-0.03209190067797407,0.003504377851369339,0.0
LiCl-NaCl,Li,li1920,0.4,8.55,-0.030590735781042433,0.0030219310417162167,0.0
LiCl-NaCl,Li,li1920,0.4,8.65,-0.02675653890124341,0.0030119332970364177,0.0
LiCl-NaCl,Li,li1920,0.4,8.75,-0.02355282365462097,0.003988488075745606,0.0
LiCl-NaCl,Li,li1920,0.4,8.850000000000001,-0.018914522022768887,0.0015065472644179394,0.0
LiCl-NaCl,Li,li1920,0.4,8.95,-0.015274767210106788,0.004894527464469529,0.0
LiCl-NaCl,Li,li1920,0.4,9.05,-0.008023391150144832,0.0023464973539515047,0.0
LiCl-NaCl,Li,li1920,0.4,9.15,-0.002216824943469975,0.0031136652040859025,0.0
LiCl-NaCl,Li,li1920,0.4,9.25,0.0014839766221025341,0.003060118506322873,0.0
LiCl-NaCl,Li,li1920,0.4,9.350000000000001,0.00743133517271366,0.0038989324794530466,0.0
LiCl-NaCl,Li,li1920,0.4,9.45,0.012658219947697447,0.0033664472130624195,0.0
LiCl-NaCl,Li,li1920,0.4,9.55,0.016074149188536002,0.0015906737390705052,0.0
LiCl-NaCl,Li,li1920,0.4,9.650000000000002,0.01706200244197853,0.0017483203106131117,0.0
LiCl-NaCl,Li,li1920,0.4,9.75,0.02037929076826961,0.0037169170684741137,0.0
LiCl-NaCl,Li,li1920,0.4,9.850000000000001,0.021391537689467,0.002554293849897502,0.0
LiCl-NaCl,Li,li1920,0.4,9.95,0.020961582647398558,0.001806118020680853,0.0
LiCl-NaCl,Li,li1920,0.4,10.05,0.02287182448584657,0.003987658285161837,0.0
LiCl-NaCl,Li,li1920,0.4,10.150000000000002,0.020050012090316427,0.00380671328998056,0.0
LiCl-NaCl,Li,li1920,0.4,10.25,0.01805969289408349,0.0030017632285986025,0.0
LiCl-NaCl,Li,li1920,0.4,10.350000000000001,0.015568536315103132,0.002811550579123314,0.0
LiCl-NaCl,Li,li1920,0.4,10.45,0.01371202924942605,0.0024332331769693133,0.0
LiCl-NaCl,Li,li1920,0.4,10.55,0.011230286687722302,0.0019458946853023807,0.0
LiCl-NaCl,Li,li1920,0.4,10.650000000000002,0.008558703756771924,0.002960974782082598,0.0
LiCl-NaCl,Li,li1920,0.4,10.75,0.0033819348624107848,0.0022930793516175133,0.0
LiCl-NaCl,Li,li1920,0.4,10.850000000000001,0.0020071425461218872,0.00145406435210396,0.0
LiCl-NaCl,Li,li1920,0.4,10.95,-0.00022239898735687547,0.0012760582288198624,0.0
LiCl-NaCl,Li,li1920,0.4,11.05,-0.002709457655361902,0.0018170717489987382,0.0
LiCl-NaCl,Li,li1920,0.4,11.150000000000002,-0.004556471544836738,0.0020750652051179895,0.0
LiCl-NaCl,Li,li1920,0.4,11.25,-0.006508228301329133,0.002298740478913288,0.0
LiCl-NaCl,Li,li1920,0.4,11.350000000000001,-0.009936003628744805,0.0028056919777288696,0.0
LiCl-NaCl,Li,li1920,0.4,11.45,-0.009507640865613842,0.0015857615933251674,0.0
LiCl-NaCl,Li,li1920,0.4,11.55,-0.01135003717290628,0.0014275918650765353,0.0
LiCl-NaCl,Li,li1920,0.4,11.650000000000002,-0.011591383675618072,0.0011765798226895175,0.0
LiCl-NaCl,Li,li1920,0.4,11.75,-0.012399107680095112,0.002712785024250592,0.0
LiCl-NaCl,Li,li1920,0.4,11.850000000000001,-0.011338885386914077,0.0027694008081116488,0.0
LiCl-NaCl,Li,li1920,0.4,11.95,-0.011858511125678595,0.0021101163040397565,0.0
LiCl-NaCl,Li,li1760,0.45,0.05,nan,nan,0.0
LiCl-NaCl,Li,li1760,0.45,0.15000000000000002,nan,nan,0.0
LiCl-NaCl,Li,li1760,0.45,0.25,nan,nan,0.0
LiCl-NaCl,Li,li1760,0.45,0.35000000000000003,nan,nan,0.0
LiCl-NaCl,Li,li1760,0.45,0.45,nan,nan,0.0
LiCl-NaCl,Li,li1760,0.45,0.55,nan,nan,0.0
LiCl-NaCl,Li,li1760,0.45,0.6500000000000001,nan,nan,0.0
LiCl-NaCl,Li,li1760,0.45,0.75,nan,nan,0.0
LiCl-NaCl,Li,li1760,0.45,0.8500000000000001,nan,nan,0.0
LiCl-NaCl,Li,li1760,0.45,0.95,nan,nan,0.0
LiCl-NaCl,Li,li1760,0.45,1.05,nan,nan,0.0
LiCl-NaCl,Li,li1760,0.45,1.1500000000000001,nan,nan,0.0
LiCl-NaCl,Li,li1760,0.45,1.25,nan,nan,0.0
LiCl-NaCl,Li,li1760,0.45,1.35,nan,nan,0.0
LiCl-NaCl,Li,li1760,0.45,1.4500000000000002,nan,nan,0.0
LiCl-NaCl,Li,li1760,0.45,1.55,nan,nan,0.0
LiCl-NaCl,Li,li1760,0.45,1.6500000000000001,nan,nan,0.0
LiCl-NaCl,Li,li1760,0.45,1.75,nan,nan,0.0
LiCl-NaCl,Li,li1760,0.45,1.85,1.0,0.0,0.0
LiCl-NaCl,Li,li1760,0.45,1.9500000000000002,0.6826388888888889,0.37434596520865604,0.0
LiCl-NaCl,Li,li1760,0.45,2.05,0.983296783625731,0.03679620092603821,0.0
LiCl-NaCl,Li,li1760,0.45,2.1500000000000004,0.9271001247361351,0.053447172640498856,0.0
LiCl-NaCl,Li,li1760,0.45,2.25,0.8636106775349751,0.008050731972791478,0.0
LiCl-NaCl,Li,li1760,0.45,2.3500000000000005,0.8172499219725343,0.022145581446582782,0.0
LiCl-NaCl,Li,li1760,0.45,2.45,0.7484529615493356,0.012033672417577473,0.0
LiCl-NaCl,Li,li1760,0.45,2.55,0.6719401674770394,0.014935230505412447,0.0
LiCl-NaCl,Li,li1760,0.45,2.6500000000000004,0.6047056247088474,0.008435081143451133,0.0
LiCl-NaCl,Li,li1760,0.45,2.75,0.5209654399380945,0.008129075036940695,0.0
LiCl-NaCl,Li,li1760,0.45,2.8500000000000005,0.4403698509830585,0.0133322688366281,0.0
LiCl-NaCl,Li,li1760,0.45,2.95,0.3596347159590383,0.007415885620908501,0.0
LiCl-NaCl,Li,li1760,0.45,3.05,0.284968240232375,0.0058374172011595084,0.0
LiCl-NaCl,Li,li1760,0.45,3.1500000000000004,0.2172060039840812,0.003761227382310253,0.0
LiCl-NaCl,Li,li1760,0.45,3.25,0.16214400731018985,0.006353299741040357,0.0
LiCl-NaCl,Li,li1760,0.45,3.3500000000000005,0.10391936924393286,0.005248569237578444,0.0
LiCl-NaCl,Li,li1760,0.45,3.45,0.06119249313836084,0.0068669144405916855,0.0
LiCl-NaCl,Li,li1760,0.45,3.55,0.025388234599104664,0.007399163354112149,0.0
LiCl-NaCl,Li,li1760,0.45,3.6500000000000004,-0.00585520054300015,0.004075245816236751,0.0
LiCl-NaCl,Li,li1760,0.45,3.75,-0.01783977806824777,0.00301346029344088,0.0
LiCl-NaCl,Li,li1760,0.45,3.8500000000000005,-0.03990942585762802,0.0015696148083763385,0.0
LiCl-NaCl,Li,li1760,0.45,3.95,-0.05386439958112499,0.004400532072992449,0.0
LiCl-NaCl,Li,li1760,0.45,4.050000000000001,-0.060323884230080616,0.003145647661947999,0.0
LiCl-NaCl,Li,li1760,0.45,4.15,-0.06406486347980489,0.0024872567909448753,0.0
LiCl-NaCl,Li,li1760,0.45,4.25,-0.0642957864803888,0.002946224977323511,0.0
LiCl-NaCl,Li,li1760,0.45,4.35,-0.06823952430646996,0.0024141594327384223,0.0
LiCl-NaCl,Li,li1760,0.45,4.45,-0.0743361330906982,0.00540340919844062,0.0
LiCl-NaCl,Li,li1760,0.45,4.550000000000001,-0.08765153689587946,0.004709204852070467,0.0
LiCl-NaCl,Li,li1760,0.45,4.65,-0.10024095048403026,0.005020177012815828,0.0
LiCl-NaCl,Li,li1760,0.45,4.75,-0.1138908438466617,0.004044053816652196,0.0
LiCl-NaCl,Li,li1760,0.45,4.8500000000000005,-0.12454143800135009,0.0065894853737160095,0.0
LiCl-NaCl,Li,li1760,0.45,4.95,-0.12697912598845829,0.0022749960381257955,0.0
LiCl-NaCl,Li,li1760,0.45,5.050000000000001,-0.12397609877586047,0.003516635469167188,0.0
LiCl-NaCl,Li,li1760,0.45,5.15,-0.11815008934494253,0.006342858871781436,0.0
LiCl-NaCl,Li,li1760,0.45,5.25,-0.10223935432085174,0.005626124618248052,0.0
LiCl-NaCl,Li,li1760,0.45,5.3500000000000005,-0.08354368544615975,0.003214503692576355,0.0
LiCl-NaCl,Li,li1760,0.45,5.45,-0.06440740358566654,0.00785642335834892,0.0
LiCl-NaCl,Li,li1760,0.45,5.550000000000001,-0.04022006217460494,0.003896152208023291,0.0
LiCl-NaCl,Li,li1760,0.45,5.65,-0.017269088106021124,0.003909334563108957,0.0
LiCl-NaCl,Li,li1760,0.45,5.75,0.004542475726361572,0.006062563174746849,0.0
LiCl-NaCl,Li,li1760,0.45,5.8500000000000005,0.02329665501604261,0.0035563932486954845,0.0
LiCl-NaCl,Li,li1760,0.45,5.95,0.03754370231262327,0.0021448866886829587,0.0
LiCl-NaCl,Li,li1760,0.45,6.050000000000001,0.04861426989751749,0.005598371195935362,0.0
LiCl-NaCl,Li,li1760,0.45,6.15,0.057818480141638706,0.0023408344024374067,0.0
LiCl-NaCl,Li,li1760,0.45,6.25,0.06465678150609033,0.0023826759069461214,0.0
LiCl-NaCl,Li,li1760,0.45,6.3500000000000005,0.06491526094343969,0.0032941646087935065,0.0
LiCl-NaCl,Li,li1760,0.45,6.45,0.06636194435444986,0.0070712826080476295,0.0
LiCl-NaCl,Li,li1760,0.45,6.550000000000001,0.061959552762069214,0.003977616295165827,0.0
LiCl-NaCl,Li,li1760,0.45,6.65,0.06104850464499578,0.0043014025388753135,0.0
LiCl-NaCl,Li,li1760,0.45,6.75,0.054857810168021826,0.004634271048604509,0.0
LiCl-NaCl,Li,li1760,0.45,6.8500000000000005,0.04772231456427867,0.0013699280040300385,0.0
LiCl-NaCl,Li,li1760,0.45,6.95,0.037012955618309085,0.00408360459585105,0.0
LiCl-NaCl,Li,li1760,0.45,7.050000000000001,0.03216845380161959,0.0055027901497138225,0.0
LiCl-NaCl,Li,li1760,0.45,7.15,0.02500477703001891,0.004186130183748807,0.0
LiCl-NaCl,Li,li1760,0.45,7.25,0.015779858286947834,0.005741896854769791,0.0
LiCl-NaCl,Li,li1760,0.45,7.3500000000000005,0.007749151662843734,0.004949316304714098,0.0
LiCl-NaCl,Li,li1760,0.45,7.45,0.00240957078998838,0.0006645602191799559,0.0
LiCl-NaCl,Li,li1760,0.45,7.550000000000001,-0.005843416198243689,0.003131848602750278,0.0
LiCl-NaCl,Li,li1760,0.45,7.65,-0.009985366423729714,0.001320704978979248,0.0
LiCl-NaCl,Li,li1760,0.45,7.75,-0.018240820801037616,0.0029369265674453865,0.0
LiCl-NaCl,Li,li1760,0.45,7.8500000000000005,-0.02367784324579425,0.0045206022383692136,0.0
LiCl-NaCl,Li,li1760,0.45,7.95,-0.02759591599219302,0.0011230306097702802,0.0
LiCl-NaCl,Li,li1760,0.45,8.05,-0.028799629760653422,0.0013615307802809643,0.0
LiCl-NaCl,Li,li1760,0.45,8.15,-0.033235765948388396,0.0031967515214991384,0.0
LiCl-NaCl,Li,li1760,0.45,8.25,-0.03202441773328646,0.0034636280966866243,0.0
LiCl-NaCl,Li,li1760,0.45,8.350000000000001,-0.03385238871696261,0.005069426272774329,0.0
LiCl-NaCl,Li,li1760,0.45,8.45,-0.03229364418041625,0.0017178644696477674,0.0
LiCl-NaCl,Li,li1760,0.45,8.55,-0.03167968880690064,0.0031657276880667543,0.0
LiCl-NaCl,Li,li1760,0.45,8.65,-0.026598604793131253,0.0031180922323022853,0.0
LiCl-NaCl,Li,li1760,0.45,8.75,-0.022362234247033097,0.002421785448772905,0.0
LiCl-NaCl,Li,li1760,0.45,8.850000000000001,-0.01895286501461868,0.0028966364032513253,0.0
LiCl-NaCl,Li,li1760,0.45,8.95,-0.013578745614583054,0.001884773843899151,0.0
LiCl-NaCl,Li,li1760,0.45,9.05,-0.009479847551278064,0.002968122081136846,0.0
LiCl-NaCl,Li,li1760,0.45,9.15,-0.0042769483384905715,0.001351107483135652,0.0
LiCl-NaCl,Li,li1760,0.45,9.25,0.00021850740421347492,0.0016435878277188411,0.0
LiCl-NaCl,Li,li1760,0.45,9.350000000000001,0.004928440483672247,0.003499750415223306,0.0
LiCl-NaCl,Li,li1760,0.45,9.45,0.008684374740227874,0.002289603076561731,0.0
LiCl-NaCl,Li,li1760,0.45,9.55,0.011636419492770389,0.002014663261564571,0.0
LiCl-NaCl,Li,li1760,0.45,9.650000000000002,0.015283072980602164,0.002725559987086145,0.0
LiCl-NaCl,Li,li1760,0.45,9.75,0.019097539364354765,0.0017929975257582034,0.0
LiCl-NaCl,Li,li1760,0.45,9.850000000000001,0.017381438819733752,0.0019773318589454427,0.0
LiCl-NaCl,Li,li1760,0.45,9.95,0.019730112717684434,0.002174155146718109,0.0
LiCl-NaCl,Li,li1760,0.45,10.05,0.019615218447698868,0.0011111160518514232,0.0
LiCl-NaCl,Li,li1760,0.45,10.150000000000002,0.016424135664959927,0.001340528078165241,0.0
LiCl-NaCl,Li,li1760,0.45,10.25,0.017238411910870943,0.0012071651206582192,0.0
LiCl-NaCl,Li,li1760,0.45,10.350000000000001,0.013695700849868486,0.002284617256456955,0.0
LiCl-NaCl,Li,li1760,0.45,10.45,0.011986977507529195,0.0025619596196353616,0.0
LiCl-NaCl,Li,li1760,0.45,10.55,0.009054356047914935,0.002266855174297386,0.0
LiCl-NaCl,Li,li1760,0.45,10.650000000000002,0.006654832052131798,0.0024907306959813676,0.0
LiCl-NaCl,Li,li1760,0.45,10.75,0.005473039195345808,0.0016232208019320896,0.0
LiCl-NaCl,Li,li1760,0.45,10.850000000000001,0.0018975498024251802,0.0021287705853602124,0.0
LiCl-NaCl,Li,li1760,0.45,10.95,-0.0019461048795719194,0.0022042037152359174,0.0
LiCl-NaCl,Li,li1760,0.45,11.05,-0.0029004561460657108,0.0031683148044905573,0.0
LiCl-NaCl,Li,li1760,0.45,11.150000000000002,-0.0042672729047461555,0.0010814879014586568,0.0
LiCl-NaCl,Li,li1760,0.45,11.25,-0.006553757846491148,0.0018242387387434496,0.0
LiCl-NaCl,Li,li1760,0.45,11.350000000000001,-0.007370292987215921,0.0021353677816315637,0.0
LiCl-NaCl,Li,li1760,0.45,11.45,-0.00979233907874133,0.00290395866980091,0.0
LiCl-NaCl,Li,li1760,0.45,11.55,-0.011453016156854678,0.0019266611545048988,0.0
LiCl-NaCl,Li,li1760,0.45,11.650000000000002,-0.011363188933998902,0.002929571732275822,0.0
LiCl-NaCl,Li,li1760,0.45,11.75,-0.010441617864370478,0.00202385328337626,0.0
LiCl-NaCl,Li,li1760,0.45,11.850000000000001,-0.011846971443607801,0.0017224333687636817,0.0
LiCl-NaCl,Li,li1760,0.45,11.95,-0.01097181985180029,0.0020246339805993743,0.0
LiCl-NaCl,Li,li1600,0.5,0.05,nan,nan,0.0
LiCl-NaCl,Li,li1600,0.5,0.15000000000000002,nan,nan,0.0
LiCl-NaCl,Li,li1600,0.5,0.25,nan,nan,0.0
LiCl-NaCl,Li,li1600,0.5,0.35000000000000003,nan,nan,0.0
LiCl-NaCl,Li,li1600,0.5,0.45,nan,nan,0.0
LiCl-NaCl,Li,li1600,0.5,0.55,nan,nan,0.0
LiCl-NaCl,Li,li1600,0.5,0.6500000000000001,nan,nan,0.0
LiCl-NaCl,Li,li1600,0.5,0.75,nan,nan,0.0
LiCl-NaCl,Li,li1600,0.5,0.8500000000000001,nan,nan,0.0
LiCl-NaCl,Li,li1600,0.5,0.95,nan,nan,0.0
LiCl-NaCl,Li,li1600,0.5,1.05,nan,nan,0.0
LiCl-NaCl,Li,li1600,0.5,1.1500000000000001,nan,nan,0.0
LiCl-NaCl,Li,li1600,0.5,1.25,nan,nan,0.0
LiCl-NaCl,Li,li1600,0.5,1.35,nan,nan,0.0
LiCl-NaCl,Li,li1600,0.5,1.4500000000000002,nan,nan,0.0
LiCl-NaCl,Li,li1600,0.5,1.55,nan,nan,0.0
LiCl-NaCl,Li,li1600,0.5,1.6500000000000001,nan,nan,0.0
LiCl-NaCl,Li,li1600,0.5,1.75,nan,nan,0.0
LiCl-NaCl,Li,li1600,0.5,1.85,1.0,0.0,0.0
LiCl-NaCl,Li,li1600,0.5,1.9500000000000002,1.0,0.0,0.0
LiCl-NaCl,Li,li1600,0.5,2.05,0.8462019230769231,0.030245041572153127,0.0
LiCl-NaCl,Li,li1600,0.5,2.1500000000000004,0.888035,0.08410552284753368,0.0
LiCl-NaCl,Li,li1600,0.5,2.25,0.8475052966101695,0.02288306154655729,0.0
LiCl-NaCl,Li,li1600,0.5,2.3500000000000005,0.7949235827528225,0.018749311315850867,0.0
LiCl-NaCl,Li,li1600,0.5,2.45,0.7288262648809524,0.027334888894109247,0.0
LiCl-NaCl,Li,li1600,0.5,2.55,0.6602068053227159,0.008768041351124746,0.0
LiCl-NaCl,Li,li1600,0.5,2.6500000000000004,0.5751164845281226,0.00980136026594772,0.0
LiCl-NaCl,Li,li1600,0.5,2.75,0.4955042131706774,0.00718079469708567,0.0
LiCl-NaCl,Li,li1600,0.5,2.8500000000000005,0.4062225167970316,0.008335710035049957,0.0
LiCl-NaCl,Li,li1600,0.5,2.95,0.33088055349786794,0.007809820898992262,0.0
LiCl-NaCl,Li,li1600,0.5,3.05,0.2618446413565113,0.010929288387260767,0.0
LiCl-NaCl,Li,li1600,0.5,3.1500000000000004,0.19465458098915855,0.0023800636421549373,0.0
LiCl-NaCl,Li,li1600,0.5,3.25,0.13898638537381702,0.004582904385462069,0.0
LiCl-NaCl,Li,li1600,0.5,3.3500000000000005,0.09366442388686536,0.007208614614349729,0.0
LiCl-NaCl,Li,li1600,0.5,3.45,0.052900266289240494,0.008177102556284569,0.0
LiCl-NaCl,Li,li1600,0.5,3.55,0.020129519088195713,0.00521587518352318,0.0
LiCl-NaCl,Li,li1600,0.5,3.6500000000000004,-0.005287647406863494,0.00550156273716756,0.0
LiCl-NaCl,Li,li1600,0.5,3.75,-0.024439051232745035,0.006910537818465305,0.0
LiCl-NaCl,Li,li1600,0.5,3.8500000000000005,-0.04205054884326165,0.00464690802481336,0.0
LiCl-NaCl,Li,li1600,0.5,3.95,-0.051368163709936354,0.006563050226910365,0.0
LiCl-NaCl,Li,li1600,0.5,4.050000000000001,-0.06062214119744547,0.007735367928221802,0.0
LiCl-NaCl,Li,li1600,0.5,4.15,-0.05755202881760746,0.006624417052560649,0.0
LiCl-NaCl,Li,li1600,0.5,4.25,-0.06038947200497402,0.0016344308071641774,0.0
LiCl-NaCl,Li,li1600,0.5,4.35,-0.0635117312584863,0.00459837860913803,0.0
LiCl-NaCl,Li,li1600,0.5,4.45,-0.06949457637672385,0.0009585759542856564,0.0
LiCl-NaCl,Li,li1600,0.5,4.550000000000001,-0.08096313097835606,0.0018725278460653486,0.0
LiCl-NaCl,Li,li1600,0.5,4.65,-0.09234267894977366,0.005714763986192057,0.0
LiCl-NaCl,Li,li1600,0.5,4.75,-0.10181403555110702,0.006170471721230193,0.0
LiCl-NaCl,Li,li1600,0.5,4.8500000000000005,-0.11624919410046375,0.005534192528392265,0.0
LiCl-NaCl,Li,li1600,0.5,4.95,-0.11918703136214259,0.0051636459704749275,0.0
LiCl-NaCl,Li,li1600,0.5,5.050000000000001,-0.11489271596875783,0.0019147036182770056,0.0
LiCl-NaCl,Li,li1600,0.5,5.15,-0.1075937561936009,0.0041560615781265015,0.0
LiCl-NaCl,Li,li1600,0.5,5.25,-0.09644655547749448,0.002838668430300786,0.0
LiCl-NaCl,Li,li1600,0.5,5.3500000000000005,-0.0776306208179145,0.0041412864474723275,0.0
LiCl-NaCl,Li,li1600,0.5,5.45,-0.05903775546044154,0.002575611882092108,0.0
LiCl-NaCl,Li,li1600,0.5,5.550000000000001,-0.038252735978112185,0.004938940993155759,0.0
LiCl-NaCl,Li,li1600,0.5,5.65,-0.016974764543273624,0.004947643036589713,0.0
LiCl-NaCl,Li,li1600,0.5,5.75,0.0009931267127367693,0.002398672856608501,0.0
LiCl-NaCl,Li,li1600,0.5,5.8500000000000005,0.017933604883122345,0.005559667006892552,0.0
LiCl-NaCl,Li,li1600,0.5,5.95,0.03304564243281527,0.005529715792797507,0.0
LiCl-NaCl,Li,li1600,0.5,6.050000000000001,0.04778128738921872,0.0020214591400983944,0.0
LiCl-NaCl,Li,li1600,0.5,6.15,0.05219548593337242,0.0025841504109975467,0.0
LiCl-NaCl,Li,li1600,0.5,6.25,0.06218024277121115,0.0034171718869269213,0.0
LiCl-NaCl,Li,li1600,0.5,6.3500000000000005,0.061490561429503265,0.0023171797451739854,0.0
LiCl-NaCl,Li,li1600,0.5,6.45,0.06558419243986247,0.0032202008568649795,0.0
LiCl-NaCl,Li,li1600,0.5,6.550000000000001,0.05911040007876456,0.004794494517176193,0.0
LiCl-NaCl,Li,li1600,0.5,6.65,0.05420971939842467,0.003155061722810068,0.0
LiCl-NaCl,Li,li1600,0.5,6.75,0.04853329504424697,0.0013010167905721953,0.0
LiCl-NaCl,Li,li1600,0.5,6.8500000000000005,0.042808044048195604,0.0028376667525482437,0.0
LiCl-NaCl,Li,li1600,0.5,6.95,0.03829112167366333,0.003936205732936225,0.0
LiCl-NaCl,Li,li1600,0.5,7.050000000000001,0.029863986110547636,0.0034959857092084533,0.0
LiCl-NaCl,Li,li1600,0.5,7.15,0.023029922097202227,0.0018624169985619,0.0
LiCl-NaCl,Li,li1600,0.5,7.25,0.014489556988896535,0.002711782564932328,0.0
LiCl-NaCl,Li,li1600,0.5,7.3500000000000005,0.00850180720809579,0.0008953643266835024,0.0
LiCl-NaCl,Li,li1600,0.5,7.45,0.0006618578542721965,0.0020739124209933372,0.0
LiCl-NaCl,Li,li1600,0.5,7.550000000000001,-0.005414553907731712,0.0036281698034861956,0.0
LiCl-NaCl,Li,li1600,0.5,7.65,-0.010126385864872578,0.003951467402814229,0.0
LiCl-NaCl,Li,li1600,0.5,7.75,-0.01552026302448506,0.0011838869234935714,0.0
LiCl-NaCl,Li,li1600,0.5,7.8500000000000005,-0.02093322481519877,0.004967707156239517,0.0
LiCl-NaCl,Li,li1600,0.5,7.95,-0.02144217886728894,0.0023179319435774246,0.0
LiCl-NaCl,Li,li1600,0.5,8.05,-0.026679307693695975,0.0032238661100300377,0.0
LiCl-NaCl,Li,li1600,0.5,8.15,-0.029756581594085008,0.0014083721387327325,0.0
LiCl-NaCl,Li,li1600,0.5,8.25,-0.029668284971522407,0.001809251696500117,0.0
LiCl-NaCl,Li,li1600,0.5,8.350000000000001,-0.03212166194844124,0.0015463069088220932,0.0
LiCl-NaCl,Li,li1600,0.5,8.45,-0.028966892130224187,0.004116235495447693,0.0
LiCl-NaCl,Li,li1600,0.5,8.55,-0.025849324879958724,0.0016274012017033874,0.0
LiCl-NaCl,Li,li1600,0.5,8.65,-0.02258432459913995,0.0015578700483169724,0.0
LiCl-NaCl,Li,li1600,0.5,8.75,-0.022465398052351704,0.0023245413473246238,0.0
LiCl-NaCl,Li,li1600,0.5,8.850000000000001,-0.016889037959316067,0.00223706670269085,0.0
LiCl-NaCl,Li,li1600,0.5,8.95,-0.011221290114047155,0.0033289813778386973,0.0
LiCl-NaCl,Li,li1600,0.5,9.05,-0.009681279805993315,0.0014407316922451484,0.0
LiCl-NaCl,Li,li1600,0.5,9.15,-0.00603424255229168,0.003211101244644906,0.0
LiCl-NaCl,Li,li1600,0.5,9.25,0.0006841147731433406,0.002949794916668122,0.0
LiCl-NaCl,Li,li1600,0.5,9.350000000000001,0.002926067415806588,0.0022344355313324822,0.0
LiCl-NaCl,Li,li1600,0.5,9.45,0.007024803807672564,0.0009837483002509014,0.0
LiCl-NaCl,Li,li1600,0.5,9.55,0.011755869161280907,0.0010895891859509126,0.0
LiCl-NaCl,Li,li1600,0.5,9.650000000000002,0.015028081176511776,0.0009657601717294772,0.0
LiCl-NaCl,Li,li1600,0.5,9.75,0.0156491624742372,0.0018677524769627402,0.0
LiCl-NaCl,Li,li1600,0.5,9.850000000000001,0.01695218545519539,0.002210129666641234,0.0
LiCl-NaCl,Li,li1600,0.5,9.95,0.01782825210262773,0.0020562616823882047,0.0
LiCl-NaCl,Li,li1600,0.5,10.05,0.017005114531330023,0.0024430449452257615,0.0
LiCl-NaCl,Li,li1600,0.5,10.150000000000002,0.016505340343629382,0.001833321010416612,0.0
LiCl-NaCl,Li,li1600,0.5,10.25,0.016849421026834843,0.00219751454419962,0.0
LiCl-NaCl,Li,li1600,0.5,10.350000000000001,0.013836931541587827,0.0019181492939710062,0.0
LiCl-NaCl,Li,li1600,0.5,10.45,0.01259895818711565,0.002036070344823751,0.0
LiCl-NaCl,Li,li1600,0.5,10.55,0.010932091720261106,0.0026091555212535192,0.0
LiCl-NaCl,Li,li1600,0.5,10.650000000000002,0.006047068894872387,0.0016622279230310247,0.0
LiCl-NaCl,Li,li1600,0.5,10.75,0.006113886871288665,0.0025256595776066955,0.0
LiCl-NaCl,Li,li1600,0.5,10.850000000000001,0.0040386573004338455,0.0017882123386165167,0.0
LiCl-NaCl,Li,li1600,0.5,10.95,0.0011669499552784401,0.0008689459685406721,0.0
LiCl-NaCl,Li,li1600,0.5,11.05,-0.002852596778623706,0.002217206628845839,0.0
LiCl-NaCl,Li,li1600,0.5,11.150000000000002,-0.00400241956778058,0.0017726913852516332,0.0
LiCl-NaCl,Li,li1600,0.5,11.25,-0.005417689084506128,0.0016628008850965374,0.0
LiCl-NaCl,Li,li1600,0.5,11.350000000000001,-0.0069824023679254665,0.0027245141824621343,0.0
LiCl-NaCl,Li,li1600,0.5,11.45,-0.008928567291182299,0.0025414414048749653,0.0
LiCl-NaCl,Li,li1600,0.5,11.55,-0.007474860637694203,0.00149498217908417,0.0
LiCl-NaCl,Li,li1600,0.5,11.650000000000002,-0.010281464614968039,0.0016423463759445427,0.0
LiCl-NaCl,Li,li1600,0.5,11.75,-0.01022333980903456,0.0019047166425616795,0.0
LiCl-NaCl,Li,li1600,0.5,11.850000000000001,-0.009809229775223027,0.0016978252105921937,0.0
LiCl-NaCl,Li,li1600,0.5,11.95,-0.009044272365975159,0.0021914714682199597,0.0
LiCl-NaCl,Li,li1440,0.55,0.05,nan,nan,0.0
LiCl-NaCl,Li,li1440,0.55,0.15000000000000002,nan,nan,0.0
LiCl-NaCl,Li,li1440,0.55,0.25,nan,nan,0.0
LiCl-NaCl,Li,li1440,0.55,0.35000000000000003,nan,nan,0.0
LiCl-NaCl,Li,li1440,0.55,0.45,nan,nan,0.0
LiCl-NaCl,Li,li1440,0.55,0.55,nan,nan,0.0
LiCl-NaCl,Li,li1440,0.55,0.6500000000000001,nan,nan,0.0
LiCl-NaCl,Li,li1440,0.55,0.75,nan,nan,0.0
LiCl-NaCl,Li,li1440,0.55,0.8500000000000001,nan,nan,0.0
LiCl-NaCl,Li,li1440,0.55,0.95,nan,nan,0.0
LiCl-NaCl,Li,li1440,0.55,1.05,nan,nan,0.0
LiCl-NaCl,Li,li1440,0.55,1.1500000000000001,nan,nan,0.0
LiCl-NaCl,Li,li1440,0.55,1.25,nan,nan,0.0
LiCl-NaCl,Li,li1440,0.55,1.35,nan,nan,0.0
LiCl-NaCl,Li,li1440,0.55,1.4500000000000002,nan,nan,0.0
LiCl-NaCl,Li,li1440,0.55,1.55,nan,nan,0.0
LiCl-NaCl,Li,li1440,0.55,1.6500000000000001,nan,nan,0.0
LiCl-NaCl,Li,li1440,0.55,1.75,nan,nan,0.0
LiCl-NaCl,Li,li1440,0.55,1.85,1.0,nan,0.0
LiCl-NaCl,Li,li1440,0.55,1.9500000000000002,1.0,0.0,0.0
LiCl-NaCl,Li,li1440,0.55,2.05,0.900857438016529,0.09878131264917452,0.0
LiCl-NaCl,Li,li1440,0.55,2.1500000000000004,0.8580704717197161,0.052411332710027875,0.0
LiCl-NaCl,Li,li1440,0.55,2.25,0.835265786194004,0.023871392862516588,0.0
LiCl-NaCl,Li,li1440,0.55,2.3500000000000005,0.7651542460225667,0.0384571999076546,0.0
LiCl-NaCl,Li,li1440,0.55,2.45,0.6959281013435177,0.017976923845624642,0.0
LiCl-NaCl,Li,li1440,0.55,2.55,0.616212766406712,0.017879668417870073,0.0
LiCl-NaCl,Li,li1440,0.55,2.6500000000000004,0.5413639997219519,0.0056590529339381615,0.0
LiCl-NaCl,Li,li1440,0.55,2.75,0.4554811616635367,0.010155186014100837,0.0
LiCl-NaCl,Li,li1440,0.55,2.8500000000000005,0.380485403576734,0.01038520474521087,0.0
LiCl-NaCl,Li,li1440,0.55,2.95,0.30813489145765194,0.005404119362748005,0.0
LiCl-NaCl,Li,li1440,0.55,3.05,0.2376936143007573,0.003932271342485598,0.0
LiCl-NaCl,Li,li1440,0.55,3.1500000000000004,0.18256062468570167,0.003557234509305422,0.0
LiCl-NaCl,Li,li1440,0.55,3.25,0.12242341294447234,0.004514138779488776,0.0
LiCl-NaCl,Li,li1440,0.55,3.3500000000000005,0.08296459735118156,0.007405187826156256,0.0
LiCl-NaCl,Li,li1440,0.55,3.45,0.04546387526042828,0.004762562415685237,0.0
LiCl-NaCl,Li,li1440,0.55,3.55,0.015276770785163651,0.0037295104981207067,0.0
LiCl-NaCl,Li,li1440,0.55,3.6500000000000004,-0.006615863970117486,0.0034691098235375456,0.0
LiCl-NaCl,Li,li1440,0.55,3.75,-0.024577661438707654,0.005143319271268487,0.0
LiCl-NaCl,Li,li1440,0.55,3.8500000000000005,-0.033093722569460526,0.00470556900799927,0.0
LiCl-NaCl,Li,li1440,0.55,3.95,-0.04642187729809688,0.0024491372830096926,0.0
LiCl-NaCl,Li,li1440,0.55,4.050000000000001,-0.049638227204372276,0.005735052366942703,0.0
LiCl-NaCl,Li,li1440,0.55,4.15,-0.04641253962221348,0.004288624993418988,0.0
LiCl-NaCl,Li,li1440,0.55,4.25,-0.05010771674009318,0.0023035659171140414,0.0
LiCl-NaCl,Li,li1440,0.55,4.35,-0.055092630916706575,0.004897826220931383,0.0
LiCl-NaCl,Li,li1440,0.55,4.45,-0.05887633202920828,0.003709559471284088,0.0
LiCl-NaCl,Li,li1440,0.55,4.550000000000001,-0.06955194524566433,0.0028804247487067723,0.0
LiCl-NaCl,Li,li1440,0.55,4.65,-0.0810226740409623,0.0028431495703314176,0.0
LiCl-NaCl,Li,li1440,0.55,4.75,-0.09145900767355486,0.0013932445431818733,0.0
LiCl-NaCl,Li,li1440,0.55,4.8500000000000005,-0.0994650442528231,0.0030265905138923133,0.0
LiCl-NaCl,Li,li1440,0.55,4.95,-0.10187870711352698,0.0023336551757855775,0.0
LiCl-NaCl,Li,li1440,0.55,5.050000000000001,-0.10654628907402253,0.004376427586067724,0.0
LiCl-NaCl,Li,li1440,0.55,5.15,-0.09539120769015508,0.006032725572177296,0.0
LiCl-NaCl,Li,li1440,0.55,5.25,-0.08362517902184585,0.002434240951383892,0.0
LiCl-NaCl,Li,li1440,0.55,5.3500000000000005,-0.06699344147259545,0.005986798069787648,0.0
LiCl-NaCl,Li,li1440,0.55,5.45,-0.049582243866222564,0.004097860990946602,0.0
LiCl-NaCl,Li,li1440,0.55,5.550000000000001,-0.03148559921912586,0.00341402140131964,0.0
LiCl-NaCl,Li,li1440,0.55,5.65,-0.01249576130524277,0.0053776894379031276,0.0
LiCl-NaCl,Li,li1440,0.55,5.75,0.007427852907758936,0.00347572383706691,0.0
LiCl-NaCl,Li,li1440,0.55,5.8500000000000005,0.01783671801018849,0.004177220240087622,0.0
LiCl-NaCl,Li,li1440,0.55,5.95,0.030491552931681376,0.0014357447802713418,0.0
LiCl-NaCl,Li,li1440,0.55,6.050000000000001,0.0450209976077931,0.002767978335670418,0.0
LiCl-NaCl,Li,li1440,0.55,6.15,0.05181929957595055,0.004792557531410343,0.0
LiCl-NaCl,Li,li1440,0.55,6.25,0.058136124713009774,0.0017677207267456831,0.0
LiCl-NaCl,Li,li1440,0.55,6.3500000000000005,0.059792123619800464,0.002884523279354653,0.0
LiCl-NaCl,Li,li1440,0.55,6.45,0.058528485417461806,0.0020584144267708476,0.0
LiCl-NaCl,Li,li1440,0.55,6.550000000000001,0.05544104361498425,0.004046781256756415,0.0
LiCl-NaCl,Li,li1440,0.55,6.65,0.05377860681347002,0.0014406404072643026,0.0
LiCl-NaCl,Li,li1440,0.55,6.75,0.045192830775536263,0.0029072124396690062,0.0
LiCl-NaCl,Li,li1440,0.55,6.8500000000000005,0.04131232455822631,0.0023023209056500333,0.0
LiCl-NaCl,Li,li1440,0.55,6.95,0.03731465280130297,0.002294072933915307,0.0
LiCl-NaCl,Li,li1440,0.55,7.050000000000001,0.02999233953914915,0.002992862741298455,0.0
LiCl-NaCl,Li,li1440,0.55,7.15,0.021173569644718393,0.0026030865812238925,0.0
LiCl-NaCl,Li,li1440,0.55,7.25,0.013639133603884801,0.0013970329849647373,0.0
LiCl-NaCl,Li,li1440,0.55,7.3500000000000005,0.008862900260334206,0.003962674547622807,0.0
LiCl-NaCl,Li,li1440,0.55,7.45,0.0027143152445974206,0.0023966130707852667,0.0
LiCl-NaCl,Li,li1440,0.55,7.550000000000001,-0.0024238678471115715,0.0032563085249342582,0.0
LiCl-NaCl,Li,li1440,0.55,7.65,-0.010442758328009782,0.0023694413804238863,0.0
LiCl-NaCl,Li,li1440,0.55,7.75,-0.012997720087214448,0.0012674136059413561,0.0
LiCl-NaCl,Li,li1440,0.55,7.8500000000000005,-0.018205766399339574,0.0015762830760615754,0.0
LiCl-NaCl,Li,li1440,0.55,7.95,-0.02190721502743198,0.003847589059444165,0.0
LiCl-NaCl,Li,li1440,0.55,8.05,-0.024734537377102184,0.003667088846795256,0.0
LiCl-NaCl,Li,li1440,0.55,8.15,-0.02654844683984736,0.0016345418045858784,0.0
LiCl-NaCl,Li,li1440,0.55,8.25,-0.02623669735168943,0.001939975333451796,0.0
LiCl-NaCl,Li,li1440,0.55,8.350000000000001,-0.02633211481100095,0.0018218636252658046,0.0
LiCl-NaCl,Li,li1440,0.55,8.45,-0.029829613659071663,0.0037292144354405584,0.0
LiCl-NaCl,Li,li1440,0.55,8.55,-0.025499343540413166,0.0027192771748345557,0.0
LiCl-NaCl,Li,li1440,0.55,8.65,-0.021446451386363474,0.001323105845496713,0.0
LiCl-NaCl,Li,li1440,0.55,8.75,-0.017792825633819342,0.0029238691558750134,0.0
LiCl-NaCl,Li,li1440,0.55,8.850000000000001,-0.016796234121293052,0.003937179356864284,0.0
LiCl-NaCl,Li,li1440,0.55,8.95,-0.013336348518256047,0.0027916665009695076,0.0
LiCl-NaCl,Li,li1440,0.55,9.05,-0.007198673530349087,0.0012656766194173708,0.0
LiCl-NaCl,Li,li1440,0.55,9.15,-0.006013923072920813,0.0017687937977497533,0.0
LiCl-NaCl,Li,li1440,0.55,9.25,-0.00040420948747965646,0.0012725276183052127,0.0
LiCl-NaCl,Li,li1440,0.55,9.350000000000001,0.0036577615489143955,0.0016181064484163102,0.0
LiCl-NaCl,Li,li1440,0.55,9.45,0.005561410076822648,0.003139690275032039,0.0
LiCl-NaCl,Li,li1440,0.55,9.55,0.010202480414085002,0.002031698956618024,0.0
LiCl-NaCl,Li,li1440,0.55,9.650000000000002,0.012188306850790531,0.0019482607990826133,0.0
LiCl-NaCl,Li,li1440,0.55,9.75,0.012477158808140598,0.001880329523643388,0.0
LiCl-NaCl,Li,li1440,0.55,9.850000000000001,0.015967607573517673,0.0011961060316759465,0.0
LiCl-NaCl,Li,li1440,0.55,9.95,0.014561540338157375,0.0014967967272479005,0.0
LiCl-NaCl,Li,li1440,0.55,10.05,0.01582181501356017,0.0018731024261055133,0.0
LiCl-NaCl,Li,li1440,0.55,10.150000000000002,0.013946156146623312,0.0012766360564584283,0.0
LiCl-NaCl,Li,li1440,0.55,10.25,0.015275298096992462,0.0020974103937934597,0.0
LiCl-NaCl,Li,li1440,0.55,10.350000000000001,0.01334040944714665,0.003370491060073499,0.0
LiCl-NaCl,Li,li1440,0.55,10.45,0.010351944026118387,0.0010320969984008073,0.0
LiCl-NaCl,Li,li1440,0.55,10.55,0.008557706276176802,0.0017767852530790253,0.0
LiCl-NaCl,Li,li1440,0.55,10.650000000000002,0.007577504053625228,0.0018930353471233628,0.0
LiCl-NaCl,Li,li1440,0.55,10.75,0.005273809298067644,0.001488558080896349,0.0
LiCl-NaCl,Li,li1440,0.55,10.850000000000001,0.003329421109143693,0.0011057794522564613,0.0
LiCl-NaCl,Li,li1440,0.55,10.95,4.7020248522544605e-06,0.0016377855887482482,0.0
LiCl-NaCl,Li,li1440,0.55,11.05,-0.0015580123461365059,0.001837922530630381,0.0
LiCl-NaCl,Li,li1440,0.55,11.150000000000002,-0.003935186213322783,0.002183999079945848,0.0
LiCl-NaCl,Li,li1440,0.55,11.25,-0.004852205184935343,0.0019538434685272598,0.0
LiCl-NaCl,Li,li1440,0.55,11.350000000000001,-0.007043967354027902,0.001865125811803478,0.0
LiCl-NaCl,Li,li1440,0.55,11.45,-0.008124191942045167,0.001247332731240382,0.0
LiCl-NaCl,Li,li1440,0.55,11.55,-0.007547901717847028,0.0022318121154588652,0.0
LiCl-NaCl,Li,li1440,0.55,11.650000000000002,-0.009719654535033317,0.002094243148233043,0.0
LiCl-NaCl,Li,li1440,0.55,11.75,-0.009563565725777767,0.002760176505866539,0.0
LiCl-NaCl,Li,li1440,0.55,11.850000000000001,-0.009851499163047839,0.0031998131374370476,0.0
LiCl-NaCl,Li,li1440,0.55,11.95,-0.009414565168276434,0.0010813568853626136,0.0
LiCl-NaCl,Li,li1280,0.6,0.05,nan,nan,0.0
LiCl-NaCl,Li,li1280,0.6,0.15000000000000002,nan,nan,0.0
LiCl-NaCl,Li,li1280,0.6,0.25,nan,nan,0.0
LiCl-NaCl,Li,li1280,0.6,0.35000000000000003,nan,nan,0.0
LiCl-NaCl,Li,li1280,0.6,0.45,nan,nan,0.0
LiCl-NaCl,Li,li1280,0.6,0.55,nan,nan,0.0
LiCl-NaCl,Li,li1280,0.6,0.6500000000000001,nan,nan,0.0
LiCl-NaCl,Li,li1280,0.6,0.75,nan,nan,0.0
LiCl-NaCl,Li,li1280,0.6,0.8500000000000001,nan,nan,0.0
LiCl-NaCl,Li,li1280,0.6,0.95,nan,nan,0.0
LiCl-NaCl,Li,li1280,0.6,1.05,nan,nan,0.0
LiCl-NaCl,Li,li1280,0.6,1.1500000000000001,nan,nan,0.0
LiCl-NaCl,Li,li1280,0.6,1.25,nan,nan,0.0
LiCl-NaCl,Li,li1280,0.6,1.35,nan,nan,0.0
LiCl-NaCl,Li,li1280,0.6,1.4500000000000002,nan,nan,0.0
LiCl-NaCl,Li,li1280,0.6,1.55,nan,nan,0.0
LiCl-NaCl,Li,li1280,0.6,1.6500000000000001,nan,nan,0.0
LiCl-NaCl,Li,li1280,0.6,1.75,nan,nan,0.0
LiCl-NaCl,Li,li1280,0.6,1.85,1.0,0.0,0.0
LiCl-NaCl,Li,li1280,0.6,1.9500000000000002,1.0,0.0,0.0
LiCl-NaCl,Li,li1280,0.6,2.05,0.937126572327044,0.048190930609881055,0.0
LiCl-NaCl,Li,li1280,0.6,2.1500000000000004,0.8682144538606403,0.023723329416314724,0.0
LiCl-NaCl,Li,li1280,0.6,2.25,0.798788643932812,0.03626208738968262,0.0
LiCl-NaCl,Li,li1280,0.6,2.3500000000000005,0.7270816891733894,0.038275051456952675,0.0
LiCl-NaCl,Li,li1280,0.6,2.45,0.6719172297297298,0.011613512258274887,0.0
LiCl-NaCl,Li,li1280,0.6,2.55,0.5830954682130585,0.012504902489835965,0.0
LiCl-NaCl,Li,li1280,0.6,2.6500000000000004,0.5029704059032953,0.0204250447717802,0.0
LiCl-NaCl,Li,li1280,0.6,2.75,0.4286261529345895,0.008204964347881703,0.0
LiCl-NaCl,Li,li1280,0.6,2.8500000000000005,0.3452673788679288,0.006739080742659342,0.0
LiCl-NaCl,Li,li1280,0.6,2.95,0.27964834913431136,0.003623587345049092,0.0
LiCl-NaCl,Li,li1280,0.6,3.05,0.20994920517929483,0.005684251622963281,0.0
LiCl-NaCl,Li,li1280,0.6,3.1500000000000004,0.15444001168742705,0.007179463687727919,0.0
LiCl-NaCl,Li,li1280,0.6,3.25,0.10549280664925975,0.006258077697061202,0.0
LiCl-NaCl,Li,li1280,0.6,3.3500000000000005,0.06757765880451405,0.0024092290449719026,0.0
LiCl-NaCl,Li,li1280,0.6,3.45,0.033164443483430284,0.007237536342568213,0.0
LiCl-NaCl,Li,li1280,0.6,3.55,0.00822411020381264,0.005152286706100808,0.0
LiCl-NaCl,Li,li1280,0.6,3.6500000000000004,-0.011067063663515508,0.005230358928210454,0.0
LiCl-NaCl,Li,li1280,0.6,3.75,-0.025293021006319805,0.006341306168499395,0.0
LiCl-NaCl,Li,li1280,0.6,3.8500000000000005,-0.03615968872988251,0.005045726797925546,0.0
LiCl-NaCl,Li,li1280,0.6,3.95,-0.04537206676256278,0.004325174603960739,0.0
LiCl-NaCl,Li,li1280,0.6,4.050000000000001,-0.047114296253528254,0.004206136468674097,0.0
LiCl-NaCl,Li,li1280,0.6,4.15,-0.04811890807940644,0.00433583065322257,0.0
LiCl-NaCl,Li,li1280,0.6,4.25,-0.04994252685136602,0.005080648719572929,0.0
LiCl-NaCl,Li,li1280,0.6,4.35,-0.052517015747830964,0.003816076156498012,0.0
LiCl-NaCl,Li,li1280,0.6,4.45,-0.05368231349513475,0.0027616453830032173,0.0
LiCl-NaCl,Li,li1280,0.6,4.550000000000001,-0.06449347403759198,0.006120410448986495,0.0
LiCl-NaCl,Li,li1280,0.6,4.65,-0.07432908330113919,0.006289836431087552,0.0
LiCl-NaCl,Li,li1280,0.6,4.75,-0.0824440101198165,0.00464519626862419,0.0
LiCl-NaCl,Li,li1280,0.6,4.8500000000000005,-0.09148621153350378,0.0012879604140433243,0.0
LiCl-NaCl,Li,li1280,0.6,4.95,-0.09583106104877381,0.004140328713861889,0.0
LiCl-NaCl,Li,li1280,0.6,5.050000000000001,-0.09385916502957214,0.002630374851655446,0.0
LiCl-NaCl,Li,li1280,0.6,5.15,-0.09005360736956192,0.004172521490353464,0.0
LiCl-NaCl,Li,li1280,0.6,5.25,-0.07551944514955378,0.005602556780970338,0.0
LiCl-NaCl,Li,li1280,0.6,5.3500000000000005,-0.06394395297649402,0.002821327116817125,0.0
LiCl-NaCl,Li,li1280,0.6,5.45,-0.04424203940672311,0.00751090844840426,0.0
LiCl-NaCl,Li,li1280,0.6,5.550000000000001,-0.03155303833148171,0.0056553237840457835,0.0
LiCl-NaCl,Li,li1280,0.6,5.65,-0.011923012105371278,0.0034306466207223883,0.0
LiCl-NaCl,Li,li1280,0.6,5.75,0.0013297557822943284,0.00673393781033802,0.0
LiCl-NaCl,Li,li1280,0.6,5.8500000000000005,0.015325625797246278,0.005842597725492254,0.0
LiCl-NaCl,Li,li1280,0.6,5.95,0.027186734298586313,0.0032486998774233044,0.0
LiCl-NaCl,Li,li1280,0.6,6.050000000000001,0.04149466282617731,0.0028027333480907042,0.0
LiCl-NaCl,Li,li1280,0.6,6.15,0.045507917062990955,0.003717920553166154,0.0
LiCl-NaCl,Li,li1280,0.6,6.25,0.05279894174379496,0.0022977142220942104,0.0
LiCl-NaCl,Li,li1280,0.6,6.3500000000000005,0.05244654528535364,0.0026366135854516675,0.0
LiCl-NaCl,Li,li1280,0.6,6.45,0.05113653153136555,0.0038377623477168507,0.0
LiCl-NaCl,Li,li1280,0.6,6.550000000000001,0.04813639777632017,0.002253641891712654,0.0
LiCl-NaCl,Li,li1280,0.6,6.65,0.04664158287791531,0.002690753416011596,0.0
LiCl-NaCl,Li,li1280,0.6,6.75,0.04295430112507126,0.0021259696502502127,0.0
LiCl-NaCl,Li,li1280,0.6,6.8500000000000005,0.04023956321332367,0.002946384797384953,0.0
LiCl-NaCl,Li,li1280,0.6,6.95,0.03139305013420468,0.001966131358383743,0.0
LiCl-NaCl,Li,li1280,0.6,7.050000000000001,0.024913919586169286,0.0033428005356683104,0.0
LiCl-NaCl,Li,li1280,0.6,7.15,0.017977937653327225,0.00210951655269934,0.0
LiCl-NaCl,Li,li1280,0.6,7.25,0.01629305792266389,0.0022216008560022584,0.0
LiCl-NaCl,Li,li1280,0.6,7.3500000000000005,0.006471456932163222,0.0014621790971044385,0.0
LiCl-NaCl,Li,li1280,0.6,7.45,0.0007723559264832813,0.003340891834289838,0.0
LiCl-NaCl,Li,li1280,0.6,7.550000000000001,-0.002419753178437123,0.002503332520197231,0.0
LiCl-NaCl,Li,li1280,0.6,7.65,-0.007134614388292437,0.004250431955139617,0.0
LiCl-NaCl,Li,li1280,0.6,7.75,-0.013263455074978836,0.0016336931165333683,0.0
LiCl-NaCl,Li,li1280,0.6,7.8500000000000005,-0.016753191410907586,0.0033206309216168854,0.0
LiCl-NaCl,Li,li1280,0.6,7.95,-0.018480256121653715,0.002335381555336826,0.0
LiCl-NaCl,Li,li1280,0.6,8.05,-0.022068725682142798,0.002053696522048908,0.0
LiCl-NaCl,Li,li1280,0.6,8.15,-0.021916928692370607,0.0017246889872010948,0.0
LiCl-NaCl,Li,li1280,0.6,8.25,-0.024077158026821532,0.0013723890532323173,0.0
LiCl-NaCl,Li,li1280,0.6,8.350000000000001,-0.02502835790418101,0.0029285266455282696,0.0
LiCl-NaCl,Li,li1280,0.6,8.45,-0.024104521616290953,0.0016874761286585426,0.0
LiCl-NaCl,Li,li1280,0.6,8.55,-0.022633142653811777,0.004211351615362499,0.0
LiCl-NaCl,Li,li1280,0.6,8.65,-0.020853005825848703,0.003510241921644079,0.0
LiCl-NaCl,Li,li1280,0.6,8.75,-0.018671286075899518,0.005664903238755237,0.0
LiCl-NaCl,Li,li1280,0.6,8.850000000000001,-0.014473633396679508,0.004359781782801825,0.0
LiCl-NaCl,Li,li1280,0.6,8.95,-0.011427769599608784,0.002676842638204384,0.0
LiCl-NaCl,Li,li1280,0.6,9.05,-0.0071826432560917475,0.0028171363798959494,0.0
LiCl-NaCl,Li,li1280,0.6,9.15,-0.0035713096220035823,0.0037668018323214953,0.0
LiCl-NaCl,Li,li1280,0.6,9.25,-0.0009559974082040679,0.0020844613139647246,0.0
LiCl-NaCl,Li,li1280,0.6,9.350000000000001,0.0015776480796115822,0.0020121817964888693,0.0
LiCl-NaCl,Li,li1280,0.6,9.45,0.004321756155978962,0.001872060340624596,0.0
LiCl-NaCl,Li,li1280,0.6,9.55,0.007943765582053453,0.0029635897155379843,0.0
LiCl-NaCl,Li,li1280,0.6,9.650000000000002,0.011718481841165751,0.0025006029619266206,0.0
LiCl-NaCl,Li,li1280,0.6,9.75,0.011806788261355838,0.0021093958907509713,0.0
LiCl-NaCl,Li,li1280,0.6,9.850000000000001,0.01413966647226561,0.0024205411281394743,0.0
LiCl-NaCl,Li,li1280,0.6,9.95,0.01484896464325014,0.003058048271056878,0.0
LiCl-NaCl,Li,li1280,0.6,10.05,0.014131009972929154,0.0013296591362181836,0.0
LiCl-NaCl,Li,li1280,0.6,10.150000000000002,0.014362571824912407,0.002298785048905654,0.0
LiCl-NaCl,Li,li1280,0.6,10.25,0.014658615681053533,0.002141878180724405,0.0
LiCl-NaCl,Li,li1280,0.6,10.350000000000001,0.013100638838060785,0.0017989328074457958,0.0
LiCl-NaCl,Li,li1280,0.6,10.45,0.011400388377661441,0.0021216830161188377,0.0
LiCl-NaCl,Li,li1280,0.6,10.55,0.00951614300214687,0.001985882573937444,0.0
LiCl-NaCl,Li,li1280,0.6,10.650000000000002,0.008329126932316355,0.0033066549146464038,0.0
LiCl-NaCl,Li,li1280,0.6,10.75,0.004777842999282633,0.0005080661498150317,0.0
LiCl-NaCl,Li,li1280,0.6,10.850000000000001,0.003968833274467953,0.002051746351481652,0.0
LiCl-NaCl,Li,li1280,0.6,10.95,0.0013605433871232142,0.0025424943529252274,0.0
LiCl-NaCl,Li,li1280,0.6,11.05,-0.0009548348156118713,0.002217450596291642,0.0
LiCl-NaCl,Li,li1280,0.6,11.150000000000002,-0.0027884928245656138,0.002556917121594311,0.0
LiCl-NaCl,Li,li1280,0.6,11.25,-0.004318402777209185,0.0011487248615037699,0.0
LiCl-NaCl,Li,li1280,0.6,11.350000000000001,-0.004864499549778856,0.0027673293310579014,0.0
LiCl-NaCl,Li,li1280,0.6,11.45,-0.008042032955006606,0.0015436184766568536,0.0
LiCl-NaCl,Li,li1280,0.6,11.55,-0.007911162216981182,0.001313246017584374,0.0
LiCl-NaCl,Li,li1280,0.6,11.650000000000002,-0.009432540249896704,0.001143369612727643,0.0
LiCl-NaCl,Li,li1280,0.6,11.75,-0.010114705520165801,0.0011175307421905482,0.0
LiCl-NaCl,Li,li1280,0.6,11.850000000000001,-0.009258401488950962,0.003281341726191652,0.0
LiCl-NaCl,Li,li1280,0.6,11.95,-0.010388906411547882,0.0021095466786248966,0.0
LiCl-NaCl,Li,li1120,0.65,0.05,nan,nan,0.0
LiCl-NaCl,Li,li1120,0.65,0.15000000000000002,nan,nan,0.0
LiCl-NaCl,Li,li1120,0.65,0.25,nan,nan,0.0
LiCl-NaCl,Li,li1120,0.65,0.35000000000000003,nan,nan,0.0
LiCl-NaCl,Li,li1120,0.65,0.45,nan,nan,0.0
LiCl-NaCl,Li,li1120,0.65,0.55,nan,nan,0.0
LiCl-NaCl,Li,li1120,0.65,0.6500000000000001,nan,nan,0.0
LiCl-NaCl,Li,li1120,0.65,0.75,nan,nan,0.0
LiCl-NaCl,Li,li1120,0.65,0.8500000000000001,nan,nan,0.0
LiCl-NaCl,Li,li1120,0.65,0.95,nan,nan,0.0
LiCl-NaCl,Li,li1120,0.65,1.05,nan,nan,0.0
LiCl-NaCl,Li,li1120,0.65,1.1500000000000001,nan,nan,0.0
LiCl-NaCl,Li,li1120,0.65,1.25,nan,nan,0.0
LiCl-NaCl,Li,li1120,0.65,1.35,nan,nan,0.0
LiCl-NaCl,Li,li1120,0.65,1.4500000000000002,nan,nan,0.0
LiCl-NaCl,Li,li1120,0.65,1.55,nan,nan,0.0
LiCl-NaCl,Li,li1120,0.65,1.6500000000000001,nan,nan,0.0
LiCl-NaCl,Li,li1120,0.65,1.75,nan,nan,0.0
LiCl-NaCl,Li,li1120,0.65,1.85,1.0,nan,0.0
LiCl-NaCl,Li,li1120,0.65,1.9500000000000002,1.0,0.0,0.0
LiCl-NaCl,Li,li1120,0.65,2.05,0.8291132478632479,0.17638608705282344,0.0
LiCl-NaCl,Li,li1120,0.65,2.1500000000000004,0.8462019230769231,0.09258120141470007,0.0
LiCl-NaCl,Li,li1120,0.65,2.25,0.7401097311253562,0.03857340537499644,0.0
LiCl-NaCl,Li,li1120,0.65,2.3500000000000005,0.7163690665944085,0.02427540977738655,0.0
LiCl-NaCl,Li,li1120,0.65,2.45,0.6439374870876662,0.01018720582683954,0.0
LiCl-NaCl,Li,li1120,0.65,2.55,0.5652666665521671,0.019641783293851366,0.0
LiCl-NaCl,Li,li1120,0.65,2.6500000000000004,0.46752506429682394,0.017094704926970416,0.0
LiCl-NaCl,Li,li1120,0.65,2.75,0.3984009330739773,0.003134240354448143,0.0
LiCl-NaCl,Li,li1120,0.65,2.8500000000000005,0.30878750876444694,0.00892277323526793,0.0
LiCl-NaCl,Li,li1120,0.65,2.95,0.24360214611901876,0.012570518335534782,0.0
LiCl-NaCl,Li,li1120,0.65,3.05,0.18924813235607918,0.006761787462294147,0.0
LiCl-NaCl,Li,li1120,0.65,3.1500000000000004,0.13666184132065395,0.009663044682729898,0.0
LiCl-NaCl,Li,li1120,0.65,3.25,0.0958988328125272,0.005012444448184758,0.0
LiCl-NaCl,Li,li1120,0.65,3.3500000000000005,0.05402586238853124,0.005607839043279242,0.0
LiCl-NaCl,Li,li1120,0.65,3.45,0.03005377440249135,0.003942196086684722,0.0
LiCl-NaCl,Li,li1120,0.65,3.55,0.0026218468489364044,0.004908445142080572,0.0
LiCl-NaCl,Li,li1120,0.65,3.6500000000000004,-0.015033125539789971,0.004850925474614253,0.0
LiCl-NaCl,Li,li1120,0.65,3.75,-0.025353374340894907,0.002592462991153435,0.0
LiCl-NaCl,Li,li1120,0.65,3.8500000000000005,-0.034191672452122956,0.005218693515471337,0.0
LiCl-NaCl,Li,li1120,0.65,3.95,-0.03680984499636053,0.0040584566532912815,0.0
LiCl-NaCl,Li,li1120,0.65,4.050000000000001,-0.04247806540341714,0.0022556994232302402,0.0
LiCl-NaCl,Li,li1120,0.65,4.15,-0.04385229631770793,0.005801592625555631,0.0
LiCl-NaCl,Li,li1120,0.65,4.25,-0.04203628868283826,0.003144880552657886,0.0
LiCl-NaCl,Li,li1120,0.65,4.35,-0.04632942290115527,0.004699102846601409,0.0
LiCl-NaCl,Li,li1120,0.65,4.45,-0.04930048671283327,0.003470055114517698,0.0
LiCl-NaCl,Li,li1120,0.65,4.550000000000001,-0.05693414979323075,0.006443027700261013,0.0
LiCl-NaCl,Li,li1120,0.65,4.65,-0.060902418150594606,0.0033623182365162064,0.0
LiCl-NaCl,Li,li1120,0.65,4.75,-0.0723828229385679,0.004973134330714367,0.0
LiCl-NaCl,Li,li1120,0.65,4.8500000000000005,-0.07731951459480046,0.00448218480679364,0.0
LiCl-NaCl,Li,li1120,0.65,4.95,-0.08145664524754515,0.003940385782901567,0.0
LiCl-NaCl,Li,li1120,0.65,5.050000000000001,-0.07951916567579986,0.00478414231119016,0.0
LiCl-NaCl,Li,li1120,0.65,5.15,-0.0765700275498753,0.002190497939733558,0.0
LiCl-NaCl,Li,li1120,0.65,5.25,-0.06320252998672049,0.004807202207480907,0.0
LiCl-NaCl,Li,li1120,0.65,5.3500000000000005,-0.05589962156693762,0.0011733249698971959,0.0
LiCl-NaCl,Li,li1120,0.65,5.45,-0.04162033160235867,0.005215900973561647,0.0
LiCl-NaCl,Li,li1120,0.65,5.550000000000001,-0.025596677289291714,0.0012707710267712334,0.0
LiCl-NaCl,Li,li1120,0.65,5.65,-0.011856421141679618,0.0020536271550661016,0.0
LiCl-NaCl,Li,li1120,0.65,5.75,0.0022552322288268423,0.004968435376011232,0.0
LiCl-NaCl,Li,li1120,0.65,5.8500000000000005,0.014728204975371417,0.002383505812370628,0.0
LiCl-NaCl,Li,li1120,0.65,5.95,0.02525329647015806,0.002959252122933099,0.0
LiCl-NaCl,Li,li1120,0.65,6.050000000000001,0.03581186857436236,0.002302922789826364,0.0
LiCl-NaCl,Li,li1120,0.65,6.15,0.04210249749198425,0.0025068036763504645,0.0
LiCl-NaCl,Li,li1120,0.65,6.25,0.04697979911408279,0.00407720246565789,0.0
LiCl-NaCl,Li,li1120,0.65,6.3500000000000005,0.04613403362887092,0.0012416721451650576,0.0
LiCl-NaCl,Li,li1120,0.65,6.45,0.04899631944099614,0.0011848045022851176,0.0
LiCl-NaCl,Li,li1120,0.65,6.550000000000001,0.04695461691037561,0.004077685120770269,0.0
LiCl-NaCl,Li,li1120,0.65,6.65,0.04355579944413546,0.0025745865608950633,0.0
LiCl-NaCl,Li,li1120,0.65,6.75,0.03793552702868053,0.0032311724821689402,0.0
LiCl-NaCl,Li,li1120,0.65,6.8500000000000005,0.032541950559035415,0.0027718906656106876,0.0
LiCl-NaCl,Li,li1120,0.65,6.95,0.03189245032198096,0.0020569326732553885,0.0
LiCl-NaCl,Li,li1120,0.65,7.050000000000001,0.02467275353059939,0.0023167689401897796,0.0
LiCl-NaCl,Li,li1120,0.65,7.15,0.01875001702739576,0.003381470976661364,0.0
LiCl-NaCl,Li,li1120,0.65,7.25,0.013079022746709246,0.0038176812375811313,0.0
LiCl-NaCl,Li,li1120,0.65,7.3500000000000005,0.005273203489196576,0.0011161025975969774,0.0
LiCl-NaCl,Li,li1120,0.65,7.45,0.002653643556389307,0.0021973930324432037,0.0
LiCl-NaCl,Li,li1120,0.65,7.550000000000001,-0.0017177422570948675,0.0025631494892188,0.0
LiCl-NaCl,Li,li1120,0.65,7.65,-0.006377299177278362,0.002037303239440398,0.0
LiCl-NaCl,Li,li1120,0.65,7.75,-0.010564106200095846,0.002191761191382913,0.0
LiCl-NaCl,Li,li1120,0.65,7.8500000000000005,-0.013724362308167537,0.001348580588275634,0.0
LiCl-NaCl,Li,li1120,0.65,7.95,-0.01678746362367889,0.0014011755106157126,0.0
LiCl-NaCl,Li,li1120,0.65,8.05,-0.01853737690547974,0.001979513411962603,0.0
LiCl-NaCl,Li,li1120,0.65,8.15,-0.020394570839769033,0.002253155181155833,0.0
LiCl-NaCl,Li,li1120,0.65,8.25,-0.020374825231969096,0.002332640602947041,0.0
LiCl-NaCl,Li,li1120,0.65,8.350000000000001,-0.023013320563215256,0.001845089773814637,0.0
LiCl-NaCl,Li,li1120,0.65,8.45,-0.020821510253083098,0.002222902221950815,0.0
LiCl-NaCl,Li,li1120,0.65,8.55,-0.01965922678357912,0.0014826247856609108,0.0
LiCl-NaCl,Li,li1120,0.65,8.65,-0.019133693052839407,0.002349590602755769,0.0
LiCl-NaCl,Li,li1120,0.65,8.75,-0.015942619647763445,0.002165681764456447,0.0
LiCl-NaCl,Li,li1120,0.65,8.850000000000001,-0.015053555185544854,0.002066219849106747,0.0
LiCl-NaCl,Li,li1120,0.65,8.95,-0.010705554256029703,0.002009648546938679,0.0
LiCl-NaCl,Li,li1120,0.65,9.05,-0.006303235355015646,0.003709474627884259,0.0
LiCl-NaCl,Li,li1120,0.65,9.15,-0.004927659555550523,0.0017104423965050867,0.0
LiCl-NaCl,Li,li1120,0.65,9.25,-0.0016544300373082521,0.0019745307479668833,0.0
LiCl-NaCl,Li,li1120,0.65,9.350000000000001,0.001473039808055021,0.0026831594608086305,0.0
LiCl-NaCl,Li,li1120,0.65,9.45,0.005807896443356553,0.002134460250203477,0.0
LiCl-NaCl,Li,li1120,0.65,9.55,0.0044994707294083724,0.002062776733149906,0.0
LiCl-NaCl,Li,li1120,0.65,9.650000000000002,0.009514326854147215,0.002115531763799526,0.0
LiCl-NaCl,Li,li1120,0.65,9.75,0.011020205407642814,0.001970866269243393,0.0
LiCl-NaCl,Li,li1120,0.65,9.850000000000001,0.01223775899156232,0.001909109563462619,0.0
LiCl-NaCl,Li,li1120,0.65,9.95,0.01204766798170287,0.0020139434580912635,0.0
LiCl-NaCl,Li,li1120,0.65,10.05,0.014178100917581093,0.0020202109975595087,0.0
LiCl-NaCl,Li,li1120,0.65,10.150000000000002,0.013497106677438864,0.0017592126958788743,0.0
LiCl-NaCl,Li,li1120,0.65,10.25,0.012764630474228045,0.0011604202400489442,0.0
LiCl-NaCl,Li,li1120,0.65,10.350000000000001,0.012282949124044151,0.002622497109212512,0.0
LiCl-NaCl,Li,li1120,0.65,10.45,0.010953535701644812,0.0016669974181948064,0.0
LiCl-NaCl,Li,li1120,0.65,10.55,0.009481614447436781,0.0021039805501622618,0.0
LiCl-NaCl,Li,li1120,0.65,10.650000000000002,0.007920847784824714,0.001645617525518838,0.0
LiCl-NaCl,Li,li1120,0.65,10.75,0.005747688368890724,0.001852717149327913,0.0
LiCl-NaCl,Li,li1120,0.65,10.850000000000001,0.003136187358407705,0.0033053698710738765,0.0
LiCl-NaCl,Li,li1120,0.65,10.95,0.001915160477881206,0.0008843201595186304,0.0
LiCl-NaCl,Li,li1120,0.65,11.05,0.0015249481975373458,0.0013639304733852808,0.0
LiCl-NaCl,Li,li1120,0.65,11.150000000000002,-0.0027304447802916076,0.00166111832972143,0.0
LiCl-NaCl,Li,li1120,0.65,11.25,-0.002413343540625723,0.0008202243733806816,0.0
LiCl-NaCl,Li,li1120,0.65,11.350000000000001,-0.004647107349992741,0.001796956177442133,0.0
LiCl-NaCl,Li,li1120,0.65,11.45,-0.00490672943713899,0.0015790607949021191,0.0
LiCl-NaCl,Li,li1120,0.65,11.55,-0.008044566234428618,0.0013036988795861197,0.0
LiCl-NaCl,Li,li1120,0.65,11.650000000000002,-0.008082517250474375,0.0013027638445493115,0.0
LiCl-NaCl,Li,li1120,0.65,11.75,-0.007968751440331934,0.0015337376139358259,0.0
LiCl-NaCl,Li,li1120,0.65,11.850000000000001,-0.008156990295872468,0.0017494838431717965,0.0
LiCl-NaCl,Li,li1120,0.65,11.95,-0.00836840426550678,0.002382956715118186,0.0
LiCl-NaCl,Li,li960,0.7,0.05,nan,nan,0.0
LiCl-NaCl,Li,li960,0.7,0.15000000000000002,nan,nan,0.0
LiCl-NaCl,Li,li960,0.7,0.25,nan,nan,0.0
LiCl-NaCl,Li,li960,0.7,0.35000000000000003,nan,nan,0.0
LiCl-NaCl,Li,li960,0.7,0.45,nan,nan,0.0
LiCl-NaCl,Li,li960,0.7,0.55,nan,nan,0.0
LiCl-NaCl,Li,li960,0.7,0.6500000000000001,nan,nan,0.0
LiCl-NaCl,Li,li960,0.7,0.75,nan,nan,0.0
LiCl-NaCl,Li,li960,0.7,0.8500000000000001,nan,nan,0.0
LiCl-NaCl,Li,li960,0.7,0.95,nan,nan,0.0
LiCl-NaCl,Li,li960,0.7,1.05,nan,nan,0.0
LiCl-NaCl,Li,li960,0.7,1.1500000000000001,nan,nan,0.0
LiCl-NaCl,Li,li960,0.7,1.25,nan,nan,0.0
LiCl-NaCl,Li,li960,0.7,1.35,nan,nan,0.0
LiCl-NaCl,Li,li960,0.7,1.4500000000000002,nan,nan,0.0
LiCl-NaCl,Li,li960,0.7,1.55,nan,nan,0.0
LiCl-NaCl,Li,li960,0.7,1.6500000000000001,nan,nan,0.0
LiCl-NaCl,Li,li960,0.7,1.75,1.0,nan,0.0
LiCl-NaCl,Li,li960,0.7,1.85,nan,nan,0.0
LiCl-NaCl,Li,li960,0.7,1.9500000000000002,1.0,0.0,0.0
LiCl-NaCl,Li,li960,0.7,2.05,0.908843085106383,0.17418461347455746,0.0
LiCl-NaCl,Li,li960,0.7,2.1500000000000004,0.8324546089385475,0.09099701693208095,0.0
LiCl-NaCl,Li,li960,0.7,2.25,0.7572406202143951,0.03957567455876565,0.0
LiCl-NaCl,Li,li960,0.7,2.3500000000000005,0.6666206624605678,0.05089008590765483,0.0
LiCl-NaCl,Li,li960,0.7,2.45,0.5906193168902023,0.02113772964406977,0.0
LiCl-NaCl,Li,li960,0.7,2.55,0.5192981644849175,0.008824780171533762,0.0
LiCl-NaCl,Li,li960,0.7,2.6500000000000004,0.4253708748443338,0.014573327981773188,0.0
LiCl-NaCl,Li,li960,0.7,2.75,0.3401201054494506,0.00582737942382883,0.0
LiCl-NaCl,Li,li960,0.7,2.8500000000000005,0.2761040121822034,0.006562025722255388,0.0
LiCl-NaCl,Li,li960,0.7,2.95,0.21374691229648746,0.0036250392271462133,0.0
LiCl-NaCl,Li,li960,0.7,3.05,0.15874255058963305,0.004741653641464648,0.0
LiCl-NaCl,Li,li960,0.7,3.1500000000000004,0.1113812996951038,0.004878864292204959,0.0
LiCl-NaCl,Li,li960,0.7,3.25,0.07264474503626639,0.01328770439921748,0.0
LiCl-NaCl,Li,li960,0.7,3.3500000000000005,0.04146520494065686,0.0027799464550262863,0.0
LiCl-NaCl,Li,li960,0.7,3.45,0.021121906898553533,0.0022585217918666385,0.0
LiCl-NaCl,Li,li960,0.7,3.55,-0.0005254427789207483,0.003988350614298682,0.0
LiCl-NaCl,Li,li960,0.7,3.6500000000000004,-0.012200872024540566,0.0032800174866996924,0.0
LiCl-NaCl,Li,li960,0.7,3.75,-0.021864125706829052,0.004144012546169718,0.0
LiCl-NaCl,Li,li960,0.7,3.8500000000000005,-0.028184542050844863,0.006020384008429238,0.0
LiCl-NaCl,Li,li960,0.7,3.95,-0.03784053937622178,0.002637593383943715,0.0
LiCl-NaCl,Li,li960,0.7,4.050000000000001,-0.04003834967470388,0.006809175482164071,0.0
LiCl-NaCl,Li,li960,0.7,4.15,-0.03912733084764031,0.001926608312723943,0.0
LiCl-NaCl,Li,li960,0.7,4.25,-0.03995213838336342,0.005566189814739689,0.0
LiCl-NaCl,Li,li960,0.7,4.35,-0.041691777900192184,0.00486762431489677,0.0
LiCl-NaCl,Li,li960,0.7,4.45,-0.043771912613777886,0.0019426146873138014,0.0
LiCl-NaCl,Li,li960,0.7,4.550000000000001,-0.04964971228512138,0.002765628915994459,0.0
LiCl-NaCl,Li,li960,0.7,4.65,-0.05768050493665222,0.0035581813340198397,0.0
LiCl-NaCl,Li,li960,0.7,4.75,-0.06392801837886952,0.008275126169006781,0.0
LiCl-NaCl,Li,li960,0.7,4.8500000000000005,-0.06944565579457351,0.001991948577057013,0.0
LiCl-NaCl,Li,li960,0.7,4.95,-0.07100440745389491,0.004228556383313483,0.0
LiCl-NaCl,Li,li960,0.7,5.050000000000001,-0.07364341017200893,0.004244796184417762,0.0
LiCl-NaCl,Li,li960,0.7,5.15,-0.0689489795195024,0.007105751450734571,0.0
LiCl-NaCl,Li,li960,0.7,5.25,-0.06247656881723085,0.003362919681836638,0.0
LiCl-NaCl,Li,li960,0.7,5.3500000000000005,-0.05030526769235788,0.003201820837265093,0.0
LiCl-NaCl,Li,li960,0.7,5.45,-0.0409169447334623,0.003684828746870603,0.0
LiCl-NaCl,Li,li960,0.7,5.550000000000001,-0.025553714971753738,0.004246209267583435,0.0
LiCl-NaCl,Li,li960,0.7,5.65,-0.01095065826890873,0.0033995702252102083,0.0
LiCl-NaCl,Li,li960,0.7,5.75,0.0008212777351553902,0.003523280863634175,0.0
LiCl-NaCl,Li,li960,0.7,5.8500000000000005,0.015134042423536886,0.0055041539527661415,0.0
LiCl-NaCl,Li,li960,0.7,5.95,0.02134958648311247,0.002907729237053327,0.0
LiCl-NaCl,Li,li960,0.7,6.050000000000001,0.029531964171622294,0.0029581285653106798,0.0
LiCl-NaCl,Li,li960,0.7,6.15,0.03481050044027001,0.004688688936272569,0.0
LiCl-NaCl,Li,li960,0.7,6.25,0.037956140937840055,0.0037379673054171217,0.0
LiCl-NaCl,Li,li960,0.7,6.3500000000000005,0.04139832885928052,0.0010814278904349483,0.0
LiCl-NaCl,Li,li960,0.7,6.45,0.04088880736137046,0.003903260733847743,0.0
LiCl-NaCl,Li,li960,0.7,6.550000000000001,0.042982896391915215,0.003356921049856294,0.0
LiCl-NaCl,Li,li960,0.7,6.65,0.0362076752494207,0.0017836920614418346,0.0
LiCl-NaCl,Li,li960,0.7,6.75,0.032973926839839685,0.004238285341868062,0.0
LiCl-NaCl,Li,li960,0.7,6.8500000000000005,0.03044635092261161,0.00180447391726469,0.0
LiCl-NaCl,Li,li960,0.7,6.95,0.025566892316780332,0.0016126801088200181,0.0
LiCl-NaCl,Li,li960,0.7,7.050000000000001,0.020434039673293714,0.002366512057608737,0.0
LiCl-NaCl,Li,li960,0.7,7.15,0.013135887658211276,0.0009840698410707462,0.0
LiCl-NaCl,Li,li960,0.7,7.25,0.008438352639592028,0.0027077702057590135,0.0
LiCl-NaCl,Li,li960,0.7,7.3500000000000005,0.005073731025088901,0.0021120607945065103,0.0
LiCl-NaCl,Li,li960,0.7,7.45,0.002761499321467964,0.0023108177837004294,0.0
LiCl-NaCl,Li,li960,0.7,7.550000000000001,-0.0017973393851131725,0.0035762812160176787,0.0
LiCl-NaCl,Li,li960,0.7,7.65,-0.005831856740992514,0.0022370226323552922,0.0
LiCl-NaCl,Li,li960,0.7,7.75,-0.00910134301767851,0.0037083205223457103,0.0
LiCl-NaCl,Li,li960,0.7,7.8500000000000005,-0.013274067382658794,0.002187541244992209,0.0
LiCl-NaCl,Li,li960,0.7,7.95,-0.0158950605824002,0.0026107366027502883,0.0
LiCl-NaCl,Li,li960,0.7,8.05,-0.018635936680028165,0.0005802731622763168,0.0
LiCl-NaCl,Li,li960,0.7,8.15,-0.018319326862090923,0.003468387413601641,0.0
LiCl-NaCl,Li,li960,0.7,8.25,-0.018448276274527498,0.00346355510475193,0.0
LiCl-NaCl,Li,li960,0.7,8.350000000000001,-0.019075602497047095,0.0017599716510718717,0.0
LiCl-NaCl,Li,li960,0.7,8.45,-0.01965064081029344,0.0026202223501203344,0.0
LiCl-NaCl,Li,li960,0.7,8.55,-0.018041563475539535,0.0018789601774961407,0.0
LiCl-NaCl,Li,li960,0.7,8.65,-0.01668372208481106,0.0007136434258376833,0.0
LiCl-NaCl,Li,li960,0.7,8.75,-0.017166719098019145,0.0010741801857688216,0.0
LiCl-NaCl,Li,li960,0.7,8.850000000000001,-0.011590390286019048,0.001458636796354794,0.0
LiCl-NaCl,Li,li960,0.7,8.95,-0.009320711357171385,0.003482863336146299,0.0
LiCl-NaCl,Li,li960,0.7,9.05,-0.00862266037836057,0.002709839612407791,0.0
LiCl-NaCl,Li,li960,0.7,9.15,-0.005799532197718893,0.0030094533504705723,0.0
LiCl-NaCl,Li,li960,0.7,9.25,-0.002777646695633962,0.002715005276457673,0.0
LiCl-NaCl,Li,li960,0.7,9.350000000000001,9.104829667450076e-05,0.0012776820809132822,0.0
LiCl-NaCl,Li,li960,0.7,9.45,0.003917238325676142,0.0020528127368616557,0.0
LiCl-NaCl,Li,li960,0.7,9.55,0.004897014377433284,0.003575213497509004,0.0
LiCl-NaCl,Li,li960,0.7,9.650000000000002,0.007538796609681042,0.0010372866430104057,0.0
LiCl-NaCl,Li,li960,0.7,9.75,0.010126291529829134,0.001197043402949652,0.0
LiCl-NaCl,Li,li960,0.7,9.850000000000001,0.010441634436917702,0.002819196634354343,0.0
LiCl-NaCl,Li,li960,0.7,9.95,0.012849901851670564,0.001336086190400177,0.0
LiCl-NaCl,Li,li960,0.7,10.05,0.011012597808110924,0.001011571476254387,0.0
LiCl-NaCl,Li,li960,0.7,10.150000000000002,0.012462422116516492,0.0013897535904730202,0.0
LiCl-NaCl,Li,li960,0.7,10.25,0.011381035205910384,0.002294834047115341,0.0
LiCl-NaCl,Li,li960,0.7,10.350000000000001,0.010430637203633353,0.0015895233758974163,0.0
LiCl-NaCl,Li,li960,0.7,10.45,0.009773717288207195,0.0017606251830026218,0.0
LiCl-NaCl,Li,li960,0.7,10.55,0.007807276471597735,0.0035519333595431194,0.0
LiCl-NaCl,Li,li960,0.7,10.650000000000002,0.006672986133428149,0.0021588505636092694,0.0
LiCl-NaCl,Li,li960,0.7,10.75,0.003721705506353201,0.0021630964251079026,0.0
LiCl-NaCl,Li,li960,0.7,10.850000000000001,0.0038003115318856473,0.002853139192407906,0.0
LiCl-NaCl,Li,li960,0.7,10.95,0.0031087757604977284,0.0016895818383996673,0.0
LiCl-NaCl,Li,li960,0.7,11.05,0.0004201278408871856,0.0020757413496195563,0.0
LiCl-NaCl,Li,li960,0.7,11.150000000000002,-0.0014983995615680534,0.0012354701760320331,0.0
LiCl-NaCl,Li,li960,0.7,11.25,-0.0024819140451977084,0.0009832779460019943,0.0
LiCl-NaCl,Li,li960,0.7,11.350000000000001,-0.0038448869188276724,0.0012883934720678617,0.0
LiCl-NaCl,Li,li960,0.7,11.45,-0.0035558733704892376,0.00132345902797178,0.0
LiCl-NaCl,Li,li960,0.7,11.55,-0.005609325113686836,0.0016740531649947832,0.0
LiCl-NaCl,Li,li960,0.7,11.650000000000002,-0.005894880003973535,0.0014896619861159025,0.0
LiCl-NaCl,Li,li960,0.7,11.75,-0.006169711957494828,0.0018957474666995615,0.0
LiCl-NaCl,Li,li960,0.7,11.850000000000001,-0.0067391729571031345,0.0008984717292862424,0.0
LiCl-NaCl,Li,li960,0.7,11.95,-0.007112350793854416,0.0022554435308735406,0.0
LiCl-NaCl,Li,li800,0.75,0.05,nan,nan,0.0
LiCl-NaCl,Li,li800,0.75,0.15000000000000002,nan,nan,0.0
LiCl-NaCl,Li,li800,0.75,0.25,nan,nan,0.0
LiCl-NaCl,Li,li800,0.75,0.35000000000000003,nan,nan,0.0
LiCl-NaCl,Li,li800,0.75,0.45,nan,nan,0.0
LiCl-NaCl,Li,li800,0.75,0.55,nan,nan,0.0
LiCl-NaCl,Li,li800,0.75,0.6500000000000001,nan,nan,0.0
LiCl-NaCl,Li,li800,0.75,0.75,nan,nan,0.0
LiCl-NaCl,Li,li800,0.75,0.8500000000000001,nan,nan,0.0
LiCl-NaCl,Li,li800,0.75,0.95,nan,nan,0.0
LiCl-NaCl,Li,li800,0.75,1.05,nan,nan,0.0
LiCl-NaCl,Li,li800,0.75,1.1500000000000001,nan,nan,0.0
LiCl-NaCl,Li,li800,0.75,1.25,nan,nan,0.0
LiCl-NaCl,Li,li800,0.75,1.35,nan,nan,0.0
LiCl-NaCl,Li,li800,0.75,1.4500000000000002,nan,nan,0.0
LiCl-NaCl,Li,li800,0.75,1.55,nan,nan,0.0
LiCl-NaCl,Li,li800,0.75,1.6500000000000001,nan,nan,0.0
LiCl-NaCl,Li,li800,0.75,1.75,nan,nan,0.0
LiCl-NaCl,Li,li800,0.75,1.85,1.0,nan,0.0
LiCl-NaCl,Li,li800,0.75,1.9500000000000002,nan,nan,0.0
LiCl-NaCl,Li,li800,0.75,2.05,0.8596929824561403,0.0732914091721275,0.0
LiCl-NaCl,Li,li800,0.75,2.1500000000000004,0.7261130136986301,0.10175572882770809,0.0
LiCl-NaCl,Li,li800,0.75,2.25,0.6804993757802746,0.08693054468440933,0.0
LiCl-NaCl,Li,li800,0.75,2.3500000000000005,0.6285631349782292,0.03043136266072282,0.0
LiCl-NaCl,Li,li800,0.75,2.45,0.5362876807136265,0.027486536959073958,0.0
LiCl-NaCl,Li,li800,0.75,2.55,0.4802847859327217,0.02826424154675142,0.0
LiCl-NaCl,Li,li800,0.75,2.6500000000000004,0.38526051524710825,0.024338038132266537,0.0
LiCl-NaCl,Li,li800,0.75,2.75,0.31263293088203914,0.010886588110329146,0.0
LiCl-NaCl,Li,li800,0.75,2.8500000000000005,0.2409229352599519,0.006131592834510481,0.0
LiCl-NaCl,Li,li800,0.75,2.95,0.18047946570972873,0.009125255455211338,0.0
LiCl-NaCl,Li,li800,0.75,3.05,0.13551382531820166,0.005672364718551311,0.0
LiCl-NaCl,Li,li800,0.75,3.1500000000000004,0.09364116110936482,0.008890700538685918,0.0
LiCl-NaCl,Li,li800,0.75,3.25,0.06447693071135108,0.00772210823670045,0.0
LiCl-NaCl,Li,li800,0.75,3.3500000000000005,0.03173544412958729,0.005195984532192873,0.0
LiCl-NaCl,Li,li800,0.75,3.45,0.01800354296591633,0.005972678633753552,0.0
LiCl-NaCl,Li,li800,0.75,3.55,0.0020822925978509765,0.007826207860469999,0.0
LiCl-NaCl,Li,li800,0.75,3.6500000000000004,-0.010010554569993113,0.007038084473919379,0.0
LiCl-NaCl,Li,li800,0.75,3.75,-0.019442547104582486,0.0033384280111626403,0.0
LiCl-NaCl,Li,li800,0.75,3.8500000000000005,-0.03119571977835567,0.0019374466887485673,0.0
LiCl-NaCl,Li,li800,0.75,3.95,-0.025659366509071635,0.004318771103515898,0.0
LiCl-NaCl,Li,li800,0.75,4.050000000000001,-0.03324538390818477,0.002362346384769489,0.0
LiCl-NaCl,Li,li800,0.75,4.15,-0.03273105500213713,0.0031518029776832148,0.0
LiCl-NaCl,Li,li800,0.75,4.25,-0.03307603725945141,0.003636618936097182,0.0
LiCl-NaCl,Li,li800,0.75,4.35,-0.028339364691567948,0.005103959052863696,0.0
LiCl-NaCl,Li,li800,0.75,4.45,-0.03293134420641031,0.005047489545446609,0.0
LiCl-NaCl,Li,li800,0.75,4.550000000000001,-0.037932561631034645,0.003281319597093809,0.0
LiCl-NaCl,Li,li800,0.75,4.65,-0.04362987676443786,0.0016506627037788564,0.0
LiCl-NaCl,Li,li800,0.75,4.75,-0.05187877322755363,0.004037744216235092,0.0
LiCl-NaCl,Li,li800,0.75,4.8500000000000005,-0.0567414213709998,0.0029023867138341336,0.0
LiCl-NaCl,Li,li800,0.75,4.95,-0.05924994042370657,0.0011519222405667797,0.0
LiCl-NaCl,Li,li800,0.75,5.050000000000001,-0.05837058616413948,0.0031316592287225975,0.0
LiCl-NaCl,Li,li800,0.75,5.15,-0.056759018176257614,0.0051824895692976075,0.0
LiCl-NaCl,Li,li800,0.75,5.25,-0.04890353273519321,0.001393857262794756,0.0
LiCl-NaCl,Li,li800,0.75,5.3500000000000005,-0.03751600867428562,0.004346203094124444,0.0
LiCl-NaCl,Li,li800,0.75,5.45,-0.02877452471109887,0.004716404597751306,0.0
LiCl-NaCl,Li,li800,0.75,5.550000000000001,-0.021001953569223852,0.00415217593985242,0.0
LiCl-NaCl,Li,li800,0.75,5.65,-0.006918750723906575,0.003985490359362676,0.0
LiCl-NaCl,Li,li800,0.75,5.75,0.00310451271497858,0.0047173485219686815,0.0
LiCl-NaCl,Li,li800,0.75,5.8500000000000005,0.009287760822173752,0.0043579602129241056,0.0
LiCl-NaCl,Li,li800,0.75,5.95,0.021944645874823254,0.006078946447375505,0.0
LiCl-NaCl,Li,li800,0.75,6.050000000000001,0.02923839233428782,0.004537089607312405,0.0
LiCl-NaCl,Li,li800,0.75,6.15,0.031399229777723914,0.004320707752352113,0.0
LiCl-NaCl,Li,li800,0.75,6.25,0.03486750121184745,0.002954612249184402,0.0
LiCl-NaCl,Li,li800,0.75,6.3500000000000005,0.036307291457756796,0.004041963983959448,0.0
LiCl-NaCl,Li,li800,0.75,6.45,0.036871615017909365,0.003594319834896686,0.0
LiCl-NaCl,Li,li800,0.75,6.550000000000001,0.036063771811189915,0.004444172248770019,0.0
LiCl-NaCl,Li,li800,0.75,6.65,0.031245743383272018,0.004554315586666967,0.0
LiCl-NaCl,Li,li800,0.75,6.75,0.029366392768891858,0.005292011756864418,0.0
LiCl-NaCl,Li,li800,0.75,6.8500000000000005,0.02540544807119227,0.005705960986844659,0.0
LiCl-NaCl,Li,li800,0.75,6.95,0.021263379262549065,0.002795087258244279,0.0
LiCl-NaCl,Li,li800,0.75,7.050000000000001,0.01788397255583185,0.0040965920335756315,0.0
LiCl-NaCl,Li,li800,0.75,7.15,0.013419678564313475,0.00428903725987954,0.0
LiCl-NaCl,Li,li800,0.75,7.25,0.010113377691729597,0.002632354831458931,0.0
LiCl-NaCl,Li,li800,0.75,7.3500000000000005,0.006497121239111725,0.003798489502825976,0.0
LiCl-NaCl,Li,li800,0.75,7.45,0.00422480559787497,0.0026454424136698987,0.0
LiCl-NaCl,Li,li800,0.75,7.550000000000001,-0.0006810510055650365,0.0027683695642159297,0.0
LiCl-NaCl,Li,li800,0.75,7.65,-0.0024509827658771854,0.0035091653181762053,0.0
LiCl-NaCl,Li,li800,0.75,7.75,-0.005114295615340492,0.003612485976073386,0.0
LiCl-NaCl,Li,li800,0.75,7.8500000000000005,-0.009507108350169213,0.004293411964155057,0.0
LiCl-NaCl,Li,li800,0.75,7.95,-0.010753338895794773,0.003590498182645988,0.0
LiCl-NaCl,Li,li800,0.75,8.05,-0.011797679705413566,0.0031919182432229892,0.0
LiCl-NaCl,Li,li800,0.75,8.15,-0.014990944018476338,0.0024011566966722756,0.0
LiCl-NaCl,Li,li800,0.75,8.25,-0.013304337520511966,0.002442811788291241,0.0
LiCl-NaCl,Li,li800,0.75,8.350000000000001,-0.01537190798321042,0.003965333896158594,0.0
LiCl-NaCl,Li,li800,0.75,8.45,-0.015017710283024233,0.002981709099481047,0.0
LiCl-NaCl,Li,li800,0.75,8.55,-0.013681058447537087,0.0025105092955106456,0.0
LiCl-NaCl,Li,li800,0.75,8.65,-0.01236727194464815,0.002048293148227624,0.0
LiCl-NaCl,Li,li800,0.75,8.75,-0.012212245041288705,0.002727896936529613,0.0
LiCl-NaCl,Li,li800,0.75,8.850000000000001,-0.011296017555436855,0.002120440071215772,0.0
LiCl-NaCl,Li,li800,0.75,8.95,-0.007746943776960835,0.003722732592166736,0.0
LiCl-NaCl,Li,li800,0.75,9.05,-0.0053575911243743946,0.0023156736874641887,0.0
LiCl-NaCl,Li,li800,0.75,9.15,-0.0028034018043805453,0.0016092560535239668,0.0
LiCl-NaCl,Li,li800,0.75,9.25,0.0009209279778868984,0.0025728084072424748,0.0
LiCl-NaCl,Li,li800,0.75,9.350000000000001,-9.228901317892557e-05,0.001436117180184969,0.0
LiCl-NaCl,Li,li800,0.75,9.45,0.0019033625106290586,0.0025373435043394657,0.0
LiCl-NaCl,Li,li800,0.75,9.55,0.0053579167547759265,0.0028438001337260225,0.0
LiCl-NaCl,Li,li800,0.75,9.650000000000002,0.007948093138784196,0.0030738560603117966,0.0
LiCl-NaCl,Li,li800,0.75,9.75,0.009827046764855019,0.0016711882726466818,0.0
LiCl-NaCl,Li,li800,0.75,9.850000000000001,0.011011374695010234,0.002287940778997821,0.0
LiCl-NaCl,Li,li800,0.75,9.95,0.011024766069305691,0.0007688809058687163,0.0
LiCl-NaCl,Li,li800,0.75,10.05,0.01084606702370039,0.001385822855176654,0.0
LiCl-NaCl,Li,li800,0.75,10.150000000000002,0.009970175364722555,0.0025819520314354022,0.0
LiCl-NaCl,Li,li800,0.75,10.25,0.009979615827879207,0.001931746880420608,0.0
LiCl-NaCl,Li,li800,0.75,10.350000000000001,0.009468840546205448,0.0020153052214337565,0.0
LiCl-NaCl,Li,li800,0.75,10.45,0.01108159345456361,0.0011832731150668292,0.0
LiCl-NaCl,Li,li800,0.75,10.55,0.008074711670371548,0.0020775110555047924,0.0
LiCl-NaCl,Li,li800,0.75,10.650000000000002,0.006523118470733502,0.0009133143690936615,0.0
LiCl-NaCl,Li,li800,0.75,10.75,0.004683743682923902,0.0010188699073715342,0.0
LiCl-NaCl,Li,li800,0.75,10.850000000000001,0.0032274542727551703,0.001141573903467706,0.0
LiCl-NaCl,Li,li800,0.75,10.95,0.002198370250434678,0.0017539628432146255,0.0
LiCl-NaCl,Li,li800,0.75,11.05,0.0008798329360760748,0.001354903842686445,0.0
LiCl-NaCl,Li,li800,0.75,11.150000000000002,-0.0007438303338005436,0.001325047368208287,0.0
LiCl-NaCl,Li,li800,0.75,11.25,-0.001046438022733076,0.0008448324731315399,0.0
LiCl-NaCl,Li,li800,0.75,11.350000000000001,-0.0015948439656143787,0.0024891073647107793,0.0
LiCl-NaCl,Li,li800,0.75,11.45,-0.0027146882719419896,0.0007992652229484973,0.0
LiCl-NaCl,Li,li800,0.75,11.55,-0.0022612392684602245,0.0020077550389631118,0.0
LiCl-NaCl,Li,li800,0.75,11.650000000000002,-0.005492472815747718,0.00157299779115638,0.0
LiCl-NaCl,Li,li800,0.75,11.75,-0.004798053386175782,0.0027676167948699508,0.0
LiCl-NaCl,Li,li800,0.75,11.850000000000001,-0.004269271174427436,0.001204362640638017,0.0
LiCl-NaCl,Li,li800,0.75,11.95,-0.006199442020377477,0.0017290647852477494,0.0
LiCl-NaCl,Li,li640,0.8,0.05,nan,nan,0.0
LiCl-NaCl,Li,li640,0.8,0.15000000000000002,nan,nan,0.0
LiCl-NaCl,Li,li640,0.8,0.25,nan,nan,0.0
LiCl-NaCl,Li,li640,0.8,0.35000000000000003,nan,nan,0.0
LiCl-NaCl,Li,li640,0.8,0.45,nan,nan,0.0
LiCl-NaCl,Li,li640,0.8,0.55,nan,nan,0.0
LiCl-NaCl,Li,li640,0.8,0.6500000000000001,nan,nan,0.0
LiCl-NaCl,Li,li640,0.8,0.75,nan,nan,0.0
LiCl-NaCl,Li,li640,0.8,0.8500000000000001,nan,nan,0.0
LiCl-NaCl,Li,li640,0.8,0.95,nan,nan,0.0
LiCl-NaCl,Li,li640,0.8,1.05,nan,nan,0.0
LiCl-NaCl,Li,li640,0.8,1.1500000000000001,nan,nan,0.0
LiCl-NaCl,Li,li640,0.8,1.25,nan,nan,0.0
LiCl-NaCl,Li,li640,0.8,1.35,nan,nan,0.0
LiCl-NaCl,Li,li640,0.8,1.4500000000000002,nan,nan,0.0
LiCl-NaCl,Li,li640,0.8,1.55,nan,nan,0.0
LiCl-NaCl,Li,li640,0.8,1.6500000000000001,nan,nan,0.0
LiCl-NaCl,Li,li640,0.8,1.75,nan,nan,0.0
LiCl-NaCl,Li,li640,0.8,1.85,1.0,nan,0.0
LiCl-NaCl,Li,li640,0.8,1.9500000000000002,1.0,0.0,0.0
LiCl-NaCl,Li,li640,0.8,2.05,0.7727982954545455,0.5211379041112381,0.0
LiCl-NaCl,Li,li640,0.8,2.1500000000000004,0.7549785539215687,0.14442175669948934,0.0
LiCl-NaCl,Li,li640,0.8,2.25,0.6832466486768802,0.07444166721472475,0.0
LiCl-NaCl,Li,li640,0.8,2.3500000000000005,0.5794467966489875,0.037253260411172676,0.0
LiCl-NaCl,Li,li640,0.8,2.45,0.4991361607142858,0.042486197974896604,0.0
LiCl-NaCl,Li,li640,0.8,2.55,0.415040387550882,0.01186067079388942,0.0
LiCl-NaCl,Li,li640,0.8,2.6500000000000004,0.33184793216830855,0.015113437501174791,0.0
LiCl-NaCl,Li,li640,0.8,2.75,0.2624483113594185,0.014765078483766212,0.0
LiCl-NaCl,Li,li640,0.8,2.8500000000000005,0.1944937961629638,0.01604248137831952,0.0
LiCl-NaCl,Li,li640,0.8,2.95,0.13996411496487027,0.008913530953480554,0.0
LiCl-NaCl,Li,li640,0.8,3.05,0.10458149686175744,0.005222091172053283,0.0
LiCl-NaCl,Li,li640,0.8,3.1500000000000004,0.06999020523822708,0.004275602250986816,0.0
LiCl-NaCl,Li,li640,0.8,3.25,0.047410628293622636,0.005216520474542577,0.0
LiCl-NaCl,Li,li640,0.8,3.3500000000000005,0.025459629929607264,0.0019048454620917707,0.0
LiCl-NaCl,Li,li640,0.8,3.45,0.012086748992540475,0.007095097957090841,0.0
LiCl-NaCl,Li,li640,0.8,3.55,-0.006872543467820291,0.003287051063794348,0.0
LiCl-NaCl,Li,li640,0.8,3.6500000000000004,-0.009999304096040884,0.0034460662054270727,0.0
LiCl-NaCl,Li,li640,0.8,3.75,-0.01972477467611755,0.006772512574450296,0.0
LiCl-NaCl,Li,li640,0.8,3.8500000000000005,-0.024834628823193317,0.005222140480278149,0.0
LiCl-NaCl,Li,li640,0.8,3.95,-0.024131455854125017,0.003333714183134023,0.0
LiCl-NaCl,Li,li640,0.8,4.050000000000001,-0.02534114701713519,0.005248632098883264,0.0
LiCl-NaCl,Li,li640,0.8,4.15,-0.026513437461333833,0.0045645449135366025,0.0
LiCl-NaCl,Li,li640,0.8,4.25,-0.02546433307272511,0.004551414269646839,0.0
LiCl-NaCl,Li,li640,0.8,4.35,-0.025402450832629597,0.005887698275964374,0.0
LiCl-NaCl,Li,li640,0.8,4.45,-0.029518856276170125,0.002892257217486706,0.0
LiCl-NaCl,Li,li640,0.8,4.550000000000001,-0.034890283037151804,0.0050671982500281225,0.0
LiCl-NaCl,Li,li640,0.8,4.65,-0.03671050312619961,0.003340324722202387,0.0
LiCl-NaCl,Li,li640,0.8,4.75,-0.04044994606924357,0.001929222125761814,0.0
LiCl-NaCl,Li,li640,0.8,4.8500000000000005,-0.04203747092772048,0.004017072834014866,0.0
LiCl-NaCl,Li,li640,0.8,4.95,-0.047573580397301196,0.0036127822144841723,0.0
LiCl-NaCl,Li,li640,0.8,5.050000000000001,-0.04520464753395692,0.005737702486504453,0.0
LiCl-NaCl,Li,li640,0.8,5.15,-0.047032858108500886,0.0040658976189005295,0.0
LiCl-NaCl,Li,li640,0.8,5.25,-0.04090910180655971,0.00299261595592986,0.0
LiCl-NaCl,Li,li640,0.8,5.3500000000000005,-0.03447391056824811,0.004195053713788457,0.0
LiCl-NaCl,Li,li640,0.8,5.45,-0.02492991558736879,0.002470918017068284,0.0
LiCl-NaCl,Li,li640,0.8,5.550000000000001,-0.018784848263376785,0.0038946868575850213,0.0
LiCl-NaCl,Li,li640,0.8,5.65,-0.008888442399485275,0.003886239797135298,0.0
LiCl-NaCl,Li,li640,0.8,5.75,0.0010691044477265654,0.0024159914560752853,0.0
LiCl-NaCl,Li,li640,0.8,5.8500000000000005,0.009006678593791673,0.0035810544099388907,0.0
LiCl-NaCl,Li,li640,0.8,5.95,0.0153373037257869,0.005728687778450755,0.0
LiCl-NaCl,Li,li640,0.8,6.050000000000001,0.02165126025262054,0.006252256577701249,0.0
LiCl-NaCl,Li,li640,0.8,6.15,0.026979856349821252,0.003024103287736188,0.0
LiCl-NaCl,Li,li640,0.8,6.25,0.026702598532365007,0.006005383155424996,0.0
LiCl-NaCl,Li,li640,0.8,6.3500000000000005,0.03056578521263531,0.0034542305354501295,0.0
LiCl-NaCl,Li,li640,0.8,6.45,0.03044715634936135,0.004739361989350032,0.0
LiCl-NaCl,Li,li640,0.8,6.550000000000001,0.028140684377823133,0.004458892161931114,0.0
LiCl-NaCl,Li,li640,0.8,6.65,0.027318997805822254,0.0019402347061753277,0.0
LiCl-NaCl,Li,li640,0.8,6.75,0.02397170072226018,0.003948277671379855,0.0
LiCl-NaCl,Li,li640,0.8,6.8500000000000005,0.021352513919908334,0.0010881287315792042,0.0
LiCl-NaCl,Li,li640,0.8,6.95,0.018783247877126485,0.0024400531872765334,0.0
LiCl-NaCl,Li,li640,0.8,7.050000000000001,0.016238478156838987,0.003088461169648885,0.0
LiCl-NaCl,Li,li640,0.8,7.15,0.009594082393533987,0.0024938713927450265,0.0
LiCl-NaCl,Li,li640,0.8,7.25,0.00888308093417245,0.00279894093495951,0.0
LiCl-NaCl,Li,li640,0.8,7.3500000000000005,0.005481921805373879,0.001959728857508973,0.0
LiCl-NaCl,Li,li640,0.8,7.45,0.0006562026665245524,0.0011192995635172006,0.0
LiCl-NaCl,Li,li640,0.8,7.550000000000001,-0.002472723823186973,0.0014886988321560512,0.0
LiCl-NaCl,Li,li640,0.8,7.65,-0.0036582499326491824,0.0010624403955874447,0.0
LiCl-NaCl,Li,li640,0.8,7.75,-0.008256035305132414,0.002259317748571245,0.0
LiCl-NaCl,Li,li640,0.8,7.8500000000000005,-0.009151659980817684,0.0024129603702201514,0.0
LiCl-NaCl,Li,li640,0.8,7.95,-0.010698482828378486,0.002342618391823994,0.0
LiCl-NaCl,Li,li640,0.8,8.05,-0.011067660934242607,0.003475902467318027,0.0
LiCl-NaCl,Li,li640,0.8,8.15,-0.013389218724228602,0.0027885851875552982,0.0
LiCl-NaCl,Li,li640,0.8,8.25,-0.014672663598599422,0.0016222556096441747,0.0
LiCl-NaCl,Li,li640,0.8,8.350000000000001,-0.012655797789363543,0.0018524125633191516,0.0
LiCl-NaCl,Li,li640,0.8,8.45,-0.01458092058198135,0.0021350030244699086,0.0
LiCl-NaCl,Li,li640,0.8,8.55,-0.012813220610842668,0.0006688259107752485,0.0
LiCl-NaCl,Li,li640,0.8,8.65,-0.01215508134856802,0.0008908150420249688,0.0
LiCl-NaCl,Li,li640,0.8,8.75,-0.01175096070966819,0.002926131933083388,0.0
LiCl-NaCl,Li,li640,0.8,8.850000000000001,-0.008491825030889855,0.003127380404317074,0.0
LiCl-NaCl,Li,li640,0.8,8.95,-0.007321767922630507,0.0029663625758447323,0.0
LiCl-NaCl,Li,li640,0.8,9.05,-0.0054457304299477816,0.0017539118522725268,0.0
LiCl-NaCl,Li,li640,0.8,9.15,-0.004704339088526854,0.0016927125165494506,0.0
LiCl-NaCl,Li,li640,0.8,9.25,-0.0008065447996312702,0.0016395527532667006,0.0
LiCl-NaCl,Li,li640,0.8,9.350000000000001,0.00014460279209482785,0.0016287783826871359,0.0
LiCl-NaCl,Li,li640,0.8,9.45,0.0015990875197998689,0.0016984649809751212,0.0
LiCl-NaCl,Li,li640,0.8,9.55,0.002574292003672096,0.0025571424082607413,0.0
LiCl-NaCl,Li,li640,0.8,9.650000000000002,0.0036512186894607224,0.003101525248437164,0.0
LiCl-NaCl,Li,li640,0.8,9.75,0.0055431411558660715,0.0020272708654987346,0.0
LiCl-NaCl,Li,li640,0.8,9.850000000000001,0.0059493300703173935,0.001018596505778869,0.0
LiCl-NaCl,Li,li640,0.8,9.95,0.005608029558796579,0.001214545129478782,0.0
LiCl-NaCl,Li,li640,0.8,10.05,0.007163434442770122,0.0009503648127239409,0.0
LiCl-NaCl,Li,li640,0.8,10.150000000000002,0.00726898220203942,0.00033869102331522937,0.0
LiCl-NaCl,Li,li640,0.8,10.25,0.007434322319903486,0.0016369633728129307,0.0
LiCl-NaCl,Li,li640,0.8,10.350000000000001,0.008427399215889086,0.0007882891924322176,0.0
LiCl-NaCl,Li,li640,0.8,10.45,0.008277895922010337,0.0027941438373811508,0.0
LiCl-NaCl,Li,li640,0.8,10.55,0.004974626866225962,0.0012215977149850489,0.0
LiCl-NaCl,Li,li640,0.8,10.650000000000002,0.003969072843514554,0.0020854391356698817,0.0
LiCl-NaCl,Li,li640,0.8,10.75,0.0057915253074324324,0.0023710778705926657,0.0
LiCl-NaCl,Li,li640,0.8,10.850000000000001,0.002776213193078747,0.0017477479006593594,0.0
LiCl-NaCl,Li,li640,0.8,10.95,0.0009100331036255849,0.0014905947025726895,0.0
LiCl-NaCl,Li,li640,0.8,11.05,0.0013121980262149613,0.0021547062026847693,0.0
LiCl-NaCl,Li,li640,0.8,11.150000000000002,-0.0007166736694517173,0.0006746121365064789,0.0
LiCl-NaCl,Li,li640,0.8,11.25,-0.002085727117235203,0.0009996753367694884,0.0
LiCl-NaCl,Li,li640,0.8,11.350000000000001,-0.0020757728233502526,0.0019294146119506858,0.0
LiCl-NaCl,Li,li640,0.8,11.45,-0.0032833313027940125,0.0012928481692831846,0.0
LiCl-NaCl,Li,li640,0.8,11.55,-0.0031618202032872578,0.0013263808031986702,0.0
LiCl-NaCl,Li,li640,0.8,11.650000000000002,-0.004837376949556216,0.0013744676877928104,0.0
LiCl-NaCl,Li,li640,0.8,11.75,-0.0048452215433487655,0.0017767046461842715,0.0
LiCl-NaCl,Li,li640,0.8,11.850000000000001,-0.0032958274639574014,0.0011901038308811287,0.0
LiCl-NaCl,Li,li640,0.8,11.95,-0.006559212441445972,0.0014347436488278485,0.0
LiCl-NaCl,Li,li480,0.85,0.05,nan,nan,0.0
LiCl-NaCl,Li,li480,0.85,0.15000000000000002,nan,nan,0.0
LiCl-NaCl,Li,li480,0.85,0.25,nan,nan,0.0
LiCl-NaCl,Li,li480,0.85,0.35000000000000003,nan,nan,0.0
LiCl-NaCl,Li,li480,0.85,0.45,nan,nan,0.0
LiCl-NaCl,Li,li480,0.85,0.55,nan,nan,0.0
LiCl-NaCl,Li,li480,0.85,0.6500000000000001,nan,nan,0.0
LiCl-NaCl,Li,li480,0.85,0.75,nan,nan,0.0
LiCl-NaCl,Li,li480,0.85,0.8500000000000001,nan,nan,0.0
LiCl-NaCl,Li,li480,0.85,0.95,nan,nan,0.0
LiCl-NaCl,Li,li480,0.85,1.05,nan,nan,0.0
LiCl-NaCl,Li,li480,0.85,1.1500000000000001,nan,nan,0.0
LiCl-NaCl,Li,li480,0.85,1.25,nan,nan,0.0
LiCl-NaCl,Li,li480,0.85,1.35,nan,nan,0.0
LiCl-NaCl,Li,li480,0.85,1.4500000000000002,nan,nan,0.0
LiCl-NaCl,Li,li480,0.85,1.55,nan,nan,0.0
LiCl-NaCl,Li,li480,0.85,1.6500000000000001,nan,nan,0.0
LiCl-NaCl,Li,li480,0.85,1.75,nan,nan,0.0
LiCl-NaCl,Li,li480,0.85,1.85,1.0,nan,0.0
LiCl-NaCl,Li,li480,0.85,1.9500000000000002,1.0,nan,0.0
LiCl-NaCl,Li,li480,0.85,2.05,0.921593137254902,0.11761029411764706,0.0
LiCl-NaCl,Li,li480,0.85,2.1500000000000004,0.6079656862745098,0.2227838602299125,0.0
LiCl-NaCl,Li,li480,0.85,2.25,0.5927114328221561,0.044479527703916284,0.0
LiCl-NaCl,Li,li480,0.85,2.3500000000000005,0.5127050119113066,0.07899829362979206,0.0
LiCl-NaCl,Li,li480,0.85,2.45,0.41307867317330516,0.06614051242275845,0.0
LiCl-NaCl,Li,li480,0.85,2.55,0.3521638595127885,0.009716469593306565,0.0
LiCl-NaCl,Li,li480,0.85,2.6500000000000004,0.27370178219986885,0.019868555132646397,0.0
LiCl-NaCl,Li,li480,0.85,2.75,0.20581106040851804,0.018722458205678118,0.0
LiCl-NaCl,Li,li480,0.85,2.8500000000000005,0.15237108648154507,0.010469717048932318,0.0
LiCl-NaCl,Li,li480,0.85,2.95,0.11244377815252837,0.005223724562097788,0.0
LiCl-NaCl,Li,li480,0.85,3.05,0.08236574699543475,0.002793115281679378,0.0
LiCl-NaCl,Li,li480,0.85,3.1500000000000004,0.05459285579577211,0.012167383251540624,0.0
LiCl-NaCl,Li,li480,0.85,3.25,0.03583027938558092,0.005914840668717829,0.0
LiCl-NaCl,Li,li480,0.85,3.3500000000000005,0.01874166390193066,0.00468408903684598,0.0
LiCl-NaCl,Li,li480,0.85,3.45,0.003807424902941281,0.0027739496302885296,0.0
LiCl-NaCl,Li,li480,0.85,3.55,-0.0007247597131194716,0.003688401549133555,0.0
LiCl-NaCl,Li,li480,0.85,3.6500000000000004,-0.012118429690498811,0.002373761525852362,0.0
LiCl-NaCl,Li,li480,0.85,3.75,-0.015297901813331682,0.002701174067825364,0.0
LiCl-NaCl,Li,li480,0.85,3.8500000000000005,-0.01639732178905806,0.006087152233587389,0.0
LiCl-NaCl,Li,li480,0.85,3.95,-0.01833829046844282,0.004308384632653632,0.0
LiCl-NaCl,Li,li480,0.85,4.050000000000001,-0.019901925392598274,0.0025220293580284067,0.0
LiCl-NaCl,Li,li480,0.85,4.15,-0.019952465921222018,0.006220447615752422,0.0
LiCl-NaCl,Li,li480,0.85,4.25,-0.01885794897550186,0.0006953753565316478,0.0
LiCl-NaCl,Li,li480,0.85,4.35,-0.02236898120367803,0.002582580750930483,0.0
LiCl-NaCl,Li,li480,0.85,4.45,-0.025870188301949648,0.004097370565754868,0.0
LiCl-NaCl,Li,li480,0.85,4.550000000000001,-0.023552699067715954,0.004378205338256955,0.0
LiCl-NaCl,Li,li480,0.85,4.65,-0.026108727335977022,0.0020060324679874483,0.0
LiCl-NaCl,Li,li480,0.85,4.75,-0.03223896539292426,0.0020910727800801695,0.0
LiCl-NaCl,Li,li480,0.85,4.8500000000000005,-0.03489258383544147,0.0038982446376973176,0.0
LiCl-NaCl,Li,li480,0.85,4.95,-0.03761377020873624,0.005664891959009576,0.0
LiCl-NaCl,Li,li480,0.85,5.050000000000001,-0.03848941536085415,0.001063944437299924,0.0
LiCl-NaCl,Li,li480,0.85,5.15,-0.033234105534198255,0.0038722074795707255,0.0
LiCl-NaCl,Li,li480,0.85,5.25,-0.029532179242306444,0.003758404794622625,0.0
LiCl-NaCl,Li,li480,0.85,5.3500000000000005,-0.026777676618755297,0.004882121511979943,0.0
LiCl-NaCl,Li,li480,0.85,5.45,-0.019954123439052784,0.0033695160397939536,0.0
LiCl-NaCl,Li,li480,0.85,5.550000000000001,-0.014788566713492823,0.0025748892444482823,0.0
LiCl-NaCl,Li,li480,0.85,5.65,-0.007044308774071029,0.0033030400958444467,0.0
LiCl-NaCl,Li,li480,0.85,5.75,-0.00019243005376035072,0.005368699258288573,0.0
LiCl-NaCl,Li,li480,0.85,5.8500000000000005,0.006327082831660835,0.0020960381364493142,0.0
LiCl-NaCl,Li,li480,0.85,5.95,0.014384186437285007,0.001324628282965517,0.0
LiCl-NaCl,Li,li480,0.85,6.050000000000001,0.01595281882033628,0.0018929907942138112,0.0
LiCl-NaCl,Li,li480,0.85,6.15,0.02070527870452299,0.004191260777463313,0.0
LiCl-NaCl,Li,li480,0.85,6.25,0.02112363765798697,0.003097935692637572,0.0
LiCl-NaCl,Li,li480,0.85,6.3500000000000005,0.022849951279285352,0.0015548005736101165,0.0
LiCl-NaCl,Li,li480,0.85,6.45,0.022315309624516,0.00333760502169203,0.0
LiCl-NaCl,Li,li480,0.85,6.550000000000001,0.019286706603419468,0.0006468147730144046,0.0
LiCl-NaCl,Li,li480,0.85,6.65,0.01732471092928778,0.0031193892211494666,0.0
LiCl-NaCl,Li,li480,0.85,6.75,0.016561883357907314,0.003529465983180414,0.0
LiCl-NaCl,Li,li480,0.85,6.8500000000000005,0.01793571862685639,0.005334962297620728,0.0
LiCl-NaCl,Li,li480,0.85,6.95,0.015244883734593984,0.0037522880422810687,0.0
LiCl-NaCl,Li,li480,0.85,7.050000000000001,0.010536332800948789,0.0016702575072792217,0.0
LiCl-NaCl,Li,li480,0.85,7.15,0.00943626309196166,0.002769027189366104,0.0
LiCl-NaCl,Li,li480,0.85,7.25,0.007778641167582201,0.002186308752471809,0.0
LiCl-NaCl,Li,li480,0.85,7.3500000000000005,0.0005251990940758899,0.0021869368895968988,0.0
LiCl-NaCl,Li,li480,0.85,7.45,0.0012828434183423942,0.0017591322800880548,0.0
LiCl-NaCl,Li,li480,0.85,7.550000000000001,-0.002257235818236447,0.003514346777152137,0.0
LiCl-NaCl,Li,li480,0.85,7.65,-0.0029838853336681126,0.0012579551557256473,0.0
LiCl-NaCl,Li,li480,0.85,7.75,-0.0037496649962072137,0.002198320013348628,0.0
LiCl-NaCl,Li,li480,0.85,7.8500000000000005,-0.00489491462472369,0.00163398776303515,0.0
LiCl-NaCl,Li,li480,0.85,7.95,-0.007425772091433913,0.0018179536808311148,0.0
LiCl-NaCl,Li,li480,0.85,8.05,-0.009877697199371926,0.002120885683040095,0.0
LiCl-NaCl,Li,li480,0.85,8.15,-0.007937818424771814,0.002493292468409248,0.0
LiCl-NaCl,Li,li480,0.85,8.25,-0.00960213339512106,0.0020462873431287307,0.0
LiCl-NaCl,Li,li480,0.85,8.350000000000001,-0.009503817204179255,0.002620994139949709,0.0
LiCl-NaCl,Li,li480,0.85,8.45,-0.009042024554665407,0.0010335360260992662,0.0
LiCl-NaCl,Li,li480,0.85,8.55,-0.007929925825486572,0.0021492486248384877,0.0
LiCl-NaCl,Li,li480,0.85,8.65,-0.00890714568992279,0.0020130198392837024,0.0
LiCl-NaCl,Li,li480,0.85,8.75,-0.008430462673681305,0.0016617160266411007,0.0
LiCl-NaCl,Li,li480,0.85,8.850000000000001,-0.007772282934287444,0.002883486036511077,0.0
LiCl-NaCl,Li,li480,0.85,8.95,-0.006415665211110921,0.0031357236894133294,0.0
LiCl-NaCl,Li,li480,0.85,9.05,-0.005383344855259153,0.0019812228331231537,0.0
LiCl-NaCl,Li,li480,0.85,9.15,-0.0034837627199146848,0.0027476155730538072,0.0
LiCl-NaCl,Li,li480,0.85,9.25,-0.0023037000655852236,0.002013154721778133,0.0
LiCl-NaCl,Li,li480,0.85,9.350000000000001,0.0007911933675082139,0.002455004413830406,0.0
LiCl-NaCl,Li,li480,0.85,9.45,0.0009363007648186539,0.0032379913436638252,0.0
LiCl-NaCl,Li,li480,0.85,9.55,0.0012905264139204675,0.0013930497923657686,0.0
LiCl-NaCl,Li,li480,0.85,9.650000000000002,0.003376517489992459,0.002381710665505188,0.0
LiCl-NaCl,Li,li480,0.85,9.75,0.003717069217733293,0.0033120826751080797,0.0
LiCl-NaCl,Li,li480,0.85,9.850000000000001,0.0040209094716433524,0.0018201603032484926,0.0
LiCl-NaCl,Li,li480,0.85,9.95,0.005377402684594967,0.0016770432133155393,0.0
LiCl-NaCl,Li,li480,0.85,10.05,0.005058218506341361,0.002125808585191548,0.0
LiCl-NaCl,Li,li480,0.85,10.150000000000002,0.004766627286835523,0.0031059334996910892,0.0
LiCl-NaCl,Li,li480,0.85,10.25,0.006873707753490499,0.0035090827030906145,0.0
LiCl-NaCl,Li,li480,0.85,10.350000000000001,0.004511841582166554,0.002562918213186235,0.0
LiCl-NaCl,Li,li480,0.85,10.45,0.004374426130443476,0.002520170816276977,0.0
LiCl-NaCl,Li,li480,0.85,10.55,0.004512157070497902,0.002846832295812133,0.0
LiCl-NaCl,Li,li480,0.85,10.650000000000002,0.003439164459709265,0.001640897614863969,0.0
LiCl-NaCl,Li,li480,0.85,10.75,0.0018913404492849617,0.002105022846821401,0.0
LiCl-NaCl,Li,li480,0.85,10.850000000000001,0.001864453350614359,0.0023444903108793607,0.0
LiCl-NaCl,Li,li480,0.85,10.95,0.0013478122062769993,0.0016483253583070088,0.0
LiCl-NaCl,Li,li480,0.85,11.05,0.00025164214907591465,0.0011208061413939745,0.0
LiCl-NaCl,Li,li480,0.85,11.150000000000002,-0.001527259110997603,0.001916337587444391,0.0
LiCl-NaCl,Li,li480,0.85,11.25,-0.001849735440832223,0.0009243226673171639,0.0
LiCl-NaCl,Li,li480,0.85,11.350000000000001,-0.002803224804115878,0.0010475675909499484,0.0
LiCl-NaCl,Li,li480,0.85,11.45,-0.004202530249007186,0.0019023175622834342,0.0
LiCl-NaCl,Li,li480,0.85,11.55,-0.004321666126584134,0.002367563655497822,0.0
LiCl-NaCl,Li,li480,0.85,11.650000000000002,-0.004213936147665631,0.0017210119631990647,0.0
LiCl-NaCl,Li,li480,0.85,11.75,-0.0041300692623198465,0.0008230741077915305,0.0
LiCl-NaCl,Li,li480,0.85,11.850000000000001,-0.0051104320059980335,0.0007896999145799754,0.0
LiCl-NaCl,Li,li480,0.85,11.95,-0.004501898625740353,0.0008308393262087005,0.0
LiCl-NaCl,Li,li320,0.9,0.05,nan,nan,0.0
LiCl-NaCl,Li,li320,0.9,0.15000000000000002,nan,nan,0.0
LiCl-NaCl,Li,li320,0.9,0.25,nan,nan,0.0
LiCl-NaCl,Li,li320,0.9,0.35000000000000003,nan,nan,0.0
LiCl-NaCl,Li,li320,0.9,0.45,nan,nan,0.0
LiCl-NaCl,Li,li320,0.9,0.55,nan,nan,0.0
LiCl-NaCl,Li,li320,0.9,0.6500000000000001,nan,nan,0.0
LiCl-NaCl,Li,li320,0.9,0.75,nan,nan,0.0
LiCl-NaCl,Li,li320,0.9,0.8500000000000001,nan,nan,0.0
LiCl-NaCl,Li,li320,0.9,0.95,nan,nan,0.0
LiCl-NaCl,Li,li320,0.9,1.05,nan,nan,0.0
LiCl-NaCl,Li,li320,0.9,1.1500000000000001,nan,nan,0.0
LiCl-NaCl,Li,li320,0.9,1.25,nan,nan,0.0
LiCl-NaCl,Li,li320,0.9,1.35,nan,nan,0.0
LiCl-NaCl,Li,li320,0.9,1.4500000000000002,nan,nan,0.0
LiCl-NaCl,Li,li320,0.9,1.55,nan,nan,0.0
LiCl-NaCl,Li,li320,0.9,1.6500000000000001,nan,nan,0.0
LiCl-NaCl,Li,li320,0.9,1.75,nan,nan,0.0
LiCl-NaCl,Li,li320,0.9,1.85,nan,nan,0.0
LiCl-NaCl,Li,li320,0.9,1.9500000000000002,nan,nan,0.0
LiCl-NaCl,Li,li320,0.9,2.05,1.0,nan,0.0
LiCl-NaCl,Li,li320,0.9,2.1500000000000004,0.6297453703703704,0.1399630864102552,0.0
LiCl-NaCl,Li,li320,0.9,2.25,0.6102582846003899,0.07311915011330104,0.0
LiCl-NaCl,Li,li320,0.9,2.3500000000000005,0.41194852941176474,0.07569052384004475,0.0
LiCl-NaCl,Li,li320,0.9,2.45,0.3447467409844055,0.0923516118836267,0.0
LiCl-NaCl,Li,li320,0.9,2.55,0.27166545776918116,0.03282249576489554,0.0
LiCl-NaCl,Li,li320,0.9,2.6500000000000004,0.20037742989165064,0.028291511639597523,0.0
LiCl-NaCl,Li,li320,0.9,2.75,0.1537821701505956,0.009084279526830278,0.0
LiCl-NaCl,Li,li320,0.9,2.8500000000000005,0.10760111774178271,0.008537553260100146,0.0
LiCl-NaCl,Li,li320,0.9,2.95,0.07310434678194044,0.008314861783717886,0.0
LiCl-NaCl,Li,li320,0.9,3.05,0.06068436734162996,0.005341088574848863,0.0
LiCl-NaCl,Li,li320,0.9,3.1500000000000004,0.03717588941817673,0.009604680623389863,0.0
LiCl-NaCl,Li,li320,0.9,3.25,0.024739253393665228,0.002268992557356758,0.0
LiCl-NaCl,Li,li320,0.9,3.3500000000000005,0.012308998632096002,0.003034991073603081,0.0
LiCl-NaCl,Li,li320,0.9,3.45,0.008759420888342362,0.004965383567818992,0.0
LiCl-NaCl,Li,li320,0.9,3.55,-0.0012739340253389297,0.003568649720742707,0.0
LiCl-NaCl,Li,li320,0.9,3.6500000000000004,-0.005280591530868239,0.003641378645359621,0.0
LiCl-NaCl,Li,li320,0.9,3.75,-0.006642125524448428,0.003286261761988414,0.0
LiCl-NaCl,Li,li320,0.9,3.8500000000000005,-0.01028315257579493,0.0036602373142347673,0.0
LiCl-NaCl,Li,li320,0.9,3.95,-0.009799964812354567,0.0022606021642638807,0.0
LiCl-NaCl,Li,li320,0.9,4.050000000000001,-0.012074957487724136,0.0030306287305617674,0.0
LiCl-NaCl,Li,li320,0.9,4.15,-0.008839651596237008,0.003233189924109577,0.0
LiCl-NaCl,Li,li320,0.9,4.25,-0.01087292058278777,0.003906306397658049,0.0
LiCl-NaCl,Li,li320,0.9,4.35,-0.010341566090547039,0.005515291792500323,0.0
LiCl-NaCl,Li,li320,0.9,4.45,-0.01278637346845346,0.0029137171611063745,0.0
LiCl-NaCl,Li,li320,0.9,4.550000000000001,-0.015587736841116806,0.004377664007704498,0.0
LiCl-NaCl,Li,li320,0.9,4.65,-0.016887193547105328,0.0030494794100734044,0.0
LiCl-NaCl,Li,li320,0.9,4.75,-0.01915367876976104,0.002508244158789276,0.0
LiCl-NaCl,Li,li320,0.9,4.8500000000000005,-0.02108259291417869,0.0033229471908588423,0.0
LiCl-NaCl,Li,li320,0.9,4.95,-0.021779893845865983,0.0034438024408424924,0.0
LiCl-NaCl,Li,li320,0.9,5.050000000000001,-0.022577194225190667,0.0024760077951966504,0.0
LiCl-NaCl,Li,li320,0.9,5.15,-0.021826829050936025,0.0011706491183325048,0.0
LiCl-NaCl,Li,li320,0.9,5.25,-0.015830108498096962,0.004123787418302353,0.0
LiCl-NaCl,Li,li320,0.9,5.3500000000000005,-0.017979416213327992,0.005118208287776943,0.0
LiCl-NaCl,Li,li320,0.9,5.45,-0.011259121791645788,0.0031342531840602085,0.0
LiCl-NaCl,Li,li320,0.9,5.550000000000001,-0.009690168590321013,0.005212753965781832,0.0
LiCl-NaCl,Li,li320,0.9,5.65,-0.0028686395073320714,0.0022473730789325757,0.0
LiCl-NaCl,Li,li320,0.9,5.75,0.0027226203634732604,0.00842381807866601,0.0
LiCl-NaCl,Li,li320,0.9,5.8500000000000005,0.006055992499135243,0.0024129199575555842,0.0
LiCl-NaCl,Li,li320,0.9,5.95,0.009295842583782687,0.0031163340174851697,0.0
LiCl-NaCl,Li,li320,0.9,6.050000000000001,0.008234682409342775,0.001358383231733446,0.0
LiCl-NaCl,Li,li320,0.9,6.15,0.012864624053618878,0.00329535999907907,0.0
LiCl-NaCl,Li,li320,0.9,6.25,0.015942244317824428,0.0019268870734974856,0.0
LiCl-NaCl,Li,li320,0.9,6.3500000000000005,0.011993097087244275,0.003843570117416143,0.0
LiCl-NaCl,Li,li320,0.9,6.45,0.013965595392215535,0.003398595967664141,0.0
LiCl-NaCl,Li,li320,0.9,6.550000000000001,0.013408191960009752,0.004057868149418882,0.0
LiCl-NaCl,Li,li320,0.9,6.65,0.012523465527007671,0.002501693212057743,0.0
LiCl-NaCl,Li,li320,0.9,6.75,0.013115027008655855,0.0026204252743375163,0.0
LiCl-NaCl,Li,li320,0.9,6.8500000000000005,0.009496443340146987,0.006111346341030345,0.0
LiCl-NaCl,Li,li320,0.9,6.95,0.007704153223096033,0.00135915468165873,0.0
LiCl-NaCl,Li,li320,0.9,7.050000000000001,0.008891738590546261,0.0030839994781599496,0.0
LiCl-NaCl,Li,li320,0.9,7.15,0.006384129662823201,0.0034035998489685315,0.0
LiCl-NaCl,Li,li320,0.9,7.25,0.0025243004876749353,0.0021288075540948402,0.0
LiCl-NaCl,Li,li320,0.9,7.3500000000000005,0.0015448431515338035,0.002649885713603601,0.0
LiCl-NaCl,Li,li320,0.9,7.45,-0.0008987560784035065,0.0023728658780936135,0.0
LiCl-NaCl,Li,li320,0.9,7.550000000000001,0.00019335337860226787,0.0037339807143018855,0.0
LiCl-NaCl,Li,li320,0.9,7.65,-0.0033019085748986488,0.0029873675149795645,0.0
LiCl-NaCl,Li,li320,0.9,7.75,-0.002922830877194027,0.0013535550575607199,0.0
LiCl-NaCl,Li,li320,0.9,7.8500000000000005,-0.005353596252622106,0.002817858977855445,0.0
LiCl-NaCl,Li,li320,0.9,7.95,-0.004703345773757084,0.0034513844956675145,0.0
LiCl-NaCl,Li,li320,0.9,8.05,-0.004582654090704796,0.0026717402863886577,0.0
LiCl-NaCl,Li,li320,0.9,8.15,-0.005624512092368361,0.0018906619387445084,0.0
LiCl-NaCl,Li,li320,0.9,8.25,-0.006875861792779325,0.0026044220761970755,0.0
LiCl-NaCl,Li,li320,0.9,8.350000000000001,-0.008058087457929686,0.0032976813544750025,0.0
LiCl-NaCl,Li,li320,0.9,8.45,-0.006676695482985773,0.00208361936460607,0.0
LiCl-NaCl,Li,li320,0.9,8.55,-0.008743004621516004,0.0027322071955112486,0.0
LiCl-NaCl,Li,li320,0.9,8.65,-0.007521953682150473,0.0023815507903223966,0.0
LiCl-NaCl,Li,li320,0.9,8.75,-0.004741891567762391,0.0018427715155225866,0.0
LiCl-NaCl,Li,li320,0.9,8.850000000000001,-0.005580977249866725,0.0028999610124423583,0.0
LiCl-NaCl,Li,li320,0.9,8.95,-0.004304621890046212,0.0013629601308228002,0.0
LiCl-NaCl,Li,li320,0.9,9.05,-0.0039020942168603856,0.0014955110471701941,0.0
LiCl-NaCl,Li,li320,0.9,9.15,-0.001971881736033687,0.001305781847818911,0.0
LiCl-NaCl,Li,li320,0.9,9.25,-0.0011918218417108495,0.0026622973136809034,0.0
LiCl-NaCl,Li,li320,0.9,9.350000000000001,-0.0012325590025623612,0.0012760671919145503,0.0
LiCl-NaCl,Li,li320,0.9,9.45,-0.0006738463855768817,0.001346576501830726,0.0
LiCl-NaCl,Li,li320,0.9,9.55,0.001826437785460433,0.0033022670773526475,0.0
LiCl-NaCl,Li,li320,0.9,9.650000000000002,0.0037234948975598536,0.0020885686261757665,0.0
LiCl-NaCl,Li,li320,0.9,9.75,0.004027970557067273,0.000988981109309408,0.0
LiCl-NaCl,Li,li320,0.9,9.850000000000001,0.0044188401261962,0.001913487623347596,0.0
LiCl-NaCl,Li,li320,0.9,9.95,0.0015646337075067018,0.0017476040264628467,0.0
LiCl-NaCl,Li,li320,0.9,10.05,0.003833911218163011,0.0015376000531881803,0.0
LiCl-NaCl,Li,li320,0.9,10.150000000000002,0.004886762430461156,0.0024157494378582514,0.0
LiCl-NaCl,Li,li320,0.9,10.25,0.0032638765465011765,0.0022542481493392245,0.0
LiCl-NaCl,Li,li320,0.9,10.350000000000001,0.004025175931162361,0.0017985970512473535,0.0
LiCl-NaCl,Li,li320,0.9,10.45,0.002550231400345271,0.0015532852035995027,0.0
LiCl-NaCl,Li,li320,0.9,10.55,0.003630651832206233,0.00148033044456662,0.0
LiCl-NaCl,Li,li320,0.9,10.650000000000002,0.002346408871128247,0.001975226844347374,0.0
LiCl-NaCl,Li,li320,0.9,10.75,0.002552434143671456,0.000754000838666725,0.0
LiCl-NaCl,Li,li320,0.9,10.850000000000001,0.0030053630602410175,0.0019266276743797007,0.0
LiCl-NaCl,Li,li320,0.9,10.95,0.00061273357782754,0.0011267812859106353,0.0
LiCl-NaCl,Li,li320,0.9,11.05,0.0016930853126758683,0.0013561409357415934,0.0
LiCl-NaCl,Li,li320,0.9,11.150000000000002,2.814485994051541e-05,0.002590309431618838,0.0
LiCl-NaCl,Li,li320,0.9,11.25,0.0009582118279610752,0.0025772232236679375,0.0
LiCl-NaCl,Li,li320,0.9,11.350000000000001,-0.0012732863896496305,0.0011400007097783667,0.0
LiCl-NaCl,Li,li320,0.9,11.45,-0.0013760161482654354,0.0014285310263926468,0.0
LiCl-NaCl,Li,li320,0.9,11.55,-0.0013814098970985622,0.001243826024773479,0.0
LiCl-NaCl,Li,li320,0.9,11.650000000000002,-0.0010819245542132983,0.0003630759655718152,0.0
LiCl-NaCl,Li,li320,0.9,11.75,-0.002918148355275374,0.001492890116485107,0.0
LiCl-NaCl,Li,li320,0.9,11.850000000000001,-0.002567778901376938,0.0012207167511867245,0.0
LiCl-NaCl,Li,li320,0.9,11.95,-0.0021073240459725806,0.000775005213875997,0.0
LiCl-NaCl,Li,li160,0.95,0.05,nan,nan,0.0
LiCl-NaCl,Li,li160,0.95,0.15000000000000002,nan,nan,0.0
LiCl-NaCl,Li,li160,0.95,0.25,nan,nan,0.0
LiCl-NaCl,Li,li160,0.95,0.35000000000000003,nan,nan,0.0
LiCl-NaCl,Li,li160,0.95,0.45,nan,nan,0.0
LiCl-NaCl,Li,li160,0.95,0.55,nan,nan,0.0
LiCl-NaCl,Li,li160,0.95,0.6500000000000001,nan,nan,0.0
LiCl-NaCl,Li,li160,0.95,0.75,nan,nan,0.0
LiCl-NaCl,Li,li160,0.95,0.8500000000000001,nan,nan,0.0
LiCl-NaCl,Li,li160,0.95,0.95,nan,nan,0.0
LiCl-NaCl,Li,li160,0.95,1.05,nan,nan,0.0
LiCl-NaCl,Li,li160,0.95,1.1500000000000001,nan,nan,0.0
LiCl-NaCl,Li,li160,0.95,1.25,nan,nan,0.0
LiCl-NaCl,Li,li160,0.95,1.35,nan,nan,0.0
LiCl-NaCl,Li,li160,0.95,1.4500000000000002,nan,nan,0.0
LiCl-NaCl,Li,li160,0.95,1.55,nan,nan,0.0
LiCl-NaCl,Li,li160,0.95,1.6500000000000001,nan,nan,0.0
LiCl-NaCl,Li,li160,0.95,1.75,nan,nan,0.0
LiCl-NaCl,Li,li160,0.95,1.85,nan,nan,0.0
LiCl-NaCl,Li,li160,0.95,1.9500000000000002,nan,nan,0.0
LiCl-NaCl,Li,li160,0.95,2.05,0.6492324561403509,nan,0.0
LiCl-NaCl,Li,li160,0.95,2.1500000000000004,0.36861842105263154,0.607547207611057,0.0
LiCl-NaCl,Li,li160,0.95,2.25,0.3050831678252235,0.283736720353363,0.0
LiCl-NaCl,Li,li160,0.95,2.3500000000000005,0.36325636942675155,0.056316833038757425,0.0
LiCl-NaCl,Li,li160,0.95,2.45,0.2089247195858499,0.04409403455808417,0.0
LiCl-NaCl,Li,li160,0.95,2.55,0.11469322082379851,0.025277369651755602,0.0
LiCl-NaCl,Li,li160,0.95,2.6500000000000004,0.12140706728922246,0.03778667253048178,0.0
LiCl-NaCl,Li,li160,0.95,2.75,0.09212506313034685,0.010392262795999276,0.0
LiCl-NaCl,Li,li160,0.95,2.8500000000000005,0.06144953286143773,0.00806522618147892,0.0
LiCl-NaCl,Li,li160,0.95,2.95,0.044089561138495714,0.008995143783494036,0.0
LiCl-NaCl,Li,li160,0.95,3.05,0.03111764381203841,0.0022117840781683395,0.0
LiCl-NaCl,Li,li160,0.95,3.1500000000000004,0.015111467227942543,0.007235930004536622,0.0
LiCl-NaCl,Li,li160,0.95,3.25,0.01312212143357716,0.0023011428588860703,0.0
LiCl-NaCl,Li,li160,0.95,3.3500000000000005,0.00649234333888693,0.006768115286506814,0.0
LiCl-NaCl,Li,li160,0.95,3.45,0.0035458321082034727,0.007461865282198613,0.0
LiCl-NaCl,Li,li160,0.95,3.55,-0.0009179362420801418,0.00392601809223507,0.0
LiCl-NaCl,Li,li160,0.95,3.6500000000000004,-0.004331668719757209,0.004890726214793359,0.0
LiCl-NaCl,Li,li160,0.95,3.75,-0.0051160692970873,0.0022767648694442576,0.0
LiCl-NaCl,Li,li160,0.95,3.8500000000000005,-0.003488330196211864,0.002992169102567969,0.0
LiCl-NaCl,Li,li160,0.95,3.95,-0.0056655060911836586,0.004696257118545556,0.0
LiCl-NaCl,Li,li160,0.95,4.050000000000001,-0.006021872930213057,0.005039693136394201,0.0
LiCl-NaCl,Li,li160,0.95,4.15,-0.003848523235749912,0.0036154315722877837,0.0
LiCl-NaCl,Li,li160,0.95,4.25,-0.0073297298936505495,0.0030129578096787894,0.0
LiCl-NaCl,Li,li160,0.95,4.35,-0.006550343249428048,0.005730199284497321,0.0
LiCl-NaCl,Li,li160,0.95,4.45,-0.007232374709336575,0.004849187946884413,0.0
LiCl-NaCl,Li,li160,0.95,4.550000000000001,-0.0065170543318424645,0.0026893495471082014,0.0
LiCl-NaCl,Li,li160,0.95,4.65,-0.007644726689408632,0.0040379259047729306,0.0
LiCl-NaCl,Li,li160,0.95,4.75,-0.010394659781310933,0.005364296208669096,0.0
LiCl-NaCl,Li,li160,0.95,4.8500000000000005,-0.011896140388581777,0.0031120392651862987,0.0
LiCl-NaCl,Li,li160,0.95,4.95,-0.011408674002709507,0.004187067813099127,0.0
LiCl-NaCl,Li,li160,0.95,5.050000000000001,-0.011513125857789408,0.003835732530983183,0.0
LiCl-NaCl,Li,li160,0.95,5.15,-0.012047492111636249,0.0038241685591593444,0.0
LiCl-NaCl,Li,li160,0.95,5.25,-0.00960293757496844,0.00246387601877092,0.0
LiCl-NaCl,Li,li160,0.95,5.3500000000000005,-0.00916934106268319,0.0027286031539908093,0.0
LiCl-NaCl,Li,li160,0.95,5.45,-0.0055013118163134145,0.0035867438419382716,0.0
LiCl-NaCl,Li,li160,0.95,5.550000000000001,-0.007109251364748603,0.0024801711357017465,0.0
LiCl-NaCl,Li,li160,0.95,5.65,-0.004087283552016041,0.004199931739776552,0.0
LiCl-NaCl,Li,li160,0.95,5.75,-0.0006252158193662538,0.005957413978822177,0.0
LiCl-NaCl,Li,li160,0.95,5.8500000000000005,0.001247360051250812,0.0051423701563052355,0.0
LiCl-NaCl,Li,li160,0.95,5.95,0.0027292437305216355,0.0036219399799711062,0.0
LiCl-NaCl,Li,li160,0.95,6.050000000000001,0.003686997706090822,0.0048123911378488106,0.0
LiCl-NaCl,Li,li160,0.95,6.15,0.009224392902040246,0.0031782603891310868,0.0
LiCl-NaCl,Li,li160,0.95,6.25,0.007142153597452516,0.004677461040248635,0.0
LiCl-NaCl,Li,li160,0.95,6.3500000000000005,0.008013666711049416,0.0018673301161738637,0.0
LiCl-NaCl,Li,li160,0.95,6.45,0.008083836859348548,0.00434844987928933,0.0
LiCl-NaCl,Li,li160,0.95,6.550000000000001,0.0051827929079146795,0.003986541410643338,0.0
LiCl-NaCl,Li,li160,0.95,6.65,0.009374412014987343,0.005478534008783419,0.0
LiCl-NaCl,Li,li160,0.95,6.75,0.006635801464664137,0.004538281762925609,0.0
LiCl-NaCl,Li,li160,0.95,6.8500000000000005,0.0033367660824022982,0.0037319086653341106,0.0
LiCl-NaCl,Li,li160,0.95,6.95,0.004217931819118781,0.0027553361765200635,0.0
LiCl-NaCl,Li,li160,0.95,7.050000000000001,0.001349854493429281,0.0011323361329897423,0.0
LiCl-NaCl,Li,li160,0.95,7.15,0.000396805144802892,0.003519698432554528,0.0
LiCl-NaCl,Li,li160,0.95,7.25,0.0021444043451446237,0.0019200866900896604,0.0
LiCl-NaCl,Li,li160,0.95,7.3500000000000005,-0.0018059119611799623,0.0027140475301859084,0.0
LiCl-NaCl,Li,li160,0.95,7.45,0.0002044754331166354,0.0021608204734785376,0.0
LiCl-NaCl,Li,li160,0.95,7.550000000000001,0.00037556684766371085,0.001661551632719797,0.0
LiCl-NaCl,Li,li160,0.95,7.65,-0.001933858212424866,0.0018020062226119834,0.0
LiCl-NaCl,Li,li160,0.95,7.75,-0.0017778857239052481,0.0010547625380194685,0.0
LiCl-NaCl,Li,li160,0.95,7.8500000000000005,-0.0035497307553591373,0.003252825475584143,0.0
LiCl-NaCl,Li,li160,0.95,7.95,-0.003259737618921399,0.0032407803922401683,0.0
LiCl-NaCl,Li,li160,0.95,8.05,-0.0019021094103615077,0.0016671468901493748,0.0
LiCl-NaCl,Li,li160,0.95,8.15,-0.0043069301962535,0.002463614968974716,0.0
LiCl-NaCl,Li,li160,0.95,8.25,-0.0037234323816270898,0.0033204923594179537,0.0
LiCl-NaCl,Li,li160,0.95,8.350000000000001,-0.004068303666744821,0.002276396581913291,0.0
LiCl-NaCl,Li,li160,0.95,8.45,-0.004526468237853409,0.0024403388381629273,0.0
LiCl-NaCl,Li,li160,0.95,8.55,-0.004999354260362354,0.002203509790581989,0.0
LiCl-NaCl,Li,li160,0.95,8.65,-0.004879392727866083,0.0028714076860660584,0.0
LiCl-NaCl,Li,li160,0.95,8.75,-0.004029504573203502,0.002906077726532204,0.0
LiCl-NaCl,Li,li160,0.95,8.850000000000001,-0.002604438321297309,0.002458726721226022,0.0
LiCl-NaCl,Li,li160,0.95,8.95,-0.0021679796535392093,0.003069587627581451,0.0
LiCl-NaCl,Li,li160,0.95,9.05,-0.002750996366194025,0.003478116377865322,0.0
LiCl-NaCl,Li,li160,0.95,9.15,-0.00272664417113222,0.003056330863852924,0.0
LiCl-NaCl,Li,li160,0.95,9.25,-0.0018915534639818432,0.0019388665966992998,0.0
LiCl-NaCl,Li,li160,0.95,9.350000000000001,-8.607513078318085e-05,0.003841628919167317,0.0
LiCl-NaCl,Li,li160,0.95,9.45,-0.0014669077682574194,0.001080706193859638,0.0
LiCl-NaCl,Li,li160,0.95,9.55,0.0002043020208423174,0.0016971333778677646,0.0
LiCl-NaCl,Li,li160,0.95,9.650000000000002,0.0023279647815205307,0.002682738121965829,0.0
LiCl-NaCl,Li,li160,0.95,9.75,-0.0004521979854812397,0.0021898463291245562,0.0
LiCl-NaCl,Li,li160,0.95,9.850000000000001,0.0003470068576238994,0.0014783358083164113,0.0
LiCl-NaCl,Li,li160,0.95,9.95,0.00014712102068992206,0.0027946770797347433,0.0
LiCl-NaCl,Li,li160,0.95,10.05,0.0018631154133395,0.0028085860143246518,0.0
LiCl-NaCl,Li,li160,0.95,10.150000000000002,0.0008593536318525219,0.0026390005628759206,0.0
LiCl-NaCl,Li,li160,0.95,10.25,0.0007800215822336698,0.003430836059668021,0.0
LiCl-NaCl,Li,li160,0.95,10.350000000000001,0.001425608439711401,0.0026765484611062187,0.0
LiCl-NaCl,Li,li160,0.95,10.45,0.0013250781819743596,0.0014153901512599322,0.0
LiCl-NaCl,Li,li160,0.95,10.55,0.0016639627764648557,0.003045382333797904,0.0
LiCl-NaCl,Li,li160,0.95,10.650000000000002,0.0009521175660466286,0.0019411772030088988,0.0
LiCl-NaCl,Li,li160,0.95,10.75,0.0009190019106417591,0.0019368756846729171,0.0
LiCl-NaCl,Li,li160,0.95,10.850000000000001,-0.00033090382649980654,0.002205463218471711,0.0
LiCl-NaCl,Li,li160,0.95,10.95,-0.00037433033787204195,0.0021170025700093555,0.0
LiCl-NaCl,Li,li160,0.95,11.05,-0.0011638781314751157,0.0028524692221983403,0.0
LiCl-NaCl,Li,li160,0.95,11.150000000000002,-0.0007095430173533757,0.0032751103434362303,0.0
LiCl-NaCl,Li,li160,0.95,11.25,-0.002514054218532902,0.002646111258498481,0.0
LiCl-NaCl,Li,li160,0.95,11.350000000000001,-0.0024375201035060634,0.001910848196904331,0.0
LiCl-NaCl,Li,li160,0.95,11.45,-0.000827955485963594,0.0012291145277538676,0.0
LiCl-NaCl,Li,li160,0.95,11.55,-0.0011615343338473583,0.0018589804717545869,0.0
LiCl-NaCl,Li,li160,0.95,11.650000000000002,-0.0010644963674817376,0.00172380881266742,0.0
LiCl-NaCl,Li,li160,0.95,11.75,-0.0004340926064227979,0.0021633099890750345,0.0
LiCl-NaCl,Li,li160,0.95,11.850000000000001,-0.0012266131677254322,0.0014567719972968854,0.0
LiCl-NaCl,Li,li160,0.95,11.95,-0.002261647384852239,0.0010843070476854442,0.0
MgCl2-NaCl,Mg,cl4256,0.014925373134328358,0.05,nan,nan,0.0
MgCl2-NaCl,Mg,cl4256,0.014925373134328358,0.15000000000000002,nan,nan,0.0
MgCl2-NaCl,Mg,cl4256,0.014925373134328358,0.25,nan,nan,0.0
MgCl2-NaCl,Mg,cl4256,0.014925373134328358,0.35000000000000003,nan,nan,0.0
MgCl2-NaCl,Mg,cl4256,0.014925373134328358,0.45,nan,nan,0.0
MgCl2-NaCl,Mg,cl4256,0.014925373134328358,0.55,nan,nan,0.0
MgCl2-NaCl,Mg,cl4256,0.014925373134328358,0.6500000000000001,nan,nan,0.0
MgCl2-NaCl,Mg,cl4256,0.014925373134328358,0.75,nan,nan,0.0
MgCl2-NaCl,Mg,cl4256,0.014925373134328358,0.8500000000000001,nan,nan,0.0
MgCl2-NaCl,Mg,cl4256,0.014925373134328358,0.95,nan,nan,0.0
MgCl2-NaCl,Mg,cl4256,0.014925373134328358,1.05,nan,nan,0.0
MgCl2-NaCl,Mg,cl4256,0.014925373134328358,1.1500000000000001,nan,nan,0.0
MgCl2-NaCl,Mg,cl4256,0.014925373134328358,1.25,nan,nan,0.0
MgCl2-NaCl,Mg,cl4256,0.014925373134328358,1.35,nan,nan,0.0
MgCl2-NaCl,Mg,cl4256,0.014925373134328358,1.4500000000000002,nan,nan,0.0
MgCl2-NaCl,Mg,cl4256,0.014925373134328358,1.55,nan,nan,0.0
MgCl2-NaCl,Mg,cl4256,0.014925373134328358,1.6500000000000001,nan,nan,0.0
MgCl2-NaCl,Mg,cl4256,0.014925373134328358,1.75,nan,nan,0.0
MgCl2-NaCl,Mg,cl4256,0.014925373134328358,1.85,nan,nan,0.0
MgCl2-NaCl,Mg,cl4256,0.014925373134328358,1.9500000000000002,nan,nan,0.0
MgCl2-NaCl,Mg,cl4256,0.014925373134328358,2.05,nan,nan,0.0
MgCl2-NaCl,Mg,cl4256,0.014925373134328358,2.1500000000000004,nan,nan,0.0
MgCl2-NaCl,Mg,cl4256,0.014925373134328358,2.25,nan,nan,0.0
MgCl2-NaCl,Mg,cl4256,0.014925373134328358,2.3500000000000005,nan,nan,0.0
MgCl2-NaCl,Mg,cl4256,0.014925373134328358,2.45,1.0,0.0,0.0
MgCl2-NaCl,Mg,cl4256,0.014925373134328358,2.55,1.0,0.0,0.0
MgCl2-NaCl,Mg,cl4256,0.014925373134328358,2.6500000000000004,0.04330357142857144,0.887947036091338,0.0
MgCl2-NaCl,Mg,cl4256,0.014925373134328358,2.75,0.5423547835990888,0.41061881915894616,0.0
MgCl2-NaCl,Mg,cl4256,0.014925373134328358,2.8500000000000005,0.725597099417727,0.18689088057994915,0.0
MgCl2-NaCl,Mg,cl4256,0.014925373134328358,2.95,0.7519258292641859,0.037270948192590345,0.0
MgCl2-NaCl,Mg,cl4256,0.014925373134328358,3.05,0.6914111854329246,0.10281559710522548,0.0
MgCl2-NaCl,Mg,cl4256,0.014925373134328358,3.1500000000000004,0.6433721171563367,0.019250521068561174,0.0
MgCl2-NaCl,Mg,cl4256,0.014925373134328358,3.25,0.5784424512181332,0.04115805499692887,0.0
MgCl2-NaCl,Mg,cl4256,0.014925373134328358,3.3500000000000005,0.4994435197514425,0.03828036443740145,0.0
MgCl2-NaCl,Mg,cl4256,0.014925373134328358,3.45,0.3598522775819716,0.05292383969824102,0.0
MgCl2-NaCl,Mg,cl4256,0.014925373134328358,3.55,0.28727266458133593,0.04701065766902595,0.0
MgCl2-NaCl,Mg,cl4256,0.014925373134328358,3.6500000000000004,0.18907516752966413,0.04015009942364529,0.0
MgCl2-NaCl,Mg,cl4256,0.014925373134328358,3.75,0.10178123986533438,0.04558602886729999,0.0
MgCl2-NaCl,Mg,cl4256,0.014925373134328358,3.8500000000000005,0.08616425704253039,0.022491159519269,0.0
MgCl2-NaCl,Mg,cl4256,0.014925373134328358,3.95,0.051589614441374665,0.03772896458447779,0.0
MgCl2-NaCl,Mg,cl4256,0.014925373134328358,4.050000000000001,0.013931130475305586,0.041619634223929024,0.0
MgCl2-NaCl,Mg,cl4256,0.014925373134328358,4.15,-0.03272137710112788,0.014619786116902216,0.0
MgCl2-NaCl,Mg,cl4256,0.014925373134328358,4.25,-0.06847815908190236,0.005427633019366997,0.0
MgCl2-NaCl,Mg,cl4256,0.014925373134328358,4.35,-0.1623385281680536,0.04458255695861254,0.0
MgCl2-NaCl,Mg,cl4256,0.014925373134328358,4.45,-0.20571921893307366,0.03051729575346397,0.0
MgCl2-NaCl,Mg,cl4256,0.014925373134328358,4.550000000000001,-0.3228971544979673,0.023761099370479336,0.0
MgCl2-NaCl,Mg,cl4256,0.014925373134328358,4.65,-0.4544974722698283,0.06094774832433971,0.0
MgCl2-NaCl,Mg,cl4256,0.014925373134328358,4.75,-0.5792961790945452,0.03204577105621699,0.0
MgCl2-NaCl,Mg,cl4256,0.014925373134328358,4.8500000000000005,-0.6951856521054229,0.028500153297982566,0.0
MgCl2-NaCl,Mg,cl4256,0.014925373134328358,4.95,-0.8208768241281961,0.05005811747401723,0.0
MgCl2-NaCl,Mg,cl4256,0.014925373134328358,5.050000000000001,-0.828448415181972,0.039682749091873255,0.0
MgCl2-NaCl,Mg,cl4256,0.014925373134328358,5.15,-0.7561874326157982,0.06634850683560611,0.0
MgCl2-NaCl,Mg,cl4256,0.014925373134328358,5.25,-0.7047828237820586,0.056657410287219274,0.0
MgCl2-NaCl,Mg,cl4256,0.014925373134328358,5.3500000000000005,-0.5260865475699379,0.02430854638250109,0.0
MgCl2-NaCl,Mg,cl4256,0.014925373134328358,5.45,-0.4576030717415567,0.0623644088790811,0.0
MgCl2-NaCl,Mg,cl4256,0.014925373134328358,5.550000000000001,-0.34417771671259123,0.03326142804210729,0.0
MgCl2-NaCl,Mg,cl4256,0.014925373134328358,5.65,-0.2456051012380247,0.025831988828156616,0.0
MgCl2-NaCl,Mg,cl4256,0.014925373134328358,5.75,-0.15865408687616056,0.013035101552283088,0.0
MgCl2-NaCl,Mg,cl4256,0.014925373134328358,5.8500000000000005,-0.0548960044096225,0.03003398674731733,0.0
MgCl2-NaCl,Mg,cl4256,0.014925373134328358,5.95,0.01624277230817317,0.026900412082225968,0.0
MgCl2-NaCl,Mg,cl4256,0.014925373134328358,6.050000000000001,0.0798032871426907,0.029198639421290105,0.0
MgCl2-NaCl,Mg,cl4256,0.014925373134328358,6.15,0.10337721678375045,0.03740477368778226,0.0
MgCl2-NaCl,Mg,cl4256,0.014925373134328358,6.25,0.12454574169673271,0.020679681533437508,0.0
MgCl2-NaCl,Mg,cl4256,0.014925373134328358,6.3500000000000005,0.1509587219752503,0.012220905454077634,0.0
MgCl2-NaCl,Mg,cl4256,0.014925373134328358,6.45,0.1583581480606514,0.016427623141113606,0.0
MgCl2-NaCl,Mg,cl4256,0.014925373134328358,6.550000000000001,0.1761317578677366,0.01945939513729593,0.0
MgCl2-NaCl,Mg,cl4256,0.014925373134328358,6.65,0.18626300612923574,0.016961662211516827,0.0
MgCl2-NaCl,Mg,cl4256,0.014925373134328358,6.75,0.17123097024667844,0.011691495650832863,0.0
MgCl2-NaCl,Mg,cl4256,0.014925373134328358,6.8500000000000005,0.1854482810645104,0.02296121046266582,0.0
MgCl2-NaCl,Mg,cl4256,0.014925373134328358,6.95,0.15982292114763652,0.016443968842200795,0.0
MgCl2-NaCl,Mg,cl4256,0.014925373134328358,7.050000000000001,0.1676045396469864,0.023842005930347944,0.0
MgCl2-NaCl,Mg,cl4256,0.014925373134328358,7.15,0.14023714000971044,0.018408186414431777,0.0
MgCl2-NaCl,Mg,cl4256,0.014925373134328358,7.25,0.11515449728242277,0.013089231029245241,0.0
MgCl2-NaCl,Mg,cl4256,0.014925373134328358,7.3500000000000005,0.10077446564866921,0.016608234476700224,0.0
MgCl2-NaCl,Mg,cl4256,0.014925373134328358,7.45,0.06980281604218208,0.008234342982728378,0.0
MgCl2-NaCl,Mg,cl4256,0.014925373134328358,7.550000000000001,0.05253108493840064,0.007563519514514612,0.0
MgCl2-NaCl,Mg,cl4256,0.014925373134328358,7.65,0.04369479430767975,0.027685745854651632,0.0
MgCl2-NaCl,Mg,cl4256,0.014925373134328358,7.75,0.008317245518435934,0.012084817289111675,0.0
MgCl2-NaCl,Mg,cl4256,0.014925373134328358,7.8500000000000005,-0.019961789292718857,0.01658800613465835,0.0
MgCl2-NaCl,Mg,cl4256,0.014925373134328358,7.95,-0.012792651597162807,0.012520639925199542,0.0
MgCl2-NaCl,Mg,cl4256,0.014925373134328358,8.05,-0.0540887200064617,0.01099712853073738,0.0
MgCl2-NaCl,Mg,cl4256,0.014925373134328358,8.15,-0.05268195978313228,0.028795768601584785,0.0
MgCl2-NaCl,Mg,cl4256,0.014925373134328358,8.25,-0.07125615928030693,0.009644245969217294,0.0
MgCl2-NaCl,Mg,cl4256,0.014925373134328358,8.350000000000001,-0.09387564708247487,0.013271213370380067,0.0
MgCl2-NaCl,Mg,cl4256,0.014925373134328358,8.45,-0.08581893845911548,0.015514766540630234,0.0
MgCl2-NaCl,Mg,cl4256,0.014925373134328358,8.55,-0.07095374373119068,0.02636286358473161,0.0
MgCl2-NaCl,Mg,cl4256,0.014925373134328358,8.65,-0.06455823461598964,0.024490970205656964,0.0
MgCl2-NaCl,Mg,cl4256,0.014925373134328358,8.75,-0.06477160187164843,0.01941517028388658,0.0
MgCl2-NaCl,Mg,cl4256,0.014925373134328358,8.850000000000001,-0.04454436243958515,0.022525503808258587,0.0
MgCl2-NaCl,Mg,cl4256,0.014925373134328358,8.95,-0.03903232875003071,0.020117824573454297,0.0
MgCl2-NaCl,Mg,cl4256,0.014925373134328358,9.05,-0.02395456424141318,0.011445877351583759,0.0
MgCl2-NaCl,Mg,cl4256,0.014925373134328358,9.15,3.542838805881132e-06,0.02108256369397324,0.0
MgCl2-NaCl,Mg,cl4256,0.014925373134328358,9.25,0.009945608819464491,0.014098127047528726,0.0
MgCl2-NaCl,Mg,cl4256,0.014925373134328358,9.350000000000001,0.005940727862024597,0.032801687476096374,0.0
MgCl2-NaCl,Mg,cl4256,0.014925373134328358,9.45,0.028038431548808362,0.007586408841118284,0.0
MgCl2-NaCl,Mg,cl4256,0.014925373134328358,9.55,0.046648117639177866,0.011675953150731043,0.0
MgCl2-NaCl,Mg,cl4256,0.014925373134328358,9.650000000000002,0.05372596533436769,0.005859287642854612,0.0
MgCl2-NaCl,Mg,cl4256,0.014925373134328358,9.75,0.0333880829379295,0.0218597470090289,0.0
MgCl2-NaCl,Mg,cl4256,0.014925373134328358,9.850000000000001,0.03613426183674062,0.01572455670509573,0.0
MgCl2-NaCl,Mg,cl4256,0.014925373134328358,9.95,0.05447822230397914,0.0220629141654016,0.0
MgCl2-NaCl,Mg,cl4256,0.014925373134328358,10.05,0.04671471631410262,0.018262057615271905,0.0
MgCl2-NaCl,Mg,cl4256,0.014925373134328358,10.150000000000002,0.036063945455595436,0.02105712420575403,0.0
MgCl2-NaCl,Mg,cl4256,0.014925373134328358,10.25,0.04603051398855729,0.01133959835517057,0.0
MgCl2-NaCl,Mg,cl4256,0.014925373134328358,10.350000000000001,0.04180571726244886,0.019095706142448068,0.0
MgCl2-NaCl,Mg,cl4256,0.014925373134328358,10.45,0.021505020660253837,0.009977699860576823,0.0
MgCl2-NaCl,Mg,cl4256,0.014925373134328358,10.55,0.012236109716547983,0.011134005703172762,0.0
MgCl2-NaCl,Mg,cl4256,0.014925373134328358,10.650000000000002,0.0006761860308579504,0.016091720987955773,0.0
MgCl2-NaCl,Mg,cl4256,0.014925373134328358,10.75,-0.004974085493059999,0.006756090974813326,0.0
MgCl2-NaCl,Mg,cl4256,0.014925373134328358,10.850000000000001,-0.010379120889399962,0.022676341285083213,0.0
MgCl2-NaCl,Mg,cl4256,0.014925373134328358,10.95,-0.025959943803871566,0.01235847199325773,0.0
MgCl2-NaCl,Mg,cl4256,0.014925373134328358,11.05,-0.01655827480004679,0.011196477982322022,0.0
MgCl2-NaCl,Mg,cl4256,0.014925373134328358,11.150000000000002,-0.03768094274258749,0.004912903264897485,0.0
MgCl2-NaCl,Mg,cl4256,0.014925373134328358,11.25,-0.034452077384232505,0.0165712956830658,0.0
MgCl2-NaCl,Mg,cl4256,0.014925373134328358,11.350000000000001,-0.02888777955036126,0.010356202827675276,0.0
MgCl2-NaCl,Mg,cl4256,0.014925373134328358,11.45,-0.030581374196250843,0.006650791573860141,0.0
MgCl2-NaCl,Mg,cl4256,0.014925373134328358,11.55,-0.04147998521106655,0.006544113209029637,0.0
MgCl2-NaCl,Mg,cl4256,0.014925373134328358,11.650000000000002,-0.037375108576489735,0.011338799606510621,0.0
MgCl2-NaCl,Mg,cl4256,0.014925373134328358,11.75,-0.039746391936438474,0.01620422309067771,0.0
MgCl2-NaCl,Mg,cl4256,0.014925373134328358,11.850000000000001,-0.03474934832912702,0.007430749962437163,0.0
MgCl2-NaCl,Mg,cl4256,0.014925373134328358,11.95,-0.024335928527026596,0.01481349102903432,0.0
MgCl2-NaCl,Mg,cl4224,0.058823529411764705,0.05,nan,nan,0.0
MgCl2-NaCl,Mg,cl4224,0.058823529411764705,0.15000000000000002,nan,nan,0.0
MgCl2-NaCl,Mg,cl4224,0.058823529411764705,0.25,nan,nan,0.0
MgCl2-NaCl,Mg,cl4224,0.058823529411764705,0.35000000000000003,nan,nan,0.0
MgCl2-NaCl,Mg,cl4224,0.058823529411764705,0.45,nan,nan,0.0
MgCl2-NaCl,Mg,cl4224,0.058823529411764705,0.55,nan,nan,0.0
MgCl2-NaCl,Mg,cl4224,0.058823529411764705,0.6500000000000001,nan,nan,0.0
MgCl2-NaCl,Mg,cl4224,0.058823529411764705,0.75,nan,nan,0.0
MgCl2-NaCl,Mg,cl4224,0.058823529411764705,0.8500000000000001,nan,nan,0.0
MgCl2-NaCl,Mg,cl4224,0.058823529411764705,0.95,nan,nan,0.0
MgCl2-NaCl,Mg,cl4224,0.058823529411764705,1.05,nan,nan,0.0
MgCl2-NaCl,Mg,cl4224,0.058823529411764705,1.1500000000000001,nan,nan,0.0
MgCl2-NaCl,Mg,cl4224,0.058823529411764705,1.25,nan,nan,0.0
MgCl2-NaCl,Mg,cl4224,0.058823529411764705,1.35,nan,nan,0.0
MgCl2-NaCl,Mg,cl4224,0.058823529411764705,1.4500000000000002,nan,nan,0.0
MgCl2-NaCl,Mg,cl4224,0.058823529411764705,1.55,nan,nan,0.0
MgCl2-NaCl,Mg,cl4224,0.058823529411764705,1.6500000000000001,nan,nan,0.0
MgCl2-NaCl,Mg,cl4224,0.058823529411764705,1.75,nan,nan,0.0
MgCl2-NaCl,Mg,cl4224,0.058823529411764705,1.85,nan,nan,0.0
MgCl2-NaCl,Mg,cl4224,0.058823529411764705,1.9500000000000002,nan,nan,0.0
MgCl2-NaCl,Mg,cl4224,0.058823529411764705,2.05,nan,nan,0.0
MgCl2-NaCl,Mg,cl4224,0.058823529411764705,2.1500000000000004,nan,nan,0.0
MgCl2-NaCl,Mg,cl4224,0.058823529411764705,2.25,nan,nan,0.0
MgCl2-NaCl,Mg,cl4224,0.058823529411764705,2.3500000000000005,1.0,nan,0.0
MgCl2-NaCl,Mg,cl4224,0.058823529411764705,2.45,1.0,0.0,0.0
MgCl2-NaCl,Mg,cl4224,0.058823529411764705,2.55,0.6668198529411764,0.5845490205603417,0.0
MgCl2-NaCl,Mg,cl4224,0.058823529411764705,2.6500000000000004,0.7344970703125,0.169567709456637,0.0
MgCl2-NaCl,Mg,cl4224,0.058823529411764705,2.75,0.6968034813809154,0.17822992341787927,0.0
MgCl2-NaCl,Mg,cl4224,0.058823529411764705,2.8500000000000005,0.6563559511063526,0.0990086810077181,0.0
MgCl2-NaCl,Mg,cl4224,0.058823529411764705,2.95,0.6996592022202873,0.03949437237431886,0.0
MgCl2-NaCl,Mg,cl4224,0.058823529411764705,3.05,0.6445758311260857,0.025257213881197667,0.0
MgCl2-NaCl,Mg,cl4224,0.058823529411764705,3.1500000000000004,0.5841085645436148,0.016554632505436838,0.0
MgCl2-NaCl,Mg,cl4224,0.058823529411764705,3.25,0.5263517238333288,0.019029117304002197,0.0
MgCl2-NaCl,Mg,cl4224,0.058823529411764705,3.3500000000000005,0.46164429653288785,0.007796754299259608,0.0
MgCl2-NaCl,Mg,cl4224,0.058823529411764705,3.45,0.37128616626896205,0.023104591100867305,0.0
MgCl2-NaCl,Mg,cl4224,0.058823529411764705,3.55,0.2702752935610192,0.014033618751422157,0.0
MgCl2-NaCl,Mg,cl4224,0.058823529411764705,3.6500000000000004,0.17184768393807048,0.01908448195068894,0.0
MgCl2-NaCl,Mg,cl4224,0.058823529411764705,3.75,0.11266822787346764,0.014343382723896193,0.0
MgCl2-NaCl,Mg,cl4224,0.058823529411764705,3.8500000000000005,0.06245740037909597,0.016609903573270662,0.0
MgCl2-NaCl,Mg,cl4224,0.058823529411764705,3.95,0.030320501305568848,0.016799367466649895,0.0
MgCl2-NaCl,Mg,cl4224,0.058823529411764705,4.050000000000001,0.002036438841512056,0.01788960296551077,0.0
MgCl2-NaCl,Mg,cl4224,0.058823529411764705,4.15,-0.03609853032759758,0.019121109785348096,0.0
MgCl2-NaCl,Mg,cl4224,0.058823529411764705,4.25,-0.08426733472137471,0.012383044063698136,0.0
MgCl2-NaCl,Mg,cl4224,0.058823529411764705,4.35,-0.14763783151551513,0.014001972101912119,0.0
MgCl2-NaCl,Mg,cl4224,0.058823529411764705,4.45,-0.2125389082570226,0.016948506695232853,0.0
MgCl2-NaCl,Mg,cl4224,0.058823529411764705,4.550000000000001,-0.2989777436526231,0.015154969001860237,0.0
MgCl2-NaCl,Mg,cl4224,0.058823529411764705,4.65,-0.4248727883581751,0.02547113442531984,0.0
MgCl2-NaCl,Mg,cl4224,0.058823529411764705,4.75,-0.5557682237161916,0.029955731980487055,0.0
MgCl2-NaCl,Mg,cl4224,0.058823529411764705,4.8500000000000005,-0.651006469466898,0.019947591486636614,0.0
MgCl2-NaCl,Mg,cl4224,0.058823529411764705,4.95,-0.7123592198878137,0.04530191516453543,0.0
MgCl2-NaCl,Mg,cl4224,0.058823529411764705,5.050000000000001,-0.7584300840014053,0.014765109419765176,0.0
MgCl2-NaCl,Mg,cl4224,0.058823529411764705,5.15,-0.7271448490485191,0.016573148084495476,0.0
MgCl2-NaCl,Mg,cl4224,0.058823529411764705,5.25,-0.6355717062626516,0.017444764739946016,0.0
MgCl2-NaCl,Mg,cl4224,0.058823529411764705,5.3500000000000005,-0.5284018764108354,0.017638794113310517,0.0
MgCl2-NaCl,Mg,cl4224,0.058823529411764705,5.45,-0.42276841200537696,0.03047106910827741,0.0
MgCl2-NaCl,Mg,cl4224,0.058823529411764705,5.550000000000001,-0.31971255788218156,0.02466534692480056,0.0
MgCl2-NaCl,Mg,cl4224,0.058823529411764705,5.65,-0.23082393021184844,0.02512181317650563,0.0
MgCl2-NaCl,Mg,cl4224,0.058823529411764705,5.75,-0.11864615990010674,0.018311969338898094,0.0
MgCl2-NaCl,Mg,cl4224,0.058823529411764705,5.8500000000000005,-0.0693365650302018,0.01718207619176996,0.0
MgCl2-NaCl,Mg,cl4224,0.058823529411764705,5.95,0.0070737828470645026,0.020060299811731186,0.0
MgCl2-NaCl,Mg,cl4224,0.058823529411764705,6.050000000000001,0.04826366687979533,0.019971591765270087,0.0
MgCl2-NaCl,Mg,cl4224,0.058823529411764705,6.15,0.09323338257076219,0.01086895771936159,0.0
MgCl2-NaCl,Mg,cl4224,0.058823529411764705,6.25,0.12281672021346102,0.0024579899998977855,0.0
MgCl2-NaCl,Mg,cl4224,0.058823529411764705,6.3500000000000005,0.14338846908495162,0.0034948139384987395,0.0
MgCl2-NaCl,Mg,cl4224,0.058823529411764705,6.45,0.15579048029451814,0.007403927450562471,0.0
MgCl2-NaCl,Mg,cl4224,0.058823529411764705,6.550000000000001,0.16966971543862364,0.00868507573639047,0.0
MgCl2-NaCl,Mg,cl4224,0.058823529411764705,6.65,0.17322983352511312,0.010521136199626479,0.0
MgCl2-NaCl,Mg,cl4224,0.058823529411764705,6.75,0.17497249551201555,0.011248141905047039,0.0
MgCl2-NaCl,Mg,cl4224,0.058823529411764705,6.8500000000000005,0.1620293109582286,0.0055989871629197425,0.0
MgCl2-NaCl,Mg,cl4224,0.058823529411764705,6.95,0.15511110164536723,0.005941781789720626,0.0
MgCl2-NaCl,Mg,cl4224,0.058823529411764705,7.050000000000001,0.14250248367939433,0.008741302985767798,0.0
MgCl2-NaCl,Mg,cl4224,0.058823529411764705,7.15,0.1258562292591181,0.004951723820297022,0.0
MgCl2-NaCl,Mg,cl4224,0.058823529411764705,7.25,0.11621138551343435,0.013263073122180787,0.0
MgCl2-NaCl,Mg,cl4224,0.058823529411764705,7.3500000000000005,0.09775072169234322,0.015024513843033617,0.0
MgCl2-NaCl,Mg,cl4224,0.058823529411764705,7.45,0.07876384302713113,0.006767237016905103,0.0
MgCl2-NaCl,Mg,cl4224,0.058823529411764705,7.550000000000001,0.06152200583023304,0.013552430809570418,0.0
MgCl2-NaCl,Mg,cl4224,0.058823529411764705,7.65,0.042672573377454226,0.009225921576772754,0.0
MgCl2-NaCl,Mg,cl4224,0.058823529411764705,7.75,0.011977313484906604,0.00910755152632665,0.0
MgCl2-NaCl,Mg,cl4224,0.058823529411764705,7.8500000000000005,-0.002327670932493975,0.007497092692723175,0.0
MgCl2-NaCl,Mg,cl4224,0.058823529411764705,7.95,-0.01278433496412723,0.012202571998214876,0.0
MgCl2-NaCl,Mg,cl4224,0.058823529411764705,8.05,-0.038888533281393745,0.007024219248620131,0.0
MgCl2-NaCl,Mg,cl4224,0.058823529411764705,8.15,-0.05026474399687397,0.01481452920295795,0.0
MgCl2-NaCl,Mg,cl4224,0.058823529411764705,8.25,-0.06673377578051909,0.012730601864874198,0.0
MgCl2-NaCl,Mg,cl4224,0.058823529411764705,8.350000000000001,-0.06911221819968016,0.010421698658489744,0.0
MgCl2-NaCl,Mg,cl4224,0.058823529411764705,8.45,-0.0716614159075959,0.008916118018744488,0.0
MgCl2-NaCl,Mg,cl4224,0.058823529411764705,8.55,-0.07061013303577734,0.01422633900491188,0.0
MgCl2-NaCl,Mg,cl4224,0.058823529411764705,8.65,-0.06254441460159876,0.004408217169076182,0.0
MgCl2-NaCl,Mg,cl4224,0.058823529411764705,8.75,-0.055199981778425666,0.011079871780515076,0.0
MgCl2-NaCl,Mg,cl4224,0.058823529411764705,8.850000000000001,-0.03895625893828947,0.007146891967087328,0.0
MgCl2-NaCl,Mg,cl4224,0.058823529411764705,8.95,-0.02345876299091887,0.010183905011185221,0.0
MgCl2-NaCl,Mg,cl4224,0.058823529411764705,9.05,-0.013012786034680479,0.010456482644383307,0.0
MgCl2-NaCl,Mg,cl4224,0.058823529411764705,9.15,-0.003854014676463402,0.005903142576851707,0.0
MgCl2-NaCl,Mg,cl4224,0.058823529411764705,9.25,0.0007870919869150672,0.010679709268602967,0.0
MgCl2-NaCl,Mg,cl4224,0.058823529411764705,9.350000000000001,0.017821310185892503,0.011621481566314167,0.0
MgCl2-NaCl,Mg,cl4224,0.058823529411764705,9.45,0.027319771864780185,0.008664312510667928,0.0
MgCl2-NaCl,Mg,cl4224,0.058823529411764705,9.55,0.03558546920433736,0.009758027417073153,0.0
MgCl2-NaCl,Mg,cl4224,0.058823529411764705,9.650000000000002,0.042313871464535135,0.009677164625118147,0.0
MgCl2-NaCl,Mg,cl4224,0.058823529411764705,9.75,0.04282342907491643,0.010925466653348682,0.0
MgCl2-NaCl,Mg,cl4224,0.058823529411764705,9.850000000000001,0.04423642676597117,0.008842499442860927,0.0
MgCl2-NaCl,Mg,cl4224,0.058823529411764705,9.95,0.037455736882750834,0.004952497790728055,0.0
MgCl2-NaCl,Mg,cl4224,0.058823529411764705,10.05,0.03642855717896132,0.006873380084662194,0.0
MgCl2-NaCl,Mg,cl4224,0.058823529411764705,10.150000000000002,0.0338867372602365,0.0061005944977878465,0.0
MgCl2-NaCl,Mg,cl4224,0.058823529411764705,10.25,0.029358406442015816,0.011308472832538165,0.0
MgCl2-NaCl,Mg,cl4224,0.058823529411764705,10.350000000000001,0.024575292789175363,0.011064533621325296,0.0
MgCl2-NaCl,Mg,cl4224,0.058823529411764705,10.45,0.02044933979187713,0.008717725518799853,0.0
MgCl2-NaCl,Mg,cl4224,0.058823529411764705,10.55,0.012776246242925393,0.010338785388854896,0.0
MgCl2-NaCl,Mg,cl4224,0.058823529411764705,10.650000000000002,0.004910539949019355,0.008176828021084272,0.0
MgCl2-NaCl,Mg,cl4224,0.058823529411764705,10.75,0.00201161358564117,0.003939872168776783,0.0
MgCl2-NaCl,Mg,cl4224,0.058823529411764705,10.850000000000001,-0.005784682009374542,0.004742447235962887,0.0
MgCl2-NaCl,Mg,cl4224,0.058823529411764705,10.95,-0.011577722660505163,0.01287673752678891,0.0
MgCl2-NaCl,Mg,cl4224,0.058823529411764705,11.05,-0.01595738807837832,0.009985283587072288,0.0
MgCl2-NaCl,Mg,cl4224,0.058823529411764705,11.150000000000002,-0.020498993869778603,0.0065331414929637776,0.0
MgCl2-NaCl,Mg,cl4224,0.058823529411764705,11.25,-0.028174805515524426,0.003458129310982498,0.0
MgCl2-NaCl,Mg,cl4224,0.058823529411764705,11.350000000000001,-0.02860735721219765,0.013603677072552733,0.0
MgCl2-NaCl,Mg,cl4224,0.058823529411764705,11.45,-0.032309878428867345,0.009786999729987235,0.0
MgCl2-NaCl,Mg,cl4224,0.058823529411764705,11.55,-0.02855795995574062,0.009377343681202317,0.0
MgCl2-NaCl,Mg,cl4224,0.058823529411764705,11.650000000000002,-0.030778917553354157,0.005964345721435903,0.0
MgCl2-NaCl,Mg,cl4224,0.058823529411764705,11.75,-0.03383436141070084,0.004848729412129092,0.0
MgCl2-NaCl,Mg,cl4224,0.058823529411764705,11.850000000000001,-0.026451015328735172,0.0045697517554741645,0.0
MgCl2-NaCl,Mg,cl4224,0.058823529411764705,11.95,-0.023177267242405097,0.011514256536621527,0.0
MgCl2-NaCl,Mg,cl4192,0.10144927536231885,0.05,nan,nan,0.0
MgCl2-NaCl,Mg,cl4192,0.10144927536231885,0.15000000000000002,nan,nan,0.0
MgCl2-NaCl,Mg,cl4192,0.10144927536231885,0.25,nan,nan,0.0
MgCl2-NaCl,Mg,cl4192,0.10144927536231885,0.35000000000000003,nan,nan,0.0
MgCl2-NaCl,Mg,cl4192,0.10144927536231885,0.45,nan,nan,0.0
MgCl2-NaCl,Mg,cl4192,0.10144927536231885,0.55,nan,nan,0.0
MgCl2-NaCl,Mg,cl4192,0.10144927536231885,0.6500000000000001,nan,nan,0.0
MgCl2-NaCl,Mg,cl4192,0.10144927536231885,0.75,nan,nan,0.0
MgCl2-NaCl,Mg,cl4192,0.10144927536231885,0.8500000000000001,nan,nan,0.0
MgCl2-NaCl,Mg,cl4192,0.10144927536231885,0.95,nan,nan,0.0
MgCl2-NaCl,Mg,cl4192,0.10144927536231885,1.05,nan,nan,0.0
MgCl2-NaCl,Mg,cl4192,0.10144927536231885,1.1500000000000001,nan,nan,0.0
MgCl2-NaCl,Mg,cl4192,0.10144927536231885,1.25,nan,nan,0.0
MgCl2-NaCl,Mg,cl4192,0.10144927536231885,1.35,nan,nan,0.0
MgCl2-NaCl,Mg,cl4192,0.10144927536231885,1.4500000000000002,nan,nan,0.0
MgCl2-NaCl,Mg,cl4192,0.10144927536231885,1.55,nan,nan,0.0
MgCl2-NaCl,Mg,cl4192,0.10144927536231885,1.6500000000000001,nan,nan,0.0
MgCl2-NaCl,Mg,cl4192,0.10144927536231885,1.75,nan,nan,0.0
MgCl2-NaCl,Mg,cl4192,0.10144927536231885,1.85,nan,nan,0.0
MgCl2-NaCl,Mg,cl4192,0.10144927536231885,1.9500000000000002,nan,nan,0.0
MgCl2-NaCl,Mg,cl4192,0.10144927536231885,2.05,nan,nan,0.0
MgCl2-NaCl,Mg,cl4192,0.10144927536231885,2.1500000000000004,nan,nan,0.0
MgCl2-NaCl,Mg,cl4192,0.10144927536231885,2.25,nan,nan,0.0
MgCl2-NaCl,Mg,cl4192,0.10144927536231885,2.3500000000000005,nan,nan,0.0
MgCl2-NaCl,Mg,cl4192,0.10144927536231885,2.45,1.0,0.0,0.0
MgCl2-NaCl,Mg,cl4192,0.10144927536231885,2.55,1.0,0.0,0.0
MgCl2-NaCl,Mg,cl4192,0.10144927536231885,2.6500000000000004,0.6631562881562881,0.3666159146894156,0.0
MgCl2-NaCl,Mg,cl4192,0.10144927536231885,2.75,0.59159881569208,0.0989248242159017,0.0
MgCl2-NaCl,Mg,cl4192,0.10144927536231885,2.8500000000000005,0.586838836422581,0.10130034341660524,0.0
MgCl2-NaCl,Mg,cl4192,0.10144927536231885,2.95,0.604133450255102,0.02531755006316049,0.0
MgCl2-NaCl,Mg,cl4192,0.10144927536231885,3.05,0.5967880716643094,0.015814860555462062,0.0
MgCl2-NaCl,Mg,cl4192,0.10144927536231885,3.1500000000000004,0.5676055481130688,0.012314046352842948,0.0
MgCl2-NaCl,Mg,cl4192,0.10144927536231885,3.25,0.5088590020492001,0.01981068548470934,0.0
MgCl2-NaCl,Mg,cl4192,0.10144927536231885,3.3500000000000005,0.4207521700053227,0.00546280936666087,0.0
MgCl2-NaCl,Mg,cl4192,0.10144927536231885,3.45,0.31735164657272374,0.006389347953676103,0.0
MgCl2-NaCl,Mg,cl4192,0.10144927536231885,3.55,0.23944389046012582,0.011305624843133726,0.0
MgCl2-NaCl,Mg,cl4192,0.10144927536231885,3.6500000000000004,0.14688228409450077,0.008304682817405741,0.0
MgCl2-NaCl,Mg,cl4192,0.10144927536231885,3.75,0.08572186287229444,0.017055880545213228,0.0
MgCl2-NaCl,Mg,cl4192,0.10144927536231885,3.8500000000000005,0.05097226924785647,0.01263453639692447,0.0
MgCl2-NaCl,Mg,cl4192,0.10144927536231885,3.95,0.014804203608667743,0.012790998072010708,0.0
MgCl2-NaCl,Mg,cl4192,0.10144927536231885,4.050000000000001,-0.024902307243915844,0.012120016052483243,0.0
MgCl2-NaCl,Mg,cl4192,0.10144927536231885,4.15,-0.04826490700047992,0.016094717429177476,0.0
MgCl2-NaCl,Mg,cl4192,0.10144927536231885,4.25,-0.09157234124501645,0.006274960041609851,0.0
MgCl2-NaCl,Mg,cl4192,0.10144927536231885,4.35,-0.14243203280946992,0.005429350212111457,0.0
MgCl2-NaCl,Mg,cl4192,0.10144927536231885,4.45,-0.2168317755844973,0.011115988791446617,0.0
MgCl2-NaCl,Mg,cl4192,0.10144927536231885,4.550000000000001,-0.2893165368960142,0.008871014107599684,0.0
MgCl2-NaCl,Mg,cl4192,0.10144927536231885,4.65,-0.3892259467104622,0.013500379114184146,0.0
MgCl2-NaCl,Mg,cl4192,0.10144927536231885,4.75,-0.4979738759910741,0.019557919023197357,0.0
MgCl2-NaCl,Mg,cl4192,0.10144927536231885,4.8500000000000005,-0.599222212130837,0.014069563613837013,0.0
MgCl2-NaCl,Mg,cl4192,0.10144927536231885,4.95,-0.6627724114333842,0.011609603798452082,0.0
MgCl2-NaCl,Mg,cl4192,0.10144927536231885,5.050000000000001,-0.6731641974819111,0.01325371007277883,0.0
MgCl2-NaCl,Mg,cl4192,0.10144927536231885,5.15,-0.6470684514550593,0.009769864598747922,0.0
MgCl2-NaCl,Mg,cl4192,0.10144927536231885,5.25,-0.5675214263787707,0.01686059744387993,0.0
MgCl2-NaCl,Mg,cl4192,0.10144927536231885,5.3500000000000005,-0.49042488235895854,0.023251842016803814,0.0
MgCl2-NaCl,Mg,cl4192,0.10144927536231885,5.45,-0.3930193636461281,0.014263429603288663,0.0
MgCl2-NaCl,Mg,cl4192,0.10144927536231885,5.550000000000001,-0.28792263588377076,0.023769063165602785,0.0
MgCl2-NaCl,Mg,cl4192,0.10144927536231885,5.65,-0.2058419293437561,0.02002315501700249,0.0
MgCl2-NaCl,Mg,cl4192,0.10144927536231885,5.75,-0.11809753319150573,0.010226292106264582,0.0
MgCl2-NaCl,Mg,cl4192,0.10144927536231885,5.8500000000000005,-0.057877710754904665,0.009808374967205505,0.0
MgCl2-NaCl,Mg,cl4192,0.10144927536231885,5.95,0.002390999285981743,0.004768451784507208,0.0
MgCl2-NaCl,Mg,cl4192,0.10144927536231885,6.050000000000001,0.04912509604430182,0.003827862446926016,0.0
MgCl2-NaCl,Mg,cl4192,0.10144927536231885,6.15,0.08370330056809228,0.01088884621622003,0.0
MgCl2-NaCl,Mg,cl4192,0.10144927536231885,6.25,0.11869021399365687,0.014447774940579552,0.0
MgCl2-NaCl,Mg,cl4192,0.10144927536231885,6.3500000000000005,0.13579047776174147,0.011046922261903134,0.0
MgCl2-NaCl,Mg,cl4192,0.10144927536231885,6.45,0.15306364988932042,0.010251573659582696,0.0
MgCl2-NaCl,Mg,cl4192,0.10144927536231885,6.550000000000001,0.163658163717315,0.006972969645591418,0.0
MgCl2-NaCl,Mg,cl4192,0.10144927536231885,6.65,0.16356438126819928,0.013772428981897844,0.0
MgCl2-NaCl,Mg,cl4192,0.10144927536231885,6.75,0.16607280558104054,0.005561419279983444,0.0
MgCl2-NaCl,Mg,cl4192,0.10144927536231885,6.8500000000000005,0.16096277805203563,0.002961707118293241,0.0
MgCl2-NaCl,Mg,cl4192,0.10144927536231885,6.95,0.15088834042966404,0.010673194624570951,0.0
MgCl2-NaCl,Mg,cl4192,0.10144927536231885,7.050000000000001,0.1355691547945319,0.009308930075911593,0.0
MgCl2-NaCl,Mg,cl4192,0.10144927536231885,7.15,0.13341131096780368,0.006886441863519474,0.0
MgCl2-NaCl,Mg,cl4192,0.10144927536231885,7.25,0.11341658186353876,0.004078206946235097,0.0
MgCl2-NaCl,Mg,cl4192,0.10144927536231885,7.3500000000000005,0.09372266661008033,0.006700771706113753,0.0
MgCl2-NaCl,Mg,cl4192,0.10144927536231885,7.45,0.07683758434672294,0.0018211574124252423,0.0
MgCl2-NaCl,Mg,cl4192,0.10144927536231885,7.550000000000001,0.054079593861642294,0.007528825577418453,0.0
MgCl2-NaCl,Mg,cl4192,0.10144927536231885,7.65,0.04042696199166329,0.007164414709904047,0.0
MgCl2-NaCl,Mg,cl4192,0.10144927536231885,7.75,0.025414525784562936,0.008732995171814533,0.0
MgCl2-NaCl,Mg,cl4192,0.10144927536231885,7.8500000000000005,0.002564945924273254,0.0037023767537230955,0.0
MgCl2-NaCl,Mg,cl4192,0.10144927536231885,7.95,-0.0179490163554763,0.007993851680145273,0.0
MgCl2-NaCl,Mg,cl4192,0.10144927536231885,8.05,-0.033147771398038595,0.00544521512474779,0.0
MgCl2-NaCl,Mg,cl4192,0.10144927536231885,8.15,-0.046555436340096845,0.010464128607592688,0.0
MgCl2-NaCl,Mg,cl4192,0.10144927536231885,8.25,-0.056170764838289644,0.00889586016096689,0.0
MgCl2-NaCl,Mg,cl4192,0.10144927536231885,8.350000000000001,-0.06726775027480336,0.013147968967323901,0.0
MgCl2-NaCl,Mg,cl4192,0.10144927536231885,8.45,-0.06430195155225227,0.0055678764507022084,0.0
MgCl2-NaCl,Mg,cl4192,0.10144927536231885,8.55,-0.06789093510864674,0.006201022409766671,0.0
MgCl2-NaCl,Mg,cl4192,0.10144927536231885,8.65,-0.06438259421092885,0.006904941644051894,0.0
MgCl2-NaCl,Mg,cl4192,0.10144927536231885,8.75,-0.05364641087537292,0.005812745706510825,0.0
MgCl2-NaCl,Mg,cl4192,0.10144927536231885,8.850000000000001,-0.04145455108602358,0.009612633480499183,0.0
MgCl2-NaCl,Mg,cl4192,0.10144927536231885,8.95,-0.02891182723834529,0.006663411677841303,0.0
MgCl2-NaCl,Mg,cl4192,0.10144927536231885,9.05,-0.016688166734525556,0.006688805430388367,0.0
MgCl2-NaCl,Mg,cl4192,0.10144927536231885,9.15,-0.008815462975055421,0.008828098699592937,0.0
MgCl2-NaCl,Mg,cl4192,0.10144927536231885,9.25,0.006027671460238082,0.009591416359227984,0.0
MgCl2-NaCl,Mg,cl4192,0.10144927536231885,9.350000000000001,0.017241283410862285,0.011303404177395747,0.0
MgCl2-NaCl,Mg,cl4192,0.10144927536231885,9.45,0.022519470120332175,0.00879652667768054,0.0
MgCl2-NaCl,Mg,cl4192,0.10144927536231885,9.55,0.027857365777509635,0.00609096528147399,0.0
MgCl2-NaCl,Mg,cl4192,0.10144927536231885,9.650000000000002,0.035617590188235515,0.007380229332279698,0.0
MgCl2-NaCl,Mg,cl4192,0.10144927536231885,9.75,0.04019204363118012,0.001844996533537652,0.0
MgCl2-NaCl,Mg,cl4192,0.10144927536231885,9.850000000000001,0.03893054134008167,0.002738825536531314,0.0
MgCl2-NaCl,Mg,cl4192,0.10144927536231885,9.95,0.038531936759830576,0.009353453428023,0.0
MgCl2-NaCl,Mg,cl4192,0.10144927536231885,10.05,0.035441827692485495,0.00815783628170241,0.0
MgCl2-NaCl,Mg,cl4192,0.10144927536231885,10.150000000000002,0.02811155206817284,0.005083155405116334,0.0
MgCl2-NaCl,Mg,cl4192,0.10144927536231885,10.25,0.03366167499722317,0.006936558957209723,0.0
MgCl2-NaCl,Mg,cl4192,0.10144927536231885,10.350000000000001,0.023138980882390525,0.0018520099048286635,0.0
MgCl2-NaCl,Mg,cl4192,0.10144927536231885,10.45,0.018123251445883448,0.004169015908101558,0.0
MgCl2-NaCl,Mg,cl4192,0.10144927536231885,10.55,0.015112806501034637,0.008835672044285467,0.0
MgCl2-NaCl,Mg,cl4192,0.10144927536231885,10.650000000000002,0.003854121932486909,0.005353286957009243,0.0
MgCl2-NaCl,Mg,cl4192,0.10144927536231885,10.75,-0.0037027232269697397,0.0022465200381904735,0.0
MgCl2-NaCl,Mg,cl4192,0.10144927536231885,10.850000000000001,-0.0057051023483492,0.007134076417107841,0.0
MgCl2-NaCl,Mg,cl4192,0.10144927536231885,10.95,-0.0122059683860829,0.006756032082562001,0.0
MgCl2-NaCl,Mg,cl4192,0.10144927536231885,11.05,-0.02008929811880833,0.003688132417179075,0.0
MgCl2-NaCl,Mg,cl4192,0.10144927536231885,11.150000000000002,-0.022329781080890232,0.005989349543468169,0.0
MgCl2-NaCl,Mg,cl4192,0.10144927536231885,11.25,-0.02634321368050041,0.0025345763321859578,0.0
MgCl2-NaCl,Mg,cl4192,0.10144927536231885,11.350000000000001,-0.027662119083302183,0.004651739444102382,0.0
MgCl2-NaCl,Mg,cl4192,0.10144927536231885,11.45,-0.029104710572403825,0.007935055076063601,0.0
MgCl2-NaCl,Mg,cl4192,0.10144927536231885,11.55,-0.03463944044433398,0.005517648545094021,0.0
MgCl2-NaCl,Mg,cl4192,0.10144927536231885,11.650000000000002,-0.029007894243412435,0.00509173193262266,0.0
MgCl2-NaCl,Mg,cl4192,0.10144927536231885,11.75,-0.02932484039804728,0.006640004918137062,0.0
MgCl2-NaCl,Mg,cl4192,0.10144927536231885,11.850000000000001,-0.023915857645350647,0.0070738275900780944,0.0
MgCl2-NaCl,Mg,cl4192,0.10144927536231885,11.95,-0.021290911704979765,0.003299108814970181,0.0
MgCl2-NaCl,Mg,cl4128,0.18309859154929578,0.05,nan,nan,0.0
MgCl2-NaCl,Mg,cl4128,0.18309859154929578,0.15000000000000002,nan,nan,0.0
MgCl2-NaCl,Mg,cl4128,0.18309859154929578,0.25,nan,nan,0.0
MgCl2-NaCl,Mg,cl4128,0.18309859154929578,0.35000000000000003,nan,nan,0.0
MgCl2-NaCl,Mg,cl4128,0.18309859154929578,0.45,nan,nan,0.0
MgCl2-NaCl,Mg,cl4128,0.18309859154929578,0.55,nan,nan,0.0
MgCl2-NaCl,Mg,cl4128,0.18309859154929578,0.6500000000000001,nan,nan,0.0
MgCl2-NaCl,Mg,cl4128,0.18309859154929578,0.75,nan,nan,0.0
MgCl2-NaCl,Mg,cl4128,0.18309859154929578,0.8500000000000001,nan,nan,0.0
MgCl2-NaCl,Mg,cl4128,0.18309859154929578,0.95,nan,nan,0.0
MgCl2-NaCl,Mg,cl4128,0.18309859154929578,1.05,nan,nan,0.0
MgCl2-NaCl,Mg,cl4128,0.18309859154929578,1.1500000000000001,nan,nan,0.0
MgCl2-NaCl,Mg,cl4128,0.18309859154929578,1.25,nan,nan,0.0
MgCl2-NaCl,Mg,cl4128,0.18309859154929578,1.35,nan,nan,0.0
MgCl2-NaCl,Mg,cl4128,0.18309859154929578,1.4500000000000002,nan,nan,0.0
MgCl2-NaCl,Mg,cl4128,0.18309859154929578,1.55,nan,nan,0.0
MgCl2-NaCl,Mg,cl4128,0.18309859154929578,1.6500000000000001,nan,nan,0.0
MgCl2-NaCl,Mg,cl4128,0.18309859154929578,1.75,nan,nan,0.0
MgCl2-NaCl,Mg,cl4128,0.18309859154929578,1.85,nan,nan,0.0
MgCl2-NaCl,Mg,cl4128,0.18309859154929578,1.9500000000000002,nan,nan,0.0
MgCl2-NaCl,Mg,cl4128,0.18309859154929578,2.05,nan,nan,0.0
MgCl2-NaCl,Mg,cl4128,0.18309859154929578,2.1500000000000004,nan,nan,0.0
MgCl2-NaCl,Mg,cl4128,0.18309859154929578,2.25,nan,nan,0.0
MgCl2-NaCl,Mg,cl4128,0.18309859154929578,2.3500000000000005,nan,nan,0.0
MgCl2-NaCl,Mg,cl4128,0.18309859154929578,2.45,1.0,nan,0.0
MgCl2-NaCl,Mg,cl4128,0.18309859154929578,2.55,0.900743006993007,0.14366143724696356,0.0
MgCl2-NaCl,Mg,cl4128,0.18309859154929578,2.6500000000000004,0.29352375565610855,0.1830382432685653,0.0
MgCl2-NaCl,Mg,cl4128,0.18309859154929578,2.75,0.5855101495726496,0.07797458442901552,0.0
MgCl2-NaCl,Mg,cl4128,0.18309859154929578,2.8500000000000005,0.5254330050493563,0.061711392744583246,0.0
MgCl2-NaCl,Mg,cl4128,0.18309859154929578,2.95,0.5289793662845823,0.02469421385817344,0.0
MgCl2-NaCl,Mg,cl4128,0.18309859154929578,3.05,0.5377503146665568,0.04332167620444297,0.0
MgCl2-NaCl,Mg,cl4128,0.18309859154929578,3.1500000000000004,0.49280096706362997,0.019681144377595824,0.0
MgCl2-NaCl,Mg,cl4128,0.18309859154929578,3.25,0.4367684247354926,0.01232807363742311,0.0
MgCl2-NaCl,Mg,cl4128,0.18309859154929578,3.3500000000000005,0.3682811310675993,0.007493927577625615,0.0
MgCl2-NaCl,Mg,cl4128,0.18309859154929578,3.45,0.2787805339960663,0.018408243621778363,0.0
MgCl2-NaCl,Mg,cl4128,0.18309859154929578,3.55,0.19548582584605945,0.014273006777944006,0.0
MgCl2-NaCl,Mg,cl4128,0.18309859154929578,3.6500000000000004,0.108952831288329,0.015897018447831417,0.0
MgCl2-NaCl,Mg,cl4128,0.18309859154929578,3.75,0.04945082184579719,0.017852873435885933,0.0
MgCl2-NaCl,Mg,cl4128,0.18309859154929578,3.8500000000000005,0.003623629979581988,0.009233689613631678,0.0
MgCl2-NaCl,Mg,cl4128,0.18309859154929578,3.95,-0.0251352077487772,0.007858443209324894,0.0
MgCl2-NaCl,Mg,cl4128,0.18309859154929578,4.050000000000001,-0.05239525272609957,0.010472071742502156,0.0
MgCl2-NaCl,Mg,cl4128,0.18309859154929578,4.15,-0.06822561280978334,0.0063894629159195054,0.0
MgCl2-NaCl,Mg,cl4128,0.18309859154929578,4.25,-0.10861749015732536,0.004323929795214411,0.0
MgCl2-NaCl,Mg,cl4128,0.18309859154929578,4.35,-0.15329460090594482,0.00617526518223088,0.0
MgCl2-NaCl,Mg,cl4128,0.18309859154929578,4.45,-0.2090460172955333,0.008534572376672524,0.0
MgCl2-NaCl,Mg,cl4128,0.18309859154929578,4.550000000000001,-0.2694425859414158,0.011464530056193594,0.0
MgCl2-NaCl,Mg,cl4128,0.18309859154929578,4.65,-0.343917881545702,0.011187790096829775,0.0
MgCl2-NaCl,Mg,cl4128,0.18309859154929578,4.75,-0.43353302149205164,0.007613137575084578,0.0
MgCl2-NaCl,Mg,cl4128,0.18309859154929578,4.8500000000000005,-0.518837254479986,0.016254547889878127,0.0
MgCl2-NaCl,Mg,cl4128,0.18309859154929578,4.95,-0.5650203614025673,0.016562143502149965,0.0
MgCl2-NaCl,Mg,cl4128,0.18309859154929578,5.050000000000001,-0.579686463072844,0.015218303069102499,0.0
MgCl2-NaCl,Mg,cl4128,0.18309859154929578,5.15,-0.5538687063510552,0.020648873375175635,0.0
MgCl2-NaCl,Mg,cl4128,0.18309859154929578,5.25,-0.5118829920873533,0.019088454322946712,0.0
MgCl2-NaCl,Mg,cl4128,0.18309859154929578,5.3500000000000005,-0.4190301297562735,0.010772426613487582,0.0
MgCl2-NaCl,Mg,cl4128,0.18309859154929578,5.45,-0.35198245220910485,0.00958535208562009,0.0
MgCl2-NaCl,Mg,cl4128,0.18309859154929578,5.550000000000001,-0.2655167357454591,0.007496207818368687,0.0
MgCl2-NaCl,Mg,cl4128,0.18309859154929578,5.65,-0.19209019525283777,0.012428501213110054,0.0
MgCl2-NaCl,Mg,cl4128,0.18309859154929578,5.75,-0.12281523231143154,0.007712753550891552,0.0
MgCl2-NaCl,Mg,cl4128,0.18309859154929578,5.8500000000000005,-0.051024613118225925,0.007044467605588339,0.0
MgCl2-NaCl,Mg,cl4128,0.18309859154929578,5.95,0.00047966849219405194,0.007971152824958368,0.0
MgCl2-NaCl,Mg,cl4128,0.18309859154929578,6.050000000000001,0.04033589409473626,0.004023615519951115,0.0
MgCl2-NaCl,Mg,cl4128,0.18309859154929578,6.15,0.08094081657978758,0.010546326302583453,0.0
MgCl2-NaCl,Mg,cl4128,0.18309859154929578,6.25,0.10303361016128876,0.007271481063627654,0.0
MgCl2-NaCl,Mg,cl4128,0.18309859154929578,6.3500000000000005,0.12899106059163112,0.007806857708284106,0.0
MgCl2-NaCl,Mg,cl4128,0.18309859154929578,6.45,0.14226391706128338,0.006798547574261167,0.0
MgCl2-NaCl,Mg,cl4128,0.18309859154929578,6.550000000000001,0.15559219284348824,0.0011529666518537783,0.0
MgCl2-NaCl,Mg,cl4128,0.18309859154929578,6.65,0.1538461660251117,0.005403147785950534,0.0
MgCl2-NaCl,Mg,cl4128,0.18309859154929578,6.75,0.15558596766328803,0.005828946842297852,0.0
MgCl2-NaCl,Mg,cl4128,0.18309859154929578,6.8500000000000005,0.1510757155797977,0.0027488696877929013,0.0
MgCl2-NaCl,Mg,cl4128,0.18309859154929578,6.95,0.1443979802681259,0.004393811774337645,0.0
MgCl2-NaCl,Mg,cl4128,0.18309859154929578,7.050000000000001,0.13620909410146498,0.006015431225121631,0.0
MgCl2-NaCl,Mg,cl4128,0.18309859154929578,7.15,0.12233302170754157,0.008421389625438789,0.0
MgCl2-NaCl,Mg,cl4128,0.18309859154929578,7.25,0.11057261441826294,0.007223626269550791,0.0
MgCl2-NaCl,Mg,cl4128,0.18309859154929578,7.3500000000000005,0.0957769555086041,0.004436656090531127,0.0
MgCl2-NaCl,Mg,cl4128,0.18309859154929578,7.45,0.07769697573067402,0.005583358887288672,0.0
MgCl2-NaCl,Mg,cl4128,0.18309859154929578,7.550000000000001,0.06393422872458443,0.004183429539829978,0.0
MgCl2-NaCl,Mg,cl4128,0.18309859154929578,7.65,0.04159323315117314,0.007754956356429879,0.0
MgCl2-NaCl,Mg,cl4128,0.18309859154929578,7.75,0.02374658589081602,0.006775630887193031,0.0
MgCl2-NaCl,Mg,cl4128,0.18309859154929578,7.8500000000000005,0.00793821933383676,0.005447995975838642,0.0
MgCl2-NaCl,Mg,cl4128,0.18309859154929578,7.95,-0.007672534718208057,0.004313040448969392,0.0
MgCl2-NaCl,Mg,cl4128,0.18309859154929578,8.05,-0.024507927405050367,0.003570550332578498,0.0
MgCl2-NaCl,Mg,cl4128,0.18309859154929578,8.15,-0.030932870860803874,0.008182768533140955,0.0
MgCl2-NaCl,Mg,cl4128,0.18309859154929578,8.25,-0.04294901491117287,0.008097205842339045,0.0
MgCl2-NaCl,Mg,cl4128,0.18309859154929578,8.350000000000001,-0.048944940459302755,0.0059443563639854455,0.0
MgCl2-NaCl,Mg,cl4128,0.18309859154929578,8.45,-0.049906373961712935,0.006519469586945746,0.0
MgCl2-NaCl,Mg,cl4128,0.18309859154929578,8.55,-0.051765215229412354,0.004275120542834838,0.0
MgCl2-NaCl,Mg,cl4128,0.18309859154929578,8.65,-0.05187961335891633,0.0037516055157710703,0.0
MgCl2-NaCl,Mg,cl4128,0.18309859154929578,8.75,-0.039842308766181,0.004734567903850841,0.0
MgCl2-NaCl,Mg,cl4128,0.18309859154929578,8.850000000000001,-0.038388597907316635,0.007173436845732774,0.0
MgCl2-NaCl,Mg,cl4128,0.18309859154929578,8.95,-0.02527720971885028,0.007572900970179567,0.0
MgCl2-NaCl,Mg,cl4128,0.18309859154929578,9.05,-0.014102642537846988,0.002917096687563298,0.0
MgCl2-NaCl,Mg,cl4128,0.18309859154929578,9.15,-0.006230595164332886,0.00510529216162609,0.0
MgCl2-NaCl,Mg,cl4128,0.18309859154929578,9.25,0.003291655472031807,0.0024055486201758317,0.0
MgCl2-NaCl,Mg,cl4128,0.18309859154929578,9.350000000000001,0.012862036320763437,0.006633178431277213,0.0
MgCl2-NaCl,Mg,cl4128,0.18309859154929578,9.45,0.020971013846309394,0.0010946348192495744,0.0
MgCl2-NaCl,Mg,cl4128,0.18309859154929578,9.55,0.025314919969655958,0.0037010180725784185,0.0
MgCl2-NaCl,Mg,cl4128,0.18309859154929578,9.650000000000002,0.025232952143455112,0.00402869542323049,0.0
MgCl2-NaCl,Mg,cl4128,0.18309859154929578,9.75,0.03268108854496299,0.0035311616928610104,0.0
MgCl2-NaCl,Mg,cl4128,0.18309859154929578,9.850000000000001,0.033501755774018815,0.004839095399442814,0.0
MgCl2-NaCl,Mg,cl4128,0.18309859154929578,9.95,0.034659131090680195,0.0016828318286203309,0.0
MgCl2-NaCl,Mg,cl4128,0.18309859154929578,10.05,0.031678518523626686,0.005133363828615056,0.0
MgCl2-NaCl,Mg,cl4128,0.18309859154929578,10.150000000000002,0.028376588858115115,0.004037457755406149,0.0
MgCl2-NaCl,Mg,cl4128,0.18309859154929578,10.25,0.02392193998240222,0.005244958932453233,0.0
MgCl2-NaCl,Mg,cl4128,0.18309859154929578,10.350000000000001,0.023533025923356377,0.0025147122821168816,0.0
MgCl2-NaCl,Mg,cl4128,0.18309859154929578,10.45,0.018261360521324432,0.002139876154451389,0.0
MgCl2-NaCl,Mg,cl4128,0.18309859154929578,10.55,0.0133658498726551,0.0069841782397604265,0.0
MgCl2-NaCl,Mg,cl4128,0.18309859154929578,10.650000000000002,0.0029564587586793367,0.004801345259170246,0.0
MgCl2-NaCl,Mg,cl4128,0.18309859154929578,10.75,0.0034492085285117158,0.004447228627018463,0.0
MgCl2-NaCl,Mg,cl4128,0.18309859154929578,10.850000000000001,-0.005151811505477166,0.003450560562139899,0.0
MgCl2-NaCl,Mg,cl4128,0.18309859154929578,10.95,-0.01061592256353161,0.003318612018213912,0.0
MgCl2-NaCl,Mg,cl4128,0.18309859154929578,11.05,-0.01460291760862198,0.007199098326966712,0.0
MgCl2-NaCl,Mg,cl4128,0.18309859154929578,11.150000000000002,-0.02187202596592308,0.005168620130682023,0.0
MgCl2-NaCl,Mg,cl4128,0.18309859154929578,11.25,-0.02205698111397636,0.007092925664418635,0.0
MgCl2-NaCl,Mg,cl4128,0.18309859154929578,11.350000000000001,-0.02581321359527089,0.00401492265133666,0.0
MgCl2-NaCl,Mg,cl4128,0.18309859154929578,11.45,-0.028005445565775,0.004592527306894641,0.0
MgCl2-NaCl,Mg,cl4128,0.18309859154929578,11.55,-0.026565706919199572,0.002636179276854975,0.0
MgCl2-NaCl,Mg,cl4128,0.18309859154929578,11.650000000000002,-0.027428062149450927,0.00366570201646533,0.0
MgCl2-NaCl,Mg,cl4128,0.18309859154929578,11.75,-0.02739890492516639,0.004729339723232806,0.0
MgCl2-NaCl,Mg,cl4128,0.18309859154929578,11.850000000000001,-0.023462268862809665,0.006263935735531868,0.0
MgCl2-NaCl,Mg,cl4128,0.18309859154929578,11.95,-0.022688327679271314,0.0037547015045963214,0.0
MgCl2-NaCl,Mg,cl4064,0.2602739726027397,0.05,nan,nan,0.0
MgCl2-NaCl,Mg,cl4064,0.2602739726027397,0.15000000000000002,nan,nan,0.0
MgCl2-NaCl,Mg,cl4064,0.2602739726027397,0.25,nan,nan,0.0
MgCl2-NaCl,Mg,cl4064,0.2602739726027397,0.35000000000000003,nan,nan,0.0
MgCl2-NaCl,Mg,cl4064,0.2602739726027397,0.45,nan,nan,0.0
MgCl2-NaCl,Mg,cl4064,0.2602739726027397,0.55,nan,nan,0.0
MgCl2-NaCl,Mg,cl4064,0.2602739726027397,0.6500000000000001,nan,nan,0.0
MgCl2-NaCl,Mg,cl4064,0.2602739726027397,0.75,nan,nan,0.0
MgCl2-NaCl,Mg,cl4064,0.2602739726027397,0.8500000000000001,nan,nan,0.0
MgCl2-NaCl,Mg,cl4064,0.2602739726027397,0.95,nan,nan,0.0
MgCl2-NaCl,Mg,cl4064,0.2602739726027397,1.05,nan,nan,0.0
MgCl2-NaCl,Mg,cl4064,0.2602739726027397,1.1500000000000001,nan,nan,0.0
MgCl2-NaCl,Mg,cl4064,0.2602739726027397,1.25,nan,nan,0.0
MgCl2-NaCl,Mg,cl4064,0.2602739726027397,1.35,nan,nan,0.0
MgCl2-NaCl,Mg,cl4064,0.2602739726027397,1.4500000000000002,nan,nan,0.0
MgCl2-NaCl,Mg,cl4064,0.2602739726027397,1.55,nan,nan,0.0
MgCl2-NaCl,Mg,cl4064,0.2602739726027397,1.6500000000000001,nan,nan,0.0
MgCl2-NaCl,Mg,cl4064,0.2602739726027397,1.75,nan,nan,0.0
MgCl2-NaCl,Mg,cl4064,0.2602739726027397,1.85,nan,nan,0.0
MgCl2-NaCl,Mg,cl4064,0.2602739726027397,1.9500000000000002,nan,nan,0.0
MgCl2-NaCl,Mg,cl4064,0.2602739726027397,2.05,nan,nan,0.0
MgCl2-NaCl,Mg,cl4064,0.2602739726027397,2.1500000000000004,nan,nan,0.0
MgCl2-NaCl,Mg,cl4064,0.2602739726027397,2.25,nan,nan,0.0
MgCl2-NaCl,Mg,cl4064,0.2602739726027397,2.3500000000000005,nan,nan,0.0
MgCl2-NaCl,Mg,cl4064,0.2602739726027397,2.45,-1.3042763157894735,2.2172909186805527,0.0
MgCl2-NaCl,Mg,cl4064,0.2602739726027397,2.55,0.3936114958448754,0.3619154137412022,0.0
MgCl2-NaCl,Mg,cl4064,0.2602739726027397,2.6500000000000004,0.45607211429862216,0.15973508495807023,0.0
MgCl2-NaCl,Mg,cl4064,0.2602739726027397,2.75,0.3278211361310134,0.13868779237665377,0.0
MgCl2-NaCl,Mg,cl4064,0.2602739726027397,2.8500000000000005,0.41848696927563767,0.06029953156735232,0.0
MgCl2-NaCl,Mg,cl4064,0.2602739726027397,2.95,0.459723681217715,0.034378193480421565,0.0
MgCl2-NaCl,Mg,cl4064,0.2602739726027397,3.05,0.43875551671458435,0.04307509557051821,0.0
MgCl2-NaCl,Mg,cl4064,0.2602739726027397,3.1500000000000004,0.41318802470657523,0.02006253959803231,0.0
MgCl2-NaCl,Mg,cl4064,0.2602739726027397,3.25,0.36845866222793433,0.008961683880336755,0.0
MgCl2-NaCl,Mg,cl4064,0.2602739726027397,3.3500000000000005,0.29515886142754455,0.008172562017136209,0.0
MgCl2-NaCl,Mg,cl4064,0.2602739726027397,3.45,0.21874090086701525,0.015533511826417776,0.0
MgCl2-NaCl,Mg,cl4064,0.2602739726027397,3.55,0.12675185708997183,0.01331947814360067,0.0
MgCl2-NaCl,Mg,cl4064,0.2602739726027397,3.6500000000000004,0.06647920461018908,0.008913798642234346,0.0
MgCl2-NaCl,Mg,cl4064,0.2602739726027397,3.75,0.007000854830785497,0.005922231676143171,0.0
MgCl2-NaCl,Mg,cl4064,0.2602739726027397,3.8500000000000005,-0.034832345991786084,0.008705764888021692,0.0
MgCl2-NaCl,Mg,cl4064,0.2602739726027397,3.95,-0.05430221324394724,0.01055112821058734,0.0
MgCl2-NaCl,Mg,cl4064,0.2602739726027397,4.050000000000001,-0.07653998835446685,0.008627470397056558,0.0
MgCl2-NaCl,Mg,cl4064,0.2602739726027397,4.15,-0.10113378834339826,0.005864085402677184,0.0
MgCl2-NaCl,Mg,cl4064,0.2602739726027397,4.25,-0.11776297614528919,0.008006816704545002,0.0
MgCl2-NaCl,Mg,cl4064,0.2602739726027397,4.35,-0.1629032409626101,0.005028962496599733,0.0
MgCl2-NaCl,Mg,cl4064,0.2602739726027397,4.45,-0.20029270787246234,0.0063892397085356534,0.0
MgCl2-NaCl,Mg,cl4064,0.2602739726027397,4.550000000000001,-0.260227141529207,0.00786039686429103,0.0
MgCl2-NaCl,Mg,cl4064,0.2602739726027397,4.65,-0.31838576906478266,0.006276363539799706,0.0
MgCl2-NaCl,Mg,cl4064,0.2602739726027397,4.75,-0.38801094214011944,0.002890196945845103,0.0
MgCl2-NaCl,Mg,cl4064,0.2602739726027397,4.8500000000000005,-0.43714253049338336,0.014076178036008274,0.0
MgCl2-NaCl,Mg,cl4064,0.2602739726027397,4.95,-0.48242284013539916,0.009237637454204297,0.0
MgCl2-NaCl,Mg,cl4064,0.2602739726027397,5.050000000000001,-0.49434344478265047,0.004685887504286899,0.0
MgCl2-NaCl,Mg,cl4064,0.2602739726027397,5.15,-0.47278633368146394,0.011564963820976364,0.0
MgCl2-NaCl,Mg,cl4064,0.2602739726027397,5.25,-0.4271632085335364,0.011311240429743701,0.0
MgCl2-NaCl,Mg,cl4064,0.2602739726027397,5.3500000000000005,-0.36418576670054503,0.006637098005668297,0.0
MgCl2-NaCl,Mg,cl4064,0.2602739726027397,5.45,-0.30566946033059317,0.004408352037796335,0.0
MgCl2-NaCl,Mg,cl4064,0.2602739726027397,5.550000000000001,-0.228936191798367,0.007490648605940158,0.0
MgCl2-NaCl,Mg,cl4064,0.2602739726027397,5.65,-0.1672262637465851,0.010700727480660975,0.0
MgCl2-NaCl,Mg,cl4064,0.2602739726027397,5.75,-0.10519339445070286,0.009380967169591765,0.0
MgCl2-NaCl,Mg,cl4064,0.2602739726027397,5.8500000000000005,-0.050506157040029365,0.011125716684319982,0.0
MgCl2-NaCl,Mg,cl4064,0.2602739726027397,5.95,0.0009346014161372151,0.007436878126304293,0.0
MgCl2-NaCl,Mg,cl4064,0.2602739726027397,6.050000000000001,0.041587839628101975,0.005494497157935351,0.0
MgCl2-NaCl,Mg,cl4064,0.2602739726027397,6.15,0.06125675410763587,0.0068677098399948676,0.0
MgCl2-NaCl,Mg,cl4064,0.2602739726027397,6.25,0.09612513798585443,0.006335604434740887,0.0
MgCl2-NaCl,Mg,cl4064,0.2602739726027397,6.3500000000000005,0.12061540563721662,0.005598101911875055,0.0
MgCl2-NaCl,Mg,cl4064,0.2602739726027397,6.45,0.13231460632087977,0.00604890887512008,0.0
MgCl2-NaCl,Mg,cl4064,0.2602739726027397,6.550000000000001,0.1399616300764831,0.005274158082110386,0.0
MgCl2-NaCl,Mg,cl4064,0.2602739726027397,6.65,0.143510489842531,0.004346040046440751,0.0
MgCl2-NaCl,Mg,cl4064,0.2602739726027397,6.75,0.14504182239748964,0.001242921898266369,0.0
MgCl2-NaCl,Mg,cl4064,0.2602739726027397,6.8500000000000005,0.13997842852154274,0.0024310281498967656,0.0
MgCl2-NaCl,Mg,cl4064,0.2602739726027397,6.95,0.14090753871087514,0.0043938693391782834,0.0
MgCl2-NaCl,Mg,cl4064,0.2602739726027397,7.050000000000001,0.12453863806015375,0.006165218439554627,0.0
MgCl2-NaCl,Mg,cl4064,0.2602739726027397,7.15,0.11638998450492544,0.0024172222368520654,0.0
MgCl2-NaCl,Mg,cl4064,0.2602739726027397,7.25,0.10262363267334029,0.005079870377292812,0.0
MgCl2-NaCl,Mg,cl4064,0.2602739726027397,7.3500000000000005,0.08626020049806593,0.004737731414142586,0.0
MgCl2-NaCl,Mg,cl4064,0.2602739726027397,7.45,0.07356560052463068,0.006200483913026663,0.0
MgCl2-NaCl,Mg,cl4064,0.2602739726027397,7.550000000000001,0.0592693171947245,0.005700993541172271,0.0
MgCl2-NaCl,Mg,cl4064,0.2602739726027397,7.65,0.0394786492335818,0.006429023888064271,0.0
MgCl2-NaCl,Mg,cl4064,0.2602739726027397,7.75,0.0274210819252233,0.005465171757191644,0.0
MgCl2-NaCl,Mg,cl4064,0.2602739726027397,7.8500000000000005,0.013780984022554121,0.006162598676401697,0.0
MgCl2-NaCl,Mg,cl4064,0.2602739726027397,7.95,-0.003400157154550998,0.004817432461227133,0.0
MgCl2-NaCl,Mg,cl4064,0.2602739726027397,8.05,-0.01736825776901707,0.004591660649200377,0.0
MgCl2-NaCl,Mg,cl4064,0.2602739726027397,8.15,-0.02408225493754257,0.0036546279127866823,0.0
MgCl2-NaCl,Mg,cl4064,0.2602739726027397,8.25,-0.034590338578806,0.005400780896158051,0.0
MgCl2-NaCl,Mg,cl4064,0.2602739726027397,8.350000000000001,-0.037673078221847955,0.0033161164388198264,0.0
MgCl2-NaCl,Mg,cl4064,0.2602739726027397,8.45,-0.042970853799811026,0.007117144672041845,0.0
MgCl2-NaCl,Mg,cl4064,0.2602739726027397,8.55,-0.04656357873573236,0.00865073342551734,0.0
MgCl2-NaCl,Mg,cl4064,0.2602739726027397,8.65,-0.03899344055027143,0.003961850073140907,0.0
MgCl2-NaCl,Mg,cl4064,0.2602739726027397,8.75,-0.035586679482552785,0.007038453875107433,0.0
MgCl2-NaCl,Mg,cl4064,0.2602739726027397,8.850000000000001,-0.03397781058294358,0.004051502560371677,0.0
MgCl2-NaCl,Mg,cl4064,0.2602739726027397,8.95,-0.026176709717031343,0.006399004906184528,0.0
MgCl2-NaCl,Mg,cl4064,0.2602739726027397,9.05,-0.01701944876403849,0.0034359241960157274,0.0
MgCl2-NaCl,Mg,cl4064,0.2602739726027397,9.15,-0.003642371453539628,0.0028437791720776102,0.0
MgCl2-NaCl,Mg,cl4064,0.2602739726027397,9.25,0.0011733443280711464,0.004179505557840546,0.0
MgCl2-NaCl,Mg,cl4064,0.2602739726027397,9.350000000000001,0.008827887590054706,0.006081563172474866,0.0
MgCl2-NaCl,Mg,cl4064,0.2602739726027397,9.45,0.01446847947516361,0.002315079564341656,0.0
MgCl2-NaCl,Mg,cl4064,0.2602739726027397,9.55,0.019011230983164817,0.004692616845427121,0.0
MgCl2-NaCl,Mg,cl4064,0.2602739726027397,9.650000000000002,0.018358912775980896,0.006852611448713431,0.0
MgCl2-NaCl,Mg,cl4064,0.2602739726027397,9.75,0.02704382669436234,0.0029463563072754276,0.0
MgCl2-NaCl,Mg,cl4064,0.2602739726027397,9.850000000000001,0.024716833455769804,0.003432874252375325,0.0
MgCl2-NaCl,Mg,cl4064,0.2602739726027397,9.95,0.028193629801925857,0.0057459769044698565,0.0
MgCl2-NaCl,Mg,cl4064,0.2602739726027397,10.05,0.02565583443650954,0.00323739732534482,0.0
MgCl2-NaCl,Mg,cl4064,0.2602739726027397,10.150000000000002,0.02803358083088725,0.0030842254377888676,0.0
MgCl2-NaCl,Mg,cl4064,0.2602739726027397,10.25,0.02420933908711398,0.0038992406392680526,0.0
MgCl2-NaCl,Mg,cl4064,0.2602739726027397,10.350000000000001,0.022850903903506747,0.0017559660004700828,0.0
MgCl2-NaCl,Mg,cl4064,0.2602739726027397,10.45,0.015544481848056901,0.0008072077761150178,0.0
MgCl2-NaCl,Mg,cl4064,0.2602739726027397,10.55,0.009672804912612465,0.0033863974505388317,0.0
MgCl2-NaCl,Mg,cl4064,0.2602739726027397,10.650000000000002,0.004125538063310619,0.004864188915100386,0.0
MgCl2-NaCl,Mg,cl4064,0.2602739726027397,10.75,0.0014266031908826138,0.0024360176078037452,0.0
MgCl2-NaCl,Mg,cl4064,0.2602739726027397,10.850000000000001,-0.0013064589220344036,0.0030934536181665938,0.0
MgCl2-NaCl,Mg,cl4064,0.2602739726027397,10.95,-0.007073177503903905,0.0023884815022782832,0.0
MgCl2-NaCl,Mg,cl4064,0.2602739726027397,11.05,-0.010906344609972196,0.004190786091084804,0.0
MgCl2-NaCl,Mg,cl4064,0.2602739726027397,11.150000000000002,-0.015839369601979847,0.0034796027337063687,0.0
MgCl2-NaCl,Mg,cl4064,0.2602739726027397,11.25,-0.01723885168714001,0.002225190138434398,0.0
MgCl2-NaCl,Mg,cl4064,0.2602739726027397,11.350000000000001,-0.020218114466455495,0.003421004513663514,0.0
MgCl2-NaCl,Mg,cl4064,0.2602739726027397,11.45,-0.023002310121039482,0.0015634460070834862,0.0
MgCl2-NaCl,Mg,cl4064,0.2602739726027397,11.55,-0.026317456056270894,0.004711799642977012,0.0
MgCl2-NaCl,Mg,cl4064,0.2602739726027397,11.650000000000002,-0.02248617282812493,0.0019833301550733935,0.0
MgCl2-NaCl,Mg,cl4064,0.2602739726027397,11.75,-0.025379288631595776,0.002132693044722596,0.0
MgCl2-NaCl,Mg,cl4064,0.2602739726027397,11.850000000000001,-0.019233986854655605,0.0032626803339556878,0.0
MgCl2-NaCl,Mg,cl4064,0.2602739726027397,11.95,-0.020259139078329103,0.003406854910938732,0.0
MgCl2-NaCl,Mg,cl4000,0.3333333333333333,0.05,nan,nan,0.0
MgCl2-NaCl,Mg,cl4000,0.3333333333333333,0.15000000000000002,nan,nan,0.0
MgCl2-NaCl,Mg,cl4000,0.3333333333333333,0.25,nan,nan,0.0
MgCl2-NaCl,Mg,cl4000,0.3333333333333333,0.35000000000000003,nan,nan,0.0
MgCl2-NaCl,Mg,cl4000,0.3333333333333333,0.45,nan,nan,0.0
MgCl2-NaCl,Mg,cl4000,0.3333333333333333,0.55,nan,nan,0.0
MgCl2-NaCl,Mg,cl4000,0.3333333333333333,0.6500000000000001,nan,nan,0.0
MgCl2-NaCl,Mg,cl4000,0.3333333333333333,0.75,nan,nan,0.0
MgCl2-NaCl,Mg,cl4000,0.3333333333333333,0.8500000000000001,nan,nan,0.0
MgCl2-NaCl,Mg,cl4000,0.3333333333333333,0.95,nan,nan,0.0
MgCl2-NaCl,Mg,cl4000,0.3333333333333333,1.05,nan,nan,0.0
MgCl2-NaCl,Mg,cl4000,0.3333333333333333,1.1500000000000001,nan,nan,0.0
MgCl2-NaCl,Mg,cl4000,0.3333333333333333,1.25,nan,nan,0.0
MgCl2-NaCl,Mg,cl4000,0.3333333333333333,1.35,nan,nan,0.0
MgCl2-NaCl,Mg,cl4000,0.3333333333333333,1.4500000000000002,nan,nan,0.0
MgCl2-NaCl,Mg,cl4000,0.3333333333333333,1.55,nan,nan,0.0
MgCl2-NaCl,Mg,cl4000,0.3333333333333333,1.6500000000000001,nan,nan,0.0
MgCl2-NaCl,Mg,cl4000,0.3333333333333333,1.75,nan,nan,0.0
MgCl2-NaCl,Mg,cl4000,0.3333333333333333,1.85,nan,nan,0.0
MgCl2-NaCl,Mg,cl4000,0.3333333333333333,1.9500000000000002,nan,nan,0.0
MgCl2-NaCl,Mg,cl4000,0.3333333333333333,2.05,nan,nan,0.0
MgCl2-NaCl,Mg,cl4000,0.3333333333333333,2.1500000000000004,nan,nan,0.0
MgCl2-NaCl,Mg,cl4000,0.3333333333333333,2.25,nan,nan,0.0
MgCl2-NaCl,Mg,cl4000,0.3333333333333333,2.3500000000000005,nan,nan,0.0
MgCl2-NaCl,Mg,cl4000,0.3333333333333333,2.45,0.0004166666666667318,2.1204364600831593,0.0
MgCl2-NaCl,Mg,cl4000,0.3333333333333333,2.55,0.05302631578947381,0.589062054568127,0.0
MgCl2-NaCl,Mg,cl4000,0.3333333333333333,2.6500000000000004,0.28601190476190486,0.16800169685977356,0.0
MgCl2-NaCl,Mg,cl4000,0.3333333333333333,2.75,0.14006433823529418,0.11135636530441066,0.0
MgCl2-NaCl,Mg,cl4000,0.3333333333333333,2.8500000000000005,0.32471680355920607,0.08876550474666267,0.0
MgCl2-NaCl,Mg,cl4000,0.3333333333333333,2.95,0.35490911088785637,0.017060471050755265,0.0
MgCl2-NaCl,Mg,cl4000,0.3333333333333333,3.05,0.35767166906634185,0.018452129483021003,0.0
MgCl2-NaCl,Mg,cl4000,0.3333333333333333,3.1500000000000004,0.3244663028978515,0.012235594589840684,0.0
MgCl2-NaCl,Mg,cl4000,0.3333333333333333,3.25,0.2750923270366197,0.014409224562810978,0.0
MgCl2-NaCl,Mg,cl4000,0.3333333333333333,3.3500000000000005,0.21697038130570323,0.012496651729728981,0.0
MgCl2-NaCl,Mg,cl4000,0.3333333333333333,3.45,0.14662176217422496,0.005202952453637696,0.0
MgCl2-NaCl,Mg,cl4000,0.3333333333333333,3.55,0.07555961675496492,0.005792268482488964,0.0
MgCl2-NaCl,Mg,cl4000,0.3333333333333333,3.6500000000000004,0.009733486145585446,0.00787221514740767,0.0
MgCl2-NaCl,Mg,cl4000,0.3333333333333333,3.75,-0.03768940145859401,0.009844174495827546,0.0
MgCl2-NaCl,Mg,cl4000,0.3333333333333333,3.8500000000000005,-0.07398081694134317,0.00672656217743579,0.0
MgCl2-NaCl,Mg,cl4000,0.3333333333333333,3.95,-0.09822539206134695,0.003121765198416507,0.0
MgCl2-NaCl,Mg,cl4000,0.3333333333333333,4.050000000000001,-0.10751224306688423,0.0040543181228200765,0.0
MgCl2-NaCl,Mg,cl4000,0.3333333333333333,4.15,-0.12845750445020454,0.006355626774893082,0.0
MgCl2-NaCl,Mg,cl4000,0.3333333333333333,4.25,-0.13994637936927035,0.004093808854061724,0.0
MgCl2-NaCl,Mg,cl4000,0.3333333333333333,4.35,-0.16888055608832198,0.005753171153892671,0.0
MgCl2-NaCl,Mg,cl4000,0.3333333333333333,4.45,-0.20245007201941245,0.008918294680568959,0.0
MgCl2-NaCl,Mg,cl4000,0.3333333333333333,4.550000000000001,-0.24064271912125945,0.0043739513774618925,0.0
MgCl2-NaCl,Mg,cl4000,0.3333333333333333,4.65,-0.298375743064212,0.008311982683754916,0.0
MgCl2-NaCl,Mg,cl4000,0.3333333333333333,4.75,-0.33787708331975397,0.006051572598905899,0.0
MgCl2-NaCl,Mg,cl4000,0.3333333333333333,4.8500000000000005,-0.3853505233616763,0.011348109232555881,0.0
MgCl2-NaCl,Mg,cl4000,0.3333333333333333,4.95,-0.4097205213107362,0.007518471746494774,0.0
MgCl2-NaCl,Mg,cl4000,0.3333333333333333,5.050000000000001,-0.4260018979873541,0.009287875259000971,0.0
MgCl2-NaCl,Mg,cl4000,0.3333333333333333,5.15,-0.41675096733035755,0.010617918342122496,0.0
MgCl2-NaCl,Mg,cl4000,0.3333333333333333,5.25,-0.3730966965893494,0.0065249769076654715,0.0
MgCl2-NaCl,Mg,cl4000,0.3333333333333333,5.3500000000000005,-0.32511555660804436,0.007855416420938748,0.0
MgCl2-NaCl,Mg,cl4000,0.3333333333333333,5.45,-0.26992194566753125,0.008698991611987908,0.0
MgCl2-NaCl,Mg,cl4000,0.3333333333333333,5.550000000000001,-0.20911281430793616,0.011316820280072666,0.0
MgCl2-NaCl,Mg,cl4000,0.3333333333333333,5.65,-0.14480000677339677,0.007617015722620867,0.0
MgCl2-NaCl,Mg,cl4000,0.3333333333333333,5.75,-0.09483496011060533,0.003673117367070645,0.0
MgCl2-NaCl,Mg,cl4000,0.3333333333333333,5.8500000000000005,-0.043204477073996106,0.00806029329048226,0.0
MgCl2-NaCl,Mg,cl4000,0.3333333333333333,5.95,-0.0013971214060057857,0.004355595564926016,0.0
MgCl2-NaCl,Mg,cl4000,0.3333333333333333,6.050000000000001,0.03913886716420811,0.00345573576775375,0.0
MgCl2-NaCl,Mg,cl4000,0.3333333333333333,6.15,0.07028785507442625,0.005394992505812396,0.0
MgCl2-NaCl,Mg,cl4000,0.3333333333333333,6.25,0.0971394517391464,0.003723731262470956,0.0
MgCl2-NaCl,Mg,cl4000,0.3333333333333333,6.3500000000000005,0.11572131719711465,0.0015949085712480522,0.0
MgCl2-NaCl,Mg,cl4000,0.3333333333333333,6.45,0.12515159292835387,0.002618827667415043,0.0
MgCl2-NaCl,Mg,cl4000,0.3333333333333333,6.550000000000001,0.13521962175131885,0.003945619700076821,0.0
MgCl2-NaCl,Mg,cl4000,0.3333333333333333,6.65,0.1383444375117523,0.0026687002429213688,0.0
MgCl2-NaCl,Mg,cl4000,0.3333333333333333,6.75,0.13807229169808344,0.005802603715953389,0.0
MgCl2-NaCl,Mg,cl4000,0.3333333333333333,6.8500000000000005,0.13545445846950666,0.003569436659041543,0.0
MgCl2-NaCl,Mg,cl4000,0.3333333333333333,6.95,0.13261735905908856,0.004847829656519658,0.0
MgCl2-NaCl,Mg,cl4000,0.3333333333333333,7.050000000000001,0.12472690571346867,0.005437092133872396,0.0
MgCl2-NaCl,Mg,cl4000,0.3333333333333333,7.15,0.11211721261141261,0.004910912660947226,0.0
MgCl2-NaCl,Mg,cl4000,0.3333333333333333,7.25,0.10092981273322832,0.004690151439786671,0.0
MgCl2-NaCl,Mg,cl4000,0.3333333333333333,7.3500000000000005,0.08961522812009548,0.004326001761476287,0.0
MgCl2-NaCl,Mg,cl4000,0.3333333333333333,7.45,0.07243152988208423,0.0036136048387318404,0.0
MgCl2-NaCl,Mg,cl4000,0.3333333333333333,7.550000000000001,0.058405867572227654,0.002422045209087044,0.0
MgCl2-NaCl,Mg,cl4000,0.3333333333333333,7.65,0.044699288679269644,0.002246194057923915,0.0
MgCl2-NaCl,Mg,cl4000,0.3333333333333333,7.75,0.03097709913073321,0.0028673996978582925,0.0
MgCl2-NaCl,Mg,cl4000,0.3333333333333333,7.8500000000000005,0.017023861870474777,0.0034951161892345602,0.0
MgCl2-NaCl,Mg,cl4000,0.3333333333333333,7.95,0.003552461027642173,0.0013948885228110114,0.0
MgCl2-NaCl,Mg,cl4000,0.3333333333333333,8.05,-0.008565416540259996,0.0027082703523849594,0.0
MgCl2-NaCl,Mg,cl4000,0.3333333333333333,8.15,-0.017652152220868356,0.00275358491348869,0.0
MgCl2-NaCl,Mg,cl4000,0.3333333333333333,8.25,-0.027004434111354225,0.004647935962997261,0.0
MgCl2-NaCl,Mg,cl4000,0.3333333333333333,8.350000000000001,-0.03155952533157058,0.004021693115229467,0.0
MgCl2-NaCl,Mg,cl4000,0.3333333333333333,8.45,-0.03705698949565961,0.006578945876667879,0.0
MgCl2-NaCl,Mg,cl4000,0.3333333333333333,8.55,-0.037225986699849445,0.003502731342423865,0.0
MgCl2-NaCl,Mg,cl4000,0.3333333333333333,8.65,-0.038149522164617755,0.006564762438520826,0.0
MgCl2-NaCl,Mg,cl4000,0.3333333333333333,8.75,-0.0322932054547691,0.005184712501099958,0.0
MgCl2-NaCl,Mg,cl4000,0.3333333333333333,8.850000000000001,-0.028812427772120452,0.004910452394499567,0.0
MgCl2-NaCl,Mg,cl4000,0.3333333333333333,8.95,-0.02526545403138125,0.0044471799703785795,0.0
MgCl2-NaCl,Mg,cl4000,0.3333333333333333,9.05,-0.016270890153891493,0.003859906182728732,0.0
MgCl2-NaCl,Mg,cl4000,0.3333333333333333,9.15,-0.010616131526653527,0.004457528053480861,0.0
MgCl2-NaCl,Mg,cl4000,0.3333333333333333,9.25,-0.004983260892333474,0.0067465370385361685,0.0
MgCl2-NaCl,Mg,cl4000,0.3333333333333333,9.350000000000001,0.001571663378181376,0.0038453813513512503,0.0
MgCl2-NaCl,Mg,cl4000,0.3333333333333333,9.45,0.009632171195703587,0.0024281036062921576,0.0
MgCl2-NaCl,Mg,cl4000,0.3333333333333333,9.55,0.011938359010358557,0.0037023767642910686,0.0
MgCl2-NaCl,Mg,cl4000,0.3333333333333333,9.650000000000002,0.01530236862070522,0.002522938437845529,0.0
MgCl2-NaCl,Mg,cl4000,0.3333333333333333,9.75,0.018446353122583692,0.0034000947321677806,0.0
MgCl2-NaCl,Mg,cl4000,0.3333333333333333,9.850000000000001,0.019964295630367945,0.0036621841786680922,0.0
MgCl2-NaCl,Mg,cl4000,0.3333333333333333,9.95,0.01853395438845884,0.0024785055424406304,0.0
MgCl2-NaCl,Mg,cl4000,0.3333333333333333,10.05,0.020028507590310718,0.0018029009569466546,0.0
MgCl2-NaCl,Mg,cl4000,0.3333333333333333,10.150000000000002,0.021682495325583306,0.0025856955170644844,0.0
MgCl2-NaCl,Mg,cl4000,0.3333333333333333,10.25,0.018689594480651328,0.004549287950541647,0.0
MgCl2-NaCl,Mg,cl4000,0.3333333333333333,10.350000000000001,0.01537258998025881,0.002320573691714926,0.0
MgCl2-NaCl,Mg,cl4000,0.3333333333333333,10.45,0.01465817244708767,0.005904604469925941,0.0
MgCl2-NaCl,Mg,cl4000,0.3333333333333333,10.55,0.0104257199221095,0.0030966809277104303,0.0
MgCl2-NaCl,Mg,cl4000,0.3333333333333333,10.650000000000002,0.0059107292753447505,0.0005370746467741695,0.0
MgCl2-NaCl,Mg,cl4000,0.3333333333333333,10.75,0.004255416469903239,0.00424649980740035,0.0
MgCl2-NaCl,Mg,cl4000,0.3333333333333333,10.850000000000001,-0.002690891032679721,0.002925713190156487,0.0
MgCl2-NaCl,Mg,cl4000,0.3333333333333333,10.95,-0.007326088066513137,0.0012048473154027835,0.0
MgCl2-NaCl,Mg,cl4000,0.3333333333333333,11.05,-0.011033990650724856,0.00450940682421091,0.0
MgCl2-NaCl,Mg,cl4000,0.3333333333333333,11.150000000000002,-0.011784029613679081,0.001571814175190946,0.0
MgCl2-NaCl,Mg,cl4000,0.3333333333333333,11.25,-0.013948078150699761,0.002332737982958236,0.0
MgCl2-NaCl,Mg,cl4000,0.3333333333333333,11.350000000000001,-0.01768122342742462,0.0020742395883240547,0.0
MgCl2-NaCl,Mg,cl4000,0.3333333333333333,11.45,-0.018478626167478307,0.001485915190522208,0.0
MgCl2-NaCl,Mg,cl4000,0.3333333333333333,11.55,-0.017967269209521852,0.00257897425838976,0.0
MgCl2-NaCl,Mg,cl4000,0.3333333333333333,11.650000000000002,-0.022366431038469914,0.0020834367990555072,0.0
MgCl2-NaCl,Mg,cl4000,0.3333333333333333,11.75,-0.017698378960059324,0.0021452539361423995,0.0
MgCl2-NaCl,Mg,cl4000,0.3333333333333333,11.850000000000001,-0.018040107195042676,0.002543221800995845,0.0
MgCl2-NaCl,Mg,cl4000,0.3333333333333333,11.95,-0.01801443613235687,0.003582589688486786,0.0
MgCl2-NaCl,Mg,cl3936,0.4025974025974026,0.05,nan,nan,0.0
MgCl2-NaCl,Mg,cl3936,0.4025974025974026,0.15000000000000002,nan,nan,0.0
MgCl2-NaCl,Mg,cl3936,0.4025974025974026,0.25,nan,nan,0.0
MgCl2-NaCl,Mg,cl3936,0.4025974025974026,0.35000000000000003,nan,nan,0.0
MgCl2-NaCl,Mg,cl3936,0.4025974025974026,0.45,nan,nan,0.0
MgCl2-NaCl,Mg,cl3936,0.4025974025974026,0.55,nan,nan,0.0
MgCl2-NaCl,Mg,cl3936,0.4025974025974026,0.6500000000000001,nan,nan,0.0
MgCl2-NaCl,Mg,cl3936,0.4025974025974026,0.75,nan,nan,0.0
MgCl2-NaCl,Mg,cl3936,0.4025974025974026,0.8500000000000001,nan,nan,0.0
MgCl2-NaCl,Mg,cl3936,0.4025974025974026,0.95,nan,nan,0.0
MgCl2-NaCl,Mg,cl3936,0.4025974025974026,1.05,nan,nan,0.0
MgCl2-NaCl,Mg,cl3936,0.4025974025974026,1.1500000000000001,nan,nan,0.0
MgCl2-NaCl,Mg,cl3936,0.4025974025974026,1.25,nan,nan,0.0
MgCl2-NaCl,Mg,cl3936,0.4025974025974026,1.35,nan,nan,0.0
MgCl2-NaCl,Mg,cl3936,0.4025974025974026,1.4500000000000002,nan,nan,0.0
MgCl2-NaCl,Mg,cl3936,0.4025974025974026,1.55,nan,nan,0.0
MgCl2-NaCl,Mg,cl3936,0.4025974025974026,1.6500000000000001,nan,nan,0.0
MgCl2-NaCl,Mg,cl3936,0.4025974025974026,1.75,nan,nan,0.0
MgCl2-NaCl,Mg,cl3936,0.4025974025974026,1.85,nan,nan,0.0
MgCl2-NaCl,Mg,cl3936,0.4025974025974026,1.9500000000000002,nan,nan,0.0
MgCl2-NaCl,Mg,cl3936,0.4025974025974026,2.05,nan,nan,0.0
MgCl2-NaCl,Mg,cl3936,0.4025974025974026,2.1500000000000004,nan,nan,0.0
MgCl2-NaCl,Mg,cl3936,0.4025974025974026,2.25,nan,nan,0.0
MgCl2-NaCl,Mg,cl3936,0.4025974025974026,2.3500000000000005,nan,nan,0.0
MgCl2-NaCl,Mg,cl3936,0.4025974025974026,2.45,1.0,nan,0.0
MgCl2-NaCl,Mg,cl3936,0.4025974025974026,2.55,0.006854838709677291,0.7577711910389008,0.0
MgCl2-NaCl,Mg,cl3936,0.4025974025974026,2.6500000000000004,0.03842881782584373,0.22894590123067027,0.0
MgCl2-NaCl,Mg,cl3936,0.4025974025974026,2.75,0.10666223084927551,0.20546637531403825,0.0
MgCl2-NaCl,Mg,cl3936,0.4025974025974026,2.8500000000000005,0.18605358072995526,0.08494835579338078,0.0
MgCl2-NaCl,Mg,cl3936,0.4025974025974026,2.95,0.23269618758053212,0.0482286636071013,0.0
MgCl2-NaCl,Mg,cl3936,0.4025974025974026,3.05,0.24162222079424234,0.02073437456824005,0.0
MgCl2-NaCl,Mg,cl3936,0.4025974025974026,3.1500000000000004,0.2129235296235692,0.0282260601823276,0.0
MgCl2-NaCl,Mg,cl3936,0.4025974025974026,3.25,0.17267867236875822,0.012549132640251521,0.0
MgCl2-NaCl,Mg,cl3936,0.4025974025974026,3.3500000000000005,0.11848780135256898,0.01169682124243566,0.0
MgCl2-NaCl,Mg,cl3936,0.4025974025974026,3.45,0.06274870163890856,0.007037437400013471,0.0
MgCl2-NaCl,Mg,cl3936,0.4025974025974026,3.55,-0.00035604355760421313,0.008098480167948698,0.0
MgCl2-NaCl,Mg,cl3936,0.4025974025974026,3.6500000000000004,-0.048767722143995496,0.00948411948553889,0.0
MgCl2-NaCl,Mg,cl3936,0.4025974025974026,3.75,-0.08340871489439627,0.005619478212881922,0.0
MgCl2-NaCl,Mg,cl3936,0.4025974025974026,3.8500000000000005,-0.10869455434039454,0.0064940254203345585,0.0
MgCl2-NaCl,Mg,cl3936,0.4025974025974026,3.95,-0.12505579799406097,0.005198348853969431,0.0
MgCl2-NaCl,Mg,cl3936,0.4025974025974026,4.050000000000001,-0.13641901238628606,0.0017473360176691612,0.0
MgCl2-NaCl,Mg,cl3936,0.4025974025974026,4.15,-0.14379642499853817,0.00703504127466404,0.0
MgCl2-NaCl,Mg,cl3936,0.4025974025974026,4.25,-0.15414146154543307,0.0036605721885127583,0.0
MgCl2-NaCl,Mg,cl3936,0.4025974025974026,4.35,-0.17590812396111333,0.0071305852849890584,0.0
MgCl2-NaCl,Mg,cl3936,0.4025974025974026,4.45,-0.20035461867407722,0.009657904971867854,0.0
MgCl2-NaCl,Mg,cl3936,0.4025974025974026,4.550000000000001,-0.23443977503218472,0.006851740252657623,0.0
MgCl2-NaCl,Mg,cl3936,0.4025974025974026,4.65,-0.25993127739723865,0.0057420922663127105,0.0
MgCl2-NaCl,Mg,cl3936,0.4025974025974026,4.75,-0.3036897074905236,0.004635043808669364,0.0
MgCl2-NaCl,Mg,cl3936,0.4025974025974026,4.8500000000000005,-0.33704748581717325,0.00586565202946188,0.0
MgCl2-NaCl,Mg,cl3936,0.4025974025974026,4.95,-0.3601074108013198,0.006152025808304409,0.0
MgCl2-NaCl,Mg,cl3936,0.4025974025974026,5.050000000000001,-0.3617875089726743,0.0045425938740000565,0.0
MgCl2-NaCl,Mg,cl3936,0.4025974025974026,5.15,-0.35216380213981635,0.007345239583674157,0.0
MgCl2-NaCl,Mg,cl3936,0.4025974025974026,5.25,-0.31888142515935725,0.003960920250765842,0.0
MgCl2-NaCl,Mg,cl3936,0.4025974025974026,5.3500000000000005,-0.2796812807516864,0.004500797672501989,0.0
MgCl2-NaCl,Mg,cl3936,0.4025974025974026,5.45,-0.22974748162350433,0.006364353555237208,0.0
MgCl2-NaCl,Mg,cl3936,0.4025974025974026,5.550000000000001,-0.17730818930154113,0.003299917018771181,0.0
MgCl2-NaCl,Mg,cl3936,0.4025974025974026,5.65,-0.1270569800917256,0.0034354262142652124,0.0
MgCl2-NaCl,Mg,cl3936,0.4025974025974026,5.75,-0.07733929789959904,0.0029570618251136774,0.0
MgCl2-NaCl,Mg,cl3936,0.4025974025974026,5.8500000000000005,-0.028975567949554915,0.006391418356859609,0.0
MgCl2-NaCl,Mg,cl3936,0.4025974025974026,5.95,0.01023000009178121,0.0036108488449447217,0.0
MgCl2-NaCl,Mg,cl3936,0.4025974025974026,6.050000000000001,0.04138798639260677,0.006757945197733959,0.0
MgCl2-NaCl,Mg,cl3936,0.4025974025974026,6.15,0.07330423498290983,0.00383820831155602,0.0
MgCl2-NaCl,Mg,cl3936,0.4025974025974026,6.25,0.09381070578782968,0.002571018737220454,0.0
MgCl2-NaCl,Mg,cl3936,0.4025974025974026,6.3500000000000005,0.11212586024806248,0.004756758841212324,0.0
MgCl2-NaCl,Mg,cl3936,0.4025974025974026,6.45,0.12603326974644957,0.0025820205844335146,0.0
MgCl2-NaCl,Mg,cl3936,0.4025974025974026,6.550000000000001,0.13245434591138705,0.0046260363556671165,0.0
MgCl2-NaCl,Mg,cl3936,0.4025974025974026,6.65,0.13872732816341915,0.0030989847769622623,0.0
MgCl2-NaCl,Mg,cl3936,0.4025974025974026,6.75,0.13319995105983695,0.004742457751417238,0.0
MgCl2-NaCl,Mg,cl3936,0.4025974025974026,6.8500000000000005,0.1316611754375887,0.003951739769005146,0.0
MgCl2-NaCl,Mg,cl3936,0.4025974025974026,6.95,0.1269975024321821,0.0025698334131600076,0.0
MgCl2-NaCl,Mg,cl3936,0.4025974025974026,7.050000000000001,0.11931775416825252,0.002258715295432314,0.0
MgCl2-NaCl,Mg,cl3936,0.4025974025974026,7.15,0.10820809304371048,0.004089830574145793,0.0
MgCl2-NaCl,Mg,cl3936,0.4025974025974026,7.25,0.09836723294882022,0.003903425786030224,0.0
MgCl2-NaCl,Mg,cl3936,0.4025974025974026,7.3500000000000005,0.08858373412241516,0.004230830403945188,0.0
MgCl2-NaCl,Mg,cl3936,0.4025974025974026,7.45,0.0754813650883599,0.0007370923894366859,0.0
MgCl2-NaCl,Mg,cl3936,0.4025974025974026,7.550000000000001,0.061513967847358075,0.0020628732421400526,0.0
MgCl2-NaCl,Mg,cl3936,0.4025974025974026,7.65,0.04983645886976418,0.004048353793902717,0.0
MgCl2-NaCl,Mg,cl3936,0.4025974025974026,7.75,0.038985689424328784,0.0031944891358970744,0.0
MgCl2-NaCl,Mg,cl3936,0.4025974025974026,7.8500000000000005,0.02237108722086012,0.004698940850069075,0.0
MgCl2-NaCl,Mg,cl3936,0.4025974025974026,7.95,0.009801548919482816,0.0025140814315354793,0.0
MgCl2-NaCl,Mg,cl3936,0.4025974025974026,8.05,-0.0008501663158264616,0.0012505773751937724,0.0
MgCl2-NaCl,Mg,cl3936,0.4025974025974026,8.15,-0.012579221805655072,0.007608821769926139,0.0
MgCl2-NaCl,Mg,cl3936,0.4025974025974026,8.25,-0.014886144746462993,0.005147376830157514,0.0
MgCl2-NaCl,Mg,cl3936,0.4025974025974026,8.350000000000001,-0.025767255163451352,0.004734559612818103,0.0
MgCl2-NaCl,Mg,cl3936,0.4025974025974026,8.45,-0.029934558574934655,0.0013745483810972954,0.0
MgCl2-NaCl,Mg,cl3936,0.4025974025974026,8.55,-0.03544154616488182,0.006578458485884947,0.0
MgCl2-NaCl,Mg,cl3936,0.4025974025974026,8.65,-0.03280056128763209,0.0026135546240839,0.0
MgCl2-NaCl,Mg,cl3936,0.4025974025974026,8.75,-0.03152615863302377,0.002205328823548296,0.0
MgCl2-NaCl,Mg,cl3936,0.4025974025974026,8.850000000000001,-0.028839533487114766,0.0044082053676288944,0.0
MgCl2-NaCl,Mg,cl3936,0.4025974025974026,8.95,-0.023191928160231967,0.004863876943512777,0.0
MgCl2-NaCl,Mg,cl3936,0.4025974025974026,9.05,-0.018768765491788963,0.0006679949305084117,0.0
MgCl2-NaCl,Mg,cl3936,0.4025974025974026,9.15,-0.012803424434862709,0.0034025279135858314,0.0
MgCl2-NaCl,Mg,cl3936,0.4025974025974026,9.25,-0.006042521135701584,0.00319334804501272,0.0
MgCl2-NaCl,Mg,cl3936,0.4025974025974026,9.350000000000001,-0.003380928782789061,0.003809119024221762,0.0
MgCl2-NaCl,Mg,cl3936,0.4025974025974026,9.45,0.0006660357432268782,0.003524811484286867,0.0
MgCl2-NaCl,Mg,cl3936,0.4025974025974026,9.55,0.004951618357751375,0.0018560461816978045,0.0
MgCl2-NaCl,Mg,cl3936,0.4025974025974026,9.650000000000002,0.007978824509723204,0.0029083175077028304,0.0
MgCl2-NaCl,Mg,cl3936,0.4025974025974026,9.75,0.011451309268865395,0.004585360981740954,0.0
MgCl2-NaCl,Mg,cl3936,0.4025974025974026,9.850000000000001,0.01095768243167572,0.0014707777176293647,0.0
MgCl2-NaCl,Mg,cl3936,0.4025974025974026,9.95,0.01649084883843721,0.0015173776170369865,0.0
MgCl2-NaCl,Mg,cl3936,0.4025974025974026,10.05,0.014392493788771055,0.002026165159802295,0.0
MgCl2-NaCl,Mg,cl3936,0.4025974025974026,10.150000000000002,0.01544256565610802,0.0023885565598321906,0.0
MgCl2-NaCl,Mg,cl3936,0.4025974025974026,10.25,0.013716980120323075,0.003358587810785627,0.0
MgCl2-NaCl,Mg,cl3936,0.4025974025974026,10.350000000000001,0.01202720747099184,0.001687253803153387,0.0
MgCl2-NaCl,Mg,cl3936,0.4025974025974026,10.45,0.010068094893033952,0.002901039259247965,0.0
MgCl2-NaCl,Mg,cl3936,0.4025974025974026,10.55,0.007207260640387014,0.0009587617159551005,0.0
MgCl2-NaCl,Mg,cl3936,0.4025974025974026,10.650000000000002,0.0026626714566093668,0.0018259181202708412,0.0
MgCl2-NaCl,Mg,cl3936,0.4025974025974026,10.75,-0.00019026128589261226,0.0013040320728009518,0.0
MgCl2-NaCl,Mg,cl3936,0.4025974025974026,10.850000000000001,-0.0016152143380068207,0.0036663211394172713,0.0
MgCl2-NaCl,Mg,cl3936,0.4025974025974026,10.95,-0.007474386579492176,0.0031859605982875157,0.0
MgCl2-NaCl,Mg,cl3936,0.4025974025974026,11.05,-0.009289433193950813,0.0018633918255519938,0.0
MgCl2-NaCl,Mg,cl3936,0.4025974025974026,11.150000000000002,-0.01265981160262819,0.0031746493546903525,0.0
MgCl2-NaCl,Mg,cl3936,0.4025974025974026,11.25,-0.013633954775700285,0.001837624315610402,0.0
MgCl2-NaCl,Mg,cl3936,0.4025974025974026,11.350000000000001,-0.01606445561947023,0.0015162385239106077,0.0
MgCl2-NaCl,Mg,cl3936,0.4025974025974026,11.45,-0.015702821484304685,0.0008019775241684945,0.0
MgCl2-NaCl,Mg,cl3936,0.4025974025974026,11.55,-0.018350410102370374,0.0017100029443236659,0.0
MgCl2-NaCl,Mg,cl3936,0.4025974025974026,11.650000000000002,-0.019367228498468725,0.002167791257175157,0.0
MgCl2-NaCl,Mg,cl3936,0.4025974025974026,11.75,-0.01654049519354861,0.002424325963039302,0.0
MgCl2-NaCl,Mg,cl3936,0.4025974025974026,11.850000000000001,-0.01680955970846454,0.002641770400150389,0.0
MgCl2-NaCl,Mg,cl3936,0.4025974025974026,11.95,-0.014846885002906207,0.002856941436041749,0.0
MgCl2-NaCl,Mg,cl3872,0.46835443037974683,0.05,nan,nan,0.0
MgCl2-NaCl,Mg,cl3872,0.46835443037974683,0.15000000000000002,nan,nan,0.0
MgCl2-NaCl,Mg,cl3872,0.46835443037974683,0.25,nan,nan,0.0
MgCl2-NaCl,Mg,cl3872,0.46835443037974683,0.35000000000000003,nan,nan,0.0
MgCl2-NaCl,Mg,cl3872,0.46835443037974683,0.45,nan,nan,0.0
MgCl2-NaCl,Mg,cl3872,0.46835443037974683,0.55,nan,nan,0.0
MgCl2-NaCl,Mg,cl3872,0.46835443037974683,0.6500000000000001,nan,nan,0.0
MgCl2-NaCl,Mg,cl3872,0.46835443037974683,0.75,nan,nan,0.0
MgCl2-NaCl,Mg,cl3872,0.46835443037974683,0.8500000000000001,nan,nan,0.0
MgCl2-NaCl,Mg,cl3872,0.46835443037974683,0.95,nan,nan,0.0
MgCl2-NaCl,Mg,cl3872,0.46835443037974683,1.05,nan,nan,0.0
MgCl2-NaCl,Mg,cl3872,0.46835443037974683,1.1500000000000001,nan,nan,0.0
MgCl2-NaCl,Mg,cl3872,0.46835443037974683,1.25,nan,nan,0.0
MgCl2-NaCl,Mg,cl3872,0.46835443037974683,1.35,nan,nan,0.0
MgCl2-NaCl,Mg,cl3872,0.46835443037974683,1.4500000000000002,nan,nan,0.0
MgCl2-NaCl,Mg,cl3872,0.46835443037974683,1.55,nan,nan,0.0
MgCl2-NaCl,Mg,cl3872,0.46835443037974683,1.6500000000000001,nan,nan,0.0
MgCl2-NaCl,Mg,cl3872,0.46835443037974683,1.75,nan,nan,0.0
MgCl2-NaCl,Mg,cl3872,0.46835443037974683,1.85,nan,nan,0.0
MgCl2-NaCl,Mg,cl3872,0.46835443037974683,1.9500000000000002,nan,nan,0.0
MgCl2-NaCl,Mg,cl3872,0.46835443037974683,2.05,nan,nan,0.0
MgCl2-NaCl,Mg,cl3872,0.46835443037974683,2.1500000000000004,nan,nan,0.0
MgCl2-NaCl,Mg,cl3872,0.46835443037974683,2.25,nan,nan,0.0
MgCl2-NaCl,Mg,cl3872,0.46835443037974683,2.3500000000000005,nan,nan,0.0
MgCl2-NaCl,Mg,cl3872,0.46835443037974683,2.45,-0.28057432432432416,0.8214888120733019,0.0
MgCl2-NaCl,Mg,cl3872,0.46835443037974683,2.55,-0.7462377149877151,0.43157491547563664,0.0
MgCl2-NaCl,Mg,cl3872,0.46835443037974683,2.6500000000000004,-0.12020774227265929,0.2037031593037859,0.0
MgCl2-NaCl,Mg,cl3872,0.46835443037974683,2.75,-0.020237785862785795,0.1624039015622703,0.0
MgCl2-NaCl,Mg,cl3872,0.46835443037974683,2.8500000000000005,0.04348114127134628,0.06123816547328702,0.0
MgCl2-NaCl,Mg,cl3872,0.46835443037974683,2.95,0.09567197230787838,0.08743404431567872,0.0
MgCl2-NaCl,Mg,cl3872,0.46835443037974683,3.05,0.09942288906350283,0.02551068890824147,0.0
MgCl2-NaCl,Mg,cl3872,0.46835443037974683,3.1500000000000004,0.09369319449379077,0.02252784905770284,0.0
MgCl2-NaCl,Mg,cl3872,0.46835443037974683,3.25,0.07579807298944319,0.009113380087493324,0.0
MgCl2-NaCl,Mg,cl3872,0.46835443037974683,3.3500000000000005,0.03298812388158556,0.01165934988114108,0.0
MgCl2-NaCl,Mg,cl3872,0.46835443037974683,3.45,-0.0166749842448759,0.014836844406319822,0.0
MgCl2-NaCl,Mg,cl3872,0.46835443037974683,3.55,-0.05311895295555291,0.008893055103377807,0.0
MgCl2-NaCl,Mg,cl3872,0.46835443037974683,3.6500000000000004,-0.09614535561070836,0.006551813176675271,0.0
MgCl2-NaCl,Mg,cl3872,0.46835443037974683,3.75,-0.12462621026947618,0.0054623848307970005,0.0
MgCl2-NaCl,Mg,cl3872,0.46835443037974683,3.8500000000000005,-0.14278290709399677,0.00656706193984301,0.0
MgCl2-NaCl,Mg,cl3872,0.46835443037974683,3.95,-0.15244776773804958,0.004781069890673872,0.0
MgCl2-NaCl,Mg,cl3872,0.46835443037974683,4.050000000000001,-0.15949014664704886,0.005824047085169714,0.0
MgCl2-NaCl,Mg,cl3872,0.46835443037974683,4.15,-0.16439804534838243,0.004965037677269085,0.0
MgCl2-NaCl,Mg,cl3872,0.46835443037974683,4.25,-0.1661535834477541,0.005293765740324848,0.0
MgCl2-NaCl,Mg,cl3872,0.46835443037974683,4.35,-0.18663121152292805,0.010431236087290229,0.0
MgCl2-NaCl,Mg,cl3872,0.46835443037974683,4.45,-0.20153096060028153,0.004814514339592522,0.0
MgCl2-NaCl,Mg,cl3872,0.46835443037974683,4.550000000000001,-0.222814323026292,0.006007533093885778,0.0
MgCl2-NaCl,Mg,cl3872,0.46835443037974683,4.65,-0.24502752269025407,0.0034742659273009112,0.0
MgCl2-NaCl,Mg,cl3872,0.46835443037974683,4.75,-0.27229081652284837,0.005336742023373529,0.0
MgCl2-NaCl,Mg,cl3872,0.46835443037974683,4.8500000000000005,-0.3004161635061757,0.0034610874360145893,0.0
MgCl2-NaCl,Mg,cl3872,0.46835443037974683,4.95,-0.31359428595948535,0.00805738205716186,0.0
MgCl2-NaCl,Mg,cl3872,0.46835443037974683,5.050000000000001,-0.31902226039217285,0.006238107821469851,0.0
MgCl2-NaCl,Mg,cl3872,0.46835443037974683,5.15,-0.29723076216327016,0.007859156104939423,0.0
MgCl2-NaCl,Mg,cl3872,0.46835443037974683,5.25,-0.27040750068990227,0.006655577622099167,0.0
MgCl2-NaCl,Mg,cl3872,0.46835443037974683,5.3500000000000005,-0.2415016214565877,0.004931920156916571,0.0
MgCl2-NaCl,Mg,cl3872,0.46835443037974683,5.45,-0.19658132085907032,0.005492253550552643,0.0
MgCl2-NaCl,Mg,cl3872,0.46835443037974683,5.550000000000001,-0.1486116846936505,0.004489798976989787,0.0
MgCl2-NaCl,Mg,cl3872,0.46835443037974683,5.65,-0.10835151288246458,0.0038541765646843435,0.0
MgCl2-NaCl,Mg,cl3872,0.46835443037974683,5.75,-0.060681934139142024,0.005616039771626244,0.0
MgCl2-NaCl,Mg,cl3872,0.46835443037974683,5.8500000000000005,-0.01714608611797952,0.003441303695548286,0.0
MgCl2-NaCl,Mg,cl3872,0.46835443037974683,5.95,0.015478853872248344,0.005850316627034809,0.0
MgCl2-NaCl,Mg,cl3872,0.46835443037974683,6.050000000000001,0.05159922465347,0.003417527425801609,0.0
MgCl2-NaCl,Mg,cl3872,0.46835443037974683,6.15,0.07154572328173503,0.0029057111243291026,0.0
MgCl2-NaCl,Mg,cl3872,0.46835443037974683,6.25,0.09758275229375513,0.003521103579068214,0.0
MgCl2-NaCl,Mg,cl3872,0.46835443037974683,6.3500000000000005,0.1123250804090059,0.007750377916531801,0.0
MgCl2-NaCl,Mg,cl3872,0.46835443037974683,6.45,0.11824713348580818,0.002872190709825704,0.0
MgCl2-NaCl,Mg,cl3872,0.46835443037974683,6.550000000000001,0.12853470162700897,0.0056203261840715585,0.0
MgCl2-NaCl,Mg,cl3872,0.46835443037974683,6.65,0.13624943449362115,0.008661729808519673,0.0
MgCl2-NaCl,Mg,cl3872,0.46835443037974683,6.75,0.13330832063447817,0.00548065011341314,0.0
MgCl2-NaCl,Mg,cl3872,0.46835443037974683,6.8500000000000005,0.13065556817601653,0.004485894581559642,0.0
MgCl2-NaCl,Mg,cl3872,0.46835443037974683,6.95,0.1272647836377856,0.0028769439686168103,0.0
MgCl2-NaCl,Mg,cl3872,0.46835443037974683,7.050000000000001,0.11902604338227074,0.0034741071075020027,0.0
MgCl2-NaCl,Mg,cl3872,0.46835443037974683,7.15,0.10994985505959376,0.006002539777560836,0.0
MgCl2-NaCl,Mg,cl3872,0.46835443037974683,7.25,0.10170128454290162,0.005115180655005171,0.0
MgCl2-NaCl,Mg,cl3872,0.46835443037974683,7.3500000000000005,0.08880374996604212,0.006453704498722857,0.0
MgCl2-NaCl,Mg,cl3872,0.46835443037974683,7.45,0.07613403913238515,0.0019228902697606828,0.0
MgCl2-NaCl,Mg,cl3872,0.46835443037974683,7.550000000000001,0.06657192330448658,0.004133582009731042,0.0
MgCl2-NaCl,Mg,cl3872,0.46835443037974683,7.65,0.05020328121602102,0.002195811503662444,0.0
MgCl2-NaCl,Mg,cl3872,0.46835443037974683,7.75,0.04024213547987876,0.0040344759017845715,0.0
MgCl2-NaCl,Mg,cl3872,0.46835443037974683,7.8500000000000005,0.025725361593241125,0.0053094864134133595,0.0
MgCl2-NaCl,Mg,cl3872,0.46835443037974683,7.95,0.015713987149904574,0.0017052104080787125,0.0
MgCl2-NaCl,Mg,cl3872,0.46835443037974683,8.05,0.005003354133870652,0.00172336206039384,0.0
MgCl2-NaCl,Mg,cl3872,0.46835443037974683,8.15,-0.006044678463074549,0.002387995313963807,0.0
MgCl2-NaCl,Mg,cl3872,0.46835443037974683,8.25,-0.012334890400826692,0.0028408832215221455,0.0
MgCl2-NaCl,Mg,cl3872,0.46835443037974683,8.350000000000001,-0.021369609381026944,0.0031557326569260674,0.0
MgCl2-NaCl,Mg,cl3872,0.46835443037974683,8.45,-0.023640184582823354,0.003496294307672172,0.0
MgCl2-NaCl,Mg,cl3872,0.46835443037974683,8.55,-0.0264423658095565,0.0025499545983345816,0.0
MgCl2-NaCl,Mg,cl3872,0.46835443037974683,8.65,-0.028249707879651753,0.0031340486727715936,0.0
MgCl2-NaCl,Mg,cl3872,0.46835443037974683,8.75,-0.02965306425624048,0.0032941580371154376,0.0
MgCl2-NaCl,Mg,cl3872,0.46835443037974683,8.850000000000001,-0.026227466747397843,0.0036369112637714114,0.0
MgCl2-NaCl,Mg,cl3872,0.46835443037974683,8.95,-0.024429697899436942,0.0027086789250855294,0.0
MgCl2-NaCl,Mg,cl3872,0.46835443037974683,9.05,-0.019184922810953298,0.00447848920324481,0.0
MgCl2-NaCl,Mg,cl3872,0.46835443037974683,9.15,-0.01865714097158344,0.006334467630128195,0.0
MgCl2-NaCl,Mg,cl3872,0.46835443037974683,9.25,-0.013521813836774532,0.00348033210572674,0.0
MgCl2-NaCl,Mg,cl3872,0.46835443037974683,9.350000000000001,-0.010335848212025045,0.0024205303172338375,0.0
MgCl2-NaCl,Mg,cl3872,0.46835443037974683,9.45,-0.005647737025091137,0.004002156346527296,0.0
MgCl2-NaCl,Mg,cl3872,0.46835443037974683,9.55,-0.0016495126441176122,0.0026301139068398106,0.0
MgCl2-NaCl,Mg,cl3872,0.46835443037974683,9.650000000000002,0.0032500736077314407,0.0032736134779579144,0.0
MgCl2-NaCl,Mg,cl3872,0.46835443037974683,9.75,0.0030619323394159847,0.002252432112481156,0.0
MgCl2-NaCl,Mg,cl3872,0.46835443037974683,9.850000000000001,0.005990740145606299,0.00379654269260288,0.0
MgCl2-NaCl,Mg,cl3872,0.46835443037974683,9.95,0.008525664211946338,0.0031013817619127888,0.0
MgCl2-NaCl,Mg,cl3872,0.46835443037974683,10.05,0.00789480315064317,0.0036884663914460145,0.0
MgCl2-NaCl,Mg,cl3872,0.46835443037974683,10.150000000000002,0.008654980756799935,0.0027999574438396222,0.0
MgCl2-NaCl,Mg,cl3872,0.46835443037974683,10.25,0.006957856059315648,0.0036089639904686526,0.0
MgCl2-NaCl,Mg,cl3872,0.46835443037974683,10.350000000000001,0.005615568453712028,0.00198568212612677,0.0
MgCl2-NaCl,Mg,cl3872,0.46835443037974683,10.45,0.004460714067811344,0.002769514641708113,0.0
MgCl2-NaCl,Mg,cl3872,0.46835443037974683,10.55,0.0042199739686424875,0.0037630218053392797,0.0
MgCl2-NaCl,Mg,cl3872,0.46835443037974683,10.650000000000002,0.0028019616533945246,0.003046179794862949,0.0
MgCl2-NaCl,Mg,cl3872,0.46835443037974683,10.75,-0.0005234071054571743,0.004390185538002345,0.0
MgCl2-NaCl,Mg,cl3872,0.46835443037974683,10.850000000000001,-0.0028663107094994977,0.002559849619502555,0.0
MgCl2-NaCl,Mg,cl3872,0.46835443037974683,10.95,-0.004942231933771968,0.002755744627512312,0.0
MgCl2-NaCl,Mg,cl3872,0.46835443037974683,11.05,-0.007375727390289466,0.002672737119113012,0.0
MgCl2-NaCl,Mg,cl3872,0.46835443037974683,11.150000000000002,-0.009427542418889434,0.002811894972803004,0.0
MgCl2-NaCl,Mg,cl3872,0.46835443037974683,11.25,-0.009541329166155466,0.002437224939164701,0.0
MgCl2-NaCl,Mg,cl3872,0.46835443037974683,11.350000000000001,-0.01650372241662046,0.0033895915239442924,0.0
MgCl2-NaCl,Mg,cl3872,0.46835443037974683,11.45,-0.013696980294719774,0.003209670570676791,0.0
MgCl2-NaCl,Mg,cl3872,0.46835443037974683,11.55,-0.017224720018699458,0.0024362575274850897,0.0
MgCl2-NaCl,Mg,cl3872,0.46835443037974683,11.650000000000002,-0.014221846340404243,0.003154091870704619,0.0
MgCl2-NaCl,Mg,cl3872,0.46835443037974683,11.75,-0.014356178074899972,0.0014673422735332114,0.0
MgCl2-NaCl,Mg,cl3872,0.46835443037974683,11.850000000000001,-0.01453703499220671,0.0030037877878324646,0.0
MgCl2-NaCl,Mg,cl3872,0.46835443037974683,11.95,-0.01366252571693205,0.0014825975711674959,0.0
MgCl2-NaCl,Mg,cl3808,0.5308641975308642,0.05,nan,nan,0.0
MgCl2-NaCl,Mg,cl3808,0.5308641975308642,0.15000000000000002,nan,nan,0.0
MgCl2-NaCl,Mg,cl3808,0.5308641975308642,0.25,nan,nan,0.0
MgCl2-NaCl,Mg,cl3808,0.5308641975308642,0.35000000000000003,nan,nan,0.0
MgCl2-NaCl,Mg,cl3808,0.5308641975308642,0.45,nan,nan,0.0
MgCl2-NaCl,Mg,cl3808,0.5308641975308642,0.55,nan,nan,0.0
MgCl2-NaCl,Mg,cl3808,0.5308641975308642,0.6500000000000001,nan,nan,0.0
MgCl2-NaCl,Mg,cl3808,0.5308641975308642,0.75,nan,nan,0.0
MgCl2-NaCl,Mg,cl3808,0.5308641975308642,0.8500000000000001,nan,nan,0.0
MgCl2-NaCl,Mg,cl3808,0.5308641975308642,0.95,nan,nan,0.0
MgCl2-NaCl,Mg,cl3808,0.5308641975308642,1.05,nan,nan,0.0
MgCl2-NaCl,Mg,cl3808,0.5308641975308642,1.1500000000000001,nan,nan,0.0
MgCl2-NaCl,Mg,cl3808,0.5308641975308642,1.25,nan,nan,0.0
MgCl2-NaCl,Mg,cl3808,0.5308641975308642,1.35,nan,nan,0.0
MgCl2-NaCl,Mg,cl3808,0.5308641975308642,1.4500000000000002,nan,nan,0.0
MgCl2-NaCl,Mg,cl3808,0.5308641975308642,1.55,nan,nan,0.0
MgCl2-NaCl,Mg,cl3808,0.5308641975308642,1.6500000000000001,nan,nan,0.0
MgCl2-NaCl,Mg,cl3808,0.5308641975308642,1.75,nan,nan,0.0
MgCl2-NaCl,Mg,cl3808,0.5308641975308642,1.85,nan,nan,0.0
MgCl2-NaCl,Mg,cl3808,0.5308641975308642,1.9500000000000002,nan,nan,0.0
MgCl2-NaCl,Mg,cl3808,0.5308641975308642,2.05,nan,nan,0.0
MgCl2-NaCl,Mg,cl3808,0.5308641975308642,2.1500000000000004,nan,nan,0.0
MgCl2-NaCl,Mg,cl3808,0.5308641975308642,2.25,nan,nan,0.0
MgCl2-NaCl,Mg,cl3808,0.5308641975308642,2.3500000000000005,nan,nan,0.0
MgCl2-NaCl,Mg,cl3808,0.5308641975308642,2.45,-0.8829941860465118,0.0,0.0
MgCl2-NaCl,Mg,cl3808,0.5308641975308642,2.55,-0.44845706618962455,0.37026899417561104,0.0
MgCl2-NaCl,Mg,cl3808,0.5308641975308642,2.6500000000000004,-0.3055426356589148,0.1503811464958352,0.0
MgCl2-NaCl,Mg,cl3808,0.5308641975308642,2.75,-0.14778016396655347,0.09097957054387092,0.0
MgCl2-NaCl,Mg,cl3808,0.5308641975308642,2.8500000000000005,-0.0729334227536218,0.043796504638215904,0.0
MgCl2-NaCl,Mg,cl3808,0.5308641975308642,2.95,-0.007038461095808524,0.040303771172358976,0.0
MgCl2-NaCl,Mg,cl3808,0.5308641975308642,3.05,-0.013962376418894307,0.024388788541406997,0.0
MgCl2-NaCl,Mg,cl3808,0.5308641975308642,3.1500000000000004,-0.00882148028595564,0.015885381300185346,0.0
MgCl2-NaCl,Mg,cl3808,0.5308641975308642,3.25,-0.03338277498775599,0.016201770308406704,0.0
MgCl2-NaCl,Mg,cl3808,0.5308641975308642,3.3500000000000005,-0.05055787099403197,0.006767410928446169,0.0
MgCl2-NaCl,Mg,cl3808,0.5308641975308642,3.45,-0.08493883071051944,0.010313976216960901,0.0
MgCl2-NaCl,Mg,cl3808,0.5308641975308642,3.55,-0.11747587323739395,0.005908253102478221,0.0
MgCl2-NaCl,Mg,cl3808,0.5308641975308642,3.6500000000000004,-0.13899889036318602,0.006444011214355196,0.0
MgCl2-NaCl,Mg,cl3808,0.5308641975308642,3.75,-0.1567668394338264,0.005971687928291005,0.0
MgCl2-NaCl,Mg,cl3808,0.5308641975308642,3.8500000000000005,-0.16888693046474978,0.00827687718431695,0.0
MgCl2-NaCl,Mg,cl3808,0.5308641975308642,3.95,-0.17563101738365616,0.003935130519082264,0.0
MgCl2-NaCl,Mg,cl3808,0.5308641975308642,4.050000000000001,-0.17185361694883539,0.007201654890322889,0.0
MgCl2-NaCl,Mg,cl3808,0.5308641975308642,4.15,-0.17441144709893952,0.007412476356619026,0.0
MgCl2-NaCl,Mg,cl3808,0.5308641975308642,4.25,-0.17311234683751953,0.007334782754837196,0.0
MgCl2-NaCl,Mg,cl3808,0.5308641975308642,4.35,-0.18255912873141056,0.0018574179341656024,0.0
MgCl2-NaCl,Mg,cl3808,0.5308641975308642,4.45,-0.19609087058996533,0.003523836273889356,0.0
MgCl2-NaCl,Mg,cl3808,0.5308641975308642,4.550000000000001,-0.20754771464767185,0.00558469199756004,0.0
MgCl2-NaCl,Mg,cl3808,0.5308641975308642,4.65,-0.22413906717436816,0.004078050099328558,0.0
MgCl2-NaCl,Mg,cl3808,0.5308641975308642,4.75,-0.24477436732750246,0.006781975044019788,0.0
MgCl2-NaCl,Mg,cl3808,0.5308641975308642,4.8500000000000005,-0.25773743330502774,0.004119716572860189,0.0
MgCl2-NaCl,Mg,cl3808,0.5308641975308642,4.95,-0.27504397770268074,0.004004119430929893,0.0
MgCl2-NaCl,Mg,cl3808,0.5308641975308642,5.050000000000001,-0.2678266421288378,0.007300648370356788,0.0
MgCl2-NaCl,Mg,cl3808,0.5308641975308642,5.15,-0.2584563282438832,0.0091034384162369,0.0
MgCl2-NaCl,Mg,cl3808,0.5308641975308642,5.25,-0.23237060538607301,0.0033518563494255565,0.0
MgCl2-NaCl,Mg,cl3808,0.5308641975308642,5.3500000000000005,-0.20341583190675805,0.0062682239920754885,0.0
MgCl2-NaCl,Mg,cl3808,0.5308641975308642,5.45,-0.16212917153448791,0.005885537689482811,0.0
MgCl2-NaCl,Mg,cl3808,0.5308641975308642,5.550000000000001,-0.12640667372783598,0.005354774476829746,0.0
MgCl2-NaCl,Mg,cl3808,0.5308641975308642,5.65,-0.08219958205153488,0.005480131313972488,0.0
MgCl2-NaCl,Mg,cl3808,0.5308641975308642,5.75,-0.044010949001823674,0.0028803887138381906,0.0
MgCl2-NaCl,Mg,cl3808,0.5308641975308642,5.8500000000000005,-0.0013481165878976853,0.003140688687206055,0.0
MgCl2-NaCl,Mg,cl3808,0.5308641975308642,5.95,0.02284512194184407,0.006622159340496503,0.0
MgCl2-NaCl,Mg,cl3808,0.5308641975308642,6.050000000000001,0.05764164066483102,0.004604448954623705,0.0
MgCl2-NaCl,Mg,cl3808,0.5308641975308642,6.15,0.07806479359746799,0.004563943469500995,0.0
MgCl2-NaCl,Mg,cl3808,0.5308641975308642,6.25,0.0983155113008809,0.006750248313763987,0.0
MgCl2-NaCl,Mg,cl3808,0.5308641975308642,6.3500000000000005,0.11288066953505294,0.004167813075232123,0.0
MgCl2-NaCl,Mg,cl3808,0.5308641975308642,6.45,0.12200494859439337,0.0023446509089780736,0.0
MgCl2-NaCl,Mg,cl3808,0.5308641975308642,6.550000000000001,0.12794742725024055,0.0024741205914110146,0.0
MgCl2-NaCl,Mg,cl3808,0.5308641975308642,6.65,0.13300256671331223,0.0036389114569652767,0.0
MgCl2-NaCl,Mg,cl3808,0.5308641975308642,6.75,0.13328019915354017,0.002436570856388912,0.0
MgCl2-NaCl,Mg,cl3808,0.5308641975308642,6.8500000000000005,0.12899377318749206,0.004603061332542135,0.0
MgCl2-NaCl,Mg,cl3808,0.5308641975308642,6.95,0.12461865190750931,0.001571502649090326,0.0
MgCl2-NaCl,Mg,cl3808,0.5308641975308642,7.050000000000001,0.11544781937454884,0.005741196057624621,0.0
MgCl2-NaCl,Mg,cl3808,0.5308641975308642,7.15,0.10777115049129005,0.0046777387213322525,0.0
MgCl2-NaCl,Mg,cl3808,0.5308641975308642,7.25,0.09571167298288319,0.0031694961725487352,0.0
MgCl2-NaCl,Mg,cl3808,0.5308641975308642,7.3500000000000005,0.09058418805270829,0.0032515818062000415,0.0
MgCl2-NaCl,Mg,cl3808,0.5308641975308642,7.45,0.07574456317033862,0.0016477032037839085,0.0
MgCl2-NaCl,Mg,cl3808,0.5308641975308642,7.550000000000001,0.06355348277519135,0.002050792614004885,0.0
MgCl2-NaCl,Mg,cl3808,0.5308641975308642,7.65,0.05349070051708227,0.0007685137482714598,0.0
MgCl2-NaCl,Mg,cl3808,0.5308641975308642,7.75,0.040828941049933176,0.004868222328993793,0.0
MgCl2-NaCl,Mg,cl3808,0.5308641975308642,7.8500000000000005,0.030133669974653166,0.004075759169335087,0.0
MgCl2-NaCl,Mg,cl3808,0.5308641975308642,7.95,0.01809024476207155,0.0018396857100453484,0.0
MgCl2-NaCl,Mg,cl3808,0.5308641975308642,8.05,0.007307958481340249,0.003458497831458311,0.0
MgCl2-NaCl,Mg,cl3808,0.5308641975308642,8.15,-0.0020839370960088477,0.0015711077193609729,0.0
MgCl2-NaCl,Mg,cl3808,0.5308641975308642,8.25,-0.009690135525188381,0.0019857102836441562,0.0
MgCl2-NaCl,Mg,cl3808,0.5308641975308642,8.350000000000001,-0.013989898786667121,0.0031471170546587142,0.0
MgCl2-NaCl,Mg,cl3808,0.5308641975308642,8.45,-0.024067173408982345,0.003159413781969642,0.0
MgCl2-NaCl,Mg,cl3808,0.5308641975308642,8.55,-0.02601542433698989,0.003671610098707434,0.0
MgCl2-NaCl,Mg,cl3808,0.5308641975308642,8.65,-0.0315942343912583,0.0037478926260177447,0.0
MgCl2-NaCl,Mg,cl3808,0.5308641975308642,8.75,-0.0310471840155242,0.0048669209870150975,0.0
MgCl2-NaCl,Mg,cl3808,0.5308641975308642,8.850000000000001,-0.026378151677851625,0.0042520036214038805,0.0
MgCl2-NaCl,Mg,cl3808,0.5308641975308642,8.95,-0.024584068567822914,0.003479291926353627,0.0
MgCl2-NaCl,Mg,cl3808,0.5308641975308642,9.05,-0.02539090234844954,0.0022687417296160355,0.0
MgCl2-NaCl,Mg,cl3808,0.5308641975308642,9.15,-0.019466760391188886,0.0016236086326045077,0.0
MgCl2-NaCl,Mg,cl3808,0.5308641975308642,9.25,-0.01856437894166385,0.00153739825958731,0.0
MgCl2-NaCl,Mg,cl3808,0.5308641975308642,9.350000000000001,-0.013002296862566043,0.00140337191668648,0.0
MgCl2-NaCl,Mg,cl3808,0.5308641975308642,9.45,-0.010699552949118729,0.002936975701839651,0.0
MgCl2-NaCl,Mg,cl3808,0.5308641975308642,9.55,-0.005453031993158053,0.0018270303001673507,0.0
MgCl2-NaCl,Mg,cl3808,0.5308641975308642,9.650000000000002,-0.0035380928931578737,0.0023192683741926536,0.0
MgCl2-NaCl,Mg,cl3808,0.5308641975308642,9.75,-0.00048513726535137636,0.003018749620277358,0.0
MgCl2-NaCl,Mg,cl3808,0.5308641975308642,9.850000000000001,0.0013067624445101123,0.0017025082267503819,0.0
MgCl2-NaCl,Mg,cl3808,0.5308641975308642,9.95,0.002721815736224098,0.0035315344703278828,0.0
MgCl2-NaCl,Mg,cl3808,0.5308641975308642,10.05,0.003880192511702907,0.0028754856465846575,0.0
MgCl2-NaCl,Mg,cl3808,0.5308641975308642,10.150000000000002,0.0044062340986453785,0.001434213150349219,0.0
MgCl2-NaCl,Mg,cl3808,0.5308641975308642,10.25,0.004691899669751365,0.0037442755037799267,0.0
MgCl2-NaCl,Mg,cl3808,0.5308641975308642,10.350000000000001,0.0044669278751504615,0.0037954348916733943,0.0
MgCl2-NaCl,Mg,cl3808,0.5308641975308642,10.45,0.005289904002282797,0.0020030542548086653,0.0
MgCl2-NaCl,Mg,cl3808,0.5308641975308642,10.55,0.0019420122402319384,0.0018181685601264073,0.0
MgCl2-NaCl,Mg,cl3808,0.5308641975308642,10.650000000000002,0.002188129744612799,0.0017090978155010286,0.0
MgCl2-NaCl,Mg,cl3808,0.5308641975308642,10.75,0.0008096334363563162,0.0019301360955179495,0.0
MgCl2-NaCl,Mg,cl3808,0.5308641975308642,10.850000000000001,-0.0016995904582361998,0.0025743924358785472,0.0
MgCl2-NaCl,Mg,cl3808,0.5308641975308642,10.95,-0.003920023511382542,0.0012863879274665581,0.0
MgCl2-NaCl,Mg,cl3808,0.5308641975308642,11.05,-0.0056090954373975155,0.0019098975176612036,0.0
MgCl2-NaCl,Mg,cl3808,0.5308641975308642,11.150000000000002,-0.006759351085745324,0.0021482733069316693,0.0
MgCl2-NaCl,Mg,cl3808,0.5308641975308642,11.25,-0.009122457089937974,0.0028100064700257344,0.0
MgCl2-NaCl,Mg,cl3808,0.5308641975308642,11.350000000000001,-0.00808223341996439,0.0041605730965315205,0.0
MgCl2-NaCl,Mg,cl3808,0.5308641975308642,11.45,-0.010240264776252506,0.0031304647505924488,0.0
MgCl2-NaCl,Mg,cl3808,0.5308641975308642,11.55,-0.011638295711377644,0.002916489529569378,0.0
MgCl2-NaCl,Mg,cl3808,0.5308641975308642,11.650000000000002,-0.012570921720830519,0.0009699415817247585,0.0
MgCl2-NaCl,Mg,cl3808,0.5308641975308642,11.75,-0.013400086034707659,0.0024485407360663874,0.0
MgCl2-NaCl,Mg,cl3808,0.5308641975308642,11.850000000000001,-0.011652289336495203,0.0036048455823058296,0.0
MgCl2-NaCl,Mg,cl3808,0.5308641975308642,11.95,-0.010686631780211231,0.0027379556783326863,0.0
MgCl2-NaCl,Mg,cl3744,0.5903614457831325,0.05,nan,nan,0.0
MgCl2-NaCl,Mg,cl3744,0.5903614457831325,0.15000000000000002,nan,nan,0.0
MgCl2-NaCl,Mg,cl3744,0.5903614457831325,0.25,nan,nan,0.0
MgCl2-NaCl,Mg,cl3744,0.5903614457831325,0.35000000000000003,nan,nan,0.0
MgCl2-NaCl,Mg,cl3744,0.5903614457831325,0.45,nan,nan,0.0
MgCl2-NaCl,Mg,cl3744,0.5903614457831325,0.55,nan,nan,0.0
MgCl2-NaCl,Mg,cl3744,0.5903614457831325,0.6500000000000001,nan,nan,0.0
MgCl2-NaCl,Mg,cl3744,0.5903614457831325,0.75,nan,nan,0.0
MgCl2-NaCl,Mg,cl3744,0.5903614457831325,0.8500000000000001,nan,nan,0.0
MgCl2-NaCl,Mg,cl3744,0.5903614457831325,0.95,nan,nan,0.0
MgCl2-NaCl,Mg,cl3744,0.5903614457831325,1.05,nan,nan,0.0
MgCl2-NaCl,Mg,cl3744,0.5903614457831325,1.1500000000000001,nan,nan,0.0
MgCl2-NaCl,Mg,cl3744,0.5903614457831325,1.25,nan,nan,0.0
MgCl2-NaCl,Mg,cl3744,0.5903614457831325,1.35,nan,nan,0.0
MgCl2-NaCl,Mg,cl3744,0.5903614457831325,1.4500000000000002,nan,nan,0.0
MgCl2-NaCl,Mg,cl3744,0.5903614457831325,1.55,nan,nan,0.0
MgCl2-NaCl,Mg,cl3744,0.5903614457831325,1.6500000000000001,nan,nan,0.0
MgCl2-NaCl,Mg,cl3744,0.5903614457831325,1.75,nan,nan,0.0
MgCl2-NaCl,Mg,cl3744,0.5903614457831325,1.85,nan,nan,0.0
MgCl2-NaCl,Mg,cl3744,0.5903614457831325,1.9500000000000002,nan,nan,0.0
MgCl2-NaCl,Mg,cl3744,0.5903614457831325,2.05,nan,nan,0.0
MgCl2-NaCl,Mg,cl3744,0.5903614457831325,2.1500000000000004,nan,nan,0.0
MgCl2-NaCl,Mg,cl3744,0.5903614457831325,2.25,nan,nan,0.0
MgCl2-NaCl,Mg,cl3744,0.5903614457831325,2.3500000000000005,-0.6932397959183674,nan,0.0
MgCl2-NaCl,Mg,cl3744,0.5903614457831325,2.45,-0.6932397959183674,0.0,0.0
MgCl2-NaCl,Mg,cl3744,0.5903614457831325,2.55,-0.5764646375791695,0.18930996429406707,0.0
MgCl2-NaCl,Mg,cl3744,0.5903614457831325,2.6500000000000004,-0.38906498228033737,0.09026815660645408,0.0
MgCl2-NaCl,Mg,cl3744,0.5903614457831325,2.75,-0.25276063222491807,0.05723766274614992,0.0
MgCl2-NaCl,Mg,cl3744,0.5903614457831325,2.8500000000000005,-0.1867483705401165,0.06600424570487222,0.0
MgCl2-NaCl,Mg,cl3744,0.5903614457831325,2.95,-0.1379813296968999,0.03077294443022061,0.0
MgCl2-NaCl,Mg,cl3744,0.5903614457831325,3.05,-0.11308166883774784,0.03336496911146441,0.0
MgCl2-NaCl,Mg,cl3744,0.5903614457831325,3.1500000000000004,-0.1077019434552946,0.010486157766234573,0.0
MgCl2-NaCl,Mg,cl3744,0.5903614457831325,3.25,-0.11543831905193902,0.007682304888626853,0.0
MgCl2-NaCl,Mg,cl3744,0.5903614457831325,3.3500000000000005,-0.1294886825295467,0.007085980545670045,0.0
MgCl2-NaCl,Mg,cl3744,0.5903614457831325,3.45,-0.14831936207886054,0.01040724688737762,0.0
MgCl2-NaCl,Mg,cl3744,0.5903614457831325,3.55,-0.16405016058096744,0.0037955306616387304,0.0
MgCl2-NaCl,Mg,cl3744,0.5903614457831325,3.6500000000000004,-0.1803156631647962,0.010342099554828406,0.0
MgCl2-NaCl,Mg,cl3744,0.5903614457831325,3.75,-0.1894965971069169,0.008733088234186176,0.0
MgCl2-NaCl,Mg,cl3744,0.5903614457831325,3.8500000000000005,-0.19362214085875906,0.006151817334535258,0.0
MgCl2-NaCl,Mg,cl3744,0.5903614457831325,3.95,-0.1880490876449319,0.005701116783641519,0.0
MgCl2-NaCl,Mg,cl3744,0.5903614457831325,4.050000000000001,-0.18773999391675722,0.003478391312364097,0.0
MgCl2-NaCl,Mg,cl3744,0.5903614457831325,4.15,-0.18613604501512349,0.0016437564587328784,0.0
MgCl2-NaCl,Mg,cl3744,0.5903614457831325,4.25,-0.18500458484138105,0.002964011772033903,0.0
MgCl2-NaCl,Mg,cl3744,0.5903614457831325,4.35,-0.1857443077656049,0.0063000848264603984,0.0
MgCl2-NaCl,Mg,cl3744,0.5903614457831325,4.45,-0.1925056136507013,0.005847300043940947,0.0
MgCl2-NaCl,Mg,cl3744,0.5903614457831325,4.550000000000001,-0.19958812489799715,0.0024979088209525625,0.0
MgCl2-NaCl,Mg,cl3744,0.5903614457831325,4.65,-0.2068510352560855,0.0049505215284299684,0.0
MgCl2-NaCl,Mg,cl3744,0.5903614457831325,4.75,-0.22097880844457518,0.005203093623451364,0.0
MgCl2-NaCl,Mg,cl3744,0.5903614457831325,4.8500000000000005,-0.2291795953442135,0.001388185177720302,0.0
MgCl2-NaCl,Mg,cl3744,0.5903614457831325,4.95,-0.23427006182704369,0.0066873048941189575,0.0
MgCl2-NaCl,Mg,cl3744,0.5903614457831325,5.050000000000001,-0.2280834673075931,0.0028073230749422764,0.0
MgCl2-NaCl,Mg,cl3744,0.5903614457831325,5.15,-0.2176915979157621,0.0036867002042735887,0.0
MgCl2-NaCl,Mg,cl3744,0.5903614457831325,5.25,-0.19449881656889434,0.005939191759802175,0.0
MgCl2-NaCl,Mg,cl3744,0.5903614457831325,5.3500000000000005,-0.16920268556485984,0.004206656061462302,0.0
MgCl2-NaCl,Mg,cl3744,0.5903614457831325,5.45,-0.13382739477871985,0.0036831031944574194,0.0
MgCl2-NaCl,Mg,cl3744,0.5903614457831325,5.550000000000001,-0.09686852072984586,0.005733054605484136,0.0
MgCl2-NaCl,Mg,cl3744,0.5903614457831325,5.65,-0.06139079282842297,0.0026116141942693653,0.0
MgCl2-NaCl,Mg,cl3744,0.5903614457831325,5.75,-0.0281147010193612,0.005033452474215934,0.0
MgCl2-NaCl,Mg,cl3744,0.5903614457831325,5.8500000000000005,0.0019477385548813952,0.005197710671067629,0.0
MgCl2-NaCl,Mg,cl3744,0.5903614457831325,5.95,0.03472887964293847,0.0047850062301736974,0.0
MgCl2-NaCl,Mg,cl3744,0.5903614457831325,6.050000000000001,0.0600231723708039,0.009255584932295976,0.0
MgCl2-NaCl,Mg,cl3744,0.5903614457831325,6.15,0.08251455392932594,0.00477014962092143,0.0
MgCl2-NaCl,Mg,cl3744,0.5903614457831325,6.25,0.09753407405707337,0.005592248306762867,0.0
MgCl2-NaCl,Mg,cl3744,0.5903614457831325,6.3500000000000005,0.11337754833596081,0.003603584537549836,0.0
MgCl2-NaCl,Mg,cl3744,0.5903614457831325,6.45,0.12165331719701677,0.0016009280452860283,0.0
MgCl2-NaCl,Mg,cl3744,0.5903614457831325,6.550000000000001,0.12834028070034276,0.004673374623402624,0.0
MgCl2-NaCl,Mg,cl3744,0.5903614457831325,6.65,0.12955195496779237,0.0027433156346597935,0.0
MgCl2-NaCl,Mg,cl3744,0.5903614457831325,6.75,0.13037713693629294,0.005334587945198462,0.0
MgCl2-NaCl,Mg,cl3744,0.5903614457831325,6.8500000000000005,0.1256943997232759,0.005782922628553793,0.0
MgCl2-NaCl,Mg,cl3744,0.5903614457831325,6.95,0.1212998303398366,0.0040577961429409835,0.0
MgCl2-NaCl,Mg,cl3744,0.5903614457831325,7.050000000000001,0.11380837565958868,0.0010807385767856235,0.0
MgCl2-NaCl,Mg,cl3744,0.5903614457831325,7.15,0.10466076589236106,0.00466381530971692,0.0
MgCl2-NaCl,Mg,cl3744,0.5903614457831325,7.25,0.09738917661914981,0.002629044020505955,0.0
MgCl2-NaCl,Mg,cl3744,0.5903614457831325,7.3500000000000005,0.0855894850842962,0.003370438174672442,0.0
MgCl2-NaCl,Mg,cl3744,0.5903614457831325,7.45,0.07479308662994943,0.003702588741618502,0.0
MgCl2-NaCl,Mg,cl3744,0.5903614457831325,7.550000000000001,0.06323997004416282,0.003361772286718109,0.0
MgCl2-NaCl,Mg,cl3744,0.5903614457831325,7.65,0.05240178631060699,0.0020993540813864266,0.0
MgCl2-NaCl,Mg,cl3744,0.5903614457831325,7.75,0.044675601575375645,0.0027125937205457556,0.0
MgCl2-NaCl,Mg,cl3744,0.5903614457831325,7.8500000000000005,0.03062850815695073,0.0021278885502687625,0.0
MgCl2-NaCl,Mg,cl3744,0.5903614457831325,7.95,0.016754281772181967,0.0018391832709972098,0.0
MgCl2-NaCl,Mg,cl3744,0.5903614457831325,8.05,0.009833711886261809,0.002510203980636638,0.0
MgCl2-NaCl,Mg,cl3744,0.5903614457831325,8.15,0.0019664035133822866,0.0026778116352019605,0.0
MgCl2-NaCl,Mg,cl3744,0.5903614457831325,8.25,-0.00871604468893894,0.0036663966180767857,0.0
MgCl2-NaCl,Mg,cl3744,0.5903614457831325,8.350000000000001,-0.01631143860167783,0.002599597377513603,0.0
MgCl2-NaCl,Mg,cl3744,0.5903614457831325,8.45,-0.020051821891268418,0.0026859149770292103,0.0
MgCl2-NaCl,Mg,cl3744,0.5903614457831325,8.55,-0.02427030353883497,0.0009147268013310239,0.0
MgCl2-NaCl,Mg,cl3744,0.5903614457831325,8.65,-0.025514199387462133,0.0027249741180037927,0.0
MgCl2-NaCl,Mg,cl3744,0.5903614457831325,8.75,-0.028629923686787517,0.002133850530732028,0.0
MgCl2-NaCl,Mg,cl3744,0.5903614457831325,8.850000000000001,-0.03176976408756804,0.0032874836545243487,0.0
MgCl2-NaCl,Mg,cl3744,0.5903614457831325,8.95,-0.030074825234617464,0.0034478332324400364,0.0
MgCl2-NaCl,Mg,cl3744,0.5903614457831325,9.05,-0.02527853017522763,0.004573066684717148,0.0
MgCl2-NaCl,Mg,cl3744,0.5903614457831325,9.15,-0.023992274156685145,0.002562892055383663,0.0
MgCl2-NaCl,Mg,cl3744,0.5903614457831325,9.25,-0.023211855936271286,0.0023764714862915376,0.0
MgCl2-NaCl,Mg,cl3744,0.5903614457831325,9.350000000000001,-0.018718389288401527,0.0028077715052522993,0.0
MgCl2-NaCl,Mg,cl3744,0.5903614457831325,9.45,-0.015513612516910857,0.0025954116780293663,0.0
MgCl2-NaCl,Mg,cl3744,0.5903614457831325,9.55,-0.012215369356410877,0.002504459995728307,0.0
MgCl2-NaCl,Mg,cl3744,0.5903614457831325,9.650000000000002,-0.0080583851456697,0.0035593512111340947,0.0
MgCl2-NaCl,Mg,cl3744,0.5903614457831325,9.75,-0.003920887898027914,0.0033746281779420666,0.0
MgCl2-NaCl,Mg,cl3744,0.5903614457831325,9.850000000000001,-0.004050813113954055,0.0017105363673944568,0.0
MgCl2-NaCl,Mg,cl3744,0.5903614457831325,9.95,-0.004604938586996621,0.0016880579721692951,0.0
MgCl2-NaCl,Mg,cl3744,0.5903614457831325,10.05,-0.0031701141000530786,0.0016398232498097086,0.0
MgCl2-NaCl,Mg,cl3744,0.5903614457831325,10.150000000000002,0.0017969168294122984,0.002811150716929245,0.0
MgCl2-NaCl,Mg,cl3744,0.5903614457831325,10.25,1.8419274242620354e-05,0.0031590262027511758,0.0
MgCl2-NaCl,Mg,cl3744,0.5903614457831325,10.350000000000001,0.0021871398981444523,0.0019478058130023561,0.0
MgCl2-NaCl,Mg,cl3744,0.5903614457831325,10.45,0.0005628675613559286,0.0015601943345404231,0.0
MgCl2-NaCl,Mg,cl3744,0.5903614457831325,10.55,-2.572696811142805e-05,0.0014023153182960919,0.0
MgCl2-NaCl,Mg,cl3744,0.5903614457831325,10.650000000000002,-0.0009982170105384824,0.0027004362210969824,0.0
MgCl2-NaCl,Mg,cl3744,0.5903614457831325,10.75,-0.0006441216854176091,0.0017202024851441205,0.0
MgCl2-NaCl,Mg,cl3744,0.5903614457831325,10.850000000000001,-0.0016237606513629377,0.0011055656686190219,0.0
MgCl2-NaCl,Mg,cl3744,0.5903614457831325,10.95,-0.0033897537376756937,0.0018082213449653736,0.0
MgCl2-NaCl,Mg,cl3744,0.5903614457831325,11.05,-0.004275907228196374,0.0017136095149598003,0.0
MgCl2-NaCl,Mg,cl3744,0.5903614457831325,11.150000000000002,-0.006424355714622854,0.0015036294848663927,0.0
MgCl2-NaCl,Mg,cl3744,0.5903614457831325,11.25,-0.0076687457007798,0.0015593921138281788,0.0
MgCl2-NaCl,Mg,cl3744,0.5903614457831325,11.350000000000001,-0.009453197928457557,0.0020880609751102626,0.0
MgCl2-NaCl,Mg,cl3744,0.5903614457831325,11.45,-0.009393759053800688,0.0015358200491628294,0.0
MgCl2-NaCl,Mg,cl3744,0.5903614457831325,11.55,-0.00748914028196368,0.0024586671191753656,0.0
MgCl2-NaCl,Mg,cl3744,0.5903614457831325,11.650000000000002,-0.00900845953810836,0.0023868052837691164,0.0
MgCl2-NaCl,Mg,cl3744,0.5903614457831325,11.75,-0.008851723425227886,0.0018814708377810924,0.0
MgCl2-NaCl,Mg,cl3744,0.5903614457831325,11.850000000000001,-0.00892297290600963,0.0018418390307829919,0.0
MgCl2-NaCl,Mg,cl3744,0.5903614457831325,11.95,-0.008921784122072784,0.0008971170648099411,0.0
MgCl2-NaCl,Mg,cl3680,0.6470588235294118,0.05,nan,nan,0.0
MgCl2-NaCl,Mg,cl3680,0.6470588235294118,0.15000000000000002,nan,nan,0.0
MgCl2-NaCl,Mg,cl3680,0.6470588235294118,0.25,nan,nan,0.0
MgCl2-NaCl,Mg,cl3680,0.6470588235294118,0.35000000000000003,nan,nan,0.0
MgCl2-NaCl,Mg,cl3680,0.6470588235294118,0.45,nan,nan,0.0
MgCl2-NaCl,Mg,cl3680,0.6470588235294118,0.55,nan,nan,0.0
MgCl2-NaCl,Mg,cl3680,0.6470588235294118,0.6500000000000001,nan,nan,0.0
MgCl2-NaCl,Mg,cl3680,0.6470588235294118,0.75,nan,nan,0.0
MgCl2-NaCl,Mg,cl3680,0.6470588235294118,0.8500000000000001,nan,nan,0.0
MgCl2-NaCl,Mg,cl3680,0.6470588235294118,0.95,nan,nan,0.0
MgCl2-NaCl,Mg,cl3680,0.6470588235294118,1.05,nan,nan,0.0
MgCl2-NaCl,Mg,cl3680,0.6470588235294118,1.1500000000000001,nan,nan,0.0
MgCl2-NaCl,Mg,cl3680,0.6470588235294118,1.25,nan,nan,0.0
MgCl2-NaCl,Mg,cl3680,0.6470588235294118,1.35,nan,nan,0.0
MgCl2-NaCl,Mg,cl3680,0.6470588235294118,1.4500000000000002,nan,nan,0.0
MgCl2-NaCl,Mg,cl3680,0.6470588235294118,1.55,nan,nan,0.0
MgCl2-NaCl,Mg,cl3680,0.6470588235294118,1.6500000000000001,nan,nan,0.0
MgCl2-NaCl,Mg,cl3680,0.6470588235294118,1.75,nan,nan,0.0
MgCl2-NaCl,Mg,cl3680,0.6470588235294118,1.85,nan,nan,0.0
MgCl2-NaCl,Mg,cl3680,0.6470588235294118,1.9500000000000002,nan,nan,0.0
MgCl2-NaCl,Mg,cl3680,0.6470588235294118,2.05,nan,nan,0.0
MgCl2-NaCl,Mg,cl3680,0.6470588235294118,2.1500000000000004,nan,nan,0.0
MgCl2-NaCl,Mg,cl3680,0.6470588235294118,2.25,nan,nan,0.0
MgCl2-NaCl,Mg,cl3680,0.6470588235294118,2.3500000000000005,-0.5448863636363634,nan,0.0
MgCl2-NaCl,Mg,cl3680,0.6470588235294118,2.45,-0.5448863636363634,0.0,0.0
MgCl2-NaCl,Mg,cl3680,0.6470588235294118,2.55,-0.5448863636363634,0.0,0.0
MgCl2-NaCl,Mg,cl3680,0.6470588235294118,2.6500000000000004,-0.3059864104967196,0.18443438480091595,0.0
MgCl2-NaCl,Mg,cl3680,0.6470588235294118,2.75,-0.287405303030303,0.08855466156724214,0.0
MgCl2-NaCl,Mg,cl3680,0.6470588235294118,2.8500000000000005,-0.2546349862258952,0.043142347400075165,0.0
MgCl2-NaCl,Mg,cl3680,0.6470588235294118,2.95,-0.2024430386993359,0.03070725688563216,0.0
MgCl2-NaCl,Mg,cl3680,0.6470588235294118,3.05,-0.17556876352467587,0.019088560297225148,0.0
MgCl2-NaCl,Mg,cl3680,0.6470588235294118,3.1500000000000004,-0.1737445602846075,0.012374813903897237,0.0
MgCl2-NaCl,Mg,cl3680,0.6470588235294118,3.25,-0.17416421452936381,0.006669278728656743,0.0
MgCl2-NaCl,Mg,cl3680,0.6470588235294118,3.3500000000000005,-0.17446995282312416,0.009129459549118089,0.0
MgCl2-NaCl,Mg,cl3680,0.6470588235294118,3.45,-0.17433507019254746,0.009253651386991576,0.0
MgCl2-NaCl,Mg,cl3680,0.6470588235294118,3.55,-0.18686419933616238,0.004265919223555914,0.0
MgCl2-NaCl,Mg,cl3680,0.6470588235294118,3.6500000000000004,-0.19265087723281904,0.0034302659308690993,0.0
MgCl2-NaCl,Mg,cl3680,0.6470588235294118,3.75,-0.19461347648513327,0.003994517001668795,0.0
MgCl2-NaCl,Mg,cl3680,0.6470588235294118,3.8500000000000005,-0.1930651251644162,0.004175038771137061,0.0
MgCl2-NaCl,Mg,cl3680,0.6470588235294118,3.95,-0.191733211324419,0.008276994240565194,0.0
MgCl2-NaCl,Mg,cl3680,0.6470588235294118,4.050000000000001,-0.1860519290870244,0.003394644514366882,0.0
MgCl2-NaCl,Mg,cl3680,0.6470588235294118,4.15,-0.18700915120983796,0.0032876328328918713,0.0
MgCl2-NaCl,Mg,cl3680,0.6470588235294118,4.25,-0.18170290707719428,0.004292557374405886,0.0
MgCl2-NaCl,Mg,cl3680,0.6470588235294118,4.35,-0.18138134156029295,0.0038102227015914215,0.0
MgCl2-NaCl,Mg,cl3680,0.6470588235294118,4.45,-0.1829367611299968,0.004364480743702325,0.0
MgCl2-NaCl,Mg,cl3680,0.6470588235294118,4.550000000000001,-0.1886016989006596,0.006511694107190842,0.0
MgCl2-NaCl,Mg,cl3680,0.6470588235294118,4.65,-0.19296303746629295,0.004278702155249965,0.0
MgCl2-NaCl,Mg,cl3680,0.6470588235294118,4.75,-0.1970725824133832,0.00599741588098599,0.0
MgCl2-NaCl,Mg,cl3680,0.6470588235294118,4.8500000000000005,-0.20505736535337316,0.004360344427321817,0.0
MgCl2-NaCl,Mg,cl3680,0.6470588235294118,4.95,-0.20459170230184287,0.004583462633980208,0.0
MgCl2-NaCl,Mg,cl3680,0.6470588235294118,5.050000000000001,-0.19804254682792255,0.007577755930890616,0.0
MgCl2-NaCl,Mg,cl3680,0.6470588235294118,5.15,-0.18773332146863875,0.0053617773745636265,0.0
MgCl2-NaCl,Mg,cl3680,0.6470588235294118,5.25,-0.1674540163603071,0.0036499412637478333,0.0
MgCl2-NaCl,Mg,cl3680,0.6470588235294118,5.3500000000000005,-0.14555466512800774,0.002474564121864881,0.0
MgCl2-NaCl,Mg,cl3680,0.6470588235294118,5.45,-0.11672118523034625,0.008119259385090312,0.0
MgCl2-NaCl,Mg,cl3680,0.6470588235294118,5.550000000000001,-0.07769767107738401,0.005693882203352161,0.0
MgCl2-NaCl,Mg,cl3680,0.6470588235294118,5.65,-0.050668175078519395,0.0060091479705398545,0.0
MgCl2-NaCl,Mg,cl3680,0.6470588235294118,5.75,-0.019406114855132772,0.0017451493176131394,0.0
MgCl2-NaCl,Mg,cl3680,0.6470588235294118,5.8500000000000005,0.014964865118956228,0.005440867653674222,0.0
MgCl2-NaCl,Mg,cl3680,0.6470588235294118,5.95,0.04474565939598096,0.004489017674306732,0.0
MgCl2-NaCl,Mg,cl3680,0.6470588235294118,6.050000000000001,0.0665049634801379,0.0019534553577296213,0.0
MgCl2-NaCl,Mg,cl3680,0.6470588235294118,6.15,0.0837369066594904,0.003488903397162717,0.0
MgCl2-NaCl,Mg,cl3680,0.6470588235294118,6.25,0.10020948281686837,0.003018029932609197,0.0
MgCl2-NaCl,Mg,cl3680,0.6470588235294118,6.3500000000000005,0.11267527611818917,0.0045276401722419745,0.0
MgCl2-NaCl,Mg,cl3680,0.6470588235294118,6.45,0.11950060786921035,0.0022694511910499185,0.0
MgCl2-NaCl,Mg,cl3680,0.6470588235294118,6.550000000000001,0.1242083057055351,0.005043417143853887,0.0
MgCl2-NaCl,Mg,cl3680,0.6470588235294118,6.65,0.12237937439771085,0.005760590105058961,0.0
MgCl2-NaCl,Mg,cl3680,0.6470588235294118,6.75,0.12633816038962298,0.004997211394124351,0.0
MgCl2-NaCl,Mg,cl3680,0.6470588235294118,6.8500000000000005,0.12011025114713403,0.0036805049661548165,0.0
MgCl2-NaCl,Mg,cl3680,0.6470588235294118,6.95,0.11730012310026683,0.001517365404407909,0.0
MgCl2-NaCl,Mg,cl3680,0.6470588235294118,7.050000000000001,0.10989340022391425,0.005016284342764349,0.0
MgCl2-NaCl,Mg,cl3680,0.6470588235294118,7.15,0.09820746880176179,0.004311450525341434,0.0
MgCl2-NaCl,Mg,cl3680,0.6470588235294118,7.25,0.09051441758336043,0.0017479009161714548,0.0
MgCl2-NaCl,Mg,cl3680,0.6470588235294118,7.3500000000000005,0.08237285383021054,0.0042836819201435335,0.0
MgCl2-NaCl,Mg,cl3680,0.6470588235294118,7.45,0.07265552042211032,0.0011417908920136107,0.0
MgCl2-NaCl,Mg,cl3680,0.6470588235294118,7.550000000000001,0.06256158590955263,0.002544127119089035,0.0
MgCl2-NaCl,Mg,cl3680,0.6470588235294118,7.65,0.05199245476785419,0.004388065469616864,0.0
MgCl2-NaCl,Mg,cl3680,0.6470588235294118,7.75,0.03838492443682795,0.0017787976611640976,0.0
MgCl2-NaCl,Mg,cl3680,0.6470588235294118,7.8500000000000005,0.030605408597585426,0.002672083164900648,0.0
MgCl2-NaCl,Mg,cl3680,0.6470588235294118,7.95,0.019488965408145376,0.002966441255564714,0.0
MgCl2-NaCl,Mg,cl3680,0.6470588235294118,8.05,0.00999503914608657,0.002663761259426879,0.0
MgCl2-NaCl,Mg,cl3680,0.6470588235294118,8.15,0.002478538450330414,0.0008141533653349983,0.0
MgCl2-NaCl,Mg,cl3680,0.6470588235294118,8.25,-0.007537498490945316,0.0035795812060925945,0.0
MgCl2-NaCl,Mg,cl3680,0.6470588235294118,8.350000000000001,-0.013377329375853009,0.0038657279144375606,0.0
MgCl2-NaCl,Mg,cl3680,0.6470588235294118,8.45,-0.01804405452253688,0.0019155209690225425,0.0
MgCl2-NaCl,Mg,cl3680,0.6470588235294118,8.55,-0.02332803663750105,0.0025575683856553597,0.0
MgCl2-NaCl,Mg,cl3680,0.6470588235294118,8.65,-0.0273042276955906,0.002592968419570035,0.0
MgCl2-NaCl,Mg,cl3680,0.6470588235294118,8.75,-0.025941004139284685,0.0012122989105587017,0.0
MgCl2-NaCl,Mg,cl3680,0.6470588235294118,8.850000000000001,-0.028610474001040442,0.002880310905945438,0.0
MgCl2-NaCl,Mg,cl3680,0.6470588235294118,8.95,-0.02888667179137605,0.0013230681530782308,0.0
MgCl2-NaCl,Mg,cl3680,0.6470588235294118,9.05,-0.025107710873271127,0.0017139861608776758,0.0
MgCl2-NaCl,Mg,cl3680,0.6470588235294118,9.15,-0.025229305383270395,0.002674593290976801,0.0
MgCl2-NaCl,Mg,cl3680,0.6470588235294118,9.25,-0.023211487905304695,0.002557430858063144,0.0
MgCl2-NaCl,Mg,cl3680,0.6470588235294118,9.350000000000001,-0.018658775551765316,0.0023381602670943394,0.0
MgCl2-NaCl,Mg,cl3680,0.6470588235294118,9.45,-0.01741221437635687,0.002214167068154425,0.0
MgCl2-NaCl,Mg,cl3680,0.6470588235294118,9.55,-0.013827351315268466,0.003508689299815516,0.0
MgCl2-NaCl,Mg,cl3680,0.6470588235294118,9.650000000000002,-0.011386437261088345,0.0018993344054389941,0.0
MgCl2-NaCl,Mg,cl3680,0.6470588235294118,9.75,-0.010242151629816787,0.0011780114354648082,0.0
MgCl2-NaCl,Mg,cl3680,0.6470588235294118,9.850000000000001,-0.007358829795639066,0.002518883598217112,0.0
MgCl2-NaCl,Mg,cl3680,0.6470588235294118,9.95,-0.006194797527354856,0.0023687149663894026,0.0
MgCl2-NaCl,Mg,cl3680,0.6470588235294118,10.05,-0.004375801632417131,0.0029220549629788975,0.0
MgCl2-NaCl,Mg,cl3680,0.6470588235294118,10.150000000000002,-0.001682712162658806,0.0016029312746310205,0.0
MgCl2-NaCl,Mg,cl3680,0.6470588235294118,10.25,-0.001538169352491403,0.0017937127725710005,0.0
MgCl2-NaCl,Mg,cl3680,0.6470588235294118,10.350000000000001,-0.0014730047968594118,0.001447444859318585,0.0
MgCl2-NaCl,Mg,cl3680,0.6470588235294118,10.45,-0.0007188748046091931,0.002352996844468481,0.0
MgCl2-NaCl,Mg,cl3680,0.6470588235294118,10.55,-0.0008683646040241744,0.0025343698615007664,0.0
MgCl2-NaCl,Mg,cl3680,0.6470588235294118,10.650000000000002,-0.0007789416013452843,0.0021572970046542686,0.0
MgCl2-NaCl,Mg,cl3680,0.6470588235294118,10.75,-0.0016002396900298699,0.0029814690095530737,0.0
MgCl2-NaCl,Mg,cl3680,0.6470588235294118,10.850000000000001,-0.003148593472983796,0.0021955043462267413,0.0
MgCl2-NaCl,Mg,cl3680,0.6470588235294118,10.95,-0.002614984323117131,0.0027249781597452924,0.0
MgCl2-NaCl,Mg,cl3680,0.6470588235294118,11.05,-0.005029697719018511,0.0019498432897468421,0.0
MgCl2-NaCl,Mg,cl3680,0.6470588235294118,11.150000000000002,-0.005629130953408001,0.0012293897165749953,0.0
MgCl2-NaCl,Mg,cl3680,0.6470588235294118,11.25,-0.006073746437269767,0.0013033310174558129,0.0
MgCl2-NaCl,Mg,cl3680,0.6470588235294118,11.350000000000001,-0.003749585882316886,0.0013185192166557508,0.0
MgCl2-NaCl,Mg,cl3680,0.6470588235294118,11.45,-0.008036173135357094,0.0019287092005643997,0.0
MgCl2-NaCl,Mg,cl3680,0.6470588235294118,11.55,-0.008515288819747946,0.0010762267364386679,0.0
MgCl2-NaCl,Mg,cl3680,0.6470588235294118,11.650000000000002,-0.006654394168446043,0.0015578998693589411,0.0
MgCl2-NaCl,Mg,cl3680,0.6470588235294118,11.75,-0.006230348870499114,0.0015660808932236978,0.0
MgCl2-NaCl,Mg,cl3680,0.6470588235294118,11.850000000000001,-0.007570763123429192,0.0025828808281080163,0.0
MgCl2-NaCl,Mg,cl3680,0.6470588235294118,11.95,-0.00648577363430447,0.0020684665921870964,0.0
MgCl2-NaCl,Mg,cl3616,0.7011494252873564,0.05,nan,nan,0.0
MgCl2-NaCl,Mg,cl3616,0.7011494252873564,0.15000000000000002,nan,nan,0.0
MgCl2-NaCl,Mg,cl3616,0.7011494252873564,0.25,nan,nan,0.0
MgCl2-NaCl,Mg,cl3616,0.7011494252873564,0.35000000000000003,nan,nan,0.0
MgCl2-NaCl,Mg,cl3616,0.7011494252873564,0.45,nan,nan,0.0
MgCl2-NaCl,Mg,cl3616,0.7011494252873564,0.55,nan,nan,0.0
MgCl2-NaCl,Mg,cl3616,0.7011494252873564,0.6500000000000001,nan,nan,0.0
MgCl2-NaCl,Mg,cl3616,0.7011494252873564,0.75,nan,nan,0.0
MgCl2-NaCl,Mg,cl3616,0.7011494252873564,0.8500000000000001,nan,nan,0.0
MgCl2-NaCl,Mg,cl3616,0.7011494252873564,0.95,nan,nan,0.0
MgCl2-NaCl,Mg,cl3616,0.7011494252873564,1.05,nan,nan,0.0
MgCl2-NaCl,Mg,cl3616,0.7011494252873564,1.1500000000000001,nan,nan,0.0
MgCl2-NaCl,Mg,cl3616,0.7011494252873564,1.25,nan,nan,0.0
MgCl2-NaCl,Mg,cl3616,0.7011494252873564,1.35,nan,nan,0.0
MgCl2-NaCl,Mg,cl3616,0.7011494252873564,1.4500000000000002,nan,nan,0.0
MgCl2-NaCl,Mg,cl3616,0.7011494252873564,1.55,nan,nan,0.0
MgCl2-NaCl,Mg,cl3616,0.7011494252873564,1.6500000000000001,nan,nan,0.0
MgCl2-NaCl,Mg,cl3616,0.7011494252873564,1.75,nan,nan,0.0
MgCl2-NaCl,Mg,cl3616,0.7011494252873564,1.85,nan,nan,0.0
MgCl2-NaCl,Mg,cl3616,0.7011494252873564,1.9500000000000002,nan,nan,0.0
MgCl2-NaCl,Mg,cl3616,0.7011494252873564,2.05,nan,nan,0.0
MgCl2-NaCl,Mg,cl3616,0.7011494252873564,2.1500000000000004,nan,nan,0.0
MgCl2-NaCl,Mg,cl3616,0.7011494252873564,2.25,nan,nan,0.0
MgCl2-NaCl,Mg,cl3616,0.7011494252873564,2.3500000000000005,nan,nan,0.0
MgCl2-NaCl,Mg,cl3616,0.7011494252873564,2.45,-0.42571721311475397,0.0,0.0
MgCl2-NaCl,Mg,cl3616,0.7011494252873564,2.55,-0.42571721311475397,0.0,0.0
MgCl2-NaCl,Mg,cl3616,0.7011494252873564,2.6500000000000004,-0.29756285687971995,0.08869340070958111,0.0
MgCl2-NaCl,Mg,cl3616,0.7011494252873564,2.75,-0.256325068982308,0.0463519546730566,0.0
MgCl2-NaCl,Mg,cl3616,0.7011494252873564,2.8500000000000005,-0.28114610412577123,0.03156412182293539,0.0
MgCl2-NaCl,Mg,cl3616,0.7011494252873564,2.95,-0.21288008314056794,0.02306549209102204,0.0
MgCl2-NaCl,Mg,cl3616,0.7011494252873564,3.05,-0.21180020975771963,0.01300286545014437,0.0
MgCl2-NaCl,Mg,cl3616,0.7011494252873564,3.1500000000000004,-0.19576057330921293,0.009104416724346582,0.0
MgCl2-NaCl,Mg,cl3616,0.7011494252873564,3.25,-0.19082340776015272,0.002771475297953677,0.0
MgCl2-NaCl,Mg,cl3616,0.7011494252873564,3.3500000000000005,-0.19535333501383945,0.008080284454047007,0.0
MgCl2-NaCl,Mg,cl3616,0.7011494252873564,3.45,-0.19596891605364708,0.0044228687943785065,0.0
MgCl2-NaCl,Mg,cl3616,0.7011494252873564,3.55,-0.19468283205443848,0.007094098057070362,0.0
MgCl2-NaCl,Mg,cl3616,0.7011494252873564,3.6500000000000004,-0.19416327226969532,0.005122228571272026,0.0
MgCl2-NaCl,Mg,cl3616,0.7011494252873564,3.75,-0.19370197752037854,0.003931008593283683,0.0
MgCl2-NaCl,Mg,cl3616,0.7011494252873564,3.8500000000000005,-0.19449429805105622,0.0026832449938886797,0.0
MgCl2-NaCl,Mg,cl3616,0.7011494252873564,3.95,-0.18818413303003556,0.00263563542528962,0.0
MgCl2-NaCl,Mg,cl3616,0.7011494252873564,4.050000000000001,-0.1804818717660872,0.003603409224478219,0.0
MgCl2-NaCl,Mg,cl3616,0.7011494252873564,4.15,-0.1759585212824193,0.004135594352041561,0.0
MgCl2-NaCl,Mg,cl3616,0.7011494252873564,4.25,-0.17398896274967157,0.0016788712991648207,0.0
MgCl2-NaCl,Mg,cl3616,0.7011494252873564,4.35,-0.16981015018459145,0.0024081463653555977,0.0
MgCl2-NaCl,Mg,cl3616,0.7011494252873564,4.45,-0.17164990911882638,0.002001966411655086,0.0
MgCl2-NaCl,Mg,cl3616,0.7011494252873564,4.550000000000001,-0.16959514793979902,0.0036439325249344,0.0
MgCl2-NaCl,Mg,cl3616,0.7011494252873564,4.65,-0.17214545144742988,0.004730167051348618,0.0
MgCl2-NaCl,Mg,cl3616,0.7011494252873564,4.75,-0.17823592761220386,0.0020269702683708936,0.0
MgCl2-NaCl,Mg,cl3616,0.7011494252873564,4.8500000000000005,-0.17896232982992477,0.0035830670268852008,0.0
MgCl2-NaCl,Mg,cl3616,0.7011494252873564,4.95,-0.17236244255005784,0.0027290492084346353,0.0
MgCl2-NaCl,Mg,cl3616,0.7011494252873564,5.050000000000001,-0.16632099784027443,0.003928355094889327,0.0
MgCl2-NaCl,Mg,cl3616,0.7011494252873564,5.15,-0.15594264154479753,0.002007541637944155,0.0
MgCl2-NaCl,Mg,cl3616,0.7011494252873564,5.25,-0.13936676770665413,0.00541365438010441,0.0
MgCl2-NaCl,Mg,cl3616,0.7011494252873564,5.3500000000000005,-0.11841148528298784,0.00606072929862041,0.0
MgCl2-NaCl,Mg,cl3616,0.7011494252873564,5.45,-0.08936231383650184,0.006107067221858019,0.0
MgCl2-NaCl,Mg,cl3616,0.7011494252873564,5.550000000000001,-0.0642559519125554,0.006734716159862548,0.0
MgCl2-NaCl,Mg,cl3616,0.7011494252873564,5.65,-0.03378151857205647,0.005371497106612651,0.0
MgCl2-NaCl,Mg,cl3616,0.7011494252873564,5.75,-0.008466200010883052,0.005468160186796793,0.0
MgCl2-NaCl,Mg,cl3616,0.7011494252873564,5.8500000000000005,0.017684726066538037,0.003210756533302193,0.0
MgCl2-NaCl,Mg,cl3616,0.7011494252873564,5.95,0.04075498242707942,0.005932760612408928,0.0
MgCl2-NaCl,Mg,cl3616,0.7011494252873564,6.050000000000001,0.06362438103828882,0.005930534324417383,0.0
MgCl2-NaCl,Mg,cl3616,0.7011494252873564,6.15,0.0803140395392492,0.004788196199724097,0.0
MgCl2-NaCl,Mg,cl3616,0.7011494252873564,6.25,0.08704506434784076,0.0020759232959228872,0.0
MgCl2-NaCl,Mg,cl3616,0.7011494252873564,6.3500000000000005,0.10274696826263019,0.0028840663772638246,0.0
MgCl2-NaCl,Mg,cl3616,0.7011494252873564,6.45,0.11113707955635344,0.005202638721019893,0.0
MgCl2-NaCl,Mg,cl3616,0.7011494252873564,6.550000000000001,0.11410264413992754,0.003962527400886228,0.0
MgCl2-NaCl,Mg,cl3616,0.7011494252873564,6.65,0.1147538622437031,0.0038889738966967013,0.0
MgCl2-NaCl,Mg,cl3616,0.7011494252873564,6.75,0.11354862230465645,0.0016953483662416927,0.0
MgCl2-NaCl,Mg,cl3616,0.7011494252873564,6.8500000000000005,0.10989986516360928,0.001512355113687776,0.0
MgCl2-NaCl,Mg,cl3616,0.7011494252873564,6.95,0.10325663400627305,0.0024050218105947487,0.0
MgCl2-NaCl,Mg,cl3616,0.7011494252873564,7.050000000000001,0.098275472311391,0.0022418984250812675,0.0
MgCl2-NaCl,Mg,cl3616,0.7011494252873564,7.15,0.09035697255405206,0.0056446812112900206,0.0
MgCl2-NaCl,Mg,cl3616,0.7011494252873564,7.25,0.08138823570064146,0.002673593894243131,0.0
MgCl2-NaCl,Mg,cl3616,0.7011494252873564,7.3500000000000005,0.07205644177720705,0.0024832685119539886,0.0
MgCl2-NaCl,Mg,cl3616,0.7011494252873564,7.45,0.060918916798555434,0.001983841388506811,0.0
MgCl2-NaCl,Mg,cl3616,0.7011494252873564,7.550000000000001,0.054655289047412126,0.0030900044143143414,0.0
MgCl2-NaCl,Mg,cl3616,0.7011494252873564,7.65,0.043255234665794395,0.0014146932487015783,0.0
MgCl2-NaCl,Mg,cl3616,0.7011494252873564,7.75,0.03371650806828119,0.0014164139184906555,0.0
MgCl2-NaCl,Mg,cl3616,0.7011494252873564,7.8500000000000005,0.024871133317119543,0.004070892164545207,0.0
MgCl2-NaCl,Mg,cl3616,0.7011494252873564,7.95,0.015468455075867804,0.0019940063704353504,0.0
MgCl2-NaCl,Mg,cl3616,0.7011494252873564,8.05,0.007417377549219006,0.000922451607712839,0.0
MgCl2-NaCl,Mg,cl3616,0.7011494252873564,8.15,0.0009309709725294768,0.0033275768614933953,0.0
MgCl2-NaCl,Mg,cl3616,0.7011494252873564,8.25,-0.006863639251409204,0.0013838126029455116,0.0
MgCl2-NaCl,Mg,cl3616,0.7011494252873564,8.350000000000001,-0.013071999319100192,0.0022731264370906288,0.0
MgCl2-NaCl,Mg,cl3616,0.7011494252873564,8.45,-0.016821211569895578,0.0018636635956961638,0.0
MgCl2-NaCl,Mg,cl3616,0.7011494252873564,8.55,-0.022330771734878185,0.0020408124695135764,0.0
MgCl2-NaCl,Mg,cl3616,0.7011494252873564,8.65,-0.02316971417990077,0.002499499856994875,0.0
MgCl2-NaCl,Mg,cl3616,0.7011494252873564,8.75,-0.026983200427324272,0.0022173854191206645,0.0
MgCl2-NaCl,Mg,cl3616,0.7011494252873564,8.850000000000001,-0.026196702276680695,0.0023273944254510017,0.0
MgCl2-NaCl,Mg,cl3616,0.7011494252873564,8.95,-0.025714594981004257,0.0021785997712093857,0.0
MgCl2-NaCl,Mg,cl3616,0.7011494252873564,9.05,-0.024580774958201435,0.001707894153522537,0.0
MgCl2-NaCl,Mg,cl3616,0.7011494252873564,9.15,-0.025554850406106278,0.0015754542426917359,0.0
MgCl2-NaCl,Mg,cl3616,0.7011494252873564,9.25,-0.02405071792761282,0.0016820395018210547,0.0
MgCl2-NaCl,Mg,cl3616,0.7011494252873564,9.350000000000001,-0.02107263597795983,0.0025139779336662404,0.0
MgCl2-NaCl,Mg,cl3616,0.7011494252873564,9.45,-0.016659700102404473,0.002912633561400472,0.0
MgCl2-NaCl,Mg,cl3616,0.7011494252873564,9.55,-0.014941745014833252,0.0018426520718387636,0.0
MgCl2-NaCl,Mg,cl3616,0.7011494252873564,9.650000000000002,-0.013222539742826278,0.002182994522197657,0.0
MgCl2-NaCl,Mg,cl3616,0.7011494252873564,9.75,-0.009223052002302001,0.00133583521391483,0.0
MgCl2-NaCl,Mg,cl3616,0.7011494252873564,9.850000000000001,-0.00872059235050826,0.0031946398497874062,0.0
MgCl2-NaCl,Mg,cl3616,0.7011494252873564,9.95,-0.006564744333096728,0.0015087529964517522,0.0
MgCl2-NaCl,Mg,cl3616,0.7011494252873564,10.05,-0.0027598118751293033,0.0021855700911357465,0.0
MgCl2-NaCl,Mg,cl3616,0.7011494252873564,10.150000000000002,-0.0029237278181504234,0.0014888799052888667,0.0
MgCl2-NaCl,Mg,cl3616,0.7011494252873564,10.25,-0.0011518536601682339,0.0036373554513464677,0.0
MgCl2-NaCl,Mg,cl3616,0.7011494252873564,10.350000000000001,0.0004585095152088714,0.0016321000684832224,0.0
MgCl2-NaCl,Mg,cl3616,0.7011494252873564,10.45,-0.0017281792254855155,0.0011451077145957335,0.0
MgCl2-NaCl,Mg,cl3616,0.7011494252873564,10.55,9.708999320290346e-06,0.003308288678460178,0.0
MgCl2-NaCl,Mg,cl3616,0.7011494252873564,10.650000000000002,0.00047871273769750644,0.0018078590339839276,0.0
MgCl2-NaCl,Mg,cl3616,0.7011494252873564,10.75,-0.0009101873263950289,0.003128782670801695,0.0
MgCl2-NaCl,Mg,cl3616,0.7011494252873564,10.850000000000001,-0.002364204222750743,0.0035724315101015106,0.0
MgCl2-NaCl,Mg,cl3616,0.7011494252873564,10.95,-0.0016991115676110446,0.0016787287300223848,0.0
MgCl2-NaCl,Mg,cl3616,0.7011494252873564,11.05,-0.0010805471030892466,0.002134230170721964,0.0
MgCl2-NaCl,Mg,cl3616,0.7011494252873564,11.150000000000002,-0.0022960426210991702,0.0008570170889475683,0.0
MgCl2-NaCl,Mg,cl3616,0.7011494252873564,11.25,-0.0014305175512565604,0.0019281896972991903,0.0
MgCl2-NaCl,Mg,cl3616,0.7011494252873564,11.350000000000001,-0.004309329790786354,0.0025522111558039023,0.0
MgCl2-NaCl,Mg,cl3616,0.7011494252873564,11.45,-0.004646188052740863,0.002269037699464057,0.0
MgCl2-NaCl,Mg,cl3616,0.7011494252873564,11.55,-0.003807646500380679,0.001220490466983079,0.0
MgCl2-NaCl,Mg,cl3616,0.7011494252873564,11.650000000000002,-0.006315638145069524,0.0024269657962073493,0.0
MgCl2-NaCl,Mg,cl3616,0.7011494252873564,11.75,-0.0049097900496384295,0.0017416358138627578,0.0
MgCl2-NaCl,Mg,cl3616,0.7011494252873564,11.850000000000001,-0.004953092772511436,0.0015203281897292018,0.0
MgCl2-NaCl,Mg,cl3616,0.7011494252873564,11.95,-0.004860316901032835,0.002240574420185475,0.0
MgCl2-NaCl,Mg,cl3552,0.7528089887640449,0.05,nan,nan,0.0
MgCl2-NaCl,Mg,cl3552,0.7528089887640449,0.15000000000000002,nan,nan,0.0
MgCl2-NaCl,Mg,cl3552,0.7528089887640449,0.25,nan,nan,0.0
MgCl2-NaCl,Mg,cl3552,0.7528089887640449,0.35000000000000003,nan,nan,0.0
MgCl2-NaCl,Mg,cl3552,0.7528089887640449,0.45,nan,nan,0.0
MgCl2-NaCl,Mg,cl3552,0.7528089887640449,0.55,nan,nan,0.0
MgCl2-NaCl,Mg,cl3552,0.7528089887640449,0.6500000000000001,nan,nan,0.0
MgCl2-NaCl,Mg,cl3552,0.7528089887640449,0.75,nan,nan,0.0
MgCl2-NaCl,Mg,cl3552,0.7528089887640449,0.8500000000000001,nan,nan,0.0
MgCl2-NaCl,Mg,cl3552,0.7528089887640449,0.95,nan,nan,0.0
MgCl2-NaCl,Mg,cl3552,0.7528089887640449,1.05,nan,nan,0.0
MgCl2-NaCl,Mg,cl3552,0.7528089887640449,1.1500000000000001,nan,nan,0.0
MgCl2-NaCl,Mg,cl3552,0.7528089887640449,1.25,nan,nan,0.0
MgCl2-NaCl,Mg,cl3552,0.7528089887640449,1.35,nan,nan,0.0
MgCl2-NaCl,Mg,cl3552,0.7528089887640449,1.4500000000000002,nan,nan,0.0
MgCl2-NaCl,Mg,cl3552,0.7528089887640449,1.55,nan,nan,0.0
MgCl2-NaCl,Mg,cl3552,0.7528089887640449,1.6500000000000001,nan,nan,0.0
MgCl2-NaCl,Mg,cl3552,0.7528089887640449,1.75,nan,nan,0.0
MgCl2-NaCl,Mg,cl3552,0.7528089887640449,1.85,nan,nan,0.0
MgCl2-NaCl,Mg,cl3552,0.7528089887640449,1.9500000000000002,nan,nan,0.0
MgCl2-NaCl,Mg,cl3552,0.7528089887640449,2.05,nan,nan,0.0
MgCl2-NaCl,Mg,cl3552,0.7528089887640449,2.1500000000000004,nan,nan,0.0
MgCl2-NaCl,Mg,cl3552,0.7528089887640449,2.25,nan,nan,0.0
MgCl2-NaCl,Mg,cl3552,0.7528089887640449,2.3500000000000005,-0.32789179104477606,nan,0.0
MgCl2-NaCl,Mg,cl3552,0.7528089887640449,2.45,-0.32789179104477606,0.0,0.0
MgCl2-NaCl,Mg,cl3552,0.7528089887640449,2.55,-0.18034825870646753,0.23754050492320528,0.0
MgCl2-NaCl,Mg,cl3552,0.7528089887640449,2.6500000000000004,-0.23524817771607087,0.06573064044422024,0.0
MgCl2-NaCl,Mg,cl3552,0.7528089887640449,2.75,-0.23166774821544456,0.04638653029107468,0.0
MgCl2-NaCl,Mg,cl3552,0.7528089887640449,2.8500000000000005,-0.22604758288204985,0.029447187408570802,0.0
MgCl2-NaCl,Mg,cl3552,0.7528089887640449,2.95,-0.2144179653332683,0.009497497879603776,0.0
MgCl2-NaCl,Mg,cl3552,0.7528089887640449,3.05,-0.20363647796187578,0.0064333978387280805,0.0
MgCl2-NaCl,Mg,cl3552,0.7528089887640449,3.1500000000000004,-0.1876727674511387,0.005810066215528335,0.0
MgCl2-NaCl,Mg,cl3552,0.7528089887640449,3.25,-0.18122822109992276,0.003941756579080416,0.0
MgCl2-NaCl,Mg,cl3552,0.7528089887640449,3.3500000000000005,-0.18017880756186244,0.005723851162705226,0.0
MgCl2-NaCl,Mg,cl3552,0.7528089887640449,3.45,-0.1830593780184644,0.005673376716723176,0.0
MgCl2-NaCl,Mg,cl3552,0.7528089887640449,3.55,-0.18088828193923634,0.0022354216128564683,0.0
MgCl2-NaCl,Mg,cl3552,0.7528089887640449,3.6500000000000004,-0.17829188949574104,0.0021227400968558863,0.0
MgCl2-NaCl,Mg,cl3552,0.7528089887640449,3.75,-0.17801776019789806,0.004328863916463616,0.0
MgCl2-NaCl,Mg,cl3552,0.7528089887640449,3.8500000000000005,-0.17509704872767928,0.00397288441926787,0.0
MgCl2-NaCl,Mg,cl3552,0.7528089887640449,3.95,-0.168698132347483,0.004307125638295493,0.0
MgCl2-NaCl,Mg,cl3552,0.7528089887640449,4.050000000000001,-0.1632520653979892,0.004448330374585025,0.0
MgCl2-NaCl,Mg,cl3552,0.7528089887640449,4.15,-0.15988873054806096,0.006134464319039533,0.0
MgCl2-NaCl,Mg,cl3552,0.7528089887640449,4.25,-0.1545584429931448,0.004120879326211306,0.0
MgCl2-NaCl,Mg,cl3552,0.7528089887640449,4.35,-0.15305077103137021,0.00463318110161768,0.0
MgCl2-NaCl,Mg,cl3552,0.7528089887640449,4.45,-0.14943416306038548,0.0027260107312890346,0.0
MgCl2-NaCl,Mg,cl3552,0.7528089887640449,4.550000000000001,-0.15029367885566836,0.00306550121360259,0.0
MgCl2-NaCl,Mg,cl3552,0.7528089887640449,4.65,-0.14915580746596202,0.0032378494437456887,0.0
MgCl2-NaCl,Mg,cl3552,0.7528089887640449,4.75,-0.15030116970284624,0.003940561425792835,0.0
MgCl2-NaCl,Mg,cl3552,0.7528089887640449,4.8500000000000005,-0.14856210484527632,0.003165177164860364,0.0
MgCl2-NaCl,Mg,cl3552,0.7528089887640449,4.95,-0.1470539527019057,0.004359910878282388,0.0
MgCl2-NaCl,Mg,cl3552,0.7528089887640449,5.050000000000001,-0.13690546773032142,0.0022954758575807815,0.0
MgCl2-NaCl,Mg,cl3552,0.7528089887640449,5.15,-0.12995509576509745,0.004063439312811875,0.0
MgCl2-NaCl,Mg,cl3552,0.7528089887640449,5.25,-0.1125217724243841,0.004618809147961927,0.0
MgCl2-NaCl,Mg,cl3552,0.7528089887640449,5.3500000000000005,-0.09837591767786003,0.002484224526056567,0.0
MgCl2-NaCl,Mg,cl3552,0.7528089887640449,5.45,-0.07776635822988176,0.002102329656657029,0.0
MgCl2-NaCl,Mg,cl3552,0.7528089887640449,5.550000000000001,-0.053765285369574034,0.00430590370591174,0.0
MgCl2-NaCl,Mg,cl3552,0.7528089887640449,5.65,-0.029343591852236228,0.0013340195639612953,0.0
MgCl2-NaCl,Mg,cl3552,0.7528089887640449,5.75,-0.0072747262819476965,0.004472236463162052,0.0
MgCl2-NaCl,Mg,cl3552,0.7528089887640449,5.8500000000000005,0.013175631921078734,0.0038258240045831835,0.0
MgCl2-NaCl,Mg,cl3552,0.7528089887640449,5.95,0.03620967967095701,0.004872928200736878,0.0
MgCl2-NaCl,Mg,cl3552,0.7528089887640449,6.050000000000001,0.04893417290850555,0.003220600094122453,0.0
MgCl2-NaCl,Mg,cl3552,0.7528089887640449,6.15,0.0707241941800213,0.004516905370732301,0.0
MgCl2-NaCl,Mg,cl3552,0.7528089887640449,6.25,0.0767716425413979,0.0019844024474879782,0.0
MgCl2-NaCl,Mg,cl3552,0.7528089887640449,6.3500000000000005,0.08773403444373462,0.0036259555658129123,0.0
MgCl2-NaCl,Mg,cl3552,0.7528089887640449,6.45,0.09289376680276329,0.005437353324890212,0.0
MgCl2-NaCl,Mg,cl3552,0.7528089887640449,6.550000000000001,0.09716994296872061,0.006626705201990837,0.0
MgCl2-NaCl,Mg,cl3552,0.7528089887640449,6.65,0.09657670323617829,0.0031468761046694192,0.0
MgCl2-NaCl,Mg,cl3552,0.7528089887640449,6.75,0.09617568432373824,0.005643728702157655,0.0
MgCl2-NaCl,Mg,cl3552,0.7528089887640449,6.8500000000000005,0.09381254727208554,0.007342051971500137,0.0
MgCl2-NaCl,Mg,cl3552,0.7528089887640449,6.95,0.08794490049751247,0.0023117290058379428,0.0
MgCl2-NaCl,Mg,cl3552,0.7528089887640449,7.050000000000001,0.08260918123403227,0.0024153582115988893,0.0
MgCl2-NaCl,Mg,cl3552,0.7528089887640449,7.15,0.07678099758438994,0.0031821765349607078,0.0
MgCl2-NaCl,Mg,cl3552,0.7528089887640449,7.25,0.0702887087584988,0.0028121384163947724,0.0
MgCl2-NaCl,Mg,cl3552,0.7528089887640449,7.3500000000000005,0.06247710015463526,0.002467997712384942,0.0
MgCl2-NaCl,Mg,cl3552,0.7528089887640449,7.45,0.05396374478922206,0.0034662354413713538,0.0
MgCl2-NaCl,Mg,cl3552,0.7528089887640449,7.550000000000001,0.04679084531179889,0.0026194839727019968,0.0
MgCl2-NaCl,Mg,cl3552,0.7528089887640449,7.65,0.038017043429606434,0.0026393673527433997,0.0
MgCl2-NaCl,Mg,cl3552,0.7528089887640449,7.75,0.03016242804937741,0.0021389533123771145,0.0
MgCl2-NaCl,Mg,cl3552,0.7528089887640449,7.8500000000000005,0.02206626960820879,0.0018791470687042793,0.0
MgCl2-NaCl,Mg,cl3552,0.7528089887640449,7.95,0.014962853144989352,0.0009367744168072485,0.0
MgCl2-NaCl,Mg,cl3552,0.7528089887640449,8.05,0.010292557510155453,0.002037601947788444,0.0
MgCl2-NaCl,Mg,cl3552,0.7528089887640449,8.15,0.0019373753205585986,0.003896221635325246,0.0
MgCl2-NaCl,Mg,cl3552,0.7528089887640449,8.25,-0.005064390673097607,0.0020647157348107343,0.0
MgCl2-NaCl,Mg,cl3552,0.7528089887640449,8.350000000000001,-0.010538051688201655,0.002464702435502809,0.0
MgCl2-NaCl,Mg,cl3552,0.7528089887640449,8.45,-0.014670332671198771,0.002450712316610608,0.0
MgCl2-NaCl,Mg,cl3552,0.7528089887640449,8.55,-0.01587132503794253,0.0020440103540153836,0.0
MgCl2-NaCl,Mg,cl3552,0.7528089887640449,8.65,-0.0200002517802651,0.001959427652497446,0.0
MgCl2-NaCl,Mg,cl3552,0.7528089887640449,8.75,-0.020197179620557115,0.003095834330684906,0.0
MgCl2-NaCl,Mg,cl3552,0.7528089887640449,8.850000000000001,-0.021977555292326922,0.0019494353385767105,0.0
MgCl2-NaCl,Mg,cl3552,0.7528089887640449,8.95,-0.022586118074930495,0.0023123741880114452,0.0
MgCl2-NaCl,Mg,cl3552,0.7528089887640449,9.05,-0.022909735941331943,0.0022952312921584376,0.0
MgCl2-NaCl,Mg,cl3552,0.7528089887640449,9.15,-0.02043784694396389,0.0015664007541084345,0.0
MgCl2-NaCl,Mg,cl3552,0.7528089887640449,9.25,-0.017573410115127697,0.0028799020845629375,0.0
MgCl2-NaCl,Mg,cl3552,0.7528089887640449,9.350000000000001,-0.016237135533794245,0.0036491673621589144,0.0
MgCl2-NaCl,Mg,cl3552,0.7528089887640449,9.45,-0.014596837106203742,0.0027849392211319788,0.0
MgCl2-NaCl,Mg,cl3552,0.7528089887640449,9.55,-0.012666002741123394,0.0010054649986436248,0.0
MgCl2-NaCl,Mg,cl3552,0.7528089887640449,9.650000000000002,-0.010176668848682846,0.002054329987517952,0.0
MgCl2-NaCl,Mg,cl3552,0.7528089887640449,9.75,-0.009444061587689623,0.001536378241146091,0.0
MgCl2-NaCl,Mg,cl3552,0.7528089887640449,9.850000000000001,-0.008641017332591927,0.003519596197133174,0.0
MgCl2-NaCl,Mg,cl3552,0.7528089887640449,9.95,-0.0031153639309595693,0.002947417655498363,0.0
MgCl2-NaCl,Mg,cl3552,0.7528089887640449,10.05,-0.0013763786292215752,0.003156120002124797,0.0
MgCl2-NaCl,Mg,cl3552,0.7528089887640449,10.150000000000002,-0.003624546028420106,0.0016023681873543192,0.0
MgCl2-NaCl,Mg,cl3552,0.7528089887640449,10.25,-0.0013215906644450381,0.0012511445091432094,0.0
MgCl2-NaCl,Mg,cl3552,0.7528089887640449,10.350000000000001,-0.0009954033043855226,0.0012302413062588087,0.0
MgCl2-NaCl,Mg,cl3552,0.7528089887640449,10.45,0.0002549027004375981,0.002558304447736039,0.0
MgCl2-NaCl,Mg,cl3552,0.7528089887640449,10.55,0.0003125803068398936,0.0014556329082517673,0.0
MgCl2-NaCl,Mg,cl3552,0.7528089887640449,10.650000000000002,0.0006729978514186108,0.002962014086369428,0.0
MgCl2-NaCl,Mg,cl3552,0.7528089887640449,10.75,0.0019353370002314074,0.0021831618349560135,0.0
MgCl2-NaCl,Mg,cl3552,0.7528089887640449,10.850000000000001,0.0014799105608002128,0.0030554514092203853,0.0
MgCl2-NaCl,Mg,cl3552,0.7528089887640449,10.95,-0.0005425961500353793,0.0017292594881786589,0.0
MgCl2-NaCl,Mg,cl3552,0.7528089887640449,11.05,-0.0012311792948944689,0.0019389347783928365,0.0
MgCl2-NaCl,Mg,cl3552,0.7528089887640449,11.150000000000002,-2.2979914231502363e-05,0.0029257840504075634,0.0
MgCl2-NaCl,Mg,cl3552,0.7528089887640449,11.25,-0.0007290100045509451,0.0017822914610766134,0.0
MgCl2-NaCl,Mg,cl3552,0.7528089887640449,11.350000000000001,-0.0022729819226874337,0.002471125109655077,0.0
MgCl2-NaCl,Mg,cl3552,0.7528089887640449,11.45,-0.002827379632074578,0.0009551930823344585,0.0
MgCl2-NaCl,Mg,cl3552,0.7528089887640449,11.55,-0.0027740716271225097,0.002464675336756279,0.0
MgCl2-NaCl,Mg,cl3552,0.7528089887640449,11.650000000000002,-0.003237087700338037,0.0019097276811992601,0.0
MgCl2-NaCl,Mg,cl3552,0.7528089887640449,11.75,-0.0035147105673043466,0.0013718771161483905,0.0
MgCl2-NaCl,Mg,cl3552,0.7528089887640449,11.850000000000001,-0.004267008744679224,0.0021824203626441834,0.0
MgCl2-NaCl,Mg,cl3552,0.7528089887640449,11.95,-0.003958965985521257,0.001334031770988752,0.0
MgCl2-NaCl,Mg,cl3488,0.8021978021978022,0.05,nan,nan,0.0
MgCl2-NaCl,Mg,cl3488,0.8021978021978022,0.15000000000000002,nan,nan,0.0
MgCl2-NaCl,Mg,cl3488,0.8021978021978022,0.25,nan,nan,0.0
MgCl2-NaCl,Mg,cl3488,0.8021978021978022,0.35000000000000003,nan,nan,0.0
MgCl2-NaCl,Mg,cl3488,0.8021978021978022,0.45,nan,nan,0.0
MgCl2-NaCl,Mg,cl3488,0.8021978021978022,0.55,nan,nan,0.0
MgCl2-NaCl,Mg,cl3488,0.8021978021978022,0.6500000000000001,nan,nan,0.0
MgCl2-NaCl,Mg,cl3488,0.8021978021978022,0.75,nan,nan,0.0
MgCl2-NaCl,Mg,cl3488,0.8021978021978022,0.8500000000000001,nan,nan,0.0
MgCl2-NaCl,Mg,cl3488,0.8021978021978022,0.95,nan,nan,0.0
MgCl2-NaCl,Mg,cl3488,0.8021978021978022,1.05,nan,nan,0.0
MgCl2-NaCl,Mg,cl3488,0.8021978021978022,1.1500000000000001,nan,nan,0.0
MgCl2-NaCl,Mg,cl3488,0.8021978021978022,1.25,nan,nan,0.0
MgCl2-NaCl,Mg,cl3488,0.8021978021978022,1.35,nan,nan,0.0
MgCl2-NaCl,Mg,cl3488,0.8021978021978022,1.4500000000000002,nan,nan,0.0
MgCl2-NaCl,Mg,cl3488,0.8021978021978022,1.55,nan,nan,0.0
MgCl2-NaCl,Mg,cl3488,0.8021978021978022,1.6500000000000001,nan,nan,0.0
MgCl2-NaCl,Mg,cl3488,0.8021978021978022,1.75,nan,nan,0.0
MgCl2-NaCl,Mg,cl3488,0.8021978021978022,1.85,nan,nan,0.0
MgCl2-NaCl,Mg,cl3488,0.8021978021978022,1.9500000000000002,nan,nan,0.0
MgCl2-NaCl,Mg,cl3488,0.8021978021978022,2.05,nan,nan,0.0
MgCl2-NaCl,Mg,cl3488,0.8021978021978022,2.1500000000000004,nan,nan,0.0
MgCl2-NaCl,Mg,cl3488,0.8021978021978022,2.25,nan,nan,0.0
MgCl2-NaCl,Mg,cl3488,0.8021978021978022,2.3500000000000005,-0.2461472602739727,nan,0.0
MgCl2-NaCl,Mg,cl3488,0.8021978021978022,2.45,-0.2461472602739727,0.0,0.0
MgCl2-NaCl,Mg,cl3488,0.8021978021978022,2.55,-0.2461472602739727,0.0,0.0
MgCl2-NaCl,Mg,cl3488,0.8021978021978022,2.6500000000000004,-0.22097256814722566,0.04458351974316359,0.0
MgCl2-NaCl,Mg,cl3488,0.8021978021978022,2.75,-0.19756452108200495,0.041562235390947465,0.0
MgCl2-NaCl,Mg,cl3488,0.8021978021978022,2.8500000000000005,-0.19381561679790038,0.03204065780097308,0.0
MgCl2-NaCl,Mg,cl3488,0.8021978021978022,2.95,-0.18667964302765427,0.010676870031114028,0.0
MgCl2-NaCl,Mg,cl3488,0.8021978021978022,3.05,-0.16864900399826221,0.013561260065729913,0.0
MgCl2-NaCl,Mg,cl3488,0.8021978021978022,3.1500000000000004,-0.16714781797334455,0.007153934216550607,0.0
MgCl2-NaCl,Mg,cl3488,0.8021978021978022,3.25,-0.16186450470774472,0.0038142540749720117,0.0
MgCl2-NaCl,Mg,cl3488,0.8021978021978022,3.3500000000000005,-0.15646931448154255,0.00435822009287256,0.0
MgCl2-NaCl,Mg,cl3488,0.8021978021978022,3.45,-0.15370579078455804,0.004397752187849627,0.0
MgCl2-NaCl,Mg,cl3488,0.8021978021978022,3.55,-0.15423231107111457,0.00582145731034141,0.0
MgCl2-NaCl,Mg,cl3488,0.8021978021978022,3.6500000000000004,-0.15497229395308798,0.0038850028475588424,0.0
MgCl2-NaCl,Mg,cl3488,0.8021978021978022,3.75,-0.14911496404932212,0.002628167790299888,0.0
MgCl2-NaCl,Mg,cl3488,0.8021978021978022,3.8500000000000005,-0.14877531026272717,0.003228052758803014,0.0
MgCl2-NaCl,Mg,cl3488,0.8021978021978022,3.95,-0.1432722180153687,0.0019594085582435223,0.0
MgCl2-NaCl,Mg,cl3488,0.8021978021978022,4.050000000000001,-0.14009932055820573,0.0034512106571790695,0.0
MgCl2-NaCl,Mg,cl3488,0.8021978021978022,4.15,-0.13355658740694398,0.004006326261209263,0.0
MgCl2-NaCl,Mg,cl3488,0.8021978021978022,4.25,-0.1328208231855228,0.0021003900199616093,0.0
MgCl2-NaCl,Mg,cl3488,0.8021978021978022,4.35,-0.1304867839976913,0.002872071893014323,0.0
MgCl2-NaCl,Mg,cl3488,0.8021978021978022,4.45,-0.1289134532015661,0.003243820198542859,0.0
MgCl2-NaCl,Mg,cl3488,0.8021978021978022,4.550000000000001,-0.12748015827248116,0.0032667729484406223,0.0
MgCl2-NaCl,Mg,cl3488,0.8021978021978022,4.65,-0.12564567960575035,0.003592965815905564,0.0
MgCl2-NaCl,Mg,cl3488,0.8021978021978022,4.75,-0.12460299217241144,0.005116891655689815,0.0
MgCl2-NaCl,Mg,cl3488,0.8021978021978022,4.8500000000000005,-0.12320550302973143,0.004365416143797494,0.0
MgCl2-NaCl,Mg,cl3488,0.8021978021978022,4.95,-0.11784284255007327,0.0024434603541978973,0.0
MgCl2-NaCl,Mg,cl3488,0.8021978021978022,5.050000000000001,-0.11040986010015619,0.003039513080376344,0.0
MgCl2-NaCl,Mg,cl3488,0.8021978021978022,5.15,-0.10469899908013769,0.004268159192774433,0.0
MgCl2-NaCl,Mg,cl3488,0.8021978021978022,5.25,-0.093672788121969,0.0017026845004602313,0.0
MgCl2-NaCl,Mg,cl3488,0.8021978021978022,5.3500000000000005,-0.08119011842374246,0.0022546404328857785,0.0
MgCl2-NaCl,Mg,cl3488,0.8021978021978022,5.45,-0.06645179260989309,0.002150518946378411,0.0
MgCl2-NaCl,Mg,cl3488,0.8021978021978022,5.550000000000001,-0.04578254985783281,0.004994186478656676,0.0
MgCl2-NaCl,Mg,cl3488,0.8021978021978022,5.65,-0.024365703512514214,0.004549512587184572,0.0
MgCl2-NaCl,Mg,cl3488,0.8021978021978022,5.75,-0.006439421158442427,0.002879042957957646,0.0
MgCl2-NaCl,Mg,cl3488,0.8021978021978022,5.8500000000000005,0.009230130468467657,0.004261403709728079,0.0
MgCl2-NaCl,Mg,cl3488,0.8021978021978022,5.95,0.025189617420760313,0.006013376199679044,0.0
MgCl2-NaCl,Mg,cl3488,0.8021978021978022,6.050000000000001,0.03775645256696025,0.0041784893252765146,0.0
MgCl2-NaCl,Mg,cl3488,0.8021978021978022,6.15,0.048285198246966754,0.0034279674784057084,0.0
MgCl2-NaCl,Mg,cl3488,0.8021978021978022,6.25,0.059984043025643974,0.0009076609582711817,0.0
MgCl2-NaCl,Mg,cl3488,0.8021978021978022,6.3500000000000005,0.06815385661411677,0.004874033743889631,0.0
MgCl2-NaCl,Mg,cl3488,0.8021978021978022,6.45,0.07210165727802387,0.0025061113571197627,0.0
MgCl2-NaCl,Mg,cl3488,0.8021978021978022,6.550000000000001,0.07482082206505258,0.002802147979967636,0.0
MgCl2-NaCl,Mg,cl3488,0.8021978021978022,6.65,0.07580379003394744,0.006050133122009554,0.0
MgCl2-NaCl,Mg,cl3488,0.8021978021978022,6.75,0.07260856069999433,0.0020956013143908123,0.0
MgCl2-NaCl,Mg,cl3488,0.8021978021978022,6.8500000000000005,0.07295907140213842,0.0022245746098701947,0.0
MgCl2-NaCl,Mg,cl3488,0.8021978021978022,6.95,0.06920339928592867,0.003955060575394817,0.0
MgCl2-NaCl,Mg,cl3488,0.8021978021978022,7.050000000000001,0.06405286747294925,0.003749875376129698,0.0
MgCl2-NaCl,Mg,cl3488,0.8021978021978022,7.15,0.06001505500213122,0.0027430801495651616,0.0
MgCl2-NaCl,Mg,cl3488,0.8021978021978022,7.25,0.05498586106238523,0.0018439625965471409,0.0
MgCl2-NaCl,Mg,cl3488,0.8021978021978022,7.3500000000000005,0.046052210181449116,0.00350637427695364,0.0
MgCl2-NaCl,Mg,cl3488,0.8021978021978022,7.45,0.0410212627902401,0.0027317594806010098,0.0
MgCl2-NaCl,Mg,cl3488,0.8021978021978022,7.550000000000001,0.03177942651544852,0.0032112954756210827,0.0
MgCl2-NaCl,Mg,cl3488,0.8021978021978022,7.65,0.02709323830340482,0.0032998225915604955,0.0
MgCl2-NaCl,Mg,cl3488,0.8021978021978022,7.75,0.0183107036065705,0.0020440395222952735,0.0
MgCl2-NaCl,Mg,cl3488,0.8021978021978022,7.8500000000000005,0.014684538106849332,0.004105977099558884,0.0
MgCl2-NaCl,Mg,cl3488,0.8021978021978022,7.95,0.010670366855041635,0.0018007789525075534,0.0
MgCl2-NaCl,Mg,cl3488,0.8021978021978022,8.05,0.0026782729023192564,0.0016426723395241518,0.0
MgCl2-NaCl,Mg,cl3488,0.8021978021978022,8.15,-0.0017118881619533344,0.0007334897317378093,0.0
MgCl2-NaCl,Mg,cl3488,0.8021978021978022,8.25,-0.00412161124556909,0.002528655563095024,0.0
MgCl2-NaCl,Mg,cl3488,0.8021978021978022,8.350000000000001,-0.008552329892691946,0.0026929140429501354,0.0
MgCl2-NaCl,Mg,cl3488,0.8021978021978022,8.45,-0.012268632870507057,0.0028920781371804386,0.0
MgCl2-NaCl,Mg,cl3488,0.8021978021978022,8.55,-0.016920222350323977,0.0028626114564990605,0.0
MgCl2-NaCl,Mg,cl3488,0.8021978021978022,8.65,-0.017159771844689198,0.0011592745284282648,0.0
MgCl2-NaCl,Mg,cl3488,0.8021978021978022,8.75,-0.018339695052494553,0.0031616216074700477,0.0
MgCl2-NaCl,Mg,cl3488,0.8021978021978022,8.850000000000001,-0.018541196977200025,0.002900061512787411,0.0
MgCl2-NaCl,Mg,cl3488,0.8021978021978022,8.95,-0.01773357145891663,0.0021147925070305025,0.0
MgCl2-NaCl,Mg,cl3488,0.8021978021978022,9.05,-0.016868831700057374,0.0028416593365104986,0.0
MgCl2-NaCl,Mg,cl3488,0.8021978021978022,9.15,-0.016031486261582684,0.002071066789775168,0.0
MgCl2-NaCl,Mg,cl3488,0.8021978021978022,9.25,-0.015047970051846216,0.0032000664377992197,0.0
MgCl2-NaCl,Mg,cl3488,0.8021978021978022,9.350000000000001,-0.01367307825213282,0.0028957634583294547,0.0
MgCl2-NaCl,Mg,cl3488,0.8021978021978022,9.45,-0.010804941338181218,0.0028138158966274024,0.0
MgCl2-NaCl,Mg,cl3488,0.8021978021978022,9.55,-0.008262687312846628,0.0005266684220806351,0.0
MgCl2-NaCl,Mg,cl3488,0.8021978021978022,9.650000000000002,-0.007237814444956303,0.0015526427831027533,0.0
MgCl2-NaCl,Mg,cl3488,0.8021978021978022,9.75,-0.005191786397714893,0.002014237896930259,0.0
MgCl2-NaCl,Mg,cl3488,0.8021978021978022,9.850000000000001,-0.003866790718514812,0.001973017976974122,0.0
MgCl2-NaCl,Mg,cl3488,0.8021978021978022,9.95,-0.0025425577839446323,0.0016402468521819918,0.0
MgCl2-NaCl,Mg,cl3488,0.8021978021978022,10.05,7.745592196961582e-05,0.0018159891882071223,0.0
MgCl2-NaCl,Mg,cl3488,0.8021978021978022,10.150000000000002,4.489005282681813e-05,0.0025169080859640297,0.0
MgCl2-NaCl,Mg,cl3488,0.8021978021978022,10.25,0.00194752136084686,0.0010011572255917626,0.0
MgCl2-NaCl,Mg,cl3488,0.8021978021978022,10.350000000000001,0.0013456440793152558,0.000719896826883825,0.0
MgCl2-NaCl,Mg,cl3488,0.8021978021978022,10.45,0.0021485979591406856,0.00273598347370371,0.0
MgCl2-NaCl,Mg,cl3488,0.8021978021978022,10.55,0.0010891395411215532,0.0008863160078976316,0.0
MgCl2-NaCl,Mg,cl3488,0.8021978021978022,10.650000000000002,0.0031634914429319316,0.0028450869976115968,0.0
MgCl2-NaCl,Mg,cl3488,0.8021978021978022,10.75,0.0013682642029576586,0.002040330813542511,0.0
MgCl2-NaCl,Mg,cl3488,0.8021978021978022,10.850000000000001,0.002893990620934983,0.0010365253685237642,0.0
MgCl2-NaCl,Mg,cl3488,0.8021978021978022,10.95,0.0013008644371124145,0.0015931701786607473,0.0
MgCl2-NaCl,Mg,cl3488,0.8021978021978022,11.05,0.001879773036332466,0.002436770049730805,0.0
MgCl2-NaCl,Mg,cl3488,0.8021978021978022,11.150000000000002,-0.0003741059697013327,0.0013387414208768673,0.0
MgCl2-NaCl,Mg,cl3488,0.8021978021978022,11.25,-0.001539809021895877,0.0015274221848706074,0.0
MgCl2-NaCl,Mg,cl3488,0.8021978021978022,11.350000000000001,-0.0018843630041631698,0.0014237486771756047,0.0
MgCl2-NaCl,Mg,cl3488,0.8021978021978022,11.45,-0.002206426838874176,0.0020633067970552517,0.0
MgCl2-NaCl,Mg,cl3488,0.8021978021978022,11.55,-0.001734220491428351,0.001859675614670127,0.0
MgCl2-NaCl,Mg,cl3488,0.8021978021978022,11.650000000000002,-0.0025858631812225585,0.0008104319427183407,0.0
MgCl2-NaCl,Mg,cl3488,0.8021978021978022,11.75,-0.003142200320994215,0.0007817022116567211,0.0
MgCl2-NaCl,Mg,cl3488,0.8021978021978022,11.850000000000001,-0.003409838255344466,0.0011120162583492517,0.0
MgCl2-NaCl,Mg,cl3488,0.8021978021978022,11.95,-0.0040737422926941935,0.0012381274187441011,0.0
MgCl2-NaCl,Mg,cl3424,0.8494623655913979,0.05,nan,nan,0.0
MgCl2-NaCl,Mg,cl3424,0.8494623655913979,0.15000000000000002,nan,nan,0.0
MgCl2-NaCl,Mg,cl3424,0.8494623655913979,0.25,nan,nan,0.0
MgCl2-NaCl,Mg,cl3424,0.8494623655913979,0.35000000000000003,nan,nan,0.0
MgCl2-NaCl,Mg,cl3424,0.8494623655913979,0.45,nan,nan,0.0
MgCl2-NaCl,Mg,cl3424,0.8494623655913979,0.55,nan,nan,0.0
MgCl2-NaCl,Mg,cl3424,0.8494623655913979,0.6500000000000001,nan,nan,0.0
MgCl2-NaCl,Mg,cl3424,0.8494623655913979,0.75,nan,nan,0.0
MgCl2-NaCl,Mg,cl3424,0.8494623655913979,0.8500000000000001,nan,nan,0.0
MgCl2-NaCl,Mg,cl3424,0.8494623655913979,0.95,nan,nan,0.0
MgCl2-NaCl,Mg,cl3424,0.8494623655913979,1.05,nan,nan,0.0
MgCl2-NaCl,Mg,cl3424,0.8494623655913979,1.1500000000000001,nan,nan,0.0
MgCl2-NaCl,Mg,cl3424,0.8494623655913979,1.25,nan,nan,0.0
MgCl2-NaCl,Mg,cl3424,0.8494623655913979,1.35,nan,nan,0.0
MgCl2-NaCl,Mg,cl3424,0.8494623655913979,1.4500000000000002,nan,nan,0.0
MgCl2-NaCl,Mg,cl3424,0.8494623655913979,1.55,nan,nan,0.0
MgCl2-NaCl,Mg,cl3424,0.8494623655913979,1.6500000000000001,nan,nan,0.0
MgCl2-NaCl,Mg,cl3424,0.8494623655913979,1.75,nan,nan,0.0
MgCl2-NaCl,Mg,cl3424,0.8494623655913979,1.85,nan,nan,0.0
MgCl2-NaCl,Mg,cl3424,0.8494623655913979,1.9500000000000002,nan,nan,0.0
MgCl2-NaCl,Mg,cl3424,0.8494623655913979,2.05,nan,nan,0.0
MgCl2-NaCl,Mg,cl3424,0.8494623655913979,2.1500000000000004,nan,nan,0.0
MgCl2-NaCl,Mg,cl3424,0.8494623655913979,2.25,nan,nan,0.0
MgCl2-NaCl,Mg,cl3424,0.8494623655913979,2.3500000000000005,-0.17681962025316467,nan,0.0
MgCl2-NaCl,Mg,cl3424,0.8494623655913979,2.45,-0.17681962025316467,nan,0.0
MgCl2-NaCl,Mg,cl3424,0.8494623655913979,2.55,-0.17681962025316467,0.0,0.0
MgCl2-NaCl,Mg,cl3424,0.8494623655913979,2.6500000000000004,-0.1539687538404817,0.05539891932929618,0.0
MgCl2-NaCl,Mg,cl3424,0.8494623655913979,2.75,-0.16669644072410517,0.013551332550069831,0.0
MgCl2-NaCl,Mg,cl3424,0.8494623655913979,2.8500000000000005,-0.16698821156266197,0.006995702643860046,0.0
MgCl2-NaCl,Mg,cl3424,0.8494623655913979,2.95,-0.13300186843522765,0.008351091532458055,0.0
MgCl2-NaCl,Mg,cl3424,0.8494623655913979,3.05,-0.1309319654259764,0.0075402032618955405,0.0
MgCl2-NaCl,Mg,cl3424,0.8494623655913979,3.1500000000000004,-0.12935869345056328,0.0063926170809595695,0.0
MgCl2-NaCl,Mg,cl3424,0.8494623655913979,3.25,-0.12424407571888274,0.0073991344273723145,0.0
MgCl2-NaCl,Mg,cl3424,0.8494623655913979,3.3500000000000005,-0.12484897429307473,0.004709539833855766,0.0
MgCl2-NaCl,Mg,cl3424,0.8494623655913979,3.45,-0.1226569978625911,0.00291839089119712,0.0
MgCl2-NaCl,Mg,cl3424,0.8494623655913979,3.55,-0.121212112820831,0.0022764231373677635,0.0
MgCl2-NaCl,Mg,cl3424,0.8494623655913979,3.6500000000000004,-0.1188657947219176,0.003355597064329559,0.0
MgCl2-NaCl,Mg,cl3424,0.8494623655913979,3.75,-0.1184912454636895,0.003856626109857801,0.0
MgCl2-NaCl,Mg,cl3424,0.8494623655913979,3.8500000000000005,-0.11622217467307738,0.0029221877913547696,0.0
MgCl2-NaCl,Mg,cl3424,0.8494623655913979,3.95,-0.11241683012740822,0.0018862250392443322,0.0
MgCl2-NaCl,Mg,cl3424,0.8494623655913979,4.050000000000001,-0.11073907095864488,0.0038261677643281534,0.0
MgCl2-NaCl,Mg,cl3424,0.8494623655913979,4.15,-0.10772342212259667,0.0022945693815693492,0.0
MgCl2-NaCl,Mg,cl3424,0.8494623655913979,4.25,-0.10435245645033953,0.0022169418372071643,0.0
MgCl2-NaCl,Mg,cl3424,0.8494623655913979,4.35,-0.10466954956858032,0.0034854728839434452,0.0
MgCl2-NaCl,Mg,cl3424,0.8494623655913979,4.45,-0.10356319477972087,0.003707937637424554,0.0
MgCl2-NaCl,Mg,cl3424,0.8494623655913979,4.550000000000001,-0.09636030215678737,0.0015709076055959305,0.0
MgCl2-NaCl,Mg,cl3424,0.8494623655913979,4.65,-0.0963754123156062,0.0027236836929003918,0.0
MgCl2-NaCl,Mg,cl3424,0.8494623655913979,4.75,-0.09704880038048058,0.0026296789062879465,0.0
MgCl2-NaCl,Mg,cl3424,0.8494623655913979,4.8500000000000005,-0.09418473773960234,0.0013523430111268503,0.0
MgCl2-NaCl,Mg,cl3424,0.8494623655913979,4.95,-0.09258145261894302,0.003064340499427427,0.0
MgCl2-NaCl,Mg,cl3424,0.8494623655913979,5.050000000000001,-0.08993741171992298,0.0030647262518089112,0.0
MgCl2-NaCl,Mg,cl3424,0.8494623655913979,5.15,-0.08289191740523671,0.004717560409396006,0.0
MgCl2-NaCl,Mg,cl3424,0.8494623655913979,5.25,-0.07584635635692694,0.005390688829236337,0.0
MgCl2-NaCl,Mg,cl3424,0.8494623655913979,5.3500000000000005,-0.062264330084635056,0.003975317181557271,0.0
MgCl2-NaCl,Mg,cl3424,0.8494623655913979,5.45,-0.05357002138791733,0.0037344614069316005,0.0
MgCl2-NaCl,Mg,cl3424,0.8494623655913979,5.550000000000001,-0.04179158352971046,0.0035296446103637033,0.0
MgCl2-NaCl,Mg,cl3424,0.8494623655913979,5.65,-0.026290191854184686,0.004141706708569212,0.0
MgCl2-NaCl,Mg,cl3424,0.8494623655913979,5.75,-0.010793811810593912,0.003690930917963664,0.0
MgCl2-NaCl,Mg,cl3424,0.8494623655913979,5.8500000000000005,0.002029535266873106,0.0032794824626975463,0.0
MgCl2-NaCl,Mg,cl3424,0.8494623655913979,5.95,0.010348290933408943,0.0036807552373611086,0.0
MgCl2-NaCl,Mg,cl3424,0.8494623655913979,6.050000000000001,0.022417971001225112,0.0033796289305576157,0.0
MgCl2-NaCl,Mg,cl3424,0.8494623655913979,6.15,0.03484030332727328,0.0035441657242514875,0.0
MgCl2-NaCl,Mg,cl3424,0.8494623655913979,6.25,0.044110641497496994,0.0038931827843334678,0.0
MgCl2-NaCl,Mg,cl3424,0.8494623655913979,6.3500000000000005,0.0456132554611135,0.003536994113591948,0.0
MgCl2-NaCl,Mg,cl3424,0.8494623655913979,6.45,0.049724486171325855,0.002051086094076804,0.0
MgCl2-NaCl,Mg,cl3424,0.8494623655913979,6.550000000000001,0.05774786327216663,0.005279319806166389,0.0
MgCl2-NaCl,Mg,cl3424,0.8494623655913979,6.65,0.056916594900794815,0.0034202300261473814,0.0
MgCl2-NaCl,Mg,cl3424,0.8494623655913979,6.75,0.05483046443318973,0.004020101269714811,0.0
MgCl2-NaCl,Mg,cl3424,0.8494623655913979,6.8500000000000005,0.05319339852561622,0.002725127740208409,0.0
MgCl2-NaCl,Mg,cl3424,0.8494623655913979,6.95,0.04958638884102373,0.0015522674085973731,0.0
MgCl2-NaCl,Mg,cl3424,0.8494623655913979,7.050000000000001,0.04698272594492725,0.003301712880544477,0.0
MgCl2-NaCl,Mg,cl3424,0.8494623655913979,7.15,0.04009553041660874,0.0017497206188551604,0.0
MgCl2-NaCl,Mg,cl3424,0.8494623655913979,7.25,0.03974730601077947,0.0025561893821706323,0.0
MgCl2-NaCl,Mg,cl3424,0.8494623655913979,7.3500000000000005,0.03296867083520705,0.002969227884094868,0.0
MgCl2-NaCl,Mg,cl3424,0.8494623655913979,7.45,0.02954055375506559,0.002114196314172722,0.0
MgCl2-NaCl,Mg,cl3424,0.8494623655913979,7.550000000000001,0.024912793883238638,0.0024550975732166957,0.0
MgCl2-NaCl,Mg,cl3424,0.8494623655913979,7.65,0.019900385396304787,0.004549666405195859,0.0
MgCl2-NaCl,Mg,cl3424,0.8494623655913979,7.75,0.014766963024392066,0.0024167416285868775,0.0
MgCl2-NaCl,Mg,cl3424,0.8494623655913979,7.8500000000000005,0.009519797249944673,0.0031471641597164888,0.0
MgCl2-NaCl,Mg,cl3424,0.8494623655913979,7.95,0.0048954827836728,0.0031106842122335305,0.0
MgCl2-NaCl,Mg,cl3424,0.8494623655913979,8.05,9.294309671203926e-05,0.003034276923419157,0.0
MgCl2-NaCl,Mg,cl3424,0.8494623655913979,8.15,-0.0010403358006918495,0.0015104387931406198,0.0
MgCl2-NaCl,Mg,cl3424,0.8494623655913979,8.25,-0.005425250223065392,0.0034197920550578186,0.0
MgCl2-NaCl,Mg,cl3424,0.8494623655913979,8.350000000000001,-0.007120841839520331,0.0019960989618431593,0.0
MgCl2-NaCl,Mg,cl3424,0.8494623655913979,8.45,-0.01051995940869288,0.003230492477150277,0.0
MgCl2-NaCl,Mg,cl3424,0.8494623655913979,8.55,-0.009156010795810854,0.001895919629967732,0.0
MgCl2-NaCl,Mg,cl3424,0.8494623655913979,8.65,-0.011961711984104229,0.0009937433943185594,0.0
MgCl2-NaCl,Mg,cl3424,0.8494623655913979,8.75,-0.01313953390849898,0.002831602059681174,0.0
MgCl2-NaCl,Mg,cl3424,0.8494623655913979,8.850000000000001,-0.012435390722190132,0.001957640679983513,0.0
MgCl2-NaCl,Mg,cl3424,0.8494623655913979,8.95,-0.013656308373765746,0.003041489952840713,0.0
MgCl2-NaCl,Mg,cl3424,0.8494623655913979,9.05,-0.012332917704486412,0.0034377475290577613,0.0
MgCl2-NaCl,Mg,cl3424,0.8494623655913979,9.15,-0.012239232076904694,0.003075039596999655,0.0
MgCl2-NaCl,Mg,cl3424,0.8494623655913979,9.25,-0.009797843349611979,0.002271561710723703,0.0
MgCl2-NaCl,Mg,cl3424,0.8494623655913979,9.350000000000001,-0.007682370054391763,0.002005686328460957,0.0
MgCl2-NaCl,Mg,cl3424,0.8494623655913979,9.45,-0.00698907265808657,0.0041883768618938295,0.0
MgCl2-NaCl,Mg,cl3424,0.8494623655913979,9.55,-0.0032575063822537498,0.003066738675907454,0.0
MgCl2-NaCl,Mg,cl3424,0.8494623655913979,9.650000000000002,-0.004719560946784496,0.002052056953376442,0.0
MgCl2-NaCl,Mg,cl3424,0.8494623655913979,9.75,-0.0029289947182831177,0.002989818900216989,0.0
MgCl2-NaCl,Mg,cl3424,0.8494623655913979,9.850000000000001,-0.0012086242388098523,0.0027162481894421847,0.0
MgCl2-NaCl,Mg,cl3424,0.8494623655913979,9.95,0.0005727227125658096,0.0031012598397495445,0.0
MgCl2-NaCl,Mg,cl3424,0.8494623655913979,10.05,0.00173995446859887,0.00045980273975221265,0.0
MgCl2-NaCl,Mg,cl3424,0.8494623655913979,10.150000000000002,0.0030774645531542744,0.0031588333510713736,0.0
MgCl2-NaCl,Mg,cl3424,0.8494623655913979,10.25,0.004876618470697869,0.0022170097300832593,0.0
MgCl2-NaCl,Mg,cl3424,0.8494623655913979,10.350000000000001,0.0049159301341960004,0.0008842202876541303,0.0
MgCl2-NaCl,Mg,cl3424,0.8494623655913979,10.45,0.004390713333665253,0.0004669849812318364,0.0
MgCl2-NaCl,Mg,cl3424,0.8494623655913979,10.55,0.004040827745019571,0.0008200491701845638,0.0
MgCl2-NaCl,Mg,cl3424,0.8494623655913979,10.650000000000002,0.004356272309492759,0.0023736911843686716,0.0
MgCl2-NaCl,Mg,cl3424,0.8494623655913979,10.75,0.004140775924837192,0.0012179707271764203,0.0
MgCl2-NaCl,Mg,cl3424,0.8494623655913979,10.850000000000001,0.002883646611016477,0.0022597387193194133,0.0
MgCl2-NaCl,Mg,cl3424,0.8494623655913979,10.95,0.002546539204176468,0.00123865003468948,0.0
MgCl2-NaCl,Mg,cl3424,0.8494623655913979,11.05,0.0014035629516337966,0.003132777750791196,0.0
MgCl2-NaCl,Mg,cl3424,0.8494623655913979,11.150000000000002,0.002382787686506682,0.0019430510247379436,0.0
MgCl2-NaCl,Mg,cl3424,0.8494623655913979,11.25,0.00080744690639456,0.0014495455344935698,0.0
MgCl2-NaCl,Mg,cl3424,0.8494623655913979,11.350000000000001,0.0016621285566005284,0.0011995976579023053,0.0
MgCl2-NaCl,Mg,cl3424,0.8494623655913979,11.45,-0.0006767653906583071,0.0016853296202233282,0.0
MgCl2-NaCl,Mg,cl3424,0.8494623655913979,11.55,-0.000722378353131381,0.002064629828788886,0.0
MgCl2-NaCl,Mg,cl3424,0.8494623655913979,11.650000000000002,-0.0007597285481015792,0.0027155261946379874,0.0
MgCl2-NaCl,Mg,cl3424,0.8494623655913979,11.75,-0.001885556402568156,0.0019335021247625216,0.0
MgCl2-NaCl,Mg,cl3424,0.8494623655913979,11.850000000000001,-0.002097623249169178,0.0020642245626206228,0.0
MgCl2-NaCl,Mg,cl3424,0.8494623655913979,11.95,-0.003006043541041503,0.0016134712444747937,0.0
MgCl2-NaCl,Mg,cl3360,0.8947368421052632,0.05,nan,nan,0.0
MgCl2-NaCl,Mg,cl3360,0.8947368421052632,0.15000000000000002,nan,nan,0.0
MgCl2-NaCl,Mg,cl3360,0.8947368421052632,0.25,nan,nan,0.0
MgCl2-NaCl,Mg,cl3360,0.8947368421052632,0.35000000000000003,nan,nan,0.0
MgCl2-NaCl,Mg,cl3360,0.8947368421052632,0.45,nan,nan,0.0
MgCl2-NaCl,Mg,cl3360,0.8947368421052632,0.55,nan,nan,0.0
MgCl2-NaCl,Mg,cl3360,0.8947368421052632,0.6500000000000001,nan,nan,0.0
MgCl2-NaCl,Mg,cl3360,0.8947368421052632,0.75,nan,nan,0.0
MgCl2-NaCl,Mg,cl3360,0.8947368421052632,0.8500000000000001,nan,nan,0.0
MgCl2-NaCl,Mg,cl3360,0.8947368421052632,0.95,nan,nan,0.0
MgCl2-NaCl,Mg,cl3360,0.8947368421052632,1.05,nan,nan,0.0
MgCl2-NaCl,Mg,cl3360,0.8947368421052632,1.1500000000000001,nan,nan,0.0
MgCl2-NaCl,Mg,cl3360,0.8947368421052632,1.25,nan,nan,0.0
MgCl2-NaCl,Mg,cl3360,0.8947368421052632,1.35,nan,nan,0.0
MgCl2-NaCl,Mg,cl3360,0.8947368421052632,1.4500000000000002,nan,nan,0.0
MgCl2-NaCl,Mg,cl3360,0.8947368421052632,1.55,nan,nan,0.0
MgCl2-NaCl,Mg,cl3360,0.8947368421052632,1.6500000000000001,nan,nan,0.0
MgCl2-NaCl,Mg,cl3360,0.8947368421052632,1.75,nan,nan,0.0
MgCl2-NaCl,Mg,cl3360,0.8947368421052632,1.85,nan,nan,0.0
MgCl2-NaCl,Mg,cl3360,0.8947368421052632,1.9500000000000002,nan,nan,0.0
MgCl2-NaCl,Mg,cl3360,0.8947368421052632,2.05,nan,nan,0.0
MgCl2-NaCl,Mg,cl3360,0.8947368421052632,2.1500000000000004,nan,nan,0.0
MgCl2-NaCl,Mg,cl3360,0.8947368421052632,2.25,nan,nan,0.0
MgCl2-NaCl,Mg,cl3360,0.8947368421052632,2.3500000000000005,nan,nan,0.0
MgCl2-NaCl,Mg,cl3360,0.8947368421052632,2.45,-0.1172794117647058,0.0,0.0
MgCl2-NaCl,Mg,cl3360,0.8947368421052632,2.55,-0.1172794117647058,0.0,0.0
MgCl2-NaCl,Mg,cl3360,0.8947368421052632,2.6500000000000004,-0.09188669786096249,0.04996625429133715,0.0
MgCl2-NaCl,Mg,cl3360,0.8947368421052632,2.75,-0.1172794117647058,0.0,0.0
MgCl2-NaCl,Mg,cl3360,0.8947368421052632,2.8500000000000005,-0.10243184483095558,0.009761028568133247,0.0
MgCl2-NaCl,Mg,cl3360,0.8947368421052632,2.95,-0.09803343821662835,0.013158608466754592,0.0
MgCl2-NaCl,Mg,cl3360,0.8947368421052632,3.05,-0.0884711759650143,0.006818411695569243,0.0
MgCl2-NaCl,Mg,cl3360,0.8947368421052632,3.1500000000000004,-0.09243165435861878,0.004315261889199582,0.0
MgCl2-NaCl,Mg,cl3360,0.8947368421052632,3.25,-0.09173099394331041,0.006108768345541303,0.0
MgCl2-NaCl,Mg,cl3360,0.8947368421052632,3.3500000000000005,-0.08815524304662525,0.0023666912876461163,0.0
MgCl2-NaCl,Mg,cl3360,0.8947368421052632,3.45,-0.08461476451045535,0.004163056317542702,0.0
MgCl2-NaCl,Mg,cl3360,0.8947368421052632,3.55,-0.08510758766047144,0.0037870926200485907,0.0
MgCl2-NaCl,Mg,cl3360,0.8947368421052632,3.6500000000000004,-0.08324742744659686,0.003931426210173915,0.0
MgCl2-NaCl,Mg,cl3360,0.8947368421052632,3.75,-0.08158973864512897,0.002009464248454658,0.0
MgCl2-NaCl,Mg,cl3360,0.8947368421052632,3.8500000000000005,-0.08065325949389801,0.002693415836810791,0.0
MgCl2-NaCl,Mg,cl3360,0.8947368421052632,3.95,-0.07784451119506341,0.0015223242676393723,0.0
MgCl2-NaCl,Mg,cl3360,0.8947368421052632,4.050000000000001,-0.0756714102231617,0.0022034457700046365,0.0
MgCl2-NaCl,Mg,cl3360,0.8947368421052632,4.15,-0.07252682064042681,0.0016112084433984612,0.0
MgCl2-NaCl,Mg,cl3360,0.8947368421052632,4.25,-0.07311450066126013,0.0024914342620054645,0.0
MgCl2-NaCl,Mg,cl3360,0.8947368421052632,4.35,-0.07177001202160005,0.001827768143877248,0.0
MgCl2-NaCl,Mg,cl3360,0.8947368421052632,4.45,-0.07086619963970708,0.0012935552659260946,0.0
MgCl2-NaCl,Mg,cl3360,0.8947368421052632,4.550000000000001,-0.06893690520816143,0.0021736964534912586,0.0
MgCl2-NaCl,Mg,cl3360,0.8947368421052632,4.65,-0.0695487375985886,0.002156388790234301,0.0
MgCl2-NaCl,Mg,cl3360,0.8947368421052632,4.75,-0.06641072525782987,0.002558353422478125,0.0
MgCl2-NaCl,Mg,cl3360,0.8947368421052632,4.8500000000000005,-0.06615784641056899,0.0035001598709370053,0.0
MgCl2-NaCl,Mg,cl3360,0.8947368421052632,4.95,-0.06402547803981284,0.004786229802228244,0.0
MgCl2-NaCl,Mg,cl3360,0.8947368421052632,5.050000000000001,-0.06206626613063215,0.001661347536092544,0.0
MgCl2-NaCl,Mg,cl3360,0.8947368421052632,5.15,-0.05697511029973379,0.002685993757719559,0.0
MgCl2-NaCl,Mg,cl3360,0.8947368421052632,5.25,-0.05279879092701112,0.003423579977190437,0.0
MgCl2-NaCl,Mg,cl3360,0.8947368421052632,5.3500000000000005,-0.04658874227068499,0.00468527950010901,0.0
MgCl2-NaCl,Mg,cl3360,0.8947368421052632,5.45,-0.03798476017218544,0.001994247265690681,0.0
MgCl2-NaCl,Mg,cl3360,0.8947368421052632,5.550000000000001,-0.026946705892062273,0.001807792521809844,0.0
MgCl2-NaCl,Mg,cl3360,0.8947368421052632,5.65,-0.01797803719174529,0.0025028111984910363,0.0
MgCl2-NaCl,Mg,cl3360,0.8947368421052632,5.75,-0.010507429292986314,0.004844007868362844,0.0
MgCl2-NaCl,Mg,cl3360,0.8947368421052632,5.8500000000000005,-0.000498357677634953,0.007360353419441483,0.0
MgCl2-NaCl,Mg,cl3360,0.8947368421052632,5.95,0.008136591856892084,0.004169691066686661,0.0
MgCl2-NaCl,Mg,cl3360,0.8947368421052632,6.050000000000001,0.012493868972967559,0.005816520139091038,0.0
MgCl2-NaCl,Mg,cl3360,0.8947368421052632,6.15,0.018501526943837443,0.005060516736216572,0.0
MgCl2-NaCl,Mg,cl3360,0.8947368421052632,6.25,0.023387640844207858,0.00446797738799255,0.0
MgCl2-NaCl,Mg,cl3360,0.8947368421052632,6.3500000000000005,0.02897927745612283,0.005093645410869704,0.0
MgCl2-NaCl,Mg,cl3360,0.8947368421052632,6.45,0.032088693534340185,0.003165354768937177,0.0
MgCl2-NaCl,Mg,cl3360,0.8947368421052632,6.550000000000001,0.036134306001522676,0.0009305543232609896,0.0
MgCl2-NaCl,Mg,cl3360,0.8947368421052632,6.65,0.03298575360475131,0.004015298772600174,0.0
MgCl2-NaCl,Mg,cl3360,0.8947368421052632,6.75,0.03515534504953266,0.0025219950270794155,0.0
MgCl2-NaCl,Mg,cl3360,0.8947368421052632,6.8500000000000005,0.03153917536021489,0.0019480449659272214,0.0
MgCl2-NaCl,Mg,cl3360,0.8947368421052632,6.95,0.031200899728000553,0.004255643101980228,0.0
MgCl2-NaCl,Mg,cl3360,0.8947368421052632,7.050000000000001,0.02748212126073657,0.0018328388600577382,0.0
MgCl2-NaCl,Mg,cl3360,0.8947368421052632,7.15,0.028716066693887043,0.005943299276172979,0.0
MgCl2-NaCl,Mg,cl3360,0.8947368421052632,7.25,0.022375894437701938,0.003492342852256474,0.0
MgCl2-NaCl,Mg,cl3360,0.8947368421052632,7.3500000000000005,0.021319940374383672,0.004523353636151583,0.0
MgCl2-NaCl,Mg,cl3360,0.8947368421052632,7.45,0.017708875092219856,0.0021246007202559603,0.0
MgCl2-NaCl,Mg,cl3360,0.8947368421052632,7.550000000000001,0.01599689014265049,0.0027243786120639203,0.0
MgCl2-NaCl,Mg,cl3360,0.8947368421052632,7.65,0.01131585251419942,0.0018491422189471397,0.0
MgCl2-NaCl,Mg,cl3360,0.8947368421052632,7.75,0.007840403612894509,0.002506497053102738,0.0
MgCl2-NaCl,Mg,cl3360,0.8947368421052632,7.8500000000000005,0.0059331238281368215,0.004613376001200666,0.0
MgCl2-NaCl,Mg,cl3360,0.8947368421052632,7.95,0.0016956509681007592,0.0017361894653240531,0.0
MgCl2-NaCl,Mg,cl3360,0.8947368421052632,8.05,0.0019346906474525527,0.0033158885795486616,0.0
MgCl2-NaCl,Mg,cl3360,0.8947368421052632,8.15,-0.003084579336293025,0.0029317978452468793,0.0
MgCl2-NaCl,Mg,cl3360,0.8947368421052632,8.25,-0.004646305416587282,0.002225608744325258,0.0
MgCl2-NaCl,Mg,cl3360,0.8947368421052632,8.350000000000001,-0.006544895325946598,0.003870038002768452,0.0
MgCl2-NaCl,Mg,cl3360,0.8947368421052632,8.45,-0.007151711161384355,0.002495571634823338,0.0
MgCl2-NaCl,Mg,cl3360,0.8947368421052632,8.55,-0.008627803161817882,0.0030891055865905005,0.0
MgCl2-NaCl,Mg,cl3360,0.8947368421052632,8.65,-0.009598533906262308,0.002106210370389437,0.0
MgCl2-NaCl,Mg,cl3360,0.8947368421052632,8.75,-0.009687040302235106,0.0009045979808181006,0.0
MgCl2-NaCl,Mg,cl3360,0.8947368421052632,8.850000000000001,-0.008317953943773215,0.004608103814484323,0.0
MgCl2-NaCl,Mg,cl3360,0.8947368421052632,8.95,-0.007927966493540328,0.0034141533857939914,0.0
MgCl2-NaCl,Mg,cl3360,0.8947368421052632,9.05,-0.007012478940673583,0.002780504490480004,0.0
MgCl2-NaCl,Mg,cl3360,0.8947368421052632,9.15,-0.00833926449944622,0.0025847036896217094,0.0
MgCl2-NaCl,Mg,cl3360,0.8947368421052632,9.25,-0.006584936866421698,0.0013244190692610104,0.0
MgCl2-NaCl,Mg,cl3360,0.8947368421052632,9.350000000000001,-0.00486768080955291,0.0015715771604604884,0.0
MgCl2-NaCl,Mg,cl3360,0.8947368421052632,9.45,-0.0034786319876805027,0.0020654896854422726,0.0
MgCl2-NaCl,Mg,cl3360,0.8947368421052632,9.55,-0.003939896555253064,0.0015336755408724419,0.0
MgCl2-NaCl,Mg,cl3360,0.8947368421052632,9.650000000000002,-0.001183197351091625,0.0025443219620618087,0.0
MgCl2-NaCl,Mg,cl3360,0.8947368421052632,9.75,-0.0008432186389069063,0.0017781568168348456,0.0
MgCl2-NaCl,Mg,cl3360,0.8947368421052632,9.850000000000001,0.0028415384383100317,0.0026479719749348263,0.0
MgCl2-NaCl,Mg,cl3360,0.8947368421052632,9.95,0.0019007773112990067,0.0010376583157883999,0.0
MgCl2-NaCl,Mg,cl3360,0.8947368421052632,10.05,0.0024828098231555185,0.0017405509911421367,0.0
MgCl2-NaCl,Mg,cl3360,0.8947368421052632,10.150000000000002,0.0037101351387205384,0.0011985897581051066,0.0
MgCl2-NaCl,Mg,cl3360,0.8947368421052632,10.25,0.003816053258717478,0.0010776239846984905,0.0
MgCl2-NaCl,Mg,cl3360,0.8947368421052632,10.350000000000001,0.005145432463037558,0.001842941470558382,0.0
MgCl2-NaCl,Mg,cl3360,0.8947368421052632,10.45,0.004410761582172906,0.000803376465120182,0.0
MgCl2-NaCl,Mg,cl3360,0.8947368421052632,10.55,0.0049739274952558254,0.0019195738934803808,0.0
MgCl2-NaCl,Mg,cl3360,0.8947368421052632,10.650000000000002,0.003565294776577632,0.0015759655535496175,0.0
MgCl2-NaCl,Mg,cl3360,0.8947368421052632,10.75,0.0035945883375407828,0.0031799797896023873,0.0
MgCl2-NaCl,Mg,cl3360,0.8947368421052632,10.850000000000001,0.004805327081930599,0.0016494509399388943,0.0
MgCl2-NaCl,Mg,cl3360,0.8947368421052632,10.95,0.004886707408444546,0.0009615522566730245,0.0
MgCl2-NaCl,Mg,cl3360,0.8947368421052632,11.05,0.002558800878741496,0.0027635405966331596,0.0
MgCl2-NaCl,Mg,cl3360,0.8947368421052632,11.150000000000002,0.0015659056238617186,0.0007600908986551583,0.0
MgCl2-NaCl,Mg,cl3360,0.8947368421052632,11.25,0.0005513423580681964,0.0018769926020983391,0.0
MgCl2-NaCl,Mg,cl3360,0.8947368421052632,11.350000000000001,0.0015792503577826134,0.003198366417407872,0.0
MgCl2-NaCl,Mg,cl3360,0.8947368421052632,11.45,0.0007006998308355383,0.0014616148390557415,0.0
MgCl2-NaCl,Mg,cl3360,0.8947368421052632,11.55,-0.0007911607240835838,0.0015334766633632942,0.0
MgCl2-NaCl,Mg,cl3360,0.8947368421052632,11.650000000000002,-0.0013237007800428469,0.002843118260520049,0.0
MgCl2-NaCl,Mg,cl3360,0.8947368421052632,11.75,-0.000511665249715687,0.00122283811100685,0.0
MgCl2-NaCl,Mg,cl3360,0.8947368421052632,11.850000000000001,-0.0008621801104962135,0.0018639563361592148,0.0
MgCl2-NaCl,Mg,cl3360,0.8947368421052632,11.95,-0.0007716327520099764,0.00041711113719412874,0.0
MgCl2-NaCl,Mg,cl3296,0.9381443298969072,0.05,nan,nan,0.0
MgCl2-NaCl,Mg,cl3296,0.9381443298969072,0.15000000000000002,nan,nan,0.0
MgCl2-NaCl,Mg,cl3296,0.9381443298969072,0.25,nan,nan,0.0
MgCl2-NaCl,Mg,cl3296,0.9381443298969072,0.35000000000000003,nan,nan,0.0
MgCl2-NaCl,Mg,cl3296,0.9381443298969072,0.45,nan,nan,0.0
MgCl2-NaCl,Mg,cl3296,0.9381443298969072,0.55,nan,nan,0.0
MgCl2-NaCl,Mg,cl3296,0.9381443298969072,0.6500000000000001,nan,nan,0.0
MgCl2-NaCl,Mg,cl3296,0.9381443298969072,0.75,nan,nan,0.0
MgCl2-NaCl,Mg,cl3296,0.9381443298969072,0.8500000000000001,nan,nan,0.0
MgCl2-NaCl,Mg,cl3296,0.9381443298969072,0.95,nan,nan,0.0
MgCl2-NaCl,Mg,cl3296,0.9381443298969072,1.05,nan,nan,0.0
MgCl2-NaCl,Mg,cl3296,0.9381443298969072,1.1500000000000001,nan,nan,0.0
MgCl2-NaCl,Mg,cl3296,0.9381443298969072,1.25,nan,nan,0.0
MgCl2-NaCl,Mg,cl3296,0.9381443298969072,1.35,nan,nan,0.0
MgCl2-NaCl,Mg,cl3296,0.9381443298969072,1.4500000000000002,nan,nan,0.0
MgCl2-NaCl,Mg,cl3296,0.9381443298969072,1.55,nan,nan,0.0
MgCl2-NaCl,Mg,cl3296,0.9381443298969072,1.6500000000000001,nan,nan,0.0
MgCl2-NaCl,Mg,cl3296,0.9381443298969072,1.75,nan,nan,0.0
MgCl2-NaCl,Mg,cl3296,0.9381443298969072,1.85,nan,nan,0.0
MgCl2-NaCl,Mg,cl3296,0.9381443298969072,1.9500000000000002,nan,nan,0.0
MgCl2-NaCl,Mg,cl3296,0.9381443298969072,2.05,nan,nan,0.0
MgCl2-NaCl,Mg,cl3296,0.9381443298969072,2.1500000000000004,nan,nan,0.0
MgCl2-NaCl,Mg,cl3296,0.9381443298969072,2.25,nan,nan,0.0
MgCl2-NaCl,Mg,cl3296,0.9381443298969072,2.3500000000000005,-0.06559065934065922,nan,0.0
MgCl2-NaCl,Mg,cl3296,0.9381443298969072,2.45,nan,nan,0.0
MgCl2-NaCl,Mg,cl3296,0.9381443298969072,2.55,-0.06559065934065922,0.0,0.0
MgCl2-NaCl,Mg,cl3296,0.9381443298969072,2.6500000000000004,-0.06559065934065922,0.0,0.0
MgCl2-NaCl,Mg,cl3296,0.9381443298969072,2.75,-0.06559065934065922,0.0,0.0
MgCl2-NaCl,Mg,cl3296,0.9381443298969072,2.8500000000000005,-0.06168739685223201,0.010139290002019265,0.0
MgCl2-NaCl,Mg,cl3296,0.9381443298969072,2.95,-0.05960419496234093,0.0065944606851203215,0.0
MgCl2-NaCl,Mg,cl3296,0.9381443298969072,3.05,-0.0532758794570487,0.006196734215750157,0.0
MgCl2-NaCl,Mg,cl3296,0.9381443298969072,3.1500000000000004,-0.054490756639194116,0.007858314947922973,0.0
MgCl2-NaCl,Mg,cl3296,0.9381443298969072,3.25,-0.052418396288281155,0.004471922799570913,0.0
MgCl2-NaCl,Mg,cl3296,0.9381443298969072,3.3500000000000005,-0.05060263816518873,0.006721502809217056,0.0
MgCl2-NaCl,Mg,cl3296,0.9381443298969072,3.45,-0.051474242359002886,0.003614393160358174,0.0
MgCl2-NaCl,Mg,cl3296,0.9381443298969072,3.55,-0.048558770560972686,0.004083504073723687,0.0
MgCl2-NaCl,Mg,cl3296,0.9381443298969072,3.6500000000000004,-0.04845897671460375,0.004537928678155336,0.0
MgCl2-NaCl,Mg,cl3296,0.9381443298969072,3.75,-0.048091285121526495,0.002988245950529713,0.0
MgCl2-NaCl,Mg,cl3296,0.9381443298969072,3.8500000000000005,-0.04768078050703317,0.003543614239406257,0.0
MgCl2-NaCl,Mg,cl3296,0.9381443298969072,3.95,-0.046250157822362414,0.003665323964214034,0.0
MgCl2-NaCl,Mg,cl3296,0.9381443298969072,4.050000000000001,-0.04345837375566641,0.0025473875792961535,0.0
MgCl2-NaCl,Mg,cl3296,0.9381443298969072,4.15,-0.04336590886098546,0.004077243156788801,0.0
MgCl2-NaCl,Mg,cl3296,0.9381443298969072,4.25,-0.044329822429481025,0.002765280555135544,0.0
MgCl2-NaCl,Mg,cl3296,0.9381443298969072,4.35,-0.04023429881022045,0.0037787760966944686,0.0
MgCl2-NaCl,Mg,cl3296,0.9381443298969072,4.45,-0.04239842826812423,0.002822400106064006,0.0
MgCl2-NaCl,Mg,cl3296,0.9381443298969072,4.550000000000001,-0.03985508819967509,0.0029364997135861346,0.0
MgCl2-NaCl,Mg,cl3296,0.9381443298969072,4.65,-0.03659054940210904,0.002344031974370656,0.0
MgCl2-NaCl,Mg,cl3296,0.9381443298969072,4.75,-0.03975193440907576,0.004477477409721246,0.0
MgCl2-NaCl,Mg,cl3296,0.9381443298969072,4.8500000000000005,-0.03858241142598984,0.0025430101818706193,0.0
MgCl2-NaCl,Mg,cl3296,0.9381443298969072,4.95,-0.03671331802477451,0.0017863897342451076,0.0
MgCl2-NaCl,Mg,cl3296,0.9381443298969072,5.050000000000001,-0.03780799576638638,0.0032283841263901036,0.0
MgCl2-NaCl,Mg,cl3296,0.9381443298969072,5.15,-0.03573763815376663,0.0037981398550613874,0.0
MgCl2-NaCl,Mg,cl3296,0.9381443298969072,5.25,-0.03275329056314491,0.002586571370705196,0.0
MgCl2-NaCl,Mg,cl3296,0.9381443298969072,5.3500000000000005,-0.028446696138440197,0.003717654892118366,0.0
MgCl2-NaCl,Mg,cl3296,0.9381443298969072,5.45,-0.023478463249137604,0.0036058693964964405,0.0
MgCl2-NaCl,Mg,cl3296,0.9381443298969072,5.550000000000001,-0.02069332424088821,0.005419029084887984,0.0
MgCl2-NaCl,Mg,cl3296,0.9381443298969072,5.65,-0.016403622712113153,0.0019986543332368217,0.0
MgCl2-NaCl,Mg,cl3296,0.9381443298969072,5.75,-0.00916203753421696,0.0037720264233665843,0.0
MgCl2-NaCl,Mg,cl3296,0.9381443298969072,5.8500000000000005,-0.004887844505191419,0.004189845160148443,0.0
MgCl2-NaCl,Mg,cl3296,0.9381443298969072,5.95,0.0007208672453162812,0.005222212103021088,0.0
MgCl2-NaCl,Mg,cl3296,0.9381443298969072,6.050000000000001,0.0040132723786805435,0.0071303253085600584,0.0
MgCl2-NaCl,Mg,cl3296,0.9381443298969072,6.15,0.008461376883447835,0.00760463468991667,0.0
MgCl2-NaCl,Mg,cl3296,0.9381443298969072,6.25,0.009588457837117925,0.0026252234796529787,0.0
MgCl2-NaCl,Mg,cl3296,0.9381443298969072,6.3500000000000005,0.012669207834580254,0.00659697493312631,0.0
MgCl2-NaCl,Mg,cl3296,0.9381443298969072,6.45,0.01694180635215714,0.0018927782070588617,0.0
MgCl2-NaCl,Mg,cl3296,0.9381443298969072,6.550000000000001,0.014919185412113234,0.002869903515909592,0.0
MgCl2-NaCl,Mg,cl3296,0.9381443298969072,6.65,0.015021741891202978,0.005304086827217868,0.0
MgCl2-NaCl,Mg,cl3296,0.9381443298969072,6.75,0.015096482340818507,0.0031491216209774565,0.0
MgCl2-NaCl,Mg,cl3296,0.9381443298969072,6.8500000000000005,0.014793057403927667,0.0033264460548271023,0.0
MgCl2-NaCl,Mg,cl3296,0.9381443298969072,6.95,0.01388268705261786,0.0027146715942278,0.0
MgCl2-NaCl,Mg,cl3296,0.9381443298969072,7.050000000000001,0.012689982576771452,0.00394435521380645,0.0
MgCl2-NaCl,Mg,cl3296,0.9381443298969072,7.15,0.012690579765604837,0.0020497230295964753,0.0
MgCl2-NaCl,Mg,cl3296,0.9381443298969072,7.25,0.011305556787878812,0.00359703991230311,0.0
MgCl2-NaCl,Mg,cl3296,0.9381443298969072,7.3500000000000005,0.009332332572042246,0.002657577529274085,0.0
MgCl2-NaCl,Mg,cl3296,0.9381443298969072,7.45,0.006721871056689754,0.0026739424934423607,0.0
MgCl2-NaCl,Mg,cl3296,0.9381443298969072,7.550000000000001,0.00601427229496998,0.003692541335144598,0.0
MgCl2-NaCl,Mg,cl3296,0.9381443298969072,7.65,0.004049926172562501,0.0031289469589284163,0.0
MgCl2-NaCl,Mg,cl3296,0.9381443298969072,7.75,0.004373009876487921,0.004428897726115731,0.0
MgCl2-NaCl,Mg,cl3296,0.9381443298969072,7.8500000000000005,-0.00011012810006749696,0.002166099736973866,0.0
MgCl2-NaCl,Mg,cl3296,0.9381443298969072,7.95,-0.0003197856684848954,0.0010023695431960193,0.0
MgCl2-NaCl,Mg,cl3296,0.9381443298969072,8.05,-0.0001297674913227631,0.003397260425174463,0.0
MgCl2-NaCl,Mg,cl3296,0.9381443298969072,8.15,-0.0031162635912829195,0.00046504363938885756,0.0
MgCl2-NaCl,Mg,cl3296,0.9381443298969072,8.25,-0.0032786393216195364,0.003359604836146243,0.0
MgCl2-NaCl,Mg,cl3296,0.9381443298969072,8.350000000000001,-0.004463406662577718,0.00219980641273897,0.0
MgCl2-NaCl,Mg,cl3296,0.9381443298969072,8.45,-0.005416903220316183,0.0033808227641457436,0.0
MgCl2-NaCl,Mg,cl3296,0.9381443298969072,8.55,-0.0038953025249042206,0.0027006573379526042,0.0
MgCl2-NaCl,Mg,cl3296,0.9381443298969072,8.65,-0.006953943968423193,0.0017203394011026123,0.0
MgCl2-NaCl,Mg,cl3296,0.9381443298969072,8.75,-0.003988868523265854,0.002914388880775553,0.0
MgCl2-NaCl,Mg,cl3296,0.9381443298969072,8.850000000000001,-0.005566622200423588,0.0026977929528587113,0.0
MgCl2-NaCl,Mg,cl3296,0.9381443298969072,8.95,-0.004507309259477843,0.0038182083748076827,0.0
MgCl2-NaCl,Mg,cl3296,0.9381443298969072,9.05,-0.004002919572117181,0.0024759687857953128,0.0
MgCl2-NaCl,Mg,cl3296,0.9381443298969072,9.15,-0.0035055700842250292,0.0021581934783933693,0.0
MgCl2-NaCl,Mg,cl3296,0.9381443298969072,9.25,-0.0019384109130313742,0.0018598798880337037,0.0
MgCl2-NaCl,Mg,cl3296,0.9381443298969072,9.350000000000001,-0.0028219887192713067,0.0018279123658491206,0.0
MgCl2-NaCl,Mg,cl3296,0.9381443298969072,9.45,-3.809588014602738e-05,0.002384458748093267,0.0
MgCl2-NaCl,Mg,cl3296,0.9381443298969072,9.55,-0.0009901247690413673,0.0037209575563904255,0.0
MgCl2-NaCl,Mg,cl3296,0.9381443298969072,9.650000000000002,-0.0006239702062960095,0.002559407731297726,0.0
MgCl2-NaCl,Mg,cl3296,0.9381443298969072,9.75,0.00108878936819079,0.0032458881507529186,0.0
MgCl2-NaCl,Mg,cl3296,0.9381443298969072,9.850000000000001,0.0025702990958259564,0.002559596333883119,0.0
MgCl2-NaCl,Mg,cl3296,0.9381443298969072,9.95,0.001171732713058482,0.0030487930532039995,0.0
MgCl2-NaCl,Mg,cl3296,0.9381443298969072,10.05,0.002331939018406226,0.001152030777549417,0.0
MgCl2-NaCl,Mg,cl3296,0.9381443298969072,10.150000000000002,0.0020416340811978406,0.000691053332609093,0.0
MgCl2-NaCl,Mg,cl3296,0.9381443298969072,10.25,0.0037062815007266048,0.002610693751606056,0.0
MgCl2-NaCl,Mg,cl3296,0.9381443298969072,10.350000000000001,0.0030139277026703937,0.0010058769699242325,0.0
MgCl2-NaCl,Mg,cl3296,0.9381443298969072,10.45,0.004495706189531101,0.0030225310792503742,0.0
MgCl2-NaCl,Mg,cl3296,0.9381443298969072,10.55,0.004049859555397051,0.0030825919123034554,0.0
MgCl2-NaCl,Mg,cl3296,0.9381443298969072,10.650000000000002,0.003690283306358899,0.001423632692120642,0.0
MgCl2-NaCl,Mg,cl3296,0.9381443298969072,10.75,0.0031157905232754857,0.0016599649531002364,0.0
MgCl2-NaCl,Mg,cl3296,0.9381443298969072,10.850000000000001,0.002622590168953498,0.0022067445609027076,0.0
MgCl2-NaCl,Mg,cl3296,0.9381443298969072,10.95,0.0002526141999105169,0.003272926838309405,0.0
MgCl2-NaCl,Mg,cl3296,0.9381443298969072,11.05,0.0008230086172056339,0.001313821423286737,0.0
MgCl2-NaCl,Mg,cl3296,0.9381443298969072,11.150000000000002,0.00036552527203426166,0.0027541997495720643,0.0
MgCl2-NaCl,Mg,cl3296,0.9381443298969072,11.25,0.0004641148499578973,0.000780951395526341,0.0
MgCl2-NaCl,Mg,cl3296,0.9381443298969072,11.350000000000001,-0.0013269998550526907,0.0017746543516538869,0.0
MgCl2-NaCl,Mg,cl3296,0.9381443298969072,11.45,-0.001216407930027863,0.001969438398951821,0.0
MgCl2-NaCl,Mg,cl3296,0.9381443298969072,11.55,-0.002553910217235611,0.00231953576325267,0.0
MgCl2-NaCl,Mg,cl3296,0.9381443298969072,11.650000000000002,-0.0016362148219841721,0.0025920861187662208,0.0
MgCl2-NaCl,Mg,cl3296,0.9381443298969072,11.75,-0.003033634414659314,0.0021491648732785973,0.0
MgCl2-NaCl,Mg,cl3296,0.9381443298969072,11.850000000000001,-0.0022009000865457207,0.0012265851391548188,0.0
MgCl2-NaCl,Mg,cl3296,0.9381443298969072,11.95,-0.002069861986403465,0.002443781091733655,0.0
MgCl2-NaCl,Mg,cl3264,0.9591836734693877,0.05,nan,nan,0.0
MgCl2-NaCl,Mg,cl3264,0.9591836734693877,0.15000000000000002,nan,nan,0.0
MgCl2-NaCl,Mg,cl3264,0.9591836734693877,0.25,nan,nan,0.0
MgCl2-NaCl,Mg,cl3264,0.9591836734693877,0.35000000000000003,nan,nan,0.0
MgCl2-NaCl,Mg,cl3264,0.9591836734693877,0.45,nan,nan,0.0
MgCl2-NaCl,Mg,cl3264,0.9591836734693877,0.55,nan,nan,0.0
MgCl2-NaCl,Mg,cl3264,0.9591836734693877,0.6500000000000001,nan,nan,0.0
MgCl2-NaCl,Mg,cl3264,0.9591836734693877,0.75,nan,nan,0.0
MgCl2-NaCl,Mg,cl3264,0.9591836734693877,0.8500000000000001,nan,nan,0.0
MgCl2-NaCl,Mg,cl3264,0.9591836734693877,0.95,nan,nan,0.0
MgCl2-NaCl,Mg,cl3264,0.9591836734693877,1.05,nan,nan,0.0
MgCl2-NaCl,Mg,cl3264,0.9591836734693877,1.1500000000000001,nan,nan,0.0
MgCl2-NaCl,Mg,cl3264,0.9591836734693877,1.25,nan,nan,0.0
MgCl2-NaCl,Mg,cl3264,0.9591836734693877,1.35,nan,nan,0.0
MgCl2-NaCl,Mg,cl3264,0.9591836734693877,1.4500000000000002,nan,nan,0.0
MgCl2-NaCl,Mg,cl3264,0.9591836734693877,1.55,nan,nan,0.0
MgCl2-NaCl,Mg,cl3264,0.9591836734693877,1.6500000000000001,nan,nan,0.0
MgCl2-NaCl,Mg,cl3264,0.9591836734693877,1.75,nan,nan,0.0
MgCl2-NaCl,Mg,cl3264,0.9591836734693877,1.85,nan,nan,0.0
MgCl2-NaCl,Mg,cl3264,0.9591836734693877,1.9500000000000002,nan,nan,0.0
MgCl2-NaCl,Mg,cl3264,0.9591836734693877,2.05,nan,nan,0.0
MgCl2-NaCl,Mg,cl3264,0.9591836734693877,2.1500000000000004,nan,nan,0.0
MgCl2-NaCl,Mg,cl3264,0.9591836734693877,2.25,nan,nan,0.0
MgCl2-NaCl,Mg,cl3264,0.9591836734693877,2.3500000000000005,nan,nan,0.0
MgCl2-NaCl,Mg,cl3264,0.9591836734693877,2.45,-0.04222074468085113,nan,0.0
MgCl2-NaCl,Mg,cl3264,0.9591836734693877,2.55,-0.04222074468085113,0.0,0.0
MgCl2-NaCl,Mg,cl3264,0.9591836734693877,2.6500000000000004,-0.04222074468085113,0.0,0.0
MgCl2-NaCl,Mg,cl3264,0.9591836734693877,2.75,-0.04222074468085113,0.0,0.0
MgCl2-NaCl,Mg,cl3264,0.9591836734693877,2.8500000000000005,-0.04222074468085113,0.0,0.0
MgCl2-NaCl,Mg,cl3264,0.9591836734693877,2.95,-0.0289721758925352,0.013704442454406059,0.0
MgCl2-NaCl,Mg,cl3264,0.9591836734693877,3.05,-0.03272683101472995,0.01060950877004233,0.0
MgCl2-NaCl,Mg,cl3264,0.9591836734693877,3.1500000000000004,-0.03502729117362979,0.0016136076717914798,0.0
MgCl2-NaCl,Mg,cl3264,0.9591836734693877,3.25,-0.03403490785489405,0.0048638382776480145,0.0
MgCl2-NaCl,Mg,cl3264,0.9591836734693877,3.3500000000000005,-0.03336244835856106,0.00369838453503969,0.0
MgCl2-NaCl,Mg,cl3264,0.9591836734693877,3.45,-0.033635610448925046,0.0035996235172526003,0.0
MgCl2-NaCl,Mg,cl3264,0.9591836734693877,3.55,-0.03269769070267925,0.0032885563797193304,0.0
MgCl2-NaCl,Mg,cl3264,0.9591836734693877,3.6500000000000004,-0.034244904621221206,0.002358655104919911,0.0
MgCl2-NaCl,Mg,cl3264,0.9591836734693877,3.75,-0.03182147679555425,0.001619818506229622,0.0
MgCl2-NaCl,Mg,cl3264,0.9591836734693877,3.8500000000000005,-0.0319081940227075,0.000545776443896934,0.0
MgCl2-NaCl,Mg,cl3264,0.9591836734693877,3.95,-0.028989865688785033,0.0026489958744120965,0.0
MgCl2-NaCl,Mg,cl3264,0.9591836734693877,4.050000000000001,-0.030498203499270904,0.0030093994891188984,0.0
MgCl2-NaCl,Mg,cl3264,0.9591836734693877,4.15,-0.028148156346200937,0.0027355200372200716,0.0
MgCl2-NaCl,Mg,cl3264,0.9591836734693877,4.25,-0.02886393159709888,0.002705984006218063,0.0
MgCl2-NaCl,Mg,cl3264,0.9591836734693877,4.35,-0.03011520468195772,0.0012899121244618961,0.0
MgCl2-NaCl,Mg,cl3264,0.9591836734693877,4.45,-0.02759540809681571,0.0032598382679195274,0.0
MgCl2-NaCl,Mg,cl3264,0.9591836734693877,4.550000000000001,-0.02647035360741179,0.0034667817953979584,0.0
MgCl2-NaCl,Mg,cl3264,0.9591836734693877,4.65,-0.026822877640384934,0.0017248758003317927,0.0
MgCl2-NaCl,Mg,cl3264,0.9591836734693877,4.75,-0.028020982982133624,0.0023373823796626995,0.0
MgCl2-NaCl,Mg,cl3264,0.9591836734693877,4.8500000000000005,-0.027368502327268507,0.0035388836705928977,0.0
MgCl2-NaCl,Mg,cl3264,0.9591836734693877,4.95,-0.025961639984741325,0.00230067239988216,0.0
MgCl2-NaCl,Mg,cl3264,0.9591836734693877,5.050000000000001,-0.024350723249814576,0.002816782967145088,0.0
MgCl2-NaCl,Mg,cl3264,0.9591836734693877,5.15,-0.022823468668669245,0.0016282760634392587,0.0
MgCl2-NaCl,Mg,cl3264,0.9591836734693877,5.25,-0.021019496471213373,0.002700451187140153,0.0
MgCl2-NaCl,Mg,cl3264,0.9591836734693877,5.3500000000000005,-0.018690653909543276,0.0024976744830299403,0.0
MgCl2-NaCl,Mg,cl3264,0.9591836734693877,5.45,-0.016064559165629655,0.00320739875578197,0.0
MgCl2-NaCl,Mg,cl3264,0.9591836734693877,5.550000000000001,-0.014400160674241658,0.002826695540912172,0.0
MgCl2-NaCl,Mg,cl3264,0.9591836734693877,5.65,-0.011003118614520524,0.0032804242333725514,0.0
MgCl2-NaCl,Mg,cl3264,0.9591836734693877,5.75,-0.008358722202941982,0.002748282337995847,0.0
MgCl2-NaCl,Mg,cl3264,0.9591836734693877,5.8500000000000005,-0.00403187673378369,0.004934122312444129,0.0
MgCl2-NaCl,Mg,cl3264,0.9591836734693877,5.95,-0.0030853192976385557,0.0037347799207778872,0.0
MgCl2-NaCl,Mg,cl3264,0.9591836734693877,6.050000000000001,0.0014231807180000722,0.0026165972434838013,0.0
MgCl2-NaCl,Mg,cl3264,0.9591836734693877,6.15,0.005636330330004324,0.004926445325051358,0.0
MgCl2-NaCl,Mg,cl3264,0.9591836734693877,6.25,0.004370103885807719,0.005856785413582163,0.0
MgCl2-NaCl,Mg,cl3264,0.9591836734693877,6.3500000000000005,0.007592246204609188,0.004711657502761588,0.0
MgCl2-NaCl,Mg,cl3264,0.9591836734693877,6.45,0.009431218545429498,0.0019519131313741108,0.0
MgCl2-NaCl,Mg,cl3264,0.9591836734693877,6.550000000000001,0.012146181610942275,0.001994962268208386,0.0
MgCl2-NaCl,Mg,cl3264,0.9591836734693877,6.65,0.011341101618302485,0.005015295171190605,0.0
MgCl2-NaCl,Mg,cl3264,0.9591836734693877,6.75,0.00931829180500754,0.0026716298728407637,0.0
MgCl2-NaCl,Mg,cl3264,0.9591836734693877,6.8500000000000005,0.01128934337292642,0.0036687682177570344,0.0
MgCl2-NaCl,Mg,cl3264,0.9591836734693877,6.95,0.009832696539013086,0.004372032006065464,0.0
MgCl2-NaCl,Mg,cl3264,0.9591836734693877,7.050000000000001,0.010445120596076385,0.0030881730922797,0.0
MgCl2-NaCl,Mg,cl3264,0.9591836734693877,7.15,0.01021488707317364,0.002566960323986269,0.0
MgCl2-NaCl,Mg,cl3264,0.9591836734693877,7.25,0.008368700520373196,0.0027380519016226507,0.0
MgCl2-NaCl,Mg,cl3264,0.9591836734693877,7.3500000000000005,0.005869923313223779,0.0025196891617728727,0.0
MgCl2-NaCl,Mg,cl3264,0.9591836734693877,7.45,0.004426305353795179,0.001896959299509793,0.0
MgCl2-NaCl,Mg,cl3264,0.9591836734693877,7.550000000000001,0.003973357159697155,0.0014679016627459894,0.0
MgCl2-NaCl,Mg,cl3264,0.9591836734693877,7.65,0.004810408345136019,0.0030251970305966375,0.0
MgCl2-NaCl,Mg,cl3264,0.9591836734693877,7.75,0.003443296776452387,0.003764123082360181,0.0
MgCl2-NaCl,Mg,cl3264,0.9591836734693877,7.8500000000000005,0.0021150382636001552,0.0017033112483216617,0.0
MgCl2-NaCl,Mg,cl3264,0.9591836734693877,7.95,-0.00043448004231372295,0.002543959466680622,0.0
MgCl2-NaCl,Mg,cl3264,0.9591836734693877,8.05,-0.0003605082412485583,0.001704057302397597,0.0
MgCl2-NaCl,Mg,cl3264,0.9591836734693877,8.15,-0.0010495579312643777,0.0014632906898674693,0.0
MgCl2-NaCl,Mg,cl3264,0.9591836734693877,8.25,0.0005620466941141933,0.003333984686725606,0.0
MgCl2-NaCl,Mg,cl3264,0.9591836734693877,8.350000000000001,-0.0005730644476695801,0.001275733375160531,0.0
MgCl2-NaCl,Mg,cl3264,0.9591836734693877,8.45,-0.003653623750938806,0.003092948284756279,0.0
MgCl2-NaCl,Mg,cl3264,0.9591836734693877,8.55,-0.0038579876058901785,0.0027052497980916586,0.0
MgCl2-NaCl,Mg,cl3264,0.9591836734693877,8.65,-0.0022527124549933664,0.001700512016585219,0.0
MgCl2-NaCl,Mg,cl3264,0.9591836734693877,8.75,-0.0038818442033299316,0.004116206651374052,0.0
MgCl2-NaCl,Mg,cl3264,0.9591836734693877,8.850000000000001,-0.0017396477792868126,0.0015825980682111136,0.0
MgCl2-NaCl,Mg,cl3264,0.9591836734693877,8.95,-0.002467786471589406,0.002875695952694771,0.0
MgCl2-NaCl,Mg,cl3264,0.9591836734693877,9.05,-0.002358623055174869,0.004187898740016042,0.0
MgCl2-NaCl,Mg,cl3264,0.9591836734693877,9.15,-0.0023823485507747932,0.0038317352592113075,0.0
MgCl2-NaCl,Mg,cl3264,0.9591836734693877,9.25,-0.0021882564480000255,0.003159353863968342,0.0
MgCl2-NaCl,Mg,cl3264,0.9591836734693877,9.350000000000001,-0.0011242553543013845,0.002016749796012127,0.0
MgCl2-NaCl,Mg,cl3264,0.9591836734693877,9.45,-0.0003415361646725845,0.0031153949476183202,0.0
MgCl2-NaCl,Mg,cl3264,0.9591836734693877,9.55,-0.0006952673070446114,0.0015917207229340018,0.0
MgCl2-NaCl,Mg,cl3264,0.9591836734693877,9.650000000000002,-0.0010081754202311277,0.001751418472826426,0.0
MgCl2-NaCl,Mg,cl3264,0.9591836734693877,9.75,9.852831523382566e-05,0.0011358987993129073,0.0
MgCl2-NaCl,Mg,cl3264,0.9591836734693877,9.850000000000001,0.0004277703030802771,0.0024881547166950763,0.0
MgCl2-NaCl,Mg,cl3264,0.9591836734693877,9.95,0.0021738894493554817,0.0023957966671721135,0.0
MgCl2-NaCl,Mg,cl3264,0.9591836734693877,10.05,0.003185013433707584,0.0015422280798404393,0.0
MgCl2-NaCl,Mg,cl3264,0.9591836734693877,10.150000000000002,0.0025076562266073132,0.002434394096670792,0.0
MgCl2-NaCl,Mg,cl3264,0.9591836734693877,10.25,0.0032143495891977514,0.0011826188185276435,0.0
MgCl2-NaCl,Mg,cl3264,0.9591836734693877,10.350000000000001,0.0032023445099412795,0.002934012981802431,0.0
MgCl2-NaCl,Mg,cl3264,0.9591836734693877,10.45,0.0014546661393465277,0.0011557267846228274,0.0
MgCl2-NaCl,Mg,cl3264,0.9591836734693877,10.55,0.002175121173964456,0.00211533489969455,0.0
MgCl2-NaCl,Mg,cl3264,0.9591836734693877,10.650000000000002,0.0026678272524170987,0.0017502972863857821,0.0
MgCl2-NaCl,Mg,cl3264,0.9591836734693877,10.75,0.0017489981095240026,0.0014401194478596677,0.0
MgCl2-NaCl,Mg,cl3264,0.9591836734693877,10.850000000000001,0.001762052753917498,0.0013073672073120183,0.0
MgCl2-NaCl,Mg,cl3264,0.9591836734693877,10.95,0.001508245073628789,0.0011020709827837879,0.0
MgCl2-NaCl,Mg,cl3264,0.9591836734693877,11.05,0.0021217690054532445,0.001983171807758237,0.0
MgCl2-NaCl,Mg,cl3264,0.9591836734693877,11.150000000000002,7.477596215654803e-05,0.0018200270716272624,0.0
MgCl2-NaCl,Mg,cl3264,0.9591836734693877,11.25,0.0008864508963422058,0.0015160326648460943,0.0
MgCl2-NaCl,Mg,cl3264,0.9591836734693877,11.350000000000001,0.0013749477661315623,0.0024042669710395647,0.0
MgCl2-NaCl,Mg,cl3264,0.9591836734693877,11.45,0.0009248228525079449,0.0024169240510688896,0.0
MgCl2-NaCl,Mg,cl3264,0.9591836734693877,11.55,0.0008231491501037302,0.0006673240007996853,0.0
MgCl2-NaCl,Mg,cl3264,0.9591836734693877,11.650000000000002,-0.0007728166630904809,0.001611947804626913,0.0
MgCl2-NaCl,Mg,cl3264,0.9591836734693877,11.75,-0.0007729012619106523,0.001800593866343673,0.0
MgCl2-NaCl,Mg,cl3264,0.9591836734693877,11.850000000000001,-0.00022446620251082017,0.001787479289449453,0.0
MgCl2-NaCl,Mg,cl3264,0.9591836734693877,11.95,0.00010824715847745914,0.0018735095494375091,0.0
MgCl2-NaCl,Mg,cl3232,0.9797979797979798,0.05,nan,nan,0.0
MgCl2-NaCl,Mg,cl3232,0.9797979797979798,0.15000000000000002,nan,nan,0.0
MgCl2-NaCl,Mg,cl3232,0.9797979797979798,0.25,nan,nan,0.0
MgCl2-NaCl,Mg,cl3232,0.9797979797979798,0.35000000000000003,nan,nan,0.0
MgCl2-NaCl,Mg,cl3232,0.9797979797979798,0.45,nan,nan,0.0
MgCl2-NaCl,Mg,cl3232,0.9797979797979798,0.55,nan,nan,0.0
MgCl2-NaCl,Mg,cl3232,0.9797979797979798,0.6500000000000001,nan,nan,0.0
MgCl2-NaCl,Mg,cl3232,0.9797979797979798,0.75,nan,nan,0.0
MgCl2-NaCl,Mg,cl3232,0.9797979797979798,0.8500000000000001,nan,nan,0.0
MgCl2-NaCl,Mg,cl3232,0.9797979797979798,0.95,nan,nan,0.0
MgCl2-NaCl,Mg,cl3232,0.9797979797979798,1.05,nan,nan,0.0
MgCl2-NaCl,Mg,cl3232,0.9797979797979798,1.1500000000000001,nan,nan,0.0
MgCl2-NaCl,Mg,cl3232,0.9797979797979798,1.25,nan,nan,0.0
MgCl2-NaCl,Mg,cl3232,0.9797979797979798,1.35,nan,nan,0.0
MgCl2-NaCl,Mg,cl3232,0.9797979797979798,1.4500000000000002,nan,nan,0.0
MgCl2-NaCl,Mg,cl3232,0.9797979797979798,1.55,nan,nan,0.0
MgCl2-NaCl,Mg,cl3232,0.9797979797979798,1.6500000000000001,nan,nan,0.0
MgCl2-NaCl,Mg,cl3232,0.9797979797979798,1.75,nan,nan,0.0
MgCl2-NaCl,Mg,cl3232,0.9797979797979798,1.85,nan,nan,0.0
MgCl2-NaCl,Mg,cl3232,0.9797979797979798,1.9500000000000002,nan,nan,0.0
MgCl2-NaCl,Mg,cl3232,0.9797979797979798,2.05,nan,nan,0.0
MgCl2-NaCl,Mg,cl3232,0.9797979797979798,2.1500000000000004,nan,nan,0.0
MgCl2-NaCl,Mg,cl3232,0.9797979797979798,2.25,nan,nan,0.0
MgCl2-NaCl,Mg,cl3232,0.9797979797979798,2.3500000000000005,nan,nan,0.0
MgCl2-NaCl,Mg,cl3232,0.9797979797979798,2.45,-0.02029639175257736,nan,0.0
MgCl2-NaCl,Mg,cl3232,0.9797979797979798,2.55,-0.02029639175257736,0.0,0.0
MgCl2-NaCl,Mg,cl3232,0.9797979797979798,2.6500000000000004,-0.02029639175257736,0.0,0.0
MgCl2-NaCl,Mg,cl3232,0.9797979797979798,2.75,-0.02029639175257736,0.0,0.0
MgCl2-NaCl,Mg,cl3232,0.9797979797979798,2.8500000000000005,-0.02029639175257736,0.0,0.0
MgCl2-NaCl,Mg,cl3232,0.9797979797979798,2.95,-0.02029639175257736,0.0,0.0
MgCl2-NaCl,Mg,cl3232,0.9797979797979798,3.05,-0.018177396131076495,0.004854153381184129,0.0
MgCl2-NaCl,Mg,cl3232,0.9797979797979798,3.1500000000000004,-0.02029639175257736,0.0,0.0
MgCl2-NaCl,Mg,cl3232,0.9797979797979798,3.25,-0.01840110433755693,0.002739378331991013,0.0
MgCl2-NaCl,Mg,cl3232,0.9797979797979798,3.3500000000000005,-0.01589079398642279,0.00338522847441109,0.0
MgCl2-NaCl,Mg,cl3232,0.9797979797979798,3.45,-0.01749799243345329,0.002256251838140691,0.0
MgCl2-NaCl,Mg,cl3232,0.9797979797979798,3.55,-0.014094632087763959,0.0038496758396487723,0.0
MgCl2-NaCl,Mg,cl3232,0.9797979797979798,3.6500000000000004,-0.016828060345242868,0.0019136571274206127,0.0
MgCl2-NaCl,Mg,cl3232,0.9797979797979798,3.75,-0.015096861509225512,0.0018822479828836,0.0
MgCl2-NaCl,Mg,cl3232,0.9797979797979798,3.8500000000000005,-0.015742095137165846,0.00332826789797044,0.0
MgCl2-NaCl,Mg,cl3232,0.9797979797979798,3.95,-0.014281379863100074,0.0020322973272958143,0.0
MgCl2-NaCl,Mg,cl3232,0.9797979797979798,4.050000000000001,-0.014718351103585325,0.00528053554174582,0.0
MgCl2-NaCl,Mg,cl3232,0.9797979797979798,4.15,-0.015222694327333475,0.0032919930976900006,0.0
MgCl2-NaCl,Mg,cl3232,0.9797979797979798,4.25,-0.013981301471800212,0.003094829506632935,0.0
MgCl2-NaCl,Mg,cl3232,0.9797979797979798,4.35,-0.013131957040684261,0.002920532687181646,0.0
MgCl2-NaCl,Mg,cl3232,0.9797979797979798,4.45,-0.01477847988235892,0.0024206182091058236,0.0
MgCl2-NaCl,Mg,cl3232,0.9797979797979798,4.550000000000001,-0.014088041405556195,0.0011516028573820044,0.0
MgCl2-NaCl,Mg,cl3232,0.9797979797979798,4.65,-0.013029159114882338,0.0033043256090933373,0.0
MgCl2-NaCl,Mg,cl3232,0.9797979797979798,4.75,-0.013300597912650591,0.0021527077638337313,0.0
MgCl2-NaCl,Mg,cl3232,0.9797979797979798,4.8500000000000005,-0.01139471275209547,0.0033319447795366556,0.0
MgCl2-NaCl,Mg,cl3232,0.9797979797979798,4.95,-0.010263749437150693,0.0034594253904103645,0.0
MgCl2-NaCl,Mg,cl3232,0.9797979797979798,5.050000000000001,-0.010808055678598105,0.0027029103523894963,0.0
MgCl2-NaCl,Mg,cl3232,0.9797979797979798,5.15,-0.011885848651098652,0.0016961268266404963,0.0
MgCl2-NaCl,Mg,cl3232,0.9797979797979798,5.25,-0.01143931796117914,0.0020525627988741235,0.0
MgCl2-NaCl,Mg,cl3232,0.9797979797979798,5.3500000000000005,-0.008620868915421465,0.0051284016345527934,0.0
MgCl2-NaCl,Mg,cl3232,0.9797979797979798,5.45,-0.0064870704690962455,0.00375504067815502,0.0
MgCl2-NaCl,Mg,cl3232,0.9797979797979798,5.550000000000001,-0.00606442614194691,0.008869002860310803,0.0
MgCl2-NaCl,Mg,cl3232,0.9797979797979798,5.65,-0.007012680181890163,0.005558193596687166,0.0
MgCl2-NaCl,Mg,cl3232,0.9797979797979798,5.75,-0.001772394638795305,0.005613448031597091,0.0
MgCl2-NaCl,Mg,cl3232,0.9797979797979798,5.8500000000000005,-0.001480536216360795,0.004191093197035574,0.0
MgCl2-NaCl,Mg,cl3232,0.9797979797979798,5.95,-0.002382986329281467,0.0025272210937923073,0.0
MgCl2-NaCl,Mg,cl3232,0.9797979797979798,6.050000000000001,2.1936106077591333e-05,0.0041221621601620975,0.0
MgCl2-NaCl,Mg,cl3232,0.9797979797979798,6.15,0.0016024230254032545,0.006444251033494675,0.0
MgCl2-NaCl,Mg,cl3232,0.9797979797979798,6.25,0.0020286060944476603,0.0042833036482142674,0.0
MgCl2-NaCl,Mg,cl3232,0.9797979797979798,6.3500000000000005,0.0015347381476594757,0.004421843972884023,0.0
MgCl2-NaCl,Mg,cl3232,0.9797979797979798,6.45,0.00043839951608426464,0.0033795698911341784,0.0
MgCl2-NaCl,Mg,cl3232,0.9797979797979798,6.550000000000001,0.003515429111715207,0.004925620865451466,0.0
MgCl2-NaCl,Mg,cl3232,0.9797979797979798,6.65,0.007960593192701149,0.0048161803332308325,0.0
MgCl2-NaCl,Mg,cl3232,0.9797979797979798,6.75,0.0019935684313542312,0.004630001648306914,0.0
MgCl2-NaCl,Mg,cl3232,0.9797979797979798,6.8500000000000005,0.0040801219245723,0.0026159457782767535,0.0
MgCl2-NaCl,Mg,cl3232,0.9797979797979798,6.95,0.002760422000805618,0.002861124681755893,0.0
MgCl2-NaCl,Mg,cl3232,0.9797979797979798,7.050000000000001,0.002663261816819751,0.0032583524277960407,0.0
MgCl2-NaCl,Mg,cl3232,0.9797979797979798,7.15,0.0020805371892702595,0.003206194219597937,0.0
MgCl2-NaCl,Mg,cl3232,0.9797979797979798,7.25,0.00286671001183747,0.0031649312386926084,0.0
MgCl2-NaCl,Mg,cl3232,0.9797979797979798,7.3500000000000005,0.0012410232435129398,0.0012677555362426139,0.0
MgCl2-NaCl,Mg,cl3232,0.9797979797979798,7.45,0.0015850694363048756,0.0022363453976176183,0.0
MgCl2-NaCl,Mg,cl3232,0.9797979797979798,7.550000000000001,0.0005561032120826592,0.0012009077385594492,0.0
MgCl2-NaCl,Mg,cl3232,0.9797979797979798,7.65,0.0008479766612852213,0.0013655826310400518,0.0
MgCl2-NaCl,Mg,cl3232,0.9797979797979798,7.75,0.00027860891403908017,0.0016542977716314082,0.0
MgCl2-NaCl,Mg,cl3232,0.9797979797979798,7.8500000000000005,-0.0001820775556644616,0.0018184951294921096,0.0
MgCl2-NaCl,Mg,cl3232,0.9797979797979798,7.95,-0.0009257324855127536,0.0020171841179032965,0.0
MgCl2-NaCl,Mg,cl3232,0.9797979797979798,8.05,-0.00010813852944546731,0.0023528789814526484,0.0
MgCl2-NaCl,Mg,cl3232,0.9797979797979798,8.15,-0.0018948021931604053,0.0016629261077155339,0.0
MgCl2-NaCl,Mg,cl3232,0.9797979797979798,8.25,-0.0010479057718906226,0.0017089873403771233,0.0
MgCl2-NaCl,Mg,cl3232,0.9797979797979798,8.350000000000001,-0.0023489693035787518,0.0010242134954573335,0.0
MgCl2-NaCl,Mg,cl3232,0.9797979797979798,8.45,-0.0008820991229609998,0.0027906702113981077,0.0
MgCl2-NaCl,Mg,cl3232,0.9797979797979798,8.55,-0.0016095679133210083,0.0011588646743562441,0.0
MgCl2-NaCl,Mg,cl3232,0.9797979797979798,8.65,-0.0009417445384409806,0.0021559040372565483,0.0
MgCl2-NaCl,Mg,cl3232,0.9797979797979798,8.75,-0.003411805445795446,0.0015341556602702603,0.0
MgCl2-NaCl,Mg,cl3232,0.9797979797979798,8.850000000000001,-0.0008693368147172365,0.0027426630505346956,0.0
MgCl2-NaCl,Mg,cl3232,0.9797979797979798,8.95,-0.001331852620233498,0.0017516292238291045,0.0
MgCl2-NaCl,Mg,cl3232,0.9797979797979798,9.05,-0.0023826006149954004,0.0015102893385752318,0.0
MgCl2-NaCl,Mg,cl3232,0.9797979797979798,9.15,-0.0027320879100736217,0.001526849797792729,0.0
MgCl2-NaCl,Mg,cl3232,0.9797979797979798,9.25,-0.0018937996675014723,0.0025324372513510483,0.0
MgCl2-NaCl,Mg,cl3232,0.9797979797979798,9.350000000000001,-0.003036083659580413,0.0017098450860977244,0.0
MgCl2-NaCl,Mg,cl3232,0.9797979797979798,9.45,-0.001342535499119002,0.002573972057990187,0.0
MgCl2-NaCl,Mg,cl3232,0.9797979797979798,9.55,-0.0007887589444175447,0.0008397298515744568,0.0
MgCl2-NaCl,Mg,cl3232,0.9797979797979798,9.650000000000002,-0.0016092954115840552,0.001053349689143486,0.0
MgCl2-NaCl,Mg,cl3232,0.9797979797979798,9.75,0.0005172450685043684,0.0011932632321051677,0.0
MgCl2-NaCl,Mg,cl3232,0.9797979797979798,9.850000000000001,-0.0009646520929520452,0.0019696727818699837,0.0
MgCl2-NaCl,Mg,cl3232,0.9797979797979798,9.95,0.0001141108502991095,0.0012475029424591953,0.0
MgCl2-NaCl,Mg,cl3232,0.9797979797979798,10.05,-0.00031531747636792673,0.0021379674449881207,0.0
MgCl2-NaCl,Mg,cl3232,0.9797979797979798,10.150000000000002,1.2421241661786375e-05,0.0024508487332506605,0.0
MgCl2-NaCl,Mg,cl3232,0.9797979797979798,10.25,-0.0012284161737987631,0.0021712057214488918,0.0
MgCl2-NaCl,Mg,cl3232,0.9797979797979798,10.350000000000001,-0.0008081760770020097,0.0009074260358531064,0.0
MgCl2-NaCl,Mg,cl3232,0.9797979797979798,10.45,-0.000589723198981762,0.0017914416306808463,0.0
MgCl2-NaCl,Mg,cl3232,0.9797979797979798,10.55,-0.0007333987625377514,0.0013487079814085228,0.0
MgCl2-NaCl,Mg,cl3232,0.9797979797979798,10.650000000000002,-0.00014081448523439732,0.0016686925241691823,0.0
MgCl2-NaCl,Mg,cl3232,0.9797979797979798,10.75,-0.00024927246488393173,0.0008430202552685768,0.0
MgCl2-NaCl,Mg,cl3232,0.9797979797979798,10.850000000000001,-0.00013740495219360938,0.001214288781773248,0.0
MgCl2-NaCl,Mg,cl3232,0.9797979797979798,10.95,-0.00043604969422506024,0.002323501154275993,0.0
MgCl2-NaCl,Mg,cl3232,0.9797979797979798,11.05,-0.0012376437262677786,0.001195769469659465,0.0
MgCl2-NaCl,Mg,cl3232,0.9797979797979798,11.150000000000002,-0.0005457599411942127,0.0022267030159320296,0.0
MgCl2-NaCl,Mg,cl3232,0.9797979797979798,11.25,-0.0008835421716357761,0.0026409933983001536,0.0
MgCl2-NaCl,Mg,cl3232,0.9797979797979798,11.350000000000001,-0.0001419871673664641,0.002152111904702493,0.0
MgCl2-NaCl,Mg,cl3232,0.9797979797979798,11.45,-0.0010964998808238313,0.002765039223632932,0.0
MgCl2-NaCl,Mg,cl3232,0.9797979797979798,11.55,-0.0008978354572348746,0.0014880823695508775,0.0
MgCl2-NaCl,Mg,cl3232,0.9797979797979798,11.650000000000002,-0.0014613793783273543,0.0021281052612644826,0.0
MgCl2-NaCl,Mg,cl3232,0.9797979797979798,11.75,-0.0018631690244512722,0.00229196541226506,0.0
MgCl2-NaCl,Mg,cl3232,0.9797979797979798,11.850000000000001,-0.0006877799095550419,0.00196365335238347,0.0
MgCl2-NaCl,Mg,cl3232,0.9797979797979798,11.95,-0.000361133642937439,0.0012479857378684955,0.0
