composition_key,n_para,n_water,n_ethanol,x_para,x_water,x_ethanol,S0_NN,S0_OO,S0_CC,S0_NO,S0_NC,S0_OC,S0_NN_split1,S0_OO_split1,S0_CC_split1,S0_NO_split1,S0_NC_split1,S0_OC_split1,S0_NN_split2,S0_OO_split2,S0_CC_split2,S0_NO_split2,S0_NC_split2,S0_OC_split2,S0_NN_split3,S0_OO_split3,S0_CC_split3,S0_NO_split3,S0_NC_split3,S0_OC_split3
P00104_W09000_E01000,104,9000,1000,0.010293,0.890736,0.098971,2.1906753011039393,3.146410164982058,1.0607398379419537,-2.1097971305739303,0.43886911356083697,-1.388464178631813,2.1670019679890355,3.1520955820807073,1.0777320723720991,-2.098383992441462,0.413247552216514,-1.3424792753932633,2.4042104858372317,3.1671071579907464,1.0497006647967262,-2.2055890519383827,0.3731084443211024,-1.3400049827337022,2.0008134494855514,3.1200277548747213,1.0547867766570354,-2.025418347341946,0.5302513441448946,-1.482908277768474
P00528_W09000_E01000,528,9000,1000,0.050152,0.854863,0.094985,4.090020681739202,13.417467740766975,1.1880518118408816,-6.853859171394025,0.6090347757636779,-2.336410990395315,3.505258203410577,9.491085959840698,0.8943472261016158,-5.470257922840895,0.2409343215030721,-1.210583032328516,3.9093385364805786,14.494565735173522,1.5563809869418468,-6.65424522339633,0.7508297366783049,-3.245839311202499,4.855465305326449,16.26675152728671,1.113427222479182,-8.437074367944849,0.8353402691096568,-2.5528106276549294
P00104_W08000_E02000,104,8000,2000,0.010293,0.791766,0.197941,1.2504594551997517,3.7096291922312505,0.8862520325131351,-1.3031644308427464,0.23641161759022142,-1.5905876492660898,1.2529938038703068,4.046525201728936,0.9355406371108927,-1.416387318086209,0.290237159100176,-1.749487334405328,1.184785819768105,3.5806313354441253,0.9002757143624216,-1.181633089229169,0.193933114714305,-1.5704297387031172,1.3135987419608428,3.50173103952069,0.8229397460660908,-1.311472885212861,0.2250645789561832,-1.451845874689824
P00152_W08000_E02000,152,8000,2000,0.014972,0.788022,0.197006,1.4958932239607872,3.3698377839134737,0.6937892698917558,-1.5757807905219092,0.09495034190853813,-1.1020023633688025,1.4813732166193128,3.382391685318788,0.6583686378232789,-1.5984268919262554,0.1257611844984817,-1.0907754642914764,1.4509266090895043,3.3398326437050287,0.7239080508282498,-1.5001470414787463,0.0955604267384309,-1.1400601269541828,1.5553798461735444,3.387289022716604,0.6990911210237385,-1.6287684381607264,0.0635294144887018,-1.0751714988607484
P00208_W08000_E02000,208,8000,2000,0.020376,0.783699,0.195925,1.560997253959948,3.823130152127011,0.7390491444416707,-1.6725815571550717,0.05386653066906324,-1.168610402596459,1.4419284270196309,3.871972519067648,0.7805778043890862,-1.5361837098634414,0.0327255668605763,-1.2589046146695482,1.4536548764345325,3.6224076944521646,0.7259542940634223,-1.544666395787361,0.0391528426015352,-1.121973597025732,1.7874084584256802,3.97501024286122,0.7106153348725034,-1.936894565814413,0.0897211825450782,-1.1249529960940967
P00256_W08000_E02000,256,8000,2000,0.024961,0.780031,0.195008,2.460672380077938,8.44358915950626,0.8461562397777568,-3.7879565413028935,0.36811047148427894,-1.9083929809009785,2.468776895359055,7.754233595581797,0.843453582687038,-3.7075306571794377,0.351624528827719,-1.7750057659787544,2.074500067239689,8.671814075168045,0.978766167557678,-3.3673565228715447,0.3969042451112868,-2.268162836603676,2.8387401776350707,8.904719807768934,0.7162489690885544,-4.288982443857698,0.3558026405138311,-1.6820103401205055
P00312_W08000_E02000,312,8000,2000,0.030256,0.775795,0.193949,3.073399604448561,9.036463707306579,0.725569327455406,-4.610330554871016,-0.009304128418286034,-0.9885708434070374,3.7670501922501898,11.133990519097091,0.6801294343985255,-5.733523858337785,0.0047089054921309,-0.9694392918929006,3.025015654514884,9.657186503959688,0.6732303474202297,-4.813887306846848,-0.036520013557153,-0.8123021029864419,2.42813296658061,6.31821409886296,0.8233482005474627,-3.2835804994284157,0.003898722810164,-1.1839711353417697
P00416_W08000_E02000,416,8000,2000,0.039939,0.768049,0.192012,2.9532470784142713,9.231494618631784,0.7769464697918602,-4.591945368529163,0.0602255306353389,-1.2688604843716382,3.076808950852179,8.827807748975287,0.7584066837272425,-4.55379478561126,-0.0082669933403932,-1.144807283515062,2.6174902717521116,8.734874381202028,0.819415073871406,-4.119588880764335,0.0383172751795661,-1.303508916489674,3.1654420126385228,10.131801725718038,0.7530176517769321,-5.102452439211893,0.1506263100668438,-1.358265253110179
P00528_W08000_E02000,528,8000,2000,0.050152,0.759878,0.18997,2.3956662524465187,8.993809428032657,0.727960520171233,-3.9862632919468592,-0.12778494665646722,-0.8412296205343114,2.481313164312823,9.658757643890368,0.7703749905169762,-4.102219809019113,-0.0048979577392785,-1.2362491691785078,2.2482090153854415,8.857177124239062,0.6905603126541752,-3.943218634690269,-0.2454218702081252,-0.4171140342198519,2.4574765776412915,8.465493515968545,0.7229462573425476,-3.913351432131196,-0.133035012021998,-0.8703256582045746
P00872_W08000_E02000,872,8000,2000,0.080206,0.735835,0.183959,2.1238541065525585,9.527850396520947,0.6714443550122843,-3.9270969960740323,-0.267650206035658,-0.45847492677337787,2.1519451739266127,9.413069133639322,0.6417561973466948,-3.991836913181037,-0.2748137972634036,-0.3892606520135039,2.2180336622415027,10.097375708619047,0.6931523717841345,-4.150192518794737,-0.2054553127337973,-0.6353779879117618,2.0015834834895605,9.073106347304469,0.6794244959060239,-3.639261556246322,-0.322681508109773,-0.3507861403948679
P01112_W08000_E02000,1112,8000,2000,0.100072,0.719942,0.179986,1.5986229254314146,8.099166506656028,0.733494313892196,-3.097593169535562,-0.32457428962763685,-0.3414532407641657,1.533006082451454,7.680314656885709,0.6704231518811548,-2.9208482485291674,-0.3562876758147081,-0.1807767647924321,1.7184261416068098,8.745752759507164,0.7905528738395915,-3.3551852289363207,-0.349231418967567,-0.3886084875862583,1.54443655223598,7.871432103575213,0.7395069159558415,-3.0167460311411975,-0.2682037741006355,-0.4549744699138067
P00104_W07000_E03000,104,7000,3000,0.010293,0.692795,0.296912,0.9962051013489983,2.6694216998926645,0.5151308447274644,-0.6387981899808738,-0.05893089849158543,-0.9548418703350383,0.9096433694705344,2.6363914424356256,0.5315660474098418,-0.520280685712321,-0.0741881247128158,-0.9961581753164191,0.8735961329265927,2.6373588931493663,0.5332167796638547,-0.5505218629533039,-0.049379138353495,-0.9745170503371045,1.2053758016498677,2.734514764093002,0.4806097071086965,-0.8455920212769965,-0.0532254324084455,-0.8938503853515912
P00152_W07000_E03000,152,7000,3000,0.014972,0.689519,0.295508,1.0440657847259571,3.311288838960739,0.530156264193022,-0.9322764405203636,-0.02937793089879717,-1.0509859063288702,1.0315294257101832,3.2191981566116263,0.5096058866372574,-0.8775000303634296,-0.0374315173664968,-1.007155657621011,1.0332359202177357,3.3129939059857563,0.5110867026823951,-0.9674404638887726,-0.0254320375761166,-1.0400049893980496,1.0674320082499524,3.4016744542848345,0.5697762032594136,-0.9518888273088886,-0.0252702377537781,-1.10579707196755
P00208_W07000_E03000,208,7000,3000,0.020376,0.685737,0.293887,1.1127923068040135,3.6870539080997804,0.530348627925775,-1.1290821561294064,-0.048409700544845134,-1.0118959499557614,1.0037967333594482,3.661092219260199,0.5030944689486763,-1.0759155086168657,-0.0485493541128809,-1.004662399752811,1.2279702761492164,3.790517075010576,0.5856094452461083,-1.1816208610559011,-0.0812530994199826,-1.0685235063857148,1.106609910903376,3.6095524300285664,0.5023419695825403,-1.129710098715452,-0.0154266481016719,-0.962501943728758
P00256_W07000_E03000,256,7000,3000,0.024961,0.682527,0.292512,1.3555533214143443,4.4880815823004765,0.5718254606173123,-1.6057785584453175,-0.014963417844079965,-1.0976191856670734,1.321604965868291,4.0762184956284715,0.512239455989881,-1.5003503629289865,-0.06197151312831,-0.948457681514609,1.3608021415091225,4.914858446964018,0.5844368467728354,-1.7070880811119789,0.0314077267730253,-1.2057390927484006,1.384252856865619,4.473167804308939,0.6188000790892206,-1.6098972312949869,-0.0143264671769552,-1.1386607827382105
P00312_W07000_E03000,312,7000,3000,0.030256,0.678821,0.290923,1.3516439120310928,4.227191120946598,0.5302578515893864,-1.5933543084725363,-0.10459698123995682,-0.8698927558061295,1.12614706493739,4.780802823719464,0.6609085365127876,-1.4243338115659934,-0.0861032064918694,-1.1707821737829514,1.52379015223117,4.258619787590894,0.5122769485570796,-1.7648123616126694,-0.1050263741988052,-0.8231889967823633,1.4049945189247184,3.642150751529436,0.4175880696982922,-1.5909167522389462,-0.1226613630291959,-0.6157070968530737
P00416_W07000_E03000,416,7000,3000,0.039939,0.672043,0.288018,1.1712493399812396,3.638858617944809,0.5071656401763359,-1.3280504597160825,-0.19330491847762377,-0.6276588690325821,1.1153964738160258,3.3719328832668394,0.4348087340325764,-1.263285223803592,-0.1991173045054024,-0.4886397901650942,1.34535578337886,3.5242121913812885,0.4841761746327313,-1.476720919332584,-0.2119953281580281,-0.5221055319776609,1.0529957627488329,4.0204307791863,0.6025120118636998,-1.2441452360120713,-0.1688021227694408,-0.8722312849549909
P00528_W07000_E03000,528,7000,3000,0.050152,0.664894,0.284954,1.3303612576700878,4.605348121049755,0.5172181813361246,-1.8024891601110624,-0.26108890277458147,-0.4821005296097074,1.2523284035658862,4.179740666375405,0.4914064885081587,-1.5878121796001186,-0.27564130044732,-0.4205336940066273,1.3104462231620269,4.320288081582978,0.5499694135108839,-1.7657323488140333,-0.3014121822068235,-0.4459950548573615,1.4283091462823507,5.3160156151908815,0.5102786419893315,-2.053922951919035,-0.2062132256696009,-0.5797728399651334
P00640_W07000_E03000,640,7000,3000,0.06015,0.657895,0.281955,1.4493500287505034,5.199640079167186,0.5795945739335154,-2.093655482315855,-0.3681878543666821,-0.37410198830157565,1.5050775538681378,4.891258002382802,0.5728677763009502,-2.0143929959665443,-0.4264848239211882,-0.2732062398303566,1.4693664578063084,5.290756154107499,0.5759384845124255,-2.20742711819256,-0.3807227018119257,-0.2889231719937938,1.3736060745770646,5.416906081011258,0.5899774609871707,-2.05914633278846,-0.2973560373669325,-0.5601765530805766
P00752_W07000_E03000,752,7000,3000,0.06994,0.651042,0.279018,1.1487674696156687,5.1786583440818355,0.5363707648580366,-1.8061828946500995,-0.2780981375641933,-0.4296865008673865,1.0518352148827153,5.12824567514402,0.5253738932764327,-1.6792296794142534,-0.2509937842182699,-0.4854925389995411,1.0899751320014048,4.970553957326219,0.5397703476938249,-1.6861469103712792,-0.288160163451044,-0.4040697278288714,1.304492061962886,5.437175399775267,0.5439680536038523,-2.053172094164766,-0.2951404650232661,-0.3994972357737471
P00872_W07000_E03000,872,7000,3000,0.080206,0.643856,0.275938,1.6325636652472346,6.693219238257364,0.6577688020632547,-2.6244686005706033,-0.5468909868737398,-0.00029797273758839826,1.752655936718287,5.822498906153065,0.6782608249504178,-2.481888125518015,-0.6215510045162647,-0.0008178688671395,1.4283255469521912,5.7605822163120735,0.6416156172038248,-2.278662221867142,-0.4950445271877526,-0.0373816905424918,1.716709512071226,8.496576592306955,0.6534299640355214,-3.112855454326652,-0.524077428917202,0.0373056411968661
P00992_W07000_E03000,992,7000,3000,0.090247,0.636827,0.272926,1.6180811622106617,6.073315767475401,0.749960075265134,-2.600211582702986,-0.6547318977069185,0.24846505824776557,1.670667683897307,6.598429055171313,0.7687917452132551,-2.8212098379060264,-0.6226932697767112,0.2019478106516872,1.5667196273397344,5.581589081388797,0.7197827846268178,-2.408829191973412,-0.6399462315168393,0.2441170038821319,1.6168561753949438,6.039929165866093,0.7613056959553289,-2.5705957182295194,-0.7015561918272051,0.2993303602094777
P01112_W07000_E03000,1112,7000,3000,0.100072,0.62995,0.269978,1.1333029952641844,4.695890918362051,0.687631449313678,-1.7237207411199214,-0.48300644025543676,-0.019306731021373407,1.0718212092213182,4.533727681415045,0.6217629935650212,-1.6415477298127683,-0.4332809291540752,-0.0558630021415638,1.0665045977443783,4.704136848259006,0.6894078393053286,-1.6390512346071922,-0.4441436335712103,-0.145763945578108,1.2615831788268566,4.849808225412103,0.7517235150706846,-1.890563258939804,-0.5715947580410247,0.1437067546555516
P00104_W06000_E04000,104,6000,4000,0.010293,0.593824,0.395883,0.9201321354148332,2.585202733910739,0.36565514582734293,-0.46197494725754523,-0.10492580816406094,-0.7696787742874261,0.8340595168188046,2.579015030584663,0.3563249586945393,-0.4434818367947823,-0.0792990802962042,-0.7619133942204441,0.9508848808664244,2.5674588127188027,0.3619426788075002,-0.5225148001622204,-0.1066575404157964,-0.7415630118026928,0.9754520085592702,2.609134358428751,0.3786977999799892,-0.419928204815633,-0.1288208037801822,-0.8055599168391417
P00152_W06000_E04000,152,6000,4000,0.014972,0.591017,0.394011,1.02093540640781,2.8077469394245522,0.3688514597752952,-0.6744777204612863,-0.1411207180146479,-0.7140657495251116,0.9816305049753304,2.596141658834716,0.353019992786759,-0.6189725517446946,-0.135473327313727,-0.6701423166070624,1.0161365081392495,2.8920152156242165,0.3757133498242825,-0.6174449432172467,-0.162194934041843,-0.752010583298211,1.06503920610885,2.9350839438147247,0.3778210367148442,-0.7870156664219177,-0.1256938926883737,-0.7200443486700617
P00208_W06000_E04000,208,6000,4000,0.020376,0.587774,0.39185,0.9984385155826462,2.6898450936230205,0.35567332228935955,-0.7167226511515453,-0.1829510878825447,-0.5980104835249448,0.909335142484756,2.558308319556017,0.3593964425267526,-0.6315970346550658,-0.1671396931049394,-0.5981263775717999,1.0399286738917006,2.7100520119880236,0.3626539662322107,-0.7370046280394656,-0.1899751311351954,-0.6171893398821157,1.046051730371482,2.8011749493250204,0.3449695581091153,-0.7815662907601042,-0.1917384394074993,-0.5787157331209187
P00256_W06000_E04000,256,6000,4000,0.024961,0.585023,0.390016,1.0448600806365254,2.967627911277228,0.3621916100120151,-0.8778772507167439,-0.20622046517454876,-0.5596549303699808,1.025954810742409,2.8429078478251197,0.3707461520212081,-0.75694971888727,-0.2208961022243972,-0.578636134797241,0.9375374194693978,2.9500848633728807,0.3505870904437304,-0.8485955476747744,-0.1733952704156566,-0.5662211866596625,1.171088011697769,3.109891022633684,0.365241587571107,-1.0280864855881873,-0.2243700228835925,-0.534107469653039
P00312_W06000_E04000,312,6000,4000,0.030256,0.581846,0.387898,1.11529766098567,3.3512572100879585,0.3950808791210627,-1.0528282351769882,-0.22405936795198225,-0.5826035279700039,1.110357637052949,3.3770506718391817,0.3979490413889349,-1.0632339431592173,-0.2150805426924744,-0.6102187860687962,1.044557665384542,3.2504480669427784,0.3842167707172446,-0.998381315630165,-0.2088482351204797,-0.5551204092931941,1.190977680519519,3.4262728914819163,0.4030768252570088,-1.0968694467415827,-0.2482493260429927,-0.5824713885480214
P00416_W06000_E04000,416,6000,4000,0.039939,0.576037,0.384025,0.9479344996754328,3.1059981006598805,0.39559578158670394,-0.9216346777945995,-0.2636011317655367,-0.47240863958828405,0.9412341461110658,3.0748650797339634,0.4069433225700657,-0.9106087160538564,-0.2864244034762906,-0.4482035572744585,0.8967622312544251,3.220505974062873,0.3565375185625313,-0.9324516695521492,-0.2147672754760668,-0.4803210402656936,1.0058071216608075,3.0226232481828053,0.4233065036275147,-0.921843647777793,-0.2896117163442526,-0.4887013212247
P00528_W06000_E04000,528,6000,4000,0.050152,0.569909,0.379939,0.9107214136538145,2.750665957250115,0.3963796205467635,-0.8702791493504392,-0.2966751820485087,-0.35171427329419513,0.9118435384366794,2.803724145513492,0.399338119146563,-0.9193680524795212,-0.2927104782355393,-0.3628236494278496,0.918657665392676,2.6317744718719056,0.4109538174016417,-0.7869324347981047,-0.3098756129475137,-0.3526259144144629,0.9016630371320884,2.8164992543649463,0.3788469250920858,-0.9045369607736916,-0.2874394549624731,-0.3396932560402728
P00640_W06000_E04000,640,6000,4000,0.06015,0.56391,0.37594,0.9923174521049952,3.0539638329779293,0.4608210872649481,-1.0289610730722802,-0.39194834163797737,-0.23726833573749895,0.9983136641760868,3.223677777351598,0.4551122314149937,-1.0713315648476924,-0.3643370459502583,-0.2391399458215888,0.967129565726314,3.0449548741292456,0.4866969551191697,-0.950524458787197,-0.3978188217894451,-0.3213399534684084,1.011509126412585,2.8932588474529437,0.4406540752606809,-1.065027195581951,-0.4136891571742286,-0.1513251079224997
P00752_W06000_E04000,752,6000,4000,0.06994,0.558036,0.372024,1.0759960621518452,3.547788560994205,0.5280692334723674,-1.1785382979164243,-0.4438616944796793,-0.24559161558492434,1.0044945913483367,3.2220951294827676,0.5410402799682087,-1.026807993772286,-0.4443365744316369,-0.2734994552399478,1.1329909252392196,3.593239396369255,0.5790178942371706,-1.134740038608162,-0.5033440145226579,-0.2603077223321767,1.0905026698679787,3.8280311571305936,0.4641495262117231,-1.3740668613688247,-0.3839044944847433,-0.2029676691826485
P00872_W06000_E04000,872,6000,4000,0.080206,0.551876,0.367918,0.8655974226051235,3.2167415128567716,0.4975927262604882,-0.9500684196755397,-0.3945862823354184,-0.21335709866400196,0.8016538135984513,3.0226248734315795,0.4983353176889095,-0.8789529919874431,-0.3662332355083221,-0.2338209504095765,0.8589052868797135,3.0939709584252904,0.4908662220058819,-0.9410846703552902,-0.3802433692089956,-0.2466115724069789,0.936233167337206,3.5336287067134453,0.5035766390866732,-1.030167596683886,-0.4372822422889376,-0.1596387731754504
P00992_W06000_E04000,992,6000,4000,0.090247,0.545852,0.363901,1.1016350382302502,3.6769988235578785,0.6019799925747674,-1.397415590009114,-0.5618170699530246,0.08422818046963976,1.1035382949341872,3.4222532887338653,0.5679186133793488,-1.3724891728171278,-0.5486785080950616,0.1195342895270087,1.1461687534771383,3.953886841097006,0.5857733299117046,-1.496510963956305,-0.5517283977629255,0.0561690416208645,1.0551980662794254,3.654856340842764,0.6522480344332491,-1.3232466332539097,-0.5850443040010865,0.0769812102610461
P01112_W06000_E04000,1112,6000,4000,0.100072,0.539957,0.359971,1.0108319758837465,3.723260833417403,0.770792975429942,-1.362113047011844,-0.6039464659862703,0.163989526594527,1.2166996371605618,4.01736263243321,0.8133213064758261,-1.6650645586714996,-0.715586895296602,0.236078160893829,0.995386185107864,3.824559777721051,0.9170533446582424,-1.3882674127568868,-0.6244117072367399,0.2251089150173528,0.8204101053828136,3.327860090097948,0.5820042751557577,-1.033007169607146,-0.4718407954254691,0.0307815038723992
P00104_W05000_E05000,104,5000,5000,0.010293,0.494854,0.494854,0.9611653929047841,2.0540620615243346,0.23174924260212074,-0.358680961680311,-0.15720652619665992,-0.4797080008029398,0.9331671049053132,2.0675329484833305,0.2319274753270148,-0.3138994822705729,-0.1592080390995464,-0.4943057205555752,0.9722475511198956,2.0261489806110173,0.2204371794953079,-0.4196621292370418,-0.1501749122845616,-0.4405719158484096,0.9780815226891436,2.0685042554786555,0.2428830729840395,-0.3424812735333182,-0.1622366272058718,-0.5042463660048346
P00152_W05000_E05000,152,5000,5000,0.014972,0.492514,0.492514,0.8857728412646105,2.1886555205742435,0.2460297406574672,-0.417984496984698,-0.17279004688696029,-0.46981167910618327,0.912876114900725,2.3368499450476374,0.2434409895725319,-0.4903674619985854,-0.1528674376609921,-0.4882540662830257,0.8814645610597978,2.074165821256698,0.2545169763889084,-0.348681815222094,-0.20030392875333,-0.469143915366592,0.8629778478333089,2.154950795418395,0.2401312560109612,-0.4149042137334144,-0.1651987742465587,-0.4520370556689321
P00208_W05000_E05000,208,5000,5000,0.020376,0.489812,0.489812,0.9259048825237923,2.007591133261519,0.25800558843957994,-0.4368876661355105,-0.23390810767775785,-0.38617411499380955,0.987795275462892,2.047412402023353,0.2769876231322556,-0.4060082895093888,-0.2594208684083245,-0.415319419606973,0.9039874832164484,1.995335693606208,0.2533556540777513,-0.4553294352402607,-0.219767858996688,-0.3795231622123236,0.8859318888920364,1.980025304154996,0.2436734881087328,-0.4493252736568821,-0.2225355956282611,-0.3636797631621321
P00256_W05000_E05000,256,5000,5000,0.024961,0.48752,0.48752,0.8647111233152941,2.0044322521750977,0.26237580798887844,-0.4554377488866743,-0.2350960422846682,-0.3588199958598262,0.8151486222507939,1.9985906224561132,0.2658240805948823,-0.4228786303284047,-0.2240119581643151,-0.3799801838635737,0.8776510521306591,2.006107539851065,0.2717330310328458,-0.4317258594505622,-0.2544097795765893,-0.369176438133033,0.9013336955644294,2.0085985942181144,0.2495703123389072,-0.5117087568810561,-0.2268663891131003,-0.327303365582872
P00312_W05000_E05000,312,5000,5000,0.030256,0.484872,0.484872,1.0363730973387815,2.9079690671261496,0.27201354884873047,-0.9324647155202572,-0.2782263015383251,-0.26785603153151477,1.0645939018207562,2.704923599232773,0.2660979732890334,-0.8938625212703063,-0.2790973966909914,-0.2481936354401232,1.0814640546536878,2.9094730548924916,0.2727433521609917,-0.9578081161043444,-0.2995783526363333,-0.2446843535543335,0.9630613355419008,3.1095105472531848,0.2771993210961663,-0.945723509186121,-0.2560031552876506,-0.3106901056000876
P00416_W05000_E05000,416,5000,5000,0.039939,0.480031,0.480031,0.8456634083803197,2.039872366568268,0.30076156552597016,-0.5774729898316372,-0.3069808336992052,-0.22280403878600766,0.8508513102008841,2.026861755267304,0.28089844528665,-0.6025342477924445,-0.2993070510423904,-0.1976124299726282,0.8675432963970642,2.0726127411165733,0.3021104338301468,-0.5731287981268004,-0.3086931785933655,-0.239056411190026,0.8185956185430107,2.020142603320927,0.3192758174611138,-0.5567559235756666,-0.3129422714618596,-0.2317432751953688
P00528_W05000_E05000,528,5000,5000,0.050152,0.474924,0.474924,0.8730123985100627,2.460939331586333,0.3632467206169309,-0.7099318930508778,-0.35422139680090137,-0.23593256730207288,0.825914187232723,2.517957046756986,0.3331228631989195,-0.7135203468181677,-0.304741479660885,-0.2675204756026934,0.8828208775635983,2.415772740086295,0.4255786732990082,-0.6751716645192779,-0.4179337890089679,-0.2065090846079158,0.9103021307338668,2.4490882079157177,0.3310386253528649,-0.7411036678151878,-0.3399889217328511,-0.2337681416956094
P00640_W05000_E05000,640,5000,5000,0.06015,0.469925,0.469925,0.8198468816865966,2.5035316600793798,0.3880861012092134,-0.6410732548500772,-0.37204017672797157,-0.24491426081027848,0.8405727319574101,2.5020846878116867,0.4256696889616361,-0.5961246599753353,-0.4169118134811661,-0.2669656868016714,0.8310032513686875,2.4964257318837504,0.3960676776488218,-0.5966984583554255,-0.3701532265801645,-0.2872580522894689,0.7879646617336921,2.512084560542702,0.3425209370171824,-0.730396646219471,-0.3290554901225842,-0.1805190433396952
P00752_W05000_E05000,752,5000,5000,0.06994,0.46503,0.46503,0.7773341913241233,2.0515122026913493,0.4101765882656314,-0.522744987946671,-0.401454782200342,-0.15792258831539777,0.7967753817844584,1.8472474841589863,0.3986240250198378,-0.4763674371118305,-0.4129371204681167,-0.1154736482275984,0.735381984157109,2.250785432293366,0.4335478930825443,-0.5024967710214354,-0.3835825138508869,-0.2408661797884771,0.7998452080308025,2.0565036916216957,0.3983578466945122,-0.5893707557067471,-0.4078447122820223,-0.1174279369301178
P00872_W05000_E05000,872,5000,5000,0.080206,0.459897,0.459897,0.7375342538244837,2.346792333853393,0.42313006161995226,-0.6217873097953265,-0.3927645641232746,-0.14744144662645717,0.7357557411182497,2.279992834377531,0.4406737308764961,-0.5674930122107412,-0.3972243753627098,-0.1845228587153342,0.7390928396751492,2.3785786144905168,0.4177314569363986,-0.6497367971965786,-0.387379341900058,-0.1536432160574722,0.7377541806800519,2.3818055526921316,0.4109849970469622,-0.6481321199786595,-0.393689975107056,-0.1041582651065651
P00992_W05000_E05000,992,5000,5000,0.090247,0.454876,0.454876,0.7923065255232539,2.0742673621867773,0.48240070599184776,-0.6556392995285086,-0.46467458347430973,-0.009000171569351567,0.8666366134351672,1.945821124110565,0.5267526356128999,-0.6611781242167987,-0.5165780572238943,0.0179707285546576,0.7315014400186505,2.1433193513235276,0.4656065593726722,-0.5898506525479619,-0.4323579444405798,-0.0710618283299646,0.7787815231159441,2.133661611126239,0.4548429229899712,-0.7158891218207654,-0.445087748758455,0.0260905850672523
P01112_W05000_E05000,1112,5000,5000,0.100072,0.449964,0.449964,0.7706277046686575,2.6711831998403635,0.47972616146996777,-0.754475951204958,-0.4483631249783879,-0.0179987175605398,0.717140348343056,2.8823442332396065,0.4188633086709576,-0.7860106626956779,-0.403700806666448,0.0219443372750589,0.7378806611913898,2.5816728119856815,0.4541489254357655,-0.7235467144643438,-0.4226859503524742,-0.0383233744788258,0.8568621044715267,2.549532554295802,0.5661662503031801,-0.7538704764548523,-0.5187026179162413,-0.0376171154778525
P00104_W04000_E06000,104,4000,6000,0.010293,0.395883,0.593824,1.0133404117148224,1.7189802334391804,0.16275542170516236,-0.29706210568977326,-0.1854278326419306,-0.29978574715621,1.0485969987243706,1.7262555874577743,0.1717509824183793,-0.2499833529167761,-0.2140517942072834,-0.3012375002550872,0.9633953850467432,1.6750011828937608,0.1542258654139567,-0.3634219809751046,-0.1577927279581736,-0.280883961176579,1.028028851373353,1.7556839299660063,0.1622894172831511,-0.277780983177439,-0.1844389757603348,-0.3172357800369637
P00152_W04000_E06000,152,4000,6000,0.014972,0.394011,0.591017,0.9938708456924715,1.8615210803686042,0.18548520478978647,-0.386615852441822,-0.22143510436999683,-0.29781511332413607,0.943266058779114,1.978809912726166,0.1809301018298733,-0.4246073789147719,-0.1975918922299463,-0.3071272296480133,0.93500257391008,1.7984149221765084,0.1839584548621149,-0.3213065129221681,-0.2079434809089619,-0.3169579300366877,1.1033439043882207,1.8073384062031383,0.1915670576773712,-0.413933665488526,-0.2587699399710823,-0.2693601802877072
P00208_W04000_E06000,208,4000,6000,0.020376,0.39185,0.587774,0.8620920754475407,1.6387647355782493,0.20255358488389452,-0.2401863678878392,-0.24845655777560557,-0.2770574227487968,0.8040097571275014,1.5897456490589716,0.2021198687301538,-0.2463653104898171,-0.2319383178222847,-0.2818597748673464,0.9163311776682224,1.6151168807617908,0.2117863428383609,-0.2292189827825007,-0.2729676164952703,-0.2746807372736891,0.8659352915468985,1.711431676913986,0.1937545430831689,-0.2449748103911998,-0.2404637390092617,-0.2746317561053549
P00256_W04000_E06000,256,4000,6000,0.024961,0.390016,0.585023,0.9058519240966877,1.7866459280364821,0.22273004764093032,-0.3316368815186837,-0.28116125303305695,-0.2565620405660119,0.7922137095992927,1.7201077203128283,0.2145785305506854,-0.2969088029315308,-0.255608853462729,-0.2500933613610036,0.96442194060226,1.8050316467182663,0.2208314411456802,-0.3649680808893138,-0.2869765374840749,-0.2599477102598623,0.9609201220885104,1.834798417078352,0.2327801712264254,-0.3330337607352064,-0.300898368152367,-0.2596450500771698
P00312_W04000_E06000,312,4000,6000,0.030256,0.387898,0.581846,0.9162025774901076,1.7607625063870742,0.24176568637397564,-0.3911516890867876,-0.3137971370801971,-0.22039019768994608,0.8596718130376818,1.7393593407232004,0.2279184629091566,-0.3793130812429863,-0.2855706982681124,-0.2253788767964422,0.9334954991740554,1.7776219025147444,0.2518862047096566,-0.3803186964718476,-0.3224702834576959,-0.228366723740193,0.9554404202585856,1.7653062759232774,0.2454923915031136,-0.4138232895455289,-0.3333504295147829,-0.2074249925332031
P00416_W04000_E06000,416,4000,6000,0.039939,0.384025,0.576037,0.8899567193106828,1.8554753293007302,0.27083254331251555,-0.4414323715684009,-0.34044690816313405,-0.1907631472949781,0.8839678840102598,1.8394411655211824,0.2614835796243373,-0.4610256077467863,-0.3330929268769175,-0.1758032315831296,0.8673263375124455,1.809600304094166,0.2739135779740603,-0.4160478567551271,-0.3362464763605504,-0.2037662871992485,0.9185759364093432,1.9173845182868428,0.2771004723391491,-0.4472236502032892,-0.3520013212519342,-0.1927199231025562
P00528_W04000_E06000,528,4000,6000,0.050152,0.379939,0.569909,0.8144734158206509,1.735267066332831,0.3017466890553218,-0.4072173644779868,-0.3646787945755552,-0.13446331546655743,0.8223188083185212,1.7473192312610584,0.2969775456937846,-0.4436949756761728,-0.3619526196015153,-0.1144205767430352,0.825319520316261,1.6566539132917293,0.2941754493609634,-0.422980963930756,-0.3667454662721902,-0.0956664673562992,0.7957819188271708,1.8018280544457048,0.3140870721112175,-0.3549761538270315,-0.36533829785296,-0.1933029023003379
P00640_W04000_E06000,640,4000,6000,0.06015,0.37594,0.56391,0.8058151461351013,1.7708538824556221,0.32510198667878093,-0.442025803449769,-0.3816421033324768,-0.1143699907286857,0.8329284891429468,1.7367206825063433,0.3305103672410656,-0.4604981217866872,-0.3919195734001487,-0.1015254791727521,0.7956498732593151,1.7738825859727223,0.3338136037242531,-0.3866810266690456,-0.381861144302125,-0.1478152722388385,0.7888670760030418,1.8019583788878009,0.310981989071024,-0.4788982618935742,-0.3711455922951565,-0.0937692207744665
P00752_W04000_E06000,752,4000,6000,0.06994,0.372024,0.558036,0.7354549292952499,1.8384974768159894,0.3437035216561864,-0.4369251154991172,-0.38287646772067147,-0.10621312684033042,0.699705096221075,1.790707041195179,0.3295090417772072,-0.4359071291644125,-0.3639300198049005,-0.0865351383174803,0.7448634036243903,1.917577970539263,0.3366322019132233,-0.4841277562116041,-0.3824974484891129,-0.0837474313856459,0.7617962880402845,1.807207418713526,0.3649693212781288,-0.3907404611213352,-0.402201934868001,-0.1483568108178651
P00872_W04000_E06000,872,4000,6000,0.080206,0.367918,0.551876,0.680570242377469,1.6455784862742082,0.3527291209920123,-0.3904279977530975,-0.3797216986899423,-0.0743116043768437,0.705707241556604,1.6171497455238433,0.3818497819725315,-0.3736626685061689,-0.4082076065614764,-0.0804779353581899,0.7222802031989989,1.693993333376263,0.3692811113131202,-0.4048186152151535,-0.4051594438910885,-0.0640692056985895,0.6137232823768041,1.625592379922519,0.3070564696903853,-0.3928027095379699,-0.3257980456172621,-0.0783876720737517
P00992_W04000_E06000,992,4000,6000,0.090247,0.363901,0.545852,0.6740716424724597,1.722035437047713,0.3921810367870966,-0.41504026865422566,-0.41024506087616536,-0.0530425746296613,0.6505198213667106,1.6418344523995831,0.401035318463612,-0.3661079422419172,-0.4045247858524542,-0.0879214975625923,0.6607069554853092,1.8695340722495368,0.3590471987207213,-0.4516871049969524,-0.3798114217812829,-0.0529337667630065,0.7109881505653589,1.6547377864940187,0.4164605931769565,-0.4273257587238075,-0.4463989749947589,-0.0182724595633851
P01112_W04000_E06000,1112,4000,6000,0.100072,0.359971,0.539957,0.6107174234545393,1.8314348493199315,0.3708359645150416,-0.4733572833278707,-0.37498029724683074,0.010552019521671402,0.6186863061200613,1.940181362030008,0.3622419113545138,-0.5001400235774194,-0.3658135081889463,-0.0001681049414903,0.6055236314517899,1.7572562287179376,0.3695560593144245,-0.4527533939646685,-0.3810050986141834,0.0026975285350945,0.6079423327917667,1.7968669572118487,0.3807099228761864,-0.467178432441524,-0.3781222849373624,0.02912663497141
P00104_W03000_E07000,104,3000,7000,0.010293,0.296912,0.692795,0.8734191392646223,1.4348081558548127,0.13253177907554428,-0.10601892679510523,-0.1844400484610903,-0.23047943346557884,0.9015945314173408,1.4254081469488402,0.1308165495929345,-0.1354634120502051,-0.1825541394188103,-0.2249969513897645,0.852917125976516,1.4087974583642142,0.1321159541090197,-0.0938756672281101,-0.1870233398778155,-0.230893878277227,0.8657457604000104,1.4702188622513832,0.1346628335246787,-0.0887177011070005,-0.1837426660866451,-0.235547470729745
P00152_W03000_E07000,152,3000,7000,0.014972,0.295508,0.689519,0.8534044913275632,1.474771059185007,0.1454606690610788,-0.18110883181924944,-0.21357526331295607,-0.2048946356398205,0.852037163167281,1.4260698569717192,0.1494010853501375,-0.1258357799404596,-0.228432673452503,-0.2140997037637135,0.859511151317556,1.5438593794681372,0.1490413353785779,-0.2066759809616797,-0.2144334247767525,-0.2093080711030243,0.8486651594978529,1.454383941115165,0.137939586454521,-0.210814734555609,-0.1978596917096127,-0.1912761320527237
P00208_W03000_E07000,208,3000,7000,0.020376,0.293887,0.685737,0.8921093351259035,1.4440305837329819,0.1702765724006814,-0.18866564348602852,-0.26183869482878636,-0.18619503235457413,0.9384073920781792,1.4166936222028998,0.1795956115517699,-0.1574887605881648,-0.2896018359936582,-0.1881838777826653,0.9258726207422678,1.4960548763058683,0.1780921535345145,-0.2093395722525598,-0.2760351098388565,-0.1923236931954253,0.8120479925572633,1.419343252690178,0.1531419521157598,-0.1991685976173609,-0.2198791386538443,-0.1780775260856318
P00256_W03000_E07000,256,3000,7000,0.024961,0.292512,0.682527,0.8636565913542333,1.3973777349503764,0.18120381698892077,-0.2097852414795135,-0.28149263082702586,-0.15624614221847324,0.8923209072186834,1.3721227886881386,0.185295000601461,-0.1927226019473118,-0.293857314860051,-0.1563290751016423,0.8272629361154598,1.4023228453563663,0.1661822992889511,-0.263018867396674,-0.2558325357902568,-0.1346882277271887,0.871385930728557,1.417687570806624,0.1921341510763502,-0.1736142550945546,-0.2947880418307698,-0.1777211238265888
P00312_W03000_E07000,312,3000,7000,0.030256,0.290923,0.678821,0.7735439416788402,1.437583053483212,0.18253375789980705,-0.24593412401652578,-0.2679077723886598,-0.13963732227227427,0.7757545974444601,1.4521060027571149,0.1898607511562331,-0.2065519405588237,-0.2769698285929056,-0.1552765659590215,0.7488862695069515,1.4208959760653823,0.1750009202768945,-0.2476350627387965,-0.2520775692059115,-0.1391045345417548,0.7959909580851092,1.4397471816271386,0.1827396022662935,-0.2836153687519571,-0.2746759193671624,-0.1245308663160465
P00416_W03000_E07000,416,3000,7000,0.039939,0.288018,0.672043,0.7208886744559035,1.4218317941393492,0.2205818981776221,-0.21397826932892508,-0.29865560430161053,-0.14560166544538533,0.7079618407903993,1.537134215245668,0.2162656763169248,-0.1946432120371618,-0.2914796012558391,-0.1632113619645167,0.6997116451411989,1.3352266993659223,0.195275647415376,-0.2753520196197915,-0.2692347582831111,-0.0958822998850201,0.7549925374361125,1.3931344678064574,0.2502043708005655,-0.1719395763298219,-0.3352524533658814,-0.1777113344866192
P00528_W03000_E07000,528,3000,7000,0.050152,0.284954,0.664894,0.7741835529921949,1.3817101802595457,0.2595346203819439,-0.2602225911064204,-0.358309570587308,-0.08839926735678806,0.8327529773861669,1.3818689309239314,0.2772404272549758,-0.2723105007136496,-0.3920408404074084,-0.0841287197965707,0.7844594190847384,1.4132135931818697,0.2605882704470487,-0.2791538242756728,-0.3572081477946986,-0.0847458125626381,0.7053382625056791,1.350048016672836,0.2407751634438073,-0.2292034483299388,-0.3256797235598169,-0.0963232697111554
P00640_W03000_E07000,640,3000,7000,0.06015,0.281955,0.657895,0.7750447776419418,1.4578776458794753,0.28625182140326694,-0.3062050861854431,-0.3829766264182021,-0.06189199963845166,0.7824104558947562,1.4937770393917251,0.2895405989601373,-0.2903989795724873,-0.3854097002887151,-0.0868847972665999,0.7988469852185565,1.4528488078800474,0.2984846908192178,-0.3089014609196893,-0.4023158342404466,-0.0578181179660458,0.7438768918125128,1.4270070903666532,0.2707301744304456,-0.3193148180641528,-0.3612043447254447,-0.0409730836827093
P00752_W03000_E07000,752,3000,7000,0.06994,0.279018,0.651042,0.832715648049189,1.5641896079914799,0.3473396818454733,-0.35794889539269276,-0.44865119552061533,-0.03279595089098777,0.8426425769384499,1.5987133315250108,0.3481805628764526,-0.3610728225335253,-0.4504767821642188,-0.038664645307855,0.8032297194343612,1.5154642061372716,0.3453285898782235,-0.321201493830938,-0.4353482570665611,-0.061354172086369,0.8522746477747558,1.5783912863121567,0.3485098927817438,-0.391572369813615,-0.4601285473310661,0.0016309647212607
P00872_W03000_E07000,872,3000,7000,0.080206,0.275938,0.643856,0.7377724784030361,1.4533082312260432,0.3560974693090884,-0.3511650089547549,-0.42967659843889217,-0.009199849140415267,0.7225809872706723,1.4308978554327605,0.3488859794558093,-0.3319525490458148,-0.4181847741780619,-0.0189069417867343,0.7541501962645337,1.448669761649458,0.3568382410416919,-0.359967814541278,-0.4357530160466593,-0.0061226083857929,0.7365862516739023,1.4803570765959109,0.3625681874297642,-0.3615746632771719,-0.4350920050919553,-0.0025699972487186
P00992_W03000_E07000,992,3000,7000,0.090247,0.272926,0.636827,0.8095707194282523,1.5931848973384148,0.4301282760920255,-0.43451273048749894,-0.516233828840992,0.0822292499116041,0.8065611874627151,1.632019373786019,0.4445301869131216,-0.4187790230802178,-0.543860768873094,0.1116124931393255,0.8300199116994827,1.565076291687023,0.4299872221120859,-0.4681293820262883,-0.5166693884986674,0.099109333174348,0.792131059122559,1.5824590265422025,0.4158674192508688,-0.4166297863559907,-0.4881713291512146,0.0359659234211388
P01112_W03000_E07000,1112,3000,7000,0.100072,0.269978,0.62995,0.6900441209482842,1.4310001871341875,0.3950441112059369,-0.34725446293970946,-0.4487883052961881,0.033227117301649,0.6863780082430773,1.4258338552881449,0.3773844322618739,-0.350744395661704,-0.4333780167759622,0.0414980151875961,0.670652162712302,1.3920124926468378,0.397085310693728,-0.3515388668547385,-0.4544030222342662,0.05048232091508,0.7131021918894731,1.47515421346758,0.4106625906622089,-0.3394801263026858,-0.4585838768783358,0.0077010158022709
P00104_W02000_E08000,104,2000,8000,0.010293,0.197941,0.791766,0.8842935760446543,1.2141215223688242,0.10227467472960171,-0.10127190621961997,-0.18093916460153822,-0.13112200454598635,0.8822149762746367,1.18297746996154,0.0979850645675589,-0.1256030066929465,-0.1701954939701171,-0.1191478302670886,0.8777365943615507,1.2451327631876017,0.1041374275191824,-0.0829854938167011,-0.1861260250785181,-0.1361289165171085,0.8929291574977755,1.2142543339573306,0.1047015321020638,-0.0952272181492123,-0.1864959747559794,-0.138089266853762
P00152_W02000_E08000,152,2000,8000,0.014972,0.197006,0.788022,0.9037039427711727,1.2646951351743212,0.11734270776169246,-0.18903630659642942,-0.21717767977715985,-0.1034554290473179,0.9077802209838188,1.2164762513537,0.1150997996732059,-0.2002957810178275,-0.2123823132111691,-0.0979901338871167,0.9162389330387836,1.3200530567448487,0.1156394710701495,-0.2205441020705518,-0.2133237994958643,-0.0956036231974373,0.8870926742909158,1.2575560974244149,0.121288852541722,-0.146269036700909,-0.2258269266244461,-0.1167725300573997
P00208_W02000_E08000,208,2000,8000,0.020376,0.195925,0.783699,0.8560344539048672,1.2320162595273627,0.14438111541438095,-0.09450759683759476,-0.2529225320695733,-0.12866219893049388,0.8953911970886219,1.2655665202180548,0.1520924972494232,-0.0650081790163768,-0.2702832309114788,-0.1496389758048585,0.799527434967544,1.233779077554406,0.1337995625733925,-0.0778689785073765,-0.2279221046095771,-0.1259316393628118,0.8731847296584359,1.196703180809627,0.1472512864203272,-0.140645632989031,-0.2605622606876641,-0.1104159816238114
P00256_W02000_E08000,256,2000,8000,0.024961,0.195008,0.780031,0.8480267688873462,1.2157145974352659,0.15216473089456192,-0.16761375879894333,-0.26882591867404987,-0.09069618336839302,0.8512842009040495,1.2005025008494092,0.1539054007031046,-0.1529981669812288,-0.2714182935145525,-0.1001485794307003,0.8380748096884117,1.2344643951100631,0.1516493864318414,-0.151126173734829,-0.2666689064886841,-0.0977607333490457,0.8547212960695773,1.2121768963463255,0.1509394055487398,-0.1987169356807722,-0.268390556018913,-0.0741792373254331
P00312_W02000_E08000,312,2000,8000,0.030256,0.193949,0.775795,0.8017864280204222,1.2371226786135698,0.16663127921800566,-0.16423926635072483,-0.27745323274436473,-0.09563429429673596,0.8084440470260086,1.2053970560286964,0.164299266424143,-0.1592281176057942,-0.2769859840826194,-0.0882074652226422,0.752926129858146,1.2746486923056626,0.1624307320970354,-0.1531375260358441,-0.2619860755377863,-0.1058083892544339,0.8439891071771121,1.23132228750635,0.1731638391328386,-0.1803521554105362,-0.2933876386126885,-0.0928870284131318
P00416_W02000_E08000,416,2000,8000,0.039939,0.192012,0.768049,0.8161771810009935,1.162414319684741,0.20005920074183323,-0.18934020371548402,-0.3265740839150482,-0.05104230136655754,0.8025600747357242,1.1572935315035693,0.1882493028199187,-0.2299036918077367,-0.3110185379337328,-0.0273189630075251,0.759259431749349,1.1526907775702802,0.1953257301233362,-0.1591650012594329,-0.3100070657175179,-0.0681818646722897,0.8867120365179074,1.1772586499803734,0.2166025692822448,-0.1789519180792825,-0.3586966480938939,-0.0576260764198578
P00528_W02000_E08000,528,2000,8000,0.050152,0.18997,0.759878,0.7605285632831348,1.230375369094185,0.2325033290516748,-0.1947037960423693,-0.3485382944755942,-0.061178154219313,0.7493380061875551,1.3219481036135472,0.237054026021177,-0.152910045040296,-0.3463118954480126,-0.0956851004203493,0.781589626269865,1.1420464947166349,0.234874035981332,-0.2356164083332143,-0.3628624269751473,-0.0289165368360089,0.7506580573919843,1.2271315089523729,0.2255819251525154,-0.1955849347535975,-0.3364405610036228,-0.0589328254015808
P00640_W02000_E08000,640,2000,8000,0.06015,0.18797,0.75188,0.7568658177407223,1.2213837687403173,0.26576397018954306,-0.18334514987315276,-0.37743599448584964,-0.049168115435107566,0.7724411740959299,1.1687179322757557,0.2747021618685509,-0.1699459579857498,-0.3896750914262997,-0.0517422717982503,0.784876454142746,1.29375766519041,0.277072248816801,-0.1637752315961637,-0.3972602071803627,-0.06221946082773,0.7132798249834909,1.201675708754786,0.2455174998832774,-0.2163142600375448,-0.3453726848508865,-0.0335426136793424
P00752_W02000_E08000,752,2000,8000,0.06994,0.186012,0.744048,0.7016059589899925,1.1738620301945508,0.2772097176995909,-0.17373444587094566,-0.3745325445856406,-0.038513839237861565,0.6937127224699918,1.143568972220882,0.2726185412271018,-0.1680049172982817,-0.3696606235562777,-0.0337761962778698,0.7418618380076066,1.128891453840005,0.2885702158825898,-0.1768491805184905,-0.3950332597262496,-0.0292352209684264,0.6692433164923789,1.2491256645227655,0.2704403959890812,-0.1763492397960648,-0.3589037504743946,-0.0525301004672885
P00872_W02000_E08000,872,2000,8000,0.080206,0.183959,0.735835,0.7708849292321872,1.2224791629267278,0.35230993644722525,-0.20177894990343678,-0.45139996479796896,-0.0256272754020901,0.7497981124744522,1.259740709948444,0.3571430859560546,-0.1512638661677981,-0.4460271301434957,-0.068567122085356,0.7974960193362784,1.2578639910376352,0.3554309788123963,-0.2301587949247586,-0.4622535234045187,-0.0173476944279069,0.7653606558858307,1.149832787794104,0.3443557445732249,-0.2239141886177536,-0.4459192408458925,0.0090329903069926
P00992_W02000_E08000,992,2000,8000,0.090247,0.181951,0.727802,0.6814238506827968,1.3033469996620912,0.3463897672067504,-0.20842914627827105,-0.4157591692613152,-0.024112812524386833,0.682541639744194,1.211546432130933,0.3281548490434596,-0.2469188132416846,-0.4057873163792361,0.0227782203652922,0.6730783954270527,1.301728053271798,0.3406740775051939,-0.1686973484096925,-0.4093616107559524,-0.0534471147371582,0.6886515168771437,1.3967665135835423,0.3703403750715978,-0.2096712771834361,-0.4321285806487569,-0.0416695432012945
P01112_W02000_E08000,1112,2000,8000,0.100072,0.179986,0.719942,0.6795279270444978,1.2779611314401749,0.37931802354840444,-0.16547627819595098,-0.44086550817482073,-0.0485652627410462,0.6619277257867316,1.294175822456898,0.3594955526073644,-0.1942158579438709,-0.419791379111436,-0.0264400574164178,0.6811922245770764,1.2344544635830217,0.3905114957389795,-0.137573676787488,-0.4505115199211514,-0.0680068007254667,0.6954638307696855,1.305253108280605,0.3879470222988696,-0.164639299856494,-0.4522936254918748,-0.0512489300812541
P00104_W01000_E09000,104,1000,9000,0.010293,0.098971,0.890736,0.8463953426219675,1.0849237704430033,0.08486202161900325,-0.0787886362592884,-0.16747022645877604,-0.07082285279868797,0.8525641624687839,1.049027425365763,0.0842270875118313,-0.0855572006499599,-0.1680331208010685,-0.0649285461122417,0.8706765364739975,1.067497974644197,0.0865650543104718,-0.0805710110271335,-0.1725794235582107,-0.0693142740305623,0.8159453289231212,1.1382459113190495,0.0837939230347066,-0.0702376971007718,-0.1617981350170489,-0.0782257382532599
P00152_W01000_E09000,152,1000,9000,0.014972,0.098503,0.886525,0.8287474296447388,1.046663993736449,0.10119474697984697,-0.08195373762180219,-0.20061890164801155,-0.06326061807786122,0.8435204280798869,1.047917270167893,0.1031054899614041,-0.062408143059656,-0.2079270638598792,-0.072456900132979,0.8052995842070311,1.010235003351789,0.0993019591707716,-0.1040164547311151,-0.1949287118797682,-0.0512560241744254,0.8374222766472983,1.081839707689665,0.1011767918073652,-0.0794366150746355,-0.1990009292043873,-0.0660689299261793
P00208_W01000_E09000,208,1000,9000,0.020376,0.097962,0.881661,0.8027873255386814,1.049374655913602,0.12039042414297894,-0.029557383521824503,-0.23099460285699439,-0.07754665986217486,0.8522528795614974,1.0049584091969057,0.1212855383455657,-0.0609682726471166,-0.2416517625145402,-0.0633015866969508,0.7793120655694217,1.092288235271917,0.1207572101669687,-0.0008479904243481,-0.225231717040128,-0.0953570788564733,0.776797031485125,1.0508773232719832,0.1191285239164024,-0.0268558874940088,-0.2261003290163149,-0.0739813140331005
P00256_W01000_E09000,256,1000,9000,0.024961,0.097504,0.877535,0.7925819858938601,1.0943363412962168,0.12943039481620042,-0.07365015614292597,-0.24588773382315665,-0.058332681564432866,0.7683550999257837,1.1183896895342522,0.126715295337889,-0.0854754973784062,-0.2379771682648901,-0.0588693359392891,0.782409204314802,1.0948683473846483,0.1315177292405538,-0.039414815666943,-0.2468283895392092,-0.0697757663623925,0.8269816534409944,1.06975098696975,0.1300581598701584,-0.0960601553834287,-0.2528576436653706,-0.046352942391617
P00312_W01000_E09000,312,1000,9000,0.030256,0.096974,0.87277,0.7824497132799765,1.1053057113163827,0.1480902491516574,-0.09226181327234277,-0.26958493042103315,-0.056919178351564764,0.7695226980969316,1.0583328289952374,0.1457264662716488,-0.0732237898201553,-0.2636405798960469,-0.0563934470023634,0.7624179561855278,1.1526903160302946,0.1484874321007373,-0.1160065694787445,-0.2674207869795203,-0.0572593265491428,0.8154084855574699,1.104893988923616,0.1500568490825861,-0.0875550805181285,-0.2776934243875322,-0.0571047615031881
P00416_W01000_E09000,416,1000,9000,0.039939,0.096006,0.864055,0.8242226708831274,1.0766188084562496,0.19178754693878405,-0.09170951304119616,-0.3319760555052195,-0.05011182602458373,0.8323517907848643,1.1230824041058445,0.1893439230744253,-0.0574774335614056,-0.3264019278535387,-0.0696236352048598,0.829840086677673,1.0859313227925151,0.2000564746247459,-0.0880043879710178,-0.3442295504521872,-0.0521639993538074,0.8104761351868447,1.0208426984703889,0.185962243117181,-0.1296467175911651,-0.3252966882099325,-0.028547843515084
P00528_W01000_E09000,528,1000,9000,0.050152,0.094985,0.854863,0.7246454077088978,0.9802369428623763,0.2056127962871324,-0.08879203760125498,-0.3267829986577537,-0.034685061926325735,0.6958796413867306,0.9336877145921014,0.1959967260133271,-0.1085860486478922,-0.3088989937239024,-0.0236068811477972,0.6967402474705635,1.0102540684912715,0.2013481714461594,-0.0756822196911535,-0.3156578243221106,-0.0409661365098103,0.7813163342693995,0.996769045503756,0.2194934914019107,-0.0821078444647192,-0.355792177927248,-0.0394821681213697
P00640_W01000_E09000,640,1000,9000,0.06015,0.093985,0.845865,0.7872834173739186,1.0545820719258385,0.24992587769286814,-0.11589731132771001,-0.38401094445808215,-0.022150226404979333,0.7871732337858844,1.087148940989178,0.2489192994491256,-0.1164817065575702,-0.3813207927936146,-0.0339840066683685,0.8269515092914079,1.0394693151329506,0.261151274727096,-0.1133719045012282,-0.4034483275209003,-0.0151731080539561,0.7477255090444633,1.0371279596553873,0.2397070589023829,-0.1178383229243316,-0.3672637130597316,-0.0172935644926134
P00752_W01000_E09000,752,1000,9000,0.06994,0.093006,0.837054,0.7656132713665288,1.0862434439998525,0.2837433316371252,-0.12166838524282912,-0.4070271952077631,-0.01780559394805997,0.7827964092050803,1.104483834363153,0.2864982384217343,-0.0934715076558287,-0.4141766800870419,-0.0358977496697975,0.7442585357900168,1.0860692285013245,0.2792542496658958,-0.1280319473593831,-0.3964981489556585,-0.0165440993279193,0.7697848691044892,1.0681772691350804,0.2854775068237454,-0.1435017007132755,-0.410406756580589,-0.0009749328464631
P00872_W01000_E09000,872,1000,9000,0.080206,0.091979,0.827815,0.6599717426781403,1.0303326485738495,0.2838782532190965,-0.04797255446953893,-0.37712910627002233,-0.053254732434861306,0.6009431962262711,0.9885375510594469,0.2567115848413889,-0.0785186804378545,-0.3407558506145309,-0.0284175820684842,0.7115787552834025,1.105684928069148,0.3065445346258432,-0.0334739334490209,-0.4123304673703385,-0.0634639859668182,0.667393276524747,0.9967754665929532,0.2883786401900574,-0.0319250495217414,-0.3783010008251974,-0.0678826292692815
P00992_W01000_E09000,992,1000,9000,0.090247,0.090975,0.818777,0.7305734721280488,1.097960865557702,0.35142845331980704,-0.1030456657971629,-0.45143426068535536,-0.014880713682059633,0.7617689845969503,1.112398755881634,0.3551270964147492,-0.1340668568128058,-0.4637504856720134,-0.0101770188382824,0.7010037068908828,1.043628314759249,0.3557879446016656,-0.0962804275698543,-0.4498126501113212,0.0083726604398012,0.7289477248963133,1.137855526032223,0.3433703189430064,-0.0787897130088286,-0.4407396462727314,-0.0428377826476977
P01112_W01000_E09000,1112,1000,9000,0.100072,0.089993,0.809935,0.6614909076834673,1.0414668614439282,0.3472346185878936,-0.08080699524299294,-0.42470319052617356,-0.034838428077824966,0.6966515388870709,1.0273418293453067,0.3646755896916354,-0.1033921085100683,-0.4517185753802675,-0.0146438664765062,0.6827049776383043,1.014776922901778,0.3600827499316814,-0.0588720806051893,-0.4388967590278428,-0.0376874698578192,0.605116206525027,1.0822818320847,0.316945516140364,-0.0801567966137212,-0.3834942371704103,-0.0521839478991495
P00104_W00000_E10000,104,0,10000,0.010293,0.0,0.989707,0.7811477271150823,,0.0730428543808584,,-0.15141753892100962,,0.7579483933489848,,0.0728192752417699,,-0.1473063224451921,,0.8053767959863167,,0.0735093341237846,,-0.1564146512986053,,0.7801179920099456,,0.0727999537770207,,-0.1505316430192315,
P00152_W00000_E10000,152,0,10000,0.014972,0.0,0.985028,0.8319935959939343,,0.0905836599101227,,-0.19483284974043347,,0.8353238150699624,,0.0914450032782859,,-0.1956189216625954,,0.8371115225561829,,0.0910265123748367,,-0.1962468874599797,,0.8235454503556574,,0.0892794640772455,,-0.1926327400987253,
P00208_W00000_E10000,208,0,10000,0.020376,0.0,0.979624,0.8880003523286218,,0.11278879486523037,,-0.2471456929191067,,0.8867935483274542,,0.1124285231014361,,-0.248519464512511,,0.9088737691682665,,0.1150070025356606,,-0.2516664656723946,,0.8683337394901451,,0.1109308589585944,,-0.2412511485724146,
P00256_W00000_E10000,256,0,10000,0.024961,0.0,0.975039,0.8038439046421096,,0.1212442642288429,,-0.24291196011765823,,0.824959087741538,,0.1223742089684124,,-0.2472459206964131,,0.8176934098009123,,0.1238913213296018,,-0.248006520071699,,0.7688792163838785,,0.1174672623885145,,-0.2334834395848626,
P00312_W00000_E10000,312,0,10000,0.030256,0.0,0.969744,0.7464046336399196,,0.13218436363427855,,-0.24977619077890723,,0.7559957901077292,,0.1325515836950369,,-0.2520431511571702,,0.7263297607176336,,0.1290877231119164,,-0.2425183716049627,,0.7568883500943957,,0.1349137840958823,,-0.2547670495745888,
P00416_W00000_E10000,416,0,10000,0.039939,0.0,0.960061,0.7874540092131271,,0.16529964858314908,,-0.30151577508401145,,0.7705160114329813,,0.1612052374342476,,-0.2946120700222483,,0.7944864642590408,,0.1668225594600319,,-0.3034030101498784,,0.7973595519473594,,0.1678711488551677,,-0.3065322450799077,
P00528_W00000_E10000,528,0,10000,0.050152,0.0,0.949848,0.8236373554172355,,0.20508167591781212,,-0.35532770055854046,,0.8382717101611349,,0.2137602532577749,,-0.3651876127638455,,0.8073505385952621,,0.2006144092263054,,-0.3480083410930167,,0.8252898174953094,,0.2008703652693561,,-0.3527871478187591,
P00640_W00000_E10000,640,0,10000,0.06015,0.0,0.93985,0.7219816958292565,,0.216790441011164,,-0.3429125957288121,,0.7219930297716235,,0.2204547179834988,,-0.3472485815741877,,0.7214877440307083,,0.2165442417484558,,-0.3443140044471351,,0.7224643136854382,,0.2133723633015374,,-0.3371752011651134,
P00752_W00000_E10000,752,0,10000,0.06994,0.0,0.93006,0.7311536882834732,,0.24925366311020514,,-0.3765384134154508,,0.7330034823632846,,0.2495801806266478,,-0.3749731784757228,,0.7289998651911931,,0.2457302541080033,,-0.3716613423113191,,0.7314577172959414,,0.2524505545959643,,-0.3829807194593106,
P00872_W00000_E10000,872,0,10000,0.080206,0.0,0.919794,0.7400602939935981,,0.2916777618797451,,-0.4137365161200994,,0.7128667169622903,,0.2835710040181345,,-0.3994507169567333,,0.8039386679991956,,0.3040705472949834,,-0.4387231692281649,,0.7033754970193085,,0.2873917343261173,,-0.4030356621754,
P00992_W00000_E10000,992,0,10000,0.090247,0.0,0.909753,0.7093925569030337,,0.2999242249294892,,-0.40746371435801815,,0.6897396933695683,,0.2942881621056594,,-0.398310721362548,,0.681092694928009,,0.2886297646110909,,-0.3924513684000448,,0.7573452824115238,,0.3168547480717174,,-0.4316290533114617,
P01112_W00000_E10000,1112,0,10000,0.100072,0.0,0.899928,0.678358504057441,,0.3240963471494118,,-0.41825897938771855,,0.6930207470309243,,0.3322684658712564,,-0.4297784970340513,,0.7099776545886737,,0.3398167941071699,,-0.4397144472345651,,0.632077110552725,,0.3002037814698092,,-0.3852839938945392,
P00080_W30744_E00000,80,30744,0,0.002595,0.997405,0.0,1.5168775867614388,0.27514125440969767,,-0.5447829827877754,,,1.5265190844548016,0.2821366406263334,,-0.5636602430566063,,,1.427036191688798,0.2612826135193525,,-0.5091070478212998,,,1.5970774841407172,0.282004509083407,,-0.5615816574854202,,
P00096_W30656_E00000,96,30656,0,0.003122,0.996878,0.0,1.8078700875932598,0.3605680474105675,,-0.70883943777197,,,1.7020589697719986,0.340795431401719,,-0.6639969807109779,,,1.903981375184166,0.383256587246739,,-0.7604039870771228,,,1.8175699178236144,0.3576521235832448,,-0.7021173455278091,,
P00112_W30392_E00000,112,30392,0,0.003672,0.996328,0.0,1.912498238411941,0.42539223858520653,,-0.8086038312247642,,,1.8200803517746824,0.3990626260876531,,-0.7527923464760529,,,1.893840371725168,0.4230502880143895,,-0.8023055265478122,,,2.0235739917359727,0.4540638016535771,,-0.8707136206504275,,
P00128_W30200_E00000,128,30200,0,0.004221,0.995779,0.0,2.195266847478637,0.5369532760706575,,-0.9953398949414415,,,2.30808372960939,0.5517393627855944,,-1.0278424046316703,,,2.0734566294807935,0.5141990110397305,,-0.9451752482877684,,,2.2042601833457285,0.5449214543866475,,-1.0130020319048858,,
P00144_W30120_E00000,144,30120,0,0.004758,0.995242,0.0,3.540306219960137,0.974674422380681,,-1.7749195051832445,,,3.7929816694643415,0.9505758384574382,,-1.8124061351689764,,,3.125109072555949,0.9026190195533093,,-1.598428884480034,,,3.702827917860121,1.0708284091312958,,-1.9139234959007236,,
P00016_W31520_E00000,16,31520,0,0.000507,0.999493,0.0,0.9693049562504698,0.0998361839578726,,-0.15396893173312756,,,0.9516581036640334,0.0987282607700399,,-0.1473814824906007,,,0.9816249248418304,0.0998919466930854,,-0.1543796273812736,,,0.9746318402455454,0.1008883444104925,,-0.1601456853275084,,
P00160_W29880_E00000,160,29880,0,0.005326,0.994674,0.0,3.7106997673844084,1.080518109972453,,-1.9190910989623964,,,3.7713851793923983,1.081185070057698,,-1.9416760077332584,,,3.634123104716271,1.1038359410801446,,-1.919864847784716,,,3.726591018044557,1.0565333187795165,,-1.895732441369215,,
P00176_W29704_E00000,176,29704,0,0.00589,0.99411,0.0,3.2139168169013934,0.9874235663316194,,-1.7160272792743596,,,3.0237883599980706,1.0046972593912242,,-1.6673134295923566,,,2.965102473658642,0.9309614816421368,,-1.5668256899947075,,,3.652859617047468,1.0266119579614972,,-1.9139427182360145,,
P00192_W29480_E00000,192,29480,0,0.006471,0.993529,0.0,4.081007861311747,1.37310588134632,,-2.30642965040324,,,3.7689870033356736,1.265211075206768,,-2.112161946874762,,,4.444337015488205,1.6151502459278069,,-2.604774254470655,,,4.02969956511136,1.2389563229043845,,-2.2023527498643034,,
P00032_W31344_E00000,32,31344,0,0.00102,0.99898,0.0,1.2505386770321938,0.13889772241491052,,-0.27924821421506313,,,1.2057697324349528,0.1374176824789466,,-0.2704541755857919,,,1.3650597083531792,0.1453242453269217,,-0.3061893921850298,,,1.1807865903084491,0.1339512394388633,,-0.2611010748743677,,
P00048_W31136_E00000,48,31136,0,0.001539,0.998461,0.0,1.193733575816376,0.16693566280561967,,-0.32803874258221516,,,1.16766356780925,0.166440388415111,,-0.3253765841729382,,,1.2398625553342797,0.1687500251651911,,-0.3346338700504133,,,1.1736746043055988,0.1656165748365569,,-0.324105773523294,,
P00064_W30944_E00000,64,30944,0,0.002064,0.997936,0.0,1.4797558911534947,0.23175971717543262,,-0.4804615875004264,,,1.5140505614838966,0.2330273726105018,,-0.4814180447140121,,,1.5239377074050755,0.2424619378869465,,-0.5099707817992553,,,1.4012794045715118,0.2197898410288495,,-0.4499959359880118,,
P01360_W00000_E10000,1360,0,10000,0.119718,0.0,0.880282,0.6495584756894883,,0.3647398249145295,,-0.4393160787590588,,0.6515012189741467,,0.3659924456666634,,-0.4382415092278987,,0.645738596148462,,0.3575732588205698,,-0.4295086586125818,,0.6514356119458563,,0.3706537702563554,,-0.4501980684366958,
P01360_W07000_E03000,1360,7000,3000,0.119718,0.616197,0.264085,1.119247999929635,6.072837973379689,0.6957960584812778,-2.0123905133729183,-0.4915487491618971,0.005337353026085863,1.2637256710662903,5.878169904882425,0.7490076435203022,-2.1275437731576554,-0.609894884912639,0.1920977658499121,1.143438781219582,6.3073775109518,0.7323122691587879,-2.097852452313264,-0.4773301323867505,-0.0717269623705081,0.9505795475030328,6.032966504304841,0.6060682627647431,-1.8117753146478357,-0.387421230186302,-0.1043587444011464
P01360_W01248_E08752,1360,1248,8752,0.119718,0.109859,0.770423,0.7477358636501054,1.0268935094383043,0.47274059478929303,-0.16580639698101104,-0.5340893241462378,0.038878651527655204,0.7568811439499614,1.0714692916173498,0.497441004082359,-0.141777822015474,-0.5572446110152629,0.0317912833607809,0.7372007009855507,1.0034576691321389,0.4628882426603405,-0.1939580182849423,-0.5224726343949427,0.0617183084126903,0.7491257460148043,1.005753567565424,0.4578925376251797,-0.1616833506426168,-0.5225507270285079,0.0231263628094944
P01360_W05504_E04496,1360,5504,4496,0.119718,0.484507,0.395775,0.9007519469585129,2.901145491604811,0.7214266134928801,-1.0245815522578756,-0.6529126460218168,0.2959585256698284,0.8630157823086267,2.899140239778224,0.7057304431584837,-1.022734768177502,-0.6336497445018876,0.2460515021188831,0.9210448846335983,2.7618788278876716,0.6753924600652016,-1.0160501701789753,-0.6240847575880059,0.2580148833820243,0.9181951739333136,3.042417407148538,0.7831569372549547,-1.0349597184171495,-0.701003435975557,0.3838091915085778
P01360_W04248_E05752,1360,4248,5752,0.119718,0.373944,0.506338,0.7113070089738379,2.0677482235808253,0.5057195947826668,-0.565100711220688,-0.48410507526292085,0.049148959804604896,0.7429021637539619,2.098557543837588,0.5389377015920415,-0.5809510887557796,-0.5150732541494796,0.0368857169807548,0.7226824956959194,2.0691363554076725,0.5029628625141259,-0.5755936133431891,-0.4825765790517495,0.0728186895842755,0.6683363674716325,2.035550771497215,0.4752582202418329,-0.5387574315630953,-0.4546653925875335,0.0377424728487844
P01360_W02752_E07248,1360,2752,7248,0.119718,0.242254,0.638028,0.663419628489946,1.2627850890247652,0.46929571642234597,-0.2703739203229643,-0.4860279959262066,0.022960759185879632,0.6404723922522729,1.293188693445735,0.4720670619439181,-0.2732200489557021,-0.4755883946171012,0.0036105846503234,0.6629035264898223,1.1720113292353225,0.4723900172808517,-0.228400228663322,-0.4900637447257964,0.0064026766793949,0.6868829667277426,1.3231552443932375,0.4634300700422681,-0.3095014833498689,-0.4924318484357223,0.0588690162279206
P01360_W00752_E09248,1360,752,9248,0.119718,0.066197,0.814085,0.6427498546952458,1.0151653443350763,0.38854077270807436,-0.07873052608999187,-0.4492714768046624,-0.0028182856712380337,0.6333833121574483,1.0210304584791852,0.3700434965666346,-0.1003652773593608,-0.4324318436348072,0.0090128374447578,0.6524868139583855,0.994123506899354,0.3985534289241452,-0.0537971107876216,-0.4579835933397721,-0.0125204891059517,0.6423794379699037,1.03034206762669,0.3970253926334433,-0.0820291901229932,-0.4573989934394079,-0.0049472053525202
P00856_W08496_E01504,856,8496,1504,0.07885,0.782609,0.138541,3.473447642358152,15.877152554217792,0.7708305276350216,-6.970804320664024,-0.1584835058065324,-0.6822081227494422,3.5007790474600933,16.094610232959294,0.8121710932305682,-7.063182610324285,-0.0531420541358994,-1.0257857868320257,3.3873114669429136,16.389203960419252,0.7970635613083025,-6.939964741998984,-0.0885345916416572,-0.8711215260545566,3.5322524126714487,15.147643469274826,0.703256928366194,-6.909265609668804,-0.3337738716420406,-0.1497170553617441
P01360_W06248_E03752,1360,6248,3752,0.119718,0.55,0.330282,0.9109811158499891,3.8710107224889203,0.6719656987924933,-1.2998442950334053,-0.5563735529851327,0.1570188017009954,0.91851273694665,3.836119125201902,0.7770601441336157,-1.3025043120748734,-0.6254449862693549,0.2149175356085849,0.9384388118473032,4.067847601563048,0.6358060577127278,-1.390085484435339,-0.5240740974826192,0.1201640883247427,0.8759917987560141,3.7090654407018113,0.6030308945311368,-1.2069430885900037,-0.519601575203424,0.1359747811696586
P01360_W07504_E02496,1360,7504,2496,0.119718,0.660563,0.219718,1.6414528605616383,8.548335238920721,0.822313969393169,-3.2005923905437776,-0.7023350077166494,0.528831803891722,1.3693564233063231,6.4999673335493675,0.7414409751989637,-2.5682263530554663,-0.613994041072366,0.4967995132628964,1.7959575434781274,9.347326935945748,0.9008007590678296,-3.524297554884221,-0.7652850420555839,0.5397204330614008,1.7590446149004642,9.797711447267048,0.8247001739127136,-3.509253263691645,-0.7277259400219983,0.5499754653508688
P01360_W03504_E06496,1360,3504,6496,0.119718,0.308451,0.571831,0.6251019024779672,1.3620198734437334,0.45988351317864645,-0.33608060742557316,-0.4491564632549543,0.03521300776242833,0.6398086424291638,1.3646348651528828,0.485579404264466,-0.3213212140849107,-0.4697816691452482,0.0173196637504145,0.6107668741122537,1.3847453112907044,0.4288934099266766,-0.3196043151102948,-0.4230404423581569,0.0082335906210341,0.6247301908924839,1.336679443887613,0.4651777253447967,-0.367316293081514,-0.4546472782614577,0.0800857689158364
P01360_W03248_E06752,1360,3248,6752,0.119718,0.285915,0.594366,0.6568365933552355,1.5639798625796937,0.46982080751228467,-0.3600743924086103,-0.47477548697730776,0.0415516137080965,0.5972717156300859,1.5333284930195892,0.4371320107356655,-0.3283523958467361,-0.4424691889797472,0.0471299965999469,0.7026944595221561,1.6105901190583407,0.505822940783939,-0.3721663063978334,-0.5024103177110764,0.0228624408674472,0.6705436049134644,1.5480209756611514,0.4665074710172495,-0.3797044749812613,-0.4794469542410997,0.0546624036568954
P00440_W08248_E01752,440,8248,1752,0.042146,0.790038,0.167816,3.344624560649416,11.615006509880146,0.7678181821668938,-5.699194713444638,0.27481961585031217,-1.5322645554469487,2.611817281687474,10.317965609108198,0.8442146438107238,-4.621927895300573,0.431403213984303,-1.92575331650568,3.86065022905573,12.137955946860847,0.6921813278395035,-6.398648616158687,0.134156854054449,-1.1495555104260995,3.561406171205043,12.389097973671396,0.7670585748504543,-6.077007628874654,0.2588987795121846,-1.5214848394090668
P00096_W00248_E09752,96,248,9752,0.009509,0.024564,0.965927,0.937415844902345,0.9320649407480716,0.0784247756206129,0.0158521616530229,-0.17724718435958084,-0.03690267798597103,0.9796645804668932,0.9829436365220436,0.0789947982118061,0.0360903049299789,-0.1822971635111813,-0.0410809849912245,0.9326594603907402,0.8804371008411622,0.0788105158108149,-0.0034444419982471,-0.1780310615456117,-0.0330106672952399,0.8999234938494015,0.9328140848810088,0.0774690128392177,0.0149106220273369,-0.1714133280219495,-0.0366163816714487
P00224_W08752_E01248,224,8752,1248,0.021909,0.856025,0.122066,2.827940044758296,6.419637615429861,1.084987605539915,-3.7024142292031965,0.5760829120575092,-1.8962261957002602,2.5791172737710752,6.782019103184023,1.3007280405445736,-3.534488076983348,0.6073671545525778,-2.2177717696134995,3.0414440207193536,6.280971994715255,0.9910586094458445,-3.855831862423036,0.5373961324480007,-1.7437635643581622,2.863258839784459,6.195921748390303,0.9631761666293268,-3.716922748203206,0.5834854491719489,-1.7271432531291189
P00440_W00248_E09752,440,248,9752,0.042146,0.023755,0.9341,0.7848015017938245,0.9604700115793516,0.17926036240165333,-0.06881987487229967,-0.31827856776219376,-0.006723402473432134,0.7571800016725502,0.966314646687554,0.1711494971741189,-0.0680661512836045,-0.302852319683185,-0.0075718371043966,0.8525296762287495,0.9612538548065668,0.1883034528570978,-0.0811818275811347,-0.3405014073518621,-0.0021240364642548,0.7446948274801735,0.953841533243934,0.1783281371737433,-0.0572116457521598,-0.3114819762515342,-0.010474333851645
P00680_W08000_E02000,680,8000,2000,0.06367,0.749064,0.187266,2.693097929532392,9.012814303636057,0.7387458398756815,-4.347064082575273,-0.3515972256172952,-0.42332814441302896,2.308253830110731,7.837399481412118,0.7268798094254983,-3.6604179505990504,-0.3668758673150054,-0.4129271347666795,3.234748992476422,10.023244798215368,0.8236016847173432,-5.140513772789467,-0.5510235405224418,-0.1576336135914944,2.5362909660100224,9.177798631280686,0.665756025484203,-4.240260524337301,-0.1368922690144381,-0.699423684880913
P00096_W08496_E01504,96,8496,1504,0.009509,0.841521,0.14897,1.736591045679033,3.3189776107406246,0.9142870949681429,-1.7500094741359995,0.2919750772795762,-1.3720743448281147,1.2818676152886952,2.878025106859787,0.9610126470037994,-1.247977870379055,0.2475375398119265,-1.390930017953126,1.4104360245412748,2.5710195675020833,0.8465595488624378,-1.2524992517307183,0.1944825746641749,-1.1746414580962556,2.517469497207129,4.5078881578600045,0.9352890890381912,-2.7495513002982253,0.4339051173626272,-1.5506515584349618
P00224_W00496_E09504,224,496,9504,0.021909,0.048513,0.929577,0.9214880184755184,1.033796592871582,0.12775006368986155,-0.0742849768805936,-0.2700058356805463,-0.03553958707216933,0.8549756579523001,1.03458604786286,0.1237786396585376,-0.0408157324790707,-0.2502149771392919,-0.0487153428179455,0.947213967104116,1.0019341546291374,0.128973067132276,-0.0987259646377345,-0.2779769286277935,-0.0289834010283461,0.9622744303701388,1.0648695761227491,0.1304984842787711,-0.0833132335249756,-0.2818256012745536,-0.0289200173702164
P00440_W07752_E02248,440,7752,2248,0.042146,0.742529,0.215326,2.576624066383349,9.584652459509194,0.636105332708015,-4.25908712499505,-0.022360720257664363,-1.056781252090081,2.9718549434457526,9.574967424919166,0.618025929776215,-4.704911987499873,-0.0311810191413975,-0.996059061645971,2.1889292189157143,9.466875787708128,0.6199034721679398,-3.796958853346157,-0.081627023862215,-0.872316624656269,2.5690880367885796,9.712114165900289,0.67038659617989,-4.275390534139119,0.0457258822306194,-1.3019680699680027
P00144_W09000_E01000,144,9000,1000,0.014196,0.887224,0.09858,2.339379465670632,4.121958040547309,1.3370637227543274,-2.475290294982079,0.5626206287600503,-1.8521393569121116,2.3715572602047352,4.063198101769304,1.2961755635987344,-2.4395635379627434,0.5274495320160052,-1.8564183295592112,1.9046230080961064,3.6733843365345953,1.3034257226411003,-2.071399247770976,0.5461657499765891,-1.7154015701568064,2.741958128711054,4.629291683338026,1.4115898820231472,-2.914908099212518,0.6142466042875567,-1.9845981710203175
P00208_W09000_E01000,208,9000,1000,0.020376,0.881661,0.097962,2.6521972435166163,5.016114743368013,1.1488177100325132,-3.0930909208218282,0.5063845494988881,-1.6629863714307476,2.7124626762173936,4.754448619151926,1.0566051912876926,-3.0655069824526575,0.5570624354523772,-1.572165318063441,2.6188256447690064,5.543490187459527,1.2372590601053517,-3.1607253135047424,0.5466650816567407,-1.8939392294162256,2.625303409563449,4.750405423492587,1.1525888787044951,-3.0530404665080844,0.4154261313875464,-1.5228545668125757
P00104_W08496_E01504,104,8496,1504,0.010293,0.840855,0.148852,1.3479131299799265,2.6600718726280044,0.945688359478661,-1.1610352370786525,0.16488918673643885,-1.300817680266695,1.1255672839327762,2.6366844109175185,0.9665275577052824,-1.0198061462259542,0.1864588944876875,-1.3641814339042009,1.4463484236958444,2.6278689180504338,0.9319725634055972,-1.1825351524113077,0.1160753599307122,-1.2602013619751515,1.4718236823111592,2.7156622889160604,0.9385649573251033,-1.280764412598696,0.1921333057909169,-1.278070244920733
P00152_W08496_E01504,152,8496,1504,0.014972,0.836879,0.148148,1.9170315029318756,4.2175535838792815,0.9492005870380975,-2.2105818968883124,0.28860283057543296,-1.4207427040730076,1.7815724191973172,3.5536894299959583,0.8659856904930756,-1.8587573530122603,0.1969298655348907,-1.2636427054962165,1.8369188026164145,4.964987567077155,1.076104638406985,-2.4507373899236065,0.5874813088068189,-1.957387741151242,2.132603286981895,4.133983754564731,0.9055114322142318,-2.3222509477290707,0.0813973173845892,-1.0411976655715645
P00232_W08496_E01504,232,8496,1504,0.022674,0.830336,0.14699,2.5149458478084075,5.974977255002841,0.966960425219861,-3.2181713945820256,0.3672315785990469,-1.653786099638188,1.9201592330710264,4.809314236127099,0.9201823169516504,-2.3940382847548056,0.253057033387865,-1.4595514065459414,2.220840783672319,5.2698771917929355,0.8934813375846534,-2.7180494107982627,0.1708031825233395,-1.375324266515794,3.403837526681877,7.845740337088487,1.0872176211232794,-4.5424264881930085,0.6778345198859362,-2.1264826258528284
P00336_W08496_E01504,336,8496,1504,0.032508,0.821981,0.145511,2.8190414448319996,7.283492353712089,0.9395849165308459,-3.9320809462481834,0.29977833331958015,-1.581050462857541,3.2724655096843724,9.431729948361257,1.1539616454757708,-4.936473775688521,0.6498806440302901,-2.3349009869163933,2.570146570058826,6.46944373480787,0.8898579053338934,-3.481066492090875,0.2355025551644866,-1.3999731047384607,2.614512254752801,5.9493033779671425,0.7749351987828732,-3.378702570965154,0.0139518007639637,-1.0082772969177694
P00096_W08000_E02000,96,8000,2000,0.009509,0.792393,0.198098,1.6124063736649623,3.743422313571873,0.7995464885443834,-1.6063988015566748,0.2191278024945467,-1.419977221977384,1.5339875617075815,3.1377155886004418,0.7952930946337011,-1.2753338544458714,0.1208664877676679,-1.313391709015391,1.252024478378243,3.22056453363861,0.7739608015552176,-1.2143745095373055,0.1630898136296364,-1.3255853381165743,2.0512070809090623,4.871986818476568,0.8293855694442311,-2.3294880406868477,0.3734271060863358,-1.620954618800187
P00144_W08000_E02000,144,8000,2000,0.014196,0.788644,0.197161,1.3410988449633274,3.8903929656450535,0.8395230079528472,-1.5084256010233614,0.22484091184079577,-1.485143512030325,1.3057342190508034,3.558677763595766,0.7758424027354818,-1.439233770357316,0.2012502439955116,-1.338774395912833,1.2640758966254175,3.850211927559622,0.9208434680769784,-1.3788925642273664,0.1972498185941976,-1.60318210845327,1.453486419213761,4.262289205779773,0.8218831530460814,-1.7071504684854015,0.2760226729326781,-1.513474031724872
P00288_W08000_E02000,288,8000,2000,0.027994,0.777605,0.194401,1.7141895752165313,4.91956105074723,0.7836146077591065,-2.146113801654069,0.03340094965273263,-1.2200311098525938,1.612225886922284,5.709740777102726,0.8199796581354915,-2.292270321518171,0.1383760086081264,-1.4457673426741715,1.948909230968216,5.074518742645213,0.7412661573717623,-2.3739191662219707,0.0251092888951222,-1.1711766976362614,1.5814336077590936,3.974423632493751,0.7895980077700655,-1.7721519172220654,-0.0632824485450507,-1.0431492892473484
P00584_W08000_E02000,584,8000,2000,0.055178,0.755858,0.188964,2.69447543534064,8.699168630177036,0.7896131818395288,-4.2790237428170625,-0.2625092528636459,-0.6697826287118102,2.4500033562734007,9.176091066524878,0.8491613960020862,-4.093278472883045,-0.0604053190065846,-1.1642893978757145,2.817723509388949,8.572588965171022,0.840641170878066,-4.47319609214423,-0.3662793076607493,-0.4613488385771088,2.8156994403595705,8.348825858835212,0.6790369786384342,-4.270596663423911,-0.3608431319236038,-0.383709649682607
P01360_W08000_E02000,1360,8000,2000,0.119718,0.704225,0.176056,1.5857562059910315,9.69285121000275,0.7456334111476082,-3.407950603968899,-0.42694473574809466,0.011475510481581066,1.6571366152326408,9.67228089144479,0.777263861147932,-3.5026019553572088,-0.5601851047697581,0.4198190421321861,1.5959767992178104,9.849013027718692,0.7032781228946599,-3.4990207672617712,-0.2924309269385814,-0.3195819796445992,1.504155203522644,9.557259710844768,0.7563582494002328,-3.222229089287717,-0.4282181755359444,-0.0658105310428437
P01904_W06752_E03248,1904,6752,3248,0.159946,0.567204,0.272849,0.9194497194797363,5.473490284720242,0.8933224975804652,-1.7839524414736088,-0.6207299418080314,0.5169511612348007,0.8535088354357269,5.154140588752268,0.6669402703667922,-1.6717351123209383,-0.4712874798974514,0.2857092541099308,0.925803818465164,5.7463580192991355,1.0297312461971009,-1.8132340456428893,-0.6922755759951079,0.7254491719667553,0.979036504538318,5.519972246109323,0.9832959761775024,-1.8668881664569987,-0.6986267695315349,0.5396950576277156
P01904_W06248_E03752,1904,6248,3752,0.159946,0.524866,0.315188,0.7330254337753983,3.1957847323807846,0.8272723195220042,-0.9941348254453385,-0.5804096193125641,0.18167579412128235,0.7447966668811858,3.1143623344942006,0.8846832037170207,-0.9245363659508204,-0.6007140465398686,0.1211019044263014,0.6710514590656271,3.440327251318884,0.6964210034858368,-1.0314062935909272,-0.4938500423375934,0.1292285231565926,0.783228175379382,3.0326646113292695,0.9007127513631549,-1.0264618167942676,-0.6466647690602303,0.2946969547809531
P01904_W05248_E04752,1904,5248,4752,0.159946,0.44086,0.399194,0.6937874489871119,2.564687544671434,0.673355353695077,-0.7894852132221816,-0.5453306339075957,0.22810085873713323,0.6456493201668912,2.5470391374516654,0.6430663010907889,-0.7221096366795865,-0.4983298544893792,0.1184442562751741,0.6908727264421928,2.7486110617013577,0.6510152768203352,-0.8306702481949372,-0.5302116007147911,0.2232691817003376,0.7448403003522513,2.398412434861279,0.7259844831741071,-0.815675754792021,-0.6074504465186168,0.342589138235888
P00088_W09248_E00752,88,9248,752,0.008723,0.916733,0.074544,1.8939886164597928,2.1895973160700906,1.0708533496560004,-1.5522504757672861,0.4215403783187847,-1.1973608961094093,1.8496235322442935,2.267500940292575,1.1273538413775424,-1.5772304695161952,0.5004798771760609,-1.2973346666417591,1.936689255391716,2.2538444892247123,1.0339852364576,-1.600871298516786,0.4144189614470541,-1.1702634568924637,1.895653061743369,2.047446518692985,1.0512209711328588,-1.4786496592688774,0.3497222963332392,-1.1244845647940052
P01904_W05752_E04248,1904,5752,4248,0.159946,0.483199,0.356855,0.9659385939255953,3.8946374568159947,0.8741199285022776,-1.3444660965233937,-0.7503273479062261,0.5528706753723974,0.9582435841001504,3.944354202947623,0.854103197234269,-1.3847802866916992,-0.7310035201312741,0.5536343321370447,0.9461462038733206,4.207885436769288,0.8255761435513733,-1.3701819112483735,-0.714280084434192,0.4834050593906537,0.9934259938033148,3.5316727307310725,0.9426804447211904,-1.278436091630108,-0.8056984391532124,0.6215726345894936
P00088_W00496_E09504,88,496,9504,0.008723,0.049167,0.942109,0.7833594201812151,1.020979423219739,0.07254559880812317,-0.03700067831985967,-0.14225366559273642,-0.0488919265024421,0.789987259237789,1.014498760133864,0.0738631567719214,-0.0013699687223415,-0.1451739305859868,-0.0579596112283034,0.7802311764199114,0.9764785614354704,0.0719167940595412,-0.0391145778321555,-0.1412391022366957,-0.0454151427168558,0.779859824885945,1.0719609480898822,0.0718568455929069,-0.070517488405082,-0.1403479639555267,-0.0433010255621671
P01480_W00248_E09752,1480,248,9752,0.12892,0.021603,0.849477,0.5881597839897027,0.8727825869421286,0.36215923025505486,-0.0285804918282849,-0.4114202488979204,-0.008142688115953433,0.5981863373124285,0.8733216403367945,0.3779069136034709,0.000747265935287,-0.4271725550364746,-0.0231635508780132,0.5911660060708066,0.8867405955890859,0.3598216329692799,-0.0443673136920402,-0.4085414552230156,0.0021821432150672,0.5751270085858731,0.8582855249005052,0.3487491441924139,-0.0421214277281015,-0.3985467364342709,-0.0034466566849143
P00088_W02496_E07504,88,2496,7504,0.008723,0.247423,0.743854,0.8506524056608112,1.2630735807657025,0.10265096180048283,-0.12448401883893963,-0.15352204182222387,-0.16439947764374788,0.8328037664901043,1.2155515597260786,0.0994082420675856,-0.1171821647288649,-0.1503297044325062,-0.1546544371935619,0.8347025120726826,1.3084132554366854,0.1042777646707414,-0.1100548300905746,-0.1487194982415339,-0.1786918267137565,0.8844509384196468,1.2652559271343438,0.1042668786631215,-0.1462150616973794,-0.1615169227926315,-0.1598521690239253
P00920_W00496_E09504,920,496,9504,0.084249,0.045421,0.87033,0.6952433150422236,0.9694863066625644,0.29249879036457554,-0.0588318001116415,-0.39941264315270825,-0.022652160138882663,0.7148525163978946,0.9530288383491868,0.3032687396940318,-0.0463040990541238,-0.4131334346368584,-0.0321433329492334,0.6966056773390057,0.9755980948781408,0.2918770546405528,-0.0830299313038671,-0.3989433664326404,-0.0076106561476779,0.6742717513897705,0.9798319867603656,0.2823505767591421,-0.0471613699769336,-0.3861611283886259,-0.0282024913197367
P00088_W01504_E08496,88,1504,8496,0.008723,0.149088,0.842189,0.8950156145447005,1.1062439067864245,0.08746337442889444,-0.07847018143236537,-0.16687822950936063,-0.09777100997046993,0.8807920818435897,1.0955166094203996,0.0833772144336964,-0.1128008703282193,-0.1576723075982825,-0.0862976335342563,0.8740953000767595,1.138556555686138,0.0889199934537438,-0.0684224244669913,-0.165816684706714,-0.1030328398656063,0.9301594617137524,1.084658555252736,0.0900929153992431,-0.0541872495018855,-0.1771456962230854,-0.1039825565115472
P01680_W06496_E03504,1680,6496,3504,0.143836,0.556164,0.3,0.7745389801220636,3.488053637261354,0.7834829801377502,-1.1268090133166362,-0.5431391450320092,0.16352142413271745,0.692155642243281,3.2838328645036743,0.7491168182541855,-0.9687005425232496,-0.4944281009017703,0.0247038989623548,0.8101874941050332,3.5820036150434515,0.7816589950955556,-1.1227702971164386,-0.5733477638291037,0.188667379631393,0.8212738040178763,3.5983244322369377,0.8196731270635094,-1.2889562003102204,-0.5616415703651536,0.2771929938044046
P00088_W03504_E06496,88,3504,6496,0.008723,0.347343,0.643933,0.8212450411572885,1.568867618549876,0.13485604929147932,-0.2016905721723221,-0.14940078153049094,-0.2596712915363455,0.910725049383274,1.563500805900753,0.1436250809661957,-0.1896209658679644,-0.1775162859762619,-0.2592628984125346,0.7927890351112352,1.535418266397785,0.1335643532277577,-0.1967337940639224,-0.1378520387797639,-0.2594822739718567,0.7602210389773563,1.6076837833510895,0.1273787136804846,-0.2187169565850795,-0.132834019835447,-0.2602687022246452
P00088_W07504_E02496,88,7504,2496,0.008723,0.743854,0.247423,1.114870696469392,3.186975115108664,0.665037215117147,-0.936586041101856,0.0610550271133165,-1.2354829239424363,1.1548510058061896,3.0644279059674435,0.6513053765907664,-1.024655822173392,0.0504353773877139,-1.1800228443221967,1.1001480289076195,3.09687327600865,0.658984709856894,-0.9548717972303185,0.1028528941908028,-1.2349324260554388,1.0896130546943668,3.3996241633498983,0.6848215589037804,-0.8302305039018578,0.0298768097614328,-1.2914935014496731
P00088_W05504_E04496,88,5504,4496,0.008723,0.545599,0.445678,1.0597855864127006,2.5637743814737104,0.2961052022956317,-0.5359027979010585,-0.12487939323594095,-0.6594961308822384,1.154037736695135,2.589255281817878,0.2926529948745393,-0.6386778161171698,-0.130125398875818,-0.6407434641359506,1.037557611725823,2.634141680039551,0.3086214487798294,-0.5348634405154463,-0.1161148439321752,-0.6934160462560881,0.9877614108171436,2.4679261825637027,0.2870411632325264,-0.4341671370705595,-0.1283979368998297,-0.6443288822546765
P00088_W04496_E05504,88,4496,5504,0.008723,0.445678,0.545599,0.8929363273201423,1.785130612457569,0.1905263142957462,-0.21617432296572303,-0.16136063834333256,-0.3947395158013096,0.8391855019235932,1.8091556744072144,0.1924257437651669,-0.1877625960210369,-0.1545728118819759,-0.4135537711701621,0.9552364874056104,1.7146686656816017,0.1868088286843449,-0.2217897955091079,-0.1704026561137896,-0.3747758399898093,0.8843869926312232,1.8315674972838911,0.1923443704377268,-0.2389705773670243,-0.1591064470342321,-0.3958889362439575
P01680_W05000_E05000,1680,5000,5000,0.143836,0.428082,0.428082,0.6153072882891186,1.9467245699463807,0.5645287210876849,-0.5660431246554251,-0.4745109927437519,0.1066861109241845,0.5806226215385757,1.9022897456710104,0.587222343957024,-0.5073990523126439,-0.4660951252833388,0.083181570995495,0.6128706198915824,1.958744032618412,0.539795336374491,-0.58432718650988,-0.4596694905149294,0.1092817024951068,0.6524286234371978,1.97913993154972,0.5665684829315397,-0.6064031351437511,-0.4977683624329876,0.1275950592819517
P00088_W06496_E03504,88,6496,3504,0.008723,0.643933,0.347343,1.0127475796548746,2.540836139064731,0.39274137638488477,-0.6521426713866759,-0.06273364707639303,-0.7978170543592583,1.0566477881263947,2.435014342316302,0.3663131228473421,-0.685863650279349,-0.0328111090950028,-0.7543562825644798,0.9888679864252292,2.5832686857042173,0.4208349569287232,-0.624119055994612,-0.0902366311464635,-0.8295845973110682,0.992726964413,2.6042253891736733,0.391076049378589,-0.6464453078860667,-0.0651532009877128,-0.8095102832022268
P00520_W00496_E09504,520,496,9504,0.04943,0.047148,0.903422,0.7626961570593203,0.9402427308042828,0.19816353666716166,-0.03511882522975617,-0.33245523370509117,-0.0314893619799781,0.73888197472649,0.9503119366406964,0.1890717116993036,-0.0578835136040394,-0.3160450536380804,-0.0208053371550612,0.7771103243276036,0.9334443629067682,0.206490952782219,-0.0340389099077912,-0.3437409548955361,-0.0313902053626933,0.7720961721238672,0.9369718928653836,0.1989279455199624,-0.0134340521774379,-0.3375796925816571,-0.0422725434221798
P01904_W01504_E08496,1904,1504,8496,0.159946,0.126344,0.71371,0.5684392364018721,1.0870875283390966,0.4706331160588333,-0.1790751339748143,-0.45773890642608167,0.055651585938308934,0.551691813800093,1.1034652797121562,0.4689340806108534,-0.1807917010470277,-0.4510530895363199,0.0697553736762044,0.5532997329080304,1.1192548124425528,0.4394362196999709,-0.1866421388189764,-0.4356542326588403,0.0486629394325761,0.6003261624974928,1.0385424928625808,0.5035290478656756,-0.1697915620584388,-0.4865093970830848,0.0485364447061463
P00104_W00752_E09248,104,752,9248,0.010293,0.074426,0.915281,0.8006037904649123,1.0585537182709508,0.08129745337571175,-0.058344861779761566,-0.15959268386474082,-0.05980819644298733,0.7938532302002357,1.03233439899707,0.0800380200636776,-0.0766056239856127,-0.1563897945831316,-0.0544757482551629,0.7829411745977297,1.0281134796114608,0.0814047220944044,-0.0231696223343035,-0.1610763559450488,-0.0603818803301407,0.825016966596771,1.1152132762043216,0.0824496179690532,-0.0752593390193685,-0.1613119010660421,-0.0645669607436584
P01904_W00496_E09504,1904,496,9504,0.159946,0.041667,0.798387,0.6296774798895636,0.8550723156059439,0.5168537957655017,-0.0875832976903899,-0.5203996771608425,0.03291487097654483,0.6736557026224048,0.8420174601155034,0.5410967532453435,-0.1035735830270647,-0.5446427536599618,0.0377898839102879,0.6231813106975456,0.8239256091523318,0.5276798652029059,-0.0828421356112457,-0.5306175377983781,0.0391962553584113,0.5921954263487401,0.8992738775499963,0.4817847688482557,-0.0763341744328593,-0.4859387400241873,0.0217584736609353
P00816_W06496_E03504,816,6496,3504,0.075444,0.600592,0.323964,1.1224318450245871,4.271862092294991,0.5911522504823207,-1.4549802433510026,-0.4786657867746913,-0.15942259003537007,1.168203973659305,4.47731085434954,0.5903884881761526,-1.5790863054827555,-0.4727039174259734,-0.1360008275822252,1.1621240422688437,4.329943618287286,0.6376340789647238,-1.4135988090447973,-0.534230214346699,-0.1941771911209764,1.0369675191456125,4.008331804248146,0.5454341843060856,-1.3722556155254553,-0.4290632285514014,-0.1480897514029086
P00728_W05504_E04496,728,5504,4496,0.06786,0.51305,0.41909,0.9292670288213548,2.4005708753359993,0.47449067799722194,-0.7637437499010167,-0.45432460183628254,-0.13437563871972447,0.8694202707967233,2.288013053048547,0.440686230927897,-0.7291836515986146,-0.4174106924315614,-0.1610276153872106,0.8919859801901586,2.4264587045764836,0.4333964171659286,-0.7163143287346468,-0.4026689291231591,-0.1850592229601178,1.0263948354771826,2.487240868382967,0.5493893858978401,-0.8457332693697887,-0.5428941839541271,-0.057040077811845
P00240_W05504_E04496,240,5504,4496,0.023438,0.5375,0.439063,0.9553964096413988,3.095548229865241,0.32966964223479495,-0.7232375334351739,-0.20953837535888753,-0.5677069208980979,0.9733396803499974,3.1024229353016035,0.3152180584763623,-0.8248050222182823,-0.1824444262190017,-0.5397842677722088,0.9058614530560156,3.0950213986322517,0.3448273974880169,-0.6281884968305679,-0.1947185050438374,-0.6549505297614193,0.9869880955181836,3.089200355661869,0.3289634707400056,-0.7167190812566716,-0.2514521948138235,-0.5083859651606655
P00264_W06496_E03504,264,6496,3504,0.025721,0.632892,0.341387,1.0389856559792066,3.2529859807629045,0.42792452107096196,-0.9881413521635034,-0.15364856399859142,-0.7148307467959033,1.0215201255410933,3.2300878729121583,0.4509935061738253,-0.9606118961064586,-0.148666855372947,-0.7525387595537743,1.0752637286563134,3.3954005038444213,0.4046618691766961,-1.0788308215732252,-0.1553339326148382,-0.6694759780128307,1.020173113740213,3.133469565532134,0.4281181878623645,-0.9249813388108266,-0.1569449040079891,-0.7224775028211048
P00816_W07504_E02496,816,7504,2496,0.075444,0.693787,0.230769,1.93604224860253,8.39578621717264,0.6633035277818621,-3.4124455977440085,-0.4261735275571539,-0.1211827031501857,1.8966451647824565,7.607978766450128,0.6905101876027395,-3.105684847154045,-0.525660855128653,0.0559675790048567,1.9485088211440185,8.728878629337803,0.6741646079424043,-3.50348319060817,-0.4340065383270176,-0.049519066421368,1.9629727598811149,8.850501255729986,0.6252357878004422,-3.6281687554698094,-0.3188531892157911,-0.3699966220340458
P00240_W07504_E02496,240,7504,2496,0.023438,0.732812,0.24375,1.477827957402808,4.890436297841804,0.6166704312856589,-1.8076589666829737,-0.027156133832433132,-1.0649206935843483,1.3196589524806694,4.7001936911216715,0.6210243896058333,-1.708331201782911,0.0643287712307381,-1.172421749524549,1.63318607799599,4.361649831004086,0.5441050988096137,-1.9349961093199195,-0.0391311942958432,-0.9328312377109385,1.4806388417317642,5.609465371399654,0.6848818054415299,-1.7796495889460908,-0.1066659784321943,-1.089509093517557
P00216_W04496_E05504,216,4496,5504,0.021143,0.440094,0.538763,0.9170468192364479,2.124631071262861,0.22461440087754078,-0.47469767610825553,-0.2259231523533147,-0.3317237451054427,0.9780059648141688,2.0965855336291557,0.2356113416766773,-0.4362620220491183,-0.2579929167405566,-0.3260077857826324,0.8353947058395935,2.0529654100592305,0.2054533383906726,-0.4587451593984271,-0.1916780131667408,-0.3185925380875695,0.9377397870555816,2.224342270100196,0.2327785225652724,-0.5290858468772212,-0.2280985271526467,-0.3505709114461264
P00216_W01504_E08496,216,1504,8496,0.021143,0.14722,0.831637,0.81055458305421,1.2301059470492897,0.13174646850019106,-0.07979773764447494,-0.24015481527026514,-0.10089632171420816,0.82567630950394,1.197050533731937,0.1346025155628669,-0.1008284196375192,-0.2462630694489896,-0.0920926473018802,0.7496689563722481,1.2088015463094612,0.1274849446859964,-0.0406863738915531,-0.22463234758055,-0.1128874523088967,0.8563184832864422,1.2844657611064705,0.1331519452517099,-0.0978784194043525,-0.2495690287812558,-0.0977088655318476
P01680_W05752_E04248,1680,5752,4248,0.143836,0.492466,0.363699,0.7133328040135322,2.9412269850294828,0.6593558115140944,-0.8989982908077855,-0.5124063183551658,0.1589229952796867,0.7470211224729589,2.955780918529727,0.659129706385099,-0.9129859790130596,-0.532409914413136,0.1442150774876833,0.7071926223938715,2.910923457065203,0.6671956581310456,-0.9276142470167512,-0.5013101255466749,0.2484758691632488,0.685784667173766,2.956976579493519,0.6517420700261386,-0.8563946463935456,-0.5034989151056867,0.084078039188128
P00240_W00248_E09752,240,248,9752,0.023438,0.024219,0.952344,0.8138188235467938,0.9959893891250964,0.1205847040698888,0.007195413963377732,-0.24395902052015161,-0.04107240221013593,0.8373656182358251,0.983045007720907,0.1242672248424117,0.0390091996878105,-0.2524618639759549,-0.0484315301169561,0.8279997166295525,0.9851896431100934,0.1192790200388817,-0.044969757770535,-0.24449765332331,-0.0241328039283534,0.7760911357750039,1.019733516544289,0.118207867328373,0.0275467999728577,-0.23491754426119,-0.0506528725850983
P00920_W00248_E09752,920,248,9752,0.084249,0.022711,0.89304,0.700544463157183,0.9583826156654478,0.2860347452601932,-0.044170777775342306,-0.3943375057250309,-0.014166762687560069,0.7006689917645818,0.9442883335808386,0.2822699949955586,-0.0372596159130865,-0.3918483766257369,-0.0108240358101742,0.7065143676401652,0.9909449630452244,0.2962047576844179,-0.0284272655548089,-0.4033689710316143,-0.0347078456106068,0.694450030066802,0.9399145503702804,0.2796294831006031,-0.0668254518581315,-0.3877951695177414,0.0030315933581008
P00648_W03504_E06496,648,3504,6496,0.060856,0.329076,0.610068,0.7578834312505492,1.6597732671472603,0.30386953932119426,-0.3794938524011952,-0.38065338204772187,-0.07798573387585424,0.7349177374556679,1.61914798719755,0.3033630205699236,-0.3344760086455454,-0.3738484346136391,-0.0958898466376564,0.8323239513581576,1.6443851270984833,0.3279516896899885,-0.431020082938381,-0.4193882655338167,-0.0490519986659047,0.7064086049378224,1.7157866871457477,0.2802939077036706,-0.3729854656196592,-0.3487234459957098,-0.0890153563240016
P00216_W03504_E06496,216,3504,6496,0.021143,0.342991,0.635865,0.8304041989287234,1.597677871076332,0.18300638760156573,-0.2243309164149315,-0.23720222845049213,-0.24021183726869963,0.8911604916757663,1.5994417102717529,0.1876188396651526,-0.2334056881380969,-0.2598808646878338,-0.2256352007938932,0.8025449457714463,1.5948493207166123,0.1862727773462891,-0.2109563051266013,-0.2307859281451978,-0.2528389753369529,0.7975071593389575,1.5987425822406305,0.1751275457932555,-0.2286307559800963,-0.2209398925184448,-0.2421613356752528
P01168_W05248_E04752,1168,5248,4752,0.104585,0.469914,0.425501,0.8729505982400726,2.5887368859485695,0.5616770066425891,-0.8383445224698595,-0.5420514684047327,0.06357976579907343,0.9241674550620232,2.6516585136580546,0.5931448198306774,-0.888093868412994,-0.5644921951328975,0.0763356950842275,0.9004577593455078,2.5548386518486783,0.584537196144152,-0.8233074856715665,-0.582502373203837,0.0953356812075101,0.794226580312687,2.5597134923389757,0.5073490039529381,-0.8036322133250178,-0.4791598368774635,0.0190679211054827
P01680_W04496_E05504,1680,4496,5504,0.143836,0.384932,0.471233,0.7034282107487163,1.93281442905214,0.7021071753711992,-0.5985255436791596,-0.5797859389715669,0.17826937495958997,0.6272771543543513,2.0225671453825287,0.6217323788167487,-0.5099993310747517,-0.5226130298038235,0.1308777459411545,0.7522601754355368,1.9331174786340488,0.794333571268222,-0.6482376276733585,-0.6347120969495248,0.2182738514332129,0.7307473024562605,1.8427586631398432,0.6902555760286266,-0.6373396722893687,-0.5820326901613526,0.1856565275044025
P00088_W01248_E08752,88,1248,8752,0.008723,0.123711,0.867565,0.8814478450321929,1.0441498447216986,0.0854433137146622,-0.029765940644676536,-0.16722588505166827,-0.09019407007801643,0.8704553491013443,1.102596223416504,0.0863710274902922,-0.0102545112388882,-0.1678395267806786,-0.0962997298352515,0.8946905146509714,1.0552778253875097,0.0859750488119035,-0.0391300857953512,-0.1688591132273099,-0.0911469064936927,0.8791976713442629,0.974575485361082,0.0839838648417909,-0.0399132248997902,-0.1649790151470163,-0.0831355739051051
P00216_W02496_E07504,216,2496,7504,0.021143,0.244323,0.734534,0.7897392497164134,1.25750456563123,0.1422690012429093,-0.13814845584103827,-0.22976696608797909,-0.13310351105551807,0.799778659089101,1.1952727577947178,0.1427809284254787,-0.1348971112604285,-0.2333743041744747,-0.1318590390703137,0.7723657227343689,1.359914566890849,0.1389165468239615,-0.149826679110626,-0.2191093818440436,-0.1424969025485763,0.7970733673257705,1.2173263722081238,0.1451095284792877,-0.1297215771520603,-0.236817212245419,-0.1249545915476642
P00416_W05504_E04496,416,5504,4496,0.039939,0.528418,0.431644,0.9586391584223274,2.9921321843423,0.37781922405317747,-0.770080743707056,-0.3119458705947961,-0.4289387422446364,0.9850692088368012,2.8863565358515544,0.3926412582791901,-0.7623819179298768,-0.3265466140722357,-0.4460052262919546,0.9428775882490052,2.943786915148434,0.3995283384399122,-0.6478489696995976,-0.3355019503247035,-0.4611937150811799,0.9479706781811756,3.146253102026911,0.34128807544043,-0.9000113434916936,-0.2737890473874492,-0.3796172853607746
P01680_W07000_E03000,1680,7000,3000,0.143836,0.599315,0.256849,1.1100420537625326,5.768391361179762,0.8434746133420536,-2.0247964487847327,-0.6596912505203613,0.5615128437155704,1.202732334004311,5.542251851935142,0.9560386573103992,-2.0646703193688327,-0.7653480378640826,0.6188719974264711,1.0729836574234264,5.919610119376731,0.8694587054499028,-2.0050826082831934,-0.6600692362551455,0.7104905609055059,1.0544101698598605,5.84331211222741,0.7049264772658591,-2.0046364187021717,-0.5536564774418555,0.3551759728147342
P00088_W05752_E04248,88,5752,4248,0.008723,0.570182,0.421094,0.9791882437185508,2.512479123860713,0.3258946937093924,-0.42832192316780593,-0.11355278232771925,-0.7132677175261436,0.9613327697531722,2.426335623680322,0.3176256043735062,-0.3931104965397892,-0.1186633608020452,-0.6920451956965774,0.991051233332868,2.5145604496880276,0.3350703161133764,-0.4509498015341855,-0.1193861151459724,-0.7182614870542743,0.9851807280696124,2.5965412982137903,0.3249881606412946,-0.4409054714294431,-0.1026088710351401,-0.7294964698275793
P00088_W06752_E03248,88,6752,3248,0.008723,0.66931,0.321967,0.8885373933017188,2.3176026626809505,0.4215122809852101,-0.5150869680376564,-0.06077261372655066,-0.8036965933870168,0.8810598870497124,2.3445229871235496,0.4266544322130504,-0.5134603272723296,-0.0465312624243613,-0.8318301991503586,0.9391354863313804,2.2719083025632956,0.4267440168753469,-0.5308787314836778,-0.0639994386277444,-0.7912292287044769,0.8454168065240636,2.3363766983560055,0.4111383938672331,-0.5009218453569618,-0.0717871401275463,-0.788030352306215
P00088_W06248_E03752,88,6248,3752,0.008723,0.61935,0.371927,0.9965918054952921,2.49441659972864,0.35785269040459894,-0.5840067992544234,-0.077089438121895,-0.7401934044287376,0.898901595117253,2.5095825477247744,0.3753046153784468,-0.4716341044754904,-0.0730287167435928,-0.799035364072662,0.9764528459371692,2.4305571181884287,0.3419708058282833,-0.6134968483823189,-0.0677323703923617,-0.6984578605124276,1.1144209754314542,2.5431101332727173,0.3562826500070669,-0.6668894449054612,-0.0905072272297305,-0.7230869887011232
P00464_W06496_E03504,464,6496,3504,0.044343,0.620795,0.334862,1.0865291603864147,3.4945531812873694,0.507024327781708,-1.1159851953898396,-0.28538190799364144,-0.5984939312438232,1.1028121346902902,3.662294295573958,0.5476064289032937,-1.149847664482358,-0.282508381612825,-0.679879540318197,1.0980122484210832,3.597722311855735,0.464735181617017,-1.151623046082859,-0.2619613741470356,-0.5714188482436511,1.0587630980478704,3.2236429364324155,0.5087313728248133,-1.046484875604302,-0.3116759682210638,-0.5441834051696215
P01168_W00496_E09504,1168,496,9504,0.104585,0.044413,0.851003,0.6915390076723279,1.0306590301648646,0.41796249761488413,-0.05809049295902157,-0.47874900700020717,-0.02948129955175527,0.7000071178607589,1.010397140824142,0.3647170241741166,-0.0986365607814709,-0.4431229361276719,0.0041723038063199,0.6693874085054711,1.015157849825859,0.3663223536580119,-0.048886474941845,-0.4415967196859593,-0.0243791820048628,0.7052224966507539,1.0664220998445932,0.5228481150125238,-0.0267484431537488,-0.5515273651869903,-0.0682370204567229
P00920_W04496_E05504,920,4496,5504,0.084249,0.411722,0.504029,0.9691111430911724,3.0635939826857563,0.9201579573878903,-0.9731112128849858,-0.7030516790999116,0.6914122139130882,0.8236216331646465,2.084580199334905,0.4220495636867105,-0.6673777695102197,-0.4576138719024886,0.0302141666911865,0.9970646204445748,2.264744469010218,0.4948665927112793,-0.815671327742572,-0.5657016019317547,0.0901194360367618,1.0866471756642957,4.841457279712147,1.843557715765681,-1.4362845414021657,-1.0858395634654914,1.953903039011316
P00416_W04496_E05504,416,4496,5504,0.039939,0.431644,0.528418,0.7751714994474983,1.9595150879139283,0.28288094722961804,-0.3845265056464306,-0.3007623557555089,-0.26303768347197737,0.7765597224985702,1.9329246508856712,0.2884968798525797,-0.3509827317828515,-0.3079635469041316,-0.2862754113336945,0.7269709306760701,2.038685880635067,0.2865928363923602,-0.3645436559651717,-0.2791295939404957,-0.3178241696154567,0.8219838451678546,1.9069347322210457,0.2735531254439142,-0.4380531291912686,-0.3151939264218995,-0.1850134694667809
P00088_W04752_E05248,88,4752,5248,0.008723,0.471055,0.520222,0.8252863450220546,2.093755331140542,0.2085043169989809,-0.24436130856742588,-0.1313707096368394,-0.47692642288067005,0.8622417197802353,2.0386591067987925,0.2194865622078562,-0.2448637855245713,-0.1422764613713442,-0.4889860523629413,0.7836642601753471,2.0833302172247947,0.2096597260008724,-0.2123139531845093,-0.1260768997097134,-0.4798435704223134,0.829953055110581,2.159276669398038,0.1963666627882141,-0.275906186993197,-0.1257587678294606,-0.4619496458567556
P00088_W05248_E04752,88,5248,4752,0.008723,0.520222,0.471055,0.9847966047345714,2.0356841827395744,0.24642644222924218,-0.3358530278082052,-0.15775383176382154,-0.5151609359890291,1.1056172068708463,1.9689189701573289,0.2536969334567076,-0.3251550587022421,-0.1916986875958419,-0.5066453336612516,0.973973037163676,2.0444860305840646,0.236794042863822,-0.402930669255216,-0.1477600397593627,-0.4864861443345235,0.874799570169192,2.093647547477329,0.248788350367197,-0.2794733554671574,-0.13380276793626,-0.5523513299713122
P02496_W00000_E10000,2496,0,10000,0.199744,0.0,0.800256,0.5476460369839318,,0.5432170724879467,,-0.4913654393049902,,0.5347995919345078,,0.5390331324978533,,-0.4772123201609877,,0.5285882724007323,,0.5354575172773657,,-0.4849759933766381,,0.5795502466165553,,0.5551605676886211,,-0.5119080043773448,
P01232_W04000_E06000,1232,4000,6000,0.109687,0.356125,0.534188,0.6968658820866053,1.7894654810736446,0.5109680143817049,-0.42267553564868726,-0.49738179862031157,-0.00997075142174387,0.703355261075486,1.8000489976641934,0.5503389209924249,-0.3598694871305646,-0.5196957781288045,-0.0755037177066411,0.63582082681409,1.8386199516522117,0.4427756329643198,-0.3983431090689936,-0.4283215544196121,-0.0419730369858796,0.7514215583702397,1.7297274939045284,0.5397894891883699,-0.5098140107465036,-0.5441280633125181,0.0875645004272891
P01360_W04000_E06000,1360,4000,6000,0.119718,0.352113,0.528169,0.6905923410823593,1.7697545166518756,0.5150040016211853,-0.529570816583291,-0.49437171683843034,0.09418642410503915,0.6967375226973551,1.9038355085494612,0.50248691827968,-0.5589082720985226,-0.4812688849378075,0.0791387765011324,0.6693127503775613,1.7379727301094596,0.4899358075440455,-0.5169229313746297,-0.4778672919404659,0.1010196717002386,0.7057267501721615,1.6674553112967057,0.5525892790398307,-0.5128812462767206,-0.5239789736370177,0.1024008241137465
P01496_W04000_E06000,1496,4000,6000,0.130132,0.347947,0.521921,0.6318157804092827,1.5429014666865253,0.5539755169919013,-0.3622179549957228,-0.4963297186288363,0.017890273076167498,0.6613500309059438,1.6207720552462035,0.5794919659402034,-0.34828487815261,-0.5149329730237158,0.0065443065884508,0.6550926993050586,1.502168034771011,0.5435827827356335,-0.3820429267537735,-0.5082239367098621,0.0541815053980737,0.5790046110168455,1.5057643100423614,0.5388518022998668,-0.356326060080785,-0.465832246152931,-0.007054992758022
P01624_W04000_E06000,1624,4000,6000,0.139711,0.344116,0.516173,0.6374018411473247,1.909986328135638,0.5256104418531984,-0.5003933574406273,-0.4884134902325885,0.10307824815189254,0.62300093248129,1.9650430313306568,0.4949368603924254,-0.494299040740983,-0.450485138945543,0.0485627861917724,0.681079578635208,1.867240283041264,0.5470856258341806,-0.5202562944387951,-0.5218366262174685,0.1414545369181961,0.608125012325476,1.8976756700349935,0.5348088393329893,-0.4866247371421039,-0.4929187055347541,0.1192174213457091
P01768_W04000_E06000,1768,4000,6000,0.150238,0.339905,0.509857,0.6395251700427725,1.6748255912842627,0.611496427325605,-0.44328430843621947,-0.5323238717294968,0.09986479338110921,0.6442603019106672,1.7189601586266978,0.5911237536928438,-0.4758673173986299,-0.5221876201039357,0.1082155992857263,0.6862758107951219,1.664196891363402,0.6417407160594126,-0.4451843968199766,-0.5673903552572742,0.0978921120281161,0.5880393974225286,1.641319723862688,0.6016248122245588,-0.4088012110900518,-0.5073936398272805,0.0934866688294852
P01904_W04000_E06000,1904,4000,6000,0.159946,0.336022,0.504032,0.7102434767341071,1.8414285115417701,0.6695401785613567,-0.576882916351369,-0.6110303675616803,0.255907136347786,0.7221117515121827,1.9503038953462632,0.6781975791462115,-0.6343260079747703,-0.6087838006505651,0.2697716984696696,0.6588046333427459,1.73224173912686,0.6157720769981656,-0.51207905433215,-0.576808374807616,0.2723706252649919,0.749814045347393,1.841739900152187,0.7146508795396929,-0.584243686747187,-0.6474989272268596,0.2255790853086966
P02048_W04000_E06000,2048,4000,6000,0.169987,0.332005,0.498008,0.7286609435758202,1.7759438791190805,0.843490967639884,-0.5043495677597954,-0.6824157554305922,0.1935128615669612,0.7310094278833094,1.8723273661731412,0.8509247347093957,-0.5348146112106706,-0.6762545087220724,0.1950663053499504,0.7906360173543542,1.8816948696961409,0.9154236167485676,-0.511335771492527,-0.7494224651481994,0.1719772531074189,0.6643373854897973,1.5738094014879596,0.7641245514616887,-0.4668983205761886,-0.621570292421505,0.2134950262435143
P02192_W04000_E06000,2192,4000,6000,0.17979,0.328084,0.492126,0.5415268341657632,1.5450452494032307,0.5973263592209429,-0.3835352394770013,-0.47979547196067407,0.08864676144471113,0.521563643163622,1.495905447347846,0.5712550602269117,-0.3901756514537776,-0.4596405677070015,0.110850844165323,0.5341083595883713,1.6232162170165396,0.634002379235533,-0.345982627300784,-0.4899836028559436,0.0220305419055372,0.5689084997452962,1.516014083845307,0.5867216382003839,-0.4144474396764424,-0.4897622453190771,0.1330588982632732
P02344_W04000_E06000,2344,4000,6000,0.18989,0.324044,0.486066,0.576937677477993,1.6918885960061572,0.693043895823021,-0.42925901929724786,-0.5390323709621111,0.12571689590923088,0.6273265839784131,1.720687993173654,0.7030340771890996,-0.4861070451410047,-0.5697510996841861,0.1963033992810361,0.547275318810446,1.7118344094227655,0.6647574781802217,-0.4146548721151041,-0.5020313996124531,0.0673935190549708,0.5562111296451197,1.6431433854220523,0.7113401320997415,-0.3870151406356348,-0.5453146135896942,0.1134537693916857
P02496_W04000_E06000,2496,4000,6000,0.199744,0.320102,0.480154,0.5033713090932799,1.5267156174116945,0.6841537083736586,-0.32602894653010533,-0.4896165386169284,0.0497059390823222,0.4988776099818783,1.5546196330795794,0.6843342521738983,-0.3368546969598159,-0.4809708757424126,0.0632327933172218,0.4847456318442746,1.4434089256067395,0.6532445265988794,-0.3017311661197981,-0.4770847388380159,0.0614906129502344,0.5264906854536866,1.5821182935487648,0.7148823463481982,-0.3395009765107019,-0.5107940012703566,0.0243944109795104
P01232_W03000_E07000,1232,3000,7000,0.109687,0.267094,0.623219,0.6837557853508286,1.4625401916229421,0.4773011738998824,-0.2708579175627019,-0.4864916847668715,-0.0330766048539144,0.687852424623063,1.5384788274733812,0.4483445675814667,-0.2927206615788507,-0.4727145086303299,-0.0268593904443897,0.7352541956112104,1.4516024236244225,0.5127395695644182,-0.2749565213750324,-0.5200636047261608,-0.0398297611680645,0.6281607358182125,1.3975393237710223,0.4708193845537622,-0.2448965697342226,-0.4666969409441238,-0.032540662949289
P01360_W03000_E07000,1360,3000,7000,0.119718,0.264085,0.616197,0.6866504182295761,1.4326786194442995,0.4861723192908987,-0.2720520258717642,-0.5031446989466527,-0.0003170947225817992,0.6924191006294247,1.3883093153951136,0.4949638669028834,-0.2517431696151417,-0.5092663183393504,-0.0297448457416265,0.6913591135591333,1.345411738019293,0.4951953662236539,-0.2508468964377031,-0.5110280042812196,-0.0246326227924684,0.6761730405001701,1.5643148049184916,0.4683577247461588,-0.3135660115624477,-0.4891397742193879,0.0534261843663495
P01496_W03000_E07000,1496,3000,7000,0.130132,0.26096,0.608907,0.6133631650706747,1.3301186396433362,0.4612821109434249,-0.2899474636682509,-0.4542153617808611,0.025346062221095866,0.6315302761756417,1.2651922547342225,0.4758869833939682,-0.302279389203322,-0.467589291057499,0.043908563801448,0.6203703709033016,1.3412751559808265,0.4796845474108998,-0.2943023786649459,-0.46897075273436,0.0208644354691584,0.5881888481330807,1.38388850821496,0.4282748020254069,-0.2732606231364848,-0.4260860415507242,0.0112651873926812
P01624_W03000_E07000,1624,3000,7000,0.139711,0.258087,0.602202,0.6505966634683467,1.5315125615193887,0.5417955127456698,-0.3542987132131072,-0.522593489195409,0.0653149881762045,0.6451445411275943,1.4636665280510628,0.5666727048600212,-0.3472827645087086,-0.5336503839459683,0.057924046099723,0.6519903890735983,1.6006671459565018,0.5189629147683728,-0.3585441776553986,-0.5203848668203109,0.1016556047060992,0.6546550602038473,1.5302040105506016,0.5397509186086153,-0.3570691974752144,-0.5137452168199479,0.0363653137227913
P01768_W03000_E07000,1768,3000,7000,0.150238,0.254929,0.594833,0.545328806667165,1.377989481718773,0.49214921225582375,-0.2702047785826729,-0.4415916891291169,0.01736265101195053,0.5413629596103298,1.2982809822491297,0.4891866085453733,-0.2652759173287544,-0.437746473981397,0.0394642832569075,0.5387622962996236,1.440721758739801,0.4757855377322926,-0.2679042034574718,-0.4332414787055619,0.0285438938352681,0.5558611640915417,1.3949657041673884,0.5114754904898053,-0.2774342149617925,-0.4537871147003916,-0.015920224056324
P01904_W03000_E07000,1904,3000,7000,0.159946,0.252016,0.588038,0.6426008982893706,1.2736491126914495,0.6663918478684322,-0.22041800537651435,-0.5785324704947369,0.0055374653533526,0.649575130195365,1.2879481839061695,0.6424024516802718,-0.1988824847777514,-0.5723141732779155,0.007380827317133,0.6470663755731679,1.3232289553321115,0.7031684671962586,-0.2109929882407726,-0.5884865092507146,-0.0250951861251699,0.6311611890995789,1.2097701988360676,0.6536046247287663,-0.2513785431110191,-0.5747967289555804,0.0343267548680947
P02048_W03000_E07000,2048,3000,7000,0.169987,0.249004,0.581009,0.5557848483129147,1.2640654080942586,0.565504674269008,-0.21658339138142133,-0.4899032633363612,0.0093614870380023,0.5606471596619218,1.320212395642956,0.5880905481837291,-0.2271084221804988,-0.508467657498272,0.0209446048013422,0.534496894253474,1.23591574006715,0.5360458281239358,-0.1778951410425006,-0.4641366232715388,-0.0236007906517201,0.5722104910233486,1.2360680885726696,0.5723776464993591,-0.2447466109212646,-0.4971055092392728,0.0307406469643848
P02192_W03000_E07000,2192,3000,7000,0.17979,0.246063,0.574147,0.5773362324514478,1.3027552727771456,0.6355231160099906,-0.28267235085149983,-0.5338301614888629,0.080500169307492,0.6247516661186602,1.3424345317192965,0.6518558303332955,-0.3052720678555833,-0.5678053994183812,0.1028787625925257,0.547188909953618,1.2840884317529204,0.5925485589608317,-0.2527079105926516,-0.4918261300200256,0.0584690132891366,0.5600681212820652,1.28174285485922,0.6621649587358446,-0.2900370741062646,-0.5418589550281819,0.0801527320408137
P02344_W03000_E07000,2344,3000,7000,0.18989,0.243033,0.567077,0.531048543658235,1.3505095313906281,0.6506870755885479,-0.2678829080715823,-0.5067615173228011,0.044294126860079136,0.5312443849925264,1.3477540944306812,0.5949179976252633,-0.2782483769604939,-0.4878991965258505,0.0743303593362077,0.534891449740335,1.343438289860133,0.7066956238663782,-0.2833721829579396,-0.5267661884213888,0.046382445015813,0.5270097962418433,1.3603362098810703,0.6504476052740022,-0.2420281642963134,-0.5056191670211638,0.0121695762282167
P02496_W03000_E07000,2496,3000,7000,0.199744,0.240077,0.560179,0.5404620116099232,1.2405455304322957,0.6572244195079191,-0.2852301753488565,-0.5244048878286611,0.10398195695408709,0.5645056391150776,1.205964801719483,0.6885861726812371,-0.2850175420438648,-0.5512584739008376,0.1046609315122969,0.5095874961793053,1.269768805192104,0.6230809601725301,-0.2837243938858755,-0.4978602772316435,0.1050627354296434,0.5472928995353868,1.2459029843852998,0.6600061256699901,-0.2869485901168292,-0.5240959123535023,0.102222203920321
P01232_W02000_E08000,1232,2000,8000,0.109687,0.178063,0.712251,0.7016667579281104,1.1300176789161263,0.41325001065102623,-0.22854399912868595,-0.47054834694907594,0.03406797244306633,0.6942722645299297,1.1145074780710702,0.4137097942352372,-0.229770231316574,-0.4675014717683838,0.0322062294885834,0.6919682697711917,1.1494528789782823,0.4072631795746433,-0.2389127089908055,-0.4631759144499133,0.0561711770184229,0.7187597394832096,1.126092679699026,0.4187770581431984,-0.2169490570786783,-0.4809676546289307,0.0138265108221927
P01360_W02000_E08000,1360,2000,8000,0.119718,0.176056,0.704225,0.6084999327625371,1.2594420928205943,0.41443537718430307,-0.18141745446686988,-0.44239929151427076,0.013422098669838333,0.5927697260207033,1.283494488059178,0.4061253255856399,-0.2253285304831767,-0.4311639136655662,0.034595931879605,0.6389390361637317,1.2060614937698335,0.4229712693275947,-0.1845975449989974,-0.4571454925376344,0.0046747016980554,0.5937910361031763,1.2887702966327712,0.4142095366396746,-0.1343262879184356,-0.4388884683396116,0.0009956624318546
P01496_W02000_E08000,1496,2000,8000,0.130132,0.173974,0.695894,0.5915370728432777,1.197374500400884,0.40926127234501103,-0.22798720244119156,-0.43284807430426137,0.037722630740261436,0.6111756505784041,1.1641723325510118,0.4349017603764491,-0.2273271209371775,-0.4626816086537508,0.0586857681716478,0.5887234168341203,1.2117235373113011,0.4068984713990599,-0.2116318258509729,-0.4277304232960315,0.0188504950123263,0.5747121511173088,1.2162276313403393,0.3859835852595241,-0.2450026605354243,-0.4081321909630019,0.0356316290368102
P01624_W02000_E08000,1624,2000,8000,0.139711,0.172058,0.688231,0.5883579191592045,1.0109675568358243,0.47874367779222776,-0.14533099276187925,-0.4673054111763005,-0.011353629698224732,0.5603176885406987,1.0206946886601835,0.458700252675603,-0.1542045754368674,-0.4489768926672709,0.0050039734374494,0.5901468737601027,1.0181265894509774,0.4879467033926631,-0.1037937165322214,-0.4700803216604183,-0.0519431854279041,0.6146091951768122,0.9940813923963118,0.4895840773084172,-0.1779946863165489,-0.4828590192012122,0.0128783228957805
P01768_W02000_E08000,1768,2000,8000,0.150238,0.169952,0.67981,0.5955024595319488,1.1431222063306166,0.4913514424972134,-0.21080632871564328,-0.47607991022904755,0.049455486057149035,0.6241870944658933,1.132567591903411,0.5298146159042159,-0.2516745660316754,-0.4984873018996397,0.0929343389686036,0.5897943427085485,1.1419351498360142,0.4714922140026803,-0.2142910248900479,-0.4682144608715573,0.0483677359897481,0.5725259414214048,1.1548638772524245,0.4727474975847441,-0.1664533952252066,-0.4615379679159456,0.0070643832130954
P01904_W02000_E08000,1904,2000,8000,0.159946,0.168011,0.672043,0.5712268992123671,1.1245108776498658,0.5114571710553013,-0.1892726997568275,-0.4783366852342022,0.04723620232928483,0.5706777943579558,1.1364484091437876,0.4912620035696945,-0.1741042113145846,-0.4634718591275793,0.0172329894955514,0.5398570365062185,1.1435012938327842,0.4783770822825491,-0.1964740291127585,-0.4452070512807076,0.0417164436335167,0.6031458667729271,1.0935829299730255,0.5647324273136602,-0.1972398588431395,-0.5263311452943197,0.0827591738587864
P02048_W02000_E08000,2048,2000,8000,0.169987,0.166003,0.664011,0.56893135692674,1.1489447249388975,0.5509064508649177,-0.22924444498822757,-0.49892510898247155,0.10301985253634767,0.5621865696082874,1.1097098271741417,0.5258332120383803,-0.2182856888077973,-0.4784935188732864,0.088278329613599,0.6009067688717014,1.1299674924948004,0.5567361761622908,-0.2120356671059404,-0.5195537442653567,0.0875036956498911,0.5437007323002313,1.2071568551477505,0.5701499643940822,-0.257411979050945,-0.4987280638087716,0.1332775323455529
P02192_W02000_E08000,2192,2000,8000,0.17979,0.164042,0.656168,0.5476601926668954,1.2026512082938023,0.581793908702693,-0.20792514819891308,-0.5029818479265648,0.075598786680902,0.5239355272597944,1.267325141193062,0.523412317312194,-0.2071123260060297,-0.4626969357465649,0.0614850800168821,0.5882708464929759,1.2449352916112104,0.595103008048978,-0.2493169671255445,-0.5349921340113759,0.1014961803444281,0.5307742042479159,1.0956931920771351,0.626866400746907,-0.1673461514651651,-0.5112564740217533,0.0638150996813958
P02344_W02000_E08000,2344,2000,8000,0.18989,0.162022,0.648088,0.5150236381616756,1.2497695631782817,0.5679948458210602,-0.1950752622767065,-0.47818397995896245,0.04115708165605687,0.5135611346631995,1.2014560523973798,0.5581471143617988,-0.1698259417921394,-0.4715360155151664,0.0323791831792148,0.5069905678573735,1.2715899684473304,0.5623901650332988,-0.1820957672886476,-0.4760543366940737,0.0024659773028053,0.5245192119644536,1.2762626686901346,0.5834472580680831,-0.2333040777493325,-0.4869615876676472,0.0886260844861505
P02496_W02000_E08000,2496,2000,8000,0.199744,0.160051,0.640205,0.5109118278302891,1.1152554149553964,0.5772436711789088,-0.17450815815055498,-0.48265355930425796,0.06653980791878276,0.5335813359078105,1.1165991404228688,0.6294942611017337,-0.2013545592353749,-0.5182429188944918,0.0774016659326732,0.505632333627035,1.139400131219136,0.5720126802944041,-0.1539026700311082,-0.4755864721370714,0.0423533296367959,0.4935218139560218,1.089766973224184,0.5302240721405888,-0.1682672451851819,-0.4541312868812106,0.0798644281868792
P01232_W01000_E09000,1232,1000,9000,0.109687,0.089031,0.801282,0.6868933772041871,1.0439953400591941,0.3871916772224089,-0.12160949164797237,-0.4625648610046516,0.011343469474386534,0.7376622482563446,1.10408024616696,0.4228334561188513,-0.1165581978971181,-0.50210997033834,0.0083803389684211,0.6585302410545475,0.9738365442642986,0.3716836832432264,-0.1234001092934194,-0.4469372632061877,0.0220387544587435,0.6644876423016691,1.0540692297463234,0.367057892305149,-0.1248701677533796,-0.4386473494694272,0.003611314995995
P01360_W01000_E09000,1360,1000,9000,0.119718,0.088028,0.792254,0.6371591618300817,1.0061127286597815,0.390370639119785,-0.13830250051278503,-0.4451786083171423,0.028939826175358868,0.6027995927054987,1.019006955522951,0.3565496895172617,-0.1287614386356122,-0.4067840002985016,0.0202360269019295,0.6549870551675581,1.034487107558086,0.4028136565106186,-0.1262792315719526,-0.4576963991820504,0.0094079480644769,0.6536908376171882,0.9648441228983072,0.4117485713314747,-0.1598668313307903,-0.471055425470875,0.0571755035596702
P01496_W01000_E09000,1496,1000,9000,0.130132,0.086987,0.782881,0.5677149044645717,1.1117007368084755,0.38266309201167203,-0.09896979955978809,-0.4108762550153085,-0.010783856765483735,0.609433259762914,1.12242659627617,0.4105033327114458,-0.1121811883743975,-0.4453094289433303,0.0092597963790892,0.5377718041842209,1.1635041877631684,0.3670468380197598,-0.0772166482305426,-0.388959008524539,-0.0315987376620832,0.5559396494465804,1.0491714263860883,0.3704391053038105,-0.1075115620744242,-0.3983603275780562,-0.0100126290134572
P01624_W01000_E09000,1624,1000,9000,0.139711,0.086029,0.77426,0.6571585910014807,1.042597672611685,0.478293737835751,-0.1039794110495823,-0.5014362696781908,-0.003070447097826633,0.6587830995904901,1.0378961873556374,0.4773056469971919,-0.1257513679646633,-0.5036184453473912,0.0040073611507577,0.6304973657789761,1.0514073131711328,0.4631494603817201,-0.0909376598026123,-0.4788826833067927,-0.0028241284312432,0.6821953076349757,1.038489517308285,0.4944261061283409,-0.0952492053814713,-0.5218076803803884,-0.0103945740129944
P01768_W01000_E09000,1768,1000,9000,0.150238,0.084976,0.764786,0.6353091845975268,0.9649090788912221,0.5041118842554296,-0.14171772741785119,-0.5114720726040461,0.04764092856802917,0.6279954220347429,0.9818358622340096,0.4874896300149357,-0.1600863770197389,-0.4922479790881018,0.0568163183357899,0.608222150167767,0.9440912153984476,0.4819949663355291,-0.1112497617158012,-0.4868409956252127,0.0152669969432106,0.6697099815900703,0.9688001590412092,0.5428510564158241,-0.1538170435180135,-0.5553272430988239,0.070839470425087
P01904_W01000_E09000,1904,1000,9000,0.159946,0.084005,0.756048,0.5137715791898427,0.9445051018076015,0.41733798478688916,-0.10331472982475713,-0.40961558282894384,0.014689349109682967,0.5355386043320082,0.947016856266792,0.4311572653838204,-0.1012330383150943,-0.4264163634769523,0.0081559843586143,0.5198272963628502,0.9582886696129098,0.4103377790219448,-0.112317886420075,-0.4102258283420236,0.0257928046412602,0.4859488368746698,0.9282097795431028,0.4105189099549023,-0.0963932647391021,-0.3922045566678557,0.0101192583291744
P02048_W01000_E09000,2048,1000,9000,0.169987,0.083001,0.747012,0.565995260175665,0.984634720119292,0.49128412700186824,-0.11818680276326583,-0.47272468813286395,0.03161889752291396,0.5844356710511261,0.9883130048927012,0.4965274332670056,-0.1203543976110135,-0.4740262411521256,0.0234925994948511,0.5697326570477144,0.9638510037869132,0.4840743369937456,-0.120110431428546,-0.4785719738246556,0.047734071556211,0.5438174524281547,1.0017401516782616,0.4932506107448536,-0.114095579250238,-0.4655758494218107,0.0236300215176798
P02192_W01000_E09000,2192,1000,9000,0.17979,0.082021,0.738189,0.5675428372622552,0.9868262515626621,0.5806150723826083,-0.13684077971222194,-0.5233485118780116,0.059629563382385196,0.5912992545886278,0.950338207119062,0.5563762296649797,-0.1378385032371772,-0.5162456185005947,0.0439768224932289,0.561518690469043,0.9793948301532486,0.6211236987913207,-0.1275135544299646,-0.5510092962275599,0.0675041265347949,0.549810566729095,1.0307457174156758,0.5643452886915246,-0.145170281469524,-0.5027906209058802,0.0674077411191318
P02344_W01000_E09000,2344,1000,9000,0.18989,0.081011,0.729099,0.5411570106304263,0.9932752464400495,0.5470863575685772,-0.1700023505517599,-0.48163381436687364,0.08495197196887973,0.5508324565914055,0.9738402030526334,0.5369018902715662,-0.1854775542808283,-0.4772078054506424,0.1092262963161676,0.5626013152346111,1.0318274299482524,0.5766110296475334,-0.1396916595173246,-0.511871364109974,0.0535452883482354,0.5100372600652622,0.9741581063192628,0.527746152786632,-0.1848378378571268,-0.4558222735400044,0.0920843312422362
P02496_W01000_E09000,2496,1000,9000,0.199744,0.080026,0.72023,0.5669086172734862,1.0112675183950461,0.6323990384485701,-0.11347030365345406,-0.5493710607650734,0.03102077888479803,0.5613248180594111,0.9040979015472496,0.6223646348132008,-0.1005006119852343,-0.5532861954969475,0.0417945642105401,0.5560938239293738,1.099142532751431,0.6424182594435899,-0.1256863699773713,-0.5456748672132473,0.024626961388034,0.5833072098316735,1.0305621208864582,0.6324142210889196,-0.1142239289977566,-0.5491521195850255,0.02664081105582
P01232_W00000_E10000,1232,0,10000,0.109687,0.0,0.890313,0.665979027082289,,0.35463492481550435,,-0.43806972965827967,,0.6855375759414586,,0.3700135978544002,,-0.4554374476435835,,0.6618899036052087,,0.3489090874586812,,-0.4348823244622303,,0.6505096017001997,,0.3449820891334316,,-0.4238894168690253,
P01496_W00000_E10000,1496,0,10000,0.130132,0.0,0.869868,0.6404558258168171,,0.3918332199202397,,-0.45191292230298713,,0.6426220127936342,,0.3994755116133802,,-0.4562874935428301,,0.6315158091797491,,0.3918299929352165,,-0.4491389215141329,,0.6472296554770681,,0.3841941552121223,,-0.4503123518519984,
P01624_W00000_E10000,1624,0,10000,0.139711,0.0,0.860289,0.6166983802082376,,0.4157725535729863,,-0.45602260740015765,,0.5938558569310631,,0.40898922861534,,-0.4437376032729065,,0.6412331549282929,,0.4267167459765976,,-0.4708399466190106,,0.6150061287653568,,0.4116116861270212,,-0.4534902723085559,
P01768_W00000_E10000,1768,0,10000,0.150238,0.0,0.849762,0.55749520894859,,0.40922498891489595,,-0.4311527761741598,,0.5478183190510636,,0.3958604446824232,,-0.4157471913432859,,0.5632510857271518,,0.4224957463512254,,-0.4486855883763588,,0.5614162220675546,,0.4093187757110392,,-0.4290255488028347,
P01904_W00000_E10000,1904,0,10000,0.159946,0.0,0.840054,0.5877543881027489,,0.4540183305302295,,-0.46899187853766006,,0.5791876353758354,,0.4486785477808014,,-0.4623892085573437,,0.5840424461972152,,0.4547394568689126,,-0.4684629206119332,,0.6000330827351963,,0.4586369869409746,,-0.4761235064437032,
P02048_W00000_E10000,2048,0,10000,0.169987,0.0,0.830013,0.5916454586385601,,0.48960167987400965,,-0.49326764910855597,,0.5992663539732208,,0.5047432519124694,,-0.5040272709241183,,0.5916407614290805,,0.5000989075562992,,-0.5037504079292178,,0.584029260513379,,0.4639628801532605,,-0.472025268472332,
P02192_W00000_E10000,2192,0,10000,0.17979,0.0,0.82021,0.5152625521286927,,0.45439453349770975,,-0.4375385140805445,,0.5215045486161604,,0.4590697107913216,,-0.4337161474603914,,0.5180711542734342,,0.4541854451215585,,-0.4423777755199178,,0.5062119534964834,,0.4499284445802492,,-0.4365216192613244,
P02344_W00000_E10000,2344,0,10000,0.18989,0.0,0.81011,0.5006609250219892,,0.46554303081582993,,-0.434209059984696,,0.5032591103694369,,0.4643907178492052,,-0.4366597397327443,,0.4931657337449886,,0.4769046433059075,,-0.4366376570369422,,0.5055579309515421,,0.4553337312923771,,-0.4293297831844015,
P00015_W27000_E03000,15,27000,3000,0.0005,0.89955,0.09995,0.9530907716795224,1.3615572970787975,1.1156292409779598,-0.19997399717390543,0.06175349845602903,-1.1689062240601793,0.9622911969578304,1.4007745030939804,1.1266185340355803,-0.2270739541699583,0.0736994632055246,-1.1923696900562664,0.9573228287325436,1.3658289017182852,1.1075208848990965,-0.1790443579199912,0.0652160847848418,-1.1711747633900698,0.939658289348193,1.3180684864241266,1.1127483039992023,-0.1938036794317668,0.0463449473777207,-1.1431742187342022
P00031_W27000_E03000,31,27000,3000,0.001032,0.899071,0.099897,0.9494808991769706,1.2653814622509327,1.0190047262265247,-0.30104385472925643,0.09044923780955029,-1.0584463066760923,0.9666147817830772,1.2606428465717137,0.9997887145485674,-0.3488694911315372,0.1270663593255858,-1.0411813332554656,0.990798811992163,1.281127169663108,1.040178163514955,-0.2896194005256374,0.0680602559796134,-1.0752709557842597,0.8910291037556719,1.2543743705179766,1.0170473006160516,-0.2646426725305947,0.0762210981234517,-1.0588866309885514
P00046_W27000_E03000,46,27000,3000,0.001531,0.898622,0.099847,1.0675551666463443,1.3870328367076816,1.060501510474123,-0.42362602427565393,0.13145218753970125,-1.1136611816851612,1.0617041918854486,1.332674446912634,1.0542635995623324,-0.3986365438817052,0.1050586156196316,-1.0822994128878265,1.1196788473187582,1.4214219199670255,1.059388447012911,-0.4694033164547586,0.163416620938785,-1.135668198550965,1.0212824607348263,1.407002143243386,1.067852484847126,-0.402838212490498,0.1258813260606872,-1.123015933616692
P00062_W27000_E03000,62,27000,3000,0.002062,0.898144,0.099794,1.175998974069081,1.6677149879792044,1.1368185769288657,-0.6633687698536855,0.25179552468415367,-1.2657181796193067,1.045469372310734,1.600009038953356,1.1450621277126467,-0.5835553858241873,0.2403426326776634,-1.2558737611775823,1.352800704883612,1.798542075339007,1.134885275987706,-0.8319782919582227,0.3202752194842665,-1.298714426063372,1.129726845012897,1.6045938496452496,1.1305083270862444,-0.5745726317786468,0.1947687218905311,-1.2425663516169656
P00078_W27000_E03000,78,27000,3000,0.002593,0.897666,0.099741,1.1781943759679763,1.583589849241907,1.0675907395880977,-0.650881664513926,0.2073415959594559,-1.1748028870134821,1.0081830356654125,1.6482381107252289,1.131331347705277,-0.5984251987253054,0.2202624065247818,-1.2610920048961711,1.3024706535515074,1.7009184491931193,1.0838267548583944,-0.7409557799970562,0.2485069057511525,-1.2282269095364753,1.2239294386870088,1.4016129878073726,0.9876141162006216,-0.6132640148194163,0.1532554756024334,-1.0350897466078002
P00094_W27000_E03000,94,27000,3000,0.003124,0.897189,0.099688,1.1921746571339475,1.7258304266383597,1.146854649902613,-0.6745351002203543,0.20514165852733254,-1.2702059115344164,1.158214832569589,1.8072031700786984,1.203094009884335,-0.6973474123449549,0.2454150903520127,-1.346922184752025,1.1525623908386282,1.6942361562879011,1.16917031015657,-0.6480764377723546,0.2006774783292155,-1.2776392176947509,1.2657467479936255,1.6760519535484804,1.0682996296669347,-0.6781814505437535,0.1693324069007694,-1.1860563321564732
P00111_W27000_E03000,111,27000,3000,0.003686,0.896682,0.099631,1.307981161301674,1.6687962247463013,1.0345626862187765,-0.8056198083617243,0.23073409078473936,-1.1572755381276985,1.1802118687552023,1.5209089001600993,0.983020192827704,-0.6840159525884145,0.1888455505492619,-1.073205751369347,1.2469324042072565,1.6504307445631037,1.0171685617727038,-0.7718996402234,0.2436553220293728,-1.1438060963138443,1.4967992109425636,1.8350490295157011,1.1034993040559216,-0.9609438322733584,0.2597013997755834,-1.254814766699904
P00127_W27000_E03000,127,27000,3000,0.004215,0.896206,0.099578,1.3947748610894248,1.8056363504695032,1.0621618945765985,-0.9227850988516103,0.2582036507461573,-1.210401579078664,1.41913813084911,1.9321499049318749,1.1204029310564865,-0.9572183953672369,0.2895183945395639,-1.2988179340660966,1.4216062908802611,1.7846948654310448,1.0254894523196874,-0.9576731314965377,0.2807000430982853,-1.173403740110082,1.343580161538904,1.70006428104559,1.040593300353622,-0.8534637696910564,0.2043925146006228,-1.158983063059813
P00143_W27000_E03000,143,27000,3000,0.004744,0.89573,0.099526,1.3581318425663762,2.0069901764021125,1.16587110348893,-0.9280198760338226,0.2711617752764144,-1.3426568031160517,1.381564965821216,1.938483351357672,1.173546258119453,-0.8933436674742419,0.2456765700505857,-1.3191268562364626,1.3776613626231586,1.9400255676569431,1.116237970897625,-0.9475534193095938,0.2684113144902641,-1.2732832914134722,1.3151691992547545,2.142461610191722,1.207829081449712,-0.943162541317632,0.2993974412883933,-1.4355602616982208
P00161_W27000_E03000,161,27000,3000,0.005338,0.895196,0.099466,1.3663917513179367,2.03921391707381,1.1340730135652766,-0.9641656067860325,0.2744936350307867,-1.341498969233846,1.440639082644351,2.040089285643989,1.1613256568950217,-0.9165661074922232,0.2288340646726807,-1.363598089096763,1.3268721985170224,2.001391043018218,1.0872112814700958,-0.9812388681444884,0.3004635509478875,-1.2870438795190806,1.3316639727924369,2.076161422559223,1.1536821023307124,-0.9946918447213856,0.294183289471792,-1.373854939085695
P00178_W27000_E03000,178,27000,3000,0.005898,0.894691,0.09941,1.6197187703505236,2.8468235707542178,1.2809721902900415,-1.4893388039921678,0.5049947202977701,-1.6912000275448136,1.5327621753293674,2.6028114453939493,1.2858677420556048,-1.4004356024356177,0.5509691057375441,-1.6467714492280106,1.6061116117161114,3.091367101419927,1.3524733443975707,-1.504851703228097,0.4698644013528189,-1.8143681204713444,1.7202825240060915,2.846292165448776,1.2045754844169492,-1.5627291063127882,0.4941506538029476,-1.6124605129350855
P00195_W27000_E03000,195,27000,3000,0.006458,0.894188,0.099354,1.70794546055802,2.5778690070547507,1.1401904693272513,-1.5076144336137414,0.4354691628446085,-1.4403205654625504,1.7566870910581058,2.6052173832388745,1.1052148792721592,-1.545253743114274,0.4501868019441433,-1.4020785418722164,1.800699002104496,2.5243299215038433,1.1029856939881173,-1.593857457615792,0.4453344017205632,-1.3871909194202676,1.5664502885114584,2.604059716421535,1.2123708347214772,-1.383732100111158,0.410886284869119,-1.531692235095167
P00242_W27000_E03000,242,27000,3000,0.008002,0.892798,0.0992,1.959502010736242,2.62252930197802,1.07679032896995,-1.6818234197887116,0.4147670570752832,-1.3718518377839863,1.823261760414347,2.417219476393733,1.0647970245183147,-1.496651974849386,0.3663447308240968,-1.3174729703663792,1.8319427549085292,2.5112582727615083,1.0458608638977385,-1.5867444247947418,0.397821362824834,-1.3299354270339885,2.2233015168858503,2.9391101567788183,1.1197130984937975,-1.9620738597220069,0.4801350775769187,-1.4681471159515913
P00303_W27000_E03000,303,27000,3000,0.009999,0.891001,0.099,2.4316239339436465,3.9745985063481863,1.2466663372611457,-2.512307028894339,0.6331784056929691,-1.8148211932916778,2.166881282608626,3.895357668855659,1.2148817533011256,-2.3400422826799314,0.6268223390603334,-1.7916762600906897,2.527964572842881,3.7564615633412233,1.208633812945794,-2.5051940503622823,0.6112014659804286,-1.7171371303442606,2.6000259463794326,4.271976286847677,1.3164834455365175,-2.6916847536408035,0.6615114120381456,-1.935650189440083
