mixture,central_cation,system,x_NaCl,r_A,alpha_XNa,alpha_block_sd,random_reference
LiCl-NaCl,Li,li3040,0.05,0.05,nan,nan,0.0
LiCl-NaCl,Li,li3040,0.05,0.15000000000000002,nan,nan,0.0
LiCl-NaCl,Li,li3040,0.05,0.25,nan,nan,0.0
LiCl-NaCl,Li,li3040,0.05,0.35000000000000003,nan,nan,0.0
LiCl-NaCl,Li,li3040,0.05,0.45,nan,nan,0.0
LiCl-NaCl,Li,li3040,0.05,0.55,nan,nan,0.0
LiCl-NaCl,Li,li3040,0.05,0.6500000000000001,nan,nan,0.0
LiCl-NaCl,Li,li3040,0.05,0.75,nan,nan,0.0
LiCl-NaCl,Li,li3040,0.05,0.8500000000000001,nan,nan,0.0
LiCl-NaCl,Li,li3040,0.05,0.95,nan,nan,0.0
LiCl-NaCl,Li,li3040,0.05,1.05,nan,nan,0.0
LiCl-NaCl,Li,li3040,0.05,1.1500000000000001,nan,nan,0.0
LiCl-NaCl,Li,li3040,0.05,1.25,nan,nan,0.0
LiCl-NaCl,Li,li3040,0.05,1.35,nan,nan,0.0
LiCl-NaCl,Li,li3040,0.05,1.4500000000000002,nan,nan,0.0
LiCl-NaCl,Li,li3040,0.05,1.55,nan,nan,0.0
LiCl-NaCl,Li,li3040,0.05,1.6500000000000001,nan,nan,0.0
LiCl-NaCl,Li,li3040,0.05,1.75,nan,nan,0.0
LiCl-NaCl,Li,li3040,0.05,1.85,1.0,0.0,0.0
LiCl-NaCl,Li,li3040,0.05,1.9500000000000002,1.0,0.0,0.0
LiCl-NaCl,Li,li3040,0.05,2.05,1.0,0.0,0.0
LiCl-NaCl,Li,li3040,0.05,2.1500000000000004,0.9859495783555868,0.03159532447006106,0.0
LiCl-NaCl,Li,li3040,0.05,2.25,0.8891435643564356,0.05713781959638683,0.0
LiCl-NaCl,Li,li3040,0.05,2.3500000000000005,0.8891682170248311,0.031217682850148493,0.0
LiCl-NaCl,Li,li3040,0.05,2.45,0.8537280523492116,0.02447561086446673,0.0
LiCl-NaCl,Li,li3040,0.05,2.55,0.8231704518906652,0.01573755464010926,0.0
LiCl-NaCl,Li,li3040,0.05,2.6500000000000004,0.7427941232607409,0.008527227497836245,0.0
LiCl-NaCl,Li,li3040,0.05,2.75,0.6838899154424065,0.010876207481583806,0.0
LiCl-NaCl,Li,li3040,0.05,2.8500000000000005,0.6245139379488991,0.016586268058907002,0.0
LiCl-NaCl,Li,li3040,0.05,2.95,0.5379931269687763,0.014686419309221512,0.0
LiCl-NaCl,Li,li3040,0.05,3.05,0.4671439340646457,0.012940074050494087,0.0
LiCl-NaCl,Li,li3040,0.05,3.1500000000000004,0.37735062188357893,0.008131442681669624,0.0
LiCl-NaCl,Li,li3040,0.05,3.25,0.3110974121508998,0.008179629922145333,0.0
LiCl-NaCl,Li,li3040,0.05,3.3500000000000005,0.23701975906897377,0.01603447479866018,0.0
LiCl-NaCl,Li,li3040,0.05,3.45,0.1705798060259971,0.006212710923583311,0.0
LiCl-NaCl,Li,li3040,0.05,3.55,0.11602365239121659,0.012612980749967792,0.0
LiCl-NaCl,Li,li3040,0.05,3.6500000000000004,0.06350251183627931,0.010594617708009091,0.0
LiCl-NaCl,Li,li3040,0.05,3.75,0.022173411887996264,0.004717523976542267,0.0
LiCl-NaCl,Li,li3040,0.05,3.8500000000000005,-0.01646637295312514,0.0038875139707720253,0.0
LiCl-NaCl,Li,li3040,0.05,3.95,-0.03889611799607917,0.007889909404998936,0.0
LiCl-NaCl,Li,li3040,0.05,4.050000000000001,-0.07473330090014096,0.002400671953194414,0.0
LiCl-NaCl,Li,li3040,0.05,4.15,-0.083307373454796,0.007016976470667342,0.0
LiCl-NaCl,Li,li3040,0.05,4.25,-0.08332376034389122,0.00711369562959298,0.0
LiCl-NaCl,Li,li3040,0.05,4.35,-0.09606520744933578,0.010824132447382622,0.0
LiCl-NaCl,Li,li3040,0.05,4.45,-0.11910837370191762,0.012541232560846624,0.0
LiCl-NaCl,Li,li3040,0.05,4.550000000000001,-0.14232771703210334,0.010523273216375757,0.0
LiCl-NaCl,Li,li3040,0.05,4.65,-0.16528706038173824,0.007732027116594001,0.0
LiCl-NaCl,Li,li3040,0.05,4.75,-0.18152471934217584,0.01330790215509508,0.0
LiCl-NaCl,Li,li3040,0.05,4.8500000000000005,-0.2100880689297291,0.009244924705180511,0.0
LiCl-NaCl,Li,li3040,0.05,4.95,-0.21758417526138207,0.01091306297394204,0.0
LiCl-NaCl,Li,li3040,0.05,5.050000000000001,-0.2030316728633088,0.009131185916336453,0.0
LiCl-NaCl,Li,li3040,0.05,5.15,-0.1880164096982342,0.010208939415153266,0.0
LiCl-NaCl,Li,li3040,0.05,5.25,-0.15848738216091807,0.017644842293838003,0.0
LiCl-NaCl,Li,li3040,0.05,5.3500000000000005,-0.13013536736443476,0.014727354678328693,0.0
LiCl-NaCl,Li,li3040,0.05,5.45,-0.08984741130691098,0.017504658182956517,0.0
LiCl-NaCl,Li,li3040,0.05,5.550000000000001,-0.05160108221032478,0.00997373971773587,0.0
LiCl-NaCl,Li,li3040,0.05,5.65,-0.012222959234881037,0.011518498087783012,0.0
LiCl-NaCl,Li,li3040,0.05,5.75,0.01535605372213733,0.007197298181189146,0.0
LiCl-NaCl,Li,li3040,0.05,5.8500000000000005,0.03510486444361238,0.01299995107009338,0.0
LiCl-NaCl,Li,li3040,0.05,5.95,0.055971819230478226,0.018886371424315457,0.0
LiCl-NaCl,Li,li3040,0.05,6.050000000000001,0.07755092710222011,0.009800645602445875,0.0
LiCl-NaCl,Li,li3040,0.05,6.15,0.09099031877128694,0.0028214574936744814,0.0
LiCl-NaCl,Li,li3040,0.05,6.25,0.09712331430838184,0.007468917527054237,0.0
LiCl-NaCl,Li,li3040,0.05,6.3500000000000005,0.09975406255156205,0.00782510922706073,0.0
LiCl-NaCl,Li,li3040,0.05,6.45,0.0980801360463035,0.005010903650124306,0.0
LiCl-NaCl,Li,li3040,0.05,6.550000000000001,0.09136422472566086,0.004807639282909223,0.0
LiCl-NaCl,Li,li3040,0.05,6.65,0.08978399629064138,0.009881856622442974,0.0
LiCl-NaCl,Li,li3040,0.05,6.75,0.07331083508915714,0.0034181013451165597,0.0
LiCl-NaCl,Li,li3040,0.05,6.8500000000000005,0.06791219404687832,0.0058844608803017544,0.0
LiCl-NaCl,Li,li3040,0.05,6.95,0.05279150830161994,0.005785456397343189,0.0
LiCl-NaCl,Li,li3040,0.05,7.050000000000001,0.03994803823279591,0.009564043577226067,0.0
LiCl-NaCl,Li,li3040,0.05,7.15,0.028961747260194515,0.005825395372915304,0.0
LiCl-NaCl,Li,li3040,0.05,7.25,0.01863251779795294,0.0022662367403524816,0.0
LiCl-NaCl,Li,li3040,0.05,7.3500000000000005,0.00044930805480825065,0.003890351113503785,0.0
LiCl-NaCl,Li,li3040,0.05,7.45,-0.012839691647158924,0.004525473112003831,0.0
LiCl-NaCl,Li,li3040,0.05,7.550000000000001,-0.01529898921027395,0.004055881551772841,0.0
LiCl-NaCl,Li,li3040,0.05,7.65,-0.022213717485401796,0.008046620898555464,0.0
LiCl-NaCl,Li,li3040,0.05,7.75,-0.03338072951272841,0.004661797137105759,0.0
LiCl-NaCl,Li,li3040,0.05,7.8500000000000005,-0.038006448372907675,0.00753818243865168,0.0
LiCl-NaCl,Li,li3040,0.05,7.95,-0.04972460429091563,0.006404882035140763,0.0
LiCl-NaCl,Li,li3040,0.05,8.05,-0.05395990675171225,0.0012464311326813885,0.0
LiCl-NaCl,Li,li3040,0.05,8.15,-0.05157438105244583,0.008867950405840274,0.0
LiCl-NaCl,Li,li3040,0.05,8.25,-0.05396491512976764,0.002812696886413819,0.0
LiCl-NaCl,Li,li3040,0.05,8.350000000000001,-0.04865233000878888,0.006470190107463386,0.0
LiCl-NaCl,Li,li3040,0.05,8.45,-0.048763675269279716,0.003456975076703574,0.0
LiCl-NaCl,Li,li3040,0.05,8.55,-0.04789123077582125,0.006024427451943118,0.0
LiCl-NaCl,Li,li3040,0.05,8.65,-0.036820394468771056,0.0052343934591397336,0.0
LiCl-NaCl,Li,li3040,0.05,8.75,-0.026831387937767293,0.004203449233652682,0.0
LiCl-NaCl,Li,li3040,0.05,8.850000000000001,-0.02117897455670903,0.006372250746065498,0.0
LiCl-NaCl,Li,li3040,0.05,8.95,-0.01185325762729672,0.004112499973953844,0.0
LiCl-NaCl,Li,li3040,0.05,9.05,-0.0004406682287947383,0.0020808532675215072,0.0
LiCl-NaCl,Li,li3040,0.05,9.15,0.0018080781939616708,0.0034790745699235727,0.0
LiCl-NaCl,Li,li3040,0.05,9.25,0.010739411111159947,0.007088485954006615,0.0
LiCl-NaCl,Li,li3040,0.05,9.350000000000001,0.01727919539184264,0.00608835327640565,0.0
LiCl-NaCl,Li,li3040,0.05,9.45,0.02648747185868594,0.002223583504834999,0.0
LiCl-NaCl,Li,li3040,0.05,9.55,0.029264815794233567,0.005201675316940984,0.0
LiCl-NaCl,Li,li3040,0.05,9.650000000000002,0.03214243193733346,0.003977899642518326,0.0
LiCl-NaCl,Li,li3040,0.05,9.75,0.03392682398220703,0.0019576218690367706,0.0
LiCl-NaCl,Li,li3040,0.05,9.850000000000001,0.0320726238015232,0.006410274523928287,0.0
LiCl-NaCl,Li,li3040,0.05,9.95,0.03264836504680879,0.006837461475670229,0.0
LiCl-NaCl,Li,li3040,0.05,10.05,0.029053078227256446,0.0037795519127911885,0.0
LiCl-NaCl,Li,li3040,0.05,10.150000000000002,0.023105369861407432,0.002229223418619737,0.0
LiCl-NaCl,Li,li3040,0.05,10.25,0.02035376778156972,0.002502793516171234,0.0
LiCl-NaCl,Li,li3040,0.05,10.350000000000001,0.015465173241128172,0.0021148877309057294,0.0
LiCl-NaCl,Li,li3040,0.05,10.45,0.011943839225146746,0.0045113254566975305,0.0
LiCl-NaCl,Li,li3040,0.05,10.55,0.008725100476222214,0.001523117612716492,0.0
LiCl-NaCl,Li,li3040,0.05,10.650000000000002,0.0023049260282733686,0.004495216761206963,0.0
LiCl-NaCl,Li,li3040,0.05,10.75,-0.003529631446279824,0.0025903962938910127,0.0
LiCl-NaCl,Li,li3040,0.05,10.850000000000001,-0.009667579497020462,0.002846812142959698,0.0
LiCl-NaCl,Li,li3040,0.05,10.95,-0.011069980260145496,0.002485743250878247,0.0
LiCl-NaCl,Li,li3040,0.05,11.05,-0.014920511126552016,0.0033840968277224106,0.0
LiCl-NaCl,Li,li3040,0.05,11.150000000000002,-0.01524596352980545,0.0033746899044698095,0.0
LiCl-NaCl,Li,li3040,0.05,11.25,-0.018964604030593968,0.0046013677710922875,0.0
LiCl-NaCl,Li,li3040,0.05,11.350000000000001,-0.02080622915502306,0.002634142612638941,0.0
LiCl-NaCl,Li,li3040,0.05,11.45,-0.019759010763639173,0.0046574693808669725,0.0
LiCl-NaCl,Li,li3040,0.05,11.55,-0.020576546210962388,0.002099113644661822,0.0
LiCl-NaCl,Li,li3040,0.05,11.650000000000002,-0.016630495144885016,0.004174199821103086,0.0
LiCl-NaCl,Li,li3040,0.05,11.75,-0.018985291980015306,0.0038722959470129893,0.0
LiCl-NaCl,Li,li3040,0.05,11.850000000000001,-0.01557843217850663,0.0022415788409312566,0.0
LiCl-NaCl,Li,li3040,0.05,11.95,-0.01291187185862852,0.004148316076489655,0.0
LiCl-NaCl,Li,li2880,0.1,0.05,nan,nan,0.0
LiCl-NaCl,Li,li2880,0.1,0.15000000000000002,nan,nan,0.0
LiCl-NaCl,Li,li2880,0.1,0.25,nan,nan,0.0
LiCl-NaCl,Li,li2880,0.1,0.35000000000000003,nan,nan,0.0
LiCl-NaCl,Li,li2880,0.1,0.45,nan,nan,0.0
LiCl-NaCl,Li,li2880,0.1,0.55,nan,nan,0.0
LiCl-NaCl,Li,li2880,0.1,0.6500000000000001,nan,nan,0.0
LiCl-NaCl,Li,li2880,0.1,0.75,nan,nan,0.0
LiCl-NaCl,Li,li2880,0.1,0.8500000000000001,nan,nan,0.0
LiCl-NaCl,Li,li2880,0.1,0.95,nan,nan,0.0
LiCl-NaCl,Li,li2880,0.1,1.05,nan,nan,0.0
LiCl-NaCl,Li,li2880,0.1,1.1500000000000001,nan,nan,0.0
LiCl-NaCl,Li,li2880,0.1,1.25,nan,nan,0.0
LiCl-NaCl,Li,li2880,0.1,1.35,nan,nan,0.0
LiCl-NaCl,Li,li2880,0.1,1.4500000000000002,nan,nan,0.0
LiCl-NaCl,Li,li2880,0.1,1.55,nan,nan,0.0
LiCl-NaCl,Li,li2880,0.1,1.6500000000000001,nan,nan,0.0
LiCl-NaCl,Li,li2880,0.1,1.75,nan,nan,0.0
LiCl-NaCl,Li,li2880,0.1,1.85,1.0,0.0,0.0
LiCl-NaCl,Li,li2880,0.1,1.9500000000000002,0.8591989436619718,0.29804922750090945,0.0
LiCl-NaCl,Li,li2880,0.1,2.05,1.0,0.0,0.0
LiCl-NaCl,Li,li2880,0.1,2.1500000000000004,0.9281833692528736,0.043292917293799,0.0
LiCl-NaCl,Li,li2880,0.1,2.25,0.9090799588566479,0.041999337104643576,0.0
LiCl-NaCl,Li,li2880,0.1,2.3500000000000005,0.8740317073647961,0.020265504759358906,0.0
LiCl-NaCl,Li,li2880,0.1,2.45,0.8488125851349935,0.013791655809941829,0.0
LiCl-NaCl,Li,li2880,0.1,2.55,0.8051561964733246,0.010950984067712112,0.0
LiCl-NaCl,Li,li2880,0.1,2.6500000000000004,0.7340927718668812,0.013673291495246277,0.0
LiCl-NaCl,Li,li2880,0.1,2.75,0.6725140169071517,0.013832027039601036,0.0
LiCl-NaCl,Li,li2880,0.1,2.8500000000000005,0.6016453061979103,0.006617101027696026,0.0
LiCl-NaCl,Li,li2880,0.1,2.95,0.522276056172821,0.010137446061235036,0.0
LiCl-NaCl,Li,li2880,0.1,3.05,0.435629781621758,0.0059933256813244,0.0
LiCl-NaCl,Li,li2880,0.1,3.1500000000000004,0.36615639100819786,0.008632309864276815,0.0
LiCl-NaCl,Li,li2880,0.1,3.25,0.2958965559969353,0.005800822384173865,0.0
LiCl-NaCl,Li,li2880,0.1,3.3500000000000005,0.2157055059656806,0.0083173228323525,0.0
LiCl-NaCl,Li,li2880,0.1,3.45,0.15586276480461148,0.013228848329905932,0.0
LiCl-NaCl,Li,li2880,0.1,3.55,0.10207944425555293,0.008096059154674392,0.0
LiCl-NaCl,Li,li2880,0.1,3.6500000000000004,0.06003839242772402,0.00840291062482728,0.0
LiCl-NaCl,Li,li2880,0.1,3.75,0.01255008810713465,0.004986397838902314,0.0
LiCl-NaCl,Li,li2880,0.1,3.8500000000000005,-0.018949213486325833,0.007680303158379382,0.0
LiCl-NaCl,Li,li2880,0.1,3.95,-0.050800387582690565,0.005346201634467582,0.0
LiCl-NaCl,Li,li2880,0.1,4.050000000000001,-0.06369741159212561,0.010459789268511623,0.0
LiCl-NaCl,Li,li2880,0.1,4.15,-0.07576354076527503,0.01350804683246198,0.0
LiCl-NaCl,Li,li2880,0.1,4.25,-0.08497559283706146,0.005575128342853624,0.0
LiCl-NaCl,Li,li2880,0.1,4.35,-0.09965333695958356,0.0074777600582307206,0.0
LiCl-NaCl,Li,li2880,0.1,4.45,-0.10953582682358975,0.015526278236765816,0.0
LiCl-NaCl,Li,li2880,0.1,4.550000000000001,-0.1351814147189485,0.0078921996938875,0.0
LiCl-NaCl,Li,li2880,0.1,4.65,-0.16077237625312502,0.0011179036665273736,0.0
LiCl-NaCl,Li,li2880,0.1,4.75,-0.17469875652184297,0.006848268875182881,0.0
LiCl-NaCl,Li,li2880,0.1,4.8500000000000005,-0.19060783650778124,0.004414009155352347,0.0
LiCl-NaCl,Li,li2880,0.1,4.95,-0.20047193535322538,0.006244602434377874,0.0
LiCl-NaCl,Li,li2880,0.1,5.050000000000001,-0.1965299234907345,0.004948868692751006,0.0
LiCl-NaCl,Li,li2880,0.1,5.15,-0.17930078548267114,0.00657341198731126,0.0
LiCl-NaCl,Li,li2880,0.1,5.25,-0.15072438165853375,0.00950410838700363,0.0
LiCl-NaCl,Li,li2880,0.1,5.3500000000000005,-0.11867818207164738,0.009421801952434758,0.0
LiCl-NaCl,Li,li2880,0.1,5.45,-0.0875447733805843,0.007279484945776871,0.0
LiCl-NaCl,Li,li2880,0.1,5.550000000000001,-0.051626748807631184,0.004722942623624566,0.0
LiCl-NaCl,Li,li2880,0.1,5.65,-0.01820666576880292,0.007893830570387133,0.0
LiCl-NaCl,Li,li2880,0.1,5.75,0.012137756819300405,0.006179090195691588,0.0
LiCl-NaCl,Li,li2880,0.1,5.8500000000000005,0.03593528276678137,0.003606984266211968,0.0
LiCl-NaCl,Li,li2880,0.1,5.95,0.06041029869449255,0.0038654633089138584,0.0
LiCl-NaCl,Li,li2880,0.1,6.050000000000001,0.07603986793490314,0.004803388375915959,0.0
LiCl-NaCl,Li,li2880,0.1,6.15,0.08526322515305718,0.005819820941630001,0.0
LiCl-NaCl,Li,li2880,0.1,6.25,0.09640787722048927,0.003476841870796097,0.0
LiCl-NaCl,Li,li2880,0.1,6.3500000000000005,0.09509064796798683,0.007408648811924892,0.0
LiCl-NaCl,Li,li2880,0.1,6.45,0.09301918222506289,0.007428175667424115,0.0
LiCl-NaCl,Li,li2880,0.1,6.550000000000001,0.08940404173733518,0.0020495316687970215,0.0
LiCl-NaCl,Li,li2880,0.1,6.65,0.0839922630931893,0.006058479322492029,0.0
LiCl-NaCl,Li,li2880,0.1,6.75,0.07730442929350345,0.005800708696662147,0.0
LiCl-NaCl,Li,li2880,0.1,6.8500000000000005,0.0659786705277724,0.0052218660731021965,0.0
LiCl-NaCl,Li,li2880,0.1,6.95,0.056393932157383087,0.0024324242700920814,0.0
LiCl-NaCl,Li,li2880,0.1,7.050000000000001,0.042642039517133634,0.003080879451977031,0.0
LiCl-NaCl,Li,li2880,0.1,7.15,0.03444123457373294,0.003336177706224695,0.0
LiCl-NaCl,Li,li2880,0.1,7.25,0.015805688460543532,0.008032546574209485,0.0
LiCl-NaCl,Li,li2880,0.1,7.3500000000000005,0.004400221912420399,0.002700714575679353,0.0
LiCl-NaCl,Li,li2880,0.1,7.45,-0.005979136381146111,0.004175747990857797,0.0
LiCl-NaCl,Li,li2880,0.1,7.550000000000001,-0.015625742843432544,0.004795881445418615,0.0
LiCl-NaCl,Li,li2880,0.1,7.65,-0.025943855374173985,0.003040263692514691,0.0
LiCl-NaCl,Li,li2880,0.1,7.75,-0.031659167964919854,0.007083956109765489,0.0
LiCl-NaCl,Li,li2880,0.1,7.8500000000000005,-0.038517184636352564,0.0014536626739359126,0.0
LiCl-NaCl,Li,li2880,0.1,7.95,-0.04337976481923911,0.006228810843132478,0.0
LiCl-NaCl,Li,li2880,0.1,8.05,-0.04863902220271754,0.0036519490422787957,0.0
LiCl-NaCl,Li,li2880,0.1,8.15,-0.04824140423508605,0.002227977198285123,0.0
LiCl-NaCl,Li,li2880,0.1,8.25,-0.05081488787315536,0.006685906350369128,0.0
LiCl-NaCl,Li,li2880,0.1,8.350000000000001,-0.0490293252055769,0.005687368457619142,0.0
LiCl-NaCl,Li,li2880,0.1,8.45,-0.045313287132809243,0.0021803270699033324,0.0
LiCl-NaCl,Li,li2880,0.1,8.55,-0.03884832920671277,0.0026504967669621184,0.0
LiCl-NaCl,Li,li2880,0.1,8.65,-0.03331185047418028,0.003959539634120129,0.0
LiCl-NaCl,Li,li2880,0.1,8.75,-0.023907208853868323,0.006283379592972068,0.0
LiCl-NaCl,Li,li2880,0.1,8.850000000000001,-0.016718032452976095,0.002746128915811957,0.0
LiCl-NaCl,Li,li2880,0.1,8.95,-0.01309954574675265,0.003603260072511283,0.0
LiCl-NaCl,Li,li2880,0.1,9.05,-0.0018904582440462114,0.004697426939746516,0.0
LiCl-NaCl,Li,li2880,0.1,9.15,0.005745536297554588,0.003929095699859857,0.0
LiCl-NaCl,Li,li2880,0.1,9.25,0.013225444219334803,0.0037184245558417135,0.0
LiCl-NaCl,Li,li2880,0.1,9.350000000000001,0.01742838181780959,0.0033413893823320347,0.0
LiCl-NaCl,Li,li2880,0.1,9.45,0.022698308133210277,0.002316507449721476,0.0
LiCl-NaCl,Li,li2880,0.1,9.55,0.02604588019448828,0.0025880926433468877,0.0
LiCl-NaCl,Li,li2880,0.1,9.650000000000002,0.029775354578706392,0.004757741217439635,0.0
LiCl-NaCl,Li,li2880,0.1,9.75,0.030796885842801935,0.0032633620848715214,0.0
LiCl-NaCl,Li,li2880,0.1,9.850000000000001,0.0306662077847647,0.0025296795158218847,0.0
LiCl-NaCl,Li,li2880,0.1,9.95,0.030834659268142772,0.0031410456672845417,0.0
LiCl-NaCl,Li,li2880,0.1,10.05,0.027171082971895966,0.0013888252674703844,0.0
LiCl-NaCl,Li,li2880,0.1,10.150000000000002,0.024590751563144053,0.0013516007712049687,0.0
LiCl-NaCl,Li,li2880,0.1,10.25,0.02443362021188933,0.006026930233280501,0.0
LiCl-NaCl,Li,li2880,0.1,10.350000000000001,0.01922439580472346,0.004652040984492163,0.0
LiCl-NaCl,Li,li2880,0.1,10.45,0.013806930599654876,0.0026229925386437604,0.0
LiCl-NaCl,Li,li2880,0.1,10.55,0.00872675781261567,0.0061940173485458124,0.0
LiCl-NaCl,Li,li2880,0.1,10.650000000000002,0.001160496254223875,0.002037030442316085,0.0
LiCl-NaCl,Li,li2880,0.1,10.75,-0.0007978629615892352,0.003149063557512183,0.0
LiCl-NaCl,Li,li2880,0.1,10.850000000000001,-0.0029782758567544754,0.0021024202666249207,0.0
LiCl-NaCl,Li,li2880,0.1,10.95,-0.006185917574633271,0.003082471846652125,0.0
LiCl-NaCl,Li,li2880,0.1,11.05,-0.01317532361472984,0.002379391236407874,0.0
LiCl-NaCl,Li,li2880,0.1,11.150000000000002,-0.013033077667046422,0.0030799438106394374,0.0
LiCl-NaCl,Li,li2880,0.1,11.25,-0.01559097081866545,0.003818970062959584,0.0
LiCl-NaCl,Li,li2880,0.1,11.350000000000001,-0.01631390008143918,0.0035954711406762066,0.0
LiCl-NaCl,Li,li2880,0.1,11.45,-0.019202196607999822,0.00399878642134362,0.0
LiCl-NaCl,Li,li2880,0.1,11.55,-0.01638578074454755,0.004473437811754673,0.0
LiCl-NaCl,Li,li2880,0.1,11.650000000000002,-0.0171933247453262,0.0020080238536853974,0.0
LiCl-NaCl,Li,li2880,0.1,11.75,-0.015438927679779724,0.0025976455640853336,0.0
LiCl-NaCl,Li,li2880,0.1,11.850000000000001,-0.012463607627670514,0.0018964959360075596,0.0
LiCl-NaCl,Li,li2880,0.1,11.95,-0.01157716894520866,0.000773190563425487,0.0
LiCl-NaCl,Li,li2720,0.15,0.05,nan,nan,0.0
LiCl-NaCl,Li,li2720,0.15,0.15000000000000002,nan,nan,0.0
LiCl-NaCl,Li,li2720,0.15,0.25,nan,nan,0.0
LiCl-NaCl,Li,li2720,0.15,0.35000000000000003,nan,nan,0.0
LiCl-NaCl,Li,li2720,0.15,0.45,nan,nan,0.0
LiCl-NaCl,Li,li2720,0.15,0.55,nan,nan,0.0
LiCl-NaCl,Li,li2720,0.15,0.6500000000000001,nan,nan,0.0
LiCl-NaCl,Li,li2720,0.15,0.75,nan,nan,0.0
LiCl-NaCl,Li,li2720,0.15,0.8500000000000001,nan,nan,0.0
LiCl-NaCl,Li,li2720,0.15,0.95,nan,nan,0.0
LiCl-NaCl,Li,li2720,0.15,1.05,nan,nan,0.0
LiCl-NaCl,Li,li2720,0.15,1.1500000000000001,nan,nan,0.0
LiCl-NaCl,Li,li2720,0.15,1.25,nan,nan,0.0
LiCl-NaCl,Li,li2720,0.15,1.35,nan,nan,0.0
LiCl-NaCl,Li,li2720,0.15,1.4500000000000002,nan,nan,0.0
LiCl-NaCl,Li,li2720,0.15,1.55,nan,nan,0.0
LiCl-NaCl,Li,li2720,0.15,1.6500000000000001,1.0,nan,0.0
LiCl-NaCl,Li,li2720,0.15,1.75,nan,nan,0.0
LiCl-NaCl,Li,li2720,0.15,1.85,1.0,0.0,0.0
LiCl-NaCl,Li,li2720,0.15,1.9500000000000002,1.0,0.0,0.0
LiCl-NaCl,Li,li2720,0.15,2.05,0.9420471014492754,0.04887957350738724,0.0
LiCl-NaCl,Li,li2720,0.15,2.1500000000000004,0.9032560483870968,0.056827477731970395,0.0
LiCl-NaCl,Li,li2720,0.15,2.25,0.8947380791215404,0.022452413510854332,0.0
LiCl-NaCl,Li,li2720,0.15,2.3500000000000005,0.861262452851919,0.02123935380649153,0.0
LiCl-NaCl,Li,li2720,0.15,2.45,0.8309344666266387,0.004437869735105663,0.0
LiCl-NaCl,Li,li2720,0.15,2.55,0.7864735214744327,0.011372014237922886,0.0
LiCl-NaCl,Li,li2720,0.15,2.6500000000000004,0.7157926613093831,0.005104018928203008,0.0
LiCl-NaCl,Li,li2720,0.15,2.75,0.6517147780911983,0.005779326785499696,0.0
LiCl-NaCl,Li,li2720,0.15,2.8500000000000005,0.577293902327376,0.011173162669343957,0.0
LiCl-NaCl,Li,li2720,0.15,2.95,0.4997732390446311,0.005891560836580158,0.0
LiCl-NaCl,Li,li2720,0.15,3.05,0.4211489610350514,0.010185643033295371,0.0
LiCl-NaCl,Li,li2720,0.15,3.1500000000000004,0.34676341528483234,0.006199828164256737,0.0
LiCl-NaCl,Li,li2720,0.15,3.25,0.26892489992943847,0.008032383553489036,0.0
LiCl-NaCl,Li,li2720,0.15,3.3500000000000005,0.20602848249178063,0.011547932944926122,0.0
LiCl-NaCl,Li,li2720,0.15,3.45,0.1425517198519528,0.010014378593817076,0.0
LiCl-NaCl,Li,li2720,0.15,3.55,0.08865333827063893,0.0034724730114500052,0.0
LiCl-NaCl,Li,li2720,0.15,3.6500000000000004,0.034927727134017705,0.0072058029422035295,0.0
LiCl-NaCl,Li,li2720,0.15,3.75,-0.0008844964934144883,0.006463149964262037,0.0
LiCl-NaCl,Li,li2720,0.15,3.8500000000000005,-0.03175109693053546,0.009173752096329745,0.0
LiCl-NaCl,Li,li2720,0.15,3.95,-0.04909172017290553,0.007887408989327568,0.0
LiCl-NaCl,Li,li2720,0.15,4.050000000000001,-0.06700726318239858,0.006560907674481375,0.0
LiCl-NaCl,Li,li2720,0.15,4.15,-0.08214934587547695,0.007059875715468056,0.0
LiCl-NaCl,Li,li2720,0.15,4.25,-0.08463643845001112,0.003879176689682964,0.0
LiCl-NaCl,Li,li2720,0.15,4.35,-0.09804226100162206,0.009245747440207203,0.0
LiCl-NaCl,Li,li2720,0.15,4.45,-0.11352833101164994,0.005816056078422451,0.0
LiCl-NaCl,Li,li2720,0.15,4.550000000000001,-0.13139655777002202,0.007779346260121156,0.0
LiCl-NaCl,Li,li2720,0.15,4.65,-0.15401497699465883,0.007502787509609613,0.0
LiCl-NaCl,Li,li2720,0.15,4.75,-0.1704108706375631,0.006399976869457703,0.0
LiCl-NaCl,Li,li2720,0.15,4.8500000000000005,-0.19161509179206826,0.009467955517281787,0.0
LiCl-NaCl,Li,li2720,0.15,4.95,-0.1916685572524217,0.002417054986814965,0.0
LiCl-NaCl,Li,li2720,0.15,5.050000000000001,-0.18628798147872905,0.006420019079530856,0.0
LiCl-NaCl,Li,li2720,0.15,5.15,-0.1729185274659366,0.004760049771099416,0.0
LiCl-NaCl,Li,li2720,0.15,5.25,-0.1481275258242838,0.01056053722362454,0.0
LiCl-NaCl,Li,li2720,0.15,5.3500000000000005,-0.11805418427994008,0.003560651574803527,0.0
LiCl-NaCl,Li,li2720,0.15,5.45,-0.08590871986817805,0.005593809914663401,0.0
LiCl-NaCl,Li,li2720,0.15,5.550000000000001,-0.0509037621141597,0.008059677537248788,0.0
LiCl-NaCl,Li,li2720,0.15,5.65,-0.021824379639785674,0.004857908257309046,0.0
LiCl-NaCl,Li,li2720,0.15,5.75,0.010253314886936482,0.0036905527067098683,0.0
LiCl-NaCl,Li,li2720,0.15,5.8500000000000005,0.03406967663643212,0.007115506728221432,0.0
LiCl-NaCl,Li,li2720,0.15,5.95,0.056091541594607275,0.004242746263669172,0.0
LiCl-NaCl,Li,li2720,0.15,6.050000000000001,0.06581649735931072,0.002932700861705255,0.0
LiCl-NaCl,Li,li2720,0.15,6.15,0.08203628596565704,0.0055026916743285,0.0
LiCl-NaCl,Li,li2720,0.15,6.25,0.08752879062378904,0.0037806591315506736,0.0
LiCl-NaCl,Li,li2720,0.15,6.3500000000000005,0.09301669804207913,0.0035432331025265253,0.0
LiCl-NaCl,Li,li2720,0.15,6.45,0.09104324171845168,0.004660162419442343,0.0
LiCl-NaCl,Li,li2720,0.15,6.550000000000001,0.0829919313893922,0.0025152279658576518,0.0
LiCl-NaCl,Li,li2720,0.15,6.65,0.0809795550243897,0.003362403782034144,0.0
LiCl-NaCl,Li,li2720,0.15,6.75,0.07166239420265319,0.003220097983471279,0.0
LiCl-NaCl,Li,li2720,0.15,6.8500000000000005,0.06263437961877305,0.0035953744092682718,0.0
LiCl-NaCl,Li,li2720,0.15,6.95,0.051696820829738366,0.0018514310036615966,0.0
LiCl-NaCl,Li,li2720,0.15,7.050000000000001,0.043013657124631566,0.0029973159137076594,0.0
LiCl-NaCl,Li,li2720,0.15,7.15,0.029144583676076863,0.002806775906883571,0.0
LiCl-NaCl,Li,li2720,0.15,7.25,0.015982921791231175,0.00345821980004834,0.0
LiCl-NaCl,Li,li2720,0.15,7.3500000000000005,0.006246119697914221,0.004409243055915579,0.0
LiCl-NaCl,Li,li2720,0.15,7.45,-0.004881305397582469,0.00444759553015889,0.0
LiCl-NaCl,Li,li2720,0.15,7.550000000000001,-0.017389092134516115,0.001378840785009323,0.0
LiCl-NaCl,Li,li2720,0.15,7.65,-0.023353472791225016,0.003947347024920079,0.0
LiCl-NaCl,Li,li2720,0.15,7.75,-0.03235287000290388,0.003296015806660781,0.0
LiCl-NaCl,Li,li2720,0.15,7.8500000000000005,-0.03464507699144237,0.003352697060645651,0.0
LiCl-NaCl,Li,li2720,0.15,7.95,-0.0426957766634537,0.0023806950760555056,0.0
LiCl-NaCl,Li,li2720,0.15,8.05,-0.04628524681660173,0.002823272546267018,0.0
LiCl-NaCl,Li,li2720,0.15,8.15,-0.04854582566653076,0.001889524791679075,0.0
LiCl-NaCl,Li,li2720,0.15,8.25,-0.052544771619633224,0.002994141150203424,0.0
LiCl-NaCl,Li,li2720,0.15,8.350000000000001,-0.04638673878063315,0.0026289207999186204,0.0
LiCl-NaCl,Li,li2720,0.15,8.45,-0.04306641626963126,0.0026516892303204433,0.0
LiCl-NaCl,Li,li2720,0.15,8.55,-0.038304521913872014,0.0026224680558234463,0.0
LiCl-NaCl,Li,li2720,0.15,8.65,-0.033271774127696,0.0019497092775246211,0.0
LiCl-NaCl,Li,li2720,0.15,8.75,-0.030481115377709367,0.004021612640796952,0.0
LiCl-NaCl,Li,li2720,0.15,8.850000000000001,-0.01882795363999823,0.002091012136052798,0.0
LiCl-NaCl,Li,li2720,0.15,8.95,-0.013952587311463871,0.0032568312173596927,0.0
LiCl-NaCl,Li,li2720,0.15,9.05,-0.004634646045460267,0.0034560886017280697,0.0
LiCl-NaCl,Li,li2720,0.15,9.15,0.0030985718637470683,0.0011749526508885448,0.0
LiCl-NaCl,Li,li2720,0.15,9.25,0.011214271014275301,0.001425583527666387,0.0
LiCl-NaCl,Li,li2720,0.15,9.350000000000001,0.016609065972995385,0.0036670779916159074,0.0
LiCl-NaCl,Li,li2720,0.15,9.45,0.020637535969365906,0.0027068812817221564,0.0
LiCl-NaCl,Li,li2720,0.15,9.55,0.025839230437510463,0.004934278124730594,0.0
LiCl-NaCl,Li,li2720,0.15,9.650000000000002,0.0276303971472478,0.003028159425393762,0.0
LiCl-NaCl,Li,li2720,0.15,9.75,0.029566993691189425,0.0027345856738514892,0.0
LiCl-NaCl,Li,li2720,0.15,9.850000000000001,0.027613265498813377,0.003789104680238641,0.0
LiCl-NaCl,Li,li2720,0.15,9.95,0.027042019485849278,0.002819150352126371,0.0
LiCl-NaCl,Li,li2720,0.15,10.05,0.026194060455017376,0.003999292969358747,0.0
LiCl-NaCl,Li,li2720,0.15,10.150000000000002,0.024373834626695734,0.0022300391820977102,0.0
LiCl-NaCl,Li,li2720,0.15,10.25,0.020306489267853056,0.0031763351624258342,0.0
LiCl-NaCl,Li,li2720,0.15,10.350000000000001,0.016692238245908042,0.0022277086765282875,0.0
LiCl-NaCl,Li,li2720,0.15,10.45,0.011534782728985893,0.0049962745909754806,0.0
LiCl-NaCl,Li,li2720,0.15,10.55,0.008523183270892631,0.0014338311408119801,0.0
LiCl-NaCl,Li,li2720,0.15,10.650000000000002,0.005071660784168652,0.0019842678559834704,0.0
LiCl-NaCl,Li,li2720,0.15,10.75,0.0016848773334080525,0.0025730841303891415,0.0
LiCl-NaCl,Li,li2720,0.15,10.850000000000001,-0.003085361890939442,0.0028661949518509603,0.0
LiCl-NaCl,Li,li2720,0.15,10.95,-0.009258928570839542,0.003960869265723508,0.0
LiCl-NaCl,Li,li2720,0.15,11.05,-0.01148975681239639,0.002211081431504052,0.0
LiCl-NaCl,Li,li2720,0.15,11.150000000000002,-0.012618157145704467,0.0029133668271422654,0.0
LiCl-NaCl,Li,li2720,0.15,11.25,-0.014289744273839666,0.0018735773478801643,0.0
LiCl-NaCl,Li,li2720,0.15,11.350000000000001,-0.016751484029847052,0.001239366505541149,0.0
LiCl-NaCl,Li,li2720,0.15,11.45,-0.016101264908748636,0.001706928464535218,0.0
LiCl-NaCl,Li,li2720,0.15,11.55,-0.018081633122460028,0.004040987073940049,0.0
LiCl-NaCl,Li,li2720,0.15,11.650000000000002,-0.01703880767231758,0.0038048058380345416,0.0
LiCl-NaCl,Li,li2720,0.15,11.75,-0.015568418296188824,0.003455348636131667,0.0
LiCl-NaCl,Li,li2720,0.15,11.850000000000001,-0.016172834366894318,0.0028370788785748793,0.0
LiCl-NaCl,Li,li2720,0.15,11.95,-0.012780793168581939,0.0026356557080917144,0.0
LiCl-NaCl,Li,li2560,0.2,0.05,nan,nan,0.0
LiCl-NaCl,Li,li2560,0.2,0.15000000000000002,nan,nan,0.0
LiCl-NaCl,Li,li2560,0.2,0.25,nan,nan,0.0
LiCl-NaCl,Li,li2560,0.2,0.35000000000000003,nan,nan,0.0
LiCl-NaCl,Li,li2560,0.2,0.45,nan,nan,0.0
LiCl-NaCl,Li,li2560,0.2,0.55,nan,nan,0.0
LiCl-NaCl,Li,li2560,0.2,0.6500000000000001,nan,nan,0.0
LiCl-NaCl,Li,li2560,0.2,0.75,nan,nan,0.0
LiCl-NaCl,Li,li2560,0.2,0.8500000000000001,nan,nan,0.0
LiCl-NaCl,Li,li2560,0.2,0.95,nan,nan,0.0
LiCl-NaCl,Li,li2560,0.2,1.05,nan,nan,0.0
LiCl-NaCl,Li,li2560,0.2,1.1500000000000001,nan,nan,0.0
LiCl-NaCl,Li,li2560,0.2,1.25,nan,nan,0.0
LiCl-NaCl,Li,li2560,0.2,1.35,nan,nan,0.0
LiCl-NaCl,Li,li2560,0.2,1.4500000000000002,nan,nan,0.0
LiCl-NaCl,Li,li2560,0.2,1.55,nan,nan,0.0
LiCl-NaCl,Li,li2560,0.2,1.6500000000000001,nan,nan,0.0
LiCl-NaCl,Li,li2560,0.2,1.75,nan,nan,0.0
LiCl-NaCl,Li,li2560,0.2,1.85,1.0,0.0,0.0
LiCl-NaCl,Li,li2560,0.2,1.9500000000000002,1.0,0.0,0.0
LiCl-NaCl,Li,li2560,0.2,2.05,0.9681628184713376,0.07983461450917216,0.0
LiCl-NaCl,Li,li2560,0.2,2.1500000000000004,0.9380870664739884,0.024955226808028672,0.0
LiCl-NaCl,Li,li2560,0.2,2.25,0.8812574237309327,0.019398909551647997,0.0
LiCl-NaCl,Li,li2560,0.2,2.3500000000000005,0.8599877450980392,0.023251727081618004,0.0
LiCl-NaCl,Li,li2560,0.2,2.45,0.8189820595428947,0.012877563336106868,0.0
LiCl-NaCl,Li,li2560,0.2,2.55,0.7644966947115385,0.01456272215883061,0.0
LiCl-NaCl,Li,li2560,0.2,2.6500000000000004,0.7002011697763016,0.004132327030207691,0.0
LiCl-NaCl,Li,li2560,0.2,2.75,0.6405828977150249,0.008897709609958514,0.0
LiCl-NaCl,Li,li2560,0.2,2.8500000000000005,0.5588931018624819,0.0068579179320357175,0.0
LiCl-NaCl,Li,li2560,0.2,2.95,0.48076998851770436,0.008230074240276296,0.0
LiCl-NaCl,Li,li2560,0.2,3.05,0.4029569441813716,0.007259604763807107,0.0
LiCl-NaCl,Li,li2560,0.2,3.1500000000000004,0.3241561255552391,0.005366447232768033,0.0
LiCl-NaCl,Li,li2560,0.2,3.25,0.25408719113955613,0.007296006015066228,0.0
LiCl-NaCl,Li,li2560,0.2,3.3500000000000005,0.1842553832988012,0.006481743388899373,0.0
LiCl-NaCl,Li,li2560,0.2,3.45,0.1305254638682708,0.002995963007306905,0.0
LiCl-NaCl,Li,li2560,0.2,3.55,0.07636923474673618,0.008232522313588557,0.0
LiCl-NaCl,Li,li2560,0.2,3.6500000000000004,0.031671927263780764,0.005312272997893007,0.0
LiCl-NaCl,Li,li2560,0.2,3.75,-0.0011353227331998283,0.006119291988108487,0.0
LiCl-NaCl,Li,li2560,0.2,3.8500000000000005,-0.032931235273385706,0.005380729315896924,0.0
LiCl-NaCl,Li,li2560,0.2,3.95,-0.052369186456051375,0.0042683486861116084,0.0
LiCl-NaCl,Li,li2560,0.2,4.050000000000001,-0.0650175380264566,0.0061775549419495635,0.0
LiCl-NaCl,Li,li2560,0.2,4.15,-0.07634409003733289,0.006972170253513726,0.0
LiCl-NaCl,Li,li2560,0.2,4.25,-0.08441346708046682,0.005100201549801254,0.0
LiCl-NaCl,Li,li2560,0.2,4.35,-0.0932949845960791,0.006211345141930379,0.0
LiCl-NaCl,Li,li2560,0.2,4.45,-0.1065740632075991,0.004843238546582634,0.0
LiCl-NaCl,Li,li2560,0.2,4.550000000000001,-0.11555911086185877,0.005756852411819865,0.0
LiCl-NaCl,Li,li2560,0.2,4.65,-0.1446561609618937,0.0036137689289057373,0.0
LiCl-NaCl,Li,li2560,0.2,4.75,-0.15946309507407297,0.0072141053961497295,0.0
LiCl-NaCl,Li,li2560,0.2,4.8500000000000005,-0.17325860422683514,0.0037383488386918007,0.0
LiCl-NaCl,Li,li2560,0.2,4.95,-0.18104550203232805,0.002516578040070445,0.0
LiCl-NaCl,Li,li2560,0.2,5.050000000000001,-0.1776791352152458,0.00870008648516911,0.0
LiCl-NaCl,Li,li2560,0.2,5.15,-0.15835832973781616,0.0073590693771583655,0.0
LiCl-NaCl,Li,li2560,0.2,5.25,-0.13530205750712287,0.005001316784942126,0.0
LiCl-NaCl,Li,li2560,0.2,5.3500000000000005,-0.1135151356686499,0.00321159417371264,0.0
LiCl-NaCl,Li,li2560,0.2,5.45,-0.07849110158327144,0.006069566453236739,0.0
LiCl-NaCl,Li,li2560,0.2,5.550000000000001,-0.050372593735747095,0.005959144532510157,0.0
LiCl-NaCl,Li,li2560,0.2,5.65,-0.019373751834758757,0.004042870904069244,0.0
LiCl-NaCl,Li,li2560,0.2,5.75,0.013088640912250482,0.0038122147344833404,0.0
LiCl-NaCl,Li,li2560,0.2,5.8500000000000005,0.03253402068177269,0.005047960247868046,0.0
LiCl-NaCl,Li,li2560,0.2,5.95,0.051874794850803374,0.0057640597271690274,0.0
LiCl-NaCl,Li,li2560,0.2,6.050000000000001,0.06940554310175306,0.0026101330709593345,0.0
LiCl-NaCl,Li,li2560,0.2,6.15,0.07887760601410498,0.005553285619006969,0.0
LiCl-NaCl,Li,li2560,0.2,6.25,0.08639055048006339,0.003207309125523899,0.0
LiCl-NaCl,Li,li2560,0.2,6.3500000000000005,0.08851241591542158,0.004702373404949313,0.0
LiCl-NaCl,Li,li2560,0.2,6.45,0.08780667196437608,0.0035636339960197433,0.0
LiCl-NaCl,Li,li2560,0.2,6.550000000000001,0.08138863737460322,0.005754673695080296,0.0
LiCl-NaCl,Li,li2560,0.2,6.65,0.07566046473805643,0.0027102805082711997,0.0
LiCl-NaCl,Li,li2560,0.2,6.75,0.06640834286470332,0.005162890427337351,0.0
LiCl-NaCl,Li,li2560,0.2,6.8500000000000005,0.06273534777994183,0.005110102951556166,0.0
LiCl-NaCl,Li,li2560,0.2,6.95,0.04857302375385031,0.002757248909641221,0.0
LiCl-NaCl,Li,li2560,0.2,7.050000000000001,0.04013019899897097,0.003279236660684983,0.0
LiCl-NaCl,Li,li2560,0.2,7.15,0.02789671486195411,0.0029857000260319227,0.0
LiCl-NaCl,Li,li2560,0.2,7.25,0.017563561417873963,0.0025020268053124175,0.0
LiCl-NaCl,Li,li2560,0.2,7.3500000000000005,0.00679580005173952,0.004077137247571168,0.0
LiCl-NaCl,Li,li2560,0.2,7.45,-0.001961188470844588,0.004744242175652493,0.0
LiCl-NaCl,Li,li2560,0.2,7.550000000000001,-0.01137797194092216,0.006013047661642583,0.0
LiCl-NaCl,Li,li2560,0.2,7.65,-0.01891616841531163,0.0037841024075905096,0.0
LiCl-NaCl,Li,li2560,0.2,7.75,-0.027760831057100033,0.003251514805470658,0.0
LiCl-NaCl,Li,li2560,0.2,7.8500000000000005,-0.03530223501707974,0.0028463588229044505,0.0
LiCl-NaCl,Li,li2560,0.2,7.95,-0.03552176949927799,0.0018391286833553298,0.0
LiCl-NaCl,Li,li2560,0.2,8.05,-0.04256164838143017,0.002452455737016052,0.0
LiCl-NaCl,Li,li2560,0.2,8.15,-0.046670760757383745,0.003549533623019593,0.0
LiCl-NaCl,Li,li2560,0.2,8.25,-0.044786940920856555,0.0017286300787261789,0.0
LiCl-NaCl,Li,li2560,0.2,8.350000000000001,-0.04193464419883841,0.005461438230387376,0.0
LiCl-NaCl,Li,li2560,0.2,8.45,-0.040658704360661435,0.0021636657301638226,0.0
LiCl-NaCl,Li,li2560,0.2,8.55,-0.03637229600916392,0.0029890825901061147,0.0
LiCl-NaCl,Li,li2560,0.2,8.65,-0.03282865803639301,0.0020772834459157835,0.0
LiCl-NaCl,Li,li2560,0.2,8.75,-0.026653309655369828,0.002664165059564565,0.0
LiCl-NaCl,Li,li2560,0.2,8.850000000000001,-0.020360369190983718,0.002012862351648071,0.0
LiCl-NaCl,Li,li2560,0.2,8.95,-0.014693772078633316,0.002179773385093259,0.0
LiCl-NaCl,Li,li2560,0.2,9.05,-0.005582195654212807,0.002856281303418343,0.0
LiCl-NaCl,Li,li2560,0.2,9.15,0.0013404441253180854,0.0017403004601049025,0.0
LiCl-NaCl,Li,li2560,0.2,9.25,0.005918568400361868,0.0032947613694597534,0.0
LiCl-NaCl,Li,li2560,0.2,9.350000000000001,0.01395434762256964,0.0024518577176262614,0.0
LiCl-NaCl,Li,li2560,0.2,9.45,0.017017686329789172,0.001680426560035375,0.0
LiCl-NaCl,Li,li2560,0.2,9.55,0.021932190557288567,0.0027774126720308376,0.0
LiCl-NaCl,Li,li2560,0.2,9.650000000000002,0.02548614408720884,0.0021487071516705304,0.0
LiCl-NaCl,Li,li2560,0.2,9.75,0.027460939092428638,0.0015731763770211295,0.0
LiCl-NaCl,Li,li2560,0.2,9.850000000000001,0.02842241954618363,0.00287120526876014,0.0
LiCl-NaCl,Li,li2560,0.2,9.95,0.026317196103200047,0.0027868850802358117,0.0
LiCl-NaCl,Li,li2560,0.2,10.05,0.02412804883002362,0.0036210690814138893,0.0
LiCl-NaCl,Li,li2560,0.2,10.150000000000002,0.021982826678472067,0.0010494271154758285,0.0
LiCl-NaCl,Li,li2560,0.2,10.25,0.019690388406714998,0.0017667670348038963,0.0
LiCl-NaCl,Li,li2560,0.2,10.350000000000001,0.015099776951843169,0.0014714904187933162,0.0
LiCl-NaCl,Li,li2560,0.2,10.45,0.011295715816183494,0.002781161780545949,0.0
LiCl-NaCl,Li,li2560,0.2,10.55,0.01039639361403577,0.001816431601868404,0.0
LiCl-NaCl,Li,li2560,0.2,10.650000000000002,0.005639639795936846,0.002142169369325056,0.0
LiCl-NaCl,Li,li2560,0.2,10.75,0.0029412516047840898,0.003032587827420919,0.0
LiCl-NaCl,Li,li2560,0.2,10.850000000000001,-0.0013680179836206285,0.0031623920327935586,0.0
LiCl-NaCl,Li,li2560,0.2,10.95,-0.00415623282056643,0.0030672471646260918,0.0
LiCl-NaCl,Li,li2560,0.2,11.05,-0.00832836844513074,0.0012752656595161334,0.0
LiCl-NaCl,Li,li2560,0.2,11.150000000000002,-0.013383083558963227,0.0023033397338461594,0.0
LiCl-NaCl,Li,li2560,0.2,11.25,-0.011820717831316996,0.0017746751166755374,0.0
LiCl-NaCl,Li,li2560,0.2,11.350000000000001,-0.015713990648291265,0.003287970666225081,0.0
LiCl-NaCl,Li,li2560,0.2,11.45,-0.015014334627908132,0.0028125449501041075,0.0
LiCl-NaCl,Li,li2560,0.2,11.55,-0.016213333607804303,0.0017336320285433152,0.0
LiCl-NaCl,Li,li2560,0.2,11.650000000000002,-0.014241203864860275,0.0011295720880390115,0.0
LiCl-NaCl,Li,li2560,0.2,11.75,-0.015138985635860136,0.003384886717800007,0.0
LiCl-NaCl,Li,li2560,0.2,11.850000000000001,-0.011066729650992979,0.0020882092150073237,0.0
LiCl-NaCl,Li,li2560,0.2,11.95,-0.013959626452858531,0.0016219501160507795,0.0
LiCl-NaCl,Li,li2400,0.25,0.05,nan,nan,0.0
LiCl-NaCl,Li,li2400,0.25,0.15000000000000002,nan,nan,0.0
LiCl-NaCl,Li,li2400,0.25,0.25,nan,nan,0.0
LiCl-NaCl,Li,li2400,0.25,0.35000000000000003,nan,nan,0.0
LiCl-NaCl,Li,li2400,0.25,0.45,nan,nan,0.0
LiCl-NaCl,Li,li2400,0.25,0.55,nan,nan,0.0
LiCl-NaCl,Li,li2400,0.25,0.6500000000000001,nan,nan,0.0
LiCl-NaCl,Li,li2400,0.25,0.75,nan,nan,0.0
LiCl-NaCl,Li,li2400,0.25,0.8500000000000001,nan,nan,0.0
LiCl-NaCl,Li,li2400,0.25,0.95,nan,nan,0.0
LiCl-NaCl,Li,li2400,0.25,1.05,nan,nan,0.0
LiCl-NaCl,Li,li2400,0.25,1.1500000000000001,nan,nan,0.0
LiCl-NaCl,Li,li2400,0.25,1.25,nan,nan,0.0
LiCl-NaCl,Li,li2400,0.25,1.35,nan,nan,0.0
LiCl-NaCl,Li,li2400,0.25,1.4500000000000002,nan,nan,0.0
LiCl-NaCl,Li,li2400,0.25,1.55,nan,nan,0.0
LiCl-NaCl,Li,li2400,0.25,1.6500000000000001,nan,nan,0.0
LiCl-NaCl,Li,li2400,0.25,1.75,1.0,nan,0.0
LiCl-NaCl,Li,li2400,0.25,1.85,1.0,0.0,0.0
LiCl-NaCl,Li,li2400,0.25,1.9500000000000002,1.0,0.0,0.0
LiCl-NaCl,Li,li2400,0.25,2.05,0.9587757731958763,0.034104590852237306,0.0
LiCl-NaCl,Li,li2400,0.25,2.1500000000000004,0.9450343642611684,0.05094012998764934,0.0
LiCl-NaCl,Li,li2400,0.25,2.25,0.8971275933609959,0.020161708039908233,0.0
LiCl-NaCl,Li,li2400,0.25,2.3500000000000005,0.8568466587112171,0.012162550613510294,0.0
LiCl-NaCl,Li,li2400,0.25,2.45,0.8076753507014027,0.01727674619327749,0.0
LiCl-NaCl,Li,li2400,0.25,2.55,0.7515687588479658,0.013316613333373315,0.0
LiCl-NaCl,Li,li2400,0.25,2.6500000000000004,0.6924202255118613,0.006994718750537401,0.0
LiCl-NaCl,Li,li2400,0.25,2.75,0.6171139822447685,0.005621621237081564,0.0
LiCl-NaCl,Li,li2400,0.25,2.8500000000000005,0.5391080337790863,0.007602310924383081,0.0
LiCl-NaCl,Li,li2400,0.25,2.95,0.4554047819689101,0.0056921976573378885,0.0
LiCl-NaCl,Li,li2400,0.25,3.05,0.378177270188225,0.007965056014882656,0.0
LiCl-NaCl,Li,li2400,0.25,3.1500000000000004,0.3038064979776254,0.011105512455242309,0.0
LiCl-NaCl,Li,li2400,0.25,3.25,0.23777514103059139,0.007511241535463265,0.0
LiCl-NaCl,Li,li2400,0.25,3.3500000000000005,0.16765252768257966,0.005880535173169428,0.0
LiCl-NaCl,Li,li2400,0.25,3.45,0.11201190560712826,0.008696192466238806,0.0
LiCl-NaCl,Li,li2400,0.25,3.55,0.06213182433545816,0.004800167326925833,0.0
LiCl-NaCl,Li,li2400,0.25,3.6500000000000004,0.03013485992449827,0.002639320017411708,0.0
LiCl-NaCl,Li,li2400,0.25,3.75,-0.010940296378225689,0.0008081775458244478,0.0
LiCl-NaCl,Li,li2400,0.25,3.8500000000000005,-0.038573815489107766,0.002700207599704585,0.0
LiCl-NaCl,Li,li2400,0.25,3.95,-0.05415070519931153,0.003824739246135073,0.0
LiCl-NaCl,Li,li2400,0.25,4.050000000000001,-0.0700472335042237,0.0066195159276454,0.0
LiCl-NaCl,Li,li2400,0.25,4.15,-0.07514616462267454,0.0075666157994290426,0.0
LiCl-NaCl,Li,li2400,0.25,4.25,-0.0821096840563369,0.003512685064626595,0.0
LiCl-NaCl,Li,li2400,0.25,4.35,-0.08696370595754477,0.0043592928332270835,0.0
LiCl-NaCl,Li,li2400,0.25,4.45,-0.099995478709481,0.004366850242915967,0.0
LiCl-NaCl,Li,li2400,0.25,4.550000000000001,-0.11450387380804772,0.0032086670262137275,0.0
LiCl-NaCl,Li,li2400,0.25,4.65,-0.1324285354148551,0.008069728776171957,0.0
LiCl-NaCl,Li,li2400,0.25,4.75,-0.15391155188036132,0.0036566247058734272,0.0
LiCl-NaCl,Li,li2400,0.25,4.8500000000000005,-0.17005656603949237,0.004069888764410499,0.0
LiCl-NaCl,Li,li2400,0.25,4.95,-0.171121709791207,0.007276297114363266,0.0
LiCl-NaCl,Li,li2400,0.25,5.050000000000001,-0.1669538993509554,0.003979527307543464,0.0
LiCl-NaCl,Li,li2400,0.25,5.15,-0.15177153427866408,0.005294549585490326,0.0
LiCl-NaCl,Li,li2400,0.25,5.25,-0.1365523819026644,0.0066806196973565185,0.0
LiCl-NaCl,Li,li2400,0.25,5.3500000000000005,-0.1079607602479129,0.0039858129247917805,0.0
LiCl-NaCl,Li,li2400,0.25,5.45,-0.0790951458984166,0.0069623186287932366,0.0
LiCl-NaCl,Li,li2400,0.25,5.550000000000001,-0.046287607752228066,0.0036469932920091424,0.0
LiCl-NaCl,Li,li2400,0.25,5.65,-0.016258087137060784,0.0033166974624912605,0.0
LiCl-NaCl,Li,li2400,0.25,5.75,0.009690260134033513,0.003851577469131346,0.0
LiCl-NaCl,Li,li2400,0.25,5.8500000000000005,0.031023690144568405,0.0043957109239781455,0.0
LiCl-NaCl,Li,li2400,0.25,5.95,0.05116316017760192,0.005240780968127695,0.0
LiCl-NaCl,Li,li2400,0.25,6.050000000000001,0.06230879407482037,0.0043054949410401624,0.0
LiCl-NaCl,Li,li2400,0.25,6.15,0.07323504975175621,0.002687073937749158,0.0
LiCl-NaCl,Li,li2400,0.25,6.25,0.07922768782423595,0.004791804765012636,0.0
LiCl-NaCl,Li,li2400,0.25,6.3500000000000005,0.08220301880475822,0.001848270615000015,0.0
LiCl-NaCl,Li,li2400,0.25,6.45,0.07895587694110473,0.0034336949340922226,0.0
LiCl-NaCl,Li,li2400,0.25,6.550000000000001,0.08041999786142828,0.0013414454538752457,0.0
LiCl-NaCl,Li,li2400,0.25,6.65,0.06973208955594357,0.0016576146800014965,0.0
LiCl-NaCl,Li,li2400,0.25,6.75,0.06301437325230108,0.0038901760957296724,0.0
LiCl-NaCl,Li,li2400,0.25,6.8500000000000005,0.05691623350772146,0.002305055262413993,0.0
LiCl-NaCl,Li,li2400,0.25,6.95,0.045434734000041055,0.0034527345134319092,0.0
LiCl-NaCl,Li,li2400,0.25,7.050000000000001,0.035729123449660505,0.004162105813398347,0.0
LiCl-NaCl,Li,li2400,0.25,7.15,0.025614083922994135,0.0024724997949051807,0.0
LiCl-NaCl,Li,li2400,0.25,7.25,0.01708980641427027,0.004324475658992444,0.0
LiCl-NaCl,Li,li2400,0.25,7.3500000000000005,0.006312055981931297,0.0030479710757499896,0.0
LiCl-NaCl,Li,li2400,0.25,7.45,-0.003907233391252873,0.0024649476857504945,0.0
LiCl-NaCl,Li,li2400,0.25,7.550000000000001,-0.010349779280383942,0.0040084554326464935,0.0
LiCl-NaCl,Li,li2400,0.25,7.65,-0.018529858140905908,0.0027100224113296456,0.0
LiCl-NaCl,Li,li2400,0.25,7.75,-0.024931935933951266,0.002386021096804358,0.0
LiCl-NaCl,Li,li2400,0.25,7.8500000000000005,-0.03399406890619927,0.0035091666662669576,0.0
LiCl-NaCl,Li,li2400,0.25,7.95,-0.03886898481369694,0.0016511452397304737,0.0
LiCl-NaCl,Li,li2400,0.25,8.05,-0.03980780408498519,0.003693569207928063,0.0
LiCl-NaCl,Li,li2400,0.25,8.15,-0.04403252756056175,0.0013602002877946846,0.0
LiCl-NaCl,Li,li2400,0.25,8.25,-0.04302079458249808,0.0037679854537742046,0.0
LiCl-NaCl,Li,li2400,0.25,8.350000000000001,-0.043135314541644654,0.001960807464308989,0.0
LiCl-NaCl,Li,li2400,0.25,8.45,-0.040249479666418564,0.0019778484746837393,0.0
LiCl-NaCl,Li,li2400,0.25,8.55,-0.03465954704848517,0.002139956236473055,0.0
LiCl-NaCl,Li,li2400,0.25,8.65,-0.03241534579573524,0.0032487725519540246,0.0
LiCl-NaCl,Li,li2400,0.25,8.75,-0.025967516806563173,0.002316454915258269,0.0
LiCl-NaCl,Li,li2400,0.25,8.850000000000001,-0.020382696712258452,0.0019768184495199755,0.0
LiCl-NaCl,Li,li2400,0.25,8.95,-0.013961869490711543,0.0036300023320370075,0.0
LiCl-NaCl,Li,li2400,0.25,9.05,-0.007534789210432269,0.002152644864464295,0.0
LiCl-NaCl,Li,li2400,0.25,9.15,4.381511193063403e-05,0.003472419412776442,0.0
LiCl-NaCl,Li,li2400,0.25,9.25,0.005136330356050878,0.0031194086906173113,0.0
LiCl-NaCl,Li,li2400,0.25,9.350000000000001,0.012238250111632265,0.0008063171081621147,0.0
LiCl-NaCl,Li,li2400,0.25,9.45,0.016258011192362698,0.00326742589105242,0.0
LiCl-NaCl,Li,li2400,0.25,9.55,0.018777724029575227,0.003117552860549625,0.0
LiCl-NaCl,Li,li2400,0.25,9.650000000000002,0.020850206954283967,0.0018587249212220717,0.0
LiCl-NaCl,Li,li2400,0.25,9.75,0.02338023554603852,0.002464438602174246,0.0
LiCl-NaCl,Li,li2400,0.25,9.850000000000001,0.02370757934506973,0.0021283022016637446,0.0
LiCl-NaCl,Li,li2400,0.25,9.95,0.02401579557159761,0.0006713628305524155,0.0
LiCl-NaCl,Li,li2400,0.25,10.05,0.021957055646189327,0.0017607647245062336,0.0
LiCl-NaCl,Li,li2400,0.25,10.150000000000002,0.020865507585944854,0.0030874879378259452,0.0
LiCl-NaCl,Li,li2400,0.25,10.25,0.017943897853020307,0.001298897700525756,0.0
LiCl-NaCl,Li,li2400,0.25,10.350000000000001,0.01675837436411698,0.0019084774625853938,0.0
LiCl-NaCl,Li,li2400,0.25,10.45,0.01163501797715083,0.0023748207606994753,0.0
LiCl-NaCl,Li,li2400,0.25,10.55,0.00991357035859708,0.0031631265526104084,0.0
LiCl-NaCl,Li,li2400,0.25,10.650000000000002,0.006835857983172988,0.00233726665472741,0.0
LiCl-NaCl,Li,li2400,0.25,10.75,0.0036502254669904532,0.0026237710356589424,0.0
LiCl-NaCl,Li,li2400,0.25,10.850000000000001,-0.00041819047955482525,0.0020299503699622943,0.0
LiCl-NaCl,Li,li2400,0.25,10.95,-0.0046271640831534455,0.0012537721359396736,0.0
LiCl-NaCl,Li,li2400,0.25,11.05,-0.007828544982780183,0.0021152964767964366,0.0
LiCl-NaCl,Li,li2400,0.25,11.150000000000002,-0.010905700155207754,0.0017267563698594715,0.0
LiCl-NaCl,Li,li2400,0.25,11.25,-0.010838242221993477,0.003824953349374444,0.0
LiCl-NaCl,Li,li2400,0.25,11.350000000000001,-0.014664143625577664,0.002370342933977715,0.0
LiCl-NaCl,Li,li2400,0.25,11.45,-0.015155048711175567,0.0027432460129668767,0.0
LiCl-NaCl,Li,li2400,0.25,11.55,-0.012966127986264064,0.0020281588932437988,0.0
LiCl-NaCl,Li,li2400,0.25,11.650000000000002,-0.014136584154395004,0.002037320849473999,0.0
LiCl-NaCl,Li,li2400,0.25,11.75,-0.014036546158182839,0.001353767127459228,0.0
LiCl-NaCl,Li,li2400,0.25,11.850000000000001,-0.014648842634856996,0.002243528880211915,0.0
LiCl-NaCl,Li,li2400,0.25,11.95,-0.010694314751596101,0.002051036090143363,0.0
LiCl-NaCl,Li,li2240,0.3,0.05,nan,nan,0.0
LiCl-NaCl,Li,li2240,0.3,0.15000000000000002,nan,nan,0.0
LiCl-NaCl,Li,li2240,0.3,0.25,nan,nan,0.0
LiCl-NaCl,Li,li2240,0.3,0.35000000000000003,nan,nan,0.0
LiCl-NaCl,Li,li2240,0.3,0.45,nan,nan,0.0
LiCl-NaCl,Li,li2240,0.3,0.55,nan,nan,0.0
LiCl-NaCl,Li,li2240,0.3,0.6500000000000001,nan,nan,0.0
LiCl-NaCl,Li,li2240,0.3,0.75,nan,nan,0.0
LiCl-NaCl,Li,li2240,0.3,0.8500000000000001,nan,nan,0.0
LiCl-NaCl,Li,li2240,0.3,0.95,nan,nan,0.0
LiCl-NaCl,Li,li2240,0.3,1.05,nan,nan,0.0
LiCl-NaCl,Li,li2240,0.3,1.1500000000000001,nan,nan,0.0
LiCl-NaCl,Li,li2240,0.3,1.25,nan,nan,0.0
LiCl-NaCl,Li,li2240,0.3,1.35,nan,nan,0.0
LiCl-NaCl,Li,li2240,0.3,1.4500000000000002,nan,nan,0.0
LiCl-NaCl,Li,li2240,0.3,1.55,nan,nan,0.0
LiCl-NaCl,Li,li2240,0.3,1.6500000000000001,nan,nan,0.0
LiCl-NaCl,Li,li2240,0.3,1.75,1.0,nan,0.0
LiCl-NaCl,Li,li2240,0.3,1.85,1.0,0.0,0.0
LiCl-NaCl,Li,li2240,0.3,1.9500000000000002,0.9319940476190476,0.4967487125015158,0.0
LiCl-NaCl,Li,li2240,0.3,2.05,0.9563455240174672,0.04346828259424233,0.0
LiCl-NaCl,Li,li2240,0.3,2.1500000000000004,0.9232485604606526,0.02884526210898817,0.0
LiCl-NaCl,Li,li2240,0.3,2.25,0.894244635728543,0.016920679964618806,0.0
LiCl-NaCl,Li,li2240,0.3,2.3500000000000005,0.8421824250321022,0.010781369318015321,0.0
LiCl-NaCl,Li,li2240,0.3,2.45,0.8007168625409105,0.010171372440169425,0.0
LiCl-NaCl,Li,li2240,0.3,2.55,0.7394462091175134,0.00650665262004792,0.0
LiCl-NaCl,Li,li2240,0.3,2.6500000000000004,0.6703343916714082,0.0068112524600578974,0.0
LiCl-NaCl,Li,li2240,0.3,2.75,0.5914630351357816,0.010811784443969845,0.0
LiCl-NaCl,Li,li2240,0.3,2.8500000000000005,0.5176926737589556,0.007053411682382745,0.0
LiCl-NaCl,Li,li2240,0.3,2.95,0.43857525191876556,0.010831520351298713,0.0
LiCl-NaCl,Li,li2240,0.3,3.05,0.3584282822940069,0.005427949546319906,0.0
LiCl-NaCl,Li,li2240,0.3,3.1500000000000004,0.28099333846915153,0.00783352476161715,0.0
LiCl-NaCl,Li,li2240,0.3,3.25,0.2176983034271075,0.006487123883671806,0.0
LiCl-NaCl,Li,li2240,0.3,3.3500000000000005,0.1486010063397495,0.008220284894019412,0.0
LiCl-NaCl,Li,li2240,0.3,3.45,0.09918728511098884,0.004414182547541857,0.0
LiCl-NaCl,Li,li2240,0.3,3.55,0.05242365875071464,0.00654515173116703,0.0
LiCl-NaCl,Li,li2240,0.3,3.6500000000000004,0.01626229328514439,0.003750269525715656,0.0
LiCl-NaCl,Li,li2240,0.3,3.75,-0.01318469106453768,0.004445272480125839,0.0
LiCl-NaCl,Li,li2240,0.3,3.8500000000000005,-0.03776729036681381,0.004872109597889127,0.0
LiCl-NaCl,Li,li2240,0.3,3.95,-0.05547842886146537,0.005416894356329102,0.0
LiCl-NaCl,Li,li2240,0.3,4.050000000000001,-0.0590526636062616,0.004380200002665485,0.0
LiCl-NaCl,Li,li2240,0.3,4.15,-0.06984443535767948,0.004198392547818163,0.0
LiCl-NaCl,Li,li2240,0.3,4.25,-0.07886933134702101,0.004352839292665458,0.0
LiCl-NaCl,Li,li2240,0.3,4.35,-0.0837096780043145,0.0054230016308279465,0.0
LiCl-NaCl,Li,li2240,0.3,4.45,-0.09555547888203297,0.003239165939965104,0.0
LiCl-NaCl,Li,li2240,0.3,4.550000000000001,-0.10976566863006632,0.005884991655501427,0.0
LiCl-NaCl,Li,li2240,0.3,4.65,-0.12258368099759265,0.003975551919074335,0.0
LiCl-NaCl,Li,li2240,0.3,4.75,-0.14279981803907282,0.002340845895380326,0.0
LiCl-NaCl,Li,li2240,0.3,4.8500000000000005,-0.1554055351557455,0.0035518958809373394,0.0
LiCl-NaCl,Li,li2240,0.3,4.95,-0.15843422461399737,0.007449606812175972,0.0
LiCl-NaCl,Li,li2240,0.3,5.050000000000001,-0.1556116773800229,0.003496740748526583,0.0
LiCl-NaCl,Li,li2240,0.3,5.15,-0.1460147779016756,0.008281663169030944,0.0
LiCl-NaCl,Li,li2240,0.3,5.25,-0.12241497573499527,0.003069237598209466,0.0
LiCl-NaCl,Li,li2240,0.3,5.3500000000000005,-0.10251216366942928,0.0046727867084623035,0.0
LiCl-NaCl,Li,li2240,0.3,5.45,-0.07301421772541894,0.006804485736853284,0.0
LiCl-NaCl,Li,li2240,0.3,5.550000000000001,-0.044737174306401783,0.004676293948520647,0.0
LiCl-NaCl,Li,li2240,0.3,5.65,-0.020204747657173394,0.006283509464075314,0.0
LiCl-NaCl,Li,li2240,0.3,5.75,0.003179591689483674,0.005346628444700881,0.0
LiCl-NaCl,Li,li2240,0.3,5.8500000000000005,0.02832173620010703,0.004354707786427442,0.0
LiCl-NaCl,Li,li2240,0.3,5.95,0.04651207357067566,0.0016365869376419931,0.0
LiCl-NaCl,Li,li2240,0.3,6.050000000000001,0.06265354483902896,0.004776183584127266,0.0
LiCl-NaCl,Li,li2240,0.3,6.15,0.07309870108421979,0.004027340225525089,0.0
LiCl-NaCl,Li,li2240,0.3,6.25,0.07884231384066509,0.0036830355314956863,0.0
LiCl-NaCl,Li,li2240,0.3,6.3500000000000005,0.08039620429635841,0.0025617156319787814,0.0
LiCl-NaCl,Li,li2240,0.3,6.45,0.08266851873711623,0.0032651165163829527,0.0
LiCl-NaCl,Li,li2240,0.3,6.550000000000001,0.07673689531331096,0.0030615388559167046,0.0
LiCl-NaCl,Li,li2240,0.3,6.65,0.07086408872861194,0.002898982981205947,0.0
LiCl-NaCl,Li,li2240,0.3,6.75,0.0633765009230276,0.002159496433753633,0.0
LiCl-NaCl,Li,li2240,0.3,6.8500000000000005,0.05287197458609383,0.004214768108475961,0.0
LiCl-NaCl,Li,li2240,0.3,6.95,0.04735012907437319,0.0032159030195252018,0.0
LiCl-NaCl,Li,li2240,0.3,7.050000000000001,0.03710668198660705,0.0033496262664658165,0.0
LiCl-NaCl,Li,li2240,0.3,7.15,0.027629745538681805,0.0028807598414631983,0.0
LiCl-NaCl,Li,li2240,0.3,7.25,0.018851240210764786,0.0023244029396146844,0.0
LiCl-NaCl,Li,li2240,0.3,7.3500000000000005,0.008262142555924168,0.0032270697239550976,0.0
LiCl-NaCl,Li,li2240,0.3,7.45,-1.6279351474413062e-05,0.0024221983493248576,0.0
LiCl-NaCl,Li,li2240,0.3,7.550000000000001,-0.008085330725447593,0.00433470241607042,0.0
LiCl-NaCl,Li,li2240,0.3,7.65,-0.016060873369807105,0.002631971930788266,0.0
LiCl-NaCl,Li,li2240,0.3,7.75,-0.02351177114307812,0.002467332466957694,0.0
LiCl-NaCl,Li,li2240,0.3,7.8500000000000005,-0.02570644764337171,0.002854705453782963,0.0
LiCl-NaCl,Li,li2240,0.3,7.95,-0.03175379197608641,0.004747078645302009,0.0
LiCl-NaCl,Li,li2240,0.3,8.05,-0.035879799319288974,0.005877832619217568,0.0
LiCl-NaCl,Li,li2240,0.3,8.15,-0.03933038282119883,0.0024461712645344378,0.0
LiCl-NaCl,Li,li2240,0.3,8.25,-0.03772202437951622,0.0018842596551114496,0.0
LiCl-NaCl,Li,li2240,0.3,8.350000000000001,-0.03842347678777447,0.0017923443193099793,0.0
LiCl-NaCl,Li,li2240,0.3,8.45,-0.036292808374023044,0.002558520905071777,0.0
LiCl-NaCl,Li,li2240,0.3,8.55,-0.03542531042008412,0.001928518140463626,0.0
LiCl-NaCl,Li,li2240,0.3,8.65,-0.030073258617921983,0.0024115745004466087,0.0
LiCl-NaCl,Li,li2240,0.3,8.75,-0.023054343665362076,0.0029440196387484885,0.0
LiCl-NaCl,Li,li2240,0.3,8.850000000000001,-0.018262682568445765,0.0023801298878149695,0.0
LiCl-NaCl,Li,li2240,0.3,8.95,-0.012254659525356981,0.001786568483582244,0.0
LiCl-NaCl,Li,li2240,0.3,9.05,-0.00396648649620146,0.004812400247622474,0.0
LiCl-NaCl,Li,li2240,0.3,9.15,0.0008849437187105069,0.0023947711743917024,0.0
LiCl-NaCl,Li,li2240,0.3,9.25,0.004837090368103647,0.0015940686170825634,0.0
LiCl-NaCl,Li,li2240,0.3,9.350000000000001,0.011048321030506791,0.0029600474392474266,0.0
LiCl-NaCl,Li,li2240,0.3,9.45,0.01583599175324013,0.0031501318679411096,0.0
LiCl-NaCl,Li,li2240,0.3,9.55,0.020530134103851183,0.0035592234901203356,0.0
LiCl-NaCl,Li,li2240,0.3,9.650000000000002,0.022879235044952817,0.002143882460278463,0.0
LiCl-NaCl,Li,li2240,0.3,9.75,0.025370287356585308,0.0013228215066686407,0.0
LiCl-NaCl,Li,li2240,0.3,9.850000000000001,0.02330892085855596,0.002770215903578875,0.0
LiCl-NaCl,Li,li2240,0.3,9.95,0.022177406918948206,0.0027360636351221024,0.0
LiCl-NaCl,Li,li2240,0.3,10.05,0.0245067400743757,0.002440902352786875,0.0
LiCl-NaCl,Li,li2240,0.3,10.150000000000002,0.022451517674104138,0.0016407638706253786,0.0
LiCl-NaCl,Li,li2240,0.3,10.25,0.020425591779507535,0.0008701185951513158,0.0
LiCl-NaCl,Li,li2240,0.3,10.350000000000001,0.018482384879996094,0.0016293167506988356,0.0
LiCl-NaCl,Li,li2240,0.3,10.45,0.015600761766254467,0.002850392980230522,0.0
LiCl-NaCl,Li,li2240,0.3,10.55,0.010145224950941834,0.0017079628462884988,0.0
LiCl-NaCl,Li,li2240,0.3,10.650000000000002,0.008584821887798855,0.0025559027648516803,0.0
LiCl-NaCl,Li,li2240,0.3,10.75,0.004349597604817901,0.003115645524416843,0.0
LiCl-NaCl,Li,li2240,0.3,10.850000000000001,0.0017814683149445232,0.0025555570201621705,0.0
LiCl-NaCl,Li,li2240,0.3,10.95,-0.00173677942876993,0.0008831208991731992,0.0
LiCl-NaCl,Li,li2240,0.3,11.05,-0.004436292747734383,0.0009478178043685956,0.0
LiCl-NaCl,Li,li2240,0.3,11.150000000000002,-0.006506402015964197,0.0021707316596057177,0.0
LiCl-NaCl,Li,li2240,0.3,11.25,-0.009387980083901848,0.0023368012242852097,0.0
LiCl-NaCl,Li,li2240,0.3,11.350000000000001,-0.012417217917402024,0.0023762182734929174,0.0
LiCl-NaCl,Li,li2240,0.3,11.45,-0.01128067664809751,0.0027475314073700688,0.0
LiCl-NaCl,Li,li2240,0.3,11.55,-0.011992492225298301,0.0012089798707915797,0.0
LiCl-NaCl,Li,li2240,0.3,11.650000000000002,-0.011837439604467814,0.0014060026243969143,0.0
LiCl-NaCl,Li,li2240,0.3,11.75,-0.012312222590429078,0.002588808012026999,0.0
LiCl-NaCl,Li,li2240,0.3,11.850000000000001,-0.010394007075112066,0.00274780406989323,0.0
LiCl-NaCl,Li,li2240,0.3,11.95,-0.010643915762782674,0.002768945306212228,0.0
LiCl-NaCl,Li,li2080,0.35,0.05,nan,nan,0.0
LiCl-NaCl,Li,li2080,0.35,0.15000000000000002,nan,nan,0.0
LiCl-NaCl,Li,li2080,0.35,0.25,nan,nan,0.0
LiCl-NaCl,Li,li2080,0.35,0.35000000000000003,nan,nan,0.0
LiCl-NaCl,Li,li2080,0.35,0.45,nan,nan,0.0
LiCl-NaCl,Li,li2080,0.35,0.55,nan,nan,0.0
LiCl-NaCl,Li,li2080,0.35,0.6500000000000001,nan,nan,0.0
LiCl-NaCl,Li,li2080,0.35,0.75,nan,nan,0.0
LiCl-NaCl,Li,li2080,0.35,0.8500000000000001,nan,nan,0.0
LiCl-NaCl,Li,li2080,0.35,0.95,nan,nan,0.0
LiCl-NaCl,Li,li2080,0.35,1.05,nan,nan,0.0
LiCl-NaCl,Li,li2080,0.35,1.1500000000000001,nan,nan,0.0
LiCl-NaCl,Li,li2080,0.35,1.25,nan,nan,0.0
LiCl-NaCl,Li,li2080,0.35,1.35,nan,nan,0.0
LiCl-NaCl,Li,li2080,0.35,1.4500000000000002,nan,nan,0.0
LiCl-NaCl,Li,li2080,0.35,1.55,nan,nan,0.0
LiCl-NaCl,Li,li2080,0.35,1.6500000000000001,nan,nan,0.0
LiCl-NaCl,Li,li2080,0.35,1.75,nan,nan,0.0
LiCl-NaCl,Li,li2080,0.35,1.85,1.0,0.0,0.0
LiCl-NaCl,Li,li2080,0.35,1.9500000000000002,1.0,0.0,0.0
LiCl-NaCl,Li,li2080,0.35,2.05,0.9466121495327103,0.08953002476118922,0.0
LiCl-NaCl,Li,li2080,0.35,2.1500000000000004,0.9105558455114823,0.03263916905462691,0.0
LiCl-NaCl,Li,li2080,0.35,2.25,0.8783765801729874,0.011401097344918067,0.0
LiCl-NaCl,Li,li2080,0.35,2.3500000000000005,0.8388782051282051,0.025478247492142534,0.0
LiCl-NaCl,Li,li2080,0.35,2.45,0.7831920845132989,0.008211659075188444,0.0
LiCl-NaCl,Li,li2080,0.35,2.55,0.7215318906605923,0.012643765357558956,0.0
LiCl-NaCl,Li,li2080,0.35,2.6500000000000004,0.6501263194501268,0.011231906650644398,0.0
LiCl-NaCl,Li,li2080,0.35,2.75,0.5753319262941838,0.008063192600915706,0.0
LiCl-NaCl,Li,li2080,0.35,2.8500000000000005,0.4884037471924487,0.004386388415070486,0.0
LiCl-NaCl,Li,li2080,0.35,2.95,0.4154686917725974,0.006781547186398617,0.0
LiCl-NaCl,Li,li2080,0.35,3.05,0.3319570340102921,0.005901797716600642,0.0
LiCl-NaCl,Li,li2080,0.35,3.1500000000000004,0.2587018958094329,0.008572488749493729,0.0
LiCl-NaCl,Li,li2080,0.35,3.25,0.19300862749904657,0.005425251476603895,0.0
LiCl-NaCl,Li,li2080,0.35,3.3500000000000005,0.13443506956538098,0.0033979602750848154,0.0
LiCl-NaCl,Li,li2080,0.35,3.45,0.08613743729402568,0.0025027232457130724,0.0
LiCl-NaCl,Li,li2080,0.35,3.55,0.04332521960398894,0.007037146968901058,0.0
LiCl-NaCl,Li,li2080,0.35,3.6500000000000004,0.006286210573399398,0.004178184306397477,0.0
LiCl-NaCl,Li,li2080,0.35,3.75,-0.01986372271314285,0.005570294695431882,0.0
LiCl-NaCl,Li,li2080,0.35,3.8500000000000005,-0.03898201392318734,0.006166019433636141,0.0
LiCl-NaCl,Li,li2080,0.35,3.95,-0.05447704620514515,0.004394366192749028,0.0
LiCl-NaCl,Li,li2080,0.35,4.050000000000001,-0.06100515096065884,0.004506620424504453,0.0
LiCl-NaCl,Li,li2080,0.35,4.15,-0.06766015282264592,0.007328173059963499,0.0
LiCl-NaCl,Li,li2080,0.35,4.25,-0.07536196291535746,0.0057244005333607064,0.0
LiCl-NaCl,Li,li2080,0.35,4.35,-0.07726008166988119,0.00591189399278627,0.0
LiCl-NaCl,Li,li2080,0.35,4.45,-0.08886718288234308,0.0064777607255230175,0.0
LiCl-NaCl,Li,li2080,0.35,4.550000000000001,-0.09629517390180808,0.003548392965480591,0.0
LiCl-NaCl,Li,li2080,0.35,4.65,-0.11909875180990692,0.0036689883431817506,0.0
LiCl-NaCl,Li,li2080,0.35,4.75,-0.1337795174700842,0.0024668719594806506,0.0
LiCl-NaCl,Li,li2080,0.35,4.8500000000000005,-0.14314072055342342,0.005923433430056314,0.0
LiCl-NaCl,Li,li2080,0.35,4.95,-0.1501044649110066,0.00710588192000651,0.0
LiCl-NaCl,Li,li2080,0.35,5.050000000000001,-0.14882355694374372,0.007306394346203375,0.0
LiCl-NaCl,Li,li2080,0.35,5.15,-0.13700488865652094,0.002618869263721493,0.0
LiCl-NaCl,Li,li2080,0.35,5.25,-0.11985596566907253,0.0015998175002811977,0.0
LiCl-NaCl,Li,li2080,0.35,5.3500000000000005,-0.09799916836304057,0.004101035933299047,0.0
LiCl-NaCl,Li,li2080,0.35,5.45,-0.07108879353188935,0.0036229661038489243,0.0
LiCl-NaCl,Li,li2080,0.35,5.550000000000001,-0.044670930235702455,0.0022944296037569335,0.0
LiCl-NaCl,Li,li2080,0.35,5.65,-0.020260497800825172,0.005268042138463214,0.0
LiCl-NaCl,Li,li2080,0.35,5.75,0.008240038885336531,0.0029468298306306226,0.0
LiCl-NaCl,Li,li2080,0.35,5.8500000000000005,0.024274548753966174,0.004564258287989904,0.0
LiCl-NaCl,Li,li2080,0.35,5.95,0.04131071670959052,0.004614197878337207,0.0
LiCl-NaCl,Li,li2080,0.35,6.050000000000001,0.058153087137243986,0.004005272334118309,0.0
LiCl-NaCl,Li,li2080,0.35,6.15,0.06672362416606736,0.003424180871167469,0.0
LiCl-NaCl,Li,li2080,0.35,6.25,0.07218545054813785,0.002909529760149432,0.0
LiCl-NaCl,Li,li2080,0.35,6.3500000000000005,0.07467873269875291,0.0020830744653297702,0.0
LiCl-NaCl,Li,li2080,0.35,6.45,0.07679781620292436,0.003983568200879927,0.0
LiCl-NaCl,Li,li2080,0.35,6.550000000000001,0.07101684398132457,0.0027705680965585894,0.0
LiCl-NaCl,Li,li2080,0.35,6.65,0.06547132786721332,0.003598479352210452,0.0
LiCl-NaCl,Li,li2080,0.35,6.75,0.05874700322615645,0.0018395171077900112,0.0
LiCl-NaCl,Li,li2080,0.35,6.8500000000000005,0.05219934742284138,0.0032001175445080707,0.0
LiCl-NaCl,Li,li2080,0.35,6.95,0.0436648133338553,0.0032913879270481264,0.0
LiCl-NaCl,Li,li2080,0.35,7.050000000000001,0.03773047510164951,0.00398285596657376,0.0
LiCl-NaCl,Li,li2080,0.35,7.15,0.026878977054250464,0.002849486797466142,0.0
LiCl-NaCl,Li,li2080,0.35,7.25,0.016715544738879262,0.0026147532487888333,0.0
LiCl-NaCl,Li,li2080,0.35,7.3500000000000005,0.00893871761198306,0.0040689680866949985,0.0
LiCl-NaCl,Li,li2080,0.35,7.45,0.002699537164679855,0.0029696077473561743,0.0
LiCl-NaCl,Li,li2080,0.35,7.550000000000001,-0.0070471724830158955,0.0036938769091172446,0.0
LiCl-NaCl,Li,li2080,0.35,7.65,-0.014896187121486548,0.003985966227910227,0.0
LiCl-NaCl,Li,li2080,0.35,7.75,-0.020750657881852375,0.0026886533699033454,0.0
LiCl-NaCl,Li,li2080,0.35,7.8500000000000005,-0.026595603056994266,0.0023694478775183672,0.0
LiCl-NaCl,Li,li2080,0.35,7.95,-0.03017749052291796,0.001885969332030744,0.0
LiCl-NaCl,Li,li2080,0.35,8.05,-0.032948651754190816,0.0023984361347888644,0.0
LiCl-NaCl,Li,li2080,0.35,8.15,-0.037125189423002025,0.0034202613784710977,0.0
LiCl-NaCl,Li,li2080,0.35,8.25,-0.03648929883625973,0.003086109108976829,0.0
LiCl-NaCl,Li,li2080,0.35,8.350000000000001,-0.0376250466840955,0.0031766086768310903,0.0
LiCl-NaCl,Li,li2080,0.35,8.45,-0.0337268878523902,0.0021099592944526994,0.0
LiCl-NaCl,Li,li2080,0.35,8.55,-0.03092269507935974,0.0017100384543794753,0.0
LiCl-NaCl,Li,li2080,0.35,8.65,-0.02580023795307662,0.0018000628542749982,0.0
LiCl-NaCl,Li,li2080,0.35,8.75,-0.023614933397521076,0.0013188260574120453,0.0
LiCl-NaCl,Li,li2080,0.35,8.850000000000001,-0.018948078149916725,0.0020438488163686767,0.0
LiCl-NaCl,Li,li2080,0.35,8.95,-0.011858806455557369,0.0008398164661983219,0.0
LiCl-NaCl,Li,li2080,0.35,9.05,-0.006903583512659406,0.003723575750736023,0.0
LiCl-NaCl,Li,li2080,0.35,9.15,-0.0011886114416588267,0.0027833067570621904,0.0
LiCl-NaCl,Li,li2080,0.35,9.25,0.003242784862849457,0.003947978399369338,0.0
LiCl-NaCl,Li,li2080,0.35,9.350000000000001,0.009013531491025795,0.00134523733832606,0.0
LiCl-NaCl,Li,li2080,0.35,9.45,0.01309275684854716,0.0017670816674242261,0.0
LiCl-NaCl,Li,li2080,0.35,9.55,0.01773369839761796,0.0011282750133917707,0.0
LiCl-NaCl,Li,li2080,0.35,9.650000000000002,0.019762323278909033,0.0021846720678882457,0.0
LiCl-NaCl,Li,li2080,0.35,9.75,0.02169485360852652,0.003255050502054339,0.0
LiCl-NaCl,Li,li2080,0.35,9.850000000000001,0.022571174310662356,0.0021630890006583818,0.0
LiCl-NaCl,Li,li2080,0.35,9.95,0.023486369016993636,0.002697373977933828,0.0
LiCl-NaCl,Li,li2080,0.35,10.05,0.021949111882770378,0.0014661774424923476,0.0
LiCl-NaCl,Li,li2080,0.35,10.150000000000002,0.021980998276107222,0.0016855906286658638,0.0
LiCl-NaCl,Li,li2080,0.35,10.25,0.020024068485529845,0.0034814067718208475,0.0
LiCl-NaCl,Li,li2080,0.35,10.350000000000001,0.015830680951432585,0.0016133900387318633,0.0
LiCl-NaCl,Li,li2080,0.35,10.45,0.013787234325624231,0.0015565267072209738,0.0
LiCl-NaCl,Li,li2080,0.35,10.55,0.010960043062702929,0.002065659291882226,0.0
LiCl-NaCl,Li,li2080,0.35,10.650000000000002,0.008111614352099838,0.0023002262729189165,0.0
LiCl-NaCl,Li,li2080,0.35,10.75,0.004989903345880675,0.0015807815673520398,0.0
LiCl-NaCl,Li,li2080,0.35,10.850000000000001,0.0033949557760554194,0.0019073021207517845,0.0
LiCl-NaCl,Li,li2080,0.35,10.95,-0.002119601113947711,0.0006675094369270003,0.0
LiCl-NaCl,Li,li2080,0.35,11.05,-0.0036813912986712882,0.002099828575945923,0.0
LiCl-NaCl,Li,li2080,0.35,11.150000000000002,-0.006338094899984714,0.000514263392796421,0.0
LiCl-NaCl,Li,li2080,0.35,11.25,-0.008785750346002263,0.0013148869503026215,0.0
LiCl-NaCl,Li,li2080,0.35,11.350000000000001,-0.009218516003978383,0.00172523164424636,0.0
LiCl-NaCl,Li,li2080,0.35,11.45,-0.010591018417539066,0.0006776084235067206,0.0
LiCl-NaCl,Li,li2080,0.35,11.55,-0.01268633878963632,0.0016978981317673858,0.0
LiCl-NaCl,Li,li2080,0.35,11.650000000000002,-0.012299713428761017,0.00152617290168268,0.0
LiCl-NaCl,Li,li2080,0.35,11.75,-0.012661375403008934,0.0012441177506612483,0.0
LiCl-NaCl,Li,li2080,0.35,11.850000000000001,-0.00973789277988768,0.001618297118448311,0.0
LiCl-NaCl,Li,li2080,0.35,11.95,-0.01024200622815008,0.00311184184513297,0.0
LiCl-NaCl,Li,li1920,0.4,0.05,nan,nan,0.0
LiCl-NaCl,Li,li1920,0.4,0.15000000000000002,nan,nan,0.0
LiCl-NaCl,Li,li1920,0.4,0.25,nan,nan,0.0
LiCl-NaCl,Li,li1920,0.4,0.35000000000000003,nan,nan,0.0
LiCl-NaCl,Li,li1920,0.4,0.45,nan,nan,0.0
LiCl-NaCl,Li,li1920,0.4,0.55,nan,nan,0.0
LiCl-NaCl,Li,li1920,0.4,0.6500000000000001,nan,nan,0.0
LiCl-NaCl,Li,li1920,0.4,0.75,nan,nan,0.0
LiCl-NaCl,Li,li1920,0.4,0.8500000000000001,nan,nan,0.0
LiCl-NaCl,Li,li1920,0.4,0.95,nan,nan,0.0
LiCl-NaCl,Li,li1920,0.4,1.05,nan,nan,0.0
LiCl-NaCl,Li,li1920,0.4,1.1500000000000001,nan,nan,0.0
LiCl-NaCl,Li,li1920,0.4,1.25,nan,nan,0.0
LiCl-NaCl,Li,li1920,0.4,1.35,nan,nan,0.0
LiCl-NaCl,Li,li1920,0.4,1.4500000000000002,nan,nan,0.0
LiCl-NaCl,Li,li1920,0.4,1.55,nan,nan,0.0
LiCl-NaCl,Li,li1920,0.4,1.6500000000000001,nan,nan,0.0
LiCl-NaCl,Li,li1920,0.4,1.75,nan,nan,0.0
LiCl-NaCl,Li,li1920,0.4,1.85,1.0,0.0,0.0
LiCl-NaCl,Li,li1920,0.4,1.9500000000000002,1.0,0.0,0.0
LiCl-NaCl,Li,li1920,0.4,2.05,0.8636789772727272,0.1017989837795698,0.0
LiCl-NaCl,Li,li1920,0.4,2.1500000000000004,0.9066958333333334,0.03404934246269208,0.0
LiCl-NaCl,Li,li1920,0.4,2.25,0.8877461934063959,0.027746189463215613,0.0
LiCl-NaCl,Li,li1920,0.4,2.3500000000000005,0.8123584195222175,0.011720124812872513,0.0
LiCl-NaCl,Li,li1920,0.4,2.45,0.7581707730023446,0.02358663681179116,0.0
LiCl-NaCl,Li,li1920,0.4,2.55,0.7039294814148681,0.00900548713631081,0.0
LiCl-NaCl,Li,li1920,0.4,2.6500000000000004,0.6230793438942104,0.009737050970502616,0.0
LiCl-NaCl,Li,li1920,0.4,2.75,0.541234061221711,0.00475737303096436,0.0
LiCl-NaCl,Li,li1920,0.4,2.8500000000000005,0.46655740458412953,0.007050517941722302,0.0
LiCl-NaCl,Li,li1920,0.4,2.95,0.38695858289712104,0.007322530965181152,0.0
LiCl-NaCl,Li,li1920,0.4,3.05,0.3144665757575422,0.004393344530326568,0.0
LiCl-NaCl,Li,li1920,0.4,3.1500000000000004,0.24053682046770042,0.002360462762086239,0.0
LiCl-NaCl,Li,li1920,0.4,3.25,0.17647070826107458,0.00446577013977137,0.0
LiCl-NaCl,Li,li1920,0.4,3.3500000000000005,0.12165285514758117,0.0029269877708497675,0.0
LiCl-NaCl,Li,li1920,0.4,3.45,0.07459273905394403,0.007538306270716004,0.0
LiCl-NaCl,Li,li1920,0.4,3.55,0.035990726487562075,0.0037223486676391205,0.0
LiCl-NaCl,Li,li1920,0.4,3.6500000000000004,0.0037415548484373007,0.004345701831107832,0.0
LiCl-NaCl,Li,li1920,0.4,3.75,-0.019124356760424233,0.005390923605124909,0.0
LiCl-NaCl,Li,li1920,0.4,3.8500000000000005,-0.035706122099556925,0.005281276747569559,0.0
LiCl-NaCl,Li,li1920,0.4,3.95,-0.04881010389487073,0.005774433200629589,0.0
LiCl-NaCl,Li,li1920,0.4,4.050000000000001,-0.06199366208748902,0.005402787805136709,0.0
LiCl-NaCl,Li,li1920,0.4,4.15,-0.06092036226071107,0.005336195332381584,0.0
LiCl-NaCl,Li,li1920,0.4,4.25,-0.06516186789346534,0.0019417897969854828,0.0
LiCl-NaCl,Li,li1920,0.4,4.35,-0.07194584414321792,0.006554559890152289,0.0
LiCl-NaCl,Li,li1920,0.4,4.45,-0.07792157706442504,0.0029927416908142935,0.0
LiCl-NaCl,Li,li1920,0.4,4.550000000000001,-0.09272215233845404,0.00119597216671631,0.0
LiCl-NaCl,Li,li1920,0.4,4.65,-0.11167266703100864,0.004101924934232142,0.0
LiCl-NaCl,Li,li1920,0.4,4.75,-0.12225611216927934,0.004032190009004352,0.0
LiCl-NaCl,Li,li1920,0.4,4.8500000000000005,-0.13531103546834666,0.0035449799626932903,0.0
LiCl-NaCl,Li,li1920,0.4,4.95,-0.140248071101291,0.004317943168759824,0.0
LiCl-NaCl,Li,li1920,0.4,5.050000000000001,-0.13074713257616133,0.0032725685773764136,0.0
LiCl-NaCl,Li,li1920,0.4,5.15,-0.12387581491035649,0.004053051315655718,0.0
LiCl-NaCl,Li,li1920,0.4,5.25,-0.10990374461563412,0.0040176076468881475,0.0
LiCl-NaCl,Li,li1920,0.4,5.3500000000000005,-0.0886460092094794,0.005423478341576811,0.0
LiCl-NaCl,Li,li1920,0.4,5.45,-0.0661917738626896,0.006993575592022973,0.0
LiCl-NaCl,Li,li1920,0.4,5.550000000000001,-0.041355938661600034,0.0034997108232020513,0.0
LiCl-NaCl,Li,li1920,0.4,5.65,-0.01912992489956178,0.004958938811509165,0.0
LiCl-NaCl,Li,li1920,0.4,5.75,0.006107163074787425,0.003004571552585292,0.0
LiCl-NaCl,Li,li1920,0.4,5.8500000000000005,0.02372929474405261,0.003472664516427685,0.0
LiCl-NaCl,Li,li1920,0.4,5.95,0.04374875476504769,0.0026890324998897893,0.0
LiCl-NaCl,Li,li1920,0.4,6.050000000000001,0.053703709367354135,0.004686976282984567,0.0
LiCl-NaCl,Li,li1920,0.4,6.15,0.06271648856651513,0.0036110193736710637,0.0
LiCl-NaCl,Li,li1920,0.4,6.25,0.06986866199920516,0.0027042453499509585,0.0
LiCl-NaCl,Li,li1920,0.4,6.3500000000000005,0.07109724979945786,0.002847996755568619,0.0
LiCl-NaCl,Li,li1920,0.4,6.45,0.07263579403871967,0.005982862670841278,0.0
LiCl-NaCl,Li,li1920,0.4,6.550000000000001,0.06871237076982539,0.0048915736615797005,0.0
LiCl-NaCl,Li,li1920,0.4,6.65,0.06418314491101729,0.004683162972806473,0.0
LiCl-NaCl,Li,li1920,0.4,6.75,0.056009897494320726,0.002532551992942471,0.0
LiCl-NaCl,Li,li1920,0.4,6.8500000000000005,0.050271460901635145,0.0036926491760590424,0.0
LiCl-NaCl,Li,li1920,0.4,6.95,0.04183542596768819,0.005371077628448553,0.0
LiCl-NaCl,Li,li1920,0.4,7.050000000000001,0.032154098326733105,0.003086956700946398,0.0
LiCl-NaCl,Li,li1920,0.4,7.15,0.02467200357853161,0.0033463320562428394,0.0
LiCl-NaCl,Li,li1920,0.4,7.25,0.017847560025936238,0.0019889930639803897,0.0
LiCl-NaCl,Li,li1920,0.4,7.3500000000000005,0.0078047102354932285,0.00182417501820425,0.0
LiCl-NaCl,Li,li1920,0.4,7.45,0.0003307283711058151,0.0017797836644119363,0.0
LiCl-NaCl,Li,li1920,0.4,7.550000000000001,-0.008374048778508447,0.003616392327837825,0.0
LiCl-NaCl,Li,li1920,0.4,7.65,-0.014609980498868413,0.003275574690062035,0.0
LiCl-NaCl,Li,li1920,0.4,7.75,-0.0207565054827894,0.001845733053818245,0.0
LiCl-NaCl,Li,li1920,0.4,7.8500000000000005,-0.025380676337326102,0.0034151994036847365,0.0
LiCl-NaCl,Li,li1920,0.4,7.95,-0.03091521724974733,0.0018974829654912937,0.0
LiCl-NaCl,Li,li1920,0.4,8.05,-0.030419247683554307,0.0035023457601114296,0.0
LiCl-NaCl,Li,li1920,0.4,8.15,-0.03462490641776639,0.0021419746231942927,0.0
LiCl-NaCl,Li,li1920,0.4,8.25,-0.036134470442883204,0.0025962746996806827,0.0
LiCl-NaCl,Li,li1920,0.4,8.350000000000001,-0.03373809898727065,0.0033496651153741455,0.0
LiCl-NaCl,Li,li1920,0.4,8.45,-0.03295088834951443,0.003644606901565747,0.0
LiCl-NaCl,Li,li1920,0.4,8.55,-0.030384304577785404,0.00309758690899848,0.0
LiCl-NaCl,Li,li1920,0.4,8.65,-0.02752936938968009,0.002887298640835452,0.0
LiCl-NaCl,Li,li1920,0.4,8.75,-0.024014425039730947,0.003923841051351855,0.0
LiCl-NaCl,Li,li1920,0.4,8.850000000000001,-0.01902243296654471,0.0004767151666744686,0.0
LiCl-NaCl,Li,li1920,0.4,8.95,-0.014661129211257062,0.0053573014981919175,0.0
LiCl-NaCl,Li,li1920,0.4,9.05,-0.008210021860070915,0.0038095969769888485,0.0
LiCl-NaCl,Li,li1920,0.4,9.15,-0.00244963269023879,0.0018032030829504516,0.0
LiCl-NaCl,Li,li1920,0.4,9.25,0.0008090700907885662,0.0029596435915353794,0.0
LiCl-NaCl,Li,li1920,0.4,9.350000000000001,0.006849240446193394,0.0023979225558402473,0.0
LiCl-NaCl,Li,li1920,0.4,9.45,0.013017893159186222,0.0035512619662903372,0.0
LiCl-NaCl,Li,li1920,0.4,9.55,0.015228181512863759,0.0020175515286347434,0.0
LiCl-NaCl,Li,li1920,0.4,9.650000000000002,0.016384352132571944,0.0016894736438305292,0.0
LiCl-NaCl,Li,li1920,0.4,9.75,0.019194611884570834,0.003696897016933339,0.0
LiCl-NaCl,Li,li1920,0.4,9.850000000000001,0.021225502345846525,0.0019779079894845335,0.0
LiCl-NaCl,Li,li1920,0.4,9.95,0.020414582123891467,0.0017383699588055224,0.0
LiCl-NaCl,Li,li1920,0.4,10.05,0.021879303119453963,0.004098297089452594,0.0
LiCl-NaCl,Li,li1920,0.4,10.150000000000002,0.020187169523374404,0.002830979644612334,0.0
LiCl-NaCl,Li,li1920,0.4,10.25,0.01825447858106466,0.0016051093864436414,0.0
LiCl-NaCl,Li,li1920,0.4,10.350000000000001,0.01536179191278797,0.0021119700137814243,0.0
LiCl-NaCl,Li,li1920,0.4,10.45,0.01329661531360693,0.002173023916396833,0.0
LiCl-NaCl,Li,li1920,0.4,10.55,0.010974560759303031,0.000795602237920373,0.0
LiCl-NaCl,Li,li1920,0.4,10.650000000000002,0.008623341121393291,0.002671744300374789,0.0
LiCl-NaCl,Li,li1920,0.4,10.75,0.003219911955173793,0.0020027452282566486,0.0
LiCl-NaCl,Li,li1920,0.4,10.850000000000001,0.002335704486409629,0.0011577598699552536,0.0
LiCl-NaCl,Li,li1920,0.4,10.95,-0.0003640773029109923,0.0008855909434529745,0.0
LiCl-NaCl,Li,li1920,0.4,11.05,-0.0028816438468262096,0.0015008535293893005,0.0
LiCl-NaCl,Li,li1920,0.4,11.150000000000002,-0.004718942942280702,0.0020108196485205407,0.0
LiCl-NaCl,Li,li1920,0.4,11.25,-0.0072372307121970625,0.002580983993531759,0.0
LiCl-NaCl,Li,li1920,0.4,11.350000000000001,-0.009659145885505538,0.0018844354349426,0.0
LiCl-NaCl,Li,li1920,0.4,11.45,-0.009769549662365984,0.001341080664942837,0.0
LiCl-NaCl,Li,li1920,0.4,11.55,-0.011450354688086417,0.0012181068899267745,0.0
LiCl-NaCl,Li,li1920,0.4,11.650000000000002,-0.01123200832350757,0.0015127272920418258,0.0
LiCl-NaCl,Li,li1920,0.4,11.75,-0.012148070338700467,0.0016062464530091232,0.0
LiCl-NaCl,Li,li1920,0.4,11.850000000000001,-0.011083515124751031,0.0025527495509857145,0.0
LiCl-NaCl,Li,li1920,0.4,11.95,-0.011817385006385628,0.0008791048072854578,0.0
LiCl-NaCl,Li,li1760,0.45,0.05,nan,nan,0.0
LiCl-NaCl,Li,li1760,0.45,0.15000000000000002,nan,nan,0.0
LiCl-NaCl,Li,li1760,0.45,0.25,nan,nan,0.0
LiCl-NaCl,Li,li1760,0.45,0.35000000000000003,nan,nan,0.0
LiCl-NaCl,Li,li1760,0.45,0.45,nan,nan,0.0
LiCl-NaCl,Li,li1760,0.45,0.55,nan,nan,0.0
LiCl-NaCl,Li,li1760,0.45,0.6500000000000001,nan,nan,0.0
LiCl-NaCl,Li,li1760,0.45,0.75,nan,nan,0.0
LiCl-NaCl,Li,li1760,0.45,0.8500000000000001,nan,nan,0.0
LiCl-NaCl,Li,li1760,0.45,0.95,nan,nan,0.0
LiCl-NaCl,Li,li1760,0.45,1.05,nan,nan,0.0
LiCl-NaCl,Li,li1760,0.45,1.1500000000000001,nan,nan,0.0
LiCl-NaCl,Li,li1760,0.45,1.25,nan,nan,0.0
LiCl-NaCl,Li,li1760,0.45,1.35,nan,nan,0.0
LiCl-NaCl,Li,li1760,0.45,1.4500000000000002,nan,nan,0.0
LiCl-NaCl,Li,li1760,0.45,1.55,nan,nan,0.0
LiCl-NaCl,Li,li1760,0.45,1.6500000000000001,nan,nan,0.0
LiCl-NaCl,Li,li1760,0.45,1.75,nan,nan,0.0
LiCl-NaCl,Li,li1760,0.45,1.85,1.0,0.0,0.0
LiCl-NaCl,Li,li1760,0.45,1.9500000000000002,0.7531635802469137,0.31494624794351433,0.0
LiCl-NaCl,Li,li1760,0.45,2.05,0.9318549761417859,0.1282650495797343,0.0
LiCl-NaCl,Li,li1760,0.45,2.1500000000000004,0.9174948418156809,0.03496929846662592,0.0
LiCl-NaCl,Li,li1760,0.45,2.25,0.8694332055650199,0.015481000641251871,0.0
LiCl-NaCl,Li,li1760,0.45,2.3500000000000005,0.8139466005056211,0.011738736418493217,0.0
LiCl-NaCl,Li,li1760,0.45,2.45,0.7487951109338105,0.010269084115617578,0.0
LiCl-NaCl,Li,li1760,0.45,2.55,0.6763744881446707,0.017797750506019776,0.0
LiCl-NaCl,Li,li1760,0.45,2.6500000000000004,0.6019083025051921,0.010224280594780701,0.0
LiCl-NaCl,Li,li1760,0.45,2.75,0.5215825146474844,0.004359300750236508,0.0
LiCl-NaCl,Li,li1760,0.45,2.8500000000000005,0.4422394404854286,0.010405632554872946,0.0
LiCl-NaCl,Li,li1760,0.45,2.95,0.3623138013738876,0.007553302196501111,0.0
LiCl-NaCl,Li,li1760,0.45,3.05,0.2870437608299956,0.0072328759300985925,0.0
LiCl-NaCl,Li,li1760,0.45,3.1500000000000004,0.21887121305890345,0.004981758433565195,0.0
LiCl-NaCl,Li,li1760,0.45,3.25,0.1628996974146385,0.005286313131605988,0.0
LiCl-NaCl,Li,li1760,0.45,3.3500000000000005,0.10410057666440253,0.005970323287910269,0.0
LiCl-NaCl,Li,li1760,0.45,3.45,0.0630684126887916,0.009513308443834741,0.0
LiCl-NaCl,Li,li1760,0.45,3.55,0.025775751933543423,0.006134547543278184,0.0
LiCl-NaCl,Li,li1760,0.45,3.6500000000000004,-0.0038458916704713353,0.007515838379900737,0.0
LiCl-NaCl,Li,li1760,0.45,3.75,-0.018466251139143797,0.0022458177856443037,0.0
LiCl-NaCl,Li,li1760,0.45,3.8500000000000005,-0.039908202283385874,0.001941767685588248,0.0
LiCl-NaCl,Li,li1760,0.45,3.95,-0.052874084256256726,0.004507512021548438,0.0
LiCl-NaCl,Li,li1760,0.45,4.050000000000001,-0.05928949810795281,0.003151311217652857,0.0
LiCl-NaCl,Li,li1760,0.45,4.15,-0.06256501621505683,0.005099871552713793,0.0
LiCl-NaCl,Li,li1760,0.45,4.25,-0.06217261140795882,0.005271743862267215,0.0
LiCl-NaCl,Li,li1760,0.45,4.35,-0.06777604233632961,0.0028479540058868047,0.0
LiCl-NaCl,Li,li1760,0.45,4.45,-0.07364498343480586,0.004575844326762632,0.0
LiCl-NaCl,Li,li1760,0.45,4.550000000000001,-0.0858257130910991,0.004193512018965768,0.0
LiCl-NaCl,Li,li1760,0.45,4.65,-0.10006171623625737,0.0055973824677572415,0.0
LiCl-NaCl,Li,li1760,0.45,4.75,-0.11323540751102601,0.0030697410658905044,0.0
LiCl-NaCl,Li,li1760,0.45,4.8500000000000005,-0.12390523787839913,0.005346079838742414,0.0
LiCl-NaCl,Li,li1760,0.45,4.95,-0.12657865634995913,0.0029719589915470288,0.0
LiCl-NaCl,Li,li1760,0.45,5.050000000000001,-0.12426784872829244,0.005011987892606122,0.0
LiCl-NaCl,Li,li1760,0.45,5.15,-0.11828051856702815,0.004851008222355459,0.0
LiCl-NaCl,Li,li1760,0.45,5.25,-0.1022097794652963,0.004645287145469285,0.0
LiCl-NaCl,Li,li1760,0.45,5.3500000000000005,-0.08198589376762211,0.004370802223795934,0.0
LiCl-NaCl,Li,li1760,0.45,5.45,-0.06395902901618444,0.006953603050638612,0.0
LiCl-NaCl,Li,li1760,0.45,5.550000000000001,-0.03944610817922767,0.005187385572858419,0.0
LiCl-NaCl,Li,li1760,0.45,5.65,-0.017346738882819235,0.003542482114966175,0.0
LiCl-NaCl,Li,li1760,0.45,5.75,0.004517516036476765,0.0020904956808047875,0.0
LiCl-NaCl,Li,li1760,0.45,5.8500000000000005,0.022435847266090714,0.005683918295078911,0.0
LiCl-NaCl,Li,li1760,0.45,5.95,0.03722037841680603,0.0024072611652269974,0.0
LiCl-NaCl,Li,li1760,0.45,6.050000000000001,0.049199939840631646,0.004737398677534111,0.0
LiCl-NaCl,Li,li1760,0.45,6.15,0.06007993106709808,0.005272000043536884,0.0
LiCl-NaCl,Li,li1760,0.45,6.25,0.06455535204659568,0.0036253408890413825,0.0
LiCl-NaCl,Li,li1760,0.45,6.3500000000000005,0.06562581770716969,0.0047544550493928755,0.0
LiCl-NaCl,Li,li1760,0.45,6.45,0.06522195890407245,0.006674173563084199,0.0
LiCl-NaCl,Li,li1760,0.45,6.550000000000001,0.06199516947477801,0.004081166150542283,0.0
LiCl-NaCl,Li,li1760,0.45,6.65,0.061349401449323326,0.004036446696813515,0.0
LiCl-NaCl,Li,li1760,0.45,6.75,0.05601672805270763,0.004903761446560283,0.0
LiCl-NaCl,Li,li1760,0.45,6.8500000000000005,0.04753321602360616,0.002212082551712687,0.0
LiCl-NaCl,Li,li1760,0.45,6.95,0.03756450644597875,0.002361057156635091,0.0
LiCl-NaCl,Li,li1760,0.45,7.050000000000001,0.03291784687192012,0.0046383226192731174,0.0
LiCl-NaCl,Li,li1760,0.45,7.15,0.024239166364602882,0.004171830495815976,0.0
LiCl-NaCl,Li,li1760,0.45,7.25,0.0159701308563841,0.00398203361576793,0.0
LiCl-NaCl,Li,li1760,0.45,7.3500000000000005,0.008519660795989203,0.0036537141468607833,0.0
LiCl-NaCl,Li,li1760,0.45,7.45,0.002068156820579703,0.0014346004998267558,0.0
LiCl-NaCl,Li,li1760,0.45,7.550000000000001,-0.00563222129095875,0.0023688598988877655,0.0
LiCl-NaCl,Li,li1760,0.45,7.65,-0.01070383657617513,0.002825460684709399,0.0
LiCl-NaCl,Li,li1760,0.45,7.75,-0.017662923677663978,0.002546165393763123,0.0
LiCl-NaCl,Li,li1760,0.45,7.8500000000000005,-0.023009000092536258,0.003948966135971191,0.0
LiCl-NaCl,Li,li1760,0.45,7.95,-0.026585515891942357,0.003003280012657618,0.0
LiCl-NaCl,Li,li1760,0.45,8.05,-0.02865749090773595,0.0011318343724080145,0.0
LiCl-NaCl,Li,li1760,0.45,8.15,-0.033142154227108866,0.0027833763813587126,0.0
LiCl-NaCl,Li,li1760,0.45,8.25,-0.03269583930048103,0.0025815079769468314,0.0
LiCl-NaCl,Li,li1760,0.45,8.350000000000001,-0.03295210591583686,0.004444784041784983,0.0
LiCl-NaCl,Li,li1760,0.45,8.45,-0.032035373762695274,0.0017779737205757303,0.0
LiCl-NaCl,Li,li1760,0.45,8.55,-0.031445056401771865,0.0028872906586106762,0.0
LiCl-NaCl,Li,li1760,0.45,8.65,-0.026382659357019556,0.0026591147189572928,0.0
LiCl-NaCl,Li,li1760,0.45,8.75,-0.022556195196752782,0.001768749801969284,0.0
LiCl-NaCl,Li,li1760,0.45,8.850000000000001,-0.019387894163945818,0.002928759478512683,0.0
LiCl-NaCl,Li,li1760,0.45,8.95,-0.013477131787475338,0.0018681864910837472,0.0
LiCl-NaCl,Li,li1760,0.45,9.05,-0.008919141555407739,0.0025654589251452677,0.0
LiCl-NaCl,Li,li1760,0.45,9.15,-0.004178285142597327,0.0014743074634112029,0.0
LiCl-NaCl,Li,li1760,0.45,9.25,-3.71842316788662e-05,0.0015107987880387539,0.0
LiCl-NaCl,Li,li1760,0.45,9.350000000000001,0.00517114506637717,0.00234940360707375,0.0
LiCl-NaCl,Li,li1760,0.45,9.45,0.009237379235447651,0.0023538978678239344,0.0
LiCl-NaCl,Li,li1760,0.45,9.55,0.012371955426259462,0.0024511196059519877,0.0
LiCl-NaCl,Li,li1760,0.45,9.650000000000002,0.015959986867173592,0.0023375122918441156,0.0
LiCl-NaCl,Li,li1760,0.45,9.75,0.018699743843334726,0.0014661110012159778,0.0
LiCl-NaCl,Li,li1760,0.45,9.850000000000001,0.01792626888905835,0.002127111737829842,0.0
LiCl-NaCl,Li,li1760,0.45,9.95,0.01995045368619175,0.0017468276279533326,0.0
LiCl-NaCl,Li,li1760,0.45,10.05,0.019371585958838144,0.002130584627532485,0.0
LiCl-NaCl,Li,li1760,0.45,10.150000000000002,0.017259088493752017,0.002195182331276791,0.0
LiCl-NaCl,Li,li1760,0.45,10.25,0.017436209934568625,0.0016553947020027883,0.0
LiCl-NaCl,Li,li1760,0.45,10.350000000000001,0.014486219582200088,0.0020324565024570466,0.0
LiCl-NaCl,Li,li1760,0.45,10.45,0.012182194911937394,0.001742747919001255,0.0
LiCl-NaCl,Li,li1760,0.45,10.55,0.00988076673238758,0.0027009184527206683,0.0
LiCl-NaCl,Li,li1760,0.45,10.650000000000002,0.006902767510084673,0.0024021955061618552,0.0
LiCl-NaCl,Li,li1760,0.45,10.75,0.0050087836705025035,0.001802740503984098,0.0
LiCl-NaCl,Li,li1760,0.45,10.850000000000001,0.0020130719792902374,0.0010527980971315979,0.0
LiCl-NaCl,Li,li1760,0.45,10.95,-0.0012494766583299732,0.0030195843725930216,0.0
LiCl-NaCl,Li,li1760,0.45,11.05,-0.0031156920631494334,0.0029528881429220426,0.0
LiCl-NaCl,Li,li1760,0.45,11.150000000000002,-0.003808783084660927,0.0012172672918623851,0.0
LiCl-NaCl,Li,li1760,0.45,11.25,-0.0065164428046007306,0.0019269374240415138,0.0
LiCl-NaCl,Li,li1760,0.45,11.350000000000001,-0.00730452631733125,0.0013449968660760913,0.0
LiCl-NaCl,Li,li1760,0.45,11.45,-0.00988950770960395,0.0017390745401388438,0.0
LiCl-NaCl,Li,li1760,0.45,11.55,-0.011241553933392101,0.0015915471089713502,0.0
LiCl-NaCl,Li,li1760,0.45,11.650000000000002,-0.010969221066231105,0.002227612800004402,0.0
LiCl-NaCl,Li,li1760,0.45,11.75,-0.01037427552117598,0.0019671828881824777,0.0
LiCl-NaCl,Li,li1760,0.45,11.850000000000001,-0.011204236976024351,0.0015712978653108513,0.0
LiCl-NaCl,Li,li1760,0.45,11.95,-0.010731374771140612,0.0021815222277175336,0.0
LiCl-NaCl,Li,li1600,0.5,0.05,nan,nan,0.0
LiCl-NaCl,Li,li1600,0.5,0.15000000000000002,nan,nan,0.0
LiCl-NaCl,Li,li1600,0.5,0.25,nan,nan,0.0
LiCl-NaCl,Li,li1600,0.5,0.35000000000000003,nan,nan,0.0
LiCl-NaCl,Li,li1600,0.5,0.45,nan,nan,0.0
LiCl-NaCl,Li,li1600,0.5,0.55,nan,nan,0.0
LiCl-NaCl,Li,li1600,0.5,0.6500000000000001,nan,nan,0.0
LiCl-NaCl,Li,li1600,0.5,0.75,nan,nan,0.0
LiCl-NaCl,Li,li1600,0.5,0.8500000000000001,nan,nan,0.0
LiCl-NaCl,Li,li1600,0.5,0.95,nan,nan,0.0
LiCl-NaCl,Li,li1600,0.5,1.05,nan,nan,0.0
LiCl-NaCl,Li,li1600,0.5,1.1500000000000001,nan,nan,0.0
LiCl-NaCl,Li,li1600,0.5,1.25,nan,nan,0.0
LiCl-NaCl,Li,li1600,0.5,1.35,nan,nan,0.0
LiCl-NaCl,Li,li1600,0.5,1.4500000000000002,nan,nan,0.0
LiCl-NaCl,Li,li1600,0.5,1.55,nan,nan,0.0
LiCl-NaCl,Li,li1600,0.5,1.6500000000000001,nan,nan,0.0
LiCl-NaCl,Li,li1600,0.5,1.75,nan,nan,0.0
LiCl-NaCl,Li,li1600,0.5,1.85,1.0,0.0,0.0
LiCl-NaCl,Li,li1600,0.5,1.9500000000000002,1.0,0.0,0.0
LiCl-NaCl,Li,li1600,0.5,2.05,0.8947697368421053,0.09380543203399326,0.0
LiCl-NaCl,Li,li1600,0.5,2.1500000000000004,0.8827728013029316,0.06432115992132142,0.0
LiCl-NaCl,Li,li1600,0.5,2.25,0.8562796454767726,0.021766484483749286,0.0
LiCl-NaCl,Li,li1600,0.5,2.3500000000000005,0.7952493312953763,0.010803939039214682,0.0
LiCl-NaCl,Li,li1600,0.5,2.45,0.7265970930232558,0.021684670827858382,0.0
LiCl-NaCl,Li,li1600,0.5,2.55,0.6576827651515151,0.009608994906497177,0.0
LiCl-NaCl,Li,li1600,0.5,2.6500000000000004,0.5757775762881441,0.007419833499372544,0.0
LiCl-NaCl,Li,li1600,0.5,2.75,0.49564133999105675,0.004819721382081964,0.0
LiCl-NaCl,Li,li1600,0.5,2.8500000000000005,0.4070796818847999,0.010911470091952688,0.0
LiCl-NaCl,Li,li1600,0.5,2.95,0.3316633831595378,0.008935442991208714,0.0
LiCl-NaCl,Li,li1600,0.5,3.05,0.262292459054568,0.00976218808352545,0.0
LiCl-NaCl,Li,li1600,0.5,3.1500000000000004,0.19553030244181757,0.0029664503117261916,0.0
LiCl-NaCl,Li,li1600,0.5,3.25,0.13955646597051818,0.002560585700219527,0.0
LiCl-NaCl,Li,li1600,0.5,3.3500000000000005,0.0940508859596697,0.0029917902424863945,0.0
LiCl-NaCl,Li,li1600,0.5,3.45,0.05275766846565966,0.006823025167306213,0.0
LiCl-NaCl,Li,li1600,0.5,3.55,0.022072383628627623,0.005102963583741449,0.0
LiCl-NaCl,Li,li1600,0.5,3.6500000000000004,-0.0052639744392011245,0.0047906335088722714,0.0
LiCl-NaCl,Li,li1600,0.5,3.75,-0.025065228266671458,0.004090449800440014,0.0
LiCl-NaCl,Li,li1600,0.5,3.8500000000000005,-0.0408968360911135,0.004304366373718376,0.0
LiCl-NaCl,Li,li1600,0.5,3.95,-0.0509349890522679,0.007787433409449419,0.0
LiCl-NaCl,Li,li1600,0.5,4.050000000000001,-0.05832813117951097,0.005813901624973149,0.0
LiCl-NaCl,Li,li1600,0.5,4.15,-0.05763747683749543,0.005274815053073673,0.0
LiCl-NaCl,Li,li1600,0.5,4.25,-0.05934994986234354,0.003124189314811708,0.0
LiCl-NaCl,Li,li1600,0.5,4.35,-0.06472104679590518,0.003811178099764617,0.0
LiCl-NaCl,Li,li1600,0.5,4.45,-0.06890499520887472,0.00341184231036037,0.0
LiCl-NaCl,Li,li1600,0.5,4.550000000000001,-0.07952691322163452,0.003730507927292298,0.0
LiCl-NaCl,Li,li1600,0.5,4.65,-0.09187040685442205,0.003483684535994771,0.0
LiCl-NaCl,Li,li1600,0.5,4.75,-0.10118591715904945,0.004446803261418543,0.0
LiCl-NaCl,Li,li1600,0.5,4.8500000000000005,-0.11686897787983885,0.005191847939732517,0.0
LiCl-NaCl,Li,li1600,0.5,4.95,-0.1177841600831051,0.005225444163719913,0.0
LiCl-NaCl,Li,li1600,0.5,5.050000000000001,-0.11524478367473456,0.0022731278815172544,0.0
LiCl-NaCl,Li,li1600,0.5,5.15,-0.10725448574825713,0.0019332525490903536,0.0
LiCl-NaCl,Li,li1600,0.5,5.25,-0.0958595276389893,0.0035502502964252407,0.0
LiCl-NaCl,Li,li1600,0.5,5.3500000000000005,-0.07638378007822677,0.0048825722133184635,0.0
LiCl-NaCl,Li,li1600,0.5,5.45,-0.059313737231962316,0.002789457479057491,0.0
LiCl-NaCl,Li,li1600,0.5,5.550000000000001,-0.03710946436422624,0.0050659079078441555,0.0
LiCl-NaCl,Li,li1600,0.5,5.65,-0.016201000906976404,0.0038978924942281727,0.0
LiCl-NaCl,Li,li1600,0.5,5.75,0.0017785418871235636,0.003810125089208368,0.0
LiCl-NaCl,Li,li1600,0.5,5.8500000000000005,0.018646034857416116,0.004852348361611754,0.0
LiCl-NaCl,Li,li1600,0.5,5.95,0.03324865874920613,0.004731567605812426,0.0
LiCl-NaCl,Li,li1600,0.5,6.050000000000001,0.04650356470516348,0.0034661806803913567,0.0
LiCl-NaCl,Li,li1600,0.5,6.15,0.05175889000577916,0.002233978217801785,0.0
LiCl-NaCl,Li,li1600,0.5,6.25,0.06195269695003991,0.002247935686687989,0.0
LiCl-NaCl,Li,li1600,0.5,6.3500000000000005,0.06217627000226322,0.002679625923565471,0.0
LiCl-NaCl,Li,li1600,0.5,6.45,0.06455003676006499,0.004026593383478877,0.0
LiCl-NaCl,Li,li1600,0.5,6.550000000000001,0.060096705374006465,0.004619722440636842,0.0
LiCl-NaCl,Li,li1600,0.5,6.65,0.05528577923983258,0.0034094220892447436,0.0
LiCl-NaCl,Li,li1600,0.5,6.75,0.049981992911981354,0.003469656236380421,0.0
LiCl-NaCl,Li,li1600,0.5,6.8500000000000005,0.04305777366508823,0.0018990177925312973,0.0
LiCl-NaCl,Li,li1600,0.5,6.95,0.038630642551337524,0.00310229787833716,0.0
LiCl-NaCl,Li,li1600,0.5,7.050000000000001,0.029568670531467722,0.002924042205463885,0.0
LiCl-NaCl,Li,li1600,0.5,7.15,0.02241261469908229,0.001940212585110665,0.0
LiCl-NaCl,Li,li1600,0.5,7.25,0.015448168301998688,0.0023186502232064097,0.0
LiCl-NaCl,Li,li1600,0.5,7.3500000000000005,0.008371472256963552,0.0009006559251902376,0.0
LiCl-NaCl,Li,li1600,0.5,7.45,0.0010365141867433314,0.001736248241800819,0.0
LiCl-NaCl,Li,li1600,0.5,7.550000000000001,-0.005320773972330439,0.004580104130465537,0.0
LiCl-NaCl,Li,li1600,0.5,7.65,-0.00924002673280877,0.0031490802341242554,0.0
LiCl-NaCl,Li,li1600,0.5,7.75,-0.01519906211892974,0.0007600995909916574,0.0
LiCl-NaCl,Li,li1600,0.5,7.8500000000000005,-0.01996160453137774,0.003581027704626657,0.0
LiCl-NaCl,Li,li1600,0.5,7.95,-0.02210449811834203,0.002784588160874996,0.0
LiCl-NaCl,Li,li1600,0.5,8.05,-0.026047167358304035,0.003284750034225206,0.0
LiCl-NaCl,Li,li1600,0.5,8.15,-0.02885606637381244,0.002516369131850736,0.0
LiCl-NaCl,Li,li1600,0.5,8.25,-0.02909619247133377,0.0016563520683686927,0.0
LiCl-NaCl,Li,li1600,0.5,8.350000000000001,-0.03104701664096776,0.0033956098724129556,0.0
LiCl-NaCl,Li,li1600,0.5,8.45,-0.029150612393883835,0.00290931355640555,0.0
LiCl-NaCl,Li,li1600,0.5,8.55,-0.025804387786379612,0.0014748225361984912,0.0
LiCl-NaCl,Li,li1600,0.5,8.65,-0.02207522613224633,0.0028068958620426367,0.0
LiCl-NaCl,Li,li1600,0.5,8.75,-0.021543847041857633,0.00235095430747762,0.0
LiCl-NaCl,Li,li1600,0.5,8.850000000000001,-0.016469996311439195,0.002245271337621339,0.0
LiCl-NaCl,Li,li1600,0.5,8.95,-0.011201068635591893,0.002355317969730937,0.0
LiCl-NaCl,Li,li1600,0.5,9.05,-0.008903559190307053,0.00225927592210686,0.0
LiCl-NaCl,Li,li1600,0.5,9.15,-0.004726770226662014,0.003645716774556959,0.0
LiCl-NaCl,Li,li1600,0.5,9.25,0.0017094007670608313,0.002829711491858312,0.0
LiCl-NaCl,Li,li1600,0.5,9.350000000000001,0.0031097909850291705,0.002145414223284797,0.0
LiCl-NaCl,Li,li1600,0.5,9.45,0.007608747542899197,0.0018840329806061279,0.0
LiCl-NaCl,Li,li1600,0.5,9.55,0.013023838375848973,0.0037231944679446904,0.0
LiCl-NaCl,Li,li1600,0.5,9.650000000000002,0.015716566854633518,0.0018042457006477266,0.0
LiCl-NaCl,Li,li1600,0.5,9.75,0.016324779382084542,0.0019551509865930535,0.0
LiCl-NaCl,Li,li1600,0.5,9.850000000000001,0.017718541155230083,0.0026252322930374462,0.0
LiCl-NaCl,Li,li1600,0.5,9.95,0.018088312273766394,0.0013934782700251995,0.0
LiCl-NaCl,Li,li1600,0.5,10.05,0.017544949207713545,0.0017252960328461037,0.0
LiCl-NaCl,Li,li1600,0.5,10.150000000000002,0.017284211450516063,0.001769942123254916,0.0
LiCl-NaCl,Li,li1600,0.5,10.25,0.016617806870422913,0.002303988909203612,0.0
LiCl-NaCl,Li,li1600,0.5,10.350000000000001,0.014509308432301471,0.00200488249758593,0.0
LiCl-NaCl,Li,li1600,0.5,10.45,0.012558423896144144,0.0011800262288887582,0.0
LiCl-NaCl,Li,li1600,0.5,10.55,0.011488688546625547,0.002576890997913864,0.0
LiCl-NaCl,Li,li1600,0.5,10.650000000000002,0.007311452595669565,0.002902577472547715,0.0
LiCl-NaCl,Li,li1600,0.5,10.75,0.006272900265072767,0.002060734940190272,0.0
LiCl-NaCl,Li,li1600,0.5,10.850000000000001,0.003830038400679192,0.0013919780492974375,0.0
LiCl-NaCl,Li,li1600,0.5,10.95,0.0013288856771908053,0.0009859700644980541,0.0
LiCl-NaCl,Li,li1600,0.5,11.05,-0.0025809006495760567,0.0016102333881651487,0.0
LiCl-NaCl,Li,li1600,0.5,11.150000000000002,-0.0036900824378185426,0.001628416050248032,0.0
LiCl-NaCl,Li,li1600,0.5,11.25,-0.004754199055376995,0.002244708659687697,0.0
LiCl-NaCl,Li,li1600,0.5,11.350000000000001,-0.00616597714289191,0.0024337179297549507,0.0
LiCl-NaCl,Li,li1600,0.5,11.45,-0.008374191620917015,0.002232679166157802,0.0
LiCl-NaCl,Li,li1600,0.5,11.55,-0.00770535661912275,0.0009872146399656715,0.0
LiCl-NaCl,Li,li1600,0.5,11.650000000000002,-0.010172758130363668,0.0012710735262895369,0.0
LiCl-NaCl,Li,li1600,0.5,11.75,-0.009928038053689692,0.0023000856569576765,0.0
LiCl-NaCl,Li,li1600,0.5,11.850000000000001,-0.009483417871093636,0.0011019923932232439,0.0
LiCl-NaCl,Li,li1600,0.5,11.95,-0.009007928700531131,0.00037562701631443045,0.0
LiCl-NaCl,Li,li1440,0.55,0.05,nan,nan,0.0
LiCl-NaCl,Li,li1440,0.55,0.15000000000000002,nan,nan,0.0
LiCl-NaCl,Li,li1440,0.55,0.25,nan,nan,0.0
LiCl-NaCl,Li,li1440,0.55,0.35000000000000003,nan,nan,0.0
LiCl-NaCl,Li,li1440,0.55,0.45,nan,nan,0.0
LiCl-NaCl,Li,li1440,0.55,0.55,nan,nan,0.0
LiCl-NaCl,Li,li1440,0.55,0.6500000000000001,nan,nan,0.0
LiCl-NaCl,Li,li1440,0.55,0.75,nan,nan,0.0
LiCl-NaCl,Li,li1440,0.55,0.8500000000000001,nan,nan,0.0
LiCl-NaCl,Li,li1440,0.55,0.95,nan,nan,0.0
LiCl-NaCl,Li,li1440,0.55,1.05,nan,nan,0.0
LiCl-NaCl,Li,li1440,0.55,1.1500000000000001,nan,nan,0.0
LiCl-NaCl,Li,li1440,0.55,1.25,nan,nan,0.0
LiCl-NaCl,Li,li1440,0.55,1.35,nan,nan,0.0
LiCl-NaCl,Li,li1440,0.55,1.4500000000000002,nan,nan,0.0
LiCl-NaCl,Li,li1440,0.55,1.55,nan,nan,0.0
LiCl-NaCl,Li,li1440,0.55,1.6500000000000001,nan,nan,0.0
LiCl-NaCl,Li,li1440,0.55,1.75,nan,nan,0.0
LiCl-NaCl,Li,li1440,0.55,1.85,1.0,nan,0.0
LiCl-NaCl,Li,li1440,0.55,1.9500000000000002,1.0,0.0,0.0
LiCl-NaCl,Li,li1440,0.55,2.05,0.8770035885167464,0.07069059864734334,0.0
LiCl-NaCl,Li,li1440,0.55,2.1500000000000004,0.8524159867909868,0.04859334661070759,0.0
LiCl-NaCl,Li,li1440,0.55,2.25,0.8371159293229027,0.007686844981848503,0.0
LiCl-NaCl,Li,li1440,0.55,2.3500000000000005,0.7644841249084633,0.00924492896755734,0.0
LiCl-NaCl,Li,li1440,0.55,2.45,0.6991735537190082,0.021470375337136676,0.0
LiCl-NaCl,Li,li1440,0.55,2.55,0.6166006400241333,0.007041382323016596,0.0
LiCl-NaCl,Li,li1440,0.55,2.6500000000000004,0.5398388825035,0.008408558521299769,0.0
LiCl-NaCl,Li,li1440,0.55,2.75,0.45618379751712945,0.00433112366612124,0.0
LiCl-NaCl,Li,li1440,0.55,2.8500000000000005,0.3806372458760424,0.007176801370358922,0.0
LiCl-NaCl,Li,li1440,0.55,2.95,0.305164121077269,0.009129479993909527,0.0
LiCl-NaCl,Li,li1440,0.55,3.05,0.23609598513502472,0.005360436816661146,0.0
LiCl-NaCl,Li,li1440,0.55,3.1500000000000004,0.1821093742172707,0.0028186176945547885,0.0
LiCl-NaCl,Li,li1440,0.55,3.25,0.12271822489947082,0.0008725775952354768,0.0
LiCl-NaCl,Li,li1440,0.55,3.3500000000000005,0.08163495206470617,0.005572407906827314,0.0
LiCl-NaCl,Li,li1440,0.55,3.45,0.04434628943654517,0.0042109913714724065,0.0
LiCl-NaCl,Li,li1440,0.55,3.55,0.014777319327404781,0.0030538520358855087,0.0
LiCl-NaCl,Li,li1440,0.55,3.6500000000000004,-0.0077410628974725615,0.003917092262411003,0.0
LiCl-NaCl,Li,li1440,0.55,3.75,-0.026142285675611054,0.00641093123651484,0.0
LiCl-NaCl,Li,li1440,0.55,3.8500000000000005,-0.03355197504570806,0.0027033535369660753,0.0
LiCl-NaCl,Li,li1440,0.55,3.95,-0.04603806374264896,0.002025094684911726,0.0
LiCl-NaCl,Li,li1440,0.55,4.050000000000001,-0.050405300474991144,0.0034731008010304167,0.0
LiCl-NaCl,Li,li1440,0.55,4.15,-0.04702864480730984,0.0027633358727783388,0.0
LiCl-NaCl,Li,li1440,0.55,4.25,-0.0511030807803623,0.0035450063147425574,0.0
LiCl-NaCl,Li,li1440,0.55,4.35,-0.05676319976173638,0.004104612470908946,0.0
LiCl-NaCl,Li,li1440,0.55,4.45,-0.05972979880129037,0.0034755843395860657,0.0
LiCl-NaCl,Li,li1440,0.55,4.550000000000001,-0.0713874771702645,0.006826361221033144,0.0
LiCl-NaCl,Li,li1440,0.55,4.65,-0.08130168873419108,0.001887684152197527,0.0
LiCl-NaCl,Li,li1440,0.55,4.75,-0.09329283824199464,0.004257404506794716,0.0
LiCl-NaCl,Li,li1440,0.55,4.8500000000000005,-0.09988645844097599,0.0036327622427756697,0.0
LiCl-NaCl,Li,li1440,0.55,4.95,-0.1023985998345085,0.0027170997472491494,0.0
LiCl-NaCl,Li,li1440,0.55,5.050000000000001,-0.10664025167635671,0.0036422225034630795,0.0
LiCl-NaCl,Li,li1440,0.55,5.15,-0.09507657231935762,0.005219595614361267,0.0
LiCl-NaCl,Li,li1440,0.55,5.25,-0.08340176246404574,0.0017675969770055498,0.0
LiCl-NaCl,Li,li1440,0.55,5.3500000000000005,-0.06847124831113671,0.004353544157084768,0.0
LiCl-NaCl,Li,li1440,0.55,5.45,-0.05143494386326841,0.005862893960484883,0.0
LiCl-NaCl,Li,li1440,0.55,5.550000000000001,-0.03048232378226201,0.003100578431080976,0.0
LiCl-NaCl,Li,li1440,0.55,5.65,-0.011926568072018195,0.004568987678251345,0.0
LiCl-NaCl,Li,li1440,0.55,5.75,0.00570169600896453,0.005113691729183298,0.0
LiCl-NaCl,Li,li1440,0.55,5.8500000000000005,0.01710921666961951,0.004058804144837073,0.0
LiCl-NaCl,Li,li1440,0.55,5.95,0.030845888989483372,0.002113571330202234,0.0
LiCl-NaCl,Li,li1440,0.55,6.050000000000001,0.0449419228465171,0.0025057160299964674,0.0
LiCl-NaCl,Li,li1440,0.55,6.15,0.05051713094962784,0.0035577753988202455,0.0
LiCl-NaCl,Li,li1440,0.55,6.25,0.058111711631765206,0.0010548664384965824,0.0
LiCl-NaCl,Li,li1440,0.55,6.3500000000000005,0.058583122973230206,0.002892230414443066,0.0
LiCl-NaCl,Li,li1440,0.55,6.45,0.05853892121230886,0.0025416405159199434,0.0
LiCl-NaCl,Li,li1440,0.55,6.550000000000001,0.05519601243250216,0.00461586575367016,0.0
LiCl-NaCl,Li,li1440,0.55,6.65,0.054012605472121056,0.002816079586805547,0.0
LiCl-NaCl,Li,li1440,0.55,6.75,0.045331978924808114,0.0009036174747332312,0.0
LiCl-NaCl,Li,li1440,0.55,6.8500000000000005,0.0408309879184624,0.0020186848277704505,0.0
LiCl-NaCl,Li,li1440,0.55,6.95,0.03808619459102869,0.0020807248577437406,0.0
LiCl-NaCl,Li,li1440,0.55,7.050000000000001,0.030461546415876728,0.0026996354214384715,0.0
LiCl-NaCl,Li,li1440,0.55,7.15,0.021239253116282053,0.002465930867214442,0.0
LiCl-NaCl,Li,li1440,0.55,7.25,0.013703599061388738,0.0018085057324113765,0.0
LiCl-NaCl,Li,li1440,0.55,7.3500000000000005,0.008651832612122656,0.0017875677738968508,0.0
LiCl-NaCl,Li,li1440,0.55,7.45,0.002349293014113907,0.0027499578280030293,0.0
LiCl-NaCl,Li,li1440,0.55,7.550000000000001,-0.0036025796181176073,0.003633301713725973,0.0
LiCl-NaCl,Li,li1440,0.55,7.65,-0.010586340447613418,0.001170795948630175,0.0
LiCl-NaCl,Li,li1440,0.55,7.75,-0.012471304158560903,0.0017613722482676514,0.0
LiCl-NaCl,Li,li1440,0.55,7.8500000000000005,-0.017698518964922583,0.0018753293170619223,0.0
LiCl-NaCl,Li,li1440,0.55,7.95,-0.021914693975659594,0.001994888959998779,0.0
LiCl-NaCl,Li,li1440,0.55,8.05,-0.02411453022154375,0.0022951900917305185,0.0
LiCl-NaCl,Li,li1440,0.55,8.15,-0.026283496796862593,0.0011955133658865687,0.0
LiCl-NaCl,Li,li1440,0.55,8.25,-0.026425187769014036,0.0017864997678287728,0.0
LiCl-NaCl,Li,li1440,0.55,8.350000000000001,-0.026558195549410524,0.0012571388393501418,0.0
LiCl-NaCl,Li,li1440,0.55,8.45,-0.029560746239478464,0.001141662368183758,0.0
LiCl-NaCl,Li,li1440,0.55,8.55,-0.02514441599353545,0.0029621776497253693,0.0
LiCl-NaCl,Li,li1440,0.55,8.65,-0.021470353918207508,0.0011883761981462354,0.0
LiCl-NaCl,Li,li1440,0.55,8.75,-0.017247192699420655,0.002374425082546661,0.0
LiCl-NaCl,Li,li1440,0.55,8.850000000000001,-0.016796163206241443,0.001431164156233755,0.0
LiCl-NaCl,Li,li1440,0.55,8.95,-0.013016146529061468,0.004554595887426178,0.0
LiCl-NaCl,Li,li1440,0.55,9.05,-0.0071468705573309865,0.0013919117561508683,0.0
LiCl-NaCl,Li,li1440,0.55,9.15,-0.005059734172254027,0.0027282311423427017,0.0
LiCl-NaCl,Li,li1440,0.55,9.25,-0.00012608602723074291,0.0018958233457032968,0.0
LiCl-NaCl,Li,li1440,0.55,9.350000000000001,0.0034760011989435347,0.0006570961256342012,0.0
LiCl-NaCl,Li,li1440,0.55,9.45,0.005759639922502169,0.0019348837173432624,0.0
LiCl-NaCl,Li,li1440,0.55,9.55,0.010398116791715095,0.0012265884950499498,0.0
LiCl-NaCl,Li,li1440,0.55,9.650000000000002,0.012419388853811442,0.0020006018620719306,0.0
LiCl-NaCl,Li,li1440,0.55,9.75,0.012900447937724158,0.0020388061937588746,0.0
LiCl-NaCl,Li,li1440,0.55,9.850000000000001,0.015623634983255918,0.0016642869196017637,0.0
LiCl-NaCl,Li,li1440,0.55,9.95,0.01508288251400891,0.0018768495299288097,0.0
LiCl-NaCl,Li,li1440,0.55,10.05,0.016425984325886267,0.002359345997677493,0.0
LiCl-NaCl,Li,li1440,0.55,10.150000000000002,0.01392338223285372,0.0011987470138932197,0.0
LiCl-NaCl,Li,li1440,0.55,10.25,0.014924745087709357,0.0016365346749000163,0.0
LiCl-NaCl,Li,li1440,0.55,10.350000000000001,0.013768854782994944,0.0023036784483903374,0.0
LiCl-NaCl,Li,li1440,0.55,10.45,0.010719684743541458,0.0010167843891544103,0.0
LiCl-NaCl,Li,li1440,0.55,10.55,0.00904670811394026,0.001522099139493924,0.0
LiCl-NaCl,Li,li1440,0.55,10.650000000000002,0.00821465376205155,0.002355993230961308,0.0
LiCl-NaCl,Li,li1440,0.55,10.75,0.005019933888671946,0.0006187564683787199,0.0
LiCl-NaCl,Li,li1440,0.55,10.850000000000001,0.0033301716942092385,0.0010197895928030236,0.0
LiCl-NaCl,Li,li1440,0.55,10.95,-0.00015659563736303284,0.0014474858886393428,0.0
LiCl-NaCl,Li,li1440,0.55,11.05,-0.001196557723785574,0.0009973741195093658,0.0
LiCl-NaCl,Li,li1440,0.55,11.150000000000002,-0.0036473589845265053,0.0009252056420521383,0.0
LiCl-NaCl,Li,li1440,0.55,11.25,-0.004849646453223055,0.0016954315598543934,0.0
LiCl-NaCl,Li,li1440,0.55,11.350000000000001,-0.006994065371985103,0.0010457960211504407,0.0
LiCl-NaCl,Li,li1440,0.55,11.45,-0.007685237605349116,0.001248190571089553,0.0
LiCl-NaCl,Li,li1440,0.55,11.55,-0.00809365081960478,0.0020436989452139193,0.0
LiCl-NaCl,Li,li1440,0.55,11.650000000000002,-0.009800817780030835,0.0012265986956725857,0.0
LiCl-NaCl,Li,li1440,0.55,11.75,-0.009709277582973908,0.0016203815754500517,0.0
LiCl-NaCl,Li,li1440,0.55,11.850000000000001,-0.009532629837023299,0.001636470251102049,0.0
LiCl-NaCl,Li,li1440,0.55,11.95,-0.009206104750813182,0.0010187354884611537,0.0
LiCl-NaCl,Li,li1280,0.6,0.05,nan,nan,0.0
LiCl-NaCl,Li,li1280,0.6,0.15000000000000002,nan,nan,0.0
LiCl-NaCl,Li,li1280,0.6,0.25,nan,nan,0.0
LiCl-NaCl,Li,li1280,0.6,0.35000000000000003,nan,nan,0.0
LiCl-NaCl,Li,li1280,0.6,0.45,nan,nan,0.0
LiCl-NaCl,Li,li1280,0.6,0.55,nan,nan,0.0
LiCl-NaCl,Li,li1280,0.6,0.6500000000000001,nan,nan,0.0
LiCl-NaCl,Li,li1280,0.6,0.75,nan,nan,0.0
LiCl-NaCl,Li,li1280,0.6,0.8500000000000001,nan,nan,0.0
LiCl-NaCl,Li,li1280,0.6,0.95,nan,nan,0.0
LiCl-NaCl,Li,li1280,0.6,1.05,nan,nan,0.0
LiCl-NaCl,Li,li1280,0.6,1.1500000000000001,nan,nan,0.0
LiCl-NaCl,Li,li1280,0.6,1.25,nan,nan,0.0
LiCl-NaCl,Li,li1280,0.6,1.35,nan,nan,0.0
LiCl-NaCl,Li,li1280,0.6,1.4500000000000002,nan,nan,0.0
LiCl-NaCl,Li,li1280,0.6,1.55,nan,nan,0.0
LiCl-NaCl,Li,li1280,0.6,1.6500000000000001,nan,nan,0.0
LiCl-NaCl,Li,li1280,0.6,1.75,nan,nan,0.0
LiCl-NaCl,Li,li1280,0.6,1.85,1.0,0.0,0.0
LiCl-NaCl,Li,li1280,0.6,1.9500000000000002,1.0,0.0,0.0
LiCl-NaCl,Li,li1280,0.6,2.05,0.9333541666666667,0.042209913548061244,0.0
LiCl-NaCl,Li,li1280,0.6,2.1500000000000004,0.8869791666666667,0.041426920381307984,0.0
LiCl-NaCl,Li,li1280,0.6,2.25,0.7987286305694544,0.016399480181758883,0.0
LiCl-NaCl,Li,li1280,0.6,2.3500000000000005,0.7329361365317064,0.03197592744231145,0.0
LiCl-NaCl,Li,li1280,0.6,2.45,0.6723412313432836,0.010987284213310577,0.0
LiCl-NaCl,Li,li1280,0.6,2.55,0.5861303536465982,0.008669293156882666,0.0
LiCl-NaCl,Li,li1280,0.6,2.6500000000000004,0.5032722543087642,0.01340243646996159,0.0
LiCl-NaCl,Li,li1280,0.6,2.75,0.43027219001229067,0.006351407633521691,0.0
LiCl-NaCl,Li,li1280,0.6,2.8500000000000005,0.34563255353376965,0.00498769796425455,0.0
LiCl-NaCl,Li,li1280,0.6,2.95,0.2796428177600485,0.005825561484891767,0.0
LiCl-NaCl,Li,li1280,0.6,3.05,0.2119440894155935,0.005698674866812584,0.0
LiCl-NaCl,Li,li1280,0.6,3.1500000000000004,0.15716052084952015,0.007636361557891952,0.0
LiCl-NaCl,Li,li1280,0.6,3.25,0.10844891656709144,0.007971317850582825,0.0
LiCl-NaCl,Li,li1280,0.6,3.3500000000000005,0.06838816790557833,0.003428715332417056,0.0
LiCl-NaCl,Li,li1280,0.6,3.45,0.03306724642024339,0.0079805508359868,0.0
LiCl-NaCl,Li,li1280,0.6,3.55,0.007964946576053622,0.0039051822358113384,0.0
LiCl-NaCl,Li,li1280,0.6,3.6500000000000004,-0.010766725547160627,0.001222690289956767,0.0
LiCl-NaCl,Li,li1280,0.6,3.75,-0.02583662042011925,0.005247194921860019,0.0
LiCl-NaCl,Li,li1280,0.6,3.8500000000000005,-0.036586809974852086,0.0036989236486653387,0.0
LiCl-NaCl,Li,li1280,0.6,3.95,-0.04545001936623727,0.0039012974220545902,0.0
LiCl-NaCl,Li,li1280,0.6,4.050000000000001,-0.04682101145257467,0.003172632373874537,0.0
LiCl-NaCl,Li,li1280,0.6,4.15,-0.048266562493191056,0.0036295491225628584,0.0
LiCl-NaCl,Li,li1280,0.6,4.25,-0.049688096114422375,0.004465470695597062,0.0
LiCl-NaCl,Li,li1280,0.6,4.35,-0.05211519237665274,0.002250319186662328,0.0
LiCl-NaCl,Li,li1280,0.6,4.45,-0.05294693227807534,0.0038073270164053603,0.0
LiCl-NaCl,Li,li1280,0.6,4.550000000000001,-0.06373581324517308,0.00505566202040343,0.0
LiCl-NaCl,Li,li1280,0.6,4.65,-0.07355760955889123,0.005363406156278694,0.0
LiCl-NaCl,Li,li1280,0.6,4.75,-0.0811681491578522,0.0037889462823959804,0.0
LiCl-NaCl,Li,li1280,0.6,4.8500000000000005,-0.09106747936821469,0.002163010045936522,0.0
LiCl-NaCl,Li,li1280,0.6,4.95,-0.09525464393096916,0.0027660320432674854,0.0
LiCl-NaCl,Li,li1280,0.6,5.050000000000001,-0.09296333856691419,0.004914600477693453,0.0
LiCl-NaCl,Li,li1280,0.6,5.15,-0.08914669744785986,0.003875393455623975,0.0
LiCl-NaCl,Li,li1280,0.6,5.25,-0.07436480259343003,0.004925619055003619,0.0
LiCl-NaCl,Li,li1280,0.6,5.3500000000000005,-0.063631120781654,0.002989953391368126,0.0
LiCl-NaCl,Li,li1280,0.6,5.45,-0.044828169311296184,0.006278435989019257,0.0
LiCl-NaCl,Li,li1280,0.6,5.550000000000001,-0.03042736935254653,0.006139626275026189,0.0
LiCl-NaCl,Li,li1280,0.6,5.65,-0.01086064589258151,0.003112339183542923,0.0
LiCl-NaCl,Li,li1280,0.6,5.75,0.0029873904184344324,0.006053620330762977,0.0
LiCl-NaCl,Li,li1280,0.6,5.8500000000000005,0.014746749436972517,0.005085559818071709,0.0
LiCl-NaCl,Li,li1280,0.6,5.95,0.02694188457649549,0.0018786779024392262,0.0
LiCl-NaCl,Li,li1280,0.6,6.050000000000001,0.040997291383151446,0.0021472586849020656,0.0
LiCl-NaCl,Li,li1280,0.6,6.15,0.04553984530377553,0.001974730073831781,0.0
LiCl-NaCl,Li,li1280,0.6,6.25,0.052144339338537016,0.0024072359835973127,0.0
LiCl-NaCl,Li,li1280,0.6,6.3500000000000005,0.05311294587267468,0.0030739594766378783,0.0
LiCl-NaCl,Li,li1280,0.6,6.45,0.05212026442328943,0.003153335576839657,0.0
LiCl-NaCl,Li,li1280,0.6,6.550000000000001,0.04913589350363434,0.002761864593917202,0.0
LiCl-NaCl,Li,li1280,0.6,6.65,0.0467918710985491,0.0018214946917223288,0.0
LiCl-NaCl,Li,li1280,0.6,6.75,0.0434168727461266,0.0028861429465421077,0.0
LiCl-NaCl,Li,li1280,0.6,6.8500000000000005,0.040202712507340865,0.0023785788807179093,0.0
LiCl-NaCl,Li,li1280,0.6,6.95,0.030922083268249523,0.002112938912736656,0.0
LiCl-NaCl,Li,li1280,0.6,7.050000000000001,0.0248981028094436,0.0020878222239708775,0.0
LiCl-NaCl,Li,li1280,0.6,7.15,0.018175485524545953,0.0017096797611383038,0.0
LiCl-NaCl,Li,li1280,0.6,7.25,0.015975590164586495,0.0024704601452728552,0.0
LiCl-NaCl,Li,li1280,0.6,7.3500000000000005,0.006883123918873579,0.001988856134004677,0.0
LiCl-NaCl,Li,li1280,0.6,7.45,0.0012744251632226256,0.0027426592845292298,0.0
LiCl-NaCl,Li,li1280,0.6,7.550000000000001,-0.0025930669006910545,0.0021527845245035587,0.0
LiCl-NaCl,Li,li1280,0.6,7.65,-0.007590481679498495,0.002077572494900306,0.0
LiCl-NaCl,Li,li1280,0.6,7.75,-0.013278060384564583,0.0020723855054268713,0.0
LiCl-NaCl,Li,li1280,0.6,7.8500000000000005,-0.01613828898912839,0.0021649180500609906,0.0
LiCl-NaCl,Li,li1280,0.6,7.95,-0.018140700228224782,0.0013341288593280679,0.0
LiCl-NaCl,Li,li1280,0.6,8.05,-0.021399598353253113,0.0022703497644740935,0.0
LiCl-NaCl,Li,li1280,0.6,8.15,-0.021335689839682814,0.001847500646672566,0.0
LiCl-NaCl,Li,li1280,0.6,8.25,-0.024006784507627055,0.0010006954561762047,0.0
LiCl-NaCl,Li,li1280,0.6,8.350000000000001,-0.02445312962748547,0.002497393212574164,0.0
LiCl-NaCl,Li,li1280,0.6,8.45,-0.02361432439857225,0.0020363457089444042,0.0
LiCl-NaCl,Li,li1280,0.6,8.55,-0.022369053618719992,0.0025480676477125023,0.0
LiCl-NaCl,Li,li1280,0.6,8.65,-0.019895326729511442,0.0028622932587201214,0.0
LiCl-NaCl,Li,li1280,0.6,8.75,-0.01804178163233683,0.002954127623636604,0.0
LiCl-NaCl,Li,li1280,0.6,8.850000000000001,-0.014199807457889957,0.002836866619387359,0.0
LiCl-NaCl,Li,li1280,0.6,8.95,-0.011637027933535826,0.0020178297347783303,0.0
LiCl-NaCl,Li,li1280,0.6,9.05,-0.007241617610213469,0.0008522045405221174,0.0
LiCl-NaCl,Li,li1280,0.6,9.15,-0.00404841297751668,0.003404775352696308,0.0
LiCl-NaCl,Li,li1280,0.6,9.25,-0.0002543191210608864,0.0021394499403450218,0.0
LiCl-NaCl,Li,li1280,0.6,9.350000000000001,0.0015025237417302106,0.0012168369134911627,0.0
LiCl-NaCl,Li,li1280,0.6,9.45,0.003858950569503583,0.0023037140395080666,0.0
LiCl-NaCl,Li,li1280,0.6,9.55,0.008684844369979294,0.0028443958818489784,0.0
LiCl-NaCl,Li,li1280,0.6,9.650000000000002,0.011706435014137262,0.0009468411536777438,0.0
LiCl-NaCl,Li,li1280,0.6,9.75,0.012290194305833446,0.0014690939150504342,0.0
LiCl-NaCl,Li,li1280,0.6,9.850000000000001,0.013978733165073143,0.0014275363361716765,0.0
LiCl-NaCl,Li,li1280,0.6,9.95,0.015613872490822134,0.003384335390420497,0.0
LiCl-NaCl,Li,li1280,0.6,10.05,0.014652805515018352,0.002389036986080944,0.0
LiCl-NaCl,Li,li1280,0.6,10.150000000000002,0.01476273599996425,0.0021180637666602786,0.0
LiCl-NaCl,Li,li1280,0.6,10.25,0.014249887020895358,0.0023132250238215345,0.0
LiCl-NaCl,Li,li1280,0.6,10.350000000000001,0.013219879193309025,0.0012097727477428184,0.0
LiCl-NaCl,Li,li1280,0.6,10.45,0.011045671749565056,0.002226790814754375,0.0
LiCl-NaCl,Li,li1280,0.6,10.55,0.009654638690921757,0.0013439742963664032,0.0
LiCl-NaCl,Li,li1280,0.6,10.650000000000002,0.008598597469952063,0.0023086403106154577,0.0
LiCl-NaCl,Li,li1280,0.6,10.75,0.0047625524330986435,0.0006894815062554592,0.0
LiCl-NaCl,Li,li1280,0.6,10.850000000000001,0.004578737426688795,0.001997142019939016,0.0
LiCl-NaCl,Li,li1280,0.6,10.95,0.001447567586891907,0.0012307378859002503,0.0
LiCl-NaCl,Li,li1280,0.6,11.05,-0.0013493933944648262,0.0013928308547703507,0.0
LiCl-NaCl,Li,li1280,0.6,11.150000000000002,-0.0026961045174200837,0.0013743104369587965,0.0
LiCl-NaCl,Li,li1280,0.6,11.25,-0.004449824023064819,0.0007319831310551335,0.0
LiCl-NaCl,Li,li1280,0.6,11.350000000000001,-0.004782352335409579,0.0016907145115994159,0.0
LiCl-NaCl,Li,li1280,0.6,11.45,-0.007503375976653404,0.001405506857236581,0.0
LiCl-NaCl,Li,li1280,0.6,11.55,-0.00789353211999777,0.0010619197972765696,0.0
LiCl-NaCl,Li,li1280,0.6,11.650000000000002,-0.008590462073895244,0.002284969502144676,0.0
LiCl-NaCl,Li,li1280,0.6,11.75,-0.009977040881255617,0.0017019401914829964,0.0
LiCl-NaCl,Li,li1280,0.6,11.850000000000001,-0.009388906452338253,0.0017492520198412755,0.0
LiCl-NaCl,Li,li1280,0.6,11.95,-0.01057946871060289,0.0019907153460883764,0.0
LiCl-NaCl,Li,li1120,0.65,0.05,nan,nan,0.0
LiCl-NaCl,Li,li1120,0.65,0.15000000000000002,nan,nan,0.0
LiCl-NaCl,Li,li1120,0.65,0.25,nan,nan,0.0
LiCl-NaCl,Li,li1120,0.65,0.35000000000000003,nan,nan,0.0
LiCl-NaCl,Li,li1120,0.65,0.45,nan,nan,0.0
LiCl-NaCl,Li,li1120,0.65,0.55,nan,nan,0.0
LiCl-NaCl,Li,li1120,0.65,0.6500000000000001,nan,nan,0.0
LiCl-NaCl,Li,li1120,0.65,0.75,nan,nan,0.0
LiCl-NaCl,Li,li1120,0.65,0.8500000000000001,nan,nan,0.0
LiCl-NaCl,Li,li1120,0.65,0.95,nan,nan,0.0
LiCl-NaCl,Li,li1120,0.65,1.05,nan,nan,0.0
LiCl-NaCl,Li,li1120,0.65,1.1500000000000001,nan,nan,0.0
LiCl-NaCl,Li,li1120,0.65,1.25,nan,nan,0.0
LiCl-NaCl,Li,li1120,0.65,1.35,nan,nan,0.0
LiCl-NaCl,Li,li1120,0.65,1.4500000000000002,nan,nan,0.0
LiCl-NaCl,Li,li1120,0.65,1.55,nan,nan,0.0
LiCl-NaCl,Li,li1120,0.65,1.6500000000000001,nan,nan,0.0
LiCl-NaCl,Li,li1120,0.65,1.75,nan,nan,0.0
LiCl-NaCl,Li,li1120,0.65,1.85,1.0,nan,0.0
LiCl-NaCl,Li,li1120,0.65,1.9500000000000002,1.0,0.0,0.0
LiCl-NaCl,Li,li1120,0.65,2.05,0.8601835664335664,0.1377538446432775,0.0
LiCl-NaCl,Li,li1120,0.65,2.1500000000000004,0.833622133143901,0.041308081830202924,0.0
LiCl-NaCl,Li,li1120,0.65,2.25,0.7504834132412043,0.03339494638401838,0.0
LiCl-NaCl,Li,li1120,0.65,2.3500000000000005,0.7199527937488919,0.031309139580544806,0.0
LiCl-NaCl,Li,li1120,0.65,2.45,0.6398021143603769,0.011088671671830164,0.0
LiCl-NaCl,Li,li1120,0.65,2.55,0.5644364659547823,0.015237470514830948,0.0
LiCl-NaCl,Li,li1120,0.65,2.6500000000000004,0.4733360807315129,0.017950756380630678,0.0
LiCl-NaCl,Li,li1120,0.65,2.75,0.39826581711986,0.004348809424883658,0.0
LiCl-NaCl,Li,li1120,0.65,2.8500000000000005,0.31237921553669623,0.011724038275720288,0.0
LiCl-NaCl,Li,li1120,0.65,2.95,0.24532161444897183,0.009476984782840737,0.0
LiCl-NaCl,Li,li1120,0.65,3.05,0.19000432235081355,0.0055252705462386885,0.0
LiCl-NaCl,Li,li1120,0.65,3.1500000000000004,0.13727837384686237,0.004673965250660468,0.0
LiCl-NaCl,Li,li1120,0.65,3.25,0.09766651302204155,0.0059157980201374,0.0
LiCl-NaCl,Li,li1120,0.65,3.3500000000000005,0.054200583682216474,0.002405136426727862,0.0
LiCl-NaCl,Li,li1120,0.65,3.45,0.029850256661668073,0.003978517219308025,0.0
LiCl-NaCl,Li,li1120,0.65,3.55,0.004025826635965513,0.007372532322258548,0.0
LiCl-NaCl,Li,li1120,0.65,3.6500000000000004,-0.013929303930776626,0.005492927282444738,0.0
LiCl-NaCl,Li,li1120,0.65,3.75,-0.024442071054811887,0.0029525748074883057,0.0
LiCl-NaCl,Li,li1120,0.65,3.8500000000000005,-0.03270093865125423,0.0060579860389698955,0.0
LiCl-NaCl,Li,li1120,0.65,3.95,-0.03761994662142598,0.0024712266047775223,0.0
LiCl-NaCl,Li,li1120,0.65,4.050000000000001,-0.04105929744973369,0.0041256106259652614,0.0
LiCl-NaCl,Li,li1120,0.65,4.15,-0.04328224031048933,0.005843131117241834,0.0
LiCl-NaCl,Li,li1120,0.65,4.25,-0.040786535601756935,0.004624416383892459,0.0
LiCl-NaCl,Li,li1120,0.65,4.35,-0.045242954851615336,0.002523810993937452,0.0
LiCl-NaCl,Li,li1120,0.65,4.45,-0.04705285278392224,0.005201444508665038,0.0
LiCl-NaCl,Li,li1120,0.65,4.550000000000001,-0.05503555376162894,0.007634379580528157,0.0
LiCl-NaCl,Li,li1120,0.65,4.65,-0.05873495397783923,0.005584743902155145,0.0
LiCl-NaCl,Li,li1120,0.65,4.75,-0.07216736119837108,0.004135158172856617,0.0
LiCl-NaCl,Li,li1120,0.65,4.8500000000000005,-0.07706978236853179,0.002327969178674137,0.0
LiCl-NaCl,Li,li1120,0.65,4.95,-0.08078823289583736,0.002597908852708527,0.0
LiCl-NaCl,Li,li1120,0.65,5.050000000000001,-0.07836410100342683,0.003329836789131886,0.0
LiCl-NaCl,Li,li1120,0.65,5.15,-0.07549178411257773,0.002494191093581037,0.0
LiCl-NaCl,Li,li1120,0.65,5.25,-0.06386559395603641,0.0042752483716511315,0.0
LiCl-NaCl,Li,li1120,0.65,5.3500000000000005,-0.05488889510497286,0.0024889451580172744,0.0
LiCl-NaCl,Li,li1120,0.65,5.45,-0.04120045689581042,0.0024537125642068586,0.0
LiCl-NaCl,Li,li1120,0.65,5.550000000000001,-0.02693729905968345,0.003300147349852822,0.0
LiCl-NaCl,Li,li1120,0.65,5.65,-0.012276239583168147,0.002515879544412553,0.0
LiCl-NaCl,Li,li1120,0.65,5.75,0.0035950997577898214,0.006451309512688089,0.0
LiCl-NaCl,Li,li1120,0.65,5.8500000000000005,0.015272876506485789,0.002509651910107485,0.0
LiCl-NaCl,Li,li1120,0.65,5.95,0.025239268096502343,0.0030330945731288396,0.0
LiCl-NaCl,Li,li1120,0.65,6.050000000000001,0.03710777632119344,0.004187394283575067,0.0
LiCl-NaCl,Li,li1120,0.65,6.15,0.042101275799867,0.0008377350507982431,0.0
LiCl-NaCl,Li,li1120,0.65,6.25,0.046872803784903994,0.002294186101637574,0.0
LiCl-NaCl,Li,li1120,0.65,6.3500000000000005,0.04757255205478772,0.003449082292268355,0.0
LiCl-NaCl,Li,li1120,0.65,6.45,0.049809897957056926,0.0021195638791956695,0.0
LiCl-NaCl,Li,li1120,0.65,6.550000000000001,0.04698773614768992,0.0033363456393686155,0.0
LiCl-NaCl,Li,li1120,0.65,6.65,0.043229683268932284,0.0019518578045364097,0.0
LiCl-NaCl,Li,li1120,0.65,6.75,0.03854306813915376,0.003375699035607388,0.0
LiCl-NaCl,Li,li1120,0.65,6.8500000000000005,0.0322661040416522,0.003918696718703623,0.0
LiCl-NaCl,Li,li1120,0.65,6.95,0.03199792160939141,0.0014408296047825114,0.0
LiCl-NaCl,Li,li1120,0.65,7.050000000000001,0.024453025663359385,0.0018910841162906441,0.0
LiCl-NaCl,Li,li1120,0.65,7.15,0.01873200009119158,0.0021341620431020707,0.0
LiCl-NaCl,Li,li1120,0.65,7.25,0.013934547568641542,0.0028629954995550485,0.0
LiCl-NaCl,Li,li1120,0.65,7.3500000000000005,0.005958427864765858,0.002067169941573664,0.0
LiCl-NaCl,Li,li1120,0.65,7.45,0.0031594923030638933,0.001234511373319148,0.0
LiCl-NaCl,Li,li1120,0.65,7.550000000000001,-0.0009934402529938602,0.0032692486400661995,0.0
LiCl-NaCl,Li,li1120,0.65,7.65,-0.005804406961121611,0.0021764860677417875,0.0
LiCl-NaCl,Li,li1120,0.65,7.75,-0.009808056782095287,0.003195146656475815,0.0
LiCl-NaCl,Li,li1120,0.65,7.8500000000000005,-0.012837555222132035,0.0020897407156124296,0.0
LiCl-NaCl,Li,li1120,0.65,7.95,-0.0164997504951927,0.002680425219431138,0.0
LiCl-NaCl,Li,li1120,0.65,8.05,-0.019324885251729818,0.00229500743210399,0.0
LiCl-NaCl,Li,li1120,0.65,8.15,-0.020352303347149547,0.0032224185435775865,0.0
LiCl-NaCl,Li,li1120,0.65,8.25,-0.019943094852130416,0.0025030951921093014,0.0
LiCl-NaCl,Li,li1120,0.65,8.350000000000001,-0.022114315291576148,0.00282719104287333,0.0
LiCl-NaCl,Li,li1120,0.65,8.45,-0.020220280402656332,0.0021035692189012383,0.0
LiCl-NaCl,Li,li1120,0.65,8.55,-0.019654278650943935,0.0013874089263601003,0.0
LiCl-NaCl,Li,li1120,0.65,8.65,-0.01812589354648475,0.0032213370358482128,0.0
LiCl-NaCl,Li,li1120,0.65,8.75,-0.01569253656880698,0.0015238771623817956,0.0
LiCl-NaCl,Li,li1120,0.65,8.850000000000001,-0.014227019602869762,0.0020793456521897256,0.0
LiCl-NaCl,Li,li1120,0.65,8.95,-0.010203553714766223,0.0028969652255114433,0.0
LiCl-NaCl,Li,li1120,0.65,9.05,-0.006259971202751569,0.001983083368341889,0.0
LiCl-NaCl,Li,li1120,0.65,9.15,-0.004299365112367282,0.002289247020165573,0.0
LiCl-NaCl,Li,li1120,0.65,9.25,-0.0015004372077593864,0.0016249271323754218,0.0
LiCl-NaCl,Li,li1120,0.65,9.350000000000001,0.0016058756741412772,0.001523213088394766,0.0
LiCl-NaCl,Li,li1120,0.65,9.45,0.005424650227816685,0.00190992109231293,0.0
LiCl-NaCl,Li,li1120,0.65,9.55,0.005589704654423988,0.003320453481884762,0.0
LiCl-NaCl,Li,li1120,0.65,9.650000000000002,0.009564627585874286,0.0009827498423486698,0.0
LiCl-NaCl,Li,li1120,0.65,9.75,0.01128385180793856,0.0015463359928156659,0.0
LiCl-NaCl,Li,li1120,0.65,9.850000000000001,0.012571708703038142,0.0019822040479483224,0.0
LiCl-NaCl,Li,li1120,0.65,9.95,0.012445265192737698,0.0011885458297031632,0.0
LiCl-NaCl,Li,li1120,0.65,10.05,0.014151385064750555,0.0010745551793685756,0.0
LiCl-NaCl,Li,li1120,0.65,10.150000000000002,0.013368925503634332,0.001287585701447892,0.0
LiCl-NaCl,Li,li1120,0.65,10.25,0.01327093563926085,0.00175126682155623,0.0
LiCl-NaCl,Li,li1120,0.65,10.350000000000001,0.01308444912094231,0.0033350150440635564,0.0
LiCl-NaCl,Li,li1120,0.65,10.45,0.01175432948604238,0.0019020325349047463,0.0
LiCl-NaCl,Li,li1120,0.65,10.55,0.009715685099053184,0.0016193096147632965,0.0
LiCl-NaCl,Li,li1120,0.65,10.650000000000002,0.007535971392916063,0.0019795610626578333,0.0
LiCl-NaCl,Li,li1120,0.65,10.75,0.006103293100037099,0.0013263725277599626,0.0
LiCl-NaCl,Li,li1120,0.65,10.850000000000001,0.0036623977755138037,0.0025984342647812062,0.0
LiCl-NaCl,Li,li1120,0.65,10.95,0.0022254658200875355,0.001532207598947656,0.0
LiCl-NaCl,Li,li1120,0.65,11.05,0.0019079336353763354,0.0015521850800338684,0.0
LiCl-NaCl,Li,li1120,0.65,11.150000000000002,-0.0029585926122071005,0.0016982655464743764,0.0
LiCl-NaCl,Li,li1120,0.65,11.25,-0.002422278438811931,0.0008516406432523953,0.0
LiCl-NaCl,Li,li1120,0.65,11.350000000000001,-0.003982912445960052,0.001954643211971569,0.0
LiCl-NaCl,Li,li1120,0.65,11.45,-0.005241058701051626,0.0019059334116585092,0.0
LiCl-NaCl,Li,li1120,0.65,11.55,-0.008181990708050035,0.0017517602026339717,0.0
LiCl-NaCl,Li,li1120,0.65,11.650000000000002,-0.007538731114527408,0.001919600238945772,0.0
LiCl-NaCl,Li,li1120,0.65,11.75,-0.007651699642111431,0.0016753751901648524,0.0
LiCl-NaCl,Li,li1120,0.65,11.850000000000001,-0.008285052839732243,0.0016125305102517287,0.0
LiCl-NaCl,Li,li1120,0.65,11.95,-0.008181865767146634,0.0017133996722184064,0.0
LiCl-NaCl,Li,li960,0.7,0.05,nan,nan,0.0
LiCl-NaCl,Li,li960,0.7,0.15000000000000002,nan,nan,0.0
LiCl-NaCl,Li,li960,0.7,0.25,nan,nan,0.0
LiCl-NaCl,Li,li960,0.7,0.35000000000000003,nan,nan,0.0
LiCl-NaCl,Li,li960,0.7,0.45,nan,nan,0.0
LiCl-NaCl,Li,li960,0.7,0.55,nan,nan,0.0
LiCl-NaCl,Li,li960,0.7,0.6500000000000001,nan,nan,0.0
LiCl-NaCl,Li,li960,0.7,0.75,nan,nan,0.0
LiCl-NaCl,Li,li960,0.7,0.8500000000000001,nan,nan,0.0
LiCl-NaCl,Li,li960,0.7,0.95,nan,nan,0.0
LiCl-NaCl,Li,li960,0.7,1.05,nan,nan,0.0
LiCl-NaCl,Li,li960,0.7,1.1500000000000001,nan,nan,0.0
LiCl-NaCl,Li,li960,0.7,1.25,nan,nan,0.0
LiCl-NaCl,Li,li960,0.7,1.35,nan,nan,0.0
LiCl-NaCl,Li,li960,0.7,1.4500000000000002,nan,nan,0.0
LiCl-NaCl,Li,li960,0.7,1.55,nan,nan,0.0
LiCl-NaCl,Li,li960,0.7,1.6500000000000001,nan,nan,0.0
LiCl-NaCl,Li,li960,0.7,1.75,1.0,nan,0.0
LiCl-NaCl,Li,li960,0.7,1.85,1.0,nan,0.0
LiCl-NaCl,Li,li960,0.7,1.9500000000000002,1.0,0.0,0.0
LiCl-NaCl,Li,li960,0.7,2.05,0.9107421875,0.1095321874697651,0.0
LiCl-NaCl,Li,li960,0.7,2.1500000000000004,0.8359175531914893,0.06925283113581045,0.0
LiCl-NaCl,Li,li960,0.7,2.25,0.7543557236061684,0.03796904362580916,0.0
LiCl-NaCl,Li,li960,0.7,2.3500000000000005,0.6704326923076922,0.026276657924704416,0.0
LiCl-NaCl,Li,li960,0.7,2.45,0.5956750643027742,0.02405239841724083,0.0
LiCl-NaCl,Li,li960,0.7,2.55,0.5230147423191278,0.011067645433522219,0.0
LiCl-NaCl,Li,li960,0.7,2.6500000000000004,0.4274258823089576,0.011758976798178604,0.0
LiCl-NaCl,Li,li960,0.7,2.75,0.3409500192604006,0.007534841348519159,0.0
LiCl-NaCl,Li,li960,0.7,2.8500000000000005,0.27678850532571786,0.006494730805912967,0.0
LiCl-NaCl,Li,li960,0.7,2.95,0.2122730370774264,0.006840248858263989,0.0
LiCl-NaCl,Li,li960,0.7,3.05,0.15941858895426875,0.004845854338726734,0.0
LiCl-NaCl,Li,li960,0.7,3.1500000000000004,0.11130345309587897,0.0033340614712743617,0.0
LiCl-NaCl,Li,li960,0.7,3.25,0.07374049406418892,0.010824038666708653,0.0
LiCl-NaCl,Li,li960,0.7,3.3500000000000005,0.04327810084991757,0.004554513898570868,0.0
LiCl-NaCl,Li,li960,0.7,3.45,0.021304469732860265,0.002524040073773332,0.0
LiCl-NaCl,Li,li960,0.7,3.55,0.00016521231598043418,0.002142743840801849,0.0
LiCl-NaCl,Li,li960,0.7,3.6500000000000004,-0.011848633340678205,0.005483145822434999,0.0
LiCl-NaCl,Li,li960,0.7,3.75,-0.023014885235790095,0.004483787565687568,0.0
LiCl-NaCl,Li,li960,0.7,3.8500000000000005,-0.027649098492812163,0.002536790745173157,0.0
LiCl-NaCl,Li,li960,0.7,3.95,-0.03651044665378089,0.0037592276339515115,0.0
LiCl-NaCl,Li,li960,0.7,4.050000000000001,-0.03859522640175306,0.006429892597567792,0.0
LiCl-NaCl,Li,li960,0.7,4.15,-0.03921677297983184,0.002327527863223061,0.0
LiCl-NaCl,Li,li960,0.7,4.25,-0.03965957049148705,0.0036138370449519015,0.0
LiCl-NaCl,Li,li960,0.7,4.35,-0.041196036112993495,0.002248104335131025,0.0
LiCl-NaCl,Li,li960,0.7,4.45,-0.04399144478283401,0.001608055846603361,0.0
LiCl-NaCl,Li,li960,0.7,4.550000000000001,-0.050034613740515654,0.002648909415117153,0.0
LiCl-NaCl,Li,li960,0.7,4.65,-0.05734275298231495,0.003500185094299293,0.0
LiCl-NaCl,Li,li960,0.7,4.75,-0.06313502783683678,0.006793220032732221,0.0
LiCl-NaCl,Li,li960,0.7,4.8500000000000005,-0.06863739697434057,0.0032700940444795297,0.0
LiCl-NaCl,Li,li960,0.7,4.95,-0.07086801992355918,0.002290350269549268,0.0
LiCl-NaCl,Li,li960,0.7,5.050000000000001,-0.07321390167491604,0.0030744617748121265,0.0
LiCl-NaCl,Li,li960,0.7,5.15,-0.06815311308716021,0.005782152122512724,0.0
LiCl-NaCl,Li,li960,0.7,5.25,-0.06174245451994742,0.0023869891291716894,0.0
LiCl-NaCl,Li,li960,0.7,5.3500000000000005,-0.05125304653091334,0.004880024292440194,0.0
LiCl-NaCl,Li,li960,0.7,5.45,-0.039215918394531535,0.004409999141885013,0.0
LiCl-NaCl,Li,li960,0.7,5.550000000000001,-0.024577932004892222,0.002945214163964108,0.0
LiCl-NaCl,Li,li960,0.7,5.65,-0.01104102398776119,0.0026329828974640023,0.0
LiCl-NaCl,Li,li960,0.7,5.75,-0.00024612710917293334,0.0026831459660662323,0.0
LiCl-NaCl,Li,li960,0.7,5.8500000000000005,0.015494906255281715,0.002047363384847855,0.0
LiCl-NaCl,Li,li960,0.7,5.95,0.021545926803172022,0.001201236520593853,0.0
LiCl-NaCl,Li,li960,0.7,6.050000000000001,0.030949519073330323,0.004125266730017253,0.0
LiCl-NaCl,Li,li960,0.7,6.15,0.035206784960308046,0.00562249164582864,0.0
LiCl-NaCl,Li,li960,0.7,6.25,0.03750642400029769,0.0027263751359027795,0.0
LiCl-NaCl,Li,li960,0.7,6.3500000000000005,0.04217889425965371,0.001977264496617199,0.0
LiCl-NaCl,Li,li960,0.7,6.45,0.04131808087532962,0.0019488924797734734,0.0
LiCl-NaCl,Li,li960,0.7,6.550000000000001,0.04337773459162786,0.0020212624506067973,0.0
LiCl-NaCl,Li,li960,0.7,6.65,0.03712714978732312,0.0028317979943771492,0.0
LiCl-NaCl,Li,li960,0.7,6.75,0.03281794574814656,0.0021768540762009555,0.0
LiCl-NaCl,Li,li960,0.7,6.8500000000000005,0.030412313486971487,0.0016097108021283762,0.0
LiCl-NaCl,Li,li960,0.7,6.95,0.024955972363429058,0.002554118519221047,0.0
LiCl-NaCl,Li,li960,0.7,7.050000000000001,0.020743365840532824,0.002115576944660843,0.0
LiCl-NaCl,Li,li960,0.7,7.15,0.01326184471869496,0.001965150465554208,0.0
LiCl-NaCl,Li,li960,0.7,7.25,0.009483902858917537,0.003411317136052584,0.0
LiCl-NaCl,Li,li960,0.7,7.3500000000000005,0.005547585011018152,0.0022175766322189796,0.0
LiCl-NaCl,Li,li960,0.7,7.45,0.0023422039798133287,0.0022685863510069453,0.0
LiCl-NaCl,Li,li960,0.7,7.550000000000001,-0.0011329607863201918,0.0032882663729473316,0.0
LiCl-NaCl,Li,li960,0.7,7.65,-0.006353225857386402,0.001454607660089803,0.0
LiCl-NaCl,Li,li960,0.7,7.75,-0.00867716565712584,0.001896319149281184,0.0
LiCl-NaCl,Li,li960,0.7,7.8500000000000005,-0.013605469943941406,0.002018864571210016,0.0
LiCl-NaCl,Li,li960,0.7,7.95,-0.015901174309613797,0.0030181397391732616,0.0
LiCl-NaCl,Li,li960,0.7,8.05,-0.017925380907500177,0.0029299661012681453,0.0
LiCl-NaCl,Li,li960,0.7,8.15,-0.018519304741397402,0.002967905436554997,0.0
LiCl-NaCl,Li,li960,0.7,8.25,-0.01762878139230417,0.002856381433195631,0.0
LiCl-NaCl,Li,li960,0.7,8.350000000000001,-0.019629698780015303,0.0017305274891199578,0.0
LiCl-NaCl,Li,li960,0.7,8.45,-0.01971211762927183,0.001850813684406886,0.0
LiCl-NaCl,Li,li960,0.7,8.55,-0.018051745418240506,0.0019342813940883127,0.0
LiCl-NaCl,Li,li960,0.7,8.65,-0.01689626693379931,0.0012639995938193037,0.0
LiCl-NaCl,Li,li960,0.7,8.75,-0.01691566890266394,0.001696219077452407,0.0
LiCl-NaCl,Li,li960,0.7,8.850000000000001,-0.011268011200928019,0.0012221384482729845,0.0
LiCl-NaCl,Li,li960,0.7,8.95,-0.009538351574909676,0.002087012675770658,0.0
LiCl-NaCl,Li,li960,0.7,9.05,-0.008365854450630206,0.0014266146452303705,0.0
LiCl-NaCl,Li,li960,0.7,9.15,-0.006204092808419048,0.002282676306789577,0.0
LiCl-NaCl,Li,li960,0.7,9.25,-0.002647358959638968,0.002839646096219007,0.0
LiCl-NaCl,Li,li960,0.7,9.350000000000001,0.00040729356608248946,0.0015645838383796721,0.0
LiCl-NaCl,Li,li960,0.7,9.45,0.0034917370311625673,0.0016534315461982335,0.0
LiCl-NaCl,Li,li960,0.7,9.55,0.005114714635136908,0.002599433638239091,0.0
LiCl-NaCl,Li,li960,0.7,9.650000000000002,0.007390362015536778,0.00044762269362499013,0.0
LiCl-NaCl,Li,li960,0.7,9.75,0.009782537143991799,0.0013633360409174597,0.0
LiCl-NaCl,Li,li960,0.7,9.850000000000001,0.010536622064665657,0.00253726328550055,0.0
LiCl-NaCl,Li,li960,0.7,9.95,0.012638052249755338,0.0012637546566658423,0.0
LiCl-NaCl,Li,li960,0.7,10.05,0.011269290382285413,0.0008053653742957477,0.0
LiCl-NaCl,Li,li960,0.7,10.150000000000002,0.012410736041892578,0.00034589071983088344,0.0
LiCl-NaCl,Li,li960,0.7,10.25,0.011541227489864636,0.0020398851916644746,0.0
LiCl-NaCl,Li,li960,0.7,10.350000000000001,0.010802577433820515,0.001410311932257817,0.0
LiCl-NaCl,Li,li960,0.7,10.45,0.009029018699100333,0.002266857549175663,0.0
LiCl-NaCl,Li,li960,0.7,10.55,0.008008847063885494,0.0026461627595840043,0.0
LiCl-NaCl,Li,li960,0.7,10.650000000000002,0.0063384727962759735,0.0018691043291830238,0.0
LiCl-NaCl,Li,li960,0.7,10.75,0.0032140622731130497,0.0019713278545390126,0.0
LiCl-NaCl,Li,li960,0.7,10.850000000000001,0.003732463200188274,0.0029470014634531334,0.0
LiCl-NaCl,Li,li960,0.7,10.95,0.0025207497748335195,0.001828169534907144,0.0
LiCl-NaCl,Li,li960,0.7,11.05,0.00029724036162259715,0.0015463627691849795,0.0
LiCl-NaCl,Li,li960,0.7,11.150000000000002,-0.0015082992955777197,0.00040544637883232093,0.0
LiCl-NaCl,Li,li960,0.7,11.25,-0.002978971115929596,0.0013287476511287194,0.0
LiCl-NaCl,Li,li960,0.7,11.350000000000001,-0.00399904097997994,0.0004404269320867473,0.0
LiCl-NaCl,Li,li960,0.7,11.45,-0.004131973858462201,0.002297705507830155,0.0
LiCl-NaCl,Li,li960,0.7,11.55,-0.00594728929323618,0.0013139023501434902,0.0
LiCl-NaCl,Li,li960,0.7,11.650000000000002,-0.005772367338255924,0.0015740849984905096,0.0
LiCl-NaCl,Li,li960,0.7,11.75,-0.006094461464756229,0.0017129523486704094,0.0
LiCl-NaCl,Li,li960,0.7,11.850000000000001,-0.006201111405711224,0.0012382564660197864,0.0
LiCl-NaCl,Li,li960,0.7,11.95,-0.0069828437643548735,0.0007775728479311489,0.0
LiCl-NaCl,Li,li800,0.75,0.05,nan,nan,0.0
LiCl-NaCl,Li,li800,0.75,0.15000000000000002,nan,nan,0.0
LiCl-NaCl,Li,li800,0.75,0.25,nan,nan,0.0
LiCl-NaCl,Li,li800,0.75,0.35000000000000003,nan,nan,0.0
LiCl-NaCl,Li,li800,0.75,0.45,nan,nan,0.0
LiCl-NaCl,Li,li800,0.75,0.55,nan,nan,0.0
LiCl-NaCl,Li,li800,0.75,0.6500000000000001,nan,nan,0.0
LiCl-NaCl,Li,li800,0.75,0.75,nan,nan,0.0
LiCl-NaCl,Li,li800,0.75,0.8500000000000001,nan,nan,0.0
LiCl-NaCl,Li,li800,0.75,0.95,nan,nan,0.0
LiCl-NaCl,Li,li800,0.75,1.05,nan,nan,0.0
LiCl-NaCl,Li,li800,0.75,1.1500000000000001,nan,nan,0.0
LiCl-NaCl,Li,li800,0.75,1.25,nan,nan,0.0
LiCl-NaCl,Li,li800,0.75,1.35,nan,nan,0.0
LiCl-NaCl,Li,li800,0.75,1.4500000000000002,nan,nan,0.0
LiCl-NaCl,Li,li800,0.75,1.55,nan,nan,0.0
LiCl-NaCl,Li,li800,0.75,1.6500000000000001,nan,nan,0.0
LiCl-NaCl,Li,li800,0.75,1.75,nan,nan,0.0
LiCl-NaCl,Li,li800,0.75,1.85,1.0,0.0,0.0
LiCl-NaCl,Li,li800,0.75,1.9500000000000002,1.0,nan,0.0
LiCl-NaCl,Li,li800,0.75,2.05,0.8450096899224806,0.17246484265627274,0.0
LiCl-NaCl,Li,li800,0.75,2.1500000000000004,0.739545019157088,0.05744637266602712,0.0
LiCl-NaCl,Li,li800,0.75,2.25,0.7015858208955223,0.06952715752242468,0.0
LiCl-NaCl,Li,li800,0.75,2.3500000000000005,0.6401279451525685,0.033535265664606906,0.0
LiCl-NaCl,Li,li800,0.75,2.45,0.5413092756111519,0.032514251716900214,0.0
LiCl-NaCl,Li,li800,0.75,2.55,0.4792835689728435,0.024595784923865462,0.0
LiCl-NaCl,Li,li800,0.75,2.6500000000000004,0.38480123359580043,0.01934161256134297,0.0
LiCl-NaCl,Li,li800,0.75,2.75,0.3116845550699622,0.006030071602227864,0.0
LiCl-NaCl,Li,li800,0.75,2.8500000000000005,0.24146295104917737,0.006405912073947449,0.0
LiCl-NaCl,Li,li800,0.75,2.95,0.18184733261635488,0.006548158099229916,0.0
LiCl-NaCl,Li,li800,0.75,3.05,0.13709508730029718,0.00949226495163634,0.0
LiCl-NaCl,Li,li800,0.75,3.1500000000000004,0.09415056512465592,0.007202591359348409,0.0
LiCl-NaCl,Li,li800,0.75,3.25,0.06345027023897853,0.008683206040455508,0.0
LiCl-NaCl,Li,li800,0.75,3.3500000000000005,0.03292843293617287,0.006746584114586097,0.0
LiCl-NaCl,Li,li800,0.75,3.45,0.017787341630391307,0.003700463170289766,0.0
LiCl-NaCl,Li,li800,0.75,3.55,0.0007481439964717174,0.006311069293328738,0.0
LiCl-NaCl,Li,li800,0.75,3.6500000000000004,-0.00964941190274149,0.0038786464435737198,0.0
LiCl-NaCl,Li,li800,0.75,3.75,-0.019498260970422177,0.003211110322146368,0.0
LiCl-NaCl,Li,li800,0.75,3.8500000000000005,-0.028949739401714636,0.005376633324540085,0.0
LiCl-NaCl,Li,li800,0.75,3.95,-0.02521798670049402,0.006749242965754247,0.0
LiCl-NaCl,Li,li800,0.75,4.050000000000001,-0.031802613789995604,0.0037271692423359324,0.0
LiCl-NaCl,Li,li800,0.75,4.15,-0.03211905236773127,0.0035560043827977147,0.0
LiCl-NaCl,Li,li800,0.75,4.25,-0.03156602062249392,0.004128075223710928,0.0
LiCl-NaCl,Li,li800,0.75,4.35,-0.02891749753566719,0.004195568985029237,0.0
LiCl-NaCl,Li,li800,0.75,4.45,-0.03305361027946985,0.004057396123673705,0.0
LiCl-NaCl,Li,li800,0.75,4.550000000000001,-0.036910450800265115,0.00290233318192865,0.0
LiCl-NaCl,Li,li800,0.75,4.65,-0.04338280961461649,0.001537899940504419,0.0
LiCl-NaCl,Li,li800,0.75,4.75,-0.05199637907895549,0.001701314431707382,0.0
LiCl-NaCl,Li,li800,0.75,4.8500000000000005,-0.05760127762059386,0.004239421621738181,0.0
LiCl-NaCl,Li,li800,0.75,4.95,-0.05859042614048082,0.0016311363829010336,0.0
LiCl-NaCl,Li,li800,0.75,5.050000000000001,-0.057764967909878395,0.002349263335207119,0.0
LiCl-NaCl,Li,li800,0.75,5.15,-0.05611973131494419,0.005430890586003991,0.0
LiCl-NaCl,Li,li800,0.75,5.25,-0.04871685613490051,0.0012632823125732614,0.0
LiCl-NaCl,Li,li800,0.75,5.3500000000000005,-0.0371488875174073,0.0033965102097971503,0.0
LiCl-NaCl,Li,li800,0.75,5.45,-0.028781636081302686,0.005035109798594798,0.0
LiCl-NaCl,Li,li800,0.75,5.550000000000001,-0.0213720934002517,0.0039023363429567023,0.0
LiCl-NaCl,Li,li800,0.75,5.65,-0.007372466201211791,0.002126917683841191,0.0
LiCl-NaCl,Li,li800,0.75,5.75,0.0029958641550282827,0.004870163624559652,0.0
LiCl-NaCl,Li,li800,0.75,5.8500000000000005,0.010237163292175167,0.004777892806533914,0.0
LiCl-NaCl,Li,li800,0.75,5.95,0.020855616407116084,0.006377706011173729,0.0
LiCl-NaCl,Li,li800,0.75,6.050000000000001,0.028253524997380097,0.004972289604458593,0.0
LiCl-NaCl,Li,li800,0.75,6.15,0.031375825831276294,0.003884784284212927,0.0
LiCl-NaCl,Li,li800,0.75,6.25,0.03600859352512531,0.0032483631734817426,0.0
LiCl-NaCl,Li,li800,0.75,6.3500000000000005,0.03658023255813947,0.004023312492385277,0.0
LiCl-NaCl,Li,li800,0.75,6.45,0.03740122304985616,0.00295418658439185,0.0
LiCl-NaCl,Li,li800,0.75,6.550000000000001,0.036317034050368124,0.005338493922415505,0.0
LiCl-NaCl,Li,li800,0.75,6.65,0.031157617013546357,0.004731731654137492,0.0
LiCl-NaCl,Li,li800,0.75,6.75,0.029655038703505054,0.004584305357181654,0.0
LiCl-NaCl,Li,li800,0.75,6.8500000000000005,0.024988507400940052,0.004924048842078221,0.0
LiCl-NaCl,Li,li800,0.75,6.95,0.021068328184219443,0.0024702601038455907,0.0
LiCl-NaCl,Li,li800,0.75,7.050000000000001,0.01739806775395958,0.00468597775749175,0.0
LiCl-NaCl,Li,li800,0.75,7.15,0.0139279621241154,0.0032615054500010404,0.0
LiCl-NaCl,Li,li800,0.75,7.25,0.009653295087934222,0.002758760918525246,0.0
LiCl-NaCl,Li,li800,0.75,7.3500000000000005,0.006295579682471963,0.0025354422694434456,0.0
LiCl-NaCl,Li,li800,0.75,7.45,0.0029070712581558134,0.003537254377515968,0.0
LiCl-NaCl,Li,li800,0.75,7.550000000000001,-0.0006164979545371096,0.0025878158790491254,0.0
LiCl-NaCl,Li,li800,0.75,7.65,-0.003259711159189216,0.0038927346461132936,0.0
LiCl-NaCl,Li,li800,0.75,7.75,-0.005843751759077032,0.0025757142361147235,0.0
LiCl-NaCl,Li,li800,0.75,7.8500000000000005,-0.009749801403599268,0.0023947083196736428,0.0
LiCl-NaCl,Li,li800,0.75,7.95,-0.010773458711795136,0.004220495240747069,0.0
LiCl-NaCl,Li,li800,0.75,8.05,-0.012047933325000093,0.003041201437771579,0.0
LiCl-NaCl,Li,li800,0.75,8.15,-0.015234593874839497,0.0014001889274325749,0.0
LiCl-NaCl,Li,li800,0.75,8.25,-0.013687301542343544,0.002301040016985498,0.0
LiCl-NaCl,Li,li800,0.75,8.350000000000001,-0.015361433179653439,0.002362899351092553,0.0
LiCl-NaCl,Li,li800,0.75,8.45,-0.01602429906380265,0.0037107472380312006,0.0
LiCl-NaCl,Li,li800,0.75,8.55,-0.014435860512683307,0.0034072810912302368,0.0
LiCl-NaCl,Li,li800,0.75,8.65,-0.012261864836880187,0.0011148383568023949,0.0
LiCl-NaCl,Li,li800,0.75,8.75,-0.011830383467742678,0.0029912553549130143,0.0
LiCl-NaCl,Li,li800,0.75,8.850000000000001,-0.011229998400793084,0.0015027555892724862,0.0
LiCl-NaCl,Li,li800,0.75,8.95,-0.007641688956497639,0.0037466643966810776,0.0
LiCl-NaCl,Li,li800,0.75,9.05,-0.004508483539886532,0.002213521688272573,0.0
LiCl-NaCl,Li,li800,0.75,9.15,-0.0023989286208287997,0.0020876035598103976,0.0
LiCl-NaCl,Li,li800,0.75,9.25,0.00021139235300660086,0.001939490382526655,0.0
LiCl-NaCl,Li,li800,0.75,9.350000000000001,0.00012822367010012492,0.001811577262069697,0.0
LiCl-NaCl,Li,li800,0.75,9.45,0.002133060542342302,0.0023797657478084426,0.0
LiCl-NaCl,Li,li800,0.75,9.55,0.005085327977426446,0.0025178985313031913,0.0
LiCl-NaCl,Li,li800,0.75,9.650000000000002,0.007397700481044822,0.002570506084220136,0.0
LiCl-NaCl,Li,li800,0.75,9.75,0.009514883025232512,0.0014860091506866235,0.0
LiCl-NaCl,Li,li800,0.75,9.850000000000001,0.010654178122914248,0.001831867276417575,0.0
LiCl-NaCl,Li,li800,0.75,9.95,0.010931347360383037,0.0013623880839079793,0.0
LiCl-NaCl,Li,li800,0.75,10.05,0.010897507862421052,0.001101220421408481,0.0
LiCl-NaCl,Li,li800,0.75,10.150000000000002,0.01010756377013311,0.002686466889607975,0.0
LiCl-NaCl,Li,li800,0.75,10.25,0.010361975904482734,0.0014996173475633231,0.0
LiCl-NaCl,Li,li800,0.75,10.350000000000001,0.009562968891027035,0.00249364694190288,0.0
LiCl-NaCl,Li,li800,0.75,10.45,0.010894950972842543,0.0017773155685774427,0.0
LiCl-NaCl,Li,li800,0.75,10.55,0.008177991746905033,0.0035016489119483497,0.0
LiCl-NaCl,Li,li800,0.75,10.650000000000002,0.005973396131139341,0.0014486109832485285,0.0
LiCl-NaCl,Li,li800,0.75,10.75,0.004904308088199083,0.0010066941595625475,0.0
LiCl-NaCl,Li,li800,0.75,10.850000000000001,0.0032210370235733476,0.0010380844154153593,0.0
LiCl-NaCl,Li,li800,0.75,10.95,0.002373090553339674,0.001147039739818299,0.0
LiCl-NaCl,Li,li800,0.75,11.05,0.001122417273307641,0.0012309124356818595,0.0
LiCl-NaCl,Li,li800,0.75,11.150000000000002,-0.0004310026762330832,0.0023575214852442276,0.0
LiCl-NaCl,Li,li800,0.75,11.25,-0.0010135739819470135,0.0012479264590355252,0.0
LiCl-NaCl,Li,li800,0.75,11.350000000000001,-0.0014395650867327081,0.0016753411835592326,0.0
LiCl-NaCl,Li,li800,0.75,11.45,-0.002410200541937968,0.0008037524396139218,0.0
LiCl-NaCl,Li,li800,0.75,11.55,-0.0027419862557636066,0.002017804252900466,0.0
LiCl-NaCl,Li,li800,0.75,11.650000000000002,-0.004982971311636941,0.0014823299525903817,0.0
LiCl-NaCl,Li,li800,0.75,11.75,-0.004445281891843456,0.0024517191222411046,0.0
LiCl-NaCl,Li,li800,0.75,11.850000000000001,-0.00458401957504484,0.0014299937015810609,0.0
LiCl-NaCl,Li,li800,0.75,11.95,-0.00567234558710461,0.0027543578981897867,0.0
LiCl-NaCl,Li,li640,0.8,0.05,nan,nan,0.0
LiCl-NaCl,Li,li640,0.8,0.15000000000000002,nan,nan,0.0
LiCl-NaCl,Li,li640,0.8,0.25,nan,nan,0.0
LiCl-NaCl,Li,li640,0.8,0.35000000000000003,nan,nan,0.0
LiCl-NaCl,Li,li640,0.8,0.45,nan,nan,0.0
LiCl-NaCl,Li,li640,0.8,0.55,nan,nan,0.0
LiCl-NaCl,Li,li640,0.8,0.6500000000000001,nan,nan,0.0
LiCl-NaCl,Li,li640,0.8,0.75,nan,nan,0.0
LiCl-NaCl,Li,li640,0.8,0.8500000000000001,nan,nan,0.0
LiCl-NaCl,Li,li640,0.8,0.95,nan,nan,0.0
LiCl-NaCl,Li,li640,0.8,1.05,nan,nan,0.0
LiCl-NaCl,Li,li640,0.8,1.1500000000000001,nan,nan,0.0
LiCl-NaCl,Li,li640,0.8,1.25,nan,nan,0.0
LiCl-NaCl,Li,li640,0.8,1.35,nan,nan,0.0
LiCl-NaCl,Li,li640,0.8,1.4500000000000002,nan,nan,0.0
LiCl-NaCl,Li,li640,0.8,1.55,nan,nan,0.0
LiCl-NaCl,Li,li640,0.8,1.6500000000000001,nan,nan,0.0
LiCl-NaCl,Li,li640,0.8,1.75,nan,nan,0.0
LiCl-NaCl,Li,li640,0.8,1.85,1.0,nan,0.0
LiCl-NaCl,Li,li640,0.8,1.9500000000000002,1.0,0.0,0.0
LiCl-NaCl,Li,li640,0.8,2.05,0.7500781249999999,0.4950032236869811,0.0
LiCl-NaCl,Li,li640,0.8,2.1500000000000004,0.7223090277777777,0.08510746298977354,0.0
LiCl-NaCl,Li,li640,0.8,2.25,0.6631487771739131,0.07367595152525513,0.0
LiCl-NaCl,Li,li640,0.8,2.3500000000000005,0.5733503651365706,0.034256111068458855,0.0
LiCl-NaCl,Li,li640,0.8,2.45,0.5033342588441474,0.03170328522083541,0.0
LiCl-NaCl,Li,li640,0.8,2.55,0.41344866071428577,0.007336489874005291,0.0
LiCl-NaCl,Li,li640,0.8,2.6500000000000004,0.33025624973834045,0.013178165567281585,0.0
LiCl-NaCl,Li,li640,0.8,2.75,0.25516199346081436,0.02255913938661108,0.0
LiCl-NaCl,Li,li640,0.8,2.8500000000000005,0.19477796696797844,0.008398486549056951,0.0
LiCl-NaCl,Li,li640,0.8,2.95,0.1405152363353699,0.005653902202749539,0.0
LiCl-NaCl,Li,li640,0.8,3.05,0.10457620607880558,0.007491502678987445,0.0
LiCl-NaCl,Li,li640,0.8,3.1500000000000004,0.07069662325233028,0.005668596732754686,0.0
LiCl-NaCl,Li,li640,0.8,3.25,0.04689460690050884,0.0048250061875657144,0.0
LiCl-NaCl,Li,li640,0.8,3.3500000000000005,0.02420199768984721,0.0035524261937791564,0.0
LiCl-NaCl,Li,li640,0.8,3.45,0.012478146005687751,0.007211531053078428,0.0
LiCl-NaCl,Li,li640,0.8,3.55,-0.006491542669447847,0.002298020260932311,0.0
LiCl-NaCl,Li,li640,0.8,3.6500000000000004,-0.01073246094747593,0.004050052552980388,0.0
LiCl-NaCl,Li,li640,0.8,3.75,-0.01997624569923251,0.005719312675083863,0.0
LiCl-NaCl,Li,li640,0.8,3.8500000000000005,-0.024455993871853154,0.003998868522912749,0.0
LiCl-NaCl,Li,li640,0.8,3.95,-0.0238667910241932,0.003481991901218071,0.0
LiCl-NaCl,Li,li640,0.8,4.050000000000001,-0.02635240789573534,0.004994492837320394,0.0
LiCl-NaCl,Li,li640,0.8,4.15,-0.025607805243915704,0.003759769568910937,0.0
LiCl-NaCl,Li,li640,0.8,4.25,-0.025636074311578216,0.0029143601095950465,0.0
LiCl-NaCl,Li,li640,0.8,4.35,-0.025096598186751695,0.0043144695651165434,0.0
LiCl-NaCl,Li,li640,0.8,4.45,-0.028626378497628835,0.003354864458986699,0.0
LiCl-NaCl,Li,li640,0.8,4.550000000000001,-0.03438331236171566,0.003479159310506694,0.0
LiCl-NaCl,Li,li640,0.8,4.65,-0.03688780440679129,0.002105253485302451,0.0
LiCl-NaCl,Li,li640,0.8,4.75,-0.04207505547319834,0.003988286795238274,0.0
LiCl-NaCl,Li,li640,0.8,4.8500000000000005,-0.04253978194367081,0.003216957210397595,0.0
LiCl-NaCl,Li,li640,0.8,4.95,-0.04831651263863268,0.00343959213424127,0.0
LiCl-NaCl,Li,li640,0.8,5.050000000000001,-0.04559127062510293,0.004018578930468105,0.0
LiCl-NaCl,Li,li640,0.8,5.15,-0.04650271708905174,0.0028941625918597006,0.0
LiCl-NaCl,Li,li640,0.8,5.25,-0.04045838027369175,0.0022776180242998737,0.0
LiCl-NaCl,Li,li640,0.8,5.3500000000000005,-0.03383298849064276,0.0020693568553752876,0.0
LiCl-NaCl,Li,li640,0.8,5.45,-0.025897731077585417,0.002992848138025844,0.0
LiCl-NaCl,Li,li640,0.8,5.550000000000001,-0.018010882832447672,0.0031778337056516913,0.0
LiCl-NaCl,Li,li640,0.8,5.65,-0.007806949388353024,0.004871546750585521,0.0
LiCl-NaCl,Li,li640,0.8,5.75,0.0003441991381011311,0.0024309495036648116,0.0
LiCl-NaCl,Li,li640,0.8,5.8500000000000005,0.008828040629069722,0.0019120713732479432,0.0
LiCl-NaCl,Li,li640,0.8,5.95,0.01490916943287346,0.0021768804079890574,0.0
LiCl-NaCl,Li,li640,0.8,6.050000000000001,0.021963762103981543,0.004140404452863934,0.0
LiCl-NaCl,Li,li640,0.8,6.15,0.02653303880592972,0.002197650072442389,0.0
LiCl-NaCl,Li,li640,0.8,6.25,0.026812791359152488,0.005437874769720602,0.0
LiCl-NaCl,Li,li640,0.8,6.3500000000000005,0.029904696350576687,0.0035636843722864817,0.0
LiCl-NaCl,Li,li640,0.8,6.45,0.029717463593915805,0.004241870489565019,0.0
LiCl-NaCl,Li,li640,0.8,6.550000000000001,0.027418848292162012,0.004265146042325683,0.0
LiCl-NaCl,Li,li640,0.8,6.65,0.026897372524017915,0.002940849851455118,0.0
LiCl-NaCl,Li,li640,0.8,6.75,0.02400813394454393,0.003536185938946194,0.0
LiCl-NaCl,Li,li640,0.8,6.8500000000000005,0.020934210501810324,0.0014725349245074144,0.0
LiCl-NaCl,Li,li640,0.8,6.95,0.018169511925224646,0.002349179788085697,0.0
LiCl-NaCl,Li,li640,0.8,7.050000000000001,0.01600880303412633,0.0015766918000264792,0.0
LiCl-NaCl,Li,li640,0.8,7.15,0.009501931234547678,0.0015716007355306536,0.0
LiCl-NaCl,Li,li640,0.8,7.25,0.009330362950061066,0.002513994027082838,0.0
LiCl-NaCl,Li,li640,0.8,7.3500000000000005,0.004940637247967894,0.0014778274361080777,0.0
LiCl-NaCl,Li,li640,0.8,7.45,0.0006756670990755165,0.001519081429297766,0.0
LiCl-NaCl,Li,li640,0.8,7.550000000000001,-0.0029144074086664418,0.0016570202376106158,0.0
LiCl-NaCl,Li,li640,0.8,7.65,-0.003931725973681743,0.0012196916555948561,0.0
LiCl-NaCl,Li,li640,0.8,7.75,-0.008217092219166222,0.0011635345486287786,0.0
LiCl-NaCl,Li,li640,0.8,7.8500000000000005,-0.008649115789011397,0.002185268557189985,0.0
LiCl-NaCl,Li,li640,0.8,7.95,-0.009950415765191734,0.0025088895193912408,0.0
LiCl-NaCl,Li,li640,0.8,8.05,-0.011203053325081758,0.0033807680740432443,0.0
LiCl-NaCl,Li,li640,0.8,8.15,-0.012951451889066767,0.002778466107147816,0.0
LiCl-NaCl,Li,li640,0.8,8.25,-0.014619749037770413,0.0009207847354691748,0.0
LiCl-NaCl,Li,li640,0.8,8.350000000000001,-0.012892148374806789,0.0011377404460408645,0.0
LiCl-NaCl,Li,li640,0.8,8.45,-0.014537464120315757,0.002218074137832262,0.0
LiCl-NaCl,Li,li640,0.8,8.55,-0.01310669130357578,0.0008310992116396284,0.0
LiCl-NaCl,Li,li640,0.8,8.65,-0.01183016152543992,0.0015471863769411464,0.0
LiCl-NaCl,Li,li640,0.8,8.75,-0.011625224059504058,0.0021069833480758643,0.0
LiCl-NaCl,Li,li640,0.8,8.850000000000001,-0.00852660921661208,0.0032847407550648114,0.0
LiCl-NaCl,Li,li640,0.8,8.95,-0.0073610751703250266,0.0018673304188614038,0.0
LiCl-NaCl,Li,li640,0.8,9.05,-0.005705643000200933,0.0026270832718915046,0.0
LiCl-NaCl,Li,li640,0.8,9.15,-0.004990068275469106,0.0018175574773133397,0.0
LiCl-NaCl,Li,li640,0.8,9.25,-0.00081989218884293,0.0022592578826407445,0.0
LiCl-NaCl,Li,li640,0.8,9.350000000000001,-0.0002554233297025199,0.001390826922121338,0.0
LiCl-NaCl,Li,li640,0.8,9.45,0.0019393281227737535,0.00122616803013909,0.0
LiCl-NaCl,Li,li640,0.8,9.55,0.0029043998690310158,0.0024000170282740267,0.0
LiCl-NaCl,Li,li640,0.8,9.650000000000002,0.004265447502934339,0.0023842883425558557,0.0
LiCl-NaCl,Li,li640,0.8,9.75,0.006158060729054005,0.0016590687320499663,0.0
LiCl-NaCl,Li,li640,0.8,9.850000000000001,0.006289520791318282,0.0020740448398948153,0.0
LiCl-NaCl,Li,li640,0.8,9.95,0.006058359278268033,0.0013164563330240343,0.0
LiCl-NaCl,Li,li640,0.8,10.05,0.007656319472946205,0.0012677221836989937,0.0
LiCl-NaCl,Li,li640,0.8,10.150000000000002,0.007622457582296072,0.0017222446408227303,0.0
LiCl-NaCl,Li,li640,0.8,10.25,0.007159025782360162,0.0018547431943821884,0.0
LiCl-NaCl,Li,li640,0.8,10.350000000000001,0.0077239934188932935,0.0017761266890414609,0.0
LiCl-NaCl,Li,li640,0.8,10.45,0.007991068595884387,0.0021702226043794136,0.0
LiCl-NaCl,Li,li640,0.8,10.55,0.00508097944063135,0.0006665285169001263,0.0
LiCl-NaCl,Li,li640,0.8,10.650000000000002,0.003919880563931,0.0011378392968968375,0.0
LiCl-NaCl,Li,li640,0.8,10.75,0.0053607716863508514,0.0019417691387970672,0.0
LiCl-NaCl,Li,li640,0.8,10.850000000000001,0.003016949992128204,0.00140332736692906,0.0
LiCl-NaCl,Li,li640,0.8,10.95,0.0011534284246013105,0.0011351110310311493,0.0
LiCl-NaCl,Li,li640,0.8,11.05,0.001271345364755927,0.0009293018325447304,0.0
LiCl-NaCl,Li,li640,0.8,11.150000000000002,-0.0004109143128283588,0.001091768614707612,0.0
LiCl-NaCl,Li,li640,0.8,11.25,-0.0016805419862422344,0.0013795958603221238,0.0
LiCl-NaCl,Li,li640,0.8,11.350000000000001,-0.0018138952242678918,0.0019429492030915664,0.0
LiCl-NaCl,Li,li640,0.8,11.45,-0.0035865872321818593,0.001546596595519091,0.0
LiCl-NaCl,Li,li640,0.8,11.55,-0.003167183031086207,0.0010891105173498866,0.0
LiCl-NaCl,Li,li640,0.8,11.650000000000002,-0.004785689776290125,0.0011600985260279988,0.0
LiCl-NaCl,Li,li640,0.8,11.75,-0.004579199581930871,0.0017968089864298412,0.0
LiCl-NaCl,Li,li640,0.8,11.850000000000001,-0.003457588584909077,0.0010050606913443072,0.0
LiCl-NaCl,Li,li640,0.8,11.95,-0.006168401984568472,0.0010031807627705047,0.0
LiCl-NaCl,Li,li480,0.85,0.05,nan,nan,0.0
LiCl-NaCl,Li,li480,0.85,0.15000000000000002,nan,nan,0.0
LiCl-NaCl,Li,li480,0.85,0.25,nan,nan,0.0
LiCl-NaCl,Li,li480,0.85,0.35000000000000003,nan,nan,0.0
LiCl-NaCl,Li,li480,0.85,0.45,nan,nan,0.0
LiCl-NaCl,Li,li480,0.85,0.55,nan,nan,0.0
LiCl-NaCl,Li,li480,0.85,0.6500000000000001,nan,nan,0.0
LiCl-NaCl,Li,li480,0.85,0.75,nan,nan,0.0
LiCl-NaCl,Li,li480,0.85,0.8500000000000001,nan,nan,0.0
LiCl-NaCl,Li,li480,0.85,0.95,nan,nan,0.0
LiCl-NaCl,Li,li480,0.85,1.05,nan,nan,0.0
LiCl-NaCl,Li,li480,0.85,1.1500000000000001,nan,nan,0.0
LiCl-NaCl,Li,li480,0.85,1.25,nan,nan,0.0
LiCl-NaCl,Li,li480,0.85,1.35,nan,nan,0.0
LiCl-NaCl,Li,li480,0.85,1.4500000000000002,nan,nan,0.0
LiCl-NaCl,Li,li480,0.85,1.55,nan,nan,0.0
LiCl-NaCl,Li,li480,0.85,1.6500000000000001,nan,nan,0.0
LiCl-NaCl,Li,li480,0.85,1.75,nan,nan,0.0
LiCl-NaCl,Li,li480,0.85,1.85,1.0,nan,0.0
LiCl-NaCl,Li,li480,0.85,1.9500000000000002,1.0,nan,0.0
LiCl-NaCl,Li,li480,0.85,2.05,0.9488650895140665,0.11761029411764706,0.0
LiCl-NaCl,Li,li480,0.85,2.1500000000000004,0.6639705882352942,0.2033897910715705,0.0
LiCl-NaCl,Li,li480,0.85,2.25,0.5726699924342729,0.05627227151571058,0.0
LiCl-NaCl,Li,li480,0.85,2.3500000000000005,0.49978406552494414,0.07449631795357092,0.0
LiCl-NaCl,Li,li480,0.85,2.45,0.40220854646206305,0.05093900293432645,0.0
LiCl-NaCl,Li,li480,0.85,2.55,0.3458874986458672,0.019902745023537463,0.0
LiCl-NaCl,Li,li480,0.85,2.6500000000000004,0.27311574833355623,0.01221040581994815,0.0
LiCl-NaCl,Li,li480,0.85,2.75,0.20869967161621938,0.01632406992788235,0.0
LiCl-NaCl,Li,li480,0.85,2.8500000000000005,0.14898764397618525,0.012855174479674988,0.0
LiCl-NaCl,Li,li480,0.85,2.95,0.10820242342041053,0.010564972469214692,0.0
LiCl-NaCl,Li,li480,0.85,3.05,0.0811368864174371,0.005259980610418823,0.0
LiCl-NaCl,Li,li480,0.85,3.1500000000000004,0.05495884784231553,0.010551664837553782,0.0
LiCl-NaCl,Li,li480,0.85,3.25,0.034881953535846666,0.005251698025720626,0.0
LiCl-NaCl,Li,li480,0.85,3.3500000000000005,0.018625551610432,0.0019259583776584936,0.0
LiCl-NaCl,Li,li480,0.85,3.45,0.004686668475673783,0.0030195556725341973,0.0
LiCl-NaCl,Li,li480,0.85,3.55,-0.0006801742331186134,0.004055383030990106,0.0
LiCl-NaCl,Li,li480,0.85,3.6500000000000004,-0.01292415344977571,0.0028358786317384957,0.0
LiCl-NaCl,Li,li480,0.85,3.75,-0.01533289790857717,0.0013257032065447064,0.0
LiCl-NaCl,Li,li480,0.85,3.8500000000000005,-0.018015211231822814,0.0053506459602532435,0.0
LiCl-NaCl,Li,li480,0.85,3.95,-0.019551121642236158,0.004350662813796471,0.0
LiCl-NaCl,Li,li480,0.85,4.050000000000001,-0.019410595955735133,0.0017268173291998105,0.0
LiCl-NaCl,Li,li480,0.85,4.15,-0.019814721048914796,0.002938960274550068,0.0
LiCl-NaCl,Li,li480,0.85,4.25,-0.02015362605450588,0.0029750581348204175,0.0
LiCl-NaCl,Li,li480,0.85,4.35,-0.021701264812778787,0.001989434609009765,0.0
LiCl-NaCl,Li,li480,0.85,4.45,-0.02467559492034721,0.004301095278493585,0.0
LiCl-NaCl,Li,li480,0.85,4.550000000000001,-0.023897432175878697,0.002110106106281887,0.0
LiCl-NaCl,Li,li480,0.85,4.65,-0.026872960603138152,0.002865513740972698,0.0
LiCl-NaCl,Li,li480,0.85,4.75,-0.03156523875072259,0.002248680954766024,0.0
LiCl-NaCl,Li,li480,0.85,4.8500000000000005,-0.034895608246791054,0.0027975410391937435,0.0
LiCl-NaCl,Li,li480,0.85,4.95,-0.03758344616088216,0.0035371671782715654,0.0
LiCl-NaCl,Li,li480,0.85,5.050000000000001,-0.03867942262936097,0.0021900334270148324,0.0
LiCl-NaCl,Li,li480,0.85,5.15,-0.034376220649207756,0.0044926917246154215,0.0
LiCl-NaCl,Li,li480,0.85,5.25,-0.029977210125664122,0.0030978450020515153,0.0
LiCl-NaCl,Li,li480,0.85,5.3500000000000005,-0.02722218969486012,0.0019095874574736194,0.0
LiCl-NaCl,Li,li480,0.85,5.45,-0.020682846167833446,0.0035752427554284535,0.0
LiCl-NaCl,Li,li480,0.85,5.550000000000001,-0.014255483681327563,0.0027712589834550873,0.0
LiCl-NaCl,Li,li480,0.85,5.65,-0.007480537671094911,0.0033086516533695175,0.0
LiCl-NaCl,Li,li480,0.85,5.75,-0.00031595309757026513,0.004008739386424035,0.0
LiCl-NaCl,Li,li480,0.85,5.8500000000000005,0.0066389860218639685,0.002330494945880986,0.0
LiCl-NaCl,Li,li480,0.85,5.95,0.013648299807250797,0.0017481951310402406,0.0
LiCl-NaCl,Li,li480,0.85,6.050000000000001,0.015115430370888694,0.00272851993362671,0.0
LiCl-NaCl,Li,li480,0.85,6.15,0.020460052029613207,0.0037300238199538525,0.0
LiCl-NaCl,Li,li480,0.85,6.25,0.02039525957332111,0.002896699135670371,0.0
LiCl-NaCl,Li,li480,0.85,6.3500000000000005,0.022078826782792937,0.0018464607709494007,0.0
LiCl-NaCl,Li,li480,0.85,6.45,0.02172794595876759,0.0032695502536963356,0.0
LiCl-NaCl,Li,li480,0.85,6.550000000000001,0.019114456546170056,0.0014931724263340985,0.0
LiCl-NaCl,Li,li480,0.85,6.65,0.01781682958087194,0.003208138468266691,0.0
LiCl-NaCl,Li,li480,0.85,6.75,0.017060931188667472,0.003852344367814076,0.0
LiCl-NaCl,Li,li480,0.85,6.8500000000000005,0.016178817434015502,0.0069006756492900395,0.0
LiCl-NaCl,Li,li480,0.85,6.95,0.01490270119767434,0.0039768616402185465,0.0
LiCl-NaCl,Li,li480,0.85,7.050000000000001,0.01028400996929435,0.0019223119584068208,0.0
LiCl-NaCl,Li,li480,0.85,7.15,0.009079672958471341,0.004100493758355845,0.0
LiCl-NaCl,Li,li480,0.85,7.25,0.006998567545570822,0.0026381035396272597,0.0
LiCl-NaCl,Li,li480,0.85,7.3500000000000005,0.0008324301670615819,0.002374572090596087,0.0
LiCl-NaCl,Li,li480,0.85,7.45,0.0008843444446970938,0.0013504666912591392,0.0
LiCl-NaCl,Li,li480,0.85,7.550000000000001,-0.0017331303394303443,0.0024085094001241774,0.0
LiCl-NaCl,Li,li480,0.85,7.65,-0.004200884135472371,0.0030725291579739833,0.0
LiCl-NaCl,Li,li480,0.85,7.75,-0.004105438955927632,0.001955939501320139,0.0
LiCl-NaCl,Li,li480,0.85,7.8500000000000005,-0.0053866313674677535,0.001346221673611037,0.0
LiCl-NaCl,Li,li480,0.85,7.95,-0.00826945934819645,0.002385150728812335,0.0
LiCl-NaCl,Li,li480,0.85,8.05,-0.010021116555922749,0.0017747913959006295,0.0
LiCl-NaCl,Li,li480,0.85,8.15,-0.008561017661878667,0.0027974112881917015,0.0
LiCl-NaCl,Li,li480,0.85,8.25,-0.010070837316906944,0.00144603117985353,0.0
LiCl-NaCl,Li,li480,0.85,8.350000000000001,-0.009951212905773943,0.0023855157078767858,0.0
LiCl-NaCl,Li,li480,0.85,8.45,-0.008992280185220691,0.0010926066503032098,0.0
LiCl-NaCl,Li,li480,0.85,8.55,-0.008276186311074296,0.0015898952058318737,0.0
LiCl-NaCl,Li,li480,0.85,8.65,-0.00957013870706147,0.0025494476457185527,0.0
LiCl-NaCl,Li,li480,0.85,8.75,-0.00843753371575895,0.0007251032194940838,0.0
LiCl-NaCl,Li,li480,0.85,8.850000000000001,-0.007672852815020947,0.0014630563945276344,0.0
LiCl-NaCl,Li,li480,0.85,8.95,-0.006756605469725674,0.0020572478575173535,0.0
LiCl-NaCl,Li,li480,0.85,9.05,-0.005054657283843245,0.0016622164072391116,0.0
LiCl-NaCl,Li,li480,0.85,9.15,-0.003108072673458029,0.0029009941482669816,0.0
LiCl-NaCl,Li,li480,0.85,9.25,-0.0024194515466093858,0.0023945588626211496,0.0
LiCl-NaCl,Li,li480,0.85,9.350000000000001,-0.00015911929264822433,0.002895345249064258,0.0
LiCl-NaCl,Li,li480,0.85,9.45,0.0009808114771362453,0.0007042545927202016,0.0
LiCl-NaCl,Li,li480,0.85,9.55,0.001287342474179387,0.0016134193878828917,0.0
LiCl-NaCl,Li,li480,0.85,9.650000000000002,0.002963891131604779,0.0019465769495236372,0.0
LiCl-NaCl,Li,li480,0.85,9.75,0.003817526794369086,0.002696390515992146,0.0
LiCl-NaCl,Li,li480,0.85,9.850000000000001,0.003994035279999086,0.000673994285973579,0.0
LiCl-NaCl,Li,li480,0.85,9.95,0.004765090740314948,0.0024589298165330967,0.0
LiCl-NaCl,Li,li480,0.85,10.05,0.0055162403404347415,0.0019732902479590157,0.0
LiCl-NaCl,Li,li480,0.85,10.150000000000002,0.004606211547852013,0.0010956361726800663,0.0
LiCl-NaCl,Li,li480,0.85,10.25,0.007329695304159056,0.0016911483280107437,0.0
LiCl-NaCl,Li,li480,0.85,10.350000000000001,0.004637509484551217,0.0016400613240824178,0.0
LiCl-NaCl,Li,li480,0.85,10.45,0.004324985979093587,0.0007279708449717164,0.0
LiCl-NaCl,Li,li480,0.85,10.55,0.004504705467302417,0.0012392468856791917,0.0
LiCl-NaCl,Li,li480,0.85,10.650000000000002,0.003519934839959604,0.0012348874280396543,0.0
LiCl-NaCl,Li,li480,0.85,10.75,0.0023115733130029126,0.0018555012792691517,0.0
LiCl-NaCl,Li,li480,0.85,10.850000000000001,0.0013942596200848811,0.001163823878715421,0.0
LiCl-NaCl,Li,li480,0.85,10.95,0.0009975986597889897,0.0018902239490073938,0.0
LiCl-NaCl,Li,li480,0.85,11.05,-0.00033805373910111847,0.0014733785274627965,0.0
LiCl-NaCl,Li,li480,0.85,11.150000000000002,-0.0014907313209682194,0.0023919440967830204,0.0
LiCl-NaCl,Li,li480,0.85,11.25,-0.002037085001971528,0.0006454277129714258,0.0
LiCl-NaCl,Li,li480,0.85,11.350000000000001,-0.002253559327553001,0.0016178922178763282,0.0
LiCl-NaCl,Li,li480,0.85,11.45,-0.004054336598048547,0.0006774140656685908,0.0
LiCl-NaCl,Li,li480,0.85,11.55,-0.004094340922234263,0.0020108047140523335,0.0
LiCl-NaCl,Li,li480,0.85,11.650000000000002,-0.004290975721009449,0.00113822952704045,0.0
LiCl-NaCl,Li,li480,0.85,11.75,-0.004394685090453043,0.00185774763103928,0.0
LiCl-NaCl,Li,li480,0.85,11.850000000000001,-0.004693523586957626,0.0012937238336216562,0.0
LiCl-NaCl,Li,li480,0.85,11.95,-0.005117781480158623,0.0014911871855783356,0.0
LiCl-NaCl,Li,li320,0.9,0.05,nan,nan,0.0
LiCl-NaCl,Li,li320,0.9,0.15000000000000002,nan,nan,0.0
LiCl-NaCl,Li,li320,0.9,0.25,nan,nan,0.0
LiCl-NaCl,Li,li320,0.9,0.35000000000000003,nan,nan,0.0
LiCl-NaCl,Li,li320,0.9,0.45,nan,nan,0.0
LiCl-NaCl,Li,li320,0.9,0.55,nan,nan,0.0
LiCl-NaCl,Li,li320,0.9,0.6500000000000001,nan,nan,0.0
LiCl-NaCl,Li,li320,0.9,0.75,nan,nan,0.0
LiCl-NaCl,Li,li320,0.9,0.8500000000000001,nan,nan,0.0
LiCl-NaCl,Li,li320,0.9,0.95,nan,nan,0.0
LiCl-NaCl,Li,li320,0.9,1.05,nan,nan,0.0
LiCl-NaCl,Li,li320,0.9,1.1500000000000001,nan,nan,0.0
LiCl-NaCl,Li,li320,0.9,1.25,nan,nan,0.0
LiCl-NaCl,Li,li320,0.9,1.35,nan,nan,0.0
LiCl-NaCl,Li,li320,0.9,1.4500000000000002,nan,nan,0.0
LiCl-NaCl,Li,li320,0.9,1.55,nan,nan,0.0
LiCl-NaCl,Li,li320,0.9,1.6500000000000001,nan,nan,0.0
LiCl-NaCl,Li,li320,0.9,1.75,nan,nan,0.0
LiCl-NaCl,Li,li320,0.9,1.85,nan,nan,0.0
LiCl-NaCl,Li,li320,0.9,1.9500000000000002,nan,nan,0.0
LiCl-NaCl,Li,li320,0.9,2.05,1.0,0.0,0.0
LiCl-NaCl,Li,li320,0.9,2.1500000000000004,0.600125,0.23841402857306293,0.0
LiCl-NaCl,Li,li320,0.9,2.25,0.5939966475095786,0.08365644766480847,0.0
LiCl-NaCl,Li,li320,0.9,2.3500000000000005,0.42733950617283956,0.0806863241421109,0.0
LiCl-NaCl,Li,li320,0.9,2.45,0.35027121035220854,0.06409140014689894,0.0
LiCl-NaCl,Li,li320,0.9,2.55,0.2685000763125762,0.038443133071647415,0.0
LiCl-NaCl,Li,li320,0.9,2.6500000000000004,0.1950892664770646,0.024862288947203933,0.0
LiCl-NaCl,Li,li320,0.9,2.75,0.14725579760007723,0.021655946467122565,0.0
LiCl-NaCl,Li,li320,0.9,2.8500000000000005,0.10373684155462737,0.01018845184193635,0.0
LiCl-NaCl,Li,li320,0.9,2.95,0.07327643985728849,0.004547939187271134,0.0
LiCl-NaCl,Li,li320,0.9,3.05,0.05788842412664952,0.00857968566830189,0.0
LiCl-NaCl,Li,li320,0.9,3.1500000000000004,0.03852942568442752,0.005066976448460089,0.0
LiCl-NaCl,Li,li320,0.9,3.25,0.024751550402251077,0.00293956163159644,0.0
LiCl-NaCl,Li,li320,0.9,3.3500000000000005,0.012594764426980376,0.0031169150055304403,0.0
LiCl-NaCl,Li,li320,0.9,3.45,0.006191908541873681,0.0070639926589548775,0.0
LiCl-NaCl,Li,li320,0.9,3.55,-0.0019599496869942,0.004998034860338331,0.0
LiCl-NaCl,Li,li320,0.9,3.6500000000000004,-0.005853636886416824,0.0029431275591329524,0.0
LiCl-NaCl,Li,li320,0.9,3.75,-0.007654470084105247,0.004870243682716742,0.0
LiCl-NaCl,Li,li320,0.9,3.8500000000000005,-0.010654264606116959,0.002813673665977969,0.0
LiCl-NaCl,Li,li320,0.9,3.95,-0.010376840050291047,0.001838531562751595,0.0
LiCl-NaCl,Li,li320,0.9,4.050000000000001,-0.012539022395721355,0.0013760529285189284,0.0
LiCl-NaCl,Li,li320,0.9,4.15,-0.008829142477609242,0.001191433995897984,0.0
LiCl-NaCl,Li,li320,0.9,4.25,-0.010389284967708523,0.002207861872541034,0.0
LiCl-NaCl,Li,li320,0.9,4.35,-0.011142544188095904,0.0039934853703473975,0.0
LiCl-NaCl,Li,li320,0.9,4.45,-0.01366405678162863,0.0030290688015478847,0.0
LiCl-NaCl,Li,li320,0.9,4.550000000000001,-0.015117998081327633,0.0032688634568283654,0.0
LiCl-NaCl,Li,li320,0.9,4.65,-0.01698415675595566,0.001803237697475709,0.0
LiCl-NaCl,Li,li320,0.9,4.75,-0.01919588039707376,0.0031398869142272566,0.0
LiCl-NaCl,Li,li320,0.9,4.8500000000000005,-0.020267234882165086,0.0033581945401892506,0.0
LiCl-NaCl,Li,li320,0.9,4.95,-0.022959500816358336,0.0036773379879114177,0.0
LiCl-NaCl,Li,li320,0.9,5.050000000000001,-0.021806234587062656,0.003617294150814826,0.0
LiCl-NaCl,Li,li320,0.9,5.15,-0.021314363495692712,0.001240676868832145,0.0
LiCl-NaCl,Li,li320,0.9,5.25,-0.01657372529661738,0.004101691018502218,0.0
LiCl-NaCl,Li,li320,0.9,5.3500000000000005,-0.018309390038491857,0.0038403620464013367,0.0
LiCl-NaCl,Li,li320,0.9,5.45,-0.011155946459378008,0.004678462376082799,0.0
LiCl-NaCl,Li,li320,0.9,5.550000000000001,-0.009589377293981682,0.0037875172243365634,0.0
LiCl-NaCl,Li,li320,0.9,5.65,-0.003713178809659823,0.002615403798459325,0.0
LiCl-NaCl,Li,li320,0.9,5.75,0.002102469883636937,0.00654533730384393,0.0
LiCl-NaCl,Li,li320,0.9,5.8500000000000005,0.006398706276877664,0.002823730620385289,0.0
LiCl-NaCl,Li,li320,0.9,5.95,0.009148008648950268,0.002850866900205121,0.0
LiCl-NaCl,Li,li320,0.9,6.050000000000001,0.008830540594454428,0.002028406588507897,0.0
LiCl-NaCl,Li,li320,0.9,6.15,0.013296727196980829,0.004072422630373707,0.0
LiCl-NaCl,Li,li320,0.9,6.25,0.016959975191009113,0.0028267871595918288,0.0
LiCl-NaCl,Li,li320,0.9,6.3500000000000005,0.012467199910944693,0.0054076257455636725,0.0
LiCl-NaCl,Li,li320,0.9,6.45,0.014819065659071762,0.0032270871298662315,0.0
LiCl-NaCl,Li,li320,0.9,6.550000000000001,0.01373183595334515,0.002178160041882837,0.0
LiCl-NaCl,Li,li320,0.9,6.65,0.012478651502798699,0.0025725895249878454,0.0
LiCl-NaCl,Li,li320,0.9,6.75,0.013538705797156436,0.0020788545609876615,0.0
LiCl-NaCl,Li,li320,0.9,6.8500000000000005,0.010469406825067029,0.0024394152194172386,0.0
LiCl-NaCl,Li,li320,0.9,6.95,0.008630229357157293,0.002489121194314523,0.0
LiCl-NaCl,Li,li320,0.9,7.050000000000001,0.008178627436622676,0.003224339194112143,0.0
LiCl-NaCl,Li,li320,0.9,7.15,0.006015807146630969,0.0026500022385217824,0.0
LiCl-NaCl,Li,li320,0.9,7.25,0.0033227730122605825,0.0023277851586051028,0.0
LiCl-NaCl,Li,li320,0.9,7.3500000000000005,0.0019952726988592406,0.0025406071127159298,0.0
LiCl-NaCl,Li,li320,0.9,7.45,-0.00016273596290372616,0.00256853416630952,0.0
LiCl-NaCl,Li,li320,0.9,7.550000000000001,0.00033953549934573335,0.002681564296029474,0.0
LiCl-NaCl,Li,li320,0.9,7.65,-0.00375452264239029,0.002898114509054729,0.0
LiCl-NaCl,Li,li320,0.9,7.75,-0.0036931195003868655,0.0032498358327170663,0.0
LiCl-NaCl,Li,li320,0.9,7.8500000000000005,-0.005747547755041049,0.003158493074250996,0.0
LiCl-NaCl,Li,li320,0.9,7.95,-0.004825833555130776,0.002977175953516395,0.0
LiCl-NaCl,Li,li320,0.9,8.05,-0.0038808143487454316,0.0026405329966213186,0.0
LiCl-NaCl,Li,li320,0.9,8.15,-0.00649036366655098,0.003149457155642066,0.0
LiCl-NaCl,Li,li320,0.9,8.25,-0.007064900038626032,0.0014665968114933791,0.0
LiCl-NaCl,Li,li320,0.9,8.350000000000001,-0.008120575449882983,0.00359486437973019,0.0
LiCl-NaCl,Li,li320,0.9,8.45,-0.007321894140251528,0.0020017666753973508,0.0
LiCl-NaCl,Li,li320,0.9,8.55,-0.008278191419102132,0.0034387537894609286,0.0
LiCl-NaCl,Li,li320,0.9,8.65,-0.007720751935424319,0.0023766933671108942,0.0
LiCl-NaCl,Li,li320,0.9,8.75,-0.005145682179756861,0.0017107777913075535,0.0
LiCl-NaCl,Li,li320,0.9,8.850000000000001,-0.005725002252302991,0.0015029952750613782,0.0
LiCl-NaCl,Li,li320,0.9,8.95,-0.004003755412882004,0.0016376305039636542,0.0
LiCl-NaCl,Li,li320,0.9,9.05,-0.0040712795514696865,0.0008912812025164353,0.0
LiCl-NaCl,Li,li320,0.9,9.15,-0.0018573489329622994,0.0014929808953458605,0.0
LiCl-NaCl,Li,li320,0.9,9.25,-0.0017033258519449923,0.0033405197659997347,0.0
LiCl-NaCl,Li,li320,0.9,9.350000000000001,-0.0016352450215806336,0.002138548145675936,0.0
LiCl-NaCl,Li,li320,0.9,9.45,-0.0004942787271968729,0.0028386231639020245,0.0
LiCl-NaCl,Li,li320,0.9,9.55,0.0013286260832916508,0.003281350897223364,0.0
LiCl-NaCl,Li,li320,0.9,9.650000000000002,0.0033201414690134934,0.0015139081695077117,0.0
LiCl-NaCl,Li,li320,0.9,9.75,0.0029578664703017177,0.0025149665551756593,0.0
LiCl-NaCl,Li,li320,0.9,9.850000000000001,0.0033855248781194947,0.0026119991263737256,0.0
LiCl-NaCl,Li,li320,0.9,9.95,0.0015310303690448945,0.0017661446386685957,0.0
LiCl-NaCl,Li,li320,0.9,10.05,0.0036921628081761915,0.0009431730953629941,0.0
LiCl-NaCl,Li,li320,0.9,10.150000000000002,0.004541390833354364,0.003173550411858842,0.0
LiCl-NaCl,Li,li320,0.9,10.25,0.0030104509197085294,0.0013506844061476298,0.0
LiCl-NaCl,Li,li320,0.9,10.350000000000001,0.004579252250417443,0.0023364899897624484,0.0
LiCl-NaCl,Li,li320,0.9,10.45,0.002466073000946145,0.001044520215265456,0.0
LiCl-NaCl,Li,li320,0.9,10.55,0.0035156814816742488,0.0005472645559768288,0.0
LiCl-NaCl,Li,li320,0.9,10.650000000000002,0.002264066863635561,0.0018596550637673965,0.0
LiCl-NaCl,Li,li320,0.9,10.75,0.0021971579757344983,0.000824086747145837,0.0
LiCl-NaCl,Li,li320,0.9,10.850000000000001,0.002193124944235514,0.002950079020612153,0.0
LiCl-NaCl,Li,li320,0.9,10.95,0.0005010810166325985,0.0006706029376731185,0.0
LiCl-NaCl,Li,li320,0.9,11.05,0.0012568597289274175,0.000986259697689388,0.0
LiCl-NaCl,Li,li320,0.9,11.150000000000002,6.617862634472615e-05,0.0026071217103726617,0.0
LiCl-NaCl,Li,li320,0.9,11.25,0.0008517895838857648,0.0018750483713532687,0.0
LiCl-NaCl,Li,li320,0.9,11.350000000000001,-0.0014905107394656003,0.0014320497219729026,0.0
LiCl-NaCl,Li,li320,0.9,11.45,-0.0018059301860924304,0.0014636443161136637,0.0
LiCl-NaCl,Li,li320,0.9,11.55,-0.0014328392152678227,0.0010926316076207167,0.0
LiCl-NaCl,Li,li320,0.9,11.650000000000002,-0.001374448468808076,0.0010480085913166513,0.0
LiCl-NaCl,Li,li320,0.9,11.75,-0.002948131858169223,0.0011992445174195023,0.0
LiCl-NaCl,Li,li320,0.9,11.850000000000001,-0.002970632444320387,0.0011980191131636681,0.0
LiCl-NaCl,Li,li320,0.9,11.95,-0.002318734921659127,0.0009946900836678256,0.0
LiCl-NaCl,Li,li160,0.95,0.05,nan,nan,0.0
LiCl-NaCl,Li,li160,0.95,0.15000000000000002,nan,nan,0.0
LiCl-NaCl,Li,li160,0.95,0.25,nan,nan,0.0
LiCl-NaCl,Li,li160,0.95,0.35000000000000003,nan,nan,0.0
LiCl-NaCl,Li,li160,0.95,0.45,nan,nan,0.0
LiCl-NaCl,Li,li160,0.95,0.55,nan,nan,0.0
LiCl-NaCl,Li,li160,0.95,0.6500000000000001,nan,nan,0.0
LiCl-NaCl,Li,li160,0.95,0.75,nan,nan,0.0
LiCl-NaCl,Li,li160,0.95,0.8500000000000001,nan,nan,0.0
LiCl-NaCl,Li,li160,0.95,0.95,nan,nan,0.0
LiCl-NaCl,Li,li160,0.95,1.05,nan,nan,0.0
LiCl-NaCl,Li,li160,0.95,1.1500000000000001,nan,nan,0.0
LiCl-NaCl,Li,li160,0.95,1.25,nan,nan,0.0
LiCl-NaCl,Li,li160,0.95,1.35,nan,nan,0.0
LiCl-NaCl,Li,li160,0.95,1.4500000000000002,nan,nan,0.0
LiCl-NaCl,Li,li160,0.95,1.55,nan,nan,0.0
LiCl-NaCl,Li,li160,0.95,1.6500000000000001,nan,nan,0.0
LiCl-NaCl,Li,li160,0.95,1.75,nan,nan,0.0
LiCl-NaCl,Li,li160,0.95,1.85,nan,nan,0.0
LiCl-NaCl,Li,li160,0.95,1.9500000000000002,1.0,nan,0.0
LiCl-NaCl,Li,li160,0.95,2.05,0.6492324561403509,nan,0.0
LiCl-NaCl,Li,li160,0.95,2.1500000000000004,0.36861842105263154,0.7440903266499229,0.0
LiCl-NaCl,Li,li160,0.95,2.25,0.3385526315789473,0.16214111847432297,0.0
LiCl-NaCl,Li,li160,0.95,2.3500000000000005,0.33486531777557105,0.06337995646473905,0.0
LiCl-NaCl,Li,li160,0.95,2.45,0.18941440854611769,0.0725000482011789,0.0
LiCl-NaCl,Li,li160,0.95,2.55,0.1279360544527408,0.037433960263279324,0.0
LiCl-NaCl,Li,li160,0.95,2.6500000000000004,0.11414738253139545,0.025492987557080425,0.0
LiCl-NaCl,Li,li160,0.95,2.75,0.08869701581174372,0.012655755724678974,0.0
LiCl-NaCl,Li,li160,0.95,2.8500000000000005,0.06118844304269411,0.006666561659195626,0.0
LiCl-NaCl,Li,li160,0.95,2.95,0.04695581924013981,0.009721392713022355,0.0
LiCl-NaCl,Li,li160,0.95,3.05,0.030694262271452888,0.007374005775596191,0.0
LiCl-NaCl,Li,li160,0.95,3.1500000000000004,0.017289069191967155,0.008036964551283296,0.0
LiCl-NaCl,Li,li160,0.95,3.25,0.012720677909423994,0.004651122227571354,0.0
LiCl-NaCl,Li,li160,0.95,3.3500000000000005,0.006985089957498358,0.0032026022970252726,0.0
LiCl-NaCl,Li,li160,0.95,3.45,0.0025615513799549516,0.0058394175612133375,0.0
LiCl-NaCl,Li,li160,0.95,3.55,-0.0010226820909271517,0.00269848216298865,0.0
LiCl-NaCl,Li,li160,0.95,3.6500000000000004,-0.00405244110901859,0.006016322961107503,0.0
LiCl-NaCl,Li,li160,0.95,3.75,-0.005152517109944688,0.0019124983088327227,0.0
LiCl-NaCl,Li,li160,0.95,3.8500000000000005,-0.003042373135984322,0.0020748786647140547,0.0
LiCl-NaCl,Li,li160,0.95,3.95,-0.004034326544923417,0.004497722325877463,0.0
LiCl-NaCl,Li,li160,0.95,4.050000000000001,-0.006081432534484232,0.004876834153067119,0.0
LiCl-NaCl,Li,li160,0.95,4.15,-0.0045289118152000984,0.0037015569680399403,0.0
LiCl-NaCl,Li,li160,0.95,4.25,-0.0068528043886713075,0.003601389348886279,0.0
LiCl-NaCl,Li,li160,0.95,4.35,-0.00565786343584751,0.003569276451861875,0.0
LiCl-NaCl,Li,li160,0.95,4.45,-0.006827150525406056,0.0035390441102865016,0.0
LiCl-NaCl,Li,li160,0.95,4.550000000000001,-0.006000416717340418,0.0025494350449563174,0.0
LiCl-NaCl,Li,li160,0.95,4.65,-0.006936561008809905,0.003120638295510781,0.0
LiCl-NaCl,Li,li160,0.95,4.75,-0.010285313121847217,0.003322023802491921,0.0
LiCl-NaCl,Li,li160,0.95,4.8500000000000005,-0.012862936455644736,0.0039226974572540724,0.0
LiCl-NaCl,Li,li160,0.95,4.95,-0.011610620988477427,0.003430727236934916,0.0
LiCl-NaCl,Li,li160,0.95,5.050000000000001,-0.010038521215472995,0.004207431644155125,0.0
LiCl-NaCl,Li,li160,0.95,5.15,-0.012227963985913526,0.0017512610359549433,0.0
LiCl-NaCl,Li,li160,0.95,5.25,-0.00944276091612073,0.0011843063752111861,0.0
LiCl-NaCl,Li,li160,0.95,5.3500000000000005,-0.009097458388649393,0.0020894143451414683,0.0
LiCl-NaCl,Li,li160,0.95,5.45,-0.004590307939939642,0.0037489005702343713,0.0
LiCl-NaCl,Li,li160,0.95,5.550000000000001,-0.0050250487608347605,0.004948465786145937,0.0
LiCl-NaCl,Li,li160,0.95,5.65,-0.0035802055761988694,0.0046369629973676794,0.0
LiCl-NaCl,Li,li160,0.95,5.75,-9.441095396356403e-05,0.005742910564020882,0.0
LiCl-NaCl,Li,li160,0.95,5.8500000000000005,0.001988243517025867,0.004431642984382293,0.0
LiCl-NaCl,Li,li160,0.95,5.95,0.0025842164603063766,0.001705088555888049,0.0
LiCl-NaCl,Li,li160,0.95,6.050000000000001,0.0031752541774912046,0.00292464118128778,0.0
LiCl-NaCl,Li,li160,0.95,6.15,0.008983096754462405,0.0029876630782062386,0.0
LiCl-NaCl,Li,li160,0.95,6.25,0.007392572133259057,0.003056475100045914,0.0
LiCl-NaCl,Li,li160,0.95,6.3500000000000005,0.007655118998261656,0.0019286761374741734,0.0
LiCl-NaCl,Li,li160,0.95,6.45,0.008835371072998255,0.003457299733591839,0.0
LiCl-NaCl,Li,li160,0.95,6.550000000000001,0.005381842441284479,0.0022705497247444005,0.0
LiCl-NaCl,Li,li160,0.95,6.65,0.009673140671115354,0.003387546819974922,0.0
LiCl-NaCl,Li,li160,0.95,6.75,0.007079671033786039,0.002841257951025031,0.0
LiCl-NaCl,Li,li160,0.95,6.8500000000000005,0.003803862024049365,0.0027278830581884796,0.0
LiCl-NaCl,Li,li160,0.95,6.95,0.003953156152941895,0.0014912018405493904,0.0
LiCl-NaCl,Li,li160,0.95,7.050000000000001,0.001645596819279782,0.0016463982543386852,0.0
LiCl-NaCl,Li,li160,0.95,7.15,0.0010147792246459897,0.002807043389411395,0.0
LiCl-NaCl,Li,li160,0.95,7.25,0.002745336529359821,0.002364706814231132,0.0
LiCl-NaCl,Li,li160,0.95,7.3500000000000005,-0.0005642769863503094,0.0036561083757003254,0.0
LiCl-NaCl,Li,li160,0.95,7.45,0.0005493521562124348,0.002300855158827872,0.0
LiCl-NaCl,Li,li160,0.95,7.550000000000001,0.0005324476547600154,0.0009042018668240219,0.0
LiCl-NaCl,Li,li160,0.95,7.65,-0.0014239640766444683,0.0015448748706986353,0.0
LiCl-NaCl,Li,li160,0.95,7.75,-0.0009258716523592447,0.0022366165213690723,0.0
LiCl-NaCl,Li,li160,0.95,7.8500000000000005,-0.0027346969394621556,0.002794000544739057,0.0
LiCl-NaCl,Li,li160,0.95,7.95,-0.002328509739167206,0.0025471498776500146,0.0
LiCl-NaCl,Li,li160,0.95,8.05,-0.0016823437260160556,0.001435053586656311,0.0
LiCl-NaCl,Li,li160,0.95,8.15,-0.004028534301255604,0.002232635907675052,0.0
LiCl-NaCl,Li,li160,0.95,8.25,-0.0030311246760357236,0.0028866181318157225,0.0
LiCl-NaCl,Li,li160,0.95,8.350000000000001,-0.003744621853801977,0.0014105627044400386,0.0
LiCl-NaCl,Li,li160,0.95,8.45,-0.005079638835257194,0.00251669297994349,0.0
LiCl-NaCl,Li,li160,0.95,8.55,-0.004339252636029078,0.0019091379898418695,0.0
LiCl-NaCl,Li,li160,0.95,8.65,-0.004472581559802347,0.001761175093602281,0.0
LiCl-NaCl,Li,li160,0.95,8.75,-0.0038386608793485877,0.002002128557160935,0.0
LiCl-NaCl,Li,li160,0.95,8.850000000000001,-0.0026664211819684702,0.002069868772231071,0.0
LiCl-NaCl,Li,li160,0.95,8.95,-0.0019240646063249933,0.0023612373729926845,0.0
LiCl-NaCl,Li,li160,0.95,9.05,-0.001955468733758625,0.0025835152408106186,0.0
LiCl-NaCl,Li,li160,0.95,9.15,-0.0025782443736350746,0.002745604690043453,0.0
LiCl-NaCl,Li,li160,0.95,9.25,-0.0014550885311110928,0.0014858349478322457,0.0
LiCl-NaCl,Li,li160,0.95,9.350000000000001,0.000290629025678113,0.002361103691286022,0.0
LiCl-NaCl,Li,li160,0.95,9.45,-0.0008865364508778839,0.0016321345315873142,0.0
LiCl-NaCl,Li,li160,0.95,9.55,0.0009700655421913673,0.002734658615606267,0.0
LiCl-NaCl,Li,li160,0.95,9.650000000000002,0.0021685113182703386,0.0017145836274242725,0.0
LiCl-NaCl,Li,li160,0.95,9.75,0.00021896355704942305,0.002102052302915798,0.0
LiCl-NaCl,Li,li160,0.95,9.850000000000001,0.00030794497172714763,0.0008623454005227222,0.0
LiCl-NaCl,Li,li160,0.95,9.95,0.0004311899221838278,0.002504190031597459,0.0
LiCl-NaCl,Li,li160,0.95,10.05,0.002309170180325726,0.0017591130577445794,0.0
LiCl-NaCl,Li,li160,0.95,10.150000000000002,0.0011558682995654879,0.0024239568583307716,0.0
LiCl-NaCl,Li,li160,0.95,10.25,0.0009460030304363487,0.0025818327653531303,0.0
LiCl-NaCl,Li,li160,0.95,10.350000000000001,0.0014437315768149883,0.0025691857529807965,0.0
LiCl-NaCl,Li,li160,0.95,10.45,0.0009303059926913937,0.0014734125932047075,0.0
LiCl-NaCl,Li,li160,0.95,10.55,0.0016528855686627208,0.0013110231608939856,0.0
LiCl-NaCl,Li,li160,0.95,10.650000000000002,0.001452967376026515,0.002197592993832758,0.0
LiCl-NaCl,Li,li160,0.95,10.75,0.00073435541006861,0.0012208659802049931,0.0
LiCl-NaCl,Li,li160,0.95,10.850000000000001,0.0007620021642374963,0.0030747208215377362,0.0
LiCl-NaCl,Li,li160,0.95,10.95,4.7688909549092884e-05,0.002083077053387962,0.0
LiCl-NaCl,Li,li160,0.95,11.05,-0.0011146173142213556,0.00229997237213961,0.0
LiCl-NaCl,Li,li160,0.95,11.150000000000002,-0.0007187026391171081,0.0027433083285494067,0.0
LiCl-NaCl,Li,li160,0.95,11.25,-0.001984860554014256,0.0023982260774292673,0.0
LiCl-NaCl,Li,li160,0.95,11.350000000000001,-0.002345500169690151,0.002030867525266415,0.0
LiCl-NaCl,Li,li160,0.95,11.45,-0.001005157256426692,0.0013555959334217275,0.0
LiCl-NaCl,Li,li160,0.95,11.55,-0.001985679799202167,0.0020083733813461135,0.0
LiCl-NaCl,Li,li160,0.95,11.650000000000002,-0.0015470420370349292,0.0013702790515741413,0.0
LiCl-NaCl,Li,li160,0.95,11.75,-0.0007559394272576014,0.001818906065691862,0.0
LiCl-NaCl,Li,li160,0.95,11.850000000000001,-0.0010345303062913036,0.0020583807699510524,0.0
LiCl-NaCl,Li,li160,0.95,11.95,-0.0025288447665274827,0.0012883390795831197,0.0
MgCl2-NaCl,Mg,cl4256,0.014925373134328358,0.05,nan,nan,0.0
MgCl2-NaCl,Mg,cl4256,0.014925373134328358,0.15000000000000002,nan,nan,0.0
MgCl2-NaCl,Mg,cl4256,0.014925373134328358,0.25,nan,nan,0.0
MgCl2-NaCl,Mg,cl4256,0.014925373134328358,0.35000000000000003,nan,nan,0.0
MgCl2-NaCl,Mg,cl4256,0.014925373134328358,0.45,nan,nan,0.0
MgCl2-NaCl,Mg,cl4256,0.014925373134328358,0.55,nan,nan,0.0
MgCl2-NaCl,Mg,cl4256,0.014925373134328358,0.6500000000000001,nan,nan,0.0
MgCl2-NaCl,Mg,cl4256,0.014925373134328358,0.75,nan,nan,0.0
MgCl2-NaCl,Mg,cl4256,0.014925373134328358,0.8500000000000001,nan,nan,0.0
MgCl2-NaCl,Mg,cl4256,0.014925373134328358,0.95,nan,nan,0.0
MgCl2-NaCl,Mg,cl4256,0.014925373134328358,1.05,nan,nan,0.0
MgCl2-NaCl,Mg,cl4256,0.014925373134328358,1.1500000000000001,nan,nan,0.0
MgCl2-NaCl,Mg,cl4256,0.014925373134328358,1.25,nan,nan,0.0
MgCl2-NaCl,Mg,cl4256,0.014925373134328358,1.35,nan,nan,0.0
MgCl2-NaCl,Mg,cl4256,0.014925373134328358,1.4500000000000002,nan,nan,0.0
MgCl2-NaCl,Mg,cl4256,0.014925373134328358,1.55,nan,nan,0.0
MgCl2-NaCl,Mg,cl4256,0.014925373134328358,1.6500000000000001,nan,nan,0.0
MgCl2-NaCl,Mg,cl4256,0.014925373134328358,1.75,nan,nan,0.0
MgCl2-NaCl,Mg,cl4256,0.014925373134328358,1.85,nan,nan,0.0
MgCl2-NaCl,Mg,cl4256,0.014925373134328358,1.9500000000000002,nan,nan,0.0
MgCl2-NaCl,Mg,cl4256,0.014925373134328358,2.05,nan,nan,0.0
MgCl2-NaCl,Mg,cl4256,0.014925373134328358,2.1500000000000004,nan,nan,0.0
MgCl2-NaCl,Mg,cl4256,0.014925373134328358,2.25,nan,nan,0.0
MgCl2-NaCl,Mg,cl4256,0.014925373134328358,2.3500000000000005,nan,nan,0.0
MgCl2-NaCl,Mg,cl4256,0.014925373134328358,2.45,1.0,nan,0.0
MgCl2-NaCl,Mg,cl4256,0.014925373134328358,2.55,1.0,0.0,0.0
MgCl2-NaCl,Mg,cl4256,0.014925373134328358,2.6500000000000004,-0.18180147058823515,0.8259483808817882,0.0
MgCl2-NaCl,Mg,cl4256,0.014925373134328358,2.75,0.5393019074421513,0.2935274031985064,0.0
MgCl2-NaCl,Mg,cl4256,0.014925373134328358,2.8500000000000005,0.75477877070619,0.10200755953272418,0.0
MgCl2-NaCl,Mg,cl4256,0.014925373134328358,2.95,0.7327229757153487,0.06372371730562222,0.0
MgCl2-NaCl,Mg,cl4256,0.014925373134328358,3.05,0.6824611203888706,0.10363570437633093,0.0
MgCl2-NaCl,Mg,cl4256,0.014925373134328358,3.1500000000000004,0.6397079079565711,0.028861936280191347,0.0
MgCl2-NaCl,Mg,cl4256,0.014925373134328358,3.25,0.5645848056537103,0.042920741577106104,0.0
MgCl2-NaCl,Mg,cl4256,0.014925373134328358,3.3500000000000005,0.49945485012267543,0.02727840040433859,0.0
MgCl2-NaCl,Mg,cl4256,0.014925373134328358,3.45,0.36181311768547963,0.03317300422980307,0.0
MgCl2-NaCl,Mg,cl4256,0.014925373134328358,3.55,0.2891925474498902,0.03568733254730945,0.0
MgCl2-NaCl,Mg,cl4256,0.014925373134328358,3.6500000000000004,0.19743734333576535,0.024848695847015607,0.0
MgCl2-NaCl,Mg,cl4256,0.014925373134328358,3.75,0.10325213760958152,0.03342439552146652,0.0
MgCl2-NaCl,Mg,cl4256,0.014925373134328358,3.8500000000000005,0.074400918463006,0.033791537956781074,0.0
MgCl2-NaCl,Mg,cl4256,0.014925373134328358,3.95,0.05134375535027069,0.03354227114845609,0.0
MgCl2-NaCl,Mg,cl4256,0.014925373134328358,4.050000000000001,0.0012949172850511559,0.04630072105609823,0.0
MgCl2-NaCl,Mg,cl4256,0.014925373134328358,4.15,-0.02071251940023955,0.04384344161589567,0.0
MgCl2-NaCl,Mg,cl4256,0.014925373134328358,4.25,-0.067064734882468,0.012423207614720615,0.0
MgCl2-NaCl,Mg,cl4256,0.014925373134328358,4.35,-0.15840853796845789,0.02606221351091314,0.0
MgCl2-NaCl,Mg,cl4256,0.014925373134328358,4.45,-0.20704840876633712,0.02627483033490334,0.0
MgCl2-NaCl,Mg,cl4256,0.014925373134328358,4.550000000000001,-0.3239630206292172,0.01571776206003369,0.0
MgCl2-NaCl,Mg,cl4256,0.014925373134328358,4.65,-0.45126344410684105,0.046366913500849455,0.0
MgCl2-NaCl,Mg,cl4256,0.014925373134328358,4.75,-0.5684447721547403,0.04152152178087249,0.0
MgCl2-NaCl,Mg,cl4256,0.014925373134328358,4.8500000000000005,-0.7083670215954561,0.03771495551683906,0.0
MgCl2-NaCl,Mg,cl4256,0.014925373134328358,4.95,-0.8236696051315058,0.02955305816876366,0.0
MgCl2-NaCl,Mg,cl4256,0.014925373134328358,5.050000000000001,-0.8135228781311714,0.04468098839442291,0.0
MgCl2-NaCl,Mg,cl4256,0.014925373134328358,5.15,-0.7489639943422728,0.07556272662228328,0.0
MgCl2-NaCl,Mg,cl4256,0.014925373134328358,5.25,-0.697140882553583,0.06245208242751513,0.0
MgCl2-NaCl,Mg,cl4256,0.014925373134328358,5.3500000000000005,-0.5442996160733624,0.045845043204148984,0.0
MgCl2-NaCl,Mg,cl4256,0.014925373134328358,5.45,-0.4450486148299393,0.06555163969611652,0.0
MgCl2-NaCl,Mg,cl4256,0.014925373134328358,5.550000000000001,-0.34459282289481563,0.03681132868266879,0.0
MgCl2-NaCl,Mg,cl4256,0.014925373134328358,5.65,-0.24301677661102672,0.02164833684042431,0.0
MgCl2-NaCl,Mg,cl4256,0.014925373134328358,5.75,-0.15141395450528639,0.017983617717181655,0.0
MgCl2-NaCl,Mg,cl4256,0.014925373134328358,5.8500000000000005,-0.05328801757915902,0.022672332446660885,0.0
MgCl2-NaCl,Mg,cl4256,0.014925373134328358,5.95,0.024575099229420694,0.024976356874132587,0.0
MgCl2-NaCl,Mg,cl4256,0.014925373134328358,6.050000000000001,0.07274245071819352,0.02223733807588853,0.0
MgCl2-NaCl,Mg,cl4256,0.014925373134328358,6.15,0.09760222534000362,0.02381838922981787,0.0
MgCl2-NaCl,Mg,cl4256,0.014925373134328358,6.25,0.1196104375362721,0.012856204789715331,0.0
MgCl2-NaCl,Mg,cl4256,0.014925373134328358,6.3500000000000005,0.1609297057313286,0.024756684405670495,0.0
MgCl2-NaCl,Mg,cl4256,0.014925373134328358,6.45,0.15877360401400253,0.01961115581914751,0.0
MgCl2-NaCl,Mg,cl4256,0.014925373134328358,6.550000000000001,0.17584208660232314,0.008654972472641626,0.0
MgCl2-NaCl,Mg,cl4256,0.014925373134328358,6.65,0.1907248303494845,0.021438274093597994,0.0
MgCl2-NaCl,Mg,cl4256,0.014925373134328358,6.75,0.17055270387079202,0.0147501161616392,0.0
MgCl2-NaCl,Mg,cl4256,0.014925373134328358,6.8500000000000005,0.1847309014493247,0.00805212364384667,0.0
MgCl2-NaCl,Mg,cl4256,0.014925373134328358,6.95,0.1599050022052938,0.015797971924476815,0.0
MgCl2-NaCl,Mg,cl4256,0.014925373134328358,7.050000000000001,0.16127152937629163,0.017324878125918347,0.0
MgCl2-NaCl,Mg,cl4256,0.014925373134328358,7.15,0.13894721300956558,0.012439338171025181,0.0
MgCl2-NaCl,Mg,cl4256,0.014925373134328358,7.25,0.11385193715147834,0.010448512166251239,0.0
MgCl2-NaCl,Mg,cl4256,0.014925373134328358,7.3500000000000005,0.09744706366424405,0.013932721173543085,0.0
MgCl2-NaCl,Mg,cl4256,0.014925373134328358,7.45,0.0743152635233093,0.012398622062968321,0.0
MgCl2-NaCl,Mg,cl4256,0.014925373134328358,7.550000000000001,0.056498518285261645,0.016193346865630107,0.0
MgCl2-NaCl,Mg,cl4256,0.014925373134328358,7.65,0.03911484545005872,0.029253409792602235,0.0
MgCl2-NaCl,Mg,cl4256,0.014925373134328358,7.75,0.0045063270125037524,0.014090628619003795,0.0
MgCl2-NaCl,Mg,cl4256,0.014925373134328358,7.8500000000000005,-0.015531967956819104,0.021577134633662225,0.0
MgCl2-NaCl,Mg,cl4256,0.014925373134328358,7.95,-0.007717592912605653,0.01720460631350999,0.0
MgCl2-NaCl,Mg,cl4256,0.014925373134328358,8.05,-0.049235552624783185,0.014469968943034189,0.0
MgCl2-NaCl,Mg,cl4256,0.014925373134328358,8.15,-0.05837221006776305,0.01329797277453994,0.0
MgCl2-NaCl,Mg,cl4256,0.014925373134328358,8.25,-0.0699916201245403,0.01480858658326328,0.0
MgCl2-NaCl,Mg,cl4256,0.014925373134328358,8.350000000000001,-0.09956212294030942,0.013241610735640718,0.0
MgCl2-NaCl,Mg,cl4256,0.014925373134328358,8.45,-0.08387704348503555,0.0247342257938731,0.0
MgCl2-NaCl,Mg,cl4256,0.014925373134328358,8.55,-0.06735385861954835,0.017490848084925292,0.0
MgCl2-NaCl,Mg,cl4256,0.014925373134328358,8.65,-0.06178944963734745,0.02225276066315375,0.0
MgCl2-NaCl,Mg,cl4256,0.014925373134328358,8.75,-0.0687386018040792,0.01769775967080018,0.0
MgCl2-NaCl,Mg,cl4256,0.014925373134328358,8.850000000000001,-0.052519776311477084,0.024813955955118195,0.0
MgCl2-NaCl,Mg,cl4256,0.014925373134328358,8.95,-0.0351443415487227,0.02186368396363745,0.0
MgCl2-NaCl,Mg,cl4256,0.014925373134328358,9.05,-0.02264318724171588,0.013889219158619388,0.0
MgCl2-NaCl,Mg,cl4256,0.014925373134328358,9.15,-0.010496051492818737,0.030185055231185545,0.0
MgCl2-NaCl,Mg,cl4256,0.014925373134328358,9.25,0.01200511143973182,0.017929672172987073,0.0
MgCl2-NaCl,Mg,cl4256,0.014925373134328358,9.350000000000001,0.006084223927700472,0.019241847457412285,0.0
MgCl2-NaCl,Mg,cl4256,0.014925373134328358,9.45,0.02775670367462235,0.006148237700979377,0.0
MgCl2-NaCl,Mg,cl4256,0.014925373134328358,9.55,0.047018699503686645,0.012201835317562595,0.0
MgCl2-NaCl,Mg,cl4256,0.014925373134328358,9.650000000000002,0.05007297272016997,0.01699516086199912,0.0
MgCl2-NaCl,Mg,cl4256,0.014925373134328358,9.75,0.036439603587077096,0.010490961645032637,0.0
MgCl2-NaCl,Mg,cl4256,0.014925373134328358,9.850000000000001,0.03605351932005885,0.017111389824446138,0.0
MgCl2-NaCl,Mg,cl4256,0.014925373134328358,9.95,0.05316796203718166,0.013787626326487128,0.0
MgCl2-NaCl,Mg,cl4256,0.014925373134328358,10.05,0.04255426175314714,0.020170976755881725,0.0
MgCl2-NaCl,Mg,cl4256,0.014925373134328358,10.150000000000002,0.04052777368314153,0.026037043942770254,0.0
MgCl2-NaCl,Mg,cl4256,0.014925373134328358,10.25,0.04499078875132989,0.01193243566307561,0.0
MgCl2-NaCl,Mg,cl4256,0.014925373134328358,10.350000000000001,0.04141583893515277,0.006578906454313694,0.0
MgCl2-NaCl,Mg,cl4256,0.014925373134328358,10.45,0.02173565841456715,0.007318350126696174,0.0
MgCl2-NaCl,Mg,cl4256,0.014925373134328358,10.55,0.014896501487353886,0.01386588680057108,0.0
MgCl2-NaCl,Mg,cl4256,0.014925373134328358,10.650000000000002,-0.0018515925592552662,0.01967895480562653,0.0
MgCl2-NaCl,Mg,cl4256,0.014925373134328358,10.75,-0.006961502106233919,0.008337792662229922,0.0
MgCl2-NaCl,Mg,cl4256,0.014925373134328358,10.850000000000001,-0.010211180415701016,0.014326568531972573,0.0
MgCl2-NaCl,Mg,cl4256,0.014925373134328358,10.95,-0.022102343620004294,0.019355487577726874,0.0
MgCl2-NaCl,Mg,cl4256,0.014925373134328358,11.05,-0.015346126664735227,0.020341850122319927,0.0
MgCl2-NaCl,Mg,cl4256,0.014925373134328358,11.150000000000002,-0.034669129667523224,0.008358652180701288,0.0
MgCl2-NaCl,Mg,cl4256,0.014925373134328358,11.25,-0.03373558157035239,0.01129076425159146,0.0
MgCl2-NaCl,Mg,cl4256,0.014925373134328358,11.350000000000001,-0.026172284039130966,0.0146893093963551,0.0
MgCl2-NaCl,Mg,cl4256,0.014925373134328358,11.45,-0.02773173938406437,0.00898822041260981,0.0
MgCl2-NaCl,Mg,cl4256,0.014925373134328358,11.55,-0.038753029710531184,0.009219013625752066,0.0
MgCl2-NaCl,Mg,cl4256,0.014925373134328358,11.650000000000002,-0.03922892179627535,0.008896504668470058,0.0
MgCl2-NaCl,Mg,cl4256,0.014925373134328358,11.75,-0.039090733627043184,0.0048927245092297116,0.0
MgCl2-NaCl,Mg,cl4256,0.014925373134328358,11.850000000000001,-0.03580153673469666,0.009220509866535585,0.0
MgCl2-NaCl,Mg,cl4256,0.014925373134328358,11.95,-0.022546816092603672,0.012375458392461932,0.0
MgCl2-NaCl,Mg,cl4224,0.058823529411764705,0.05,nan,nan,0.0
MgCl2-NaCl,Mg,cl4224,0.058823529411764705,0.15000000000000002,nan,nan,0.0
MgCl2-NaCl,Mg,cl4224,0.058823529411764705,0.25,nan,nan,0.0
MgCl2-NaCl,Mg,cl4224,0.058823529411764705,0.35000000000000003,nan,nan,0.0
MgCl2-NaCl,Mg,cl4224,0.058823529411764705,0.45,nan,nan,0.0
MgCl2-NaCl,Mg,cl4224,0.058823529411764705,0.55,nan,nan,0.0
MgCl2-NaCl,Mg,cl4224,0.058823529411764705,0.6500000000000001,nan,nan,0.0
MgCl2-NaCl,Mg,cl4224,0.058823529411764705,0.75,nan,nan,0.0
MgCl2-NaCl,Mg,cl4224,0.058823529411764705,0.8500000000000001,nan,nan,0.0
MgCl2-NaCl,Mg,cl4224,0.058823529411764705,0.95,nan,nan,0.0
MgCl2-NaCl,Mg,cl4224,0.058823529411764705,1.05,nan,nan,0.0
MgCl2-NaCl,Mg,cl4224,0.058823529411764705,1.1500000000000001,nan,nan,0.0
MgCl2-NaCl,Mg,cl4224,0.058823529411764705,1.25,nan,nan,0.0
MgCl2-NaCl,Mg,cl4224,0.058823529411764705,1.35,nan,nan,0.0
MgCl2-NaCl,Mg,cl4224,0.058823529411764705,1.4500000000000002,nan,nan,0.0
MgCl2-NaCl,Mg,cl4224,0.058823529411764705,1.55,nan,nan,0.0
MgCl2-NaCl,Mg,cl4224,0.058823529411764705,1.6500000000000001,nan,nan,0.0
MgCl2-NaCl,Mg,cl4224,0.058823529411764705,1.75,nan,nan,0.0
MgCl2-NaCl,Mg,cl4224,0.058823529411764705,1.85,nan,nan,0.0
MgCl2-NaCl,Mg,cl4224,0.058823529411764705,1.9500000000000002,nan,nan,0.0
MgCl2-NaCl,Mg,cl4224,0.058823529411764705,2.05,nan,nan,0.0
MgCl2-NaCl,Mg,cl4224,0.058823529411764705,2.1500000000000004,nan,nan,0.0
MgCl2-NaCl,Mg,cl4224,0.058823529411764705,2.25,nan,nan,0.0
MgCl2-NaCl,Mg,cl4224,0.058823529411764705,2.3500000000000005,1.0,nan,0.0
MgCl2-NaCl,Mg,cl4224,0.058823529411764705,2.45,1.0,0.0,0.0
MgCl2-NaCl,Mg,cl4224,0.058823529411764705,2.55,0.1908482142857143,1.2332167053684069,0.0
MgCl2-NaCl,Mg,cl4224,0.058823529411764705,2.6500000000000004,0.6853298611111112,0.21425335068266593,0.0
MgCl2-NaCl,Mg,cl4224,0.058823529411764705,2.75,0.6660012285012284,0.15279446749969997,0.0
MgCl2-NaCl,Mg,cl4224,0.058823529411764705,2.8500000000000005,0.6608668147690553,0.07385219240866663,0.0
MgCl2-NaCl,Mg,cl4224,0.058823529411764705,2.95,0.6847394856160101,0.04115226979316519,0.0
MgCl2-NaCl,Mg,cl4224,0.058823529411764705,3.05,0.6367011674793699,0.02737517174932299,0.0
MgCl2-NaCl,Mg,cl4224,0.058823529411764705,3.1500000000000004,0.5751083633246913,0.027579949451962373,0.0
MgCl2-NaCl,Mg,cl4224,0.058823529411764705,3.25,0.5308288111816667,0.010950637265625703,0.0
MgCl2-NaCl,Mg,cl4224,0.058823529411764705,3.3500000000000005,0.4585201824141474,0.012832847695878368,0.0
MgCl2-NaCl,Mg,cl4224,0.058823529411764705,3.45,0.36942238572130737,0.01853377383890083,0.0
MgCl2-NaCl,Mg,cl4224,0.058823529411764705,3.55,0.2656347752895938,0.01638501092818575,0.0
MgCl2-NaCl,Mg,cl4224,0.058823529411764705,3.6500000000000004,0.17083246583338174,0.016398206760264614,0.0
MgCl2-NaCl,Mg,cl4224,0.058823529411764705,3.75,0.11626663498098855,0.02146761540471582,0.0
MgCl2-NaCl,Mg,cl4224,0.058823529411764705,3.8500000000000005,0.06613838194093313,0.019457275965981624,0.0
MgCl2-NaCl,Mg,cl4224,0.058823529411764705,3.95,0.03516269885937262,0.015937644143801964,0.0
MgCl2-NaCl,Mg,cl4224,0.058823529411764705,4.050000000000001,-0.001137248107007327,0.009660092689376924,0.0
MgCl2-NaCl,Mg,cl4224,0.058823529411764705,4.15,-0.03485773973768613,0.022783115909852773,0.0
MgCl2-NaCl,Mg,cl4224,0.058823529411764705,4.25,-0.08393492289765159,0.014621398944613494,0.0
MgCl2-NaCl,Mg,cl4224,0.058823529411764705,4.35,-0.14151560419028542,0.018895392365717408,0.0
MgCl2-NaCl,Mg,cl4224,0.058823529411764705,4.45,-0.20928974330304606,0.012634647221407325,0.0
MgCl2-NaCl,Mg,cl4224,0.058823529411764705,4.550000000000001,-0.3030099659289529,0.01180557254057757,0.0
MgCl2-NaCl,Mg,cl4224,0.058823529411764705,4.65,-0.4373313458752426,0.03421359031135467,0.0
MgCl2-NaCl,Mg,cl4224,0.058823529411764705,4.75,-0.5473220481657695,0.02964919149420679,0.0
MgCl2-NaCl,Mg,cl4224,0.058823529411764705,4.8500000000000005,-0.6544753271044401,0.009086152636555853,0.0
MgCl2-NaCl,Mg,cl4224,0.058823529411764705,4.95,-0.720574730833077,0.03710084909238671,0.0
MgCl2-NaCl,Mg,cl4224,0.058823529411764705,5.050000000000001,-0.7543687561421533,0.012539107955637478,0.0
MgCl2-NaCl,Mg,cl4224,0.058823529411764705,5.15,-0.7237993761246406,0.013504826884234976,0.0
MgCl2-NaCl,Mg,cl4224,0.058823529411764705,5.25,-0.6313814494405305,0.020722321272947684,0.0
MgCl2-NaCl,Mg,cl4224,0.058823529411764705,5.3500000000000005,-0.5254570319198866,0.013240319748883147,0.0
MgCl2-NaCl,Mg,cl4224,0.058823529411764705,5.45,-0.4189003538489733,0.019594106101168306,0.0
MgCl2-NaCl,Mg,cl4224,0.058823529411764705,5.550000000000001,-0.31929183656793203,0.020737246002102472,0.0
MgCl2-NaCl,Mg,cl4224,0.058823529411764705,5.65,-0.2295860246596091,0.021722891586812114,0.0
MgCl2-NaCl,Mg,cl4224,0.058823529411764705,5.75,-0.12138714966299768,0.02045317865335693,0.0
MgCl2-NaCl,Mg,cl4224,0.058823529411764705,5.8500000000000005,-0.06959776133640028,0.010973268917651846,0.0
MgCl2-NaCl,Mg,cl4224,0.058823529411764705,5.95,0.005032021957913968,0.014035402905378368,0.0
MgCl2-NaCl,Mg,cl4224,0.058823529411764705,6.050000000000001,0.04743516560181271,0.01680791151793592,0.0
MgCl2-NaCl,Mg,cl4224,0.058823529411764705,6.15,0.09061332524330656,0.007895427017658524,0.0
MgCl2-NaCl,Mg,cl4224,0.058823529411764705,6.25,0.12346969986319467,0.007011936500872097,0.0
MgCl2-NaCl,Mg,cl4224,0.058823529411764705,6.3500000000000005,0.1415895791230002,0.007123751113251469,0.0
MgCl2-NaCl,Mg,cl4224,0.058823529411764705,6.45,0.15665431250684014,0.003642484586199132,0.0
MgCl2-NaCl,Mg,cl4224,0.058823529411764705,6.550000000000001,0.16347825309482744,0.015521496785178023,0.0
MgCl2-NaCl,Mg,cl4224,0.058823529411764705,6.65,0.17060578543269533,0.01395736340427193,0.0
MgCl2-NaCl,Mg,cl4224,0.058823529411764705,6.75,0.17547863771080185,0.01072817581326748,0.0
MgCl2-NaCl,Mg,cl4224,0.058823529411764705,6.8500000000000005,0.16118635292383243,0.009665348749478391,0.0
MgCl2-NaCl,Mg,cl4224,0.058823529411764705,6.95,0.1547856791845993,0.006309113941830226,0.0
MgCl2-NaCl,Mg,cl4224,0.058823529411764705,7.050000000000001,0.14324372441399358,0.0037097564076058274,0.0
MgCl2-NaCl,Mg,cl4224,0.058823529411764705,7.15,0.1237241542619385,0.007368452853483086,0.0
MgCl2-NaCl,Mg,cl4224,0.058823529411764705,7.25,0.11653559916977141,0.007077952529380598,0.0
MgCl2-NaCl,Mg,cl4224,0.058823529411764705,7.3500000000000005,0.09534245207667735,0.00986615139025454,0.0
MgCl2-NaCl,Mg,cl4224,0.058823529411764705,7.45,0.0746969763645483,0.011492997646718427,0.0
MgCl2-NaCl,Mg,cl4224,0.058823529411764705,7.550000000000001,0.05717398402034801,0.0145238301959952,0.0
MgCl2-NaCl,Mg,cl4224,0.058823529411764705,7.65,0.045596842269511106,0.007868659612875504,0.0
MgCl2-NaCl,Mg,cl4224,0.058823529411764705,7.75,0.013830209225702439,0.009652525664686919,0.0
MgCl2-NaCl,Mg,cl4224,0.058823529411764705,7.8500000000000005,-0.001657909293317994,0.008564540255283085,0.0
MgCl2-NaCl,Mg,cl4224,0.058823529411764705,7.95,-0.013990843897481398,0.014823388964560489,0.0
MgCl2-NaCl,Mg,cl4224,0.058823529411764705,8.05,-0.03825963615591621,0.00530694769023294,0.0
MgCl2-NaCl,Mg,cl4224,0.058823529411764705,8.15,-0.05055789132129518,0.008485820280190891,0.0
MgCl2-NaCl,Mg,cl4224,0.058823529411764705,8.25,-0.06592828032401887,0.008174972218700503,0.0
MgCl2-NaCl,Mg,cl4224,0.058823529411764705,8.350000000000001,-0.0694283747965978,0.00737898267444191,0.0
MgCl2-NaCl,Mg,cl4224,0.058823529411764705,8.45,-0.07215580858773385,0.008194527650628225,0.0
MgCl2-NaCl,Mg,cl4224,0.058823529411764705,8.55,-0.06893624442151469,0.01060013588617184,0.0
MgCl2-NaCl,Mg,cl4224,0.058823529411764705,8.65,-0.062182127507163454,0.006755808691712578,0.0
MgCl2-NaCl,Mg,cl4224,0.058823529411764705,8.75,-0.052108708513938895,0.00923047219688582,0.0
MgCl2-NaCl,Mg,cl4224,0.058823529411764705,8.850000000000001,-0.03977693492011003,0.003793054905495264,0.0
MgCl2-NaCl,Mg,cl4224,0.058823529411764705,8.95,-0.02191998011510643,0.011512462482121831,0.0
MgCl2-NaCl,Mg,cl4224,0.058823529411764705,9.05,-0.0141740248569322,0.008002604732626324,0.0
MgCl2-NaCl,Mg,cl4224,0.058823529411764705,9.15,-0.003898265409150836,0.006179075699622595,0.0
MgCl2-NaCl,Mg,cl4224,0.058823529411764705,9.25,0.0016548619400053033,0.006907414454035949,0.0
MgCl2-NaCl,Mg,cl4224,0.058823529411764705,9.350000000000001,0.017124439527826052,0.009639042116205084,0.0
MgCl2-NaCl,Mg,cl4224,0.058823529411764705,9.45,0.029513706715634802,0.013190611145828474,0.0
MgCl2-NaCl,Mg,cl4224,0.058823529411764705,9.55,0.03659780038359817,0.004932757758325474,0.0
MgCl2-NaCl,Mg,cl4224,0.058823529411764705,9.650000000000002,0.04373355865877915,0.007185368664123686,0.0
MgCl2-NaCl,Mg,cl4224,0.058823529411764705,9.75,0.045178121803680193,0.011448818961035877,0.0
MgCl2-NaCl,Mg,cl4224,0.058823529411764705,9.850000000000001,0.04519939484402469,0.007871060617363214,0.0
MgCl2-NaCl,Mg,cl4224,0.058823529411764705,9.95,0.039931677688197165,0.006458726740104106,0.0
MgCl2-NaCl,Mg,cl4224,0.058823529411764705,10.05,0.03540638930748352,0.00536034174713049,0.0
MgCl2-NaCl,Mg,cl4224,0.058823529411764705,10.150000000000002,0.03549696487925602,0.005306390543624525,0.0
MgCl2-NaCl,Mg,cl4224,0.058823529411764705,10.25,0.03169874751810031,0.008445250350623434,0.0
MgCl2-NaCl,Mg,cl4224,0.058823529411764705,10.350000000000001,0.02235979294959456,0.009138020970794955,0.0
MgCl2-NaCl,Mg,cl4224,0.058823529411764705,10.45,0.023153600533276752,0.007064238496506362,0.0
MgCl2-NaCl,Mg,cl4224,0.058823529411764705,10.55,0.013350630952324583,0.00933137844531978,0.0
MgCl2-NaCl,Mg,cl4224,0.058823529411764705,10.650000000000002,0.006607436903503294,0.007113139715621628,0.0
MgCl2-NaCl,Mg,cl4224,0.058823529411764705,10.75,0.0019576812226773654,0.00406370801230882,0.0
MgCl2-NaCl,Mg,cl4224,0.058823529411764705,10.850000000000001,-0.007612313976925966,0.0067762514412449525,0.0
MgCl2-NaCl,Mg,cl4224,0.058823529411764705,10.95,-0.01342354013212188,0.009518219639449392,0.0
MgCl2-NaCl,Mg,cl4224,0.058823529411764705,11.05,-0.01671983402141386,0.007421046401061343,0.0
MgCl2-NaCl,Mg,cl4224,0.058823529411764705,11.150000000000002,-0.020784176666831522,0.004990229662868432,0.0
MgCl2-NaCl,Mg,cl4224,0.058823529411764705,11.25,-0.02882374123404019,0.003374974298492525,0.0
MgCl2-NaCl,Mg,cl4224,0.058823529411764705,11.350000000000001,-0.027983057336756545,0.009825053770309983,0.0
MgCl2-NaCl,Mg,cl4224,0.058823529411764705,11.45,-0.03221497025592779,0.006690609569593316,0.0
MgCl2-NaCl,Mg,cl4224,0.058823529411764705,11.55,-0.02830628325290596,0.007459175602782991,0.0
MgCl2-NaCl,Mg,cl4224,0.058823529411764705,11.650000000000002,-0.03056453904857115,0.002782572353263706,0.0
MgCl2-NaCl,Mg,cl4224,0.058823529411764705,11.75,-0.03330265288698753,0.005921077185821365,0.0
MgCl2-NaCl,Mg,cl4224,0.058823529411764705,11.850000000000001,-0.02741727068907318,0.006694279362490012,0.0
MgCl2-NaCl,Mg,cl4224,0.058823529411764705,11.95,-0.0221407817795094,0.007476793333964369,0.0
MgCl2-NaCl,Mg,cl4192,0.10144927536231885,0.05,nan,nan,0.0
MgCl2-NaCl,Mg,cl4192,0.10144927536231885,0.15000000000000002,nan,nan,0.0
MgCl2-NaCl,Mg,cl4192,0.10144927536231885,0.25,nan,nan,0.0
MgCl2-NaCl,Mg,cl4192,0.10144927536231885,0.35000000000000003,nan,nan,0.0
MgCl2-NaCl,Mg,cl4192,0.10144927536231885,0.45,nan,nan,0.0
MgCl2-NaCl,Mg,cl4192,0.10144927536231885,0.55,nan,nan,0.0
MgCl2-NaCl,Mg,cl4192,0.10144927536231885,0.6500000000000001,nan,nan,0.0
MgCl2-NaCl,Mg,cl4192,0.10144927536231885,0.75,nan,nan,0.0
MgCl2-NaCl,Mg,cl4192,0.10144927536231885,0.8500000000000001,nan,nan,0.0
MgCl2-NaCl,Mg,cl4192,0.10144927536231885,0.95,nan,nan,0.0
MgCl2-NaCl,Mg,cl4192,0.10144927536231885,1.05,nan,nan,0.0
MgCl2-NaCl,Mg,cl4192,0.10144927536231885,1.1500000000000001,nan,nan,0.0
MgCl2-NaCl,Mg,cl4192,0.10144927536231885,1.25,nan,nan,0.0
MgCl2-NaCl,Mg,cl4192,0.10144927536231885,1.35,nan,nan,0.0
MgCl2-NaCl,Mg,cl4192,0.10144927536231885,1.4500000000000002,nan,nan,0.0
MgCl2-NaCl,Mg,cl4192,0.10144927536231885,1.55,nan,nan,0.0
MgCl2-NaCl,Mg,cl4192,0.10144927536231885,1.6500000000000001,nan,nan,0.0
MgCl2-NaCl,Mg,cl4192,0.10144927536231885,1.75,nan,nan,0.0
MgCl2-NaCl,Mg,cl4192,0.10144927536231885,1.85,nan,nan,0.0
MgCl2-NaCl,Mg,cl4192,0.10144927536231885,1.9500000000000002,nan,nan,0.0
MgCl2-NaCl,Mg,cl4192,0.10144927536231885,2.05,nan,nan,0.0
MgCl2-NaCl,Mg,cl4192,0.10144927536231885,2.1500000000000004,nan,nan,0.0
MgCl2-NaCl,Mg,cl4192,0.10144927536231885,2.25,nan,nan,0.0
MgCl2-NaCl,Mg,cl4192,0.10144927536231885,2.3500000000000005,nan,nan,0.0
MgCl2-NaCl,Mg,cl4192,0.10144927536231885,2.45,-2.2842261904761902,5.688446625453143,0.0
MgCl2-NaCl,Mg,cl4192,0.10144927536231885,2.55,1.0,0.0,0.0
MgCl2-NaCl,Mg,cl4192,0.10144927536231885,2.6500000000000004,0.678017040149393,0.3352709167877809,0.0
MgCl2-NaCl,Mg,cl4192,0.10144927536231885,2.75,0.5971531284031284,0.08364304258188462,0.0
MgCl2-NaCl,Mg,cl4192,0.10144927536231885,2.8500000000000005,0.5834703251114748,0.02382262545317107,0.0
MgCl2-NaCl,Mg,cl4192,0.10144927536231885,2.95,0.6122144925844986,0.037051979719426836,0.0
MgCl2-NaCl,Mg,cl4192,0.10144927536231885,3.05,0.5986544183104531,0.012613282958257288,0.0
MgCl2-NaCl,Mg,cl4192,0.10144927536231885,3.1500000000000004,0.5658482535660236,0.014048775716848011,0.0
MgCl2-NaCl,Mg,cl4192,0.10144927536231885,3.25,0.506595625226308,0.01777376855065353,0.0
MgCl2-NaCl,Mg,cl4192,0.10144927536231885,3.3500000000000005,0.42238280802869266,0.010739406710417433,0.0
MgCl2-NaCl,Mg,cl4192,0.10144927536231885,3.45,0.32308417570237424,0.015018942798844772,0.0
MgCl2-NaCl,Mg,cl4192,0.10144927536231885,3.55,0.2407891944986439,0.00730864343259696,0.0
MgCl2-NaCl,Mg,cl4192,0.10144927536231885,3.6500000000000004,0.14694762553192398,0.015275324693832923,0.0
MgCl2-NaCl,Mg,cl4192,0.10144927536231885,3.75,0.08668384145801888,0.019260188588866148,0.0
MgCl2-NaCl,Mg,cl4192,0.10144927536231885,3.8500000000000005,0.05109793018786557,0.013237774962383911,0.0
MgCl2-NaCl,Mg,cl4192,0.10144927536231885,3.95,0.010714728031574805,0.01288435350311227,0.0
MgCl2-NaCl,Mg,cl4192,0.10144927536231885,4.050000000000001,-0.024949872783376126,0.017262693183221548,0.0
MgCl2-NaCl,Mg,cl4192,0.10144927536231885,4.15,-0.04809016950320966,0.01142419683353175,0.0
MgCl2-NaCl,Mg,cl4192,0.10144927536231885,4.25,-0.09200222603238162,0.0079698445085923,0.0
MgCl2-NaCl,Mg,cl4192,0.10144927536231885,4.35,-0.14361330870871591,0.004522296947224193,0.0
MgCl2-NaCl,Mg,cl4192,0.10144927536231885,4.45,-0.21630406319679207,0.010362421386844534,0.0
MgCl2-NaCl,Mg,cl4192,0.10144927536231885,4.550000000000001,-0.29338512694759555,0.01627378930784829,0.0
MgCl2-NaCl,Mg,cl4192,0.10144927536231885,4.65,-0.3873751265875731,0.0100420062470997,0.0
MgCl2-NaCl,Mg,cl4192,0.10144927536231885,4.75,-0.49793303235293784,0.004613272881674348,0.0
MgCl2-NaCl,Mg,cl4192,0.10144927536231885,4.8500000000000005,-0.6039713037082988,0.01433725684695911,0.0
MgCl2-NaCl,Mg,cl4192,0.10144927536231885,4.95,-0.6592273356500198,0.008152623025587957,0.0
MgCl2-NaCl,Mg,cl4192,0.10144927536231885,5.050000000000001,-0.6736298188264982,0.00919072712579126,0.0
MgCl2-NaCl,Mg,cl4192,0.10144927536231885,5.15,-0.6481089720765869,0.00877833622162974,0.0
MgCl2-NaCl,Mg,cl4192,0.10144927536231885,5.25,-0.5710204232880625,0.01572339547172258,0.0
MgCl2-NaCl,Mg,cl4192,0.10144927536231885,5.3500000000000005,-0.4920429627540439,0.015677461822323782,0.0
MgCl2-NaCl,Mg,cl4192,0.10144927536231885,5.45,-0.39416638402140936,0.011056022915235532,0.0
MgCl2-NaCl,Mg,cl4192,0.10144927536231885,5.550000000000001,-0.2865881348310251,0.010346323424709761,0.0
MgCl2-NaCl,Mg,cl4192,0.10144927536231885,5.65,-0.20633420284399429,0.018874248123248522,0.0
MgCl2-NaCl,Mg,cl4192,0.10144927536231885,5.75,-0.11669300843403296,0.015460608733192103,0.0
MgCl2-NaCl,Mg,cl4192,0.10144927536231885,5.8500000000000005,-0.059010446950246154,0.008967882060388017,0.0
MgCl2-NaCl,Mg,cl4192,0.10144927536231885,5.95,0.0013721867642290109,0.006584513659876498,0.0
MgCl2-NaCl,Mg,cl4192,0.10144927536231885,6.050000000000001,0.0479624348086497,0.005846562275084291,0.0
MgCl2-NaCl,Mg,cl4192,0.10144927536231885,6.15,0.08488929893594876,0.00984218864336597,0.0
MgCl2-NaCl,Mg,cl4192,0.10144927536231885,6.25,0.11721929900444539,0.010774983316769906,0.0
MgCl2-NaCl,Mg,cl4192,0.10144927536231885,6.3500000000000005,0.13618652820373778,0.006271167086410527,0.0
MgCl2-NaCl,Mg,cl4192,0.10144927536231885,6.45,0.1528756487147862,0.004550792069368362,0.0
MgCl2-NaCl,Mg,cl4192,0.10144927536231885,6.550000000000001,0.16327022729788687,0.005737175117743488,0.0
MgCl2-NaCl,Mg,cl4192,0.10144927536231885,6.65,0.16558171055584203,0.007169596016045833,0.0
MgCl2-NaCl,Mg,cl4192,0.10144927536231885,6.75,0.1658404491523413,0.0065971515990451085,0.0
MgCl2-NaCl,Mg,cl4192,0.10144927536231885,6.8500000000000005,0.16177648614651519,0.005874578095693145,0.0
MgCl2-NaCl,Mg,cl4192,0.10144927536231885,6.95,0.1497663801698872,0.006055969829096096,0.0
MgCl2-NaCl,Mg,cl4192,0.10144927536231885,7.050000000000001,0.13744143685786148,0.004978239048839353,0.0
MgCl2-NaCl,Mg,cl4192,0.10144927536231885,7.15,0.1315619159751813,0.006976400396296516,0.0
MgCl2-NaCl,Mg,cl4192,0.10144927536231885,7.25,0.11227430589148257,0.003394643789578311,0.0
MgCl2-NaCl,Mg,cl4192,0.10144927536231885,7.3500000000000005,0.09373168411662225,0.007053276577038684,0.0
MgCl2-NaCl,Mg,cl4192,0.10144927536231885,7.45,0.07742220133006195,0.003192011634588024,0.0
MgCl2-NaCl,Mg,cl4192,0.10144927536231885,7.550000000000001,0.05553449273209765,0.004190479180664388,0.0
MgCl2-NaCl,Mg,cl4192,0.10144927536231885,7.65,0.037926627865095264,0.007039704622949007,0.0
MgCl2-NaCl,Mg,cl4192,0.10144927536231885,7.75,0.02290503695342916,0.008675012910747813,0.0
MgCl2-NaCl,Mg,cl4192,0.10144927536231885,7.8500000000000005,0.0024636663779535883,0.001340641475511914,0.0
MgCl2-NaCl,Mg,cl4192,0.10144927536231885,7.95,-0.01844769277644387,0.007900253608608859,0.0
MgCl2-NaCl,Mg,cl4192,0.10144927536231885,8.05,-0.03434132702377113,0.003889128412272582,0.0
MgCl2-NaCl,Mg,cl4192,0.10144927536231885,8.15,-0.04693776323687082,0.0052255194778355295,0.0
MgCl2-NaCl,Mg,cl4192,0.10144927536231885,8.25,-0.05691062140555925,0.008075202867655583,0.0
MgCl2-NaCl,Mg,cl4192,0.10144927536231885,8.350000000000001,-0.06645931524752546,0.011045667312220607,0.0
MgCl2-NaCl,Mg,cl4192,0.10144927536231885,8.45,-0.06549733618370812,0.006776562886864818,0.0
MgCl2-NaCl,Mg,cl4192,0.10144927536231885,8.55,-0.06961101963166638,0.005592966776128315,0.0
MgCl2-NaCl,Mg,cl4192,0.10144927536231885,8.65,-0.0645715432567664,0.0013373430940115329,0.0
MgCl2-NaCl,Mg,cl4192,0.10144927536231885,8.75,-0.05122608848188359,0.005789320202589247,0.0
MgCl2-NaCl,Mg,cl4192,0.10144927536231885,8.850000000000001,-0.04080915309907951,0.006606441446055161,0.0
MgCl2-NaCl,Mg,cl4192,0.10144927536231885,8.95,-0.02775123293843862,0.004236225358299744,0.0
MgCl2-NaCl,Mg,cl4192,0.10144927536231885,9.05,-0.017462143943672848,0.0069490798843101255,0.0
MgCl2-NaCl,Mg,cl4192,0.10144927536231885,9.15,-0.007938117431739888,0.004269454567349946,0.0
MgCl2-NaCl,Mg,cl4192,0.10144927536231885,9.25,0.005081964338600531,0.007434798179704994,0.0
MgCl2-NaCl,Mg,cl4192,0.10144927536231885,9.350000000000001,0.017048688551325797,0.006075411786602884,0.0
MgCl2-NaCl,Mg,cl4192,0.10144927536231885,9.45,0.022152756991578593,0.006636892641598669,0.0
MgCl2-NaCl,Mg,cl4192,0.10144927536231885,9.55,0.02658542123223462,0.005819975640088727,0.0
MgCl2-NaCl,Mg,cl4192,0.10144927536231885,9.650000000000002,0.03679686053332054,0.006517964950242686,0.0
MgCl2-NaCl,Mg,cl4192,0.10144927536231885,9.75,0.03883851098861957,0.0031410372472057235,0.0
MgCl2-NaCl,Mg,cl4192,0.10144927536231885,9.850000000000001,0.04060889633851161,0.0041208204032515145,0.0
MgCl2-NaCl,Mg,cl4192,0.10144927536231885,9.95,0.03851237271990171,0.00672892059958915,0.0
MgCl2-NaCl,Mg,cl4192,0.10144927536231885,10.05,0.03388079241585196,0.003915251349509584,0.0
MgCl2-NaCl,Mg,cl4192,0.10144927536231885,10.150000000000002,0.0276258742306561,0.00504896752126484,0.0
MgCl2-NaCl,Mg,cl4192,0.10144927536231885,10.25,0.032385262523842995,0.006761379220879017,0.0
MgCl2-NaCl,Mg,cl4192,0.10144927536231885,10.350000000000001,0.02498591098709746,0.0054324573779830606,0.0
MgCl2-NaCl,Mg,cl4192,0.10144927536231885,10.45,0.01801558397730918,0.005276999761580658,0.0
MgCl2-NaCl,Mg,cl4192,0.10144927536231885,10.55,0.014644368996333812,0.0057656267375805915,0.0
MgCl2-NaCl,Mg,cl4192,0.10144927536231885,10.650000000000002,0.00450996246970603,0.0030090140412666303,0.0
MgCl2-NaCl,Mg,cl4192,0.10144927536231885,10.75,-0.0022748775733631987,0.0038813614470775935,0.0
MgCl2-NaCl,Mg,cl4192,0.10144927536231885,10.850000000000001,-0.004715836270831497,0.004522761908737694,0.0
MgCl2-NaCl,Mg,cl4192,0.10144927536231885,10.95,-0.011958566239033797,0.004450843965268925,0.0
MgCl2-NaCl,Mg,cl4192,0.10144927536231885,11.05,-0.01973088282761659,0.0032960762414560615,0.0
MgCl2-NaCl,Mg,cl4192,0.10144927536231885,11.150000000000002,-0.021712593355226684,0.00486553994509245,0.0
MgCl2-NaCl,Mg,cl4192,0.10144927536231885,11.25,-0.027170980478760764,0.0035219940501533685,0.0
MgCl2-NaCl,Mg,cl4192,0.10144927536231885,11.350000000000001,-0.02802155599115297,0.004721868597983015,0.0
MgCl2-NaCl,Mg,cl4192,0.10144927536231885,11.45,-0.02914908969170016,0.0069264186536706854,0.0
MgCl2-NaCl,Mg,cl4192,0.10144927536231885,11.55,-0.03412432275930599,0.0018962138089340334,0.0
MgCl2-NaCl,Mg,cl4192,0.10144927536231885,11.650000000000002,-0.02995356828152329,0.0058164336616053575,0.0
MgCl2-NaCl,Mg,cl4192,0.10144927536231885,11.75,-0.02761410652650853,0.006035865940500264,0.0
MgCl2-NaCl,Mg,cl4192,0.10144927536231885,11.850000000000001,-0.025150571585590198,0.003680997331660924,0.0
MgCl2-NaCl,Mg,cl4192,0.10144927536231885,11.95,-0.02074900693205395,0.0020152194117951374,0.0
MgCl2-NaCl,Mg,cl4128,0.18309859154929578,0.05,nan,nan,0.0
MgCl2-NaCl,Mg,cl4128,0.18309859154929578,0.15000000000000002,nan,nan,0.0
MgCl2-NaCl,Mg,cl4128,0.18309859154929578,0.25,nan,nan,0.0
MgCl2-NaCl,Mg,cl4128,0.18309859154929578,0.35000000000000003,nan,nan,0.0
MgCl2-NaCl,Mg,cl4128,0.18309859154929578,0.45,nan,nan,0.0
MgCl2-NaCl,Mg,cl4128,0.18309859154929578,0.55,nan,nan,0.0
MgCl2-NaCl,Mg,cl4128,0.18309859154929578,0.6500000000000001,nan,nan,0.0
MgCl2-NaCl,Mg,cl4128,0.18309859154929578,0.75,nan,nan,0.0
MgCl2-NaCl,Mg,cl4128,0.18309859154929578,0.8500000000000001,nan,nan,0.0
MgCl2-NaCl,Mg,cl4128,0.18309859154929578,0.95,nan,nan,0.0
MgCl2-NaCl,Mg,cl4128,0.18309859154929578,1.05,nan,nan,0.0
MgCl2-NaCl,Mg,cl4128,0.18309859154929578,1.1500000000000001,nan,nan,0.0
MgCl2-NaCl,Mg,cl4128,0.18309859154929578,1.25,nan,nan,0.0
MgCl2-NaCl,Mg,cl4128,0.18309859154929578,1.35,nan,nan,0.0
MgCl2-NaCl,Mg,cl4128,0.18309859154929578,1.4500000000000002,nan,nan,0.0
MgCl2-NaCl,Mg,cl4128,0.18309859154929578,1.55,nan,nan,0.0
MgCl2-NaCl,Mg,cl4128,0.18309859154929578,1.6500000000000001,nan,nan,0.0
MgCl2-NaCl,Mg,cl4128,0.18309859154929578,1.75,nan,nan,0.0
MgCl2-NaCl,Mg,cl4128,0.18309859154929578,1.85,nan,nan,0.0
MgCl2-NaCl,Mg,cl4128,0.18309859154929578,1.9500000000000002,nan,nan,0.0
MgCl2-NaCl,Mg,cl4128,0.18309859154929578,2.05,nan,nan,0.0
MgCl2-NaCl,Mg,cl4128,0.18309859154929578,2.1500000000000004,nan,nan,0.0
MgCl2-NaCl,Mg,cl4128,0.18309859154929578,2.25,nan,nan,0.0
MgCl2-NaCl,Mg,cl4128,0.18309859154929578,2.3500000000000005,nan,nan,0.0
MgCl2-NaCl,Mg,cl4128,0.18309859154929578,2.45,1.0,nan,0.0
MgCl2-NaCl,Mg,cl4128,0.18309859154929578,2.55,0.6588040865384616,0.7881752484200784,0.0
MgCl2-NaCl,Mg,cl4128,0.18309859154929578,2.6500000000000004,0.34631721433905904,0.18529540107624679,0.0
MgCl2-NaCl,Mg,cl4128,0.18309859154929578,2.75,0.5584826879469738,0.08438785579710918,0.0
MgCl2-NaCl,Mg,cl4128,0.18309859154929578,2.8500000000000005,0.5309847094116593,0.03782767344146309,0.0
MgCl2-NaCl,Mg,cl4128,0.18309859154929578,2.95,0.5340298214484438,0.03506804960776827,0.0
MgCl2-NaCl,Mg,cl4128,0.18309859154929578,3.05,0.5398182261613185,0.031101910039337027,0.0
MgCl2-NaCl,Mg,cl4128,0.18309859154929578,3.1500000000000004,0.49651312174872353,0.012154252651126313,0.0
MgCl2-NaCl,Mg,cl4128,0.18309859154929578,3.25,0.43736218931364856,0.006834790524551779,0.0
MgCl2-NaCl,Mg,cl4128,0.18309859154929578,3.3500000000000005,0.3688344868007082,0.004975384202067991,0.0
MgCl2-NaCl,Mg,cl4128,0.18309859154929578,3.45,0.2810961718163474,0.011256554809266878,0.0
MgCl2-NaCl,Mg,cl4128,0.18309859154929578,3.55,0.19320698964244665,0.012014180254029012,0.0
MgCl2-NaCl,Mg,cl4128,0.18309859154929578,3.6500000000000004,0.10752622397542155,0.01841773043712306,0.0
MgCl2-NaCl,Mg,cl4128,0.18309859154929578,3.75,0.047080870323999546,0.013364564975422686,0.0
MgCl2-NaCl,Mg,cl4128,0.18309859154929578,3.8500000000000005,0.0033797695655302107,0.010788403500011362,0.0
MgCl2-NaCl,Mg,cl4128,0.18309859154929578,3.95,-0.026977514665169178,0.007808756761425369,0.0
MgCl2-NaCl,Mg,cl4128,0.18309859154929578,4.050000000000001,-0.05016374524710554,0.00802890346199005,0.0
MgCl2-NaCl,Mg,cl4128,0.18309859154929578,4.15,-0.0670570425742838,0.0071788108217165905,0.0
MgCl2-NaCl,Mg,cl4128,0.18309859154929578,4.25,-0.10764046556072437,0.006542681215915661,0.0
MgCl2-NaCl,Mg,cl4128,0.18309859154929578,4.35,-0.1532727358444157,0.00943430856257955,0.0
MgCl2-NaCl,Mg,cl4128,0.18309859154929578,4.45,-0.20963603699826483,0.006388571414345446,0.0
MgCl2-NaCl,Mg,cl4128,0.18309859154929578,4.550000000000001,-0.2719351299892303,0.011063273426827998,0.0
MgCl2-NaCl,Mg,cl4128,0.18309859154929578,4.65,-0.34739261015746514,0.011730923778446057,0.0
MgCl2-NaCl,Mg,cl4128,0.18309859154929578,4.75,-0.43445157599846884,0.008641799296047319,0.0
MgCl2-NaCl,Mg,cl4128,0.18309859154929578,4.8500000000000005,-0.5227434135449547,0.015144377900152254,0.0
MgCl2-NaCl,Mg,cl4128,0.18309859154929578,4.95,-0.5636744320047167,0.008479577995374866,0.0
MgCl2-NaCl,Mg,cl4128,0.18309859154929578,5.050000000000001,-0.5792156094106236,0.016098740426246413,0.0
MgCl2-NaCl,Mg,cl4128,0.18309859154929578,5.15,-0.5516317574677285,0.010247629058085333,0.0
MgCl2-NaCl,Mg,cl4128,0.18309859154929578,5.25,-0.5103117966936157,0.01644425584231377,0.0
MgCl2-NaCl,Mg,cl4128,0.18309859154929578,5.3500000000000005,-0.4224855481773626,0.010029209159272854,0.0
MgCl2-NaCl,Mg,cl4128,0.18309859154929578,5.45,-0.3507211290772858,0.005825486531956696,0.0
MgCl2-NaCl,Mg,cl4128,0.18309859154929578,5.550000000000001,-0.2650727901013099,0.002931455814542131,0.0
MgCl2-NaCl,Mg,cl4128,0.18309859154929578,5.65,-0.19161579241914573,0.00983442494727872,0.0
MgCl2-NaCl,Mg,cl4128,0.18309859154929578,5.75,-0.12192259481517298,0.004834703798412508,0.0
MgCl2-NaCl,Mg,cl4128,0.18309859154929578,5.8500000000000005,-0.05072921697759747,0.005322874990601667,0.0
MgCl2-NaCl,Mg,cl4128,0.18309859154929578,5.95,-0.0036259135919234353,0.011773449083803005,0.0
MgCl2-NaCl,Mg,cl4128,0.18309859154929578,6.050000000000001,0.041588498935334006,0.0031709223557635025,0.0
MgCl2-NaCl,Mg,cl4128,0.18309859154929578,6.15,0.08078327261108398,0.00442154332699996,0.0
MgCl2-NaCl,Mg,cl4128,0.18309859154929578,6.25,0.1042792852617781,0.004287992067828021,0.0
MgCl2-NaCl,Mg,cl4128,0.18309859154929578,6.3500000000000005,0.12943735969564985,0.003974506045793961,0.0
MgCl2-NaCl,Mg,cl4128,0.18309859154929578,6.45,0.141713179453692,0.0044526973155781715,0.0
MgCl2-NaCl,Mg,cl4128,0.18309859154929578,6.550000000000001,0.1559054042253767,0.0038139230492197545,0.0
MgCl2-NaCl,Mg,cl4128,0.18309859154929578,6.65,0.15656136994352365,0.009241925803291228,0.0
MgCl2-NaCl,Mg,cl4128,0.18309859154929578,6.75,0.1560294115468086,0.004439774403512012,0.0
MgCl2-NaCl,Mg,cl4128,0.18309859154929578,6.8500000000000005,0.1517739931157136,0.0028393022885387087,0.0
MgCl2-NaCl,Mg,cl4128,0.18309859154929578,6.95,0.14533541006362483,0.0034603663061881715,0.0
MgCl2-NaCl,Mg,cl4128,0.18309859154929578,7.050000000000001,0.13565451965576547,0.004713857857167513,0.0
MgCl2-NaCl,Mg,cl4128,0.18309859154929578,7.15,0.12232743229280074,0.004292773307999933,0.0
MgCl2-NaCl,Mg,cl4128,0.18309859154929578,7.25,0.11094096683088916,0.006162045331321813,0.0
MgCl2-NaCl,Mg,cl4128,0.18309859154929578,7.3500000000000005,0.09588799416696392,0.0047502548596241425,0.0
MgCl2-NaCl,Mg,cl4128,0.18309859154929578,7.45,0.07870891583760331,0.0077397673009822745,0.0
MgCl2-NaCl,Mg,cl4128,0.18309859154929578,7.550000000000001,0.06156037975599837,0.006736497089893613,0.0
MgCl2-NaCl,Mg,cl4128,0.18309859154929578,7.65,0.041037466268917355,0.006891255213872863,0.0
MgCl2-NaCl,Mg,cl4128,0.18309859154929578,7.75,0.023863278034783497,0.006102032178868085,0.0
MgCl2-NaCl,Mg,cl4128,0.18309859154929578,7.8500000000000005,0.00853651192472027,0.0045289615153138825,0.0
MgCl2-NaCl,Mg,cl4128,0.18309859154929578,7.95,-0.008042826424684124,0.003358297269764243,0.0
MgCl2-NaCl,Mg,cl4128,0.18309859154929578,8.05,-0.024831567303549296,0.004869345252564293,0.0
MgCl2-NaCl,Mg,cl4128,0.18309859154929578,8.15,-0.03284855621453886,0.007213317427291407,0.0
MgCl2-NaCl,Mg,cl4128,0.18309859154929578,8.25,-0.04243743463173666,0.004102151534364714,0.0
MgCl2-NaCl,Mg,cl4128,0.18309859154929578,8.350000000000001,-0.04696648587111896,0.005481100172022886,0.0
MgCl2-NaCl,Mg,cl4128,0.18309859154929578,8.45,-0.050480109130881745,0.004997502198475226,0.0
MgCl2-NaCl,Mg,cl4128,0.18309859154929578,8.55,-0.05273403906235341,0.005508142024602027,0.0
MgCl2-NaCl,Mg,cl4128,0.18309859154929578,8.65,-0.05240546089071252,0.001998504499467839,0.0
MgCl2-NaCl,Mg,cl4128,0.18309859154929578,8.75,-0.04030507964570185,0.00588736497347979,0.0
MgCl2-NaCl,Mg,cl4128,0.18309859154929578,8.850000000000001,-0.037498628570467485,0.0057712271710339815,0.0
MgCl2-NaCl,Mg,cl4128,0.18309859154929578,8.95,-0.026052401421933213,0.007116865884526829,0.0
MgCl2-NaCl,Mg,cl4128,0.18309859154929578,9.05,-0.014691915442794024,0.0034731989162417602,0.0
MgCl2-NaCl,Mg,cl4128,0.18309859154929578,9.15,-0.006101318733517047,0.004795711338225528,0.0
MgCl2-NaCl,Mg,cl4128,0.18309859154929578,9.25,0.004473559731698495,0.0031262922073438605,0.0
MgCl2-NaCl,Mg,cl4128,0.18309859154929578,9.350000000000001,0.012080990672322711,0.004601770521384494,0.0
MgCl2-NaCl,Mg,cl4128,0.18309859154929578,9.45,0.022670067012253714,0.003798125694265733,0.0
MgCl2-NaCl,Mg,cl4128,0.18309859154929578,9.55,0.026606046956184848,0.0037413799897782355,0.0
MgCl2-NaCl,Mg,cl4128,0.18309859154929578,9.650000000000002,0.026132370684227246,0.003421047173357799,0.0
MgCl2-NaCl,Mg,cl4128,0.18309859154929578,9.75,0.03293324399417752,0.00388176196382123,0.0
MgCl2-NaCl,Mg,cl4128,0.18309859154929578,9.850000000000001,0.032891019849634384,0.004958622952823152,0.0
MgCl2-NaCl,Mg,cl4128,0.18309859154929578,9.95,0.03504081406990012,0.002736237977898348,0.0
MgCl2-NaCl,Mg,cl4128,0.18309859154929578,10.05,0.032209768675743766,0.004011550467599523,0.0
MgCl2-NaCl,Mg,cl4128,0.18309859154929578,10.150000000000002,0.029375504494720373,0.002699131492061465,0.0
MgCl2-NaCl,Mg,cl4128,0.18309859154929578,10.25,0.023665692757780965,0.005724833621161184,0.0
MgCl2-NaCl,Mg,cl4128,0.18309859154929578,10.350000000000001,0.02371796472877985,0.0022798916953134267,0.0
MgCl2-NaCl,Mg,cl4128,0.18309859154929578,10.45,0.019436964245432065,0.0035613359612432847,0.0
MgCl2-NaCl,Mg,cl4128,0.18309859154929578,10.55,0.012789067871961879,0.0030246040536891614,0.0
MgCl2-NaCl,Mg,cl4128,0.18309859154929578,10.650000000000002,0.0024881183130749385,0.0029842244618213994,0.0
MgCl2-NaCl,Mg,cl4128,0.18309859154929578,10.75,0.002063898297566258,0.005315079521480754,0.0
MgCl2-NaCl,Mg,cl4128,0.18309859154929578,10.850000000000001,-0.006723130797941401,0.003822056495321297,0.0
MgCl2-NaCl,Mg,cl4128,0.18309859154929578,10.95,-0.009572820738351862,0.0036792999005817203,0.0
MgCl2-NaCl,Mg,cl4128,0.18309859154929578,11.05,-0.015416574756219159,0.006433540923476868,0.0
MgCl2-NaCl,Mg,cl4128,0.18309859154929578,11.150000000000002,-0.02255238276410565,0.003281465213178242,0.0
MgCl2-NaCl,Mg,cl4128,0.18309859154929578,11.25,-0.02254180750108059,0.0038631714055254686,0.0
MgCl2-NaCl,Mg,cl4128,0.18309859154929578,11.350000000000001,-0.02714256998721587,0.004639398836042533,0.0
MgCl2-NaCl,Mg,cl4128,0.18309859154929578,11.45,-0.026601303207318683,0.0038803273486399128,0.0
MgCl2-NaCl,Mg,cl4128,0.18309859154929578,11.55,-0.02772715494821476,0.0030388958336966423,0.0
MgCl2-NaCl,Mg,cl4128,0.18309859154929578,11.650000000000002,-0.027330071633723252,0.004466422882869243,0.0
MgCl2-NaCl,Mg,cl4128,0.18309859154929578,11.75,-0.02673242204512527,0.0034179920891334948,0.0
MgCl2-NaCl,Mg,cl4128,0.18309859154929578,11.850000000000001,-0.02217462347908672,0.004890832543825516,0.0
MgCl2-NaCl,Mg,cl4128,0.18309859154929578,11.95,-0.022967400040600827,0.002591987840365109,0.0
MgCl2-NaCl,Mg,cl4064,0.2602739726027397,0.05,nan,nan,0.0
MgCl2-NaCl,Mg,cl4064,0.2602739726027397,0.15000000000000002,nan,nan,0.0
MgCl2-NaCl,Mg,cl4064,0.2602739726027397,0.25,nan,nan,0.0
MgCl2-NaCl,Mg,cl4064,0.2602739726027397,0.35000000000000003,nan,nan,0.0
MgCl2-NaCl,Mg,cl4064,0.2602739726027397,0.45,nan,nan,0.0
MgCl2-NaCl,Mg,cl4064,0.2602739726027397,0.55,nan,nan,0.0
MgCl2-NaCl,Mg,cl4064,0.2602739726027397,0.6500000000000001,nan,nan,0.0
MgCl2-NaCl,Mg,cl4064,0.2602739726027397,0.75,nan,nan,0.0
MgCl2-NaCl,Mg,cl4064,0.2602739726027397,0.8500000000000001,nan,nan,0.0
MgCl2-NaCl,Mg,cl4064,0.2602739726027397,0.95,nan,nan,0.0
MgCl2-NaCl,Mg,cl4064,0.2602739726027397,1.05,nan,nan,0.0
MgCl2-NaCl,Mg,cl4064,0.2602739726027397,1.1500000000000001,nan,nan,0.0
MgCl2-NaCl,Mg,cl4064,0.2602739726027397,1.25,nan,nan,0.0
MgCl2-NaCl,Mg,cl4064,0.2602739726027397,1.35,nan,nan,0.0
MgCl2-NaCl,Mg,cl4064,0.2602739726027397,1.4500000000000002,nan,nan,0.0
MgCl2-NaCl,Mg,cl4064,0.2602739726027397,1.55,nan,nan,0.0
MgCl2-NaCl,Mg,cl4064,0.2602739726027397,1.6500000000000001,nan,nan,0.0
MgCl2-NaCl,Mg,cl4064,0.2602739726027397,1.75,nan,nan,0.0
MgCl2-NaCl,Mg,cl4064,0.2602739726027397,1.85,nan,nan,0.0
MgCl2-NaCl,Mg,cl4064,0.2602739726027397,1.9500000000000002,nan,nan,0.0
MgCl2-NaCl,Mg,cl4064,0.2602739726027397,2.05,nan,nan,0.0
MgCl2-NaCl,Mg,cl4064,0.2602739726027397,2.1500000000000004,nan,nan,0.0
MgCl2-NaCl,Mg,cl4064,0.2602739726027397,2.25,nan,nan,0.0
MgCl2-NaCl,Mg,cl4064,0.2602739726027397,2.3500000000000005,nan,nan,0.0
MgCl2-NaCl,Mg,cl4064,0.2602739726027397,2.45,-1.3042763157894735,2.2172909186805527,0.0
MgCl2-NaCl,Mg,cl4064,0.2602739726027397,2.55,0.3599232456140352,0.181713091189785,0.0
MgCl2-NaCl,Mg,cl4064,0.2602739726027397,2.6500000000000004,0.42679693637077776,0.200625537875097,0.0
MgCl2-NaCl,Mg,cl4064,0.2602739726027397,2.75,0.33474867870513103,0.12515514717998574,0.0
MgCl2-NaCl,Mg,cl4064,0.2602739726027397,2.8500000000000005,0.43053900090560415,0.032025162658837925,0.0
MgCl2-NaCl,Mg,cl4064,0.2602739726027397,2.95,0.4597306562656417,0.01790482604793795,0.0
MgCl2-NaCl,Mg,cl4064,0.2602739726027397,3.05,0.44080529860571893,0.03626127023234136,0.0
MgCl2-NaCl,Mg,cl4064,0.2602739726027397,3.1500000000000004,0.41588224284397124,0.015124933625127726,0.0
MgCl2-NaCl,Mg,cl4064,0.2602739726027397,3.25,0.3673806048938021,0.007552455704403782,0.0
MgCl2-NaCl,Mg,cl4064,0.2602739726027397,3.3500000000000005,0.29593106723742546,0.007203821181009179,0.0
MgCl2-NaCl,Mg,cl4064,0.2602739726027397,3.45,0.21739841490396372,0.0157919392536824,0.0
MgCl2-NaCl,Mg,cl4064,0.2602739726027397,3.55,0.13116744881926756,0.012029353106088592,0.0
MgCl2-NaCl,Mg,cl4064,0.2602739726027397,3.6500000000000004,0.065970804605327,0.004670890783639979,0.0
MgCl2-NaCl,Mg,cl4064,0.2602739726027397,3.75,0.008604018819412085,0.0052342975901727515,0.0
MgCl2-NaCl,Mg,cl4064,0.2602739726027397,3.8500000000000005,-0.035231069077279464,0.006785638313623909,0.0
MgCl2-NaCl,Mg,cl4064,0.2602739726027397,3.95,-0.05332582887281001,0.005848966622863005,0.0
MgCl2-NaCl,Mg,cl4064,0.2602739726027397,4.050000000000001,-0.07793875993627841,0.004814267838892143,0.0
MgCl2-NaCl,Mg,cl4064,0.2602739726027397,4.15,-0.10232845026936621,0.004863102679155736,0.0
MgCl2-NaCl,Mg,cl4064,0.2602739726027397,4.25,-0.12023203339034039,0.009382734926194812,0.0
MgCl2-NaCl,Mg,cl4064,0.2602739726027397,4.35,-0.1614004044412738,0.005531314593009609,0.0
MgCl2-NaCl,Mg,cl4064,0.2602739726027397,4.45,-0.19948314820744817,0.007405025959650355,0.0
MgCl2-NaCl,Mg,cl4064,0.2602739726027397,4.550000000000001,-0.2601166927789218,0.003889932221626335,0.0
MgCl2-NaCl,Mg,cl4064,0.2602739726027397,4.65,-0.32065174214225345,0.005495199962009058,0.0
MgCl2-NaCl,Mg,cl4064,0.2602739726027397,4.75,-0.38929573027515985,0.006359332908897923,0.0
MgCl2-NaCl,Mg,cl4064,0.2602739726027397,4.8500000000000005,-0.43782396812397084,0.010891299217874933,0.0
MgCl2-NaCl,Mg,cl4064,0.2602739726027397,4.95,-0.4803858575749993,0.008091279765626467,0.0
MgCl2-NaCl,Mg,cl4064,0.2602739726027397,5.050000000000001,-0.49379391052272736,0.006285766255881497,0.0
MgCl2-NaCl,Mg,cl4064,0.2602739726027397,5.15,-0.4719235159310491,0.010546785615284921,0.0
MgCl2-NaCl,Mg,cl4064,0.2602739726027397,5.25,-0.4298860812493952,0.012543677143421169,0.0
MgCl2-NaCl,Mg,cl4064,0.2602739726027397,5.3500000000000005,-0.3630565228568756,0.005234638353656931,0.0
MgCl2-NaCl,Mg,cl4064,0.2602739726027397,5.45,-0.3084933304202071,0.007892574865627243,0.0
MgCl2-NaCl,Mg,cl4064,0.2602739726027397,5.550000000000001,-0.2268100871424772,0.007581002837444162,0.0
MgCl2-NaCl,Mg,cl4064,0.2602739726027397,5.65,-0.16662569314558184,0.007851945062453706,0.0
MgCl2-NaCl,Mg,cl4064,0.2602739726027397,5.75,-0.10065709982108029,0.014342091574967025,0.0
MgCl2-NaCl,Mg,cl4064,0.2602739726027397,5.8500000000000005,-0.049547816641996256,0.00855345794622241,0.0
MgCl2-NaCl,Mg,cl4064,0.2602739726027397,5.95,0.002673256951502667,0.00627885947431948,0.0
MgCl2-NaCl,Mg,cl4064,0.2602739726027397,6.050000000000001,0.044360831520029564,0.007449107544850157,0.0
MgCl2-NaCl,Mg,cl4064,0.2602739726027397,6.15,0.06503622487994176,0.00997264687857416,0.0
MgCl2-NaCl,Mg,cl4064,0.2602739726027397,6.25,0.09614940404442551,0.003239105925673877,0.0
MgCl2-NaCl,Mg,cl4064,0.2602739726027397,6.3500000000000005,0.12146061821171172,0.003829519627164306,0.0
MgCl2-NaCl,Mg,cl4064,0.2602739726027397,6.45,0.13246573565740327,0.0048798169173643186,0.0
MgCl2-NaCl,Mg,cl4064,0.2602739726027397,6.550000000000001,0.1418405377237818,0.0042655411525762835,0.0
MgCl2-NaCl,Mg,cl4064,0.2602739726027397,6.65,0.1454198996962024,0.005222124425621398,0.0
MgCl2-NaCl,Mg,cl4064,0.2602739726027397,6.75,0.14382270555739385,0.0038724800581228054,0.0
MgCl2-NaCl,Mg,cl4064,0.2602739726027397,6.8500000000000005,0.1410084228438041,0.0034548588203478603,0.0
MgCl2-NaCl,Mg,cl4064,0.2602739726027397,6.95,0.1400695368534045,0.007445985320447909,0.0
MgCl2-NaCl,Mg,cl4064,0.2602739726027397,7.050000000000001,0.1253324191656332,0.0053722777742379,0.0
MgCl2-NaCl,Mg,cl4064,0.2602739726027397,7.15,0.11688445646260293,0.0029504604545067953,0.0
MgCl2-NaCl,Mg,cl4064,0.2602739726027397,7.25,0.10381911770667396,0.005694954875375771,0.0
MgCl2-NaCl,Mg,cl4064,0.2602739726027397,7.3500000000000005,0.08804976415095656,0.004361580841058012,0.0
MgCl2-NaCl,Mg,cl4064,0.2602739726027397,7.45,0.07204732001923686,0.007098070818314287,0.0
MgCl2-NaCl,Mg,cl4064,0.2602739726027397,7.550000000000001,0.05869680189850324,0.0035214852124790964,0.0
MgCl2-NaCl,Mg,cl4064,0.2602739726027397,7.65,0.0396999372203094,0.005799296953401204,0.0
MgCl2-NaCl,Mg,cl4064,0.2602739726027397,7.75,0.02683078221914459,0.004702044105846776,0.0
MgCl2-NaCl,Mg,cl4064,0.2602739726027397,7.8500000000000005,0.014447345796369526,0.003055093658557992,0.0
MgCl2-NaCl,Mg,cl4064,0.2602739726027397,7.95,-0.002450297435037996,0.004950216827940038,0.0
MgCl2-NaCl,Mg,cl4064,0.2602739726027397,8.05,-0.01549916149328312,0.006341348779273806,0.0
MgCl2-NaCl,Mg,cl4064,0.2602739726027397,8.15,-0.024689164590874668,0.0025141289420291765,0.0
MgCl2-NaCl,Mg,cl4064,0.2602739726027397,8.25,-0.03356322091005848,0.004514297637277487,0.0
MgCl2-NaCl,Mg,cl4064,0.2602739726027397,8.350000000000001,-0.039032140180450314,0.0041039733276810614,0.0
MgCl2-NaCl,Mg,cl4064,0.2602739726027397,8.45,-0.04443017956882067,0.004836988151952621,0.0
MgCl2-NaCl,Mg,cl4064,0.2602739726027397,8.55,-0.045175281330397166,0.005325131120436384,0.0
MgCl2-NaCl,Mg,cl4064,0.2602739726027397,8.65,-0.0396291552203456,0.002549480041691145,0.0
MgCl2-NaCl,Mg,cl4064,0.2602739726027397,8.75,-0.03600100667439543,0.0049220632831633755,0.0
MgCl2-NaCl,Mg,cl4064,0.2602739726027397,8.850000000000001,-0.03336522877468462,0.003853137643252034,0.0
MgCl2-NaCl,Mg,cl4064,0.2602739726027397,8.95,-0.02640636948919739,0.002251768441828237,0.0
MgCl2-NaCl,Mg,cl4064,0.2602739726027397,9.05,-0.017000604335572822,0.004113306637271247,0.0
MgCl2-NaCl,Mg,cl4064,0.2602739726027397,9.15,-0.003435707559038992,0.0016283524370268039,0.0
MgCl2-NaCl,Mg,cl4064,0.2602739726027397,9.25,0.0014306019639220846,0.0025043592969651598,0.0
MgCl2-NaCl,Mg,cl4064,0.2602739726027397,9.350000000000001,0.008332042184250543,0.0038880049445174877,0.0
MgCl2-NaCl,Mg,cl4064,0.2602739726027397,9.45,0.014371065436056374,0.0027337099366190995,0.0
MgCl2-NaCl,Mg,cl4064,0.2602739726027397,9.55,0.019086251325267534,0.005384290970716627,0.0
MgCl2-NaCl,Mg,cl4064,0.2602739726027397,9.650000000000002,0.019359178792574205,0.005157477758643371,0.0
MgCl2-NaCl,Mg,cl4064,0.2602739726027397,9.75,0.02769534945673724,0.002181841491715699,0.0
MgCl2-NaCl,Mg,cl4064,0.2602739726027397,9.850000000000001,0.024870171583934342,0.0024738235079648906,0.0
MgCl2-NaCl,Mg,cl4064,0.2602739726027397,9.95,0.02829127391240438,0.005369045526354509,0.0
MgCl2-NaCl,Mg,cl4064,0.2602739726027397,10.05,0.02504222623052277,0.0037652151311992365,0.0
MgCl2-NaCl,Mg,cl4064,0.2602739726027397,10.150000000000002,0.026630640327689692,0.00449603131900713,0.0
MgCl2-NaCl,Mg,cl4064,0.2602739726027397,10.25,0.023660883392336074,0.0035014088979547515,0.0
MgCl2-NaCl,Mg,cl4064,0.2602739726027397,10.350000000000001,0.022430491107408468,0.0021788721250483732,0.0
MgCl2-NaCl,Mg,cl4064,0.2602739726027397,10.45,0.015972669577336118,0.0010377660623481328,0.0
MgCl2-NaCl,Mg,cl4064,0.2602739726027397,10.55,0.009410090159731932,0.003978876154536742,0.0
MgCl2-NaCl,Mg,cl4064,0.2602739726027397,10.650000000000002,0.004030923205275094,0.001987831052034809,0.0
MgCl2-NaCl,Mg,cl4064,0.2602739726027397,10.75,0.000809131623286885,0.00183575201620016,0.0
MgCl2-NaCl,Mg,cl4064,0.2602739726027397,10.850000000000001,-0.002443852984520767,0.002953459698562778,0.0
MgCl2-NaCl,Mg,cl4064,0.2602739726027397,10.95,-0.00799309854926289,0.002387896661688633,0.0
MgCl2-NaCl,Mg,cl4064,0.2602739726027397,11.05,-0.011837063932039538,0.004958858533058859,0.0
MgCl2-NaCl,Mg,cl4064,0.2602739726027397,11.150000000000002,-0.016370390377387523,0.0019828412667765713,0.0
MgCl2-NaCl,Mg,cl4064,0.2602739726027397,11.25,-0.0176432883508304,0.0013827371969051972,0.0
MgCl2-NaCl,Mg,cl4064,0.2602739726027397,11.350000000000001,-0.02059873671788659,0.001332928434946268,0.0
MgCl2-NaCl,Mg,cl4064,0.2602739726027397,11.45,-0.022727070625282897,0.0013112620556657863,0.0
MgCl2-NaCl,Mg,cl4064,0.2602739726027397,11.55,-0.027401484661634612,0.0030399263417947384,0.0
MgCl2-NaCl,Mg,cl4064,0.2602739726027397,11.650000000000002,-0.02324351221656773,0.0020820403927733714,0.0
MgCl2-NaCl,Mg,cl4064,0.2602739726027397,11.75,-0.025420841162412833,0.0006916292600559214,0.0
MgCl2-NaCl,Mg,cl4064,0.2602739726027397,11.850000000000001,-0.021263884828997215,0.004845688372520424,0.0
MgCl2-NaCl,Mg,cl4064,0.2602739726027397,11.95,-0.020538945647168516,0.0013083730106163594,0.0
MgCl2-NaCl,Mg,cl4000,0.3333333333333333,0.05,nan,nan,0.0
MgCl2-NaCl,Mg,cl4000,0.3333333333333333,0.15000000000000002,nan,nan,0.0
MgCl2-NaCl,Mg,cl4000,0.3333333333333333,0.25,nan,nan,0.0
MgCl2-NaCl,Mg,cl4000,0.3333333333333333,0.35000000000000003,nan,nan,0.0
MgCl2-NaCl,Mg,cl4000,0.3333333333333333,0.45,nan,nan,0.0
MgCl2-NaCl,Mg,cl4000,0.3333333333333333,0.55,nan,nan,0.0
MgCl2-NaCl,Mg,cl4000,0.3333333333333333,0.6500000000000001,nan,nan,0.0
MgCl2-NaCl,Mg,cl4000,0.3333333333333333,0.75,nan,nan,0.0
MgCl2-NaCl,Mg,cl4000,0.3333333333333333,0.8500000000000001,nan,nan,0.0
MgCl2-NaCl,Mg,cl4000,0.3333333333333333,0.95,nan,nan,0.0
MgCl2-NaCl,Mg,cl4000,0.3333333333333333,1.05,nan,nan,0.0
MgCl2-NaCl,Mg,cl4000,0.3333333333333333,1.1500000000000001,nan,nan,0.0
MgCl2-NaCl,Mg,cl4000,0.3333333333333333,1.25,nan,nan,0.0
MgCl2-NaCl,Mg,cl4000,0.3333333333333333,1.35,nan,nan,0.0
MgCl2-NaCl,Mg,cl4000,0.3333333333333333,1.4500000000000002,nan,nan,0.0
MgCl2-NaCl,Mg,cl4000,0.3333333333333333,1.55,nan,nan,0.0
MgCl2-NaCl,Mg,cl4000,0.3333333333333333,1.6500000000000001,nan,nan,0.0
MgCl2-NaCl,Mg,cl4000,0.3333333333333333,1.75,nan,nan,0.0
MgCl2-NaCl,Mg,cl4000,0.3333333333333333,1.85,nan,nan,0.0
MgCl2-NaCl,Mg,cl4000,0.3333333333333333,1.9500000000000002,nan,nan,0.0
MgCl2-NaCl,Mg,cl4000,0.3333333333333333,2.05,nan,nan,0.0
MgCl2-NaCl,Mg,cl4000,0.3333333333333333,2.1500000000000004,nan,nan,0.0
MgCl2-NaCl,Mg,cl4000,0.3333333333333333,2.25,nan,nan,0.0
MgCl2-NaCl,Mg,cl4000,0.3333333333333333,2.3500000000000005,nan,nan,0.0
MgCl2-NaCl,Mg,cl4000,0.3333333333333333,2.45,0.0004166666666667318,2.1204364600831593,0.0
MgCl2-NaCl,Mg,cl4000,0.3333333333333333,2.55,0.04585227272727277,0.9914961244264346,0.0
MgCl2-NaCl,Mg,cl4000,0.3333333333333333,2.6500000000000004,0.330176116838488,0.11816972415562882,0.0
MgCl2-NaCl,Mg,cl4000,0.3333333333333333,2.75,0.15151647286821712,0.11757432170038899,0.0
MgCl2-NaCl,Mg,cl4000,0.3333333333333333,2.8500000000000005,0.32661348949919233,0.06355603047891707,0.0
MgCl2-NaCl,Mg,cl4000,0.3333333333333333,2.95,0.34956350998695174,0.024886737985458963,0.0
MgCl2-NaCl,Mg,cl4000,0.3333333333333333,3.05,0.3557810919565504,0.014132747098990123,0.0
MgCl2-NaCl,Mg,cl4000,0.3333333333333333,3.1500000000000004,0.3209761407965164,0.016016026516589333,0.0
MgCl2-NaCl,Mg,cl4000,0.3333333333333333,3.25,0.2741177094129841,0.0073482061056107705,0.0
MgCl2-NaCl,Mg,cl4000,0.3333333333333333,3.3500000000000005,0.21620797968981775,0.011532238069051121,0.0
MgCl2-NaCl,Mg,cl4000,0.3333333333333333,3.45,0.14644514949657372,0.004174269790156901,0.0
MgCl2-NaCl,Mg,cl4000,0.3333333333333333,3.55,0.07688595306871737,0.003578682422765965,0.0
MgCl2-NaCl,Mg,cl4000,0.3333333333333333,3.6500000000000004,0.011996381853041416,0.006559626464231745,0.0
MgCl2-NaCl,Mg,cl4000,0.3333333333333333,3.75,-0.03822670766182612,0.004120542598952372,0.0
MgCl2-NaCl,Mg,cl4000,0.3333333333333333,3.8500000000000005,-0.07171757783846089,0.008312823392352299,0.0
MgCl2-NaCl,Mg,cl4000,0.3333333333333333,3.95,-0.09686604282111655,0.005381889826087577,0.0
MgCl2-NaCl,Mg,cl4000,0.3333333333333333,4.050000000000001,-0.10934717754894607,0.004343451481484733,0.0
MgCl2-NaCl,Mg,cl4000,0.3333333333333333,4.15,-0.12891944856144266,0.0048078983444907455,0.0
MgCl2-NaCl,Mg,cl4000,0.3333333333333333,4.25,-0.1402870035532331,0.0018778655562301694,0.0
MgCl2-NaCl,Mg,cl4000,0.3333333333333333,4.35,-0.16982498946440883,0.006662282628496649,0.0
MgCl2-NaCl,Mg,cl4000,0.3333333333333333,4.45,-0.20404948424384073,0.007788697382728179,0.0
MgCl2-NaCl,Mg,cl4000,0.3333333333333333,4.550000000000001,-0.24406403407273958,0.009631705175705538,0.0
MgCl2-NaCl,Mg,cl4000,0.3333333333333333,4.65,-0.29948813598178026,0.006327461549787276,0.0
MgCl2-NaCl,Mg,cl4000,0.3333333333333333,4.75,-0.34109375571450196,0.008756735106528718,0.0
MgCl2-NaCl,Mg,cl4000,0.3333333333333333,4.8500000000000005,-0.3863133365004996,0.008061396244795137,0.0
MgCl2-NaCl,Mg,cl4000,0.3333333333333333,4.95,-0.4132370161692469,0.009257263706790054,0.0
MgCl2-NaCl,Mg,cl4000,0.3333333333333333,5.050000000000001,-0.4294215844280964,0.010178163100062103,0.0
MgCl2-NaCl,Mg,cl4000,0.3333333333333333,5.15,-0.4166469825603911,0.008129301074163322,0.0
MgCl2-NaCl,Mg,cl4000,0.3333333333333333,5.25,-0.37156044936460897,0.00839005762302227,0.0
MgCl2-NaCl,Mg,cl4000,0.3333333333333333,5.3500000000000005,-0.32394511731809605,0.003875992532030975,0.0
MgCl2-NaCl,Mg,cl4000,0.3333333333333333,5.45,-0.26676248610662934,0.00800429796649797,0.0
MgCl2-NaCl,Mg,cl4000,0.3333333333333333,5.550000000000001,-0.20699085494428027,0.005380873940918348,0.0
MgCl2-NaCl,Mg,cl4000,0.3333333333333333,5.65,-0.14582722478887655,0.007917112766262117,0.0
MgCl2-NaCl,Mg,cl4000,0.3333333333333333,5.75,-0.09350270800150273,0.0043576478508693265,0.0
MgCl2-NaCl,Mg,cl4000,0.3333333333333333,5.8500000000000005,-0.041030924607964536,0.005142078983775672,0.0
MgCl2-NaCl,Mg,cl4000,0.3333333333333333,5.95,-0.002643468123715076,0.003239156336786722,0.0
MgCl2-NaCl,Mg,cl4000,0.3333333333333333,6.050000000000001,0.037635890717483966,0.005775018084405577,0.0
MgCl2-NaCl,Mg,cl4000,0.3333333333333333,6.15,0.06840688369910852,0.00556896482415845,0.0
MgCl2-NaCl,Mg,cl4000,0.3333333333333333,6.25,0.09487638868836024,0.00593938511761495,0.0
MgCl2-NaCl,Mg,cl4000,0.3333333333333333,6.3500000000000005,0.11643429582449982,0.0024068670026999596,0.0
MgCl2-NaCl,Mg,cl4000,0.3333333333333333,6.45,0.12412691262149311,0.0056475323887096715,0.0
MgCl2-NaCl,Mg,cl4000,0.3333333333333333,6.550000000000001,0.13630124537763055,0.0039028066885061423,0.0
MgCl2-NaCl,Mg,cl4000,0.3333333333333333,6.65,0.13779088239139237,0.0028788368993028107,0.0
MgCl2-NaCl,Mg,cl4000,0.3333333333333333,6.75,0.13764215422779746,0.006579924387706641,0.0
MgCl2-NaCl,Mg,cl4000,0.3333333333333333,6.8500000000000005,0.13585538642484585,0.0036420879972128705,0.0
MgCl2-NaCl,Mg,cl4000,0.3333333333333333,6.95,0.13329680159554724,0.002435124046113177,0.0
MgCl2-NaCl,Mg,cl4000,0.3333333333333333,7.050000000000001,0.12489733582635876,0.0026415283161521077,0.0
MgCl2-NaCl,Mg,cl4000,0.3333333333333333,7.15,0.11167136244508324,0.003944411314609105,0.0
MgCl2-NaCl,Mg,cl4000,0.3333333333333333,7.25,0.10176943010796857,0.0035003492352298593,0.0
MgCl2-NaCl,Mg,cl4000,0.3333333333333333,7.3500000000000005,0.09008487673986454,0.0014267611550068803,0.0
MgCl2-NaCl,Mg,cl4000,0.3333333333333333,7.45,0.07261036715285518,0.0018054562443137571,0.0
MgCl2-NaCl,Mg,cl4000,0.3333333333333333,7.550000000000001,0.05807229134048564,0.0030046836120329852,0.0
MgCl2-NaCl,Mg,cl4000,0.3333333333333333,7.65,0.04464798339142506,0.0028276955068075272,0.0
MgCl2-NaCl,Mg,cl4000,0.3333333333333333,7.75,0.031473159597419365,0.002151970517018181,0.0
MgCl2-NaCl,Mg,cl4000,0.3333333333333333,7.8500000000000005,0.017698338431437644,0.002100182494102478,0.0
MgCl2-NaCl,Mg,cl4000,0.3333333333333333,7.95,0.002215809471043717,0.003309730826939393,0.0
MgCl2-NaCl,Mg,cl4000,0.3333333333333333,8.05,-0.007749233268202982,0.0045706448580343974,0.0
MgCl2-NaCl,Mg,cl4000,0.3333333333333333,8.15,-0.017501924043513917,0.001746293095403157,0.0
MgCl2-NaCl,Mg,cl4000,0.3333333333333333,8.25,-0.027048309210468524,0.004049163245492524,0.0
MgCl2-NaCl,Mg,cl4000,0.3333333333333333,8.350000000000001,-0.03257705444736847,0.0033142196273330134,0.0
MgCl2-NaCl,Mg,cl4000,0.3333333333333333,8.45,-0.03750516172194751,0.003667491121329194,0.0
MgCl2-NaCl,Mg,cl4000,0.3333333333333333,8.55,-0.03793147011009901,0.004238975505140989,0.0
MgCl2-NaCl,Mg,cl4000,0.3333333333333333,8.65,-0.03796846576250501,0.0034059390358536145,0.0
MgCl2-NaCl,Mg,cl4000,0.3333333333333333,8.75,-0.032493168789867966,0.005168877587316433,0.0
MgCl2-NaCl,Mg,cl4000,0.3333333333333333,8.850000000000001,-0.02933785653245602,0.00408478293579141,0.0
MgCl2-NaCl,Mg,cl4000,0.3333333333333333,8.95,-0.02418930774604755,0.004321078818977331,0.0
MgCl2-NaCl,Mg,cl4000,0.3333333333333333,9.05,-0.016231645771308978,0.0016214375209514882,0.0
MgCl2-NaCl,Mg,cl4000,0.3333333333333333,9.15,-0.009431402667015032,0.0037001939877439344,0.0
MgCl2-NaCl,Mg,cl4000,0.3333333333333333,9.25,-0.0054665342576385445,0.007253102564029114,0.0
MgCl2-NaCl,Mg,cl4000,0.3333333333333333,9.350000000000001,0.0028708331972967516,0.0034358259845050786,0.0
MgCl2-NaCl,Mg,cl4000,0.3333333333333333,9.45,0.009446546170365111,0.001993521216807076,0.0
MgCl2-NaCl,Mg,cl4000,0.3333333333333333,9.55,0.010614248503017176,0.005253623353627534,0.0
MgCl2-NaCl,Mg,cl4000,0.3333333333333333,9.650000000000002,0.014869222479714006,0.003544565326605755,0.0
MgCl2-NaCl,Mg,cl4000,0.3333333333333333,9.75,0.018914778319919057,0.0027850564885470463,0.0
MgCl2-NaCl,Mg,cl4000,0.3333333333333333,9.850000000000001,0.018962551953449647,0.003699870080968113,0.0
MgCl2-NaCl,Mg,cl4000,0.3333333333333333,9.95,0.01970025069200909,0.003480670805396767,0.0
MgCl2-NaCl,Mg,cl4000,0.3333333333333333,10.05,0.019435634084776665,0.0015384952621711418,0.0
MgCl2-NaCl,Mg,cl4000,0.3333333333333333,10.150000000000002,0.020782398864165885,0.0021072219139085645,0.0
MgCl2-NaCl,Mg,cl4000,0.3333333333333333,10.25,0.018076768807351096,0.004575204043105118,0.0
MgCl2-NaCl,Mg,cl4000,0.3333333333333333,10.350000000000001,0.015329310372575344,0.002874996575573635,0.0
MgCl2-NaCl,Mg,cl4000,0.3333333333333333,10.45,0.013415050513234772,0.005519589730374527,0.0
MgCl2-NaCl,Mg,cl4000,0.3333333333333333,10.55,0.010372584243652616,0.003588473809252173,0.0
MgCl2-NaCl,Mg,cl4000,0.3333333333333333,10.650000000000002,0.0054423937839310765,0.002336114198112879,0.0
MgCl2-NaCl,Mg,cl4000,0.3333333333333333,10.75,0.0037635587452841124,0.0024115736323744264,0.0
MgCl2-NaCl,Mg,cl4000,0.3333333333333333,10.850000000000001,-0.0033563078577434347,0.001996890160692374,0.0
MgCl2-NaCl,Mg,cl4000,0.3333333333333333,10.95,-0.007665594703933909,0.0013223602797337141,0.0
MgCl2-NaCl,Mg,cl4000,0.3333333333333333,11.05,-0.010560451378878177,0.003194424503518678,0.0
MgCl2-NaCl,Mg,cl4000,0.3333333333333333,11.150000000000002,-0.013184636828310392,0.003283102286529173,0.0
MgCl2-NaCl,Mg,cl4000,0.3333333333333333,11.25,-0.013982250313161915,0.0024660913050262977,0.0
MgCl2-NaCl,Mg,cl4000,0.3333333333333333,11.350000000000001,-0.017818133404616132,0.0010613337291576705,0.0
MgCl2-NaCl,Mg,cl4000,0.3333333333333333,11.45,-0.019404873292552915,0.0023203178501438634,0.0
MgCl2-NaCl,Mg,cl4000,0.3333333333333333,11.55,-0.018767387339927444,0.0019174550058697073,0.0
MgCl2-NaCl,Mg,cl4000,0.3333333333333333,11.650000000000002,-0.02276647274499033,0.0017809914181172828,0.0
MgCl2-NaCl,Mg,cl4000,0.3333333333333333,11.75,-0.01832831158038961,0.0016132377831167234,0.0
MgCl2-NaCl,Mg,cl4000,0.3333333333333333,11.850000000000001,-0.017705071728221666,0.0016201671114068142,0.0
MgCl2-NaCl,Mg,cl4000,0.3333333333333333,11.95,-0.017562800876216533,0.004620006926564173,0.0
MgCl2-NaCl,Mg,cl3936,0.4025974025974026,0.05,nan,nan,0.0
MgCl2-NaCl,Mg,cl3936,0.4025974025974026,0.15000000000000002,nan,nan,0.0
MgCl2-NaCl,Mg,cl3936,0.4025974025974026,0.25,nan,nan,0.0
MgCl2-NaCl,Mg,cl3936,0.4025974025974026,0.35000000000000003,nan,nan,0.0
MgCl2-NaCl,Mg,cl3936,0.4025974025974026,0.45,nan,nan,0.0
MgCl2-NaCl,Mg,cl3936,0.4025974025974026,0.55,nan,nan,0.0
MgCl2-NaCl,Mg,cl3936,0.4025974025974026,0.6500000000000001,nan,nan,0.0
MgCl2-NaCl,Mg,cl3936,0.4025974025974026,0.75,nan,nan,0.0
MgCl2-NaCl,Mg,cl3936,0.4025974025974026,0.8500000000000001,nan,nan,0.0
MgCl2-NaCl,Mg,cl3936,0.4025974025974026,0.95,nan,nan,0.0
MgCl2-NaCl,Mg,cl3936,0.4025974025974026,1.05,nan,nan,0.0
MgCl2-NaCl,Mg,cl3936,0.4025974025974026,1.1500000000000001,nan,nan,0.0
MgCl2-NaCl,Mg,cl3936,0.4025974025974026,1.25,nan,nan,0.0
MgCl2-NaCl,Mg,cl3936,0.4025974025974026,1.35,nan,nan,0.0
MgCl2-NaCl,Mg,cl3936,0.4025974025974026,1.4500000000000002,nan,nan,0.0
MgCl2-NaCl,Mg,cl3936,0.4025974025974026,1.55,nan,nan,0.0
MgCl2-NaCl,Mg,cl3936,0.4025974025974026,1.6500000000000001,nan,nan,0.0
MgCl2-NaCl,Mg,cl3936,0.4025974025974026,1.75,nan,nan,0.0
MgCl2-NaCl,Mg,cl3936,0.4025974025974026,1.85,nan,nan,0.0
MgCl2-NaCl,Mg,cl3936,0.4025974025974026,1.9500000000000002,nan,nan,0.0
MgCl2-NaCl,Mg,cl3936,0.4025974025974026,2.05,nan,nan,0.0
MgCl2-NaCl,Mg,cl3936,0.4025974025974026,2.1500000000000004,nan,nan,0.0
MgCl2-NaCl,Mg,cl3936,0.4025974025974026,2.25,nan,nan,0.0
MgCl2-NaCl,Mg,cl3936,0.4025974025974026,2.3500000000000005,nan,nan,0.0
MgCl2-NaCl,Mg,cl3936,0.4025974025974026,2.45,0.1723790322580645,1.7556491956274864,0.0
MgCl2-NaCl,Mg,cl3936,0.4025974025974026,2.55,-0.01153673835125435,0.4831607875846139,0.0
MgCl2-NaCl,Mg,cl3936,0.4025974025974026,2.6500000000000004,0.01580209241499564,0.14877099129469426,0.0
MgCl2-NaCl,Mg,cl3936,0.4025974025974026,2.75,0.06829688215664453,0.15356956509339878,0.0
MgCl2-NaCl,Mg,cl3936,0.4025974025974026,2.8500000000000005,0.185909620286543,0.07067284389744845,0.0
MgCl2-NaCl,Mg,cl3936,0.4025974025974026,2.95,0.23392853317911144,0.03397903470550297,0.0
MgCl2-NaCl,Mg,cl3936,0.4025974025974026,3.05,0.24182359566923062,0.008634812612319086,0.0
MgCl2-NaCl,Mg,cl3936,0.4025974025974026,3.1500000000000004,0.21000377441953277,0.009291831077336245,0.0
MgCl2-NaCl,Mg,cl3936,0.4025974025974026,3.25,0.1734792421969753,0.005231302173867056,0.0
MgCl2-NaCl,Mg,cl3936,0.4025974025974026,3.3500000000000005,0.12179222387707989,0.013078378193205807,0.0
MgCl2-NaCl,Mg,cl3936,0.4025974025974026,3.45,0.0644116957142904,0.004533229840405245,0.0
MgCl2-NaCl,Mg,cl3936,0.4025974025974026,3.55,0.0011479999536174734,0.003801452861918164,0.0
MgCl2-NaCl,Mg,cl3936,0.4025974025974026,3.6500000000000004,-0.04827482083199186,0.007954495407102406,0.0
MgCl2-NaCl,Mg,cl3936,0.4025974025974026,3.75,-0.08355040364019461,0.0026299061119372247,0.0
MgCl2-NaCl,Mg,cl3936,0.4025974025974026,3.8500000000000005,-0.10972302250342669,0.008348273473369264,0.0
MgCl2-NaCl,Mg,cl3936,0.4025974025974026,3.95,-0.12467520835732682,0.003539209515363897,0.0
MgCl2-NaCl,Mg,cl3936,0.4025974025974026,4.050000000000001,-0.1373933672874872,0.0028514768871471937,0.0
MgCl2-NaCl,Mg,cl3936,0.4025974025974026,4.15,-0.14361190307726135,0.006581055820712077,0.0
MgCl2-NaCl,Mg,cl3936,0.4025974025974026,4.25,-0.15477112798850334,0.0026942005861234743,0.0
MgCl2-NaCl,Mg,cl3936,0.4025974025974026,4.35,-0.17447981112114785,0.006605605544975918,0.0
MgCl2-NaCl,Mg,cl3936,0.4025974025974026,4.45,-0.19970766622534786,0.010169967242628204,0.0
MgCl2-NaCl,Mg,cl3936,0.4025974025974026,4.550000000000001,-0.23476952209171054,0.006565565578890128,0.0
MgCl2-NaCl,Mg,cl3936,0.4025974025974026,4.65,-0.2604143683834439,0.005884978406823808,0.0
MgCl2-NaCl,Mg,cl3936,0.4025974025974026,4.75,-0.30216608982037796,0.005971239350533513,0.0
MgCl2-NaCl,Mg,cl3936,0.4025974025974026,4.8500000000000005,-0.3348581416834686,0.006430723014904746,0.0
MgCl2-NaCl,Mg,cl3936,0.4025974025974026,4.95,-0.36091069653465024,0.00858956965601632,0.0
MgCl2-NaCl,Mg,cl3936,0.4025974025974026,5.050000000000001,-0.3608891736925617,0.0051537390369021385,0.0
MgCl2-NaCl,Mg,cl3936,0.4025974025974026,5.15,-0.35344926066894233,0.006557463336163872,0.0
MgCl2-NaCl,Mg,cl3936,0.4025974025974026,5.25,-0.3200264619320645,0.007054030560226125,0.0
MgCl2-NaCl,Mg,cl3936,0.4025974025974026,5.3500000000000005,-0.2811139084013763,0.00553852175099327,0.0
MgCl2-NaCl,Mg,cl3936,0.4025974025974026,5.45,-0.2290733104656255,0.006875886230480405,0.0
MgCl2-NaCl,Mg,cl3936,0.4025974025974026,5.550000000000001,-0.17662504410178714,0.005101920844841017,0.0
MgCl2-NaCl,Mg,cl3936,0.4025974025974026,5.65,-0.12541053382493006,0.0047376809796965446,0.0
MgCl2-NaCl,Mg,cl3936,0.4025974025974026,5.75,-0.07641729122761576,0.0049804542806695905,0.0
MgCl2-NaCl,Mg,cl3936,0.4025974025974026,5.8500000000000005,-0.02926774651121833,0.004636467397484196,0.0
MgCl2-NaCl,Mg,cl3936,0.4025974025974026,5.95,0.009780976328413904,0.004938488482610018,0.0
MgCl2-NaCl,Mg,cl3936,0.4025974025974026,6.050000000000001,0.041339689213377606,0.004612993988536395,0.0
MgCl2-NaCl,Mg,cl3936,0.4025974025974026,6.15,0.0715146579946353,0.005259375407356652,0.0
MgCl2-NaCl,Mg,cl3936,0.4025974025974026,6.25,0.09327721423396029,0.004047132000118314,0.0
MgCl2-NaCl,Mg,cl3936,0.4025974025974026,6.3500000000000005,0.11336214772318498,0.00341176829549156,0.0
MgCl2-NaCl,Mg,cl3936,0.4025974025974026,6.45,0.12550178517476185,0.0030632934751899593,0.0
MgCl2-NaCl,Mg,cl3936,0.4025974025974026,6.550000000000001,0.1329391712614031,0.0014009600951949857,0.0
MgCl2-NaCl,Mg,cl3936,0.4025974025974026,6.65,0.13764465360147504,0.0031787674802309074,0.0
MgCl2-NaCl,Mg,cl3936,0.4025974025974026,6.75,0.13317949554751407,0.0032321349545522803,0.0
MgCl2-NaCl,Mg,cl3936,0.4025974025974026,6.8500000000000005,0.1329748142927173,0.005305249598063734,0.0
MgCl2-NaCl,Mg,cl3936,0.4025974025974026,6.95,0.1273519377372604,0.0025069456157977427,0.0
MgCl2-NaCl,Mg,cl3936,0.4025974025974026,7.050000000000001,0.11874491322694114,0.0025645805312028516,0.0
MgCl2-NaCl,Mg,cl3936,0.4025974025974026,7.15,0.10885067418438366,0.0037036960650060945,0.0
MgCl2-NaCl,Mg,cl3936,0.4025974025974026,7.25,0.09849304660337765,0.0034970447423592855,0.0
MgCl2-NaCl,Mg,cl3936,0.4025974025974026,7.3500000000000005,0.0883061549319214,0.0032970952499416554,0.0
MgCl2-NaCl,Mg,cl3936,0.4025974025974026,7.45,0.07430833954875993,0.0035433974033545626,0.0
MgCl2-NaCl,Mg,cl3936,0.4025974025974026,7.550000000000001,0.06210608759792713,0.003219456037631119,0.0
MgCl2-NaCl,Mg,cl3936,0.4025974025974026,7.65,0.05157522144779447,0.00462353927686591,0.0
MgCl2-NaCl,Mg,cl3936,0.4025974025974026,7.75,0.03847872724655654,0.0034485596659669967,0.0
MgCl2-NaCl,Mg,cl3936,0.4025974025974026,7.8500000000000005,0.022716318084422427,0.003908821082753659,0.0
MgCl2-NaCl,Mg,cl3936,0.4025974025974026,7.95,0.009814273029650877,0.0020581862919048324,0.0
MgCl2-NaCl,Mg,cl3936,0.4025974025974026,8.05,-0.0010999598317855686,0.001693806237837023,0.0
MgCl2-NaCl,Mg,cl3936,0.4025974025974026,8.15,-0.01239600350770087,0.006419046892341852,0.0
MgCl2-NaCl,Mg,cl3936,0.4025974025974026,8.25,-0.014370318693426087,0.004047038397409261,0.0
MgCl2-NaCl,Mg,cl3936,0.4025974025974026,8.350000000000001,-0.02574769049504333,0.0028443970675129282,0.0
MgCl2-NaCl,Mg,cl3936,0.4025974025974026,8.45,-0.03165649422337591,0.004713560276362039,0.0
MgCl2-NaCl,Mg,cl3936,0.4025974025974026,8.55,-0.03544966872531141,0.005010861308900672,0.0
MgCl2-NaCl,Mg,cl3936,0.4025974025974026,8.65,-0.03202129573473256,0.004027299712572943,0.0
MgCl2-NaCl,Mg,cl3936,0.4025974025974026,8.75,-0.03152124311470317,0.001996944444136947,0.0
MgCl2-NaCl,Mg,cl3936,0.4025974025974026,8.850000000000001,-0.02895640151508827,0.0022566232292158105,0.0
MgCl2-NaCl,Mg,cl3936,0.4025974025974026,8.95,-0.022892502298926143,0.0029424382599458152,0.0
MgCl2-NaCl,Mg,cl3936,0.4025974025974026,9.05,-0.018230168773719635,0.001831980971457428,0.0
MgCl2-NaCl,Mg,cl3936,0.4025974025974026,9.15,-0.01364527561523654,0.004327551309226349,0.0
MgCl2-NaCl,Mg,cl3936,0.4025974025974026,9.25,-0.005918661745666576,0.001038923628181662,0.0
MgCl2-NaCl,Mg,cl3936,0.4025974025974026,9.350000000000001,-0.0027009479552011495,0.002827632797120805,0.0
MgCl2-NaCl,Mg,cl3936,0.4025974025974026,9.45,0.002175507073088667,0.004394984574500928,0.0
MgCl2-NaCl,Mg,cl3936,0.4025974025974026,9.55,0.006002295314157191,0.00326177634794636,0.0
MgCl2-NaCl,Mg,cl3936,0.4025974025974026,9.650000000000002,0.008857402733101094,0.002577588749171672,0.0
MgCl2-NaCl,Mg,cl3936,0.4025974025974026,9.75,0.01174887073408859,0.004565203631697294,0.0
MgCl2-NaCl,Mg,cl3936,0.4025974025974026,9.850000000000001,0.011784178192875694,0.0021736977628913946,0.0
MgCl2-NaCl,Mg,cl3936,0.4025974025974026,9.95,0.015684838807649815,0.0019699550873545995,0.0
MgCl2-NaCl,Mg,cl3936,0.4025974025974026,10.05,0.01429583769202647,0.0020300177023596442,0.0
MgCl2-NaCl,Mg,cl3936,0.4025974025974026,10.150000000000002,0.015637034486885693,0.0012803453627810578,0.0
MgCl2-NaCl,Mg,cl3936,0.4025974025974026,10.25,0.014570041363348496,0.0024600959652853333,0.0
MgCl2-NaCl,Mg,cl3936,0.4025974025974026,10.350000000000001,0.012277927369445996,0.0020375753031987402,0.0
MgCl2-NaCl,Mg,cl3936,0.4025974025974026,10.45,0.010436987326307157,0.0021129729221154385,0.0
MgCl2-NaCl,Mg,cl3936,0.4025974025974026,10.55,0.007009301930522405,0.0011955540341065055,0.0
MgCl2-NaCl,Mg,cl3936,0.4025974025974026,10.650000000000002,0.00259673260706772,0.001177991803487269,0.0
MgCl2-NaCl,Mg,cl3936,0.4025974025974026,10.75,-0.00026769690673655866,0.0006341802735692861,0.0
MgCl2-NaCl,Mg,cl3936,0.4025974025974026,10.850000000000001,-0.001292127381845587,0.0019727209661845493,0.0
MgCl2-NaCl,Mg,cl3936,0.4025974025974026,10.95,-0.006408502966496643,0.003279660531627765,0.0
MgCl2-NaCl,Mg,cl3936,0.4025974025974026,11.05,-0.008746010869710386,0.0017055683098219031,0.0
MgCl2-NaCl,Mg,cl3936,0.4025974025974026,11.150000000000002,-0.01290512208996053,0.0026885430865801856,0.0
MgCl2-NaCl,Mg,cl3936,0.4025974025974026,11.25,-0.013271823383142145,0.0019668040275762993,0.0
MgCl2-NaCl,Mg,cl3936,0.4025974025974026,11.350000000000001,-0.01622073468269747,0.0007371829485035216,0.0
MgCl2-NaCl,Mg,cl3936,0.4025974025974026,11.45,-0.016572693443992037,0.002013786840681274,0.0
MgCl2-NaCl,Mg,cl3936,0.4025974025974026,11.55,-0.018804270242746668,0.0021818236260530174,0.0
MgCl2-NaCl,Mg,cl3936,0.4025974025974026,11.650000000000002,-0.019517107750081086,0.002098960113452679,0.0
MgCl2-NaCl,Mg,cl3936,0.4025974025974026,11.75,-0.016644947079401673,0.0006821267890405071,0.0
MgCl2-NaCl,Mg,cl3936,0.4025974025974026,11.850000000000001,-0.016517282034607117,0.001929740848910103,0.0
MgCl2-NaCl,Mg,cl3936,0.4025974025974026,11.95,-0.01537249728964718,0.0018961692580463172,0.0
MgCl2-NaCl,Mg,cl3872,0.46835443037974683,0.05,nan,nan,0.0
MgCl2-NaCl,Mg,cl3872,0.46835443037974683,0.15000000000000002,nan,nan,0.0
MgCl2-NaCl,Mg,cl3872,0.46835443037974683,0.25,nan,nan,0.0
MgCl2-NaCl,Mg,cl3872,0.46835443037974683,0.35000000000000003,nan,nan,0.0
MgCl2-NaCl,Mg,cl3872,0.46835443037974683,0.45,nan,nan,0.0
MgCl2-NaCl,Mg,cl3872,0.46835443037974683,0.55,nan,nan,0.0
MgCl2-NaCl,Mg,cl3872,0.46835443037974683,0.6500000000000001,nan,nan,0.0
MgCl2-NaCl,Mg,cl3872,0.46835443037974683,0.75,nan,nan,0.0
MgCl2-NaCl,Mg,cl3872,0.46835443037974683,0.8500000000000001,nan,nan,0.0
MgCl2-NaCl,Mg,cl3872,0.46835443037974683,0.95,nan,nan,0.0
MgCl2-NaCl,Mg,cl3872,0.46835443037974683,1.05,nan,nan,0.0
MgCl2-NaCl,Mg,cl3872,0.46835443037974683,1.1500000000000001,nan,nan,0.0
MgCl2-NaCl,Mg,cl3872,0.46835443037974683,1.25,nan,nan,0.0
MgCl2-NaCl,Mg,cl3872,0.46835443037974683,1.35,nan,nan,0.0
MgCl2-NaCl,Mg,cl3872,0.46835443037974683,1.4500000000000002,nan,nan,0.0
MgCl2-NaCl,Mg,cl3872,0.46835443037974683,1.55,nan,nan,0.0
MgCl2-NaCl,Mg,cl3872,0.46835443037974683,1.6500000000000001,nan,nan,0.0
MgCl2-NaCl,Mg,cl3872,0.46835443037974683,1.75,nan,nan,0.0
MgCl2-NaCl,Mg,cl3872,0.46835443037974683,1.85,nan,nan,0.0
MgCl2-NaCl,Mg,cl3872,0.46835443037974683,1.9500000000000002,nan,nan,0.0
MgCl2-NaCl,Mg,cl3872,0.46835443037974683,2.05,nan,nan,0.0
MgCl2-NaCl,Mg,cl3872,0.46835443037974683,2.1500000000000004,nan,nan,0.0
MgCl2-NaCl,Mg,cl3872,0.46835443037974683,2.25,nan,nan,0.0
MgCl2-NaCl,Mg,cl3872,0.46835443037974683,2.3500000000000005,nan,nan,0.0
MgCl2-NaCl,Mg,cl3872,0.46835443037974683,2.45,-0.42286036036036023,1.0671452702702702,0.0
MgCl2-NaCl,Mg,cl3872,0.46835443037974683,2.55,-0.6007179054054053,0.41968351128246495,0.0
MgCl2-NaCl,Mg,cl3872,0.46835443037974683,2.6500000000000004,-0.11140475152571927,0.1787254197921196,0.0
MgCl2-NaCl,Mg,cl3872,0.46835443037974683,2.75,-0.025021114864864913,0.19749336489321628,0.0
MgCl2-NaCl,Mg,cl3872,0.46835443037974683,2.8500000000000005,0.032454954954954984,0.05395708139127743,0.0
MgCl2-NaCl,Mg,cl3872,0.46835443037974683,2.95,0.09134165105699765,0.06039959820848588,0.0
MgCl2-NaCl,Mg,cl3872,0.46835443037974683,3.05,0.09596936612253548,0.02423093546285989,0.0
MgCl2-NaCl,Mg,cl3872,0.46835443037974683,3.1500000000000004,0.09177391955287162,0.02090369672526678,0.0
MgCl2-NaCl,Mg,cl3872,0.46835443037974683,3.25,0.0734649146138644,0.01156730014292171,0.0
MgCl2-NaCl,Mg,cl3872,0.46835443037974683,3.3500000000000005,0.032878042069218516,0.010880679019667612,0.0
MgCl2-NaCl,Mg,cl3872,0.46835443037974683,3.45,-0.015290643071584231,0.006713747784363474,0.0
MgCl2-NaCl,Mg,cl3872,0.46835443037974683,3.55,-0.054510490838588055,0.006618783556416787,0.0
MgCl2-NaCl,Mg,cl3872,0.46835443037974683,3.6500000000000004,-0.0962487593436927,0.006191157934023331,0.0
MgCl2-NaCl,Mg,cl3872,0.46835443037974683,3.75,-0.12439251405702345,0.003256328668059462,0.0
MgCl2-NaCl,Mg,cl3872,0.46835443037974683,3.8500000000000005,-0.14157152469800227,0.006302807854742673,0.0
MgCl2-NaCl,Mg,cl3872,0.46835443037974683,3.95,-0.15225485434709896,0.004336232233811999,0.0
MgCl2-NaCl,Mg,cl3872,0.46835443037974683,4.050000000000001,-0.15958871157444143,0.00565505555577443,0.0
MgCl2-NaCl,Mg,cl3872,0.46835443037974683,4.15,-0.1635367382405455,0.004728012287636412,0.0
MgCl2-NaCl,Mg,cl3872,0.46835443037974683,4.25,-0.16760405881003226,0.005313022084239722,0.0
MgCl2-NaCl,Mg,cl3872,0.46835443037974683,4.35,-0.18662201514963583,0.007780734773873086,0.0
MgCl2-NaCl,Mg,cl3872,0.46835443037974683,4.45,-0.2002425446154057,0.004293133759801987,0.0
MgCl2-NaCl,Mg,cl3872,0.46835443037974683,4.550000000000001,-0.22238988068816723,0.005697877448863117,0.0
MgCl2-NaCl,Mg,cl3872,0.46835443037974683,4.65,-0.24584582444648406,0.0023161040601147134,0.0
MgCl2-NaCl,Mg,cl3872,0.46835443037974683,4.75,-0.2730659673313969,0.00343408690409708,0.0
MgCl2-NaCl,Mg,cl3872,0.46835443037974683,4.8500000000000005,-0.2998184066234777,0.003940172387645384,0.0
MgCl2-NaCl,Mg,cl3872,0.46835443037974683,4.95,-0.31315014814889675,0.005208241022797231,0.0
MgCl2-NaCl,Mg,cl3872,0.46835443037974683,5.050000000000001,-0.3169285081602844,0.004946680241235317,0.0
MgCl2-NaCl,Mg,cl3872,0.46835443037974683,5.15,-0.3007652749176657,0.009140190102282474,0.0
MgCl2-NaCl,Mg,cl3872,0.46835443037974683,5.25,-0.2701209758861398,0.0035402298399024794,0.0
MgCl2-NaCl,Mg,cl3872,0.46835443037974683,5.3500000000000005,-0.2424158952279949,0.004406433455955997,0.0
MgCl2-NaCl,Mg,cl3872,0.46835443037974683,5.45,-0.19792409886420304,0.006119505357357947,0.0
MgCl2-NaCl,Mg,cl3872,0.46835443037974683,5.550000000000001,-0.14989225346346813,0.0032397681574439486,0.0
MgCl2-NaCl,Mg,cl3872,0.46835443037974683,5.65,-0.10724189636631176,0.004378062529234067,0.0
MgCl2-NaCl,Mg,cl3872,0.46835443037974683,5.75,-0.06097590336582437,0.00219205858007185,0.0
MgCl2-NaCl,Mg,cl3872,0.46835443037974683,5.8500000000000005,-0.018472643094719077,0.003708080402224916,0.0
MgCl2-NaCl,Mg,cl3872,0.46835443037974683,5.95,0.014246125687581435,0.004716043077172849,0.0
MgCl2-NaCl,Mg,cl3872,0.46835443037974683,6.050000000000001,0.05106797647329808,0.006227133350906376,0.0
MgCl2-NaCl,Mg,cl3872,0.46835443037974683,6.15,0.07052933766830116,0.002445351306760565,0.0
MgCl2-NaCl,Mg,cl3872,0.46835443037974683,6.25,0.09634707360833794,0.004425577269588399,0.0
MgCl2-NaCl,Mg,cl3872,0.46835443037974683,6.3500000000000005,0.11316278079900743,0.004130846751670584,0.0
MgCl2-NaCl,Mg,cl3872,0.46835443037974683,6.45,0.11986167166455408,0.004638964467059313,0.0
MgCl2-NaCl,Mg,cl3872,0.46835443037974683,6.550000000000001,0.1280274140441683,0.004025611363485504,0.0
MgCl2-NaCl,Mg,cl3872,0.46835443037974683,6.65,0.1352836075132997,0.006390619463238083,0.0
MgCl2-NaCl,Mg,cl3872,0.46835443037974683,6.75,0.13226190976886532,0.0031505542758379058,0.0
MgCl2-NaCl,Mg,cl3872,0.46835443037974683,6.8500000000000005,0.13088010842646391,0.00403068367125089,0.0
MgCl2-NaCl,Mg,cl3872,0.46835443037974683,6.95,0.1267315942217082,0.0017225945118991464,0.0
MgCl2-NaCl,Mg,cl3872,0.46835443037974683,7.050000000000001,0.1180697128405035,0.0039936464713450056,0.0
MgCl2-NaCl,Mg,cl3872,0.46835443037974683,7.15,0.11041642912549743,0.00606977770999664,0.0
MgCl2-NaCl,Mg,cl3872,0.46835443037974683,7.25,0.10083058945877366,0.0027449601950584436,0.0
MgCl2-NaCl,Mg,cl3872,0.46835443037974683,7.3500000000000005,0.08950714141917926,0.0046060949525622615,0.0
MgCl2-NaCl,Mg,cl3872,0.46835443037974683,7.45,0.07756527949032854,0.004150741443699895,0.0
MgCl2-NaCl,Mg,cl3872,0.46835443037974683,7.550000000000001,0.06654784858374185,0.002299156924780166,0.0
MgCl2-NaCl,Mg,cl3872,0.46835443037974683,7.65,0.05065894936436288,0.002473970694300972,0.0
MgCl2-NaCl,Mg,cl3872,0.46835443037974683,7.75,0.04066775056434824,0.001802500981113461,0.0
MgCl2-NaCl,Mg,cl3872,0.46835443037974683,7.8500000000000005,0.026213745563505197,0.004481157760658694,0.0
MgCl2-NaCl,Mg,cl3872,0.46835443037974683,7.95,0.015976991318855105,0.0012429422201695392,0.0
MgCl2-NaCl,Mg,cl3872,0.46835443037974683,8.05,0.00490270368948631,0.0007240876695854876,0.0
MgCl2-NaCl,Mg,cl3872,0.46835443037974683,8.15,-0.004995022325037901,0.002419880742303438,0.0
MgCl2-NaCl,Mg,cl3872,0.46835443037974683,8.25,-0.01251062619590293,0.0025938046619910092,0.0
MgCl2-NaCl,Mg,cl3872,0.46835443037974683,8.350000000000001,-0.021387035589051084,0.00324215674728159,0.0
MgCl2-NaCl,Mg,cl3872,0.46835443037974683,8.45,-0.02324328486792604,0.0020681618875316213,0.0
MgCl2-NaCl,Mg,cl3872,0.46835443037974683,8.55,-0.026467370871708473,0.0023461612098199247,0.0
MgCl2-NaCl,Mg,cl3872,0.46835443037974683,8.65,-0.027603217679558423,0.002053343733269637,0.0
MgCl2-NaCl,Mg,cl3872,0.46835443037974683,8.75,-0.028381042531356426,0.0031917911148874856,0.0
MgCl2-NaCl,Mg,cl3872,0.46835443037974683,8.850000000000001,-0.025085048473768135,0.003625765068604403,0.0
MgCl2-NaCl,Mg,cl3872,0.46835443037974683,8.95,-0.024107276151133616,0.002117288489663227,0.0
MgCl2-NaCl,Mg,cl3872,0.46835443037974683,9.05,-0.019805350297675828,0.004228724384873323,0.0
MgCl2-NaCl,Mg,cl3872,0.46835443037974683,9.15,-0.017977017574019483,0.004178722352930247,0.0
MgCl2-NaCl,Mg,cl3872,0.46835443037974683,9.25,-0.013799614609927735,0.0034823064148216828,0.0
MgCl2-NaCl,Mg,cl3872,0.46835443037974683,9.350000000000001,-0.010326918760101389,0.0019213021263125708,0.0
MgCl2-NaCl,Mg,cl3872,0.46835443037974683,9.45,-0.005180334793024599,0.0030788662271799146,0.0
MgCl2-NaCl,Mg,cl3872,0.46835443037974683,9.55,-0.0019330303914437685,0.001219595466473161,0.0
MgCl2-NaCl,Mg,cl3872,0.46835443037974683,9.650000000000002,0.0031886021120810515,0.0031910676675931393,0.0
MgCl2-NaCl,Mg,cl3872,0.46835443037974683,9.75,0.00319947930481268,0.002325241962361558,0.0
MgCl2-NaCl,Mg,cl3872,0.46835443037974683,9.850000000000001,0.005730049196075115,0.0031770927754780375,0.0
MgCl2-NaCl,Mg,cl3872,0.46835443037974683,9.95,0.007421136242473758,0.003680316250928385,0.0
MgCl2-NaCl,Mg,cl3872,0.46835443037974683,10.05,0.008542580958847523,0.0021247910340538015,0.0
MgCl2-NaCl,Mg,cl3872,0.46835443037974683,10.150000000000002,0.00979642596916841,0.0026093975838151905,0.0
MgCl2-NaCl,Mg,cl3872,0.46835443037974683,10.25,0.007419607431869979,0.0031751771248807537,0.0
MgCl2-NaCl,Mg,cl3872,0.46835443037974683,10.350000000000001,0.005643325884021944,0.002038179202854202,0.0
MgCl2-NaCl,Mg,cl3872,0.46835443037974683,10.45,0.0047347318608529365,0.0032308658480670513,0.0
MgCl2-NaCl,Mg,cl3872,0.46835443037974683,10.55,0.00374765137517985,0.0021753304439149444,0.0
MgCl2-NaCl,Mg,cl3872,0.46835443037974683,10.650000000000002,0.002367733665200711,0.0034243377476886362,0.0
MgCl2-NaCl,Mg,cl3872,0.46835443037974683,10.75,-0.0005938372924212398,0.004051153964017379,0.0
MgCl2-NaCl,Mg,cl3872,0.46835443037974683,10.850000000000001,-0.001788440011428749,0.003916856117962438,0.0
MgCl2-NaCl,Mg,cl3872,0.46835443037974683,10.95,-0.004991442412117797,0.0008152767674269808,0.0
MgCl2-NaCl,Mg,cl3872,0.46835443037974683,11.05,-0.008138122156556182,0.002017618203973071,0.0
MgCl2-NaCl,Mg,cl3872,0.46835443037974683,11.150000000000002,-0.0090827296629723,0.00228286696127745,0.0
MgCl2-NaCl,Mg,cl3872,0.46835443037974683,11.25,-0.009630024169928086,0.0013984166191178008,0.0
MgCl2-NaCl,Mg,cl3872,0.46835443037974683,11.350000000000001,-0.015026421922485378,0.004321331732921703,0.0
MgCl2-NaCl,Mg,cl3872,0.46835443037974683,11.45,-0.013381149675094406,0.0028219938479825068,0.0
MgCl2-NaCl,Mg,cl3872,0.46835443037974683,11.55,-0.016841911015683886,0.0018955506775166584,0.0
MgCl2-NaCl,Mg,cl3872,0.46835443037974683,11.650000000000002,-0.014964092711496457,0.002657543664147239,0.0
MgCl2-NaCl,Mg,cl3872,0.46835443037974683,11.75,-0.015292796016638466,0.0023427371344168805,0.0
MgCl2-NaCl,Mg,cl3872,0.46835443037974683,11.850000000000001,-0.014534968633985068,0.002445595905488399,0.0
MgCl2-NaCl,Mg,cl3872,0.46835443037974683,11.95,-0.013199690294780853,0.0010941064330002067,0.0
MgCl2-NaCl,Mg,cl3808,0.5308641975308642,0.05,nan,nan,0.0
MgCl2-NaCl,Mg,cl3808,0.5308641975308642,0.15000000000000002,nan,nan,0.0
MgCl2-NaCl,Mg,cl3808,0.5308641975308642,0.25,nan,nan,0.0
MgCl2-NaCl,Mg,cl3808,0.5308641975308642,0.35000000000000003,nan,nan,0.0
MgCl2-NaCl,Mg,cl3808,0.5308641975308642,0.45,nan,nan,0.0
MgCl2-NaCl,Mg,cl3808,0.5308641975308642,0.55,nan,nan,0.0
MgCl2-NaCl,Mg,cl3808,0.5308641975308642,0.6500000000000001,nan,nan,0.0
MgCl2-NaCl,Mg,cl3808,0.5308641975308642,0.75,nan,nan,0.0
MgCl2-NaCl,Mg,cl3808,0.5308641975308642,0.8500000000000001,nan,nan,0.0
MgCl2-NaCl,Mg,cl3808,0.5308641975308642,0.95,nan,nan,0.0
MgCl2-NaCl,Mg,cl3808,0.5308641975308642,1.05,nan,nan,0.0
MgCl2-NaCl,Mg,cl3808,0.5308641975308642,1.1500000000000001,nan,nan,0.0
MgCl2-NaCl,Mg,cl3808,0.5308641975308642,1.25,nan,nan,0.0
MgCl2-NaCl,Mg,cl3808,0.5308641975308642,1.35,nan,nan,0.0
MgCl2-NaCl,Mg,cl3808,0.5308641975308642,1.4500000000000002,nan,nan,0.0
MgCl2-NaCl,Mg,cl3808,0.5308641975308642,1.55,nan,nan,0.0
MgCl2-NaCl,Mg,cl3808,0.5308641975308642,1.6500000000000001,nan,nan,0.0
MgCl2-NaCl,Mg,cl3808,0.5308641975308642,1.75,nan,nan,0.0
MgCl2-NaCl,Mg,cl3808,0.5308641975308642,1.85,nan,nan,0.0
MgCl2-NaCl,Mg,cl3808,0.5308641975308642,1.9500000000000002,nan,nan,0.0
MgCl2-NaCl,Mg,cl3808,0.5308641975308642,2.05,nan,nan,0.0
MgCl2-NaCl,Mg,cl3808,0.5308641975308642,2.1500000000000004,nan,nan,0.0
MgCl2-NaCl,Mg,cl3808,0.5308641975308642,2.25,nan,nan,0.0
MgCl2-NaCl,Mg,cl3808,0.5308641975308642,2.3500000000000005,nan,nan,0.0
MgCl2-NaCl,Mg,cl3808,0.5308641975308642,2.45,-0.8829941860465118,0.0,0.0
MgCl2-NaCl,Mg,cl3808,0.5308641975308642,2.55,-0.5185436984246061,0.34805926797467324,0.0
MgCl2-NaCl,Mg,cl3808,0.5308641975308642,2.6500000000000004,-0.3363184546136535,0.08756970826944561,0.0
MgCl2-NaCl,Mg,cl3808,0.5308641975308642,2.75,-0.14179283408736154,0.038497956578451585,0.0
MgCl2-NaCl,Mg,cl3808,0.5308641975308642,2.8500000000000005,-0.0767154463966695,0.04294095204440231,0.0
MgCl2-NaCl,Mg,cl3808,0.5308641975308642,2.95,-0.024602956471758253,0.0428218466532406,0.0
MgCl2-NaCl,Mg,cl3808,0.5308641975308642,3.05,-0.012889196437291917,0.013324488442497428,0.0
MgCl2-NaCl,Mg,cl3808,0.5308641975308642,3.1500000000000004,-0.007879710726066858,0.021577123073665393,0.0
MgCl2-NaCl,Mg,cl3808,0.5308641975308642,3.25,-0.03434821927162646,0.012616096387521048,0.0
MgCl2-NaCl,Mg,cl3808,0.5308641975308642,3.3500000000000005,-0.05127828350969077,0.008756433226147676,0.0
MgCl2-NaCl,Mg,cl3808,0.5308641975308642,3.45,-0.08550102440810492,0.004656741298821894,0.0
MgCl2-NaCl,Mg,cl3808,0.5308641975308642,3.55,-0.11874093068399039,0.003765263223527683,0.0
MgCl2-NaCl,Mg,cl3808,0.5308641975308642,3.6500000000000004,-0.1397913571443099,0.002540145206560336,0.0
MgCl2-NaCl,Mg,cl3808,0.5308641975308642,3.75,-0.1590279945284505,0.007533202982764913,0.0
MgCl2-NaCl,Mg,cl3808,0.5308641975308642,3.8500000000000005,-0.16939210213892042,0.004972710749383098,0.0
MgCl2-NaCl,Mg,cl3808,0.5308641975308642,3.95,-0.1759269048405201,0.0028105324872731447,0.0
MgCl2-NaCl,Mg,cl3808,0.5308641975308642,4.050000000000001,-0.17315412218956605,0.00644460003801154,0.0
MgCl2-NaCl,Mg,cl3808,0.5308641975308642,4.15,-0.1752752857661406,0.004037641262204097,0.0
MgCl2-NaCl,Mg,cl3808,0.5308641975308642,4.25,-0.17304175070823957,0.007526505140682861,0.0
MgCl2-NaCl,Mg,cl3808,0.5308641975308642,4.35,-0.1828509502971296,0.0026456450924927464,0.0
MgCl2-NaCl,Mg,cl3808,0.5308641975308642,4.45,-0.19795495746052016,0.004361003442130272,0.0
MgCl2-NaCl,Mg,cl3808,0.5308641975308642,4.550000000000001,-0.2093170096876087,0.00706815712122618,0.0
MgCl2-NaCl,Mg,cl3808,0.5308641975308642,4.65,-0.22598190206407698,0.00665230118936454,0.0
MgCl2-NaCl,Mg,cl3808,0.5308641975308642,4.75,-0.24582577861713029,0.0032562261740223227,0.0
MgCl2-NaCl,Mg,cl3808,0.5308641975308642,4.8500000000000005,-0.2597932253106887,0.006146589540802132,0.0
MgCl2-NaCl,Mg,cl3808,0.5308641975308642,4.95,-0.27383317779489746,0.0031739870787017167,0.0
MgCl2-NaCl,Mg,cl3808,0.5308641975308642,5.050000000000001,-0.26841413142814496,0.002718293974949644,0.0
MgCl2-NaCl,Mg,cl3808,0.5308641975308642,5.15,-0.25848895089354484,0.005856090635071946,0.0
MgCl2-NaCl,Mg,cl3808,0.5308641975308642,5.25,-0.23123784886146126,0.0030656067856935777,0.0
MgCl2-NaCl,Mg,cl3808,0.5308641975308642,5.3500000000000005,-0.20362179584316853,0.00332934995145171,0.0
MgCl2-NaCl,Mg,cl3808,0.5308641975308642,5.45,-0.16217466300673444,0.004352479333534632,0.0
MgCl2-NaCl,Mg,cl3808,0.5308641975308642,5.550000000000001,-0.1271380585127675,0.006822319604404997,0.0
MgCl2-NaCl,Mg,cl3808,0.5308641975308642,5.65,-0.08164009358977764,0.004060940849616745,0.0
MgCl2-NaCl,Mg,cl3808,0.5308641975308642,5.75,-0.04353475888713598,0.005307747226146269,0.0
MgCl2-NaCl,Mg,cl3808,0.5308641975308642,5.8500000000000005,-0.0016633374213188556,0.004495471069046226,0.0
MgCl2-NaCl,Mg,cl3808,0.5308641975308642,5.95,0.023011753941712287,0.005789052046992216,0.0
MgCl2-NaCl,Mg,cl3808,0.5308641975308642,6.050000000000001,0.05743383886582676,0.0034097889823947627,0.0
MgCl2-NaCl,Mg,cl3808,0.5308641975308642,6.15,0.07868913700441538,0.0033397166664469007,0.0
MgCl2-NaCl,Mg,cl3808,0.5308641975308642,6.25,0.09900516713320928,0.006259454646247134,0.0
MgCl2-NaCl,Mg,cl3808,0.5308641975308642,6.3500000000000005,0.11326105484794668,0.0034890723705718425,0.0
MgCl2-NaCl,Mg,cl3808,0.5308641975308642,6.45,0.1228422241523548,0.002921098671436565,0.0
MgCl2-NaCl,Mg,cl3808,0.5308641975308642,6.550000000000001,0.12783168020633684,0.0016897660887145469,0.0
MgCl2-NaCl,Mg,cl3808,0.5308641975308642,6.65,0.1341690660291316,0.004309325585200293,0.0
MgCl2-NaCl,Mg,cl3808,0.5308641975308642,6.75,0.1339409740205223,0.0037081355800741545,0.0
MgCl2-NaCl,Mg,cl3808,0.5308641975308642,6.8500000000000005,0.12990750331947876,0.003589565451156006,0.0
MgCl2-NaCl,Mg,cl3808,0.5308641975308642,6.95,0.1259608863722318,0.004646319549779567,0.0
MgCl2-NaCl,Mg,cl3808,0.5308641975308642,7.050000000000001,0.11545255523461762,0.0036707250572269087,0.0
MgCl2-NaCl,Mg,cl3808,0.5308641975308642,7.15,0.10779533798581342,0.00331334068257334,0.0
MgCl2-NaCl,Mg,cl3808,0.5308641975308642,7.25,0.09600682762318125,0.003273555311599432,0.0
MgCl2-NaCl,Mg,cl3808,0.5308641975308642,7.3500000000000005,0.09019157687570134,0.0028453102814911834,0.0
MgCl2-NaCl,Mg,cl3808,0.5308641975308642,7.45,0.07649246647468133,0.0019775879861085493,0.0
MgCl2-NaCl,Mg,cl3808,0.5308641975308642,7.550000000000001,0.06355858733447883,0.00193963764843799,0.0
MgCl2-NaCl,Mg,cl3808,0.5308641975308642,7.65,0.05391573048450793,0.0009969834502337174,0.0
MgCl2-NaCl,Mg,cl3808,0.5308641975308642,7.75,0.04187073015589593,0.0037758196312435853,0.0
MgCl2-NaCl,Mg,cl3808,0.5308641975308642,7.8500000000000005,0.031089921751842775,0.0038997678243426425,0.0
MgCl2-NaCl,Mg,cl3808,0.5308641975308642,7.95,0.019080371318247247,0.0030023132736817244,0.0
MgCl2-NaCl,Mg,cl3808,0.5308641975308642,8.05,0.008046426719337862,0.002377118363452267,0.0
MgCl2-NaCl,Mg,cl3808,0.5308641975308642,8.15,-0.0010207331329226133,0.0032859714186518276,0.0
MgCl2-NaCl,Mg,cl3808,0.5308641975308642,8.25,-0.009857565024481652,0.0008154539542769949,0.0
MgCl2-NaCl,Mg,cl3808,0.5308641975308642,8.350000000000001,-0.014548147907946563,0.002453296608073774,0.0
MgCl2-NaCl,Mg,cl3808,0.5308641975308642,8.45,-0.02318228399740274,0.0028322962672966143,0.0
MgCl2-NaCl,Mg,cl3808,0.5308641975308642,8.55,-0.025447403063086904,0.002829696046656959,0.0
MgCl2-NaCl,Mg,cl3808,0.5308641975308642,8.65,-0.030833616046094026,0.0024982403505242868,0.0
MgCl2-NaCl,Mg,cl3808,0.5308641975308642,8.75,-0.02996235614608045,0.0037020158888244952,0.0
MgCl2-NaCl,Mg,cl3808,0.5308641975308642,8.850000000000001,-0.026190553877229572,0.003175330249820931,0.0
MgCl2-NaCl,Mg,cl3808,0.5308641975308642,8.95,-0.025326494009937806,0.002791332606949778,0.0
MgCl2-NaCl,Mg,cl3808,0.5308641975308642,9.05,-0.025010591832456575,0.0014961371052467482,0.0
MgCl2-NaCl,Mg,cl3808,0.5308641975308642,9.15,-0.02003542511564893,0.0015917642800076218,0.0
MgCl2-NaCl,Mg,cl3808,0.5308641975308642,9.25,-0.017907478360611018,0.0023475297122127936,0.0
MgCl2-NaCl,Mg,cl3808,0.5308641975308642,9.350000000000001,-0.013532674936489908,0.0026311538125551545,0.0
MgCl2-NaCl,Mg,cl3808,0.5308641975308642,9.45,-0.011153187297163747,0.0026500591273308097,0.0
MgCl2-NaCl,Mg,cl3808,0.5308641975308642,9.55,-0.005705187623029628,0.0014550234990741726,0.0
MgCl2-NaCl,Mg,cl3808,0.5308641975308642,9.650000000000002,-0.004519129706082925,0.0035070716351973934,0.0
MgCl2-NaCl,Mg,cl3808,0.5308641975308642,9.75,-0.0004995749881988587,0.0023400619188697507,0.0
MgCl2-NaCl,Mg,cl3808,0.5308641975308642,9.850000000000001,0.001636630831884367,0.0015124657180358972,0.0
MgCl2-NaCl,Mg,cl3808,0.5308641975308642,9.95,0.0022902243318372317,0.0020124926817987705,0.0
MgCl2-NaCl,Mg,cl3808,0.5308641975308642,10.05,0.00313391015615494,0.0028466011622715406,0.0
MgCl2-NaCl,Mg,cl3808,0.5308641975308642,10.150000000000002,0.004518777537845353,0.0008337778559334401,0.0
MgCl2-NaCl,Mg,cl3808,0.5308641975308642,10.25,0.0038462614475535117,0.0032798781681451614,0.0
MgCl2-NaCl,Mg,cl3808,0.5308641975308642,10.350000000000001,0.004930686720284516,0.003404520217158456,0.0
MgCl2-NaCl,Mg,cl3808,0.5308641975308642,10.45,0.004575288727871274,0.002856600248995605,0.0
MgCl2-NaCl,Mg,cl3808,0.5308641975308642,10.55,0.0017016989554364814,0.0024370258265684007,0.0
MgCl2-NaCl,Mg,cl3808,0.5308641975308642,10.650000000000002,0.0019187612757463057,0.0024300375939170643,0.0
MgCl2-NaCl,Mg,cl3808,0.5308641975308642,10.75,0.0002722962782315541,0.0018067711652343204,0.0
MgCl2-NaCl,Mg,cl3808,0.5308641975308642,10.850000000000001,-0.002139061656083907,0.0017054233181986375,0.0
MgCl2-NaCl,Mg,cl3808,0.5308641975308642,10.95,-0.004532469259953986,0.0015640797901298796,0.0
MgCl2-NaCl,Mg,cl3808,0.5308641975308642,11.05,-0.00588012699403806,0.0022246508298151154,0.0
MgCl2-NaCl,Mg,cl3808,0.5308641975308642,11.150000000000002,-0.006691345966397977,0.0019590496011236236,0.0
MgCl2-NaCl,Mg,cl3808,0.5308641975308642,11.25,-0.009260029869011532,0.0007655674392651592,0.0
MgCl2-NaCl,Mg,cl3808,0.5308641975308642,11.350000000000001,-0.00929901343720796,0.0039540706291598315,0.0
MgCl2-NaCl,Mg,cl3808,0.5308641975308642,11.45,-0.01011965643048196,0.0016237178341363897,0.0
MgCl2-NaCl,Mg,cl3808,0.5308641975308642,11.55,-0.011725227967191998,0.0028524140607396895,0.0
MgCl2-NaCl,Mg,cl3808,0.5308641975308642,11.650000000000002,-0.013456819589577895,0.00210699329520077,0.0
MgCl2-NaCl,Mg,cl3808,0.5308641975308642,11.75,-0.013726041529609434,0.0017319945126077867,0.0
MgCl2-NaCl,Mg,cl3808,0.5308641975308642,11.850000000000001,-0.011374576630219568,0.003790517502021155,0.0
MgCl2-NaCl,Mg,cl3808,0.5308641975308642,11.95,-0.011229897070837103,0.001881397880631607,0.0
MgCl2-NaCl,Mg,cl3744,0.5903614457831325,0.05,nan,nan,0.0
MgCl2-NaCl,Mg,cl3744,0.5903614457831325,0.15000000000000002,nan,nan,0.0
MgCl2-NaCl,Mg,cl3744,0.5903614457831325,0.25,nan,nan,0.0
MgCl2-NaCl,Mg,cl3744,0.5903614457831325,0.35000000000000003,nan,nan,0.0
MgCl2-NaCl,Mg,cl3744,0.5903614457831325,0.45,nan,nan,0.0
MgCl2-NaCl,Mg,cl3744,0.5903614457831325,0.55,nan,nan,0.0
MgCl2-NaCl,Mg,cl3744,0.5903614457831325,0.6500000000000001,nan,nan,0.0
MgCl2-NaCl,Mg,cl3744,0.5903614457831325,0.75,nan,nan,0.0
MgCl2-NaCl,Mg,cl3744,0.5903614457831325,0.8500000000000001,nan,nan,0.0
MgCl2-NaCl,Mg,cl3744,0.5903614457831325,0.95,nan,nan,0.0
MgCl2-NaCl,Mg,cl3744,0.5903614457831325,1.05,nan,nan,0.0
MgCl2-NaCl,Mg,cl3744,0.5903614457831325,1.1500000000000001,nan,nan,0.0
MgCl2-NaCl,Mg,cl3744,0.5903614457831325,1.25,nan,nan,0.0
MgCl2-NaCl,Mg,cl3744,0.5903614457831325,1.35,nan,nan,0.0
MgCl2-NaCl,Mg,cl3744,0.5903614457831325,1.4500000000000002,nan,nan,0.0
MgCl2-NaCl,Mg,cl3744,0.5903614457831325,1.55,nan,nan,0.0
MgCl2-NaCl,Mg,cl3744,0.5903614457831325,1.6500000000000001,nan,nan,0.0
MgCl2-NaCl,Mg,cl3744,0.5903614457831325,1.75,nan,nan,0.0
MgCl2-NaCl,Mg,cl3744,0.5903614457831325,1.85,nan,nan,0.0
MgCl2-NaCl,Mg,cl3744,0.5903614457831325,1.9500000000000002,nan,nan,0.0
MgCl2-NaCl,Mg,cl3744,0.5903614457831325,2.05,nan,nan,0.0
MgCl2-NaCl,Mg,cl3744,0.5903614457831325,2.1500000000000004,nan,nan,0.0
MgCl2-NaCl,Mg,cl3744,0.5903614457831325,2.25,nan,nan,0.0
MgCl2-NaCl,Mg,cl3744,0.5903614457831325,2.3500000000000005,-0.6932397959183674,nan,0.0
MgCl2-NaCl,Mg,cl3744,0.5903614457831325,2.45,-0.6932397959183674,0.0,0.0
MgCl2-NaCl,Mg,cl3744,0.5903614457831325,2.55,-0.6085778061224489,0.15144797143525354,0.0
MgCl2-NaCl,Mg,cl3744,0.5903614457831325,2.6500000000000004,-0.38089459084604704,0.06602678459108659,0.0
MgCl2-NaCl,Mg,cl3744,0.5903614457831325,2.75,-0.23231287734441364,0.07630771495914059,0.0
MgCl2-NaCl,Mg,cl3744,0.5903614457831325,2.8500000000000005,-0.19014859269650208,0.04957325465808435,0.0
MgCl2-NaCl,Mg,cl3744,0.5903614457831325,2.95,-0.135315858676617,0.02228298872063373,0.0
MgCl2-NaCl,Mg,cl3744,0.5903614457831325,3.05,-0.11834273607092571,0.01776816172692358,0.0
MgCl2-NaCl,Mg,cl3744,0.5903614457831325,3.1500000000000004,-0.10667873752543366,0.01332078449666175,0.0
MgCl2-NaCl,Mg,cl3744,0.5903614457831325,3.25,-0.11310277775240785,0.009137413317083494,0.0
MgCl2-NaCl,Mg,cl3744,0.5903614457831325,3.3500000000000005,-0.12896108451724553,0.005318140542433174,0.0
MgCl2-NaCl,Mg,cl3744,0.5903614457831325,3.45,-0.14805535843897588,0.005593006051014137,0.0
MgCl2-NaCl,Mg,cl3744,0.5903614457831325,3.55,-0.16402617858283008,0.0039101259731963225,0.0
MgCl2-NaCl,Mg,cl3744,0.5903614457831325,3.6500000000000004,-0.1790568891438178,0.007777974915981992,0.0
MgCl2-NaCl,Mg,cl3744,0.5903614457831325,3.75,-0.18880614810058516,0.007011397597590125,0.0
MgCl2-NaCl,Mg,cl3744,0.5903614457831325,3.8500000000000005,-0.1921066851753357,0.005539506312029593,0.0
MgCl2-NaCl,Mg,cl3744,0.5903614457831325,3.95,-0.18854127255841324,0.002975033477870609,0.0
MgCl2-NaCl,Mg,cl3744,0.5903614457831325,4.050000000000001,-0.18825939867475827,0.004215114075911351,0.0
MgCl2-NaCl,Mg,cl3744,0.5903614457831325,4.15,-0.1863740856556202,0.0014696390941775438,0.0
MgCl2-NaCl,Mg,cl3744,0.5903614457831325,4.25,-0.18442204265592732,0.00493491133417013,0.0
MgCl2-NaCl,Mg,cl3744,0.5903614457831325,4.35,-0.18618722719257685,0.006691763614006284,0.0
MgCl2-NaCl,Mg,cl3744,0.5903614457831325,4.45,-0.19247815123102696,0.004912487004658317,0.0
MgCl2-NaCl,Mg,cl3744,0.5903614457831325,4.550000000000001,-0.19931736951213308,0.0030787200710113015,0.0
MgCl2-NaCl,Mg,cl3744,0.5903614457831325,4.65,-0.20733431382065715,0.002967887309876716,0.0
MgCl2-NaCl,Mg,cl3744,0.5903614457831325,4.75,-0.2212575581863745,0.005097604729651909,0.0
MgCl2-NaCl,Mg,cl3744,0.5903614457831325,4.8500000000000005,-0.22783470484644153,0.003077876142486619,0.0
MgCl2-NaCl,Mg,cl3744,0.5903614457831325,4.95,-0.23363700100460671,0.004357416983985665,0.0
MgCl2-NaCl,Mg,cl3744,0.5903614457831325,5.050000000000001,-0.22836694636116817,0.0017820454111496793,0.0
MgCl2-NaCl,Mg,cl3744,0.5903614457831325,5.15,-0.2175849520311275,0.002016003327830984,0.0
MgCl2-NaCl,Mg,cl3744,0.5903614457831325,5.25,-0.19450292734664565,0.00586403038713421,0.0
MgCl2-NaCl,Mg,cl3744,0.5903614457831325,5.3500000000000005,-0.16837740024268877,0.00430460830634955,0.0
MgCl2-NaCl,Mg,cl3744,0.5903614457831325,5.45,-0.13398049648575205,0.005277930031067329,0.0
MgCl2-NaCl,Mg,cl3744,0.5903614457831325,5.550000000000001,-0.09578655753592269,0.006066508593855832,0.0
MgCl2-NaCl,Mg,cl3744,0.5903614457831325,5.65,-0.06071616147153591,0.004337523708559269,0.0
MgCl2-NaCl,Mg,cl3744,0.5903614457831325,5.75,-0.027992938416068203,0.0019577553983477687,0.0
MgCl2-NaCl,Mg,cl3744,0.5903614457831325,5.8500000000000005,0.0017559460021403517,0.0012979660684819315,0.0
MgCl2-NaCl,Mg,cl3744,0.5903614457831325,5.95,0.03600461266741373,0.005033596808268646,0.0
MgCl2-NaCl,Mg,cl3744,0.5903614457831325,6.050000000000001,0.060947958090800225,0.006218202558426816,0.0
MgCl2-NaCl,Mg,cl3744,0.5903614457831325,6.15,0.08174899258152513,0.003477573449050946,0.0
MgCl2-NaCl,Mg,cl3744,0.5903614457831325,6.25,0.09730384366860356,0.005641565872941647,0.0
MgCl2-NaCl,Mg,cl3744,0.5903614457831325,6.3500000000000005,0.11392927694844646,0.0036233325527000276,0.0
MgCl2-NaCl,Mg,cl3744,0.5903614457831325,6.45,0.12261510600366743,0.0032749375462950273,0.0
MgCl2-NaCl,Mg,cl3744,0.5903614457831325,6.550000000000001,0.1272182317208319,0.004559905271245742,0.0
MgCl2-NaCl,Mg,cl3744,0.5903614457831325,6.65,0.12960681302902632,0.0009986206632536811,0.0
MgCl2-NaCl,Mg,cl3744,0.5903614457831325,6.75,0.13044240476827784,0.0039527444659155295,0.0
MgCl2-NaCl,Mg,cl3744,0.5903614457831325,6.8500000000000005,0.1267301064957429,0.004578838165204553,0.0
MgCl2-NaCl,Mg,cl3744,0.5903614457831325,6.95,0.12084239021889798,0.0014894081982401428,0.0
MgCl2-NaCl,Mg,cl3744,0.5903614457831325,7.050000000000001,0.11403164815967448,0.0010566612445358622,0.0
MgCl2-NaCl,Mg,cl3744,0.5903614457831325,7.15,0.1050826408839991,0.0038151842299483634,0.0
MgCl2-NaCl,Mg,cl3744,0.5903614457831325,7.25,0.09718176964337166,0.00263517861342535,0.0
MgCl2-NaCl,Mg,cl3744,0.5903614457831325,7.3500000000000005,0.08618789178400676,0.001698739833346171,0.0
MgCl2-NaCl,Mg,cl3744,0.5903614457831325,7.45,0.07478559193926126,0.0024276673679904407,0.0
MgCl2-NaCl,Mg,cl3744,0.5903614457831325,7.550000000000001,0.06372830324269496,0.002940063419656509,0.0
MgCl2-NaCl,Mg,cl3744,0.5903614457831325,7.65,0.05244729792568881,0.0015154260950053062,0.0
MgCl2-NaCl,Mg,cl3744,0.5903614457831325,7.75,0.044464314704343866,0.0014548540082153613,0.0
MgCl2-NaCl,Mg,cl3744,0.5903614457831325,7.8500000000000005,0.029557051146682833,0.003394863891502367,0.0
MgCl2-NaCl,Mg,cl3744,0.5903614457831325,7.95,0.01797663031369534,0.002974087784311978,0.0
MgCl2-NaCl,Mg,cl3744,0.5903614457831325,8.05,0.010131407614090038,0.0009905897810314492,0.0
MgCl2-NaCl,Mg,cl3744,0.5903614457831325,8.15,0.0010719320528428389,0.0026382536595428805,0.0
MgCl2-NaCl,Mg,cl3744,0.5903614457831325,8.25,-0.0086036426359557,0.0025590206840451018,0.0
MgCl2-NaCl,Mg,cl3744,0.5903614457831325,8.350000000000001,-0.01634411333194241,0.0032913900905505197,0.0
MgCl2-NaCl,Mg,cl3744,0.5903614457831325,8.45,-0.01993032288920693,0.00230632940986779,0.0
MgCl2-NaCl,Mg,cl3744,0.5903614457831325,8.55,-0.02479642927422465,0.0018503273042141707,0.0
MgCl2-NaCl,Mg,cl3744,0.5903614457831325,8.65,-0.026166414304797714,0.003494592231908646,0.0
MgCl2-NaCl,Mg,cl3744,0.5903614457831325,8.75,-0.029304284347878795,0.0019821254897147795,0.0
MgCl2-NaCl,Mg,cl3744,0.5903614457831325,8.850000000000001,-0.03076858669331517,0.003572757232275561,0.0
MgCl2-NaCl,Mg,cl3744,0.5903614457831325,8.95,-0.02932388788939111,0.002933062262065008,0.0
MgCl2-NaCl,Mg,cl3744,0.5903614457831325,9.05,-0.024423241674892404,0.0037318462427652086,0.0
MgCl2-NaCl,Mg,cl3744,0.5903614457831325,9.15,-0.023762511856450397,0.0016447160371039838,0.0
MgCl2-NaCl,Mg,cl3744,0.5903614457831325,9.25,-0.022043266168845888,0.004722053717386761,0.0
MgCl2-NaCl,Mg,cl3744,0.5903614457831325,9.350000000000001,-0.01884957539547294,0.0012443384466258134,0.0
MgCl2-NaCl,Mg,cl3744,0.5903614457831325,9.45,-0.015471285520869182,0.002709456485004607,0.0
MgCl2-NaCl,Mg,cl3744,0.5903614457831325,9.55,-0.012605855060210835,0.0027438616439617158,0.0
MgCl2-NaCl,Mg,cl3744,0.5903614457831325,9.650000000000002,-0.008360282083827775,0.0017860845175387396,0.0
MgCl2-NaCl,Mg,cl3744,0.5903614457831325,9.75,-0.0041804184581846204,0.0019902818274645847,0.0
MgCl2-NaCl,Mg,cl3744,0.5903614457831325,9.850000000000001,-0.004257400830349312,0.0013476518894305412,0.0
MgCl2-NaCl,Mg,cl3744,0.5903614457831325,9.95,-0.004166395882984508,0.002051005535067307,0.0
MgCl2-NaCl,Mg,cl3744,0.5903614457831325,10.05,-0.0019849982653170617,0.002973741962098173,0.0
MgCl2-NaCl,Mg,cl3744,0.5903614457831325,10.150000000000002,0.0017941959090785886,0.0029165288727233817,0.0
MgCl2-NaCl,Mg,cl3744,0.5903614457831325,10.25,0.0006092834096517175,0.002099200071977949,0.0
MgCl2-NaCl,Mg,cl3744,0.5903614457831325,10.350000000000001,0.0023337074215796783,0.0028521025328413657,0.0
MgCl2-NaCl,Mg,cl3744,0.5903614457831325,10.45,0.00045008142096147896,0.0010549745437132669,0.0
MgCl2-NaCl,Mg,cl3744,0.5903614457831325,10.55,0.0005304166679083178,0.0014295302194986368,0.0
MgCl2-NaCl,Mg,cl3744,0.5903614457831325,10.650000000000002,-0.0011370315975611778,0.0024508803046526012,0.0
MgCl2-NaCl,Mg,cl3744,0.5903614457831325,10.75,-0.0013803576840976106,0.0021663066959661317,0.0
MgCl2-NaCl,Mg,cl3744,0.5903614457831325,10.850000000000001,-0.0013491803310474726,0.0009206386953201488,0.0
MgCl2-NaCl,Mg,cl3744,0.5903614457831325,10.95,-0.0035167275104270868,0.0008508367650595326,0.0
MgCl2-NaCl,Mg,cl3744,0.5903614457831325,11.05,-0.0042412971388088305,0.0021415422243458984,0.0
MgCl2-NaCl,Mg,cl3744,0.5903614457831325,11.150000000000002,-0.00664526456394765,0.0017162047513244528,0.0
MgCl2-NaCl,Mg,cl3744,0.5903614457831325,11.25,-0.0069667167299412025,0.00168667077167352,0.0
MgCl2-NaCl,Mg,cl3744,0.5903614457831325,11.350000000000001,-0.009373104649936792,0.00195566553393897,0.0
MgCl2-NaCl,Mg,cl3744,0.5903614457831325,11.45,-0.009044892641986824,0.001977750842312953,0.0
MgCl2-NaCl,Mg,cl3744,0.5903614457831325,11.55,-0.008320538752440765,0.0022378607316378887,0.0
MgCl2-NaCl,Mg,cl3744,0.5903614457831325,11.650000000000002,-0.009543990739654173,0.0014914068021871423,0.0
MgCl2-NaCl,Mg,cl3744,0.5903614457831325,11.75,-0.008989305415445514,0.0013925513889150142,0.0
MgCl2-NaCl,Mg,cl3744,0.5903614457831325,11.850000000000001,-0.009407438635234966,0.002611596696763294,0.0
MgCl2-NaCl,Mg,cl3744,0.5903614457831325,11.95,-0.00861932584671199,0.0014558283607459773,0.0
MgCl2-NaCl,Mg,cl3680,0.6470588235294118,0.05,nan,nan,0.0
MgCl2-NaCl,Mg,cl3680,0.6470588235294118,0.15000000000000002,nan,nan,0.0
MgCl2-NaCl,Mg,cl3680,0.6470588235294118,0.25,nan,nan,0.0
MgCl2-NaCl,Mg,cl3680,0.6470588235294118,0.35000000000000003,nan,nan,0.0
MgCl2-NaCl,Mg,cl3680,0.6470588235294118,0.45,nan,nan,0.0
MgCl2-NaCl,Mg,cl3680,0.6470588235294118,0.55,nan,nan,0.0
MgCl2-NaCl,Mg,cl3680,0.6470588235294118,0.6500000000000001,nan,nan,0.0
MgCl2-NaCl,Mg,cl3680,0.6470588235294118,0.75,nan,nan,0.0
MgCl2-NaCl,Mg,cl3680,0.6470588235294118,0.8500000000000001,nan,nan,0.0
MgCl2-NaCl,Mg,cl3680,0.6470588235294118,0.95,nan,nan,0.0
MgCl2-NaCl,Mg,cl3680,0.6470588235294118,1.05,nan,nan,0.0
MgCl2-NaCl,Mg,cl3680,0.6470588235294118,1.1500000000000001,nan,nan,0.0
MgCl2-NaCl,Mg,cl3680,0.6470588235294118,1.25,nan,nan,0.0
MgCl2-NaCl,Mg,cl3680,0.6470588235294118,1.35,nan,nan,0.0
MgCl2-NaCl,Mg,cl3680,0.6470588235294118,1.4500000000000002,nan,nan,0.0
MgCl2-NaCl,Mg,cl3680,0.6470588235294118,1.55,nan,nan,0.0
MgCl2-NaCl,Mg,cl3680,0.6470588235294118,1.6500000000000001,nan,nan,0.0
MgCl2-NaCl,Mg,cl3680,0.6470588235294118,1.75,nan,nan,0.0
MgCl2-NaCl,Mg,cl3680,0.6470588235294118,1.85,nan,nan,0.0
MgCl2-NaCl,Mg,cl3680,0.6470588235294118,1.9500000000000002,nan,nan,0.0
MgCl2-NaCl,Mg,cl3680,0.6470588235294118,2.05,nan,nan,0.0
MgCl2-NaCl,Mg,cl3680,0.6470588235294118,2.1500000000000004,nan,nan,0.0
MgCl2-NaCl,Mg,cl3680,0.6470588235294118,2.25,nan,nan,0.0
MgCl2-NaCl,Mg,cl3680,0.6470588235294118,2.3500000000000005,-0.5448863636363634,nan,0.0
MgCl2-NaCl,Mg,cl3680,0.6470588235294118,2.45,-0.5448863636363634,0.0,0.0
MgCl2-NaCl,Mg,cl3680,0.6470588235294118,2.55,-0.5448863636363634,0.0,0.0
MgCl2-NaCl,Mg,cl3680,0.6470588235294118,2.6500000000000004,-0.30307806324110653,0.176766404742388,0.0
MgCl2-NaCl,Mg,cl3680,0.6470588235294118,2.75,-0.26232995033470075,0.08173194661793401,0.0
MgCl2-NaCl,Mg,cl3680,0.6470588235294118,2.8500000000000005,-0.2548311479012526,0.0322299229750203,0.0
MgCl2-NaCl,Mg,cl3680,0.6470588235294118,2.95,-0.19418902559193674,0.03584982004189587,0.0
MgCl2-NaCl,Mg,cl3680,0.6470588235294118,3.05,-0.17739607390300227,0.004887170871256813,0.0
MgCl2-NaCl,Mg,cl3680,0.6470588235294118,3.1500000000000004,-0.1765420862213174,0.013935337273940748,0.0
MgCl2-NaCl,Mg,cl3680,0.6470588235294118,3.25,-0.17156704040383342,0.006905329652749147,0.0
MgCl2-NaCl,Mg,cl3680,0.6470588235294118,3.3500000000000005,-0.1741912688442211,0.005193356969961752,0.0
MgCl2-NaCl,Mg,cl3680,0.6470588235294118,3.45,-0.17450819825881037,0.007438342723075884,0.0
MgCl2-NaCl,Mg,cl3680,0.6470588235294118,3.55,-0.18694096220223355,0.0038119761917538965,0.0
MgCl2-NaCl,Mg,cl3680,0.6470588235294118,3.6500000000000004,-0.19155716040639126,0.005857121197498178,0.0
MgCl2-NaCl,Mg,cl3680,0.6470588235294118,3.75,-0.19495566272557552,0.0028742105884152947,0.0
MgCl2-NaCl,Mg,cl3680,0.6470588235294118,3.8500000000000005,-0.19393904524059247,0.0031484392182292323,0.0
MgCl2-NaCl,Mg,cl3680,0.6470588235294118,3.95,-0.19289872855155354,0.006280980153678714,0.0
MgCl2-NaCl,Mg,cl3680,0.6470588235294118,4.050000000000001,-0.18642880120532324,0.002009590490842983,0.0
MgCl2-NaCl,Mg,cl3680,0.6470588235294118,4.15,-0.18660788937656103,0.0027919528474518,0.0
MgCl2-NaCl,Mg,cl3680,0.6470588235294118,4.25,-0.18202730142396617,0.003556727330477629,0.0
MgCl2-NaCl,Mg,cl3680,0.6470588235294118,4.35,-0.18041828279418382,0.0037538827502490183,0.0
MgCl2-NaCl,Mg,cl3680,0.6470588235294118,4.45,-0.1828666582295968,0.004131719907686425,0.0
MgCl2-NaCl,Mg,cl3680,0.6470588235294118,4.550000000000001,-0.18762069828378647,0.004452700749742618,0.0
MgCl2-NaCl,Mg,cl3680,0.6470588235294118,4.65,-0.19268983237192816,0.003219957553230339,0.0
MgCl2-NaCl,Mg,cl3680,0.6470588235294118,4.75,-0.19777360319598136,0.0036188227482041317,0.0
MgCl2-NaCl,Mg,cl3680,0.6470588235294118,4.8500000000000005,-0.20576836123906195,0.002531131906256907,0.0
MgCl2-NaCl,Mg,cl3680,0.6470588235294118,4.95,-0.20396414856918788,0.003547228838985347,0.0
MgCl2-NaCl,Mg,cl3680,0.6470588235294118,5.050000000000001,-0.19727269410900594,0.0060803344630668285,0.0
MgCl2-NaCl,Mg,cl3680,0.6470588235294118,5.15,-0.18730239664435144,0.0042972575024979925,0.0
MgCl2-NaCl,Mg,cl3680,0.6470588235294118,5.25,-0.1683320738814631,0.002809108453266694,0.0
MgCl2-NaCl,Mg,cl3680,0.6470588235294118,5.3500000000000005,-0.1440060642057479,0.004148224753786747,0.0
MgCl2-NaCl,Mg,cl3680,0.6470588235294118,5.45,-0.11576543755623114,0.005038443847034447,0.0
MgCl2-NaCl,Mg,cl3680,0.6470588235294118,5.550000000000001,-0.07873867908943977,0.004579307473977905,0.0
MgCl2-NaCl,Mg,cl3680,0.6470588235294118,5.65,-0.04956191519579756,0.005733644439300151,0.0
MgCl2-NaCl,Mg,cl3680,0.6470588235294118,5.75,-0.019606436670670746,0.002810134795715617,0.0
MgCl2-NaCl,Mg,cl3680,0.6470588235294118,5.8500000000000005,0.013072967845666139,0.007034577107094337,0.0
MgCl2-NaCl,Mg,cl3680,0.6470588235294118,5.95,0.042514311707203434,0.005037401519142211,0.0
MgCl2-NaCl,Mg,cl3680,0.6470588235294118,6.050000000000001,0.06534402121350447,0.004125105112781711,0.0
MgCl2-NaCl,Mg,cl3680,0.6470588235294118,6.15,0.08375078411723469,0.004703940812661469,0.0
MgCl2-NaCl,Mg,cl3680,0.6470588235294118,6.25,0.10027722564714658,0.0024308689487990928,0.0
MgCl2-NaCl,Mg,cl3680,0.6470588235294118,6.3500000000000005,0.11105844193585035,0.004031230387605472,0.0
MgCl2-NaCl,Mg,cl3680,0.6470588235294118,6.45,0.11856551152964556,0.003479583558002158,0.0
MgCl2-NaCl,Mg,cl3680,0.6470588235294118,6.550000000000001,0.12330780504499694,0.003949824820492053,0.0
MgCl2-NaCl,Mg,cl3680,0.6470588235294118,6.65,0.12266175961730796,0.00341789418217809,0.0
MgCl2-NaCl,Mg,cl3680,0.6470588235294118,6.75,0.12539597654581414,0.003183535720917371,0.0
MgCl2-NaCl,Mg,cl3680,0.6470588235294118,6.8500000000000005,0.12033118939673826,0.0023351708994815224,0.0
MgCl2-NaCl,Mg,cl3680,0.6470588235294118,6.95,0.11742971853661421,0.0016100384714269496,0.0
MgCl2-NaCl,Mg,cl3680,0.6470588235294118,7.050000000000001,0.1095288630584429,0.002804425143621013,0.0
MgCl2-NaCl,Mg,cl3680,0.6470588235294118,7.15,0.10005368157415229,0.004637224326211123,0.0
MgCl2-NaCl,Mg,cl3680,0.6470588235294118,7.25,0.0908786043523756,0.002582315388029331,0.0
MgCl2-NaCl,Mg,cl3680,0.6470588235294118,7.3500000000000005,0.08226092649709837,0.002997122180644448,0.0
MgCl2-NaCl,Mg,cl3680,0.6470588235294118,7.45,0.07169436198895152,0.0024505583163344476,0.0
MgCl2-NaCl,Mg,cl3680,0.6470588235294118,7.550000000000001,0.06256848792072278,0.00192115265791919,0.0
MgCl2-NaCl,Mg,cl3680,0.6470588235294118,7.65,0.052343285510482396,0.0037132269015759077,0.0
MgCl2-NaCl,Mg,cl3680,0.6470588235294118,7.75,0.038241322861283455,0.0014311125725226055,0.0
MgCl2-NaCl,Mg,cl3680,0.6470588235294118,7.8500000000000005,0.030242812232586735,0.002177146741023397,0.0
MgCl2-NaCl,Mg,cl3680,0.6470588235294118,7.95,0.02023428736728572,0.002941093593905107,0.0
MgCl2-NaCl,Mg,cl3680,0.6470588235294118,8.05,0.01028122262000608,0.0030308697730562985,0.0
MgCl2-NaCl,Mg,cl3680,0.6470588235294118,8.15,0.0024146165118226204,0.0010999699170611387,0.0
MgCl2-NaCl,Mg,cl3680,0.6470588235294118,8.25,-0.007000113330311031,0.0025880900977565922,0.0
MgCl2-NaCl,Mg,cl3680,0.6470588235294118,8.350000000000001,-0.012573022198627326,0.003177881169636907,0.0
MgCl2-NaCl,Mg,cl3680,0.6470588235294118,8.45,-0.01783761587061994,0.0023659776514221957,0.0
MgCl2-NaCl,Mg,cl3680,0.6470588235294118,8.55,-0.023375732413098982,0.003562283282556895,0.0
MgCl2-NaCl,Mg,cl3680,0.6470588235294118,8.65,-0.02653689397419301,0.0025249658684609357,0.0
MgCl2-NaCl,Mg,cl3680,0.6470588235294118,8.75,-0.026330666010244475,0.0017272802445047041,0.0
MgCl2-NaCl,Mg,cl3680,0.6470588235294118,8.850000000000001,-0.028393668132257632,0.00312585677049564,0.0
MgCl2-NaCl,Mg,cl3680,0.6470588235294118,8.95,-0.02810608042083418,0.0020856007476380972,0.0
MgCl2-NaCl,Mg,cl3680,0.6470588235294118,9.05,-0.025590957631183686,0.0027477746457846733,0.0
MgCl2-NaCl,Mg,cl3680,0.6470588235294118,9.15,-0.025036871338401934,0.0021700028174529602,0.0
MgCl2-NaCl,Mg,cl3680,0.6470588235294118,9.25,-0.02290454712962986,0.0011626304173178357,0.0
MgCl2-NaCl,Mg,cl3680,0.6470588235294118,9.350000000000001,-0.018750514888770775,0.001748402486248842,0.0
MgCl2-NaCl,Mg,cl3680,0.6470588235294118,9.45,-0.016705243282431725,0.002522933964725671,0.0
MgCl2-NaCl,Mg,cl3680,0.6470588235294118,9.55,-0.01372274930856765,0.0022369382448662045,0.0
MgCl2-NaCl,Mg,cl3680,0.6470588235294118,9.650000000000002,-0.011895320594010883,0.0022913246007331012,0.0
MgCl2-NaCl,Mg,cl3680,0.6470588235294118,9.75,-0.01009125256186083,0.0013561742497932635,0.0
MgCl2-NaCl,Mg,cl3680,0.6470588235294118,9.850000000000001,-0.007365445464637244,0.0016056078969664855,0.0
MgCl2-NaCl,Mg,cl3680,0.6470588235294118,9.95,-0.0064829136130790666,0.0016791269512750281,0.0
MgCl2-NaCl,Mg,cl3680,0.6470588235294118,10.05,-0.004262877248637942,0.0028861937277905405,0.0
MgCl2-NaCl,Mg,cl3680,0.6470588235294118,10.150000000000002,-0.0021453822399046807,0.0016510992388416243,0.0
MgCl2-NaCl,Mg,cl3680,0.6470588235294118,10.25,-0.0011689717101290853,0.001345787229435887,0.0
MgCl2-NaCl,Mg,cl3680,0.6470588235294118,10.350000000000001,-0.0008578841480584298,0.0017327734265210719,0.0
MgCl2-NaCl,Mg,cl3680,0.6470588235294118,10.45,-0.0005567561324815173,0.0015751536317834965,0.0
MgCl2-NaCl,Mg,cl3680,0.6470588235294118,10.55,-0.0011872887003174792,0.0014885299606946377,0.0
MgCl2-NaCl,Mg,cl3680,0.6470588235294118,10.650000000000002,-0.00046801955400610495,0.0009821117780570256,0.0
MgCl2-NaCl,Mg,cl3680,0.6470588235294118,10.75,-0.001597891163530596,0.0010406851886146041,0.0
MgCl2-NaCl,Mg,cl3680,0.6470588235294118,10.850000000000001,-0.0025808155890201245,0.0015338312403462284,0.0
MgCl2-NaCl,Mg,cl3680,0.6470588235294118,10.95,-0.0027488530773160935,0.0019227252268369974,0.0
MgCl2-NaCl,Mg,cl3680,0.6470588235294118,11.05,-0.004374135371486121,0.002176054236816905,0.0
MgCl2-NaCl,Mg,cl3680,0.6470588235294118,11.150000000000002,-0.005378500933922004,0.0006999012262776677,0.0
MgCl2-NaCl,Mg,cl3680,0.6470588235294118,11.25,-0.0061100302517982374,0.0010309268528459344,0.0
MgCl2-NaCl,Mg,cl3680,0.6470588235294118,11.350000000000001,-0.004585848753087429,0.0028647978449600157,0.0
MgCl2-NaCl,Mg,cl3680,0.6470588235294118,11.45,-0.007478738494970161,0.002044699273242966,0.0
MgCl2-NaCl,Mg,cl3680,0.6470588235294118,11.55,-0.008433017027746903,0.0010262468617528876,0.0
MgCl2-NaCl,Mg,cl3680,0.6470588235294118,11.650000000000002,-0.006823019117260909,0.0017449773717835733,0.0
MgCl2-NaCl,Mg,cl3680,0.6470588235294118,11.75,-0.006577491983817518,0.0011280968527161912,0.0
MgCl2-NaCl,Mg,cl3680,0.6470588235294118,11.850000000000001,-0.007261944175012802,0.0025920162196716545,0.0
MgCl2-NaCl,Mg,cl3680,0.6470588235294118,11.95,-0.0071848865228476555,0.0019638851901750526,0.0
MgCl2-NaCl,Mg,cl3616,0.7011494252873564,0.05,nan,nan,0.0
MgCl2-NaCl,Mg,cl3616,0.7011494252873564,0.15000000000000002,nan,nan,0.0
MgCl2-NaCl,Mg,cl3616,0.7011494252873564,0.25,nan,nan,0.0
MgCl2-NaCl,Mg,cl3616,0.7011494252873564,0.35000000000000003,nan,nan,0.0
MgCl2-NaCl,Mg,cl3616,0.7011494252873564,0.45,nan,nan,0.0
MgCl2-NaCl,Mg,cl3616,0.7011494252873564,0.55,nan,nan,0.0
MgCl2-NaCl,Mg,cl3616,0.7011494252873564,0.6500000000000001,nan,nan,0.0
MgCl2-NaCl,Mg,cl3616,0.7011494252873564,0.75,nan,nan,0.0
MgCl2-NaCl,Mg,cl3616,0.7011494252873564,0.8500000000000001,nan,nan,0.0
MgCl2-NaCl,Mg,cl3616,0.7011494252873564,0.95,nan,nan,0.0
MgCl2-NaCl,Mg,cl3616,0.7011494252873564,1.05,nan,nan,0.0
MgCl2-NaCl,Mg,cl3616,0.7011494252873564,1.1500000000000001,nan,nan,0.0
MgCl2-NaCl,Mg,cl3616,0.7011494252873564,1.25,nan,nan,0.0
MgCl2-NaCl,Mg,cl3616,0.7011494252873564,1.35,nan,nan,0.0
MgCl2-NaCl,Mg,cl3616,0.7011494252873564,1.4500000000000002,nan,nan,0.0
MgCl2-NaCl,Mg,cl3616,0.7011494252873564,1.55,nan,nan,0.0
MgCl2-NaCl,Mg,cl3616,0.7011494252873564,1.6500000000000001,nan,nan,0.0
MgCl2-NaCl,Mg,cl3616,0.7011494252873564,1.75,nan,nan,0.0
MgCl2-NaCl,Mg,cl3616,0.7011494252873564,1.85,nan,nan,0.0
MgCl2-NaCl,Mg,cl3616,0.7011494252873564,1.9500000000000002,nan,nan,0.0
MgCl2-NaCl,Mg,cl3616,0.7011494252873564,2.05,nan,nan,0.0
MgCl2-NaCl,Mg,cl3616,0.7011494252873564,2.1500000000000004,nan,nan,0.0
MgCl2-NaCl,Mg,cl3616,0.7011494252873564,2.25,nan,nan,0.0
MgCl2-NaCl,Mg,cl3616,0.7011494252873564,2.3500000000000005,nan,nan,0.0
MgCl2-NaCl,Mg,cl3616,0.7011494252873564,2.45,-0.42571721311475397,0.0,0.0
MgCl2-NaCl,Mg,cl3616,0.7011494252873564,2.55,-0.42571721311475397,0.0,0.0
MgCl2-NaCl,Mg,cl3616,0.7011494252873564,2.6500000000000004,-0.3095954491506563,0.08668224129883921,0.0
MgCl2-NaCl,Mg,cl3616,0.7011494252873564,2.75,-0.2639603789091223,0.03167859841280774,0.0
MgCl2-NaCl,Mg,cl3616,0.7011494252873564,2.8500000000000005,-0.2714511272279918,0.023275396046522904,0.0
MgCl2-NaCl,Mg,cl3616,0.7011494252873564,2.95,-0.21086057127025515,0.020520493914650155,0.0
MgCl2-NaCl,Mg,cl3616,0.7011494252873564,3.05,-0.20836803547153404,0.01910989997686644,0.0
MgCl2-NaCl,Mg,cl3616,0.7011494252873564,3.1500000000000004,-0.19844676593564348,0.00701657804502521,0.0
MgCl2-NaCl,Mg,cl3616,0.7011494252873564,3.25,-0.19204562689189464,0.007261468423053288,0.0
MgCl2-NaCl,Mg,cl3616,0.7011494252873564,3.3500000000000005,-0.1933928782910208,0.005369480339582008,0.0
MgCl2-NaCl,Mg,cl3616,0.7011494252873564,3.45,-0.19439446286112472,0.006031539718145832,0.0
MgCl2-NaCl,Mg,cl3616,0.7011494252873564,3.55,-0.19382609989730581,0.005739696786359964,0.0
MgCl2-NaCl,Mg,cl3616,0.7011494252873564,3.6500000000000004,-0.1944501159466292,0.0035532014039823317,0.0
MgCl2-NaCl,Mg,cl3616,0.7011494252873564,3.75,-0.19437844632646573,0.003049471498746092,0.0
MgCl2-NaCl,Mg,cl3616,0.7011494252873564,3.8500000000000005,-0.19351005318663428,0.002513704117988164,0.0
MgCl2-NaCl,Mg,cl3616,0.7011494252873564,3.95,-0.18684290804195358,0.003705805346226638,0.0
MgCl2-NaCl,Mg,cl3616,0.7011494252873564,4.050000000000001,-0.17936225121792715,0.004243951385363766,0.0
MgCl2-NaCl,Mg,cl3616,0.7011494252873564,4.15,-0.17534065771281826,0.001899587392849445,0.0
MgCl2-NaCl,Mg,cl3616,0.7011494252873564,4.25,-0.17327549970178602,0.0032109732702236236,0.0
MgCl2-NaCl,Mg,cl3616,0.7011494252873564,4.35,-0.16933116947953586,0.0037736642305904833,0.0
MgCl2-NaCl,Mg,cl3616,0.7011494252873564,4.45,-0.1707948127318415,0.0034236529616820588,0.0
MgCl2-NaCl,Mg,cl3616,0.7011494252873564,4.550000000000001,-0.1693164936572895,0.004200827445392176,0.0
MgCl2-NaCl,Mg,cl3616,0.7011494252873564,4.65,-0.17167645455825875,0.0042818416520535064,0.0
MgCl2-NaCl,Mg,cl3616,0.7011494252873564,4.75,-0.17780514311572948,0.002335829715387283,0.0
MgCl2-NaCl,Mg,cl3616,0.7011494252873564,4.8500000000000005,-0.17790766828088733,0.003217417142789194,0.0
MgCl2-NaCl,Mg,cl3616,0.7011494252873564,4.95,-0.17306235974603368,0.0032269540695961945,0.0
MgCl2-NaCl,Mg,cl3616,0.7011494252873564,5.050000000000001,-0.16649812248298534,0.0014803950944290989,0.0
MgCl2-NaCl,Mg,cl3616,0.7011494252873564,5.15,-0.15600506268081005,0.001425256689132258,0.0
MgCl2-NaCl,Mg,cl3616,0.7011494252873564,5.25,-0.13865263600886069,0.003972837662250677,0.0
MgCl2-NaCl,Mg,cl3616,0.7011494252873564,5.3500000000000005,-0.11832566885059248,0.003248872449292996,0.0
MgCl2-NaCl,Mg,cl3616,0.7011494252873564,5.45,-0.09045257274363894,0.0037071701062610855,0.0
MgCl2-NaCl,Mg,cl3616,0.7011494252873564,5.550000000000001,-0.0640430712141391,0.005016900841757279,0.0
MgCl2-NaCl,Mg,cl3616,0.7011494252873564,5.65,-0.03436835235148905,0.002634496848172972,0.0
MgCl2-NaCl,Mg,cl3616,0.7011494252873564,5.75,-0.009540208613652679,0.004177133292377248,0.0
MgCl2-NaCl,Mg,cl3616,0.7011494252873564,5.8500000000000005,0.017226865561448812,0.001791022920790579,0.0
MgCl2-NaCl,Mg,cl3616,0.7011494252873564,5.95,0.0390861811105464,0.004845603496690577,0.0
MgCl2-NaCl,Mg,cl3616,0.7011494252873564,6.050000000000001,0.06407358878525804,0.004597891705425638,0.0
MgCl2-NaCl,Mg,cl3616,0.7011494252873564,6.15,0.0797019391136552,0.00349749203807759,0.0
MgCl2-NaCl,Mg,cl3616,0.7011494252873564,6.25,0.08877563699430158,0.003940237547861588,0.0
MgCl2-NaCl,Mg,cl3616,0.7011494252873564,6.3500000000000005,0.10165679366777347,0.004936396925670844,0.0
MgCl2-NaCl,Mg,cl3616,0.7011494252873564,6.45,0.11011203485409671,0.0035002571599928754,0.0
MgCl2-NaCl,Mg,cl3616,0.7011494252873564,6.550000000000001,0.1135434685486505,0.00382918865635835,0.0
MgCl2-NaCl,Mg,cl3616,0.7011494252873564,6.65,0.11354581219346749,0.00427362076135188,0.0
MgCl2-NaCl,Mg,cl3616,0.7011494252873564,6.75,0.11424266090554425,0.0020595151641218303,0.0
MgCl2-NaCl,Mg,cl3616,0.7011494252873564,6.8500000000000005,0.11006466236527235,0.001336267447584134,0.0
MgCl2-NaCl,Mg,cl3616,0.7011494252873564,6.95,0.10314192600553251,0.0021970310708473097,0.0
MgCl2-NaCl,Mg,cl3616,0.7011494252873564,7.050000000000001,0.09790063732307519,0.0030100032362885996,0.0
MgCl2-NaCl,Mg,cl3616,0.7011494252873564,7.15,0.08906857162240855,0.0050942492960485575,0.0
MgCl2-NaCl,Mg,cl3616,0.7011494252873564,7.25,0.08081678477053278,0.0025448814681705216,0.0
MgCl2-NaCl,Mg,cl3616,0.7011494252873564,7.3500000000000005,0.07124508116577377,0.0034691505697106825,0.0
MgCl2-NaCl,Mg,cl3616,0.7011494252873564,7.45,0.061196815599516174,0.0009686041414934333,0.0
MgCl2-NaCl,Mg,cl3616,0.7011494252873564,7.550000000000001,0.055284150516534014,0.003234508979573105,0.0
MgCl2-NaCl,Mg,cl3616,0.7011494252873564,7.65,0.04395115583698572,0.0015951037333320965,0.0
MgCl2-NaCl,Mg,cl3616,0.7011494252873564,7.75,0.0341452721473281,0.0019967260194651013,0.0
MgCl2-NaCl,Mg,cl3616,0.7011494252873564,7.8500000000000005,0.024473350994047127,0.0029623630132927597,0.0
MgCl2-NaCl,Mg,cl3616,0.7011494252873564,7.95,0.014956643658326163,0.0029777871043730046,0.0
MgCl2-NaCl,Mg,cl3616,0.7011494252873564,8.05,0.007490003281699353,0.0015438984609672127,0.0
MgCl2-NaCl,Mg,cl3616,0.7011494252873564,8.15,0.00029461853511125735,0.0029079836166773197,0.0
MgCl2-NaCl,Mg,cl3616,0.7011494252873564,8.25,-0.007408578259877396,0.002372312972524557,0.0
MgCl2-NaCl,Mg,cl3616,0.7011494252873564,8.350000000000001,-0.012966241379936738,0.0020195677326965114,0.0
MgCl2-NaCl,Mg,cl3616,0.7011494252873564,8.45,-0.017291346900412785,0.001469328165059733,0.0
MgCl2-NaCl,Mg,cl3616,0.7011494252873564,8.55,-0.022047049944027508,0.002188527377248199,0.0
MgCl2-NaCl,Mg,cl3616,0.7011494252873564,8.65,-0.023246098300776286,0.002175757635421699,0.0
MgCl2-NaCl,Mg,cl3616,0.7011494252873564,8.75,-0.02735111779281807,0.0023527925131116754,0.0
MgCl2-NaCl,Mg,cl3616,0.7011494252873564,8.850000000000001,-0.027023758716450574,0.004240351462530821,0.0
MgCl2-NaCl,Mg,cl3616,0.7011494252873564,8.95,-0.02560364609472776,0.000734237342323989,0.0
MgCl2-NaCl,Mg,cl3616,0.7011494252873564,9.05,-0.02462245296423138,0.0005867324697724288,0.0
MgCl2-NaCl,Mg,cl3616,0.7011494252873564,9.15,-0.02572660539126259,0.0016940452387092105,0.0
MgCl2-NaCl,Mg,cl3616,0.7011494252873564,9.25,-0.023968720072108596,0.0017251309637988843,0.0
MgCl2-NaCl,Mg,cl3616,0.7011494252873564,9.350000000000001,-0.020952107024054145,0.0015981692525809737,0.0
MgCl2-NaCl,Mg,cl3616,0.7011494252873564,9.45,-0.016592438353613792,0.0023212791523125444,0.0
MgCl2-NaCl,Mg,cl3616,0.7011494252873564,9.55,-0.015118081299456465,0.0021187697359649235,0.0
MgCl2-NaCl,Mg,cl3616,0.7011494252873564,9.650000000000002,-0.013371917064697314,0.0018716505505990784,0.0
MgCl2-NaCl,Mg,cl3616,0.7011494252873564,9.75,-0.009412452320586295,0.0023507053305808715,0.0
MgCl2-NaCl,Mg,cl3616,0.7011494252873564,9.850000000000001,-0.00777472208113128,0.0024518664035098003,0.0
MgCl2-NaCl,Mg,cl3616,0.7011494252873564,9.95,-0.007128782260900524,0.001560329318130445,0.0
MgCl2-NaCl,Mg,cl3616,0.7011494252873564,10.05,-0.002788318991375993,0.0017479821033205244,0.0
MgCl2-NaCl,Mg,cl3616,0.7011494252873564,10.150000000000002,-0.0024936196503808628,0.0014038018989885423,0.0
MgCl2-NaCl,Mg,cl3616,0.7011494252873564,10.25,-0.0007972608651205526,0.0020716917938456286,0.0
MgCl2-NaCl,Mg,cl3616,0.7011494252873564,10.350000000000001,0.0012146508593210426,0.0018947437186113388,0.0
MgCl2-NaCl,Mg,cl3616,0.7011494252873564,10.45,-0.001773685693736038,0.001201336807292275,0.0
MgCl2-NaCl,Mg,cl3616,0.7011494252873564,10.55,9.686023226185281e-05,0.0007080430919902338,0.0
MgCl2-NaCl,Mg,cl3616,0.7011494252873564,10.650000000000002,0.0008111502290119033,0.0010637765439904415,0.0
MgCl2-NaCl,Mg,cl3616,0.7011494252873564,10.75,-0.0007632228885117165,0.0013901199401680866,0.0
MgCl2-NaCl,Mg,cl3616,0.7011494252873564,10.850000000000001,-0.0021786559452228182,0.002874242979565167,0.0
MgCl2-NaCl,Mg,cl3616,0.7011494252873564,10.95,-0.001058397710705039,0.0018442075380719243,0.0
MgCl2-NaCl,Mg,cl3616,0.7011494252873564,11.05,-0.0007458045237414002,0.0016768003621712567,0.0
MgCl2-NaCl,Mg,cl3616,0.7011494252873564,11.150000000000002,-0.0029296876224427226,0.0016445703693408053,0.0
MgCl2-NaCl,Mg,cl3616,0.7011494252873564,11.25,-0.0015769618836394272,0.0007237048134144585,0.0
MgCl2-NaCl,Mg,cl3616,0.7011494252873564,11.350000000000001,-0.004583180619200267,0.0022650700692381474,0.0
MgCl2-NaCl,Mg,cl3616,0.7011494252873564,11.45,-0.004912386527550661,0.0016404736093796476,0.0
MgCl2-NaCl,Mg,cl3616,0.7011494252873564,11.55,-0.004920166424552841,0.002864085928825328,0.0
MgCl2-NaCl,Mg,cl3616,0.7011494252873564,11.650000000000002,-0.005946364907409185,0.0022648228226760598,0.0
MgCl2-NaCl,Mg,cl3616,0.7011494252873564,11.75,-0.005214341466997396,0.0009097368450876122,0.0
MgCl2-NaCl,Mg,cl3616,0.7011494252873564,11.850000000000001,-0.005051730842646096,0.0008933758192912146,0.0
MgCl2-NaCl,Mg,cl3616,0.7011494252873564,11.95,-0.004978090024398307,0.0018416127341998338,0.0
MgCl2-NaCl,Mg,cl3552,0.7528089887640449,0.05,nan,nan,0.0
MgCl2-NaCl,Mg,cl3552,0.7528089887640449,0.15000000000000002,nan,nan,0.0
MgCl2-NaCl,Mg,cl3552,0.7528089887640449,0.25,nan,nan,0.0
MgCl2-NaCl,Mg,cl3552,0.7528089887640449,0.35000000000000003,nan,nan,0.0
MgCl2-NaCl,Mg,cl3552,0.7528089887640449,0.45,nan,nan,0.0
MgCl2-NaCl,Mg,cl3552,0.7528089887640449,0.55,nan,nan,0.0
MgCl2-NaCl,Mg,cl3552,0.7528089887640449,0.6500000000000001,nan,nan,0.0
MgCl2-NaCl,Mg,cl3552,0.7528089887640449,0.75,nan,nan,0.0
MgCl2-NaCl,Mg,cl3552,0.7528089887640449,0.8500000000000001,nan,nan,0.0
MgCl2-NaCl,Mg,cl3552,0.7528089887640449,0.95,nan,nan,0.0
MgCl2-NaCl,Mg,cl3552,0.7528089887640449,1.05,nan,nan,0.0
MgCl2-NaCl,Mg,cl3552,0.7528089887640449,1.1500000000000001,nan,nan,0.0
MgCl2-NaCl,Mg,cl3552,0.7528089887640449,1.25,nan,nan,0.0
MgCl2-NaCl,Mg,cl3552,0.7528089887640449,1.35,nan,nan,0.0
MgCl2-NaCl,Mg,cl3552,0.7528089887640449,1.4500000000000002,nan,nan,0.0
MgCl2-NaCl,Mg,cl3552,0.7528089887640449,1.55,nan,nan,0.0
MgCl2-NaCl,Mg,cl3552,0.7528089887640449,1.6500000000000001,nan,nan,0.0
MgCl2-NaCl,Mg,cl3552,0.7528089887640449,1.75,nan,nan,0.0
MgCl2-NaCl,Mg,cl3552,0.7528089887640449,1.85,nan,nan,0.0
MgCl2-NaCl,Mg,cl3552,0.7528089887640449,1.9500000000000002,nan,nan,0.0
MgCl2-NaCl,Mg,cl3552,0.7528089887640449,2.05,nan,nan,0.0
MgCl2-NaCl,Mg,cl3552,0.7528089887640449,2.1500000000000004,nan,nan,0.0
MgCl2-NaCl,Mg,cl3552,0.7528089887640449,2.25,nan,nan,0.0
MgCl2-NaCl,Mg,cl3552,0.7528089887640449,2.3500000000000005,-0.32789179104477606,nan,0.0
MgCl2-NaCl,Mg,cl3552,0.7528089887640449,2.45,-0.32789179104477606,0.0,0.0
MgCl2-NaCl,Mg,cl3552,0.7528089887640449,2.55,-0.19834137240626148,0.2159459135665502,0.0
MgCl2-NaCl,Mg,cl3552,0.7528089887640449,2.6500000000000004,-0.24222135291285496,0.05583475298118833,0.0
MgCl2-NaCl,Mg,cl3552,0.7528089887640449,2.75,-0.22924840085287834,0.020532759517610043,0.0
MgCl2-NaCl,Mg,cl3552,0.7528089887640449,2.8500000000000005,-0.23277418867022104,0.021077401611382583,0.0
MgCl2-NaCl,Mg,cl3552,0.7528089887640449,2.95,-0.20859191345230976,0.016490011989119868,0.0
MgCl2-NaCl,Mg,cl3552,0.7528089887640449,3.05,-0.202329233932379,0.0037345221595750434,0.0
MgCl2-NaCl,Mg,cl3552,0.7528089887640449,3.1500000000000004,-0.18747885714737023,0.003352033280912444,0.0
MgCl2-NaCl,Mg,cl3552,0.7528089887640449,3.25,-0.18199672598817296,0.0028912189654952823,0.0
MgCl2-NaCl,Mg,cl3552,0.7528089887640449,3.3500000000000005,-0.18167704281969055,0.005510588662049588,0.0
MgCl2-NaCl,Mg,cl3552,0.7528089887640449,3.45,-0.18202564140947342,0.005479494860607197,0.0
MgCl2-NaCl,Mg,cl3552,0.7528089887640449,3.55,-0.17971238783718846,0.0055019361856508105,0.0
MgCl2-NaCl,Mg,cl3552,0.7528089887640449,3.6500000000000004,-0.17715355130114685,0.0031382623893391323,0.0
MgCl2-NaCl,Mg,cl3552,0.7528089887640449,3.75,-0.17650750745356047,0.004402206735147918,0.0
MgCl2-NaCl,Mg,cl3552,0.7528089887640449,3.8500000000000005,-0.17364382132567235,0.004947786578106041,0.0
MgCl2-NaCl,Mg,cl3552,0.7528089887640449,3.95,-0.16814203231078317,0.0027002981161435543,0.0
MgCl2-NaCl,Mg,cl3552,0.7528089887640449,4.050000000000001,-0.1625015550140878,0.0042566722218458485,0.0
MgCl2-NaCl,Mg,cl3552,0.7528089887640449,4.15,-0.1584362880923953,0.005748087051141194,0.0
MgCl2-NaCl,Mg,cl3552,0.7528089887640449,4.25,-0.15410510433738844,0.003029866235045384,0.0
MgCl2-NaCl,Mg,cl3552,0.7528089887640449,4.35,-0.15236245331082476,0.004367032389449526,0.0
MgCl2-NaCl,Mg,cl3552,0.7528089887640449,4.45,-0.14918189800335813,0.0013807223182137735,0.0
MgCl2-NaCl,Mg,cl3552,0.7528089887640449,4.550000000000001,-0.15015444571294267,0.0016491877279474216,0.0
MgCl2-NaCl,Mg,cl3552,0.7528089887640449,4.65,-0.14805713848303226,0.0025280647341902568,0.0
MgCl2-NaCl,Mg,cl3552,0.7528089887640449,4.75,-0.15102889568743683,0.0030182122495514435,0.0
MgCl2-NaCl,Mg,cl3552,0.7528089887640449,4.8500000000000005,-0.14762840253515952,0.0033821067024349814,0.0
MgCl2-NaCl,Mg,cl3552,0.7528089887640449,4.95,-0.14586539719382485,0.0030290226202918996,0.0
MgCl2-NaCl,Mg,cl3552,0.7528089887640449,5.050000000000001,-0.1374358962295006,0.0015189910138905447,0.0
MgCl2-NaCl,Mg,cl3552,0.7528089887640449,5.15,-0.12920005294221237,0.002342303119387673,0.0
MgCl2-NaCl,Mg,cl3552,0.7528089887640449,5.25,-0.11492911712682319,0.006227254166367415,0.0
MgCl2-NaCl,Mg,cl3552,0.7528089887640449,5.3500000000000005,-0.09785560733444854,0.0027895904841633255,0.0
MgCl2-NaCl,Mg,cl3552,0.7528089887640449,5.45,-0.07800653652375189,0.004362616766221745,0.0
MgCl2-NaCl,Mg,cl3552,0.7528089887640449,5.550000000000001,-0.05444196146549474,0.0029694918452420832,0.0
MgCl2-NaCl,Mg,cl3552,0.7528089887640449,5.65,-0.030038751825513188,0.0017700043392231872,0.0
MgCl2-NaCl,Mg,cl3552,0.7528089887640449,5.75,-0.007668917153395682,0.0020880692133184078,0.0
MgCl2-NaCl,Mg,cl3552,0.7528089887640449,5.8500000000000005,0.012827513574381166,0.0050420278873509585,0.0
MgCl2-NaCl,Mg,cl3552,0.7528089887640449,5.95,0.03443291303276008,0.0051706902303050245,0.0
MgCl2-NaCl,Mg,cl3552,0.7528089887640449,6.050000000000001,0.04965753604236123,0.0032788249436380102,0.0
MgCl2-NaCl,Mg,cl3552,0.7528089887640449,6.15,0.0686161610826781,0.00709788944170383,0.0
MgCl2-NaCl,Mg,cl3552,0.7528089887640449,6.25,0.07564567809709954,0.0036911515803710127,0.0
MgCl2-NaCl,Mg,cl3552,0.7528089887640449,6.3500000000000005,0.0884049568487646,0.0027071285339630735,0.0
MgCl2-NaCl,Mg,cl3552,0.7528089887640449,6.45,0.09290149707909012,0.003035355601991959,0.0
MgCl2-NaCl,Mg,cl3552,0.7528089887640449,6.550000000000001,0.0961042950345683,0.004766590742069431,0.0
MgCl2-NaCl,Mg,cl3552,0.7528089887640449,6.65,0.09623930995094676,0.0020671961054992446,0.0
MgCl2-NaCl,Mg,cl3552,0.7528089887640449,6.75,0.09549255004949797,0.00400469657280739,0.0
MgCl2-NaCl,Mg,cl3552,0.7528089887640449,6.8500000000000005,0.09263478355990917,0.004941999636796053,0.0
MgCl2-NaCl,Mg,cl3552,0.7528089887640449,6.95,0.08765152312189284,0.0030077396546541123,0.0
MgCl2-NaCl,Mg,cl3552,0.7528089887640449,7.050000000000001,0.08221429224828625,0.0015006450261496162,0.0
MgCl2-NaCl,Mg,cl3552,0.7528089887640449,7.15,0.0754940992667652,0.00318618483158793,0.0
MgCl2-NaCl,Mg,cl3552,0.7528089887640449,7.25,0.0701840417518661,0.0023552435591526586,0.0
MgCl2-NaCl,Mg,cl3552,0.7528089887640449,7.3500000000000005,0.06190845760683117,0.0020408580119388835,0.0
MgCl2-NaCl,Mg,cl3552,0.7528089887640449,7.45,0.05343652845492486,0.0035140574038676287,0.0
MgCl2-NaCl,Mg,cl3552,0.7528089887640449,7.550000000000001,0.04593789144029381,0.0029921133109874582,0.0
MgCl2-NaCl,Mg,cl3552,0.7528089887640449,7.65,0.03704000383419903,0.0024658296282279563,0.0
MgCl2-NaCl,Mg,cl3552,0.7528089887640449,7.75,0.0288777059358144,0.0034059798042310927,0.0
MgCl2-NaCl,Mg,cl3552,0.7528089887640449,7.8500000000000005,0.021190733405270445,0.0025240774603978084,0.0
MgCl2-NaCl,Mg,cl3552,0.7528089887640449,7.95,0.013675663418654782,0.00339004569802452,0.0
MgCl2-NaCl,Mg,cl3552,0.7528089887640449,8.05,0.009459959486095015,0.003154900314834551,0.0
MgCl2-NaCl,Mg,cl3552,0.7528089887640449,8.15,0.0012505697376101743,0.0032987431269767544,0.0
MgCl2-NaCl,Mg,cl3552,0.7528089887640449,8.25,-0.00584169212951724,0.0024842111821975644,0.0
MgCl2-NaCl,Mg,cl3552,0.7528089887640449,8.350000000000001,-0.010682713707596436,0.0021817611735318984,0.0
MgCl2-NaCl,Mg,cl3552,0.7528089887640449,8.45,-0.014670174082976883,0.0013835844347321238,0.0
MgCl2-NaCl,Mg,cl3552,0.7528089887640449,8.55,-0.01622046680277056,0.0018644929590174771,0.0
MgCl2-NaCl,Mg,cl3552,0.7528089887640449,8.65,-0.020479540353956827,0.0014641757036116222,0.0
MgCl2-NaCl,Mg,cl3552,0.7528089887640449,8.75,-0.021020885178119952,0.00247423773264426,0.0
MgCl2-NaCl,Mg,cl3552,0.7528089887640449,8.850000000000001,-0.021637769709988985,0.0020588892914992674,0.0
MgCl2-NaCl,Mg,cl3552,0.7528089887640449,8.95,-0.023023443748022787,0.003018521801935795,0.0
MgCl2-NaCl,Mg,cl3552,0.7528089887640449,9.05,-0.022502051363816555,0.003062070756190438,0.0
MgCl2-NaCl,Mg,cl3552,0.7528089887640449,9.15,-0.020413782616268028,0.000690328252373549,0.0
MgCl2-NaCl,Mg,cl3552,0.7528089887640449,9.25,-0.0178654619566172,0.002751609998127461,0.0
MgCl2-NaCl,Mg,cl3552,0.7528089887640449,9.350000000000001,-0.015643482765327343,0.002502323052901321,0.0
MgCl2-NaCl,Mg,cl3552,0.7528089887640449,9.45,-0.014442791002796884,0.0023119599525256974,0.0
MgCl2-NaCl,Mg,cl3552,0.7528089887640449,9.55,-0.01262833984967826,0.0007777014086807903,0.0
MgCl2-NaCl,Mg,cl3552,0.7528089887640449,9.650000000000002,-0.009997380179296744,0.0019359419969983797,0.0
MgCl2-NaCl,Mg,cl3552,0.7528089887640449,9.75,-0.009375566357067378,0.0016877070741105912,0.0
MgCl2-NaCl,Mg,cl3552,0.7528089887640449,9.850000000000001,-0.007817338915241834,0.002273650551587952,0.0
MgCl2-NaCl,Mg,cl3552,0.7528089887640449,9.95,-0.0030929292614712,0.0015100428567288754,0.0
MgCl2-NaCl,Mg,cl3552,0.7528089887640449,10.05,-0.0018002563718675368,0.0029726050244849246,0.0
MgCl2-NaCl,Mg,cl3552,0.7528089887640449,10.150000000000002,-0.003362975217117148,0.0010858735692606768,0.0
MgCl2-NaCl,Mg,cl3552,0.7528089887640449,10.25,-0.0009544569967274708,0.001707656389907604,0.0
MgCl2-NaCl,Mg,cl3552,0.7528089887640449,10.350000000000001,-0.0005439990523199434,0.0014109709202613787,0.0
MgCl2-NaCl,Mg,cl3552,0.7528089887640449,10.45,0.0009602346335757517,0.0017953987274424274,0.0
MgCl2-NaCl,Mg,cl3552,0.7528089887640449,10.55,0.00088026060129065,0.002071813517970423,0.0
MgCl2-NaCl,Mg,cl3552,0.7528089887640449,10.650000000000002,0.0009565549109339377,0.0020087563885969827,0.0
MgCl2-NaCl,Mg,cl3552,0.7528089887640449,10.75,0.002427822788909073,0.0017692486561604705,0.0
MgCl2-NaCl,Mg,cl3552,0.7528089887640449,10.850000000000001,0.0014654453748257357,0.0014584630310892407,0.0
MgCl2-NaCl,Mg,cl3552,0.7528089887640449,10.95,0.00028621817958984774,0.0020811910193955577,0.0
MgCl2-NaCl,Mg,cl3552,0.7528089887640449,11.05,-0.0008565704195981905,0.001044656785286594,0.0
MgCl2-NaCl,Mg,cl3552,0.7528089887640449,11.150000000000002,-0.00043975036427101877,0.0023635836920967014,0.0
MgCl2-NaCl,Mg,cl3552,0.7528089887640449,11.25,-0.0009408940600714732,0.002074457103123945,0.0
MgCl2-NaCl,Mg,cl3552,0.7528089887640449,11.350000000000001,-0.002262573341254237,0.0018681632348915682,0.0
MgCl2-NaCl,Mg,cl3552,0.7528089887640449,11.45,-0.0030544984844727008,0.0015964629264826695,0.0
MgCl2-NaCl,Mg,cl3552,0.7528089887640449,11.55,-0.002409506058867361,0.0016667569383018745,0.0
MgCl2-NaCl,Mg,cl3552,0.7528089887640449,11.650000000000002,-0.0031230114355811356,0.0014556905271177372,0.0
MgCl2-NaCl,Mg,cl3552,0.7528089887640449,11.75,-0.0036744813426776712,0.0012374982989997486,0.0
MgCl2-NaCl,Mg,cl3552,0.7528089887640449,11.850000000000001,-0.004779641338917173,0.002209756132485646,0.0
MgCl2-NaCl,Mg,cl3552,0.7528089887640449,11.95,-0.00361390466551037,0.0012135339053959342,0.0
MgCl2-NaCl,Mg,cl3488,0.8021978021978022,0.05,nan,nan,0.0
MgCl2-NaCl,Mg,cl3488,0.8021978021978022,0.15000000000000002,nan,nan,0.0
MgCl2-NaCl,Mg,cl3488,0.8021978021978022,0.25,nan,nan,0.0
MgCl2-NaCl,Mg,cl3488,0.8021978021978022,0.35000000000000003,nan,nan,0.0
MgCl2-NaCl,Mg,cl3488,0.8021978021978022,0.45,nan,nan,0.0
MgCl2-NaCl,Mg,cl3488,0.8021978021978022,0.55,nan,nan,0.0
MgCl2-NaCl,Mg,cl3488,0.8021978021978022,0.6500000000000001,nan,nan,0.0
MgCl2-NaCl,Mg,cl3488,0.8021978021978022,0.75,nan,nan,0.0
MgCl2-NaCl,Mg,cl3488,0.8021978021978022,0.8500000000000001,nan,nan,0.0
MgCl2-NaCl,Mg,cl3488,0.8021978021978022,0.95,nan,nan,0.0
MgCl2-NaCl,Mg,cl3488,0.8021978021978022,1.05,nan,nan,0.0
MgCl2-NaCl,Mg,cl3488,0.8021978021978022,1.1500000000000001,nan,nan,0.0
MgCl2-NaCl,Mg,cl3488,0.8021978021978022,1.25,nan,nan,0.0
MgCl2-NaCl,Mg,cl3488,0.8021978021978022,1.35,nan,nan,0.0
MgCl2-NaCl,Mg,cl3488,0.8021978021978022,1.4500000000000002,nan,nan,0.0
MgCl2-NaCl,Mg,cl3488,0.8021978021978022,1.55,nan,nan,0.0
MgCl2-NaCl,Mg,cl3488,0.8021978021978022,1.6500000000000001,nan,nan,0.0
MgCl2-NaCl,Mg,cl3488,0.8021978021978022,1.75,nan,nan,0.0
MgCl2-NaCl,Mg,cl3488,0.8021978021978022,1.85,nan,nan,0.0
MgCl2-NaCl,Mg,cl3488,0.8021978021978022,1.9500000000000002,nan,nan,0.0
MgCl2-NaCl,Mg,cl3488,0.8021978021978022,2.05,nan,nan,0.0
MgCl2-NaCl,Mg,cl3488,0.8021978021978022,2.1500000000000004,nan,nan,0.0
MgCl2-NaCl,Mg,cl3488,0.8021978021978022,2.25,nan,nan,0.0
MgCl2-NaCl,Mg,cl3488,0.8021978021978022,2.3500000000000005,-0.2461472602739727,nan,0.0
MgCl2-NaCl,Mg,cl3488,0.8021978021978022,2.45,-0.2461472602739727,0.0,0.0
MgCl2-NaCl,Mg,cl3488,0.8021978021978022,2.55,-0.2461472602739727,0.0,0.0
MgCl2-NaCl,Mg,cl3488,0.8021978021978022,2.6500000000000004,-0.22682714771158552,0.046441166399128805,0.0
MgCl2-NaCl,Mg,cl3488,0.8021978021978022,2.75,-0.19882521241546747,0.03382342487042482,0.0
MgCl2-NaCl,Mg,cl3488,0.8021978021978022,2.8500000000000005,-0.19730462401323434,0.018978452885858407,0.0
MgCl2-NaCl,Mg,cl3488,0.8021978021978022,2.95,-0.18881001802528852,0.014873524897183734,0.0
MgCl2-NaCl,Mg,cl3488,0.8021978021978022,3.05,-0.1671322932521564,0.012386960061686988,0.0
MgCl2-NaCl,Mg,cl3488,0.8021978021978022,3.1500000000000004,-0.16559165223460992,0.011255689614686913,0.0
MgCl2-NaCl,Mg,cl3488,0.8021978021978022,3.25,-0.15943121590055687,0.006809822290549497,0.0
MgCl2-NaCl,Mg,cl3488,0.8021978021978022,3.3500000000000005,-0.15722360833265148,0.00345693642645975,0.0
MgCl2-NaCl,Mg,cl3488,0.8021978021978022,3.45,-0.15330197460759853,0.005049802864967421,0.0
MgCl2-NaCl,Mg,cl3488,0.8021978021978022,3.55,-0.1537829315374235,0.003965234582771024,0.0
MgCl2-NaCl,Mg,cl3488,0.8021978021978022,3.6500000000000004,-0.1533421042405827,0.005276380238228627,0.0
MgCl2-NaCl,Mg,cl3488,0.8021978021978022,3.75,-0.14836251820203827,0.0020725019828215637,0.0
MgCl2-NaCl,Mg,cl3488,0.8021978021978022,3.8500000000000005,-0.14768975864318334,0.003804274163774172,0.0
MgCl2-NaCl,Mg,cl3488,0.8021978021978022,3.95,-0.1421035681877829,0.003929405575822438,0.0
MgCl2-NaCl,Mg,cl3488,0.8021978021978022,4.050000000000001,-0.1391537109773764,0.0026600384866673037,0.0
MgCl2-NaCl,Mg,cl3488,0.8021978021978022,4.15,-0.1323585978992714,0.004082354127166648,0.0
MgCl2-NaCl,Mg,cl3488,0.8021978021978022,4.25,-0.13261134307258438,0.0030030512864033273,0.0
MgCl2-NaCl,Mg,cl3488,0.8021978021978022,4.35,-0.12983474748425294,0.0036357901805432716,0.0
MgCl2-NaCl,Mg,cl3488,0.8021978021978022,4.45,-0.12716167013012258,0.005066362830555996,0.0
MgCl2-NaCl,Mg,cl3488,0.8021978021978022,4.550000000000001,-0.12704486662552106,0.0018299836021041503,0.0
MgCl2-NaCl,Mg,cl3488,0.8021978021978022,4.65,-0.12415691755885416,0.005711889694392224,0.0
MgCl2-NaCl,Mg,cl3488,0.8021978021978022,4.75,-0.12388642618203138,0.004684199835797123,0.0
MgCl2-NaCl,Mg,cl3488,0.8021978021978022,4.8500000000000005,-0.12305692795085577,0.003724673748739061,0.0
MgCl2-NaCl,Mg,cl3488,0.8021978021978022,4.95,-0.11784413432428176,0.0017586171837968214,0.0
MgCl2-NaCl,Mg,cl3488,0.8021978021978022,5.050000000000001,-0.1103676979076007,0.00198262800868407,0.0
MgCl2-NaCl,Mg,cl3488,0.8021978021978022,5.15,-0.10524948763899844,0.0034058340539132436,0.0
MgCl2-NaCl,Mg,cl3488,0.8021978021978022,5.25,-0.09338412962492271,0.002576611347700426,0.0
MgCl2-NaCl,Mg,cl3488,0.8021978021978022,5.3500000000000005,-0.08008644352936822,0.003246076191982586,0.0
MgCl2-NaCl,Mg,cl3488,0.8021978021978022,5.45,-0.06630020778444878,0.00045599055891334765,0.0
MgCl2-NaCl,Mg,cl3488,0.8021978021978022,5.550000000000001,-0.04542728209808722,0.0026723913765289153,0.0
MgCl2-NaCl,Mg,cl3488,0.8021978021978022,5.65,-0.025172403853775727,0.002895372687446233,0.0
MgCl2-NaCl,Mg,cl3488,0.8021978021978022,5.75,-0.00675248953600982,0.004085279730256953,0.0
MgCl2-NaCl,Mg,cl3488,0.8021978021978022,5.8500000000000005,0.009312697550404536,0.002163914557709196,0.0
MgCl2-NaCl,Mg,cl3488,0.8021978021978022,5.95,0.02374871512308452,0.003660969258444693,0.0
MgCl2-NaCl,Mg,cl3488,0.8021978021978022,6.050000000000001,0.03818352795867952,0.004656883136281537,0.0
MgCl2-NaCl,Mg,cl3488,0.8021978021978022,6.15,0.04768086683553685,0.0028473044550178022,0.0
MgCl2-NaCl,Mg,cl3488,0.8021978021978022,6.25,0.06126550412613685,0.003151782896529802,0.0
MgCl2-NaCl,Mg,cl3488,0.8021978021978022,6.3500000000000005,0.06794391070306871,0.0031184731836922668,0.0
MgCl2-NaCl,Mg,cl3488,0.8021978021978022,6.45,0.07197173746389007,0.0014756055601537529,0.0
MgCl2-NaCl,Mg,cl3488,0.8021978021978022,6.550000000000001,0.07585614952277653,0.0032308543315361137,0.0
MgCl2-NaCl,Mg,cl3488,0.8021978021978022,6.65,0.07560882857371143,0.005896121509585242,0.0
MgCl2-NaCl,Mg,cl3488,0.8021978021978022,6.75,0.07299059699804422,0.0021410455734945356,0.0
MgCl2-NaCl,Mg,cl3488,0.8021978021978022,6.8500000000000005,0.07184553532132154,0.0032457137175943736,0.0
MgCl2-NaCl,Mg,cl3488,0.8021978021978022,6.95,0.06952971135342356,0.003914516624811464,0.0
MgCl2-NaCl,Mg,cl3488,0.8021978021978022,7.050000000000001,0.06329126929523876,0.0022444426331677024,0.0
MgCl2-NaCl,Mg,cl3488,0.8021978021978022,7.15,0.059470522891228894,0.002204253829431143,0.0
MgCl2-NaCl,Mg,cl3488,0.8021978021978022,7.25,0.054751595777558615,0.001083027791593672,0.0
MgCl2-NaCl,Mg,cl3488,0.8021978021978022,7.3500000000000005,0.045613942616575476,0.0024837768870660504,0.0
MgCl2-NaCl,Mg,cl3488,0.8021978021978022,7.45,0.04089873001619426,0.0020449668125012694,0.0
MgCl2-NaCl,Mg,cl3488,0.8021978021978022,7.550000000000001,0.0327501892642017,0.0035781509004886966,0.0
MgCl2-NaCl,Mg,cl3488,0.8021978021978022,7.65,0.027205981293009662,0.0029223533864908354,0.0
MgCl2-NaCl,Mg,cl3488,0.8021978021978022,7.75,0.019285414036791737,0.0035701771464168785,0.0
MgCl2-NaCl,Mg,cl3488,0.8021978021978022,7.8500000000000005,0.01468120333140377,0.003159296943963234,0.0
MgCl2-NaCl,Mg,cl3488,0.8021978021978022,7.95,0.011230642499947208,0.002401018588669478,0.0
MgCl2-NaCl,Mg,cl3488,0.8021978021978022,8.05,0.002851325399848448,0.0021555739896689293,0.0
MgCl2-NaCl,Mg,cl3488,0.8021978021978022,8.15,-0.0015812461854776139,0.0008238446696410453,0.0
MgCl2-NaCl,Mg,cl3488,0.8021978021978022,8.25,-0.004470185350682332,0.0027127790204748655,0.0
MgCl2-NaCl,Mg,cl3488,0.8021978021978022,8.350000000000001,-0.008701240185386094,0.0015647284548066284,0.0
MgCl2-NaCl,Mg,cl3488,0.8021978021978022,8.45,-0.012575750191381463,0.002124377333662202,0.0
MgCl2-NaCl,Mg,cl3488,0.8021978021978022,8.55,-0.01603838565872473,0.0028470471360603896,0.0
MgCl2-NaCl,Mg,cl3488,0.8021978021978022,8.65,-0.017022018334450273,0.0019540619959344105,0.0
MgCl2-NaCl,Mg,cl3488,0.8021978021978022,8.75,-0.018236492420459438,0.0027408716931073707,0.0
MgCl2-NaCl,Mg,cl3488,0.8021978021978022,8.850000000000001,-0.01797163855643169,0.0021601729063076215,0.0
MgCl2-NaCl,Mg,cl3488,0.8021978021978022,8.95,-0.017789201066020333,0.002715860143851425,0.0
MgCl2-NaCl,Mg,cl3488,0.8021978021978022,9.05,-0.01667410140772696,0.0023522294140511046,0.0
MgCl2-NaCl,Mg,cl3488,0.8021978021978022,9.15,-0.016318681261956014,0.0010768981037074005,0.0
MgCl2-NaCl,Mg,cl3488,0.8021978021978022,9.25,-0.01553596762564835,0.002919531332592626,0.0
MgCl2-NaCl,Mg,cl3488,0.8021978021978022,9.350000000000001,-0.013250052608768215,0.0017338442479006215,0.0
MgCl2-NaCl,Mg,cl3488,0.8021978021978022,9.45,-0.011966075321700798,0.003394833096852412,0.0
MgCl2-NaCl,Mg,cl3488,0.8021978021978022,9.55,-0.00877504035068144,0.0015306677628049974,0.0
MgCl2-NaCl,Mg,cl3488,0.8021978021978022,9.650000000000002,-0.007403611031864932,0.0017541121361104213,0.0
MgCl2-NaCl,Mg,cl3488,0.8021978021978022,9.75,-0.005847039441904345,0.0024950489738401567,0.0
MgCl2-NaCl,Mg,cl3488,0.8021978021978022,9.850000000000001,-0.004040409444805215,0.0011988238072873972,0.0
MgCl2-NaCl,Mg,cl3488,0.8021978021978022,9.95,-0.002831793963293361,0.002563523784748589,0.0
MgCl2-NaCl,Mg,cl3488,0.8021978021978022,10.05,-0.00023904736042479335,0.0009876488989608752,0.0
MgCl2-NaCl,Mg,cl3488,0.8021978021978022,10.150000000000002,0.0001426189798137134,0.001334039446749835,0.0
MgCl2-NaCl,Mg,cl3488,0.8021978021978022,10.25,0.0018751363197923032,0.0007889439342006707,0.0
MgCl2-NaCl,Mg,cl3488,0.8021978021978022,10.350000000000001,0.0014767981322483248,0.0010497795835808317,0.0
MgCl2-NaCl,Mg,cl3488,0.8021978021978022,10.45,0.0022425935953630516,0.0026732206497883664,0.0
MgCl2-NaCl,Mg,cl3488,0.8021978021978022,10.55,0.001947018432490899,0.002315696919845151,0.0
MgCl2-NaCl,Mg,cl3488,0.8021978021978022,10.650000000000002,0.0032794747547670866,0.0020342856409553307,0.0
MgCl2-NaCl,Mg,cl3488,0.8021978021978022,10.75,0.001247240183441245,0.0018474544476692009,0.0
MgCl2-NaCl,Mg,cl3488,0.8021978021978022,10.850000000000001,0.00293867196074038,0.0008264273727332805,0.0
MgCl2-NaCl,Mg,cl3488,0.8021978021978022,10.95,0.0016709798335843296,0.001640123302330623,0.0
MgCl2-NaCl,Mg,cl3488,0.8021978021978022,11.05,0.0012972348341999673,0.002415486950235026,0.0
MgCl2-NaCl,Mg,cl3488,0.8021978021978022,11.150000000000002,-0.0004749292216283951,0.0012758193173130533,0.0
MgCl2-NaCl,Mg,cl3488,0.8021978021978022,11.25,-0.0011573048729753843,0.0013780408805728862,0.0
MgCl2-NaCl,Mg,cl3488,0.8021978021978022,11.350000000000001,-0.001589471228439443,0.0014342508645029302,0.0
MgCl2-NaCl,Mg,cl3488,0.8021978021978022,11.45,-0.0025579298231350744,0.001818917755367362,0.0
MgCl2-NaCl,Mg,cl3488,0.8021978021978022,11.55,-0.0023725649897896606,0.001891111220624388,0.0
MgCl2-NaCl,Mg,cl3488,0.8021978021978022,11.650000000000002,-0.00286935842656888,0.0008319922395892906,0.0
MgCl2-NaCl,Mg,cl3488,0.8021978021978022,11.75,-0.0038512716140279846,0.0018353114608180986,0.0
MgCl2-NaCl,Mg,cl3488,0.8021978021978022,11.850000000000001,-0.003209273172409821,0.0014824492012742445,0.0
MgCl2-NaCl,Mg,cl3488,0.8021978021978022,11.95,-0.004577853790656228,0.0014003556654062783,0.0
MgCl2-NaCl,Mg,cl3424,0.8494623655913979,0.05,nan,nan,0.0
MgCl2-NaCl,Mg,cl3424,0.8494623655913979,0.15000000000000002,nan,nan,0.0
MgCl2-NaCl,Mg,cl3424,0.8494623655913979,0.25,nan,nan,0.0
MgCl2-NaCl,Mg,cl3424,0.8494623655913979,0.35000000000000003,nan,nan,0.0
MgCl2-NaCl,Mg,cl3424,0.8494623655913979,0.45,nan,nan,0.0
MgCl2-NaCl,Mg,cl3424,0.8494623655913979,0.55,nan,nan,0.0
MgCl2-NaCl,Mg,cl3424,0.8494623655913979,0.6500000000000001,nan,nan,0.0
MgCl2-NaCl,Mg,cl3424,0.8494623655913979,0.75,nan,nan,0.0
MgCl2-NaCl,Mg,cl3424,0.8494623655913979,0.8500000000000001,nan,nan,0.0
MgCl2-NaCl,Mg,cl3424,0.8494623655913979,0.95,nan,nan,0.0
MgCl2-NaCl,Mg,cl3424,0.8494623655913979,1.05,nan,nan,0.0
MgCl2-NaCl,Mg,cl3424,0.8494623655913979,1.1500000000000001,nan,nan,0.0
MgCl2-NaCl,Mg,cl3424,0.8494623655913979,1.25,nan,nan,0.0
MgCl2-NaCl,Mg,cl3424,0.8494623655913979,1.35,nan,nan,0.0
MgCl2-NaCl,Mg,cl3424,0.8494623655913979,1.4500000000000002,nan,nan,0.0
MgCl2-NaCl,Mg,cl3424,0.8494623655913979,1.55,nan,nan,0.0
MgCl2-NaCl,Mg,cl3424,0.8494623655913979,1.6500000000000001,nan,nan,0.0
MgCl2-NaCl,Mg,cl3424,0.8494623655913979,1.75,nan,nan,0.0
MgCl2-NaCl,Mg,cl3424,0.8494623655913979,1.85,nan,nan,0.0
MgCl2-NaCl,Mg,cl3424,0.8494623655913979,1.9500000000000002,nan,nan,0.0
MgCl2-NaCl,Mg,cl3424,0.8494623655913979,2.05,nan,nan,0.0
MgCl2-NaCl,Mg,cl3424,0.8494623655913979,2.1500000000000004,nan,nan,0.0
MgCl2-NaCl,Mg,cl3424,0.8494623655913979,2.25,nan,nan,0.0
MgCl2-NaCl,Mg,cl3424,0.8494623655913979,2.3500000000000005,-0.17681962025316467,nan,0.0
MgCl2-NaCl,Mg,cl3424,0.8494623655913979,2.45,-0.17681962025316467,0.0,0.0
MgCl2-NaCl,Mg,cl3424,0.8494623655913979,2.55,-0.17681962025316467,0.0,0.0
MgCl2-NaCl,Mg,cl3424,0.8494623655913979,2.6500000000000004,-0.15951344936708867,0.04048382566371638,0.0
MgCl2-NaCl,Mg,cl3424,0.8494623655913979,2.75,-0.16847338181165283,0.01077009567795642,0.0
MgCl2-NaCl,Mg,cl3424,0.8494623655913979,2.8500000000000005,-0.16263157392727234,0.010492006434331565,0.0
MgCl2-NaCl,Mg,cl3424,0.8494623655913979,2.95,-0.13304843352748885,0.009930023273715618,0.0
MgCl2-NaCl,Mg,cl3424,0.8494623655913979,3.05,-0.1298801204425004,0.005409110473646743,0.0
MgCl2-NaCl,Mg,cl3424,0.8494623655913979,3.1500000000000004,-0.12959042707602264,0.0029032676644054323,0.0
MgCl2-NaCl,Mg,cl3424,0.8494623655913979,3.25,-0.12564780575875245,0.0055011456661212205,0.0
MgCl2-NaCl,Mg,cl3424,0.8494623655913979,3.3500000000000005,-0.12541993735866708,0.003177606329550822,0.0
MgCl2-NaCl,Mg,cl3424,0.8494623655913979,3.45,-0.12288238628719128,0.002016731541433154,0.0
MgCl2-NaCl,Mg,cl3424,0.8494623655913979,3.55,-0.11989433648699643,0.0031359953297580893,0.0
MgCl2-NaCl,Mg,cl3424,0.8494623655913979,3.6500000000000004,-0.11821191570097267,0.003774040637435634,0.0
MgCl2-NaCl,Mg,cl3424,0.8494623655913979,3.75,-0.11750317437274105,0.0034095120657548295,0.0
MgCl2-NaCl,Mg,cl3424,0.8494623655913979,3.8500000000000005,-0.11578884301566461,0.0027272536116758456,0.0
MgCl2-NaCl,Mg,cl3424,0.8494623655913979,3.95,-0.11197623270925705,0.0010952241142630113,0.0
MgCl2-NaCl,Mg,cl3424,0.8494623655913979,4.050000000000001,-0.10942754637073415,0.0037416010451461826,0.0
MgCl2-NaCl,Mg,cl3424,0.8494623655913979,4.15,-0.10674107288088486,0.002498735475583968,0.0
MgCl2-NaCl,Mg,cl3424,0.8494623655913979,4.25,-0.10423857392129565,0.0014533321325067479,0.0
MgCl2-NaCl,Mg,cl3424,0.8494623655913979,4.35,-0.10363688508725821,0.0042276141210547385,0.0
MgCl2-NaCl,Mg,cl3424,0.8494623655913979,4.45,-0.10171754830177204,0.005147709817294069,0.0
MgCl2-NaCl,Mg,cl3424,0.8494623655913979,4.550000000000001,-0.09625105109839782,0.0006936120096352001,0.0
MgCl2-NaCl,Mg,cl3424,0.8494623655913979,4.65,-0.09607681200110929,0.0024380546314906716,0.0
MgCl2-NaCl,Mg,cl3424,0.8494623655913979,4.75,-0.0969918212152645,0.0004527709436418605,0.0
MgCl2-NaCl,Mg,cl3424,0.8494623655913979,4.8500000000000005,-0.09445160313924394,0.0019328744076917773,0.0
MgCl2-NaCl,Mg,cl3424,0.8494623655913979,4.95,-0.09221470368976004,0.002608312462423612,0.0
MgCl2-NaCl,Mg,cl3424,0.8494623655913979,5.050000000000001,-0.08955810842243728,0.0023815101304446875,0.0
MgCl2-NaCl,Mg,cl3424,0.8494623655913979,5.15,-0.08242087122429753,0.003277259378712583,0.0
MgCl2-NaCl,Mg,cl3424,0.8494623655913979,5.25,-0.07554135934284112,0.0026048125985210155,0.0
MgCl2-NaCl,Mg,cl3424,0.8494623655913979,5.3500000000000005,-0.06196706199043467,0.0027025811764933238,0.0
MgCl2-NaCl,Mg,cl3424,0.8494623655913979,5.45,-0.05329757372936661,0.0033166983812525108,0.0
MgCl2-NaCl,Mg,cl3424,0.8494623655913979,5.550000000000001,-0.04090545711821858,0.003272859690325282,0.0
MgCl2-NaCl,Mg,cl3424,0.8494623655913979,5.65,-0.02689396393181709,0.004564834648555969,0.0
MgCl2-NaCl,Mg,cl3424,0.8494623655913979,5.75,-0.011636404109491849,0.004616402795250364,0.0
MgCl2-NaCl,Mg,cl3424,0.8494623655913979,5.8500000000000005,0.0031271621664619165,0.0034376012582082753,0.0
MgCl2-NaCl,Mg,cl3424,0.8494623655913979,5.95,0.010344335664627669,0.003203346807817484,0.0
MgCl2-NaCl,Mg,cl3424,0.8494623655913979,6.050000000000001,0.022980061760217052,0.0044813392671878855,0.0
MgCl2-NaCl,Mg,cl3424,0.8494623655913979,6.15,0.03387800280028608,0.003101513142366753,0.0
MgCl2-NaCl,Mg,cl3424,0.8494623655913979,6.25,0.042487515858555924,0.005506779613795642,0.0
MgCl2-NaCl,Mg,cl3424,0.8494623655913979,6.3500000000000005,0.045157714319477016,0.001937705902996586,0.0
MgCl2-NaCl,Mg,cl3424,0.8494623655913979,6.45,0.048956480140552316,0.0027042667437103974,0.0
MgCl2-NaCl,Mg,cl3424,0.8494623655913979,6.550000000000001,0.055109957351850425,0.0076661551030629705,0.0
MgCl2-NaCl,Mg,cl3424,0.8494623655913979,6.65,0.0555214282278943,0.004306994746989354,0.0
MgCl2-NaCl,Mg,cl3424,0.8494623655913979,6.75,0.05367417789778983,0.004212303322878938,0.0
MgCl2-NaCl,Mg,cl3424,0.8494623655913979,6.8500000000000005,0.05287998865182397,0.002609547685459615,0.0
MgCl2-NaCl,Mg,cl3424,0.8494623655913979,6.95,0.04927758478625455,0.0010439858512695421,0.0
MgCl2-NaCl,Mg,cl3424,0.8494623655913979,7.050000000000001,0.04640192192571657,0.004038171353284905,0.0
MgCl2-NaCl,Mg,cl3424,0.8494623655913979,7.15,0.03969052436295606,0.00266865221935078,0.0
MgCl2-NaCl,Mg,cl3424,0.8494623655913979,7.25,0.03849529594749235,0.004293943458575694,0.0
MgCl2-NaCl,Mg,cl3424,0.8494623655913979,7.3500000000000005,0.032642769173275354,0.002073658185375678,0.0
MgCl2-NaCl,Mg,cl3424,0.8494623655913979,7.45,0.029244260251245158,0.002321143102882264,0.0
MgCl2-NaCl,Mg,cl3424,0.8494623655913979,7.550000000000001,0.0247679869323425,0.0015259656019021423,0.0
MgCl2-NaCl,Mg,cl3424,0.8494623655913979,7.65,0.019581110701862525,0.002121012409400954,0.0
MgCl2-NaCl,Mg,cl3424,0.8494623655913979,7.75,0.014571589640907101,0.002902086110174823,0.0
MgCl2-NaCl,Mg,cl3424,0.8494623655913979,7.8500000000000005,0.00976152266158592,0.0015609252820361517,0.0
MgCl2-NaCl,Mg,cl3424,0.8494623655913979,7.95,0.004475944543594124,0.003553215669918713,0.0
MgCl2-NaCl,Mg,cl3424,0.8494623655913979,8.05,-4.987141027390507e-05,0.0035274647702718187,0.0
MgCl2-NaCl,Mg,cl3424,0.8494623655913979,8.15,-0.0010245455147372962,0.002885590104088153,0.0
MgCl2-NaCl,Mg,cl3424,0.8494623655913979,8.25,-0.005185384325682829,0.0023424833066021675,0.0
MgCl2-NaCl,Mg,cl3424,0.8494623655913979,8.350000000000001,-0.007851553596038396,0.002028314326253239,0.0
MgCl2-NaCl,Mg,cl3424,0.8494623655913979,8.45,-0.010176248538286359,0.002239768692316769,0.0
MgCl2-NaCl,Mg,cl3424,0.8494623655913979,8.55,-0.00923591684579117,0.0022096154705476905,0.0
MgCl2-NaCl,Mg,cl3424,0.8494623655913979,8.65,-0.012541521133247135,0.0026497421047515994,0.0
MgCl2-NaCl,Mg,cl3424,0.8494623655913979,8.75,-0.012787714822255047,0.0025401293560235894,0.0
MgCl2-NaCl,Mg,cl3424,0.8494623655913979,8.850000000000001,-0.012520350101345556,0.002638029261661274,0.0
MgCl2-NaCl,Mg,cl3424,0.8494623655913979,8.95,-0.01373950507513455,0.0026093767540307394,0.0
MgCl2-NaCl,Mg,cl3424,0.8494623655913979,9.05,-0.011894287219416544,0.002370244391265427,0.0
MgCl2-NaCl,Mg,cl3424,0.8494623655913979,9.15,-0.012396443735964269,0.002539402077436199,0.0
MgCl2-NaCl,Mg,cl3424,0.8494623655913979,9.25,-0.009364316780533954,0.0018334883734800935,0.0
MgCl2-NaCl,Mg,cl3424,0.8494623655913979,9.350000000000001,-0.008196748469288417,0.0016258492799395422,0.0
MgCl2-NaCl,Mg,cl3424,0.8494623655913979,9.45,-0.006959389431935081,0.0036838691811922624,0.0
MgCl2-NaCl,Mg,cl3424,0.8494623655913979,9.55,-0.0034085784483650627,0.0032754344650241553,0.0
MgCl2-NaCl,Mg,cl3424,0.8494623655913979,9.650000000000002,-0.004158149791124277,0.0017157647454448242,0.0
MgCl2-NaCl,Mg,cl3424,0.8494623655913979,9.75,-0.0029984664820268403,0.0012144990601792147,0.0
MgCl2-NaCl,Mg,cl3424,0.8494623655913979,9.850000000000001,-0.0009382930600509987,0.0020437352757273633,0.0
MgCl2-NaCl,Mg,cl3424,0.8494623655913979,9.95,0.0008577894720774859,0.0027313297834335145,0.0
MgCl2-NaCl,Mg,cl3424,0.8494623655913979,10.05,0.0017564027975605079,0.0009240571400764146,0.0
MgCl2-NaCl,Mg,cl3424,0.8494623655913979,10.150000000000002,0.003332219014033022,0.0029090497225289745,0.0
MgCl2-NaCl,Mg,cl3424,0.8494623655913979,10.25,0.003930197853763917,0.0026501678635295588,0.0
MgCl2-NaCl,Mg,cl3424,0.8494623655913979,10.350000000000001,0.004223628204944707,0.0023526593243300216,0.0
MgCl2-NaCl,Mg,cl3424,0.8494623655913979,10.45,0.004676828843290903,0.0008284683704669328,0.0
MgCl2-NaCl,Mg,cl3424,0.8494623655913979,10.55,0.0038725554653030736,0.0008095007501813732,0.0
MgCl2-NaCl,Mg,cl3424,0.8494623655913979,10.650000000000002,0.00389049415468834,0.001900246794717622,0.0
MgCl2-NaCl,Mg,cl3424,0.8494623655913979,10.75,0.004342181784419252,0.001581247063190574,0.0
MgCl2-NaCl,Mg,cl3424,0.8494623655913979,10.850000000000001,0.003137558322994116,0.001678414662364168,0.0
MgCl2-NaCl,Mg,cl3424,0.8494623655913979,10.95,0.002760561420066643,0.000978519943507061,0.0
MgCl2-NaCl,Mg,cl3424,0.8494623655913979,11.05,0.0016353625650276093,0.0013413089726540097,0.0
MgCl2-NaCl,Mg,cl3424,0.8494623655913979,11.150000000000002,0.0023512117230877205,0.0017504186491629449,0.0
MgCl2-NaCl,Mg,cl3424,0.8494623655913979,11.25,0.0011722118101182843,0.0009340501229970465,0.0
MgCl2-NaCl,Mg,cl3424,0.8494623655913979,11.350000000000001,0.0014103480514676692,0.0010830442366672856,0.0
MgCl2-NaCl,Mg,cl3424,0.8494623655913979,11.45,-0.0006578908434693442,0.001426911924288894,0.0
MgCl2-NaCl,Mg,cl3424,0.8494623655913979,11.55,-0.0006850570652812138,0.0009945922537805147,0.0
MgCl2-NaCl,Mg,cl3424,0.8494623655913979,11.650000000000002,-0.0010774544497429428,0.0033683989034722986,0.0
MgCl2-NaCl,Mg,cl3424,0.8494623655913979,11.75,-0.0018844551429100243,0.0005052906335414796,0.0
MgCl2-NaCl,Mg,cl3424,0.8494623655913979,11.850000000000001,-0.002624291189786243,0.0014335709919320843,0.0
MgCl2-NaCl,Mg,cl3424,0.8494623655913979,11.95,-0.0033315232519144367,0.0022398075562792006,0.0
MgCl2-NaCl,Mg,cl3360,0.8947368421052632,0.05,nan,nan,0.0
MgCl2-NaCl,Mg,cl3360,0.8947368421052632,0.15000000000000002,nan,nan,0.0
MgCl2-NaCl,Mg,cl3360,0.8947368421052632,0.25,nan,nan,0.0
MgCl2-NaCl,Mg,cl3360,0.8947368421052632,0.35000000000000003,nan,nan,0.0
MgCl2-NaCl,Mg,cl3360,0.8947368421052632,0.45,nan,nan,0.0
MgCl2-NaCl,Mg,cl3360,0.8947368421052632,0.55,nan,nan,0.0
MgCl2-NaCl,Mg,cl3360,0.8947368421052632,0.6500000000000001,nan,nan,0.0
MgCl2-NaCl,Mg,cl3360,0.8947368421052632,0.75,nan,nan,0.0
MgCl2-NaCl,Mg,cl3360,0.8947368421052632,0.8500000000000001,nan,nan,0.0
MgCl2-NaCl,Mg,cl3360,0.8947368421052632,0.95,nan,nan,0.0
MgCl2-NaCl,Mg,cl3360,0.8947368421052632,1.05,nan,nan,0.0
MgCl2-NaCl,Mg,cl3360,0.8947368421052632,1.1500000000000001,nan,nan,0.0
MgCl2-NaCl,Mg,cl3360,0.8947368421052632,1.25,nan,nan,0.0
MgCl2-NaCl,Mg,cl3360,0.8947368421052632,1.35,nan,nan,0.0
MgCl2-NaCl,Mg,cl3360,0.8947368421052632,1.4500000000000002,nan,nan,0.0
MgCl2-NaCl,Mg,cl3360,0.8947368421052632,1.55,nan,nan,0.0
MgCl2-NaCl,Mg,cl3360,0.8947368421052632,1.6500000000000001,nan,nan,0.0
MgCl2-NaCl,Mg,cl3360,0.8947368421052632,1.75,nan,nan,0.0
MgCl2-NaCl,Mg,cl3360,0.8947368421052632,1.85,nan,nan,0.0
MgCl2-NaCl,Mg,cl3360,0.8947368421052632,1.9500000000000002,nan,nan,0.0
MgCl2-NaCl,Mg,cl3360,0.8947368421052632,2.05,nan,nan,0.0
MgCl2-NaCl,Mg,cl3360,0.8947368421052632,2.1500000000000004,nan,nan,0.0
MgCl2-NaCl,Mg,cl3360,0.8947368421052632,2.25,nan,nan,0.0
MgCl2-NaCl,Mg,cl3360,0.8947368421052632,2.3500000000000005,nan,nan,0.0
MgCl2-NaCl,Mg,cl3360,0.8947368421052632,2.45,-0.1172794117647058,0.0,0.0
MgCl2-NaCl,Mg,cl3360,0.8947368421052632,2.55,-0.1172794117647058,0.0,0.0
MgCl2-NaCl,Mg,cl3360,0.8947368421052632,2.6500000000000004,-0.0751179245283018,0.05648553399081775,0.0
MgCl2-NaCl,Mg,cl3360,0.8947368421052632,2.75,-0.10602218847236622,0.02896594451671722,0.0
MgCl2-NaCl,Mg,cl3360,0.8947368421052632,2.8500000000000005,-0.10321294435040196,0.005031755343280601,0.0
MgCl2-NaCl,Mg,cl3360,0.8947368421052632,2.95,-0.09384280927560895,0.014246096048932599,0.0
MgCl2-NaCl,Mg,cl3360,0.8947368421052632,3.05,-0.08719588295440861,0.004558545460303757,0.0
MgCl2-NaCl,Mg,cl3360,0.8947368421052632,3.1500000000000004,-0.09120126424734698,0.005787442726422779,0.0
MgCl2-NaCl,Mg,cl3360,0.8947368421052632,3.25,-0.09097433809228472,0.005380012738161165,0.0
MgCl2-NaCl,Mg,cl3360,0.8947368421052632,3.3500000000000005,-0.08688379116332956,0.00382916906113545,0.0
MgCl2-NaCl,Mg,cl3360,0.8947368421052632,3.45,-0.08445923228651298,0.0022923941516111014,0.0
MgCl2-NaCl,Mg,cl3360,0.8947368421052632,3.55,-0.08452440730017385,0.003840580327416935,0.0
MgCl2-NaCl,Mg,cl3360,0.8947368421052632,3.6500000000000004,-0.08390448850659271,0.002450388265068854,0.0
MgCl2-NaCl,Mg,cl3360,0.8947368421052632,3.75,-0.08204628760953914,0.0015096262579886081,0.0
MgCl2-NaCl,Mg,cl3360,0.8947368421052632,3.8500000000000005,-0.0809012404340006,0.0029816733588159867,0.0
MgCl2-NaCl,Mg,cl3360,0.8947368421052632,3.95,-0.07869585285583436,0.0023176784586189207,0.0
MgCl2-NaCl,Mg,cl3360,0.8947368421052632,4.050000000000001,-0.07661906609827862,0.002758118746358716,0.0
MgCl2-NaCl,Mg,cl3360,0.8947368421052632,4.15,-0.07301238115736841,0.0016965453060207166,0.0
MgCl2-NaCl,Mg,cl3360,0.8947368421052632,4.25,-0.0737976641948177,0.0019429358245481448,0.0
MgCl2-NaCl,Mg,cl3360,0.8947368421052632,4.35,-0.072088737251502,0.0011466895658757443,0.0
MgCl2-NaCl,Mg,cl3360,0.8947368421052632,4.45,-0.07136093276217292,0.0013796389248165264,0.0
MgCl2-NaCl,Mg,cl3360,0.8947368421052632,4.550000000000001,-0.06927756228125914,0.0020351836838861655,0.0
MgCl2-NaCl,Mg,cl3360,0.8947368421052632,4.65,-0.06932543948487258,0.0008195344703284201,0.0
MgCl2-NaCl,Mg,cl3360,0.8947368421052632,4.75,-0.06585308616404317,0.0031448804934559762,0.0
MgCl2-NaCl,Mg,cl3360,0.8947368421052632,4.8500000000000005,-0.06634911632628304,0.0034784984800645207,0.0
MgCl2-NaCl,Mg,cl3360,0.8947368421052632,4.95,-0.06379688255195748,0.00312631484442117,0.0
MgCl2-NaCl,Mg,cl3360,0.8947368421052632,5.050000000000001,-0.062348993142198994,0.0009686594344523866,0.0
MgCl2-NaCl,Mg,cl3360,0.8947368421052632,5.15,-0.05806280333419522,0.002635771429565166,0.0
MgCl2-NaCl,Mg,cl3360,0.8947368421052632,5.25,-0.052841188455321486,0.0025646548532646508,0.0
MgCl2-NaCl,Mg,cl3360,0.8947368421052632,5.3500000000000005,-0.045765249077882375,0.003848563186320347,0.0
MgCl2-NaCl,Mg,cl3360,0.8947368421052632,5.45,-0.03800323921310578,0.0013962203148639323,0.0
MgCl2-NaCl,Mg,cl3360,0.8947368421052632,5.550000000000001,-0.027596473150151013,0.0026503440060978976,0.0
MgCl2-NaCl,Mg,cl3360,0.8947368421052632,5.65,-0.018307178088713405,0.0018295428925925014,0.0
MgCl2-NaCl,Mg,cl3360,0.8947368421052632,5.75,-0.010736462736151253,0.004151764253906139,0.0
MgCl2-NaCl,Mg,cl3360,0.8947368421052632,5.8500000000000005,-0.0006066539103848356,0.006600694817630692,0.0
MgCl2-NaCl,Mg,cl3360,0.8947368421052632,5.95,0.00673775636802576,0.004145243776746073,0.0
MgCl2-NaCl,Mg,cl3360,0.8947368421052632,6.050000000000001,0.012669030740105724,0.003939935192909631,0.0
MgCl2-NaCl,Mg,cl3360,0.8947368421052632,6.15,0.020018003973670373,0.005688971806289147,0.0
MgCl2-NaCl,Mg,cl3360,0.8947368421052632,6.25,0.024110641185760118,0.0025300324679991587,0.0
MgCl2-NaCl,Mg,cl3360,0.8947368421052632,6.3500000000000005,0.028818367489654384,0.002309343071237553,0.0
MgCl2-NaCl,Mg,cl3360,0.8947368421052632,6.45,0.0322933376917639,0.0024174775405114567,0.0
MgCl2-NaCl,Mg,cl3360,0.8947368421052632,6.550000000000001,0.03577730116759603,0.0014625668544363743,0.0
MgCl2-NaCl,Mg,cl3360,0.8947368421052632,6.65,0.03315186465478537,0.0036428101371959332,0.0
MgCl2-NaCl,Mg,cl3360,0.8947368421052632,6.75,0.03668612222056489,0.004077368067143588,0.0
MgCl2-NaCl,Mg,cl3360,0.8947368421052632,6.8500000000000005,0.03223168997175385,0.0022716494932495347,0.0
MgCl2-NaCl,Mg,cl3360,0.8947368421052632,6.95,0.0318479999969038,0.0037635755902145933,0.0
MgCl2-NaCl,Mg,cl3360,0.8947368421052632,7.050000000000001,0.027660946190729674,0.002195091812986951,0.0
MgCl2-NaCl,Mg,cl3360,0.8947368421052632,7.15,0.028765312367388884,0.004145833891419816,0.0
MgCl2-NaCl,Mg,cl3360,0.8947368421052632,7.25,0.022190923296382614,0.0028231768557831806,0.0
MgCl2-NaCl,Mg,cl3360,0.8947368421052632,7.3500000000000005,0.0210569579094958,0.003634330481858259,0.0
MgCl2-NaCl,Mg,cl3360,0.8947368421052632,7.45,0.01787101999762608,0.0008075783731373778,0.0
MgCl2-NaCl,Mg,cl3360,0.8947368421052632,7.550000000000001,0.016100204220348746,0.0025766319485383813,0.0
MgCl2-NaCl,Mg,cl3360,0.8947368421052632,7.65,0.011627123795515337,0.0026320172716530485,0.0
MgCl2-NaCl,Mg,cl3360,0.8947368421052632,7.75,0.00753058807966267,0.0025586588822121173,0.0
MgCl2-NaCl,Mg,cl3360,0.8947368421052632,7.8500000000000005,0.0060069229144810166,0.00386446402166382,0.0
MgCl2-NaCl,Mg,cl3360,0.8947368421052632,7.95,0.0021138592289762226,0.0021191619655158717,0.0
MgCl2-NaCl,Mg,cl3360,0.8947368421052632,8.05,0.0009657384657384416,0.0036565955035796436,0.0
MgCl2-NaCl,Mg,cl3360,0.8947368421052632,8.15,-0.003021490364321977,0.0029255750035302895,0.0
MgCl2-NaCl,Mg,cl3360,0.8947368421052632,8.25,-0.00404338454461195,0.0030323983737245482,0.0
MgCl2-NaCl,Mg,cl3360,0.8947368421052632,8.350000000000001,-0.005998906933483816,0.0036517466835521667,0.0
MgCl2-NaCl,Mg,cl3360,0.8947368421052632,8.45,-0.006872051828296755,0.002983007406851883,0.0
MgCl2-NaCl,Mg,cl3360,0.8947368421052632,8.55,-0.008615636869494292,0.0027531076308932602,0.0
MgCl2-NaCl,Mg,cl3360,0.8947368421052632,8.65,-0.010041365365951016,0.0022386593522469877,0.0
MgCl2-NaCl,Mg,cl3360,0.8947368421052632,8.75,-0.0096761217254131,0.001559093802653351,0.0
MgCl2-NaCl,Mg,cl3360,0.8947368421052632,8.850000000000001,-0.008623353633617326,0.0034787744919402073,0.0
MgCl2-NaCl,Mg,cl3360,0.8947368421052632,8.95,-0.008096463258326247,0.002522792338088968,0.0
MgCl2-NaCl,Mg,cl3360,0.8947368421052632,9.05,-0.0069609144684261715,0.0017003313004257674,0.0
MgCl2-NaCl,Mg,cl3360,0.8947368421052632,9.15,-0.00778525991999901,0.002191428497409022,0.0
MgCl2-NaCl,Mg,cl3360,0.8947368421052632,9.25,-0.006704923942303376,0.0011627707383276864,0.0
MgCl2-NaCl,Mg,cl3360,0.8947368421052632,9.350000000000001,-0.004481371161504821,0.0013739227633193212,0.0
MgCl2-NaCl,Mg,cl3360,0.8947368421052632,9.45,-0.003325007992327267,0.001590401017908326,0.0
MgCl2-NaCl,Mg,cl3360,0.8947368421052632,9.55,-0.0037735653977566397,0.0009482031879375661,0.0
MgCl2-NaCl,Mg,cl3360,0.8947368421052632,9.650000000000002,-0.0005750464938789612,0.00142913423754466,0.0
MgCl2-NaCl,Mg,cl3360,0.8947368421052632,9.75,-0.0007631977781594745,0.001093051132294146,0.0
MgCl2-NaCl,Mg,cl3360,0.8947368421052632,9.850000000000001,0.0025856550933271993,0.0022428077453071943,0.0
MgCl2-NaCl,Mg,cl3360,0.8947368421052632,9.95,0.002253722053164986,0.002137855293104458,0.0
MgCl2-NaCl,Mg,cl3360,0.8947368421052632,10.05,0.002325806233803407,0.001930695120029138,0.0
MgCl2-NaCl,Mg,cl3360,0.8947368421052632,10.150000000000002,0.003932637228631464,0.0006820080718753275,0.0
MgCl2-NaCl,Mg,cl3360,0.8947368421052632,10.25,0.004131557987540058,0.0011752228576589218,0.0
MgCl2-NaCl,Mg,cl3360,0.8947368421052632,10.350000000000001,0.004712265704791885,0.0021064643846865675,0.0
MgCl2-NaCl,Mg,cl3360,0.8947368421052632,10.45,0.003853065653613319,0.001491860213100473,0.0
MgCl2-NaCl,Mg,cl3360,0.8947368421052632,10.55,0.005456728344703676,0.002048532069394239,0.0
MgCl2-NaCl,Mg,cl3360,0.8947368421052632,10.650000000000002,0.004365862791283592,0.0020455532162355784,0.0
MgCl2-NaCl,Mg,cl3360,0.8947368421052632,10.75,0.0037998215165023774,0.0019197934430056991,0.0
MgCl2-NaCl,Mg,cl3360,0.8947368421052632,10.850000000000001,0.005228866465249005,0.001603602261170812,0.0
MgCl2-NaCl,Mg,cl3360,0.8947368421052632,10.95,0.0045780090197827805,0.000991198797330428,0.0
MgCl2-NaCl,Mg,cl3360,0.8947368421052632,11.05,0.002325385563582194,0.0023729285965927863,0.0
MgCl2-NaCl,Mg,cl3360,0.8947368421052632,11.150000000000002,0.0019269319929033912,0.0011034014733501286,0.0
MgCl2-NaCl,Mg,cl3360,0.8947368421052632,11.25,0.0007668178731909947,0.0012583369577563177,0.0
MgCl2-NaCl,Mg,cl3360,0.8947368421052632,11.350000000000001,0.0015286366636675375,0.0019649493254069524,0.0
MgCl2-NaCl,Mg,cl3360,0.8947368421052632,11.45,0.0003596148791225051,0.0009459061816366149,0.0
MgCl2-NaCl,Mg,cl3360,0.8947368421052632,11.55,-0.0007103369929861714,0.0010023639021158029,0.0
MgCl2-NaCl,Mg,cl3360,0.8947368421052632,11.650000000000002,-0.0011475526383020185,0.002094204402978063,0.0
MgCl2-NaCl,Mg,cl3360,0.8947368421052632,11.75,-0.0006714875813929044,0.0017766814389180438,0.0
MgCl2-NaCl,Mg,cl3360,0.8947368421052632,11.850000000000001,-0.0010225928990856836,0.001340603147113601,0.0
MgCl2-NaCl,Mg,cl3360,0.8947368421052632,11.95,-0.0007363502399881927,0.0008133287009641071,0.0
MgCl2-NaCl,Mg,cl3296,0.9381443298969072,0.05,nan,nan,0.0
MgCl2-NaCl,Mg,cl3296,0.9381443298969072,0.15000000000000002,nan,nan,0.0
MgCl2-NaCl,Mg,cl3296,0.9381443298969072,0.25,nan,nan,0.0
MgCl2-NaCl,Mg,cl3296,0.9381443298969072,0.35000000000000003,nan,nan,0.0
MgCl2-NaCl,Mg,cl3296,0.9381443298969072,0.45,nan,nan,0.0
MgCl2-NaCl,Mg,cl3296,0.9381443298969072,0.55,nan,nan,0.0
MgCl2-NaCl,Mg,cl3296,0.9381443298969072,0.6500000000000001,nan,nan,0.0
MgCl2-NaCl,Mg,cl3296,0.9381443298969072,0.75,nan,nan,0.0
MgCl2-NaCl,Mg,cl3296,0.9381443298969072,0.8500000000000001,nan,nan,0.0
MgCl2-NaCl,Mg,cl3296,0.9381443298969072,0.95,nan,nan,0.0
MgCl2-NaCl,Mg,cl3296,0.9381443298969072,1.05,nan,nan,0.0
MgCl2-NaCl,Mg,cl3296,0.9381443298969072,1.1500000000000001,nan,nan,0.0
MgCl2-NaCl,Mg,cl3296,0.9381443298969072,1.25,nan,nan,0.0
MgCl2-NaCl,Mg,cl3296,0.9381443298969072,1.35,nan,nan,0.0
MgCl2-NaCl,Mg,cl3296,0.9381443298969072,1.4500000000000002,nan,nan,0.0
MgCl2-NaCl,Mg,cl3296,0.9381443298969072,1.55,nan,nan,0.0
MgCl2-NaCl,Mg,cl3296,0.9381443298969072,1.6500000000000001,nan,nan,0.0
MgCl2-NaCl,Mg,cl3296,0.9381443298969072,1.75,nan,nan,0.0
MgCl2-NaCl,Mg,cl3296,0.9381443298969072,1.85,nan,nan,0.0
MgCl2-NaCl,Mg,cl3296,0.9381443298969072,1.9500000000000002,nan,nan,0.0
MgCl2-NaCl,Mg,cl3296,0.9381443298969072,2.05,nan,nan,0.0
MgCl2-NaCl,Mg,cl3296,0.9381443298969072,2.1500000000000004,nan,nan,0.0
MgCl2-NaCl,Mg,cl3296,0.9381443298969072,2.25,nan,nan,0.0
MgCl2-NaCl,Mg,cl3296,0.9381443298969072,2.3500000000000005,-0.06559065934065922,nan,0.0
MgCl2-NaCl,Mg,cl3296,0.9381443298969072,2.45,-0.06559065934065922,nan,0.0
MgCl2-NaCl,Mg,cl3296,0.9381443298969072,2.55,-0.06559065934065922,0.0,0.0
MgCl2-NaCl,Mg,cl3296,0.9381443298969072,2.6500000000000004,-0.06559065934065922,0.0,0.0
MgCl2-NaCl,Mg,cl3296,0.9381443298969072,2.75,-0.06559065934065922,0.0,0.0
MgCl2-NaCl,Mg,cl3296,0.9381443298969072,2.8500000000000005,-0.06250199076286034,0.007624746081518494,0.0
MgCl2-NaCl,Mg,cl3296,0.9381443298969072,2.95,-0.06073049669828445,0.007021358927197814,0.0
MgCl2-NaCl,Mg,cl3296,0.9381443298969072,3.05,-0.05447247014380441,0.007210265819581447,0.0
MgCl2-NaCl,Mg,cl3296,0.9381443298969072,3.1500000000000004,-0.05633538436086205,0.007103234730045352,0.0
MgCl2-NaCl,Mg,cl3296,0.9381443298969072,3.25,-0.052783729706603166,0.003998320151909042,0.0
MgCl2-NaCl,Mg,cl3296,0.9381443298969072,3.3500000000000005,-0.05210508798934965,0.006515852255078939,0.0
MgCl2-NaCl,Mg,cl3296,0.9381443298969072,3.45,-0.05172802197802184,0.0019198512558829006,0.0
MgCl2-NaCl,Mg,cl3296,0.9381443298969072,3.55,-0.04998558540225195,0.004233223000307501,0.0
MgCl2-NaCl,Mg,cl3296,0.9381443298969072,3.6500000000000004,-0.04938544203952322,0.004264232976593576,0.0
MgCl2-NaCl,Mg,cl3296,0.9381443298969072,3.75,-0.04873789442661458,0.0023292999217743404,0.0
MgCl2-NaCl,Mg,cl3296,0.9381443298969072,3.8500000000000005,-0.04823138931395654,0.002551410802187165,0.0
MgCl2-NaCl,Mg,cl3296,0.9381443298969072,3.95,-0.047276235817642176,0.00403886039067398,0.0
MgCl2-NaCl,Mg,cl3296,0.9381443298969072,4.050000000000001,-0.04584205067751013,0.005520446978552585,0.0
MgCl2-NaCl,Mg,cl3296,0.9381443298969072,4.15,-0.04390444898275203,0.0033791139949271103,0.0
MgCl2-NaCl,Mg,cl3296,0.9381443298969072,4.25,-0.045394611369864224,0.00322994619728628,0.0
MgCl2-NaCl,Mg,cl3296,0.9381443298969072,4.35,-0.041726214755300806,0.003804961787683492,0.0
MgCl2-NaCl,Mg,cl3296,0.9381443298969072,4.45,-0.043897573740263374,0.003665383773909123,0.0
MgCl2-NaCl,Mg,cl3296,0.9381443298969072,4.550000000000001,-0.04012638537659852,0.0024154914949561235,0.0
MgCl2-NaCl,Mg,cl3296,0.9381443298969072,4.65,-0.03836366802955471,0.004023339925008868,0.0
MgCl2-NaCl,Mg,cl3296,0.9381443298969072,4.75,-0.04026664416317849,0.004058349118182183,0.0
MgCl2-NaCl,Mg,cl3296,0.9381443298969072,4.8500000000000005,-0.03962602295402795,0.002533346572683724,0.0
MgCl2-NaCl,Mg,cl3296,0.9381443298969072,4.95,-0.03782065014514391,0.00277484404965694,0.0
MgCl2-NaCl,Mg,cl3296,0.9381443298969072,5.050000000000001,-0.039155771719801225,0.0031675712954371384,0.0
MgCl2-NaCl,Mg,cl3296,0.9381443298969072,5.15,-0.035725587817830196,0.00382096798476564,0.0
MgCl2-NaCl,Mg,cl3296,0.9381443298969072,5.25,-0.03276046989717174,0.001568021379759225,0.0
MgCl2-NaCl,Mg,cl3296,0.9381443298969072,5.3500000000000005,-0.028881990906094668,0.003680987426294246,0.0
MgCl2-NaCl,Mg,cl3296,0.9381443298969072,5.45,-0.023995525776867588,0.0029342476239992187,0.0
MgCl2-NaCl,Mg,cl3296,0.9381443298969072,5.550000000000001,-0.01947420258303434,0.004762742385803227,0.0
MgCl2-NaCl,Mg,cl3296,0.9381443298969072,5.65,-0.017147707692625858,0.0025798917608180045,0.0
MgCl2-NaCl,Mg,cl3296,0.9381443298969072,5.75,-0.009690821473608224,0.002476076680361374,0.0
MgCl2-NaCl,Mg,cl3296,0.9381443298969072,5.8500000000000005,-0.005348444088992155,0.002857818954155874,0.0
MgCl2-NaCl,Mg,cl3296,0.9381443298969072,5.95,-3.9954211358050884e-05,0.006354112266558487,0.0
MgCl2-NaCl,Mg,cl3296,0.9381443298969072,6.050000000000001,0.003919494562841019,0.0053473858658898985,0.0
MgCl2-NaCl,Mg,cl3296,0.9381443298969072,6.15,0.006997664616221311,0.0050554097983948,0.0
MgCl2-NaCl,Mg,cl3296,0.9381443298969072,6.25,0.009168640059252886,0.003495121293002923,0.0
MgCl2-NaCl,Mg,cl3296,0.9381443298969072,6.3500000000000005,0.012960608374013582,0.006335724529085562,0.0
MgCl2-NaCl,Mg,cl3296,0.9381443298969072,6.45,0.018056890817440108,0.0032271294907008086,0.0
MgCl2-NaCl,Mg,cl3296,0.9381443298969072,6.550000000000001,0.015131394006533738,0.0018282203986736316,0.0
MgCl2-NaCl,Mg,cl3296,0.9381443298969072,6.65,0.014785877099353528,0.004051051713543166,0.0
MgCl2-NaCl,Mg,cl3296,0.9381443298969072,6.75,0.015625727424869118,0.0032152821504214885,0.0
MgCl2-NaCl,Mg,cl3296,0.9381443298969072,6.8500000000000005,0.015039119582001215,0.004434353217492887,0.0
MgCl2-NaCl,Mg,cl3296,0.9381443298969072,6.95,0.0130819435666375,0.002001480942697028,0.0
MgCl2-NaCl,Mg,cl3296,0.9381443298969072,7.050000000000001,0.012274394009778034,0.0044204705543165294,0.0
MgCl2-NaCl,Mg,cl3296,0.9381443298969072,7.15,0.011906547450626359,0.0026584302560167896,0.0
MgCl2-NaCl,Mg,cl3296,0.9381443298969072,7.25,0.011130701967176249,0.003392599158672056,0.0
MgCl2-NaCl,Mg,cl3296,0.9381443298969072,7.3500000000000005,0.008506607924717913,0.0035114702979123042,0.0
MgCl2-NaCl,Mg,cl3296,0.9381443298969072,7.45,0.006315142612123736,0.0025929056556980357,0.0
MgCl2-NaCl,Mg,cl3296,0.9381443298969072,7.550000000000001,0.006139452357664887,0.0021921905750834406,0.0
MgCl2-NaCl,Mg,cl3296,0.9381443298969072,7.65,0.00373347709191163,0.003543501900873897,0.0
MgCl2-NaCl,Mg,cl3296,0.9381443298969072,7.75,0.0039045223384324146,0.002172751484463363,0.0
MgCl2-NaCl,Mg,cl3296,0.9381443298969072,7.8500000000000005,4.0298531715721175e-05,0.0021897535261143613,0.0
MgCl2-NaCl,Mg,cl3296,0.9381443298969072,7.95,-0.0005671308576842282,0.0011855033630126333,0.0
MgCl2-NaCl,Mg,cl3296,0.9381443298969072,8.05,0.00022473477691564714,0.0031660898344610853,0.0
MgCl2-NaCl,Mg,cl3296,0.9381443298969072,8.15,-0.003643866953419783,0.0017407270218057938,0.0
MgCl2-NaCl,Mg,cl3296,0.9381443298969072,8.25,-0.0035988998694851393,0.0027806456881993217,0.0
MgCl2-NaCl,Mg,cl3296,0.9381443298969072,8.350000000000001,-0.004384533997162432,0.00251741427113043,0.0
MgCl2-NaCl,Mg,cl3296,0.9381443298969072,8.45,-0.005674131094095092,0.0026052324441086126,0.0
MgCl2-NaCl,Mg,cl3296,0.9381443298969072,8.55,-0.003943782371504723,0.0014792012519886462,0.0
MgCl2-NaCl,Mg,cl3296,0.9381443298969072,8.65,-0.006420593418372755,0.0016926365152666759,0.0
MgCl2-NaCl,Mg,cl3296,0.9381443298969072,8.75,-0.004210584231205017,0.002599484827254317,0.0
MgCl2-NaCl,Mg,cl3296,0.9381443298969072,8.850000000000001,-0.006044347674909911,0.002840025329854837,0.0
MgCl2-NaCl,Mg,cl3296,0.9381443298969072,8.95,-0.005337900718532573,0.003542528519190811,0.0
MgCl2-NaCl,Mg,cl3296,0.9381443298969072,9.05,-0.004118493066021411,0.0021407917475810448,0.0
MgCl2-NaCl,Mg,cl3296,0.9381443298969072,9.15,-0.0034797711826370925,0.0022880227746116446,0.0
MgCl2-NaCl,Mg,cl3296,0.9381443298969072,9.25,-0.001898922084399901,0.0014085035346770977,0.0
MgCl2-NaCl,Mg,cl3296,0.9381443298969072,9.350000000000001,-0.003240283947590683,0.000986380463945509,0.0
MgCl2-NaCl,Mg,cl3296,0.9381443298969072,9.45,-0.00020328890902887586,0.0020167351506273257,0.0
MgCl2-NaCl,Mg,cl3296,0.9381443298969072,9.55,-0.0005493063614379068,0.0038266174935731086,0.0
MgCl2-NaCl,Mg,cl3296,0.9381443298969072,9.650000000000002,-0.00018414232389529772,0.0022329265161388765,0.0
MgCl2-NaCl,Mg,cl3296,0.9381443298969072,9.75,0.001054297412577898,0.0025156897253145556,0.0
MgCl2-NaCl,Mg,cl3296,0.9381443298969072,9.850000000000001,0.0019139320711539787,0.0024435094042245605,0.0
MgCl2-NaCl,Mg,cl3296,0.9381443298969072,9.95,0.0016944611281020094,0.002423938990884908,0.0
MgCl2-NaCl,Mg,cl3296,0.9381443298969072,10.05,0.0029766041574726954,0.0016064713603505141,0.0
MgCl2-NaCl,Mg,cl3296,0.9381443298969072,10.150000000000002,0.0021669368747628814,0.001672170446794277,0.0
MgCl2-NaCl,Mg,cl3296,0.9381443298969072,10.25,0.003328161915044814,0.001937622137492999,0.0
MgCl2-NaCl,Mg,cl3296,0.9381443298969072,10.350000000000001,0.003501552628666027,0.001374158809773535,0.0
MgCl2-NaCl,Mg,cl3296,0.9381443298969072,10.45,0.0047769481363232336,0.001511868073233213,0.0
MgCl2-NaCl,Mg,cl3296,0.9381443298969072,10.55,0.0038782327426245544,0.0027321703705109547,0.0
MgCl2-NaCl,Mg,cl3296,0.9381443298969072,10.650000000000002,0.003862925713907117,0.0010702795311094957,0.0
MgCl2-NaCl,Mg,cl3296,0.9381443298969072,10.75,0.0034943657636148373,0.0018854383212368513,0.0
MgCl2-NaCl,Mg,cl3296,0.9381443298969072,10.850000000000001,0.002792311130983327,0.0014889474608373698,0.0
MgCl2-NaCl,Mg,cl3296,0.9381443298969072,10.95,0.0006956547691941983,0.002024118608026025,0.0
MgCl2-NaCl,Mg,cl3296,0.9381443298969072,11.05,0.0009770814072704859,0.0012352164163391551,0.0
MgCl2-NaCl,Mg,cl3296,0.9381443298969072,11.150000000000002,0.0005457760396347933,0.002509074339220607,0.0
MgCl2-NaCl,Mg,cl3296,0.9381443298969072,11.25,0.00040512660073244167,0.0005807700082826435,0.0
MgCl2-NaCl,Mg,cl3296,0.9381443298969072,11.350000000000001,-0.0011215800001356246,0.0018652758768820628,0.0
MgCl2-NaCl,Mg,cl3296,0.9381443298969072,11.45,-0.00042123090191514834,0.0019461184055859664,0.0
MgCl2-NaCl,Mg,cl3296,0.9381443298969072,11.55,-0.0022919108137733346,0.0016736918166234838,0.0
MgCl2-NaCl,Mg,cl3296,0.9381443298969072,11.650000000000002,-0.001678367723596308,0.0016224146069234522,0.0
MgCl2-NaCl,Mg,cl3296,0.9381443298969072,11.75,-0.0025974136913091694,0.002157453293192852,0.0
MgCl2-NaCl,Mg,cl3296,0.9381443298969072,11.850000000000001,-0.002088369639542842,0.0012435170616531214,0.0
MgCl2-NaCl,Mg,cl3296,0.9381443298969072,11.95,-0.0018770877378335715,0.0015866982757407103,0.0
MgCl2-NaCl,Mg,cl3264,0.9591836734693877,0.05,nan,nan,0.0
MgCl2-NaCl,Mg,cl3264,0.9591836734693877,0.15000000000000002,nan,nan,0.0
MgCl2-NaCl,Mg,cl3264,0.9591836734693877,0.25,nan,nan,0.0
MgCl2-NaCl,Mg,cl3264,0.9591836734693877,0.35000000000000003,nan,nan,0.0
MgCl2-NaCl,Mg,cl3264,0.9591836734693877,0.45,nan,nan,0.0
MgCl2-NaCl,Mg,cl3264,0.9591836734693877,0.55,nan,nan,0.0
MgCl2-NaCl,Mg,cl3264,0.9591836734693877,0.6500000000000001,nan,nan,0.0
MgCl2-NaCl,Mg,cl3264,0.9591836734693877,0.75,nan,nan,0.0
MgCl2-NaCl,Mg,cl3264,0.9591836734693877,0.8500000000000001,nan,nan,0.0
MgCl2-NaCl,Mg,cl3264,0.9591836734693877,0.95,nan,nan,0.0
MgCl2-NaCl,Mg,cl3264,0.9591836734693877,1.05,nan,nan,0.0
MgCl2-NaCl,Mg,cl3264,0.9591836734693877,1.1500000000000001,nan,nan,0.0
MgCl2-NaCl,Mg,cl3264,0.9591836734693877,1.25,nan,nan,0.0
MgCl2-NaCl,Mg,cl3264,0.9591836734693877,1.35,nan,nan,0.0
MgCl2-NaCl,Mg,cl3264,0.9591836734693877,1.4500000000000002,nan,nan,0.0
MgCl2-NaCl,Mg,cl3264,0.9591836734693877,1.55,nan,nan,0.0
MgCl2-NaCl,Mg,cl3264,0.9591836734693877,1.6500000000000001,nan,nan,0.0
MgCl2-NaCl,Mg,cl3264,0.9591836734693877,1.75,nan,nan,0.0
MgCl2-NaCl,Mg,cl3264,0.9591836734693877,1.85,nan,nan,0.0
MgCl2-NaCl,Mg,cl3264,0.9591836734693877,1.9500000000000002,nan,nan,0.0
MgCl2-NaCl,Mg,cl3264,0.9591836734693877,2.05,nan,nan,0.0
MgCl2-NaCl,Mg,cl3264,0.9591836734693877,2.1500000000000004,nan,nan,0.0
MgCl2-NaCl,Mg,cl3264,0.9591836734693877,2.25,nan,nan,0.0
MgCl2-NaCl,Mg,cl3264,0.9591836734693877,2.3500000000000005,nan,nan,0.0
MgCl2-NaCl,Mg,cl3264,0.9591836734693877,2.45,-0.04222074468085113,0.0,0.0
MgCl2-NaCl,Mg,cl3264,0.9591836734693877,2.55,-0.04222074468085113,0.0,0.0
MgCl2-NaCl,Mg,cl3264,0.9591836734693877,2.6500000000000004,-0.04222074468085113,0.0,0.0
MgCl2-NaCl,Mg,cl3264,0.9591836734693877,2.75,-0.04222074468085113,0.0,0.0
MgCl2-NaCl,Mg,cl3264,0.9591836734693877,2.8500000000000005,-0.04222074468085113,0.0,0.0
MgCl2-NaCl,Mg,cl3264,0.9591836734693877,2.95,-0.031549542516883244,0.009786859041843017,0.0
MgCl2-NaCl,Mg,cl3264,0.9591836734693877,3.05,-0.03474665169110791,0.0084486314856304,0.0
MgCl2-NaCl,Mg,cl3264,0.9591836734693877,3.1500000000000004,-0.03515783408580919,0.0029245250951434416,0.0
MgCl2-NaCl,Mg,cl3264,0.9591836734693877,3.25,-0.0351919048890732,0.003503933336085515,0.0
MgCl2-NaCl,Mg,cl3264,0.9591836734693877,3.3500000000000005,-0.03383534967979829,0.003562202414026219,0.0
MgCl2-NaCl,Mg,cl3264,0.9591836734693877,3.45,-0.03370615519378228,0.001915234677178535,0.0
MgCl2-NaCl,Mg,cl3264,0.9591836734693877,3.55,-0.033189138890319825,0.0032913605429502973,0.0
MgCl2-NaCl,Mg,cl3264,0.9591836734693877,3.6500000000000004,-0.03397931815758981,0.0022744240674710775,0.0
MgCl2-NaCl,Mg,cl3264,0.9591836734693877,3.75,-0.03208193527994729,0.001188901497638486,0.0
MgCl2-NaCl,Mg,cl3264,0.9591836734693877,3.8500000000000005,-0.03240735138252271,0.0020742534527889906,0.0
MgCl2-NaCl,Mg,cl3264,0.9591836734693877,3.95,-0.029900440347719437,0.003092168768593636,0.0
MgCl2-NaCl,Mg,cl3264,0.9591836734693877,4.050000000000001,-0.030880364334032517,0.0026497884147243644,0.0
MgCl2-NaCl,Mg,cl3264,0.9591836734693877,4.15,-0.029304063970553962,0.0030196102579804723,0.0
MgCl2-NaCl,Mg,cl3264,0.9591836734693877,4.25,-0.02882643575761068,0.0020851877858131685,0.0
MgCl2-NaCl,Mg,cl3264,0.9591836734693877,4.35,-0.030021723241838494,0.0017107809228659935,0.0
MgCl2-NaCl,Mg,cl3264,0.9591836734693877,4.45,-0.027865551506905728,0.0029225408206613405,0.0
MgCl2-NaCl,Mg,cl3264,0.9591836734693877,4.550000000000001,-0.027081031286723567,0.004056271372243357,0.0
MgCl2-NaCl,Mg,cl3264,0.9591836734693877,4.65,-0.027054232986147397,0.0018864722084908738,0.0
MgCl2-NaCl,Mg,cl3264,0.9591836734693877,4.75,-0.02803212539238431,0.0033724736417974316,0.0
MgCl2-NaCl,Mg,cl3264,0.9591836734693877,4.8500000000000005,-0.027792106528808036,0.0031692804006024553,0.0
MgCl2-NaCl,Mg,cl3264,0.9591836734693877,4.95,-0.026030343121659305,0.0011299338236990626,0.0
MgCl2-NaCl,Mg,cl3264,0.9591836734693877,5.050000000000001,-0.024536567051479885,0.0014299671582590052,0.0
MgCl2-NaCl,Mg,cl3264,0.9591836734693877,5.15,-0.022609821041716494,0.0010234296542479683,0.0
MgCl2-NaCl,Mg,cl3264,0.9591836734693877,5.25,-0.02162813311348799,0.0020501534979544835,0.0
MgCl2-NaCl,Mg,cl3264,0.9591836734693877,5.3500000000000005,-0.018730885664961727,0.0020455693784620665,0.0
MgCl2-NaCl,Mg,cl3264,0.9591836734693877,5.45,-0.01538977239879924,0.004232886666328432,0.0
MgCl2-NaCl,Mg,cl3264,0.9591836734693877,5.550000000000001,-0.015013108909921469,0.0021716795742169246,0.0
MgCl2-NaCl,Mg,cl3264,0.9591836734693877,5.65,-0.010588249139786843,0.0029185036691243933,0.0
MgCl2-NaCl,Mg,cl3264,0.9591836734693877,5.75,-0.009502564498848232,0.003360718746854498,0.0
MgCl2-NaCl,Mg,cl3264,0.9591836734693877,5.8500000000000005,-0.003943925876439991,0.0037344997518571257,0.0
MgCl2-NaCl,Mg,cl3264,0.9591836734693877,5.95,-0.00258235803272866,0.0033231129172230003,0.0
MgCl2-NaCl,Mg,cl3264,0.9591836734693877,6.050000000000001,0.0014319499531419977,0.0029192852011816297,0.0
MgCl2-NaCl,Mg,cl3264,0.9591836734693877,6.15,0.007159316770868895,0.00622223924933143,0.0
MgCl2-NaCl,Mg,cl3264,0.9591836734693877,6.25,0.005732096207580306,0.004723374745526349,0.0
MgCl2-NaCl,Mg,cl3264,0.9591836734693877,6.3500000000000005,0.0076525244593783626,0.0018999276673726001,0.0
MgCl2-NaCl,Mg,cl3264,0.9591836734693877,6.45,0.009680570471571004,0.0018709704741167585,0.0
MgCl2-NaCl,Mg,cl3264,0.9591836734693877,6.550000000000001,0.011680080999495801,0.0018942488878835836,0.0
MgCl2-NaCl,Mg,cl3264,0.9591836734693877,6.65,0.011706716584873322,0.0016630819872892496,0.0
MgCl2-NaCl,Mg,cl3264,0.9591836734693877,6.75,0.010375556042003575,0.002547448446708027,0.0
MgCl2-NaCl,Mg,cl3264,0.9591836734693877,6.8500000000000005,0.010674648257298913,0.0036272299073884604,0.0
MgCl2-NaCl,Mg,cl3264,0.9591836734693877,6.95,0.009649285700618848,0.0032932094551608618,0.0
MgCl2-NaCl,Mg,cl3264,0.9591836734693877,7.050000000000001,0.010376776016773337,0.001533250448737352,0.0
MgCl2-NaCl,Mg,cl3264,0.9591836734693877,7.15,0.009883216415423779,0.003061014075403042,0.0
MgCl2-NaCl,Mg,cl3264,0.9591836734693877,7.25,0.007465705442133985,0.0035162171213141994,0.0
MgCl2-NaCl,Mg,cl3264,0.9591836734693877,7.3500000000000005,0.005938443594452836,0.0022966747646293055,0.0
MgCl2-NaCl,Mg,cl3264,0.9591836734693877,7.45,0.004567244909380985,0.001908571554449573,0.0
MgCl2-NaCl,Mg,cl3264,0.9591836734693877,7.550000000000001,0.0038938305790775507,0.0018858692361172374,0.0
MgCl2-NaCl,Mg,cl3264,0.9591836734693877,7.65,0.004876969060832237,0.0016628493594592786,0.0
MgCl2-NaCl,Mg,cl3264,0.9591836734693877,7.75,0.00247412135845293,0.0032522890735940534,0.0
MgCl2-NaCl,Mg,cl3264,0.9591836734693877,7.8500000000000005,0.0018253215934244116,0.0008678568892891595,0.0
MgCl2-NaCl,Mg,cl3264,0.9591836734693877,7.95,-0.0008390378145892718,0.0015797283768634349,0.0
MgCl2-NaCl,Mg,cl3264,0.9591836734693877,8.05,-0.0005986939054722917,0.002362003812043316,0.0
MgCl2-NaCl,Mg,cl3264,0.9591836734693877,8.15,-0.001425736151166701,0.0010143213474293083,0.0
MgCl2-NaCl,Mg,cl3264,0.9591836734693877,8.25,-0.0004151839599229046,0.0033366391837768164,0.0
MgCl2-NaCl,Mg,cl3264,0.9591836734693877,8.350000000000001,-0.0013802341044037991,0.002342905280401773,0.0
MgCl2-NaCl,Mg,cl3264,0.9591836734693877,8.45,-0.003712364136921442,0.002175236754537929,0.0
MgCl2-NaCl,Mg,cl3264,0.9591836734693877,8.55,-0.004048938193816465,0.00199142675782664,0.0
MgCl2-NaCl,Mg,cl3264,0.9591836734693877,8.65,-0.0028497169912999887,0.0016219872871089819,0.0
MgCl2-NaCl,Mg,cl3264,0.9591836734693877,8.75,-0.004337570180910744,0.002622368835059281,0.0
MgCl2-NaCl,Mg,cl3264,0.9591836734693877,8.850000000000001,-0.0023506422235901603,0.002077326736258347,0.0
MgCl2-NaCl,Mg,cl3264,0.9591836734693877,8.95,-0.0027269390387765213,0.001985016601492184,0.0
MgCl2-NaCl,Mg,cl3264,0.9591836734693877,9.05,-0.0026656794093948832,0.00278866954591814,0.0
MgCl2-NaCl,Mg,cl3264,0.9591836734693877,9.15,-0.0022145340719808004,0.0013967386120853581,0.0
MgCl2-NaCl,Mg,cl3264,0.9591836734693877,9.25,-0.0021467509329584633,0.0008814560908514991,0.0
MgCl2-NaCl,Mg,cl3264,0.9591836734693877,9.350000000000001,-0.0012146258167358148,0.0022052853975347542,0.0
MgCl2-NaCl,Mg,cl3264,0.9591836734693877,9.45,-0.0007227367583022559,0.0020744475535439473,0.0
MgCl2-NaCl,Mg,cl3264,0.9591836734693877,9.55,-0.0009956368501935486,0.0011876103174574175,0.0
MgCl2-NaCl,Mg,cl3264,0.9591836734693877,9.650000000000002,-0.001097517434512696,0.0014640763812786073,0.0
MgCl2-NaCl,Mg,cl3264,0.9591836734693877,9.75,0.00018602288836599978,0.001522680468385648,0.0
MgCl2-NaCl,Mg,cl3264,0.9591836734693877,9.850000000000001,0.0007139389218653314,0.001431056784859356,0.0
MgCl2-NaCl,Mg,cl3264,0.9591836734693877,9.95,0.0021303017399959545,0.0013160484124338072,0.0
MgCl2-NaCl,Mg,cl3264,0.9591836734693877,10.05,0.00247829715554726,0.0019796377447021097,0.0
MgCl2-NaCl,Mg,cl3264,0.9591836734693877,10.150000000000002,0.0023268729887914175,0.0015592659877959436,0.0
MgCl2-NaCl,Mg,cl3264,0.9591836734693877,10.25,0.003619045564376977,0.0010610179972110867,0.0
MgCl2-NaCl,Mg,cl3264,0.9591836734693877,10.350000000000001,0.0029398964342747247,0.0016576116381518935,0.0
MgCl2-NaCl,Mg,cl3264,0.9591836734693877,10.45,0.0016879545118692052,0.0009959132825762133,0.0
MgCl2-NaCl,Mg,cl3264,0.9591836734693877,10.55,0.0012068448756600292,0.0027255510501382283,0.0
MgCl2-NaCl,Mg,cl3264,0.9591836734693877,10.650000000000002,0.002626791943109219,0.0006516138601221262,0.0
MgCl2-NaCl,Mg,cl3264,0.9591836734693877,10.75,0.0017541561944388606,0.0018462362572168468,0.0
MgCl2-NaCl,Mg,cl3264,0.9591836734693877,10.850000000000001,0.0018036784284866103,0.001211903966758069,0.0
MgCl2-NaCl,Mg,cl3264,0.9591836734693877,10.95,0.0015145343331668393,0.000429383981870591,0.0
MgCl2-NaCl,Mg,cl3264,0.9591836734693877,11.05,0.0021052748043143277,0.001023890917721081,0.0
MgCl2-NaCl,Mg,cl3264,0.9591836734693877,11.150000000000002,-0.00018788222232712926,0.001005196258278891,0.0
MgCl2-NaCl,Mg,cl3264,0.9591836734693877,11.25,0.0011500073608941008,0.001582287936066336,0.0
MgCl2-NaCl,Mg,cl3264,0.9591836734693877,11.350000000000001,0.0007958426976564237,0.0016778188442741664,0.0
MgCl2-NaCl,Mg,cl3264,0.9591836734693877,11.45,0.000695087329116939,0.0011446533352672454,0.0
MgCl2-NaCl,Mg,cl3264,0.9591836734693877,11.55,0.0007857629035279423,0.0017259461712595165,0.0
MgCl2-NaCl,Mg,cl3264,0.9591836734693877,11.650000000000002,-0.0007956127234300947,0.0008791412144480407,0.0
MgCl2-NaCl,Mg,cl3264,0.9591836734693877,11.75,-0.0010179109634804728,0.0016001557240318861,0.0
MgCl2-NaCl,Mg,cl3264,0.9591836734693877,11.850000000000001,-0.00018395616175559404,0.0010038077552215494,0.0
MgCl2-NaCl,Mg,cl3264,0.9591836734693877,11.95,-0.00030847768074715454,0.0018858864348658918,0.0
MgCl2-NaCl,Mg,cl3232,0.9797979797979798,0.05,nan,nan,0.0
MgCl2-NaCl,Mg,cl3232,0.9797979797979798,0.15000000000000002,nan,nan,0.0
MgCl2-NaCl,Mg,cl3232,0.9797979797979798,0.25,nan,nan,0.0
MgCl2-NaCl,Mg,cl3232,0.9797979797979798,0.35000000000000003,nan,nan,0.0
MgCl2-NaCl,Mg,cl3232,0.9797979797979798,0.45,nan,nan,0.0
MgCl2-NaCl,Mg,cl3232,0.9797979797979798,0.55,nan,nan,0.0
MgCl2-NaCl,Mg,cl3232,0.9797979797979798,0.6500000000000001,nan,nan,0.0
MgCl2-NaCl,Mg,cl3232,0.9797979797979798,0.75,nan,nan,0.0
MgCl2-NaCl,Mg,cl3232,0.9797979797979798,0.8500000000000001,nan,nan,0.0
MgCl2-NaCl,Mg,cl3232,0.9797979797979798,0.95,nan,nan,0.0
MgCl2-NaCl,Mg,cl3232,0.9797979797979798,1.05,nan,nan,0.0
MgCl2-NaCl,Mg,cl3232,0.9797979797979798,1.1500000000000001,nan,nan,0.0
MgCl2-NaCl,Mg,cl3232,0.9797979797979798,1.25,nan,nan,0.0
MgCl2-NaCl,Mg,cl3232,0.9797979797979798,1.35,nan,nan,0.0
MgCl2-NaCl,Mg,cl3232,0.9797979797979798,1.4500000000000002,nan,nan,0.0
MgCl2-NaCl,Mg,cl3232,0.9797979797979798,1.55,nan,nan,0.0
MgCl2-NaCl,Mg,cl3232,0.9797979797979798,1.6500000000000001,nan,nan,0.0
MgCl2-NaCl,Mg,cl3232,0.9797979797979798,1.75,nan,nan,0.0
MgCl2-NaCl,Mg,cl3232,0.9797979797979798,1.85,nan,nan,0.0
MgCl2-NaCl,Mg,cl3232,0.9797979797979798,1.9500000000000002,nan,nan,0.0
MgCl2-NaCl,Mg,cl3232,0.9797979797979798,2.05,nan,nan,0.0
MgCl2-NaCl,Mg,cl3232,0.9797979797979798,2.1500000000000004,nan,nan,0.0
MgCl2-NaCl,Mg,cl3232,0.9797979797979798,2.25,nan,nan,0.0
MgCl2-NaCl,Mg,cl3232,0.9797979797979798,2.3500000000000005,-0.02029639175257736,nan,0.0
MgCl2-NaCl,Mg,cl3232,0.9797979797979798,2.45,-0.02029639175257736,0.0,0.0
MgCl2-NaCl,Mg,cl3232,0.9797979797979798,2.55,-0.02029639175257736,0.0,0.0
MgCl2-NaCl,Mg,cl3232,0.9797979797979798,2.6500000000000004,-0.02029639175257736,0.0,0.0
MgCl2-NaCl,Mg,cl3232,0.9797979797979798,2.75,-0.02029639175257736,0.0,0.0
MgCl2-NaCl,Mg,cl3232,0.9797979797979798,2.8500000000000005,-0.02029639175257736,0.0,0.0
MgCl2-NaCl,Mg,cl3232,0.9797979797979798,2.95,-0.02029639175257736,0.0,0.0
MgCl2-NaCl,Mg,cl3232,0.9797979797979798,3.05,-0.018583047685822196,0.0038668679477229825,0.0
MgCl2-NaCl,Mg,cl3232,0.9797979797979798,3.1500000000000004,-0.01945802166896793,0.001858616773243603,0.0
MgCl2-NaCl,Mg,cl3232,0.9797979797979798,3.25,-0.018282483256643278,0.00213973017049366,0.0
MgCl2-NaCl,Mg,cl3232,0.9797979797979798,3.3500000000000005,-0.015784657866116047,0.0013961032363970667,0.0
MgCl2-NaCl,Mg,cl3232,0.9797979797979798,3.45,-0.017388289780908117,0.0013153785633443352,0.0
MgCl2-NaCl,Mg,cl3232,0.9797979797979798,3.55,-0.015159378787472422,0.0036514726459747687,0.0
MgCl2-NaCl,Mg,cl3232,0.9797979797979798,3.6500000000000004,-0.01626029908297899,0.0020675628088388607,0.0
MgCl2-NaCl,Mg,cl3232,0.9797979797979798,3.75,-0.014695278581711158,0.001710680010654365,0.0
MgCl2-NaCl,Mg,cl3232,0.9797979797979798,3.8500000000000005,-0.015385731640558564,0.00216339390784453,0.0
MgCl2-NaCl,Mg,cl3232,0.9797979797979798,3.95,-0.014753493535825779,0.001474179809134024,0.0
MgCl2-NaCl,Mg,cl3232,0.9797979797979798,4.050000000000001,-0.014588845804591966,0.003278813014628461,0.0
MgCl2-NaCl,Mg,cl3232,0.9797979797979798,4.15,-0.015473891437066678,0.002259729343883682,0.0
MgCl2-NaCl,Mg,cl3232,0.9797979797979798,4.25,-0.01361170726227412,0.0022440711740600947,0.0
MgCl2-NaCl,Mg,cl3232,0.9797979797979798,4.35,-0.013116787259550122,0.002911648885719791,0.0
MgCl2-NaCl,Mg,cl3232,0.9797979797979798,4.45,-0.014234952276843016,0.0019339019759576652,0.0
MgCl2-NaCl,Mg,cl3232,0.9797979797979798,4.550000000000001,-0.013946285674831582,0.0013037055970568604,0.0
MgCl2-NaCl,Mg,cl3232,0.9797979797979798,4.65,-0.012825746985846598,0.0024391005289685214,0.0
MgCl2-NaCl,Mg,cl3232,0.9797979797979798,4.75,-0.013617322874135862,0.0015795478469889076,0.0
MgCl2-NaCl,Mg,cl3232,0.9797979797979798,4.8500000000000005,-0.010935444995821664,0.0025939854952816365,0.0
MgCl2-NaCl,Mg,cl3232,0.9797979797979798,4.95,-0.010653731904844532,0.002424760025718765,0.0
MgCl2-NaCl,Mg,cl3232,0.9797979797979798,5.050000000000001,-0.01156073087385634,0.002579676146919999,0.0
MgCl2-NaCl,Mg,cl3232,0.9797979797979798,5.15,-0.01243169923051668,0.002342198675445266,0.0
MgCl2-NaCl,Mg,cl3232,0.9797979797979798,5.25,-0.011037803805639124,0.0015363028221508372,0.0
MgCl2-NaCl,Mg,cl3232,0.9797979797979798,5.3500000000000005,-0.008752930384262392,0.0036193449957339936,0.0
MgCl2-NaCl,Mg,cl3232,0.9797979797979798,5.45,-0.007769602216961546,0.00423631114110367,0.0
MgCl2-NaCl,Mg,cl3232,0.9797979797979798,5.550000000000001,-0.005975681059681381,0.0056377033925550015,0.0
MgCl2-NaCl,Mg,cl3232,0.9797979797979798,5.65,-0.006706707247849719,0.0042952432686045984,0.0
MgCl2-NaCl,Mg,cl3232,0.9797979797979798,5.75,-0.001811982717245142,0.005303643939173638,0.0
MgCl2-NaCl,Mg,cl3232,0.9797979797979798,5.8500000000000005,-0.002338665215794844,0.0026735647368567846,0.0
MgCl2-NaCl,Mg,cl3232,0.9797979797979798,5.95,-0.0028851905281306323,0.0018743636783612283,0.0
MgCl2-NaCl,Mg,cl3232,0.9797979797979798,6.050000000000001,-7.240354122917125e-07,0.0034697542248713917,0.0
MgCl2-NaCl,Mg,cl3232,0.9797979797979798,6.15,0.00028730436714463625,0.006022193150944937,0.0
MgCl2-NaCl,Mg,cl3232,0.9797979797979798,6.25,0.0020607004969811493,0.004164404313337745,0.0
MgCl2-NaCl,Mg,cl3232,0.9797979797979798,6.3500000000000005,0.0012731334578084397,0.005099920756301999,0.0
MgCl2-NaCl,Mg,cl3232,0.9797979797979798,6.45,0.0012776144164849956,0.005509863919505651,0.0
MgCl2-NaCl,Mg,cl3232,0.9797979797979798,6.550000000000001,0.002865437417931438,0.003936487140741191,0.0
MgCl2-NaCl,Mg,cl3232,0.9797979797979798,6.65,0.007414240436606656,0.004054710902993406,0.0
MgCl2-NaCl,Mg,cl3232,0.9797979797979798,6.75,0.002794622030791727,0.004100950855559573,0.0
MgCl2-NaCl,Mg,cl3232,0.9797979797979798,6.8500000000000005,0.00375391013401305,0.002581643169249235,0.0
MgCl2-NaCl,Mg,cl3232,0.9797979797979798,6.95,0.0031652460882307665,0.0028192892075605044,0.0
MgCl2-NaCl,Mg,cl3232,0.9797979797979798,7.050000000000001,0.003088822137146119,0.0018981362791019316,0.0
MgCl2-NaCl,Mg,cl3232,0.9797979797979798,7.15,0.002623376235395103,0.0028642210771201476,0.0
MgCl2-NaCl,Mg,cl3232,0.9797979797979798,7.25,0.003439548938211301,0.0028586442522429,0.0
MgCl2-NaCl,Mg,cl3232,0.9797979797979798,7.3500000000000005,0.0010609066475717466,0.001910294262846228,0.0
MgCl2-NaCl,Mg,cl3232,0.9797979797979798,7.45,0.001019484540049076,0.00400756049932843,0.0
MgCl2-NaCl,Mg,cl3232,0.9797979797979798,7.550000000000001,5.427677654312735e-05,0.002104947161970671,0.0
MgCl2-NaCl,Mg,cl3232,0.9797979797979798,7.65,0.00025156414387705883,0.00201616981126049,0.0
MgCl2-NaCl,Mg,cl3232,0.9797979797979798,7.75,0.0006180727185882695,0.001149011871990474,0.0
MgCl2-NaCl,Mg,cl3232,0.9797979797979798,7.8500000000000005,0.00010109574282091138,0.0022557443958943543,0.0
MgCl2-NaCl,Mg,cl3232,0.9797979797979798,7.95,-0.0007000299290305101,0.0027734172929806296,0.0
MgCl2-NaCl,Mg,cl3232,0.9797979797979798,8.05,-0.0007152554334379779,0.002227227664864096,0.0
MgCl2-NaCl,Mg,cl3232,0.9797979797979798,8.15,-0.0016508338589809046,0.002315506167051136,0.0
MgCl2-NaCl,Mg,cl3232,0.9797979797979798,8.25,-0.0008875269546286813,0.0010324505715841794,0.0
MgCl2-NaCl,Mg,cl3232,0.9797979797979798,8.350000000000001,-0.0015376914282148046,0.0019504126754040806,0.0
MgCl2-NaCl,Mg,cl3232,0.9797979797979798,8.45,-0.0003155176874209964,0.0029796991144516003,0.0
MgCl2-NaCl,Mg,cl3232,0.9797979797979798,8.55,-0.0012946491306784491,0.0014865229586995,0.0
MgCl2-NaCl,Mg,cl3232,0.9797979797979798,8.65,-0.001146798398884874,0.0014274674056963146,0.0
MgCl2-NaCl,Mg,cl3232,0.9797979797979798,8.75,-0.0024528621084907165,0.002453854305522381,0.0
MgCl2-NaCl,Mg,cl3232,0.9797979797979798,8.850000000000001,-0.0005305948034910468,0.0027573560769098937,0.0
MgCl2-NaCl,Mg,cl3232,0.9797979797979798,8.95,-0.0014592208260586492,0.0017427652041174743,0.0
MgCl2-NaCl,Mg,cl3232,0.9797979797979798,9.05,-0.0018161273728236615,0.002280718512777336,0.0
MgCl2-NaCl,Mg,cl3232,0.9797979797979798,9.15,-0.001835455423613075,0.0026175029095310623,0.0
MgCl2-NaCl,Mg,cl3232,0.9797979797979798,9.25,-0.0016578338836483741,0.0016497729894794188,0.0
MgCl2-NaCl,Mg,cl3232,0.9797979797979798,9.350000000000001,-0.0016130485931178384,0.003606790324975125,0.0
MgCl2-NaCl,Mg,cl3232,0.9797979797979798,9.45,-0.0007879776445105513,0.0033229143856850817,0.0
MgCl2-NaCl,Mg,cl3232,0.9797979797979798,9.55,-0.00034786632727734634,0.001410462987349157,0.0
MgCl2-NaCl,Mg,cl3232,0.9797979797979798,9.650000000000002,-0.0002734711600524964,0.0031865867282141066,0.0
MgCl2-NaCl,Mg,cl3232,0.9797979797979798,9.75,0.0012123421193079853,0.001671721354893511,0.0
MgCl2-NaCl,Mg,cl3232,0.9797979797979798,9.850000000000001,-0.0001421013011961847,0.0025446286361118847,0.0
MgCl2-NaCl,Mg,cl3232,0.9797979797979798,9.95,0.0005777247688247833,0.0016412258934128282,0.0
MgCl2-NaCl,Mg,cl3232,0.9797979797979798,10.05,0.00023815003435789794,0.002843362422578907,0.0
MgCl2-NaCl,Mg,cl3232,0.9797979797979798,10.150000000000002,0.0009551197689116053,0.0034966242832165668,0.0
MgCl2-NaCl,Mg,cl3232,0.9797979797979798,10.25,0.0002313236477222702,0.003585243747639933,0.0
MgCl2-NaCl,Mg,cl3232,0.9797979797979798,10.350000000000001,-0.0001625561958267241,0.001734655340131312,0.0
MgCl2-NaCl,Mg,cl3232,0.9797979797979798,10.45,0.00029713958179777844,0.0025716627826975337,0.0
MgCl2-NaCl,Mg,cl3232,0.9797979797979798,10.55,0.000216580258928456,0.0022018128235619543,0.0
MgCl2-NaCl,Mg,cl3232,0.9797979797979798,10.650000000000002,0.0011286113600598169,0.003195620637514352,0.0
MgCl2-NaCl,Mg,cl3232,0.9797979797979798,10.75,0.0008552275913191743,0.0025090086433789895,0.0
MgCl2-NaCl,Mg,cl3232,0.9797979797979798,10.850000000000001,0.0010822869647808542,0.0031009380033824264,0.0
MgCl2-NaCl,Mg,cl3232,0.9797979797979798,10.95,0.0009483146040797363,0.0032497978963715616,0.0
MgCl2-NaCl,Mg,cl3232,0.9797979797979798,11.05,-0.0002088621255760259,0.003018873569908611,0.0
MgCl2-NaCl,Mg,cl3232,0.9797979797979798,11.150000000000002,-0.00020641220037753705,0.0019193210104523697,0.0
MgCl2-NaCl,Mg,cl3232,0.9797979797979798,11.25,0.00034869389700464826,0.002927496924387091,0.0
MgCl2-NaCl,Mg,cl3232,0.9797979797979798,11.350000000000001,0.0008405129719374349,0.002402126725941143,0.0
MgCl2-NaCl,Mg,cl3232,0.9797979797979798,11.45,-0.0005957787285706395,0.0015516668458830838,0.0
MgCl2-NaCl,Mg,cl3232,0.9797979797979798,11.55,-7.10473496943198e-05,0.0019117441729324734,0.0
MgCl2-NaCl,Mg,cl3232,0.9797979797979798,11.650000000000002,-0.0006884215139573158,0.0018274115009296772,0.0
MgCl2-NaCl,Mg,cl3232,0.9797979797979798,11.75,-0.0003828585136627094,0.0035690759733089687,0.0
MgCl2-NaCl,Mg,cl3232,0.9797979797979798,11.850000000000001,3.926355347305677e-05,0.0022130153317990436,0.0
MgCl2-NaCl,Mg,cl3232,0.9797979797979798,11.95,0.0001485689342481944,0.0013082714918519337,0.0
