algorithm,method,kcut,file,split,source,n_O,n_Na,n_Cl,n_I,n_X,x_O,x_Na,x_Cl,x_I,x_X,x_I_anion,n_fit_points,fit_rmse_scaled,fit_success,kappa_D_input,kappa_D_fit,S0_OO,S0_ONa,S0_OCl,S0_OI,S0_NaNa,S0_NaCl,S0_NaI,S0_ClCl,S0_ClI,S0_II,S0_OO_std_split1_to3,S0_OO_se_split1_to3,S0_OO_uncertainty_n_splits,S0_ONa_std_split1_to3,S0_ONa_se_split1_to3,S0_ONa_uncertainty_n_splits,S0_OCl_std_split1_to3,S0_OCl_se_split1_to3,S0_OCl_uncertainty_n_splits,S0_OI_std_split1_to3,S0_OI_se_split1_to3,S0_OI_uncertainty_n_splits,S0_NaNa_std_split1_to3,S0_NaNa_se_split1_to3,S0_NaNa_uncertainty_n_splits,S0_NaCl_std_split1_to3,S0_NaCl_se_split1_to3,S0_NaCl_uncertainty_n_splits,S0_NaI_std_split1_to3,S0_NaI_se_split1_to3,S0_NaI_uncertainty_n_splits,S0_ClCl_std_split1_to3,S0_ClCl_se_split1_to3,S0_ClCl_uncertainty_n_splits,S0_ClI_std_split1_to3,S0_ClI_se_split1_to3,S0_ClI_uncertainty_n_splits,S0_II_std_split1_to3,S0_II_se_split1_to3,S0_II_uncertainty_n_splits
matrix_BC_s_loss,"BC S-loss, fixed kappa_D",0.0025,O31872-Na64-Cl32-I32-allSk.dat,0,main,31872,64,32,32,128,0.996,0.002,0.001,0.001,0.004,0.5,89,0.8426352010577842,1,0.1090765135081884,0.1090765135081884,0.0639186803964888,-0.0310859202154989,0.0028294153107351,-0.0467915452783418,0.5004236612762664,0.3489532973262714,0.3587526313830242,0.737054851508808,-0.2435603657951837,0.7509132026340923,0.000580927537786158,0.0003353986703205048,3,0.0010725220140433928,0.0006192208735197525,3,0.0030372573152580417,0.0017535613285623905,3,0.004476548556653164,0.002584536514224135,3,0.01959868699679163,0.011315307213360866,3,0.025308109779555617,0.014611643993907037,3,0.007025517587186817,0.004056184470158759,3,0.033518303579912596,0.019351801594642136,3,0.045356954492882275,0.026186849886087188,3,0.03711676368545019,0.02142937350524239,3
matrix_BC_s_loss,"BC S-loss, fixed kappa_D",0.005,O31872-Na64-Cl32-I32-allSk.dat,0,main,31872,64,32,32,128,0.996,0.002,0.001,0.001,0.004,0.5,229,0.8431131403598462,1,0.1090765135081884,0.1090765135081884,0.0638047601293216,-0.0302977840039762,0.0026316911528631,-0.0454792282011369,0.4955029681575148,0.3588904432238306,0.3418565745406507,0.7624662247047798,-0.2549184924915472,0.7383766965933445,0.00013063067298993322,7.541965421515993e-05,3,0.0010931236482356055,0.0006311152325663726,3,0.0015470063690016624,0.0008931645435811754,3,0.0030207915035661247,0.0017440547877496364,3,0.01610660535528235,0.009299152937603335,3,0.023993358539443083,0.013852572011510671,3,0.011868489107535136,0.0068522753811095525,3,0.02161970589684048,0.01248214301934139,3,0.01472762063859591,0.008502995740216037,3,0.021271767073917463,0.012281260446265267,3
matrix_BC_s_loss,"BC S-loss, fixed kappa_D",0.01,O31872-Na64-Cl32-I32-allSk.dat,0,main,31872,64,32,32,128,0.996,0.002,0.001,0.001,0.004,0.5,470,0.8304466860581465,1,0.1090765135081884,0.1090765135081884,0.0633331478496429,-0.0316899603785878,0.0011267075717976,-0.0459430793302625,0.4952324807499949,0.3615246380094707,0.3388398527948447,0.7692551216821488,-0.2579820754771317,0.7371739907721042,0.00013570437924683904,7.834895988837358e-05,3,0.001352127706174505,0.0007806512951386018,3,0.0006677933006334113,0.0003855506418837287,3,0.0015859199658148004,0.0009156313191763771,3,0.005944747885659228,0.003432201792049814,3,0.00976079203631078,0.005635395909667985,3,0.009329488818157834,0.005386382880565029,3,0.015817773637082724,0.009132395867350276,3,0.006505236069191137,0.0037557997956895665,3,0.008440388784839613,0.00487306073699225,3
matrix_BC_s_loss,"BC S-loss, fixed kappa_D",0.0025,O31616-Na192-Cl160-I32-allSk.dat,0,main,31616,192,160,32,384,0.988,0.006,0.005,0.001,0.012,0.1666666666666666,89,0.749096714587631,1,0.1895983020700457,0.1895983020700457,0.0630715760415907,-0.0341778821676144,-0.0147075299297598,-0.0508313350955679,0.5035050249479681,0.4765686830458578,0.1676904228117467,0.6162976139057542,-0.21073325821167,0.8819698611216578,0.0004896592449923187,0.0002827048969075041,3,0.0023661060785975974,0.0013660719814095328,3,0.00478425777621218,0.0027621925149686625,3,0.005077816404512298,0.002931678668040673,3,0.06280245747772738,0.03625901573053593,3,0.06714211850625244,0.038764520193546606,3,0.04191120125166793,0.024197443324711063,3,0.06206452224258731,0.0358329686238833,3,0.03784691294064457,0.021850925374277477,3,0.08178135544634382,0.04721648758163908,3
matrix_BC_s_loss,"BC S-loss, fixed kappa_D",0.005,O31616-Na192-Cl160-I32-allSk.dat,0,main,31616,192,160,32,384,0.988,0.006,0.005,0.001,0.012,0.1666666666666666,229,0.7017027238608912,1,0.1895983020700457,0.1895983020700457,0.063706500118332,-0.0358709611505965,-0.0157169788421056,-0.052721318310286,0.5015687981141661,0.4699413569853609,0.1777668066229741,0.6053258523304309,-0.2024332207035934,0.8880924118277486,0.00026765994214103896,0.00015453353964640853,3,0.00048667246468772326,0.0002809804784946357,3,0.0016823522682583325,0.0009713065349507258,3,0.0029878252774387256,0.0017250217282208165,3,0.01699246539918597,0.009810604472415422,3,0.01966460836905922,0.01135336693538491,3,0.02075217008058465,0.011981270982294446,3,0.021203706718908893,0.012241965781979927,3,0.0182129628948651,0.010515259030091033,3,0.028147477673075,0.016250953811558833,3
matrix_BC_s_loss,"BC S-loss, fixed kappa_D",0.01,O31616-Na192-Cl160-I32-allSk.dat,0,main,31616,192,160,32,384,0.988,0.006,0.005,0.001,0.012,0.1666666666666666,467,0.6906711160468666,1,0.1895983020700457,0.1895983020700457,0.0633998713581747,-0.036709673794408,-0.0164794786145449,-0.0530707350044424,0.4922954666013246,0.4583833453925923,0.1808963758070023,0.5917920939721051,-0.2004820478667774,0.8913953043443843,0.00018653072861988358,0.00010769356638082681,3,8.287915349265484e-05,4.7850301579192585e-05,3,0.0007356226437318207,0.00042471193138055084,3,0.0016392297101824119,0.0009464097144374477,3,0.00954275736911794,0.005509513535871528,3,0.01197117195047638,0.006911559348122836,3,0.00810699079464351,0.004680573317605249,3,0.012925486016320592,0.007462532830929438,3,0.005945008755799224,0.0034323524054953643,3,0.013554089768353822,0.007825457376379432,3
matrix_BC_s_loss,"BC S-loss, fixed kappa_D",0.0025,O31616-Na192-Cl32-I160-allSk.dat,0,main,31616,192,32,160,384,0.988,0.006,0.001,0.005,0.012,0.8333333333333334,89,0.7415332192324656,1,0.1895983020700457,0.1895983020700457,0.0720657858967286,-0.0687507346823458,0.0076823687063354,-0.0787483161922637,0.4713709949110772,0.2331137646675265,0.4121094088754042,0.9060745108193656,-0.149845505027684,0.5184561858752949,0.002601802909538624,0.001502151610200476,3,0.007922994520791902,0.0045743430193671344,3,0.00468762867991726,0.0027064036802112402,3,0.010666964854084604,0.006158575029942024,3,0.031611544763457185,0.018250933878681912,3,0.014710987058296213,0.00849339233815242,3,0.040993622484584574,0.0236676789765328,3,0.032093746685850764,0.0185293332883796,3,0.02226370441329688,0.012853955736175215,3,0.05145712180364863,0.0297087831250599,3
matrix_BC_s_loss,"BC S-loss, fixed kappa_D",0.005,O31616-Na192-Cl32-I160-allSk.dat,0,main,31616,192,32,160,384,0.988,0.006,0.001,0.005,0.012,0.8333333333333334,229,0.6969606110919134,1,0.1895983020700457,0.1895983020700457,0.0725758593833125,-0.0711358811037413,0.0059866637753989,-0.0806027708890947,0.4706489018433948,0.2202700756143763,0.4170622679127712,0.90515870670109,-0.1635055014071612,0.5299907072084956,0.0009835074238885048,0.0005678282759320237,3,0.0018886602325651992,0.001090418493679259,3,0.004086742388795989,0.002359481818280019,3,0.0034253309122952223,0.001977615724277193,3,0.009101922071143761,0.005254997157917847,3,0.004982715632407344,0.0028767722116657367,3,0.011331050201921404,0.006541984884280486,3,0.005376851462599579,0.0031043266393244997,3,0.006930661813956559,0.00400141946395008,3,0.013983231046436324,0.008073222208800744,3
matrix_BC_s_loss,"BC S-loss, fixed kappa_D",0.01,O31616-Na192-Cl32-I160-allSk.dat,0,main,31616,192,32,160,384,0.988,0.006,0.001,0.005,0.012,0.8333333333333334,470,0.6945595753018003,1,0.1895983020700457,0.1895983020700457,0.0726287793799359,-0.0718109058700547,0.0070348340332622,-0.0818109794615789,0.4655500987084311,0.2051070977400061,0.4182578987798593,0.9121957850420648,-0.183262788555332,0.5401361826240615,0.00043592377807104564,0.0002516807106154769,3,0.0010784800283137647,0.0006226607346625873,3,0.0015576655339371792,0.0008993186153260326,3,0.0018702069831590682,0.001079764505167206,3,0.00423524895899558,0.0024452221265611803,3,0.005031237567364518,0.002904786363874863,3,0.005451925687028173,0.0031476707630075512,3,0.00966283509479481,0.005578840443114747,3,0.006287189720462368,0.0036299106775551965,3,0.008719087561689882,0.0050339675508295715,3
matrix_BC_s_loss,"BC S-loss, fixed kappa_D",0.0025,O31360-Na320-Cl160-I160-allSk.dat,0,main,31360,320,160,160,640,0.98,0.01,0.005,0.005,0.02,0.5,89,0.7081215849006965,1,0.2445270316186424,0.2445270316186424,0.0739616140785137,-0.0621933068358679,0.0080713722817864,-0.0960259902979023,0.4305328538082296,0.3165004180786895,0.2923649828241019,0.7016205529762612,-0.2540213692326237,0.6674878931054459,0.0005930075096790971,0.00034237304534469635,3,0.0030030860427524217,0.0017338325351827187,3,0.009957761936815137,0.005749116534746429,3,0.0062372761446919485,0.003601093061147928,3,0.006155162391697065,0.0035536846637521614,3,0.007438934808342896,0.004294871014080848,3,0.005489629009014761,0.003169438786105851,3,0.04485750235147653,0.025898491057799247,3,0.04376928003979101,0.025270205613209456,3,0.05149741102833113,0.029732044119775782,3
matrix_BC_s_loss,"BC S-loss, fixed kappa_D",0.005,O31360-Na320-Cl160-I160-allSk.dat,0,main,31360,320,160,160,640,0.98,0.01,0.005,0.005,0.02,0.5,229,0.5984882890273193,1,0.2445270316186424,0.2445270316186424,0.0733897493753032,-0.0635932803315274,0.0044328931166618,-0.0943673726373022,0.4429771294809331,0.3345918617098868,0.2918724026231517,0.7277087389373045,-0.2545243902475194,0.6672943005196011,0.00048702642804926324,0.00028118483933670406,3,0.0024305015160712234,0.0014032507045695145,3,0.00336982939552904,0.0019455719086318053,3,0.001755776829668445,0.0010136982252459846,3,0.00862296441458462,0.0049784708259729945,3,0.003107449920300719,0.0017940870479789012,3,0.012279174489452854,0.007089384696911991,3,0.016059212496435847,0.009271790657790638,3,0.017727669268570313,0.010235074624313728,3,0.011400756008287785,0.006582229550350196,3
matrix_BC_s_loss,"BC S-loss, fixed kappa_D",0.01,O31360-Na320-Cl160-I160-allSk.dat,0,main,31360,320,160,160,640,0.98,0.01,0.005,0.005,0.02,0.5,470,0.5745983146376333,1,0.2445270316186424,0.2445270316186424,0.0734304466691946,-0.0647483544298317,0.0044625164019952,-0.0960305173780033,0.4463337245812112,0.3357992640306039,0.2954119426166425,0.746329637213619,-0.271437763786635,0.6892133395220734,0.00041344856239259486,0.00023870463879342843,3,0.0014074400349923795,0.0008125858830711067,3,0.002787110573407601,0.0016091390398181309,3,0.0010827371477001254,0.000625118583686275,3,0.008354484511847608,0.004823463881855776,3,0.00575949522155272,0.003325246116559826,3,0.008132560647505737,0.004695336079038394,3,0.012526093211254476,0.007231943287412116,3,0.01824014493578889,0.010530952588735506,3,0.009920220767043401,0.005727442130273024,3
matrix_BC_s_loss,"BC S-loss, fixed kappa_D",0.0025,O31296-Na352-Cl320-I32-allSk.dat,0,main,31296,352,320,32,704,0.978,0.011,0.01,0.001,0.022,0.0909090909090909,89,0.7417545967159617,1,0.2551535003183825,0.2551535003183825,0.0630031326208027,-0.0376960308089173,-0.0227545898887687,-0.0530672590073094,0.4339367597758763,0.4167262939023967,0.1214011653068556,0.4906508300117913,-0.1694494015397412,0.9384881714527769,0.00043489183097349164,0.00025108491568091466,3,0.000868624881614136,0.0005015008092247282,3,0.001797040705282892,0.0010375219349397927,3,0.0032048007060529295,0.0018502925503387617,3,0.017853408178816116,0.010307670017991752,3,0.027901544348849967,0.01610896414061481,3,0.0316697013479378,0.01828451059838694,3,0.04034792162304689,0.023294883410308043,3,0.03893980799058948,0.022481908625559176,3,0.09733736795866857,0.05619775559314696,3
matrix_BC_s_loss,"BC S-loss, fixed kappa_D",0.005,O31296-Na352-Cl320-I32-allSk.dat,0,main,31296,352,320,32,704,0.978,0.011,0.01,0.001,0.022,0.0909090909090909,229,0.6694577539907438,1,0.2551535003183825,0.2551535003183825,0.0631290991689766,-0.0412704320168162,-0.0261070597880379,-0.0543207659952573,0.4509270004099794,0.4348130920414393,0.1205559408889569,0.5087556028573629,-0.166714597165613,0.9270366684177236,0.00015135934346612354,8.738735769453146e-05,3,0.000744812321231597,0.0004300175941588125,3,0.0009107345726339351,0.0005258128506705012,3,0.002403958925517802,0.0013879263327685066,3,0.0016644382382866227,0.0009609638649242881,3,0.004366670852893485,0.0025210985923805464,3,0.016236851417575256,0.009374350536729031,3,0.00796424963393924,0.004598161670048198,3,0.014838807504080028,0.008567189506933644,3,0.03713389133325519,0.021439262157313198,3
matrix_BC_s_loss,"BC S-loss, fixed kappa_D",0.01,O31296-Na352-Cl320-I32-allSk.dat,0,main,31296,352,320,32,704,0.978,0.011,0.01,0.001,0.022,0.0909090909090909,467,0.6417965750783869,1,0.2551535003183825,0.2551535003183825,0.0632559084138328,-0.0434097813475997,-0.0282719585900536,-0.0545701739028247,0.4578661854070228,0.4413521082633356,0.1228924289570314,0.5158586547073818,-0.1674889560438679,0.9372346604483276,0.00016235886225512573,9.373793282831821e-05,3,0.0006908093759117009,0.0003988389791413379,3,0.000763280581354162,0.0004406802491120395,3,0.0010890767533164854,0.0006287787566954365,3,0.007959869985560432,0.004595633078877738,3,0.007718882943267099,0.004456499145138471,3,0.0026870233807784753,0.0015513536722112711,3,0.006526363081003401,0.0037679974816465494,3,0.005234431522506111,0.0030221004485735657,3,0.01448284525872017,0.008361674608753786,3
matrix_BC_s_loss,"BC S-loss, fixed kappa_D",0.0025,O31296-Na352-Cl32-I320-allSk.dat,0,main,31296,352,32,320,704,0.978,0.011,0.001,0.01,0.022,0.9090909090909092,89,0.7192605504507058,1,0.2551535003183825,0.2551535003183825,0.07893614115611,-0.0831374793972833,0.0177221438605143,-0.0927995579684739,0.3862403425646051,0.1396822753522355,0.360920874915242,1.0103039953504953,-0.1729861691256088,0.4332400369148206,0.0024237533543445206,0.0013993546515800675,3,0.003199514618260212,0.0018472406261286762,3,0.00902328939580173,0.005209598561642025,3,0.005976079055983894,0.003450290851670786,3,0.009746545461414732,0.005627170645816721,3,0.05408669891510538,0.031226970178214335,3,0.00827267868672736,0.004776233266701321,3,0.051078621526130095,0.029490255887946227,3,0.04853725149723323,0.028022995217652173,3,0.023945092172165765,0.013824705411370306,3
matrix_BC_s_loss,"BC S-loss, fixed kappa_D",0.005,O31296-Na352-Cl32-I320-allSk.dat,0,main,31296,352,32,320,704,0.978,0.011,0.001,0.01,0.022,0.9090909090909092,229,0.6354282036198385,1,0.2551535003183825,0.2551535003183825,0.0798823098243876,-0.0881139038313081,0.0170024873446145,-0.0977913005748069,0.4008928934108497,0.1351868030054132,0.3777101930684725,0.987173611501462,-0.1703865906879685,0.4500267634667518,0.0010114212476246467,0.0005839443295801969,3,0.002361818085176599,0.001363596307253636,3,0.005215437126929111,0.003011134029174091,3,0.0035378629696068836,0.002042586137858543,3,0.009575512572267549,0.005528424761227315,3,0.014331546325424334,0.008274322128887332,3,0.013620557373308249,0.00786383246599226,3,0.02869252699881917,0.01656563818649885,3,0.00600635498794745,0.0034677706691399117,3,0.015839587785922364,0.009144990272054987,3
matrix_BC_s_loss,"BC S-loss, fixed kappa_D",0.01,O31296-Na352-Cl32-I320-allSk.dat,0,main,31296,352,32,320,704,0.978,0.011,0.001,0.01,0.022,0.9090909090909092,470,0.6179830411616581,1,0.2551535003183825,0.2551535003183825,0.0807380256162379,-0.0907190424890723,0.0129136852457911,-0.0992306002963841,0.411680385999419,0.1417446386574299,0.3869504410267911,0.9615801615195684,-0.1554153151188498,0.4549836842570777,0.0004381129324297208,0.0002529446194737556,3,0.0013501318225539744,0.0007794989711930173,3,0.00036402382903657934,0.0002101692556857074,3,0.001527958132969115,0.0008821670393801966,3,0.006604182534022158,0.003812926563795118,3,0.00391789930965607,0.002262000221087781,3,0.008162951430147078,0.0047128822055772564,3,0.0015224821221705026,0.0008790054630715324,3,0.003633425624536049,0.002097759262406372,3,0.009709572248284634,0.005605824151263253,3
matrix_BC_s_loss,"BC S-loss, fixed kappa_D",0.0025,O31040-Na480-Cl320-I160-allSk.dat,0,main,31040,480,320,160,960,0.97,0.015,0.01,0.005,0.03,0.3333333333333333,89,0.7633843416183888,1,0.2998682691886077,0.2998682691886077,0.0731467446993749,-0.0642147147785827,-0.0094413071920456,-0.0978711239125275,0.4449418464790428,0.4046725231786556,0.198368513916218,0.6874614774368805,-0.2713039744277562,0.7272661048862796,0.0034031695135180056,0.0019648208347275483,3,0.0025487808842537983,0.0014715393296293028,3,0.00570543874760041,0.003294036596772018,3,0.010172225104003394,0.005872936902053829,3,0.0196268773392957,0.011331582915194139,3,0.021070051839803202,0.01216480010154975,3,0.012036549034787004,0.006949304825348408,3,0.019434983486147323,0.01122079294742309,3,0.019259946478465913,0.01111973528392008,3,0.04326778132698213,0.024980665196370995,3
matrix_BC_s_loss,"BC S-loss, fixed kappa_D",0.005,O31040-Na480-Cl320-I160-allSk.dat,0,main,31040,480,320,160,960,0.97,0.015,0.01,0.005,0.03,0.3333333333333333,229,0.6047534576920841,1,0.2998682691886077,0.2998682691886077,0.0731141526276458,-0.063743763581684,-0.0070547572976833,-0.100430503739501,0.4359071990241479,0.388083761731062,0.206180096918026,0.6740240781985305,-0.2810331998437316,0.7545553660676101,0.000668500345003003,0.0003859588541408415,3,0.001756390669369026,0.0010140526257623541,3,0.003201060761040939,0.0018481332920793345,3,0.0017790440311602372,0.00102713155029056,3,0.011049590424926332,0.006379484006266329,3,0.01373737765444824,0.007931278686755241,3,0.003189688780139382,0.0018415676758446013,3,0.021611155645384298,0.012477206529361526,3,0.018628057560213473,0.010754914046869093,3,0.02089698132240239,0.012064877791739603,3
matrix_BC_s_loss,"BC S-loss, fixed kappa_D",0.01,O31040-Na480-Cl320-I160-allSk.dat,0,main,31040,480,320,160,960,0.97,0.015,0.01,0.005,0.03,0.3333333333333333,467,0.5411815313793084,1,0.2998682691886077,0.2998682691886077,0.0730903023260869,-0.0651126948982723,-0.0076798256630959,-0.1019175821721272,0.4288439166148838,0.3745652516427673,0.213064193226917,0.6600747113153284,-0.2847205623265481,0.7716936886713911,0.00035698359813818813,0.00020610457648136411,3,0.0012090107731076534,0.0006980226953068613,3,0.0014873323263342722,0.0008587117189835244,3,0.0016535225742653897,0.0009546617033632458,3,0.010671083264541248,0.0061609527953278,3,0.009833746191146579,0.005677516010600935,3,0.004577368058725096,0.002642744680884929,3,0.011910803416083587,0.0068767055585405735,3,0.005722425786605679,0.0033038440683144446,3,0.009943142239299686,0.005740675848450412,3
matrix_BC_s_loss,"BC S-loss, fixed kappa_D",0.0025,O31040-Na480-Cl160-I320-allSk.dat,0,main,31040,480,160,320,960,0.97,0.015,0.005,0.01,0.03,0.6666666666666666,89,0.75322128418694,1,0.2998682691886077,0.2998682691886077,0.0825216346715738,-0.08135493329472,0.019651728389546,-0.1135349077213973,0.3918132709332358,0.2641636359799182,0.2930793957743487,0.8514522602394512,-0.2785346086973694,0.5559011974902308,0.0012346660384928122,0.000712834769683114,3,0.005086356998209485,0.002936609582110783,3,0.007775747820907835,0.004489330097551785,3,0.010108491450741067,0.0058361402601863855,3,0.010091727946322517,0.005826461846397775,3,0.01567775576914293,0.00905155651360388,3,0.021707911448821438,0.012533068518521618,3,0.04885091469411022,0.028204088748803983,3,0.04491666832667712,0.025932650549508177,3,0.04796078365686974,0.02769017135483915,3
matrix_BC_s_loss,"BC S-loss, fixed kappa_D",0.005,O31040-Na480-Cl160-I320-allSk.dat,0,main,31040,480,160,320,960,0.97,0.015,0.005,0.01,0.03,0.6666666666666666,229,0.604965743613017,1,0.2998682691886077,0.2998682691886077,0.0826497020491385,-0.083473424699274,0.01867394716859,-0.1154381234723571,0.3970942461833572,0.2570082282238595,0.3046068804743448,0.8300605833658761,-0.2721719578710615,0.5655203517109917,0.0012864955341860935,0.0007427585429735926,3,0.005104074654982238,0.0029468388760179416,3,0.0037174462989297656,0.002146268621385078,3,0.004997613283341629,0.0028853733744429394,3,0.013621640970004985,0.007864458080836814,3,0.0037916586541058245,0.002189115144623172,3,0.01933366388286512,0.011162296047193923,3,0.028916343471069725,0.016694858687001785,3,0.01907970034398955,0.011015670129659762,3,0.023217071114567733,0.013404382257790367,3
matrix_BC_s_loss,"BC S-loss, fixed kappa_D",0.01,O31040-Na480-Cl160-I320-allSk.dat,0,main,31040,480,160,320,960,0.97,0.015,0.005,0.01,0.03,0.6666666666666666,470,0.544857773957035,1,0.2998682691886077,0.2998682691886077,0.0825808840143558,-0.0838647343228931,0.016220496887209,-0.1141825265957422,0.3949815650692359,0.2568778740154501,0.3021115594596614,0.8317690894637944,-0.2735397047668118,0.5634313632007143,0.0009992292972377179,0.0005769053037423571,3,0.0030781392921726976,0.0017771645489390712,3,0.0023290056184944504,0.001344652020781922,3,0.002639187561094608,0.001523735648839884,3,0.008428314095630711,0.004866089411927108,3,0.0005834009278372573,0.000336826682732318,3,0.00993395337919421,0.00573537065759497,3,0.016006469597644964,0.00924133953097588,3,0.01154198032754071,0.0066637654490869945,3,0.009333370025994242,0.0053886236969541606,3
matrix_BC_s_loss,"BC S-loss, fixed kappa_D",0.0025,O30976-Na512-Cl480-I32-allSk.dat,0,main,30976,512,480,32,1024,0.968,0.016,0.015,0.001,0.032,0.0625,89,0.774864311050681,1,0.3102221138316356,0.3102221138316356,0.063754663348666,-0.0515346963344131,-0.0374587096002826,-0.0610618268853375,0.4550965520907024,0.4437183506159,0.1018724260208051,0.4944894938488369,-0.1402761720874803,0.9507769824477575,0.0010977423136464808,0.0006337818202846383,3,0.002236868056848199,0.0012914563747629829,3,0.0020290429962228165,0.0011714685200665679,3,0.0012713418644174268,0.0007340095676534421,3,0.02105929693001242,0.01215859075148693,3,0.02737770409798896,0.015806524830767846,3,0.026944387983352146,0.01555634965533808,3,0.036058835343336315,0.020818578292139615,3,0.03439347958188731,0.019857084694970537,3,0.025590294976536053,0.01477456369334502,3
matrix_BC_s_loss,"BC S-loss, fixed kappa_D",0.005,O30976-Na512-Cl480-I32-allSk.dat,0,main,30976,512,480,32,1024,0.968,0.016,0.015,0.001,0.032,0.0625,229,0.6729716326774952,1,0.3102221138316356,0.3102221138316356,0.0634576539298199,-0.0515296985969015,-0.0383824947974937,-0.0574640312510196,0.4522324735344026,0.4454628938420145,0.0836595249341261,0.5023301422131118,-0.163664699721327,0.9685087561192418,0.00040640562298816733,0.00023463839583239598,3,0.0008449731405221604,0.0004878454701384728,3,0.0008335613509871541,0.00048125687037850153,3,0.001477977723242484,0.0008533108363703184,3,0.01529986965998462,0.00883338386675831,3,0.01546355398430529,0.00892788705546697,3,0.0015039547078564796,0.0008683086554299435,3,0.01491488808627211,0.008611114651542346,3,0.004933871099568591,0.002848571807482841,3,0.01718536966362809,0.009921977801418905,3
matrix_BC_s_loss,"BC S-loss, fixed kappa_D",0.01,O30976-Na512-Cl480-I32-allSk.dat,0,main,30976,512,480,32,1024,0.968,0.016,0.015,0.001,0.032,0.0625,467,0.6364290272035195,1,0.3102221138316356,0.3102221138316356,0.0631788539755667,-0.0508591022259939,-0.0384406632637002,-0.0545563602664974,0.4403980755311739,0.4339245048271666,0.0810099214177789,0.4898983194716257,-0.1616700133399406,0.9501849549178372,0.00020779199632402396,0.00011996876501312497,3,0.0011162854647281065,0.0006444877135532389,3,0.0011187140461356045,0.0006458898556826067,3,0.0012841573462760937,0.0007414085895543382,3,0.009355753153691517,0.0054015466017554884,3,0.007871810293123463,0.004544791791744498,3,0.006942849868406856,0.004008456240467856,3,0.006384502792628845,0.0036860944059661812,3,0.006852186532373899,0.003956111739003599,3,0.0028494836681022618,0.001645150162830283,3
matrix_BC_s_loss,"BC S-loss, fixed kappa_D",0.0025,O30976-Na512-Cl32-I480-allSk.dat,0,main,30976,512,32,480,1024,0.968,0.016,0.001,0.015,0.032,0.9375,89,0.7241428731061349,1,0.3102221138316356,0.3102221138316356,0.08856492859067,-0.1034165063182824,0.0227947542702859,-0.1126936886962903,0.3722805561488743,0.0913017490792232,0.3609156948441509,0.9751206057637938,-0.1574790168008734,0.4134130341008,0.0025062281063448506,0.0014469714718488055,3,0.007577695536285004,0.0043749845577111725,3,0.012596005546202582,0.00727230719281408,3,0.006029132704073793,0.003480921389676981,3,0.03454845346591753,0.019946558908632745,3,0.036264185217053636,0.020937137097008365,3,0.02643144458414236,0.01526020164572527,3,0.07758812512462974,0.04479552492662335,3,0.029255378801769497,0.01689060082644609,3,0.022313278387614936,0.012882577283592543,3
matrix_BC_s_loss,"BC S-loss, fixed kappa_D",0.005,O30976-Na512-Cl32-I480-allSk.dat,0,main,30976,512,32,480,1024,0.968,0.016,0.001,0.015,0.032,0.9375,229,0.6289076864293567,1,0.3102221138316356,0.3102221138316356,0.0875971389266333,-0.1021969257451037,0.018201751747794,-0.1102482031445692,0.367466694510848,0.1077259783867432,0.351703242150657,0.968131657021292,-0.1387116069064418,0.3990527294733942,0.001920203010368534,0.001108629724935003,3,0.004791851152561804,0.0027665765528481763,3,0.004500392593509573,0.0025983028753217502,3,0.003886602673089663,0.002243931099541436,3,0.012993272709356067,0.007501669496400944,3,0.012367660939278307,0.007140472372538351,3,0.010910736772184315,0.006299316812477763,3,0.03356172296298545,0.019376869787147297,3,0.010691486663569451,0.006172732703249117,3,0.008508544190291933,0.004912410278676874,3
matrix_BC_s_loss,"BC S-loss, fixed kappa_D",0.01,O30976-Na512-Cl32-I480-allSk.dat,0,main,30976,512,32,480,1024,0.968,0.016,0.001,0.015,0.032,0.9375,470,0.5823884533151853,1,0.3102221138316356,0.3102221138316356,0.0874142539240223,-0.1015037928087196,0.0165280850969845,-0.109100199655037,0.3700235585163174,0.1094537724219926,0.3538978454388306,0.9666057107417948,-0.1365331512648092,0.4007568311751287,0.0008802532219574835,0.0005082144346521886,3,0.0018984126922610746,0.0010960490789099337,3,0.001005856937787378,0.0005807317737977954,3,0.001702225150636565,0.0009827801489413722,3,0.0036036287302387733,0.0020805560174628254,3,0.007279143004793456,0.004202615173287283,3,0.004577729716328448,0.0026429534839995787,3,0.02677562088767511,0.015458911927218592,3,0.0011274768787539549,0.0006509490794536749,3,0.005018795822608763,0.0028976031191909387,3
matrix_BC_s_loss,"BC S-loss, fixed kappa_D",0.0025,O30720-Na640-Cl480-I160-allSk.dat,0,main,30720,640,480,160,1280,0.96,0.02,0.015,0.005,0.04,0.25,89,0.7778046560160299,1,0.3484383615032881,0.3484383615032881,0.0724801448469053,-0.0595706389486116,-0.0093426034856454,-0.1029594139851153,0.3847714065678813,0.3552325477295984,0.1542619919659618,0.5776934465259371,-0.2901293051233004,0.8110426811701335,0.0025989103989447955,0.0015004816184304955,3,0.008786616344861225,0.005072955311971594,3,0.006170432470783899,0.003562500848023492,3,0.007959129829876625,0.004595205749794449,3,0.04625979099507263,0.026708102783661012,3,0.032712422473577675,0.018886525920964837,3,0.03673515739746385,0.021209053012149027,3,0.020371589440706075,0.011761542647412191,3,0.031045462396936136,0.017924106071987484,3,0.02075486791447873,0.01198282857741942,3
matrix_BC_s_loss,"BC S-loss, fixed kappa_D",0.005,O30720-Na640-Cl480-I160-allSk.dat,0,main,30720,640,480,160,1280,0.96,0.02,0.015,0.005,0.04,0.25,229,0.6004462370006427,1,0.3484383615032881,0.3484383615032881,0.0730014248131846,-0.0616702113190385,-0.0112857969089052,-0.1037928489879495,0.3923663704768099,0.3667541790615639,0.1494958689307773,0.5987655989341323,-0.3035840810551983,0.8248147906182663,0.0018062539385937733,0.0010428411976719368,3,0.004440833705872666,0.002563916535511947,3,0.0017701456929349688,0.0010219940923208608,3,0.0069787501515360985,0.004029183278596508,3,0.018069616500367834,0.010432497950640673,3,0.013536819749437242,0.007815486526309035,3,0.01338521168252968,0.0077279555680686346,3,0.013422592787107038,0.007749537558858978,3,0.004012319909145789,0.002316513979620216,3,0.019888795490295184,0.01148280143017934,3
matrix_BC_s_loss,"BC S-loss, fixed kappa_D",0.01,O30720-Na640-Cl480-I160-allSk.dat,0,main,30720,640,480,160,1280,0.96,0.02,0.015,0.005,0.04,0.25,467,0.5211175017676857,1,0.3484383615032881,0.3484383615032881,0.0728206747014997,-0.0638743820441999,-0.0135451151880837,-0.1042879363882662,0.3947115555697105,0.3651207852991337,0.1570153601018741,0.5919842583791798,-0.2951052421954538,0.8251679932661935,0.0008033331367356597,0.0004638046027432796,3,0.001636585583341272,0.0009448831270939442,3,0.0017375918488267287,0.0010031991216618115,3,0.0025602213028050953,0.0014781444583595363,3,0.005824262712533742,0.003362639644912456,3,0.006354210503962239,0.0036686051449501466,3,0.003874397411188825,0.0022368843882974573,3,0.009912184302665843,0.005722802275401308,3,0.008811045807273573,0.005087059668671521,3,0.007971067812348302,0.004602098147188053,3
matrix_BC_s_loss,"BC S-loss, fixed kappa_D",0.0025,O30720-Na640-Cl320-I320-allSk.dat,0,main,30720,640,320,320,1280,0.96,0.02,0.01,0.01,0.04,0.5,89,0.7417150473235185,1,0.3484383615032881,0.3484383615032881,0.0816494671062907,-0.0732713790787335,0.0187423788968948,-0.1223637569238201,0.3738972116135027,0.3206582639259445,0.208112243671354,0.7865761033391536,-0.3330968376080715,0.6274119951039948,0.0010010572669858382,0.0005779606825685048,3,0.004577784947844859,0.002642985371930446,3,0.00684184056462034,0.003950138491736054,3,0.0030910335452690317,0.0017846090494352388,3,0.03558234049672989,0.020543473864183925,3,0.04205156358019297,0.024278481552869075,3,0.017856507852164485,0.010309459615233833,3,0.05479394654731588,0.03163529978905479,3,0.03315856783553262,0.019144108065787226,3,0.008708368112984246,0.005027778674233809,3
matrix_BC_s_loss,"BC S-loss, fixed kappa_D",0.005,O30720-Na640-Cl320-I320-allSk.dat,0,main,30720,640,320,320,1280,0.96,0.02,0.01,0.01,0.04,0.5,229,0.579996139992819,1,0.3484383615032881,0.3484383615032881,0.081573630927964,-0.0743748066078023,0.0137036317457544,-0.1188854919493845,0.3754363021216016,0.3147668404608293,0.2161802698067423,0.7591350185231382,-0.313987483758105,0.619712553236275,0.0011006845040690695,0.0006354804947171271,3,0.00061612276875649,0.00035571864639541705,3,0.004264560892207015,0.0024621453790912707,3,0.0044587906246602626,0.0025742839674077825,3,0.011124230818727128,0.006422577657719639,3,0.011068556353947274,0.006390433990492002,3,0.0075301325474932505,0.004347524053328791,3,0.009465717240329274,0.0054650343967769886,3,0.017358470625290792,0.010021917688231852,3,0.02168391859590372,0.012519216238430945,3
matrix_BC_s_loss,"BC S-loss, fixed kappa_D",0.01,O30720-Na640-Cl320-I320-allSk.dat,0,main,30720,640,320,320,1280,0.96,0.02,0.01,0.01,0.04,0.5,467,0.4900230038131083,1,0.3484383615032881,0.3484383615032881,0.0824079630053036,-0.0777409351051502,0.0109446416908765,-0.1208869264681466,0.3791362379573846,0.3088497710860716,0.2273298386203744,0.7476212037513053,-0.3108416687455573,0.6323346096545779,0.0009362648592413783,0.0005405527685157968,3,0.000651510839985106,0.00037614995884536015,3,0.002062995309874941,0.0011910708974932327,3,0.0029342474271666485,0.0016940885419436313,3,0.0007430452649300049,0.00042899738372741516,3,0.0012957325485577803,0.0007480915357075944,3,0.0015589225362076398,0.000900044345925255,3,0.010126104125805044,0.0058463089428757225,3,0.010931703713681162,0.006311422081795051,3,0.013050417873412296,0.007534662272251693,3
matrix_BC_s_loss,"BC S-loss, fixed kappa_D",0.0025,O30720-Na640-Cl160-I480-allSk.dat,0,main,30720,640,160,480,1280,0.96,0.02,0.005,0.015,0.04,0.75,89,0.7534405224261316,1,0.3484383615032881,0.3484383615032881,0.0879125816446078,-0.0947518040402372,0.0160018210874067,-0.1186486148500058,0.3648561560138569,0.2213547521377112,0.2935003740470742,0.825542897796866,-0.2210289628043833,0.4665161711004828,0.004847183942339371,0.0027985229539212674,3,0.0070865935273897755,0.0040914466806759465,3,0.010547124262365391,0.006089385032053092,3,0.014264808865058494,0.008235791238180083,3,0.013260142192101967,0.0076557466641027855,3,0.03606681943176016,0.020823187907740355,3,0.030837875237170086,0.017804255569416245,3,0.025488386600042077,0.014715726864743544,3,0.02882491667974329,0.016642073404418322,3,0.05189026339356732,0.029958857538596676,3
matrix_BC_s_loss,"BC S-loss, fixed kappa_D",0.005,O30720-Na640-Cl160-I480-allSk.dat,0,main,30720,640,160,480,1280,0.96,0.02,0.005,0.015,0.04,0.75,229,0.5736697213696534,1,0.3484383615032881,0.3484383615032881,0.0887830978865965,-0.0947213760155446,0.0196523763442963,-0.1207211286537682,0.3640498339146013,0.2273924700610147,0.2890834354166461,0.8608213722434445,-0.234425243386094,0.4691502758859299,0.0024882271261696827,0.0014365786010989954,3,0.0023189149353653768,0.001338826162161044,3,0.005213454707077162,0.003009989478538921,3,0.0056806662543422105,0.0032797341911208985,3,0.004718901478011138,0.0027244590386090533,3,0.008398442823821201,0.004848843225106852,3,0.009021308366884778,0.0052084548140635505,3,0.013457936553618594,0.0077699432919686,3,0.008602859104533097,0.004966863019802607,3,0.012255671118499858,0.007075815019365416,3
matrix_BC_s_loss,"BC S-loss, fixed kappa_D",0.01,O30720-Na640-Cl160-I480-allSk.dat,0,main,30720,640,160,480,1280,0.96,0.02,0.005,0.015,0.04,0.75,470,0.494041936895576,1,0.3484383615032881,0.3484383615032881,0.0897051079939302,-0.0951749801842049,0.0212933398425225,-0.1221923163489628,0.3623533996752297,0.2192968469596396,0.2917985720639555,0.872447926458835,-0.2504858579457709,0.4815580457737318,0.0014243337585533161,0.0008223394789166285,3,0.002701899154587344,0.0015599422042242253,3,0.0021493473506196633,0.0012409262714622716,3,0.003817440168915895,0.0022040001091388826,3,0.004758953277903688,0.0027475829560585463,3,0.005119260974436688,0.002955606701642968,3,0.008331127546986025,0.004809978731905488,3,0.006747623005037859,0.0038957419583487197,3,0.004739540807349197,0.002736375160958275,3,0.012106253182818194,0.006989548533977848,3
matrix_BC_s_loss,"BC S-loss, fixed kappa_D",0.0025,O30656-Na672-Cl640-I32-allSk.dat,0,main,30656,672,640,32,1344,0.958,0.021,0.02,0.001,0.042,0.0476190476190476,86,0.7635871879463149,1,0.3576973280247196,0.3576973280247196,0.0622663348037165,-0.0513341345643382,-0.0406971115563214,-0.0532395415204746,0.4008515317466903,0.393194086055927,0.078515077124292,0.4313998764320875,-0.1274372362140482,0.9297179301959836,0.0011025028170489936,0.0006365302982055572,3,0.00560680268909257,0.003237089041840713,3,0.005614018912310427,0.0032412553302580754,3,0.002257899128522899,0.0013035986696557174,3,0.028410194375979657,0.01640263337070145,3,0.02688052485016787,0.015519478258202846,3,0.017833519839274465,0.010296187479803645,3,0.025565473875485595,0.014760233223971955,3,0.02468081606901259,0.01424947580126406,3,0.029443617246561297,0.016999280343218473,3
matrix_BC_s_loss,"BC S-loss, fixed kappa_D",0.005,O30656-Na672-Cl640-I32-allSk.dat,0,main,30656,672,640,32,1344,0.958,0.021,0.02,0.001,0.042,0.0476190476190476,228,0.6691535493156148,1,0.3576973280247196,0.3576973280247196,0.0622905185760671,-0.0562033690467707,-0.0455544289322085,-0.0538305934311619,0.4246012142465125,0.4174529963006971,0.0788606501761515,0.4581428321323791,-0.1358670774704844,0.969000941042114,0.0005875662630954978,0.00033923154016492815,3,0.00239469222649647,0.0013825762015940413,3,0.0030736921250241406,0.0017745969757887205,3,0.003946998965120488,0.002278800915003488,3,0.012929006670744111,0.00746456548170858,3,0.014064818892654287,0.008120326973777287,3,0.0055576324951754465,0.0032087006171465557,3,0.014472694114158371,0.008355813842708448,3,0.007272182837137367,0.004198596718617435,3,0.02273408367992787,0.013125529332385834,3
matrix_BC_s_loss,"BC S-loss, fixed kappa_D",0.01,O30656-Na672-Cl640-I32-allSk.dat,0,main,30656,672,640,32,1344,0.958,0.021,0.02,0.001,0.042,0.0476190476190476,467,0.6231767396143147,1,0.3576973280247196,0.3576973280247196,0.0625950554376473,-0.0558151132464622,-0.0452087420970853,-0.0535973403617667,0.4100060606786838,0.4050270964857703,0.0675475675076291,0.4478175050633793,-0.1466334375179206,0.9653065092429268,0.00026754992664733553,0.0001544700221715038,3,0.001380535412842842,0.000797052492230626,3,0.001777546416181796,0.0010262669018796145,3,0.0016511423646641845,0.0009532874887092622,3,0.0060132760280312576,0.0034717665334953705,3,0.006088773541349924,0.0035153550431330496,3,0.0027570372044179673,0.0015917761721365269,3,0.006090308871343419,0.003516241466318089,3,0.0032228168324818828,0.0018606941657822722,3,0.0031875928462788117,0.0018403575878659973,3
matrix_BC_s_loss,"BC S-loss, fixed kappa_D",0.0025,O30656-Na672-Cl32-I640-allSk.dat,0,main,30656,672,32,640,1344,0.958,0.021,0.001,0.02,0.042,0.9523809523809524,89,0.751844212211509,1,0.3576973280247196,0.3576973280247196,0.093452327578647,-0.1109069558542024,0.0205104932839627,-0.118232097347546,0.3414016483538707,0.074942664261465,0.3330748990395986,0.9487095990817505,-0.1353445363496293,0.3715641675496692,0.00676673452295845,0.003906775998364795,3,0.012657205334615958,0.007307640907128891,3,0.013353390258317726,0.007709583460233866,3,0.010245206830216295,0.005915072921328771,3,0.03670175952360679,0.021189770740687293,3,0.03723647892520091,0.021498491131138574,3,0.029288216482837023,0.016909559670449992,3,0.045145035812986054,0.026064498579202795,3,0.03256198457123051,0.018799670557548376,3,0.022910792935455365,0.013227552468632933,3
matrix_BC_s_loss,"BC S-loss, fixed kappa_D",0.005,O30656-Na672-Cl32-I640-allSk.dat,0,main,30656,672,32,640,1344,0.958,0.021,0.001,0.02,0.042,0.9523809523809524,229,0.6422556007605065,1,0.3576973280247196,0.3576973280247196,0.094362056374049,-0.1110198269595745,0.0171332621861696,-0.1175925839824717,0.3422135777487819,0.0859245147732768,0.3314512626667922,0.9542213747717282,-0.1253239587102151,0.3676597660747182,0.003162696153875075,0.0018259834758047686,3,0.008640388841922864,0.004988530823787205,3,0.00907501731586165,0.00523946369021324,3,0.006892450272815179,0.003979358020385953,3,0.02146130110563923,0.012390687970500422,3,0.017619522833237696,0.010172636250762541,3,0.019260876404551434,0.011120272176995882,3,0.03695079551426404,0.02133355173693116,3,0.017648057173941585,0.010189110560049081,3,0.016193802698512876,0.009349496347190098,3
matrix_BC_s_loss,"BC S-loss, fixed kappa_D",0.01,O30656-Na672-Cl32-I640-allSk.dat,0,main,30656,672,32,640,1344,0.958,0.021,0.001,0.02,0.042,0.9523809523809524,470,0.5799471604655367,1,0.3576973280247196,0.3576973280247196,0.0943921725185424,-0.1103066252291232,0.0151576904553891,-0.1164200184122133,0.3430258077600716,0.0889900784160591,0.3315980698909631,0.9673158338537718,-0.1251107008020683,0.3677625127965993,0.001376133446459511,0.0007945110157542461,3,0.002675961003653377,0.0015449668058002183,3,0.0041701473282163126,0.002407635682506087,3,0.002010692106898759,0.0011608736291754543,3,0.007053073451031198,0.004072093855567065,3,0.0035354416311060796,0.0020411881774233046,3,0.006961054893666151,0.004018966916701915,3,0.022236638138107057,0.012838329014908409,3,0.0035070295534577163,0.0020247844567447856,3,0.00637896044118414,0.0036828945278676375,3
matrix_BC_s_loss,"BC S-loss, fixed kappa_D",0.0025,O30400-Na800-Cl640-I160-allSk.dat,0,main,30400,800,640,160,1600,0.95,0.025,0.02,0.005,0.05,0.2,86,0.8699502482193566,1,0.3909670996920168,0.3909670996920168,0.0709810056667769,-0.0590178074773823,-0.0157495186569853,-0.1004687920884516,0.3497867260608611,0.3319891521340001,0.1181685928311823,0.5022929388237888,-0.2622355656834339,0.788704137742886,0.000950772248092595,0.0005489286133742854,3,0.008664855017541894,0.005002656376866892,3,0.007447231099640614,0.004299660880094861,3,0.0066365677390648765,0.0038316241706442926,3,0.023411820196716036,0.013516820692793122,3,0.0191573217017848,0.011060484841477713,3,0.019224113839004575,0.011099047299881303,3,0.022878558513902157,0.013208941916672016,3,0.0031163201868002143,0.0017992082987301687,3,0.04843355434526652,0.027963125639049995,3
matrix_BC_s_loss,"BC S-loss, fixed kappa_D",0.005,O30400-Na800-Cl640-I160-allSk.dat,0,main,30400,800,640,160,1600,0.95,0.025,0.02,0.005,0.05,0.2,228,0.7185305882098514,1,0.3909670996920168,0.3909670996920168,0.0726566135696836,-0.0630974909776608,-0.0186966332698546,-0.1036970124960202,0.3643417571063552,0.3499189074089141,0.1148551211136989,0.5354251143320854,-0.2884077650853839,0.83363938854497,0.0011861046736318453,0.0006847978526084191,3,0.0028327696205531325,0.0016355003029785453,3,0.0020723424999538175,0.0011964675002014385,3,0.008152303759053472,0.0047067347698051204,3,0.0023505259136864685,0.0013570767690040738,3,0.017219885778855276,0.009941905689836703,3,0.029954268913421955,0.017294105220542606,3,0.02231232581914907,0.012882027317932353,3,0.008153059484789412,0.004707171088262199,3,0.055560756726956734,0.03207801785268778,3
matrix_BC_s_loss,"BC S-loss, fixed kappa_D",0.01,O30400-Na800-Cl640-I160-allSk.dat,0,main,30400,800,640,160,1600,0.95,0.025,0.02,0.005,0.05,0.2,467,0.6302143604050157,1,0.3909670996920168,0.3909670996920168,0.0722674551163849,-0.065298911560971,-0.0212841190520191,-0.1034445670030397,0.3690870750591999,0.3522085864721755,0.1208866165045875,0.5355850361810222,-0.2836077307511472,0.8375261535765002,0.001363473870888705,0.0007872020063906149,3,0.002089970229092505,0.0012066448743648615,3,0.0022517013113439125,0.0013000203582390413,3,0.005315540721241457,0.0030689288662971727,3,0.0034491279773687625,0.0019913549662033247,3,0.008373631067500656,0.004834518150916117,3,0.01402378576592724,0.008096636487015734,3,0.010883274650400778,0.00628346154907352,3,0.010648636987067937,0.00614799343098628,3,0.028225699201913517,0.016296115032290174,3
matrix_BC_s_loss,"BC S-loss, fixed kappa_D",0.0025,O30400-Na800-Cl480-I320-allSk.dat,0,main,30400,800,480,320,1600,0.95,0.025,0.015,0.01,0.05,0.4,89,0.7949120811153536,1,0.3909670996920168,0.3909670996920168,0.084081616846376,-0.074971915371922,0.0071950093247128,-0.1273530573303884,0.3772445692493885,0.3438299641877655,0.1753720516088725,0.7014045966220076,-0.3153987751595576,0.6635705928301739,0.0035804857250091716,0.002067194397163658,3,0.009334171861613942,0.00538908663696504,3,0.007287363745675768,0.004207361420248625,3,0.011952362313913055,0.006900699599389641,3,0.03360513459163211,0.019401933502632408,3,0.03745267287004109,0.021623310763389216,3,0.015325196632829349,0.00884800640134797,3,0.04798693064504047,0.02770526732549802,3,0.03104297946519349,0.017922672550677487,3,0.05932566835393187,0.034251690593997026,3
matrix_BC_s_loss,"BC S-loss, fixed kappa_D",0.005,O30400-Na800-Cl480-I320-allSk.dat,0,main,30400,800,480,320,1600,0.95,0.025,0.015,0.01,0.05,0.4,229,0.6124961171928874,1,0.3909670996920168,0.3909670996920168,0.0830810191457859,-0.0751437209825632,0.0064330468670609,-0.1266914962403973,0.3690033330890331,0.3286339363139546,0.1809527703118146,0.6895514890030678,-0.3249087721275326,0.6840418038846496,0.002441363641198775,0.0014095219554358777,3,0.006074668959804789,0.003507211759181159,3,0.005323262634491019,0.0030733871149904667,3,0.006739036622545609,0.003890784608105454,3,0.013046500250523854,0.007532400431622468,3,0.007857983749376865,0.004536809032990438,3,0.015970139337052363,0.009220364245243013,3,0.0028356978473116873,0.001637190915485845,3,0.014785238128904985,0.008536261213756013,3,0.03005843283786144,0.01735424429035759,3
matrix_BC_s_loss,"BC S-loss, fixed kappa_D",0.01,O30400-Na800-Cl480-I320-allSk.dat,0,main,30400,800,480,320,1600,0.95,0.025,0.015,0.01,0.05,0.4,467,0.4850882369736754,1,0.3909670996920168,0.3909670996920168,0.0831749914845401,-0.0762630549766188,0.0061860881241385,-0.1281588572283924,0.3629030774837865,0.3185569438192784,0.1836491641778266,0.6833249793260328,-0.3332160104577134,0.6984794244677186,0.0015300901870003124,0.0008833979813490352,3,0.0032148883635917357,0.0018561166621342841,3,0.002778243616363901,0.0016040196997820578,3,0.004889957133220673,0.0028232180671906863,3,0.008055593862992715,0.004650899285281142,3,0.003669426730102665,0.002118544510396382,3,0.010359882764382523,0.005981281102789214,3,0.005782268599044687,0.0033383943321851706,3,0.012156148022569193,0.007018355333139261,3,0.022052894722596993,0.012732244704501851,3
matrix_BC_s_loss,"BC S-loss, fixed kappa_D",0.0025,O30400-Na800-Cl320-I480-allSk.dat,0,main,30400,800,320,480,1600,0.95,0.025,0.01,0.015,0.05,0.6,89,0.760181905682321,1,0.3909670996920168,0.3909670996920168,0.0890995060565737,-0.0851127561656232,0.0168179287902093,-0.1236118770819157,0.3318075889424686,0.2635184344183174,0.2131998546591555,0.7710437502456365,-0.2893537498476554,0.5114961762654776,0.004830303217988233,0.002788776863173022,3,0.012526046883052273,0.007231916539812103,3,0.007310595859159567,0.00422077448722234,3,0.011586650979227757,0.006689556061863387,3,0.05159523907895707,0.029788525171138967,3,0.04083049224495483,0.0235734956887696,3,0.033712233278637156,0.019463766958404623,3,0.060587970838600215,0.034980481273319035,3,0.006868416685451125,0.003965482222251724,3,0.04209368388681954,0.024302799723238275,3
matrix_BC_s_loss,"BC S-loss, fixed kappa_D",0.005,O30400-Na800-Cl320-I480-allSk.dat,0,main,30400,800,320,480,1600,0.95,0.025,0.01,0.015,0.05,0.6,229,0.5813344115895447,1,0.3909670996920168,0.3909670996920168,0.088637234755531,-0.0843369810950067,0.0235015292643822,-0.1280674927077313,0.3427574281447408,0.2722280542715327,0.2202246614525081,0.8166157393191915,-0.3153190522311887,0.541765743458047,0.002477469245239243,0.001430367535647896,3,0.007079911258842729,0.004087588671131512,3,0.003598345698342506,0.002077505857575378,3,0.006202441940038572,0.003580981523714294,3,0.02315760778568601,0.013370051088853592,3,0.015419562355821937,0.008902488476920016,3,0.017525883024019154,0.010118573281703352,3,0.011170552666401682,0.006449321588943903,3,0.01428134218359749,0.008245336754089169,3,0.015350561062915746,0.008862650561886194,3
matrix_BC_s_loss,"BC S-loss, fixed kappa_D",0.01,O30400-Na800-Cl320-I480-allSk.dat,0,main,30400,800,320,480,1600,0.95,0.025,0.01,0.015,0.05,0.6,467,0.4686347791741379,1,0.3909670996920168,0.3909670996920168,0.0897621751704136,-0.0858465410666877,0.0240329364655664,-0.1304502184140524,0.3423706413021152,0.2647862164505763,0.225801556922464,0.8103511228526379,-0.319811385620671,0.5526334594038396,0.0015310202880706597,0.0008839349754523738,3,0.003037824422230206,0.0017538887479254287,3,0.0007349471682053811,0.00042432194540352995,3,0.003599719108179224,0.002078298796114315,3,0.0038761979064959196,0.002237923904747683,3,0.0024545053585899716,0.0014171093295092991,3,0.006366409009911498,0.0036756479556436625,3,0.008314617728205192,0.004800446783588102,3,0.003795477477638459,0.002191319943417726,3,0.00751364124675036,0.0043380027964055965,3
matrix_BC_s_loss,"BC S-loss, fixed kappa_D",0.0025,O30400-Na800-Cl160-I640-allSk.dat,0,main,30400,800,160,640,1600,0.95,0.025,0.005,0.02,0.05,0.8,89,0.7607308701324093,1,0.3909670996920168,0.3909670996920168,0.0902679705821029,-0.0889897806547539,0.034390168704059,-0.1166886837754423,0.2969774883938969,0.1745397076181123,0.2447610721088981,0.9017656138822786,-0.2557414814376208,0.4015219384594224,0.0004761252327277043,0.0002748910312833133,3,0.007184149607898271,0.004147770710018611,3,0.02179412927321708,0.012582846402645384,3,0.0030242470080521747,0.0017460498241948434,3,0.01957455155618191,0.011301372610227834,3,0.0244758628541632,0.014131146007499486,3,0.010757361185362295,0.006210765376138953,3,0.04010586788183879,0.023155133617663193,3,0.04725532805789407,0.02728287637486922,3,0.014823531068203052,0.008558369652567814,3
matrix_BC_s_loss,"BC S-loss, fixed kappa_D",0.005,O30400-Na800-Cl160-I640-allSk.dat,0,main,30400,800,160,640,1600,0.95,0.025,0.005,0.02,0.05,0.8,229,0.59906142839667,1,0.3909670996920168,0.3909670996920168,0.091805397375109,-0.0940715818433937,0.0304302608335477,-0.1203903562931555,0.3102286767497059,0.1835165882136957,0.2550879107842274,0.910809709525546,-0.2502270716404426,0.4103104901961885,0.0005800464572108818,0.00033488997821319133,3,0.0034288843827706937,0.001979667321412764,3,0.010643150441094302,0.00614482577219148,3,0.0023543293759931663,0.0013592726989906983,3,0.009831682843889557,0.005676324736506661,3,0.009244928121288722,0.005337561739464785,3,0.006429532703401262,0.003712092437072221,3,0.025824935019999724,0.014910033185601435,3,0.022968657538248987,0.013260960612632381,3,0.005525532899263739,0.003190167906806053,3
matrix_BC_s_loss,"BC S-loss, fixed kappa_D",0.01,O30400-Na800-Cl160-I640-allSk.dat,0,main,30400,800,160,640,1600,0.95,0.025,0.005,0.02,0.05,0.8,470,0.494195304712789,1,0.3909670996920168,0.3909670996920168,0.0936108469779128,-0.0974680436351184,0.0294213194033441,-0.1236832453026923,0.3211439829183362,0.1864886786781868,0.2658055488461213,0.912368576334376,-0.2476836068879172,0.4210214414522431,0.0008088236692185443,0.0004669745631502674,3,0.0009322773531399893,0.0005382505807947646,3,0.00620095324854733,0.0035801220272810856,3,0.003299176150479953,0.0019047802385835943,3,0.002536804735753879,0.0014646248970690196,3,0.005030930460586088,0.002904609055693666,3,0.0038457849945423544,0.002220365001844452,3,0.011121378764678305,0.006420931023546807,3,0.011018996743104277,0.006361820735830865,3,0.008626502727018875,0.0049805136716093885,3
matrix_BC_s_loss,"BC S-loss, fixed kappa_D",0.0025,O30336-Na832-Cl800-I32-allSk.dat,0,main,30336,832,800,32,1664,0.948,0.026,0.025,0.001,0.052,0.0384615384615384,86,0.7493022328989073,1,0.3986921177976689,0.3986921177976689,0.0611452037825027,-0.052660946209187,-0.0433308377269866,-0.0518650036899712,0.369526422560794,0.3744163519231869,0.0121406798096876,0.4179127637177624,-0.1804075339242584,0.9639432328791718,0.0016999886973059705,0.0009814889320089234,3,0.003379350447094949,0.001951068890316351,3,0.0036358918576300486,0.0020991831427470773,3,0.004769327142505479,0.0027535723095789273,3,0.0025300587439676067,0.0014607300968952643,3,0.007887446008953887,0.004553819076488166,3,0.03368576967464283,0.019448488189514772,3,0.016734213168366423,0.009661502477432936,3,0.04867042231039655,0.028099881422480214,3,0.10438518501353596,0.060266814666973874,3
matrix_BC_s_loss,"BC S-loss, fixed kappa_D",0.005,O30336-Na832-Cl800-I32-allSk.dat,0,main,30336,832,800,32,1664,0.948,0.026,0.025,0.001,0.052,0.0384615384615384,228,0.645569274693986,1,0.3986921177976689,0.3986921177976689,0.0613536493895448,-0.0551994543067649,-0.045623152649938,-0.0533473314001774,0.3692062312419778,0.3685813492199197,0.0396830315432974,0.4059568282297132,-0.1503806491298386,0.9542477978469852,0.00031994316911360734,0.00018471927481312318,3,6.753206356359662e-05,3.898965507737343e-05,3,0.0007212827353455457,0.00041643278141358043,3,0.003890658543661821,0.00224627275750807,3,0.008726795633948032,0.005038417808422747,3,0.01416361313687273,0.00817736585727119,3,0.027965019723696805,0.016145611665369545,3,0.019809390024378336,0.01143695666305712,3,0.02698187996314561,0.015577995659964287,3,0.021427772922482487,0.012371330464929439,3
matrix_BC_s_loss,"BC S-loss, fixed kappa_D",0.01,O30336-Na832-Cl800-I32-allSk.dat,0,main,30336,832,800,32,1664,0.948,0.026,0.025,0.001,0.052,0.0384615384615384,467,0.6068522126434257,1,0.3986921177976689,0.3986921177976689,0.0618858348842176,-0.0575955942101282,-0.0483630641105696,-0.0518657382215674,0.3705535430453439,0.3686907668062179,0.0460059127880629,0.4052709211078011,-0.1463931911126137,0.9665510026100496,0.00037244702443519733,0.00021503238981653632,3,0.0009890580359726492,0.0005710329233129716,3,0.00032643337886407693,0.00018846639915965393,3,0.0034384822618676197,0.0019852086594930236,3,0.001813557872588794,0.0010470581259301053,3,0.0038541976644919057,0.0022252220591044286,3,0.013606455110405858,0.007855690520709382,3,0.006252591839744853,0.0036099355818095483,3,0.012499860238414387,0.007216797673481246,3,0.007133170885799923,0.0041183381310921875,3
matrix_BC_s_loss,"BC S-loss, fixed kappa_D",0.0025,O30336-Na832-Cl32-I800-allSk.dat,0,main,30336,832,32,800,1664,0.948,0.026,0.001,0.025,0.052,0.9615384615384616,89,0.7551210536910823,1,0.3986921177976689,0.3986921177976689,0.0979490766342686,-0.1118417534768424,0.0204871998515006,-0.1181540966528707,0.3054850321027594,0.0703660608087831,0.2974616157987411,0.9698315307810106,-0.1222067227244737,0.327793861245419,0.0007779896684859901,0.0004491725445271341,3,0.0020155172876777524,0.0011636594485970948,3,0.010224159394409545,0.005902921178599993,3,0.0029115800238236522,0.0016810015105217227,3,0.010282207000689539,0.00593643497971156,3,0.019153624048953682,0.011058350000620299,3,0.010079524721744648,0.00581941631140276,3,0.024038176953321447,0.013878447934827997,3,0.02062639484137075,0.011908654614076912,3,0.012206919941899416,0.007047668514431839,3
matrix_BC_s_loss,"BC S-loss, fixed kappa_D",0.005,O30336-Na832-Cl32-I800-allSk.dat,0,main,30336,832,32,800,1664,0.948,0.026,0.001,0.025,0.052,0.9615384615384616,229,0.6438785132510314,1,0.3986921177976689,0.3986921177976689,0.0980481990605753,-0.1120569973021756,0.0222050868176129,-0.1187171805392041,0.3061721783495289,0.0784330527488165,0.2965489718349283,1.0032913578146512,-0.1206719382675567,0.3265561864779467,0.0009339119706810919,0.0005391943276721424,3,0.002406906345453681,0.0013896280264619012,3,0.003784826479444403,0.0021851705867432496,3,0.0026600579885525705,0.0015357851957508411,3,0.006126466093557167,0.0035371168482963454,3,0.011360729770027903,0.0065591203909162055,3,0.0053657166882815,0.0030978979743745915,3,0.008973824034869106,0.005181039722192012,3,0.009979481137898451,0.005761656121338464,3,0.005272285309353757,0.0030439553425999012,3
matrix_BC_s_loss,"BC S-loss, fixed kappa_D",0.01,O30336-Na832-Cl32-I800-allSk.dat,0,main,30336,832,32,800,1664,0.948,0.026,0.001,0.025,0.052,0.9615384615384616,470,0.5673517961301897,1,0.3986921177976689,0.3986921177976689,0.0972527587361744,-0.1103540045799653,0.0202017730605258,-0.1165797991633751,0.3039500794172531,0.0743909711932602,0.2950912829826779,0.993720318674208,-0.122879860984931,0.3255112142409468,0.0010626306463070634,0.0006135100896945291,3,0.0011522173292813115,0.0006652329852255169,3,0.0020073011976094323,0.001158915886784464,3,0.0013756637112797947,0.0007942398140217891,3,0.0016887878799210615,0.0009750221370766023,3,0.006785414229222014,0.0039175607318044465,3,0.0015127737634942737,0.0008734003395764222,3,0.008567842734620527,0.0049466463092075405,3,0.006331107722346571,0.003655266747765312,3,0.0020381574283677957,0.0011767307399189824,3
matrix_BC_s_loss,"BC S-loss, fixed kappa_D",0.0025,O30080-Na960-Cl800-I160-allSk.dat,0,main,30080,960,800,160,1920,0.94,0.03,0.025,0.005,0.06,0.1666666666666666,86,0.8333747970198216,1,0.4293830120105448,0.4293830120105448,0.0705879768467632,-0.0602176589540656,-0.0251181924543278,-0.0913365521426002,0.3314903607594791,0.3311747127145736,0.0714530684530889,0.486861631519338,-0.2774466418501803,0.7954131095722669,0.0022539267267548215,0.0013013052024255884,3,0.0033224070417869882,0.001918192599933226,3,0.003713325374241864,0.002143889404407208,3,0.008761714531173664,0.005058578243135771,3,0.011407872475674215,0.0065863382447114305,3,0.007818689442342316,0.0045141224542464215,3,0.01951889767599811,0.01126924082752227,3,0.02169407809496486,0.012525081827948727,3,0.037858917972435596,0.021857856482613652,3,0.04966926543439038,0.028676563768996265,3
matrix_BC_s_loss,"BC S-loss, fixed kappa_D",0.005,O30080-Na960-Cl800-I160-allSk.dat,0,main,30080,960,800,160,1920,0.94,0.03,0.025,0.005,0.06,0.1666666666666666,228,0.6369253476190798,1,0.4293830120105448,0.4293830120105448,0.0706875025960731,-0.0637892614843386,-0.0261449154253716,-0.0977893335484876,0.3519534440444148,0.3491117376093371,0.0814687740864597,0.5095067053812341,-0.284146007865114,0.8349267156034877,0.0014099830818652315,0.0008140541118677096,3,0.00207750907063618,0.0011994504211756878,3,0.0015650621103138202,0.0009035890306881679,3,0.002449682135193598,0.0014143246401830411,3,0.007725261594477604,0.004460181861131922,3,0.005650349231237648,0.003262230649670451,3,0.006365770233920742,0.0036752791581534474,3,0.005365436327246838,0.003097736107855759,3,0.014638369486979684,0.008451466563804926,3,0.022774989105408042,0.013149146090798128,3
matrix_BC_s_loss,"BC S-loss, fixed kappa_D",0.01,O30080-Na960-Cl800-I160-allSk.dat,0,main,30080,960,800,160,1920,0.94,0.03,0.025,0.005,0.06,0.1666666666666666,467,0.5259116729634098,1,0.4293830120105448,0.4293830120105448,0.0710294589959935,-0.0665901888646761,-0.0279602841480003,-0.1005908885688801,0.3479819822420547,0.34159558567426,0.0885473457937724,0.5023569552060557,-0.2865694175214451,0.8576845131229911,0.00029523834498297504,0.00017045593795102026,3,0.0007008038842775512,0.00040460931123677957,3,0.0002938132187400207,0.00016963314093102136,3,0.0013942607813237557,0.0008049768374178084,3,0.005608714576562398,0.003238192870586079,3,0.004495616160244344,0.0025955452002903038,3,0.003920392877437465,0.002263439883117612,3,0.003648498141582717,0.002106461384180631,3,0.0034819745669044735,0.0020103189535137286,3,0.007900476324897737,0.004561342132905974,3
matrix_BC_s_loss,"BC S-loss, fixed kappa_D",0.0025,O30080-Na960-Cl640-I320-allSk.dat,0,main,30080,960,640,320,1920,0.94,0.03,0.02,0.01,0.06,0.3333333333333333,86,0.8258419142646132,1,0.4293830120105448,0.4293830120105448,0.0816399465687583,-0.072707744916921,-0.0037274144633547,-0.1206621482132031,0.3379889439894433,0.3143691002416406,0.140828978233512,0.6104714285496606,-0.3188337197479727,0.6948219160878999,0.0034726085194560987,0.0020049114634981663,3,0.010049370342747267,0.005802006672571376,3,0.0188350103878656,0.010874398317623603,3,0.012231536975738458,0.00706188116554546,3,0.04316999628951108,0.024924208978664368,3,0.038383350856798636,0.022160637949572546,3,0.02409217660625655,0.013909624648986223,3,0.03688908374867589,0.021297922432456675,3,0.06301228982603914,0.036380162493318415,3,0.04845350169915783,0.027974642249188764,3
matrix_BC_s_loss,"BC S-loss, fixed kappa_D",0.005,O30080-Na960-Cl640-I320-allSk.dat,0,main,30080,960,640,320,1920,0.94,0.03,0.02,0.01,0.06,0.3333333333333333,228,0.6157300304656743,1,0.4293830120105448,0.4293830120105448,0.0818741414308102,-0.0728958736777849,0.0015552422003473,-0.1284588014845525,0.3364100433162204,0.3119244277140284,0.1415515310914953,0.623599334591009,-0.3416336795428996,0.7283174267126279,0.0018852013620180754,0.001088421513837785,3,0.004243332986094084,0.002449889441782638,3,0.007652809408605146,0.004418351572115082,3,0.004800889801974504,0.0027717950195197093,3,0.018198417969715865,0.010506861513640778,3,0.019675074216571376,0.01135940939526335,3,0.003945368007820959,0.0022778592813675683,3,0.027858132105518022,0.01608390007024099,3,0.023359423874311145,0.013486569661948111,3,0.030494666871021377,0.017606104126832157,3
matrix_BC_s_loss,"BC S-loss, fixed kappa_D",0.01,O30080-Na960-Cl640-I320-allSk.dat,0,main,30080,960,640,320,1920,0.94,0.03,0.02,0.01,0.06,0.3333333333333333,467,0.4655415714988296,1,0.4293830120105448,0.4293830120105448,0.082149818236087,-0.0741566049149519,0.0008004559209242,-0.1295750230489619,0.3335584005421534,0.3052650301680656,0.1460301512485093,0.6143477509621385,-0.3400843793989289,0.7338835830965886,0.0009822432041606505,0.0005670983783318322,3,0.0011418819446800431,0.0006592658481437963,3,0.003624122378726672,0.002092388030933991,3,0.003341001798977048,0.0019289282880024226,3,0.010996885564663899,0.0063490548410062115,3,0.013025440434538479,0.007520241541194227,3,0.004318930371769475,0.002493535612752357,3,0.017660762864162453,0.01019644619371834,3,0.008600413637596628,0.004965451128808542,3,0.004857686886674838,0.0028045868316606327,3
matrix_BC_s_loss,"BC S-loss, fixed kappa_D",0.0025,O30080-Na960-Cl480-I480-allSk.dat,0,main,30080,960,480,480,1920,0.94,0.03,0.015,0.015,0.06,0.5,89,0.7926000832762752,1,0.4293830120105448,0.4293830120105448,0.0868481406300027,-0.0747742707884945,0.0140583700830095,-0.1198051579486568,0.3106253415149814,0.2979019269695315,0.1413886438177296,0.7701538001804916,-0.348856854803101,0.5488105924556732,0.004489023239851572,0.0025917387759267912,3,0.005707947798233113,0.0032954851978302196,3,0.009018584724132554,0.005206882318187377,3,0.013998185449835556,0.008081856137628862,3,0.03743655208021405,0.021614003421043027,3,0.04660625971549927,0.026908136592665114,3,0.006337678660830857,0.0036590604808680424,3,0.09975705494658939,0.05759476252697768,3,0.051279450861561646,0.029606204758818803,3,0.05592362353796018,0.032287519103700604,3
matrix_BC_s_loss,"BC S-loss, fixed kappa_D",0.005,O30080-Na960-Cl480-I480-allSk.dat,0,main,30080,960,480,480,1920,0.94,0.03,0.015,0.015,0.06,0.5,229,0.5787366607744321,1,0.4293830120105448,0.4293830120105448,0.0870006752974004,-0.0762910977435596,0.0209415323982958,-0.1288334375155693,0.3160589225444047,0.282193680976451,0.1647811337948735,0.7431462453642269,-0.3440641145113434,0.5770998287472691,0.0013066996228808883,0.0007544233790202634,3,0.0015039856489967765,0.0008683265193056229,3,0.004904887628923309,0.0028318381929037383,3,0.005736955441091309,0.0033122327682429554,3,0.010781308601904484,0.006224591423525982,3,0.013960967340407129,0.00806036825213163,3,0.0017286362083748393,0.0009980285802361475,3,0.037058234041693554,0.021395581399663927,3,0.02528215271434973,0.014596657675323046,3,0.02438743189453481,0.014080090369153338,3
matrix_BC_s_loss,"BC S-loss, fixed kappa_D",0.01,O30080-Na960-Cl480-I480-allSk.dat,0,main,30080,960,480,480,1920,0.94,0.03,0.015,0.015,0.06,0.5,467,0.4375882210195826,1,0.4293830120105448,0.4293830120105448,0.0882641912424508,-0.0789002720531898,0.0201172844402998,-0.1316991192528475,0.3179792395552347,0.2743233983883236,0.175367154743773,0.7355064522891083,-0.3475545818120636,0.5955611904454884,0.0006858443828423799,0.0003959724390562408,3,0.0005003649427617623,0.00028888583439655517,3,0.002357164916408319,0.0013609097990126848,3,0.0018568322374862035,0.0010720425921526347,3,0.00202881968634193,0.0011713395920467256,3,0.0025669896402493696,0.0014820521598049542,3,0.002596185298534407,0.0014989082809749887,3,0.011029890391611842,0.006368110186729164,3,0.011965001812376825,0.00690799701723012,3,0.009778778255755996,0.005645780258306384,3
matrix_BC_s_loss,"BC S-loss, fixed kappa_D",0.0025,O30080-Na960-Cl320-I640-allSk.dat,0,main,30080,960,320,640,1920,0.94,0.03,0.01,0.02,0.06,0.6666666666666666,89,0.8341265526351476,1,0.4293830120105448,0.4293830120105448,0.0971134276705865,-0.087597125424216,0.0402636143786201,-0.1357548048741569,0.2964996636155311,0.222178769221634,0.2060323280301546,0.8362400705966634,-0.3191987164825263,0.4780446140666379,0.00968996433251004,0.0055945035158125435,3,0.0057248419629516,0.003305239048378172,3,0.010071330208424024,0.00581468520693122,3,0.014103151884129108,0.008142458536724118,3,0.0074442216983870175,0.004297923401470998,3,0.026018855986788155,0.015021993507978249,3,0.01800284388954116,0.0103939467658054,3,0.038044644313594715,0.021965085635677475,3,0.014812383035367895,0.0085519333328095,3,0.03166690491917455,0.01828289607948771,3
matrix_BC_s_loss,"BC S-loss, fixed kappa_D",0.005,O30080-Na960-Cl320-I640-allSk.dat,0,main,30080,960,320,640,1920,0.94,0.03,0.01,0.02,0.06,0.6666666666666666,229,0.6102003005395283,1,0.4293830120105448,0.4293830120105448,0.0964238477899834,-0.0896986811464324,0.0381849861618684,-0.1368588623592541,0.3074284739079123,0.2288443171845381,0.2147040782212665,0.8443351697782373,-0.3167592203256134,0.4869403113639596,0.003272591217900458,0.0018894314206024348,3,0.0030715842670096115,0.0017733800033966187,3,0.0034063429560480217,0.001966653022626511,3,0.005082918960233532,0.0029346246299598827,3,0.0019406575043726764,0.001120439132554432,3,0.008441815538365515,0.004873884473524496,3,0.005870024300080093,0.0033890601098008864,3,0.012125574079171728,0.007000703458688546,3,0.010501608155639722,0.006063106295582563,3,0.01184543663942697,0.006838966032441818,3
matrix_BC_s_loss,"BC S-loss, fixed kappa_D",0.01,O30080-Na960-Cl320-I640-allSk.dat,0,main,30080,960,320,640,1920,0.94,0.03,0.01,0.02,0.06,0.6666666666666666,467,0.4715926127278329,1,0.4293830120105448,0.4293830120105448,0.0956879600554019,-0.0906960451253335,0.0342115896581405,-0.1352707631651951,0.3102025878695305,0.2302917142354124,0.217078195798672,0.8439842376824043,-0.3147383817459884,0.4884190510276311,0.0015286603704058551,0.0008825724763533335,3,0.001892793435333849,0.0010928047994103543,3,0.0007218226008275078,0.00041674447289491743,3,0.002160116357781737,0.0012471437606462,3,0.004411094167613214,0.0025467464050922773,3,0.00402062453215037,0.0023213086559474294,3,0.003323850183417076,0.0019190257981418358,3,0.00740591729828816,0.004275808345762776,3,0.0006876607456794583,0.00039702111662917404,3,0.004552203737801258,0.002628216053425577,3
matrix_BC_s_loss,"BC S-loss, fixed kappa_D",0.0025,O30080-Na960-Cl160-I800-allSk.dat,0,main,30080,960,160,800,1920,0.94,0.03,0.005,0.025,0.06,0.8333333333333334,89,0.8085510340208562,1,0.4293830120105448,0.4293830120105448,0.1002824887667243,-0.1036209263283331,0.03520244869928,-0.1292540512124259,0.2876069907493204,0.14627543782409,0.2496413085765229,0.9272403424112544,-0.2544377736119522,0.3872563835529443,0.004509630914704079,0.002603636622550258,3,0.011791807552676717,0.006808003264770165,3,0.01483502205970901,0.008565003979607034,3,0.01640513985740578,0.009471511912766687,3,0.018527126917295172,0.01069664171301073,3,0.026906238189204464,0.015534323861417386,3,0.029799245251330937,0.017204602267503595,3,0.039115092735373364,0.022583109320144987,3,0.04461440875649599,0.02575814090529896,3,0.04901192018869106,0.02829704531444124,3
matrix_BC_s_loss,"BC S-loss, fixed kappa_D",0.005,O30080-Na960-Cl160-I800-allSk.dat,0,main,30080,960,160,800,1920,0.94,0.03,0.005,0.025,0.06,0.8333333333333334,229,0.6207097168442643,1,0.4293830120105448,0.4293830120105448,0.0985600492015434,-0.0999379551695553,0.0364588092153864,-0.1257814199514709,0.2886459497120665,0.1621031340519787,0.2437010701584039,0.9375063433571292,-0.2416904962916546,0.3750484226725741,0.005540090206462483,0.003198572572035924,3,0.00697896487926233,0.00402930725170705,3,0.006048892783163065,0.00349232987665838,3,0.010307473757156656,0.005951022748359399,3,0.007181679333496584,0.004146344496427826,3,0.007696758270958201,0.004443725459625196,3,0.011308854216613732,0.006529170026188173,3,0.008405207195563834,0.0048527486369533595,3,0.008239062416165633,0.004756824903843357,3,0.015766297602607688,0.0091026761649893,3
matrix_BC_s_loss,"BC S-loss, fixed kappa_D",0.01,O30080-Na960-Cl160-I800-allSk.dat,0,main,30080,960,160,800,1920,0.94,0.03,0.005,0.025,0.06,0.8333333333333334,470,0.5021192388523038,1,0.4293830120105448,0.4293830120105448,0.0985474738218978,-0.101112167429153,0.0328466342128432,-0.1254522912647702,0.293380396459812,0.1642238604978488,0.2479389790215689,0.9218432328166491,-0.2323626008847316,0.3755192575912096,0.0024440754440399463,0.0014110876155362172,3,0.00254157021646032,0.0014673762486377014,3,0.0017431166210959484,0.0010063888504186567,3,0.003310271117616486,0.0019111859208465216,3,0.006156213316064913,0.003554291415218836,3,0.0065696930284631794,0.0037930140384764247,3,0.005594603763102306,0.00323004598863641,3,0.009130353667962313,0.005271412147994529,3,0.003548213958118716,0.0020485622838622283,3,0.00662203238041414,0.0038232321774145225,3
matrix_BC_s_loss,"BC S-loss, fixed kappa_D",0.0025,O30016-Na992-Cl960-I32-allSk.dat,0,main,30016,992,960,32,1984,0.938,0.031,0.03,0.001,0.062,0.032258064516129,86,0.7887118996681516,1,0.4370829809651164,0.4370829809651164,0.0594106089333815,-0.0483870581005913,-0.0418927453573833,-0.0399517214340711,0.3129386736485522,0.31669379455996,0.0077654438677335,0.3528610850450093,-0.1694233361686462,0.9712059915018076,0.001707138530196781,0.0009856168899530936,3,0.0040554745584702205,0.002341429328024461,3,0.003161526917249504,0.0018253084167242487,3,0.005445213050335455,0.0031437952204060385,3,0.022669554927158112,0.013088273639603744,3,0.02168754389804385,0.012521309307597444,3,0.024328429874115536,0.014046025536781538,3,0.024303374849551758,0.014031560011605089,3,0.03929983139772699,0.022689768236584584,3,0.10292394149426451,0.05942316532777091,3
matrix_BC_s_loss,"BC S-loss, fixed kappa_D",0.005,O30016-Na992-Cl960-I32-allSk.dat,0,main,30016,992,960,32,1984,0.938,0.031,0.03,0.001,0.062,0.032258064516129,228,0.665496723677176,1,0.4370829809651164,0.4370829809651164,0.0606953002869273,-0.0570077607522148,-0.0492867802545809,-0.0474509653985798,0.3412638742294742,0.3422889520499284,0.0252830350306726,0.3759215329591401,-0.1532228055224028,0.9800058505164344,0.0002190423465150148,0.0001264641577243711,3,0.0011075504512135523,0.0006394445511492359,3,0.0007880526928166152,0.0004549824343332823,3,0.002733549453445144,0.0015782155127897083,3,0.002946638099841067,0.0017012423001476476,3,0.002792974076048824,0.001612524334646435,3,0.02117601521691077,0.012225978085847045,3,0.007884473454266261,0.004552102871239085,3,0.029648075510164816,0.017117324376748008,3,0.05606975298443629,0.03237188697896012,3
matrix_BC_s_loss,"BC S-loss, fixed kappa_D",0.01,O30016-Na992-Cl960-I32-allSk.dat,0,main,30016,992,960,32,1984,0.938,0.031,0.03,0.001,0.062,0.032258064516129,467,0.6105347732287091,1,0.4370829809651164,0.4370829809651164,0.0616464886588629,-0.061114093897018,-0.0528629890233747,-0.0507263586139615,0.3459121151404056,0.345243922976205,0.0349783027934684,0.3772095047058637,-0.143824735496979,0.9825114673548456,7.824151638051358e-05,4.517276054409403e-05,3,0.0010160489308202133,0.0005866161237188816,3,0.0012960875384279576,0.0007482964892047008,3,0.0014429394272555424,0.0008330814667503119,3,0.0012695895193510947,0.0007329978507576822,3,0.0009982231203513848,0.0005763243872461802,3,0.006431321776025526,0.0037131253586334396,3,0.0022023709423447655,0.0012715394564181601,3,0.00870127390695715,0.005023682832474378,3,0.012640423588774813,0.007297951961650034,3
matrix_BC_s_loss,"BC S-loss, fixed kappa_D",0.0025,O30016-Na992-Cl32-I960-allSk.dat,0,main,30016,992,32,960,1984,0.938,0.031,0.001,0.03,0.062,0.967741935483871,89,0.7568968511295151,1,0.4370829809651164,0.4370829809651164,0.1010537724233783,-0.1097897616280406,0.0196350809162471,-0.1151894502914469,0.2747355407734678,0.0765477963221334,0.2653012801623583,0.9818258916067494,-0.1014429279162859,0.2882075823584387,0.003877104258656748,0.0022384471874117183,3,0.00665862971265843,0.003844361657037385,3,0.009513345192493356,0.005492532407779871,3,0.005257381322974471,0.003035350522051822,3,0.016354870954450092,0.009442489148113353,3,0.01898560556017213,0.010961344480893436,3,0.013409183984679171,0.007741795983167738,3,0.020817887185144286,0.012019212770302315,3,0.02214538710049625,0.012785645203779976,3,0.009851103074846922,0.0056875370120776205,3
matrix_BC_s_loss,"BC S-loss, fixed kappa_D",0.005,O30016-Na992-Cl32-I960-allSk.dat,0,main,30016,992,32,960,1984,0.938,0.031,0.001,0.03,0.062,0.967741935483871,232,0.6458482834421886,1,0.4370829809651164,0.4370829809651164,0.0997192716280333,-0.1098673029250256,0.0158468673927403,-0.1145766433497729,0.2736605833692374,0.0746601484897121,0.2645531894295104,0.9792196789585206,-0.1028859515008359,0.2877105845078548,0.002101492739614636,0.0012132973989165542,3,0.0029263222124434897,0.00168951291708983,3,0.004590232693751555,0.0026501720813804815,3,0.002172727616859676,0.001254424874469668,3,0.005323742122340725,0.003073663947429567,3,0.008344667564329769,0.004817796064563731,3,0.00400862244195036,0.0023143792459396156,3,0.006621704612909358,0.0038230429407574047,3,0.008140675885056143,0.004700021413622659,3,0.0027112716988701856,0.0015653534451889157,3
matrix_BC_s_loss,"BC S-loss, fixed kappa_D",0.01,O30016-Na992-Cl32-I960-allSk.dat,0,main,30016,992,32,960,1984,0.938,0.031,0.001,0.03,0.062,0.967741935483871,472,0.578694237739363,1,0.4370829809651164,0.4370829809651164,0.0993743038891367,-0.1095650225909141,0.0167448101324134,-0.1144333074726169,0.2755081579645337,0.0707195497554747,0.2671507561224735,0.9710067875185732,-0.10539222654331,0.2908086702217094,0.000846164926350642,0.000488533548007363,3,0.0016863878446218845,0.0009736364760505579,3,0.0018375762930931364,0.001060925167473797,3,0.001466385454847549,0.0008466180370919843,3,0.004107423297642912,0.0023714219465698757,3,0.00572760526724561,0.0033068344428561717,3,0.0031591565401502893,0.0018239398788679364,3,0.012585545315995691,0.007266267976088346,3,0.006805705037574704,0.003929275635468948,3,0.002301676048253323,0.0013288732860463701,3
matrix_BC_s_loss,"BC S-loss, fixed kappa_D",0.0025,O29760-Na1120-Cl960-I160-allSk.dat,0,main,29760,1120,960,160,2240,0.93,0.035,0.03,0.005,0.07,0.1428571428571428,86,0.8046851081047683,1,0.464726407914093,0.464726407914093,0.0701179570811996,-0.059112456341757,-0.023587015410164,-0.0986207065563866,0.3266285337753715,0.3401264706241199,0.0310415704244682,0.499521023658889,-0.3236815681754645,0.8749829568218151,0.0006288821462673075,0.0003630852764359796,3,0.0016462553519493125,0.0009504659706027977,3,0.0038680440779964675,0.0022332162896685982,3,0.007694864847073038,0.004442632290835407,3,0.02044161771716406,0.011801973491676094,3,0.030256247140346842,0.017468452431147096,3,0.025650982367093563,0.014809601574619814,3,0.04335912282062934,0.0250334012323164,3,0.034270518915427275,0.0197860933210901,3,0.026111306046748467,0.015075369574982931,3
matrix_BC_s_loss,"BC S-loss, fixed kappa_D",0.005,O29760-Na1120-Cl960-I160-allSk.dat,0,main,29760,1120,960,160,2240,0.93,0.035,0.03,0.005,0.07,0.1428571428571428,228,0.6280156100890174,1,0.464726407914093,0.464726407914093,0.0710907353550799,-0.064462055966946,-0.0272953511429176,-0.1036908864382247,0.3290736587348392,0.3297943970822107,0.0628190711542847,0.4744867065532812,-0.2896963623272186,0.8758119079084299,5.317786137080719e-05,3.070225257736413e-05,3,0.0011230910244875484,0.0006484169053123386,3,0.0032087346741109905,0.0018525638278560667,3,0.004952550891418139,0.0028593565903355838,3,0.015161813901234628,0.008753677337280823,3,0.02101761069230913,0.012134523190927433,3,0.01140582500642596,0.0065851561377897935,3,0.026575323759430933,0.015343270326308908,3,0.009488825875338369,0.0054783761734200935,3,0.007243737139266696,0.004182173587294517,3
matrix_BC_s_loss,"BC S-loss, fixed kappa_D",0.01,O29760-Na1120-Cl960-I160-allSk.dat,0,main,29760,1120,960,160,2240,0.93,0.035,0.03,0.005,0.07,0.1428571428571428,467,0.5235018761389324,1,0.464726407914093,0.464726407914093,0.0713878630425752,-0.066385715364428,-0.0293312627300287,-0.1037934662613118,0.3234354013239104,0.3199007373879868,0.0721360621567898,0.4603997277313015,-0.2813666153031963,0.8800587191731633,0.00037342905870557804,0.00021559936756689407,3,0.0006815345270670955,0.0003934841426642119,3,0.0007722796179862212,0.00044587584533400617,3,0.0020495208706429895,0.0011832914263754863,3,0.003505484920980495,0.002023892662768263,3,0.005666782523061971,0.003271718415128896,3,0.005631645005448204,0.003251431759875932,3,0.007587254971279887,0.004380503700078769,3,0.0036245215373003365,0.002092618485243946,3,0.007138348495649967,0.004121327425532869,3
matrix_BC_s_loss,"BC S-loss, fixed kappa_D",0.0025,O29760-Na1120-Cl800-I320-allSk.dat,0,main,29760,1120,800,320,2240,0.93,0.035,0.025,0.01,0.07,0.2857142857142857,86,0.8327671610930774,1,0.464726407914093,0.464726407914093,0.0797306100479019,-0.0630608653077153,0.0042222602905793,-0.1246520559436423,0.3083638441942019,0.3201191636772931,0.0707430877773777,0.619691715565613,-0.3809305174517576,0.7346522311797484,0.0035295002055641435,0.002037757893787298,3,0.00928813237052998,0.0053625057243943605,3,0.01537764973975002,0.008878290216748453,3,0.00954147709700346,0.005508774370421597,3,0.010590770639714132,0.006114584279764539,3,0.013080426070451111,0.007551987512889948,3,0.02281519781423334,0.01317236059966218,3,0.04230072312568553,0.02442233388353037,3,0.06227024685433845,0.03595174378385675,3,0.0687561403203042,0.03969637612236731,3
matrix_BC_s_loss,"BC S-loss, fixed kappa_D",0.005,O29760-Na1120-Cl800-I320-allSk.dat,0,main,29760,1120,800,320,2240,0.93,0.035,0.025,0.01,0.07,0.2857142857142857,228,0.6312019270108777,1,0.464726407914093,0.464726407914093,0.0805248588234942,-0.0679957787143543,-0.0011473241950158,-0.1253943750125705,0.3192790395425809,0.3198199836715683,0.0916365935532856,0.6067010072073594,-0.3609501185754213,0.7421486167868174,0.0021176795979585723,0.0012226428859387602,3,0.003433796873524115,0.001982503549271643,3,0.005919028041933274,0.0034173524333511195,3,0.005661207508239241,0.0032684996788202567,3,0.009821545447105102,0.0056704719077442746,3,0.008845377852018726,0.0051068812839469655,3,0.006896344326576844,0.003981606253373489,3,0.0043910040660902466,0.002535147379569945,3,0.022741756761536742,0.01312995938811823,3,0.029675370525594557,0.017133083161253906,3
matrix_BC_s_loss,"BC S-loss, fixed kappa_D",0.01,O29760-Na1120-Cl800-I320-allSk.dat,0,main,29760,1120,800,320,2240,0.93,0.035,0.025,0.01,0.07,0.2857142857142857,467,0.4663376892192312,1,0.464726407914093,0.464726407914093,0.0805878388577556,-0.0699758747746059,-0.0028260026015514,-0.1264445719259543,0.3151331404731787,0.3067417990275108,0.1045587521820922,0.5866510236915935,-0.3537153541856121,0.7548845950268487,0.0017815166951487633,0.001028559143509951,3,0.0019311840072321774,0.0011149696064301979,3,0.0018164570546910846,0.0010487319694972926,3,0.003036540114171206,0.0017531472523218427,3,0.0036575573833276484,0.002111691739840721,3,0.005033194725433765,0.0029059163296129885,3,0.005423218522720367,0.0031310966739667686,3,0.007793269299684167,0.0044994461280399,3,0.010425066551858616,0.006018914980035336,3,0.01184864011343669,0.006840815559023671,3
matrix_BC_s_loss,"BC S-loss, fixed kappa_D",0.0025,O29760-Na1120-Cl640-I480-allSk.dat,0,main,29760,1120,640,480,2240,0.93,0.035,0.02,0.015,0.07,0.4285714285714285,89,0.832613983331972,1,0.464726407914093,0.464726407914093,0.0922979722237661,-0.0759627689584324,0.0225071398346189,-0.1420240527345644,0.2965867283532824,0.2778489479558934,0.132211381139962,0.7001801378007415,-0.3840771034903988,0.6454502587823514,0.007739903878612164,0.0044686355878185615,3,0.014280656107819872,0.008244940648054276,3,0.0034369217657469467,0.0019843077066376835,3,0.017868695951926437,0.010316496417912305,3,0.02368385346032366,0.013673879170765514,3,0.012709021349477562,0.007337556897257572,3,0.03832089682127767,0.02212458009535254,3,0.033118425765054214,0.01912093203059069,3,0.02070987489587449,0.01195685184601661,3,0.04138478102821953,0.023893514466996266,3
matrix_BC_s_loss,"BC S-loss, fixed kappa_D",0.005,O29760-Na1120-Cl640-I480-allSk.dat,0,main,29760,1120,640,480,2240,0.93,0.035,0.02,0.015,0.07,0.4285714285714285,229,0.6079558266952958,1,0.464726407914093,0.464726407914093,0.0901662672118326,-0.0742656040636116,0.0244991726735808,-0.1417317919270701,0.2980139600386283,0.2796194810710167,0.1323470780094901,0.6993453807150867,-0.3804086750273512,0.6414216028531247,0.0028983877522900502,0.001673384949000575,3,0.004423068889910328,0.0025536600142339874,3,0.002131202592859753,0.001230450390685207,3,0.005357127840298054,0.0030929392006793202,3,0.004209446470333023,0.002430325052786091,3,0.011145706614927971,0.006434976714437257,3,0.010837240509158423,0.006256883725235333,3,0.02759337254215265,0.015931041065061463,3,0.015253851083963892,0.008806815029505019,3,0.014040719810330105,0.008106413362110198,3
matrix_BC_s_loss,"BC S-loss, fixed kappa_D",0.01,O29760-Na1120-Cl640-I480-allSk.dat,0,main,29760,1120,640,480,2240,0.93,0.035,0.02,0.015,0.07,0.4285714285714285,467,0.4439956996685594,1,0.464726407914093,0.464726407914093,0.0896307186828969,-0.076275539558278,0.02052226210849,-0.1402098783385693,0.3004617619548939,0.2764108472448181,0.1397911684052445,0.6898181974042512,-0.3743089004577421,0.6457492257798183,0.0018314735788407214,0.0010574017637573778,3,0.0018199370941886215,0.001050741171237986,3,0.0010610451014546362,0.000612594674947168,3,0.0038073537232352892,0.0021981766970100183,3,0.002984200293523544,0.0017229288427815783,3,0.006070238625286334,0.003504653904354329,3,0.0031865453162871773,0.0018397527961433431,3,0.011833500186293356,0.006832074518011956,3,0.007568685390897579,0.004369782547846306,3,0.010880564542149002,0.006281896867344824,3
matrix_BC_s_loss,"BC S-loss, fixed kappa_D",0.0025,O29760-Na1120-Cl480-I640-allSk.dat,0,main,29760,1120,480,640,2240,0.93,0.035,0.015,0.02,0.07,0.5714285714285714,89,0.8116702158064898,1,0.464726407914093,0.464726407914093,0.092362069943769,-0.0809922939043041,0.0289967469375292,-0.1322546533667296,0.2750412379565725,0.2331760812613595,0.1619089480329729,0.7282930135120548,-0.32225728974709,0.4932684052413659,0.0013432822537360473,0.0007755443707921541,3,0.004952108303077405,0.002859101061837921,3,0.0038174623173758498,0.0022040128965581996,3,0.0035387183359270494,0.0020430799838337464,3,0.009131125955475883,0.00527185802839838,3,0.0025304083073216586,0.001460931917391825,3,0.01118998965753979,0.006460543541009727,3,0.014778582472239421,0.008532418568588515,3,0.01406478516750449,0.008120307502552973,3,0.024710670689049592,0.014266712374178979,3
matrix_BC_s_loss,"BC S-loss, fixed kappa_D",0.005,O29760-Na1120-Cl480-I640-allSk.dat,0,main,29760,1120,480,640,2240,0.93,0.035,0.015,0.02,0.07,0.5714285714285714,229,0.59276343711999,1,0.464726407914093,0.464726407914093,0.0937027713417667,-0.0819031361362171,0.0306079074867668,-0.134854890346573,0.2880277941761704,0.2486011586074735,0.1657300382680062,0.7673210050735954,-0.335651062592192,0.5099225800272601,0.0017139121314029653,0.0009895276304328674,3,0.0016529393483499593,0.0009543249777239736,3,0.003251167844742606,0.001877062630342799,3,0.0049223355232233725,0.0028419117393746716,3,0.007937595001051293,0.0045827726105751925,3,0.01247791467522122,0.007204127396664154,3,0.010136576219514774,0.005852355008998014,3,0.04190304345686006,0.02419273341968274,3,0.019815565800255848,0.011440522248922457,3,0.016727838888558038,0.009657822285269674,3
matrix_BC_s_loss,"BC S-loss, fixed kappa_D",0.01,O29760-Na1120-Cl480-I640-allSk.dat,0,main,29760,1120,480,640,2240,0.93,0.035,0.015,0.02,0.07,0.5714285714285714,467,0.432472275331592,1,0.464726407914093,0.464726407914093,0.0938859718794457,-0.0833905847604864,0.0302853602952316,-0.1365432658586854,0.2885602169822001,0.2412169989122941,0.1728292373181792,0.7677055452285244,-0.3457524092324515,0.528061960427409,0.0009960501555061265,0.0005750698254078307,3,0.0011149420380844586,0.0006437120858188922,3,0.002741725098872679,0.0015829357238780948,3,0.002016384692567084,0.0011641602450434467,3,0.003781513512449658,0.0021832578443570175,3,0.00804346686720574,0.00464389776099907,3,0.003968392894974999,0.002291152706164014,3,0.024910046278197453,0.014381821924243336,3,0.010977808881623991,0.006338040912917876,3,0.007535927413044444,0.00435086972051469,3
matrix_BC_s_loss,"BC S-loss, fixed kappa_D",0.0025,O29760-Na1120-Cl320-I800-allSk.dat,0,main,29760,1120,320,800,2240,0.93,0.035,0.01,0.025,0.07,0.7142857142857143,89,0.7793243469162925,1,0.464726407914093,0.464726407914093,0.0973338074758324,-0.0839346685195064,0.0515640991195447,-0.1319248388483728,0.2663419463124149,0.209347596364071,0.1827369953556466,0.9189349839869282,-0.3334820977038141,0.4271299262965539,0.002830985919684205,0.001634470482801716,3,0.004935290756576792,0.0028493914468386825,3,0.007787690116003015,0.004496224984839729,3,0.0009455890203016122,0.0005459360754138903,3,0.0019296835308571703,0.0011141033059911749,3,0.005743395012536823,0.003315950656550489,3,0.005648492613129739,0.0032611587307060674,3,0.029262569750151908,0.016894752522430403,3,0.012260770675998303,0.0070787592502598905,3,0.005315746036497418,0.0030690474051154703,3
matrix_BC_s_loss,"BC S-loss, fixed kappa_D",0.005,O29760-Na1120-Cl320-I800-allSk.dat,0,main,29760,1120,320,800,2240,0.93,0.035,0.01,0.025,0.07,0.7142857142857143,229,0.5780574521039734,1,0.464726407914093,0.464726407914093,0.0975222252614935,-0.0884975960196161,0.0454270014486612,-0.1334423261028212,0.2742373923891874,0.2091009215485144,0.1922350239900279,0.9049681495134076,-0.3249405655539002,0.4329660060729303,0.001018767118686848,0.0005881854702153911,3,0.0011400504012069126,0.0006582084060265519,3,0.0017546833108098641,0.0010130668818386188,3,0.0002879588506202103,0.00016625311992111364,3,0.0031646171667270035,0.0018270925730919463,3,0.0040707171338107565,0.002350229633000462,3,0.003856072816574058,0.002226304678663831,3,0.02040713369762166,0.011782064133710548,3,0.011546248738271545,0.006666229817171454,3,0.0032240966005324767,0.0018614330402107828,3
matrix_BC_s_loss,"BC S-loss, fixed kappa_D",0.01,O29760-Na1120-Cl320-I800-allSk.dat,0,main,29760,1120,320,800,2240,0.93,0.035,0.01,0.025,0.07,0.7142857142857143,470,0.4584624204963759,1,0.464726407914093,0.464726407914093,0.0981251850456612,-0.08969293241746,0.0438439266168569,-0.1338554427672812,0.2752117099250357,0.1994429730198352,0.1994960750203174,0.8747982545447508,-0.3172868873874451,0.4367167864170218,0.0011181188808304296,0.0006455462368334517,3,0.001426477232066579,0.0008235770139265118,3,0.0016507112499092405,0.0009530385844894436,3,0.0011480917680405608,0.0006628510913326112,3,0.0020285014492276905,0.0011711558577631532,3,0.0011128568324658154,0.0006425081917936529,3,0.0030931428377588984,0.001785826850022063,3,0.010095695879326572,0.005828752733585792,3,0.00511298934753776,0.002951985776164615,3,0.0015841256230714848,0.0009145953549105054,3
matrix_BC_s_loss,"BC S-loss, fixed kappa_D",0.0025,O29760-Na1120-Cl160-I960-allSk.dat,0,main,29760,1120,160,960,2240,0.93,0.035,0.005,0.03,0.07,0.8571428571428571,89,0.7812366934641493,1,0.464726407914093,0.464726407914093,0.1013065352503812,-0.103060407762728,0.0236925108371136,-0.120990390209785,0.277722702289302,0.1906299932381258,0.2221504344157456,1.0073526319073491,-0.2053460639511921,0.3237820731427422,0.009823141898111865,0.005671393619162777,3,0.006784652072350972,0.003917120700329786,3,0.030556752862586686,0.017641949490775292,3,0.013923516738918871,0.008038746137281071,3,0.011351560838597678,0.0065538267058867835,3,0.04267715049609665,0.024639664327167573,3,0.008671142336492063,0.005006286362155253,3,0.11941045750291025,0.0689416597833616,3,0.07671177628633898,0.04428956468893216,3,0.03448949866309963,0.019912521337355812,3
matrix_BC_s_loss,"BC S-loss, fixed kappa_D",0.005,O29760-Na1120-Cl160-I960-allSk.dat,0,main,29760,1120,160,960,2240,0.93,0.035,0.005,0.03,0.07,0.8571428571428571,229,0.6029557897276984,1,0.464726407914093,0.464726407914093,0.1015019271606441,-0.1034229566576532,0.0298884579702596,-0.1239114725977804,0.2716415364546587,0.1619372528899041,0.2272957867919073,0.9604307301518764,-0.2171819794614685,0.3341716811745273,0.0037764478136561195,0.0021803331617949342,3,0.0012360616324671165,0.000713640516239858,3,0.013505735253423395,0.007797539884167816,3,0.004828639960465322,0.0027878165809944377,3,0.007820068143980782,0.0045149184480085215,3,0.013561343742933107,0.007829645460555477,3,0.0030120980744983887,0.0017390356341371984,3,0.04631834542865374,0.02674190920165131,3,0.022807681862534034,0.013168021262925371,3,0.006996760255145412,0.004039581416763478,3
matrix_BC_s_loss,"BC S-loss, fixed kappa_D",0.01,O29760-Na1120-Cl160-I960-allSk.dat,0,main,29760,1120,160,960,2240,0.93,0.035,0.005,0.03,0.07,0.8571428571428571,470,0.4854609492768576,1,0.464726407914093,0.464726407914093,0.1003253155021909,-0.1016794648906977,0.0318458421571383,-0.1228273850039465,0.267461984819239,0.1444871130827015,0.2299053448057604,0.9293471963454872,-0.2233404851303421,0.3395045253898625,0.0010967753156105912,0.0006332235237083117,3,0.0003561927652686677,0.0002056479889112625,3,0.0036240367214250284,0.002092338576667829,3,0.0012945066898974588,0.0007473837858800693,3,0.0006033962098718207,0.00034837096419749564,3,0.001248772547855633,0.0007209791666610646,3,0.000396057135986449,0.00022866369407624856,3,0.012765178616685958,0.007369979310597293,3,0.005009433886790194,0.002892198003025952,3,0.002472882897624294,0.0014277196066178079,3
matrix_BC_s_loss,"BC S-loss, fixed kappa_D",0.0025,O29440-Na1280-Cl960-I320-allSk.dat,0,main,29440,1280,960,320,2560,0.92,0.04,0.03,0.01,0.08,0.25,86,0.8740097984891672,1,0.4987430402726989,0.4987430402726989,0.0792451535260148,-0.0628556522482632,-0.0095851581494711,-0.1091093235830595,0.2811557408537016,0.2792256680056952,0.0786784379441796,0.4918977140959801,-0.2935404969298367,0.6657839306498525,0.0052655955584972524,0.0030400930131420866,3,0.010152008581629266,0.005861264887419048,3,0.006293597496645938,0.003633610208859687,3,0.010733068778203993,0.006196740148326843,3,0.008572131102532682,0.004949122199576008,3,0.01821551094358523,0.010516730146705507,3,0.027639017106834324,0.01595739396676747,3,0.03130523819620834,0.01807408769962624,3,0.02071129271178819,0.011957670422416047,3,0.019868257548499753,0.011470943843955148,3
matrix_BC_s_loss,"BC S-loss, fixed kappa_D",0.005,O29440-Na1280-Cl960-I320-allSk.dat,0,main,29440,1280,960,320,2560,0.92,0.04,0.03,0.01,0.08,0.25,228,0.7006434330191863,1,0.4987430402726989,0.4987430402726989,0.0792634775197383,-0.0638142940740882,-0.0041862999297107,-0.1203777039741954,0.2931131128986083,0.2938852478935262,0.0772020448506551,0.5366612832031736,-0.3417541131759544,0.7463395774177074,0.002946789440619456,0.0017013296767867897,3,0.004420150412276968,0.0025519750303867428,3,0.0010908007520847533,0.0006297741078483786,3,0.00741874485758789,0.004283214340577521,3,0.007952734714010956,0.004591513527927907,3,0.011430541019869112,0.0065994259348044915,3,0.010990132962285163,0.006345156224205118,3,0.019020031521570658,0.010981220318973988,3,0.010242653431912628,0.0059135987161308004,3,0.014513000515176597,0.008379084754186387,3
matrix_BC_s_loss,"BC S-loss, fixed kappa_D",0.01,O29440-Na1280-Cl960-I320-allSk.dat,0,main,29440,1280,960,320,2560,0.92,0.04,0.03,0.01,0.08,0.25,467,0.5377083409863688,1,0.4987430402726989,0.4987430402726989,0.0793759066062237,-0.067573223198656,-0.0073295229492681,-0.1224513402539376,0.2894141400621264,0.286007711333306,0.0834483927384742,0.5271418656792417,-0.3410210714864828,0.7575626077431151,0.0015900865982518434,0.0009180369255355181,3,0.0016375162753891545,0.0009454204623983218,3,0.0012081011528537928,0.0006974975258084346,3,0.003487955283492935,0.0020137719218460237,3,0.004446284635490538,0.002567063631194159,3,0.009396135136856006,0.005424861150605916,3,0.008220434223336907,0.004746069911699176,3,0.015531424897025688,0.008967072345196237,3,0.008520218457831841,0.004919150420183632,3,0.0018420656172521547,0.0010635170799854856,3
matrix_BC_s_loss,"BC S-loss, fixed kappa_D",0.0025,O29440-Na1280-Cl800-I480-allSk.dat,0,main,29440,1280,800,480,2560,0.92,0.04,0.025,0.015,0.08,0.375,86,0.8679334846997204,1,0.4987430402726989,0.4987430402726989,0.0950648571854372,-0.0819734893339846,0.0194996344526595,-0.1590360673665887,0.283359877857353,0.253483626740046,0.1354787879184352,0.5942287022794971,-0.3532089268134974,0.6772266980074264,0.00546671842122721,0.003156211352079416,3,0.007790902075279335,0.004498079410392538,3,0.0025467857864450113,0.0014703874593723402,3,0.009498835331818925,0.005484155135813585,3,0.004822602006341777,0.0027843305665558545,3,0.03194258285775648,0.01844205881153763,3,0.03444716989296383,0.019888082810523438,3,0.0651939806090821,0.037639762254196796,3,0.03201754443077849,0.018485337895900768,3,0.015269855917490981,0.008816055424450218,3
matrix_BC_s_loss,"BC S-loss, fixed kappa_D",0.005,O29440-Na1280-Cl800-I480-allSk.dat,0,main,29440,1280,800,480,2560,0.92,0.04,0.025,0.015,0.08,0.375,228,0.6439556001871616,1,0.4987430402726989,0.4987430402726989,0.0927754507572524,-0.0780899241838499,0.0149910857261312,-0.1468737206549956,0.2907963498682846,0.2723791359750628,0.123228498332173,0.6313113582970533,-0.370226192505983,0.6791912544239724,0.002804678887732776,0.0016192821108229785,3,0.0034552610557907473,0.0019948959006812184,3,0.0003703227282525842,0.00021380592684366612,3,0.005219649183290432,0.0030135658610481414,3,0.004599572444256745,0.002655564388848817,3,0.0003993754037454994,0.0002305794968601796,3,0.007613194297615549,0.004395479777121261,3,0.002957777017902601,0.0017076733574889552,3,0.003476338175778241,0.0020070647815797404,3,0.008145609655173578,0.00470286992712808,3
matrix_BC_s_loss,"BC S-loss, fixed kappa_D",0.01,O29440-Na1280-Cl800-I480-allSk.dat,0,main,29440,1280,800,480,2560,0.92,0.04,0.025,0.015,0.08,0.375,467,0.4470333364666127,1,0.4987430402726989,0.4987430402726989,0.0903212566291058,-0.0767074286050009,0.0132620577935106,-0.1423839493657176,0.2853621864286613,0.2682552431373087,0.1196784693555844,0.6307562993438338,-0.3762439032829323,0.6811629125879538,0.0019792949505855546,0.0011427464725262371,3,0.002319086897949948,0.0013389254448055367,3,0.0014283531183211476,0.000824660057360556,3,0.0020170287420616106,0.0011645320871924833,3,0.004517841312515249,0.002608376897936691,3,0.0027383065345866243,0.001580962014867299,3,0.004569344042051771,0.0026381120126986028,3,0.003094867535958292,0.0017868226049917537,3,0.0020747510565865715,0.0011978580810217175,3,0.004905236210708713,0.0028320394466913755,3
matrix_BC_s_loss,"BC S-loss, fixed kappa_D",0.0025,O29440-Na1280-Cl640-I640-allSk.dat,0,main,29440,1280,640,640,2560,0.92,0.04,0.02,0.02,0.08,0.5,89,0.8477776777176935,1,0.4987430402726989,0.4987430402726989,0.1016260826933752,-0.086863839861065,0.0313822682287027,-0.1542262886400256,0.2712543163270928,0.2340404724945125,0.1495710605075039,0.6877761443234454,-0.3567929339774984,0.5683183562857373,0.0016225871115964489,0.0009368011056638271,3,0.006179259960444881,0.0035675974015555285,3,0.008467751824728023,0.004888858795437669,3,0.008090002067411983,0.004670764871364938,3,0.026113359235844034,0.015076554984259954,3,0.031129614461848077,0.017972691289317257,3,0.013264152524074578,0.007658062030346712,3,0.07500649681446335,0.04330502112680123,3,0.039986082046846734,0.023085975233585423,3,0.031972590761631024,0.018459383882917416,3
matrix_BC_s_loss,"BC S-loss, fixed kappa_D",0.005,O29440-Na1280-Cl640-I640-allSk.dat,0,main,29440,1280,640,640,2560,0.92,0.04,0.02,0.02,0.08,0.5,229,0.6118171128786082,1,0.4987430402726989,0.4987430402726989,0.0966462169490451,-0.0803031311458627,0.0315003595656191,-0.1450661367331234,0.2705452525161627,0.2461701434233055,0.1364386219207057,0.7222074446779689,-0.3740702891974002,0.5670236387491573,0.0008424342994061996,0.00048637966953674316,3,0.0013806896126265285,0.0007971415195172464,3,0.0031872620963007345,0.00184016662927712,3,0.004651001564623979,0.002685257005337025,3,0.007243271774536454,0.00418190490884224,3,0.008264081508306194,0.004771269683425589,3,0.0028456659941635378,0.0016429460277540826,3,0.02304654158025915,0.013305926985252525,3,0.013247100937595268,0.007648217292302773,3,0.01724379497605974,0.009955709671278807,3
matrix_BC_s_loss,"BC S-loss, fixed kappa_D",0.01,O29440-Na1280-Cl640-I640-allSk.dat,0,main,29440,1280,640,640,2560,0.92,0.04,0.02,0.02,0.08,0.5,467,0.4250197186319985,1,0.4987430402726989,0.4987430402726989,0.0948587564389693,-0.0788539710570901,0.0313027087426505,-0.1428190640585631,0.2722827028423578,0.246914345916244,0.1381515452430217,0.7247222594117722,-0.375532642672538,0.57090843161802,0.0017248356338666745,0.0009958343175207834,3,0.0005539287111312772,0.00031981089048350536,3,0.0038616789800980733,0.002229541398683542,3,0.004216240113582952,0.0024342473645452157,3,0.0015895701288833979,0.000917738741806618,3,0.002597709375477923,0.0014997882072085938,3,0.00036770573091126816,0.00021229500272418878,3,0.014392751324029599,0.008309658851307833,3,0.01076058654915116,0.006212627540790688,3,0.010298600693494794,0.005945899882665686,3
matrix_BC_s_loss,"BC S-loss, fixed kappa_D",0.0025,O29440-Na1280-Cl480-I800-allSk.dat,0,main,29440,1280,480,800,2560,0.92,0.04,0.015,0.025,0.08,0.625,89,0.8050821834410391,1,0.4987430402726989,0.4987430402726989,0.0927230574465462,-0.0795107562367712,0.0289004230731091,-0.1229602067283542,0.2547801271831711,0.2316138011251262,0.142866922876598,0.7923688858598784,-0.3207954401637795,0.4292010308945851,0.0030055140299598583,0.0017352343342505214,3,0.004111995033089944,0.0023740614392608835,3,0.019259590544549298,0.011119529785377509,3,0.0099273891890461,0.005731580820645947,3,0.019002334648847177,0.010971003024743272,3,0.02513773614344319,0.01451327872923471,3,0.004613615885839543,0.002663672373626994,3,0.023783700130376197,0.013731525672598036,3,0.035704547826535586,0.02061403029894419,3,0.02350923823185635,0.013573065021605305,3
matrix_BC_s_loss,"BC S-loss, fixed kappa_D",0.005,O29440-Na1280-Cl480-I800-allSk.dat,0,main,29440,1280,480,800,2560,0.92,0.04,0.015,0.025,0.08,0.625,229,0.5987521502141203,1,0.4987430402726989,0.4987430402726989,0.0955016729527725,-0.0806919048737155,0.0384507712840862,-0.1318519226218524,0.2599735433058437,0.2334572145412864,0.1480082304982795,0.8190728660186604,-0.3391485002245113,0.4499205469824556,0.0017145151470493657,0.0009898757816786423,3,0.0018099939838047137,0.0010450005137812547,3,0.008890906035210203,0.00513316699276828,3,0.004640182996092266,0.002679010901882994,3,0.014126424694421406,0.008155895100011176,3,0.02117597757406234,0.012225956352738371,3,0.0034085532258460033,0.0019679291224893574,3,0.011339039584320296,0.006546597556359146,3,0.01801589910873099,0.010401484200118978,3,0.01320124504417614,0.007621742379893309,3
matrix_BC_s_loss,"BC S-loss, fixed kappa_D",0.01,O29440-Na1280-Cl480-I800-allSk.dat,0,main,29440,1280,480,800,2560,0.92,0.04,0.015,0.025,0.08,0.625,467,0.4394413321957288,1,0.4987430402726989,0.4987430402726989,0.0970149629991257,-0.0821498903458026,0.0408384750824501,-0.1355456519860925,0.2618902867494173,0.2249252481049484,0.1570415732707022,0.8200682992089746,-0.3507117382017567,0.4703037678236264,0.0012933305190041004,0.0007467047232981759,3,0.001968146968175104,0.0011363101818806422,3,0.0029703691616255567,0.0017149434350570783,3,0.003709558456012027,0.0021417145731531966,3,0.0031409241277372915,0.0018134133906533157,3,0.010312676922225664,0.005954026797112629,3,0.0046635567160497925,0.002692505725392435,3,0.012958007710357006,0.007481309239735864,3,0.00436839470565171,0.002522093859234551,3,0.009170605058153886,0.0052946512989568905,3
matrix_BC_s_loss,"BC S-loss, fixed kappa_D",0.0025,O29440-Na1280-Cl320-I960-allSk.dat,0,main,29440,1280,320,960,2560,0.92,0.04,0.01,0.03,0.08,0.75,89,0.8133953051472661,1,0.4987430402726989,0.4987430402726989,0.0982224885170125,-0.083690980783573,0.0462500504027572,-0.123340499618345,0.2255195458590214,0.1593595078030798,0.1684012862904219,0.8023957705752389,-0.2792509046821626,0.3556786409330018,0.0004121474482950977,0.00023795344021899201,3,0.005521105611954438,0.003187611811286248,3,0.017621874533833154,0.010173994005734384,3,0.005592560409854535,0.0032288662580887595,3,0.020866665655079854,0.012047375033050273,3,0.02737732201973201,0.015806304237783345,3,0.008788806199449425,0.005074219625107578,3,0.028482664775177486,0.016444474175186595,3,0.03761069790244675,0.021714546558387324,3,0.01703541502776006,0.009835401452034266,3
matrix_BC_s_loss,"BC S-loss, fixed kappa_D",0.005,O29440-Na1280-Cl320-I960-allSk.dat,0,main,29440,1280,320,960,2560,0.92,0.04,0.01,0.03,0.08,0.75,229,0.6121317207228423,1,0.4987430402726989,0.4987430402726989,0.0998891077191394,-0.0876298883458355,0.0445828510378172,-0.1269262002989747,0.2364630994298209,0.1695411401411653,0.1751594453192228,0.8443996457379637,-0.2917451169720022,0.370695827630862,0.0012723053483803023,0.0007345658353787682,3,0.001306218899130496,0.0007541458330335686,3,0.007688984306884448,0.004439237159374544,3,0.003034349310294533,0.001751882391113904,3,0.004286259842813192,0.00247467327406488,3,0.007015010759090528,0.004050118350129037,3,0.001001727270778128,0.0005783475094383413,3,0.014529092148031619,0.008388375262746934,3,0.011322551790540336,0.0065370783241819426,3,0.005453202561789225,0.0031484079669945662,3
matrix_BC_s_loss,"BC S-loss, fixed kappa_D",0.01,O29440-Na1280-Cl320-I960-allSk.dat,0,main,29440,1280,320,960,2560,0.92,0.04,0.01,0.03,0.08,0.75,470,0.4504605363630805,1,0.4987430402726989,0.4987430402726989,0.0996405689547016,-0.0894227956095485,0.0439944274147488,-0.1286567447444717,0.2443730620308373,0.1732444847823483,0.1821549563676874,0.8638483658289695,-0.2986975867009602,0.3827875582743087,0.0002938946608853075,0.00016968016157552606,3,0.000814538042781,0.00047027375826480126,3,0.004309739309561741,0.002488229150512583,3,0.001670886597665282,0.0009646868269473885,3,0.0036182266062630376,0.002088984105115031,3,0.005082287921042538,0.0029342602993130927,3,0.002211816217708172,0.001276992688691793,3,0.004011331810864376,0.0023159435008114565,3,0.008179699006526037,0.004722551423307922,3,0.004687459404048438,0.0027063059487428083,3
matrix_BC_s_loss,"BC S-loss, fixed kappa_D",0.0025,O29376-Na1312-Cl1280-I32-allSk.dat,0,main,29376,1312,1280,32,2624,0.918,0.041,0.04,0.001,0.082,0.024390243902439,86,0.8201181730064863,1,0.5048041082417978,0.5048041082417978,0.0629370073334316,-0.0646639938655308,-0.0565496456038818,-0.0564002244424005,0.3090493056290835,0.3059054583450204,0.0441651053393238,0.3267192406042183,-0.1076032567277902,0.9633374062703072,0.002005217831584406,0.0011577130548490946,3,0.008659334628517005,0.004999469178777341,3,0.008717497613539264,0.005033049593836814,3,0.003902392891416885,0.0022530475863432207,3,0.033889523750858,0.01956612566026608,3,0.03270421024182831,0.018881784586753693,3,0.011093236501660022,0.006404683080417597,3,0.03287892179325501,0.018982654348000432,3,0.004451835935057438,0.002570268675493461,3,0.055281231227102066,0.031916633730101326,3
matrix_BC_s_loss,"BC S-loss, fixed kappa_D",0.005,O29376-Na1312-Cl1280-I32-allSk.dat,0,main,29376,1312,1280,32,2624,0.918,0.041,0.04,0.001,0.082,0.024390243902439,228,0.6833791670353188,1,0.5048041082417978,0.5048041082417978,0.0628676233377612,-0.0652351317768692,-0.0576030095241113,-0.0533952330594698,0.3090311507899579,0.3088892935729068,0.025177426683355,0.3340006676321155,-0.1345491771085358,1.0121779049611026,0.001320064615897683,0.0007621396613362273,3,0.004694517529485941,0.002710380959364125,3,0.00461671674546894,0.0026654626557687457,3,0.0025469501824411495,0.0014704823734449641,3,0.017583130993151033,0.010151625412092202,3,0.017622902486268566,0.010174587494349683,3,0.001956391510121787,0.0011295231650091122,3,0.01813892532824591,0.010472513421073297,3,0.0030271332293595084,0.0017477161848435735,3,0.01950227762549466,0.011259645236890159,3
matrix_BC_s_loss,"BC S-loss, fixed kappa_D",0.01,O29376-Na1312-Cl1280-I32-allSk.dat,0,main,29376,1312,1280,32,2624,0.918,0.041,0.04,0.001,0.082,0.024390243902439,467,0.612163200499035,1,0.5048041082417978,0.5048041082417978,0.062014514350264,-0.0657796571905557,-0.0586173097365821,-0.0504668991285436,0.3036903153779962,0.3037295269529231,0.0236126234369957,0.3286673856139254,-0.1338571666494481,0.997781616936774,0.0007167437559938811,0.00041381220046305073,3,0.0017241514160587876,0.0009954392841852156,3,0.0018349382327391235,0.001059402082618269,3,0.0014559136241386137,0.0008405721228132723,3,0.008406107895880024,0.004853268656523371,3,0.008880827298407596,0.005127348031362203,3,0.0036604321918621762,0.0021133515113219994,3,0.009599847630672955,0.005542474613748422,3,0.004936587566164829,0.0028501401602034236,3,0.008752742476996561,0.005053398225241436,3
matrix_BC_s_loss,"BC S-loss, fixed kappa_D",0.0025,O29376-Na1312-Cl32-I1280-allSk.dat,0,main,29376,1312,32,1280,2624,0.918,0.041,0.001,0.04,0.082,0.975609756097561,89,0.7851693641283598,1,0.5048041082417978,0.5048041082417978,0.0964689469718192,-0.0950248134088113,0.0181604588009675,-0.0990767117937228,0.2091797581975063,0.0657870963158469,0.2013765108961263,1.0503101187920378,-0.0994642525837236,0.2196048575757285,0.00417369955784543,0.0024096865632386812,3,0.00744112519900717,0.004296135636720497,3,0.002609882080051137,0.0015068161214707046,3,0.007146962875016086,0.004126300939778799,3,0.013987212560003643,0.008075520936730618,3,0.010629728396803591,0.006137076551307163,3,0.012493770750490919,0.007213281905989405,3,0.054335733326385666,0.03137075026260448,3,0.007761421788969448,0.004481058959155738,3,0.01208225888693628,0.00697569542079141,3
matrix_BC_s_loss,"BC S-loss, fixed kappa_D",0.005,O29376-Na1312-Cl32-I1280-allSk.dat,0,main,29376,1312,32,1280,2624,0.918,0.041,0.001,0.04,0.082,0.975609756097561,238,0.6573404464045289,1,0.5048041082417978,0.5048041082417978,0.0994914484939176,-0.1013066371910756,0.0188879154310434,-0.105551594638671,0.2203451523624354,0.0653182608192519,0.2127547403288181,1.019117507682311,-0.0950069274833386,0.2304196719136184,0.0023469137370521966,0.0013549912778519164,3,0.0033428569512946836,0.0019299993606923973,3,0.004632200852445777,0.0026744024090999833,3,0.0027188091831138275,0.0015697052137459949,3,0.006145498416567718,0.003548105165109791,3,0.011679712181094908,0.006743284971812496,3,0.004658929644768585,0.00268983428454267,3,0.041459702085124485,0.02393677015936831,3,0.00899270662663877,0.005191941591633225,3,0.004464328833312119,0.00257748145366376,3
matrix_BC_s_loss,"BC S-loss, fixed kappa_D",0.01,O29376-Na1312-Cl32-I1280-allSk.dat,0,main,29376,1312,32,1280,2624,0.918,0.041,0.001,0.04,0.082,0.975609756097561,473,0.5598959660777126,1,0.5048041082417978,0.5048041082417978,0.1013929084109601,-0.1044195353583976,0.0192829856557301,-0.1087656299184574,0.2252527383564402,0.0578396396890307,0.2189057662880063,1.004153252074088,-0.1002123977410517,0.2374701681783424,0.0019043515571710201,0.0010994778841643715,3,0.003035423162036113,0.001752502379705975,3,0.0043720846273894,0.002524224236543095,3,0.0024628519472219006,0.0014219282347027584,3,0.0055073428212219135,0.003179665860352025,3,0.006405849343270718,0.0036984188427255367,3,0.004578093193102403,0.002643163337412866,3,0.024521659085372533,0.014157586473916066,3,0.004108403138110569,0.0023719876577276405,3,0.004205205069366115,0.002427876278796106,3
matrix_BC_s_loss,"BC S-loss, fixed kappa_D",0.0025,O29120-Na1440-Cl960-I480-allSk.dat,0,main,29120,1440,960,480,2880,0.91,0.045,0.03,0.015,0.09,0.3333333333333333,86,0.8530170771827025,1,0.5302846053397241,0.5302846053397241,0.0895643720082199,-0.0618908063159679,0.0274766807509736,-0.146055915627684,0.2399002023650533,0.2340931853629759,0.0844615816428881,0.5565174492902695,-0.3815732337292667,0.6859177928715972,0.004082396820537634,0.0023569729032762755,3,0.006868375247070472,0.0039654582977915,3,0.0070977958477381215,0.0040979143433446125,3,0.0018838917729136738,0.001087665422215831,3,0.003117269951033214,0.0017997566453657578,3,0.015162986152606866,0.008754354136926143,3,0.02651649839347943,0.015309307485441629,3,0.06516563763001246,0.037623398427601304,3,0.06613594145904346,0.038183603604488074,3,0.0500758094456152,0.028911282063314343,3
matrix_BC_s_loss,"BC S-loss, fixed kappa_D",0.005,O29120-Na1440-Cl960-I480-allSk.dat,0,main,29120,1440,960,480,2880,0.91,0.045,0.03,0.015,0.09,0.3333333333333333,228,0.638472042807971,1,0.5302846053397241,0.5302846053397241,0.0895638305537482,-0.0678943686585105,0.0188284532102698,-0.1442239499528231,0.2598648174891917,0.2587538616279181,0.0841658465602806,0.5914318627869595,-0.3882361265787003,0.694828318115248,0.0007318369596515008,0.00042252626565771127,3,0.00289563967557133,0.001671798346167268,3,0.007970207098272257,0.004601601213684554,3,0.006268196024986339,0.003618944662359205,3,0.00884642726415737,0.0051074871623277025,3,0.009850911771365167,0.005687426562960933,3,0.0036200696354129393,0.002090048178490851,3,0.01143310058385325,0.006600903699759742,3,0.02523189133858126,0.014567639256493278,3,0.030745585748020804,0.017750972208012535,3
matrix_BC_s_loss,"BC S-loss, fixed kappa_D",0.01,O29120-Na1440-Cl960-I480-allSk.dat,0,main,29120,1440,960,480,2880,0.91,0.045,0.03,0.015,0.09,0.3333333333333333,467,0.4368442462199388,1,0.5302846053397241,0.5302846053397241,0.088482106640753,-0.0698099039743637,0.0155993563676982,-0.1429751218945927,0.2623168984613291,0.2581849855873473,0.0892174876001791,0.5896410471283627,-0.3866888529920798,0.701389841767052,0.0006023483013383724,0.00034776595392362313,3,0.0014906129060084494,0.0008606057625415086,3,0.004373653190192784,0.0025251298466998696,3,0.003624916019938668,0.002092846239901377,3,0.007657128048322206,0.00442084493991826,3,0.009472803558975413,0.0054691256847549,3,0.0033925525293665845,0.0019586911160697435,3,0.009097424266020232,0.005252400348919014,3,0.009623570797313102,0.005556171190394142,3,0.010615742051826709,0.006129001531269781,3
matrix_BC_s_loss,"BC S-loss, fixed kappa_D",0.0025,O29120-Na1440-Cl800-I640-allSk.dat,0,main,29120,1440,800,640,2880,0.91,0.045,0.025,0.02,0.09,0.4444444444444444,89,0.8549523114809792,1,0.5302846053397241,0.5302846053397241,0.091589678196988,-0.0678300480431599,0.0269307806575411,-0.1318546001834391,0.26620544600109,0.2840943211230452,0.0816810619752431,0.7223313157872664,-0.3814494805040294,0.54899507715736,0.009188686311627238,0.0053050905155170155,3,0.0143194969754596,0.008267365433441632,3,0.007740734283684789,0.004469115022410778,3,0.01750141190279837,0.01010444487327916,3,0.03905599628066389,0.022548989966110322,3,0.08125069165969981,0.04691010870157097,3,0.04613331224393227,0.02663508024264336,3,0.13972266559648125,0.08066891859402052,3,0.03436299967705993,0.019839487113713573,3,0.04458087252115948,0.025738778750799815,3
matrix_BC_s_loss,"BC S-loss, fixed kappa_D",0.005,O29120-Na1440-Cl800-I640-allSk.dat,0,main,29120,1440,800,640,2880,0.91,0.045,0.025,0.02,0.09,0.4444444444444444,229,0.6509981429872909,1,0.5302846053397241,0.5302846053397241,0.0910299245869163,-0.0701603110133022,0.0287323202216722,-0.1373641771034288,0.2621010031007959,0.2659607468121931,0.0957983500418567,0.7061945135533525,-0.3906083486030567,0.58041093509047,0.005347405672394651,0.0030873261044231837,3,0.0049679459172279365,0.0028682449126310517,3,0.0025391896600040756,0.0014660018337268675,3,0.009989460950371391,0.005767417968756178,3,0.011336623075408777,0.006545202384288581,3,0.028827922939728363,0.01664380906942996,3,0.02156212518870926,0.012448898782001703,3,0.03903063422420793,0.022534347175988272,3,0.0018674301897420018,0.0010781613227403787,3,0.03305028672578031,0.019081591937923578,3
matrix_BC_s_loss,"BC S-loss, fixed kappa_D",0.01,O29120-Na1440-Cl800-I640-allSk.dat,0,main,29120,1440,800,640,2880,0.91,0.045,0.025,0.02,0.09,0.4444444444444444,467,0.4587758937721228,1,0.5302846053397241,0.5302846053397241,0.091970353443284,-0.0718366239899422,0.0285435350890348,-0.1396675783735298,0.2588115089573788,0.2520322849594248,0.1064366025891319,0.6853903691597925,-0.3882413008433482,0.5937218740630349,0.0026276093559784086,0.0015170509689993136,3,0.002435348831426438,0.0014060493033946947,3,0.0031525932479826674,0.0018201505603681898,3,0.007034749897951033,0.004061514747263722,3,0.002277085479120524,0.0013146759143380226,3,0.0098952934295148,0.005713050325240705,3,0.007963064420348494,0.0045974773866625344,3,0.008576362561222852,0.004951565233389842,3,0.006701909392581852,0.003869349191891614,3,0.019138984135132143,0.01104989764243452,3
matrix_BC_s_loss,"BC S-loss, fixed kappa_D",0.0025,O29120-Na1440-Cl640-I800-allSk.dat,0,main,29120,1440,640,800,2880,0.91,0.045,0.02,0.025,0.09,0.5555555555555556,89,0.8342408108472142,1,0.5302846053397241,0.5302846053397241,0.0927727855544427,-0.0742318726560719,0.0269154587158872,-0.123666426147376,0.2367685092856635,0.2287429763011689,0.1130643512624054,0.7174480461532599,-0.3348141339782159,0.4511586105139968,0.004215195672969487,0.002433644356475879,3,0.008386533452077943,0.004841967346125002,3,0.010444338755213185,0.006030041791829973,3,0.010170268749938479,0.00587180740050782,3,0.011794282823251637,0.006809432362902912,3,0.005700653217199501,0.0032912736695068384,3,0.014586074747760015,0.008421274182039248,3,0.03644760506467159,0.02104303459540531,3,0.025548785839583445,0.014750598381951602,3,0.024050036087024485,0.013885294808863802,3
matrix_BC_s_loss,"BC S-loss, fixed kappa_D",0.005,O29120-Na1440-Cl640-I800-allSk.dat,0,main,29120,1440,640,800,2880,0.91,0.045,0.02,0.025,0.09,0.5555555555555556,229,0.6224470642928778,1,0.5302846053397241,0.5302846053397241,0.0956557673102894,-0.0740592493957067,0.0387545912299814,-0.1340240697790285,0.2411278147866928,0.2351884563784242,0.1131479606832542,0.7729385739343659,-0.3757988519083552,0.4879286304553215,0.001340181111057498,0.0007737539252318982,3,0.004639194692582698,0.002678440304585704,3,0.0063973769257066795,0.0036935272901642523,3,0.005836642387313138,0.0033697870534788203,3,0.007692917551272073,0.004441508019080528,3,0.006016344896688418,0.0034735383456406897,3,0.010789235054544629,0.006229167763091488,3,0.016714732009591744,0.009650255025170248,3,0.00929639087911395,0.005367273776548421,3,0.0064014068700349695,0.0036958539796070095,3
matrix_BC_s_loss,"BC S-loss, fixed kappa_D",0.01,O29120-Na1440-Cl640-I800-allSk.dat,0,main,29120,1440,640,800,2880,0.91,0.045,0.02,0.025,0.09,0.5555555555555556,467,0.4451068893629742,1,0.5302846053397241,0.5302846053397241,0.095819219810355,-0.0751946561566488,0.0428353054315211,-0.1391972795393331,0.2473695898171743,0.2321150072803415,0.1242711570877839,0.7737870373568105,-0.3806812053291775,0.5072188740835422,0.001853646629285577,0.0010702033804004705,3,0.002715991877244642,0.0015680786414440312,3,0.000228948347513942,0.00013218339006769442,3,0.0035597729482901627,0.002055235869949273,3,0.003910268688573404,0.0022575946799516197,3,0.0017600050808246124,0.0010161394071891991,3,0.005728251855100489,0.0033072077505282406,3,0.010167651942681427,0.005870296586133544,3,0.00970641388337827,0.005604000668434366,3,0.006641498690655412,0.0038344710568724493,3
matrix_BC_s_loss,"BC S-loss, fixed kappa_D",0.0025,O29120-Na1440-Cl480-I960-allSk.dat,0,main,29120,1440,480,960,2880,0.91,0.045,0.015,0.03,0.09,0.6666666666666666,89,0.8322707772703751,1,0.5302846053397241,0.5302846053397241,0.099002051038977,-0.0798656384119241,0.0549105608944212,-0.1366426610126213,0.2265792258874991,0.1884873616636909,0.1442210532692338,0.823364465678586,-0.3513576675496295,0.4250813846844189,0.0036928810482164034,0.002132085867273008,3,0.007031236357223984,0.004059486203579151,3,0.0112508356080803,0.0064956729669333885,3,0.004718945138105707,0.002724484245776406,3,0.013776651858594304,0.00795395365909118,3,0.028628041600638105,0.016528407524500216,3,0.00804483721325033,0.0046446889306567965,3,0.08248905502268378,0.04762507812254433,3,0.02720550394879209,0.01570710502827454,3,0.009890895550894774,0.00571051120883557,3
matrix_BC_s_loss,"BC S-loss, fixed kappa_D",0.005,O29120-Na1440-Cl480-I960-allSk.dat,0,main,29120,1440,480,960,2880,0.91,0.045,0.015,0.03,0.09,0.6666666666666666,229,0.6087647466148803,1,0.5302846053397241,0.5302846053397241,0.1007769522660084,-0.0809172017019185,0.0564738843477932,-0.1390359943740529,0.229980395301845,0.1969589800036415,0.1423962792903844,0.8561937306314694,-0.3641958923049417,0.4319244978952525,0.0014317719761655797,0.0008266339358573599,3,0.002601438733051885,0.001501941352807825,3,0.008073772514171353,0.004661394734432633,3,0.0028204776203600264,0.0016284035133581766,3,0.0025237082239847027,0.0014570636224736405,3,0.009208772885604077,0.00531668750440964,3,0.004041217619729448,0.0023331980806046556,3,0.03874215796783705,0.02236779533171773,3,0.024000975649966113,0.013856969752321589,3,0.01546681639479913,0.008929770609043796,3
matrix_BC_s_loss,"BC S-loss, fixed kappa_D",0.01,O29120-Na1440-Cl480-I960-allSk.dat,0,main,29120,1440,480,960,2880,0.91,0.045,0.015,0.03,0.09,0.6666666666666666,470,0.4482029389155157,1,0.5302846053397241,0.5302846053397241,0.1021663234213816,-0.0830031922714715,0.0541746716927881,-0.1399650117661404,0.2376919092026064,0.1985153598142461,0.1507403896728267,0.8441928830099399,-0.3538038433807962,0.4347956160277888,0.0008730113696352857,0.0005040333492645361,3,0.0014715080444099922,0.0008495755655548088,3,0.005845249214910231,0.003374756207708871,3,0.0026201309282996737,0.0015127332967658808,3,0.0007165851627792187,0.0004137206366278737,3,0.0014118630110386875,0.0008151394894820619,3,0.0018312519575404882,0.00105727381064003,3,0.026244938357679347,0.015152522225671306,3,0.017433136429066295,0.010065026010140896,3,0.0107008452146012,0.006178135865206522,3
matrix_BC_s_loss,"BC S-loss, fixed kappa_D",0.0025,O28800-Na1600-Cl1280-I320-allSk.dat,0,main,28800,1600,1280,320,3200,0.9,0.05,0.04,0.01,0.1,0.2,86,0.8790256874117321,1,0.5598492526579522,0.5598492526579522,0.0824270422532834,-0.0552542550296885,0.0061013974530769,-0.1357550651986471,0.2556415550906367,0.2883334688948599,-0.0050350427332986,0.5396759393380385,-0.4346186420388492,0.8579785862564264,0.009202334648602888,0.005312970386543898,3,0.00730804761458715,0.004219303257532493,3,0.0061306503266241145,0.0035395326163839,3,0.021194617114904307,0.012236717896661052,3,0.00722219025090783,0.004169733485500327,3,0.009767772037578119,0.005639425815278627,3,0.033541305432955415,0.01936508172068827,3,0.029343999599937935,0.016941766068124437,3,0.044588486663037885,0.025743174777662962,3,0.1037881175434302,0.05992209760238395,3
matrix_BC_s_loss,"BC S-loss, fixed kappa_D",0.005,O28800-Na1600-Cl1280-I320-allSk.dat,0,main,28800,1600,1280,320,3200,0.9,0.05,0.04,0.01,0.1,0.2,228,0.7069461580687574,1,0.5598492526579522,0.5598492526579522,0.0802708858641633,-0.0614484935822968,-0.0044550594637397,-0.1284928898374957,0.2592354246562325,0.278405052684997,0.022857926337367,0.504265278617882,-0.3859979341527003,0.8231077454204362,0.0050438648971166695,0.002912076756106413,3,0.005728396917122002,0.0033072915021254102,3,0.006226609496643739,0.0035949346690259433,3,0.011486100451715133,0.006631503187736814,3,0.005971882740009424,0.003447868107513321,3,0.008661870388859644,0.0050009332006937645,3,0.024303239258342917,0.014031481727984164,3,0.022808799393661608,0.013168666469822702,3,0.03194980912115694,0.01844623089665712,3,0.026470732459339806,0.015282884511046403,3
matrix_BC_s_loss,"BC S-loss, fixed kappa_D",0.01,O28800-Na1600-Cl1280-I320-allSk.dat,0,main,28800,1600,1280,320,3200,0.9,0.05,0.04,0.01,0.1,0.2,467,0.5225258197052871,1,0.5598492526579522,0.5598492526579522,0.0782243094629066,-0.0643006395088239,-0.0097292500925991,-0.1243221007532408,0.2554079723304978,0.2643182681076707,0.0424730519110375,0.4742968027292895,-0.3575599902748129,0.8100926118345828,0.002966357225882414,0.0017126271428758034,3,0.0027725436659634378,0.0016007288318839828,3,0.0026836032287171955,0.0015493790464980218,3,0.003115521233779799,0.001798747022988762,3,0.0008735662928118774,0.0005043537343099208,3,0.0027121244462050206,0.0015658457790922334,3,0.005317040868336457,0.0030697949766262953,3,0.007022473832873424,0.004054427157786575,3,0.00885879342568167,0.0051146267690126,3,0.0075970278590031535,0.004386146079436557,3
matrix_BC_s_loss,"BC S-loss, fixed kappa_D",0.0025,O28800-Na1600-Cl960-I640-allSk.dat,0,main,28800,1600,960,640,3200,0.9,0.05,0.03,0.02,0.1,0.4,86,0.8992476802598471,1,0.5598492526579522,0.5598492526579522,0.0962517528363097,-0.0641558903745857,0.0340738430162615,-0.1431711339326505,0.2361430472363226,0.2536991664139133,0.0626581884979931,0.664016076901503,-0.4121166815296498,0.6038090869752708,0.002437793131636993,0.0014074605207792389,3,0.006542831796075922,0.0037775056987268763,3,0.011413917248155171,0.006589828195730501,3,0.006235114700126047,0.0035998451505459663,3,0.010213076675546147,0.0058965225678808564,3,0.006958011725359878,0.004017209942661098,3,0.020442971137142444,0.01180275488906494,3,0.043368327449777345,0.025038715527432788,3,0.0440080328884941,0.025408049634677975,3,0.022957033072999004,0.013254249224491118,3
matrix_BC_s_loss,"BC S-loss, fixed kappa_D",0.005,O28800-Na1600-Cl960-I640-allSk.dat,0,main,28800,1600,960,640,3200,0.9,0.05,0.03,0.02,0.1,0.4,228,0.6758201584322425,1,0.5598492526579522,0.5598492526579522,0.0939115308852882,-0.067165374251415,0.0341840893129692,-0.1480645693353002,0.2415450392743157,0.2537335223722062,0.0711574105853486,0.673141766102502,-0.4232390010367852,0.6308695408174405,0.0007056361498375745,0.00040739922105865475,3,0.0012312274617750567,0.0007108495064894886,3,0.008428858875698435,0.004866403940845858,3,0.008639762728868907,0.004988169337246959,3,0.005185278879453384,0.0029937221568756924,3,0.005264431425934023,0.003039420900893334,3,0.006704365370750715,0.003870767151548531,3,0.03794646384434647,0.021908401115327835,3,0.04511414578404471,0.026046664212678237,3,0.044802632095359216,0.025866811700659412,3
matrix_BC_s_loss,"BC S-loss, fixed kappa_D",0.01,O28800-Na1600-Cl960-I640-allSk.dat,0,main,28800,1600,960,640,3200,0.9,0.05,0.03,0.02,0.1,0.4,467,0.4569973428721162,1,0.5598492526579522,0.5598492526579522,0.0933726385416712,-0.0686016712732834,0.0311208214299318,-0.1465838326986623,0.2418681638854203,0.2440724446619176,0.0835006708327132,0.6498697818230316,-0.4100122627515957,0.6341865690043592,0.0011655450180585508,0.0006729277299287315,3,0.0017456671235143693,0.0010078613836765008,3,0.006462527819202293,0.0037311421760618893,3,0.005293591719655695,0.0030562566043231894,3,0.001262388347733613,0.0007288402523858485,3,0.008015073775097557,0.004627505001627285,3,0.007858078209468388,0.004536863569549706,3,0.03259707099365381,0.01881992771297937,3,0.027519735270813746,0.015888526566631558,3,0.021690269726557253,0.012522883065423422,3
matrix_BC_s_loss,"BC S-loss, fixed kappa_D",0.0025,O28800-Na1600-Cl800-I800-allSk.dat,0,main,28800,1600,800,800,3200,0.9,0.05,0.025,0.025,0.1,0.5,89,0.8701628703903244,1,0.5598492526579522,0.5598492526579522,0.1032488756059299,-0.0737041817512312,0.0588189925099937,-0.1630524459461965,0.2278213212216277,0.2247170196604546,0.0974709826089286,0.7450790320201159,-0.4272811751202397,0.5651259606636186,0.0067333579014549096,0.003887505996955086,3,0.002248011158913744,0.0012978898477401329,3,0.012462559931147046,0.007195262331039592,3,0.015560500563989641,0.008983859189344743,3,0.012236825914039889,0.007064934735497518,3,0.020761069353972813,0.011986408980180694,3,0.003969640416223677,0.002291872962892758,3,0.021472333455341643,0.012397057500570905,3,0.03463647500127579,0.019997378165766324,3,0.037377073934560225,0.02157966369763889,3
matrix_BC_s_loss,"BC S-loss, fixed kappa_D",0.005,O28800-Na1600-Cl800-I800-allSk.dat,0,main,28800,1600,800,800,3200,0.9,0.05,0.025,0.025,0.1,0.5,229,0.6615163789192124,1,0.5598492526579522,0.5598492526579522,0.1017980131120877,-0.0731764176650877,0.0504705968760023,-0.1539576791838476,0.2309933382993336,0.2243714929017187,0.1023024189390353,0.7265971766076872,-0.4092879683361781,0.553965436663336,0.00331773813005518,0.0019154970024880438,3,0.0018810530397329276,0.0010860264788497697,3,0.007773883012684368,0.004488253450021979,3,0.01025742419854441,0.0059221266222217964,3,0.003842674746964479,0.002218569299568119,3,0.005999085795293618,0.0034635737988044308,3,0.0053220298679969354,0.0030726753769232595,3,0.028622807203853153,0.01652538544410738,3,0.03258237127718618,0.018811440827719773,3,0.0305249142455262,0.017623567456644795,3
matrix_BC_s_loss,"BC S-loss, fixed kappa_D",0.01,O28800-Na1600-Cl800-I800-allSk.dat,0,main,28800,1600,800,800,3200,0.9,0.05,0.025,0.025,0.1,0.5,467,0.4401844300236127,1,0.5598492526579522,0.5598492526579522,0.099751834379575,-0.0735410110764627,0.0453884181604069,-0.1493911134153703,0.2313312330041148,0.2220130751604372,0.1051386919544721,0.7148284986958404,-0.4008545967797925,0.5495431608719743,0.001688325355026055,0.0009747550982039634,3,0.0013041167059246537,0.0007529321312202869,3,0.004270801972049668,0.0024657486682184604,3,0.004498097138388294,0.002596977593689567,3,0.0026867939957600203,0.001551221236709118,3,0.007694138050120661,0.004442212674419306,3,0.004272690236492433,0.002466838858202792,3,0.01785132060518169,0.010306464756791962,3,0.010539113953084859,0.006084760277833685,3,0.008163352695931096,0.004713113876485676,3
matrix_BC_s_loss,"BC S-loss, fixed kappa_D",0.0025,O28800-Na1600-Cl640-I960-allSk.dat,0,main,28800,1600,640,960,3200,0.9,0.05,0.02,0.03,0.1,0.6,89,0.863920284096875,1,0.5598492526579522,0.5598492526579522,0.0977809242571368,-0.0767223339726392,0.0397943829147858,-0.1315400848427831,0.2268315874708132,0.2182136845693297,0.1146675928602513,0.7773571197475967,-0.3529967750165469,0.4362558857120062,0.0007853041845683132,0.0004533955823562552,3,0.0067946447434143,0.003922889971658122,3,0.013932988193858534,0.008044214484340102,3,0.004668428968947801,0.00269531872191466,3,0.009484073551748592,0.00547563241811626,3,0.013464006784355711,0.007773447941318718,3,0.004979040578568508,0.0028746504183425983,3,0.012800505482740504,0.007390375286223511,3,0.0229147804547629,0.013229854663978536,3,0.0166974886863973,0.009640299587882213,3
matrix_BC_s_loss,"BC S-loss, fixed kappa_D",0.005,O28800-Na1600-Cl640-I960-allSk.dat,0,main,28800,1600,640,960,3200,0.9,0.05,0.02,0.03,0.1,0.6,229,0.6549733776051472,1,0.5598492526579522,0.5598492526579522,0.0994680403357058,-0.0755524282398451,0.0524316538407787,-0.1403480315395324,0.2229568309571856,0.2109108355351191,0.1156280549784193,0.8034463951123871,-0.3837265167139016,0.4625865660034646,0.000674667389746221,0.00038951939908344284,3,0.003312558231417167,0.001912506386615012,3,0.004859567463002144,0.0028056725829094346,3,0.0013561861867809192,0.0007829944600092158,3,0.009433140373611686,0.005446226134008234,3,0.016568757100405236,0.009565976372056487,3,0.0022166679776384514,0.0012797938535935834,3,0.03646067265489865,0.021050579172140562,3,0.015849512461708386,0.009150720286291665,3,0.010449294919919578,0.006032903234857358,3
matrix_BC_s_loss,"BC S-loss, fixed kappa_D",0.01,O28800-Na1600-Cl640-I960-allSk.dat,0,main,28800,1600,640,960,3200,0.9,0.05,0.02,0.03,0.1,0.6,467,0.4616398622251711,1,0.5598492526579522,0.5598492526579522,0.1006523914801512,-0.076116106255016,0.0538165248801739,-0.1422064791966847,0.2252261891011702,0.2074085401009255,0.1214173959919138,0.7978828578941405,-0.3837053515607156,0.4700432918385138,0.0012220955927232573,0.0007055772194342279,3,0.0006566896807222522,0.0003791399639390417,3,0.0022498466690764308,0.0012989495800266604,3,0.0026257443225840907,0.0015159741914670564,3,0.0035286286896521963,0.002037254723840932,3,0.00823325295315878,0.004753470808812503,3,0.002741836216073028,0.0015829998774236278,3,0.020306638954665734,0.011724043466812804,3,0.009616865593741326,0.005552299939307005,3,0.005634992215197526,0.0032533642723257374,3
matrix_BC_s_loss,"BC S-loss, fixed kappa_D",0.0025,O28736-Na1632-Cl1600-I32-allSk.dat,0,main,28736,1632,1600,32,3264,0.898,0.051,0.05,0.001,0.102,0.0196078431372549,86,0.876434618045945,1,0.5657081512163484,0.5657081512163484,0.0613182862899323,-0.0635358072679763,-0.0563831937308996,-0.0550470339332058,0.2597792535530759,0.2614168812322442,0.0066984521099953,0.2840342880768982,-0.1415357645537222,1.04864550528915,0.0036135424718632104,0.0020862797188583703,3,0.006198384755568503,0.003578639107168348,3,0.0054545714366608655,0.003149198287270195,3,0.005845659604912183,0.0033749931464869707,3,0.022743227923838746,0.013130808764069314,3,0.02263391642055502,0.013067697738222932,3,0.013755586653829434,0.007941791657449647,3,0.024072417308385902,0.013898216613041608,3,0.021620461961397466,0.012482579533416891,3,0.07975665179559988,0.04604752438385284,3
matrix_BC_s_loss,"BC S-loss, fixed kappa_D",0.005,O28736-Na1632-Cl1600-I32-allSk.dat,0,main,28736,1632,1600,32,3264,0.898,0.051,0.05,0.001,0.102,0.0196078431372549,228,0.7069442632654204,1,0.5657081512163484,0.5657081512163484,0.0614016991512192,-0.0636445872139566,-0.0573490295720366,-0.0489943874040754,0.2601516414483997,0.2615856623284339,0.0081643710355874,0.2829836612952655,-0.132901373217306,0.998059893724329,0.0019086598649027246,0.0011019652867930228,3,0.002780654803031596,0.0016054117990537179,3,0.0021584360669137225,0.0012461736442612348,3,0.004774209734398822,0.0027563912753228916,3,0.005112866826272526,0.0029519150384791507,3,0.0035747968484225222,0.0020639099227349692,3,0.014842744074929196,0.008569462287173094,3,0.00394721468984999,0.002278925463734137,3,0.016333509073682244,0.00943015586050164,3,0.057209072511609844,0.03302967341466677,3
matrix_BC_s_loss,"BC S-loss, fixed kappa_D",0.01,O28736-Na1632-Cl1600-I32-allSk.dat,0,main,28736,1632,1600,32,3264,0.898,0.051,0.05,0.001,0.102,0.0196078431372549,461,0.6219417113530195,1,0.5657081512163484,0.5657081512163484,0.0617089085658162,-0.0653162976347545,-0.0593179814076178,-0.0470101957797601,0.2551430250128758,0.2566187964766289,0.0075167404858232,0.2778249433554011,-0.131894245837077,0.9863134205042648,0.001064197375505351,0.0006144146412189077,3,0.0012875573547546837,0.0007433715853646991,3,0.0010484581015473822,0.0006053275671624251,3,0.002523229576321371,0.0014567872751163689,3,0.0026824514903642906,0.0015487140900499361,3,0.0018646783809688904,0.0010765725652044644,3,0.00603249870702255,0.003482864752385539,3,0.001566070248659584,0.000904171079633475,3,0.003969937456677168,0.0022920444592785414,3,0.02733373767974944,0.015781140807361958,3
matrix_BC_s_loss,"BC S-loss, fixed kappa_D",0.0025,O28736-Na1632-Cl32-I1600-allSk.dat,0,main,28736,1632,32,1600,3264,0.898,0.051,0.001,0.05,0.102,0.9803921568627452,89,0.7946068457812894,1,0.5657081512163484,0.5657081512163484,0.1057134489237022,-0.0961383360408283,0.0109900841540547,-0.0986491925672544,0.181081232544655,0.0625294027404707,0.1740400872926771,0.9625640084406168,-0.0729755063618715,0.1860921671903362,0.0048350946542213774,0.002791543200172033,3,0.005810944468154642,0.0033549503529350494,3,0.016702427420498208,0.009643150967344827,3,0.0044383601693917096,0.002562488438558817,3,0.010321405309543275,0.005959066133880043,3,0.03678306686934188,0.02123671355863454,3,0.006131886067562001,0.003540246071747037,3,0.11753640068977995,0.06785967257782417,3,0.022037926066977007,0.012723602547150246,3,0.003937672520226815,0.002273416289533544,3
matrix_BC_s_loss,"BC S-loss, fixed kappa_D",0.005,O28736-Na1632-Cl32-I1600-allSk.dat,0,main,28736,1632,32,1600,3264,0.898,0.051,0.001,0.05,0.102,0.9803921568627452,238,0.6664411466318025,1,0.5657081512163484,0.5657081512163484,0.1033775545785955,-0.0966867925233259,0.0163103021890015,-0.0999554989125809,0.183394800589012,0.0531959729636863,0.1776966227789777,0.9916302761464192,-0.0865123993738317,0.1916994927794459,0.0021188760931341376,0.001223333682750457,3,0.0024435428616596234,0.001410780128955572,3,0.008380474275420524,0.004838469078850774,3,0.0013299632429649383,0.0007678546363381148,3,0.004250990761482081,0.0024543106604642917,3,0.014994164936829197,0.008656885162551985,3,0.0023892162082913312,0.0013794146210092172,3,0.029749145825592807,0.01717567735056744,3,0.0113184633839607,0.006534717881542633,3,0.0012515392882079816,0.0007225765449482709,3
matrix_BC_s_loss,"BC S-loss, fixed kappa_D",0.01,O28736-Na1632-Cl32-I1600-allSk.dat,0,main,28736,1632,32,1600,3264,0.898,0.051,0.001,0.05,0.102,0.9803921568627452,473,0.6000846469684126,1,0.5657081512163484,0.5657081512163484,0.1019992483021126,-0.0975492661975419,0.0191706010286954,-0.1012310619669296,0.1863182426536331,0.0488509734953179,0.1812636302535111,0.9960972694171808,-0.0915323619792825,0.1960119236597926,0.0007876773432482389,0.00045476572615894004,3,0.0005541667410960697,0.00031994831714775355,3,0.005642621634542337,0.0032577691196382244,3,0.0005904604022394183,0.0003409024721787429,3,0.0013101012427433525,0.0007563873051635379,3,0.007136948551960514,0.004120519167666913,3,0.0007161615940768743,0.00041347608912355486,3,0.013681665658511186,0.007899113350903892,3,0.007991591358697871,0.004613947422197703,3,0.0013905172516908923,0.0008028155095765553,3
matrix_BC_s_loss,"BC S-loss, fixed kappa_D",0.0025,O28608-Na1696-Cl1024-I672-allSk.dat,0,main,28608,1696,1024,672,3392,0.894,0.053,0.032,0.021,0.106,0.3962264150943396,86,0.976881303826884,1,0.5775602914974974,0.5775602914974974,0.0803265129915686,-0.0445022125818195,0.0284453359049024,-0.1058121348082448,0.1691183835471364,0.1788224948788978,0.0479266772836662,0.4629679768295793,-0.2874136820398575,0.4309298781548276,0.009942493913876298,0.005740301537592697,3,0.01025204429715551,0.005919020534706702,3,0.004594121585195216,0.0026524173339023283,3,0.021553901266768323,0.012444150698455309,3,0.005399307187369493,0.0031172914580652584,3,0.026493056066142877,0.015295773051443438,3,0.024887257471014865,0.014368664800281958,3,0.041611449330187324,0.024024381472154126,3,0.02020325998016196,0.011664357588054501,3,0.043494359603437255,0.025111480225274884,3
matrix_BC_s_loss,"BC S-loss, fixed kappa_D",0.005,O28608-Na1696-Cl1024-I672-allSk.dat,0,main,28608,1696,1024,672,3392,0.894,0.053,0.032,0.021,0.106,0.3962264150943396,228,0.9256716161907672,1,0.5775602914974974,0.5775602914974974,0.0821034398142584,-0.054744979951336,0.026236272782287,-0.1193573827298837,0.1761970666175313,0.1755191271445373,0.0632499943664392,0.5017401310693925,-0.340522964195786,0.5208327904265475,0.005082872243812525,0.002934597658221639,3,0.007200579089858713,0.004157256275851119,3,0.0015815308086638467,0.0009130972381137584,3,0.009554121897368682,0.005516074849316307,3,0.002208018675488057,0.0012748001766687508,3,0.015167071238585711,0.008756712662415692,3,0.015583337033380384,0.00899704383109483,3,0.04819132192669475,0.02782327268698113,3,0.03713286523644358,0.0214386697400428,3,0.028579222517197904,0.016500221813534426,3
matrix_BC_s_loss,"BC S-loss, fixed kappa_D",0.01,O28608-Na1696-Cl1024-I672-allSk.dat,0,main,28608,1696,1024,672,3392,0.894,0.053,0.032,0.021,0.106,0.3962264150943396,467,0.8235279113080212,1,0.5775602914974974,0.5775602914974974,0.0863044528458678,-0.0589210100860261,0.0286536890570169,-0.1289757573606629,0.2000934591306218,0.2068831204044189,0.0624964497813859,0.5653867255110125,-0.3692636112688233,0.555113896642759,0.003806215798037243,0.0021975197155906087,3,0.00486757242465115,0.002810294249672341,3,0.0038478653533724205,0.002221566097575002,3,0.004703216187423572,0.002715403131866005,3,0.011071231896995163,0.006391978715990928,3,0.010717304408720003,0.006187638585361657,3,0.012030323159723286,0.006945710314704428,3,0.026294070993153545,0.015180888965988331,3,0.018329137383818188,0.010582332402561064,3,0.015108685665724729,0.008723003736207612,3
matrix_BC_s_loss,"BC S-loss, fixed kappa_D",0.0025,O28544-Na1728-Cl416-I1312-allSk.dat,0,main,28544,1728,416,1312,3456,0.892,0.054,0.013,0.041,0.108,0.7592592592592593,89,0.90855325011929,1,0.5831293860615774,0.5831293860615774,0.1008757232866479,-0.0775514630907512,0.0540762533797452,-0.1194509455259567,0.1840789277421345,0.1580776292068468,0.1222436594179532,0.891517439344207,-0.3205908819648232,0.3208138022615724,0.007712434550477229,0.004452776163825399,3,0.0039628406282439166,0.002287947103472211,3,0.02402357106635806,0.01387001522205793,3,0.01654227199371559,0.009550685188579704,3,0.017537950809044158,0.01012554062063606,3,0.019747136078341904,0.01140101433055487,3,0.013252575043277589,0.007651377768692033,3,0.09240827758735087,0.05335194394040669,3,0.049320330931154226,0.02847510633962332,3,0.041882729048192416,0.02418100489037005,3
matrix_BC_s_loss,"BC S-loss, fixed kappa_D",0.005,O28544-Na1728-Cl416-I1312-allSk.dat,0,main,28544,1728,416,1312,3456,0.892,0.054,0.013,0.041,0.108,0.7592592592592593,229,0.7247753357364397,1,0.5831293860615774,0.5831293860615774,0.1040006396510907,-0.0789805968025903,0.0622721790807335,-0.1257061381451008,0.192056267404077,0.1684551972568311,0.125555227415819,0.9307759770249522,-0.3307873780355327,0.3303558543407322,0.0035026397880744296,0.0020222500245190658,3,0.0034962732412355717,0.0020185742969878427,3,0.011366649570798982,0.006562538189484937,3,0.009164142044433853,0.005290919876245853,3,0.00657328965041422,0.0037950905491280313,3,0.0160911942685504,0.009290255342530137,3,0.007405145669959059,0.004275362845939255,3,0.02385242357391461,0.013771203171224577,3,0.01793438403873897,0.010354421452516074,3,0.01852524792073059,0.010695556873838363,3
matrix_BC_s_loss,"BC S-loss, fixed kappa_D",0.01,O28544-Na1728-Cl416-I1312-allSk.dat,0,main,28544,1728,416,1312,3456,0.892,0.054,0.013,0.041,0.108,0.7592592592592593,470,0.5397777949190736,1,0.5831293860615774,0.5831293860615774,0.104063503060677,-0.0809464593202227,0.0590087008991201,-0.1261245967285152,0.1950998944175785,0.1660453197344802,0.1304051936626336,0.9079703649690728,-0.3207113760049063,0.3302481390717047,0.002790147414293233,0.0016108923607209365,3,0.0029536809971875628,0.0017053085188265217,3,0.003702612077205827,0.002137704079479544,3,0.0048757453842905385,0.002815012910120218,3,0.00329085264621373,0.0018999746611548893,3,0.006039539232535159,0.00348692960168548,3,0.003194304496468223,0.0018442325609095607,3,0.01079549835351033,0.006232783880435351,3,0.010996277880043955,0.0063487039941273055,3,0.009309368256504181,0.005374766268878046,3
matrix_BC_s_loss,"BC S-loss, fixed kappa_D",0.0025,O28480-Na1760-Cl1600-I160-allSk.dat,0,main,28480,1760,1600,160,3520,0.89,0.055,0.05,0.005,0.11,0.0909090909090909,86,0.9017532756947204,1,0.5888069257011409,0.5888069257011409,0.0690477865693019,-0.056814046400312,-0.0297194748334868,-0.0944496433938052,0.2324437891525296,0.2386424085050645,0.0162752762830816,0.3376252189144001,-0.2761773592044489,0.9273284780468788,0.003702481995898431,0.002137628977001702,3,0.003481899392912497,0.0020102755517892247,3,0.003316697895681293,0.00191489642289226,3,0.01905141771293126,0.010999341145004869,3,0.011473946273155544,0.006624485969473657,3,0.018768571341259404,0.010836039716180813,3,0.024192846469505164,0.013967746421632095,3,0.03223180537561554,0.01860904151007926,3,0.046942680100023004,0.02710236899223077,3,0.1351598979509848,0.07803460346564342,3
matrix_BC_s_loss,"BC S-loss, fixed kappa_D",0.005,O28480-Na1760-Cl1600-I160-allSk.dat,0,main,28480,1760,1600,160,3520,0.89,0.055,0.05,0.005,0.11,0.0909090909090909,228,0.7143462289950487,1,0.5888069257011409,0.5888069257011409,0.0685854997033731,-0.0595252220562118,-0.0327711291757989,-0.0937914174319211,0.2325044400278623,0.2385611726663068,0.0167333227578751,0.3338502597719467,-0.264509319036909,0.891950063580555,0.001115958852856061,0.0006442991441009928,3,0.0009870438491302003,0.0005698700319972856,3,0.0022294260137526983,0.0012871597091784748,3,0.005524391861755985,0.003189509128493796,3,0.0018135828051380203,0.0010470725207441126,3,0.0009126067849506212,0.0005268937729555201,3,0.008848839217607426,0.005108879704301365,3,0.006253043608397935,0.0036101964105630167,3,0.01717768367022058,0.009917540291056091,3,0.03016997723467362,0.0174186444778837,3
matrix_BC_s_loss,"BC S-loss, fixed kappa_D",0.01,O28480-Na1760-Cl1600-I160-allSk.dat,0,main,28480,1760,1600,160,3520,0.89,0.055,0.05,0.005,0.11,0.0909090909090909,466,0.558046491516678,1,0.5888069257011409,0.5888069257011409,0.0679822574766692,-0.0628663021105269,-0.0362472982995016,-0.0938799144037721,0.2338155017938021,0.2387491759779842,0.0204871040399231,0.3333894521391157,-0.2624285809097942,0.8978200759421314,0.0003262644827948661,0.00018836888696862998,3,0.0009122255203914137,0.0005266736497596292,3,0.0008473134281186488,0.0004891966358122865,3,0.0010219163716421221,0.0005900036922568649,3,0.0015952641363751055,0.0009210261785647231,3,0.0004980802251714926,0.00028756675208079066,3,0.005402641585034184,0.0031192165734545527,3,0.0015680767628135914,0.000905329541120424,3,0.004587866173565336,0.0026488057703139252,3,0.004315156250767909,0.0024913566229761487,3
matrix_BC_s_loss,"BC S-loss, fixed kappa_D",0.0025,O28480-Na1760-Cl960-I800-allSk.dat,0,main,28480,1760,960,800,3520,0.89,0.055,0.03,0.025,0.11,0.4545454545454545,86,0.9034253139109952,1,0.5888069257011409,0.5888069257011409,0.101869048990144,-0.0721334791975101,0.047818674117365,-0.1593739728268428,0.2098320744815239,0.210911316201501,0.0801894916294706,0.6895397465523565,-0.4425209101412561,0.6036976066048553,0.006870519960502075,0.00396669654866857,3,0.0066298010816072585,0.003827717439139623,3,0.014428623198625909,0.008330369487762349,3,0.02539260790037273,0.014660429006706813,3,0.00815431089420594,0.004707893589825697,3,0.026679112755081964,0.01540319293088695,3,0.017327712184538088,0.010004159294183424,3,0.0011227521141024923,0.0006482212353102954,3,0.03951288027128481,0.022812772061083737,3,0.068853872672493,0.039752801922212054,3
matrix_BC_s_loss,"BC S-loss, fixed kappa_D",0.005,O28480-Na1760-Cl960-I800-allSk.dat,0,main,28480,1760,960,800,3520,0.89,0.055,0.03,0.025,0.11,0.4545454545454545,228,0.7071950791942389,1,0.5888069257011409,0.5888069257011409,0.1006373492348778,-0.066850070733843,0.0480761773635471,-0.151819492328981,0.2179724572542412,0.2311993804600038,0.070039169625159,0.7066990887279139,-0.4312259654122595,0.5762692540387823,0.0028443888230302084,0.0016422086526564537,3,0.003053985700360488,0.0017632194662043955,3,0.001933746634098949,0.001116449139741561,3,0.0051044658157397066,0.0029470647127865625,3,0.007430442558751508,0.004289968011493235,3,0.014371162180641418,0.008297194353561093,3,0.004803951165303443,0.002773562498461759,3,0.031985176802330526,0.018466650436903303,3,0.015596306112967136,0.009004531532685383,3,0.01132424721031222,0.006538057175243629,3
matrix_BC_s_loss,"BC S-loss, fixed kappa_D",0.01,O28480-Na1760-Cl960-I800-allSk.dat,0,main,28480,1760,960,800,3520,0.89,0.055,0.03,0.025,0.11,0.4545454545454545,467,0.4804751501951348,1,0.5888069257011409,0.5888069257011409,0.0983568636632566,-0.0663905247432447,0.0457117059287007,-0.1485477267900516,0.2190040645607545,0.2247769477753844,0.078604713045177,0.6855400238901764,-0.417573378309403,0.5740183482202426,0.0007923172668231844,0.00045744458728395405,3,0.0014463337565482548,0.0008350411836811776,3,0.0037712347583521307,0.002177323402911876,3,0.0025900769812789376,0.001495381642363248,3,0.00251130501427694,0.0014499026260100484,3,0.006791363818788699,0.0039209957289423406,3,0.003785131802636126,0.002185346865170181,3,0.02611159642926692,0.015075537227408129,3,0.01853977437476735,0.010703943725986856,3,0.01472169547753922,0.008499574846884966,3
matrix_BC_s_loss,"BC S-loss, fixed kappa_D",0.0025,O28480-Na1760-Cl800-I960-allSk.dat,0,main,28480,1760,800,960,3520,0.89,0.055,0.025,0.03,0.11,0.5454545454545454,89,0.8700424049258155,1,0.5888069257011409,0.5888069257011409,0.0933298155219643,-0.0659777447226942,0.0493258888707381,-0.1343624586688998,0.1999766693467798,0.2279900933203227,0.0626441619686566,0.8092436269281545,-0.4300349359746024,0.4773869878575663,0.005674203280906929,0.003276002791668273,3,0.009165016281396113,0.005291424617191349,3,0.0007990006456496468,0.0004613032378485084,3,0.012832800990406594,0.007409021106268144,3,0.024057409819184496,0.013889552035111316,3,0.030840757178693272,0.017805919459130445,3,0.02677981850702245,0.015461335423878734,3,0.11095582073892539,0.06406037297177444,3,0.06654924459457474,0.03842222428104398,3,0.03450773839247203,0.019923052050018913,3
matrix_BC_s_loss,"BC S-loss, fixed kappa_D",0.005,O28480-Na1760-Cl800-I960-allSk.dat,0,main,28480,1760,800,960,3520,0.89,0.055,0.025,0.03,0.11,0.5454545454545454,229,0.6479830091147184,1,0.5888069257011409,0.5888069257011409,0.0979433558402192,-0.0656959317441362,0.0546765946935878,-0.1388653858883598,0.2091194538071968,0.2284525875876679,0.0746013530773764,0.7920750546091663,-0.4137360252108485,0.4786982993405818,0.0034284944984880306,0.0019794422216172156,3,0.0047715260168995025,0.0027548418303022307,3,0.005887720598609518,0.00339927707252051,3,0.0030757721748614296,0.0017757978931222072,3,0.009687863247423628,0.005593290453772314,3,0.018524014090101355,0.010694844521392438,3,0.015474107716559011,0.008933980255624611,3,0.051076042652945096,0.02948876697481866,3,0.026384514919933686,0.015233106791461412,3,0.0032927592647151163,0.0019010754478599066,3
matrix_BC_s_loss,"BC S-loss, fixed kappa_D",0.01,O28480-Na1760-Cl800-I960-allSk.dat,0,main,28480,1760,800,960,3520,0.89,0.055,0.025,0.03,0.11,0.5454545454545454,467,0.4454809186740097,1,0.5888069257011409,0.5888069257011409,0.097468785615525,-0.0666781749247723,0.0542711603102416,-0.1398252401798113,0.2142514586592689,0.2209342732372457,0.0884133711027803,0.7685108494592653,-0.4024047931138744,0.4870559077815005,0.001775935188178668,0.0010253366589582826,3,0.003728124976143618,0.002152433958549085,3,0.0037210353596816583,0.0021483407665763214,3,0.0024541106164559833,0.0014168814250319804,3,0.004622954788718271,0.002669064191717963,3,0.007617375466479509,0.004397893776090396,3,0.005910015903610609,0.003412149272864555,3,0.01268257430405028,0.007322287688460861,3,0.01029079829107776,0.005941395163529885,3,0.008004719188683366,0.004621526778373705,3
matrix_BC_s_loss,"BC S-loss, fixed kappa_D",0.0025,O28480-Na1760-Cl160-I1600-allSk.dat,0,main,28480,1760,160,1600,3520,0.89,0.055,0.005,0.05,0.11,0.9090909090909092,89,0.7834187911878555,1,0.5888069257011409,0.5888069257011409,0.0995654126733322,-0.0833669796974879,0.0262106955473243,-0.0957245756506245,0.167542435583659,0.1031144061112378,0.1431123505954095,0.8474872786737733,-0.1598517073594201,0.2006470478991411,0.007054630248094972,0.0040729926727709085,3,0.008871754507392115,0.005122109853027114,3,0.007640132541894307,0.004411032579707098,3,0.009784175864115117,0.005648896568945502,3,0.010303642657797055,0.005948810862112841,3,0.0225564698345237,0.013022983930929932,3,0.015824988939112883,0.009136561623919674,3,0.0813928900114689,0.046992206958243174,3,0.006596532321430745,0.003808509711496108,3,0.017556739112807754,0.010136388052871589,3
matrix_BC_s_loss,"BC S-loss, fixed kappa_D",0.005,O28480-Na1760-Cl160-I1600-allSk.dat,0,main,28480,1760,160,1600,3520,0.89,0.055,0.005,0.05,0.11,0.9090909090909092,238,0.6429371120953185,1,0.5888069257011409,0.5888069257011409,0.101346366387911,-0.0868816881211363,0.0350038974688474,-0.1021914875438634,0.1738214202023174,0.1044736849756356,0.1492679635023003,0.928827679933151,-0.1841481770364752,0.2147863275098695,0.0034433712606837166,0.001988031324275565,3,0.004021993039198888,0.002322098763860279,3,0.00042300316090464706,0.00024422098881636057,3,0.004106187812898906,0.0023707086391203443,3,0.004783923303229111,0.002761999406901851,3,0.011479268570408315,0.0066275587992252515,3,0.005585855657811129,0.0032249952676916497,3,0.029971091781442746,0.01730381790792295,3,0.008714116051482675,0.005031097248073162,3,0.008583367576141926,0.004955609580639047,3
matrix_BC_s_loss,"BC S-loss, fixed kappa_D",0.01,O28480-Na1760-Cl160-I1600-allSk.dat,0,main,28480,1760,160,1600,3520,0.89,0.055,0.005,0.05,0.11,0.9090909090909092,473,0.508366845493261,1,0.5888069257011409,0.5888069257011409,0.101850765444828,-0.0884918437887196,0.0426435516187743,-0.1062961038199286,0.17890757650067,0.0982567572471521,0.1565683343982553,0.956888384634294,-0.1995421198070436,0.2273110132329987,0.0014374970015729105,0.0008299392808173997,3,0.0023839910798816167,0.001376397891715318,3,0.0030296515567320953,0.001749170141830044,3,0.0026914774341417745,0.0015539252211195567,3,0.003675866699488351,0.002122262628454781,3,0.003724699454440607,0.0021504562326717367,3,0.0035218685961063943,0.0020333517820125165,3,0.0056682821791048735,0.0032725842419489572,3,0.0026997044321458606,0.0015586750806318385,3,0.004015487748761716,0.002318342932675221,3
matrix_BC_s_loss,"BC S-loss, fixed kappa_D",0.0025,O28160-Na1920-Cl1600-I320-allSk.dat,0,main,28160,1920,1600,320,3840,0.88,0.06,0.05,0.01,0.12,0.1666666666666666,86,0.8931735241794946,1,0.6162767600248704,0.6162767600248704,0.0787301090954147,-0.0534030621089599,-0.0039996849562862,-0.1218666854182712,0.2209305097382199,0.2477571495609992,-0.0128348108583477,0.4434546991382156,-0.3847162556639022,0.8288129621655889,0.007127431298247596,0.004115024378673814,3,0.012900765935672234,0.007448260685712719,3,0.011634193172752877,0.00671700456009298,3,0.0226078972047044,0.013052675536947474,3,0.011522912531526161,0.006652756651925142,3,0.012853849195361448,0.007421173293064787,3,0.03786094237043257,0.021859025269342153,3,0.0232771143011233,0.013439048207711227,3,0.02953091072730355,0.017049679257823514,3,0.033775139190111846,0.019500085703328153,3
matrix_BC_s_loss,"BC S-loss, fixed kappa_D",0.005,O28160-Na1920-Cl1600-I320-allSk.dat,0,main,28160,1920,1600,320,3840,0.88,0.06,0.05,0.01,0.12,0.1666666666666666,228,0.7353523208515584,1,0.6162767600248704,0.6162767600248704,0.0779987426344959,-0.0576163464805308,-0.0074685483184611,-0.1244304679873809,0.2184583736396586,0.2355753990951392,0.008348939252065,0.4209949819039711,-0.364333873987976,0.83512594980401,0.0039148723732217615,0.0022602526185226133,3,0.005736446157755416,0.003311938733371884,3,0.001518426171957229,0.0008766637591240792,3,0.013334255325688828,0.007698535901729646,3,0.0017915254324282566,0.0010343376906725146,3,0.01036249626766959,0.005982790009615531,3,0.025980688484090953,0.014999957490021722,3,0.01669795008989443,0.009640565979315485,3,0.013534254664419829,0.007814005573783736,3,0.04601851041549416,0.026568799376091152,3
matrix_BC_s_loss,"BC S-loss, fixed kappa_D",0.01,O28160-Na1920-Cl1600-I320-allSk.dat,0,main,28160,1920,1600,320,3840,0.88,0.06,0.05,0.01,0.12,0.1666666666666666,467,0.5394065809758046,1,0.6162767600248704,0.6162767600248704,0.0762139420016375,-0.0599532106390342,-0.0113963674411556,-0.121371722212244,0.2144067193223621,0.2252897066049107,0.0214239611643541,0.4021598855307148,-0.3474120163868517,0.8293146579631421,0.00294087720923771,0.0016979162484070272,3,0.0030797750802601578,0.0017781089716317035,3,0.0004145018054328253,0.0002393127289462276,3,0.007831643216840649,0.004521601319440055,3,0.0027741612618409984,0.0016016627512993324,3,0.004603719374071068,0.002657958619893427,3,0.009492942483146609,0.005480752898046329,3,0.009831568529784392,0.005676258737227272,3,0.010943782281076848,0.006318395645932375,3,0.022668219331615436,0.01308750253315765,3
matrix_BC_s_loss,"BC S-loss, fixed kappa_D",0.0025,O28160-Na1920-Cl1280-I640-allSk.dat,0,main,28160,1920,1280,640,3840,0.88,0.06,0.04,0.02,0.12,0.3333333333333333,86,0.9035330967135744,1,0.6162767600248704,0.6162767600248704,0.0901946545350612,-0.0543323071180071,0.0373618327911162,-0.1469439270691369,0.1923764510003343,0.2029210716604836,0.046232055678825,0.5433934857259426,-0.4170048311765363,0.6698101571990387,0.004211157060252346,0.002431312662336485,3,0.0048092109109991255,0.0027765992140550305,3,0.005673015997728584,0.0032753173134056515,3,0.0018859128869562118,0.0010888323129523531,3,0.008740869244068524,0.005046543211014283,3,0.008104377591094622,0.004679064583832851,3,0.006100115077030511,0.0035219030818112603,3,0.009537247401408369,0.0055063323545311805,3,0.026456955934072473,0.01527493063047481,3,0.03144608206907487,0.018155403947539443,3
matrix_BC_s_loss,"BC S-loss, fixed kappa_D",0.005,O28160-Na1920-Cl1280-I640-allSk.dat,0,main,28160,1920,1280,640,3840,0.88,0.06,0.04,0.02,0.12,0.3333333333333333,228,0.7130299163378307,1,0.6162767600248704,0.6162767600248704,0.0932650278664756,-0.0580374690421004,0.0352473398702832,-0.1503711112057522,0.1976122018861206,0.2105592116149182,0.0444986811139152,0.5552063902838239,-0.4204811545369083,0.6717241280274999,0.0008653412778776856,0.0004996050197235766,3,0.00043312740870461226,0.00025006622600901295,3,0.004187965096646204,0.002417922775905443,3,0.005702206666661713,0.003292170553972019,3,0.004026190202625766,0.00232452199729462,3,0.004482761096214938,0.0025881233256124766,3,0.007872888270841765,0.004545414162470341,3,0.006250053710773632,0.003608470192364776,3,0.016154361362680163,0.009326724881329882,3,0.030036570384234632,0.017341621996871007,3
matrix_BC_s_loss,"BC S-loss, fixed kappa_D",0.01,O28160-Na1920-Cl1280-I640-allSk.dat,0,main,28160,1920,1280,640,3840,0.88,0.06,0.04,0.02,0.12,0.3333333333333333,467,0.4690965035556129,1,0.6162767600248704,0.6162767600248704,0.0910617685218924,-0.0605506801588323,0.0286144750407316,-0.1453438331507394,0.2032292784955817,0.2161595690221784,0.0463076417920244,0.5598511777166668,-0.4173497723488555,0.6704288966715615,0.0018007385548783814,0.0010396568893991712,3,0.0007885640532624541,0.00045527766842434026,3,0.0019276484060343569,0.001112928326126889,3,0.0035625976684891987,0.002056866722916572,3,0.0018055009406459821,0.0010424064541040804,3,0.0015899544239451292,0.0009179606146639568,3,0.0027146079014379767,0.001567279602639501,3,0.0027074858431356485,0.0015631676803614675,3,0.004817494399429188,0.0027813816883299563,3,0.0052254867371175516,0.003016936174321638,3
matrix_BC_s_loss,"BC S-loss, fixed kappa_D",0.0025,O28160-Na1920-Cl960-I960-allSk.dat,0,main,28160,1920,960,960,3840,0.88,0.06,0.03,0.03,0.12,0.5,89,0.9376711435928432,1,0.6162767600248704,0.6162767600248704,0.0945027722383748,-0.0634111233152628,0.0489976262267828,-0.1386744968245403,0.1781807482722434,0.1988526476858702,0.0531329830745229,0.7000200041423579,-0.4187998928712013,0.4939412781445317,0.009699090552558165,0.005599772541414013,3,0.00407710080291115,0.002353915246073992,3,0.021707985228880258,0.012533111115458438,3,0.01613475516275029,0.009315405236522585,3,0.03611029477688433,0.020848288409950906,3,0.031469146146970266,0.01816871999912096,3,0.024579574108256164,0.014191023727968053,3,0.043181869638549746,0.024931064059928024,3,0.07075388146446306,0.04084977250971862,3,0.037832566939539174,0.02184264270667748,3
matrix_BC_s_loss,"BC S-loss, fixed kappa_D",0.005,O28160-Na1920-Cl960-I960-allSk.dat,0,main,28160,1920,960,960,3840,0.88,0.06,0.03,0.03,0.12,0.5,229,0.7841081081335395,1,0.6162767600248704,0.6162767600248704,0.0973037996751058,-0.0623962768133185,0.0559810159974505,-0.1442226769084315,0.1965701202533964,0.2176729581439739,0.0603191718756895,0.7285448618797349,-0.4207088123106559,0.5060130032483697,0.0009715928815619227,0.0005609494117125003,3,0.0021936678459303196,0.0012665147213604966,3,0.008909624263104154,0.005143973966681605,3,0.005987581893982511,0.003456932018285732,3,0.006588460493653153,0.003803849439555863,3,0.010609399523955497,0.006125339671095994,3,0.00799579503605055,0.004616374416448858,3,0.026214922050200113,0.015135192302468093,3,0.02343165933265627,0.013528274823268707,3,0.01628333050115757,0.009401185248146966,3
matrix_BC_s_loss,"BC S-loss, fixed kappa_D",0.01,O28160-Na1920-Cl960-I960-allSk.dat,0,main,28160,1920,960,960,3840,0.88,0.06,0.03,0.03,0.12,0.5,467,0.574741263973891,1,0.6162767600248704,0.6162767600248704,0.0976696910101211,-0.0625406808782298,0.0549635770999461,-0.1434094561979864,0.1999472048215496,0.2105476708770444,0.0722203779401819,0.7066557325574128,-0.4088963608770299,0.5110313988397461,0.0018223157350991295,0.0010521144802079733,3,0.0019174235915969558,0.0011070250267590416,3,0.006330513747308815,0.003654923816117371,3,0.0061175830244914135,0.003531988205980003,3,0.005266006511836183,0.0030403302771629427,3,0.006283858986592992,0.003627987677459113,3,0.0037765166418326783,0.0021803728997611986,3,0.020461187242338943,0.011813271962303726,3,0.020345442973804334,0.011746446977708113,3,0.015109542169737459,0.008723498239029924,3
matrix_BC_s_loss,"BC S-loss, fixed kappa_D",0.0025,O28160-Na1920-Cl640-I1280-allSk.dat,0,main,28160,1920,640,1280,3840,0.88,0.06,0.02,0.04,0.12,0.6666666666666666,89,0.8782933981281446,1,0.6162767600248704,0.6162767600248704,0.1009471643653441,-0.0615497868529129,0.0633896956407957,-0.1202060694283085,0.1742188643255024,0.1906158337606439,0.0785879119286471,0.8329885720161911,-0.3555561031191672,0.347666273695811,0.010088499852700052,0.0058245981056758754,3,0.005161446362511531,0.0029799624468038475,3,0.02385388878172919,0.013772049109350742,3,0.01586787450879429,0.009161321619119584,3,0.014524450950360345,0.008385695666022062,3,0.02591829916886669,0.014963937002082438,3,0.0038108778825916008,0.002200211371363052,3,0.05166785933050015,0.029830452492915983,3,0.03121637025363131,0.018022779769057064,3,0.02672604029369723,0.01543028655793888,3
matrix_BC_s_loss,"BC S-loss, fixed kappa_D",0.005,O28160-Na1920-Cl640-I1280-allSk.dat,0,main,28160,1920,640,1280,3840,0.88,0.06,0.02,0.04,0.12,0.6666666666666666,229,0.6822384583742306,1,0.6162767600248704,0.6162767600248704,0.1026926049599009,-0.0659414414888256,0.0679182704397711,-0.1287869118700318,0.1787285211423834,0.1822478090302342,0.0900281780188678,0.8217013086468904,-0.3578234980219434,0.3632809712285447,0.00495511728455503,0.0028608382981040142,3,0.001623373940179075,0.0009372553813578124,3,0.006343401774085147,0.0036623647218460096,3,0.006173588400608583,0.0035643229249573164,3,0.002305505533730983,0.0013310842405177548,3,0.009931187154836598,0.005733773577217463,3,0.005540184085910025,0.003198626773360234,3,0.019247234647724175,0.011112396105019445,3,0.005377470045021864,0.0031046837780525226,3,0.008770023447228256,0.005063375398056564,3
matrix_BC_s_loss,"BC S-loss, fixed kappa_D",0.01,O28160-Na1920-Cl640-I1280-allSk.dat,0,main,28160,1920,640,1280,3840,0.88,0.06,0.02,0.04,0.12,0.6666666666666666,470,0.4734059448091712,1,0.6162767600248704,0.6162767600248704,0.101961382510082,-0.0692395195817692,0.0655550658619764,-0.1311551781175238,0.1839141230256746,0.1787138531243346,0.0988781015159832,0.8382881366300335,-0.3738803509386733,0.3854737792257791,0.001796335682347846,0.001037114889758459,3,0.00046086411294798594,0.00026608001967035776,3,0.0037116854777572207,0.002142942609730356,3,0.0030837556510141836,0.0017804071552280686,3,0.0012211162118103867,0.0007050117736005429,3,0.0009085260559443452,0.0005245377629652567,3,0.002095317221518089,0.0012097319618811276,3,0.003214959171313269,0.0018561575429913721,3,0.0033465906527206874,0.0019321550142157745,3,0.004763407988107475,0.0027501548841938647,3
matrix_BC_s_loss,"BC S-loss, fixed kappa_D",0.0025,O28160-Na1920-Cl320-I1600-allSk.dat,0,main,28160,1920,320,1600,3840,0.88,0.06,0.01,0.05,0.12,0.8333333333333334,89,0.8313021853019767,1,0.6162767600248704,0.6162767600248704,0.1051572928685594,-0.076413376009483,0.0625217479109479,-0.1116672351512328,0.1639739544294128,0.1407679754515436,0.1166711149356924,0.944652654998064,-0.2682579192819777,0.247775391522544,0.012513383150821318,0.0072246051305996165,3,0.007014583994186439,0.004049871957296781,3,0.026719496283292645,0.015426508371770214,3,0.01896946545559715,0.010952025987172324,3,0.015509002669561081,0.008954126866133715,3,0.030667046400525765,0.017705627494594294,3,0.013985706843234675,0.008074651610748732,3,0.07542768634341722,0.043548195014722596,3,0.028491853949099442,0.016449779547224066,3,0.027947184090889584,0.016135314257967128,3
matrix_BC_s_loss,"BC S-loss, fixed kappa_D",0.005,O28160-Na1920-Cl320-I1600-allSk.dat,0,main,28160,1920,320,1600,3840,0.88,0.06,0.01,0.05,0.12,0.8333333333333334,229,0.6554105671791988,1,0.6162767600248704,0.6162767600248704,0.1044304937946844,-0.0773365492229457,0.0608902945406614,-0.1119489126106126,0.1643668849201452,0.1309226981498283,0.1215044905830982,0.9306677834059884,-0.2727886555007666,0.255096296099171,0.0047861688944014595,0.0027632958995696963,3,0.003717868822208169,0.0021465125653136034,3,0.004311048473994537,0.0024889849969502715,3,0.005649465547842192,0.003261720454824206,3,0.008336074125645016,0.0048128346404258246,3,0.011084808643014069,0.0063998172539596635,3,0.00467524308394295,0.0026992528530413984,3,0.030065599507136352,0.017358381968792653,3,0.006608204367573642,0.003815248570478703,3,0.007186404018197068,0.004149072294411486,3
matrix_BC_s_loss,"BC S-loss, fixed kappa_D",0.01,O28160-Na1920-Cl320-I1600-allSk.dat,0,main,28160,1920,320,1600,3840,0.88,0.06,0.01,0.05,0.12,0.8333333333333334,470,0.479880535872907,1,0.6162767600248704,0.6162767600248704,0.1030273625738356,-0.0783519012570874,0.0608404147294856,-0.1130388681067302,0.1676462536962648,0.1295803265651494,0.1256971859120974,0.9376648270631072,-0.2773883229475019,0.2617461975330083,0.0025313317723967004,0.0014614650802014875,3,0.002080888459562504,0.0012014015122819974,3,0.004494077047068331,0.0025946565928838196,3,0.003038318281546318,0.0017541738777345278,3,0.002938842382194546,0.0016967414404659023,3,0.0011696145008742158,0.0006752772469278183,3,0.0026964583890813337,0.0015568009767947327,3,0.01274877274895261,0.007360507378445155,3,0.006284203580388064,0.0036281866287794593,3,0.0028531925620833547,0.001647291493768663,3
matrix_BC_s_loss,"BC S-loss, fixed kappa_D",0.0025,O28096-Na1952-Cl1920-I32-allSk.dat,0,main,28096,1952,1920,32,3904,0.878,0.061,0.06,0.001,0.122,0.0163934426229508,86,0.874767581394143,1,0.6216473153609047,0.6216473153609047,0.0608308779707605,-0.0604105114192272,-0.054897363656477,-0.0465880268489188,0.2160385947921907,0.2168379229046858,0.0076960364869255,0.2330531389513766,-0.1116635347894947,0.9250499877145067,9.836637467231699e-05,5.67918528962698e-05,3,0.0014414275508890036,0.0008322085845231092,3,0.002020483388785732,0.0011665266284086096,3,0.00600911972235464,0.0034693668892941407,3,0.006990878201182178,0.0040361854113244175,3,0.007330891211603152,0.004232492014418942,3,0.027220317803583277,0.01571565781132597,3,0.008507299682590166,0.00491169176182025,3,0.019289686773326407,0.011136905851163566,3,0.06318735957984993,0.036481239062808035,3
matrix_BC_s_loss,"BC S-loss, fixed kappa_D",0.005,O28096-Na1952-Cl1920-I32-allSk.dat,0,main,28096,1952,1920,32,3904,0.878,0.061,0.06,0.001,0.122,0.0163934426229508,228,0.6990446369417205,1,0.6216473153609047,0.6216473153609047,0.0612195695947094,-0.0618013610588665,-0.0565483003170552,-0.0446628094120217,0.2181501360001286,0.2193273827669072,0.0049044273470146,0.2363155497240752,-0.1174907568896958,0.9483842916317212,5.717654778001817e-05,3.301089525212699e-05,3,0.00089251951539388,0.0005152963824696509,3,0.0013607008991813046,0.0007856010304288921,3,0.0037178460696607606,0.0021464994291242323,3,0.005824495604693526,0.0033627741052635997,3,0.008189133967313678,0.00472799870045846,3,0.017955823688935498,0.01036679964032837,3,0.01058435139580769,0.006110878127567161,3,0.018119873444920935,0.010461513811107053,3,0.02075293565665329,0.011981712987843762,3
matrix_BC_s_loss,"BC S-loss, fixed kappa_D",0.01,O28096-Na1952-Cl1920-I32-allSk.dat,0,main,28096,1952,1920,32,3904,0.878,0.061,0.06,0.001,0.122,0.0163934426229508,461,0.6168843173394457,1,0.6216473153609047,0.6216473153609047,0.0607775641896013,-0.0632683277032128,-0.0580368085634893,-0.04459024987233,0.2143611217150136,0.2157327232478667,0.0031553926597503,0.2331587207339683,-0.1211132530222599,0.9627836284186088,0.00033514022859507906,0.00019349330119564163,3,0.00029626902060106403,0.00017105099879657112,3,0.00044864355140833374,0.0002590244751757912,3,0.0013041668960834065,0.0007529611085219535,3,0.003173702722310796,0.0018323381210539863,3,0.0038255547954048792,0.002208685090926671,3,0.005231328274331691,0.003020308787404703,3,0.004632917857650145,0.0026748163722477357,3,0.006008835695794535,0.0034692029064832073,3,0.015508390090605643,0.008953773193508893,3
matrix_BC_s_loss,"BC S-loss, fixed kappa_D",0.0025,O28096-Na1952-Cl32-I1920-allSk.dat,0,main,28096,1952,32,1920,3904,0.878,0.061,0.001,0.06,0.122,0.9836065573770492,89,0.7971134368514304,1,0.6216473153609047,0.6216473153609047,0.099686567066019,-0.0794998484126631,0.0260286489199948,-0.0835198936309831,0.1368625719421689,0.029174848291665,0.1342319236773355,0.9277448688843588,-0.090354380190546,0.1470106009754577,0.001995389083068568,0.0011520384242476782,3,0.001650546573549798,0.0009529435085489904,3,0.00700225655885767,0.0040427547091912985,3,0.002197035312523128,0.0012684589291043415,3,0.0002362801118131298,0.00013641638615946537,3,0.012065952486868993,0.006966280916323048,3,0.001699415597937238,0.0009811580529341132,3,0.0656997500258679,0.03793176836312596,3,0.004623777079837608,0.002669538941717065,3,0.0022208174288586954,0.0012821895403725804,3
matrix_BC_s_loss,"BC S-loss, fixed kappa_D",0.005,O28096-Na1952-Cl32-I1920-allSk.dat,0,main,28096,1952,32,1920,3904,0.878,0.061,0.001,0.06,0.122,0.9836065573770492,238,0.6585117212750025,1,0.6216473153609047,0.6216473153609047,0.0996240097721121,-0.0836666865403694,0.0274826767269084,-0.0879090261038454,0.1449943480013905,0.0272971817399582,0.1426735902219153,0.9732715229302398,-0.0981250950687486,0.1565255190223286,0.0004772309393222439,0.0002755294112833155,3,0.00045574051118632347,0.0002631219068140415,3,0.0030863549572871345,0.001781907865404463,3,8.997470470146495e-05,5.1946919979647876e-05,3,0.0012850114527051958,0.0007419017081310968,3,0.006673589584516046,0.003852998743081422,3,0.0006175806880676909,0.00035656037650219565,3,0.05208412876114379,0.030070785760753498,3,0.002108297455024254,0.001217226103190056,3,0.0003849713635678193,0.0002222633203861778,3
matrix_BC_s_loss,"BC S-loss, fixed kappa_D",0.01,O28096-Na1952-Cl32-I1920-allSk.dat,0,main,28096,1952,32,1920,3904,0.878,0.061,0.001,0.06,0.122,0.9836065573770492,473,0.5852864526022239,1,0.6216473153609047,0.6216473153609047,0.0995285202260112,-0.086708582001179,0.0270984226734036,-0.0909265589582424,0.1506616479978737,0.0325108397608315,0.147714842203823,0.9874160346964382,-0.0946942180514695,0.1611656835192628,0.00023570299754797203,0.00013608318908312335,3,0.0002450774484560283,0.00014149553083839456,3,0.00273839672356254,0.0015810140854968218,3,0.000596335714931079,0.0003442945855428464,3,0.00048154511583640964,0.00027802020225510066,3,0.002129704283159916,0.0012295853411766766,3,0.00025942856787787013,0.00014978115349976743,3,0.03385166062426156,0.019544265373933268,3,0.002747188362452208,0.0015860899405763895,3,0.0003890282249740124,0.00022460555041110836,3
matrix_BC_s_loss,"BC S-loss, fixed kappa_D",0.0025,O27840-Na2080-Cl1600-I480-allSk.dat,0,main,27840,2080,1600,480,4160,0.87,0.065,0.05,0.015,0.13,0.2307692307692307,86,0.9095888241254096,1,0.6425594662531868,0.6425594662531868,0.0789754376999364,-0.0481657144016292,0.0152202128571316,-0.1280531097161383,0.1985690392395495,0.2413868870999485,-0.0273557263036887,0.5116397058801474,-0.4316351518266181,0.731108878888263,0.006849346056698069,0.003954471789607532,3,0.0047504132588631655,0.002742652373766616,3,0.013500230668874473,0.007794361810796719,3,0.024718112578668728,0.014271008951153866,3,0.015660682869432396,0.009041699470360156,3,0.027907226647603058,0.016112244817329525,3,0.018363689503097094,0.010602281077927813,3,0.06002306835625129,0.03465433467306899,3,0.06904375829931454,0.039862432439972714,3,0.11161135637195438,0.06443884664596712,3
matrix_BC_s_loss,"BC S-loss, fixed kappa_D",0.005,O27840-Na2080-Cl1600-I480-allSk.dat,0,main,27840,2080,1600,480,4160,0.87,0.065,0.05,0.015,0.13,0.2307692307692307,228,0.7235707741497204,1,0.6425594662531868,0.6425594662531868,0.0813546143502906,-0.0507113911907386,0.0150912403408506,-0.1331168880121064,0.1987603434748997,0.2298568617637137,-0.0059066448971999,0.4917404917349005,-0.4193059853287826,0.7532488270182602,0.003778739235285351,0.002181656114689398,3,0.0007692340593526043,0.00044411749123705467,3,0.0070993992238800275,0.0040988400529917545,3,0.012521284866610706,0.007229167188337679,3,0.0059131690376930095,0.0034139697356758195,3,0.008783428735456004,0.005071114944823419,3,0.005713598849981532,0.0032987478340783735,3,0.016541940857846927,0.009550494007196793,3,0.026534893961218255,0.015319928171427535,3,0.04303441137844126,0.024845928993760157,3
matrix_BC_s_loss,"BC S-loss, fixed kappa_D",0.01,O27840-Na2080-Cl1600-I480-allSk.dat,0,main,27840,2080,1600,480,4160,0.87,0.065,0.05,0.015,0.13,0.2307692307692307,467,0.5046742437836713,1,0.6425594662531868,0.6425594662531868,0.0813096791793177,-0.0561759937884669,0.0085454136059935,-0.1325413755730529,0.198397201148689,0.2187204098291993,0.0136697005197121,0.469824656171542,-0.4024757003267987,0.7632724838503594,0.0015553793455640168,0.0008979986838533691,3,0.0011667666632446197,0.0006736330471057626,3,0.003564442360115843,0.002057931756123787,3,0.004902405871495625,0.002830405349584801,3,0.007608979279081767,0.004393046235036144,3,0.008637672803968568,0.004986962718543163,3,0.0025702711064215346,0.0014839467151827903,3,0.012702214052291135,0.007333626702394534,3,0.015492327107165575,0.008944499225695781,3,0.0229676994042452,0.013260407433707376,3
matrix_BC_s_loss,"BC S-loss, fixed kappa_D",0.0025,O27840-Na2080-Cl480-I1600-allSk.dat,0,main,27840,2080,480,1600,4160,0.87,0.065,0.015,0.05,0.13,0.7692307692307693,89,0.8842519899538571,1,0.6425594662531868,0.6425594662531868,0.1181705474983036,-0.0730839366694623,0.102318623789098,-0.1393707268621963,0.1527383763063258,0.1379973643627782,0.098564273796264,0.9790803629687492,-0.3789231968334383,0.3199253452428874,0.04851761401068498,0.028011657509507334,3,0.03939333903578051,0.02274375489658607,3,0.03925365098357312,0.02266310596204156,3,0.06553537226135658,0.03783686481653656,3,0.006886067468566323,0.003975672906634691,3,0.04151465307581017,0.023968496128632926,3,0.024307885834162168,0.014034164429784219,3,0.08012973111659334,0.0462629218302575,3,0.08552412183845519,0.04937737476563846,3,0.07069124515906842,0.040813609421937985,3
matrix_BC_s_loss,"BC S-loss, fixed kappa_D",0.005,O27840-Na2080-Cl480-I1600-allSk.dat,0,main,27840,2080,480,1600,4160,0.87,0.065,0.015,0.05,0.13,0.7692307692307693,229,0.6870657852591736,1,0.6425594662531868,0.6425594662531868,0.1108518028421285,-0.0727440107815085,0.0813126842616788,-0.1274777247976395,0.1605955912423933,0.1512762995756201,0.1002497048203668,0.9277231218562436,-0.3356533617837214,0.2981471675610115,0.0012654210536249854,0.0007305911859486052,3,0.0019693465138390515,0.0011370027398926274,3,0.006591330329881657,0.0038055063402749195,3,0.0013771421710006449,0.000795093403139608,3,0.0044798143374894855,0.0025864220136691,3,0.010747772337784418,0.006205229252408647,3,0.005765163704772795,0.0033285188168728336,3,0.039532837916059514,0.022824294612666805,3,0.01021569521666535,0.005898034383300912,3,0.002403589893751981,0.0013877132721791703,3
matrix_BC_s_loss,"BC S-loss, fixed kappa_D",0.01,O27840-Na2080-Cl480-I1600-allSk.dat,0,main,27840,2080,480,1600,4160,0.87,0.065,0.015,0.05,0.13,0.7692307692307693,470,0.4748097983959285,1,0.6425594662531868,0.6425594662531868,0.1071706705391744,-0.0724709373434538,0.0750935345792021,-0.1237600046047286,0.1618040390592889,0.1480482640328617,0.1033956152069032,0.9102293728591652,-0.3297521676398879,0.2985018401245095,8.171353267963194e-05,4.7177330089020786e-05,3,0.0012492654658352723,0.0007212637529892977,3,0.002630758084491972,0.0015188688882542243,3,0.0006528748102425087,0.0003769374474406383,3,0.0025053173834198124,0.0014464456657228776,3,0.0025445135574819135,0.001469075587368835,3,0.0018083327459807537,0.0010440413976764034,3,0.0031232535030339854,0.0018032112507241132,3,0.0017238635233811819,0.0009952730692703022,3,0.0012379585327141542,0.0007147356921081111,3
matrix_BC_s_loss,"BC S-loss, fixed kappa_D",0.0025,O27776-Na2112-Cl2080-I32-allSk.dat,0,main,27776,2112,2080,32,4224,0.868,0.066,0.065,0.001,0.132,0.0151515151515151,86,0.8813690372740677,1,0.6477269926919691,0.6477269926919691,0.0616695011659749,-0.0588345561794819,-0.0535792576627359,-0.0460044086823463,0.1954188012239201,0.1935389601590122,0.027228864991407,0.2058599501309564,-0.0873780328825313,0.9256725675431124,0.0015474981847857215,0.0008934484935564936,3,0.0020995317220500035,0.0012121652048977282,3,0.0029718439607419357,0.0017157949107239204,3,0.006920104953693011,0.003995324457835123,3,0.006853043082374945,0.0039566062683772775,3,0.008215165193218464,0.004743027835741924,3,0.010567512126226883,0.006101155970741725,3,0.009657551712916266,0.005575790081164938,3,0.011220974294376473,0.006478432529428128,3,0.016684582915011164,0.009632848437298327,3
matrix_BC_s_loss,"BC S-loss, fixed kappa_D",0.005,O27776-Na2112-Cl2080-I32-allSk.dat,0,main,27776,2112,2080,32,4224,0.868,0.066,0.065,0.001,0.132,0.0151515151515151,228,0.7109092291905517,1,0.6477269926919691,0.6477269926919691,0.0610289558008758,-0.0596784749410461,-0.0546289456583045,-0.0443975819361173,0.1971257961177092,0.1982374173271157,0.0032163843564766,0.2139148856485288,-0.1141485526949157,0.9464250834577368,0.0002910350758722357,0.00016802917939845845,3,0.00015952424015346797,9.210136299487524e-05,3,0.000497851530737401,0.00028743471528770573,3,0.0027268625201653223,0.0015743548100605501,3,0.003329584448956769,0.0019223364778947823,3,0.0044067866561366105,0.002544259462181723,3,0.010152039395335094,0.005861282677720403,3,0.005884376816313439,0.003397346538911757,3,0.012236662327693994,0.007064840288876681,3,0.020288944222055644,0.011713827408177129,3
matrix_BC_s_loss,"BC S-loss, fixed kappa_D",0.01,O27776-Na2112-Cl2080-I32-allSk.dat,0,main,27776,2112,2080,32,4224,0.868,0.066,0.065,0.001,0.132,0.0151515151515151,461,0.6288681419935428,1,0.6477269926919691,0.6477269926919691,0.060035888922817,-0.0614187164881854,-0.0565606484885098,-0.0429614849881874,0.1965855916219863,0.1981930081166311,-0.0008142192118098,0.2149709719385178,-0.1230237747007473,0.9852346326594996,0.0005357913459372535,0.00030933927780634526,3,0.0008230123502121038,0.0004751664019413447,3,0.0006985927445110644,0.0004033327090973825,3,0.0013439734163308969,0.0007759434137023444,3,0.0027295530239150913,0.001575908173124735,3,0.002815487225656893,0.00162552230763296,3,0.0027140606556951418,0.0015669636501625625,3,0.0032775184315478865,0.0018922761487281325,3,0.0039026460364570688,0.002253193739700315,3,0.023795704687153814,0.013738456506685095,3
matrix_BC_s_loss,"BC S-loss, fixed kappa_D",0.0025,O27648-Na2176-Cl96-I2080-allSk.dat,0,main,27648,2176,96,2080,4352,0.864,0.068,0.003,0.065,0.136,0.9558823529411764,89,0.8932360527113018,1,0.6581834523075096,0.6581834523075096,0.1073092348007708,-0.0815130229297839,0.0288878190259867,-0.0895789739829473,0.1327305626161767,0.0537037197768414,0.124221616188187,0.7537670114591352,-0.1070060731860949,0.1500445262730166,0.014415351251295514,0.008322706925398474,3,0.013218688050391406,0.007631813104227168,3,0.009742246621671474,0.005624688709533748,3,0.015500091797690716,0.008948982171860647,3,0.017092903223454043,0.009868592277293415,3,0.01075675788894605,0.006210417062790632,3,0.01960348088372924,0.011318074965274759,3,0.02956991896951933,0.01707220067696741,3,0.005628013290273107,0.00324933498814197,3,0.020895627354191152,0.01206409607782837,3
matrix_BC_s_loss,"BC S-loss, fixed kappa_D",0.005,O27648-Na2176-Cl96-I2080-allSk.dat,0,main,27648,2176,96,2080,4352,0.864,0.068,0.003,0.065,0.136,0.9558823529411764,238,0.717099059363984,1,0.6581834523075096,0.6581834523075096,0.1031183778180887,-0.0813726734517787,0.0293719497277493,-0.0895394301626394,0.1372586706521976,0.0606955528604699,0.1273509536619094,0.8793408676380113,-0.1268323019365857,0.1575046218542758,0.0062707872136973705,0.0036204406858590405,3,0.004646253739022911,0.002682515846948183,3,0.005799253806776832,0.003348200746441566,3,0.005989693065897164,0.003458150903958963,3,0.004083379096498321,0.0023575400205665966,3,0.006000490837492217,0.0034643850002960145,3,0.0054517887940552625,0.0031475917278127913,3,0.011435525087304537,0.006602303487479993,3,0.004490889628841036,0.002592816336112271,3,0.00652099914175516,0.0037649006098776604,3
matrix_BC_s_loss,"BC S-loss, fixed kappa_D",0.01,O27648-Na2176-Cl96-I2080-allSk.dat,0,main,27648,2176,96,2080,4352,0.864,0.068,0.003,0.065,0.136,0.9558823529411764,473,0.6306971009714936,1,0.6581834523075096,0.6581834523075096,0.1004032130899215,-0.0815422048143115,0.034425645221024,-0.0907985376119925,0.1375835122829243,0.0597035196909734,0.127896329994421,0.9321009019416644,-0.1391816435497233,0.1607155059975862,0.0029461563753063677,0.0017009641763578635,3,0.0029115397768544058,0.001680978273923194,3,0.00378382467963652,0.0021845921973544947,3,0.002481413305647184,0.0014326446399861208,3,0.003433004351721562,0.0019820459865956008,3,0.004879273088153723,0.0028170496308952487,3,0.0024787046179799797,0.0014310807784323099,3,0.018994672459552147,0.010966579257691204,3,0.008136664749506155,0.004697705583433118,3,0.0008971436851619135,0.0005179661481300036,3
matrix_BC_s_loss,"BC S-loss, fixed kappa_D",0.0025,O27520-Na2240-Cl1600-I640-allSk.dat,0,main,27520,2240,1600,640,4480,0.86,0.07,0.05,0.02,0.14,0.2857142857142857,86,0.9419772961123664,1,0.6677807386085743,0.6677807386085743,0.0884714695492323,-0.0568382123573959,0.0200647348344081,-0.1380596899210637,0.1703150090867687,0.2001287226576132,0.0021989115048877,0.4994320436962696,-0.4152648405577295,0.6607051509121088,0.005513677979734849,0.003183323465824827,3,0.025680174049710486,0.014826455400436792,3,0.05569621402736475,0.03215622416154205,3,0.04133851535330405,0.023866802967129574,3,0.02215559830569186,0.012791540645848412,3,0.05072786188152268,0.029287744712711276,3,0.07623024593938721,0.04401155301349658,3,0.17003870146558328,0.09817189006380893,3,0.17747057871674246,0.10246268639534993,3,0.14344148524696865,0.08281598012029709,3
matrix_BC_s_loss,"BC S-loss, fixed kappa_D",0.005,O27520-Na2240-Cl1600-I640-allSk.dat,0,main,27520,2240,1600,640,4480,0.86,0.07,0.05,0.02,0.14,0.2857142857142857,228,0.7731148452608347,1,0.6677807386085743,0.6677807386085743,0.0884085777119962,-0.0543808024840925,0.026929991944242,-0.1443172216135453,0.1779902062931938,0.2089903194308678,0.0025464759113296,0.5289247238575476,-0.4453183328513497,0.7088741280215591,0.0024408328740226676,0.0014092155168638752,3,0.01020436117752826,0.005891490672754108,3,0.014666508534418208,0.008467712650418296,3,0.007572860555695056,0.004372193080366039,3,0.011456326230376453,0.0066143130330320165,3,0.020011772850555956,0.011553802442230126,3,0.026676390346825177,0.015401621147747051,3,0.05956391584126771,0.03438924284494413,3,0.05743899605731602,0.03316241983567326,3,0.05216714980062872,0.030118717980248524,3
matrix_BC_s_loss,"BC S-loss, fixed kappa_D",0.01,O27520-Na2240-Cl1600-I640-allSk.dat,0,main,27520,2240,1600,640,4480,0.86,0.07,0.05,0.02,0.14,0.2857142857142857,467,0.5347320867189227,1,0.6677807386085743,0.6677807386085743,0.08800680752653,-0.0541765736509154,0.0274971486705382,-0.1448318979751112,0.1792961981050748,0.203820661953824,0.0131637090415142,0.5174293228034651,-0.4368140514203852,0.7152907028134252,0.0021214672967758146,0.0012248297148705044,3,0.003801926835856915,0.002195043482121252,3,0.006131796450434851,0.0035401943312745533,3,0.005623111498775017,0.0032465049375010363,3,0.004018595051788627,0.002320136934914262,3,0.009767136668983043,0.005639058985049225,3,0.009332686370411169,0.00538822898821924,3,0.027096804581052344,0.015644347419049257,3,0.02460598214175778,0.01420627041321898,3,0.02437634222297909,0.014073687744295418,3
matrix_BC_s_loss,"BC S-loss, fixed kappa_D",0.0025,O27520-Na2240-Cl1280-I960-allSk.dat,0,main,27520,2240,1280,960,4480,0.86,0.07,0.04,0.03,0.14,0.4285714285714285,86,0.9465025701270456,1,0.6677807386085743,0.6677807386085743,0.0995440004627805,-0.050153695855814,0.0554149873758161,-0.1405987516374879,0.1514127057864492,0.1715356330541846,0.0332144406426011,0.6002209542559456,-0.4310504514081916,0.5484700844464374,0.007909445827693191,0.004566520677759427,3,0.007350703097172422,0.004243930411885514,3,0.024407040364244095,0.014091411324418391,3,0.0378545656226957,0.02185534365231972,3,0.007366735791474195,0.004253186892256478,3,0.009224107191990833,0.005325540770329871,3,0.010474471343134681,0.0060474388495778296,3,0.08061976449905708,0.046545842735534845,3,0.09790960923135184,0.05652813924597205,3,0.12905002932255405,0.07450706916830568,3
matrix_BC_s_loss,"BC S-loss, fixed kappa_D",0.005,O27520-Na2240-Cl1280-I960-allSk.dat,0,main,27520,2240,1280,960,4480,0.86,0.07,0.04,0.03,0.14,0.4285714285714285,228,0.8124786880178011,1,0.6677807386085743,0.6677807386085743,0.0981412341358374,-0.053800680073436,0.0596658337218973,-0.1510780666137294,0.1619139321247302,0.18894768006832,0.0291496287761064,0.6423845092790208,-0.4531393899445182,0.567767090978571,0.008613891354318445,0.004973232492185944,3,0.0012505848086911918,0.0007220254759423163,3,0.01395943325055909,0.008059482544944903,3,0.01673715964811721,0.009663203628310215,3,0.004394784363448208,0.002537329935267181,3,0.009080061523629463,0.005242375964925834,3,0.003777613142516966,0.0021810059647264387,3,0.0392659370145961,0.02267019930535995,3,0.031984945602798666,0.018466516953791347,3,0.03162644668379754,0.018259537506401857,3
matrix_BC_s_loss,"BC S-loss, fixed kappa_D",0.01,O27520-Na2240-Cl1280-I960-allSk.dat,0,main,27520,2240,1280,960,4480,0.86,0.07,0.04,0.03,0.14,0.4285714285714285,467,0.5905127455846602,1,0.6677807386085743,0.6677807386085743,0.0974370864104686,-0.0543785615162512,0.0593003965591891,-0.1515388246100101,0.1720799236093541,0.1943431853148773,0.0384482444606003,0.6466975955300406,-0.4498779425590202,0.57820496600414,0.004546579025087271,0.0026249686240260423,3,0.0022797754637081443,0.001316228977663801,3,0.006497307999220229,0.003751222522357708,3,0.007194782714082629,0.004153909736736472,3,0.004499343047887073,0.002597696919874073,3,0.008109724938729607,0.00468215187642936,3,0.005276816288671941,0.003046571304728947,3,0.026684596386451993,0.015406358906934575,3,0.018449555645422024,0.010651855918313385,3,0.017392116504181154,0.010041343145466322,3
matrix_BC_s_loss,"BC S-loss, fixed kappa_D",0.0025,O27520-Na2240-Cl640-I1600-allSk.dat,0,main,27520,2240,640,1600,4480,0.86,0.07,0.02,0.05,0.14,0.7142857142857143,89,0.9039844441527544,1,0.6677807386085743,0.6677807386085743,0.1020406374899286,-0.0665246309637073,0.061386140654753,-0.1175370091118062,0.1615598298585376,0.1796442571799006,0.0775431643859131,0.8847130731007649,-0.346983725734701,0.3112020862947816,0.014626757101233295,0.008444762149768314,3,0.016938070568761752,0.009779199602427477,3,0.07464853205307255,0.04309835007545185,3,0.029695153792239946,0.01714450503557707,3,0.02552244796284459,0.01473539220172654,3,0.10753025823132717,0.06208262353588671,3,0.038033892939201314,0.021958878326777287,3,0.38308613138319736,0.22117488107690136,3,0.12470476689135247,0.07199833073395188,3,0.044267081851192734,0.025557611623025323,3
matrix_BC_s_loss,"BC S-loss, fixed kappa_D",0.005,O27520-Na2240-Cl640-I1600-allSk.dat,0,main,27520,2240,640,1600,4480,0.86,0.07,0.02,0.05,0.14,0.7142857142857143,229,0.7074298310868219,1,0.6677807386085743,0.6677807386085743,0.1035342050189547,-0.0639919731786866,0.072516819779052,-0.1215799875953667,0.1517307027655456,0.1635489672900905,0.0760927395003358,0.8773233290883474,-0.3613542450777813,0.318574634883016,0.005514970099021286,0.0031840694712426767,3,0.0007391247961653183,0.0004267339000307738,3,0.011929789822494066,0.006887667365392607,3,0.008281124877625513,0.004781109677289997,3,0.007811465893858541,0.00450995193658481,3,0.01493459894930026,0.008622494723617608,3,0.004645310558139429,0.0026819713012112105,3,0.021154546857333822,0.012213583322666234,3,0.013539655572790589,0.007817123789685463,3,0.013752015590807597,0.007939729903252696,3
matrix_BC_s_loss,"BC S-loss, fixed kappa_D",0.01,O27520-Na2240-Cl640-I1600-allSk.dat,0,main,27520,2240,640,1600,4480,0.86,0.07,0.02,0.05,0.14,0.7142857142857143,470,0.4793504816292855,1,0.6677807386085743,0.6677807386085743,0.1023953839859878,-0.0632548219755684,0.0776451979478063,-0.1239512496725851,0.1541910633242059,0.1625961232316776,0.0796065088682896,0.8821280848395723,-0.365520459726799,0.3253671283694723,0.0036140409797030017,0.002086567532493867,3,0.0012819811426347185,0.0007401521577961788,3,0.008536041233474519,0.004928285703960259,3,0.00479525948967386,0.0027685443571973107,3,0.004240372970871492,0.002448180476197069,3,0.0050484757668029295,0.0029147388429609736,3,0.0029663412662690814,0.0017126179285887496,3,0.01909161859566864,0.011022551135474956,3,0.016903895051943042,0.0097594683585925,3,0.008384877624463395,0.004841011353606011,3
matrix_BC_s_loss,"BC S-loss, fixed kappa_D",0.0025,O27456-Na2272-Cl2240-I32-allSk.dat,0,main,27456,2272,2240,32,4544,0.858,0.071,0.07,0.001,0.142,0.0140845070422535,86,0.8767891455537449,1,0.672685109543546,0.672685109543546,0.0579128476674839,-0.0530089956522979,-0.0488331290331335,-0.038094466365882,0.1734905178289755,0.1781841026797106,-0.0289380733066998,0.1981989523760092,-0.1568454711611023,1.0684268208045649,0.00241780787262771,0.0013959220261104048,3,0.0016217961223480943,0.0009363444278083636,3,0.0022159361375974638,0.0012793713255489154,3,0.008582185235348795,0.004954926955863859,3,0.003808429331721352,0.0021987976998589895,3,0.007111221268663582,0.004105665513729912,3,0.027630188932426775,0.015952297017896817,3,0.011889470441275555,0.0068643889597925405,3,0.040023203479341636,0.02310740730262906,3,0.10612370369645589,0.0612705488965489,3
matrix_BC_s_loss,"BC S-loss, fixed kappa_D",0.005,O27456-Na2272-Cl2240-I32-allSk.dat,0,main,27456,2272,2240,32,4544,0.858,0.071,0.07,0.001,0.142,0.0140845070422535,228,0.7122374942964269,1,0.672685109543546,0.672685109543546,0.0594732607211124,-0.0575167244932189,-0.0532807882034844,-0.0388654783215466,0.1822431144715758,0.1855614772124833,-0.0169109268153638,0.2032109311280343,-0.1366158311717179,1.000516047181563,0.001074103602117817,0.0006201340038202684,3,0.0006994931578378111,0.0004038525629739617,3,0.0003129391966453597,0.00018067552942318367,3,0.005091959075603927,0.0029398439430024853,3,0.0021688623625032402,0.0012521932688264936,3,0.002457951775278529,0.0014190991191121774,3,0.010393720014567627,0.006000817048292221,3,0.0034158372987579087,0.001972134583945843,3,0.016626451511471938,0.009599286255816583,3,0.06216536387018315,0.03589118956472128,3
matrix_BC_s_loss,"BC S-loss, fixed kappa_D",0.01,O27456-Na2272-Cl2240-I32-allSk.dat,0,main,27456,2272,2240,32,4544,0.858,0.071,0.07,0.001,0.142,0.0140845070422535,461,0.6238429474754111,1,0.672685109543546,0.672685109543546,0.0592048547696034,-0.0587561300643634,-0.0544918070503722,-0.0391767846880148,0.1819557246921596,0.1844118310298147,-0.0097138860830412,0.2007324428091099,-0.1255664010662872,0.9687132254638045,0.0006276181311100657,0.00036235549694468627,3,0.0007310961606484403,0.0004220985651538789,3,0.0005673788020666705,0.0003275763041056796,3,0.002228114887446258,0.00128640273005251,3,0.0008856361182360137,0.0005113222512676178,3,0.0007026711070101882,0.0004056873527841045,3,0.005496139911935968,0.0031731978576600775,3,0.0012287884344588547,0.0007094413334119186,3,0.006109410539283531,0.0035272698194452837,3,0.017036463211914262,0.009836006621437856,3
matrix_BC_s_loss,"BC S-loss, fixed kappa_D",0.0025,O27456-Na2272-Cl32-I2240-allSk.dat,0,main,27456,2272,32,2240,4544,0.858,0.071,0.001,0.07,0.142,0.9859154929577464,89,0.842095478336288,1,0.672685109543546,0.672685109543546,0.0972982325330696,-0.0722363794326344,0.0104325168309803,-0.0739974481112776,0.116382238025116,0.0471003706352456,0.111581020760506,0.9234366655970538,-0.0629361833424356,0.1198975144384413,0.006366941080094364,0.0036759551465069683,3,0.006277794661644605,0.0036244864378177084,3,0.014815458702065406,0.008553709069805246,3,0.007877339340203831,0.004547983988564711,3,0.0068851787901780285,0.003975159827927987,3,0.017530763243098768,0.01012139087750267,3,0.00889332411871668,0.005134563073931667,3,0.046222058245683255,0.02668631777064379,3,0.012280581840765564,0.007090197231571229,3,0.010321959199517327,0.005959385922405663,3
matrix_BC_s_loss,"BC S-loss, fixed kappa_D",0.005,O27456-Na2272-Cl32-I2240-allSk.dat,0,main,27456,2272,32,2240,4544,0.858,0.071,0.001,0.07,0.142,0.9859154929577464,238,0.6730755024697983,1,0.672685109543546,0.672685109543546,0.098078347263402,-0.0764068146558218,0.0144000498569441,-0.0786717774201463,0.1239363373361618,0.0466250896687444,0.1192456935223295,0.9999493669829128,-0.0725598641016907,0.1287669905768166,0.0021674552118444153,0.0012513808500148305,3,0.0016030145892688558,0.0009255009046292713,3,0.00566155738327405,0.003268701679265786,3,0.002148893904778383,0.0012406644743837457,3,0.0016068657958053067,0.0009277243997597961,3,0.0055496909327094595,0.0032041155539190317,3,0.0022491089733088564,0.001298523671176671,3,0.019799936525723327,0.011431498683063868,3,0.0033960528292688716,0.001960712015160573,3,0.002670392042861882,0.0015417515647881425,3
matrix_BC_s_loss,"BC S-loss, fixed kappa_D",0.01,O27456-Na2272-Cl32-I2240-allSk.dat,0,main,27456,2272,32,2240,4544,0.858,0.071,0.001,0.07,0.142,0.9859154929577464,479,0.6006636530354105,1,0.672685109543546,0.672685109543546,0.0966477486412779,-0.0783894234168114,0.0170950804443011,-0.0809906152197047,0.127713125650195,0.0384608053891517,0.1240251818457852,1.0054880752294886,-0.0814442601550242,0.1346423854740196,0.000503464125547797,0.00029067514841234015,3,0.0006817567392895781,0.0003936124369506794,3,0.000929758805402548,0.000536796496580586,3,0.0007899937988196055,0.00045610313240663434,3,0.000917587364565927,0.0005297693119371373,3,0.0008635649322478498,0.0004985794460960171,3,0.0010264518261683686,0.0005926222381484906,3,0.019032869971048326,0.010988632601235896,3,0.0016168979633828147,0.0009335164744112258,3,0.000902057135623482,0.0005208029300766402,3
matrix_BC_s_loss,"BC S-loss, fixed kappa_D",0.0025,O27328-Na2336-Cl1184-I1152-allSk.dat,0,main,27328,2336,1184,1152,4672,0.854,0.073,0.037,0.036,0.146,0.4931506849315068,88,0.9281970867006796,1,0.682713187686647,0.682713187686647,0.0971464798897147,-0.0507778879333661,0.0642530030819869,-0.1374470373813733,0.1466297446466584,0.1823168531427139,0.0239691607496033,0.696894597075867,-0.4468880777624175,0.4871844423111598,0.003300517963732184,0.0019055549348259721,3,0.02078637897945074,0.012001021499263465,3,0.0407592098106808,0.023532340756152997,3,0.011914716685385249,0.006878964885625299,3,0.012765020194308616,0.007369887845395089,3,0.016893002944003175,0.009753179797141374,3,0.026842404244099647,0.015497469316027685,3,0.08557158659506703,0.049404778555645325,3,0.06440323430643125,0.03718322466350062,3,0.030673172106129108,0.01770916417237336,3
matrix_BC_s_loss,"BC S-loss, fixed kappa_D",0.005,O27328-Na2336-Cl1184-I1152-allSk.dat,0,main,27328,2336,1184,1152,4672,0.854,0.073,0.037,0.036,0.146,0.4931506849315068,229,0.7517886376886415,1,0.682713187686647,0.682713187686647,0.0997518496729462,-0.0500844856156246,0.0723806530862899,-0.1446993928656662,0.1573647300268709,0.1940261545680603,0.0273849699710031,0.7212100324547239,-0.4548648617619487,0.5001353705787532,0.0007958096577426794,0.00045946092012143995,3,0.006858539243057768,0.0039597794782270145,3,0.010507096041107403,0.00606627472773461,3,0.002380487097639763,0.0013743748666247483,3,0.0031518573038969632,0.0018197256628522,3,0.011539943029077722,0.006662589214270968,3,0.013504134051303723,0.007796615429692996,3,0.03660704648614974,0.0211350881430157,3,0.023371528628152647,0.013493558344836976,3,0.010021443747778745,0.005785883245448751,3
matrix_BC_s_loss,"BC S-loss, fixed kappa_D",0.01,O27328-Na2336-Cl1184-I1152-allSk.dat,0,main,27328,2336,1184,1152,4672,0.854,0.073,0.037,0.036,0.146,0.4931506849315068,467,0.5213377941837393,1,0.682713187686647,0.682713187686647,0.0996054938729586,-0.0504637347117243,0.0728036259055223,-0.1456682510179405,0.1653697955689389,0.1972108197765071,0.0355555945995793,0.7230266307926689,-0.4521715525676323,0.5090398851084939,0.0009386937665246174,0.0005419550987896116,3,0.00340918654274062,0.0019682947681689466,3,0.007026084014142648,0.004056511496914185,3,0.00361451672974216,0.002086842206907042,3,0.0018699183154737564,0.001079597842801385,3,0.00900740381267881,0.005200427015949773,3,0.006605077498813177,0.0038134432719581285,3,0.02241295960293493,0.01294012826009069,3,0.011587670509361991,0.006690144687860834,3,0.0070316245426098704,0.0040597103225161885,3
matrix_BC_s_loss,"BC S-loss, fixed kappa_D",0.0025,O27264-Na2368-Cl608-I1760-allSk.dat,0,main,27264,2368,608,1760,4736,0.852,0.074,0.019,0.055,0.148,0.7432432432432432,89,0.9287071844601072,1,0.6878401892134671,0.6878401892134671,0.1072049566446525,-0.0646270040334842,0.0563711315553358,-0.1080956202707027,0.1154939590870701,0.0997752030665539,0.0753224952351423,0.6680637849794515,-0.2769240574904393,0.2501325428117694,0.0031431578307277177,0.001814703019676128,3,0.016702534122115493,0.00964321257155229,3,0.008922507707767724,0.005151412226926206,3,0.018914569698686014,0.01092033190714231,3,0.009977929666279743,0.005760760378781763,3,0.024368996903237666,0.014069446921965423,3,0.005491532264555657,0.003170537631204724,3,0.033426714700044706,0.019298922730195633,3,0.02840271040145902,0.01639831249599735,3,0.023002704895572986,0.013280617863548587,3
matrix_BC_s_loss,"BC S-loss, fixed kappa_D",0.005,O27264-Na2368-Cl608-I1760-allSk.dat,0,main,27264,2368,608,1760,4736,0.852,0.074,0.019,0.055,0.148,0.7432432432432432,229,0.784520070182996,1,0.6878401892134671,0.6878401892134671,0.1016965207813593,-0.0621214787395137,0.0633010940117261,-0.1092624798823294,0.1321873299959577,0.1346653474472459,0.0741789434364547,0.8050928525659821,-0.3169930345920586,0.2723567885236082,0.003219192886252596,0.0018586018794512647,3,0.0022275539269861187,0.0012860788593798437,3,0.0080985582774818,0.00467570480155199,3,0.0024454935055390403,0.0014119063337244466,3,0.00307781575718915,0.0017769777559292277,3,0.0019577595675581844,0.0011303130133382831,3,0.0047157679827185385,0.0027226499142583667,3,0.010437561609236415,0.006026129004775948,3,0.004860557262702756,0.002806244044033027,3,0.005282624523250185,0.003049924690526213,3
matrix_BC_s_loss,"BC S-loss, fixed kappa_D",0.01,O27264-Na2368-Cl608-I1760-allSk.dat,0,main,27264,2368,608,1760,4736,0.852,0.074,0.019,0.055,0.148,0.7432432432432432,470,0.5814526057740307,1,0.6878401892134671,0.6878401892134671,0.1002001173840864,-0.0619207481720174,0.0722431002491313,-0.1142853432770371,0.139418182696477,0.1435993172072795,0.0773153044143571,0.8661247368279091,-0.3425019125379569,0.290987710910122,9.766407462487456e-05,5.638637977482703e-05,3,0.0013839890762036792,0.0007990464657016957,3,0.0024931536129125255,0.0014394229095461347,3,0.0001790000643352418,0.00010334573532891219,3,0.0024764658076320677,0.0014297882006752785,3,0.0037587858043555498,0.0021701359959708207,3,0.0008126531445098101,0.00046918551174053477,3,0.020114386638145382,0.01161304654011745,3,0.008739305179624112,0.005045640197986272,3,0.006057493434029675,0.0034972954647514236,3
matrix_BC_s_loss,"BC S-loss, fixed kappa_D",0.0025,O27200-Na2400-Cl2240-I160-allSk.dat,0,main,27200,2400,2240,160,4800,0.85,0.075,0.07,0.005,0.15,0.0666666666666666,86,0.9425592483555532,1,0.6930447783452088,0.6930447783452088,0.0717494126346468,-0.0573203537107828,-0.0363637522987254,-0.0859400729212363,0.1844014521873552,0.2002843195780292,-0.0352115504660359,0.2794490799753861,-0.2699048800848941,0.8735178397468797,0.005803416046680782,0.0033506038167705433,3,0.003986271047180014,0.0023014746621521924,3,0.004735639710082042,0.0027341228614009483,3,0.014498156077122386,0.008370514313879819,3,0.013926332602989226,0.008040371877160092,3,0.016142637438060336,0.009319956070294667,3,0.016919297881309834,0.009768361186273698,3,0.020937707680419856,0.012088391165504099,3,0.016034457457224642,0.00925749832923825,3,0.052709658607529186,0.030431935585950254,3
matrix_BC_s_loss,"BC S-loss, fixed kappa_D",0.005,O27200-Na2400-Cl2240-I160-allSk.dat,0,main,27200,2400,2240,160,4800,0.85,0.075,0.07,0.005,0.15,0.0666666666666666,228,0.7541950662908307,1,0.6930447783452088,0.6930447783452088,0.067864227227268,-0.0559361180030566,-0.0350825325378973,-0.0853728364601704,0.1787162483231685,0.1912975100653501,-0.023604688155179,0.270198431808263,-0.2700978876160755,0.9191931922332992,0.002001774591365659,0.0011557250991819164,3,0.0023768798835836426,0.0013722922406184225,3,0.00046140474796361645,0.0002663921554421654,3,0.008186086833366617,0.004726239436853868,3,0.007297452661659224,0.004213186258607504,3,0.011174696200549387,0.006451713859499477,3,0.015999244395699143,0.009237168058687512,3,0.020037575133639275,0.011568699397313987,3,0.031704041003012925,0.018304336607488446,3,0.06682529917480763,0.038581604467252464,3
matrix_BC_s_loss,"BC S-loss, fixed kappa_D",0.01,O27200-Na2400-Cl2240-I160-allSk.dat,0,main,27200,2400,2240,160,4800,0.85,0.075,0.07,0.005,0.15,0.0666666666666666,461,0.5882927319562051,1,0.6930447783452088,0.6930447783452088,0.0657209011934857,-0.0568973949181355,-0.0359256231308375,-0.0859412897985701,0.1712566467068378,0.1810576242173837,-0.0141814564618036,0.2590220046469421,-0.2679384337264179,0.9476092750515605,0.00091456934351745,0.0005280268566723791,3,0.0005049679316739952,0.0002915433712841097,3,0.00043463332506473747,0.00025093566722490834,3,0.00328637697933427,0.0018973906336772301,3,0.0027839085688554895,0.0016072903616280228,3,0.004951908179908138,0.0028589855206722736,3,0.008688350691597568,0.005016221610607728,3,0.009436576151916603,0.0054482097815374535,3,0.016180848241328625,0.009342017087847565,3,0.029004533048938793,0.01674577496352421,3
matrix_BC_s_loss,"BC S-loss, fixed kappa_D",0.0025,O27200-Na2400-Cl1600-I800-allSk.dat,0,main,27200,2400,1600,800,4800,0.85,0.075,0.05,0.025,0.15,0.3333333333333333,86,0.925259780255332,1,0.6930447783452088,0.6930447783452088,0.0984043034236882,-0.054591213949042,0.0410767182715122,-0.1526460082839549,0.1420462730537676,0.1573257521988001,0.0235391494848354,0.4820847909185318,-0.4092746533834726,0.6195727684251482,0.03696192319872702,0.02133997630855132,3,0.023270582689678805,0.013435277180085504,3,0.01583160112136058,0.009140379169120312,3,0.04588947744056756,0.02649430215328294,3,0.005153681473562452,0.002975479386078869,3,0.006263591864616491,0.0036162864491302814,3,0.009431391723515701,0.005445216550404599,3,0.04571771383611968,0.026395134390017977,3,0.06702106147430631,0.03869462788356521,3,0.08492683031841326,0.049032528345757574,3
matrix_BC_s_loss,"BC S-loss, fixed kappa_D",0.005,O27200-Na2400-Cl1600-I800-allSk.dat,0,main,27200,2400,1600,800,4800,0.85,0.075,0.05,0.025,0.15,0.3333333333333333,228,0.7732890966408567,1,0.6930447783452088,0.6930447783452088,0.0958484114410364,-0.0518573301123606,0.0440493939827273,-0.1521147808841689,0.1555791373337123,0.1810104533664197,0.0134835323776322,0.5307082110162772,-0.4370154477502657,0.6413873363185354,0.002617672261288983,0.001511313784705411,3,0.002799690851974212,0.001616402267035044,3,0.01008261663965008,0.005821201431037774,3,0.010025277557739421,0.005788096696661569,3,0.007991076875662027,0.004613650385278465,3,0.016389716598730248,0.009462607290218587,3,0.01086123898568444,0.00627073925211777,3,0.04618604330563299,0.02666552453531092,3,0.041746630805961665,0.024102428533581893,3,0.041955765855494535,0.02422317271072668,3
matrix_BC_s_loss,"BC S-loss, fixed kappa_D",0.01,O27200-Na2400-Cl1600-I800-allSk.dat,0,main,27200,2400,1600,800,4800,0.85,0.075,0.05,0.025,0.15,0.3333333333333333,467,0.5406579444494205,1,0.6930447783452088,0.6930447783452088,0.0934144846344955,-0.0520815947128394,0.042309814174388,-0.1500430812087537,0.1630483197204814,0.1858159079357479,0.0196245967372031,0.5402251930222913,-0.442151201308491,0.659287024136911,0.0018800451663757846,0.001085444582895714,3,0.0015066252270845512,0.0008698504804251467,3,0.004320098367583221,0.002494209955449836,3,0.0035301414356743725,0.0020381281081640512,3,0.00651863223491904,0.00376353407557868,3,0.011860824314726627,0.006847850110918277,3,0.005502646413191827,0.0031769543879116304,3,0.023052934312162817,0.013309617830737964,3,0.012560799239861553,0.007251980822370915,3,0.00905402910521395,0.005227346141145981,3
matrix_BC_s_loss,"BC S-loss, fixed kappa_D",0.0025,O27200-Na2400-Cl800-I1600-allSk.dat,0,main,27200,2400,800,1600,4800,0.85,0.075,0.025,0.05,0.15,0.6666666666666666,89,0.9053261292234622,1,0.6930447783452088,0.6930447783452088,0.1088113479039991,-0.0640458672876805,0.0722229344272569,-0.1295091741851178,0.1283537575775397,0.13241571246276,0.0635685580988654,0.7534130419556813,-0.3705680062708184,0.3398864156382185,0.007243236279021047,0.004181884415496865,3,0.009286224299289702,0.005361404098950154,3,0.04000595773256047,0.02309745046608258,3,0.018858308853668772,0.01088784969312677,3,0.013302747672939399,0.00768034494993323,3,0.013552895138529825,0.007824767656528965,3,0.02208678578443191,0.012751811718175363,3,0.16189688601000346,0.09347121071883766,3,0.10030202191970887,0.05790939935560766,3,0.044334259841757484,0.0255963968539615,3
matrix_BC_s_loss,"BC S-loss, fixed kappa_D",0.005,O27200-Na2400-Cl800-I1600-allSk.dat,0,main,27200,2400,800,1600,4800,0.85,0.075,0.025,0.05,0.15,0.6666666666666666,229,0.7371299594214654,1,0.6930447783452088,0.6930447783452088,0.1054988328079959,-0.0594270119553477,0.0761458764164883,-0.1266261936879305,0.139457118469008,0.1564505939730388,0.0601721147049679,0.8178568869227042,-0.3867000881885164,0.3471337435292317,0.0032704613929576856,0.0018882017655983984,3,0.004656579174998806,0.0026884772401883665,3,0.013119102380334043,0.00757431729081212,3,0.004651726778991433,0.002685675708047295,3,0.0018558496796767824,0.0010714753121368712,3,0.012275142712433573,0.007087056949364597,3,0.006692190523566386,0.003863738000249316,3,0.05186503198016836,0.029944290175278755,3,0.021680610069782363,0.012517306059984159,3,0.007623215079742936,0.004401265278379999,3
matrix_BC_s_loss,"BC S-loss, fixed kappa_D",0.01,O27200-Na2400-Cl800-I1600-allSk.dat,0,main,27200,2400,800,1600,4800,0.85,0.075,0.025,0.05,0.15,0.6666666666666666,470,0.4960923552604423,1,0.6930447783452088,0.6930447783452088,0.1040890934570807,-0.0574203594407936,0.0851713647361493,-0.1305505403064176,0.1464619217733033,0.1678724385833907,0.0606747478493715,0.8624147435478361,-0.404218405154925,0.3601366616169544,0.0024099018915123165,0.0013913575057852244,3,0.002615413615418982,0.0015100097549043616,3,0.00653669421748632,0.003773962166075997,3,0.003373703399065894,0.0019478085656166495,3,0.001773602044204573,0.0010239896176567809,3,0.0050864093124219495,0.002936639785735432,3,0.0036170786825960124,0.002088321351076865,3,0.025192406296610317,0.01454484255688239,3,0.011881484633762608,0.006859778351675244,3,0.007043482060718367,0.004066556263788049,3
matrix_BC_s_loss,"BC S-loss, fixed kappa_D",0.0025,O27200-Na2400-Cl160-I2240-allSk.dat,0,main,27200,2400,160,2240,4800,0.85,0.075,0.005,0.07,0.15,0.9333333333333332,89,0.8274087601937072,1,0.6930447783452088,0.6930447783452088,0.1037609328415747,-0.0695534346055864,0.0585920691455548,-0.0876540337989883,0.1144766125435857,0.0558777633463613,0.1035605910725241,0.8835833565801853,-0.1783086051851589,0.1548503750718869,0.007159938492337685,0.004133792415932326,3,0.0064102691254281615,0.003700970605143896,3,0.02902596818065245,0.016758150542589206,3,0.007849133412754773,0.0045316992887592545,3,0.008866093148229661,0.005118841265790692,3,0.014365675447114912,0.008294026586482593,3,0.007640307243960822,0.004411133443992229,3,0.06405009878775161,0.03697934177673052,3,0.03174523990292395,0.018328122803442395,3,0.009589505631572346,0.005536503657783727,3
matrix_BC_s_loss,"BC S-loss, fixed kappa_D",0.005,O27200-Na2400-Cl160-I2240-allSk.dat,0,main,27200,2400,160,2240,4800,0.85,0.075,0.005,0.07,0.15,0.9333333333333332,238,0.6779527413270582,1,0.6930447783452088,0.6930447783452088,0.1006081733728667,-0.0722016051923583,0.0466499682796095,-0.0872034900663045,0.1205730840518109,0.0700743562150278,0.1060768395635264,0.92814492031087,-0.1755233143513734,0.1567105394181439,0.0025126538764188794,0.0014506813919307967,3,0.003024352117703701,0.0017461105092804467,3,0.01181829903062184,0.006823298126693012,3,0.001341058443630904,0.000774260453429323,3,0.005098015436157692,0.002943340584398511,3,0.011537448852348784,0.006661149200665109,3,0.0028508612938007993,0.0016459455353981763,3,0.034367164894746845,0.019841891903266348,3,0.01610307998462798,0.00929711756390704,3,0.0018398050977036912,0.0010622119684156718,3
matrix_BC_s_loss,"BC S-loss, fixed kappa_D",0.01,O27200-Na2400-Cl160-I2240-allSk.dat,0,main,27200,2400,160,2240,4800,0.85,0.075,0.005,0.07,0.15,0.9333333333333332,479,0.556468092982879,1,0.6930447783452088,0.6930447783452088,0.0990904063698362,-0.0728380327375911,0.0489336870456283,-0.0884726046748622,0.1235316890188762,0.0722860872179858,0.1085481766761062,0.9547671000393956,-0.1803490320805283,0.1605583436719305,0.000641544669491085,0.0003703959876278475,3,0.0015308280045391973,0.0008838239605037233,3,0.006541138537926525,0.0037765280956785145,3,0.0002694957708420767,0.0001555934558411387,3,0.0019641231100764284,0.0011339870063241909,3,0.002568345530736142,0.001482834983542484,3,0.0016172970985209737,0.0009337469151906849,3,0.001025731945157496,0.0005922066146530788,3,0.0027499824816055985,0.0015877031260217475,3,0.0014074488140309613,0.000812590951651395,3
matrix_BC_s_loss,"BC S-loss, fixed kappa_D",0.0025,O26944-Na2528-Cl1408-I1120-allSk.dat,0,main,26944,2528,1408,1120,5056,0.842,0.079,0.044,0.035,0.158,0.4430379746835443,86,0.958346846056432,1,0.7117061928616664,0.7117061928616664,0.0951017368518537,-0.0476798265370515,0.0460646791523557,-0.1232819888267313,0.1463778877359088,0.1743486552578482,0.024431208757366,0.551339274809007,-0.3562369586609527,0.4361263006167782,0.00798086359616033,0.004607753745608852,3,0.009479088828484335,0.005472754486797806,3,0.012755021925942776,0.007364115342462641,3,0.007462105831138619,0.004308248810329358,3,0.010807589964103423,0.006239764975066209,3,0.019928849805360277,0.011505926799764378,3,0.0187297527183132,0.010813627773773251,3,0.061803744597815236,0.03568240858047551,3,0.04414376257583254,0.025486413206199845,3,0.02146213703266005,0.012391170593190916,3
matrix_BC_s_loss,"BC S-loss, fixed kappa_D",0.005,O26944-Na2528-Cl1408-I1120-allSk.dat,0,main,26944,2528,1408,1120,5056,0.842,0.079,0.044,0.035,0.158,0.4430379746835443,228,0.844761475807976,1,0.7117061928616664,0.7117061928616664,0.0947362998009602,-0.0493379929129085,0.0524472495648473,-0.1329294732640502,0.1501943068513619,0.1838503617802902,0.0195113772478136,0.6078812502025864,-0.4053580033998091,0.4838105342315176,0.000924581405756226,0.0005338073235010797,3,0.005355595863014457,0.003092054713182243,3,0.0077737215124759305,0.004488160207833164,3,0.002401898686743288,0.001386736853357446,3,0.0041100527849436685,0.002372940081770798,3,0.01100142085733785,0.006351673293452371,3,0.009902436125353601,0.005717174162605977,3,0.025762174170443113,0.014873798192215355,3,0.0133175570101449,0.007688895124755346,3,0.01469774515870183,0.00848574712385702,3
matrix_BC_s_loss,"BC S-loss, fixed kappa_D",0.01,O26944-Na2528-Cl1408-I1120-allSk.dat,0,main,26944,2528,1408,1120,5056,0.842,0.079,0.044,0.035,0.158,0.4430379746835443,467,0.626547446854802,1,0.7117061928616664,0.7117061928616664,0.096378236735045,-0.0474120797862565,0.0613340510455543,-0.1400001152142675,0.1560721534891801,0.1913273594288431,0.0199587431137059,0.6522278764432312,-0.4438472123873263,0.5276376653176728,0.0012702061802046065,0.0007333538800674559,3,0.0017877774636565797,0.0010321737998932727,3,0.004650125775758662,0.002684751368399881,3,0.002934271749823842,0.0016941025846363095,3,0.004592123385619553,0.0026512636728394244,3,0.007323997570805223,0.004228511969048561,3,0.0016454365876220202,0.0009499932567980326,3,0.009687090819371432,0.005592844492228449,3,0.002721647877083169,0.0015713441344733412,3,0.003072758030536678,0.0017740576760849353,3
matrix_BC_s_loss,"BC S-loss, fixed kappa_D",0.0025,O26880-Na2560-Cl2240-I320-allSk.dat,0,main,26880,2560,2240,320,5120,0.84,0.08,0.07,0.01,0.16,0.125,86,0.9226917417219808,1,0.7165296389881972,0.7165296389881972,0.0724776660906386,-0.0433517678942999,-0.0030906874598466,-0.1144401258189588,0.1454956434608357,0.1634608322014809,-0.0209528866077488,0.3149973388431573,-0.3710675705938866,0.92248879856924,0.004447554692467487,0.002567796898931687,3,0.006087339174274399,0.0035145269109158788,3,0.007510676692784218,0.004336291210375216,3,0.010887511031975553,0.006285907425116106,3,0.005756087364053086,0.003323278589115053,3,0.006048683409106255,0.0034922089944903196,3,0.010199699349398605,0.005888799165028536,3,0.01593656525619005,0.009200980240619364,3,0.04955697115164695,0.028611730634625885,3,0.11554707298741455,0.06671113369335713,3
matrix_BC_s_loss,"BC S-loss, fixed kappa_D",0.005,O26880-Na2560-Cl2240-I320-allSk.dat,0,main,26880,2560,2240,320,5120,0.84,0.08,0.07,0.01,0.16,0.125,228,0.7684281183954268,1,0.7165296389881972,0.7165296389881972,0.0744982938728428,-0.0473952825809581,-0.0061697245053889,-0.1177305461379525,0.1524049919062621,0.1713270348373711,-0.0222223139873881,0.3180165101579904,-0.3568065661543329,0.8811672445427255,0.002158225563820454,0.001246052110243671,3,0.00292512272989584,0.0016888203955180564,3,0.002382615362474926,0.0013756036209002366,3,0.0023937854942564078,0.0013820526994911585,3,0.003256762531524909,0.0018802927242625935,3,0.0006713096773437153,0.0003875808229239949,3,0.010935828998847735,0.0063138038162964556,3,0.01261859605102508,0.007285349826854479,3,0.03148949687290519,0.018180469496217693,3,0.054205639499209424,0.031295640556464374,3
matrix_BC_s_loss,"BC S-loss, fixed kappa_D",0.01,O26880-Na2560-Cl2240-I320-allSk.dat,0,main,26880,2560,2240,320,5120,0.84,0.08,0.07,0.01,0.16,0.125,461,0.5844747973646541,1,0.7165296389881972,0.7165296389881972,0.072178428947137,-0.0509667303154305,-0.0110578004375198,-0.1148994924787288,0.1553458413404908,0.1699323054220175,-0.010214228498569,0.311918968740738,-0.3446188784654342,0.8828856485738233,0.0008660832314177135,0.0005000333867996379,3,0.0012314978101702876,0.0007110055922082502,3,0.0008628354104530817,0.000498158256491428,3,0.001579888399351022,0.0009121489926548796,3,0.0003418600784628185,0.00019737300832569485,3,0.0014839943638298575,0.0008567845454330557,3,0.004662350065361981,0.0026918090652930087,3,0.005823901130644924,0.003362430885511613,3,0.011211847718001012,0.006473163298100976,3,0.016665188697717343,0.009621651180723018,3
matrix_BC_s_loss,"BC S-loss, fixed kappa_D",0.0025,O26880-Na2560-Cl1920-I640-allSk.dat,0,main,26880,2560,1920,640,5120,0.84,0.08,0.06,0.02,0.16,0.25,86,0.9306449358080064,1,0.7165296389881972,0.7165296389881972,0.0794614098640196,-0.0463886946763786,0.0204118204154296,-0.1281316993872531,0.1520847457841405,0.1883015421820935,-0.0219783466346791,0.4653448543691397,-0.4293978464439028,0.6997821934321404,0.0073870551022728135,0.004264918251815807,3,0.007703665497391645,0.004447713348665899,3,0.014336884525594487,0.008277404140192558,3,0.010064242905708454,0.005810593350800557,3,0.02963111086809151,0.01710752983608028,3,0.0736275504953525,0.04250888609826453,3,0.0683351710843419,0.03945332942066392,3,0.16828094971478907,0.09715705161731936,3,0.1442396746146105,0.08327681496656941,3,0.11364007671968318,0.06561012888483882,3
matrix_BC_s_loss,"BC S-loss, fixed kappa_D",0.005,O26880-Na2560-Cl1920-I640-allSk.dat,0,main,26880,2560,1920,640,5120,0.84,0.08,0.06,0.02,0.16,0.25,228,0.776439448729021,1,0.7165296389881972,0.7165296389881972,0.0856076236460357,-0.047280072069958,0.0271602356603834,-0.1416030522492442,0.1567065369477338,0.1899553732033062,-0.0155992836633663,0.4725269678055054,-0.4385299697789859,0.7283576209721152,0.0021459969397611112,0.0012389919108511907,3,0.0037266540022789607,0.002151584691392354,3,0.006966079965424809,0.0040218681432344725,3,0.006062464433924658,0.003500165472878934,3,0.007294054052588655,0.004211224070745741,3,0.01739740608628007,0.010044397087115032,3,0.015651871437788102,0.009036612187928375,3,0.03738777289064699,0.021585840742815634,3,0.03023836858375463,0.017458130241685858,3,0.02364610030815969,0.01365208237820089,3
matrix_BC_s_loss,"BC S-loss, fixed kappa_D",0.01,O26880-Na2560-Cl1920-I640-allSk.dat,0,main,26880,2560,1920,640,5120,0.84,0.08,0.06,0.02,0.16,0.25,467,0.5620445874250687,1,0.7165296389881972,0.7165296389881972,0.0847439725991398,-0.0472798792715262,0.0266250122664493,-0.1406756325406872,0.1575363996273995,0.182533488065584,-0.0010844761575599,0.4557320997547378,-0.4242841752840855,0.7327127961243756,0.00042132637759488334,0.0002432528975210958,3,0.0012158277175431534,0.0007019584600117479,3,0.002866781836455402,0.0016551372649854562,3,0.0036785769823250436,0.0021238274109801254,3,0.0031357550147686347,0.0018104290018893902,3,0.00516740718672057,0.002983403930265528,3,0.002745092550349411,0.0015848799228946689,3,0.005704718459436923,0.0032936207382069345,3,0.007050265688866615,0.004070472793325523,3,0.01596724383245289,0.009218692524883068,3
matrix_BC_s_loss,"BC S-loss, fixed kappa_D",0.0025,O26880-Na2560-Cl1600-I960-allSk.dat,0,main,26880,2560,1600,960,5120,0.84,0.08,0.05,0.03,0.16,0.375,86,0.9221036834801036,1,0.7165296389881972,0.7165296389881972,0.0947979806757144,-0.0570167350580237,0.0459690682581193,-0.1524537503958662,0.134507053709995,0.1518487409188101,0.0236132173560404,0.5271018719756438,-0.4325176350820304,0.5969380883430606,0.10286706638693664,0.059390328469244975,3,0.04413830570367836,0.025483262679592698,3,0.05903099410856858,0.03408156033911328,3,0.14193163484372198,0.08194426758354656,3,0.005150359029864114,0.0029735611723152662,3,0.029156580675104862,0.016833559701420833,3,0.04588723835048915,0.02649300941402343,3,0.02490837263203195,0.014380855644179154,3,0.07677949310126878,0.04432866101026055,3,0.1733288068198145,0.10007143327573655,3
matrix_BC_s_loss,"BC S-loss, fixed kappa_D",0.005,O26880-Na2560-Cl1600-I960-allSk.dat,0,main,26880,2560,1600,960,5120,0.84,0.08,0.05,0.03,0.16,0.375,228,0.7841657334281583,1,0.7165296389881972,0.7165296389881972,0.0976091973374912,-0.049712730050362,0.0561060337466061,-0.1536131263368595,0.145623568375845,0.1779357619862284,0.0080882104069482,0.5804861677081369,-0.4588365375060763,0.6055634150836974,0.006488776150854267,0.0037462966574069354,3,0.005342613651453535,0.003084559429842868,3,0.003407519686870039,0.0019673324084833665,3,0.010722642250567243,0.006190720389789053,3,0.0027573974631503882,0.001591984167612668,3,0.006006044171396141,0.003467591219120345,3,0.00614976486587017,0.0035505684007630456,3,0.002253996808486113,0.0013013456641320148,3,0.012712059609155293,0.007339311037300378,3,0.025208516354958122,0.014554143703406157,3
matrix_BC_s_loss,"BC S-loss, fixed kappa_D",0.01,O26880-Na2560-Cl1600-I960-allSk.dat,0,main,26880,2560,1600,960,5120,0.84,0.08,0.05,0.03,0.16,0.375,467,0.5442835343856529,1,0.7165296389881972,0.7165296389881972,0.0954831069734663,-0.0474903607677665,0.0548986538688756,-0.1484252917755979,0.1533782696296076,0.1843866059871226,0.0124235807317594,0.5856867513751222,-0.4550162780086839,0.6077111113743613,0.0028064442554619922,0.0016203013463566601,3,0.001736042698643555,0.0010023047193865409,3,0.0015774188548657593,0.0009107232004815374,3,0.0030686225788956172,0.0017716700719667482,3,0.0012909752986952389,0.0007453449362188537,3,0.0010103585238934105,0.0005833307657478935,3,0.00259438745734365,0.0014978702968795451,3,0.0015325045385379192,0.0008847919078591909,3,0.0033400937404141555,0.0019284040201466967,3,0.006586901385415734,0.0038029492879952933,3
matrix_BC_s_loss,"BC S-loss, fixed kappa_D",0.0025,O26880-Na2560-Cl1280-I1280-allSk.dat,0,main,26880,2560,1280,1280,5120,0.84,0.08,0.04,0.04,0.16,0.5,89,0.9681764446766526,1,0.7165296389881972,0.7165296389881972,0.0983109126971661,-0.0545469588040515,0.0625966380828169,-0.1397376870097131,0.1327614702699647,0.158866830501593,0.0288862413147836,0.6231906009457435,-0.3985189746391632,0.4393702888725123,0.0021015598663039073,0.001213336154528675,3,0.008732489746631072,0.0050417053059130966,3,0.015919815253528927,0.009191309622074036,3,0.025339578461934627,0.0146298124461496,3,0.00750520047056673,0.004333129512003807,3,0.03262791065977625,0.018837733002516878,3,0.042563914635537305,0.024574287572591717,3,0.12885036744500708,0.07439179432955703,3,0.08834302199968515,0.051004867532543255,3,0.046474833314756804,0.02683225752481783,3
matrix_BC_s_loss,"BC S-loss, fixed kappa_D",0.005,O26880-Na2560-Cl1280-I1280-allSk.dat,0,main,26880,2560,1280,1280,5120,0.84,0.08,0.04,0.04,0.16,0.5,229,0.849956219946499,1,0.7165296389881972,0.7165296389881972,0.1018021255435321,-0.0529854154971556,0.0659464513754826,-0.1408791445795337,0.137944108881162,0.1589322886138428,0.0361501410153673,0.6393871686876801,-0.4146229706309884,0.4657469903366208,0.0042481096990573085,0.002452647278297797,3,0.0033308998867305597,0.0019230959462475828,3,0.0052744573299761495,0.003045209359290925,3,0.004063701349332919,0.0023461790679436064,3,0.010456102267650421,0.006036833458902227,3,0.0171448724072466,0.009898596699545611,3,0.007574685993210448,0.00437324699720694,3,0.027447086794336644,0.015846582949181284,3,0.014799623422072744,0.00854456656663879,3,0.008604456797429832,0.004967785448226619,3
matrix_BC_s_loss,"BC S-loss, fixed kappa_D",0.01,O26880-Na2560-Cl1280-I1280-allSk.dat,0,main,26880,2560,1280,1280,5120,0.84,0.08,0.04,0.04,0.16,0.5,467,0.6276367998065158,1,0.7165296389881972,0.7165296389881972,0.101052681638015,-0.0500936699503582,0.0701417538414593,-0.1409849012742974,0.1463886287818083,0.1759188511950355,0.0311059330053982,0.6839346068300304,-0.4351477815929169,0.4791382139194199,9.803568129161592e-05,5.660092698390281e-05,3,0.0010482717872196473,0.0006052199985351535,3,0.0020893771577810945,0.0012063024644835701,3,0.0006207600891181738,0.00035839600455455376,3,0.0030972385226682012,0.0017881914948069649,3,0.0010359375033879969,0.0005980987964446889,3,0.004651631809633726,0.002685620877463058,3,0.007907084049358377,0.004565157104402055,3,0.007989641251851096,0.004612821527484769,3,0.0040036968755576725,0.002311535468856886,3
matrix_BC_s_loss,"BC S-loss, fixed kappa_D",0.0025,O26880-Na2560-Cl960-I1600-allSk.dat,0,main,26880,2560,960,1600,5120,0.84,0.08,0.03,0.05,0.16,0.625,89,0.915344237528938,1,0.7165296389881972,0.7165296389881972,0.107361218417525,-0.0538802560418635,0.0970018264740133,-0.143291023699246,0.1313075923920637,0.1630346814656646,0.0398063051786173,0.8136653073993203,-0.4240380645762454,0.3788099082924394,0.006954856214413341,0.004015388107566685,3,0.002069805656814756,0.0011950028531322095,3,0.003603219989892893,0.0020803200311141023,3,0.005326245156307885,0.003075109074764298,3,0.0085857919921513,0.004957009317874686,3,0.02864451713903318,0.016537919681027656,3,0.011703357364640095,0.0067569365248973485,3,0.07813819348803058,0.045113107044305524,3,0.02912128526363338,0.016813181886106615,3,0.018490784025300626,0.010675659134534549,3
matrix_BC_s_loss,"BC S-loss, fixed kappa_D",0.005,O26880-Na2560-Cl960-I1600-allSk.dat,0,main,26880,2560,960,1600,5120,0.84,0.08,0.03,0.05,0.16,0.625,229,0.7511778962907387,1,0.7165296389881972,0.7165296389881972,0.1078576435927273,-0.053299796861668,0.0886725422703325,-0.1361049586586404,0.1334653345192266,0.1539176572533068,0.0495976736569562,0.776171226263204,-0.4065274990095213,0.3776314928485315,0.0012548421982098283,0.0007244834809269461,3,0.0017547373409611516,0.001013098076161009,3,0.005425743134502991,0.0031325542592590657,3,0.0019892365616820417,0.0011484862643689725,3,0.004501842823142534,0.002599140165790727,3,0.012169759337499721,0.007026213829478426,3,0.0037732226677590435,0.002178471122943082,3,0.026465922747033372,0.015280107622351559,3,0.007166244299474879,0.004137433075380443,3,0.004154765205386624,0.0023987548097496583,3
matrix_BC_s_loss,"BC S-loss, fixed kappa_D",0.01,O26880-Na2560-Cl960-I1600-allSk.dat,0,main,26880,2560,960,1600,5120,0.84,0.08,0.03,0.05,0.16,0.625,470,0.513412598608304,1,0.7165296389881972,0.7165296389881972,0.1052485460930084,-0.0532439056273061,0.0866538790746054,-0.1344706114301811,0.1379655058798657,0.1611458199592974,0.0496910794444317,0.7966386919101054,-0.4132385467477389,0.3829479980877012,0.0006026105951644996,0.00034791738933474445,3,0.0014923568033542748,0.00086161260214356,3,0.003473387052579095,0.002005360949806301,3,0.0013049364308998419,0.0007534053996553732,3,0.0020060973332046354,0.0011582208353462867,3,0.00398170966981147,0.002298841149700588,3,0.0012441985884345474,0.0007183383899580383,3,0.012178782042466621,0.007031423090619884,3,0.004791183736038445,0.002766191219738753,3,0.003917006586369116,0.0022614848070577464,3
matrix_BC_s_loss,"BC S-loss, fixed kappa_D",0.0025,O26880-Na2560-Cl640-I1920-allSk.dat,0,main,26880,2560,640,1920,5120,0.84,0.08,0.02,0.06,0.16,0.75,89,0.9089518753845194,1,0.7165296389881972,0.7165296389881972,0.1076938576933353,-0.055787938864259,0.090949442728054,-0.1169280482833171,0.1128518878387623,0.1356497858840861,0.0519926952488415,0.9563059470298292,-0.3954886151539276,0.2883714516161781,0.009021879317167934,0.005208784452363224,3,0.004208128760047399,0.002429564272397972,3,0.042462821972102875,0.024515921696144753,3,0.020703687565166485,0.011953279588966779,3,0.003201217460501457,0.0018482237625550464,3,0.02179168043540674,0.012581432565476383,3,0.016037841226229956,0.009259451949184342,3,0.22216402746937372,0.12826646106369433,3,0.10314087599677713,0.05954841252119309,3,0.04104289107037598,0.023696124207802063,3
matrix_BC_s_loss,"BC S-loss, fixed kappa_D",0.005,O26880-Na2560-Cl640-I1920-allSk.dat,0,main,26880,2560,640,1920,5120,0.84,0.08,0.02,0.06,0.16,0.75,229,0.7233393832027728,1,0.7165296389881972,0.7165296389881972,0.1074572396588869,-0.0577686544498122,0.093068387203664,-0.1204385547997228,0.1254933228264703,0.1410097617255185,0.0634951835401334,0.92445755493931,-0.3709117704174077,0.2874639331143725,0.00563530080459079,0.0032535424364950076,3,0.0032135421226677785,0.0018553394095744435,3,0.022096743404908137,0.012757560753037802,3,0.00911021809008214,0.005259786866685122,3,0.006264997143222439,0.0036170977871117114,3,0.02639774172850306,0.01524074329294946,3,0.008007491379698592,0.00462312730360259,3,0.10662412724290242,0.06155946856579862,3,0.03142180977998871,0.018141390334901697,3,0.009264628738838342,0.0053489358963102595,3
matrix_BC_s_loss,"BC S-loss, fixed kappa_D",0.01,O26880-Na2560-Cl640-I1920-allSk.dat,0,main,26880,2560,640,1920,5120,0.84,0.08,0.02,0.06,0.16,0.75,470,0.5131633415607187,1,0.7165296389881972,0.7165296389881972,0.1044230127714993,-0.0570018353111722,0.0913015235028151,-0.1185330090941894,0.1282159316132157,0.1413193191686514,0.0664602582988619,0.9183455000405172,-0.3670255277300429,0.2886439832729249,0.0023207535314629913,0.0013398876761129327,3,0.0011019998405132963,0.0006362399045672764,3,0.005040462341287128,0.0029101122895822946,3,0.0016726802575419081,0.0009657223969599932,3,0.003054795099024816,0.0017636867727411271,3,0.010015156010967717,0.00578225301890831,3,0.002618877133216624,0.0015120094178371732,3,0.029275705290626623,0.01690233633025943,3,0.005422303211870171,0.003130568219001016,3,0.0018739424135472858,0.0010819211569073825,3
matrix_BC_s_loss,"BC S-loss, fixed kappa_D",0.0025,O26880-Na2560-Cl320-I2240-allSk.dat,0,main,26880,2560,320,2240,5120,0.84,0.08,0.01,0.07,0.16,0.875,89,0.8645252607068479,1,0.7165296389881972,0.7165296389881972,0.1112831427092845,-0.0678022567428526,0.0869708013237791,-0.1053555344557718,0.1139344462174948,0.0858388878667452,0.0893569963545154,0.9908909525353434,-0.2827559455820415,0.2023983492392292,0.004710525966464503,0.002719623434763003,3,0.008889107746493763,0.005132128750293762,3,0.026908854801767107,0.015535834563384794,3,0.002308328427982852,0.0013327140392739654,3,0.013384529406104769,0.00772756165559105,3,0.004873367095284809,0.002813639804322549,3,0.014086766024268216,0.008132998156122529,3,0.13593130872958567,0.07847997768632442,3,0.053165850027084065,0.030695317824832258,3,0.007756665407333003,0.004478312860937568,3
matrix_BC_s_loss,"BC S-loss, fixed kappa_D",0.005,O26880-Na2560-Cl320-I2240-allSk.dat,0,main,26880,2560,320,2240,5120,0.84,0.08,0.01,0.07,0.16,0.875,238,0.6971935708880016,1,0.7165296389881972,0.7165296389881972,0.107311303302587,-0.0663675003321328,0.0748564100206426,-0.099242905810371,0.1176056360543476,0.1025202853048718,0.0869766877831306,0.9727608506164276,-0.2580702471800611,0.1905233753521675,0.0039258659788814435,0.0022665997797095953,3,0.004305867888325431,0.002485993984419653,3,0.00867254408942269,0.005007095664587088,3,0.004799194474790752,0.0027708162219138056,3,0.001562535541590115,0.0009021303155554107,3,0.00774149677862745,0.0044695552490711795,3,0.004383000433100941,0.0025305264799090747,3,0.057275100818594514,0.0330677948754785,3,0.018643432225457376,0.01076379061398636,3,0.008683403203792336,0.005013365177191565,3
matrix_BC_s_loss,"BC S-loss, fixed kappa_D",0.01,O26880-Na2560-Cl320-I2240-allSk.dat,0,main,26880,2560,320,2240,5120,0.84,0.08,0.01,0.07,0.16,0.875,473,0.5481976235229181,1,0.7165296389881972,0.7165296389881972,0.1011569337103379,-0.0646976328409069,0.069917022123479,-0.0955908292286946,0.1182071019475238,0.1030973652814195,0.0874015661402236,0.9681749751096071,-0.2557200247159801,0.1900892888265902,0.0024833752098817963,0.0014337773459240986,3,0.0014684756870808927,0.0008478248332345742,3,0.007815195786939694,0.004512105391359262,3,0.003369119173751614,0.001945161861897424,3,0.0005394335553565998,0.00031144210839504976,3,0.00441132233302195,0.0025468781364524308,3,0.0016284154523467998,0.0009401660997649711,3,0.032999231187311,0.0190521150090447,3,0.014940566756289412,0.008625940238589267,3,0.0064413890856329465,0.003718937722545299,3
matrix_BC_s_loss,"BC S-loss, fixed kappa_D",0.0025,O26816-Na2592-Cl2560-I32-allSk.dat,0,main,26816,2592,2560,32,5184,0.838,0.081,0.08,0.001,0.162,0.0123456790123456,86,0.9087676170445096,1,0.7214189111166868,0.7214189111166868,0.0567145822002271,-0.0475528175306408,-0.0432430556625311,-0.0411977097108604,0.135083075001503,0.1356512862241787,0.0024456860833493,0.147433223690465,-0.0978212652376399,0.8969511696157443,0.0019164778978141275,0.0011064790301989547,3,0.0040749589816314775,0.002352678664981617,3,0.0038183641396592432,0.002204533563896278,3,0.012161583110266203,0.0070214932824841985,3,0.008549424440645102,0.0049360125022228155,3,0.010889786940618217,0.0062872214215836,3,0.0286915674554129,0.016565084193854943,3,0.013895099642106059,0.008022339518786606,3,0.03858517943785209,0.02227716373517392,3,0.12250777712111018,0.07072989809869563,3
matrix_BC_s_loss,"BC S-loss, fixed kappa_D",0.005,O26816-Na2592-Cl2560-I32-allSk.dat,0,main,26816,2592,2560,32,5184,0.838,0.081,0.08,0.001,0.162,0.0123456790123456,228,0.7423270443100911,1,0.7214189111166868,0.7214189111166868,0.0585908575441977,-0.0527225776681345,-0.0483739024131315,-0.0418338624823979,0.1483293991121354,0.1497372531356883,-0.0043261150927515,0.1627971376490196,-0.1084665870811975,0.9312196121690692,0.0007622848062620092,0.0004401053380945328,3,0.0019001701241793975,0.0010970637327010599,3,0.0022495049537747023,0.0012987522906052211,3,0.0057373595870319795,0.0033124661020105936,3,0.006053787761290351,0.003495155993597846,3,0.007006039760149033,0.0040449389414752655,3,0.01116150140592076,0.006444095841268737,3,0.008181202837245227,0.0047234196603784615,3,0.015238156984152856,0.008797754036754427,3,0.04592188390573418,0.026513012034670373,3
matrix_BC_s_loss,"BC S-loss, fixed kappa_D",0.01,O26816-Na2592-Cl2560-I32-allSk.dat,0,main,26816,2592,2560,32,5184,0.838,0.081,0.08,0.001,0.162,0.0123456790123456,461,0.639483555225752,1,0.7214189111166868,0.7214189111166868,0.0588575738105594,-0.0554240521810268,-0.0511709726261672,-0.0411293765616777,0.1509326240819352,0.1526864567380333,-0.007275569301876,0.1664712824485417,-0.1147863047837284,0.96119979781282,0.0004361547812448903,0.00025181408036007975,3,0.0010473830677508263,0.0006047068961105957,3,0.0012759435493909382,0.0007366663517116247,3,0.002657307762683703,0.0015341973521051182,3,0.0027723698216611348,0.001600628462829251,3,0.0033291245562061308,0.001922070958691403,3,0.004827736434686163,0.0027872949301426205,3,0.004066121286484013,0.002347576219309213,3,0.006430832574407896,0.0037128429179478133,3,0.014460963538207066,0.008349041191525214,3
matrix_BC_s_loss,"BC S-loss, fixed kappa_D",0.0025,O26816-Na2592-Cl32-I2560-allSk.dat,0,main,26816,2592,32,2560,5184,0.838,0.081,0.001,0.08,0.162,0.9876543209876544,89,0.8461519896745182,1,0.7214189111166868,0.7214189111166868,0.0969426476649293,-0.0668890250209469,0.029792811466259,-0.0706367206869542,0.1003412615331791,0.0274494453953479,0.0978975054888896,0.9927063366823218,-0.0833674708939233,0.1078282312969196,0.006051408901978167,0.0034937825585335926,3,0.003684757178049815,0.0021273955486454665,3,0.020307212446834328,0.011724374572670719,3,0.005572664771591298,0.0032173795059817806,3,0.0015649870549060856,0.0009035456974283082,3,0.024865535860251118,0.014356123822460277,3,0.0031538901521967156,0.0018208993283652837,3,0.029205532316816888,0.016861821944940545,3,0.022149409948547815,0.012787967796185457,3,0.005505673023682128,0.0031787018022929377,3
matrix_BC_s_loss,"BC S-loss, fixed kappa_D",0.005,O26816-Na2592-Cl32-I2560-allSk.dat,0,main,26816,2592,32,2560,5184,0.838,0.081,0.001,0.08,0.162,0.9876543209876544,238,0.6787409870090085,1,0.7214189111166868,0.7214189111166868,0.0992217957479467,-0.0712693358357771,0.0244117642886857,-0.0744427040580369,0.1058975377996151,0.0263527581241472,0.1036110139983967,0.9551809767445546,-0.080275528388682,0.1132316486534841,0.0024405579974722453,0.001409056816813495,3,0.001066608955584713,0.0006158069676268997,3,0.009097280740375326,0.005252317484349293,3,0.0016346958805345075,0.0009437921066697703,3,0.0009632366629553443,0.0005561249466505849,3,0.007198425456329038,0.0041560128749530256,3,0.00021620156191565164,0.00012482402997121902,3,0.038543831844315264,0.02225329169091509,3,0.009784238145576545,0.005648932527164023,3,0.0010364940866155472,0.0005984201399209415,3
matrix_BC_s_loss,"BC S-loss, fixed kappa_D",0.01,O26816-Na2592-Cl32-I2560-allSk.dat,0,main,26816,2592,32,2560,5184,0.838,0.081,0.001,0.08,0.162,0.9876543209876544,479,0.625204332381602,1,0.7214189111166868,0.7214189111166868,0.09650849466555,-0.0716164598977769,0.0224323717121835,-0.0745706880899418,0.107609295538681,0.029024059711261,0.1050347764010405,0.9663546070563336,-0.0788368328635762,0.1145034308860851,0.0010765573593559587,0.0006215506812222355,3,0.0006942793181048729,0.0004008423512006382,3,0.0044923678180606615,0.0025936697690561346,3,0.0005382138195611717,0.0003107378936052192,3,0.0010876565937632324,0.0006279588271950737,3,0.004106536448347512,0.002370909923890446,3,0.0006449061837201096,0.00037233675877285956,3,0.019286399294238504,0.01113500782422721,3,0.004167804790549622,0.0024062832177536362,3,0.0004625951741951271,0.00026707944834737847,3
matrix_BC_s_loss,"BC S-loss, fixed kappa_D",0.0025,O26560-Na2720-Cl2240-I480-allSk.dat,0,main,26560,2720,2240,480,5440,0.83,0.085,0.07,0.015,0.17,0.1764705882352941,86,0.8726707288290259,1,0.7397790686112217,0.7397790686112217,-0.5942088224079842,-0.6002121641681935,-1.2455010522787624,1.2617990490216089,-0.3341065098358917,-0.8851429499741476,1.1167947374343277,-2.019659236826386,2.255900928915488,-2.214799758279387,0.168908453994193,0.09751934138195086,3,0.12483824710165205,0.07207539556929983,3,0.4830896939436823,0.2789119648411189,3,0.7464395628213037,0.4309570825286663,3,0.09468417870139069,0.05466593606124655,3,0.373170150198828,0.21544988667082643,3,0.5807711617775961,0.33530838658986684,3,1.4220788843603378,0.8210376266943238,3,2.1840246801545304,1.2609472370040045,3,3.3361929154795757,1.9261518778206557,3
matrix_BC_s_loss,"BC S-loss, fixed kappa_D",0.005,O26560-Na2720-Cl2240-I480-allSk.dat,0,main,26560,2720,2240,480,5440,0.83,0.085,0.07,0.015,0.17,0.1764705882352941,228,0.8123756771682741,1,0.7397790686112217,0.7397790686112217,0.0819386923894988,-0.0442632931647239,0.0149932805842757,-0.1377569012775501,0.1413241439795824,0.1653016414050611,-0.0206736051707095,0.3676040120531486,-0.4006188135319848,0.8162225259060094,0.0021283648917646827,0.0012288120431940884,3,0.0008674915282638677,0.0005008464673628639,3,0.003551520502404088,0.002050471318095475,3,0.0057959485470049825,0.003346292453822547,3,0.007011560847433204,0.004048126542705002,3,0.011695834367130845,0.00675259312026027,3,0.008593712864290856,0.004961582435536676,3,0.02553670417930524,0.014743623032137724,3,0.02750464104373535,0.015879811910564635,3,0.03967307636394412,0.022905261318303716,3
matrix_BC_s_loss,"BC S-loss, fixed kappa_D",0.01,O26560-Na2720-Cl2240-I480-allSk.dat,0,main,26560,2720,2240,480,5440,0.83,0.085,0.07,0.015,0.17,0.1764705882352941,461,0.6194284893074606,1,0.7397790686112217,0.7397790686112217,0.0800570467867483,-0.0456681740153557,0.0108409773859829,-0.1321311865162542,0.1427934367077795,0.1639481518885618,-0.0142521173528952,0.3622958554827762,-0.3923738342625611,0.813697533554942,0.0013960483103479778,0.0008060088677811272,3,0.00026170781716491334,0.0001510970786891921,3,0.0010317525300872728,0.0005956826009829645,3,0.0016060185850925697,0.0009272352624267371,3,0.003771427026994568,0.002177434409264344,3,0.005951862008451446,0.003436309132758949,3,0.0038855099996740355,0.0022433002442507873,3,0.00835598671650542,0.004824331180119342,3,0.0050457308933142915,0.0029131540895134173,3,0.007575295185539098,0.004373598714561874,3
matrix_BC_s_loss,"BC S-loss, fixed kappa_D",0.0025,O26560-Na2720-Cl480-I2240-allSk.dat,0,main,26560,2720,480,2240,5440,0.83,0.085,0.015,0.07,0.17,0.8235294117647058,89,0.908149846490698,1,0.7397790686112217,0.7397790686112217,0.1049685934922377,-0.0582893672541671,0.0958153381161116,-0.1085856372732059,0.1181124045154123,0.1482678094226399,0.0615188716314395,1.1130801547079223,-0.3518728214871154,0.2306759601706106,0.008571817221594722,0.004948940980331983,3,0.00649810588980465,0.0037516831847014074,3,0.04871859087742616,0.02812769155762124,3,0.018685873341135504,0.010788294003547836,3,0.015902277614568,0.009181184261498995,3,0.05031852803184858,0.02905141570441351,3,0.008182152005234497,0.004723967662772573,3,0.32243404669854614,0.186157383657306,3,0.09434402060038848,0.05446954569006589,3,0.03591424611270726,0.020735099660914007,3
matrix_BC_s_loss,"BC S-loss, fixed kappa_D",0.005,O26560-Na2720-Cl480-I2240-allSk.dat,0,main,26560,2720,480,2240,5440,0.83,0.085,0.015,0.07,0.17,0.8235294117647058,238,0.721306182435705,1,0.7397790686112217,0.7397790686112217,0.1073062125464723,-0.0568019023789996,0.0948372120833084,-0.1064937464423135,0.118301707565861,0.1369790968727798,0.0669531319227541,1.0095439103107602,-0.3163844087933672,0.2202362804646519,0.005416210797369586,0.003127050761849088,3,0.0015125450737653306,0.0008732683054998561,3,0.011526424493894103,0.006654784284343657,3,0.00556615658605056,0.0032136220033078993,3,0.00474115668415184,0.0027373080878652584,3,0.008559039140930333,0.004941563552020671,3,0.0013009113709862665,0.0007510815302307661,3,0.042253907791710066,0.024395305037857435,3,0.010451827144100225,0.006034365215169703,3,0.00604721616604043,0.0034913618813112992,3
matrix_BC_s_loss,"BC S-loss, fixed kappa_D",0.01,O26560-Na2720-Cl480-I2240-allSk.dat,0,main,26560,2720,480,2240,5440,0.83,0.085,0.015,0.07,0.17,0.8235294117647058,473,0.5387739073646223,1,0.7397790686112217,0.7397790686112217,0.1031561009055312,-0.0579276510843115,0.084910737275904,-0.1031391961483874,0.1150588989885871,0.1202534027199778,0.0711222228266653,0.9706138091826192,-0.3167940910270914,0.2250200409090654,0.0023309724109459684,0.0013457875489332458,3,0.001108506127850761,0.0006399963113129867,3,0.0026713451520562247,0.001542301842638063,3,0.002458087667954884,0.0014191775767854518,3,0.0027070395144796985,0.0015629099923918077,3,0.0035521455630196726,0.002050832197010143,3,0.0013389729331860453,0.0007730563834125861,3,0.009626141833737178,0.005557655578965677,3,0.001032872888381608,0.0005963294401457877,3,0.0017452557880352998,0.0010076238990269328,3
matrix_BC_s_loss,"BC S-loss, fixed kappa_D",0.0025,O26496-Na2752-Cl832-I1920-allSk.dat,0,main,26496,2752,832,1920,5504,0.828,0.086,0.026,0.06,0.172,0.6976744186046512,89,0.9370687188756226,1,0.7443644293053576,0.7443644293053576,0.0939293915982835,-0.0503924928828691,0.0687809991715613,-0.1056080465429791,0.1058725041182674,0.1289381950068888,0.0418750625774936,0.7533268145764346,-0.3415331620566874,0.2749582714795797,0.017938294608535302,0.01035667922104067,3,0.00731226365100323,0.004221737387292231,3,0.046465617068356585,0.026826936522477744,3,0.02183533145877638,0.012606634495569247,3,0.004738995213726766,0.0027360601623334963,3,0.017050986201351103,0.009844391473298655,3,0.007261484383127972,0.004192419963315199,3,0.10513619076615675,0.06070040804041245,3,0.05823774561022285,0.03362357810505911,3,0.03954745835489039,0.02283273572696148,3
matrix_BC_s_loss,"BC S-loss, fixed kappa_D",0.005,O26496-Na2752-Cl832-I1920-allSk.dat,0,main,26496,2752,832,1920,5504,0.828,0.086,0.026,0.06,0.172,0.6976744186046512,229,0.827643276460907,1,0.7443644293053576,0.7443644293053576,0.1001921545995445,-0.0550071834341943,0.0744710842320642,-0.1148785142917732,0.114896574055587,0.1355063198605231,0.0483551814667383,0.8024652154847703,-0.3660165336622833,0.2988333212058954,0.0055013930284404395,0.0031762307458880184,3,0.0016906889062443425,0.0009761196951360851,3,0.013684043855981145,0.007900486403853359,3,0.010462478758679493,0.0060405149277143475,3,0.002853680993905224,0.0016475734900125,3,0.012130815488412846,0.007003729587724839,3,0.0055952228426072795,0.003230403414355256,3,0.04640473741299475,0.026791787637066418,3,0.021914612505325577,0.012652407429136061,3,0.015767042283076637,0.009103106106458508,3
matrix_BC_s_loss,"BC S-loss, fixed kappa_D",0.01,O26496-Na2752-Cl832-I1920-allSk.dat,0,main,26496,2752,832,1920,5504,0.828,0.086,0.026,0.06,0.172,0.6976744186046512,470,0.6147770667153984,1,0.7443644293053576,0.7443644293053576,0.1013885290981159,-0.0515266941786407,0.0889668428938782,-0.1202538829708069,0.1229823434178998,0.1499713555218966,0.0485135659854453,0.8556870522755814,-0.3837336201858627,0.3106857563060523,0.0030260755502867593,0.0017471055335462056,3,0.0010227789648773876,0.0005905017106934466,3,0.005366548440266936,0.0030983781866072823,3,0.00363723852920849,0.0020999606439454,3,0.0025150560454046816,0.0014520682848413887,3,0.00843228272588799,0.004868380701674463,3,0.002611621062013325,0.0015078201231746896,3,0.03151789847527936,0.018196867168993835,3,0.012485058302098909,0.007208251771564977,3,0.007003256705941359,0.004043332144379296,3
matrix_BC_s_loss,"BC S-loss, fixed kappa_D",0.0025,O26368-Na2816-Cl256-I2560-allSk.dat,0,main,26368,2816,256,2560,5632,0.824,0.088,0.008,0.08,0.176,0.9090909090909092,89,0.8690821842883969,1,0.7537078193972535,0.7537078193972535,0.0999334814631504,-0.0606672575563166,0.0522587585364329,-0.0801540269860719,0.093147753230915,0.0561141717918002,0.0799493285881474,0.8216869406646207,-0.200987185728603,0.1474092919694793,0.011465456774055381,0.006619584554882893,3,0.00599096666018275,0.003458886213962584,3,0.01873897400309529,0.010818951685024464,3,0.009010549657401614,0.005202243270247312,3,0.007184553310008356,0.004148003787540541,3,0.02383244626826603,0.013759669268430686,3,0.0015619324390821166,0.0009017821141600688,3,0.19832177364187611,0.1145011293983012,3,0.04094684817378318,0.02364067381560046,3,0.011888690732338154,0.006863938794627642,3
matrix_BC_s_loss,"BC S-loss, fixed kappa_D",0.005,O26368-Na2816-Cl256-I2560-allSk.dat,0,main,26368,2816,256,2560,5632,0.824,0.088,0.008,0.08,0.176,0.9090909090909092,238,0.7010245449767502,1,0.7537078193972535,0.7537078193972535,0.1009646078709246,-0.0626998512179977,0.061195183529462,-0.0851117749149002,0.1002240513519859,0.074469563615703,0.08156652811898,0.9250303259041728,-0.2144159362189847,0.153351968914644,0.004423425003434725,0.0025538656164731596,3,0.0016778702217150657,0.0009687188241724503,3,0.013065693162826585,0.007543481464706982,3,0.0051486115594836694,0.0029725522698207155,3,0.003820234624248261,0.0022056134886772626,3,0.010814305434623372,0.006243642153778637,3,0.000826968537572759,0.00047745050777898355,3,0.08180802048909415,0.04723188265124893,3,0.021463113393189393,0.012391734295205358,3,0.00754343620905019,0.004355204925909898,3
matrix_BC_s_loss,"BC S-loss, fixed kappa_D",0.01,O26368-Na2816-Cl256-I2560-allSk.dat,0,main,26368,2816,256,2560,5632,0.824,0.088,0.008,0.08,0.176,0.9090909090909092,479,0.5741492610408843,1,0.7537078193972535,0.7537078193972535,0.0984640708163317,-0.0625226142505931,0.0617869679462098,-0.0851130258793352,0.1031197094128134,0.0824157671830486,0.0820907097120342,0.9630267405391592,-0.2180974089248627,0.1550659190969189,0.0019795662875920074,0.0011429031290199536,3,0.000348935120485272,0.00020145778574188632,3,0.00885612776988581,0.005113087751921292,3,0.0025498950715232864,0.0014721826059492695,3,0.0017610778055513019,0.0010167587450989196,3,0.00587484540662981,0.0033918435769651574,3,0.0006647371863652086,0.0003837861934883076,3,0.030128637080832025,0.01739477672893491,3,0.010620675780270993,0.006131850020715197,3,0.00284646978606021,0.0016434100972219988,3
matrix_BC_s_loss,"BC S-loss, fixed kappa_D",0.0025,O26240-Na2880-Cl2240-I640-allSk.dat,0,main,26240,2880,2240,640,5760,0.82,0.09,0.07,0.02,0.18,0.2222222222222222,86,0.9382908193617724,1,0.7625952127291019,0.7625952127291019,0.0816949113705611,-0.0425403735025673,0.0143199049102854,-0.1170318487263565,0.1293310366867767,0.1571961982599314,-0.0197345990187087,0.3878273422557509,-0.3920950266730405,0.6916792200638748,0.008973064361841065,0.005180601124764777,3,0.0070685680578396705,0.004081039670978924,3,0.014258035650183168,0.008231880720748534,3,0.011906054524448048,0.006873963784676443,3,0.015530618401240337,0.008966606714637464,3,0.03227408748169587,0.018633453095406642,3,0.028199726915381446,0.016281119925669413,3,0.0654638090281078,0.0377955477645563,3,0.0547973746503171,0.03163727900524536,3,0.04292469640141562,0.02478258502224027,3
matrix_BC_s_loss,"BC S-loss, fixed kappa_D",0.005,O26240-Na2880-Cl2240-I640-allSk.dat,0,main,26240,2880,2240,640,5760,0.82,0.09,0.07,0.02,0.18,0.2222222222222222,228,0.8135696737423547,1,0.7625952127291019,0.7625952127291019,0.0827961073640824,-0.0402247075926995,0.0238752564477437,-0.1299960053545428,0.1323542975320331,0.1619826150784917,-0.0222758602064516,0.4080077130868325,-0.4196955200970495,0.7379241860572917,0.0005777047324966265,0.00033353798281904806,3,0.0019385041538623235,0.0011191958950576202,3,0.002429100424621965,0.001402441784044126,3,0.0010455783220467815,0.0006036649256925466,3,0.0037582697994704567,0.002169838080411509,3,0.010468396289630482,0.006043931415801839,3,0.011742179113884353,0.006779350272273933,3,0.025996110429812865,0.015008861354535696,3,0.027296967043610898,0.015759911270689094,3,0.028024237396969045,0.016179801004974056,3
matrix_BC_s_loss,"BC S-loss, fixed kappa_D",0.01,O26240-Na2880-Cl2240-I640-allSk.dat,0,main,26240,2880,2240,640,5760,0.82,0.09,0.07,0.02,0.18,0.2222222222222222,461,0.6046961377156658,1,0.7625952127291019,0.7625952127291019,0.0815112220819832,-0.0430444428635047,0.0233494923626087,-0.1349939526115317,0.136839147708202,0.163875748681934,-0.0163037849556626,0.4120311371257735,-0.4232067144087045,0.7571617138463609,0.00018492259692992976,0.00010676511111673961,3,0.0009313052911548733,0.000537689360545989,3,0.002821008790624932,0.0016287101846536054,3,0.0033951116388066436,0.001960168618593847,3,0.003487304004645344,0.0020133959058280496,3,0.007941894593966893,0.004585254981702419,3,0.00778720710435871,0.0044959461179368675,3,0.022607337306111797,0.013052352279344316,3,0.025458076932936006,0.014698227570280806,3,0.03187885114736923,0.018405263291389636,3
matrix_BC_s_loss,"BC S-loss, fixed kappa_D",0.0025,O26240-Na2880-Cl1600-I1280-allSk.dat,0,main,26240,2880,1600,1280,5760,0.82,0.09,0.05,0.04,0.18,0.4444444444444444,86,0.958478485231134,1,0.7625952127291019,0.7625952127291019,0.114762881457759,-0.0202316018661014,0.1207615738440931,-0.1653629468917785,0.1196112388680251,0.1627534652354067,-0.0025470476179713,0.6125544053762242,-0.4407264473159896,0.4889265764133091,0.035569888272925045,0.020536284569418188,3,0.016747304663005603,0.00966906085538696,3,0.0565718407694718,0.03266176749680719,3,0.07663327350036786,0.044244241084319604,3,0.0258998588556932,0.014953290482307783,3,0.024484104281330944,0.01413590419769329,3,0.018155131677480004,0.010481870161166184,3,0.16708291763104435,0.09646536747127153,3,0.15078352358861233,0.08705490793324562,3,0.17676426117784677,0.10205489377413515,3
matrix_BC_s_loss,"BC S-loss, fixed kappa_D",0.005,O26240-Na2880-Cl1600-I1280-allSk.dat,0,main,26240,2880,1600,1280,5760,0.82,0.09,0.05,0.04,0.18,0.4444444444444444,228,0.8730700816541219,1,0.7625952127291019,0.7625952127291019,0.1006100408134164,-0.0410056750125748,0.0767661002389828,-0.1473356217698264,0.1124018463327247,0.1495522210205888,0.0013983033050323,0.6057106396841793,-0.45287675098347,0.5084290552716902,0.009153495166845084,0.005284772898603948,3,0.004896228618891579,0.002826838911131003,3,0.024581322082159494,0.014192032921171677,3,0.021564786248952538,0.012450435145849488,3,0.0010179044735019465,0.000587687421785673,3,0.007861836033681012,0.004539033150370432,3,0.010123349442796723,0.005844718525899337,3,0.06894671006270178,0.039806401614439955,3,0.06588558407042104,0.03803905969877331,3,0.059149774992141343,0.0341501385142186,3
matrix_BC_s_loss,"BC S-loss, fixed kappa_D",0.01,O26240-Na2880-Cl1600-I1280-allSk.dat,0,main,26240,2880,1600,1280,5760,0.82,0.09,0.05,0.04,0.18,0.4444444444444444,467,0.6631447868410865,1,0.7625952127291019,0.7625952127291019,0.0990149710124451,-0.0397526340171569,0.0789610573169865,-0.147910096893755,0.1290789179057204,0.1702797188187499,0.003239863624443,0.6512653193991221,-0.4727171845541498,0.5333736748343608,0.003186518501085296,0.0018397373143793185,3,0.002509126865794204,0.0014486450713972058,3,0.012155243873469904,0.007017833322413398,3,0.010023448511525658,0.005787040696337693,3,0.0009793623410649667,0.0005654351112480407,3,0.0054242539491563034,0.003131694477698283,3,0.007253280179010823,0.004187683263859676,3,0.035214719258790765,0.020331227643499948,3,0.03160538870839124,0.018247379678632443,3,0.02479578381272425,0.014315852459044112,3
matrix_BC_s_loss,"BC S-loss, fixed kappa_D",0.0025,O26240-Na2880-Cl1280-I1600-allSk.dat,0,main,26240,2880,1280,1600,5760,0.82,0.09,0.04,0.05,0.18,0.5555555555555556,89,0.9704101028283496,1,0.7625952127291019,0.7625952127291019,0.0977907115289257,-0.0409871185815764,0.0771933034167019,-0.1240337795491548,0.1057958617211898,0.1360879689823291,0.0202192633023007,0.6509537835579674,-0.3996495943598976,0.3845844523869259,0.16233313578205077,0.09372307964216309,3,0.022038843857990157,0.012724132434038748,3,0.3354208241148966,0.19365530309454168,3,0.2811862541444317,0.1623429595227102,3,0.009231365965871543,0.005329731625383885,3,0.016828333071570285,0.009715842628883786,3,0.027241328693582378,0.015727788454322864,3,0.6641555287572306,0.38345037331176535,3,0.5764662031494027,0.33282291756702914,3,0.4908260905151546,0.28337857548421613,3
matrix_BC_s_loss,"BC S-loss, fixed kappa_D",0.005,O26240-Na2880-Cl1280-I1600-allSk.dat,0,main,26240,2880,1280,1600,5760,0.82,0.09,0.04,0.05,0.18,0.5555555555555556,229,0.870844261762078,1,0.7625952127291019,0.7625952127291019,0.1002895141492405,-0.0442676130154988,0.0773877062793573,-0.128608903887958,0.1122500423537011,0.1492218229249977,0.0171311791933712,0.6990383252620274,-0.4250368017933618,0.4031483614262894,0.00150156304398759,0.000866927827651429,3,0.005881605767961822,0.003395746673400014,3,0.013087148219269595,0.007555868547319833,3,0.005347896430578633,0.0030876094437928127,3,0.007181270224634725,0.0041461082973163026,3,0.00933601819384903,0.005390152617377982,3,0.007018042058245446,0.004051868471512124,3,0.02710488900084831,0.0156490149609947,3,0.01633828280261511,0.009432911974186067,3,0.005640309052601875,0.0032564339498323755,3
matrix_BC_s_loss,"BC S-loss, fixed kappa_D",0.01,O26240-Na2880-Cl1280-I1600-allSk.dat,0,main,26240,2880,1280,1600,5760,0.82,0.09,0.04,0.05,0.18,0.5555555555555556,467,0.6724443532892117,1,0.7625952127291019,0.7625952127291019,0.0990737438306991,-0.0408692970719374,0.0878084586576155,-0.1333701888904543,0.1256242295027365,0.1661313177046597,0.0199502222417985,0.7428597080778965,-0.4415453702555904,0.4216962170760595,0.001252211836897963,0.0007229648411154748,3,0.0017796945761147458,0.0010275071425951655,3,0.005360052924310062,0.0030946279987210555,3,0.0031914349931158516,0.0018425758523766284,3,0.0026776492670601048,0.0015459415251325556,3,0.0034202447956565105,0.001974679253466703,3,0.0032273309518845586,0.0018633003938345611,3,0.007942224919407444,0.004585445695184442,3,0.008727475262269314,0.005038810192016989,3,0.006477348372602973,0.003739698826557311,3
matrix_BC_s_loss,"BC S-loss, fixed kappa_D",0.0025,O26240-Na2880-Cl640-I2240-allSk.dat,0,main,26240,2880,640,2240,5760,0.82,0.09,0.02,0.07,0.18,0.7777777777777778,89,0.8947836562328191,1,0.7625952127291019,0.7625952127291019,0.1067874410597396,-0.0582629248297519,0.0782282906526249,-0.1078787272627735,0.0989704043521754,0.0942305328367053,0.0618535517094257,0.7948450045971492,-0.3180151450580296,0.2401215804571437,1.024985702953572,0.5917757715157627,3,0.335597780002745,0.19375746862402562,3,0.35254770795280416,0.20354351408873705,3,0.5683445813748808,0.3281338970492526,3,0.09456739621386429,0.05459851166063655,3,0.1331240248017184,0.07685919155487854,3,0.17827359156637188,0.10292630608024621,3,0.10802217518210312,0.06236663191983615,3,0.20196679995563072,0.11660558632175069,3,0.3087096988034478,0.17823362770561887,3
matrix_BC_s_loss,"BC S-loss, fixed kappa_D",0.005,O26240-Na2880-Cl640-I2240-allSk.dat,0,main,26240,2880,640,2240,5760,0.82,0.09,0.02,0.07,0.18,0.7777777777777778,238,0.73655992975281,1,0.7625952127291019,0.7625952127291019,0.1053019884576245,-0.053624322802438,0.087112050542378,-0.1073676163524882,0.1035446788357661,0.1203372954477266,0.0530856398477265,0.8791440363111941,-0.3334725865570955,0.2384420529222063,0.004556346135863242,0.002630607668061754,3,0.0006208156760425304,0.00035842809768029445,3,0.010976614092173431,0.006337351100906971,3,0.005197587527029706,0.0030008285578672425,3,0.003133703978176783,0.0018092448353609668,3,0.014589172240882797,0.0084230625205275,3,0.004265056497717111,0.0024624315170659367,3,0.03191413589442502,0.018425634949600585,3,0.0067027422798295305,0.0038698300595682656,3,0.006186736074999843,0.0035719137383063283,3
matrix_BC_s_loss,"BC S-loss, fixed kappa_D",0.01,O26240-Na2880-Cl640-I2240-allSk.dat,0,main,26240,2880,640,2240,5760,0.82,0.09,0.02,0.07,0.18,0.7777777777777778,473,0.5576985716853237,1,0.7625952127291019,0.7625952127291019,0.1020577558102176,-0.0524029374876458,0.0876251359216907,-0.1062569512533127,0.1091307620458261,0.1260460800353737,0.0563681891203445,0.904340031695849,-0.3404672593179608,0.2459029237977417,0.0020684177724966724,0.00119420155774756,3,0.0018566189333722467,0.0010719194409650225,3,0.0016184236174490482,0.000934397311197056,3,0.0019881013978177062,0.001147830877206324,3,0.0015073662996789785,0.0008702783388870284,3,0.006349266469630201,0.003665750705397662,3,0.0020459166174756718,0.0011812105098391078,3,0.017769991444043932,0.010259509343716111,3,0.002738601221488639,0.0015811321524295038,3,0.0020681463869282883,0.0011940448732165993,3
matrix_BC_s_loss,"BC S-loss, fixed kappa_D",0.0025,O26176-Na2912-Cl2880-I32-allSk.dat,0,main,26176,2912,2880,32,5824,0.818,0.091,0.09,0.001,0.182,0.0109890109890109,86,0.9455850360977422,1,0.7669252045948599,0.7669252045948599,0.0608911942176598,-0.0514137601852183,-0.0476580105929693,-0.0383324266506503,0.1279590258913678,0.1284687529946746,0.0018897068547696,0.1386373957571008,-0.0897160220120996,0.8691475709836232,0.0016163546138931357,0.0009332027714370956,3,0.002018371235076613,0.00116530717589608,3,0.002639594817520663,0.001523970778447096,3,0.01379685822509974,0.007965619810232437,3,0.00467571063049654,0.002699522791169972,3,0.006062667690864515,0.0035002828233278746,3,0.021737408334285023,0.012550098553284273,3,0.006925839205838972,0.003998635129855195,3,0.017587041593524207,0.010153883198270347,3,0.095057003764732,0.05488118671192729,3
matrix_BC_s_loss,"BC S-loss, fixed kappa_D",0.005,O26176-Na2912-Cl2880-I32-allSk.dat,0,main,26176,2912,2880,32,5824,0.818,0.091,0.09,0.001,0.182,0.0109890109890109,228,0.7555113387684751,1,0.7669252045948599,0.7669252045948599,0.0589987878321217,-0.0501832198128573,-0.0464545322834849,-0.0380110173671753,0.126540093515267,0.1282016872425678,-0.0091124371374026,0.1401395155495147,-0.1065140265023466,0.9235536694507004,0.001178083158166638,0.0006801666284952729,3,0.0018322893880623975,0.00105787277143112,3,0.0021025891861372772,0.0012139304326115531,3,0.0056367180194955725,0.0032543606659017833,3,0.00488328337501552,0.002819364971094435,3,0.0059074679897335785,0.003410678234101779,3,0.014870878443275098,0.00858570567231108,3,0.007061538419066411,0.004076981107140877,3,0.016345788207278316,0.009437245221588746,3,0.031575049439666394,0.018229863293667135,3
matrix_BC_s_loss,"BC S-loss, fixed kappa_D",0.01,O26176-Na2912-Cl2880-I32-allSk.dat,0,main,26176,2912,2880,32,5824,0.818,0.091,0.09,0.001,0.182,0.0109890109890109,461,0.6468892081327494,1,0.7669252045948599,0.7669252045948599,0.0581054280796593,-0.0521005155929844,-0.0483634832692619,-0.0381909542508842,0.1291883561848797,0.1308914825476843,-0.0093672601868636,0.1433793010569772,-0.111590318650926,0.9692807482614684,0.0008450675743165875,0.0004878999915151059,3,0.000685746137332392,0.0003959157169846026,3,0.0007997842471452152,0.0004617556503829122,3,0.0032538570979505194,0.001878615271406307,3,0.0014634058172908135,0.0008448977425465155,3,0.0018252747532872997,0.0010538228701554503,3,0.005055021468636786,0.002918518005676786,3,0.0020645126379023326,0.0011919469272382963,3,0.00441802560484288,0.002550748272242696,3,0.020375217824119315,0.011763637495552549,3
matrix_BC_s_loss,"BC S-loss, fixed kappa_D",0.0025,O26176-Na2912-Cl32-I2880-allSk.dat,0,main,26176,2912,32,2880,5824,0.818,0.091,0.001,0.09,0.182,0.989010989010989,98,0.8416375902260423,1,0.7669252045948599,0.7669252045948599,0.1010042484272686,-0.0665396294929471,0.0222540932778076,-0.0692540603211546,0.0925137974615042,0.0216814214207724,0.0907409207111555,0.9116897430287088,-0.0742989958946255,0.0990754461701253,0.007637601548244517,0.004409571309842075,3,0.007063493850261181,0.004078110075867559,3,0.006730712588178349,0.003885978724622773,3,0.007802611301023675,0.004504839735028035,3,0.00700426881570013,0.004043916486220971,3,0.010539855910792822,0.006085188647316104,3,0.00810078066927842,0.004676987900054013,3,0.02997921276563719,0.017308506560333697,3,0.009001719759886858,0.005197145326540252,3,0.00895943956099314,0.005172734842327572,3
matrix_BC_s_loss,"BC S-loss, fixed kappa_D",0.005,O26176-Na2912-Cl32-I2880-allSk.dat,0,main,26176,2912,32,2880,5824,0.818,0.091,0.001,0.09,0.182,0.989010989010989,253,0.681253565781839,1,0.7669252045948599,0.7669252045948599,0.0994626464483394,-0.0666105538910273,0.0254508434771481,-0.0696623447132121,0.0934704187273411,0.0260842096917056,0.0912387472253021,0.9843155112315976,-0.0775272434029356,0.0999163179129076,0.0040249224322026576,0.002323790049699568,3,0.0037004539965698707,0.0021364581110434413,3,0.0025077538640514885,0.0014478523684714512,3,0.003963712902266914,0.0022884507111141958,3,0.0036937674914421553,0.002132597655508017,3,0.005804893894231757,0.0033514570524519204,3,0.004294598200435689,0.0024794874270828277,3,0.028175986399778735,0.016267413332595487,3,0.003465607166559338,0.0020008692305185302,3,0.004603985558757443,0.002658112301693759,3
matrix_BC_s_loss,"BC S-loss, fixed kappa_D",0.01,O26176-Na2912-Cl32-I2880-allSk.dat,0,main,26176,2912,32,2880,5824,0.818,0.091,0.001,0.09,0.182,0.989010989010989,479,0.6405377749237339,1,0.7669252045948599,0.7669252045948599,0.0961696709266941,-0.0658724987309367,0.0263540966943782,-0.0690154118225871,0.0929479946325295,0.0255432051218482,0.0907704556808713,1.0004886305128118,-0.0797760417109043,0.0996824760906855,0.0019790133512607093,0.0011425838910802339,3,0.0017102301974963024,0.000987401864900717,3,0.004152979630266992,0.00239772390747368,3,0.0021289141822910564,0.0012291291762273535,3,0.0014002087176873657,0.0008084108800784614,3,0.004009494842348185,0.0023148829265441408,3,0.0018162730461734472,0.0010486257321301014,3,0.009166795862680419,0.005292452058924888,3,0.0030712306475493673,0.001773175841106056,3,0.002140865169181592,0.001236029081725686,3
matrix_BC_s_loss,"BC S-loss, fixed kappa_D",0.0025,O26112-Na2944-Cl2560-I384-allSk.dat,0,main,26112,2944,2560,384,5888,0.816,0.092,0.08,0.012,0.184,0.1304347826086956,86,0.982093840244982,1,0.7713046483648898,0.7713046483648898,0.0684205595637489,-0.0467875694645522,-0.0124692618375881,-0.0973534180430766,0.1342909651755313,0.1530343442750144,-0.0232981325494791,0.2868803920762942,-0.3169890752430096,0.7539526649649333,0.007331564524351145,0.004232880751715244,3,0.002697844683474648,0.001557601354235889,3,0.006993743389261131,0.00403783962843308,3,0.010599736486069013,0.0061197607135710435,3,0.3443794735586049,0.19882758176244214,3,0.3097106186070528,0.17881150902366746,3,0.15437000654321836,0.08912556483253142,3,0.27592286545098776,0.1593041406437007,3,0.1472732669983948,0.08502826034595887,3,0.05462729732654832,0.0315390848165844,3
matrix_BC_s_loss,"BC S-loss, fixed kappa_D",0.005,O26112-Na2944-Cl2560-I384-allSk.dat,0,main,26112,2944,2560,384,5888,0.816,0.092,0.08,0.012,0.184,0.1304347826086956,228,0.8750151851600793,1,0.7713046483648898,0.7713046483648898,0.0734372941435771,-0.0440173805795661,-0.0029557163035825,-0.1142469812885308,0.1263688495443265,0.1486770878733609,-0.0339830898126269,0.2963282839397671,-0.3534481238066179,0.8185042165764406,0.004261482361824108,0.0024603679887459907,3,0.0023204666283756403,0.0013397220325382193,3,0.0019394835497564802,0.0011197613495407548,3,0.008296711260029292,0.004790108479366511,3,0.008652310130162065,0.004995413582761194,3,0.00822917567165029,0.004751116789236014,3,0.009141773615017555,0.005278005457501004,3,0.008904623865252875,0.005141086985636113,3,0.0052639401006855935,0.0030391372341288933,3,0.011729491863683043,0.00677202528495493,3
matrix_BC_s_loss,"BC S-loss, fixed kappa_D",0.01,O26112-Na2944-Cl2560-I384-allSk.dat,0,main,26112,2944,2560,384,5888,0.816,0.092,0.08,0.012,0.184,0.1304347826086956,461,0.6987904456786891,1,0.7713046483648898,0.7713046483648898,0.0728709659424871,-0.0443445297371678,-0.0023713398455458,-0.1166616698148813,0.1286428318516835,0.1452774470429661,-0.0189088830337746,0.2901702905136261,-0.3469614323653213,0.8434942398749473,0.001108244827014125,0.0006398454492046153,3,0.0008063716614001938,0.00046555889577628765,3,0.0005471216161157967,0.00031588081234391836,3,0.0012162711764154197,0.0007022144911110254,3,0.002158464690208246,0.0012461901699280331,3,0.004791595045143298,0.0027664286891611605,3,0.007018299206871885,0.004052016936340819,3,0.00956363543422596,0.005521567492381802,3,0.011580325993329097,0.006685904329552175,3,0.010575162918609436,0.006105573157783307,3
matrix_BC_s_loss,"BC S-loss, fixed kappa_D",0.0025,O25984-Na3008-Cl2080-I928-allSk.dat,0,main,25984,3008,2080,928,6016,0.812,0.094,0.065,0.029,0.188,0.3085106382978723,86,0.9570245649376552,1,0.7802153194434958,0.7802153194434958,0.0597534565904575,-0.0447993128586775,-0.0016187977324722,-0.0782323853900451,0.1102963494436345,0.1366439305770017,-0.0059971804243938,0.3975878007429602,-0.3492266875258299,0.5120383209582309,0.011364844624247722,0.006561496103107694,3,0.011809689996584686,0.006818327698574199,3,0.013602495028890892,0.007853404166580704,3,0.030265723923320626,0.01747392385434806,3,0.028183826257226558,0.016271939676403398,3,0.05099412715592479,0.029441473040563184,3,0.025605644906576117,0.014783425979585691,3,0.1347962664532736,0.07782466072255405,3,0.11302923021076543,0.06525745648848161,3,0.12657803420608807,0.0730798621223786,3
matrix_BC_s_loss,"BC S-loss, fixed kappa_D",0.005,O25984-Na3008-Cl2080-I928-allSk.dat,0,main,25984,3008,2080,928,6016,0.812,0.094,0.065,0.029,0.188,0.3085106382978723,228,0.8778799277261283,1,0.7802153194434958,0.7802153194434958,0.0873825225830021,-0.0388234295642886,0.0485890082624899,-0.1426408013210622,0.1225722961084435,0.1662009466452893,-0.0281462821379923,0.5099939652721245,-0.4642986658674506,0.6444384361001877,0.008236716722084668,0.004755470616734275,3,0.0008411197580449621,0.00048562071872797175,3,0.013611461654338467,0.007858581050196583,3,0.019348572830198515,0.011170903731950193,3,0.01010572844056521,0.005834545035517582,3,0.017200530548806565,0.009930730942557852,3,0.007907081604936063,0.004565155693114174,3,0.01454823717847626,0.008399428651227791,3,0.018994964964571294,0.010966748135542747,3,0.037896450426634455,0.021879525855148713,3
matrix_BC_s_loss,"BC S-loss, fixed kappa_D",0.01,O25984-Na3008-Cl2080-I928-allSk.dat,0,main,25984,3008,2080,928,6016,0.812,0.094,0.065,0.029,0.188,0.3085106382978723,467,0.6986776405357681,1,0.7802153194434958,0.7802153194434958,0.0890645715548279,-0.0359697604602482,0.0535571626447875,-0.1449410452571876,0.1314339884325569,0.1682276824032826,-0.0152261151259006,0.5116965864691618,-0.4631987995691008,0.6660530505717391,0.00406640325755409,0.002347739015382425,3,0.002206357514296249,0.0012738411048074931,3,0.005481674415047394,0.0031648461991374975,3,0.009368565199521686,0.005408943639864406,3,0.003902585773998459,0.0022531589471536146,3,0.010383580704263304,0.005994963114758623,3,0.009599655676779714,0.005542363789116487,3,0.016349618238952236,0.009439456491406688,3,0.016226693154403823,0.009368485660752506,3,0.025546941871934157,0.014749533766732909,3
matrix_BC_s_loss,"BC S-loss, fixed kappa_D",0.0025,O25920-Na3040-Cl2880-I160-allSk.dat,0,main,25920,3040,2880,160,6080,0.81,0.095,0.09,0.005,0.19,0.0526315789473684,86,0.9522767625704494,1,0.7847483104534467,0.7847483104534467,0.0640274873736916,-0.0451764423397753,-0.0298085301070997,-0.070452664132171,0.119764754914723,0.1263948648896933,-0.0142055327527635,0.1804746807006786,-0.2147467802989104,0.8491729458155699,0.0025776030140831877,0.0014881797940449193,3,0.0039502102574467636,0.0022806549554925098,3,0.002638866734906686,0.0015235504197539241,3,0.008400209096783086,0.004849862983276857,3,0.009411697955243646,0.00543384634799137,3,0.0093866799110731,0.005419402173454908,3,0.004838959694144285,0.0027937746820119523,3,0.01369063460737265,0.007904291575943407,3,0.02155190568000817,0.012442998545902143,3,0.10965479680071899,0.06330922645082883,3
matrix_BC_s_loss,"BC S-loss, fixed kappa_D",0.005,O25920-Na3040-Cl2880-I160-allSk.dat,0,main,25920,3040,2880,160,6080,0.81,0.095,0.09,0.005,0.19,0.0526315789473684,228,0.7884832753749903,1,0.7847483104534467,0.7847483104534467,0.064606214974206,-0.0459564457398022,-0.0286975825672252,-0.0785659713624333,0.1220848232124595,0.1311489560237897,-0.0242624899766083,0.1930936885124593,-0.2475620934503386,0.944559268334129,0.0007023164511852949,0.0004054825921481327,3,0.0023515396294835965,0.0013576620380924274,3,0.0021565585237390272,0.0012450896442039094,3,0.003981941152150121,0.002298974796091121,3,0.003937457570587738,0.00227329218830156,3,0.0035448635916360376,0.00204662794887157,3,0.004056157861658428,0.0023418238333041104,3,0.00459961230304379,0.002655587401330247,3,0.012527153583317154,0.0072325554935079445,3,0.0375128204250022,0.021658036970437115,3
matrix_BC_s_loss,"BC S-loss, fixed kappa_D",0.01,O25920-Na3040-Cl2880-I160-allSk.dat,0,main,25920,3040,2880,160,6080,0.81,0.095,0.09,0.005,0.19,0.0526315789473684,461,0.6392877720251862,1,0.7847483104534467,0.7847483104534467,0.0636451411717354,-0.0489351132311516,-0.0309177260887065,-0.0821304107081539,0.1240326160487032,0.1319859063170743,-0.0193231372078552,0.1937299233690002,-0.2466132275900679,0.962063710994219,0.0010268407679767187,0.0005928467938062406,3,0.0013478936398985117,0.0007782067558343903,3,0.0008037759027925776,0.0004640602338454292,3,0.0031371382105373755,0.0018112275903388148,3,0.002467434783224949,0.0014245741363027704,3,0.001900564570480706,0.001097291466379301,3,0.00565976559407767,0.003267667189290925,3,0.004220562214208841,0.0024367427305050375,3,0.011365917387752545,0.0065621154634059806,3,0.038534765392136475,0.02224805717230907,3
matrix_BC_s_loss,"BC S-loss, fixed kappa_D",0.0025,O25920-Na3040-Cl2240-I800-allSk.dat,0,main,25920,3040,2240,800,6080,0.81,0.095,0.07,0.025,0.19,0.2631578947368421,86,0.9414296007414,1,0.7847483104534467,0.7847483104534467,0.0858113025177761,-0.0387677147739953,0.0336101780614257,-0.1318127735614439,0.1030465576393056,0.128273541718657,-0.0137679685857398,0.3961486652691274,-0.4128323393886088,0.6639619203837964,0.007507985748235231,0.004334737592815484,3,0.006313128559854888,0.003644886473460934,3,0.01974366617425184,0.011399010980494409,3,0.03157918476696717,0.018232250825997425,3,0.006893907660005393,0.003980199443272537,3,0.016509614166013726,0.009531830182964884,3,0.019896082116396516,0.011487008365720428,3,0.04565168258386935,0.02635701122875632,3,0.06606287116097881,0.03814141644823068,3,0.0951564947874052,0.05493862788064962,3
matrix_BC_s_loss,"BC S-loss, fixed kappa_D",0.005,O25920-Na3040-Cl2240-I800-allSk.dat,0,main,25920,3040,2240,800,6080,0.81,0.095,0.07,0.025,0.19,0.2631578947368421,228,0.8255389042146968,1,0.7847483104534467,0.7847483104534467,0.0879381030291494,-0.0382534338660208,0.0424078917783894,-0.1455316462960941,0.115595653024797,0.1531051838258639,-0.0308565628871855,0.4441039109018996,-0.4446710317831666,0.6839264399714655,0.004983215009644146,0.002877060527247831,3,0.000724444064569953,0.000418257975692289,3,0.0031241959037352136,0.0018037553460226517,3,0.005892455349107518,0.003402010681995076,3,0.0012548994148490827,0.0007245165149690218,3,0.005593465631902688,0.0032293888882819373,3,0.00911987164672218,0.0052653603502098864,3,0.009432163945337085,0.005445662392881049,3,0.009436095376701578,0.005447932205837639,3,0.017699003187007,0.010218524254406537,3
matrix_BC_s_loss,"BC S-loss, fixed kappa_D",0.01,O25920-Na3040-Cl2240-I800-allSk.dat,0,main,25920,3040,2240,800,6080,0.81,0.095,0.07,0.025,0.19,0.2631578947368421,467,0.6194221963965546,1,0.7847483104534467,0.7847483104534467,0.0861829099911956,-0.0383907893462004,0.0411228852441537,-0.1436491742175226,0.1268175134528767,0.1592969659272191,-0.0193419628898827,0.4534792240621313,-0.4482889259440206,0.7124264224479901,0.0026545213122447318,0.0015325885941940946,3,0.0004384749461472953,0.0002531536281910476,3,0.002700103097926144,0.0015589052504274017,3,0.0037615824642731246,0.0021717506483270644,3,0.0012674293373570648,0.0007317506691019304,3,0.00047504055911305694,0.00027426479467991375,3,0.0031509496652260627,0.0018192016374212285,3,0.0025182074161571723,0.0014538877295936555,3,0.004819578418747469,0.002782584897444362,3,0.014041913223143557,0.008107102379319298,3
matrix_BC_s_loss,"BC S-loss, fixed kappa_D",0.0025,O25920-Na3040-Cl800-I2240-allSk.dat,0,main,25920,3040,800,2240,6080,0.81,0.095,0.025,0.07,0.19,0.7368421052631579,89,0.9107686166301552,1,0.7847483104534467,0.7847483104534467,0.0981180328111538,-0.0471120692405986,0.0812177082001294,-0.1034207639429898,0.0991040252951903,0.130375723470955,0.0375382982310317,0.8392309738213418,-0.3496533134250893,0.2526886158043687,0.01242671871227151,0.0071745693936737165,3,0.00510295409969517,0.002946191923121311,3,0.032324501930722095,0.01866255989112298,3,0.013372849882345194,0.007720818479404454,3,0.01830965258047581,0.010571082846106234,3,0.028631149767069996,0.016530202025226353,3,0.013479664321539176,0.007782487824626438,3,0.14077566303107802,0.08127686694634095,3,0.07576489070809957,0.04374288004544386,3,0.029574909719369772,0.017075082087737017,3
matrix_BC_s_loss,"BC S-loss, fixed kappa_D",0.005,O25920-Na3040-Cl800-I2240-allSk.dat,0,main,25920,3040,800,2240,6080,0.81,0.095,0.025,0.07,0.19,0.7368421052631579,238,0.7689911616134384,1,0.7847483104534467,0.7847483104534467,0.1019399056085027,-0.0456331398635122,0.0961254851318933,-0.1106069641035174,0.1005879038279423,0.1316598894279579,0.0384995284621102,0.881782992770748,-0.373587000575059,0.2681115289396753,0.0032191238420948578,0.0018585620167882086,3,0.0021959402418479886,0.0012678266897552682,3,0.01764448891771289,0.010187050426354908,3,0.008563869041774834,0.004944352096573403,3,0.0021504686868923585,0.0012415736752611644,3,0.0047937411966176005,0.0027676677702925703,3,0.004903935257169522,0.0028312883408153204,3,0.07085757069511796,0.04090963751494929,3,0.03733531602914343,0.02155555475970571,3,0.01663657674209696,0.009605132060443548,3
matrix_BC_s_loss,"BC S-loss, fixed kappa_D",0.01,O25920-Na3040-Cl800-I2240-allSk.dat,0,main,25920,3040,800,2240,6080,0.81,0.095,0.025,0.07,0.19,0.7368421052631579,473,0.5654937252049929,1,0.7847483104534467,0.7847483104534467,0.1020010300514782,-0.0458424729577775,0.101200469492824,-0.1138837130283572,0.1063171431466541,0.136633856416264,0.0422013764610461,0.9027001894854492,-0.3802929203610251,0.2764316049399078,0.0019029256671703888,0.0010986546461886721,3,0.0013243346160206441,0.0007646049470566586,3,0.006913947889908842,0.003991769675401915,3,0.0026044898112911933,0.0015037028936506081,3,0.001015685833052725,0.0005864064891250801,3,0.004535361139963811,0.0026184919750302745,3,0.0029056406507031807,0.001677572411851801,3,0.024512260803674652,0.014152160373447874,3,0.0106703656414124,0.0061605384754211834,3,0.0036393733890352593,0.0021011932058410676,3
matrix_BC_s_loss,"BC S-loss, fixed kappa_D",0.0025,O25920-Na3040-Cl160-I2880-allSk.dat,0,main,25920,3040,160,2880,6080,0.81,0.095,0.005,0.09,0.19,0.9473684210526316,89,0.8793513666670733,1,0.7847483104534467,0.7847483104534467,0.097035633956391,-0.0579035296050794,0.0368048503932915,-0.0681652078843643,0.0898846636198967,0.0671105963404434,0.0765295939245076,0.9138633105526478,-0.146450064685017,0.1131452946862887,0.008019044400282586,0.004629797443146713,3,0.0043156514390135575,0.0024916425200430733,3,0.010825250830086496,0.0062499614807956586,3,0.00694948822048638,0.004012288894827945,3,0.003988569178704471,0.0023028014890064713,3,0.010966041746528885,0.006331247154303126,3,0.006505130694017178,0.0037557389573045154,3,0.0638615496030252,0.03687048285417324,3,0.012092695167955279,0.006981720810447067,3,0.008356728110489974,0.0048247592241359,3
matrix_BC_s_loss,"BC S-loss, fixed kappa_D",0.005,O25920-Na3040-Cl160-I2880-allSk.dat,0,main,25920,3040,160,2880,6080,0.81,0.095,0.005,0.09,0.19,0.9473684210526316,238,0.7016533649025488,1,0.7847483104534467,0.7847483104534467,0.0970877394728439,-0.0590920714246606,0.0486710771726577,-0.0721832149979169,0.0899486817405477,0.0646514266409863,0.07717499814793,0.9723536620027882,-0.1627629294216449,0.1176533635836449,0.0030021425756949056,0.0017332878242230902,3,0.0015084844803948047,0.0008709239208243133,3,0.001292420108665817,0.0007461790976442949,3,0.001440429049860542,0.0008316320996855408,3,0.002104131227001209,0.0012148207303194457,3,0.005692789914400945,0.003286733789519372,3,0.001421470179174345,0.0008206861905913338,3,0.04512206465376544,0.026051236174243177,3,0.005602886303037235,0.0032348279152974147,3,0.0013826386631777177,0.0007982668043776396,3
matrix_BC_s_loss,"BC S-loss, fixed kappa_D",0.01,O25920-Na3040-Cl160-I2880-allSk.dat,0,main,25920,3040,160,2880,6080,0.81,0.095,0.005,0.09,0.19,0.9473684210526316,479,0.6192158916871291,1,0.7847483104534467,0.7847483104534467,0.0946406351201094,-0.0600463257714197,0.0504557385675075,-0.0735842668656495,0.0902247381534318,0.0624002966530167,0.0779892155774039,0.9731131833168436,-0.165254766515577,0.1190772241065072,0.001008397971221301,0.0005821988401348906,3,0.0005330322476254246,0.00030774631165329016,3,0.0019520194172034688,0.0011269989359857992,3,0.0006391047972713112,0.00036898732674497275,3,0.0008012203514419162,0.0004625847855851969,3,0.0040728778177902365,0.0023514771044776486,3,0.0009745137443011576,0.0005626357726012635,3,0.0070031859213962365,0.004043291276903115,3,0.0035944663515673284,0.002075266115670449,3,0.0014859542924955346,0.0008579161107757768,3
matrix_BC_s_loss,"BC S-loss, fixed kappa_D",0.0025,O25856-Na3072-Cl3040-I32-allSk.dat,0,main,25856,3072,3040,32,6144,0.808,0.096,0.095,0.001,0.192,0.0104166666666666,86,0.9579753641629584,1,0.7889922535857528,0.7889922535857528,0.0578214199693794,-0.0465661766152548,-0.0442549791459824,-0.0249093074490858,0.11538945130893,0.117980309168578,-0.0193487005766973,0.1296911605555886,-0.1081068416396425,0.8641173783332143,0.007452598722765972,0.004302759878751195,3,0.01654296633815483,0.009551086068528608,3,0.017283934264690222,0.009978884100374697,3,0.009692860657949783,0.00559617571008484,3,0.03213081464952543,0.01855073448718548,3,0.03342267230608001,0.019296588852951945,3,0.013618718786427054,0.007862770957361473,3,0.03500281482865591,0.020208884563719113,3,0.014660915167950768,0.008464483318782644,3,0.035819601230585134,0.020680456412743378,3
matrix_BC_s_loss,"BC S-loss, fixed kappa_D",0.005,O25856-Na3072-Cl3040-I32-allSk.dat,0,main,25856,3072,3040,32,6144,0.808,0.096,0.095,0.001,0.192,0.0104166666666666,222,0.8234917768253517,1,0.7889922535857528,0.7889922535857528,0.0579712972745767,-0.0473933559955843,-0.0440545308333372,-0.0349677055594384,0.1160369292823204,0.1181499749725677,-0.0146584356575403,0.1299477083745772,-0.1089449818846384,0.9182415821749396,0.0026912649219842408,0.0015538025271681986,3,0.005026849141098275,0.0029022527047887284,3,0.004790353093804048,0.0027657116482211236,3,0.00314219286655273,0.0018141458973499405,3,0.008475765524555656,0.004893485507190358,3,0.008885633375776514,0.005130122821424894,3,0.0035689541161925673,0.002060536619709202,3,0.00947601648267993,0.005470980667120588,3,0.005453033535285148,0.003148310379496937,3,0.02251687698028985,0.013000124985880034,3
matrix_BC_s_loss,"BC S-loss, fixed kappa_D",0.01,O25856-Na3072-Cl3040-I32-allSk.dat,0,main,25856,3072,3040,32,6144,0.808,0.096,0.095,0.001,0.192,0.0104166666666666,461,0.6790577119176555,1,0.7889922535857528,0.7889922535857528,0.0580171193047462,-0.0503241755106675,-0.0471705883931429,-0.0333121827180057,0.1207134888765516,0.1224077392242835,-0.010337249157359,0.133948542125233,-0.1062228862129836,0.9340486835118154,0.0010052742105717324,0.0005803953360829782,3,0.0019112933435237718,0.0011034857263837897,3,0.0017917691814412409,0.0010344784192307759,3,0.002061783911951237,0.0011903714965758863,3,0.003431085137893455,0.0019809379279753106,3,0.003494347970662777,0.002017462741504377,3,0.001365465966916066,0.0007883521435682634,3,0.003830651386739797,0.0022116276093058353,3,0.003198766976199122,0.0018468089747834483,3,0.02595066782884056,0.014982625056631659,3
matrix_BC_s_loss,"BC S-loss, fixed kappa_D",0.0025,O25856-Na3072-Cl672-I2400-allSk.dat,0,main,25856,3072,672,2400,6144,0.808,0.096,0.021,0.075,0.192,0.78125,89,0.941342695159894,1,0.7889922535857528,0.7889922535857528,0.0969120293073173,-0.0523738566224225,0.0544904499523233,-0.0880878905597429,0.0826063813766033,0.0752933714354929,0.0536169446670996,0.6602371660969154,-0.2641799439302016,0.2004515348590363,0.017076847872950565,0.009859322716358298,3,0.0056000939007652415,0.0032332157210939938,3,0.04614599902663582,0.0266424049600524,3,0.03075089087131735,0.017754035122375878,3,0.014137932059435256,0.008162538880299585,3,0.03412825741567284,0.019703958605911558,3,0.006017557535095197,0.003474238462751273,3,0.1519949523160214,0.08775432663511928,3,0.09269893422956833,0.053519754631032694,3,0.04599084080806466,0.02655282432079336,3
matrix_BC_s_loss,"BC S-loss, fixed kappa_D",0.005,O25856-Na3072-Cl672-I2400-allSk.dat,0,main,25856,3072,672,2400,6144,0.808,0.096,0.021,0.075,0.192,0.78125,238,0.7967922423847645,1,0.7889922535857528,0.7889922535857528,0.1011556933496356,-0.0508958979708851,0.0726877299457627,-0.0960448667041285,0.0968259507094755,0.1131526669567346,0.0496712947561601,0.8089156294471967,-0.3000202884469917,0.2149524692647557,0.00564346571023488,0.003258256446966531,3,0.004719578394689179,0.0027248498566353396,3,0.03043448676918622,0.01757135912883777,3,0.010993999659339828,0.006347388662790505,3,0.005492162447445908,0.003170901467466049,3,0.01141181204826217,0.006588612758005579,3,0.003994684734921337,0.002306332307034523,3,0.09577146941067483,0.055293683644939126,3,0.05672447543103914,0.032749891159750764,3,0.02736405974311154,0.01579864725880645,3
matrix_BC_s_loss,"BC S-loss, fixed kappa_D",0.01,O25856-Na3072-Cl672-I2400-allSk.dat,0,main,25856,3072,672,2400,6144,0.808,0.096,0.021,0.075,0.192,0.78125,473,0.6393439940224273,1,0.7889922535857528,0.7889922535857528,0.0995952321744482,-0.0502036636156601,0.0826065052699612,-0.1005102154969593,0.1011377700316113,0.1178391601815235,0.0520697023284974,0.8651042872414125,-0.3244503696294202,0.2305931415418387,0.004436237752255963,0.002561263060454161,3,0.0013521642832663011,0.0007806724129323964,3,0.012819090437900986,0.007401105315088292,3,0.005420009750521921,0.0031292440884742273,3,0.004382809878813187,0.002530416463339745,3,0.0047000321279049755,0.0027135648142458274,3,0.003405916341168273,0.0019664067164108477,3,0.04252158950081255,0.024549851144664892,3,0.024348780574525684,0.014057775019141535,3,0.009036742786006576,0.005217365880098306,3
matrix_BC_s_loss,"BC S-loss, fixed kappa_D",0.0025,O25600-Na3200-Cl2880-I320-allSk.dat,0,main,25600,3200,2880,320,6400,0.8,0.1,0.09,0.01,0.2,0.1,86,0.9367156817522366,1,0.8059909930677207,0.8059909930677207,0.0642575002609395,-0.0515177948857615,-0.0106667717288772,-0.1309132566817488,0.1527071698950716,0.1979415728705605,-0.1109222467049593,0.3521920490037564,-0.4306299331041036,0.9411228565415324,0.009944691359323162,0.005741570233312973,3,0.050599847600603765,0.029213835633162624,3,0.07052166180475793,0.04071570042667674,3,0.05337775839443455,0.030817663177765596,3,0.5485740078073102,0.31671935107798244,3,0.7337369245182638,0.4236232108849877,3,0.4664690332661365,0.2693160219248284,3,0.9859008330654809,0.5692101113646317,3,0.6374650255506106,0.36804060410061673,3,0.4376600386215931,0.2526831411117188,3
matrix_BC_s_loss,"BC S-loss, fixed kappa_D",0.005,O25600-Na3200-Cl2880-I320-allSk.dat,0,main,25600,3200,2880,320,6400,0.8,0.1,0.09,0.01,0.2,0.1,228,0.8231971214753749,1,0.8059909930677207,0.8059909930677207,0.0714994781434795,-0.0404689825357028,-0.0040068442650931,-0.115953626607118,0.1142943407283751,0.1353110179628052,-0.0445026135194019,0.2626456505102869,-0.3600459422524394,0.939408206205806,0.0012395718909602037,0.0007156671649257671,3,0.001310880131037398,0.0007568369965297737,3,0.001988398199552375,0.0011480022357677308,3,0.004612092247529026,0.0026627927006382694,3,0.003083480479988608,0.0017802482851623793,3,0.00407292447127448,0.0023515040398793354,3,0.0025392243945928155,0.0014660218877510266,3,0.007056229613518176,0.004073916066828528,3,0.00862669703999311,0.00498062585825737,3,0.017981421258333054,0.010381578403910649,3
matrix_BC_s_loss,"BC S-loss, fixed kappa_D",0.01,O25600-Na3200-Cl2880-I320-allSk.dat,0,main,25600,3200,2880,320,6400,0.8,0.1,0.09,0.01,0.2,0.1,461,0.6637446968079319,1,0.8059909930677207,0.8059909930677207,0.0708881411040154,-0.0432422012751929,-0.0090934969764439,-0.1094633561397155,0.1171368100475144,0.1342154424477776,-0.032227209746691,0.2547248204622819,-0.3397479660846235,0.9173325128223484,0.0010649450088888747,0.0006148462875541403,3,0.0011857384264664216,0.0006845863997088718,3,0.001194717465388864,0.0006897704502478081,3,0.001032660203582475,0.0005962066465197558,3,0.002900546527442201,0.001674631318415789,3,0.004640934503492508,0.002679444784882822,3,0.0050785927934952,0.0029321269164289472,3,0.00949428510761376,0.00548152806264386,3,0.013944291658344153,0.00805074054260365,3,0.02588796057631578,0.014946421007506337,3
matrix_BC_s_loss,"BC S-loss, fixed kappa_D",0.0025,O25600-Na3200-Cl2560-I640-allSk.dat,0,main,25600,3200,2560,640,6400,0.8,0.1,0.08,0.02,0.2,0.2,86,0.9445657534990828,1,0.8059909930677207,0.8059909930677207,0.1288941949990762,-0.0102060260661234,0.1130961092156463,-0.2490135864952795,0.1267197798111193,0.2132809444352603,-0.1432078471190523,0.560318078402557,-0.6437254667425163,0.967228452415434,0.016395583803024853,0.009465994722197467,3,0.03693986832310676,0.021327242920175016,3,0.08147730851127849,0.047040946001832826,3,0.08261160480757497,0.047695832273840395,3,0.02512393474992856,0.014505310490973849,3,0.08572916259838902,0.0494957551035811,3,0.11537718884232183,0.0666130510364568,3,0.23934647937206316,0.1381867542950499,3,0.2873437098873404,0.16589796825340172,3,0.3173815757950901,0.18324033822112287,3
matrix_BC_s_loss,"BC S-loss, fixed kappa_D",0.005,O25600-Na3200-Cl2560-I640-allSk.dat,0,main,25600,3200,2560,640,6400,0.8,0.1,0.08,0.02,0.2,0.2,228,0.8284903356874955,1,0.8059909930677207,0.8059909930677207,0.0836146572851827,-0.0363422975767196,0.030273535560809,-0.1418109189616891,0.1186605922723945,0.1603583500041246,-0.0553835494367889,0.4086449823714507,-0.458717793373975,0.7935942053720698,0.0019129002333579863,0.0011044134646621313,3,0.0068891392562016335,0.003977446404052832,3,0.012727118012110069,0.007348005010299884,3,0.010369756819685326,0.005986981891276281,3,0.004539588246218861,0.0026209324959645206,3,0.004528390530380579,0.0026144674917109798,3,0.004059928512569242,0.002344000819622489,3,0.014022056832764224,0.008095638286988656,3,0.0231233029195204,0.013350245165138363,3,0.037990494195076996,0.02193382205017462,3
matrix_BC_s_loss,"BC S-loss, fixed kappa_D",0.01,O25600-Na3200-Cl2560-I640-allSk.dat,0,main,25600,3200,2560,640,6400,0.8,0.1,0.08,0.02,0.2,0.2,461,0.6542246112461316,1,0.8059909930677207,0.8059909930677207,0.0810397773540814,-0.0376835599077295,0.0253298832610658,-0.1349227681100006,0.1236476504196131,0.1551464758081971,-0.033808400020009,0.3909732872556026,-0.4350285081345497,0.7944591356138541,0.0012164176578559666,0.0007022990622101564,3,0.0032236124745079276,0.0018611535299201877,3,0.004592702801532045,0.002651598198772475,3,0.002175511321934211,0.0012560320473437954,3,0.001484604542708757,0.0008571368323730422,3,0.0029506575555042634,0.0017035629339567898,3,0.005650009900930472,0.003262034737226259,3,0.01238221814506568,0.007148876979218339,3,0.018732795242865658,0.01081538437614263,3,0.02492242095403948,0.014388966446671864,3
matrix_BC_s_loss,"BC S-loss, fixed kappa_D",0.0025,O25600-Na3200-Cl2240-I960-allSk.dat,0,main,25600,3200,2240,960,6400,0.8,0.1,0.07,0.03,0.2,0.3,86,0.9355165723247816,1,0.8059909930677207,0.8059909930677207,0.07477724384809,-0.0536010010408829,-0.0105425064986722,-0.081757646568255,0.0896053535832946,0.0739032430023406,0.0507071763823424,0.2297157377511319,-0.2159683413051697,0.4224753050216734,0.025715936813282273,0.014847103041611928,3,0.010841412305545277,0.006259292313002287,3,0.023797366682430533,0.0137394160601055,3,0.04968162177238599,0.028683697704064225,3,0.01539081876399347,0.008885893356440374,3,0.03390856949439632,0.01957712172542485,3,0.023703826922930465,0.013685410854778203,3,0.03115655530799895,0.01798824559409466,3,0.03660162109303914,0.021131955790842833,3,0.090391193569934,0.05218737993997297,3
matrix_BC_s_loss,"BC S-loss, fixed kappa_D",0.005,O25600-Na3200-Cl2240-I960-allSk.dat,0,main,25600,3200,2240,960,6400,0.8,0.1,0.07,0.03,0.2,0.3,228,0.8888860565668295,1,0.8059909930677207,0.8059909930677207,0.0855944900170167,-0.0432039771603426,0.0394587433097437,-0.13915353556377,0.1078629067049979,0.1324731649072179,-0.0054262781778893,0.4445515698815716,-0.4372019374853007,0.6579300076314873,0.007863257412450595,0.004539853783785671,3,0.0031826195341792883,0.0018374862447865735,3,0.006798592303780067,0.00392516909669794,3,0.01603345367458901,0.00925691879506336,3,0.0021989240442160164,0.0012695493888556578,3,0.0033600436902453358,0.0019399221290520483,3,0.004222410587696281,0.002437809889435574,3,0.010286615570053417,0.005938980268420536,3,0.021520164046529764,0.012424672505268866,3,0.0395183210549057,0.02281591329897186,3
matrix_BC_s_loss,"BC S-loss, fixed kappa_D",0.01,O25600-Na3200-Cl2240-I960-allSk.dat,0,main,25600,3200,2240,960,6400,0.8,0.1,0.07,0.03,0.2,0.3,467,0.7278270257109741,1,0.8059909930677207,0.8059909930677207,0.0896483850228958,-0.0360161864474917,0.0548014386172699,-0.1494668393940488,0.1198099031624342,0.156149344584758,-0.0197801085105495,0.492466615324887,-0.467166786092601,0.6774956810757695,0.004296662399482617,0.0024806791929582322,3,0.0005207321008566458,0.00030064481860526385,3,0.006221314591532636,0.003591877654134714,3,0.009942722528553145,0.005740433528337915,3,0.0014492324231119692,0.0008367147296020291,3,0.005318889111795258,0.003070862060484762,3,0.006032395070386566,0.0034828049177458554,3,0.005203634383665382,0.003004319712173601,3,0.01471035812648552,0.008493029224202215,3,0.03141247587020403,0.01813600139957492,3
matrix_BC_s_loss,"BC S-loss, fixed kappa_D",0.0025,O25600-Na3200-Cl1920-I1280-allSk.dat,0,main,25600,3200,1920,1280,6400,0.8,0.1,0.06,0.04,0.2,0.4,86,0.979835547418262,1,0.8059909930677207,0.8059909930677207,0.0686967407128752,-0.0523184947883497,0.0206648154493947,-0.108031930381317,0.0961754983050928,0.143116655275712,-0.0232145746867677,0.5504654948535295,-0.4478924908116932,0.5118485655952878,0.014687138407683433,0.008479623313301323,3,0.10728145417919799,0.061938976449414464,3,0.16405077986306169,0.09471476191470671,3,0.03668449391042231,0.021179802434267512,3,0.5952431430478802,0.3436637888719726,3,1.137204032550129,0.6565650543163449,3,0.4550917468925703,0.2627473425744025,3,2.121417858040736,1.2248011714034983,3,0.8004599232519702,0.46214575216503223,3,0.2666759519727645,0.1539654326578753,3
matrix_BC_s_loss,"BC S-loss, fixed kappa_D",0.005,O25600-Na3200-Cl1920-I1280-allSk.dat,0,main,25600,3200,1920,1280,6400,0.8,0.1,0.06,0.04,0.2,0.4,228,0.8946333036245122,1,0.8059909930677207,0.8059909930677207,0.09237386095449,-0.0306441461464282,0.0750723573866003,-0.1403971340794077,0.1153025979146468,0.1777835696280355,-0.0354301003471935,0.6453253500631168,-0.5092584075789207,0.5676917154826037,0.0038702560432264644,0.002234493368389575,3,0.007567926804352136,0.004369344577700091,3,0.019954918281227106,0.011520977441323455,3,0.01386075165115474,0.00800250869696474,3,0.003860242538928628,0.002228712068987688,3,0.015674843432269454,0.009049875075126007,3,0.014767158116605068,0.008525822713787703,3,0.07063877727619362,0.04078331707563641,3,0.06189674419200444,0.035736101921215166,3,0.05267288541394582,0.030410704572735932,3
matrix_BC_s_loss,"BC S-loss, fixed kappa_D",0.01,O25600-Na3200-Cl1920-I1280-allSk.dat,0,main,25600,3200,1920,1280,6400,0.8,0.1,0.06,0.04,0.2,0.4,467,0.7150459958513444,1,0.8059909930677207,0.8059909930677207,0.0952887406109147,-0.0304389985371355,0.0798828387210869,-0.1459643795717934,0.1248568825605746,0.1749489315176878,-0.0168517414119403,0.6160578186776497,-0.477895105001785,0.5586546362131244,0.0027871511657998104,0.0016091624758466999,3,0.0037831590014587623,0.002184207867879372,3,0.013574012035686754,0.007836959502786968,3,0.010955746815132094,0.0063253033728899,3,0.002826725887797218,0.0016320109522450078,3,0.015809863025901896,0.009127828673855571,3,0.014969495843331255,0.008642642454780284,3,0.05493072956476074,0.03171427150099715,3,0.04229441510069018,0.02441869194360125,3,0.028319256858939053,0.01635013057075862,3
matrix_BC_s_loss,"BC S-loss, fixed kappa_D",0.0025,O25600-Na3200-Cl1600-I1600-allSk.dat,0,main,25600,3200,1600,1600,6400,0.8,0.1,0.05,0.05,0.2,0.5,89,0.9773306090005256,1,0.8059909930677207,0.8059909930677207,0.0851079697959141,-0.0493599301016474,0.0476053191204932,-0.117410801708031,0.0868892845896298,0.1038037635902507,0.0190762411012993,0.5610306241114341,-0.4142299338167313,0.441207812701288,0.020071428085602937,0.01158824440824307,3,0.0012978697619345188,0.00074932545642597,3,0.0357861262924396,0.02066112964819395,3,0.03762156554137925,0.02172082099265046,3,0.03157941556624183,0.01823238407802078,3,0.050748162353376196,0.02929946519560058,3,0.010952034409906256,0.0063231600147334215,3,0.04800627927415384,0.02771643826172507,3,0.07269159634070627,0.04196851271513038,3,0.07439508714257752,0.042952023588152796,3
matrix_BC_s_loss,"BC S-loss, fixed kappa_D",0.005,O25600-Na3200-Cl1600-I1600-allSk.dat,0,main,25600,3200,1600,1600,6400,0.8,0.1,0.05,0.05,0.2,0.5,229,0.8886550636808123,1,0.8059909930677207,0.8059909930677207,0.0956342120895684,-0.039181742382159,0.0799533834770392,-0.1353647349512972,0.1071830700764281,0.1472803904571198,0.0042993609017506,0.6707883191991876,-0.4625023935431236,0.4685826080399161,0.006784267966569211,0.003916898936753289,3,0.0028359032091206673,0.001637309481181541,3,0.01624139137290819,0.00937697168116261,3,0.020225379302746854,0.011677128184903181,3,0.00806206368645993,0.0046546346396015474,3,0.015886325784348194,0.009171974468027522,3,0.007684717405017053,0.004436773662432798,3,0.03173338923100091,0.018321280814817546,3,0.05337491408497845,0.030816021014935458,3,0.06041682678766899,0.03488167120944369,3
matrix_BC_s_loss,"BC S-loss, fixed kappa_D",0.01,O25600-Na3200-Cl1600-I1600-allSk.dat,0,main,25600,3200,1600,1600,6400,0.8,0.1,0.05,0.05,0.2,0.5,467,0.6999016001842592,1,0.8059909930677207,0.8059909930677207,0.1010345864688428,-0.0365711469391088,0.0934206240395167,-0.1451400360323438,0.1169741663210517,0.1640980548540186,0.0013283976044987,0.7066269593938274,-0.4745572646602301,0.4764359025687362,0.00616019078457625,0.0035565878077345498,3,0.0005480011786409721,0.00031638862800459746,3,0.012674996193253222,0.00731791246415223,3,0.012939290457651811,0.00747050282884803,3,0.00458523847386234,0.0026472886671830512,3,0.008574279897549119,0.004950362806957181,3,0.002342908480370258,0.0013526788418284257,3,0.013711778211306635,0.007916498841366332,3,0.02574094092588093,0.014861539172751612,3,0.028699721912005437,0.016569792171563742,3
matrix_BC_s_loss,"BC S-loss, fixed kappa_D",0.0025,O25600-Na3200-Cl1280-I1920-allSk.dat,0,main,25600,3200,1280,1920,6400,0.8,0.1,0.04,0.06,0.2,0.6,89,0.9611605856691388,1,0.8059909930677207,0.8059909930677207,0.1086556797463276,-0.0677687612179563,0.049864933554977,-0.128203642285911,0.0755458373122266,0.0896874352025808,0.0242997724000986,0.6039669882950734,-0.3773509999682579,0.3394766725578119,0.015104723577792536,0.008720716223673408,3,0.044449880790172806,0.025663150639653045,3,0.07786729887512793,0.044956705966624155,3,0.00949187436613075,0.005480136220399697,3,0.0965930964653649,0.05576805024613792,3,0.10286440642551704,0.05938879273980334,3,0.04081530660551389,0.023564728255750556,3,0.045138059130840166,0.026060470589887818,3,0.09598124200097581,0.055414795906418,3,0.026489884276877,0.015293941818056971,3
matrix_BC_s_loss,"BC S-loss, fixed kappa_D",0.005,O25600-Na3200-Cl1280-I1920-allSk.dat,0,main,25600,3200,1280,1920,6400,0.8,0.1,0.04,0.06,0.2,0.6,229,0.8776606140429886,1,0.8059909930677207,0.8059909930677207,0.1004763917358515,-0.0452464327743703,0.0840626549509604,-0.1270497638879762,0.0999398212487584,0.1468016132985149,0.0091587391068841,0.7659045025569448,-0.4358383398210531,0.3676843956455133,0.0030662145853894394,0.0017702798162677498,3,0.002363891242678659,0.0013647932452955228,3,0.008711980664978962,0.005029864382100419,3,0.0041416850820964754,0.0023912029970470576,3,0.011188706769523105,0.0064598028652679525,3,0.015702836007580306,0.009066036596017039,3,0.0018399598232703598,0.0010623012992632386,3,0.007089411162071663,0.004093073442818012,3,0.026060505082433155,0.015046039624560394,3,0.01925402806479064,0.011116318286191487,3
matrix_BC_s_loss,"BC S-loss, fixed kappa_D",0.01,O25600-Na3200-Cl1280-I1920-allSk.dat,0,main,25600,3200,1280,1920,6400,0.8,0.1,0.04,0.06,0.2,0.6,470,0.6844268417202191,1,0.8059909930677207,0.8059909930677207,0.1027860398440868,-0.0384080102780758,0.1008530678394494,-0.1319307131229662,0.1123964089932015,0.1610042104942718,0.0136437526845214,0.793062448875658,-0.4396772359979483,0.3766089688797192,0.0028596233308466,0.001651004299845219,3,0.0024228020113332997,0.0013988053934364474,3,0.008511210663949862,0.004913949767961066,3,0.0039233503754016715,0.0022651473953633743,3,0.0021394205239554415,0.0012351950154154843,3,0.003568324856927139,0.0020601733167029167,3,0.00319074644578825,0.0018421783193916879,3,0.021288390356417167,0.012290857902891285,3,0.014454147227053278,0.008345105792445693,3,0.007695762898153035,0.004443150780868189,3
matrix_BC_s_loss,"BC S-loss, fixed kappa_D",0.0025,O25600-Na3200-Cl960-I2240-allSk.dat,0,main,25600,3200,960,2240,6400,0.8,0.1,0.03,0.07,0.2,0.7,89,0.9401445108574672,1,0.8059909930677207,0.8059909930677207,0.0908718234342858,-0.0489837491932088,0.0581687073441358,-0.0966271362113603,0.0995544496043481,0.1461244126249171,0.0233294432487069,0.7989284558279797,-0.348369367749358,0.2559453033700321,0.017024749136702454,0.00982924349696101,3,0.014239319442401232,0.008221074913147424,3,0.038622624991999,0.022298782935940592,3,0.014026117608111064,0.008097982776728274,3,0.010738539608965455,0.006199898733939664,3,0.05762827555597853,0.033271700405178135,3,0.024969096997315237,0.014415914872821829,3,0.20169924381087037,0.11645111270954997,3,0.0674546550299674,0.038944963239645025,3,0.02433712373714997,0.014051044940944769,3
matrix_BC_s_loss,"BC S-loss, fixed kappa_D",0.005,O25600-Na3200-Cl960-I2240-allSk.dat,0,main,25600,3200,960,2240,6400,0.8,0.1,0.03,0.07,0.2,0.7,229,0.8452703229574977,1,0.8059909930677207,0.8059909930677207,0.0979841603361209,-0.04345688074632,0.0894019528901999,-0.1104682237684657,0.1037632869124415,0.1484263265915478,0.0268530095834653,0.8619498667558847,-0.3868752523173635,0.2853647893365252,0.008694592308200142,0.005019825209633402,3,0.005367011023050144,0.0030986452589016897,3,0.012789096010408181,0.007383788024301133,3,0.007171295528265967,0.0041403494036827155,3,0.00730439254767766,0.004217193003668394,3,0.0348205721158972,0.020103666684450027,3,0.01618687635612586,0.009345497421548455,3,0.09952038352171061,0.05745812021611442,3,0.032479223172793226,0.018751888241882102,3,0.014101430191013023,0.008141464516740086,3
matrix_BC_s_loss,"BC S-loss, fixed kappa_D",0.01,O25600-Na3200-Cl960-I2240-allSk.dat,0,main,25600,3200,960,2240,6400,0.8,0.1,0.03,0.07,0.2,0.7,470,0.6704393011749789,1,0.8059909930677207,0.8059909930677207,0.1018458736040854,-0.042835834139149,0.1016708875671623,-0.1177578342177947,0.1076714645096133,0.1450820366162389,0.0337135269662128,0.875325087194684,-0.3996285805305513,0.3019136891157279,0.003904882489022169,0.002254484956190805,3,0.002975568982191242,0.0017179455528604144,3,0.008045746654111166,0.004645213996582613,3,0.005832937792407763,0.0033676482046129637,3,0.003006622668020202,0.0017358744067330946,3,0.018166610753973016,0.010488497609069471,3,0.008568507166700512,0.004947029919247779,3,0.06634592703302233,0.03830483883215072,3,0.0228330736808279,0.013182681236052547,3,0.008531975500118787,0.0049259383517128745,3
matrix_BC_s_loss,"BC S-loss, fixed kappa_D",0.0025,O25600-Na3200-Cl640-I2560-allSk.dat,0,main,25600,3200,640,2560,6400,0.8,0.1,0.02,0.08,0.2,0.8,89,0.9198679909666796,1,0.8059909930677207,0.8059909930677207,0.0980647916801018,-0.0493085906086844,0.0806265162618497,-0.0954419383687879,0.1036968199019291,0.1468749832273077,0.0424990775619794,0.9555014112827608,-0.3135394822961796,0.2042851543529008,0.017282135487098407,0.00997784557564785,3,0.03398592338122647,0.0196217820128091,3,0.03741459601932441,0.02160132708337805,3,0.02443099944526874,0.014105244106297507,3,0.004584981455769613,0.0026471402777180283,3,0.07595764879604518,0.04385416897940774,3,0.03310802254496108,0.019114925728669477,3,0.23115443946189854,0.1334570778477042,3,0.031691300164985545,0.018296980681223637,3,0.0220494363193878,0.012730247994478057,3
matrix_BC_s_loss,"BC S-loss, fixed kappa_D",0.005,O25600-Na3200-Cl640-I2560-allSk.dat,0,main,25600,3200,640,2560,6400,0.8,0.1,0.02,0.08,0.2,0.8,238,0.7618564238131036,1,0.8059909930677207,0.8059909930677207,0.1019406912249735,-0.0478711293136719,0.0845640964735584,-0.0958035978893059,0.0974791889935085,0.1257511749200056,0.0461094590305143,0.9131590869299476,-0.3159854557791742,0.2095446702885729,0.005131852003790628,0.0029628761358298393,3,0.0027847984073974806,0.0016078041101497767,3,0.005811626253996356,0.003355343982174293,3,0.00022171393692744352,0.00012800660116815124,3,0.006931773562922183,0.004002061332514654,3,0.023402283134537114,0.013511314467376842,3,0.004425143230345172,0.0025548576352424353,3,0.07455794058238314,0.043046047065463035,3,0.011280604303755158,0.006512859931394692,3,0.0011231811574630355,0.000648468943609999,3
matrix_BC_s_loss,"BC S-loss, fixed kappa_D",0.01,O25600-Na3200-Cl640-I2560-allSk.dat,0,main,25600,3200,640,2560,6400,0.8,0.1,0.02,0.08,0.2,0.8,473,0.5891599532125189,1,0.8059909930677207,0.8059909930677207,0.0995101283349724,-0.0483458729759204,0.0898350676635871,-0.0989698630346577,0.0976648212972951,0.1216558874634424,0.0483646459838393,0.929086575813266,-0.3285278707909722,0.2183372534592746,0.00178699006001183,0.0010317191921870156,3,0.0012510648315394663,0.0007223026172629847,3,0.0007516005887867621,0.00043393680225911835,3,0.001704873349002672,0.0009843090869809115,3,0.0017885074102377493,0.001032595234748405,3,0.007094575973806298,0.004096055348263318,3,0.0015584529918278803,0.0008997732543512044,3,0.028598451828375223,0.016511323861518983,3,0.006660086103647947,0.0038452025047672283,3,0.0019728591928172673,0.0011390307860462772,3
matrix_BC_s_loss,"BC S-loss, fixed kappa_D",0.0025,O25600-Na3200-Cl320-I2880-allSk.dat,0,main,25600,3200,320,2880,6400,0.8,0.1,0.01,0.09,0.2,0.9,89,0.8936198308430168,1,0.8059909930677207,0.8059909930677207,0.0946652614526994,-0.0534658686852486,0.0494344507328941,-0.0728361242859173,0.0821253638922368,0.0755070266639296,0.0613987256352299,0.8578745094271791,-0.2063667752740322,0.1335088645710425,0.008437123085680268,0.004871175284703509,3,0.007305841396133459,0.004218029496714364,3,0.017421847674778352,0.010058508444813938,3,0.01297717322684027,0.007492374455836635,3,0.004570736726477,0.002638916079426405,3,0.006627381296689404,0.0038263203756659188,3,0.0069061614383114645,0.003987274165476137,3,0.09930611891098318,0.057334414485433124,3,0.037480838606654875,0.021639572259005112,3,0.01910055925538016,0.011027713027766135,3
matrix_BC_s_loss,"BC S-loss, fixed kappa_D",0.005,O25600-Na3200-Cl320-I2880-allSk.dat,0,main,25600,3200,320,2880,6400,0.8,0.1,0.01,0.09,0.2,0.9,238,0.7317700984550256,1,0.8059909930677207,0.8059909930677207,0.0994369158839348,-0.0549349669623876,0.0650337334757373,-0.0795844507543278,0.0860417874488986,0.0774081699001639,0.0648932841301481,0.9255330840070276,-0.2269156525390735,0.1440420784129333,0.00507516371357191,0.0029301471362121628,3,0.003028234821853607,0.0017483521895665787,3,0.013964468417643094,0.008062389600016269,3,0.005995107338081567,0.0034612768354620933,3,0.001302663152314139,0.0007520929216519747,3,0.007015964960299944,0.0040506692584541554,3,0.003657080814970705,0.0021114165929715526,3,0.09256490740797688,0.05344237420950824,3,0.027394762857541055,0.01581637371018729,3,0.009029886769767717,0.005213407557277232,3
matrix_BC_s_loss,"BC S-loss, fixed kappa_D",0.01,O25600-Na3200-Cl320-I2880-allSk.dat,0,main,25600,3200,320,2880,6400,0.8,0.1,0.01,0.09,0.2,0.9,479,0.6134554046011493,1,0.8059909930677207,0.8059909930677207,0.0966312532694218,-0.0537552435312394,0.0679759159952623,-0.0793216405770038,0.0872957308415375,0.0807375600272199,0.065105259813682,0.9578913700534204,-0.2341922625476132,0.1466910570719593,0.003063560919565836,0.001768747721590153,3,0.0011145736650372592,0.0006434994055409295,3,0.0073312202662299255,0.004232681994196287,3,0.0026787879965392124,0.0015465989709038527,3,0.0007732240636198584,0.0004464211212748216,3,0.004454261501661214,0.0025716690770250885,3,0.0018866661318624836,0.001089267199101755,3,0.05937633059377821,0.034280940451810064,3,0.01513800987026339,0.00873993407359178,3,0.0035513022493647633,0.0020503453096444696,3
matrix_BC_s_loss,"BC S-loss, fixed kappa_D",0.0025,O25536-Na3232-Cl1472-I1760-allSk.dat,0,main,25536,3232,1472,1760,6464,0.798,0.101,0.046,0.055,0.202,0.5445544554455446,89,0.9737111007805824,1,0.8103557463837034,0.8103557463837034,0.1004062577225009,-0.0492670389561877,0.0569629844364125,-0.1188573057390194,0.1126302753455526,0.1509210093432127,0.0146064283246853,0.6134407692610294,-0.3564926632313709,0.3458164814483785,0.009100853995570366,0.005254380504198033,3,0.007854517194589032,0.004534807616650522,3,0.00928605620466926,0.0053613070494757924,3,0.011842461594423528,0.006837248389408229,3,0.03625438641131821,0.020931479753879278,3,0.0645753859337694,0.037282616451885735,3,0.010131465810320511,0.005849404512874037,3,0.10691557432554036,0.06172773561741417,3,0.027988964988649695,0.01615943647053591,3,0.028469876669360964,0.016437090958851,3
matrix_BC_s_loss,"BC S-loss, fixed kappa_D",0.005,O25536-Na3232-Cl1472-I1760-allSk.dat,0,main,25536,3232,1472,1760,6464,0.798,0.101,0.046,0.055,0.202,0.5445544554455446,229,0.8902775964801178,1,0.8103557463837034,0.8103557463837034,0.0984017844629318,-0.0431732888449402,0.0664541105601233,-0.1192794247806936,0.1063274665694135,0.1420919591628267,0.014139758977987,0.6503753513504125,-0.4022348828166222,0.3870166811233068,0.005110617395140967,0.0029506163288098215,3,0.0021783810174439834,0.0012576888668188548,3,0.012865015250312372,0.007427620017896489,3,0.010266112101346658,0.0059271425852433675,3,0.0023114067899313684,0.0013344913323736045,3,0.011586507325546351,0.006689473123371757,3,0.009057488301629928,0.0052293433091279255,3,0.033396043545738024,0.019281214731000314,3,0.021685339424612676,0.012520036554268534,3,0.02286560731549306,0.013201464538784194,3
matrix_BC_s_loss,"BC S-loss, fixed kappa_D",0.01,O25536-Na3232-Cl1472-I1760-allSk.dat,0,main,25536,3232,1472,1760,6464,0.798,0.101,0.046,0.055,0.202,0.5445544554455446,467,0.7104012457220935,1,0.8103557463837034,0.8103557463837034,0.100453255575373,-0.038693013914792,0.0876901004228482,-0.13262902500285,0.1155429222766517,0.1588947056409944,0.0112612508548318,0.7270242002601086,-0.4495626713789419,0.4263985870010062,0.0034608780250350037,0.00199813885938642,3,0.00045898172979390116,0.00026499322524962894,3,0.009793021484715385,0.005654003590380216,3,0.008391662557229547,0.0048449286363649825,3,0.003939712413879989,0.0022745940226833222,3,0.006929250276062682,0.004000604512167078,3,0.00228824198910864,0.001321117128382878,3,0.03412775705506855,0.019703669722581977,3,0.027378810754548948,0.015807163759230657,3,0.022155403836482804,0.012791428368998214,3
matrix_BC_s_loss,"BC S-loss, fixed kappa_D",0.0025,O25280-Na3360-Cl2880-I480-allSk.dat,0,main,25280,3360,2880,480,6720,0.79,0.105,0.09,0.015,0.21,0.1428571428571428,86,0.946350892496453,1,0.8268737547161753,0.8268737547161753,0.0702471019929077,-0.0428033105252257,-0.0045476488350142,-0.1021074957648736,0.0990729182308796,0.1229655678981017,-0.039080593981564,0.2769193018468258,-0.352974676970274,0.7612103179369859,0.0023173990346093496,0.0013379509564514869,3,0.011469250806803886,0.006621775040711556,3,0.010866424238457722,0.00627373295920224,3,0.006118909960567879,0.0035327543128809476,3,0.014550586611801388,0.008400785097190496,3,0.026984482767965567,0.015579498390027738,3,0.028052798812784437,0.01619629094608351,3,0.03812916223049368,0.02201388207775044,3,0.022002769282913903,0.01270330476840757,3,0.022060139398265864,0.012736427419949466,3
matrix_BC_s_loss,"BC S-loss, fixed kappa_D",0.005,O25280-Na3360-Cl2880-I480-allSk.dat,0,main,25280,3360,2880,480,6720,0.79,0.105,0.09,0.015,0.21,0.1428571428571428,228,0.8386599859260541,1,0.8268737547161753,0.8268737547161753,0.076199021027639,-0.0404691061697277,0.0070948770873566,-0.1244500193579567,0.1105482485162568,0.1364193450331445,-0.0416746129281062,0.3052965437672477,-0.386889091489014,0.8374201994043959,0.002469075255354803,0.0014255212633285397,3,0.002055974054593561,0.0011870171738664788,3,0.0004877498028418341,0.00028160247996791984,3,0.006598506160214468,0.003809649307849227,3,0.0034261386475536813,0.0019780820704460985,3,0.008433889954830619,0.004869308635737139,3,0.011940729865026808,0.006893983601893832,3,0.01022767768097703,0.005904952462296815,3,0.0048418429651395384,0.0027954393392972086,3,0.02962432014094582,0.017103609207934724,3
matrix_BC_s_loss,"BC S-loss, fixed kappa_D",0.01,O25280-Na3360-Cl2880-I480-allSk.dat,0,main,25280,3360,2880,480,6720,0.79,0.105,0.09,0.015,0.21,0.1428571428571428,461,0.6671339184866905,1,0.8268737547161753,0.8268737547161753,0.0761372521232648,-0.0410832161365822,0.0064891562551863,-0.1245910946425087,0.1131639312542177,0.135851718473466,-0.0333637714591532,0.3028061069713696,-0.3822905908169254,0.8481446388884658,0.001377202571341047,0.0007951282752923983,3,0.00013333536771607265,7.698121044337228e-05,3,0.00025204582791284836,0.0001455187265936051,3,0.0005636127234193175,0.0003254019575848411,3,0.00227153717931569,0.001311472601952157,3,0.00398717600437312,0.0023019971394312375,3,0.0041735706900906805,0.0024096121614057865,3,0.0069290634190350385,0.004000496630211868,3,0.007286256649310487,0.004206722237864111,3,0.014884274609783608,0.00859343995265088,3
matrix_BC_s_loss,"BC S-loss, fixed kappa_D",0.0025,O25280-Na3360-Cl480-I2880-allSk.dat,0,main,25280,3360,480,2880,6720,0.79,0.105,0.015,0.09,0.21,0.8571428571428571,89,0.8895006316417782,1,0.8268737547161753,0.8268737547161753,0.0957377465045444,-0.0492886383183828,0.0536519503699839,-0.0751411310717727,0.0822234651447352,0.0906478684427275,0.0518046554953309,0.7949696119077981,-0.2266340966586282,0.1484784057276384,0.010952620899738618,0.006323498624796013,3,0.00785841085042506,0.004537055619895584,3,0.008079571601215725,0.004664742838898755,3,0.011779597701560167,0.00680095390394126,3,0.006968626259055834,0.004023338246547781,3,0.037243345702851406,0.021502455667063554,3,0.0101658211784214,0.0058692395938951935,3,0.08429525294754289,0.04866788698067149,3,0.007098976353300871,0.004098595908549046,3,0.013865884595556037,0.008005472203796564,3
matrix_BC_s_loss,"BC S-loss, fixed kappa_D",0.005,O25280-Na3360-Cl480-I2880-allSk.dat,0,main,25280,3360,480,2880,6720,0.79,0.105,0.015,0.09,0.21,0.8571428571428571,238,0.7456095333056375,1,0.8268737547161753,0.8268737547161753,0.0974626641525588,-0.0495142200498035,0.0695724705973975,-0.0818843123558489,0.0853067969205147,0.0929585067107038,0.0541917203268806,0.8658478717226314,-0.253074250481992,0.161850878026222,0.004570020071508879,0.0026385023184876443,3,0.0026371763407554397,0.0015225744702356654,3,0.003214507677776914,0.0018558968730766202,3,0.003570481076259853,0.002061418210515091,3,0.003302817777493655,0.0019068827329202433,3,0.011744963365000373,0.0067809577604052585,3,0.0033727986344204704,0.0019472861995050608,3,0.04156135293275068,0.023995458303608646,3,0.004509946329140983,0.002603818727160311,3,0.002163039393091884,0.001248831375869364,3
matrix_BC_s_loss,"BC S-loss, fixed kappa_D",0.01,O25280-Na3360-Cl480-I2880-allSk.dat,0,main,25280,3360,480,2880,6720,0.79,0.105,0.015,0.09,0.21,0.8571428571428571,479,0.6131424500098999,1,0.8268737547161753,0.8268737547161753,0.0965368538198585,-0.0496571715046292,0.0784567037856295,-0.0856656905855578,0.0881357524251329,0.0983728157594993,0.0550369590924608,0.917408639658201,-0.2682757236789777,0.1689698156827517,0.0026679232855620935,0.0015403262270965456,3,0.0008901000827584267,0.0005138995223862859,3,0.0026491470958367137,0.001529485788904242,3,0.0018434676369368437,0.00106432653642785,3,0.0011059409577613406,0.0006385153096713426,3,0.0053686289171831,0.0030995793505148718,3,0.001087427060638599,0.0006278263061837786,3,0.016737703168511066,0.009663517429955916,3,0.0012061522743197905,0.0006963723402622104,3,0.0009444254387407853,0.0005452642812865228,3
matrix_BC_s_loss,"BC S-loss, fixed kappa_D",0.0025,O25088-Na3456-Cl1760-I1696-allSk.dat,0,main,25088,3456,1760,1696,6912,0.784,0.108,0.055,0.053,0.216,0.4907407407407407,89,0.9353888828602416,1,0.8394166542538771,0.8394166542538771,0.0633525627674727,-0.0421496907534976,-0.0014167180465999,-0.0587251813116051,0.0799879732894844,0.0875981873924133,0.02494658189797,0.3647165344165706,-0.2464884693723619,0.2867071966391553,0.006807886357916752,0.0039305350213556176,3,0.007495594455199453,0.0043275834764456705,3,0.00875719761736836,0.005055970401734373,3,0.0027335270536357707,0.0015782025802537369,3,0.0009703463777614987,0.0005602297424077795,3,0.009277430406741494,0.005356326942720221,3,0.008221341285927757,0.0047465936045301745,3,0.04727960587389216,0.027296893178471053,3,0.03790459770551341,0.021884229688802638,3,0.03222020673428951,0.018602345031387444,3
matrix_BC_s_loss,"BC S-loss, fixed kappa_D",0.005,O25088-Na3456-Cl1760-I1696-allSk.dat,0,main,25088,3456,1760,1696,6912,0.784,0.108,0.055,0.053,0.216,0.4907407407407407,229,0.8957804199969008,1,0.8394166542538771,0.8394166542538771,0.0952092628583545,-0.0403800711325745,0.0710594765200222,-0.1300300689890191,0.0863506624083832,0.1168270869495764,0.0042539937356775,0.6003193399310705,-0.4447714015357366,0.4591581508688935,0.006721256283045884,0.0038805191243090047,3,0.0022516999985173953,0.0013000196002782981,3,0.011932334354758998,0.006889136451780727,3,0.01399438763230255,0.008079663466653847,3,0.004036709863714844,0.002330595526456183,3,0.011453205770307624,0.006612511434571282,3,0.0065267118620483296,0.0037681988504767268,3,0.03530476043198239,0.020383212939080284,3,0.033974437472789984,0.019615150620481407,3,0.03930237753191488,0.022691238247843356,3
matrix_BC_s_loss,"BC S-loss, fixed kappa_D",0.01,O25088-Na3456-Cl1760-I1696-allSk.dat,0,main,25088,3456,1760,1696,6912,0.784,0.108,0.055,0.053,0.216,0.4907407407407407,467,0.7398885424813639,1,0.8394166542538771,0.8394166542538771,0.1019343492656965,-0.0358658291597993,0.0893426574023906,-0.1422109729891977,0.1053129095816719,0.1518659806476738,-0.0043714168981514,0.672924974929466,-0.4687164982889796,0.4712381462163031,0.004745140645764009,0.0027396082291744855,3,0.001464767456304948,0.0008456838851978653,3,0.012210030434553357,0.007049464358202904,3,0.013215766014570125,0.0076301260660591695,3,0.0012707661125062996,0.0007336771571325664,3,0.002334332391951201,0.001347727434871089,3,0.0015544886806687598,0.0008974844582363347,3,0.02031142970891017,0.011726809410065448,3,0.02026284164177494,0.01169875707642552,3,0.018930856603679692,0.010929735156124675,3
matrix_BC_s_loss,"BC S-loss, fixed kappa_D",0.0025,O24960-Na3520-Cl2880-I640-allSk.dat,0,main,24960,3520,2880,640,7040,0.78,0.11,0.09,0.02,0.22,0.1818181818181818,86,0.9466416631353668,1,0.8473113211912621,0.8473113211912621,0.0659540743317426,-0.0434375224810685,0.0009323900748654,-0.1038479180403893,0.1633894590374627,0.1991119141108711,-0.0391979072193212,0.3831794263554488,-0.3458874824042079,0.6418109121198735,0.01722643612856353,0.009945687536004048,3,0.023931949531060252,0.013817117503990176,3,0.031084084108740192,0.01794640432769412,3,0.022319346232079783,0.012886080555227723,3,0.001978846603135205,0.0011424876190050872,3,0.006241791460042137,0.0036036999796808353,3,0.01353336923773949,0.007813494372451496,3,0.022793393756164057,0.013159772020866455,3,0.034147937395574396,0.019715320847605366,3,0.04078940449491852,0.02354977366522574,3
matrix_BC_s_loss,"BC S-loss, fixed kappa_D",0.005,O24960-Na3520-Cl2880-I640-allSk.dat,0,main,24960,3520,2880,640,7040,0.78,0.11,0.09,0.02,0.22,0.1818181818181818,228,0.8682307657159246,1,0.8473113211912621,0.8473113211912621,0.0814019391966353,-0.0406148657203287,0.0149014416711746,-0.1268610344943012,0.1113776483373223,0.140544705285591,-0.0369366039751945,0.3413834032728589,-0.3945770080007034,0.7504002194729832,0.003512584945611768,0.0020279918639003816,3,0.0014503446715637349,0.0008373568865450617,3,0.004107533598692008,0.0023714856289102633,3,0.00950496444326647,0.005487693779957718,3,0.0013575549392895463,0.0007837847096385256,3,0.0002763196139632114,0.0001595332035040336,3,0.003241779310604558,0.0018716421576309011,3,0.0040335322107160005,0.002328760907641909,3,0.009053450245598409,0.005227011936391125,3,0.017053924777125872,0.009846088060813251,3
matrix_BC_s_loss,"BC S-loss, fixed kappa_D",0.01,O24960-Na3520-Cl2880-I640-allSk.dat,0,main,24960,3520,2880,640,7040,0.78,0.11,0.09,0.02,0.22,0.1818181818181818,461,0.6925663518083094,1,0.8473113211912621,0.8473113211912621,0.0815828264888588,-0.039247242104786,0.0177602177412519,-0.1297180526495135,0.1123018293861603,0.1399463983617546,-0.0335000066477677,0.3467480851925948,-0.4073603710061526,0.7855773626079154,0.0012951716916430765,0.0007477677248169132,3,0.00095599755909185,0.0005519454480863048,3,0.0005454872202106549,0.0003149371934281223,3,0.0030190081847057113,0.001743025188125526,3,0.002414591913263839,0.001394065291105971,3,0.0032023079335149864,0.0018488533474429517,3,0.0023369420271726585,0.0013492341084686843,3,0.0023716384671933015,0.001369266107454524,3,0.004972037641744652,0.002870607270882227,3,0.015968838977785154,0.009219613482470048,3
matrix_BC_s_loss,"BC S-loss, fixed kappa_D",0.0025,O24960-Na3520-Cl640-I2880-allSk.dat,0,main,24960,3520,640,2880,7040,0.78,0.11,0.02,0.09,0.22,0.8181818181818182,89,0.8867623763707017,1,0.8473113211912621,0.8473113211912621,0.0995616163237965,-0.049085509091341,0.0572364750436241,-0.0812476051895598,0.0781869854845464,0.0919019867225446,0.0431159527697166,0.7830125444925843,-0.2675141841609249,0.1737738750611295,0.009254655896751642,0.005343178073246919,3,0.0014120551261730082,0.0008152504072065773,3,0.014092805844685724,0.008136485248066434,3,0.006190690695868419,0.0035741969397293434,3,0.005497292899092294,0.003173863535105154,3,0.024460069994948545,0.014122027995980632,3,0.005515677957486685,0.0031844781535182226,3,0.10079116409380369,0.05819180572149331,3,0.024761522770603884,0.014296071837153201,3,0.00809961830998259,0.00467631681160167,3
matrix_BC_s_loss,"BC S-loss, fixed kappa_D",0.005,O24960-Na3520-Cl640-I2880-allSk.dat,0,main,24960,3520,640,2880,7040,0.78,0.11,0.02,0.09,0.22,0.8181818181818182,238,0.7685708274182841,1,0.8473113211912621,0.8473113211912621,0.1007034997692032,-0.0483618792274032,0.078498581506294,-0.0904706553823434,0.0861907042611441,0.1118698533613912,0.0425514542021109,0.914339109374898,-0.3073468133781014,0.1919270799012857,0.0021586209532482954,0.00124628038843627,3,0.0015461196873414792,0.0008926526176859831,3,0.008092344500118412,0.004672117275518552,3,0.0021930554865539323,0.0012661611755096986,3,0.0028240938561673768,0.0016304913480750033,3,0.008414699340599411,0.004858228929444836,3,0.0017876876819865747,0.001032121964421927,3,0.024008475029347737,0.013861299521026325,3,0.007676883224837491,0.004432250596397248,3,0.002703657084842012,0.0015609571457299745,3
matrix_BC_s_loss,"BC S-loss, fixed kappa_D",0.01,O24960-Na3520-Cl640-I2880-allSk.dat,0,main,24960,3520,640,2880,7040,0.78,0.11,0.02,0.09,0.22,0.8181818181818182,479,0.6202369176727818,1,0.8473113211912621,0.8473113211912621,0.1007595090133986,-0.0473088929774276,0.0900199743633502,-0.0947377719607783,0.0879765189360251,0.1128941892349376,0.0440428700477428,0.9433387827429748,-0.3198849445879912,0.1994864338913495,0.0007394922079062823,0.0004269460252983228,3,0.000472948222356981,0.000273056783490558,3,0.0029400692621854604,0.0016974497799589201,3,0.0015155128750700107,0.0008749817663820144,3,0.001191058313922787,0.0006876578381638628,3,0.0017380690925355088,0.0010034746584455447,3,0.001156158912715725,0.0006675086594824089,3,0.005642921182278026,0.00325794206360406,3,0.004311667016052842,0.002489342112374139,3,0.0021006636759585595,0.0012128187387915432,3
matrix_BC_s_loss,"BC S-loss, fixed kappa_D",0.0025,O24832-Na3584-Cl3136-I448-allSk.dat,0,main,24832,3584,3136,448,7168,0.776,0.112,0.098,0.014,0.224,0.125,86,0.9535196163338638,1,0.8553558958087877,0.8553558958087877,0.0725215389104861,-0.0399899897880055,0.0011200357575482,-0.1160721079086904,0.0929663353916373,0.1082390811471079,-0.0234251861434286,0.2342543581444103,-0.3136324221090839,0.7635369600971695,0.008544895987005889,0.004933397998295203,3,0.005294704513637603,0.0030568990762281966,3,0.00789820120559935,0.0045600285921666124,3,0.034535870960875105,0.01993929439595942,3,0.008393972650401028,0.00484626236927939,3,0.015542033374922031,0.008973197152765382,3,0.021609469955565765,0.012476233295891025,3,0.019448216099440346,0.011228432800269897,3,0.021621419582588366,0.01248313241626924,3,0.09620300406913007,0.055542830296162915,3
matrix_BC_s_loss,"BC S-loss, fixed kappa_D",0.005,O24832-Na3584-Cl3136-I448-allSk.dat,0,main,24832,3584,3136,448,7168,0.776,0.112,0.098,0.014,0.224,0.125,228,0.8629365269191641,1,0.8553558958087877,0.8553558958087877,0.0775151490457624,-0.041039016532638,0.0036485847756286,-0.1257291154874708,0.1022948356560067,0.1246220528900524,-0.0403854719305136,0.2731276624470323,-0.3701434762714641,0.8650802233732906,0.004042746482908709,0.0023340807701727564,3,0.001676775982597522,0.0009680870649233786,3,0.00531950263589898,0.0030712162787912005,3,0.014439900294303696,0.008336880321987596,3,0.003512104484953407,0.0020277144698099417,3,0.0031043393949047498,0.0017922911853042174,3,0.003345345326118215,0.0019314360245666078,3,0.003524802130993687,0.002035045459169372,3,0.016017082779179806,0.009247467054191981,3,0.04458541657380524,0.02574140226081806,3
matrix_BC_s_loss,"BC S-loss, fixed kappa_D",0.01,O24832-Na3584-Cl3136-I448-allSk.dat,0,main,24832,3584,3136,448,7168,0.776,0.112,0.098,0.014,0.224,0.125,461,0.6988152082571761,1,0.8553558958087877,0.8553558958087877,0.0780689788045414,-0.0417796420046209,0.0028575288268339,-0.125730983348056,0.1078721641882392,0.1287115655253371,-0.0354302380427464,0.2792575325920333,-0.3747946997796244,0.8914017220056826,0.002316745074542372,0.0013375733924307783,3,0.0017405885512589523,0.0010049292686177369,3,0.0029630183510888815,0.0017106994426149668,3,0.005646987521129058,0.0032602897654343196,3,0.0015714241037538467,0.0009072621293133499,3,0.001339834438566194,0.0007735537737757232,3,0.0009289473629277778,0.0005363280100493456,3,0.0011041501714693003,0.000637481398723572,3,0.006698613651106895,0.003867446394663868,3,0.015266064529932068,0.008813866465822478,3
matrix_BC_s_loss,"BC S-loss, fixed kappa_D",0.0025,O24832-Na3584-Cl448-I3136-allSk.dat,0,main,24832,3584,448,3136,7168,0.776,0.112,0.014,0.098,0.224,0.875,89,0.92993469792088,1,0.8553558958087877,0.8553558958087877,0.1002172138049811,-0.0486107703388793,0.069863085144251,-0.0783728635636997,0.0831235210715475,0.1083370101415109,0.04791524094933,0.9860164113226544,-0.25686203778202,0.1483082719569613,0.004733738209203642,0.0027330250293569397,3,0.001587633534116241,0.0009166206482964887,3,0.008208729808517147,0.0047393123646522805,3,0.002087747065548134,0.0012053613302940665,3,0.0027482933444518067,0.0015867279022313075,3,0.020131490763541354,0.011622921611519066,3,0.005436176961370269,0.003138578232009567,3,0.12073274312143153,0.06970508174116044,3,0.024285990995293626,0.014021523438669603,3,0.003506107106944697,0.002024251882002181,3
matrix_BC_s_loss,"BC S-loss, fixed kappa_D",0.005,O24832-Na3584-Cl448-I3136-allSk.dat,0,main,24832,3584,448,3136,7168,0.776,0.112,0.014,0.098,0.224,0.875,238,0.7760496844482532,1,0.8553558958087877,0.8553558958087877,0.1028232857443224,-0.0487817879869489,0.0841872738156328,-0.0839697235422114,0.0812267885807762,0.092812717906295,0.0517551795586179,0.9512156154217836,-0.2603047397894267,0.1537145580532616,0.0014442206798135691,0.0008338211982595885,3,0.0010158900650947293,0.0005865244025495084,3,0.002550306078556213,0.0014724199009703686,3,0.0001814218912460503,0.00010474397774779815,3,0.0018298835452231728,0.0010564837574202656,3,0.006673648570509403,0.003853032798660565,3,0.002037244521922718,0.0011762036731371717,3,0.029432426449161966,0.016992819333327525,3,0.004366100212209813,0.0025207691328282176,3,0.0008215186342364381,0.0004743040046207013,3
matrix_BC_s_loss,"BC S-loss, fixed kappa_D",0.01,O24832-Na3584-Cl448-I3136-allSk.dat,0,main,24832,3584,448,3136,7168,0.776,0.112,0.014,0.098,0.224,0.875,479,0.6403435868142343,1,0.8553558958087877,0.8553558958087877,0.1013479930195235,-0.0500684058382104,0.0831171480776146,-0.084940706370767,0.0824788152805362,0.0896962002259516,0.0542715853640343,0.957378491579583,-0.2659657855713927,0.1585443832017685,0.0011028172497360303,0.0006367118360020599,3,0.0008427116316917972,0.0004865397874064879,3,0.0008987532265916931,0.0005188954173077588,3,0.0006226505427103385,0.0003594874584448805,3,0.0012193652769875278,0.0007040008709092318,3,0.005178442173336084,0.0029897749827584993,3,0.0007681585146814677,0.0004434965252316485,3,0.022026650545642457,0.01271709262187249,3,0.0027910278983389056,0.0016114007084217228,3,0.0004344060329350141,0.00025080444005262783,3
matrix_BC_s_loss,"BC S-loss, fixed kappa_D",0.0025,O24704-Na3648-Cl1952-I1696-allSk.dat,0,main,24704,3648,1952,1696,7296,0.772,0.114,0.061,0.053,0.228,0.4649122807017544,86,0.955965932295804,1,0.8633907552500859,0.8633907552500859,0.1015707193592892,-0.0206596281219097,0.1149574718012166,-0.1536283160561647,0.1440693360137168,0.2500543107218477,-0.0569698852414869,0.8265335864116694,-0.5199899850600891,0.4743032374610104,0.027390773026499164,0.015814070180161233,3,0.003685361330095062,0.0021277443559914212,3,0.03346556051965192,0.01932135037460275,3,0.036235870592464775,0.020920789640879983,3,0.018715328853780723,0.010805300151702672,3,0.030952421946682112,0.0178703891429878,3,0.012184414316125295,0.00703467488533287,3,0.04463917759370679,0.025772441200130124,3,0.019148019853246545,0.011055114416720193,3,0.01410529205121864,0.00814369416276937,3
matrix_BC_s_loss,"BC S-loss, fixed kappa_D",0.005,O24704-Na3648-Cl1952-I1696-allSk.dat,0,main,24704,3648,1952,1696,7296,0.772,0.114,0.061,0.053,0.228,0.4649122807017544,228,0.871567716327712,1,0.8633907552500859,0.8633907552500859,0.1058913409902926,-0.0339876633145877,0.09098416134572,-0.1474562848367509,0.1039514443894261,0.1598053946193801,-0.0189862965640241,0.6695264768137776,-0.483909487449513,0.4913024388075328,0.0024617106192725063,0.001421269288703942,3,0.006659537142376571,0.0038448855618294243,3,0.00847118010608445,0.00489083811460166,3,0.006663310001901892,0.0038470638232919836,3,0.01217820811099388,0.007031091731129601,3,0.0283639381356524,0.016375927317896808,3,0.013042846690586123,0.007530291047808918,3,0.05444811417068621,0.03143563337331316,3,0.032296610791330865,0.018646456934287448,3,0.03154725518429959,0.01821381627284919,3
matrix_BC_s_loss,"BC S-loss, fixed kappa_D",0.01,O24704-Na3648-Cl1952-I1696-allSk.dat,0,main,24704,3648,1952,1696,7296,0.772,0.114,0.061,0.053,0.228,0.4649122807017544,467,0.6851068957298287,1,0.8633907552500859,0.8633907552500859,0.1057433843975588,-0.0327019793102263,0.093467713045565,-0.148235093154632,0.1086930010654332,0.1637152974118552,-0.0162269076325475,0.6806128512151834,-0.4900688744209229,0.5019573001799711,0.002337558648171217,0.00134959011476819,3,0.001972070166388439,0.0011385752414251953,3,0.007575020517260847,0.004373440134757488,3,0.0060501935160616645,0.0034930808551475304,3,0.0033267216677147077,0.0019206836503740474,3,0.008684834138182603,0.005014191327546978,3,0.004439435847258477,0.002563109481464756,3,0.027232290426517168,0.015722570208399757,3,0.019981691943731356,0.011536435222577475,3,0.018384801166915907,0.010614469902716646,3
matrix_BC_s_loss,"BC S-loss, fixed kappa_D",0.0025,O24704-Na3648-Cl1632-I2016-allSk.dat,0,main,24704,3648,1632,2016,7296,0.772,0.114,0.051,0.063,0.228,0.5526315789473685,89,0.979180549618311,1,0.8633907552500859,0.8633907552500859,0.0688785310919696,-0.0506396434265734,-0.0219459965266096,-0.0483741197225573,0.08917918922548,0.0925174280654658,0.0367213388086088,0.353061710766636,-0.1932090282199283,0.2232340138885851,0.02122831764352908,0.012256174905934397,3,0.0047609229081596125,0.002748720122617008,3,0.01804835678013929,0.010420223645443828,3,0.02257933581526695,0.013036185611067333,3,0.012744046051244493,0.007357778418250996,3,0.031635039792958,0.018264498740288827,3,0.011321250183201093,0.0065363268408342515,3,0.059828630109392184,0.03454207569890413,3,0.027248456145873234,0.015731903490821625,3,0.027026835617851987,0.01560395081931061,3
matrix_BC_s_loss,"BC S-loss, fixed kappa_D",0.005,O24704-Na3648-Cl1632-I2016-allSk.dat,0,main,24704,3648,1632,2016,7296,0.772,0.114,0.051,0.063,0.228,0.5526315789473685,229,0.9122861013648916,1,0.8633907552500859,0.8633907552500859,0.1002557876816506,-0.042948803571306,0.0790790713878,-0.1289243450803653,0.0885570379568163,0.1308571914831333,0.0013887872038478,0.688607557250367,-0.4435374175731081,0.4009344969198289,0.012238984581223992,0.007066181042577352,3,0.006452845575103239,0.0037255521298249408,3,0.03716868164430814,0.021459348352764807,3,0.024884688762216334,0.014367181755565657,3,0.00609468908605794,0.003518770384462626,3,0.017192359030908513,0.009926013114499723,3,0.009454154488677662,0.005458358638998357,3,0.08802580418865635,0.05082172174395404,3,0.058184624453122606,0.03359290859070762,3,0.03964827210610771,0.02289094057336482,3
matrix_BC_s_loss,"BC S-loss, fixed kappa_D",0.01,O24704-Na3648-Cl1632-I2016-allSk.dat,0,main,24704,3648,1632,2016,7296,0.772,0.114,0.051,0.063,0.228,0.5526315789473685,467,0.7600608854449887,1,0.8633907552500859,0.8633907552500859,0.1070987049140871,-0.0365034228479273,0.0978931377636595,-0.1371817946563845,0.1009284760789169,0.1513871729390066,-0.0004408859310716,0.7341606614987226,-0.4569065268473747,0.4105019083240163,0.005817245127914619,0.0033585880405435447,3,0.002953586491920716,0.001705253956185268,3,0.012237080999464918,0.007065082009136326,3,0.007516926706627169,0.004339899657549884,3,0.003736311018557687,0.0021571601723404457,3,0.006927212608702765,0.003999428064368311,3,0.00227746662600682,0.0013148959695954263,3,0.016591987948947527,0.009579388708715882,3,0.009090094404603715,0.005248168451457066,3,0.005491367482822024,0.0031704424944264537,3
matrix_BC_s_loss,"BC S-loss, fixed kappa_D",0.0025,O24704-Na3648-Cl1248-I2400-allSk.dat,0,main,24704,3648,1248,2400,7296,0.772,0.114,0.039,0.075,0.228,0.6578947368421053,89,0.9518020195593814,1,0.8633907552500859,0.8633907552500859,0.0932606517266341,-0.0510768647005759,0.0407089898213073,-0.0923274580322094,0.0658153892769554,0.059228489718197,0.0384323901244933,0.4932436505555317,-0.2826612683962904,0.2512125721283015,0.006484105292278803,0.0037435999359510443,3,0.006482400992957948,0.0037426159582793685,3,0.010698694932766052,0.006176894399410165,3,0.00920369526283362,0.005313755937536275,3,0.020267227031936865,0.01170128898261601,3,0.01898876974478129,0.010963171323729301,3,0.023607412538788956,0.013629745984140351,3,0.0631838469950104,0.03647921107100538,3,0.051857982425900756,0.029940220113224687,3,0.023692496847516665,0.013678869432688107,3
matrix_BC_s_loss,"BC S-loss, fixed kappa_D",0.005,O24704-Na3648-Cl1248-I2400-allSk.dat,0,main,24704,3648,1248,2400,7296,0.772,0.114,0.039,0.075,0.228,0.6578947368421053,229,0.8803189890654017,1,0.8633907552500859,0.8633907552500859,0.1000836399992981,-0.0454028479263142,0.0746270588608108,-0.109790727758273,0.0821778448194926,0.1025228752238451,0.0273853547623043,0.6853610494118594,-0.3678221916411511,0.2990032873177468,0.008137260373143268,0.004698049466900341,3,0.0036930433762431955,0.0021321795874029736,3,0.0026864223655579103,0.0015510066759118909,3,0.006181139517854039,0.0035686825645316633,3,0.005397688887981361,0.0031163571324778904,3,0.02620206218215187,0.015127767654188697,3,0.012522932262802487,0.0072301183129724654,3,0.08607914363155686,0.04969781674729182,3,0.03103608309980673,0.017918690932265013,3,0.011896486892896758,0.006868439910024798,3
matrix_BC_s_loss,"BC S-loss, fixed kappa_D",0.01,O24704-Na3648-Cl1248-I2400-allSk.dat,0,main,24704,3648,1248,2400,7296,0.772,0.114,0.039,0.075,0.228,0.6578947368421053,470,0.7269237562606822,1,0.8633907552500859,0.8633907552500859,0.1064669371858292,-0.040639389337925,0.1058655759687066,-0.1264443566337026,0.0946637392883525,0.1378248596590764,0.0173223763016192,0.8333194404591169,-0.4309932953153323,0.3321501449358048,0.005034497951122026,0.0029066687473149216,3,0.0017080386551433808,0.0009861365773333173,3,0.006224873298548182,0.003593932274588107,3,0.0032224629828966193,0.0018604898706289677,3,0.001213418965811497,0.0007005677665510651,3,0.012288448987948168,0.00709473933111486,3,0.008076781206121443,0.004663131803539926,3,0.054443210872483834,0.031432802452776104,3,0.02541334142457821,0.014672399512488096,3,0.009768609580582156,0.0056399093709574655,3
matrix_BC_s_loss,"BC S-loss, fixed kappa_D",0.0025,O24640-Na3680-Cl2880-I800-allSk.dat,0,main,24640,3680,2880,800,7360,0.77,0.115,0.09,0.025,0.23,0.217391304347826,86,0.9833367110891382,1,0.867092949675143,0.867092949675143,0.0875827289915363,-0.0474595858028583,0.0198517448758581,-0.1394555091057691,0.1054896574774859,0.1359591480923564,-0.0317142365448173,0.3764438443009889,-0.4226520890476801,0.7339064959756458,0.0008116361208442291,0.0004685983328534393,3,0.01868810913064196,0.01078958483722124,3,0.030944338339746646,0.017865722070347582,3,0.021839983694555865,0.012609320465148866,3,0.030618324709025358,0.01767749801289116,3,0.08213844210100359,0.04742265165783091,3,0.09031244264516998,0.05214191307236153,3,0.19612915001860584,0.11323521755917458,3,0.19729414906243894,0.11390783007073728,3,0.1888362575136713,0.10902466410827963,3
matrix_BC_s_loss,"BC S-loss, fixed kappa_D",0.005,O24640-Na3680-Cl2880-I800-allSk.dat,0,main,24640,3680,2880,800,7360,0.77,0.115,0.09,0.025,0.23,0.217391304347826,228,0.8959855215015922,1,0.867092949675143,0.867092949675143,0.0904344809672483,-0.0395840339842203,0.02946057038967,-0.1407957968050599,0.1019324201419259,0.1423852313463295,-0.0515362963694319,0.3941579729338594,-0.4424798718700157,0.7290134867574263,0.0045777427759810104,0.0026429610239935013,3,0.0015051478936592671,0.0008689975415743761,3,0.0031048002101487266,0.001792557237109374,3,0.006292927291097023,0.0036332232655056085,3,0.008812457399297181,0.005087874651706337,3,0.014375181091409336,0.008299514672774799,3,0.008580957557770573,0.004954218155883594,3,0.021743508155070715,0.012553620286456901,3,0.010587006286360723,0.006112410929342624,3,0.0017314195985222247,0.0009996355712870004,3
matrix_BC_s_loss,"BC S-loss, fixed kappa_D",0.01,O24640-Na3680-Cl2880-I800-allSk.dat,0,main,24640,3680,2880,800,7360,0.77,0.115,0.09,0.025,0.23,0.217391304347826,461,0.7282833158690836,1,0.867092949675143,0.867092949675143,0.0891420193242878,-0.038203539869513,0.0313954944280772,-0.141506227022189,0.1116323435446943,0.1461165999883122,-0.0378120525993867,0.3963005874699027,-0.438542302959103,0.7509776986375822,0.0008997236269966771,0.000519455678242798,3,0.0013993785311431726,0.0008079315716536938,3,0.00268553994457044,0.0015504972099172362,3,0.0032055534436648647,0.0018507271436016416,3,0.001379510520585925,0.0007964607704102046,3,0.0028942097923227374,0.0016709728026887834,3,0.0025366246311147433,0.0014645209136071322,3,0.002779120510659691,0.001604525974939783,3,0.004321952682910107,0.002495280544902976,3,0.012196980269412664,0.007041929841845956,3
matrix_BC_s_loss,"BC S-loss, fixed kappa_D",0.0025,O24640-Na3680-Cl800-I2880-allSk.dat,0,main,24640,3680,800,2880,7360,0.77,0.115,0.025,0.09,0.23,0.782608695652174,89,0.8786317209271415,1,0.867092949675143,0.867092949675143,0.0861933456593616,-0.0520183553144417,0.0200043111075748,-0.069344139507424,0.072365738501788,0.0657278202599266,0.0471597833886918,0.577176367988926,-0.2299006947323559,0.1744771739806895,0.00978134344963263,0.0056472612736815815,3,0.007561990063669175,0.004365916998868674,3,0.020243590963960355,0.011687642692407187,3,0.00336903900514086,0.0019451155765284245,3,0.008904191457595616,0.005140837334958796,3,0.03242265936433399,0.01871923111184177,3,0.02188826664002211,0.012637196636711073,3,0.19588573275082732,0.11309468053409726,3,0.06673070272404233,0.038526989180938734,3,0.01469261296460192,0.008482784050211904,3
matrix_BC_s_loss,"BC S-loss, fixed kappa_D",0.005,O24640-Na3680-Cl800-I2880-allSk.dat,0,main,24640,3680,800,2880,7360,0.77,0.115,0.025,0.09,0.23,0.782608695652174,238,0.7864734159374277,1,0.867092949675143,0.867092949675143,0.0973791919254583,-0.0475539773951656,0.0657938000353565,-0.0884308384555811,0.0823582957356326,0.1036615367156282,0.0384624294587206,0.8056293297615983,-0.3074261472197135,0.2055052876743762,0.00514002885467028,0.0029675970428863305,3,0.0031669465260808593,0.0018284374293419344,3,0.010658155774436441,0.006153489105435844,3,0.007061302387073513,0.00407684483400624,3,0.00046483523721099496,0.0002683727493325915,3,0.006923635216827388,0.003997362656206065,3,0.0037888300823968146,0.002187482067985553,3,0.03304454139979889,0.019078274872421624,3,0.022035876192612772,0.012722419051634251,3,0.014602499086266678,0.00843075677829733,3
matrix_BC_s_loss,"BC S-loss, fixed kappa_D",0.01,O24640-Na3680-Cl800-I2880-allSk.dat,0,main,24640,3680,800,2880,7360,0.77,0.115,0.025,0.09,0.23,0.782608695652174,479,0.6392904661323044,1,0.867092949675143,0.867092949675143,0.1009680367468361,-0.044735349755601,0.092398463508528,-0.099266583489985,0.0880691854750118,0.1183940118000568,0.0371532564372602,0.8989627381852527,-0.3399637547055013,0.2211742386462236,0.003336606051948003,0.0019263904022719142,3,0.0007644008334402792,0.0004413270269555195,3,0.009153383376100966,0.005284708356187738,3,0.004298331314120365,0.0024816427412735907,3,7.857432120724083e-05,4.536490550039262e-05,3,0.00045094480886008584,0.0002603531067850349,3,0.00020869815626597634,0.00012049193669954003,3,0.020115657863765273,0.011613780482571294,3,0.011079362817556868,0.006396673105165989,3,0.006017369192237782,0.0034741297229518445,3
matrix_BC_s_loss,"BC S-loss, fixed kappa_D",0.0025,O24384-Na3808-Cl1856-I1952-allSk.dat,0,main,24384,3808,1856,1952,7616,0.762,0.119,0.058,0.061,0.238,0.5126050420168067,89,0.9710715416742266,1,0.8822247661370596,0.8822247661370596,0.0678655312227067,-0.049552767279719,-0.0034989260627887,-0.0657994132140142,0.0818191575880113,0.0908823465718342,0.0256588858341185,0.4099011896557709,-0.2727576184611607,0.3018041204385783,0.018410165353657932,0.01062911392275993,3,0.008595007877789473,0.004962330111928707,3,0.025047601427173844,0.014461239426533275,3,0.030507919616693153,0.017613755603113256,3,0.021509612436415623,0.012418580530329083,3,0.06462463899639155,0.03731105272084905,3,0.0333005525580333,0.019226082983543807,3,0.20173142278746167,0.11646969125034722,3,0.11876355913277362,0.06856817283522489,3,0.08954784131991157,0.05170047029140084,3
matrix_BC_s_loss,"BC S-loss, fixed kappa_D",0.005,O24384-Na3808-Cl1856-I1952-allSk.dat,0,main,24384,3808,1856,1952,7616,0.762,0.119,0.058,0.061,0.238,0.5126050420168067,229,0.9250442724793037,1,0.8822247661370596,0.8822247661370596,0.0940766047940805,-0.0439368339438722,0.0705815293292966,-0.1301913802699297,0.0841343714925803,0.1266457534846402,-0.0059803063589511,0.6636426471313234,-0.4702294947050675,0.4501679004933422,0.007229451611253626,0.004173925833850655,3,0.01315582447919566,0.007595518804475084,3,0.03182299422930951,0.018373014284711754,3,0.01953400968545189,0.011277965750248408,3,0.014991563479516187,0.008655383210472033,3,0.0414931789958375,0.02395609806278011,3,0.01952387382054545,0.011272113805916204,3,0.13465119999615088,0.07774090656448385,3,0.08058297480914937,0.04652460219816323,3,0.05913194359763984,0.03413984355380313,3
matrix_BC_s_loss,"BC S-loss, fixed kappa_D",0.01,O24384-Na3808-Cl1856-I1952-allSk.dat,0,main,24384,3808,1856,1952,7616,0.762,0.119,0.058,0.061,0.238,0.5126050420168067,467,0.7829309979366378,1,0.8822247661370596,0.8822247661370596,0.1064248100008184,-0.0358667744020172,0.099733520675187,-0.1473458888892449,0.1019289881996615,0.160585381466277,-0.0142207798173451,0.7447751983178427,-0.5019377602130021,0.4695770115119865,0.006060007652029881,0.0034987470491906437,3,0.0057307857799824965,0.003308670712740974,3,0.017082437171748545,0.009862549699523892,3,0.01168027909882421,0.006743612281916117,3,0.003539283906744303,0.002043406516297334,3,0.016262480965848074,0.00938914776332355,3,0.011416319810686084,0.0065912153158544685,3,0.05024125251257463,0.029006800662558924,3,0.030088527943566565,0.017371619707737734,3,0.018674452921828403,0.010781700421386622,3
matrix_BC_s_loss,"BC S-loss, fixed kappa_D",0.0025,O24320-Na3840-Cl2880-I960-allSk.dat,0,main,24320,3840,2880,960,7680,0.76,0.12,0.09,0.03,0.24,0.25,86,0.9793075708399444,1,0.8860906032372917,0.8860906032372917,0.0691753647298993,-0.0625689901242031,-0.0443531046248943,-0.0483161495646711,0.0958853026419178,0.099886527426574,0.0187620647893873,0.2161177638531691,-0.1745538925587126,0.3398603401493836,0.016000231895279795,0.009237738191836226,3,0.015564355669519978,0.008986084935560438,3,0.034627224465350596,0.019992037366359763,3,0.03676587296192622,0.021226786651559686,3,0.02667592327111191,0.015401351481458265,3,0.0177183115292349,0.01022967193098942,3,0.02494660408718595,0.014402928585103827,3,0.05294691018314188,0.030568912846995904,3,0.11646601464216899,0.06724168490509917,3,0.15218551022842877,0.0878643452971439,3
matrix_BC_s_loss,"BC S-loss, fixed kappa_D",0.005,O24320-Na3840-Cl2880-I960-allSk.dat,0,main,24320,3840,2880,960,7680,0.76,0.12,0.09,0.03,0.24,0.25,228,0.93688427764107,1,0.8860906032372917,0.8860906032372917,0.0916456461218532,-0.0454425372417748,0.0199905808971176,-0.1255097762701731,0.1011935619520947,0.1347271346421886,-0.0309671184542541,0.3874634144403375,-0.4016520506004039,0.6337475216956169,0.002689981808789954,0.0015530617214200763,3,0.006030620439625636,0.0034817803341983204,3,0.008947434182110975,0.005165803533598231,3,0.008158015962108911,0.0047100327117768435,3,0.003937524841354785,0.002273331027097024,3,0.002948649028045597,0.0017024033100878537,3,0.004872766863315853,0.0028132932602336967,3,0.014972813324643102,0.008644557803508712,3,0.022244958680573926,0.012843132882341459,3,0.032697304229213055,0.018877797398511247,3
matrix_BC_s_loss,"BC S-loss, fixed kappa_D",0.01,O24320-Na3840-Cl2880-I960-allSk.dat,0,main,24320,3840,2880,960,7680,0.76,0.12,0.09,0.03,0.24,0.25,461,0.8118478628078382,1,0.8860906032372917,0.8860906032372917,0.0931269148518078,-0.0403009492301484,0.0327707959394965,-0.1373625820319769,0.1104152891864356,0.1445499029169707,-0.0295371977084707,0.4162723808954356,-0.431905107664617,0.6890071951066812,0.001146132499518911,0.0006617199071242219,3,0.00048732986598625986,0.0002813600293113114,3,0.0031743233868998105,0.0018326964619215303,3,0.004606602111842639,0.0026596229693218463,3,0.0015688573440686738,0.0009057802099181702,3,0.0038492732198495824,0.002222378929664574,3,0.003703216976844687,0.0021380533184488723,3,0.012508732997117692,0.007221920363107055,3,0.017452366389988996,0.010076128433256126,3,0.026676264815541282,0.015401548672226503,3
matrix_BC_s_loss,"BC S-loss, fixed kappa_D",0.0025,O24320-Na3840-Cl2560-I1280-allSk.dat,0,main,24320,3840,2560,1280,7680,0.76,0.12,0.08,0.04,0.24,0.3333333333333333,86,0.9772020671077718,1,0.8860906032372917,0.8860906032372917,0.1106320943947956,-0.0328625183117905,0.0915942388364676,-0.1864533661784568,0.1143588573044579,0.1919119495578664,-0.0733291306993557,0.6377820630541794,-0.5695587961956927,0.6784679941026995,0.02918602033229108,0.016850556695422146,3,0.013270026702341214,0.007661453488750222,3,0.06574863250446246,0.03795999067530118,3,0.07070822271489198,0.0408234114183629,3,0.021169126791336545,0.012222001051487474,3,0.032491652805953876,0.01875906449393333,3,0.03612810679956386,0.020858572186039745,3,0.1501322552891352,0.08667889800522784,3,0.17371870633388778,0.10029654186514367,3,0.1831383632044154,0.1057349832950167,3
matrix_BC_s_loss,"BC S-loss, fixed kappa_D",0.005,O24320-Na3840-Cl2560-I1280-allSk.dat,0,main,24320,3840,2560,1280,7680,0.76,0.12,0.08,0.04,0.24,0.3333333333333333,228,0.895883458727149,1,0.8860906032372917,0.8860906032372917,0.104917041488582,-0.0371913059658519,0.0664432380885499,-0.1583821599655071,0.1055319031773961,0.160248363506359,-0.0438387908960971,0.5588236010892543,-0.5127376082118156,0.6491894662974638,0.007720274966689965,0.00445730283023638,3,0.007508894259712473,0.004335262122161432,3,0.0271079348747955,0.01565077349713803,3,0.026986953522709294,0.015580924880944131,3,0.002057856978510295,0.001188104280496669,3,0.016082750804679264,0.009285380506391244,3,0.019212812240495862,0.011092522318940024,3,0.07230245931823753,0.04174384435045641,3,0.07456211792053004,0.04304845885276664,3,0.0727237026253287,0.041987049287199825,3
matrix_BC_s_loss,"BC S-loss, fixed kappa_D",0.01,O24320-Na3840-Cl2560-I1280-allSk.dat,0,main,24320,3840,2560,1280,7680,0.76,0.12,0.08,0.04,0.24,0.3333333333333333,467,0.7191183614565969,1,0.8860906032372917,0.8860906032372917,0.1039910586194742,-0.034550515256638,0.0700840561282733,-0.158957070534902,0.1133020522760692,0.1673620553633296,-0.0404407773774806,0.5706735690164042,-0.517174717842415,0.6613500189738433,0.00447828740912545,0.00258554044116709,3,0.0024868178673824485,0.0014357649651588278,3,0.008682387017026968,0.0050127784814890325,3,0.009329805284652055,0.0053865655925806576,3,0.002002607316822132,0.001156205873448372,3,0.004053229153396707,0.002340132942800828,3,0.004254872719640614,0.002456551910052104,3,0.016682929025523086,0.009631893563757175,3,0.017496205914982927,0.010101439194812515,3,0.017380454672654578,0.010034610183895211,3
matrix_BC_s_loss,"BC S-loss, fixed kappa_D",0.0025,O24320-Na3840-Cl2240-I1600-allSk.dat,0,main,24320,3840,2240,1600,7680,0.76,0.12,0.07,0.05,0.24,0.4166666666666667,86,0.9553178442950394,1,0.8860906032372917,0.8860906032372917,0.0941063323926987,-0.0554441809552277,0.0193970246273798,-0.1088446248435485,0.0827225811560905,0.1009313694260022,0.008729664840786,0.4256120421744069,-0.3472287544716245,0.4243705415066223,0.026514484133693186,0.015308144552011823,3,0.026594904030980148,0.015354575001358653,3,0.022396958387839495,0.01293088995424798,3,0.03644002534996355,0.021038658445078243,3,0.005626582509563163,0.0032485089265139326,3,0.05070797228951096,0.029276261451409238,3,0.05145698725919915,0.029708705445785775,3,0.10857318521893586,0.06268475771292772,3,0.058600007099274584,0.03383272987328016,3,0.05152228546224588,0.029746405380892404,3
matrix_BC_s_loss,"BC S-loss, fixed kappa_D",0.005,O24320-Na3840-Cl2240-I1600-allSk.dat,0,main,24320,3840,2240,1600,7680,0.76,0.12,0.07,0.05,0.24,0.4166666666666667,228,0.9233551199774788,1,0.8860906032372917,0.8860906032372917,0.0911669718643459,-0.048788289447622,0.0449239727270598,-0.1287372543736504,0.090853037205701,0.1433001290804829,-0.0288060792937048,0.5795573452541622,-0.4637418933057731,0.504080621762905,0.003319801314071912,0.001916688182335492,3,0.01123095618015016,0.006484195573866587,3,0.012891327653157387,0.007442811490762084,3,0.00969846121639006,0.005599409194007947,3,0.00431595553697845,0.002491818091084964,3,0.021086918198071385,0.012174537898036132,3,0.018645708328898936,0.010765104722921049,3,0.057116402009461595,0.03297617007530554,3,0.03523388142535033,0.02034229092552137,3,0.013189258792761137,0.007614822114412281,3
matrix_BC_s_loss,"BC S-loss, fixed kappa_D",0.01,O24320-Na3840-Cl2240-I1600-allSk.dat,0,main,24320,3840,2240,1600,7680,0.76,0.12,0.07,0.05,0.24,0.4166666666666667,467,0.7958679102717088,1,0.8860906032372917,0.8860906032372917,0.1019537545516998,-0.0384247814760071,0.0733490725497973,-0.1463152085394865,0.1115234699196194,0.1678879999254672,-0.0258763437528373,0.6344830213683166,-0.4906394639916492,0.5404449833761747,0.00264402617321159,0.0015265292228481275,3,0.0017490380382860864,0.001009807582227367,3,0.003231867034527198,0.0018659193023693554,3,0.006295119931262613,0.003634489186895448,3,0.005264536368534758,0.0030394814895321172,3,0.011891352207692994,0.006865475398140201,3,0.009881882824705538,0.005705307708944082,3,0.03194503484063841,0.01844347446451456,3,0.028396000743171095,0.016394438672978646,3,0.02393067773501546,0.01381638323220136,3
matrix_BC_s_loss,"BC S-loss, fixed kappa_D",0.0025,O24320-Na3840-Cl1600-I2240-allSk.dat,0,main,24320,3840,1600,2240,7680,0.76,0.12,0.05,0.07,0.24,0.5833333333333334,89,0.969393500421748,1,0.8860906032372917,0.8860906032372917,0.1150230813174151,-0.0523127691122009,0.0540898047074842,-0.1142077212343673,0.0540363490930072,0.0364770819838841,0.039921427532029,0.4151890314761937,-0.3031390652337863,0.3084686889042504,0.06117402386346324,0.03531883914498309,3,0.029003641147922362,0.016745260024232284,3,0.029699939103514095,0.017147267836329357,3,0.0622514550509749,0.03594089433112625,3,0.015448789987956256,0.00891936305820054,3,0.010616769174766623,0.006129594540975631,3,0.021006122700672595,0.012127890595863632,3,0.02672785956081911,0.015431336912301426,3,0.0347280974901779,0.020050276434397777,3,0.0516049535202969,0.02979413380646154,3
matrix_BC_s_loss,"BC S-loss, fixed kappa_D",0.005,O24320-Na3840-Cl1600-I2240-allSk.dat,0,main,24320,3840,1600,2240,7680,0.76,0.12,0.05,0.07,0.24,0.5833333333333334,229,0.9254770702355862,1,0.8860906032372917,0.8860906032372917,0.1026610912803044,-0.0470984155150249,0.0824230953930555,-0.1313265309622165,0.0841415567458236,0.1191309314478752,0.0094831443825309,0.7097951682419186,-0.4439074032909769,0.3875865811566117,0.007161591232407637,0.004134746625856613,3,0.0011210082354632452,0.000647214406508492,3,0.023489718964142342,0.013561795567136239,3,0.018384692860406636,0.010614407371924362,3,0.005855624659827316,0.003380746473624712,3,0.01609608107031104,0.009293076738842119,3,0.007282135474281068,0.004204342876351498,3,0.10742261788159918,0.0620204773509956,3,0.0754712844142648,0.04357336637266259,3,0.055168716216842786,0.03185167315864026,3
matrix_BC_s_loss,"BC S-loss, fixed kappa_D",0.01,O24320-Na3840-Cl1600-I2240-allSk.dat,0,main,24320,3840,1600,2240,7680,0.76,0.12,0.05,0.07,0.24,0.5833333333333334,470,0.7781711717803429,1,0.8860906032372917,0.8860906032372917,0.1144861801757503,-0.0381910975549453,0.1060302504767375,-0.1396158017257679,0.1007192513489427,0.1553094989216503,0.0006119713997027,0.7747254593519892,-0.451414651088088,0.3823162716602537,0.00882159854836714,0.005093152296582581,3,0.003255903968825052,0.0018797970328567149,3,0.024633689572568195,0.014222267305855926,3,0.01715989944451405,0.009907272563557097,3,0.004242012492695514,0.00244912705456351,3,0.0150956750593698,0.008715492059126275,3,0.008538200856061424,0.004929532562642156,3,0.08290096108142847,0.047862892196441416,3,0.05289007562813088,0.030536099401361032,3,0.03400401468869787,0.019632227034047704,3
matrix_BC_s_loss,"BC S-loss, fixed kappa_D",0.0025,O24320-Na3840-Cl1280-I2560-allSk.dat,0,main,24320,3840,1280,2560,7680,0.76,0.12,0.04,0.08,0.24,0.6666666666666666,89,0.90650360556265,1,0.8860906032372917,0.8860906032372917,0.0878085274613907,-0.0582018541700356,0.0081497193297775,-0.0770451442030851,0.1647434771093689,0.2372666380052978,0.0339958800020374,0.7837186127758432,-0.2635816475865997,0.2280166500857466,0.016643426295614928,0.009609086652010976,3,0.011774060067999288,0.006797756749714213,3,0.011051291359396217,0.006380466041240392,3,0.020941254120921685,0.012090438703882496,3,0.03604522848816501,0.020810722370643634,3,0.09920390376160457,0.057275400541424125,3,0.02660036493116381,0.015357727853549708,3,0.2522310886419663,0.14562568692543162,3,0.06959044060939934,0.040178059618861374,3,0.028813533670310018,0.016635501420857835,3
matrix_BC_s_loss,"BC S-loss, fixed kappa_D",0.005,O24320-Na3840-Cl1280-I2560-allSk.dat,0,main,24320,3840,1280,2560,7680,0.76,0.12,0.04,0.08,0.24,0.6666666666666666,229,0.8351826916097475,1,0.8860906032372917,0.8860906032372917,0.1026057743459974,-0.0450188812388036,0.0784226903350348,-0.1105898600478077,0.0939527993350457,0.1441322718676768,0.013151302313023,0.8013467977272599,-0.3901124939831148,0.291958179981052,0.004711768669932788,0.00272034090994494,3,0.0006830696468622668,0.00039437044449119234,3,0.013165760354193772,0.007601255284579877,3,0.00848792856145727,0.004900507839819668,3,0.0033289171515511634,0.0019219512135580266,3,0.010792322563510466,0.006230950337224039,3,0.003935478345421319,0.0022721494821189418,3,0.04178259640376336,0.024123193281154268,3,0.016674706774638306,0.009627146444995504,3,0.006971099386442378,0.0040247661073101425,3
matrix_BC_s_loss,"BC S-loss, fixed kappa_D",0.01,O24320-Na3840-Cl1280-I2560-allSk.dat,0,main,24320,3840,1280,2560,7680,0.76,0.12,0.04,0.08,0.24,0.6666666666666666,470,0.6725677866439309,1,0.8860906032372917,0.8860906032372917,0.1082476324463885,-0.0406848219420872,0.0979927594846612,-0.1191198717558377,0.0971998039809385,0.1480769014911121,0.0143387802444643,0.8385334399741318,-0.4115762559845943,0.3085897091484957,0.002589873130270543,0.0014952639489286769,3,0.0009676441404681058,0.000558669604979025,3,0.005782061952355306,0.0033382750246634296,3,0.0030018863363790193,0.0017331398843850863,3,0.001976430782156421,0.0011410928441126724,3,0.004351728632974297,0.0025124716976879127,3,0.0015627710882757586,0.0009022663084977736,3,0.014740685618215567,0.008510538809716403,3,0.007318080062124438,0.004225095493818777,3,0.003421985898407663,0.0019756844796087678,3
matrix_BC_s_loss,"BC S-loss, fixed kappa_D",0.0025,O24320-Na3840-Cl960-I2880-allSk.dat,0,main,24320,3840,960,2880,7680,0.76,0.12,0.03,0.09,0.24,0.75,89,0.9698338886564836,1,0.8860906032372917,0.8860906032372917,0.0998792467666508,-0.0406866109169244,0.0774621072817309,-0.0917036200217028,0.0865107500436803,0.1398112768309393,0.0191739313369423,0.8619431445345532,-0.3362029498950006,0.216247012461839,0.01390582994755156,0.008028534663524052,3,0.0037052253379849594,0.0021392128462938385,3,0.037942309688431895,0.021906002712292302,3,0.017735636573210218,0.010239674549792292,3,0.022746752439357917,0.013132843644053071,3,0.061882204135575374,0.03572770721572182,3,0.010241226089442333,0.00591277463957135,3,0.22458947325306342,0.12966679283981242,3,0.06531790267635931,0.03771130869309783,3,0.03265678699917285,0.018854404764840717,3
matrix_BC_s_loss,"BC S-loss, fixed kappa_D",0.005,O24320-Na3840-Cl960-I2880-allSk.dat,0,main,24320,3840,960,2880,7680,0.76,0.12,0.03,0.09,0.24,0.75,238,0.885158045409882,1,0.8860906032372917,0.8860906032372917,0.1020044239709767,-0.0434742590142558,0.0836852624044602,-0.0985154590658199,0.0874067525043477,0.1382842868071555,0.0210901539619456,0.9025194489128384,-0.3613929063530867,0.2330031039005358,0.007618171260192707,0.00439835322780493,3,0.0017145767314442873,0.000989911337445628,3,0.02025783633493882,0.01169586726117631,3,0.011642479266696693,0.006721788538661973,3,0.01348474873816777,0.007785423313935629,3,0.023564329709136467,0.013604872100843036,3,0.002002803736987578,0.0011563192766837664,3,0.07208470389992466,0.041618123201075975,3,0.05406354659021995,0.031213603177209365,3,0.0294045778141019,0.016976740916379032,3
matrix_BC_s_loss,"BC S-loss, fixed kappa_D",0.01,O24320-Na3840-Cl960-I2880-allSk.dat,0,main,24320,3840,960,2880,7680,0.76,0.12,0.03,0.09,0.24,0.75,473,0.7289385116207167,1,0.8860906032372917,0.8860906032372917,0.1061184808399145,-0.0428526053540203,0.0971162003413547,-0.1055519908829957,0.0929703915218337,0.1394054189777105,0.0268672049703174,0.9188660782760114,-0.3695360652953234,0.2443753228175014,0.0021316280804748286,0.0012306960460743077,3,0.002478567448656211,0.0014310015836863073,3,0.011239657151431336,0.006489219081977984,3,0.004256446363715468,0.002457460453882329,3,0.0021549415078804335,0.0012441560596626665,3,0.0022389126987922767,0.0012926368493397925,3,0.002655494146879335,0.0015331502605322599,3,0.03166690593268877,0.01828289666464042,3,0.016151793000497985,0.009325242036732625,3,0.0068945306704177286,0.003980559138501807,3
