algorithm,method,kcut,file,split,source,n_O,n_Na,n_Cl,n_I,n_X,x_O,x_Na,x_Cl,x_I,x_X,x_I_anion,n_fit_points,fit_rmse_scaled,fit_success,kappa_D_input,kappa_D_fit,S0_OO,S0_ONa,S0_OCl,S0_OI,S0_NaNa,S0_NaCl,S0_NaI,S0_ClCl,S0_ClI,S0_II
matrix_BC_s_loss,"BC S-loss, fixed kappa_D",0.0025,O31872-Na64-Cl32-I32-2-allSk.dat,2,main,31872,64,32,32,128,0.996,0.002,0.001,0.001,0.004,0.5,89,0.9203104965674832,1,0.10907651350818841,0.10907651350818841,0.06465790970850693,-0.030989538185854835,0.006314298683594587,-0.05014012387770942,0.4703790721148575,0.31877367106222143,0.34644279217908236,0.7051981564181123,-0.25438410747445905,0.7443282027605209
matrix_BC_s_loss,"BC S-loss, fixed kappa_D",0.005,O31872-Na64-Cl32-I32-2-allSk.dat,2,main,31872,64,32,32,128,0.996,0.002,0.001,0.001,0.004,0.5,229,0.9250949604765664,1,0.10907651350818841,0.10907651350818841,0.06383922463422917,-0.029819741884070508,0.0035906851054985367,-0.045762168504416126,0.4766094506794081,0.3469395527307072,0.32708799637530245,0.7541151034726736,-0.26346848267725176,0.7260407632406465
matrix_BC_s_loss,"BC S-loss, fixed kappa_D",0.01,O31872-Na64-Cl32-I32-2-allSk.dat,2,main,31872,64,32,32,128,0.996,0.002,0.001,0.001,0.004,0.5,470,0.9160437678357735,1,0.10907651350818841,0.10907651350818841,0.06340261474917766,-0.0321426880528548,0.0006670557998588525,-0.04612368117533376,0.48508065824747626,0.35632797117423903,0.32967967456421016,0.7661978341225723,-0.26227398463507423,0.7285114516425286
matrix_BC_s_loss,"BC S-loss, fixed kappa_D",0.0025,O31616-Na192-Cl160-I32-2-allSk.dat,2,main,31616,192,160,32,384,0.988,0.006,0.005,0.001,0.012,0.16666666666666666,89,0.8612921085065661,1,0.1895983020700457,0.1895983020700457,0.0630239994585951,-0.03374361997236079,-0.0161010144540326,-0.04665168818074779,0.5599459673237417,0.5287181537177401,0.1893321708212598,0.6569734197722803,-0.17394753166645938,0.852725715730049
matrix_BC_s_loss,"BC S-loss, fixed kappa_D",0.005,O31616-Na192-Cl160-I32-2-allSk.dat,2,main,31616,192,160,32,384,0.988,0.006,0.005,0.001,0.012,0.16666666666666666,229,0.8358801939654923,1,0.1895983020700457,0.1895983020700457,0.06337178623540382,-0.03485230677119652,-0.015634585423949646,-0.05041037214039984,0.5089095765826516,0.4713029479962078,0.19270335812776584,0.598443753374635,-0.18370917639561846,0.8828111056449386
matrix_BC_s_loss,"BC S-loss, fixed kappa_D",0.01,O31616-Na192-Cl160-I32-2-allSk.dat,2,main,31616,192,160,32,384,0.988,0.006,0.005,0.001,0.012,0.16666666666666666,467,0.8274496391773721,1,0.1895983020700457,0.1895983020700457,0.06319640036167669,-0.03610676127651817,-0.016515389069786585,-0.0515136087570523,0.49023362108211044,0.45352475931227015,0.18671003510661685,0.5838021600885536,-0.1945170693356047,0.8922977056867972
matrix_BC_s_loss,"BC S-loss, fixed kappa_D",0.0025,O31616-Na192-Cl32-I160-2-allSk.dat,2,main,31616,192,32,160,384,0.988,0.006,0.001,0.005,0.012,0.8333333333333334,89,0.8527387802488454,1,0.1895983020700457,0.1895983020700457,0.07150461433870439,-0.06534319552762173,0.006724354299461506,-0.07458710700357599,0.4550198597398156,0.2266656924706124,0.39708130327839736,0.8613133069161378,-0.1368911952805581,0.4962003775719618
matrix_BC_s_loss,"BC S-loss, fixed kappa_D",0.005,O31616-Na192-Cl32-I160-2-allSk.dat,2,main,31616,192,32,160,384,0.988,0.006,0.001,0.005,0.012,0.8333333333333334,229,0.8198019387247878,1,0.1895983020700457,0.1895983020700457,0.07224979652143462,-0.07002403873922013,0.004377967026280599,-0.07866537754497616,0.46484556458943593,0.21716985326084257,0.41209149205273776,0.8900341783733962,-0.16013773014611665,0.5230393819803376
matrix_BC_s_loss,"BC S-loss, fixed kappa_D",0.01,O31616-Na192-Cl32-I160-2-allSk.dat,2,main,31616,192,32,160,384,0.988,0.006,0.001,0.005,0.012,0.8333333333333334,470,0.820934675260611,1,0.1895983020700457,0.1895983020700457,0.07238806802369782,-0.07044445195815299,0.007814245682297681,-0.08066266768483907,0.4622201950272946,0.20321742484729455,0.415455259467572,0.9136218950798437,-0.18597059729219417,0.5382770139614186
matrix_BC_s_loss,"BC S-loss, fixed kappa_D",0.0025,O31360-Na320-Cl160-I160-2-allSk.dat,2,main,31360,320,160,160,640,0.98,0.01,0.005,0.005,0.02,0.5,89,0.8380233365828856,1,0.24452703161864242,0.24452703161864242,0.0728955271334698,-0.061195058014597736,0.006295505881009689,-0.09283838687546216,0.4151525338373587,0.3060470555706388,0.28106728823570915,0.6801521025394767,-0.2473362058271269,0.6448253767894947
matrix_BC_s_loss,"BC S-loss, fixed kappa_D",0.005,O31360-Na320-Cl160-I160-2-allSk.dat,2,main,31360,320,160,160,640,0.98,0.01,0.005,0.005,0.02,0.5,229,0.7680025496062811,1,0.24452703161864242,0.24452703161864242,0.07351730587832916,-0.06281574958485649,0.004798449135758734,-0.09363333412929492,0.43023639149551895,0.32016588842256355,0.2882802514568601,0.7122201740087699,-0.25943723239234945,0.6671270737669671
matrix_BC_s_loss,"BC S-loss, fixed kappa_D",0.01,O31360-Na320-Cl160-I160-2-allSk.dat,2,main,31360,320,160,160,640,0.98,0.01,0.005,0.005,0.02,0.5,470,0.7543295659520365,1,0.24452703161864242,0.24452703161864242,0.0734824627394749,-0.06361845865432653,0.00525224465434404,-0.09522233170056457,0.43380850774516977,0.3239590386970075,0.2895388364290456,0.7415993069549343,-0.2834520407762761,0.6929217900879575
matrix_BC_s_loss,"BC S-loss, fixed kappa_D",0.0025,O31296-Na352-Cl320-I32-2-allSk.dat,2,main,31296,352,320,32,704,0.978,0.011,0.01,0.001,0.022,0.09090909090909091,89,0.8318086591174625,1,0.2551535003183825,0.2551535003183825,0.06233271649181692,-0.0381800906294582,-0.0240564157048455,-0.05055596911252042,0.4532295195743487,0.44873476546486385,0.08416833617071662,0.5324746806711746,-0.1955479398566632,0.8975316720074419
matrix_BC_s_loss,"BC S-loss, fixed kappa_D",0.005,O31296-Na352-Cl320-I32-2-allSk.dat,2,main,31296,352,320,32,704,0.978,0.011,0.01,0.001,0.022,0.09090909090909091,229,0.7831795414874964,1,0.2551535003183825,0.2551535003183825,0.06290792510876163,-0.0405680459986887,-0.026340594495546585,-0.05125271352670805,0.44906313339636983,0.43865906879372174,0.10221214698042354,0.514084114788814,-0.17080916956863107,0.879145361629517
matrix_BC_s_loss,"BC S-loss, fixed kappa_D",0.01,O31296-Na352-Cl320-I32-2-allSk.dat,2,main,31296,352,320,32,704,0.978,0.011,0.01,0.001,0.022,0.09090909090909091,467,0.7659799662826668,1,0.2551535003183825,0.2551535003183825,0.06325505698506248,-0.04356255193534471,-0.028777984770137655,-0.05347666133663683,0.45654115844635446,0.4409601879377657,0.11973717258150515,0.5141290860637239,-0.16331943242793062,0.9135846675491075
matrix_BC_s_loss,"BC S-loss, fixed kappa_D",0.0025,O31296-Na352-Cl32-I320-2-allSk.dat,2,main,31296,352,32,320,704,0.978,0.011,0.001,0.01,0.022,0.9090909090909091,89,0.8126903102886276,1,0.2551535003183825,0.2551535003183825,0.07953845918832365,-0.08496290115268895,0.027260165646856696,-0.09773026377890054,0.37409163345943464,0.06990266754431688,0.3702454508025233,0.9401101588147973,-0.22397439910056205,0.4591436286689674
matrix_BC_s_loss,"BC S-loss, fixed kappa_D",0.005,O31296-Na352-Cl32-I320-2-allSk.dat,2,main,31296,352,32,320,704,0.978,0.011,0.001,0.01,0.022,0.9090909090909091,229,0.7630320075488474,1,0.2551535003183825,0.2551535003183825,0.08006580801681312,-0.08967344137680208,0.023054580142266003,-0.1013407971367023,0.4052807485702865,0.11480919315762589,0.38875618042310756,0.94093595454638,-0.17713717723612865,0.4637466156444968
matrix_BC_s_loss,"BC S-loss, fixed kappa_D",0.01,O31296-Na352-Cl32-I320-2-allSk.dat,2,main,31296,352,32,320,704,0.978,0.011,0.001,0.01,0.022,0.9090909090909091,470,0.7591187758482285,1,0.2551535003183825,0.2551535003183825,0.08100823344634109,-0.09207104018187592,0.013789622874244928,-0.10092558323871825,0.41757476847709885,0.1348497077002446,0.39531289013731175,0.9521998657569799,-0.1596804697406875,0.4651030551943446
matrix_BC_s_loss,"BC S-loss, fixed kappa_D",0.0025,O31040-Na480-Cl320-I160-2-allSk.dat,2,main,31040,480,320,160,960,0.97,0.015,0.01,0.005,0.03,0.3333333333333333,89,0.8810572857417905,1,0.2998682691886077,0.2998682691886077,0.07658024665736288,-0.06325256524583359,-0.002248277798213308,-0.10637711176063358,0.4440732659083344,0.39881731790924646,0.20514459893976053,0.68633658162455,-0.27985464452906333,0.7510951020481086
matrix_BC_s_loss,"BC S-loss, fixed kappa_D",0.005,O31040-Na480-Cl320-I160-2-allSk.dat,2,main,31040,480,320,160,960,0.97,0.015,0.01,0.005,0.03,0.3333333333333333,229,0.7828001085401205,1,0.2998682691886077,0.2998682691886077,0.07355934439211423,-0.0632294740551505,-0.007909580656320359,-0.09833082536252657,0.4405342686746645,0.39828083954002264,0.19977357090887465,0.684974109205685,-0.27885702534860274,0.7403813620346467
matrix_BC_s_loss,"BC S-loss, fixed kappa_D",0.01,O31040-Na480-Cl320-I160-2-allSk.dat,2,main,31040,480,320,160,960,0.97,0.015,0.01,0.005,0.03,0.3333333333333333,467,0.7316468714234184,1,0.2998682691886077,0.2998682691886077,0.07320491036356029,-0.06529157405113484,-0.008058497766310124,-0.10169188672924237,0.4365726977797909,0.3827646441576461,0.2148551427873549,0.6672729297981713,-0.2806986161029388,0.7691078134072998
matrix_BC_s_loss,"BC S-loss, fixed kappa_D",0.0025,O31040-Na480-Cl160-I320-2-allSk.dat,2,main,31040,480,160,320,960,0.97,0.015,0.005,0.01,0.03,0.6666666666666666,89,0.8567594436314079,1,0.2998682691886077,0.2998682691886077,0.08181806824421521,-0.08020719925392317,0.028139297813566305,-0.11813084423672623,0.3841956622589565,0.24542350527108708,0.29700104212279405,0.8963849759605116,-0.3332587156557075,0.5994000008675195
matrix_BC_s_loss,"BC S-loss, fixed kappa_D",0.005,O31040-Na480-Cl160-I320-2-allSk.dat,2,main,31040,480,160,320,960,0.97,0.015,0.005,0.01,0.03,0.6666666666666666,229,0.7489009048470504,1,0.2998682691886077,0.2998682691886077,0.08212630589130937,-0.08100532677519826,0.0228119454042328,-0.11534133981071415,0.38837277656287683,0.2530301107895414,0.29673825909982676,0.8528313650283168,-0.29314551092296626,0.5707138396262059
matrix_BC_s_loss,"BC S-loss, fixed kappa_D",0.01,O31040-Na480-Cl160-I320-2-allSk.dat,2,main,31040,480,160,320,960,0.97,0.015,0.005,0.01,0.03,0.6666666666666666,470,0.7004467472833168,1,0.2998682691886077,0.2998682691886077,0.08183212569342334,-0.08126786729235136,0.01902295834146961,-0.11298366651672198,0.38602872500962726,0.2542210007357595,0.29302530762508905,0.8439472563294406,-0.2854049610631699,0.5606930260538205
matrix_BC_s_loss,"BC S-loss, fixed kappa_D",0.0025,O30976-Na512-Cl480-I32-2-allSk.dat,2,main,30976,512,480,32,1024,0.968,0.016,0.015,0.001,0.032,0.0625,89,0.8507234034419098,1,0.3102221138316356,0.3102221138316356,0.06494357203632456,-0.05228366236917997,-0.03883675732868995,-0.05872053512200483,0.4587860278088318,0.4447091424141997,0.11279300875894913,0.4905714605452505,-0.12113852715960564,0.9203395333090441
matrix_BC_s_loss,"BC S-loss, fixed kappa_D",0.005,O30976-Na512-Cl480-I32-2-allSk.dat,2,main,30976,512,480,32,1024,0.968,0.016,0.015,0.001,0.032,0.0625,229,0.7691478430439973,1,0.3102221138316356,0.3102221138316356,0.0636422893393204,-0.050404214161500954,-0.03744777504034455,-0.05658224756222746,0.45487150185491676,0.4474779023794717,0.08641154370814551,0.5037077864274833,-0.16094025867075845,0.9689651163987434
matrix_BC_s_loss,"BC S-loss, fixed kappa_D",0.01,O30976-Na512-Cl480-I32-2-allSk.dat,2,main,30976,512,480,32,1024,0.968,0.016,0.015,0.001,0.032,0.0625,467,0.7377639069899751,1,0.3102221138316356,0.3102221138316356,0.06299160579523225,-0.04981221640706168,-0.03732435253398783,-0.05469226985613733,0.44417248558531486,0.4365101665127033,0.08609333698733282,0.49118236805382653,-0.1563004653723784,0.949722447341022
matrix_BC_s_loss,"BC S-loss, fixed kappa_D",0.0025,O30976-Na512-Cl32-I480-2-allSk.dat,2,main,30976,512,32,480,1024,0.968,0.016,0.001,0.015,0.032,0.9375,89,0.8479410793032142,1,0.3102221138316356,0.3102221138316356,0.09072803777786274,-0.10934377860960962,0.0143995332370528,-0.11664771244572672,0.40108538583268044,0.1260816364426731,0.3816850667162359,1.0141823787894253,-0.13164421001655086,0.4281930307047285
matrix_BC_s_loss,"BC S-loss, fixed kappa_D",0.005,O30976-Na512-Cl32-I480-2-allSk.dat,2,main,30976,512,32,480,1024,0.968,0.016,0.001,0.015,0.032,0.9375,229,0.7485341714196622,1,0.3102221138316356,0.3102221138316356,0.08942824676291308,-0.105412769546057,0.013436546062395742,-0.11233914152320823,0.37026741578889666,0.11842780760323476,0.3518326142266286,0.9763863955205767,-0.12979016953426295,0.39688283915446954
matrix_BC_s_loss,"BC S-loss, fixed kappa_D",0.01,O30976-Na512-Cl32-I480-2-allSk.dat,2,main,30976,512,32,480,1024,0.968,0.016,0.001,0.015,0.032,0.9375,470,0.7113866037760856,1,0.3102221138316356,0.3102221138316356,0.08787228616395995,-0.10142338619547503,0.014860437703947696,-0.10858657135659294,0.3665615446989612,0.11696598139781232,0.34838264892600235,0.985615238192234,-0.13368281407870963,0.3943248068128742
matrix_BC_s_loss,"BC S-loss, fixed kappa_D",0.0025,O30720-Na640-Cl480-I160-2-allSk.dat,2,main,30720,640,480,160,1280,0.96,0.02,0.015,0.005,0.04,0.25,89,0.8476867935068596,1,0.34843836150328816,0.34843836150328816,0.06965038027815183,-0.049115425355054185,-0.0029197229872412606,-0.09317374215217973,0.3260912779721877,0.31525087894770343,0.10615201647620719,0.5498950220243592,-0.32194435907999014,0.7699280200891561
matrix_BC_s_loss,"BC S-loss, fixed kappa_D",0.005,O30720-Na640-Cl480-I160-2-allSk.dat,2,main,30720,640,480,160,1280,0.96,0.02,0.015,0.005,0.04,0.25,229,0.7278551989269454,1,0.34843836150328816,0.34843836150328816,0.07141046487932254,-0.056899814953455835,-0.00918905770130371,-0.09788371509457146,0.3687739163915783,0.3492698210066433,0.13259475724916311,0.5797252573856713,-0.3055739582096406,0.7944591355873524
matrix_BC_s_loss,"BC S-loss, fixed kappa_D",0.01,O30720-Na640-Cl480-I160-2-allSk.dat,2,main,30720,640,480,160,1280,0.96,0.02,0.015,0.005,0.04,0.25,467,0.6614003570179321,1,0.34843836150328816,0.34843836150328816,0.0723441130134706,-0.06172416765394617,-0.012016764587601453,-0.10263468849957236,0.3858634860575132,0.35713376479988135,0.15315314638327837,0.5833996177726997,-0.2962102494988163,0.8193574946211604
matrix_BC_s_loss,"BC S-loss, fixed kappa_D",0.0025,O30720-Na640-Cl320-I320-2-allSk.dat,2,main,30720,640,320,320,1280,0.96,0.02,0.01,0.01,0.04,0.5,89,0.8519445946613847,1,0.34843836150328816,0.34843836150328816,0.08222367894086084,-0.0765405943729292,0.013488166344118632,-0.12173291297841289,0.3822609700748961,0.3146795411278984,0.22591910711791546,0.736837998414195,-0.2918139235497788,0.6113117888351549
matrix_BC_s_loss,"BC S-loss, fixed kappa_D",0.005,O30720-Na640-Cl320-I320-2-allSk.dat,2,main,30720,640,320,320,1280,0.96,0.02,0.01,0.01,0.04,0.5,229,0.7238495499843908,1,0.34843836150328816,0.34843836150328816,0.08121431714626468,-0.07277373826866679,0.012400104659378158,-0.11531771230351673,0.36356352650199086,0.30818785279476085,0.20596861716854464,0.7437976391547549,-0.3079541979737613,0.5992378097967491
matrix_BC_s_loss,"BC S-loss, fixed kappa_D",0.01,O30720-Na640-Cl320-I320-2-allSk.dat,2,main,30720,640,320,320,1280,0.96,0.02,0.01,0.01,0.04,0.5,467,0.6508794795991281,1,0.34843836150328816,0.34843836150328816,0.08150267667743527,-0.0767193834314055,0.00957619225505893,-0.11807378480065428,0.3769291442094498,0.3080819894052207,0.2249763183894672,0.738432361943516,-0.3027386342037689,0.6209031948829212
matrix_BC_s_loss,"BC S-loss, fixed kappa_D",0.0025,O30720-Na640-Cl160-I480-2-allSk.dat,2,main,30720,640,160,480,1280,0.96,0.02,0.005,0.015,0.04,0.75,89,0.8771759023135424,1,0.34843836150328816,0.34843836150328816,0.09317696458442888,-0.10174265421215932,0.02733458516650547,-0.13326392769898313,0.36614862261358533,0.171999054831235,0.3234883110515536,0.7796013712616923,-0.2514956603441899,0.5187332141303644
matrix_BC_s_loss,"BC S-loss, fixed kappa_D",0.005,O30720-Na640-Cl160-I480-2-allSk.dat,2,main,30720,640,160,480,1280,0.96,0.02,0.005,0.015,0.04,0.75,229,0.7403229279031139,1,0.34843836150328816,0.34843836150328816,0.09183295980923309,-0.09679017554300234,0.02497242623597036,-0.12618150481898266,0.3628495498535266,0.2158404077807899,0.2943670530322982,0.8390458457571957,-0.23519230984187878,0.4756941380160473
matrix_BC_s_loss,"BC S-loss, fixed kappa_D",0.01,O30720-Na640-Cl160-I480-2-allSk.dat,2,main,30720,640,160,480,1280,0.96,0.02,0.005,0.015,0.04,0.75,470,0.669918648873038,1,0.34843836150328816,0.34843836150328816,0.09109366521216655,-0.09693583986072052,0.023035040081276048,-0.12523115306713745,0.3650475335596861,0.21166196374567764,0.29931749178961553,0.856854515554969,-0.25029900172046415,0.4901322649370009
matrix_BC_s_loss,"BC S-loss, fixed kappa_D",0.0025,O30656-Na672-Cl640-I32-2-allSk.dat,2,main,30656,672,640,32,1344,0.958,0.021,0.02,0.001,0.042,0.047619047619047616,86,0.8771883808253363,1,0.35769732802471965,0.35769732802471965,0.0629906915741231,-0.054696939030289854,-0.04428080753189223,-0.05262307190889635,0.42333164905866466,0.4174882668141917,0.07288503707160754,0.4557561649146813,-0.12503194739571002,0.8931610668822749
matrix_BC_s_loss,"BC S-loss, fixed kappa_D",0.005,O30656-Na672-Cl640-I32-2-allSk.dat,2,main,30656,672,640,32,1344,0.958,0.021,0.02,0.001,0.042,0.047619047619047616,228,0.7759537905901142,1,0.35769732802471965,0.35769732802471965,0.06295538813547755,-0.056919587841269145,-0.04651043528736146,-0.05283732987701372,0.4272675404169042,0.4225743514206669,0.06817589530907507,0.4645299662337738,-0.1409622120367237,0.9428233775709278
matrix_BC_s_loss,"BC S-loss, fixed kappa_D",0.01,O30656-Na672-Cl640-I32-2-allSk.dat,2,main,30656,672,640,32,1344,0.958,0.021,0.02,0.001,0.042,0.047619047619047616,467,0.7188665480014107,1,0.35769732802471965,0.35769732802471965,0.06258559936817759,-0.05602166024657271,-0.04579960153196733,-0.05190145390125295,0.4110110513173886,0.4070016368685878,0.06332260014161695,0.45018800419780347,-0.14818615116126416,0.9528892229916738
matrix_BC_s_loss,"BC S-loss, fixed kappa_D",0.0025,O30656-Na672-Cl32-I640-2-allSk.dat,2,main,30656,672,32,640,1344,0.958,0.021,0.001,0.02,0.042,0.9523809523809523,89,0.8325279791570669,1,0.35769732802471965,0.35769732802471965,0.08588752117663456,-0.09854027136286864,0.027755816581743087,-0.10718012017674072,0.30879526310302025,0.04526521565126199,0.3062993758565779,0.8908192525210665,-0.152810196811363,0.3480328611771836
matrix_BC_s_loss,"BC S-loss, fixed kappa_D",0.005,O30656-Na672-Cl32-I640-2-allSk.dat,2,main,30656,672,32,640,1344,0.958,0.021,0.001,0.02,0.042,0.9523809523809523,229,0.7178361241351504,1,0.35769732802471965,0.35769732802471965,0.09166742258820254,-0.10588087303323557,0.0234029022325517,-0.11372865732911519,0.33006436828921015,0.06763526138391956,0.3230916289326682,0.9147058643672664,-0.13522892986990787,0.3613085094280404
matrix_BC_s_loss,"BC S-loss, fixed kappa_D",0.01,O30656-Na672-Cl32-I640-2-allSk.dat,2,main,30656,672,32,640,1344,0.958,0.021,0.001,0.02,0.042,0.9523809523809523,470,0.6804902780700767,1,0.35769732802471965,0.35769732802471965,0.09345948146624006,-0.10881061503371292,0.01872115009177723,-0.1156838779286431,0.33919183317041246,0.08554020895744613,0.3284408292674408,0.9406955116606913,-0.12269328005054042,0.36398675216098386
matrix_BC_s_loss,"BC S-loss, fixed kappa_D",0.0025,O30400-Na800-Cl640-I160-2-allSk.dat,2,main,30400,800,640,160,1600,0.95,0.025,0.02,0.005,0.05,0.2,86,0.9385369909730455,1,0.3909670996920168,0.3909670996920168,0.072231837818334,-0.06274345585485126,-0.01694042282068478,-0.10641778679333508,0.3588721578181997,0.3366480692567161,0.1291664016000949,0.5111767274396896,-0.26958548752730477,0.8279958294414593
matrix_BC_s_loss,"BC S-loss, fixed kappa_D",0.005,O30400-Na800-Cl640-I160-2-allSk.dat,2,main,30400,800,640,160,1600,0.95,0.025,0.02,0.005,0.05,0.2,228,0.8306288937302586,1,0.3909670996920168,0.3909670996920168,0.07408990269431097,-0.06454425172305325,-0.016722266912553463,-0.11088080058449795,0.35506759281421585,0.3239072263632293,0.14614082141334386,0.49851849328759495,-0.27275841002359724,0.8722976310150883
matrix_BC_s_loss,"BC S-loss, fixed kappa_D",0.01,O30400-Na800-Cl640-I160-2-allSk.dat,2,main,30400,800,640,160,1600,0.95,0.025,0.02,0.005,0.05,0.2,467,0.7581644130937804,1,0.3909670996920168,0.3909670996920168,0.07387691477947826,-0.06582650379179406,-0.02011745387016728,-0.10695762945926485,0.3660213758696884,0.3410121747334517,0.13642432819572187,0.5164610652580613,-0.270395726657089,0.8458455249445536
matrix_BC_s_loss,"BC S-loss, fixed kappa_D",0.0025,O30400-Na800-Cl480-I320-2-allSk.dat,2,main,30400,800,480,320,1600,0.95,0.025,0.015,0.01,0.05,0.4,89,0.8877143330438959,1,0.3909670996920168,0.3909670996920168,0.08194703067822935,-0.07570773730300406,-0.0001551206166817004,-0.11951446000786495,0.39003262467848704,0.3673839706404158,0.16674409400548157,0.7057738789320798,-0.2835078770541417,0.6108703801404525
matrix_BC_s_loss,"BC S-loss, fixed kappa_D",0.005,O30400-Na800-Cl480-I320-2-allSk.dat,2,main,30400,800,480,320,1600,0.95,0.025,0.015,0.01,0.05,0.4,229,0.7472844179100013,1,0.3909670996920168,0.3909670996920168,0.08310181813930641,-0.07919469065378057,-0.0002412934046540638,-0.12492227766934733,0.37321603750892407,0.3286784177652524,0.18755916242042214,0.6743756017933911,-0.30625185074879835,0.6716374581997699
matrix_BC_s_loss,"BC S-loss, fixed kappa_D",0.01,O30400-Na800-Cl480-I320-2-allSk.dat,2,main,30400,800,480,320,1600,0.95,0.025,0.015,0.01,0.05,0.4,467,0.6420971199624035,1,0.3909670996920168,0.3909670996920168,0.08279550497409577,-0.0765667487972862,0.0028924931858373415,-0.12460522581158057,0.361989757232108,0.3187128570150682,0.18201412417666896,0.6702452664438776,-0.3169501787780338,0.6759727053045407
matrix_BC_s_loss,"BC S-loss, fixed kappa_D",0.0025,O30400-Na800-Cl320-I480-2-allSk.dat,2,main,30400,800,320,480,1600,0.95,0.025,0.01,0.015,0.05,0.6,89,0.8618345488635852,1,0.3909670996920168,0.3909670996920168,0.08486223982851025,-0.07117932005785466,0.01988132218344326,-0.10812513864658352,0.28344735250379116,0.22496718376276245,0.1822440222280205,0.6837605180151873,-0.26785673974731705,0.4539801331937914
matrix_BC_s_loss,"BC S-loss, fixed kappa_D",0.005,O30400-Na800-Cl320-I480-2-allSk.dat,2,main,30400,800,320,480,1600,0.95,0.025,0.01,0.015,0.05,0.6,229,0.7103681664142648,1,0.3909670996920168,0.3909670996920168,0.08546856385589814,-0.07635761581233746,0.024117390045106116,-0.11826902464515868,0.3166989985456131,0.25478025539885707,0.20082944162151556,0.7843806214859316,-0.3115242002218127,0.5136281386334427
matrix_BC_s_loss,"BC S-loss, fixed kappa_D",0.01,O30400-Na800-Cl320-I480-2-allSk.dat,2,main,30400,800,320,480,1600,0.95,0.025,0.01,0.015,0.05,0.6,467,0.6203478827793127,1,0.3909670996920168,0.3909670996920168,0.0877386277058928,-0.0823634483498934,0.02313500832448928,-0.12522040979513066,0.33731635211808,0.2660565956821654,0.21823923734449502,0.8056334571489185,-0.31431937516785347,0.5383863390519708
matrix_BC_s_loss,"BC S-loss, fixed kappa_D",0.0025,O30400-Na800-Cl160-I640-2-allSk.dat,2,main,30400,800,160,640,1600,0.95,0.025,0.005,0.02,0.05,0.8,89,0.8607559589473232,1,0.3909670996920168,0.3909670996920168,0.09012203718620679,-0.08815900394771387,0.030454995565566072,-0.11379226061066325,0.29283793935510355,0.17327802462829817,0.24076375708033726,0.8707129060094715,-0.24162573196685702,0.3899949296583687
matrix_BC_s_loss,"BC S-loss, fixed kappa_D",0.005,O30400-Na800-Cl160-I640-2-allSk.dat,2,main,30400,800,160,640,1600,0.95,0.025,0.005,0.02,0.05,0.8,229,0.7243783483061146,1,0.3909670996920168,0.3909670996920168,0.0914767647097921,-0.09156686092675625,0.032245049532101264,-0.11849738752529876,0.3044447708731386,0.17857675727880623,0.25109122289393987,0.8913394699465497,-0.24601485073482937,0.4037359468396152
matrix_BC_s_loss,"BC S-loss, fixed kappa_D",0.01,O30400-Na800-Cl160-I640-2-allSk.dat,2,main,30400,800,160,640,1600,0.95,0.025,0.005,0.02,0.05,0.8,470,0.6173128869996712,1,0.3909670996920168,0.3909670996920168,0.09315387456458823,-0.09628582872000191,0.027614439467052,-0.1214580488774386,0.31721649094054993,0.18632313746756918,0.2614972499297239,0.905942261582255,-0.2446555302118661,0.4146905784919901
matrix_BC_s_loss,"BC S-loss, fixed kappa_D",0.0025,O30336-Na832-Cl800-I32-2-allSk.dat,2,main,30336,832,800,32,1664,0.948,0.026,0.025,0.001,0.052,0.038461538461538464,86,0.8705848981575479,1,0.39869211779766894,0.39869211779766894,0.06304972142294882,-0.05369865357241397,-0.04517501024586878,-0.047935431190053786,0.35180332942347176,0.35491714785985873,0.019266302377900148,0.39051313345573885,-0.1428362046325793,0.8124202749425884
matrix_BC_s_loss,"BC S-loss, fixed kappa_D",0.005,O30336-Na832-Cl800-I32-2-allSk.dat,2,main,30336,832,800,32,1664,0.948,0.026,0.025,0.001,0.052,0.038461538461538464,228,0.7369796302085698,1,0.39869211779766894,0.39869211779766894,0.06154274173046477,-0.05425657603979957,-0.04487748117539214,-0.052267934090708096,0.3546648767687486,0.35459121942338834,0.035487030312887816,0.3910846921641645,-0.14735591363230405,0.917728628206394
matrix_BC_s_loss,"BC S-loss, fixed kappa_D",0.01,O30336-Na832-Cl800-I32-2-allSk.dat,2,main,30336,832,800,32,1664,0.948,0.026,0.025,0.001,0.052,0.038461538461538464,467,0.6922945852907062,1,0.39869211779766894,0.39869211779766894,0.06171433077886879,-0.057636995949687686,-0.0484319169013282,-0.05173258254568516,0.36489297529926756,0.3622738187023068,0.0492273079123621,0.3979555826216835,-0.14253664228157903,0.9636942150546698
matrix_BC_s_loss,"BC S-loss, fixed kappa_D",0.0025,O30336-Na832-Cl32-I800-2-allSk.dat,2,main,30336,832,32,800,1664,0.948,0.026,0.001,0.025,0.052,0.9615384615384616,89,0.8554557204384725,1,0.39869211779766894,0.39869211779766894,0.0962967505506362,-0.11018607614801401,0.027690469226698235,-0.11790628432632846,0.30277266367858907,0.05345435699688357,0.2980778726565415,0.9513394112927586,-0.13575492037581882,0.3311319619243499
matrix_BC_s_loss,"BC S-loss, fixed kappa_D",0.005,O30336-Na832-Cl32-I800-2-allSk.dat,2,main,30336,832,32,800,1664,0.948,0.026,0.001,0.025,0.052,0.9615384615384616,229,0.720747753721429,1,0.39869211779766894,0.39869211779766894,0.09860696494613355,-0.11172027726915534,0.024558508914430892,-0.11884447655477004,0.3034893886994947,0.0694293352950483,0.29561379597040427,0.9814364739171096,-0.12548298768637642,0.3265647003653408
matrix_BC_s_loss,"BC S-loss, fixed kappa_D",0.01,O30336-Na832-Cl32-I800-2-allSk.dat,2,main,30336,832,32,800,1664,0.948,0.026,0.001,0.025,0.052,0.9615384615384616,470,0.661091038288898,1,0.39869211779766894,0.39869211779766894,0.0975545759779407,-0.11065657770018333,0.021137853248108573,-0.11707558044974786,0.3032203784249887,0.06819803465604107,0.2955857183703927,0.9801319775645843,-0.12647777361295076,0.326735023904585
matrix_BC_s_loss,"BC S-loss, fixed kappa_D",0.0025,O30080-Na960-Cl800-I160-2-allSk.dat,2,main,30080,960,800,160,1920,0.94,0.03,0.025,0.005,0.06,0.16666666666666666,86,0.9088429252986021,1,0.42938301201054485,0.42938301201054485,0.07189589731586045,-0.05950882705896539,-0.019996030854021657,-0.10105377721621825,0.3351788575503696,0.3372415967239345,0.0669220384521263,0.5041494073166005,-0.3012425135610501,0.8375235847900351
matrix_BC_s_loss,"BC S-loss, fixed kappa_D",0.005,O30080-Na960-Cl800-I160-2-allSk.dat,2,main,30080,960,800,160,1920,0.94,0.03,0.025,0.005,0.06,0.16666666666666666,228,0.7589667865746682,1,0.42938301201054485,0.42938301201054485,0.07223326676296087,-0.06441745256013595,-0.025619004429063605,-0.10050405388302067,0.34904023898058967,0.34563784140667386,0.08210077621992914,0.5096281806128902,-0.29292690785659636,0.8561094876314205
matrix_BC_s_loss,"BC S-loss, fixed kappa_D",0.01,O30080-Na960-Cl800-I160-2-allSk.dat,2,main,30080,960,800,160,1920,0.94,0.03,0.025,0.005,0.06,0.16666666666666666,467,0.6661120387548913,1,0.42938301201054485,0.42938301201054485,0.07171064056032367,-0.06637509306828981,-0.02698708089085733,-0.10224016226081212,0.3461438801805048,0.3393172446552377,0.08913945904227738,0.5009066957445686,-0.28890731173720496,0.864362578842413
matrix_BC_s_loss,"BC S-loss, fixed kappa_D",0.0025,O30080-Na960-Cl640-I320-2-allSk.dat,2,main,30080,960,640,320,1920,0.94,0.03,0.02,0.01,0.06,0.3333333333333333,86,0.9280642571021224,1,0.42938301201054485,0.42938301201054485,0.08457021488078326,-0.07304575537622646,0.0009063017966371573,-0.12780066388127906,0.34584434435547606,0.32541517837293676,0.13881341727696442,0.6305527228925901,-0.3281005900099695,0.704436195710675
matrix_BC_s_loss,"BC S-loss, fixed kappa_D",0.005,O30080-Na960-Cl640-I320-2-allSk.dat,2,main,30080,960,640,320,1920,0.94,0.03,0.02,0.01,0.06,0.3333333333333333,228,0.7804024398576784,1,0.42938301201054485,0.42938301201054485,0.08286441711460554,-0.06988725725319828,0.008989868607714668,-0.1337618744731582,0.3346560801671997,0.3104620014059825,0.14058176092159796,0.63582896415285,-0.3614619841999149,0.7546791928715175
matrix_BC_s_loss,"BC S-loss, fixed kappa_D",0.01,O30080-Na960-Cl640-I320-2-allSk.dat,2,main,30080,960,640,320,1920,0.94,0.03,0.02,0.01,0.06,0.3333333333333333,467,0.647680687314428,1,0.42938301201054485,0.42938301201054485,0.08335861013232648,-0.07288904684070435,0.004535376494793686,-0.1326615233927732,0.3337876368140069,0.309108523235979,0.14099168009476748,0.6244787714509676,-0.3477546807027462,0.7360041391971838
matrix_BC_s_loss,"BC S-loss, fixed kappa_D",0.0025,O30080-Na960-Cl480-I480-2-allSk.dat,2,main,30080,960,480,480,1920,0.94,0.03,0.015,0.015,0.06,0.5,89,0.8909829834735705,1,0.42938301201054485,0.42938301201054485,0.09164228399250542,-0.07943994946040261,0.019762078614491647,-0.13210713253562628,0.3515677178448888,0.3411726210134566,0.15601921365534283,0.8399720695041768,-0.35748112175657043,0.5781256096987418
matrix_BC_s_loss,"BC S-loss, fixed kappa_D",0.005,O30080-Na960-Cl480-I480-2-allSk.dat,2,main,30080,960,480,480,1920,0.94,0.03,0.015,0.015,0.06,0.5,229,0.7360420268339875,1,0.42938301201054485,0.42938301201054485,0.08853612174221788,-0.07732399788194669,0.02251809139063013,-0.1318707378921876,0.3273624798842709,0.29421219231159695,0.16874826655282865,0.7630734997353275,-0.34699462715274587,0.5856407143387063
matrix_BC_s_loss,"BC S-loss, fixed kappa_D",0.01,O30080-Na960-Cl480-I480-2-allSk.dat,2,main,30080,960,480,480,1920,0.94,0.03,0.015,0.015,0.06,0.5,467,0.6001757141244316,1,0.42938301201054485,0.42938301201054485,0.08892635504119012,-0.07822295739562157,0.021337736404833774,-0.13196170364265486,0.31691906923252455,0.2747300953050829,0.173461150578211,0.7405652594709982,-0.3520382326984967,0.5973493443910446
matrix_BC_s_loss,"BC S-loss, fixed kappa_D",0.0025,O30080-Na960-Cl320-I640-2-allSk.dat,2,main,30080,960,320,640,1920,0.94,0.03,0.01,0.02,0.06,0.6666666666666666,89,0.8783554004207772,1,0.42938301201054485,0.42938301201054485,0.0934778722371117,-0.0853922241387922,0.03482914186307497,-0.1292116109649954,0.28041461643703797,0.1997160781520544,0.20221577017120168,0.7727803853493596,-0.30183700839731514,0.46109372288248196
matrix_BC_s_loss,"BC S-loss, fixed kappa_D",0.005,O30080-Na960-Cl320-I640-2-allSk.dat,2,main,30080,960,320,640,1920,0.94,0.03,0.01,0.02,0.06,0.6666666666666666,229,0.721138098566957,1,0.42938301201054485,0.42938301201054485,0.09567106797864813,-0.09160425947825912,0.034425898874138355,-0.13653463353596773,0.3035338193791205,0.21497671275903624,0.2197399971893716,0.8098423253325922,-0.30935337351430575,0.4878713027921855
matrix_BC_s_loss,"BC S-loss, fixed kappa_D",0.01,O30080-Na960-Cl320-I640-2-allSk.dat,2,main,30080,960,320,640,1920,0.94,0.03,0.01,0.02,0.06,0.6666666666666666,467,0.5988170139331632,1,0.42938301201054485,0.42938301201054485,0.09450009120741099,-0.09063892482719449,0.0326352612197619,-0.1340861728448426,0.3070342581263228,0.22459652285827691,0.2172249086377287,0.8302272696191574,-0.31198589277063987,0.4866524332052231
matrix_BC_s_loss,"BC S-loss, fixed kappa_D",0.0025,O30080-Na960-Cl160-I800-2-allSk.dat,2,main,30080,960,160,800,1920,0.94,0.03,0.005,0.025,0.06,0.8333333333333334,89,0.8799786643594963,1,0.42938301201054485,0.42938301201054485,0.10583674923969003,-0.11531300028369518,0.04716655821328295,-0.14741258894387932,0.3017665884041392,0.11089628026153739,0.2809744109173148,0.9172632182879565,-0.28873179338510196,0.43691682933718057
matrix_BC_s_loss,"BC S-loss, fixed kappa_D",0.005,O30080-Na960-Cl160-I800-2-allSk.dat,2,main,30080,960,160,800,1920,0.94,0.03,0.005,0.025,0.06,0.8333333333333334,229,0.7315312031371278,1,0.42938301201054485,0.42938301201054485,0.10494630625945722,-0.10808251714319084,0.04093091745584832,-0.1367033281850708,0.29332374254180915,0.14801040630922888,0.2551277949070133,0.9097121993717017,-0.24469838698905397,0.3889109420926605
matrix_BC_s_loss,"BC S-loss, fixed kappa_D",0.01,O30080-Na960-Cl160-I800-2-allSk.dat,2,main,30080,960,160,800,1920,0.94,0.03,0.005,0.025,0.06,0.8333333333333334,470,0.6261383722333249,1,0.42938301201054485,0.42938301201054485,0.10116662451082481,-0.10370090621227912,0.03300566579194028,-0.1283592336030691,0.29497695088939846,0.15854093163263866,0.2522293998230887,0.9067193068123888,-0.23182431222263689,0.3799784480915809
matrix_BC_s_loss,"BC S-loss, fixed kappa_D",0.0025,O30016-Na992-Cl960-I32-2-allSk.dat,2,main,30016,992,960,32,1984,0.938,0.031,0.03,0.001,0.062,0.03225806451612903,86,0.8515227726656064,1,0.43708298096511644,0.43708298096511644,0.05756725612336142,-0.04331643520621867,-0.03727274828454106,-0.03702445410946878,0.28588733048764975,0.2918824564963537,-0.006952765156987548,0.3298807603360763,-0.1816985978145623,0.9564928488367452
matrix_BC_s_loss,"BC S-loss, fixed kappa_D",0.005,O30016-Na992-Cl960-I32-2-allSk.dat,2,main,30016,992,960,32,1984,0.938,0.031,0.03,0.001,0.062,0.03225806451612903,228,0.7482225832916034,1,0.43708298096511644,0.43708298096511644,0.06045318158692063,-0.05486012478832662,-0.0470952900660864,-0.047496720522407984,0.33388946476944087,0.3379186689385944,0.008161087269798445,0.3749186942538032,-0.17206273828064256,0.9878654414868857
matrix_BC_s_loss,"BC S-loss, fixed kappa_D",0.01,O30016-Na992-Cl960-I32-2-allSk.dat,2,main,30016,992,960,32,1984,0.938,0.031,0.03,0.001,0.062,0.03225806451612903,467,0.6846173165819854,1,0.43708298096511644,0.43708298096511644,0.06178036306444608,-0.059617074191645414,-0.05090269777050743,-0.053128263032688756,0.34337099995251175,0.34309655287967666,0.03259160262027333,0.375473200836165,-0.14627065823306093,0.9826197537504379
matrix_BC_s_loss,"BC S-loss, fixed kappa_D",0.0025,O30016-Na992-Cl32-I960-2-allSk.dat,2,main,30016,992,32,960,1984,0.938,0.031,0.001,0.03,0.062,0.967741935483871,89,0.8585749522964828,1,0.43708298096511644,0.43708298096511644,0.09566576116276666,-0.09989460299635497,0.03173227632398603,-0.10733935984015024,0.25040791135347074,0.04650744512332261,0.24605610658431207,0.9646200012834273,-0.12883849606885378,0.27364600873710676
matrix_BC_s_loss,"BC S-loss, fixed kappa_D",0.005,O30016-Na992-Cl32-I960-2-allSk.dat,2,main,30016,992,32,960,1984,0.938,0.031,0.001,0.03,0.062,0.967741935483871,232,0.7181931914525777,1,0.43708298096511644,0.43708298096511644,0.09683577642021352,-0.10547654234698672,0.02161892403728099,-0.11116713184222332,0.2642953032730331,0.06272326905052879,0.2572124668725422,0.9675105817089484,-0.11288236920265662,0.28207360729645004
matrix_BC_s_loss,"BC S-loss, fixed kappa_D",0.01,O30016-Na992-Cl32-I960-2-allSk.dat,2,main,30016,992,32,960,1984,0.938,0.031,0.001,0.03,0.062,0.967741935483871,472,0.6622543800886054,1,0.43708298096511644,0.43708298096511644,0.09812151733553287,-0.1075148479647341,0.019329611879019215,-0.11282116144108678,0.27012119941022483,0.06292713185915044,0.26309744525145096,0.9710846010101142,-0.11332766019660892,0.28813716327620487
matrix_BC_s_loss,"BC S-loss, fixed kappa_D",0.0025,O29760-Na1120-Cl960-I160-2-allSk.dat,2,main,29760,1120,960,160,2240,0.93,0.035,0.03,0.005,0.07,0.14285714285714285,86,0.8967045183598696,1,0.46472640791409303,0.46472640791409303,0.06945737490169088,-0.057096043890559334,-0.020060335027814555,-0.10192434809262291,0.3006890999148856,0.2968622104520172,0.06838764080048279,0.4331468442297991,-0.2755651695508388,0.8559307465915788
matrix_BC_s_loss,"BC S-loss, fixed kappa_D",0.005,O29760-Na1120-Cl960-I160-2-allSk.dat,2,main,29760,1120,960,160,2240,0.93,0.035,0.03,0.005,0.07,0.14285714285714285,228,0.7478923427860895,1,0.46472640791409303,0.46472640791409303,0.07136682416531712,-0.06227781501835104,-0.02414709613982631,-0.10562354642253655,0.30809236441090715,0.2992395770200283,0.08215150252381107,0.43243635985397494,-0.26753492464565326,0.8726764992640974
matrix_BC_s_loss,"BC S-loss, fixed kappa_D",0.01,O29760-Na1120-Cl960-I160-2-allSk.dat,2,main,29760,1120,960,160,2240,0.93,0.035,0.03,0.005,0.07,0.14285714285714285,467,0.6459882133923895,1,0.46472640791409303,0.46472640791409303,0.07182588090415146,-0.06642986320887084,-0.02886548092829011,-0.10505119822436165,0.31852192807883273,0.3112229411677664,0.08039240670813658,0.44698773111580725,-0.27147335789009863,0.8776695210383935
matrix_BC_s_loss,"BC S-loss, fixed kappa_D",0.0025,O29760-Na1120-Cl800-I320-2-allSk.dat,2,main,29760,1120,800,320,2240,0.93,0.035,0.025,0.01,0.07,0.2857142857142857,86,0.8975316324268673,1,0.46472640791409303,0.46472640791409303,0.07921107958994689,-0.0498817048975488,0.02373136519265552,-0.1308427077944117,0.2868902018103524,0.3052202802050262,0.05412678463704218,0.6400910620971363,-0.4410579750604383,0.7986358324661188
matrix_BC_s_loss,"BC S-loss, fixed kappa_D",0.005,O29760-Na1120-Cl800-I320-2-allSk.dat,2,main,29760,1120,800,320,2240,0.93,0.035,0.025,0.01,0.07,0.2857142857142857,228,0.7593726923800598,1,0.46472640791409303,0.46472640791409303,0.07950361883860162,-0.0633710726725025,0.005653076032252527,-0.12749471911044133,0.30234053129493027,0.3034421083435188,0.08584324093586546,0.6011270313467817,-0.3827770880047394,0.7658217153869947
matrix_BC_s_loss,"BC S-loss, fixed kappa_D",0.01,O29760-Na1120-Cl800-I320-2-allSk.dat,2,main,29760,1120,800,320,2240,0.93,0.035,0.025,0.01,0.07,0.2857142857142857,467,0.628923578095142,1,0.46472640791409303,0.46472640791409303,0.08044969310272837,-0.06846983615258861,-0.000364921926229278,-0.1275183418782571,0.30898817581798554,0.3001458831960877,0.10349163462633804,0.583236865752504,-0.36065692509266867,0.7638637881872566
matrix_BC_s_loss,"BC S-loss, fixed kappa_D",0.0025,O29760-Na1120-Cl640-I480-2-allSk.dat,2,main,29760,1120,640,480,2240,0.93,0.035,0.02,0.015,0.07,0.42857142857142855,89,0.8979808825746773,1,0.46472640791409303,0.46472640791409303,0.0849813795237615,-0.06089020903801462,0.02563056366121699,-0.12260695632469967,0.26978751346036844,0.2752078623204382,0.09432456720773931,0.7012634444073945,-0.3893623231594423,0.5936800405512758
matrix_BC_s_loss,"BC S-loss, fixed kappa_D",0.005,O29760-Na1120-Cl640-I480-2-allSk.dat,2,main,29760,1120,640,480,2240,0.93,0.035,0.02,0.015,0.07,0.42857142857142855,229,0.7377492552469739,1,0.46472640791409303,0.46472640791409303,0.08697135232369821,-0.06917373687483762,0.02494198246377044,-0.13446514902312873,0.2931270249582942,0.28253463846844296,0.12151602755256616,0.7006204727075286,-0.37742804795870166,0.6214351683140007
matrix_BC_s_loss,"BC S-loss, fixed kappa_D",0.01,O29760-Na1120-Cl640-I480-2-allSk.dat,2,main,29760,1120,640,480,2240,0.93,0.035,0.02,0.015,0.07,0.42857142857142855,467,0.5981486537546387,1,0.46472640791409303,0.46472640791409303,0.087458033520523,-0.07435466631154919,0.019012570672780504,-0.13553245447378548,0.2995654369298011,0.27890201767769507,0.13554545347361724,0.6865945384740677,-0.3667812140629432,0.6305715655625312
matrix_BC_s_loss,"BC S-loss, fixed kappa_D",0.0025,O29760-Na1120-Cl480-I640-2-allSk.dat,2,main,29760,1120,480,640,2240,0.93,0.035,0.015,0.02,0.07,0.5714285714285714,89,0.8965932326901039,1,0.46472640791409303,0.46472640791409303,0.08968730011483778,-0.07428232619444164,0.034469447383614626,-0.12811769804755707,0.26440501210531936,0.23247545419042642,0.14844530462961408,0.7058422244539407,-0.3037411785835019,0.4594222565013305
matrix_BC_s_loss,"BC S-loss, fixed kappa_D",0.005,O29760-Na1120-Cl480-I640-2-allSk.dat,2,main,29760,1120,480,640,2240,0.93,0.035,0.015,0.02,0.07,0.5714285714285714,229,0.7257730565385407,1,0.46472640791409303,0.46472640791409303,0.09248083474487247,-0.08130075461719577,0.02836585258612423,-0.13211633799908126,0.2811567899331724,0.23023897952978323,0.17254266757600356,0.7078875714434104,-0.3084710789187164,0.49539628515329936
matrix_BC_s_loss,"BC S-loss, fixed kappa_D",0.01,O29760-Na1120-Cl480-I640-2-allSk.dat,2,main,29760,1120,480,640,2240,0.93,0.035,0.015,0.02,0.07,0.5714285714285714,467,0.5761057985574415,1,0.46472640791409303,0.46472640791409303,0.09331592316493592,-0.08409903742700786,0.02736950263069793,-0.13495525383301765,0.2838517448690898,0.2303470092011033,0.17601420141375912,0.7329289139998225,-0.3300146078951731,0.5186459361354006
matrix_BC_s_loss,"BC S-loss, fixed kappa_D",0.0025,O29760-Na1120-Cl320-I800-2-allSk.dat,2,main,29760,1120,320,800,2240,0.93,0.035,0.01,0.025,0.07,0.7142857142857143,89,0.8770350554227677,1,0.46472640791409303,0.46472640791409303,0.09453970092077488,-0.08516824520888253,0.039237709741477146,-0.12558853331879702,0.25859805931727275,0.1925172719054632,0.18421873650650097,0.8401310947515834,-0.3035560504656667,0.4099562519421578
matrix_BC_s_loss,"BC S-loss, fixed kappa_D",0.005,O29760-Na1120-Cl320-I800-2-allSk.dat,2,main,29760,1120,320,800,2240,0.93,0.035,0.01,0.025,0.07,0.7142857142857143,229,0.7191276387409625,1,0.46472640791409303,0.46472640791409303,0.09548466589713689,-0.08681096916559428,0.044275308514845096,-0.13071828772908275,0.26634903838482016,0.20422959763947823,0.1859822934151919,0.8998005464441886,-0.3274361145844543,0.42714599927417424
matrix_BC_s_loss,"BC S-loss, fixed kappa_D",0.01,O29760-Na1120-Cl320-I800-2-allSk.dat,2,main,29760,1120,320,800,2240,0.93,0.035,0.01,0.025,0.07,0.7142857142857143,470,0.5891810996407579,1,0.46472640791409303,0.46472640791409303,0.09691095921102466,-0.08820303541219987,0.04311311603964346,-0.1316303676645093,0.27207510771313004,0.19909020580884107,0.19600790680773605,0.8711367352715819,-0.31538853906050257,0.43138890922741746
matrix_BC_s_loss,"BC S-loss, fixed kappa_D",0.0025,O29760-Na1120-Cl160-I960-2-allSk.dat,2,main,29760,1120,160,960,2240,0.93,0.035,0.005,0.03,0.07,0.8571428571428571,89,0.8837509646509911,1,0.46472640791409303,0.46472640791409303,0.10806157206815549,-0.10977974994012633,0.01502731400578304,-0.12471055746946036,0.27625214470044507,0.1730957644380854,0.22772036961205472,0.8697606252250366,-0.1681134941415818,0.314598157787428
matrix_BC_s_loss,"BC S-loss, fixed kappa_D",0.005,O29760-Na1120-Cl160-I960-2-allSk.dat,2,main,29760,1120,160,960,2240,0.93,0.035,0.005,0.03,0.07,0.8571428571428571,229,0.7101980798215803,1,0.46472640791409303,0.46472640791409303,0.10317345851677814,-0.10423893312149629,0.023806936385454565,-0.12231005712039314,0.2668720832411763,0.15493961545793722,0.22500096205249887,0.8985993264247311,-0.199497726875889,0.3244734212742671
matrix_BC_s_loss,"BC S-loss, fixed kappa_D",0.01,O29760-Na1120-Cl160-I960-2-allSk.dat,2,main,29760,1120,160,960,2240,0.93,0.035,0.005,0.03,0.07,0.8571428571428571,470,0.6016431095524303,1,0.46472640791409303,0.46472640791409303,0.10073287059581637,-0.10178472206040046,0.031300504402269475,-0.12271844253504471,0.2670254267641159,0.14613143063777678,0.2287625183824118,0.9102117327739868,-0.21375239888999642,0.33435581195458575
matrix_BC_s_loss,"BC S-loss, fixed kappa_D",0.0025,O29440-Na1280-Cl960-I320-2-allSk.dat,2,main,29440,1280,960,320,2560,0.92,0.04,0.03,0.01,0.08,0.25,86,0.9356328020712371,1,0.4987430402726989,0.4987430402726989,0.07459673165680596,-0.05271424102303391,8.506405989144178e-05,-0.10557581731969783,0.2491373865553128,0.25544309081057526,0.05583436138427883,0.4709177387024509,-0.3047672679969392,0.6395411154232165
matrix_BC_s_loss,"BC S-loss, fixed kappa_D",0.005,O29440-Na1280-Cl960-I320-2-allSk.dat,2,main,29440,1280,960,320,2560,0.92,0.04,0.03,0.01,0.08,0.25,228,0.8003641030128088,1,0.4987430402726989,0.4987430402726989,0.07686359793437865,-0.05871052684427218,-0.0025741344469698835,-0.11296252204087928,0.2736368143935018,0.27939241555949695,0.06335176978855767,0.5141590254853303,-0.33176472419169933,0.7013368980362139
matrix_BC_s_loss,"BC S-loss, fixed kappa_D",0.01,O29440-Na1280-Cl960-I320-2-allSk.dat,2,main,29440,1280,960,320,2560,0.92,0.04,0.03,0.01,0.08,0.25,467,0.678256261057379,1,0.4987430402726989,0.4987430402726989,0.07784744629771811,-0.06658390045552409,-0.008442704795898648,-0.11854460725124633,0.287891331905491,0.2860651675705298,0.08030325930312043,0.523555973876716,-0.3346952122196163,0.7403156312206641
matrix_BC_s_loss,"BC S-loss, fixed kappa_D",0.0025,O29440-Na1280-Cl800-I480-2-allSk.dat,2,main,29440,1280,800,480,2560,0.92,0.04,0.025,0.015,0.08,0.375,86,0.9436519985504059,1,0.4987430402726989,0.4987430402726989,0.08883525809880655,-0.0732044969800544,0.019316903252162426,-0.14448045785080524,0.2748112454634609,0.26758830436640946,0.10330986915915008,0.6251654668295027,-0.3701152759953742,0.6465210765914223
matrix_BC_s_loss,"BC S-loss, fixed kappa_D",0.005,O29440-Na1280-Cl800-I480-2-allSk.dat,2,main,29440,1280,800,480,2560,0.92,0.04,0.025,0.015,0.08,0.375,228,0.7772583975605468,1,0.4987430402726989,0.4987430402726989,0.08916867848541274,-0.07445586141201843,0.01330248789586018,-0.13875935057381408,0.2808660164676648,0.26747570074655036,0.11334263945376119,0.6205587293463852,-0.3643518844191166,0.6554640153461494
matrix_BC_s_loss,"BC S-loss, fixed kappa_D",0.01,O29440-Na1280-Cl800-I480-2-allSk.dat,2,main,29440,1280,800,480,2560,0.92,0.04,0.025,0.015,0.08,0.375,467,0.5939440869559429,1,0.4987430402726989,0.4987430402726989,0.08809461489444614,-0.07380822323714076,0.014509844993373378,-0.13926045317341362,0.2785378707028008,0.2647201911654761,0.11309814091254089,0.6247128456403618,-0.37421455379736523,0.6677974023172881
matrix_BC_s_loss,"BC S-loss, fixed kappa_D",0.0025,O29440-Na1280-Cl640-I640-2-allSk.dat,2,main,29440,1280,640,640,2560,0.92,0.04,0.02,0.02,0.08,0.5,89,0.9018411725965044,1,0.4987430402726989,0.4987430402726989,0.09580551335953393,-0.07857756212810793,0.02202839706131017,-0.1331538511210949,0.23889898612388,0.19556339848547838,0.14229078772809467,0.5784859734925129,-0.3019175630505753,0.5031471248563979
matrix_BC_s_loss,"BC S-loss, fixed kappa_D",0.005,O29440-Na1280-Cl640-I640-2-allSk.dat,2,main,29440,1280,640,640,2560,0.92,0.04,0.02,0.02,0.08,0.5,229,0.7502245862250296,1,0.4987430402726989,0.4987430402726989,0.0942087604736069,-0.07732853407287776,0.02645960939894173,-0.13581867104323558,0.25697336593206577,0.23163993029919183,0.13177528897059992,0.6841806357670589,-0.3565923047507833,0.5429507055986394
matrix_BC_s_loss,"BC S-loss, fixed kappa_D",0.01,O29440-Na1280-Cl640-I640-2-allSk.dat,2,main,29440,1280,640,640,2560,0.92,0.04,0.02,0.02,0.08,0.5,467,0.5790616993307268,1,0.4987430402726989,0.4987430402726989,0.09317156217938305,-0.07814838380968858,0.029373148458055776,-0.13989165271925508,0.27138908820632546,0.24682820728120447,0.13697392194024904,0.721525225808223,-0.3724574274949062,0.5661678055942398
matrix_BC_s_loss,"BC S-loss, fixed kappa_D",0.0025,O29440-Na1280-Cl480-I800-2-allSk.dat,2,main,29440,1280,480,800,2560,0.92,0.04,0.015,0.025,0.08,0.625,89,0.8783019027463234,1,0.4987430402726989,0.4987430402726989,0.08926345402169125,-0.07772098368914607,0.023691893911114495,-0.1166617942901709,0.267784557081023,0.252655581684226,0.14301747700029036,0.7947049624841851,-0.29598897629917764,0.4101764641862046
matrix_BC_s_loss,"BC S-loss, fixed kappa_D",0.005,O29440-Na1280-Cl480-I800-2-allSk.dat,2,main,29440,1280,480,800,2560,0.92,0.04,0.015,0.025,0.08,0.625,229,0.7193061775327773,1,0.4987430402726989,0.4987430402726989,0.09438999227997545,-0.08035901025471096,0.03353034955046419,-0.12761949824897786,0.2677252889508809,0.25216631364695485,0.1433214934787636,0.8215506269817088,-0.3174024191561727,0.42714779950750537
matrix_BC_s_loss,"BC S-loss, fixed kappa_D",0.01,O29440-Na1280-Cl480-I800-2-allSk.dat,2,main,29440,1280,480,800,2560,0.92,0.04,0.015,0.025,0.08,0.625,467,0.5600627019308309,1,0.4987430402726989,0.4987430402726989,0.09531758937830204,-0.08015892250666967,0.03791167969925757,-0.13076016878279872,0.26340212668790164,0.23532011897262567,0.15090208398469196,0.825690919354112,-0.3419184138685138,0.4557265801579391
matrix_BC_s_loss,"BC S-loss, fixed kappa_D",0.0025,O29440-Na1280-Cl320-I960-2-allSk.dat,2,main,29440,1280,320,960,2560,0.92,0.04,0.01,0.03,0.08,0.75,89,0.8813512050616693,1,0.4987430402726989,0.4987430402726989,0.09646889603117045,-0.07996205418426978,0.04155031370494196,-0.11632131181894884,0.21286670357382623,0.1472959241969013,0.16075595573409796,0.7587615329113914,-0.26798849230589356,0.3403482168063636
matrix_BC_s_loss,"BC S-loss, fixed kappa_D",0.005,O29440-Na1280-Cl320-I960-2-allSk.dat,2,main,29440,1280,320,960,2560,0.92,0.04,0.01,0.03,0.08,0.75,229,0.7194696151835637,1,0.4987430402726989,0.4987430402726989,0.0984666427551466,-0.08765187671802901,0.03979412872666203,-0.12418682016876481,0.23368309727947023,0.1648626509772721,0.17465050231769202,0.8141653236059473,-0.2796915769066658,0.3631490362715801
matrix_BC_s_loss,"BC S-loss, fixed kappa_D",0.01,O29440-Na1280-Cl320-I960-2-allSk.dat,2,main,29440,1280,320,960,2560,0.92,0.04,0.01,0.03,0.08,0.75,470,0.5675501986641274,1,0.4987430402726989,0.4987430402726989,0.09925412118029309,-0.08957704533943645,0.040598711758665695,-0.1268743396424874,0.24568447977498398,0.1772117895489005,0.18137872666796806,0.8527126805230512,-0.28768734684212494,0.37553448047579585
matrix_BC_s_loss,"BC S-loss, fixed kappa_D",0.0025,O29376-Na1312-Cl1280-I32-2-allSk.dat,2,main,29376,1312,1280,32,2624,0.918,0.041,0.04,0.001,0.082,0.024390243902439025,86,0.9171749009066649,1,0.5048041082417978,0.5048041082417978,0.0649091775269139,-0.07259207069310256,-0.06536231001862247,-0.05142850172266432,0.3397627169022408,0.33711774882848944,0.043423035639599206,0.3585564246523504,-0.10910311478344836,0.9680717770357985
matrix_BC_s_loss,"BC S-loss, fixed kappa_D",0.005,O29376-Na1312-Cl1280-I32-2-allSk.dat,2,main,29376,1312,1280,32,2624,0.918,0.041,0.04,0.001,0.082,0.024390243902439025,228,0.7812703464897638,1,0.5048041082417978,0.5048041082417978,0.0637180192891339,-0.06962418306229126,-0.06223835555822051,-0.05218237130286414,0.32531917963263446,0.3261429213026485,0.020350175892654712,0.3520244232845214,-0.1380642949124563,1.0034999754313978
matrix_BC_s_loss,"BC S-loss, fixed kappa_D",0.01,O29376-Na1312-Cl1280-I32-2-allSk.dat,2,main,29376,1312,1280,32,2624,0.918,0.041,0.04,0.001,0.082,0.024390243902439025,467,0.6855288219414152,1,0.5048041082417978,0.5048041082417978,0.062466374881211206,-0.06702360188753459,-0.060068764937551034,-0.04925222285427719,0.3106259723753202,0.31115469121317263,0.021061634732545326,0.3363779514065529,-0.13507881731429425,0.9891737165458352
matrix_BC_s_loss,"BC S-loss, fixed kappa_D",0.0025,O29376-Na1312-Cl32-I1280-2-allSk.dat,2,main,29376,1312,32,1280,2624,0.918,0.041,0.001,0.04,0.082,0.975609756097561,89,0.8563986252929887,1,0.5048041082417978,0.5048041082417978,0.10021719979790697,-0.10277393398637485,0.014514684635493018,-0.10634565091987536,0.22317200313871588,0.07181722436037771,0.2145891322492708,1.0339804812273645,-0.09077727084055402,0.23160808474951355
matrix_BC_s_loss,"BC S-loss, fixed kappa_D",0.005,O29376-Na1312-Cl32-I1280-2-allSk.dat,2,main,29376,1312,32,1280,2624,0.918,0.041,0.001,0.04,0.082,0.975609756097561,238,0.7128064380503861,1,0.5048041082417978,0.5048041082417978,0.10197803379643094,-0.10399672334712323,0.01343980639752827,-0.1074136776210409,0.22373103639101133,0.07420241187590151,0.21477797902051182,1.0006179024949209,-0.0830873656597853,0.23058339676523165
matrix_BC_s_loss,"BC S-loss, fixed kappa_D",0.01,O29376-Na1312-Cl32-I1280-2-allSk.dat,2,main,29376,1312,32,1280,2624,0.918,0.041,0.001,0.04,0.082,0.975609756097561,473,0.6500784642415346,1,0.5048041082417978,0.5048041082417978,0.10338128654931622,-0.10710733456922084,0.013590846404663334,-0.11058681297998829,0.22856927659858428,0.06141421447237731,0.2216983154435992,0.9895613885429381,-0.09428624039614025,0.23936040096657418
matrix_BC_s_loss,"BC S-loss, fixed kappa_D",0.0025,O29120-Na1440-Cl960-I480-2-allSk.dat,2,main,29120,1440,960,480,2880,0.91,0.045,0.03,0.015,0.09,0.3333333333333333,86,0.920569818579166,1,0.5302846053397241,0.5302846053397241,0.08698161461811874,-0.06062403830850972,0.025230805137133647,-0.14068566132486798,0.23959728665289753,0.23648286720679412,0.08055739576573906,0.5760818033629865,-0.4051023582305547,0.7124307515506685
matrix_BC_s_loss,"BC S-loss, fixed kappa_D",0.005,O29120-Na1440-Cl960-I480-2-allSk.dat,2,main,29120,1440,960,480,2880,0.91,0.045,0.03,0.015,0.09,0.3333333333333333,228,0.7711250651496402,1,0.5302846053397241,0.5302846053397241,0.08961731439916336,-0.0676541873024345,0.01673458733745923,-0.14084677012594968,0.2611880934423265,0.2625129637133684,0.08114165459195519,0.5944179781336307,-0.38594817559793526,0.6863546126672238
matrix_BC_s_loss,"BC S-loss, fixed kappa_D",0.01,O29120-Na1440-Cl960-I480-2-allSk.dat,2,main,29120,1440,960,480,2880,0.91,0.045,0.03,0.015,0.09,0.3333333333333333,467,0.586346325926055,1,0.5302846053397241,0.5302846053397241,0.0883220089872565,-0.06930220797604403,0.01579459418287138,-0.1423718745968094,0.2631223585995879,0.2619354718990319,0.08530859687563574,0.5969745604488158,-0.39056397414477895,0.7000996933208942
matrix_BC_s_loss,"BC S-loss, fixed kappa_D",0.0025,O29120-Na1440-Cl800-I640-2-allSk.dat,2,main,29120,1440,800,640,2880,0.91,0.045,0.025,0.02,0.09,0.4444444444444444,89,0.9273149513471073,1,0.5302846053397241,0.5302846053397241,0.08791501069960572,-0.05520682658632938,0.03416540267652933,-0.1210083213111805,0.22264091479130413,0.2259764891016453,0.08131197671294645,0.6145487015025504,-0.34812160236949685,0.5111797487365931
matrix_BC_s_loss,"BC S-loss, fixed kappa_D",0.005,O29120-Na1440-Cl800-I640-2-allSk.dat,2,main,29120,1440,800,640,2880,0.91,0.045,0.025,0.02,0.09,0.4444444444444444,229,0.7834737882451089,1,0.5302846053397241,0.5302846053397241,0.08753523218540053,-0.06821377943039722,0.027690823546703762,-0.13327995104728657,0.24454115282229394,0.2372635384212185,0.10154302898745218,0.6555282425795005,-0.37700754815754,0.5738217963365707
matrix_BC_s_loss,"BC S-loss, fixed kappa_D",0.01,O29120-Na1440-Cl800-I640-2-allSk.dat,2,main,29120,1440,800,640,2880,0.91,0.045,0.025,0.02,0.09,0.4444444444444444,467,0.6162491815108985,1,0.5302846053397241,0.5302846053397241,0.09047078843844697,-0.07130692231456726,0.02885332058909501,-0.13921937657875638,0.255171022019997,0.24317990755622648,0.11087313100107687,0.6679343044316858,-0.3820033932723046,0.5934024739978446
matrix_BC_s_loss,"BC S-loss, fixed kappa_D",0.0025,O29120-Na1440-Cl640-I800-2-allSk.dat,2,main,29120,1440,640,800,2880,0.91,0.045,0.02,0.025,0.09,0.5555555555555556,89,0.9367271083604443,1,0.5302846053397241,0.5302846053397241,0.09623183077317651,-0.07806083972858224,0.028668744450615638,-0.13037171097675426,0.24048495038098555,0.2297071722686815,0.117188077125718,0.7308905895087772,-0.3455439056353924,0.4662881688479602
matrix_BC_s_loss,"BC S-loss, fixed kappa_D",0.005,O29120-Na1440-Cl640-I800-2-allSk.dat,2,main,29120,1440,640,800,2880,0.91,0.045,0.02,0.025,0.09,0.5555555555555556,229,0.7622870412219448,1,0.5302846053397241,0.5302846053397241,0.09629206287517181,-0.07563248530351724,0.040453345805387356,-0.13765419952281185,0.24552859038584163,0.23452643092096637,0.11964435428959017,0.7546693576671782,-0.36034656847615143,0.48282351461793827
matrix_BC_s_loss,"BC S-loss, fixed kappa_D",0.01,O29120-Na1440-Cl640-I800-2-allSk.dat,2,main,29120,1440,640,800,2880,0.91,0.045,0.02,0.025,0.09,0.5555555555555556,467,0.5771598308692167,1,0.5302846053397241,0.5302846053397241,0.09759286364266151,-0.07622651288472804,0.04266989510436836,-0.1404337131172707,0.2507119007726071,0.2317369980814608,0.12909343949268548,0.7542416734134917,-0.36370645291917447,0.49850596472598074
matrix_BC_s_loss,"BC S-loss, fixed kappa_D",0.0025,O29120-Na1440-Cl480-I960-2-allSk.dat,2,main,29120,1440,480,960,2880,0.91,0.045,0.015,0.03,0.09,0.6666666666666666,89,0.8996135066180351,1,0.5302846053397241,0.5302846053397241,0.09386940981392147,-0.0746658093870016,0.04795574180799259,-0.125356397344295,0.20590221684434665,0.1523614358473707,0.14444187960927746,0.7107967972564467,-0.3160053482337871,0.4003539758929512
matrix_BC_s_loss,"BC S-loss, fixed kappa_D",0.005,O29120-Na1440-Cl480-I960-2-allSk.dat,2,main,29120,1440,480,960,2880,0.91,0.045,0.015,0.03,0.09,0.6666666666666666,229,0.7353249221207849,1,0.5302846053397241,0.5302846053397241,0.09899902717308134,-0.0814643096155102,0.05365620835081147,-0.13771366418066963,0.22378796311787913,0.18211869546016674,0.14530579556706105,0.8168244356496914,-0.35453315923740564,0.4286553289564922
matrix_BC_s_loss,"BC S-loss, fixed kappa_D",0.01,O29120-Na1440-Cl480-I960-2-allSk.dat,2,main,29120,1440,480,960,2880,0.91,0.045,0.015,0.03,0.09,0.6666666666666666,470,0.5676432778329572,1,0.5302846053397241,0.5302846053397241,0.10113771618084821,-0.08175711420041254,0.05548525713393876,-0.13936560789201924,0.2364808535492573,0.1987994287921011,0.14905628837185136,0.8542338256044184,-0.3605559499551077,0.4375074819425049
matrix_BC_s_loss,"BC S-loss, fixed kappa_D",0.0025,O28800-Na1600-Cl1280-I320-2-allSk.dat,2,main,28800,1600,1280,320,3200,0.9,0.05,0.04,0.01,0.1,0.2,86,0.9258697750876033,1,0.5598492526579522,0.5598492526579522,0.07476274513615215,-0.04831548874185699,0.009541475480561811,-0.12711966815404166,0.24510912729925724,0.2847544247460476,-0.02142817894530661,0.5471551340372643,-0.45758001744851795,0.8672451701413005
matrix_BC_s_loss,"BC S-loss, fixed kappa_D",0.005,O28800-Na1600-Cl1280-I320-2-allSk.dat,2,main,28800,1600,1280,320,3200,0.9,0.05,0.04,0.01,0.1,0.2,228,0.7826273810552767,1,0.5598492526579522,0.5598492526579522,0.07728522684857962,-0.05460060662070844,0.0016688291676616174,-0.12542832635195245,0.2476271941261484,0.2753254180310173,0.0030604030815698097,0.5138437744179326,-0.4120411981849646,0.8309256656988692
matrix_BC_s_loss,"BC S-loss, fixed kappa_D",0.01,O28800-Na1600-Cl1280-I320-2-allSk.dat,2,main,28800,1600,1280,320,3200,0.9,0.05,0.04,0.01,0.1,0.2,467,0.6449577202621782,1,0.5598492526579522,0.5598492526579522,0.07635136057888553,-0.06125950221358345,-0.006885405672529155,-0.12320959987231325,0.25286837316263777,0.2641459271294032,0.03713901749263526,0.4775311394407213,-0.3644140298403909,0.811873427411868
matrix_BC_s_loss,"BC S-loss, fixed kappa_D",0.0025,O28800-Na1600-Cl960-I640-2-allSk.dat,2,main,28800,1600,960,640,3200,0.9,0.05,0.03,0.02,0.1,0.4,86,0.956457822961111,1,0.5598492526579522,0.5598492526579522,0.0918287070149849,-0.05747830210509694,0.038359790896106964,-0.13786213251333934,0.22630432186664984,0.256864824130432,0.04322467472458161,0.6987282015903189,-0.44962483387903907,0.6190199209684428
matrix_BC_s_loss,"BC S-loss, fixed kappa_D",0.005,O28800-Na1600-Cl960-I640-2-allSk.dat,2,main,28800,1600,960,640,3200,0.9,0.05,0.03,0.02,0.1,0.4,228,0.7989670669194006,1,0.5598492526579522,0.5598492526579522,0.09385736845335892,-0.06624102186339341,0.04231769391591172,-0.156564630405299,0.23329017152903153,0.24925396348777235,0.0635916354258774,0.7075905312638269,-0.4725127539877182,0.6792547761539854
matrix_BC_s_loss,"BC S-loss, fixed kappa_D",0.01,O28800-Na1600-Cl960-I640-2-allSk.dat,2,main,28800,1600,960,640,3200,0.9,0.05,0.03,0.02,0.1,0.4,467,0.6218818356192969,1,0.5598492526579522,0.5598492526579522,0.09448850938569148,-0.0667347620398665,0.03859379705172922,-0.1527844785842945,0.24130936144730808,0.2506546914331186,0.07455555362420652,0.6828356839765556,-0.43997963638577975,0.6567454840138772
matrix_BC_s_loss,"BC S-loss, fixed kappa_D",0.0025,O28800-Na1600-Cl800-I800-2-allSk.dat,2,main,28800,1600,800,800,3200,0.9,0.05,0.025,0.025,0.1,0.5,89,0.9287527782655745,1,0.5598492526579522,0.5598492526579522,0.09403292750495292,-0.06860325345567284,0.0384403061932623,-0.13545995765319369,0.23087837851074205,0.2300741585584105,0.09643717559018983,0.6808367923965315,-0.3554627970116495,0.4918455586482515
matrix_BC_s_loss,"BC S-loss, fixed kappa_D",0.005,O28800-Na1600-Cl800-I800-2-allSk.dat,2,main,28800,1600,800,800,3200,0.9,0.05,0.025,0.025,0.1,0.5,229,0.7787960742242632,1,0.5598492526579522,0.5598492526579522,0.09647786182971499,-0.07115763866866374,0.03811130632154864,-0.13874340399321708,0.23342579106159828,0.22152486334719784,0.1085890561797829,0.6659952256380761,-0.3527117594896223,0.5062798754643651
matrix_BC_s_loss,"BC S-loss, fixed kappa_D",0.01,O28800-Na1600-Cl800-I800-2-allSk.dat,2,main,28800,1600,800,800,3200,0.9,0.05,0.025,0.025,0.1,0.5,467,0.5765126985452882,1,0.5598492526579522,0.5598492526579522,0.09742657037551877,-0.07356967518312674,0.03902395363913455,-0.14306718606249558,0.2301963255024071,0.21585884231812708,0.10968792321582921,0.6835605172157465,-0.3782900148512961,0.5334121634916601
matrix_BC_s_loss,"BC S-loss, fixed kappa_D",0.0025,O28800-Na1600-Cl640-I960-2-allSk.dat,2,main,28800,1600,640,960,3200,0.9,0.05,0.02,0.03,0.1,0.6,89,0.9356791353510185,1,0.5598492526579522,0.5598492526579522,0.09914499783283634,-0.07240805766016883,0.050806360980334926,-0.1349616205128434,0.2157749619528,0.20238363708769214,0.11331873033942602,0.7604664529133985,-0.359642106718853,0.43994040229957654
matrix_BC_s_loss,"BC S-loss, fixed kappa_D",0.005,O28800-Na1600-Cl640-I960-2-allSk.dat,2,main,28800,1600,640,960,3200,0.9,0.05,0.02,0.03,0.1,0.6,229,0.7881051614947169,1,0.5598492526579522,0.5598492526579522,0.09832838489890335,-0.07299482354791587,0.051213053758144035,-0.1360511952792015,0.21580067898869065,0.19752526135451315,0.11731877806500172,0.745588379894618,-0.35376634706963245,0.44030690404403133
matrix_BC_s_loss,"BC S-loss, fixed kappa_D",0.01,O28800-Na1600-Cl640-I960-2-allSk.dat,2,main,28800,1600,640,960,3200,0.9,0.05,0.02,0.03,0.1,0.6,467,0.5902244801680641,1,0.5598492526579522,0.5598492526579522,0.09887397417714422,-0.07457821408820009,0.05164635853914962,-0.13844913554908,0.22259930866549982,0.19956305251867507,0.12443192171859008,0.7672380360343402,-0.36881244020536064,0.4617750166155161
matrix_BC_s_loss,"BC S-loss, fixed kappa_D",0.0025,O28736-Na1632-Cl1600-I32-2-allSk.dat,2,main,28736,1632,1600,32,3264,0.898,0.051,0.05,0.001,0.102,0.0196078431372549,86,0.9493717975192258,1,0.5657081512163484,0.5657081512163484,0.06120835205867711,-0.06395696665508738,-0.05759778807186189,-0.04946623460441618,0.26302729868361063,0.2657689343188654,-0.0008795285539502772,0.29048186969042444,-0.15604717573017937,1.097139071219291
matrix_BC_s_loss,"BC S-loss, fixed kappa_D",0.005,O28736-Na1632-Cl1600-I32-2-allSk.dat,2,main,28736,1632,1600,32,3264,0.898,0.051,0.05,0.001,0.102,0.0196078431372549,228,0.794070714437237,1,0.5657081512163484,0.5657081512163484,0.06089332348566824,-0.06236875963860313,-0.05674262655031352,-0.044171072975450726,0.2540478497277139,0.2568847429227733,-0.0021849007848812607,0.2801858620051633,-0.1466892241968782,1.0216461389873668
matrix_BC_s_loss,"BC S-loss, fixed kappa_D",0.01,O28736-Na1632-Cl1600-I32-2-allSk.dat,2,main,28736,1632,1600,32,3264,0.898,0.051,0.05,0.001,0.102,0.0196078431372549,461,0.6815435426548162,1,0.5657081512163484,0.5657081512163484,0.06091181720275134,-0.0645354936718274,-0.0585489609013628,-0.0468719363102387,0.25422448913896223,0.2556376385539068,0.007894916488936227,0.27690648769675874,-0.13240665267484275,0.992637400860993
matrix_BC_s_loss,"BC S-loss, fixed kappa_D",0.0025,O28736-Na1632-Cl32-I1600-2-allSk.dat,2,main,28736,1632,32,1600,3264,0.898,0.051,0.001,0.05,0.102,0.9803921568627451,89,0.8683929281832785,1,0.5657081512163484,0.5657081512163484,0.1036334228271107,-0.09547008081455463,0.008906528473932966,-0.09767962860139194,0.17993927043788766,0.07386055429248106,0.17128429527878944,0.9531087012965986,-0.060194421896238394,0.18150143538568708
matrix_BC_s_loss,"BC S-loss, fixed kappa_D",0.005,O28736-Na1632-Cl32-I1600-2-allSk.dat,2,main,28736,1632,32,1600,3264,0.898,0.051,0.001,0.05,0.102,0.9803921568627451,238,0.70404468359101,1,0.5657081512163484,0.5657081512163484,0.10352321669862144,-0.09718796791377649,0.009275891276947917,-0.0994668453141519,0.18347798658734943,0.05983508978099533,0.17684172361455713,0.9819698575327522,-0.07844103056338936,0.1896946230222949
matrix_BC_s_loss,"BC S-loss, fixed kappa_D",0.01,O28736-Na1632-Cl32-I1600-2-allSk.dat,2,main,28736,1632,32,1600,3264,0.898,0.051,0.001,0.05,0.102,0.9803921568627451,473,0.6549284903378525,1,0.5657081512163484,0.5657081512163484,0.10178455784085494,-0.0973274275110192,0.012936546771565322,-0.10012538746802346,0.18598317627164107,0.05477391200418017,0.18008759979871614,0.9730617702605471,-0.08229277577496108,0.1935175163091185
matrix_BC_s_loss,"BC S-loss, fixed kappa_D",0.0025,O28608-Na1696-Cl1024-I672-2-allSk.dat,2,main,28608,1696,1024,672,3392,0.894,0.053,0.032,0.021,0.106,0.39622641509433965,86,0.9857654781025486,1,0.5775602914974974,0.5775602914974974,0.08581381375328491,-0.045067198824646396,0.025812894409900523,-0.10346014399755427,0.16966733456821192,0.1963544837288562,0.02715681155609205,0.4989461348847343,-0.30397388659063157,0.41837618668822396
matrix_BC_s_loss,"BC S-loss, fixed kappa_D",0.005,O28608-Na1696-Cl1024-I672-2-allSk.dat,2,main,28608,1696,1024,672,3392,0.894,0.053,0.032,0.021,0.106,0.39622641509433965,228,0.9692589701073869,1,0.5775602914974974,0.5775602914974974,0.08175622426283077,-0.051879646758905634,0.026990565318772364,-0.11573648944312727,0.1749440424664294,0.19196394510267928,0.04095945326855291,0.549439259417886,-0.37327898287235617,0.5258558246970362
matrix_BC_s_loss,"BC S-loss, fixed kappa_D",0.01,O28608-Na1696-Cl1024-I672-2-allSk.dat,2,main,28608,1696,1024,672,3392,0.894,0.053,0.032,0.021,0.106,0.39622641509433965,467,0.9053535522642692,1,0.5775602914974974,0.5775602914974974,0.08758665479017383,-0.055937437836131254,0.030195809200930263,-0.12613953908131753,0.20179810687053534,0.21644707782260808,0.05339853344148637,0.5774216276310843,-0.36892603391415624,0.5402437753076685
matrix_BC_s_loss,"BC S-loss, fixed kappa_D",0.0025,O28544-Na1728-Cl416-I1312-2-allSk.dat,2,main,28544,1728,416,1312,3456,0.892,0.054,0.013,0.041,0.108,0.7592592592592593,89,0.9487940245311552,1,0.5831293860615774,0.5831293860615774,0.10409786975148227,-0.07518196983876464,0.07130387251408962,-0.1264323680685186,0.17202944666283074,0.1284911325483626,0.1250751506029398,0.871264975200208,-0.3431414614928169,0.33676139172514435
matrix_BC_s_loss,"BC S-loss, fixed kappa_D",0.005,O28544-Na1728-Cl416-I1312-2-allSk.dat,2,main,28544,1728,416,1312,3456,0.892,0.054,0.013,0.041,0.108,0.7592592592592593,229,0.826853569075914,1,0.5831293860615774,0.5831293860615774,0.10443731300039223,-0.07758538813474056,0.06692188582030056,-0.12672315856530275,0.17905918896006226,0.1385789058694285,0.12746240101746564,0.8607058895384647,-0.325618606641443,0.3296341029586952
matrix_BC_s_loss,"BC S-loss, fixed kappa_D",0.01,O28544-Na1728-Cl416-I1312-2-allSk.dat,2,main,28544,1728,416,1312,3456,0.892,0.054,0.013,0.041,0.108,0.7592592592592593,470,0.6716548989045436,1,0.5831293860615774,0.5831293860615774,0.1045525863239376,-0.08016050725122914,0.05937488378594293,-0.12542880304185267,0.18903169036729128,0.1542875897646445,0.1300617812339444,0.8723273198443116,-0.31413466307995075,0.32615072812559
matrix_BC_s_loss,"BC S-loss, fixed kappa_D",0.0025,O28480-Na1760-Cl1600-I160-2-allSk.dat,2,main,28480,1760,1600,160,3520,0.89,0.055,0.05,0.005,0.11,0.09090909090909091,86,0.9480794229197939,1,0.5888069257011409,0.5888069257011409,0.0696666928328796,-0.049937191306462875,-0.024840075161839694,-0.08707171188654582,0.24082525650595604,0.25467351581228065,-0.006621353818361778,0.35698096601158646,-0.2842164379337895,0.8768107461109622
matrix_BC_s_loss,"BC S-loss, fixed kappa_D",0.005,O28480-Na1760-Cl1600-I160-2-allSk.dat,2,main,28480,1760,1600,160,3520,0.89,0.055,0.05,0.005,0.11,0.09090909090909091,228,0.8046550140386125,1,0.5888069257011409,0.5888069257011409,0.06776446756241263,-0.05690662661884696,-0.03104300246647202,-0.09057133537528987,0.2286887651154584,0.23568341069175608,0.013178443154863023,0.3296729574572274,-0.26084398595283953,0.8685690608336469
matrix_BC_s_loss,"BC S-loss, fixed kappa_D",0.01,O28480-Na1760-Cl1600-I160-2-allSk.dat,2,main,28480,1760,1600,160,3520,0.89,0.055,0.05,0.005,0.11,0.09090909090909091,466,0.6532381378983926,1,0.5888069257011409,0.5888069257011409,0.0681686101142921,-0.06210438066415125,-0.03632114092410349,-0.09111939596427268,0.23311016274540508,0.23802091847079293,0.0204507115122452,0.3310658874356753,-0.25749618105826233,0.8821017577211342
matrix_BC_s_loss,"BC S-loss, fixed kappa_D",0.0025,O28480-Na1760-Cl960-I800-2-allSk.dat,2,main,28480,1760,960,800,3520,0.89,0.055,0.03,0.025,0.11,0.45454545454545453,86,0.9489982123446268,1,0.5888069257011409,0.5888069257011409,0.10659469091593661,-0.07782766325712655,0.05972682854098327,-0.18086454226061832,0.1942466436534426,0.169029519697418,0.10295177131213501,0.6471136244907455,-0.4581661651541182,0.6545980416108707
matrix_BC_s_loss,"BC S-loss, fixed kappa_D",0.005,O28480-Na1760-Cl960-I800-2-allSk.dat,2,main,28480,1760,960,800,3520,0.89,0.055,0.03,0.025,0.11,0.45454545454545453,228,0.8171371500366253,1,0.5888069257011409,0.5888069257011409,0.10160237732956133,-0.06926629860823946,0.04597051518327706,-0.15309670008105752,0.21211636074353918,0.22187253406922985,0.07157022312579325,0.6866509486924947,-0.42309827716394277,0.5696367369818501
matrix_BC_s_loss,"BC S-loss, fixed kappa_D",0.01,O28480-Na1760-Cl960-I800-2-allSk.dat,2,main,28480,1760,960,800,3520,0.89,0.055,0.03,0.025,0.11,0.45454545454545453,467,0.6076346654876542,1,0.5888069257011409,0.5888069257011409,0.09823923926299377,-0.06687532124160078,0.04451152845853951,-0.14795206765474966,0.21936308528938864,0.22282603920362043,0.08127434010685353,0.67026789742932,-0.4037372670217133,0.5628213445345868
matrix_BC_s_loss,"BC S-loss, fixed kappa_D",0.0025,O28480-Na1760-Cl800-I960-2-allSk.dat,2,main,28480,1760,800,960,3520,0.89,0.055,0.025,0.03,0.11,0.5454545454545454,89,0.937266441647633,1,0.5888069257011409,0.5888069257011409,0.09947756332994587,-0.0745404917700383,0.04655300938892863,-0.14342519191015032,0.21947057998290548,0.23695955232325366,0.08085108337185583,0.7936161774323574,-0.40362438673129775,0.47792985334809784
matrix_BC_s_loss,"BC S-loss, fixed kappa_D",0.005,O28480-Na1760-Cl800-I960-2-allSk.dat,2,main,28480,1760,800,960,3520,0.89,0.055,0.025,0.03,0.11,0.5454545454545454,229,0.7678149278512788,1,0.5888069257011409,0.5888069257011409,0.10120270080665543,-0.07010847769725521,0.04776580726026575,-0.13853134440699688,0.2137815793878674,0.22403527950847807,0.0849463330855137,0.7477993693383895,-0.3792991026712505,0.46126900301080515
matrix_BC_s_loss,"BC S-loss, fixed kappa_D",0.01,O28480-Na1760-Cl800-I960-2-allSk.dat,2,main,28480,1760,800,960,3520,0.89,0.055,0.025,0.03,0.11,0.5454545454545454,467,0.5736172783700818,1,0.5888069257011409,0.5888069257011409,0.09905031334905634,-0.07061589394435142,0.048319383762750384,-0.1397237331496139,0.21766365247386976,0.2207852422400447,0.09316954943331734,0.7458803737855749,-0.381947878682078,0.47482128119885103
matrix_BC_s_loss,"BC S-loss, fixed kappa_D",0.0025,O28480-Na1760-Cl160-I1600-2-allSk.dat,2,main,28480,1760,160,1600,3520,0.89,0.055,0.005,0.05,0.11,0.9090909090909091,89,0.8627396220202385,1,0.5888069257011409,0.5888069257011409,0.09171643683846559,-0.07294836290464564,0.026207620303906987,-0.08479646569524163,0.1548920150338285,0.12468912331350025,0.12302195296635723,0.9029338336658105,-0.1547576932793802,0.17796519240994513
matrix_BC_s_loss,"BC S-loss, fixed kappa_D",0.005,O28480-Na1760-Cl160-I1600-2-allSk.dat,2,main,28480,1760,160,1600,3520,0.89,0.055,0.005,0.05,0.11,0.9090909090909091,238,0.7125912686444744,1,0.5888069257011409,0.5888069257011409,0.09719295549088075,-0.08196223011750153,0.03418200311407671,-0.09677201064573882,0.16783741177340966,0.10779744326834621,0.1419408178548533,0.8973495795458489,-0.17070794056597116,0.2028513763691902
matrix_BC_s_loss,"BC S-loss, fixed kappa_D",0.01,O28480-Na1760-Cl160-I1600-2-allSk.dat,2,main,28480,1760,160,1600,3520,0.89,0.055,0.005,0.05,0.11,0.9090909090909091,473,0.5869864252930526,1,0.5888069257011409,0.5888069257011409,0.10071204455704796,-0.08704033877480488,0.039278256352876996,-0.10370955271424986,0.1764342897110942,0.09914863721709638,0.15369229211883528,0.9428934379687576,-0.1941811174834931,0.2225992968542443
matrix_BC_s_loss,"BC S-loss, fixed kappa_D",0.0025,O28160-Na1920-Cl1600-I320-2-allSk.dat,2,main,28160,1920,1600,320,3840,0.88,0.06,0.05,0.01,0.12,0.16666666666666666,86,0.9325934510066244,1,0.6162767600248704,0.6162767600248704,0.06964817621603078,-0.036859145181485975,0.0034670221715877355,-0.09803859530497502,0.20262039732028758,0.2330546594504397,-0.02480947608955035,0.4247782396327959,-0.3789680213499482,0.7866276998318976
matrix_BC_s_loss,"BC S-loss, fixed kappa_D",0.005,O28160-Na1920-Cl1600-I320-2-allSk.dat,2,main,28160,1920,1600,320,3840,0.88,0.06,0.05,0.01,0.12,0.16666666666666666,228,0.8133744332720227,1,0.6162767600248704,0.6162767600248704,0.07433258139469945,-0.05004995147037905,-0.006074340073964769,-0.10901420542965296,0.21135292526058683,0.23310855220398258,-0.0035397463316364924,0.41073596871646345,-0.34743653927554696,0.7682211473560006
matrix_BC_s_loss,"BC S-loss, fixed kappa_D",0.01,O28160-Na1920-Cl1600-I320-2-allSk.dat,2,main,28160,1920,1600,320,3840,0.88,0.06,0.05,0.01,0.12,0.16666666666666666,467,0.6455213043325141,1,0.6162767600248704,0.6162767600248704,0.07371315468449355,-0.05603879585040744,-0.011721129533353969,-0.11105721322383369,0.21019780741651117,0.2218568728702233,0.018790324208909526,0.39275083648541764,-0.3347814341397348,0.7946207507546101
matrix_BC_s_loss,"BC S-loss, fixed kappa_D",0.0025,O28160-Na1920-Cl1280-I640-2-allSk.dat,2,main,28160,1920,1280,640,3840,0.88,0.06,0.04,0.02,0.12,0.3333333333333333,86,0.9599405103637867,1,0.6162767600248704,0.6162767600248704,0.08724958721383864,-0.05239234095870794,0.037049078141609,-0.14314150524923808,0.18061046175885317,0.1947712505364899,0.03737835207573753,0.5175886349748348,-0.39462716552866134,0.6228282944698602
matrix_BC_s_loss,"BC S-loss, fixed kappa_D",0.005,O28160-Na1920-Cl1280-I640-2-allSk.dat,2,main,28160,1920,1280,640,3840,0.88,0.06,0.04,0.02,0.12,0.3333333333333333,228,0.8305959390519547,1,0.6162767600248704,0.6162767600248704,0.09370706831612532,-0.05910380022842481,0.036442977811759904,-0.15390893839068548,0.1952400615826675,0.20018836864435124,0.05505660036787016,0.5386205647083656,-0.4149880820072812,0.6822426029270618
matrix_BC_s_loss,"BC S-loss, fixed kappa_D",0.01,O28160-Na1920-Cl1280-I640-2-allSk.dat,2,main,28160,1920,1280,640,3840,0.88,0.06,0.04,0.02,0.12,0.3333333333333333,467,0.6360341284925478,1,0.6162767600248704,0.6162767600248704,0.0924489992849454,-0.061312117068188454,0.028224211729498905,-0.1461107648968606,0.20283598598280417,0.21324311367531665,0.04975092988324492,0.5499571478578561,-0.4084089499747716,0.6637486143304541
matrix_BC_s_loss,"BC S-loss, fixed kappa_D",0.0025,O28160-Na1920-Cl960-I960-2-allSk.dat,2,main,28160,1920,960,960,3840,0.88,0.06,0.03,0.03,0.12,0.5,89,0.9705663482322299,1,0.6162767600248704,0.6162767600248704,0.0902255522993585,-0.055059420239385815,0.0478991363234008,-0.12576491516233992,0.17057974487031607,0.17836903463464865,0.06286715402709475,0.6157602938582333,-0.3635083859705169,0.45241596782343263
matrix_BC_s_loss,"BC S-loss, fixed kappa_D",0.005,O28160-Na1920-Cl960-I960-2-allSk.dat,2,main,28160,1920,960,960,3840,0.88,0.06,0.03,0.03,0.12,0.5,229,0.8735342878822216,1,0.6162767600248704,0.6162767600248704,0.09649573694526233,-0.0599448139364224,0.05659487926058266,-0.14136964812340294,0.1877529578848296,0.19377546171657187,0.0717473176998187,0.6571907300886118,-0.3831508440739274,0.4846168738289022
matrix_BC_s_loss,"BC S-loss, fixed kappa_D",0.01,O28160-Na1920-Cl960-I960-2-allSk.dat,2,main,28160,1920,960,960,3840,0.88,0.06,0.03,0.03,0.12,0.5,467,0.7157445840423063,1,0.6162767600248704,0.6162767600248704,0.09835368713686021,-0.06052857111540155,0.05588193330521149,-0.14148225948767656,0.1938803575937642,0.1984824052711271,0.07570582591571973,0.6685379515437393,-0.3878414421168783,0.49490564787754554
matrix_BC_s_loss,"BC S-loss, fixed kappa_D",0.0025,O28160-Na1920-Cl640-I1280-2-allSk.dat,2,main,28160,1920,640,1280,3840,0.88,0.06,0.02,0.04,0.12,0.6666666666666666,89,0.9549330913058186,1,0.6162767600248704,0.6162767600248704,0.10819015996027125,-0.06179552386801697,0.08260624266133074,-0.13409518528647876,0.15844732216829235,0.15974745742870347,0.08109903478620134,0.8065664827945921,-0.3746787502581881,0.3642635120032739
matrix_BC_s_loss,"BC S-loss, fixed kappa_D",0.005,O28160-Na1920-Cl640-I1280-2-allSk.dat,2,main,28160,1920,640,1280,3840,0.88,0.06,0.02,0.04,0.12,0.6666666666666666,229,0.7995065063357457,1,0.6162767600248704,0.6162767600248704,0.10631707305206808,-0.0685385834385504,0.06918633718507688,-0.13286440674783595,0.17322047229420207,0.16501414121771563,0.09546826681563152,0.7838783928847646,-0.3521855040709451,0.3659570283272562
matrix_BC_s_loss,"BC S-loss, fixed kappa_D",0.01,O28160-Na1920-Cl640-I1280-2-allSk.dat,2,main,28160,1920,640,1280,3840,0.88,0.06,0.02,0.04,0.12,0.6666666666666666,470,0.6099949888344317,1,0.6162767600248704,0.6162767600248704,0.10356464766464424,-0.06970691775129645,0.06869473677306717,-0.13394770422047608,0.18475213287392966,0.17692204762991465,0.10117144759548058,0.8313648716839942,-0.37117936793719974,0.38637265967875856
matrix_BC_s_loss,"BC S-loss, fixed kappa_D",0.0025,O28160-Na1920-Cl320-I1600-2-allSk.dat,2,main,28160,1920,320,1600,3840,0.88,0.06,0.01,0.05,0.12,0.8333333333333334,89,0.9272172119513541,1,0.6162767600248704,0.6162767600248704,0.0972042651761506,-0.0691581122331082,0.051561521290486224,-0.09881792953486065,0.1431203157537166,0.1060603686490442,0.10934881194755505,0.8344487278549013,-0.2569935031115659,0.23471661042678565
matrix_BC_s_loss,"BC S-loss, fixed kappa_D",0.005,O28160-Na1920-Cl320-I1600-2-allSk.dat,2,main,28160,1920,320,1600,3840,0.88,0.06,0.01,0.05,0.12,0.8333333333333334,229,0.7552263247883539,1,0.6162767600248704,0.6162767600248704,0.09937874032619479,-0.073249161554984,0.05390520355434633,-0.10434757610170617,0.1529479350774334,0.11704810377718075,0.1152005649948466,0.8763733252381906,-0.2637062922760902,0.24412893529478807
matrix_BC_s_loss,"BC S-loss, fixed kappa_D",0.01,O28160-Na1920-Cl320-I1600-2-allSk.dat,2,main,28160,1920,320,1600,3840,0.88,0.06,0.01,0.05,0.12,0.8333333333333334,470,0.5844764773183588,1,0.6162767600248704,0.6162767600248704,0.10063506855980708,-0.07638000681457013,0.06154462900905097,-0.11119370017232544,0.16418538100842017,0.1279120248371562,0.12265207704667969,0.9342862328865786,-0.277704902676375,0.2585520266605237
matrix_BC_s_loss,"BC S-loss, fixed kappa_D",0.0025,O28096-Na1952-Cl1920-I32-2-allSk.dat,2,main,28096,1952,1920,32,3904,0.878,0.061,0.06,0.001,0.122,0.01639344262295082,86,0.9420665356568694,1,0.6216473153609047,0.6216473153609047,0.060092003470022165,-0.05920498793619523,-0.054025106390142505,-0.04392906318851461,0.2144644301828968,0.21464932501974787,0.012354224177181905,0.22957550754100445,-0.1018194136377828,0.8851793620553874
matrix_BC_s_loss,"BC S-loss, fixed kappa_D",0.005,O28096-Na1952-Cl1920-I32-2-allSk.dat,2,main,28096,1952,1920,32,3904,0.878,0.061,0.06,0.001,0.122,0.01639344262295082,228,0.7863437343624216,1,0.6216473153609047,0.6216473153609047,0.0609471971238042,-0.060905708939430134,-0.05564065336057112,-0.04469814582986597,0.21322582753719654,0.21434305517099111,0.0050527843123845395,0.23127648136971374,-0.1173871442466265,0.948740416490292
matrix_BC_s_loss,"BC S-loss, fixed kappa_D",0.01,O28096-Na1952-Cl1920-I32-2-allSk.dat,2,main,28096,1952,1920,32,3904,0.878,0.061,0.06,0.001,0.122,0.01639344262295082,461,0.671219390099306,1,0.6216473153609047,0.6216473153609047,0.060707512974883526,-0.06267374027391681,-0.05746391373815726,-0.04438399783065119,0.21339837211714552,0.2145840653072807,0.004533544073776555,0.23189363178183642,-0.12028522144429295,0.9671334300301576
matrix_BC_s_loss,"BC S-loss, fixed kappa_D",0.0025,O28096-Na1952-Cl32-I1920-2-allSk.dat,2,main,28096,1952,32,1920,3904,0.878,0.061,0.001,0.06,0.122,0.9836065573770492,89,0.8787698805097224,1,0.6216473153609047,0.6216473153609047,0.09913298556913264,-0.07858787284427779,0.03139458203743137,-0.08329308865753804,0.1345577310375684,0.01704572680474229,0.13347381798511765,0.8158363126681605,-0.08813682752913991,0.1459599190242529
matrix_BC_s_loss,"BC S-loss, fixed kappa_D",0.005,O28096-Na1952-Cl32-I1920-2-allSk.dat,2,main,28096,1952,32,1920,3904,0.878,0.061,0.001,0.06,0.122,0.9836065573770492,238,0.7112847034195545,1,0.6216473153609047,0.6216473153609047,0.09958194111742844,-0.08253858599687439,0.02920713072118371,-0.08699418962295963,0.1425049338420181,0.02085179742392033,0.1409956122068374,0.8923799459794974,-0.09418091128917845,0.1543244237033019
matrix_BC_s_loss,"BC S-loss, fixed kappa_D",0.01,O28096-Na1952-Cl32-I1920-2-allSk.dat,2,main,28096,1952,32,1920,3904,0.878,0.061,0.001,0.06,0.122,0.9836065573770492,473,0.6465474611371738,1,0.6216473153609047,0.6216473153609047,0.09949760174229683,-0.08687880293559025,0.028469162023766197,-0.09127515422793586,0.15026679938488496,0.0310938753080321,0.1474996461069349,0.9359577730131866,-0.08947970872953344,0.160275511273278
matrix_BC_s_loss,"BC S-loss, fixed kappa_D",0.0025,O27840-Na2080-Cl1600-I480-2-allSk.dat,2,main,27840,2080,1600,480,4160,0.87,0.065,0.05,0.015,0.13,0.23076923076923078,86,0.9626277666762004,1,0.6425594662531868,0.6425594662531868,0.0857627568614208,-0.0543235732324962,0.013678817707844489,-0.13805752542955435,0.20035331096717462,0.24472769804421796,-0.02974092689627117,0.5395750668679581,-0.4756834571568672,0.8065645227436193
matrix_BC_s_loss,"BC S-loss, fixed kappa_D",0.005,O27840-Na2080-Cl1600-I480-2-allSk.dat,2,main,27840,2080,1600,480,4160,0.87,0.065,0.05,0.015,0.13,0.23076923076923078,228,0.8287459114089307,1,0.6425594662531868,0.6425594662531868,0.08391006470282769,-0.05167180704726375,0.017316658915208935,-0.1391791928895397,0.191593384709842,0.22189774486092173,-0.006294566393063708,0.487815301520674,-0.4287078242949995,0.7696066349759522
matrix_BC_s_loss,"BC S-loss, fixed kappa_D",0.01,O27840-Na2080-Cl1600-I480-2-allSk.dat,2,main,27840,2080,1600,480,4160,0.87,0.065,0.05,0.015,0.13,0.23076923076923078,467,0.655046101304982,1,0.6425594662531868,0.6425594662531868,0.08252320471227861,-0.05639662731812092,0.0098119583572914,-0.1353130446579946,0.19962748661610263,0.2206755527421025,0.012661157691719716,0.47550970483325355,-0.40878517710935736,0.7726925104025303
matrix_BC_s_loss,"BC S-loss, fixed kappa_D",0.0025,O27840-Na2080-Cl480-I1600-2-allSk.dat,2,main,27840,2080,480,1600,4160,0.87,0.065,0.015,0.05,0.13,0.7692307692307693,89,0.9243558771213163,1,0.6425594662531868,0.6425594662531868,0.19439633704850348,-0.13622870299743126,0.163618239766343,-0.24494202009011526,0.15367191846024247,0.06473902243668087,0.13975392201680387,1.0358410376354477,-0.4935396598752466,0.429666792181881
matrix_BC_s_loss,"BC S-loss, fixed kappa_D",0.005,O27840-Na2080-Cl480-I1600-2-allSk.dat,2,main,27840,2080,480,1600,4160,0.87,0.065,0.015,0.05,0.13,0.7692307692307693,229,0.7862164732469679,1,0.6425594662531868,0.6425594662531868,0.10968733246909412,-0.07061421366815097,0.08442981757139612,-0.1267567066970251,0.161627129127905,0.1621336077139757,0.09547904638632435,0.9622559560132602,-0.34218853810402244,0.29628724354087677
matrix_BC_s_loss,"BC S-loss, fixed kappa_D",0.01,O27840-Na2080-Cl480-I1600-2-allSk.dat,2,main,27840,2080,480,1600,4160,0.87,0.065,0.015,0.05,0.13,0.7692307692307693,470,0.5737644753127235,1,0.6425594662531868,0.6425594662531868,0.10669440168650662,-0.07118135455152313,0.07738183657375808,-0.12354300861754097,0.16353682904969946,0.1507087656887387,0.10391408299962357,0.9070244261919198,-0.32496330744817004,0.29647001760873204
matrix_BC_s_loss,"BC S-loss, fixed kappa_D",0.0025,O27776-Na2112-Cl2080-I32-2-allSk.dat,2,main,27776,2112,2080,32,4224,0.868,0.066,0.065,0.001,0.132,0.015151515151515152,86,0.9586042039150999,1,0.6477269926919691,0.6477269926919691,0.060885436927460464,-0.05688680948835208,-0.05270110427117816,-0.037260738746385795,0.19282054203490995,0.19247640522672707,0.014687099290499165,0.20585454113051624,-0.0959666612037425,0.8930265165569317
matrix_BC_s_loss,"BC S-loss, fixed kappa_D",0.005,O27776-Na2112-Cl2080-I32-2-allSk.dat,2,main,27776,2112,2080,32,4224,0.868,0.066,0.065,0.001,0.132,0.015151515151515152,228,0.7932863589223668,1,0.6477269926919691,0.6477269926919691,0.06041105270293523,-0.058049795710112706,-0.053209976079641216,-0.042606227795359615,0.19064542308445712,0.19191408142158628,0.0015499488574179255,0.2072940758427675,-0.11214090128033963,0.9167006942914858
matrix_BC_s_loss,"BC S-loss, fixed kappa_D",0.01,O27776-Na2112-Cl2080-I32-2-allSk.dat,2,main,27776,2112,2080,32,4224,0.868,0.066,0.065,0.001,0.132,0.015151515151515152,461,0.6783461168771441,1,0.6477269926919691,0.6477269926919691,0.05914192291349735,-0.059860332160540125,-0.055282813499206024,-0.040603345904776114,0.19398930423308236,0.1956597347497387,-0.0014826548379497512,0.21197306258092463,-0.11943426687587065,0.9508646986880223
matrix_BC_s_loss,"BC S-loss, fixed kappa_D",0.0025,O27648-Na2176-Cl96-I2080-2-allSk.dat,2,main,27648,2176,96,2080,4352,0.864,0.068,0.003,0.065,0.136,0.9558823529411765,89,0.946447121798871,1,0.6581834523075096,0.6581834523075096,0.09658336327468456,-0.07656978854378986,0.014503533855146349,-0.08143271150807252,0.13115117469702284,0.06141515242803246,0.12094951048236696,0.7137097278469853,-0.09051300669378427,0.14315448309180206
matrix_BC_s_loss,"BC S-loss, fixed kappa_D",0.005,O27648-Na2176-Cl96-I2080-2-allSk.dat,2,main,27648,2176,96,2080,4352,0.864,0.068,0.003,0.065,0.136,0.9558823529411765,238,0.8025771770734713,1,0.6581834523075096,0.6581834523075096,0.10257130133647914,-0.08071150016731778,0.027082071921161553,-0.08837122646889613,0.1358392169061317,0.05837368589437163,0.1263979298145461,0.8264828955637159,-0.11785143206383754,0.15460045287090035
matrix_BC_s_loss,"BC S-loss, fixed kappa_D",0.01,O27648-Na2176-Cl96-I2080-2-allSk.dat,2,main,27648,2176,96,2080,4352,0.864,0.068,0.003,0.065,0.136,0.9558823529411765,473,0.6882914487017758,1,0.6581834523075096,0.6581834523075096,0.09951211906134827,-0.08094765632389328,0.03495974015789248,-0.09030516553080253,0.13674015255199345,0.05947502824042111,0.1270828154795849,0.9186006510941515,-0.13651502927322012,0.15931054918399817
matrix_BC_s_loss,"BC S-loss, fixed kappa_D",0.0025,O27520-Na2240-Cl1600-I640-2-allSk.dat,2,main,27520,2240,1600,640,4480,0.86,0.07,0.05,0.02,0.14,0.2857142857142857,86,0.9663096666872162,1,0.6677807386085743,0.6677807386085743,0.08327717672293447,-0.06188408767784251,0.0022966470844565483,-0.11940584477601672,0.15527684815715387,0.1591234248298472,0.038900157176641185,0.3747336741072139,-0.2948132941093473,0.5389162771646429
matrix_BC_s_loss,"BC S-loss, fixed kappa_D",0.005,O27520-Na2240-Cl1600-I640-2-allSk.dat,2,main,27520,2240,1600,640,4480,0.86,0.07,0.05,0.02,0.14,0.2857142857142857,228,0.8641844802610428,1,0.6677807386085743,0.6677807386085743,0.08696624499936839,-0.05831402814091935,0.016230777849487996,-0.13475867017330304,0.1682673421932028,0.18086483113771568,0.028826964426545643,0.45173325212138,-0.3758858700522973,0.6482580570120942
matrix_BC_s_loss,"BC S-loss, fixed kappa_D",0.01,O27520-Na2240-Cl1600-I640-2-allSk.dat,2,main,27520,2240,1600,640,4480,0.86,0.07,0.05,0.02,0.14,0.2857142857142857,467,0.6684834604702784,1,0.6677807386085743,0.6677807386085743,0.086497368844235,-0.05559086453376641,0.02202790850101742,-0.13883016593645842,0.17438200250153468,0.19171639991342984,0.023108609623077092,0.48546720706802043,-0.4089225098768732,0.6897955088089406
matrix_BC_s_loss,"BC S-loss, fixed kappa_D",0.0025,O27520-Na2240-Cl1280-I960-2-allSk.dat,2,main,27520,2240,1280,960,4480,0.86,0.07,0.04,0.03,0.14,0.42857142857142855,86,0.977786945031762,1,0.6677807386085743,0.6677807386085743,0.09206039637953486,-0.05048970152901972,0.06706515942599076,-0.15456446871983537,0.13557220061089342,0.14474443312966137,0.039953482281499586,0.6074966114491939,-0.4803758905572395,0.6157202517282065
matrix_BC_s_loss,"BC S-loss, fixed kappa_D",0.005,O27520-Na2240-Cl1280-I960-2-allSk.dat,2,main,27520,2240,1280,960,4480,0.86,0.07,0.04,0.03,0.14,0.42857142857142855,228,0.8940172391319035,1,0.6677807386085743,0.6677807386085743,0.10110769961550553,-0.05313721231336559,0.06328893426936966,-0.15424819902260264,0.15526174623463151,0.18045676502626778,0.028792711153731776,0.6234897138404202,-0.4442916464455481,0.5570053961230702
matrix_BC_s_loss,"BC S-loss, fixed kappa_D",0.01,O27520-Na2240-Cl1280-I960-2-allSk.dat,2,main,27520,2240,1280,960,4480,0.86,0.07,0.04,0.03,0.14,0.42857142857142855,467,0.729836337596203,1,0.6677807386085743,0.6677807386085743,0.09808135190086495,-0.05666052742407893,0.0523091491321724,-0.14695178794406769,0.17054585116092935,0.18540883656970314,0.046421407394570124,0.6105588637955894,-0.4217959727055374,0.5579579078532844
matrix_BC_s_loss,"BC S-loss, fixed kappa_D",0.0025,O27520-Na2240-Cl640-I1600-2-allSk.dat,2,main,27520,2240,640,1600,4480,0.86,0.07,0.02,0.05,0.14,0.7142857142857143,89,0.9604436636158388,1,0.6677807386085743,0.6677807386085743,0.11374840757646809,-0.07052731385597297,0.07712543137745341,-0.13222744886708268,0.1495482758474958,0.14761379892452456,0.08358874253343265,0.8814448405279831,-0.3828156632696818,0.3410174179434031
matrix_BC_s_loss,"BC S-loss, fixed kappa_D",0.005,O27520-Na2240-Cl640-I1600-2-allSk.dat,2,main,27520,2240,640,1600,4480,0.86,0.07,0.02,0.05,0.14,0.7142857142857143,229,0.8148558346279641,1,0.6677807386085743,0.6677807386085743,0.10903725521310823,-0.06464684917614665,0.0834327240549406,-0.12925867137160457,0.15467161127472315,0.157412183016422,0.08345371253813287,0.8539637168625136,-0.3538414701743301,0.322532759588975
matrix_BC_s_loss,"BC S-loss, fixed kappa_D",0.01,O27520-Na2240-Cl640-I1600-2-allSk.dat,2,main,27520,2240,640,1600,4480,0.86,0.07,0.02,0.05,0.14,0.7142857142857143,470,0.5972061001785811,1,0.6677807386085743,0.6677807386085743,0.10652158203647874,-0.0647033674439178,0.07835464266565216,-0.1261138840210992,0.15422046769765285,0.15498055374014297,0.08445780964665428,0.8469039297277161,-0.3522536113062248,0.32271657318455166
matrix_BC_s_loss,"BC S-loss, fixed kappa_D",0.0025,O27456-Na2272-Cl2240-I32-2-allSk.dat,2,main,27456,2272,2240,32,4544,0.858,0.071,0.07,0.001,0.142,0.014084507042253521,86,0.9380150049259135,1,0.672685109543546,0.672685109543546,0.05846611226467809,-0.05225435813961156,-0.04916777950517056,-0.02893589093138829,0.16816257734894755,0.17109641569571565,-0.014532253973040747,0.1889599193068133,-0.1392680867054102,1.042749462664306
matrix_BC_s_loss,"BC S-loss, fixed kappa_D",0.005,O27456-Na2272-Cl2240-I32-2-allSk.dat,2,main,27456,2272,2240,32,4544,0.858,0.071,0.07,0.001,0.142,0.014084507042253521,228,0.7928853079068174,1,0.672685109543546,0.672685109543546,0.059967873195433535,-0.05657514965650876,-0.052654895456020735,-0.03616822215177695,0.1775633794419705,0.18038568931995777,-0.01303932671864598,0.1977803103381296,-0.13479196180654943,1.0178791435437862
matrix_BC_s_loss,"BC S-loss, fixed kappa_D",0.01,O27456-Na2272-Cl2240-I32-2-allSk.dat,2,main,27456,2272,2240,32,4544,0.858,0.071,0.07,0.001,0.142,0.014084507042253521,461,0.67748871859197,1,0.672685109543546,0.672685109543546,0.05968622807127369,-0.059454434208182985,-0.05521448052730803,-0.03901447988718264,0.18234323458292612,0.18452917268213942,-0.007430420404332144,0.20066862485251274,-0.12404372339656784,0.9752144138790119
matrix_BC_s_loss,"BC S-loss, fixed kappa_D",0.0025,O27456-Na2272-Cl32-I2240-2-allSk.dat,2,main,27456,2272,32,2240,4544,0.858,0.071,0.001,0.07,0.142,0.9859154929577465,89,0.8794726333715115,1,0.672685109543546,0.672685109543546,0.08851882688014574,-0.06411266713669783,-0.007863407040177569,-0.06362913390481649,0.10699755329617525,0.06766445857973208,0.09967166165590637,0.9752583985196746,-0.04841961171303368,0.10616832797029563
matrix_BC_s_loss,"BC S-loss, fixed kappa_D",0.005,O27456-Na2272-Cl32-I2240-2-allSk.dat,2,main,27456,2272,32,2240,4544,0.858,0.071,0.001,0.07,0.142,0.9859154929577465,238,0.7187719944929349,1,0.672685109543546,0.672685109543546,0.09504685697120316,-0.0740648315561331,0.00731481958040143,-0.07546627819821414,0.12063480679713656,0.05236316161749803,0.1152348334731994,0.9974122968071141,-0.06647771338199379,0.12400062706616644
matrix_BC_s_loss,"BC S-loss, fixed kappa_D",0.01,O27456-Na2272-Cl32-I2240-2-allSk.dat,2,main,27456,2272,32,2240,4544,0.858,0.071,0.001,0.07,0.142,0.9859154929577465,479,0.6539339653342663,1,0.672685109543546,0.672685109543546,0.09601176567117559,-0.07748895588315735,0.015462784812959311,-0.07988864193983053,0.12598592572491218,0.038563536942467114,0.12227340975830037,1.0007876152625448,-0.08077898498409636,0.13279862950871452
matrix_BC_s_loss,"BC S-loss, fixed kappa_D",0.0025,O27328-Na2336-Cl1184-I1152-2-allSk.dat,2,main,27328,2336,1184,1152,4672,0.854,0.073,0.037,0.036,0.146,0.4931506849315068,88,0.9535083135465081,1,0.682713187686647,0.682713187686647,0.09201381735394021,-0.0361721939338636,0.08827149394668204,-0.14099831605326774,0.14953527802398506,0.19140870546915678,0.0188893789822253,0.7190254494585252,-0.45637739431371643,0.48957103976291094
matrix_BC_s_loss,"BC S-loss, fixed kappa_D",0.005,O27328-Na2336-Cl1184-I1152-2-allSk.dat,2,main,27328,2336,1184,1152,4672,0.854,0.073,0.037,0.036,0.146,0.4931506849315068,229,0.8435996260411436,1,0.682713187686647,0.682713187686647,0.09852812336764227,-0.04673506710334951,0.07706905106670268,-0.1446828874071439,0.15050390065322883,0.1815643305871904,0.030248863988607336,0.6997833722638682,-0.4508882925965606,0.5001821364611267
matrix_BC_s_loss,"BC S-loss, fixed kappa_D",0.01,O27328-Na2336-Cl1184-I1152-2-allSk.dat,2,main,27328,2336,1184,1152,4672,0.854,0.073,0.037,0.036,0.146,0.4931506849315068,467,0.6390591775315881,1,0.682713187686647,0.682713187686647,0.09994669935756587,-0.04864550891110814,0.0777923782789334,-0.1481366623445444,0.1637835509884512,0.19543341693448102,0.03509870122825348,0.7223031577708771,-0.4539691228927278,0.5102116342323684
matrix_BC_s_loss,"BC S-loss, fixed kappa_D",0.0025,O27264-Na2368-Cl608-I1760-2-allSk.dat,2,main,27264,2368,608,1760,4736,0.852,0.074,0.019,0.055,0.148,0.7432432432432432,89,0.9719917202104505,1,0.6878401892134671,0.6878401892134671,0.09226421556078808,-0.08513122611567722,0.052608324073369885,-0.12966762787260094,0.10159862159703946,0.05898328959794098,0.08318037765834937,0.625482595115232,-0.2992128628259284,0.27234752408970053
matrix_BC_s_loss,"BC S-loss, fixed kappa_D",0.005,O27264-Na2368-Cl608-I1760-2-allSk.dat,2,main,27264,2368,608,1760,4736,0.852,0.074,0.019,0.055,0.148,0.7432432432432432,229,0.8969370021124827,1,0.6878401892134671,0.6878401892134671,0.09809148002802984,-0.058148623475389724,0.06490282352758393,-0.10559563949588555,0.12433435405368333,0.12949022593105886,0.06811168111352794,0.7763011474350769,-0.30607341659099857,0.2589010975082432
matrix_BC_s_loss,"BC S-loss, fixed kappa_D",0.01,O27264-Na2368-Cl608-I1760-2-allSk.dat,2,main,27264,2368,608,1760,4736,0.852,0.074,0.019,0.055,0.148,0.7432432432432432,470,0.709012235130417,1,0.6878401892134671,0.6878401892134671,0.09850314299842217,-0.060814409435197725,0.07100921133707502,-0.11227683679345529,0.1364338823064627,0.1361246428220644,0.0782469714461369,0.8332502325276462,-0.3318499509063415,0.2858076551818968
matrix_BC_s_loss,"BC S-loss, fixed kappa_D",0.0025,O27200-Na2400-Cl2240-I160-2-allSk.dat,2,main,27200,2400,2240,160,4800,0.85,0.075,0.07,0.005,0.15,0.06666666666666667,86,0.9650647671440653,1,0.6930447783452088,0.6930447783452088,0.07412890547195303,-0.05868373275529162,-0.0428946753058713,-0.066783940943048,0.19489623626442168,0.21361890011855456,-0.044458858292503275,0.2937580670820859,-0.27179959902781464,0.8447925596663575
matrix_BC_s_loss,"BC S-loss, fixed kappa_D",0.005,O27200-Na2400-Cl2240-I160-2-allSk.dat,2,main,27200,2400,2240,160,4800,0.85,0.075,0.07,0.005,0.15,0.06666666666666667,228,0.8398220781750615,1,0.6930447783452088,0.6930447783452088,0.06774279585923632,-0.05289017685453094,-0.03429301410500602,-0.07653006459482457,0.17901383858338338,0.19472710345153005,-0.03528448946040465,0.2757059595545716,-0.2774224114219757,0.9013633748940968
matrix_BC_s_loss,"BC S-loss, fixed kappa_D",0.01,O27200-Na2400-Cl2240-I160-2-allSk.dat,2,main,27200,2400,2240,160,4800,0.85,0.075,0.07,0.005,0.15,0.06666666666666667,461,0.6564123539504124,1,0.6930447783452088,0.6930447783452088,0.06493819214292258,-0.05549315326321716,-0.035376064446469985,-0.08255894556585026,0.17197359969028736,0.1839305884500786,-0.02215435734009072,0.26332297262990056,-0.27290423972265543,0.9353107074161009
matrix_BC_s_loss,"BC S-loss, fixed kappa_D",0.0025,O27200-Na2400-Cl1600-I800-2-allSk.dat,2,main,27200,2400,1600,800,4800,0.85,0.075,0.05,0.025,0.15,0.3333333333333333,86,0.9700919139073558,1,0.6930447783452088,0.6930447783452088,0.15525278292226088,-0.0901341417842581,0.045203077491051104,-0.2200437183157984,0.1261805809935207,0.12808275063475796,0.03741481415561181,0.475127021257183,-0.45008524563926217,0.7013210176803373
matrix_BC_s_loss,"BC S-loss, fixed kappa_D",0.005,O27200-Na2400-Cl1600-I800-2-allSk.dat,2,main,27200,2400,1600,800,4800,0.85,0.075,0.05,0.025,0.15,0.3333333333333333,228,0.8582429716323055,1,0.6930447783452088,0.6930447783452088,0.09752877525061399,-0.051405632817247526,0.04843860206846344,-0.1575396958223172,0.16182724095230136,0.19289397406123976,0.007499729160627577,0.5540925509113631,-0.44950303676081377,0.6486832028642475
matrix_BC_s_loss,"BC S-loss, fixed kappa_D",0.01,O27200-Na2400-Cl1600-I800-2-allSk.dat,2,main,27200,2400,1600,800,4800,0.85,0.075,0.05,0.025,0.15,0.3333333333333333,467,0.6714315307134192,1,0.6930447783452088,0.6930447783452088,0.09522439765344635,-0.05092495608043027,0.04431656951477833,-0.1508777049501685,0.16990612346915457,0.19716674025695466,0.01545016024536805,0.555226196350585,-0.4437056053760431,0.6542549473538228
matrix_BC_s_loss,"BC S-loss, fixed kappa_D",0.0025,O27200-Na2400-Cl800-I1600-2-allSk.dat,2,main,27200,2400,800,1600,4800,0.85,0.075,0.025,0.05,0.15,0.6666666666666666,89,0.9448200223405161,1,0.6930447783452088,0.6930447783452088,0.10906502232074267,-0.07172429272265013,0.03698664962352016,-0.11399747042841678,0.13958279438149943,0.12544230168969062,0.08225220938081919,0.6057527884349457,-0.2746970887750051,0.2949781458447946
matrix_BC_s_loss,"BC S-loss, fixed kappa_D",0.005,O27200-Na2400-Cl800-I1600-2-allSk.dat,2,main,27200,2400,800,1600,4800,0.85,0.075,0.025,0.05,0.15,0.6666666666666666,229,0.8437572896608292,1,0.6930447783452088,0.6930447783452088,0.10288973389121914,-0.06432140931492185,0.05997120481935404,-0.1211833617828223,0.13503788798130378,0.13920390812383543,0.06695493334662056,0.741849533696316,-0.3540775633444099,0.33237335733748075
matrix_BC_s_loss,"BC S-loss, fixed kappa_D",0.01,O27200-Na2400-Cl800-I1600-2-allSk.dat,2,main,27200,2400,800,1600,4800,0.85,0.075,0.025,0.05,0.15,0.6666666666666666,470,0.6251477894995547,1,0.6930447783452088,0.6930447783452088,0.10404733603585584,-0.060171451239602325,0.07787832075714415,-0.12876296502468976,0.1454455328877109,0.1602995475573351,0.06478477337211336,0.8154219820379097,-0.3802643642703429,0.3482323295509132
matrix_BC_s_loss,"BC S-loss, fixed kappa_D",0.0025,O27200-Na2400-Cl160-I2240-2-allSk.dat,2,main,27200,2400,160,2240,4800,0.85,0.075,0.005,0.07,0.15,0.9333333333333333,89,0.9172831405913193,1,0.6930447783452088,0.6930447783452088,0.10793278967207633,-0.066540507248545,0.08989121597303679,-0.09290040654805853,0.1079651039306778,0.0369310021258152,0.10188427425685209,0.9316753504474392,-0.21077349226123926,0.16179182835882425
matrix_BC_s_loss,"BC S-loss, fixed kappa_D",0.005,O27200-Na2400-Cl160-I2240-2-allSk.dat,2,main,27200,2400,160,2240,4800,0.85,0.075,0.005,0.07,0.15,0.9333333333333333,238,0.7401620396462453,1,0.6930447783452088,0.6930447783452088,0.10087440353420896,-0.06993391365928157,0.055892448685969896,-0.08732636311877684,0.11457968801260975,0.05428828563237309,0.10409209010713646,0.891631218034901,-0.18210475237393375,0.15641509185195585
matrix_BC_s_loss,"BC S-loss, fixed kappa_D",0.01,O27200-Na2400-Cl160-I2240-2-allSk.dat,2,main,27200,2400,160,2240,4800,0.85,0.075,0.005,0.07,0.15,0.9333333333333333,479,0.6271973670380544,1,0.6930447783452088,0.6930447783452088,0.09961698562637608,-0.07247681913794274,0.05328140831441577,-0.0892606904636224,0.12168128980184734,0.0676260463515615,0.10787827982937065,0.9398921909611132,-0.18119714596750325,0.16009160252928023
matrix_BC_s_loss,"BC S-loss, fixed kappa_D",0.0025,O26944-Na2528-Cl1408-I1120-2-allSk.dat,2,main,26944,2528,1408,1120,5056,0.842,0.079,0.044,0.035,0.158,0.4430379746835443,86,0.984120816569221,1,0.7117061928616664,0.7117061928616664,0.07883923190780587,-0.0443114224895579,0.04475871771409021,-0.11675709402675444,0.13187425353953916,0.16829218923688855,0.009431906338501687,0.5592964479859012,-0.374257838538197,0.4337971024588067
matrix_BC_s_loss,"BC S-loss, fixed kappa_D",0.005,O26944-Na2528-Cl1408-I1120-2-allSk.dat,2,main,26944,2528,1408,1120,5056,0.842,0.079,0.044,0.035,0.158,0.4430379746835443,228,0.9069091901034264,1,0.7117061928616664,0.7117061928616664,0.09133378261865313,-0.04494840737929159,0.052191107132816404,-0.12604745885471044,0.14288636886625905,0.17749912040784785,0.015653247326081213,0.5875811632555216,-0.3921390344224383,0.46319273769560143
matrix_BC_s_loss,"BC S-loss, fixed kappa_D",0.01,O26944-Na2528-Cl1408-I1120-2-allSk.dat,2,main,26944,2528,1408,1120,5056,0.842,0.079,0.044,0.035,0.158,0.4430379746835443,467,0.749454756568854,1,0.7117061928616664,0.7117061928616664,0.0935191828576246,-0.04722879354300549,0.05757417374371083,-0.13550908580389467,0.15355649108169073,0.18662898728703797,0.021447191342330085,0.6298532868462624,-0.42581902549131967,0.5096602461766031
matrix_BC_s_loss,"BC S-loss, fixed kappa_D",0.0025,O26880-Na2560-Cl2240-I320-2-allSk.dat,2,main,26880,2560,2240,320,5120,0.84,0.08,0.07,0.01,0.16,0.125,86,0.9620274393742086,1,0.7165296389881972,0.7165296389881972,0.06930008808080818,-0.034843624951993446,0.0020392722510739454,-0.10394806117059795,0.13764587677191156,0.15119723449394049,-0.010708949920537197,0.3056896745324611,-0.3811284979438954,0.9780817386863435
matrix_BC_s_loss,"BC S-loss, fixed kappa_D",0.005,O26880-Na2560-Cl2240-I320-2-allSk.dat,2,main,26880,2560,2240,320,5120,0.84,0.08,0.07,0.01,0.16,0.125,228,0.8487469298146005,1,0.7165296389881972,0.7165296389881972,0.07218045363219353,-0.043714251355167134,-0.004075751081251182,-0.11285915050413442,0.14667363913122355,0.1670952668733486,-0.027236821998862765,0.3182368523943096,-0.3693587842100305,0.9001941214434444
matrix_BC_s_loss,"BC S-loss, fixed kappa_D",0.01,O26880-Na2560-Cl2240-I320-2-allSk.dat,2,main,26880,2560,2240,320,5120,0.84,0.08,0.07,0.01,0.16,0.125,461,0.6858529218441608,1,0.7165296389881972,0.7165296389881972,0.07130823371857575,-0.04908057526132038,-0.010352965205144879,-0.11142945910234715,0.1544010128399445,0.17057353757307187,-0.014583147862096107,0.3138397920221265,-0.3478872207711897,0.8791756994806548
matrix_BC_s_loss,"BC S-loss, fixed kappa_D",0.0025,O26880-Na2560-Cl1920-I640-2-allSk.dat,2,main,26880,2560,1920,640,5120,0.84,0.08,0.06,0.02,0.16,0.25,86,0.9462433117152417,1,0.7165296389881972,0.7165296389881972,0.0653377712973168,-0.03932523684907087,0.03546202151622191,-0.1400724967033388,0.18608670889114567,0.2819480057416822,-0.11617485325502372,0.6766756867550405,-0.6081406582229276,0.820980811680443
matrix_BC_s_loss,"BC S-loss, fixed kappa_D",0.005,O26880-Na2560-Cl1920-I640-2-allSk.dat,2,main,26880,2560,1920,640,5120,0.84,0.08,0.06,0.02,0.16,0.25,228,0.8549896486528328,1,0.7165296389881972,0.7165296389881972,0.08187607764321282,-0.04337384986799256,0.02926462371303582,-0.13743551487134814,0.15897207330380514,0.20277271057844842,-0.033268490502721536,0.49626510780041244,-0.4540109595770635,0.7198330681751306
matrix_BC_s_loss,"BC S-loss, fixed kappa_D",0.01,O26880-Na2560-Cl1920-I640-2-allSk.dat,2,main,26880,2560,1920,640,5120,0.84,0.08,0.06,0.02,0.16,0.25,467,0.6814577924662545,1,0.7165296389881972,0.7165296389881972,0.08396898731982066,-0.0453811336882822,0.026334566501982057,-0.13637507455329878,0.16158107436208724,0.18915680191262382,-0.004467042785731679,0.45866176401622727,-0.41611187494002455,0.7117928234574058
matrix_BC_s_loss,"BC S-loss, fixed kappa_D",0.0025,O26880-Na2560-Cl1600-I960-2-allSk.dat,2,main,26880,2560,1600,960,5120,0.84,0.08,0.05,0.03,0.16,0.375,86,0.9185614348532459,1,0.7165296389881972,0.7165296389881972,0.26015156454135724,-0.12915170133294188,0.12402378502667294,-0.37101786309932944,0.1341193670851003,0.08812647733640427,0.10524521629441029,0.5028004362850266,-0.5052026371971522,0.8240785186349828
matrix_BC_s_loss,"BC S-loss, fixed kappa_D",0.005,O26880-Na2560-Cl1600-I960-2-allSk.dat,2,main,26880,2560,1600,960,5120,0.84,0.08,0.05,0.03,0.16,0.375,228,0.8657828535603135,1,0.7165296389881972,0.7165296389881972,0.10372476137908222,-0.056263207411266655,0.05139687811011671,-0.15823051728916498,0.14119818045024854,0.1623326764953609,0.02100507893775177,0.5512766923383966,-0.4466069988636889,0.6108683065691631
matrix_BC_s_loss,"BC S-loss, fixed kappa_D",0.01,O26880-Na2560-Cl1600-I960-2-allSk.dat,2,main,26880,2560,1600,960,5120,0.84,0.08,0.05,0.03,0.16,0.375,467,0.6708594788672382,1,0.7165296389881972,0.7165296389881972,0.09781292055139656,-0.049058685214208475,0.05297770136077739,-0.14850641584796861,0.15318967261073513,0.18035246907593258,0.017323651447380906,0.5728984259084953,-0.4450943388126038,0.6029037249227458
matrix_BC_s_loss,"BC S-loss, fixed kappa_D",0.0025,O26880-Na2560-Cl1280-I1280-2-allSk.dat,2,main,26880,2560,1280,1280,5120,0.84,0.08,0.04,0.04,0.16,0.5,89,0.9717021902216315,1,0.7165296389881972,0.7165296389881972,0.08665291711917184,-0.06714621078279549,0.06296271170188318,-0.15792179365287512,0.12283093046619209,0.12018153925570454,0.053527628488490894,0.5569165703316866,-0.38695420756939486,0.46265370573948716
matrix_BC_s_loss,"BC S-loss, fixed kappa_D",0.005,O26880-Na2560-Cl1280-I1280-2-allSk.dat,2,main,26880,2560,1280,1280,5120,0.84,0.08,0.04,0.04,0.16,0.5,229,0.910565081591672,1,0.7165296389881972,0.7165296389881972,0.1025027347587662,-0.05377940496983286,0.0604504652671888,-0.13650602915188145,0.12487151266206838,0.1405873280395199,0.03600765872122089,0.5925763401922263,-0.39375583418094184,0.4446783534937943
matrix_BC_s_loss,"BC S-loss, fixed kappa_D",0.01,O26880-Na2560-Cl1280-I1280-2-allSk.dat,2,main,26880,2560,1280,1280,5120,0.84,0.08,0.04,0.04,0.16,0.5,467,0.7455396742734606,1,0.7165296389881972,0.7165296389881972,0.09927383939111671,-0.04902790895673237,0.0671446405726145,-0.13648057435401872,0.14034622134248348,0.16520825597935274,0.03327127367100369,0.6496927537314627,-0.4160529975094562,0.4631056839724165
matrix_BC_s_loss,"BC S-loss, fixed kappa_D",0.0025,O26880-Na2560-Cl960-I1600-2-allSk.dat,2,main,26880,2560,960,1600,5120,0.84,0.08,0.03,0.05,0.16,0.625,89,0.9626421740774098,1,0.7165296389881972,0.7165296389881972,0.11220098081412691,-0.05507906271103194,0.08130925331171354,-0.13265199261540916,0.12142161262719262,0.14853279830728344,0.03853453038709724,0.7088443452827444,-0.36118768891090663,0.3285175346366962
matrix_BC_s_loss,"BC S-loss, fixed kappa_D",0.005,O26880-Na2560-Cl960-I1600-2-allSk.dat,2,main,26880,2560,960,1600,5120,0.84,0.08,0.03,0.05,0.16,0.625,229,0.8414216089806738,1,0.7165296389881972,0.7165296389881972,0.10543620865453437,-0.05613337931572212,0.07387066733652356,-0.12822370543346312,0.13059598463413613,0.14823928743737716,0.05036664758676545,0.742177628160801,-0.3873788039499018,0.36377166106682435
matrix_BC_s_loss,"BC S-loss, fixed kappa_D",0.01,O26880-Na2560-Cl960-I1600-2-allSk.dat,2,main,26880,2560,960,1600,5120,0.84,0.08,0.03,0.05,0.16,0.625,470,0.6315016265364621,1,0.7165296389881972,0.7165296389881972,0.10447226679072621,-0.05324672053540752,0.08439008642886722,-0.1327206457953408,0.14107279021880276,0.164219528305876,0.0512406335364769,0.7875010510889356,-0.40227259290763256,0.37641385488349766
matrix_BC_s_loss,"BC S-loss, fixed kappa_D",0.0025,O26880-Na2560-Cl640-I1920-2-allSk.dat,2,main,26880,2560,640,1920,5120,0.84,0.08,0.02,0.06,0.16,0.75,89,0.9461969074047546,1,0.7165296389881972,0.7165296389881972,0.10893377207225402,-0.04983438293113682,0.13305234069453237,-0.13436159351667953,0.10944981761804644,0.16111169015711307,0.03336388564726433,1.170835387820099,-0.48994637097106436,0.32139596588794417
matrix_BC_s_loss,"BC S-loss, fixed kappa_D",0.005,O26880-Na2560-Cl640-I1920-2-allSk.dat,2,main,26880,2560,640,1920,5120,0.84,0.08,0.02,0.06,0.16,0.75,229,0.8105176896567531,1,0.7165296389881972,0.7165296389881972,0.11245752797636008,-0.053042370051772036,0.11540175700037872,-0.1278752887248171,0.13310147774956924,0.17305178330234852,0.053780854343145855,1.0230442282538907,-0.3908318732285654,0.2877476686809245
matrix_BC_s_loss,"BC S-loss, fixed kappa_D",0.01,O26880-Na2560-Cl640-I1920-2-allSk.dat,2,main,26880,2560,640,1920,5120,0.84,0.08,0.02,0.06,0.16,0.75,470,0.6188957412495875,1,0.7165296389881972,0.7165296389881972,0.10645658100654914,-0.05539441198571296,0.09574234515220285,-0.11924082608957529,0.13132221089302143,0.15095796506853865,0.06448220585068642,0.9260307065873269,-0.36033283418877476,0.28249589662841923
matrix_BC_s_loss,"BC S-loss, fixed kappa_D",0.0025,O26880-Na2560-Cl320-I2240-2-allSk.dat,2,main,26880,2560,320,2240,5120,0.84,0.08,0.01,0.07,0.16,0.875,89,0.932570491267261,1,0.7165296389881972,0.7165296389881972,0.10722825767774923,-0.06458724092086288,0.09725342315332056,-0.10580500371131527,0.10747291821528651,0.08052076381219016,0.08445939431610464,1.0423798205509045,-0.3079022222052437,0.20666699161854804
matrix_BC_s_loss,"BC S-loss, fixed kappa_D",0.005,O26880-Na2560-Cl320-I2240-2-allSk.dat,2,main,26880,2560,320,2240,5120,0.84,0.08,0.01,0.07,0.16,0.875,238,0.771524606860125,1,0.7165296389881972,0.7165296389881972,0.10742292818820073,-0.06643223527861024,0.0791004914834899,-0.1009162223926471,0.11728612329358534,0.10510386798674688,0.08565861180730722,1.006968335715795,-0.26823749519404916,0.1929571514007946
matrix_BC_s_loss,"BC S-loss, fixed kappa_D",0.01,O26880-Na2560-Cl320-I2240-2-allSk.dat,2,main,26880,2560,320,2240,5120,0.84,0.08,0.01,0.07,0.16,0.875,473,0.6221037675416562,1,0.7165296389881972,0.7165296389881972,0.10233337410377269,-0.06477984739013787,0.07567251002003211,-0.09785409022854921,0.11788903201924755,0.1018074870106414,0.0875490632448998,0.9841075554984104,-0.26312091194056736,0.19304424230372907
matrix_BC_s_loss,"BC S-loss, fixed kappa_D",0.0025,O26816-Na2592-Cl2560-I32-2-allSk.dat,2,main,26816,2592,2560,32,5184,0.838,0.081,0.08,0.001,0.162,0.012345679012345678,86,0.9351542235877616,1,0.7214189111166868,0.7214189111166868,0.05602043166189229,-0.044648158112497185,-0.03936346452044817,-0.04975589302198162,0.12406918118029028,0.12124847521217896,0.032143299652091166,0.12871070889444036,-0.05998730117101112,0.825832429689355
matrix_BC_s_loss,"BC S-loss, fixed kappa_D",0.005,O26816-Na2592-Cl2560-I32-2-allSk.dat,2,main,26816,2592,2560,32,5184,0.838,0.081,0.08,0.001,0.162,0.012345679012345678,228,0.810671813642349,1,0.7214189111166868,0.7214189111166868,0.058334241542994214,-0.05014099469510919,-0.04522843277388719,-0.04673355146321826,0.13868107778903627,0.13868593096884035,0.007685023424645218,0.14965678780949315,-0.09039762462559064,0.8777061454911256
matrix_BC_s_loss,"BC S-loss, fixed kappa_D",0.01,O26816-Na2592-Cl2560-I32-2-allSk.dat,2,main,26816,2592,2560,32,5184,0.838,0.081,0.08,0.001,0.162,0.012345679012345678,461,0.6689720010088683,1,0.7214189111166868,0.7214189111166868,0.05861978861084247,-0.05389541049213227,-0.04940746268784248,-0.04314491376598962,0.14690375679394319,0.1478964605119643,-0.0006923461999734266,0.16043744034298393,-0.10392794636423815,0.9233286955297936
matrix_BC_s_loss,"BC S-loss, fixed kappa_D",0.0025,O26816-Na2592-Cl32-I2560-2-allSk.dat,2,main,26816,2592,32,2560,5184,0.838,0.081,0.001,0.08,0.162,0.9876543209876543,89,0.9025678925597032,1,0.7214189111166868,0.7214189111166868,0.09706596372701068,-0.06618116719005487,0.03707582217529818,-0.07073871783554168,0.09854826070498267,0.010986131650241983,0.09793398764133553,0.8964367208409153,-0.08917009053549808,0.10851369335300197
matrix_BC_s_loss,"BC S-loss, fixed kappa_D",0.005,O26816-Na2592-Cl32-I2560-2-allSk.dat,2,main,26816,2592,32,2560,5184,0.838,0.081,0.001,0.08,0.162,0.9876543209876543,238,0.7219589248479567,1,0.7214189111166868,0.7214189111166868,0.09831301940949211,-0.07012736506923656,0.02951989336735666,-0.07386472433288847,0.10431090653483573,0.02066864595871888,0.10265000014460532,0.8986570398483422,-0.07967548766302425,0.11219756052391373
matrix_BC_s_loss,"BC S-loss, fixed kappa_D",0.01,O26816-Na2592-Cl32-I2560-2-allSk.dat,2,main,26816,2592,32,2560,5184,0.838,0.081,0.001,0.08,0.162,0.9876543209876543,479,0.6563377069316305,1,0.7214189111166868,0.7214189111166868,0.09565229062344238,-0.07102552058100084,0.025102198877827143,-0.07427456262416973,0.10643390467310865,0.024208229181341363,0.10439048837869286,0.9319909821181861,-0.07984069879268474,0.11396736419219813
matrix_BC_s_loss,"BC S-loss, fixed kappa_D",0.0025,O26560-Na2720-Cl2240-I480-2-allSk.dat,2,main,26560,2720,2240,480,5440,0.83,0.085,0.07,0.015,0.17,0.17647058823529413,86,0.9671389284136954,1,0.7397790686112217,0.7397790686112217,0.08387146541065182,-0.04213781043417819,0.026818684630354722,-0.15824303277096496,0.11453920471494802,0.1345892934572947,-0.018088259648209783,0.3243252169971491,-0.3802359422799883,0.778344844818931
matrix_BC_s_loss,"BC S-loss, fixed kappa_D",0.005,O26560-Na2720-Cl2240-I480-2-allSk.dat,2,main,26560,2720,2240,480,5440,0.83,0.085,0.07,0.015,0.17,0.17647058823529413,228,0.8703694709295846,1,0.7397790686112217,0.7397790686112217,0.08175708742589724,-0.04463793454111991,0.01356860087619744,-0.13557106621407128,0.1312512169921479,0.1499890740333552,-0.011573041365301046,0.3398962051413083,-0.3772143108736809,0.7873266966300252
matrix_BC_s_loss,"BC S-loss, fixed kappa_D",0.01,O26560-Na2720-Cl2240-I480-2-allSk.dat,2,main,26560,2720,2240,480,5440,0.83,0.085,0.07,0.015,0.17,0.17647058823529413,461,0.6956717668714191,1,0.7397790686112217,0.7397790686112217,0.0793186595205019,-0.04528135576658732,0.01053001556652522,-0.13053862059710591,0.1396992446006768,0.1594699545878167,-0.011943756011094181,0.35501756010069563,-0.3873111610673885,0.8082559085852731
matrix_BC_s_loss,"BC S-loss, fixed kappa_D",0.0025,O26560-Na2720-Cl480-I2240-2-allSk.dat,2,main,26560,2720,480,2240,5440,0.83,0.085,0.015,0.07,0.17,0.8235294117647058,89,0.9619942871589398,1,0.7397790686112217,0.7397790686112217,0.09895213269670756,-0.0516652499010167,0.07551100632366285,-0.09188713622320624,0.1013353155189887,0.11671157709834412,0.057639117062560856,0.9225693405654581,-0.29845672540815804,0.2016738311613437
matrix_BC_s_loss,"BC S-loss, fixed kappa_D",0.005,O26560-Na2720-Cl480-I2240-2-allSk.dat,2,main,26560,2720,480,2240,5440,0.83,0.085,0.015,0.07,0.17,0.8235294117647058,238,0.8102181617414218,1,0.7397790686112217,0.7397790686112217,0.10053357183739746,-0.05537705567050441,0.0800152757339165,-0.09806241854611136,0.11013062039826382,0.12143256207441565,0.06514567960506375,0.9257927318846145,-0.2947465935759618,0.20822820289473393
matrix_BC_s_loss,"BC S-loss, fixed kappa_D",0.01,O26560-Na2720-Cl480-I2240-2-allSk.dat,2,main,26560,2720,480,2240,5440,0.83,0.085,0.015,0.07,0.17,0.8235294117647058,473,0.6307237662033562,1,0.7397790686112217,0.7397790686112217,0.09980621951710014,-0.05740438171218651,0.0793316229658725,-0.09997995330057466,0.11243969326911829,0.1147470591555147,0.07078494047059689,0.9347632739985255,-0.30626621307936513,0.21977491334863034
matrix_BC_s_loss,"BC S-loss, fixed kappa_D",0.0025,O26496-Na2752-Cl832-I1920-2-allSk.dat,2,main,26496,2752,832,1920,5504,0.828,0.086,0.026,0.06,0.172,0.6976744186046512,89,0.9765477633060416,1,0.7443644293053576,0.7443644293053576,0.0834497757645736,-0.05310410994407952,0.04549672056770607,-0.09352685738409919,0.09604532721342446,0.10081801821330898,0.0486207462045675,0.630361868576682,-0.2942537349595254,0.25191120298573544
matrix_BC_s_loss,"BC S-loss, fixed kappa_D",0.005,O26496-Na2752-Cl832-I1920-2-allSk.dat,2,main,26496,2752,832,1920,5504,0.828,0.086,0.026,0.06,0.172,0.6976744186046512,229,0.8974431193068154,1,0.7443644293053576,0.7443644293053576,0.09721573182036611,-0.056189730809488435,0.06707706349042304,-0.11142694215160487,0.10978518357370035,0.11723547280017564,0.054263071623930584,0.7205409466680966,-0.33396158300661244,0.2848052077651507
matrix_BC_s_loss,"BC S-loss, fixed kappa_D",0.01,O26496-Na2752-Cl832-I1920-2-allSk.dat,2,main,26496,2752,832,1920,5504,0.828,0.086,0.026,0.06,0.172,0.6976744186046512,470,0.7328204349485745,1,0.7443644293053576,0.7443644293053576,0.10069984377194963,-0.05298894371907245,0.08041595226842177,-0.11637563058895253,0.11994100104455108,0.13829404451213603,0.052559360276186046,0.797825094029701,-0.3596245148606959,0.29965890205578216
matrix_BC_s_loss,"BC S-loss, fixed kappa_D",0.0025,O26368-Na2816-Cl256-I2560-2-allSk.dat,2,main,26368,2816,256,2560,5632,0.824,0.088,0.008,0.08,0.176,0.9090909090909091,89,0.9205215023996899,1,0.7537078193972535,0.7537078193972535,0.09150106670018199,-0.055155197875680836,0.0543689019203131,-0.07504021594963879,0.08681279245387451,0.045857360515056345,0.07654865418887753,0.7796938220865158,-0.1984652300736292,0.14304512216701343
matrix_BC_s_loss,"BC S-loss, fixed kappa_D",0.005,O26368-Na2816-Cl256-I2560-2-allSk.dat,2,main,26368,2816,256,2560,5632,0.824,0.088,0.008,0.08,0.176,0.9090909090909091,238,0.7750064341586839,1,0.7537078193972535,0.7537078193972535,0.09772471029472297,-0.061104829391358084,0.06478658518250897,-0.08457460283170827,0.09626055499737328,0.06402227116851229,0.08071330202407175,0.9133039850414661,-0.22166495440245398,0.1547494386627885
matrix_BC_s_loss,"BC S-loss, fixed kappa_D",0.01,O26368-Na2816-Cl256-I2560-2-allSk.dat,2,main,26368,2816,256,2560,5632,0.824,0.088,0.008,0.08,0.176,0.9090909090909091,479,0.6396482350190967,1,0.7537078193972535,0.7537078193972535,0.09866544924571086,-0.062470943619268804,0.06705218784469988,-0.08672384199009858,0.10091111497507671,0.0751651362573143,0.08206716714357429,0.9572589442058322,-0.22387799744526093,0.15686921003687757
matrix_BC_s_loss,"BC S-loss, fixed kappa_D",0.0025,O26240-Na2880-Cl2240-I640-2-allSk.dat,2,main,26240,2880,2240,640,5760,0.82,0.09,0.07,0.02,0.18,0.2222222222222222,86,0.9689888161951009,1,0.7625952127291019,0.7625952127291019,0.08793676237981213,-0.049791747690007174,-0.0059090191993748375,-0.0945694846482361,0.11115988488005081,0.12573502038516518,0.0005770412836370031,0.3167807318410133,-0.32591822599935383,0.6109612583114236
matrix_BC_s_loss,"BC S-loss, fixed kappa_D",0.005,O26240-Na2880-Cl2240-I640-2-allSk.dat,2,main,26240,2880,2240,640,5760,0.82,0.09,0.07,0.02,0.18,0.2222222222222222,228,0.8848480056843374,1,0.7625952127291019,0.7625952127291019,0.08128797838766838,-0.04074909612467759,0.02035310420958128,-0.12451905794572578,0.12836152238626997,0.15739711932652872,-0.022167138324241928,0.3871315546621057,-0.390367109332324,0.6832863876077254
matrix_BC_s_loss,"BC S-loss, fixed kappa_D",0.01,O26240-Na2880-Cl2240-I640-2-allSk.dat,2,main,26240,2880,2240,640,5760,0.82,0.09,0.07,0.02,0.18,0.2222222222222222,461,0.7155189784517431,1,0.7625952127291019,0.7625952127291019,0.08153614346016957,-0.04265774852705351,0.02363498646840051,-0.13470776061378648,0.1380411057565764,0.16644264296766736,-0.018556266378181613,0.4162250744394792,-0.42560764760535846,0.7568752138964867
matrix_BC_s_loss,"BC S-loss, fixed kappa_D",0.0025,O26240-Na2880-Cl1600-I1280-2-allSk.dat,2,main,26240,2880,1600,1280,5760,0.82,0.09,0.05,0.04,0.18,0.4444444444444444,86,0.952808245147267,1,0.7625952127291019,0.7625952127291019,0.14541957979654285,-0.04663447980119496,0.0971472109501898,-0.17856560345636058,0.08541191958860406,0.08958362438231181,0.027960342488077668,0.4546671699526306,-0.3739579130022986,0.46003817083066256
matrix_BC_s_loss,"BC S-loss, fixed kappa_D",0.005,O26240-Na2880-Cl1600-I1280-2-allSk.dat,2,main,26240,2880,1600,1280,5760,0.82,0.09,0.05,0.04,0.18,0.4444444444444444,228,0.9306216399951995,1,0.7625952127291019,0.7625952127291019,0.09696106157265369,-0.04619800639606106,0.05304718912304536,-0.12860557004130002,0.10852140607662832,0.12957909705568638,0.017908274375163666,0.5263070880714769,-0.3940605674003658,0.46743551954242324
matrix_BC_s_loss,"BC S-loss, fixed kappa_D",0.01,O26240-Na2880-Cl1600-I1280-2-allSk.dat,2,main,26240,2880,1600,1280,5760,0.82,0.09,0.05,0.04,0.18,0.4444444444444444,467,0.7709698544281687,1,0.7625952127291019,0.7625952127291019,0.096122350250669,-0.043026829142108466,0.0641622784327593,-0.13627585179662194,0.12538766804488335,0.1611002599247372,0.007965935875026225,0.6105916001482256,-0.4410117723237957,0.5050150547093731
matrix_BC_s_loss,"BC S-loss, fixed kappa_D",0.0025,O26240-Na2880-Cl1280-I1600-2-allSk.dat,2,main,26240,2880,1280,1600,5760,0.82,0.09,0.04,0.05,0.18,0.5555555555555556,89,0.9598708144463814,1,0.7625952127291019,0.7625952127291019,0.3654716750778553,-0.020327682135095462,0.6445440401271478,-0.6037701627341108,0.09852022717693161,0.16635860846054373,-0.016616907788214223,1.7929799997344475,-1.3804965703854828,1.2124597484007307
matrix_BC_s_loss,"BC S-loss, fixed kappa_D",0.005,O26240-Na2880-Cl1280-I1600-2-allSk.dat,2,main,26240,2880,1280,1600,5760,0.82,0.09,0.04,0.05,0.18,0.5555555555555556,229,0.9269798618648329,1,0.7625952127291019,0.7625952127291019,0.09492403284234352,-0.043246895826363256,0.06854293655570802,-0.11932846553656748,0.10516469448436642,0.13488879498413367,0.02044503742500208,0.6555383659472448,-0.40535903025433584,0.38999403486773465
matrix_BC_s_loss,"BC S-loss, fixed kappa_D",0.01,O26240-Na2880-Cl1280-I1600-2-allSk.dat,2,main,26240,2880,1280,1600,5760,0.82,0.09,0.04,0.05,0.18,0.5555555555555556,467,0.7741248336869837,1,0.7625952127291019,0.7625952127291019,0.09679042284163668,-0.040025972703190096,0.08443529992199647,-0.1292217056283972,0.12091113802736866,0.16247404190613068,0.01689811340713057,0.7308113398867276,-0.4356757325170161,0.41235141978393214
matrix_BC_s_loss,"BC S-loss, fixed kappa_D",0.0025,O26240-Na2880-Cl640-I2240-2-allSk.dat,2,main,26240,2880,640,2240,5760,0.82,0.09,0.02,0.07,0.18,0.7777777777777778,89,0.9378901105256476,1,0.7625952127291019,0.7625952127291019,0.09467221208078158,-0.056475434844779335,0.04916122374821404,-0.09031490333298642,0.09862839768623118,0.09859606109052675,0.05913227959620767,0.7157401290052936,-0.2707817667164276,0.21178864520599036
matrix_BC_s_loss,"BC S-loss, fixed kappa_D",0.005,O26240-Na2880-Cl640-I2240-2-allSk.dat,2,main,26240,2880,640,2240,5760,0.82,0.09,0.02,0.07,0.18,0.7777777777777778,238,0.8160802124956961,1,0.7625952127291019,0.7625952127291019,0.09900966983190619,-0.052454711366647644,0.07664631103944687,-0.10044722856845537,0.10268581017715228,0.12187583789138437,0.05128938879946131,0.8496478661265208,-0.3159616772549052,0.2270453209454184
matrix_BC_s_loss,"BC S-loss, fixed kappa_D",0.01,O26240-Na2880-Cl640-I2240-2-allSk.dat,2,main,26240,2880,640,2240,5760,0.82,0.09,0.02,0.07,0.18,0.7777777777777778,473,0.6433504225412993,1,0.7625952127291019,0.7625952127291019,0.09999553145806324,-0.051045782818512825,0.08611179328023619,-0.1039091668377917,0.10887898664666112,0.12608277244377267,0.05606308973488322,0.8809378218848142,-0.3279166467223644,0.2388483889942961
matrix_BC_s_loss,"BC S-loss, fixed kappa_D",0.0025,O26176-Na2912-Cl2880-I32-2-allSk.dat,2,main,26176,2912,2880,32,5824,0.818,0.091,0.09,0.001,0.182,0.01098901098901099,86,0.9604755222836073,1,0.7669252045948599,0.7669252045948599,0.06277073743983473,-0.05138561599462589,-0.046240664873776656,-0.051510070297282724,0.1297114160042012,0.1273692518603902,0.02903722672567405,0.13418624667433757,-0.057977286432558915,0.8270183217891159
matrix_BC_s_loss,"BC S-loss, fixed kappa_D",0.005,O26176-Na2912-Cl2880-I32-2-allSk.dat,2,main,26176,2912,2880,32,5824,0.818,0.091,0.09,0.001,0.182,0.01098901098901099,228,0.8316061849936428,1,0.7669252045948599,0.7669252045948599,0.05983121051543539,-0.05108828095354931,-0.04744419091897627,-0.037256024202407395,0.1297675038036976,0.13086442137263593,-0.003585819168946609,0.14149128127573668,-0.0939371374795578,0.8569593991908092
matrix_BC_s_loss,"BC S-loss, fixed kappa_D",0.01,O26176-Na2912-Cl2880-I32-2-allSk.dat,2,main,26176,2912,2880,32,5824,0.818,0.091,0.09,0.001,0.182,0.01098901098901099,461,0.6931522925733361,1,0.7669252045948599,0.7669252045948599,0.05852724494734468,-0.05229725568186741,-0.04889766853456141,-0.03500000869109891,0.1303950376271267,0.1321896846312763,-0.010172079215026539,0.14422054436985535,-0.1071869948671719,0.919829666755798
matrix_BC_s_loss,"BC S-loss, fixed kappa_D",0.0025,O26176-Na2912-Cl32-I2880-2-allSk.dat,2,main,26176,2912,32,2880,5824,0.818,0.091,0.001,0.09,0.182,0.989010989010989,98,0.8923015696220369,1,0.7669252045948599,0.7669252045948599,0.09632960087034677,-0.060453631381179804,0.010593611824295987,-0.06190522184340133,0.0854661586451967,0.03317724476690982,0.08244247032724451,0.8957070680013769,-0.06105476141616765,0.08933495574612298
matrix_BC_s_loss,"BC S-loss, fixed kappa_D",0.005,O26176-Na2912-Cl32-I2880-2-allSk.dat,2,main,26176,2912,32,2880,5824,0.818,0.091,0.001,0.09,0.182,0.989010989010989,253,0.7249765558535889,1,0.7669252045948599,0.7669252045948599,0.09516289312869897,-0.06256736087937113,0.01912044318826845,-0.06492946878841349,0.08891607834320535,0.033802199445292405,0.08584562729276413,0.983310188104408,-0.0696605240139301,0.09366409393818362
matrix_BC_s_loss,"BC S-loss, fixed kappa_D",0.01,O26176-Na2912-Cl32-I2880-2-allSk.dat,2,main,26176,2912,32,2880,5824,0.818,0.091,0.001,0.09,0.182,0.989010989010989,479,0.6602308934807088,1,0.7669252045948599,0.7669252045948599,0.0939131229036942,-0.06437089001863552,0.019922531623051402,-0.06682753739995184,0.09166970514205236,0.030236575023221437,0.08899035957363186,0.9939562572989957,-0.07436809696517661,0.09732247045112283
matrix_BC_s_loss,"BC S-loss, fixed kappa_D",0.0025,O26112-Na2944-Cl2560-I384-2-allSk.dat,2,main,26112,2944,2560,384,5888,0.816,0.092,0.08,0.012,0.184,0.13043478260869565,86,0.9853221431060527,1,0.7713046483648898,0.7713046483648898,0.059599137096558064,-0.042628530232482954,-0.0077339594931229785,-0.09806405794535047,0.7211996421174444,0.6864738242030011,0.22444359321655233,0.7634177012475334,-0.0703760789566722,0.8031664236109434
matrix_BC_s_loss,"BC S-loss, fixed kappa_D",0.005,O26112-Na2944-Cl2560-I384-2-allSk.dat,2,main,26112,2944,2560,384,5888,0.816,0.092,0.08,0.012,0.184,0.13043478260869565,228,0.9380646024798124,1,0.7713046483648898,0.7713046483648898,0.06957944836520925,-0.04103991910603599,-0.006269782571751632,-0.09744588146965158,0.12743829438122314,0.1459295861877767,-0.02392791229725036,0.2851647354771402,-0.33223145330802306,0.7915645347394565
matrix_BC_s_loss,"BC S-loss, fixed kappa_D",0.01,O26112-Na2944-Cl2560-I384-2-allSk.dat,2,main,26112,2944,2560,384,5888,0.816,0.092,0.08,0.012,0.184,0.13043478260869565,461,0.7795474712148899,1,0.7713046483648898,0.7713046483648898,0.07240854811034153,-0.042990105485590964,-0.0020146806608383264,-0.11383232893375647,0.12579321222832898,0.14013146146771427,-0.01351224486645726,0.27650557285580757,-0.3259278719449562,0.8041284348553239
matrix_BC_s_loss,"BC S-loss, fixed kappa_D",0.0025,O25984-Na3008-Cl2080-I928-2-allSk.dat,2,main,25984,3008,2080,928,6016,0.812,0.094,0.065,0.029,0.188,0.30851063829787234,86,0.9807051111725107,1,0.7802153194434958,0.7802153194434958,0.0584347810457829,-0.04806595483629259,-0.030514528129631915,-0.04085311020277253,0.10340412170165875,0.11916462072860243,0.007762857888081454,0.3289625273575615,-0.2779556198279942,0.43011005832408855
matrix_BC_s_loss,"BC S-loss, fixed kappa_D",0.005,O25984-Na3008-Cl2080-I928-2-allSk.dat,2,main,25984,3008,2080,928,6016,0.812,0.094,0.065,0.029,0.188,0.30851063829787234,228,0.9288251275932257,1,0.7802153194434958,0.7802153194434958,0.08337887745666488,-0.04016189224471793,0.03479461227818119,-0.12439863004604351,0.12130849727372232,0.1637979744903025,-0.02682405768977368,0.47501772900831685,-0.4162611848131741,0.5749008962846477
matrix_BC_s_loss,"BC S-loss, fixed kappa_D",0.01,O25984-Na3008-Cl2080-I928-2-allSk.dat,2,main,25984,3008,2080,928,6016,0.812,0.094,0.065,0.029,0.188,0.30851063829787234,467,0.7851524725339998,1,0.7802153194434958,0.7802153194434958,0.08532934462184873,-0.03873370840596241,0.042781446995896116,-0.13378463137411195,0.12703196003214734,0.15901228336912918,-0.009354860562252598,0.4738008957321016,-0.42305551232304506,0.6165240921791564
matrix_BC_s_loss,"BC S-loss, fixed kappa_D",0.0025,O25920-Na3040-Cl2880-I160-2-allSk.dat,2,main,25920,3040,2880,160,6080,0.81,0.095,0.09,0.005,0.19,0.05263157894736842,86,0.9742412528740629,1,0.7847483104534467,0.7847483104534467,0.06490290006148006,-0.044335323732221585,-0.02828141450373344,-0.07326531591508945,0.11510936456592913,0.11960195013599456,-0.005678012307715689,0.17051214166537249,-0.20208893578416573,0.8326408595250252
matrix_BC_s_loss,"BC S-loss, fixed kappa_D",0.005,O25920-Na3040-Cl2880-I160-2-allSk.dat,2,main,25920,3040,2880,160,6080,0.81,0.095,0.09,0.005,0.19,0.05263157894736842,228,0.8626407241964721,1,0.7847483104534467,0.7847483104534467,0.06462964330749273,-0.04339723489186157,-0.02624884736908586,-0.07779973348465417,0.11735993595322639,0.12701784858653598,-0.027330991563074628,0.18868465175819882,-0.2468632145696067,0.9282188880358666
matrix_BC_s_loss,"BC S-loss, fixed kappa_D",0.01,O25920-Na3040-Cl2880-I160-2-allSk.dat,2,main,25920,3040,2880,160,6080,0.81,0.095,0.09,0.005,0.19,0.05263157894736842,461,0.6911620438895726,1,0.7847483104534467,0.7847483104534467,0.06386921153127728,-0.047763889492669034,-0.030126036033241696,-0.08038402123273564,0.12205276476327867,0.13134739092745384,-0.025244117512904403,0.19361311865981085,-0.24890089123566497,0.9459604910590685
matrix_BC_s_loss,"BC S-loss, fixed kappa_D",0.0025,O25920-Na3040-Cl2240-I800-2-allSk.dat,2,main,25920,3040,2240,800,6080,0.81,0.095,0.07,0.025,0.19,0.2631578947368421,86,0.9691576760305531,1,0.7847483104534467,0.7847483104534467,0.07594979712470346,-0.03748295420536586,0.01978653145031838,-0.10617692907160006,0.09592635407501174,0.12288062995009369,-0.018623733145845263,0.36506686401705235,-0.3713352584536104,0.5850583950006396
matrix_BC_s_loss,"BC S-loss, fixed kappa_D",0.005,O25920-Na3040-Cl2240-I800-2-allSk.dat,2,main,25920,3040,2240,800,6080,0.81,0.095,0.07,0.025,0.19,0.2631578947368421,228,0.8843002728754094,1,0.7847483104534467,0.7847483104534467,0.08234720117384559,-0.03785909824616224,0.03656523934516586,-0.13498631717855478,0.11411755411912836,0.14669706031839463,-0.023015066530567632,0.42263637319569675,-0.4212407028420686,0.6600058911730479
matrix_BC_s_loss,"BC S-loss, fixed kappa_D",0.01,O25920-Na3040-Cl2240-I800-2-allSk.dat,2,main,25920,3040,2240,800,6080,0.81,0.095,0.07,0.025,0.19,0.2631578947368421,467,0.7233920873365662,1,0.7847483104534467,0.7847483104534467,0.08362008374763374,-0.038465891941798044,0.03764498166120641,-0.13797593032034944,0.1256651649094341,0.1591088702110794,-0.021273559409465376,0.4463550704088852,-0.43673460282737575,0.6893269670705754
matrix_BC_s_loss,"BC S-loss, fixed kappa_D",0.0025,O25920-Na3040-Cl800-I2240-2-allSk.dat,2,main,25920,3040,800,2240,6080,0.81,0.095,0.025,0.07,0.19,0.7368421052631579,89,0.9385167360936858,1,0.7847483104534467,0.7847483104534467,0.08873732559141398,-0.04604674927801145,0.06858143274994484,-0.09462808477766296,0.11646824133490415,0.14918666482130896,0.04652531010700684,0.7524954498296227,-0.275904840071005,0.2190850251792002
matrix_BC_s_loss,"BC S-loss, fixed kappa_D",0.005,O25920-Na3040-Cl800-I2240-2-allSk.dat,2,main,25920,3040,800,2240,6080,0.81,0.095,0.025,0.07,0.19,0.7368421052631579,238,0.8322236277060641,1,0.7847483104534467,0.7847483104534467,0.09790772501513573,-0.04567627738997965,0.07806116303644195,-0.09986172051268191,0.10091958772429072,0.12542722544597174,0.04261065765966654,0.7905462612661733,-0.3263234585234237,0.24465548069775978
matrix_BC_s_loss,"BC S-loss, fixed kappa_D",0.01,O25920-Na3040-Cl800-I2240-2-allSk.dat,2,main,25920,3040,800,2240,6080,0.81,0.095,0.025,0.07,0.19,0.7368421052631579,473,0.6560233659225095,1,0.7847483104534467,0.7847483104534467,0.09979070002669478,-0.04751007035583141,0.09189015087406116,-0.11026242561839739,0.10737175226839768,0.1316623560548795,0.04640099863927688,0.8578388201968982,-0.3592747469981037,0.2687632556602999
matrix_BC_s_loss,"BC S-loss, fixed kappa_D",0.0025,O25920-Na3040-Cl160-I2880-2-allSk.dat,2,main,25920,3040,160,2880,6080,0.81,0.095,0.005,0.09,0.19,0.9473684210526315,89,0.9371508910487082,1,0.7847483104534467,0.7847483104534467,0.09307276840914988,-0.05770066781916335,0.029554661581035997,-0.0662479013207267,0.08633783919691865,0.0640781108460899,0.07360034192029705,0.931730775752167,-0.1537770492942807,0.11186276117507858
matrix_BC_s_loss,"BC S-loss, fixed kappa_D",0.005,O25920-Na3040-Cl160-I2880-2-allSk.dat,2,main,25920,3040,160,2880,6080,0.81,0.095,0.005,0.09,0.19,0.9473684210526315,238,0.7712829635026036,1,0.7847483104534467,0.7847483104534467,0.09629006534810952,-0.05937294882195938,0.04563033899273965,-0.07175508022914351,0.08957587081106345,0.06610218786496239,0.07645002362911593,0.9835945399761951,-0.16392191430146677,0.11718169842698765
matrix_BC_s_loss,"BC S-loss, fixed kappa_D",0.01,O25920-Na3040-Cl160-I2880-2-allSk.dat,2,main,25920,3040,160,2880,6080,0.81,0.095,0.005,0.09,0.19,0.9473684210526315,479,0.6598349536073124,1,0.7847483104534467,0.7847483104534467,0.09399909177984637,-0.05999764304576097,0.046687831826772934,-0.0726461459839399,0.09053809620440786,0.0649696246925752,0.07770556394367914,0.9539470696844712,-0.1580975365852169,0.11709882448326785
matrix_BC_s_loss,"BC S-loss, fixed kappa_D",0.0025,O25856-Na3072-Cl3040-I32-2-allSk.dat,2,main,25856,3072,3040,32,6144,0.808,0.096,0.095,0.001,0.192,0.010416666666666666,86,0.9748893078792517,1,0.7889922535857528,0.7889922535857528,0.05508837005555123,-0.039115024227712354,-0.03802493309675742,-0.012626199668773307,0.10600341867177443,0.10881571960459903,-0.02198729352257455,0.11984524073609727,-0.10193495855871892,0.7781084777980204
matrix_BC_s_loss,"BC S-loss, fixed kappa_D",0.005,O25856-Na3072-Cl3040-I32-2-allSk.dat,2,main,25856,3072,3040,32,6144,0.808,0.096,0.095,0.001,0.192,0.010416666666666666,222,0.9025565110169562,1,0.7889922535857528,0.7889922535857528,0.05654769364389323,-0.0449073080960308,-0.041672975854650074,-0.03382203683746186,0.1143356861326055,0.11618258148334276,-0.012151366503575796,0.12701852648124146,-0.09967128905925632,0.8524169660973471
matrix_BC_s_loss,"BC S-loss, fixed kappa_D",0.01,O25856-Na3072-Cl3040-I32-2-allSk.dat,2,main,25856,3072,3040,32,6144,0.808,0.096,0.095,0.001,0.192,0.010416666666666666,461,0.7397934804205692,1,0.7889922535857528,0.7889922535857528,0.05814923203663745,-0.05067416580563323,-0.047712963187615705,-0.0314549576888397,0.12185240249516993,0.12354418766852507,-0.010254949519973439,0.13492042823423192,-0.1045607850144865,0.9186548934202461
matrix_BC_s_loss,"BC S-loss, fixed kappa_D",0.0025,O25856-Na3072-Cl672-I2400-2-allSk.dat,2,main,25856,3072,672,2400,6144,0.808,0.096,0.021,0.075,0.192,0.78125,89,0.9682512821109085,1,0.7889922535857528,0.7889922535857528,0.08440941998759262,-0.05331829945335552,0.023782859391790517,-0.07290747605102318,0.090213693324595,0.09807235251723571,0.0501701318387945,0.5869098381783704,-0.19960729394845816,0.1623832766304132
matrix_BC_s_loss,"BC S-loss, fixed kappa_D",0.005,O25856-Na3072-Cl672-I2400-2-allSk.dat,2,main,25856,3072,672,2400,6144,0.808,0.096,0.021,0.075,0.192,0.78125,238,0.8645434274667412,1,0.7889922535857528,0.7889922535857528,0.09523759331553608,-0.053079906306971514,0.04520764276000839,-0.08397469473153621,0.09732620164442637,0.1145286934018126,0.049509139327373095,0.6941851820930863,-0.2377538459371083,0.1818207069583028
matrix_BC_s_loss,"BC S-loss, fixed kappa_D",0.01,O25856-Na3072-Cl672-I2400-2-allSk.dat,2,main,25856,3072,672,2400,6144,0.808,0.096,0.021,0.075,0.192,0.78125,473,0.7230011007276903,1,0.7889922535857528,0.7889922535857528,0.09456807519427014,-0.050737117288814956,0.07069704411619417,-0.0948118549402076,0.10423343331036944,0.11646383740941092,0.05629979792867633,0.7952081291377557,-0.2890207993347644,0.2166313819846568
matrix_BC_s_loss,"BC S-loss, fixed kappa_D",0.0025,O25600-Na3200-Cl2880-I320-2-allSk.dat,2,main,25600,3200,2880,320,6400,0.8,0.1,0.09,0.01,0.2,0.1,86,0.9382406433365152,1,0.8059909930677207,0.8059909930677207,0.05318975534312805,-0.13063284699051853,-0.12714193962582293,-0.03167151484484208,-0.8284835743200446,-1.1204980206701902,0.7415989631218447,-1.4295798682703045,0.7454137457826824,0.10890059653619577
matrix_BC_s_loss,"BC S-loss, fixed kappa_D",0.005,O25600-Na3200-Cl2880-I320-2-allSk.dat,2,main,25600,3200,2880,320,6400,0.8,0.1,0.09,0.01,0.2,0.1,228,0.8958991809933111,1,0.8059909930677207,0.8059909930677207,0.06944152894169207,-0.040423382455271564,-0.007199342969545587,-0.10623193037811092,0.10715214801380929,0.12502401039282007,-0.036227187275335464,0.24241828620199996,-0.33189422355612547,0.8811222456568469
matrix_BC_s_loss,"BC S-loss, fixed kappa_D",0.01,O25600-Na3200-Cl2880-I320-2-allSk.dat,2,main,25600,3200,2880,320,6400,0.8,0.1,0.09,0.01,0.2,0.1,461,0.7349680206486655,1,0.8059909930677207,0.8059909930677207,0.06982297350048468,-0.042433599783151116,-0.00932945210480926,-0.10619846832035677,0.11423412299266963,0.12918718845997088,-0.026321550211266392,0.24194013383282173,-0.31729464145153713,0.8686478741405234
matrix_BC_s_loss,"BC S-loss, fixed kappa_D",0.0025,O25600-Na3200-Cl2560-I640-2-allSk.dat,2,main,25600,3200,2560,640,6400,0.8,0.1,0.08,0.02,0.2,0.2,86,0.9794383184944127,1,0.8059909930677207,0.8059909930677207,0.0765241689268332,-0.03798976505202947,0.021983801613971076,-0.12891530033352588,0.10383746793849065,0.1417631739203586,-0.051338710918797166,0.37293795510505806,-0.42888381661806896,0.7429707857444967
matrix_BC_s_loss,"BC S-loss, fixed kappa_D",0.005,O25600-Na3200-Cl2560-I640-2-allSk.dat,2,main,25600,3200,2560,640,6400,0.8,0.1,0.08,0.02,0.2,0.2,228,0.8979331504550094,1,0.8059909930677207,0.8059909930677207,0.079565650275043,-0.03806579986798202,0.023445908336151556,-0.13200953279501343,0.11130816537969179,0.14746595794923173,-0.0460392916586839,0.3732822813002529,-0.41682065625889825,0.7306943267330402
matrix_BC_s_loss,"BC S-loss, fixed kappa_D",0.01,O25600-Na3200-Cl2560-I640-2-allSk.dat,2,main,25600,3200,2560,640,6400,0.8,0.1,0.08,0.02,0.2,0.2,461,0.7358095733623917,1,0.8059909930677207,0.8059909930677207,0.0796891888939881,-0.039395934237240436,0.021700254904530786,-0.13149249680064257,0.12085843370890345,0.14800913190238463,-0.025770590377509173,0.3673068129583373,-0.4036551456922098,0.7496854994800072
matrix_BC_s_loss,"BC S-loss, fixed kappa_D",0.0025,O25600-Na3200-Cl2240-I960-2-allSk.dat,2,main,25600,3200,2240,960,6400,0.8,0.1,0.07,0.03,0.2,0.3,86,0.9758592706453577,1,0.8059909930677207,0.8059909930677207,0.07764475459135547,-0.0541746552015402,-0.019635807813027595,-0.06891474378489244,0.08688380257834825,0.08651545620131518,0.026472852904568328,0.2758152497653811,-0.26335986350996843,0.4506214321737171
matrix_BC_s_loss,"BC S-loss, fixed kappa_D",0.005,O25600-Na3200-Cl2240-I960-2-allSk.dat,2,main,25600,3200,2240,960,6400,0.8,0.1,0.07,0.03,0.2,0.3,228,0.9458284274971104,1,0.8059909930677207,0.8059909930677207,0.08438501861954299,-0.04170587914533136,0.0364126870120008,-0.13176546745801726,0.10393976817940816,0.12535840759951827,-0.0017209450955748828,0.41990228948132363,-0.41253924996053115,0.6270221118645665
matrix_BC_s_loss,"BC S-loss, fixed kappa_D",0.01,O25600-Na3200-Cl2240-I960-2-allSk.dat,2,main,25600,3200,2240,960,6400,0.8,0.1,0.07,0.03,0.2,0.3,467,0.8099754244752247,1,0.8059909930677207,0.8059909930677207,0.08882113904902864,-0.03623498033876298,0.049194182299169394,-0.14130107505345574,0.11528055393163267,0.1451066202750631,-0.011181490983076553,0.46219203552425414,-0.4410827655719092,0.6533505375313398
matrix_BC_s_loss,"BC S-loss, fixed kappa_D",0.0025,O25600-Na3200-Cl1920-I1280-2-allSk.dat,2,main,25600,3200,1920,1280,6400,0.8,0.1,0.06,0.04,0.2,0.4,86,0.979362113048777,1,0.8059909930677207,0.8059909930677207,0.1089684075064961,-0.11267061327369082,-0.022812141371360506,-0.15020882850639802,0.17349664157333966,0.1864394011770116,0.04598157646394227,0.5889390896428193,-0.42651355294345406,0.5950735425621249
matrix_BC_s_loss,"BC S-loss, fixed kappa_D",0.005,O25600-Na3200-Cl1920-I1280-2-allSk.dat,2,main,25600,3200,1920,1280,6400,0.8,0.1,0.06,0.04,0.2,0.4,228,0.9480226039394194,1,0.8059909930677207,0.8059909930677207,0.09587300307702763,-0.023718740580840184,0.0934593024085934,-0.1519664230418204,0.11513042098616594,0.18775813389320067,-0.04791863240258609,0.7018981162573615,-0.5627744419629349,0.6134891011681086
matrix_BC_s_loss,"BC S-loss, fixed kappa_D",0.01,O25600-Na3200-Cl1920-I1280-2-allSk.dat,2,main,25600,3200,1920,1280,6400,0.8,0.1,0.06,0.04,0.2,0.4,467,0.8072262248233816,1,0.8059909930677207,0.8059909930677207,0.09717945112837229,-0.027848599821352127,0.09065453212533131,-0.15506117582991913,0.12322216558133889,0.1849331733098634,-0.03166460483370859,0.6561863357128117,-0.5112558280505916,0.5760918171321738
matrix_BC_s_loss,"BC S-loss, fixed kappa_D",0.0025,O25600-Na3200-Cl1600-I1600-2-allSk.dat,2,main,25600,3200,1600,1600,6400,0.8,0.1,0.05,0.05,0.2,0.5,89,0.9856327180828678,1,0.8059909930677207,0.8059909930677207,0.08089163807512902,-0.03834906596743956,0.056698004786837425,-0.11093177398233095,0.09924389676491263,0.1458515029685315,-0.005499438180836692,0.5936255902143386,-0.38736041662374143,0.3795830365629698
matrix_BC_s_loss,"BC S-loss, fixed kappa_D",0.005,O25600-Na3200-Cl1600-I1600-2-allSk.dat,2,main,25600,3200,1600,1600,6400,0.8,0.1,0.05,0.05,0.2,0.5,229,0.9318192583815149,1,0.8059909930677207,0.8059909930677207,0.08976860960561263,-0.03611658849227314,0.06549689653975405,-0.11657346581217477,0.10279930464684117,0.15243992818029967,-0.007059757346213329,0.6234562956358302,-0.40787368175606975,0.39788967716999174
matrix_BC_s_loss,"BC S-loss, fixed kappa_D",0.01,O25600-Na3200-Cl1600-I1600-2-allSk.dat,2,main,25600,3200,1600,1600,6400,0.8,0.1,0.05,0.05,0.2,0.5,467,0.7937777088984396,1,0.8059909930677207,0.8059909930677207,0.09468585585485692,-0.03769799920072066,0.07653540335945243,-0.12984842510344163,0.11610671131886041,0.16173335805645897,0.0024663277732113187,0.6573760789426929,-0.4286505704911047,0.4321384846772375
matrix_BC_s_loss,"BC S-loss, fixed kappa_D",0.0025,O25600-Na3200-Cl1280-I1920-2-allSk.dat,2,main,25600,3200,1280,1920,6400,0.8,0.1,0.04,0.06,0.2,0.6,89,0.981931852610287,1,0.8059909930677207,0.8059909930677207,0.07859562393593947,-0.04105898533079491,0.044767117039264684,-0.08955912013333207,0.10524851681098836,0.13617934895905004,0.024685278122635046,0.6026694295546172,-0.31627074512241815,0.29010253906173994
matrix_BC_s_loss,"BC S-loss, fixed kappa_D",0.005,O25600-Na3200-Cl1280-I1920-2-allSk.dat,2,main,25600,3200,1280,1920,6400,0.8,0.1,0.04,0.06,0.2,0.6,229,0.9317315352858224,1,0.8059909930677207,0.8059909930677207,0.0952011533713445,-0.04379321910537685,0.07721643117362101,-0.11958375480201498,0.09427375175594593,0.1331179414591286,0.013016546116907918,0.7086553912104544,-0.4067601805284632,0.3489225854376765
matrix_BC_s_loss,"BC S-loss, fixed kappa_D",0.01,O25600-Na3200-Cl1280-I1920-2-allSk.dat,2,main,25600,3200,1280,1920,6400,0.8,0.1,0.04,0.06,0.2,0.6,470,0.7846747863451016,1,0.8059909930677207,0.8059909930677207,0.09995770998267625,-0.04039617427850341,0.09166881947578051,-0.12699851442336776,0.10595839449361216,0.14853963879643897,0.015509591878680035,0.7516354189212373,-0.4219439005499449,0.3645385491598724
matrix_BC_s_loss,"BC S-loss, fixed kappa_D",0.0025,O25600-Na3200-Cl960-I2240-2-allSk.dat,2,main,25600,3200,960,2240,6400,0.8,0.1,0.03,0.07,0.2,0.7,89,0.9814660085694111,1,0.8059909930677207,0.8059909930677207,0.10419040867643026,-0.03721622079520425,0.10009280713790372,-0.11000801543002801,0.09763849620222315,0.1459981447197586,0.021122102675940217,0.8447247714071513,-0.37850101286084986,0.27303281884362485
matrix_BC_s_loss,"BC S-loss, fixed kappa_D",0.005,O25600-Na3200-Cl960-I2240-2-allSk.dat,2,main,25600,3200,960,2240,6400,0.8,0.1,0.03,0.07,0.2,0.7,229,0.905884629766515,1,0.8059909930677207,0.8059909930677207,0.10272055729273474,-0.040652782888425824,0.09625680908678419,-0.11160424255660649,0.09360918384225864,0.14207960692854477,0.018871438416191978,0.8678144065686036,-0.39830027574941934,0.28330442065768163
matrix_BC_s_loss,"BC S-loss, fixed kappa_D",0.01,O25600-Na3200-Cl960-I2240-2-allSk.dat,2,main,25600,3200,960,2240,6400,0.8,0.1,0.03,0.07,0.2,0.7,470,0.7650800494786273,1,0.8059909930677207,0.8059909930677207,0.10098333441106981,-0.04158139311414566,0.10164994489663932,-0.11624478021985554,0.10687115254760113,0.15123181078984638,0.028730998976045946,0.8931550938159666,-0.40395067378067995,0.2987879033264101
matrix_BC_s_loss,"BC S-loss, fixed kappa_D",0.0025,O25600-Na3200-Cl640-I2560-2-allSk.dat,2,main,25600,3200,640,2560,6400,0.8,0.1,0.02,0.08,0.2,0.8,89,0.9537059487112457,1,0.8059909930677207,0.8059909930677207,0.07789013095142347,-0.04714391253524944,0.04503768436776488,-0.07522733876094354,0.10670794184172497,0.16746469786951265,0.035570756913839256,0.9701463017423225,-0.2978419267373142,0.18869027860388973
matrix_BC_s_loss,"BC S-loss, fixed kappa_D",0.005,O25600-Na3200-Cl640-I2560-2-allSk.dat,2,main,25600,3200,640,2560,6400,0.8,0.1,0.02,0.08,0.2,0.8,238,0.8374972136892468,1,0.8059909930677207,0.8059909930677207,0.09816111554919474,-0.04500957302001328,0.0872029298340685,-0.09392369737252934,0.0991857425965186,0.14039843018635742,0.04069381632912736,0.9421048616072627,-0.31408221388815455,0.20253817673198715
matrix_BC_s_loss,"BC S-loss, fixed kappa_D",0.01,O25600-Na3200-Cl640-I2560-2-allSk.dat,2,main,25600,3200,640,2560,6400,0.8,0.1,0.02,0.08,0.2,0.8,473,0.6741271968754916,1,0.8059909930677207,0.8059909930677207,0.09783233446918366,-0.04673861020902603,0.08667171971016295,-0.09559121465570541,0.09879112802855158,0.12314713054095838,0.048878273652383855,0.9050137511373114,-0.3148241980068441,0.2120596702582056
matrix_BC_s_loss,"BC S-loss, fixed kappa_D",0.0025,O25600-Na3200-Cl320-I2880-2-allSk.dat,2,main,25600,3200,320,2880,6400,0.8,0.1,0.01,0.09,0.2,0.9,89,0.9397105089926322,1,0.8059909930677207,0.8059909930677207,0.09013274926217235,-0.052415244199174815,0.0314335382169676,-0.06572836466676278,0.07893819858402855,0.07381680344144051,0.058602566158256056,0.748978617763212,-0.17184979643176806,0.11905579407418691
matrix_BC_s_loss,"BC S-loss, fixed kappa_D",0.005,O25600-Na3200-Cl320-I2880-2-allSk.dat,2,main,25600,3200,320,2880,6400,0.8,0.1,0.01,0.09,0.2,0.9,238,0.8105361986792831,1,0.8059909930677207,0.8059909930677207,0.0973686057889609,-0.05626859275720722,0.048272801545067245,-0.07540323846343197,0.08647748188139424,0.07180493085059736,0.0672202927368505,0.8124815883575279,-0.19513815321291625,0.13590246108154577
matrix_BC_s_loss,"BC S-loss, fixed kappa_D",0.01,O25600-Na3200-Cl320-I2880-2-allSk.dat,2,main,25600,3200,320,2880,6400,0.8,0.1,0.01,0.09,0.2,0.9,479,0.6693203071501719,1,0.8059909930677207,0.8059909930677207,0.09566959757327352,-0.055061441359676555,0.06077453226385443,-0.07829803273741026,0.08854137570780304,0.07700017964623919,0.06766407825170723,0.8842627610749039,-0.21358893771688325,0.1425205135893807
matrix_BC_s_loss,"BC S-loss, fixed kappa_D",0.0025,O25536-Na3232-Cl1472-I1760-2-allSk.dat,2,main,25536,3232,1472,1760,6464,0.798,0.101,0.046,0.055,0.202,0.5445544554455446,89,0.9832126412513359,1,0.8103557463837034,0.8103557463837034,0.10056551731582397,-0.058837764741553736,0.027144912702566956,-0.10455733812121777,0.03842137334997903,0.01927813398817313,0.03443534549912736,0.37801308606865835,-0.31957972039080507,0.3389291782326965
matrix_BC_s_loss,"BC S-loss, fixed kappa_D",0.005,O25536-Na3232-Cl1472-I1760-2-allSk.dat,2,main,25536,3232,1472,1760,6464,0.798,0.101,0.046,0.055,0.202,0.5445544554455446,229,0.9421694191893711,1,0.8103557463837034,0.8103557463837034,0.09647399893699968,-0.03977469460828663,0.06508077491248627,-0.11341794939265908,0.10544481376296463,0.1533937394924562,0.002607846143858103,0.658783661812866,-0.3946092036291671,0.36441559209595314
matrix_BC_s_loss,"BC S-loss, fixed kappa_D",0.01,O25536-Na3232-Cl1472-I1760-2-allSk.dat,2,main,25536,3232,1472,1760,6464,0.798,0.101,0.046,0.055,0.202,0.5445544554455446,467,0.8143161426478998,1,0.8103557463837034,0.8103557463837034,0.09889976696731845,-0.039891678671384476,0.08241839632389644,-0.12943223825306682,0.11611785902426328,0.15937088139083544,0.01160488536549889,0.6999137425591677,-0.42412408886132114,0.40359992847799897
matrix_BC_s_loss,"BC S-loss, fixed kappa_D",0.0025,O25280-Na3360-Cl2880-I480-2-allSk.dat,2,main,25280,3360,2880,480,6720,0.79,0.105,0.09,0.015,0.21,0.14285714285714285,86,0.9763111656540504,1,0.8268737547161753,0.8268737547161753,0.07242323293223549,-0.048926747765407036,-0.012753941562737025,-0.09820735800847177,0.07878725771184228,0.08200127027235163,0.007590219958973993,0.2031372608865351,-0.28062766858660204,0.7074764301517629
matrix_BC_s_loss,"BC S-loss, fixed kappa_D",0.005,O25280-Na3360-Cl2880-I480-2-allSk.dat,2,main,25280,3360,2880,480,6720,0.79,0.105,0.09,0.015,0.21,0.14285714285714285,228,0.911458401044438,1,0.8268737547161753,0.8268737547161753,0.07805078298855427,-0.04093385343090539,0.005179072362150723,-0.12098688100996376,0.10471351990690411,0.12308126206661052,-0.02444035638109108,0.2767018035644756,-0.35213581916056974,0.79788997216221
matrix_BC_s_loss,"BC S-loss, fixed kappa_D",0.01,O25280-Na3360-Cl2880-I480-2-allSk.dat,2,main,25280,3360,2880,480,6720,0.79,0.105,0.09,0.015,0.21,0.14285714285714285,461,0.7515544396876205,1,0.8268737547161753,0.8268737547161753,0.07758416007225283,-0.04049972602304382,0.00586936851926461,-0.12152916120777803,0.11000822154596568,0.13116343140061323,-0.030229083460924525,0.28788947378743773,-0.3581564925056725,0.7973220175048229
matrix_BC_s_loss,"BC S-loss, fixed kappa_D",0.0025,O25280-Na3360-Cl480-I2880-2-allSk.dat,2,main,25280,3360,480,2880,6720,0.79,0.105,0.015,0.09,0.21,0.8571428571428571,89,0.9478127085554421,1,0.8268737547161753,0.8268737547161753,0.10839286508510608,-0.05970353520183611,0.052776189003217,-0.086032977341322,0.07754497182845096,0.050573858926855425,0.06311145103187288,0.6595081381023465,-0.21461705895682007,0.15578520562980944
matrix_BC_s_loss,"BC S-loss, fixed kappa_D",0.005,O25280-Na3360-Cl480-I2880-2-allSk.dat,2,main,25280,3360,480,2880,6720,0.79,0.105,0.015,0.09,0.21,0.8571428571428571,238,0.8287396701763803,1,0.8268737547161753,0.8268737547161753,0.10183965929682098,-0.053250771436332514,0.06513252212532553,-0.08410764775610635,0.08378229513531235,0.07789902202952413,0.05869307907587959,0.7821719986364759,-0.23517982088655967,0.15940753087552278
matrix_BC_s_loss,"BC S-loss, fixed kappa_D",0.01,O25280-Na3360-Cl480-I2880-2-allSk.dat,2,main,25280,3360,480,2880,6720,0.79,0.105,0.015,0.09,0.21,0.8571428571428571,479,0.6721411175028424,1,0.8268737547161753,0.8268737547161753,0.1000822983432511,-0.050941561201056,0.07836850689023672,-0.08701698378349768,0.08830204878521211,0.09521010468912056,0.05650775107830115,0.885065469700868,-0.2584877982275658,0.16656254876361287
matrix_BC_s_loss,"BC S-loss, fixed kappa_D",0.0025,O25088-Na3456-Cl1760-I1696-2-allSk.dat,2,main,25088,3456,1760,1696,6912,0.784,0.108,0.055,0.053,0.216,0.49074074074074076,89,0.984749246724752,1,0.8394166542538771,0.8394166542538771,0.04383220892351522,-0.04917371130990332,-0.009611638208206014,-0.0604038109674897,0.08013837506723141,0.0933900137649257,0.019261185181822495,0.42047276371903586,-0.2950191706251648,0.328029229128028
matrix_BC_s_loss,"BC S-loss, fixed kappa_D",0.005,O25088-Na3456-Cl1760-I1696-2-allSk.dat,2,main,25088,3456,1760,1696,6912,0.784,0.108,0.055,0.053,0.216,0.49074074074074076,229,0.9517434170670733,1,0.8394166542538771,0.8394166542538771,0.09999899622789966,-0.03955495340594885,0.07616656593173747,-0.13405477661923199,0.08766758095948893,0.11646090341123838,0.006506914239919226,0.5885934512106191,-0.43334904273987224,0.4507382994819455
matrix_BC_s_loss,"BC S-loss, fixed kappa_D",0.01,O25088-Na3456-Cl1760-I1696-2-allSk.dat,2,main,25088,3456,1760,1696,6912,0.784,0.108,0.055,0.053,0.216,0.49074074074074076,467,0.8404600827220616,1,0.8394166542538771,0.8394166542538771,0.10335234597034568,-0.038650455068012866,0.08359462352699937,-0.1403305235152113,0.10268114891408206,0.1451098654261092,-0.001245827766515606,0.6342905669657875,-0.43900419555913556,0.44543218142553065
matrix_BC_s_loss,"BC S-loss, fixed kappa_D",0.0025,O24960-Na3520-Cl2880-I640-2-allSk.dat,2,main,24960,3520,2880,640,7040,0.78,0.11,0.09,0.02,0.22,0.18181818181818182,86,0.9634731406087672,1,0.8473113211912621,0.8473113211912621,0.08285352281492774,-0.08047602289312764,-0.0489763240487162,-0.08483853047560747,0.10757509579429755,0.12875769419786953,-0.020850353752727716,0.27623279405291645,-0.28401468655066775,0.553587718529803
matrix_BC_s_loss,"BC S-loss, fixed kappa_D",0.005,O24960-Na3520-Cl2880-I640-2-allSk.dat,2,main,24960,3520,2880,640,7040,0.78,0.11,0.09,0.02,0.22,0.18181818181818182,228,0.926898332355626,1,0.8473113211912621,0.8473113211912621,0.07951525029792707,-0.04218953028929269,0.011128404176390253,-0.1225501290549539,0.10711422540952278,0.13018006842785765,-0.0249485020009483,0.3137969527357508,-0.36036453730091383,0.705939200589269
matrix_BC_s_loss,"BC S-loss, fixed kappa_D",0.01,O24960-Na3520-Cl2880-I640-2-allSk.dat,2,main,24960,3520,2880,640,7040,0.78,0.11,0.09,0.02,0.22,0.18181818181818182,461,0.776099573804693,1,0.8473113211912621,0.8473113211912621,0.08239944689427192,-0.039370566142330685,0.017309404562195502,-0.12905095398626862,0.1094991304478994,0.13431644129205608,-0.02812997581747846,0.3351530925379856,-0.3959670968879271,0.7740024170597352
matrix_BC_s_loss,"BC S-loss, fixed kappa_D",0.0025,O24960-Na3520-Cl640-I2880-2-allSk.dat,2,main,24960,3520,640,2880,7040,0.78,0.11,0.02,0.09,0.22,0.8181818181818182,89,0.9287170121963922,1,0.8473113211912621,0.8473113211912621,0.0973946679420811,-0.05042562347709095,0.04092641969313099,-0.07504052356088209,0.07684746015119912,0.08743113227040646,0.043742632794290304,0.6999229658656849,-0.2332880967355934,0.1583323635548797
matrix_BC_s_loss,"BC S-loss, fixed kappa_D",0.005,O24960-Na3520-Cl640-I2880-2-allSk.dat,2,main,24960,3520,640,2880,7040,0.78,0.11,0.02,0.09,0.22,0.8181818181818182,238,0.8418222390958086,1,0.8473113211912621,0.8473113211912621,0.09734337221522152,-0.05059071758994973,0.06388914996831527,-0.08604777683145876,0.0856158003819453,0.10687711356564628,0.044269474160350875,0.8552106263434867,-0.28499306069569874,0.1832887623580978
matrix_BC_s_loss,"BC S-loss, fixed kappa_D",0.01,O24960-Na3520-Cl640-I2880-2-allSk.dat,2,main,24960,3520,640,2880,7040,0.78,0.11,0.02,0.09,0.22,0.8181818181818182,479,0.6902283918178189,1,0.8473113211912621,0.8473113211912621,0.09985974900686627,-0.048026824818559716,0.08290643117711335,-0.09217811905797213,0.08795794078769559,0.1068824922846946,0.04685627225194354,0.9044645603099654,-0.3082056414365944,0.19709109075132292
matrix_BC_s_loss,"BC S-loss, fixed kappa_D",0.0025,O24832-Na3584-Cl3136-I448-2-allSk.dat,2,main,24832,3584,3136,448,7168,0.776,0.112,0.098,0.014,0.224,0.125,86,0.9758096288840137,1,0.8553558958087877,0.8553558958087877,0.07269100136946048,-0.045376585784392146,0.0036892880583109626,-0.13810530477811828,0.08504533214268722,0.09054070399330978,0.0009963379704152064,0.21684699900056192,-0.31763544883786543,0.8432024745443092
matrix_BC_s_loss,"BC S-loss, fixed kappa_D",0.005,O24832-Na3584-Cl3136-I448-2-allSk.dat,2,main,24832,3584,3136,448,7168,0.776,0.112,0.098,0.014,0.224,0.125,228,0.9233398597890775,1,0.8553558958087877,0.8553558958087877,0.08021049312860506,-0.04000373558669151,0.007043160113503089,-0.13178210092891135,0.09493146065101404,0.11498345580597386,-0.03571091065228901,0.2601019467433412,-0.362942741307976,0.8592505253186322
matrix_BC_s_loss,"BC S-loss, fixed kappa_D",0.01,O24832-Na3584-Cl3136-I448-2-allSk.dat,2,main,24832,3584,3136,448,7168,0.776,0.112,0.098,0.014,0.224,0.125,461,0.7727736403182279,1,0.8553558958087877,0.8553558958087877,0.07931986153562183,-0.04025628645205248,0.005235657590302641,-0.1277142204763663,0.1051142626051563,0.12462725175555409,-0.03242468317651591,0.2711065674733108,-0.36478145698275144,0.8734101646564072
matrix_BC_s_loss,"BC S-loss, fixed kappa_D",0.0025,O24832-Na3584-Cl448-I3136-2-allSk.dat,2,main,24832,3584,448,3136,7168,0.776,0.112,0.014,0.098,0.224,0.875,89,0.9679824711273416,1,0.8553558958087877,0.8553558958087877,0.09187358887627303,-0.042544814518835405,0.07226087476015959,-0.07279436330886026,0.0787168646252832,0.12784214018014536,0.0358320808552611,1.0852040615516994,-0.2734995846187094,0.14167923208738697
matrix_BC_s_loss,"BC S-loss, fixed kappa_D",0.005,O24832-Na3584-Cl448-I3136-2-allSk.dat,2,main,24832,3584,448,3136,7168,0.776,0.112,0.014,0.098,0.224,0.875,238,0.8489477374718598,1,0.8553558958087877,0.8553558958087877,0.09972275300767972,-0.047240992334265645,0.07632559041029484,-0.07935110667826985,0.07955595913352446,0.10003690078111391,0.047238503273029225,0.9563591425721033,-0.2545258339704995,0.14670180690722956
matrix_BC_s_loss,"BC S-loss, fixed kappa_D",0.01,O24832-Na3584-Cl448-I3136-2-allSk.dat,2,main,24832,3584,448,3136,7168,0.776,0.112,0.014,0.098,0.224,0.875,479,0.6940861077394401,1,0.8553558958087877,0.8553558958087877,0.09914254800975718,-0.04921364964248385,0.07916701113284466,-0.08253392213251395,0.08208653304445804,0.08797413426667955,0.05450309776643994,0.9231773197843612,-0.2548799236452343,0.15460181840973514
matrix_BC_s_loss,"BC S-loss, fixed kappa_D",0.0025,O24704-Na3648-Cl1952-I1696-2-allSk.dat,2,main,24704,3648,1952,1696,7296,0.772,0.114,0.061,0.053,0.228,0.4649122807017544,86,0.9656345244742647,1,0.8633907552500859,0.8633907552500859,0.10238154548364867,-0.02850214049480958,0.09694304407864919,-0.14580397537310388,0.11567693533725429,0.18578204599775724,-0.029657859191129197,0.6476221211013116,-0.4223124465508321,0.4095688678853512
matrix_BC_s_loss,"BC S-loss, fixed kappa_D",0.005,O24704-Na3648-Cl1952-I1696-2-allSk.dat,2,main,24704,3648,1952,1696,7296,0.772,0.114,0.061,0.053,0.228,0.4649122807017544,228,0.9177168881545983,1,0.8633907552500859,0.8633907552500859,0.10012464864701101,-0.03899493319927957,0.07572148913301231,-0.13842588978575368,0.09349635477980445,0.13319615522885056,-0.005772898017153749,0.5882851443464185,-0.43577749978684743,0.45904436106496255
matrix_BC_s_loss,"BC S-loss, fixed kappa_D",0.01,O24704-Na3648-Cl1952-I1696-2-allSk.dat,2,main,24704,3648,1952,1696,7296,0.772,0.114,0.061,0.053,0.228,0.4649122807017544,467,0.777912897753009,1,0.8633907552500859,0.8633907552500859,0.1033054928592133,-0.03632075393665841,0.08242473268139919,-0.1416952888561431,0.10241799715560795,0.14910321714118732,-0.0097537515761138,0.6312419359862611,-0.45853296992460885,0.47761853375825747
matrix_BC_s_loss,"BC S-loss, fixed kappa_D",0.0025,O24704-Na3648-Cl1632-I2016-2-allSk.dat,2,main,24704,3648,1632,2016,7296,0.772,0.114,0.051,0.063,0.228,0.5526315789473685,89,0.9917176158218093,1,0.8633907552500859,0.8633907552500859,0.05297982615155726,-0.04531833096246203,-0.026024866073261543,-0.037546064422451564,0.09067523158806998,0.10964726517342258,0.023321472151886256,0.40902171822894606,-0.22051542142982744,0.22977723756854512
matrix_BC_s_loss,"BC S-loss, fixed kappa_D",0.005,O24704-Na3648-Cl1632-I2016-2-allSk.dat,2,main,24704,3648,1632,2016,7296,0.772,0.114,0.051,0.063,0.228,0.5526315789473685,229,0.9588623609996277,1,0.8633907552500859,0.8633907552500859,0.08782466855249954,-0.043686552582756236,0.059762139132842854,-0.11253662631428117,0.08093785126658484,0.11709570876710844,0.0035212616743823255,0.6312662803729798,-0.4104571861469607,0.37403961486945536
matrix_BC_s_loss,"BC S-loss, fixed kappa_D",0.01,O24704-Na3648-Cl1632-I2016-2-allSk.dat,2,main,24704,3648,1632,2016,7296,0.772,0.114,0.051,0.063,0.228,0.5526315789473685,467,0.8465315103917697,1,0.8633907552500859,0.8633907552500859,0.10146348990801957,-0.03631378908315726,0.08754197921401644,-0.12761339819084588,0.09461791815553755,0.14017489213857115,0.0011583296417165129,0.6896891930484536,-0.4319765685487898,0.3902227835211376
matrix_BC_s_loss,"BC S-loss, fixed kappa_D",0.0025,O24704-Na3648-Cl1248-I2400-2-allSk.dat,2,main,24704,3648,1248,2400,7296,0.772,0.114,0.039,0.075,0.228,0.6578947368421053,89,0.9771664222227844,1,0.8633907552500859,0.8633907552500859,0.09353106594039329,-0.04377869126564819,0.035282166435728575,-0.07941632753261825,0.05184183106617215,0.049651838565914166,0.028110451898679972,0.4445490480782539,-0.2593539796751948,0.2216797071057137
matrix_BC_s_loss,"BC S-loss, fixed kappa_D",0.005,O24704-Na3648-Cl1248-I2400-2-allSk.dat,2,main,24704,3648,1248,2400,7296,0.772,0.114,0.039,0.075,0.228,0.6578947368421053,229,0.9333615747424577,1,0.8633907552500859,0.8633907552500859,0.09252566254443471,-0.04108491623728797,0.0669399724093836,-0.09892398717282454,0.0780617392069807,0.10026864159067536,0.023936229937464616,0.6447949745925509,-0.34134878495494125,0.27566067559543267
matrix_BC_s_loss,"BC S-loss, fixed kappa_D",0.01,O24704-Na3648-Cl1248-I2400-2-allSk.dat,2,main,24704,3648,1248,2400,7296,0.772,0.114,0.039,0.075,0.228,0.6578947368421053,470,0.8078632989313318,1,0.8633907552500859,0.8633907552500859,0.10329766178490671,-0.0420475914630927,0.0924798795310569,-0.11852794184083314,0.09276101934263886,0.13163272521112476,0.01944175725753343,0.774257137117769,-0.39603703874632873,0.309555778172694
matrix_BC_s_loss,"BC S-loss, fixed kappa_D",0.0025,O24640-Na3680-Cl2880-I800-2-allSk.dat,2,main,24640,3680,2880,800,7360,0.77,0.115,0.09,0.025,0.23,0.21739130434782608,86,0.9942626677178714,1,0.867092949675143,0.867092949675143,0.07798062221659195,-0.05247278421946371,0.010576953960152631,-0.13260994338122675,0.1032684308553858,0.13257342371152722,-0.03005427656321654,0.3799235623309751,-0.4365159596099759,0.7637715584011714
matrix_BC_s_loss,"BC S-loss, fixed kappa_D",0.005,O24640-Na3680-Cl2880-I800-2-allSk.dat,2,main,24640,3680,2880,800,7360,0.77,0.115,0.09,0.025,0.23,0.21739130434782608,228,0.9559721114614288,1,0.867092949675143,0.867092949675143,0.08954139229816147,-0.04036453191166281,0.024309395672467406,-0.13269611152733138,0.10549395400476475,0.14650937488208496,-0.05172266941254193,0.38750081176946705,-0.4210034941948169,0.6878651995059535
matrix_BC_s_loss,"BC S-loss, fixed kappa_D",0.01,O24640-Na3680-Cl2880-I800-2-allSk.dat,2,main,24640,3680,2880,800,7360,0.77,0.115,0.09,0.025,0.23,0.21739130434782608,461,0.8148009342183476,1,0.867092949675143,0.867092949675143,0.08825523539424987,-0.0379263252723713,0.028259885897477403,-0.13496226906485653,0.10917464574586863,0.14267425779623033,-0.03655184204537658,0.38215933152213255,-0.4190941577820561,0.7167802881448522
matrix_BC_s_loss,"BC S-loss, fixed kappa_D",0.0025,O24640-Na3680-Cl800-I2880-2-allSk.dat,2,main,24640,3680,800,2880,7360,0.77,0.115,0.025,0.09,0.23,0.782608695652174,89,0.9269958252042707,1,0.867092949675143,0.867092949675143,0.07750363341742003,-0.045360012868923466,0.03264019527430724,-0.06847732260922049,0.06204131969937868,0.08555785075034894,0.025037837118317918,0.650736837671546,-0.24625483133024975,0.15809017087072594
matrix_BC_s_loss,"BC S-loss, fixed kappa_D",0.005,O24640-Na3680-Cl800-I2880-2-allSk.dat,2,main,24640,3680,800,2880,7360,0.77,0.115,0.025,0.09,0.23,0.782608695652174,238,0.8554947547224412,1,0.867092949675143,0.867092949675143,0.09063195162672402,-0.04595082633609991,0.05007979098820091,-0.07833664524610036,0.08070079878041564,0.1073617856297622,0.034638611829631405,0.736773470548135,-0.2669532048000816,0.1798517752392665
matrix_BC_s_loss,"BC S-loss, fixed kappa_D",0.01,O24640-Na3680-Cl800-I2880-2-allSk.dat,2,main,24640,3680,800,2880,7360,0.77,0.115,0.025,0.09,0.23,0.782608695652174,479,0.7166471408635011,1,0.867092949675143,0.867092949675143,0.09742677538862067,-0.04577526270559388,0.07713790415369097,-0.0923990679651686,0.08889346519715927,0.11754931563614274,0.038530206584390006,0.8422424006949091,-0.3110243467048715,0.2074783197877665
matrix_BC_s_loss,"BC S-loss, fixed kappa_D",0.0025,O24384-Na3808-Cl1856-I1952-2-allSk.dat,2,main,24384,3808,1856,1952,7616,0.762,0.119,0.058,0.061,0.238,0.5126050420168067,89,0.9896426863666645,1,0.8822247661370596,0.8822247661370596,0.07279550932990292,-0.048670100808060515,0.024963433874934757,-0.09232021978304668,0.09038840439287962,0.1157117754478232,0.013416530698007197,0.5503076168642598,-0.3749882043935079,0.38439003586008913
matrix_BC_s_loss,"BC S-loss, fixed kappa_D",0.005,O24384-Na3808-Cl1856-I1952-2-allSk.dat,2,main,24384,3808,1856,1952,7616,0.762,0.119,0.058,0.061,0.238,0.5126050420168067,229,0.9607535996108447,1,0.8822247661370596,0.8822247661370596,0.09156881613626526,-0.035646701605757995,0.06635607107748175,-0.11449216405138946,0.09322911309655019,0.14855796397749896,-0.014644114592326216,0.661352257064905,-0.43739096869445165,0.40604616721185693
matrix_BC_s_loss,"BC S-loss, fixed kappa_D",0.01,O24384-Na3808-Cl1856-I1952-2-allSk.dat,2,main,24384,3808,1856,1952,7616,0.762,0.119,0.058,0.061,0.238,0.5126050420168067,467,0.8600902024271554,1,0.8822247661370596,0.8822247661370596,0.10048364058060805,-0.03425814076290055,0.08566570330084358,-0.1313815559090321,0.1006858688607617,0.15824530844860962,-0.01367526151276939,0.6980236867816857,-0.45961879026275904,0.4290737261877155
matrix_BC_s_loss,"BC S-loss, fixed kappa_D",0.0025,O24320-Na3840-Cl2880-I960-2-allSk.dat,2,main,24320,3840,2880,960,7680,0.76,0.12,0.09,0.03,0.24,0.25,86,0.9799783584195507,1,0.8860906032372917,0.8860906032372917,0.07631180947336635,-0.07541072298454196,-0.0710541759303524,-0.027752003167775985,0.1258716925078559,0.12376166835387739,0.03738188739730698,0.17564061118330931,-0.05669512573418689,0.17296261310773153
matrix_BC_s_loss,"BC S-loss, fixed kappa_D",0.005,O24320-Na3840-Cl2880-I960-2-allSk.dat,2,main,24320,3840,2880,960,7680,0.76,0.12,0.09,0.03,0.24,0.25,228,0.9734401444871865,1,0.8860906032372917,0.8860906032372917,0.08672297033675633,-0.04939251750037513,0.00888516288940355,-0.1141745885587227,0.10160979705679793,0.13105293122580397,-0.02377074125032643,0.3685612171162159,-0.376260891293102,0.60416149812015
matrix_BC_s_loss,"BC S-loss, fixed kappa_D",0.01,O24320-Na3840-Cl2880-I960-2-allSk.dat,2,main,24320,3840,2880,960,7680,0.76,0.12,0.09,0.03,0.24,0.25,461,0.8773347420566073,1,0.8860906032372917,0.8860906032372917,0.09093110632042745,-0.04078357289980121,0.026744241416696395,-0.1278895307432084,0.10575744059358097,0.13964588811266884,-0.030358892092059234,0.3993169571289342,-0.4123454818457795,0.6534855406442418
matrix_BC_s_loss,"BC S-loss, fixed kappa_D",0.0025,O24320-Na3840-Cl2560-I1280-2-allSk.dat,2,main,24320,3840,2560,1280,7680,0.76,0.12,0.08,0.04,0.24,0.3333333333333333,86,0.9657341603613159,1,0.8860906032372917,0.8860906032372917,0.1109618962139519,-0.030593050394680344,0.08429385532843225,-0.17219823107228593,0.13564835053089253,0.218732022417011,-0.07438395754501427,0.6587723841872986,-0.5527898641659791,0.6529261293098975
matrix_BC_s_loss,"BC S-loss, fixed kappa_D",0.005,O24320-Na3840-Cl2560-I1280-2-allSk.dat,2,main,24320,3840,2560,1280,7680,0.76,0.12,0.08,0.04,0.24,0.3333333333333333,228,0.9365265567767123,1,0.8860906032372917,0.8860906032372917,0.10826893094081098,-0.03361781901971318,0.0836589380628811,-0.17653937540405576,0.10371309557235006,0.1658347654853794,-0.05488942352082809,0.589452227425851,-0.5463770949147219,0.677622627462171
matrix_BC_s_loss,"BC S-loss, fixed kappa_D",0.01,O24320-Na3840-Cl2560-I1280-2-allSk.dat,2,main,24320,3840,2560,1280,7680,0.76,0.12,0.08,0.04,0.24,0.3333333333333333,467,0.8056080361063475,1,0.8860906032372917,0.8860906032372917,0.10634379250638998,-0.03585755998169822,0.07099919697914492,-0.1625151430092555,0.11047387209726264,0.16321769440035097,-0.039478317658918946,0.5579830516822649,-0.5064058598677286,0.6477875831075596
matrix_BC_s_loss,"BC S-loss, fixed kappa_D",0.0025,O24320-Na3840-Cl2240-I1600-2-allSk.dat,2,main,24320,3840,2240,1600,7680,0.76,0.12,0.07,0.05,0.24,0.4166666666666667,86,0.98683174296209,1,0.8860906032372917,0.8860906032372917,0.11601555623971664,-0.06176434505943685,0.03969681662029584,-0.14265481877399191,0.06682613768585288,0.056041226944465505,0.03721773339021887,0.3541819672809686,-0.3322550597710989,0.45078695303043276
matrix_BC_s_loss,"BC S-loss, fixed kappa_D",0.005,O24320-Na3840-Cl2240-I1600-2-allSk.dat,2,main,24320,3840,2240,1600,7680,0.76,0.12,0.07,0.05,0.24,0.4166666666666667,228,0.966652799950346,1,0.8860906032372917,0.8860906032372917,0.08939452937268844,-0.06038229255490734,0.03207387688661831,-0.13149416831130184,0.08677717710088657,0.12807006551992484,-0.017099920391483968,0.5176501061597811,-0.41408657319170455,0.4634627580634125
matrix_BC_s_loss,"BC S-loss, fixed kappa_D",0.01,O24320-Na3840-Cl2240-I1600-2-allSk.dat,2,main,24320,3840,2240,1600,7680,0.76,0.12,0.07,0.05,0.24,0.4166666666666667,467,0.8752761542018801,1,0.8860906032372917,0.8860906032372917,0.10213297826210593,-0.0404717108963014,0.06396799685860709,-0.13838645951367562,0.10698162603555045,0.14616154699329717,-0.007205452252371278,0.54532075622335,-0.41879972529513004,0.4843678789671077
matrix_BC_s_loss,"BC S-loss, fixed kappa_D",0.0025,O24320-Na3840-Cl1600-I2240-2-allSk.dat,2,main,24320,3840,1600,2240,7680,0.76,0.12,0.05,0.07,0.24,0.5833333333333334,89,0.9838623925333788,1,0.8860906032372917,0.8860906032372917,0.09980133194160334,-0.03821204466395328,0.049463668949501306,-0.0918357408761822,0.04702113886389225,0.03893449311896614,0.028659469801040803,0.4130979637233324,-0.2981542839854893,0.28951041588746224
matrix_BC_s_loss,"BC S-loss, fixed kappa_D",0.005,O24320-Na3840-Cl1600-I2240-2-allSk.dat,2,main,24320,3840,1600,2240,7680,0.76,0.12,0.05,0.07,0.24,0.5833333333333334,229,0.9588907604013376,1,0.8860906032372917,0.8860906032372917,0.09953326265117789,-0.044738735466608504,0.06836516601769818,-0.11635586572717584,0.07577460796875109,0.09427012074273197,0.019539456866910755,0.5790543094650873,-0.36596165219867405,0.33487720174631364
matrix_BC_s_loss,"BC S-loss, fixed kappa_D",0.01,O24320-Na3840-Cl1600-I2240-2-allSk.dat,2,main,24320,3840,1600,2240,7680,0.76,0.12,0.05,0.07,0.24,0.5833333333333334,470,0.8463362920250267,1,0.8860906032372917,0.8860906032372917,0.10802465160938832,-0.042451796217208376,0.08246406609953108,-0.12527730476971724,0.09129626615142067,0.1275825532485124,0.01170793380881223,0.6661332893959279,-0.3959406101444015,0.34996017497203563
matrix_BC_s_loss,"BC S-loss, fixed kappa_D",0.0025,O24320-Na3840-Cl1280-I2560-2-allSk.dat,2,main,24320,3840,1280,2560,7680,0.76,0.12,0.04,0.08,0.24,0.6666666666666666,89,0.955897569535918,1,0.8860906032372917,0.8860906032372917,0.06751158469378754,-0.04884859628585311,-0.012082135560255308,-0.05128370778990521,0.1441242463037721,0.2583951423189703,-0.006197525855683894,0.868283012040503,-0.29750068045526173,0.20277436055046238
matrix_BC_s_loss,"BC S-loss, fixed kappa_D",0.005,O24320-Na3840-Cl1280-I2560-2-allSk.dat,2,main,24320,3840,1280,2560,7680,0.76,0.12,0.04,0.08,0.24,0.6666666666666666,229,0.9019261747940447,1,0.8860906032372917,0.8860906032372917,0.09697102247079645,-0.047636376015679174,0.07781245373754835,-0.11336412091546932,0.09238344158513155,0.1423095267301815,0.01251811490453474,0.7910303846302628,-0.38505008608370767,0.28760302399507315
matrix_BC_s_loss,"BC S-loss, fixed kappa_D",0.01,O24320-Na3840-Cl1280-I2560-2-allSk.dat,2,main,24320,3840,1280,2560,7680,0.76,0.12,0.04,0.08,0.24,0.6666666666666666,470,0.7668458356698984,1,0.8860906032372917,0.8860906032372917,0.1086183681456713,-0.04070271540681339,0.09744491141513077,-0.11875439959996748,0.09854635960547391,0.14694449684931749,0.016788698340917743,0.8085298982719075,-0.3917474549647161,0.2975691541085019
matrix_BC_s_loss,"BC S-loss, fixed kappa_D",0.0025,O24320-Na3840-Cl960-I2880-2-allSk.dat,2,main,24320,3840,960,2880,7680,0.76,0.12,0.03,0.09,0.24,0.75,89,0.9907263985288424,1,0.8860906032372917,0.8860906032372917,0.10886380089742624,-0.03754517264558123,0.09802353954866472,-0.09994734801273611,0.10879704643012693,0.21938600958826418,-0.0010345636052821582,1.108694249022523,-0.38677977973769934,0.22211279879665796
matrix_BC_s_loss,"BC S-loss, fixed kappa_D",0.005,O24320-Na3840-Cl960-I2880-2-allSk.dat,2,main,24320,3840,960,2880,7680,0.76,0.12,0.03,0.09,0.24,0.75,238,0.932024991066363,1,0.8860906032372917,0.8860906032372917,0.09893661318241512,-0.04525157640486556,0.08007974832679746,-0.09848608389032211,0.09919734815793232,0.15702844457029758,0.023882816580669,0.881316964085362,-0.32750775696988854,0.21666419281196708
matrix_BC_s_loss,"BC S-loss, fixed kappa_D",0.01,O24320-Na3840-Cl960-I2880-2-allSk.dat,2,main,24320,3840,960,2880,7680,0.76,0.12,0.03,0.09,0.24,0.75,473,0.8118806906249176,1,0.8860906032372917,0.8860906032372917,0.10520210636777026,-0.045858813570644946,0.08434542227720727,-0.10165004897611571,0.09247024962645695,0.1313782868621248,0.030924157742214006,0.8442333391410157,-0.33571576704088274,0.22953373006611477
